2025-12-30 03:04:14,320 - INFO  - Log file for this run: /root/autodl-tmp/retraining-free-quantization/training/r18_c10_nude_0.02_all_bits_orth/r18_c10_nude_0.02_all_bits_orth.log
2025-12-30 03:04:14,325 - INFO  - TensorBoard data directory: /root/autodl-tmp/retraining-free-quantization/training/r18_c10_nude_0.02_all_bits_orth/tb_runs
2025-12-30 03:04:14,325 - INFO  - Code backup completed. Code saved to: /root/autodl-tmp/retraining-free-quantization/training/r18_c10_nude_0.02_all_bits_orth/code/.cursor
2025-12-30 03:04:14,325 - INFO  - Code backup completed. Code saved to: /root/autodl-tmp/retraining-free-quantization/training/r18_c10_nude_0.02_all_bits_orth/code/.vscode
2025-12-30 03:04:14,325 - INFO  - Code backup completed. Code saved to: /root/autodl-tmp/retraining-free-quantization/training/r18_c10_nude_0.02_all_bits_orth/code/activation_dumps/denoise_restorer/clean/clean
2025-12-30 03:04:14,326 - INFO  - Code backup completed. Code saved to: /root/autodl-tmp/retraining-free-quantization/training/r18_c10_nude_0.02_all_bits_orth/code/activation_dumps/denoise_restorer/clean
2025-12-30 03:04:14,326 - INFO  - Code backup completed. Code saved to: /root/autodl-tmp/retraining-free-quantization/training/r18_c10_nude_0.02_all_bits_orth/code/activation_dumps/denoise_restorer/fault/fault
2025-12-30 03:04:14,326 - INFO  - Code backup completed. Code saved to: /root/autodl-tmp/retraining-free-quantization/training/r18_c10_nude_0.02_all_bits_orth/code/activation_dumps/denoise_restorer/fault
2025-12-30 03:04:14,326 - INFO  - Code backup completed. Code saved to: /root/autodl-tmp/retraining-free-quantization/training/r18_c10_nude_0.02_all_bits_orth/code/activation_dumps/denoise_restorer
2025-12-30 03:04:14,326 - INFO  - Code backup completed. Code saved to: /root/autodl-tmp/retraining-free-quantization/training/r18_c10_nude_0.02_all_bits_orth/code/activation_dumps
2025-12-30 03:04:14,326 - INFO  - Code backup completed. Code saved to: /root/autodl-tmp/retraining-free-quantization/training/r18_c10_nude_0.02_all_bits_orth/code/checkpoints
2025-12-30 03:04:14,326 - INFO  - Code backup completed. Code saved to: /root/autodl-tmp/retraining-free-quantization/training/r18_c10_nude_0.02_all_bits_orth/code/configs/restorer
2025-12-30 03:04:14,326 - INFO  - Code backup completed. Code saved to: /root/autodl-tmp/retraining-free-quantization/training/r18_c10_nude_0.02_all_bits_orth/code/configs
2025-12-30 03:04:14,326 - INFO  - Code backup completed. Code saved to: /root/autodl-tmp/retraining-free-quantization/training/r18_c10_nude_0.02_all_bits_orth/code/docs
2025-12-30 03:04:14,326 - INFO  - Code backup completed. Code saved to: /root/autodl-tmp/retraining-free-quantization/training/r18_c10_nude_0.02_all_bits_orth/code/layer_profiles
2025-12-30 03:04:14,326 - INFO  - Code backup completed. Code saved to: /root/autodl-tmp/retraining-free-quantization/training/r18_c10_nude_0.02_all_bits_orth/code/learning_heads
2025-12-30 03:04:14,327 - INFO  - Code backup completed. Code saved to: /root/autodl-tmp/retraining-free-quantization/training/r18_c10_nude_0.02_all_bits_orth/code/logs/restorer_pipeline
2025-12-30 03:04:14,327 - INFO  - Code backup completed. Code saved to: /root/autodl-tmp/retraining-free-quantization/training/r18_c10_nude_0.02_all_bits_orth/code/logs/sensitive_layer_sets
2025-12-30 03:04:14,327 - INFO  - Code backup completed. Code saved to: /root/autodl-tmp/retraining-free-quantization/training/r18_c10_nude_0.02_all_bits_orth/code/logs
2025-12-30 03:04:14,327 - INFO  - Copied code file: __init__.py
2025-12-30 03:04:14,327 - INFO  - Copied code file: alexnet_cifar.py
2025-12-30 03:04:14,327 - INFO  - Copied code file: mobilenetv2.py
2025-12-30 03:04:14,328 - INFO  - Copied code file: model.py
2025-12-30 03:04:14,328 - INFO  - Copied code file: resnet_cifar.py
2025-12-30 03:04:14,328 - INFO  - Code backup completed. Code saved to: /root/autodl-tmp/retraining-free-quantization/training/r18_c10_nude_0.02_all_bits_orth/code/model
2025-12-30 03:04:14,328 - INFO  - Copied code file: __init__.py
2025-12-30 03:04:14,328 - INFO  - Copied code file: lsq.py
2025-12-30 03:04:14,328 - INFO  - Copied code file: quantizer.py
2025-12-30 03:04:14,328 - INFO  - Code backup completed. Code saved to: /root/autodl-tmp/retraining-free-quantization/training/r18_c10_nude_0.02_all_bits_orth/code/quan/quantizer
2025-12-30 03:04:14,328 - INFO  - Copied code file: __init__.py
2025-12-30 03:04:14,329 - INFO  - Copied code file: func.py
2025-12-30 03:04:14,329 - INFO  - Copied code file: utils.py
2025-12-30 03:04:14,329 - INFO  - Code backup completed. Code saved to: /root/autodl-tmp/retraining-free-quantization/training/r18_c10_nude_0.02_all_bits_orth/code/quan
2025-12-30 03:04:14,329 - INFO  - Code backup completed. Code saved to: /root/autodl-tmp/retraining-free-quantization/training/r18_c10_nude_0.02_all_bits_orth/code/sensitive_training/alexnet_cifar10_sensitive_stage2/tb_runs
2025-12-30 03:04:14,329 - INFO  - Code backup completed. Code saved to: /root/autodl-tmp/retraining-free-quantization/training/r18_c10_nude_0.02_all_bits_orth/code/sensitive_training/alexnet_cifar10_sensitive_stage2
2025-12-30 03:04:14,329 - INFO  - Code backup completed. Code saved to: /root/autodl-tmp/retraining-free-quantization/training/r18_c10_nude_0.02_all_bits_orth/code/sensitive_training/alexnet_cifar10_sensitive_stage2_transformer/tb_runs
2025-12-30 03:04:14,329 - INFO  - Code backup completed. Code saved to: /root/autodl-tmp/retraining-free-quantization/training/r18_c10_nude_0.02_all_bits_orth/code/sensitive_training/alexnet_cifar10_sensitive_stage2_transformer
2025-12-30 03:04:14,329 - INFO  - Code backup completed. Code saved to: /root/autodl-tmp/retraining-free-quantization/training/r18_c10_nude_0.02_all_bits_orth/code/sensitive_training
2025-12-30 03:04:14,330 - INFO  - Copied code file: analyze_corrector_logits.py
2025-12-30 03:04:14,330 - INFO  - Copied code file: analyze_fault_propagation.py
2025-12-30 03:04:14,330 - INFO  - Copied code file: analyze_layer_sensitivity.py
2025-12-30 03:04:14,330 - INFO  - Copied code file: test_fault_injection_baseline_resnet18.py
2025-12-30 03:04:14,330 - INFO  - Copied code file: analyze_multi_bit_sensitivity.py
2025-12-30 03:04:14,330 - INFO  - Copied code file: analyze_single_layer_fault_impact.py
2025-12-30 03:04:14,330 - INFO  - Copied code file: calculate_weight_flip_probability.py
2025-12-30 03:04:14,331 - INFO  - Copied code file: collect_layer_statistics.py
2025-12-30 03:04:14,331 - INFO  - Copied code file: diagnose_corrector_gap.py
2025-12-30 03:04:14,331 - INFO  - Copied code file: sweep_srqat.py
2025-12-30 03:04:14,331 - INFO  - Copied code file: eval_gradient_statistics_restorer.py
2025-12-30 03:04:14,331 - INFO  - Copied code file: eval_sensitive_layer_sets.py
2025-12-30 03:04:14,331 - INFO  - Copied code file: eval_sensitive_restorer.py
2025-12-30 03:04:14,332 - INFO  - Copied code file: eval_with_fault_injection.py
2025-12-30 03:04:14,332 - INFO  - Copied code file: compare_lsq_scales_with_checkpoint.py
2025-12-30 03:04:14,332 - INFO  - Copied code file: test_fault_injector.py
2025-12-30 03:04:14,332 - INFO  - Copied code file: analyze_srqat_scale_weight_norms.py
2025-12-30 03:04:14,332 - INFO  - Copied code file: test_gray_code_fault_injection.py
2025-12-30 03:04:14,332 - INFO  - Copied code file: test_olm_fault_injection.py
2025-12-30 03:04:14,332 - INFO  - Copied code file: export_srqat_penalty_stats.py
2025-12-30 03:04:14,333 - INFO  - Copied code file: train_learning_repair_head.py
2025-12-30 03:04:14,333 - INFO  - Copied code file: train_olm_encoder.py
2025-12-30 03:04:14,333 - INFO  - Copied code file: plot_weight_distribution_violin.py
2025-12-30 03:04:14,333 - INFO  - Copied code file: train_sensitive_repair_head.py
2025-12-30 03:04:14,333 - INFO  - Copied code file: visualize_fault_activation.py
2025-12-30 03:04:14,333 - INFO  - Copied code file: test_learnable_olm_vs_traditional_olm.py
2025-12-30 03:04:14,334 - INFO  - Copied code file: test_fault_injection_baseline.py
2025-12-30 03:04:14,334 - INFO  - Copied code file: analyze_olm_differences.py
2025-12-30 03:04:14,334 - INFO  - Copied code file: test_learnable_olm_consistency.py
2025-12-30 03:04:14,334 - INFO  - Copied code file: test_search_olm_from_checkpoint.py
2025-12-30 03:04:14,334 - INFO  - Copied code file: test_olm_layer_name_check.py
2025-12-30 03:04:14,334 - INFO  - Copied code file: compare_old_new_fault_injector.py
2025-12-30 03:04:14,334 - INFO  - Copied code file: verify_dec2_fault_injector.py
2025-12-30 03:04:14,335 - INFO  - Copied code file: verify_dec2_olm_fault_injection.py
2025-12-30 03:04:14,335 - INFO  - Copied code file: train_olm_encoder_improved.py
2025-12-30 03:04:14,335 - INFO  - Copied code file: train_olm_encoder_improved_v2.py
2025-12-30 03:04:14,335 - INFO  - Copied code file: train_olm_encoder_enhanced.py
2025-12-30 03:04:14,335 - INFO  - Copied code file: compare_olm_vs_gray_code.py
2025-12-30 03:04:14,335 - INFO  - Copied code file: test_bit_range_fault_injection.py
2025-12-30 03:04:14,336 - INFO  - Copied code file: train_olm_encoder_partial_bits.py
2025-12-30 03:04:14,336 - INFO  - Copied code file: test_bit7_flip_direction.py
2025-12-30 03:04:14,336 - INFO  - Copied code file: train_olm_encoder_hybrid.py
2025-12-30 03:04:14,336 - INFO  - Copied code file: train_olm_encoder_hybrid_v2.py
2025-12-30 03:04:14,336 - INFO  - Copied code file: test_hybrid_olm_fault_injection.py
2025-12-30 03:04:14,336 - INFO  - Copied code file: analyze_layerwise_activation_drift.py
2025-12-30 03:04:14,336 - INFO  - Copied code file: compare_models_activation_drift.py
2025-12-30 03:04:14,337 - INFO  - Copied code file: sweep_resnet18_srqat.py
2025-12-30 03:04:14,337 - INFO  - Copied code file: plot_activation_drift_paper.py
2025-12-30 03:04:14,337 - INFO  - Code backup completed. Code saved to: /root/autodl-tmp/retraining-free-quantization/training/r18_c10_nude_0.02_all_bits_orth/code/tools
2025-12-30 03:04:14,337 - INFO  - Copied code file: __init__.py
2025-12-30 03:04:14,337 - INFO  - Copied code file: bsam.py
2025-12-30 03:04:14,337 - INFO  - Copied code file: checkpoint.py
2025-12-30 03:04:14,337 - INFO  - Copied code file: config.py
2025-12-30 03:04:14,338 - INFO  - Copied code file: data_loader.py
2025-12-30 03:04:14,338 - INFO  - Copied code file: dist.py
2025-12-30 03:04:14,338 - INFO  - Copied code file: enhanced_feature_extractor.py
2025-12-30 03:04:14,338 - INFO  - Copied code file: olm_encoder_enhanced.py
2025-12-30 03:04:14,338 - INFO  - Copied code file: gradient_statistics_restorer.py
2025-12-30 03:04:14,338 - INFO  - Copied code file: greedy_search.py
2025-12-30 03:04:14,338 - INFO  - Copied code file: intermediate_layer_restorer.py
2025-12-30 03:04:14,339 - INFO  - Copied code file: intermediate_restorer_integration.py
2025-12-30 03:04:14,339 - INFO  - Copied code file: intermediate_restorer_trainer.py
2025-12-30 03:04:14,339 - INFO  - Copied code file: layerwise_rl_restorer.py
2025-12-30 03:04:14,339 - INFO  - Copied code file: loss_ops.py
2025-12-30 03:04:14,339 - INFO  - Copied code file: lsq_sam.py
2025-12-30 03:04:14,339 - INFO  - Copied code file: model_ema.py
2025-12-30 03:04:14,339 - INFO  - Copied code file: monitor.py
2025-12-30 03:04:14,340 - INFO  - Copied code file: mpq.py
2025-12-30 03:04:14,340 - INFO  - Copied code file: olm_encoder.py
2025-12-30 03:04:14,340 - INFO  - Copied code file: output_corrector.py
2025-12-30 03:04:14,340 - INFO  - Copied code file: progressive_ber_scheduler.py
2025-12-30 03:04:14,340 - INFO  - Copied code file: qat.py
2025-12-30 03:04:14,340 - INFO  - Copied code file: random_search.py
2025-12-30 03:04:14,340 - INFO  - Copied code file: rl_intermediate_layer_restorer.py
2025-12-30 03:04:14,341 - INFO  - Copied code file: rl_intermediate_restorer_integration.py
2025-12-30 03:04:14,341 - INFO  - Copied code file: rl_restorer.py
2025-12-30 03:04:14,341 - INFO  - Copied code file: rl_restorer_integration.py
2025-12-30 03:04:14,341 - INFO  - Copied code file: rl_restorer_lightweight.py
2025-12-30 03:04:14,341 - INFO  - Copied code file: rl_restorer_trainer.py
2025-12-30 03:04:14,341 - INFO  - Copied code file: searcher.py
2025-12-30 03:04:14,341 - INFO  - Copied code file: sensitive_features.py
2025-12-30 03:04:14,342 - INFO  - Copied code file: sensitive_layer_restorer.py
2025-12-30 03:04:14,342 - INFO  - Copied code file: sensitive_restorer.py
2025-12-30 03:04:14,342 - INFO  - Copied code file: sensitive_restorer_transformer.py
2025-12-30 03:04:14,342 - INFO  - Copied code file: sensitive_restorer_v2.py
2025-12-30 03:04:14,342 - INFO  - Copied code file: utils.py
2025-12-30 03:04:14,342 - INFO  - Copied code file: weight_schd.py
2025-12-30 03:04:14,342 - INFO  - Copied code file: learnable_olm.py
2025-12-30 03:04:14,343 - INFO  - Copied code file: integer_inn_encoder.py
2025-12-30 03:04:14,343 - INFO  - Copied code file: search_olm_manager.py
2025-12-30 03:04:14,343 - INFO  - Copied code file: hybrid_olm_optimizer.py
2025-12-30 03:04:14,343 - INFO  - Copied code file: efficient_hybrid_olm_optimizer.py
2025-12-30 03:04:14,343 - INFO  - Copied code file: fault_injector_question.py
2025-12-30 03:04:14,343 - INFO  - Copied code file: improved_olm_encoder.py
2025-12-30 03:04:14,344 - INFO  - Copied code file: improved_olm_encoder_v2.py
2025-12-30 03:04:14,344 - INFO  - Copied code file: improved_olm_encoder_genetic.py
2025-12-30 03:04:14,344 - INFO  - Copied code file: fault_injector.py
2025-12-30 03:04:14,344 - INFO  - Code backup completed. Code saved to: /root/autodl-tmp/retraining-free-quantization/training/r18_c10_nude_0.02_all_bits_orth/code/util
2025-12-30 03:04:14,344 - INFO  - Code backup completed. Code saved to: /root/autodl-tmp/retraining-free-quantization/training/r18_c10_nude_0.02_all_bits_orth/code/visualizations/fault_activation_features_0
2025-12-30 03:04:14,344 - INFO  - Code backup completed. Code saved to: /root/autodl-tmp/retraining-free-quantization/training/r18_c10_nude_0.02_all_bits_orth/code/visualizations/fault_activation_features_0_ber1e1
2025-12-30 03:04:14,344 - INFO  - Code backup completed. Code saved to: /root/autodl-tmp/retraining-free-quantization/training/r18_c10_nude_0.02_all_bits_orth/code/visualizations
2025-12-30 03:04:14,344 - INFO  - Copied code file: main.py
2025-12-30 03:04:14,345 - INFO  - Copied code file: policy.py
2025-12-30 03:04:14,345 - INFO  - Copied code file: compare_scripts.py
2025-12-30 03:04:14,345 - INFO  - Code backup completed. Code saved to: /root/autodl-tmp/retraining-free-quantization/training/r18_c10_nude_0.02_all_bits_orth/code/chat
2025-12-30 03:04:14,345 - INFO  - Copied code file: process_sam.py
2025-12-30 03:04:14,345 - INFO  - Copied code file: process.py
2025-12-30 03:04:14,345 - INFO  - Copied code file: FAULT_INJECTION_SIMPLE_EXAMPLE.py
2025-12-30 03:04:14,346 - INFO  - Copied code file: analyze_bit_width_impact.py
2025-12-30 03:04:14,346 - INFO  - Copied code file: evolution_search.py
2025-12-30 03:04:14,346 - INFO  - Copied code file: analyze_w2a6_real_reason.py
2025-12-30 03:04:14,346 - INFO  - Copied code file: analyze_w2a6_slowdown.py
2025-12-30 03:04:14,346 - INFO  - Copied code file: debug_fault_injection_detailed.py
2025-12-30 03:04:14,347 - INFO  - Copied code file: example_enhanced_features.py
2025-12-30 03:04:14,347 - INFO  - Copied code file: example_rl_restorer.py
2025-12-30 03:04:14,347 - INFO  - Copied code file: example_rl_restorer_integration.py
2025-12-30 03:04:14,347 - INFO  - Copied code file: quick_test_gradient_restorer.py
2025-12-30 03:04:14,347 - INFO  - Copied code file: process_olm_fat.py
2025-12-30 03:04:14,347 - INFO  - Copied code file: process_normal.py
2025-12-30 03:04:14,348 - INFO  - Copied code file: main_normal.py
2025-12-30 03:04:14,348 - INFO  - Copied code file: test_ber_verification.py
2025-12-30 03:04:14,348 - INFO  - Copied code file: test_fault_injection_debug.py
2025-12-30 03:04:14,348 - INFO  - Copied code file: test_fault_injection_seed_logic.py
2025-12-30 03:04:14,348 - INFO  - Copied code file: test_fault_injection_verbose.py
2025-12-30 03:04:14,349 - INFO  - Copied code file: test_gradient_preservation.py
2025-12-30 03:04:14,349 - INFO  - Copied code file: test_json_config_loading.py
2025-12-30 03:04:14,349 - INFO  - Copied code file: main_olm_fat.py
2025-12-30 03:04:14,349 - INFO  - Copied code file: train_rl_restorer_with_enhanced_features.py
2025-12-30 03:04:14,349 - INFO  - Copied code file: train_sensitive_restorer.py
2025-12-30 03:04:14,349 - INFO  - Copied code file: train_sensitive_restorer_distill.py
2025-12-30 03:04:14,350 - INFO  - Code backup completed. Code saved to: /root/autodl-tmp/retraining-free-quantization/training/r18_c10_nude_0.02_all_bits_orth/code/analysis/clean120_drift
2025-12-30 03:04:14,350 - INFO  - Code backup completed. Code saved to: /root/autodl-tmp/retraining-free-quantization/training/r18_c10_nude_0.02_all_bits_orth/code/analysis/srqat_drift
2025-12-30 03:04:14,350 - INFO  - Code backup completed. Code saved to: /root/autodl-tmp/retraining-free-quantization/training/r18_c10_nude_0.02_all_bits_orth/code/analysis/comparison
2025-12-30 03:04:14,350 - INFO  - Code backup completed. Code saved to: /root/autodl-tmp/retraining-free-quantization/training/r18_c10_nude_0.02_all_bits_orth/code/analysis/srqat_ls0_drift
2025-12-30 03:04:14,350 - INFO  - Code backup completed. Code saved to: /root/autodl-tmp/retraining-free-quantization/training/r18_c10_nude_0.02_all_bits_orth/code/analysis/comparison_srqat
2025-12-30 03:04:14,350 - INFO  - Code backup completed. Code saved to: /root/autodl-tmp/retraining-free-quantization/training/r18_c10_nude_0.02_all_bits_orth/code/analysis/paper_figs
2025-12-30 03:04:14,350 - INFO  - Code backup completed. Code saved to: /root/autodl-tmp/retraining-free-quantization/training/r18_c10_nude_0.02_all_bits_orth/code/analysis/resnet18_ls0_drift_ber3e2
2025-12-30 03:04:14,350 - INFO  - Code backup completed. Code saved to: /root/autodl-tmp/retraining-free-quantization/training/r18_c10_nude_0.02_all_bits_orth/code/analysis/resnet18_ls1e7_drift_ber3e2
2025-12-30 03:04:14,350 - INFO  - Code backup completed. Code saved to: /root/autodl-tmp/retraining-free-quantization/training/r18_c10_nude_0.02_all_bits_orth/code/analysis/resnet18_drift_compare_ber3e2
2025-12-30 03:04:14,350 - INFO  - Code backup completed. Code saved to: /root/autodl-tmp/retraining-free-quantization/training/r18_c10_nude_0.02_all_bits_orth/code/analysis/resnet18_paper_figs
2025-12-30 03:04:14,350 - INFO  - Code backup completed. Code saved to: /root/autodl-tmp/retraining-free-quantization/training/r18_c10_nude_0.02_all_bits_orth/code/analysis
2025-12-30 03:04:14,351 - INFO  - Copied code file: run_fault_tolerance_test.py
2025-12-30 03:04:14,351 - INFO  - Copied code file: resnet18_ber_sweep_msb.py
2025-12-30 03:04:14,351 - INFO  - Copied code file: resnet18_ber_sweep_msb-checkpoint.py
2025-12-30 03:04:14,351 - INFO  - Code backup completed. Code saved to: /root/autodl-tmp/retraining-free-quantization/training/r18_c10_nude_0.02_all_bits_orth/code/scripts/.ipynb_checkpoints
2025-12-30 03:04:14,351 - INFO  - Code backup completed. Code saved to: /root/autodl-tmp/retraining-free-quantization/training/r18_c10_nude_0.02_all_bits_orth/code/scripts
2025-12-30 03:04:14,351 - INFO  - Copied code file: test_resnet18_skip_msb.py
2025-12-30 03:04:14,351 - INFO  - Copied code file: test_baseline_fault_tolerance.py
2025-12-30 03:04:14,351 - INFO  - Copied code file: test_baseline_fault_tolerance_simple.py
2025-12-30 03:04:14,352 - INFO  - Copied code file: debug_baseline_test.py
2025-12-30 03:04:14,352 - INFO  - Copied code file: evolution_search.py
2025-12-30 03:04:14,352 - INFO  - Copied code file: fi.py
2025-12-30 03:04:14,352 - INFO  - Copied code file: main.py
2025-12-30 03:04:14,352 - INFO  - Copied code file: mainalex.py
2025-12-30 03:04:14,352 - INFO  - Copied code file: policy.py
2025-12-30 03:04:14,353 - INFO  - Copied code file: process.py
2025-12-30 03:04:14,353 - INFO  - Code backup completed. Code saved to: /root/autodl-tmp/retraining-free-quantization/training/r18_c10_nude_0.02_all_bits_orth/code/error_find/.idea/inspectionProfiles
2025-12-30 03:04:14,353 - INFO  - Code backup completed. Code saved to: /root/autodl-tmp/retraining-free-quantization/training/r18_c10_nude_0.02_all_bits_orth/code/error_find/.idea
2025-12-30 03:04:14,353 - INFO  - Copied code file: bsam.py
2025-12-30 03:04:14,353 - INFO  - Copied code file: ctl_factory.py
2025-12-30 03:04:14,353 - INFO  - Copied code file: scheduler.py
2025-12-30 03:04:14,353 - INFO  - Copied code file: traincube.py
2025-12-30 03:04:14,354 - INFO  - Copied code file: __init__.py
2025-12-30 03:04:14,354 - INFO  - Copied code file: train_bsam_quan.py
2025-12-30 03:04:14,354 - INFO  - Copied code file: train_epoch_bsam.py
2025-12-30 03:04:14,355 - INFO  - Code backup completed. Code saved to: /root/autodl-tmp/retraining-free-quantization/training/r18_c10_nude_0.02_all_bits_orth/code/error_find/bsam_quan_src
2025-12-30 03:04:14,355 - INFO  - Code backup completed. Code saved to: /root/autodl-tmp/retraining-free-quantization/training/r18_c10_nude_0.02_all_bits_orth/code/error_find/configs
2025-12-30 03:04:14,355 - INFO  - Code backup completed. Code saved to: /root/autodl-tmp/retraining-free-quantization/training/r18_c10_nude_0.02_all_bits_orth/code/error_find/logs
2025-12-30 03:04:14,356 - INFO  - Copied code file: alexnet.py
2025-12-30 03:04:14,357 - INFO  - Copied code file: mobilenetv2.py
2025-12-30 03:04:14,357 - INFO  - Copied code file: model.py
2025-12-30 03:04:14,358 - INFO  - Copied code file: resnet.py
2025-12-30 03:04:14,358 - INFO  - Copied code file: __init__.py
2025-12-30 03:04:14,358 - INFO  - Code backup completed. Code saved to: /root/autodl-tmp/retraining-free-quantization/training/r18_c10_nude_0.02_all_bits_orth/code/error_find/model
2025-12-30 03:04:14,359 - INFO  - Copied code file: func.py
2025-12-30 03:04:14,359 - INFO  - Copied code file: utils.py
2025-12-30 03:04:14,359 - INFO  - Copied code file: __init__.py
2025-12-30 03:04:14,359 - INFO  - Copied code file: lsq.py
2025-12-30 03:04:14,360 - INFO  - Copied code file: __init__.py
2025-12-30 03:04:14,360 - INFO  - Copied code file: quantizer.py
2025-12-30 03:04:14,360 - INFO  - Code backup completed. Code saved to: /root/autodl-tmp/retraining-free-quantization/training/r18_c10_nude_0.02_all_bits_orth/code/error_find/quan/quantizer
2025-12-30 03:04:14,360 - INFO  - Code backup completed. Code saved to: /root/autodl-tmp/retraining-free-quantization/training/r18_c10_nude_0.02_all_bits_orth/code/error_find/quan
2025-12-30 03:04:14,360 - INFO  - Copied code file: __init__.py
2025-12-30 03:04:14,360 - INFO  - Copied code file: cubesam.py
2025-12-30 03:04:14,360 - INFO  - Copied code file: qbsam.py
2025-12-30 03:04:14,360 - INFO  - Code backup completed. Code saved to: /root/autodl-tmp/retraining-free-quantization/training/r18_c10_nude_0.02_all_bits_orth/code/error_find/scalablewp
2025-12-30 03:04:14,361 - INFO  - Code backup completed. Code saved to: /root/autodl-tmp/retraining-free-quantization/training/r18_c10_nude_0.02_all_bits_orth/code/error_find/trained_models/cube
2025-12-30 03:04:14,361 - INFO  - Code backup completed. Code saved to: /root/autodl-tmp/retraining-free-quantization/training/r18_c10_nude_0.02_all_bits_orth/code/error_find/trained_models/qsam
2025-12-30 03:04:14,361 - INFO  - Code backup completed. Code saved to: /root/autodl-tmp/retraining-free-quantization/training/r18_c10_nude_0.02_all_bits_orth/code/error_find/trained_models/qwsam
2025-12-30 03:04:14,361 - INFO  - Code backup completed. Code saved to: /root/autodl-tmp/retraining-free-quantization/training/r18_c10_nude_0.02_all_bits_orth/code/error_find/trained_models
2025-12-30 03:04:14,361 - INFO  - Copied code file: config.py
2025-12-30 03:04:14,361 - INFO  - Copied code file: checkpoint.py
2025-12-30 03:04:14,361 - INFO  - Copied code file: data_loader.py
2025-12-30 03:04:14,362 - INFO  - Copied code file: dist.py
2025-12-30 03:04:14,362 - INFO  - Copied code file: loss_ops.py
2025-12-30 03:04:14,362 - INFO  - Copied code file: greedy_search.py
2025-12-30 03:04:14,362 - INFO  - Copied code file: model_ema.py
2025-12-30 03:04:14,362 - INFO  - Copied code file: monitor.py
2025-12-30 03:04:14,363 - INFO  - Copied code file: mpq.py
2025-12-30 03:04:14,363 - INFO  - Copied code file: qat.py
2025-12-30 03:04:14,363 - INFO  - Copied code file: random_search.py
2025-12-30 03:04:14,363 - INFO  - Copied code file: searcher.py
2025-12-30 03:04:14,363 - INFO  - Copied code file: __init__.py
2025-12-30 03:04:14,364 - INFO  - Copied code file: weight_schd.py
2025-12-30 03:04:14,364 - INFO  - Copied code file: utils.py
2025-12-30 03:04:14,364 - INFO  - Code backup completed. Code saved to: /root/autodl-tmp/retraining-free-quantization/training/r18_c10_nude_0.02_all_bits_orth/code/error_find/util
2025-12-30 03:04:14,364 - INFO  - Copied code file: ver_test.py
2025-12-30 03:04:14,364 - INFO  - Code backup completed. Code saved to: /root/autodl-tmp/retraining-free-quantization/training/r18_c10_nude_0.02_all_bits_orth/code/error_find
2025-12-30 03:04:14,364 - INFO  - Copied code file: main_nude.py
2025-12-30 03:04:14,365 - INFO  - Copied code file: process_nude.py
2025-12-30 03:04:14,365 - INFO  - Code backup completed. Code saved to: /root/autodl-tmp/retraining-free-quantization/training/r18_c10_nude_0.02_all_bits_orth/code
2025-12-30 03:04:14,557 - INFO  - Created `resnet18` model for `cifar10` dataset (num_classes=10)
          Use pre-trained model = False
2025-12-30 03:04:14,798 - INFO  - ================================================================================
2025-12-30 03:04:14,798 - INFO  - 🚀 [NUDE] BFAT ENABLED
2025-12-30 03:04:14,798 - INFO  - ================================================================================
2025-12-30 03:04:14,798 - INFO  -   ✅ FaultInjector initialized for BFAT
2025-12-30 03:04:17,387 - INFO  - [NUDE] Force training only max(target_bits)=6 (no nr_random_sample)
2025-12-30 03:04:17,391 - INFO  - 🎲 Epoch 0: FaultInjector seed rotated to 42
2025-12-30 03:04:17,398 - INFO  - [NUDE] Epoch 0: force max bit-width W/A = 6
2025-12-30 03:04:17,398 - INFO  - ================================================================================
2025-12-30 03:04:17,398 - INFO  - 🔥 [NUDE] BFAT ACTIVE
2025-12-30 03:04:17,398 - INFO  -    Loss Type: direct_ce
2025-12-30 03:04:17,399 - INFO  -    Proj Mode: orthogonal
2025-12-30 03:04:17,399 - INFO  -    Injection: All Bits
2025-12-30 03:04:17,399 - INFO  - ================================================================================
2025-12-30 03:04:24,142 - INFO  - [NUDE][TRAIN] Epoch 0/100 Iter 20/390 Loss 5.0582 Top1 12.19 Top5 53.59
2025-12-30 03:04:30,069 - INFO  - [NUDE][TRAIN] Epoch 0/100 Iter 40/390 Loss 3.6962 Top1 13.18 Top5 57.77
2025-12-30 03:04:35,852 - INFO  - [NUDE][TRAIN] Epoch 0/100 Iter 60/390 Loss 3.1826 Top1 15.26 Top5 61.72
2025-12-30 03:04:41,837 - INFO  - [NUDE][TRAIN] Epoch 0/100 Iter 80/390 Loss 2.9035 Top1 16.68 Top5 65.60
2025-12-30 03:04:47,798 - INFO  - [NUDE][TRAIN] Epoch 0/100 Iter 100/390 Loss 2.7390 Top1 17.69 Top5 67.42
2025-12-30 03:04:53,670 - INFO  - [NUDE][TRAIN] Epoch 0/100 Iter 120/390 Loss 2.6160 Top1 18.57 Top5 69.39
2025-12-30 03:04:59,744 - INFO  - [NUDE][TRAIN] Epoch 0/100 Iter 140/390 Loss 2.5274 Top1 19.26 Top5 70.82
2025-12-30 03:05:05,732 - INFO  - [NUDE][TRAIN] Epoch 0/100 Iter 160/390 Loss 2.4539 Top1 20.12 Top5 72.10
2025-12-30 03:05:11,575 - INFO  - [NUDE][TRAIN] Epoch 0/100 Iter 180/390 Loss 2.3942 Top1 20.97 Top5 73.20
2025-12-30 03:05:17,563 - INFO  - [NUDE][TRAIN] Epoch 0/100 Iter 200/390 Loss 2.3444 Top1 21.79 Top5 74.09
2025-12-30 03:05:23,437 - INFO  - [NUDE][TRAIN] Epoch 0/100 Iter 220/390 Loss 2.3035 Top1 22.35 Top5 74.90
2025-12-30 03:05:29,500 - INFO  - [NUDE][TRAIN] Epoch 0/100 Iter 240/390 Loss 2.2631 Top1 23.12 Top5 75.79
2025-12-30 03:05:35,546 - INFO  - [NUDE][TRAIN] Epoch 0/100 Iter 260/390 Loss 2.2291 Top1 23.80 Top5 76.45
2025-12-30 03:05:41,454 - INFO  - [NUDE][TRAIN] Epoch 0/100 Iter 280/390 Loss 2.1992 Top1 24.43 Top5 77.16
2025-12-30 03:05:47,491 - INFO  - [NUDE][TRAIN] Epoch 0/100 Iter 300/390 Loss 2.1693 Top1 25.12 Top5 77.80
2025-12-30 03:05:53,414 - INFO  - [NUDE][TRAIN] Epoch 0/100 Iter 320/390 Loss 2.1413 Top1 25.76 Top5 78.43
2025-12-30 03:05:59,453 - INFO  - [NUDE][TRAIN] Epoch 0/100 Iter 340/390 Loss 2.1182 Top1 26.26 Top5 78.96
2025-12-30 03:06:05,525 - INFO  - [NUDE][TRAIN] Epoch 0/100 Iter 360/390 Loss 2.0955 Top1 26.83 Top5 79.44
2025-12-30 03:06:11,427 - INFO  - [NUDE][TRAIN] Epoch 0/100 Iter 380/390 Loss 2.0743 Top1 27.33 Top5 79.89
2025-12-30 03:06:14,422 - INFO  - [NUDE] Validate: force max bit-width W/A = 6
2025-12-30 03:06:16,802 - INFO  - [NUDE][EPOCH] 0/100 Train: Top1=27.48 Top5=80.12 Loss=2.0654 | Val(EMA): Top1=9.91
2025-12-30 03:06:16,802 - INFO  -   ⏱️  本Epoch耗时: 1分59秒 | 平均Epoch耗时: 1分59秒 | 剩余Epoch数: 99
2025-12-30 03:06:16,802 - INFO  -   📅 预估剩余时间: 3小时17分1秒 | 预估完成时间: 2025-12-30 06:23:18
2025-12-30 03:06:17,432 - INFO  - ([1] Epoch) Saving checkpoint to:
             Current: /root/autodl-tmp/retraining-free-quantization/training/r18_c10_nude_0.02_all_bits_orth/r18_c10_nude_0.02_all_bits_orth_checkpoint.pth.tar

2025-12-30 03:06:17,435 - INFO  - 🎲 Epoch 1: FaultInjector seed rotated to 43
2025-12-30 03:06:17,442 - INFO  - [NUDE] Epoch 1: force max bit-width W/A = 6
2025-12-30 03:06:17,442 - INFO  - ================================================================================
2025-12-30 03:06:17,442 - INFO  - 🔥 [NUDE] BFAT ACTIVE
2025-12-30 03:06:17,443 - INFO  -    Loss Type: direct_ce
2025-12-30 03:06:17,443 - INFO  -    Proj Mode: orthogonal
2025-12-30 03:06:17,443 - INFO  -    Injection: All Bits
2025-12-30 03:06:17,443 - INFO  - ================================================================================
2025-12-30 03:06:23,527 - INFO  - [NUDE][TRAIN] Epoch 1/100 Iter 20/390 Loss 1.6656 Top1 38.32 Top5 88.52
2025-12-30 03:06:29,483 - INFO  - [NUDE][TRAIN] Epoch 1/100 Iter 40/390 Loss 1.6454 Top1 39.32 Top5 88.95
2025-12-30 03:06:35,323 - INFO  - [NUDE][TRAIN] Epoch 1/100 Iter 60/390 Loss 1.6448 Top1 39.38 Top5 89.10
2025-12-30 03:06:41,357 - INFO  - [NUDE][TRAIN] Epoch 1/100 Iter 80/390 Loss 1.6369 Top1 39.26 Top5 89.38
2025-12-30 03:06:47,417 - INFO  - [NUDE][TRAIN] Epoch 1/100 Iter 100/390 Loss 1.6322 Top1 39.92 Top5 89.51
2025-12-30 03:06:53,349 - INFO  - [NUDE][TRAIN] Epoch 1/100 Iter 120/390 Loss 1.6231 Top1 40.12 Top5 89.69
2025-12-30 03:06:59,452 - INFO  - [NUDE][TRAIN] Epoch 1/100 Iter 140/390 Loss 1.6179 Top1 40.45 Top5 89.67
2025-12-30 03:07:05,379 - INFO  - [NUDE][TRAIN] Epoch 1/100 Iter 160/390 Loss 1.6144 Top1 40.56 Top5 89.80
2025-12-30 03:07:11,427 - INFO  - [NUDE][TRAIN] Epoch 1/100 Iter 180/390 Loss 1.6070 Top1 40.80 Top5 89.94
2025-12-30 03:07:17,472 - INFO  - [NUDE][TRAIN] Epoch 1/100 Iter 200/390 Loss 1.5996 Top1 41.00 Top5 90.11
2025-12-30 03:07:23,431 - INFO  - [NUDE][TRAIN] Epoch 1/100 Iter 220/390 Loss 1.5916 Top1 41.32 Top5 90.25
2025-12-30 03:07:29,412 - INFO  - [NUDE][TRAIN] Epoch 1/100 Iter 240/390 Loss 1.5838 Top1 41.61 Top5 90.34
2025-12-30 03:07:35,357 - INFO  - [NUDE][TRAIN] Epoch 1/100 Iter 260/390 Loss 1.5751 Top1 41.92 Top5 90.48
2025-12-30 03:07:41,376 - INFO  - [NUDE][TRAIN] Epoch 1/100 Iter 280/390 Loss 1.5696 Top1 42.11 Top5 90.63
2025-12-30 03:07:47,382 - INFO  - [NUDE][TRAIN] Epoch 1/100 Iter 300/390 Loss 1.5622 Top1 42.49 Top5 90.71
2025-12-30 03:07:53,335 - INFO  - [NUDE][TRAIN] Epoch 1/100 Iter 320/390 Loss 1.5555 Top1 42.72 Top5 90.82
2025-12-30 03:07:59,327 - INFO  - [NUDE][TRAIN] Epoch 1/100 Iter 340/390 Loss 1.5480 Top1 43.05 Top5 90.94
2025-12-30 03:08:05,151 - INFO  - [NUDE][TRAIN] Epoch 1/100 Iter 360/390 Loss 1.5412 Top1 43.30 Top5 91.06
2025-12-30 03:08:11,063 - INFO  - [NUDE][TRAIN] Epoch 1/100 Iter 380/390 Loss 1.5354 Top1 43.55 Top5 91.12
2025-12-30 03:08:14,039 - INFO  - [NUDE] Validate: force max bit-width W/A = 6
2025-12-30 03:08:16,298 - INFO  - [NUDE][EPOCH] 1/100 Train: Top1=43.70 Top5=91.19 Loss=1.5307 | Val(EMA): Top1=10.69
2025-12-30 03:08:16,298 - INFO  -   ⏱️  本Epoch耗时: 1分58秒 | 平均Epoch耗时: 1分59秒 | 剩余Epoch数: 98
2025-12-30 03:08:16,298 - INFO  -   📅 预估剩余时间: 3小时14分35秒 | 预估完成时间: 2025-12-30 06:22:51
2025-12-30 03:08:16,993 - INFO  - ([2] Epoch) Saving checkpoint to:
             Current: /root/autodl-tmp/retraining-free-quantization/training/r18_c10_nude_0.02_all_bits_orth/r18_c10_nude_0.02_all_bits_orth_checkpoint.pth.tar

2025-12-30 03:08:16,996 - INFO  - 🎲 Epoch 2: FaultInjector seed rotated to 44
2025-12-30 03:08:17,004 - INFO  - [NUDE] Epoch 2: force max bit-width W/A = 6
2025-12-30 03:08:17,004 - INFO  - ================================================================================
2025-12-30 03:08:17,004 - INFO  - 🔥 [NUDE] BFAT ACTIVE
2025-12-30 03:08:17,004 - INFO  -    Loss Type: direct_ce
2025-12-30 03:08:17,004 - INFO  -    Proj Mode: orthogonal
2025-12-30 03:08:17,004 - INFO  -    Injection: All Bits
2025-12-30 03:08:17,004 - INFO  - ================================================================================
2025-12-30 03:08:23,168 - INFO  - [NUDE][TRAIN] Epoch 2/100 Iter 20/390 Loss 1.3847 Top1 48.87 Top5 93.48
2025-12-30 03:08:29,189 - INFO  - [NUDE][TRAIN] Epoch 2/100 Iter 40/390 Loss 1.3767 Top1 50.14 Top5 93.12
2025-12-30 03:08:35,160 - INFO  - [NUDE][TRAIN] Epoch 2/100 Iter 60/390 Loss 1.3755 Top1 49.95 Top5 93.28
2025-12-30 03:08:41,166 - INFO  - [NUDE][TRAIN] Epoch 2/100 Iter 80/390 Loss 1.3705 Top1 50.07 Top5 93.27
2025-12-30 03:08:47,193 - INFO  - [NUDE][TRAIN] Epoch 2/100 Iter 100/390 Loss 1.3719 Top1 50.17 Top5 93.27
2025-12-30 03:08:53,111 - INFO  - [NUDE][TRAIN] Epoch 2/100 Iter 120/390 Loss 1.3604 Top1 50.55 Top5 93.42
2025-12-30 03:08:59,125 - INFO  - [NUDE][TRAIN] Epoch 2/100 Iter 140/390 Loss 1.3553 Top1 50.83 Top5 93.40
2025-12-30 03:09:05,049 - INFO  - [NUDE][TRAIN] Epoch 2/100 Iter 160/390 Loss 1.3477 Top1 51.22 Top5 93.48
2025-12-30 03:09:11,092 - INFO  - [NUDE][TRAIN] Epoch 2/100 Iter 180/390 Loss 1.3395 Top1 51.44 Top5 93.58
2025-12-30 03:09:17,125 - INFO  - [NUDE][TRAIN] Epoch 2/100 Iter 200/390 Loss 1.3313 Top1 51.64 Top5 93.73
2025-12-30 03:09:23,070 - INFO  - [NUDE][TRAIN] Epoch 2/100 Iter 220/390 Loss 1.3235 Top1 52.02 Top5 93.80
2025-12-30 03:09:29,086 - INFO  - [NUDE][TRAIN] Epoch 2/100 Iter 240/390 Loss 1.3159 Top1 52.42 Top5 93.90
2025-12-30 03:09:35,020 - INFO  - [NUDE][TRAIN] Epoch 2/100 Iter 260/390 Loss 1.3071 Top1 52.67 Top5 94.02
2025-12-30 03:09:41,054 - INFO  - [NUDE][TRAIN] Epoch 2/100 Iter 280/390 Loss 1.3025 Top1 52.79 Top5 94.07
2025-12-30 03:09:47,003 - INFO  - [NUDE][TRAIN] Epoch 2/100 Iter 300/390 Loss 1.2966 Top1 53.01 Top5 94.15
2025-12-30 03:09:52,842 - INFO  - [NUDE][TRAIN] Epoch 2/100 Iter 320/390 Loss 1.2903 Top1 53.20 Top5 94.23
2025-12-30 03:09:58,808 - INFO  - [NUDE][TRAIN] Epoch 2/100 Iter 340/390 Loss 1.2856 Top1 53.40 Top5 94.25
2025-12-30 03:10:04,853 - INFO  - [NUDE][TRAIN] Epoch 2/100 Iter 360/390 Loss 1.2797 Top1 53.62 Top5 94.31
2025-12-30 03:10:10,750 - INFO  - [NUDE][TRAIN] Epoch 2/100 Iter 380/390 Loss 1.2725 Top1 53.92 Top5 94.40
2025-12-30 03:10:13,855 - INFO  - [NUDE] Validate: force max bit-width W/A = 6
2025-12-30 03:10:16,122 - INFO  - [NUDE][EPOCH] 2/100 Train: Top1=54.01 Top5=94.45 Loss=1.2693 | Val(EMA): Top1=17.40
2025-12-30 03:10:16,122 - INFO  -   ⏱️  本Epoch耗时: 1分59秒 | 平均Epoch耗时: 1分59秒 | 剩余Epoch数: 97
2025-12-30 03:10:16,123 - INFO  -   📅 预估剩余时间: 3小时12分35秒 | 预估完成时间: 2025-12-30 06:22:52
2025-12-30 03:10:16,734 - INFO  - ([3] Epoch) Saving checkpoint to:
             Current: /root/autodl-tmp/retraining-free-quantization/training/r18_c10_nude_0.02_all_bits_orth/r18_c10_nude_0.02_all_bits_orth_checkpoint.pth.tar

2025-12-30 03:10:16,739 - INFO  - 🎲 Epoch 3: FaultInjector seed rotated to 45
2025-12-30 03:10:16,750 - INFO  - [NUDE] Epoch 3: force max bit-width W/A = 6
2025-12-30 03:10:16,750 - INFO  - ================================================================================
2025-12-30 03:10:16,750 - INFO  - 🔥 [NUDE] BFAT ACTIVE
2025-12-30 03:10:16,750 - INFO  -    Loss Type: direct_ce
2025-12-30 03:10:16,750 - INFO  -    Proj Mode: orthogonal
2025-12-30 03:10:16,750 - INFO  -    Injection: All Bits
2025-12-30 03:10:16,750 - INFO  - ================================================================================
2025-12-30 03:10:22,980 - INFO  - [NUDE][TRAIN] Epoch 3/100 Iter 20/390 Loss 1.1264 Top1 58.75 Top5 96.17
2025-12-30 03:10:29,069 - INFO  - [NUDE][TRAIN] Epoch 3/100 Iter 40/390 Loss 1.1386 Top1 58.18 Top5 95.88
2025-12-30 03:10:35,130 - INFO  - [NUDE][TRAIN] Epoch 3/100 Iter 60/390 Loss 1.1324 Top1 58.46 Top5 95.90
2025-12-30 03:10:41,029 - INFO  - [NUDE][TRAIN] Epoch 3/100 Iter 80/390 Loss 1.1318 Top1 58.59 Top5 95.97
2025-12-30 03:10:47,128 - INFO  - [NUDE][TRAIN] Epoch 3/100 Iter 100/390 Loss 1.1312 Top1 59.00 Top5 96.00
2025-12-30 03:10:53,010 - INFO  - [NUDE][TRAIN] Epoch 3/100 Iter 120/390 Loss 1.1162 Top1 59.55 Top5 96.07
2025-12-30 03:10:59,043 - INFO  - [NUDE][TRAIN] Epoch 3/100 Iter 140/390 Loss 1.1070 Top1 59.87 Top5 96.07
2025-12-30 03:11:05,129 - INFO  - [NUDE][TRAIN] Epoch 3/100 Iter 160/390 Loss 1.0999 Top1 60.11 Top5 96.11
2025-12-30 03:11:11,121 - INFO  - [NUDE][TRAIN] Epoch 3/100 Iter 180/390 Loss 1.0919 Top1 60.44 Top5 96.15
2025-12-30 03:11:18,118 - INFO  - [NUDE][TRAIN] Epoch 3/100 Iter 200/390 Loss 1.0887 Top1 60.61 Top5 96.16
2025-12-30 03:11:24,702 - INFO  - [NUDE][TRAIN] Epoch 3/100 Iter 220/390 Loss 1.0836 Top1 60.89 Top5 96.18
2025-12-30 03:11:30,638 - INFO  - [NUDE][TRAIN] Epoch 3/100 Iter 240/390 Loss 1.0809 Top1 61.07 Top5 96.19
2025-12-30 03:11:36,525 - INFO  - [NUDE][TRAIN] Epoch 3/100 Iter 260/390 Loss 1.0769 Top1 61.23 Top5 96.22
2025-12-30 03:11:42,388 - INFO  - [NUDE][TRAIN] Epoch 3/100 Iter 280/390 Loss 1.0700 Top1 61.53 Top5 96.29
2025-12-30 03:11:48,393 - INFO  - [NUDE][TRAIN] Epoch 3/100 Iter 300/390 Loss 1.0638 Top1 61.74 Top5 96.32
2025-12-30 03:11:54,317 - INFO  - [NUDE][TRAIN] Epoch 3/100 Iter 320/390 Loss 1.0599 Top1 61.92 Top5 96.35
2025-12-30 03:12:00,346 - INFO  - [NUDE][TRAIN] Epoch 3/100 Iter 340/390 Loss 1.0542 Top1 62.14 Top5 96.40
2025-12-30 03:12:06,367 - INFO  - [NUDE][TRAIN] Epoch 3/100 Iter 360/390 Loss 1.0491 Top1 62.35 Top5 96.41
2025-12-30 03:12:12,329 - INFO  - [NUDE][TRAIN] Epoch 3/100 Iter 380/390 Loss 1.0435 Top1 62.55 Top5 96.46
2025-12-30 03:12:15,839 - INFO  - [NUDE] Validate: force max bit-width W/A = 6
2025-12-30 03:12:18,115 - INFO  - [NUDE][EPOCH] 3/100 Train: Top1=62.66 Top5=96.45 Loss=1.0412 | Val(EMA): Top1=14.54
2025-12-30 03:12:18,115 - INFO  -   ⏱️  本Epoch耗时: 2分1秒 | 平均Epoch耗时: 1分59秒 | 剩余Epoch数: 96
2025-12-30 03:12:18,115 - INFO  -   📅 预估剩余时间: 3小时11分30秒 | 预估完成时间: 2025-12-30 06:23:48
2025-12-30 03:12:18,804 - INFO  - ([4] Epoch) Saving checkpoint to:
             Current: /root/autodl-tmp/retraining-free-quantization/training/r18_c10_nude_0.02_all_bits_orth/r18_c10_nude_0.02_all_bits_orth_checkpoint.pth.tar

2025-12-30 03:12:18,807 - INFO  - 🎲 Epoch 4: FaultInjector seed rotated to 46
2025-12-30 03:12:18,815 - INFO  - [NUDE] Epoch 4: force max bit-width W/A = 6
2025-12-30 03:12:18,815 - INFO  - ================================================================================
2025-12-30 03:12:18,815 - INFO  - 🔥 [NUDE] BFAT ACTIVE
2025-12-30 03:12:18,815 - INFO  -    Loss Type: direct_ce
2025-12-30 03:12:18,815 - INFO  -    Proj Mode: orthogonal
2025-12-30 03:12:18,815 - INFO  -    Injection: All Bits
2025-12-30 03:12:18,815 - INFO  - ================================================================================
2025-12-30 03:12:25,106 - INFO  - [NUDE][TRAIN] Epoch 4/100 Iter 20/390 Loss 0.9420 Top1 66.91 Top5 97.62
2025-12-30 03:12:31,018 - INFO  - [NUDE][TRAIN] Epoch 4/100 Iter 40/390 Loss 0.9507 Top1 66.41 Top5 97.13
2025-12-30 03:12:37,035 - INFO  - [NUDE][TRAIN] Epoch 4/100 Iter 60/390 Loss 0.9368 Top1 66.73 Top5 97.14
2025-12-30 03:12:43,007 - INFO  - [NUDE][TRAIN] Epoch 4/100 Iter 80/390 Loss 0.9272 Top1 66.94 Top5 97.28
2025-12-30 03:12:48,877 - INFO  - [NUDE][TRAIN] Epoch 4/100 Iter 100/390 Loss 0.9252 Top1 67.03 Top5 97.31
2025-12-30 03:12:54,893 - INFO  - [NUDE][TRAIN] Epoch 4/100 Iter 120/390 Loss 0.9161 Top1 67.52 Top5 97.37
2025-12-30 03:13:00,813 - INFO  - [NUDE][TRAIN] Epoch 4/100 Iter 140/390 Loss 0.9171 Top1 67.43 Top5 97.40
2025-12-30 03:13:06,735 - INFO  - [NUDE][TRAIN] Epoch 4/100 Iter 160/390 Loss 0.9137 Top1 67.59 Top5 97.42
2025-12-30 03:13:12,658 - INFO  - [NUDE][TRAIN] Epoch 4/100 Iter 180/390 Loss 0.9089 Top1 67.73 Top5 97.44
2025-12-30 03:13:18,459 - INFO  - [NUDE][TRAIN] Epoch 4/100 Iter 200/390 Loss 0.9102 Top1 67.72 Top5 97.41
2025-12-30 03:13:24,486 - INFO  - [NUDE][TRAIN] Epoch 4/100 Iter 220/390 Loss 0.9082 Top1 67.72 Top5 97.44
2025-12-30 03:13:30,375 - INFO  - [NUDE][TRAIN] Epoch 4/100 Iter 240/390 Loss 0.9055 Top1 67.83 Top5 97.47
2025-12-30 03:13:36,992 - INFO  - [NUDE][TRAIN] Epoch 4/100 Iter 260/390 Loss 0.9003 Top1 68.00 Top5 97.52
2025-12-30 03:13:44,029 - INFO  - [NUDE][TRAIN] Epoch 4/100 Iter 280/390 Loss 0.8973 Top1 68.18 Top5 97.51
2025-12-30 03:13:49,921 - INFO  - [NUDE][TRAIN] Epoch 4/100 Iter 300/390 Loss 0.8918 Top1 68.35 Top5 97.55
2025-12-30 03:13:55,957 - INFO  - [NUDE][TRAIN] Epoch 4/100 Iter 320/390 Loss 0.8874 Top1 68.52 Top5 97.56
2025-12-30 03:14:01,871 - INFO  - [NUDE][TRAIN] Epoch 4/100 Iter 340/390 Loss 0.8831 Top1 68.67 Top5 97.56
2025-12-30 03:14:07,892 - INFO  - [NUDE][TRAIN] Epoch 4/100 Iter 360/390 Loss 0.8779 Top1 68.85 Top5 97.57
2025-12-30 03:14:13,905 - INFO  - [NUDE][TRAIN] Epoch 4/100 Iter 380/390 Loss 0.8733 Top1 69.02 Top5 97.62
2025-12-30 03:14:16,899 - INFO  - [NUDE] Validate: force max bit-width W/A = 6
2025-12-30 03:14:19,206 - INFO  - [NUDE][EPOCH] 4/100 Train: Top1=69.00 Top5=97.62 Loss=0.8733 | Val(EMA): Top1=14.43
2025-12-30 03:14:19,207 - INFO  -   ⏱️  本Epoch耗时: 2分0秒 | 平均Epoch耗时: 1分59秒 | 剩余Epoch数: 95
2025-12-30 03:14:19,207 - INFO  -   📅 预估剩余时间: 3小时9分44秒 | 预估完成时间: 2025-12-30 06:24:03
2025-12-30 03:14:19,870 - INFO  - ([5] Epoch) Saving checkpoint to:
             Current: /root/autodl-tmp/retraining-free-quantization/training/r18_c10_nude_0.02_all_bits_orth/r18_c10_nude_0.02_all_bits_orth_checkpoint.pth.tar

2025-12-30 03:14:19,873 - INFO  - 🎲 Epoch 5: FaultInjector seed rotated to 47
2025-12-30 03:14:19,881 - INFO  - [NUDE] Epoch 5: force max bit-width W/A = 6
2025-12-30 03:14:19,881 - INFO  - ================================================================================
2025-12-30 03:14:19,881 - INFO  - 🔥 [NUDE] BFAT ACTIVE
2025-12-30 03:14:19,881 - INFO  -    Loss Type: direct_ce
2025-12-30 03:14:19,881 - INFO  -    Proj Mode: orthogonal
2025-12-30 03:14:19,881 - INFO  -    Injection: All Bits
2025-12-30 03:14:19,881 - INFO  - ================================================================================
2025-12-30 03:14:26,318 - INFO  - [NUDE][TRAIN] Epoch 5/100 Iter 20/390 Loss 0.7647 Top1 73.12 Top5 98.48
2025-12-30 03:14:32,777 - INFO  - [NUDE][TRAIN] Epoch 5/100 Iter 40/390 Loss 0.7792 Top1 72.62 Top5 98.20
2025-12-30 03:14:38,906 - INFO  - [NUDE][TRAIN] Epoch 5/100 Iter 60/390 Loss 0.7826 Top1 72.75 Top5 98.15
2025-12-30 03:14:44,885 - INFO  - [NUDE][TRAIN] Epoch 5/100 Iter 80/390 Loss 0.7793 Top1 72.82 Top5 98.22
2025-12-30 03:14:50,837 - INFO  - [NUDE][TRAIN] Epoch 5/100 Iter 100/390 Loss 0.7702 Top1 73.01 Top5 98.29
2025-12-30 03:14:56,760 - INFO  - [NUDE][TRAIN] Epoch 5/100 Iter 120/390 Loss 0.7738 Top1 72.87 Top5 98.17
2025-12-30 03:15:02,638 - INFO  - [NUDE][TRAIN] Epoch 5/100 Iter 140/390 Loss 0.7755 Top1 72.69 Top5 98.21
2025-12-30 03:15:08,640 - INFO  - [NUDE][TRAIN] Epoch 5/100 Iter 160/390 Loss 0.7734 Top1 72.84 Top5 98.21
2025-12-30 03:15:14,663 - INFO  - [NUDE][TRAIN] Epoch 5/100 Iter 180/390 Loss 0.7734 Top1 72.80 Top5 98.25
2025-12-30 03:15:20,718 - INFO  - [NUDE][TRAIN] Epoch 5/100 Iter 200/390 Loss 0.7693 Top1 72.93 Top5 98.27
2025-12-30 03:15:26,778 - INFO  - [NUDE][TRAIN] Epoch 5/100 Iter 220/390 Loss 0.7702 Top1 72.99 Top5 98.25
2025-12-30 03:15:32,694 - INFO  - [NUDE][TRAIN] Epoch 5/100 Iter 240/390 Loss 0.7663 Top1 73.06 Top5 98.27
2025-12-30 03:15:38,720 - INFO  - [NUDE][TRAIN] Epoch 5/100 Iter 260/390 Loss 0.7644 Top1 73.10 Top5 98.29
2025-12-30 03:15:44,753 - INFO  - [NUDE][TRAIN] Epoch 5/100 Iter 280/390 Loss 0.7630 Top1 73.18 Top5 98.26
2025-12-30 03:15:50,841 - INFO  - [NUDE][TRAIN] Epoch 5/100 Iter 300/390 Loss 0.7587 Top1 73.30 Top5 98.29
2025-12-30 03:15:56,896 - INFO  - [NUDE][TRAIN] Epoch 5/100 Iter 320/390 Loss 0.7567 Top1 73.38 Top5 98.31
2025-12-30 03:16:02,849 - INFO  - [NUDE][TRAIN] Epoch 5/100 Iter 340/390 Loss 0.7550 Top1 73.46 Top5 98.30
2025-12-30 03:16:08,853 - INFO  - [NUDE][TRAIN] Epoch 5/100 Iter 360/390 Loss 0.7517 Top1 73.59 Top5 98.30
2025-12-30 03:16:15,298 - INFO  - [NUDE][TRAIN] Epoch 5/100 Iter 380/390 Loss 0.7485 Top1 73.71 Top5 98.32
2025-12-30 03:16:18,432 - INFO  - [NUDE] Validate: force max bit-width W/A = 6
2025-12-30 03:16:20,734 - INFO  - [NUDE][EPOCH] 5/100 Train: Top1=73.74 Top5=98.32 Loss=0.7473 | Val(EMA): Top1=14.88
2025-12-30 03:16:20,734 - INFO  -   ⏱️  本Epoch耗时: 2分0秒 | 平均Epoch耗时: 2分0秒 | 剩余Epoch数: 94
2025-12-30 03:16:20,734 - INFO  -   📅 预估剩余时间: 3小时8分11秒 | 预估完成时间: 2025-12-30 06:24:32
2025-12-30 03:16:21,340 - INFO  - ([6] Epoch) Saving checkpoint to:
             Current: /root/autodl-tmp/retraining-free-quantization/training/r18_c10_nude_0.02_all_bits_orth/r18_c10_nude_0.02_all_bits_orth_checkpoint.pth.tar

2025-12-30 03:16:21,343 - INFO  - 🎲 Epoch 6: FaultInjector seed rotated to 48
2025-12-30 03:16:21,351 - INFO  - [NUDE] Epoch 6: force max bit-width W/A = 6
2025-12-30 03:16:21,351 - INFO  - ================================================================================
2025-12-30 03:16:21,351 - INFO  - 🔥 [NUDE] BFAT ACTIVE
2025-12-30 03:16:21,351 - INFO  -    Loss Type: direct_ce
2025-12-30 03:16:21,351 - INFO  -    Proj Mode: orthogonal
2025-12-30 03:16:21,351 - INFO  -    Injection: All Bits
2025-12-30 03:16:21,351 - INFO  - ================================================================================
2025-12-30 03:16:27,534 - INFO  - [NUDE][TRAIN] Epoch 6/100 Iter 20/390 Loss 0.7028 Top1 75.39 Top5 98.75
2025-12-30 03:16:33,449 - INFO  - [NUDE][TRAIN] Epoch 6/100 Iter 40/390 Loss 0.6993 Top1 76.05 Top5 98.75
2025-12-30 03:16:39,279 - INFO  - [NUDE][TRAIN] Epoch 6/100 Iter 60/390 Loss 0.6842 Top1 76.47 Top5 98.71
2025-12-30 03:16:45,285 - INFO  - [NUDE][TRAIN] Epoch 6/100 Iter 80/390 Loss 0.6737 Top1 76.62 Top5 98.74
2025-12-30 03:16:51,233 - INFO  - [NUDE][TRAIN] Epoch 6/100 Iter 100/390 Loss 0.6719 Top1 76.50 Top5 98.79
2025-12-30 03:16:57,266 - INFO  - [NUDE][TRAIN] Epoch 6/100 Iter 120/390 Loss 0.6673 Top1 76.76 Top5 98.71
2025-12-30 03:17:03,302 - INFO  - [NUDE][TRAIN] Epoch 6/100 Iter 140/390 Loss 0.6578 Top1 77.21 Top5 98.79
2025-12-30 03:17:09,476 - INFO  - [NUDE][TRAIN] Epoch 6/100 Iter 160/390 Loss 0.6555 Top1 77.34 Top5 98.82
2025-12-30 03:17:15,590 - INFO  - [NUDE][TRAIN] Epoch 6/100 Iter 180/390 Loss 0.6536 Top1 77.36 Top5 98.81
2025-12-30 03:17:21,774 - INFO  - [NUDE][TRAIN] Epoch 6/100 Iter 200/390 Loss 0.6537 Top1 77.28 Top5 98.82
2025-12-30 03:17:27,876 - INFO  - [NUDE][TRAIN] Epoch 6/100 Iter 220/390 Loss 0.6530 Top1 77.34 Top5 98.82
2025-12-30 03:17:34,187 - INFO  - [NUDE][TRAIN] Epoch 6/100 Iter 240/390 Loss 0.6528 Top1 77.41 Top5 98.78
2025-12-30 03:17:40,206 - INFO  - [NUDE][TRAIN] Epoch 6/100 Iter 260/390 Loss 0.6504 Top1 77.50 Top5 98.78
2025-12-30 03:17:46,835 - INFO  - [NUDE][TRAIN] Epoch 6/100 Iter 280/390 Loss 0.6510 Top1 77.45 Top5 98.76
2025-12-30 03:17:53,133 - INFO  - [NUDE][TRAIN] Epoch 6/100 Iter 300/390 Loss 0.6487 Top1 77.54 Top5 98.76
2025-12-30 03:17:59,154 - INFO  - [NUDE][TRAIN] Epoch 6/100 Iter 320/390 Loss 0.6464 Top1 77.61 Top5 98.77
2025-12-30 03:18:05,126 - INFO  - [NUDE][TRAIN] Epoch 6/100 Iter 340/390 Loss 0.6460 Top1 77.62 Top5 98.77
2025-12-30 03:18:10,904 - INFO  - [NUDE][TRAIN] Epoch 6/100 Iter 360/390 Loss 0.6433 Top1 77.71 Top5 98.78
2025-12-30 03:18:16,776 - INFO  - [NUDE][TRAIN] Epoch 6/100 Iter 380/390 Loss 0.6428 Top1 77.71 Top5 98.79
2025-12-30 03:18:19,722 - INFO  - [NUDE] Validate: force max bit-width W/A = 6
2025-12-30 03:18:22,012 - INFO  - [NUDE][EPOCH] 6/100 Train: Top1=77.74 Top5=98.79 Loss=0.6421 | Val(EMA): Top1=15.52
2025-12-30 03:18:22,012 - INFO  -   ⏱️  本Epoch耗时: 2分0秒 | 平均Epoch耗时: 2分0秒 | 剩余Epoch数: 93
2025-12-30 03:18:22,012 - INFO  -   📅 预估剩余时间: 3小时6分45秒 | 预估完成时间: 2025-12-30 06:25:07
2025-12-30 03:18:22,712 - INFO  - ([7] Epoch) Saving checkpoint to:
             Current: /root/autodl-tmp/retraining-free-quantization/training/r18_c10_nude_0.02_all_bits_orth/r18_c10_nude_0.02_all_bits_orth_checkpoint.pth.tar

2025-12-30 03:18:22,715 - INFO  - 🎲 Epoch 7: FaultInjector seed rotated to 49
2025-12-30 03:18:22,726 - INFO  - [NUDE] Epoch 7: force max bit-width W/A = 6
2025-12-30 03:18:22,726 - INFO  - ================================================================================
2025-12-30 03:18:22,726 - INFO  - 🔥 [NUDE] BFAT ACTIVE
2025-12-30 03:18:22,727 - INFO  -    Loss Type: direct_ce
2025-12-30 03:18:22,727 - INFO  -    Proj Mode: orthogonal
2025-12-30 03:18:22,727 - INFO  -    Injection: All Bits
2025-12-30 03:18:22,727 - INFO  - ================================================================================
2025-12-30 03:18:29,037 - INFO  - [NUDE][TRAIN] Epoch 7/100 Iter 20/390 Loss 0.5958 Top1 79.88 Top5 98.71
2025-12-30 03:18:35,040 - INFO  - [NUDE][TRAIN] Epoch 7/100 Iter 40/390 Loss 0.6011 Top1 79.49 Top5 98.79
2025-12-30 03:18:40,949 - INFO  - [NUDE][TRAIN] Epoch 7/100 Iter 60/390 Loss 0.5869 Top1 79.67 Top5 98.98
2025-12-30 03:18:46,999 - INFO  - [NUDE][TRAIN] Epoch 7/100 Iter 80/390 Loss 0.5866 Top1 79.65 Top5 99.08
2025-12-30 03:18:53,098 - INFO  - [NUDE][TRAIN] Epoch 7/100 Iter 100/390 Loss 0.5869 Top1 79.70 Top5 99.07
2025-12-30 03:18:59,216 - INFO  - [NUDE][TRAIN] Epoch 7/100 Iter 120/390 Loss 0.5940 Top1 79.52 Top5 98.99
2025-12-30 03:19:05,288 - INFO  - [NUDE][TRAIN] Epoch 7/100 Iter 140/390 Loss 0.5910 Top1 79.52 Top5 99.01
2025-12-30 03:19:11,288 - INFO  - [NUDE][TRAIN] Epoch 7/100 Iter 160/390 Loss 0.5877 Top1 79.64 Top5 98.97
2025-12-30 03:19:18,555 - INFO  - [NUDE][TRAIN] Epoch 7/100 Iter 180/390 Loss 0.5888 Top1 79.54 Top5 98.99
2025-12-30 03:19:24,797 - INFO  - [NUDE][TRAIN] Epoch 7/100 Iter 200/390 Loss 0.5842 Top1 79.68 Top5 99.01
2025-12-30 03:19:30,740 - INFO  - [NUDE][TRAIN] Epoch 7/100 Iter 220/390 Loss 0.5830 Top1 79.60 Top5 99.04
2025-12-30 03:19:36,757 - INFO  - [NUDE][TRAIN] Epoch 7/100 Iter 240/390 Loss 0.5792 Top1 79.80 Top5 99.04
2025-12-30 03:19:42,683 - INFO  - [NUDE][TRAIN] Epoch 7/100 Iter 260/390 Loss 0.5781 Top1 79.82 Top5 99.04
2025-12-30 03:19:48,632 - INFO  - [NUDE][TRAIN] Epoch 7/100 Iter 280/390 Loss 0.5765 Top1 79.91 Top5 99.04
2025-12-30 03:19:54,548 - INFO  - [NUDE][TRAIN] Epoch 7/100 Iter 300/390 Loss 0.5747 Top1 79.96 Top5 99.06
2025-12-30 03:20:00,378 - INFO  - [NUDE][TRAIN] Epoch 7/100 Iter 320/390 Loss 0.5735 Top1 80.00 Top5 99.06
2025-12-30 03:20:06,388 - INFO  - [NUDE][TRAIN] Epoch 7/100 Iter 340/390 Loss 0.5727 Top1 80.04 Top5 99.08
2025-12-30 03:20:12,459 - INFO  - [NUDE][TRAIN] Epoch 7/100 Iter 360/390 Loss 0.5709 Top1 80.13 Top5 99.08
2025-12-30 03:20:18,380 - INFO  - [NUDE][TRAIN] Epoch 7/100 Iter 380/390 Loss 0.5702 Top1 80.17 Top5 99.08
2025-12-30 03:20:21,992 - INFO  - [NUDE] Validate: force max bit-width W/A = 6
2025-12-30 03:20:24,308 - INFO  - [NUDE][EPOCH] 7/100 Train: Top1=80.17 Top5=99.09 Loss=0.5697 | Val(EMA): Top1=16.65
2025-12-30 03:20:24,308 - INFO  -   ⏱️  本Epoch耗时: 2分1秒 | 平均Epoch耗时: 2分0秒 | 剩余Epoch数: 92
2025-12-30 03:20:24,308 - INFO  -   📅 预估剩余时间: 3小时5分30秒 | 预估完成时间: 2025-12-30 06:25:54
2025-12-30 03:20:25,175 - INFO  - ([8] Epoch) Saving checkpoint to:
             Current: /root/autodl-tmp/retraining-free-quantization/training/r18_c10_nude_0.02_all_bits_orth/r18_c10_nude_0.02_all_bits_orth_checkpoint.pth.tar

2025-12-30 03:20:25,179 - INFO  - 🎲 Epoch 8: FaultInjector seed rotated to 50
2025-12-30 03:20:25,190 - INFO  - [NUDE] Epoch 8: force max bit-width W/A = 6
2025-12-30 03:20:25,190 - INFO  - ================================================================================
2025-12-30 03:20:25,190 - INFO  - 🔥 [NUDE] BFAT ACTIVE
2025-12-30 03:20:25,190 - INFO  -    Loss Type: direct_ce
2025-12-30 03:20:25,190 - INFO  -    Proj Mode: orthogonal
2025-12-30 03:20:25,190 - INFO  -    Injection: All Bits
2025-12-30 03:20:25,190 - INFO  - ================================================================================
2025-12-30 03:20:31,309 - INFO  - [NUDE][TRAIN] Epoch 8/100 Iter 20/390 Loss 0.5204 Top1 82.38 Top5 99.14
2025-12-30 03:20:37,409 - INFO  - [NUDE][TRAIN] Epoch 8/100 Iter 40/390 Loss 0.5114 Top1 82.52 Top5 99.18
2025-12-30 03:20:43,451 - INFO  - [NUDE][TRAIN] Epoch 8/100 Iter 60/390 Loss 0.5145 Top1 82.45 Top5 99.13
2025-12-30 03:20:49,389 - INFO  - [NUDE][TRAIN] Epoch 8/100 Iter 80/390 Loss 0.5139 Top1 82.45 Top5 99.22
2025-12-30 03:20:55,400 - INFO  - [NUDE][TRAIN] Epoch 8/100 Iter 100/390 Loss 0.5160 Top1 82.44 Top5 99.18
2025-12-30 03:21:01,325 - INFO  - [NUDE][TRAIN] Epoch 8/100 Iter 120/390 Loss 0.5151 Top1 82.51 Top5 99.14
2025-12-30 03:21:07,328 - INFO  - [NUDE][TRAIN] Epoch 8/100 Iter 140/390 Loss 0.5177 Top1 82.35 Top5 99.13
2025-12-30 03:21:13,318 - INFO  - [NUDE][TRAIN] Epoch 8/100 Iter 160/390 Loss 0.5187 Top1 82.24 Top5 99.16
2025-12-30 03:21:19,474 - INFO  - [NUDE][TRAIN] Epoch 8/100 Iter 180/390 Loss 0.5187 Top1 82.19 Top5 99.17
2025-12-30 03:21:25,657 - INFO  - [NUDE][TRAIN] Epoch 8/100 Iter 200/390 Loss 0.5177 Top1 82.20 Top5 99.20
2025-12-30 03:21:31,471 - INFO  - [NUDE][TRAIN] Epoch 8/100 Iter 220/390 Loss 0.5176 Top1 82.08 Top5 99.21
2025-12-30 03:21:37,691 - INFO  - [NUDE][TRAIN] Epoch 8/100 Iter 240/390 Loss 0.5192 Top1 82.02 Top5 99.21
2025-12-30 03:21:43,615 - INFO  - [NUDE][TRAIN] Epoch 8/100 Iter 260/390 Loss 0.5158 Top1 82.18 Top5 99.23
2025-12-30 03:21:49,512 - INFO  - [NUDE][TRAIN] Epoch 8/100 Iter 280/390 Loss 0.5132 Top1 82.28 Top5 99.22
2025-12-30 03:21:55,555 - INFO  - [NUDE][TRAIN] Epoch 8/100 Iter 300/390 Loss 0.5120 Top1 82.34 Top5 99.21
2025-12-30 03:22:01,390 - INFO  - [NUDE][TRAIN] Epoch 8/100 Iter 320/390 Loss 0.5098 Top1 82.43 Top5 99.22
2025-12-30 03:22:07,927 - INFO  - [NUDE][TRAIN] Epoch 8/100 Iter 340/390 Loss 0.5082 Top1 82.42 Top5 99.23
2025-12-30 03:22:15,160 - INFO  - [NUDE][TRAIN] Epoch 8/100 Iter 360/390 Loss 0.5085 Top1 82.43 Top5 99.24
2025-12-30 03:22:21,305 - INFO  - [NUDE][TRAIN] Epoch 8/100 Iter 380/390 Loss 0.5094 Top1 82.40 Top5 99.24
2025-12-30 03:22:24,323 - INFO  - [NUDE] Validate: force max bit-width W/A = 6
2025-12-30 03:22:26,649 - INFO  - [NUDE][EPOCH] 8/100 Train: Top1=82.34 Top5=99.24 Loss=0.5109 | Val(EMA): Top1=19.44
2025-12-30 03:22:26,649 - INFO  -   ⏱️  本Epoch耗时: 2分1秒 | 平均Epoch耗时: 2分0秒 | 剩余Epoch数: 91
2025-12-30 03:22:26,649 - INFO  -   📅 预估剩余时间: 3小时3分30秒 | 预估完成时间: 2025-12-30 06:25:57
2025-12-30 03:22:27,408 - INFO  - ([9] Epoch) Saving checkpoint to:
             Current: /root/autodl-tmp/retraining-free-quantization/training/r18_c10_nude_0.02_all_bits_orth/r18_c10_nude_0.02_all_bits_orth_checkpoint.pth.tar

2025-12-30 03:22:27,411 - INFO  - 🎲 Epoch 9: FaultInjector seed rotated to 51
2025-12-30 03:22:27,418 - INFO  - [NUDE] Epoch 9: force max bit-width W/A = 6
2025-12-30 03:22:27,419 - INFO  - ================================================================================
2025-12-30 03:22:27,419 - INFO  - 🔥 [NUDE] BFAT ACTIVE
2025-12-30 03:22:27,419 - INFO  -    Loss Type: direct_ce
2025-12-30 03:22:27,419 - INFO  -    Proj Mode: orthogonal
2025-12-30 03:22:27,419 - INFO  -    Injection: All Bits
2025-12-30 03:22:27,419 - INFO  - ================================================================================
2025-12-30 03:22:33,572 - INFO  - [NUDE][TRAIN] Epoch 9/100 Iter 20/390 Loss 0.4863 Top1 82.58 Top5 99.49
2025-12-30 03:22:40,396 - INFO  - [NUDE][TRAIN] Epoch 9/100 Iter 40/390 Loss 0.4670 Top1 83.42 Top5 99.51
2025-12-30 03:22:46,944 - INFO  - [NUDE][TRAIN] Epoch 9/100 Iter 60/390 Loss 0.4737 Top1 83.41 Top5 99.38
2025-12-30 03:22:52,869 - INFO  - [NUDE][TRAIN] Epoch 9/100 Iter 80/390 Loss 0.4771 Top1 83.38 Top5 99.42
2025-12-30 03:22:58,870 - INFO  - [NUDE][TRAIN] Epoch 9/100 Iter 100/390 Loss 0.4794 Top1 83.29 Top5 99.38
2025-12-30 03:23:04,766 - INFO  - [NUDE][TRAIN] Epoch 9/100 Iter 120/390 Loss 0.4818 Top1 83.29 Top5 99.34
2025-12-30 03:23:10,665 - INFO  - [NUDE][TRAIN] Epoch 9/100 Iter 140/390 Loss 0.4786 Top1 83.51 Top5 99.34
2025-12-30 03:23:16,572 - INFO  - [NUDE][TRAIN] Epoch 9/100 Iter 160/390 Loss 0.4780 Top1 83.49 Top5 99.33
2025-12-30 03:23:22,431 - INFO  - [NUDE][TRAIN] Epoch 9/100 Iter 180/390 Loss 0.4766 Top1 83.60 Top5 99.32
2025-12-30 03:23:28,450 - INFO  - [NUDE][TRAIN] Epoch 9/100 Iter 200/390 Loss 0.4744 Top1 83.68 Top5 99.34
2025-12-30 03:23:34,447 - INFO  - [NUDE][TRAIN] Epoch 9/100 Iter 220/390 Loss 0.4768 Top1 83.60 Top5 99.33
2025-12-30 03:23:40,572 - INFO  - [NUDE][TRAIN] Epoch 9/100 Iter 240/390 Loss 0.4759 Top1 83.65 Top5 99.34
2025-12-30 03:23:46,670 - INFO  - [NUDE][TRAIN] Epoch 9/100 Iter 260/390 Loss 0.4747 Top1 83.69 Top5 99.33
2025-12-30 03:23:52,608 - INFO  - [NUDE][TRAIN] Epoch 9/100 Iter 280/390 Loss 0.4742 Top1 83.71 Top5 99.36
2025-12-30 03:23:58,610 - INFO  - [NUDE][TRAIN] Epoch 9/100 Iter 300/390 Loss 0.4754 Top1 83.71 Top5 99.34
2025-12-30 03:24:04,533 - INFO  - [NUDE][TRAIN] Epoch 9/100 Iter 320/390 Loss 0.4744 Top1 83.75 Top5 99.34
2025-12-30 03:24:10,738 - INFO  - [NUDE][TRAIN] Epoch 9/100 Iter 340/390 Loss 0.4739 Top1 83.76 Top5 99.33
2025-12-30 03:24:16,759 - INFO  - [NUDE][TRAIN] Epoch 9/100 Iter 360/390 Loss 0.4721 Top1 83.82 Top5 99.34
2025-12-30 03:24:23,358 - INFO  - [NUDE][TRAIN] Epoch 9/100 Iter 380/390 Loss 0.4699 Top1 83.91 Top5 99.36
2025-12-30 03:24:26,456 - INFO  - [NUDE] Validate: force max bit-width W/A = 6
2025-12-30 03:24:28,828 - INFO  - [NUDE][EPOCH] 9/100 Train: Top1=83.91 Top5=99.35 Loss=0.4700 | Val(EMA): Top1=23.53
2025-12-30 03:24:28,828 - INFO  -   ⏱️  本Epoch耗时: 2分1秒 | 平均Epoch耗时: 2分1秒 | 剩余Epoch数: 90
2025-12-30 03:24:28,828 - INFO  -   📅 预估剩余时间: 3小时1分48秒 | 预估完成时间: 2025-12-30 06:26:16
2025-12-30 03:24:29,442 - INFO  - ([10] Epoch) Saving checkpoint to:
             Current: /root/autodl-tmp/retraining-free-quantization/training/r18_c10_nude_0.02_all_bits_orth/r18_c10_nude_0.02_all_bits_orth_checkpoint.pth.tar

2025-12-30 03:24:29,445 - INFO  - 🎲 Epoch 10: FaultInjector seed rotated to 52
2025-12-30 03:24:29,453 - INFO  - [NUDE] Epoch 10: force max bit-width W/A = 6
2025-12-30 03:24:29,453 - INFO  - ================================================================================
2025-12-30 03:24:29,453 - INFO  - 🔥 [NUDE] BFAT ACTIVE
2025-12-30 03:24:29,453 - INFO  -    Loss Type: direct_ce
2025-12-30 03:24:29,453 - INFO  -    Proj Mode: orthogonal
2025-12-30 03:24:29,453 - INFO  -    Injection: All Bits
2025-12-30 03:24:29,453 - INFO  - ================================================================================
2025-12-30 03:24:35,700 - INFO  - [NUDE][TRAIN] Epoch 10/100 Iter 20/390 Loss 0.4460 Top1 84.38 Top5 99.61
2025-12-30 03:24:41,791 - INFO  - [NUDE][TRAIN] Epoch 10/100 Iter 40/390 Loss 0.4296 Top1 85.12 Top5 99.43
2025-12-30 03:24:47,745 - INFO  - [NUDE][TRAIN] Epoch 10/100 Iter 60/390 Loss 0.4250 Top1 85.29 Top5 99.53
2025-12-30 03:24:53,548 - INFO  - [NUDE][TRAIN] Epoch 10/100 Iter 80/390 Loss 0.4322 Top1 85.10 Top5 99.49
2025-12-30 03:24:59,527 - INFO  - [NUDE][TRAIN] Epoch 10/100 Iter 100/390 Loss 0.4338 Top1 84.86 Top5 99.52
2025-12-30 03:25:05,584 - INFO  - [NUDE][TRAIN] Epoch 10/100 Iter 120/390 Loss 0.4277 Top1 84.99 Top5 99.51
2025-12-30 03:25:11,625 - INFO  - [NUDE][TRAIN] Epoch 10/100 Iter 140/390 Loss 0.4320 Top1 84.85 Top5 99.51
2025-12-30 03:25:17,648 - INFO  - [NUDE][TRAIN] Epoch 10/100 Iter 160/390 Loss 0.4346 Top1 84.77 Top5 99.48
2025-12-30 03:25:23,606 - INFO  - [NUDE][TRAIN] Epoch 10/100 Iter 180/390 Loss 0.4333 Top1 84.77 Top5 99.48
2025-12-30 03:25:29,683 - INFO  - [NUDE][TRAIN] Epoch 10/100 Iter 200/390 Loss 0.4328 Top1 84.79 Top5 99.48
2025-12-30 03:25:35,607 - INFO  - [NUDE][TRAIN] Epoch 10/100 Iter 220/390 Loss 0.4339 Top1 84.70 Top5 99.47
2025-12-30 03:25:41,655 - INFO  - [NUDE][TRAIN] Epoch 10/100 Iter 240/390 Loss 0.4342 Top1 84.73 Top5 99.48
2025-12-30 03:25:47,686 - INFO  - [NUDE][TRAIN] Epoch 10/100 Iter 260/390 Loss 0.4330 Top1 84.79 Top5 99.49
2025-12-30 03:25:53,556 - INFO  - [NUDE][TRAIN] Epoch 10/100 Iter 280/390 Loss 0.4321 Top1 84.84 Top5 99.48
2025-12-30 03:25:59,720 - INFO  - [NUDE][TRAIN] Epoch 10/100 Iter 300/390 Loss 0.4320 Top1 84.90 Top5 99.47
2025-12-30 03:26:05,759 - INFO  - [NUDE][TRAIN] Epoch 10/100 Iter 320/390 Loss 0.4335 Top1 84.83 Top5 99.46
2025-12-30 03:26:11,650 - INFO  - [NUDE][TRAIN] Epoch 10/100 Iter 340/390 Loss 0.4330 Top1 84.86 Top5 99.46
2025-12-30 03:26:17,691 - INFO  - [NUDE][TRAIN] Epoch 10/100 Iter 360/390 Loss 0.4336 Top1 84.87 Top5 99.45
2025-12-30 03:26:24,227 - INFO  - [NUDE][TRAIN] Epoch 10/100 Iter 380/390 Loss 0.4344 Top1 84.86 Top5 99.44
2025-12-30 03:26:27,291 - INFO  - [NUDE] Validate: force max bit-width W/A = 6
2025-12-30 03:26:29,549 - INFO  - [NUDE][EPOCH] 10/100 Train: Top1=84.90 Top5=99.45 Loss=0.4333 | Val(EMA): Top1=29.00
2025-12-30 03:26:29,549 - INFO  -   ⏱️  本Epoch耗时: 2分0秒 | 平均Epoch耗时: 2分1秒 | 剩余Epoch数: 89
2025-12-30 03:26:29,549 - INFO  -   📅 预估剩余时间: 2小时59分33秒 | 预估完成时间: 2025-12-30 06:26:03
2025-12-30 03:26:30,147 - INFO  - ([11] Epoch) Saving checkpoint to:
             Current: /root/autodl-tmp/retraining-free-quantization/training/r18_c10_nude_0.02_all_bits_orth/r18_c10_nude_0.02_all_bits_orth_checkpoint.pth.tar

2025-12-30 03:26:30,149 - INFO  - 🎲 Epoch 11: FaultInjector seed rotated to 53
2025-12-30 03:26:30,157 - INFO  - [NUDE] Epoch 11: force max bit-width W/A = 6
2025-12-30 03:26:30,157 - INFO  - ================================================================================
2025-12-30 03:26:30,157 - INFO  - 🔥 [NUDE] BFAT ACTIVE
2025-12-30 03:26:30,158 - INFO  -    Loss Type: direct_ce
2025-12-30 03:26:30,158 - INFO  -    Proj Mode: orthogonal
2025-12-30 03:26:30,158 - INFO  -    Injection: All Bits
2025-12-30 03:26:30,158 - INFO  - ================================================================================
2025-12-30 03:26:36,365 - INFO  - [NUDE][TRAIN] Epoch 11/100 Iter 20/390 Loss 0.4110 Top1 86.02 Top5 99.53
2025-12-30 03:26:42,243 - INFO  - [NUDE][TRAIN] Epoch 11/100 Iter 40/390 Loss 0.4070 Top1 86.11 Top5 99.47
2025-12-30 03:26:48,306 - INFO  - [NUDE][TRAIN] Epoch 11/100 Iter 60/390 Loss 0.4064 Top1 86.18 Top5 99.45
2025-12-30 03:26:54,217 - INFO  - [NUDE][TRAIN] Epoch 11/100 Iter 80/390 Loss 0.4124 Top1 85.92 Top5 99.45
2025-12-30 03:27:00,250 - INFO  - [NUDE][TRAIN] Epoch 11/100 Iter 100/390 Loss 0.4092 Top1 86.00 Top5 99.47
2025-12-30 03:27:06,262 - INFO  - [NUDE][TRAIN] Epoch 11/100 Iter 120/390 Loss 0.4063 Top1 86.13 Top5 99.49
2025-12-30 03:27:12,286 - INFO  - [NUDE][TRAIN] Epoch 11/100 Iter 140/390 Loss 0.4044 Top1 86.21 Top5 99.47
2025-12-30 03:27:18,359 - INFO  - [NUDE][TRAIN] Epoch 11/100 Iter 160/390 Loss 0.4033 Top1 86.20 Top5 99.49
2025-12-30 03:27:24,338 - INFO  - [NUDE][TRAIN] Epoch 11/100 Iter 180/390 Loss 0.4004 Top1 86.28 Top5 99.49
2025-12-30 03:27:30,391 - INFO  - [NUDE][TRAIN] Epoch 11/100 Iter 200/390 Loss 0.4034 Top1 86.14 Top5 99.50
2025-12-30 03:27:36,405 - INFO  - [NUDE][TRAIN] Epoch 11/100 Iter 220/390 Loss 0.4049 Top1 86.14 Top5 99.49
2025-12-30 03:27:42,304 - INFO  - [NUDE][TRAIN] Epoch 11/100 Iter 240/390 Loss 0.4034 Top1 86.18 Top5 99.49
2025-12-30 03:27:48,327 - INFO  - [NUDE][TRAIN] Epoch 11/100 Iter 260/390 Loss 0.4046 Top1 86.17 Top5 99.49
2025-12-30 03:27:54,261 - INFO  - [NUDE][TRAIN] Epoch 11/100 Iter 280/390 Loss 0.4070 Top1 86.09 Top5 99.45
2025-12-30 03:28:00,297 - INFO  - [NUDE][TRAIN] Epoch 11/100 Iter 300/390 Loss 0.4056 Top1 86.10 Top5 99.45
2025-12-30 03:28:06,276 - INFO  - [NUDE][TRAIN] Epoch 11/100 Iter 320/390 Loss 0.4052 Top1 86.06 Top5 99.47
2025-12-30 03:28:12,105 - INFO  - [NUDE][TRAIN] Epoch 11/100 Iter 340/390 Loss 0.4051 Top1 86.06 Top5 99.47
2025-12-30 03:28:18,003 - INFO  - [NUDE][TRAIN] Epoch 11/100 Iter 360/390 Loss 0.4040 Top1 86.11 Top5 99.47
2025-12-30 03:28:23,900 - INFO  - [NUDE][TRAIN] Epoch 11/100 Iter 380/390 Loss 0.4042 Top1 86.10 Top5 99.48
2025-12-30 03:28:27,020 - INFO  - [NUDE] Validate: force max bit-width W/A = 6
2025-12-30 03:28:29,329 - INFO  - [NUDE][EPOCH] 11/100 Train: Top1=86.09 Top5=99.47 Loss=0.4047 | Val(EMA): Top1=33.67
2025-12-30 03:28:29,329 - INFO  -   ⏱️  本Epoch耗时: 1分59秒 | 平均Epoch耗时: 2分0秒 | 剩余Epoch数: 88
2025-12-30 03:28:29,329 - INFO  -   📅 预估剩余时间: 2小时57分6秒 | 预估完成时间: 2025-12-30 06:25:35
2025-12-30 03:28:29,830 - INFO  - ([12] Epoch) Saving checkpoint to:
             Current: /root/autodl-tmp/retraining-free-quantization/training/r18_c10_nude_0.02_all_bits_orth/r18_c10_nude_0.02_all_bits_orth_checkpoint.pth.tar

2025-12-30 03:28:29,833 - INFO  - 🎲 Epoch 12: FaultInjector seed rotated to 54
2025-12-30 03:28:29,843 - INFO  - [NUDE] Epoch 12: force max bit-width W/A = 6
2025-12-30 03:28:29,843 - INFO  - ================================================================================
2025-12-30 03:28:29,843 - INFO  - 🔥 [NUDE] BFAT ACTIVE
2025-12-30 03:28:29,843 - INFO  -    Loss Type: direct_ce
2025-12-30 03:28:29,843 - INFO  -    Proj Mode: orthogonal
2025-12-30 03:28:29,843 - INFO  -    Injection: All Bits
2025-12-30 03:28:29,843 - INFO  - ================================================================================
2025-12-30 03:28:36,100 - INFO  - [NUDE][TRAIN] Epoch 12/100 Iter 20/390 Loss 0.3477 Top1 88.40 Top5 99.65
2025-12-30 03:28:41,994 - INFO  - [NUDE][TRAIN] Epoch 12/100 Iter 40/390 Loss 0.3637 Top1 87.85 Top5 99.71
2025-12-30 03:28:48,162 - INFO  - [NUDE][TRAIN] Epoch 12/100 Iter 60/390 Loss 0.3672 Top1 87.53 Top5 99.65
2025-12-30 03:28:54,382 - INFO  - [NUDE][TRAIN] Epoch 12/100 Iter 80/390 Loss 0.3706 Top1 87.37 Top5 99.60
2025-12-30 03:29:00,337 - INFO  - [NUDE][TRAIN] Epoch 12/100 Iter 100/390 Loss 0.3705 Top1 87.25 Top5 99.59
2025-12-30 03:29:06,382 - INFO  - [NUDE][TRAIN] Epoch 12/100 Iter 120/390 Loss 0.3767 Top1 87.03 Top5 99.56
2025-12-30 03:29:12,335 - INFO  - [NUDE][TRAIN] Epoch 12/100 Iter 140/390 Loss 0.3760 Top1 87.03 Top5 99.55
2025-12-30 03:29:19,012 - INFO  - [NUDE][TRAIN] Epoch 12/100 Iter 160/390 Loss 0.3790 Top1 86.96 Top5 99.54
2025-12-30 03:29:25,373 - INFO  - [NUDE][TRAIN] Epoch 12/100 Iter 180/390 Loss 0.3799 Top1 86.88 Top5 99.55
2025-12-30 03:29:31,200 - INFO  - [NUDE][TRAIN] Epoch 12/100 Iter 200/390 Loss 0.3757 Top1 87.02 Top5 99.57
2025-12-30 03:29:37,228 - INFO  - [NUDE][TRAIN] Epoch 12/100 Iter 220/390 Loss 0.3743 Top1 87.04 Top5 99.59
2025-12-30 03:29:43,283 - INFO  - [NUDE][TRAIN] Epoch 12/100 Iter 240/390 Loss 0.3738 Top1 87.07 Top5 99.59
2025-12-30 03:29:49,623 - INFO  - [NUDE][TRAIN] Epoch 12/100 Iter 260/390 Loss 0.3735 Top1 87.13 Top5 99.58
2025-12-30 03:29:55,638 - INFO  - [NUDE][TRAIN] Epoch 12/100 Iter 280/390 Loss 0.3746 Top1 87.11 Top5 99.58
2025-12-30 03:30:01,389 - INFO  - [NUDE][TRAIN] Epoch 12/100 Iter 300/390 Loss 0.3747 Top1 87.13 Top5 99.58
2025-12-30 03:30:07,427 - INFO  - [NUDE][TRAIN] Epoch 12/100 Iter 320/390 Loss 0.3740 Top1 87.10 Top5 99.59
2025-12-30 03:30:13,420 - INFO  - [NUDE][TRAIN] Epoch 12/100 Iter 340/390 Loss 0.3739 Top1 87.10 Top5 99.60
2025-12-30 03:30:19,308 - INFO  - [NUDE][TRAIN] Epoch 12/100 Iter 360/390 Loss 0.3748 Top1 87.07 Top5 99.57
2025-12-30 03:30:25,374 - INFO  - [NUDE][TRAIN] Epoch 12/100 Iter 380/390 Loss 0.3743 Top1 87.11 Top5 99.58
2025-12-30 03:30:28,369 - INFO  - [NUDE] Validate: force max bit-width W/A = 6
2025-12-30 03:30:30,699 - INFO  - [NUDE][EPOCH] 12/100 Train: Top1=87.13 Top5=99.58 Loss=0.3738 | Val(EMA): Top1=40.41
2025-12-30 03:30:30,699 - INFO  -   ⏱️  本Epoch耗时: 2分0秒 | 平均Epoch耗时: 2分0秒 | 剩余Epoch数: 87
2025-12-30 03:30:30,699 - INFO  -   📅 预估剩余时间: 2小时54分52秒 | 预估完成时间: 2025-12-30 06:25:23
2025-12-30 03:30:31,335 - INFO  - ([13] Epoch) Saving checkpoint to:
             Current: /root/autodl-tmp/retraining-free-quantization/training/r18_c10_nude_0.02_all_bits_orth/r18_c10_nude_0.02_all_bits_orth_checkpoint.pth.tar

2025-12-30 03:30:31,338 - INFO  - 🎲 Epoch 13: FaultInjector seed rotated to 55
2025-12-30 03:30:31,348 - INFO  - [NUDE] Epoch 13: force max bit-width W/A = 6
2025-12-30 03:30:31,348 - INFO  - ================================================================================
2025-12-30 03:30:31,348 - INFO  - 🔥 [NUDE] BFAT ACTIVE
2025-12-30 03:30:31,348 - INFO  -    Loss Type: direct_ce
2025-12-30 03:30:31,348 - INFO  -    Proj Mode: orthogonal
2025-12-30 03:30:31,348 - INFO  -    Injection: All Bits
2025-12-30 03:30:31,348 - INFO  - ================================================================================
2025-12-30 03:30:37,645 - INFO  - [NUDE][TRAIN] Epoch 13/100 Iter 20/390 Loss 0.3569 Top1 87.50 Top5 99.53
2025-12-30 03:30:43,623 - INFO  - [NUDE][TRAIN] Epoch 13/100 Iter 40/390 Loss 0.3462 Top1 87.83 Top5 99.55
2025-12-30 03:30:49,572 - INFO  - [NUDE][TRAIN] Epoch 13/100 Iter 60/390 Loss 0.3563 Top1 87.50 Top5 99.58
2025-12-30 03:30:55,730 - INFO  - [NUDE][TRAIN] Epoch 13/100 Iter 80/390 Loss 0.3481 Top1 87.95 Top5 99.62
2025-12-30 03:31:01,617 - INFO  - [NUDE][TRAIN] Epoch 13/100 Iter 100/390 Loss 0.3474 Top1 87.96 Top5 99.62
2025-12-30 03:31:07,675 - INFO  - [NUDE][TRAIN] Epoch 13/100 Iter 120/390 Loss 0.3521 Top1 87.61 Top5 99.64
2025-12-30 03:31:13,659 - INFO  - [NUDE][TRAIN] Epoch 13/100 Iter 140/390 Loss 0.3550 Top1 87.64 Top5 99.61
2025-12-30 03:31:19,566 - INFO  - [NUDE][TRAIN] Epoch 13/100 Iter 160/390 Loss 0.3547 Top1 87.64 Top5 99.61
2025-12-30 03:31:25,573 - INFO  - [NUDE][TRAIN] Epoch 13/100 Iter 180/390 Loss 0.3553 Top1 87.60 Top5 99.61
2025-12-30 03:31:32,090 - INFO  - [NUDE][TRAIN] Epoch 13/100 Iter 200/390 Loss 0.3542 Top1 87.59 Top5 99.63
2025-12-30 03:31:38,188 - INFO  - [NUDE][TRAIN] Epoch 13/100 Iter 220/390 Loss 0.3536 Top1 87.68 Top5 99.63
2025-12-30 03:31:44,090 - INFO  - [NUDE][TRAIN] Epoch 13/100 Iter 240/390 Loss 0.3533 Top1 87.68 Top5 99.63
2025-12-30 03:31:49,917 - INFO  - [NUDE][TRAIN] Epoch 13/100 Iter 260/390 Loss 0.3548 Top1 87.63 Top5 99.64
2025-12-30 03:31:56,041 - INFO  - [NUDE][TRAIN] Epoch 13/100 Iter 280/390 Loss 0.3560 Top1 87.61 Top5 99.65
2025-12-30 03:32:01,937 - INFO  - [NUDE][TRAIN] Epoch 13/100 Iter 300/390 Loss 0.3550 Top1 87.64 Top5 99.65
2025-12-30 03:32:07,944 - INFO  - [NUDE][TRAIN] Epoch 13/100 Iter 320/390 Loss 0.3556 Top1 87.63 Top5 99.63
2025-12-30 03:32:13,970 - INFO  - [NUDE][TRAIN] Epoch 13/100 Iter 340/390 Loss 0.3548 Top1 87.69 Top5 99.62
2025-12-30 03:32:20,013 - INFO  - [NUDE][TRAIN] Epoch 13/100 Iter 360/390 Loss 0.3537 Top1 87.74 Top5 99.61
2025-12-30 03:32:26,141 - INFO  - [NUDE][TRAIN] Epoch 13/100 Iter 380/390 Loss 0.3526 Top1 87.78 Top5 99.61
2025-12-30 03:32:29,697 - INFO  - [NUDE] Validate: force max bit-width W/A = 6
2025-12-30 03:32:31,996 - INFO  - [NUDE][EPOCH] 13/100 Train: Top1=87.76 Top5=99.61 Loss=0.3539 | Val(EMA): Top1=47.69
2025-12-30 03:32:31,996 - INFO  -   ⏱️  本Epoch耗时: 2分0秒 | 平均Epoch耗时: 2分0秒 | 剩余Epoch数: 86
2025-12-30 03:32:31,996 - INFO  -   📅 预估剩余时间: 2小时52分38秒 | 预估完成时间: 2025-12-30 06:25:10
2025-12-30 03:32:32,746 - INFO  - ([14] Epoch) Saving checkpoint to:
             Current: /root/autodl-tmp/retraining-free-quantization/training/r18_c10_nude_0.02_all_bits_orth/r18_c10_nude_0.02_all_bits_orth_checkpoint.pth.tar

2025-12-30 03:32:32,750 - INFO  - 🎲 Epoch 14: FaultInjector seed rotated to 56
2025-12-30 03:32:32,758 - INFO  - [NUDE] Epoch 14: force max bit-width W/A = 6
2025-12-30 03:32:32,759 - INFO  - ================================================================================
2025-12-30 03:32:32,759 - INFO  - 🔥 [NUDE] BFAT ACTIVE
2025-12-30 03:32:32,759 - INFO  -    Loss Type: direct_ce
2025-12-30 03:32:32,759 - INFO  -    Proj Mode: orthogonal
2025-12-30 03:32:32,759 - INFO  -    Injection: All Bits
2025-12-30 03:32:32,759 - INFO  - ================================================================================
2025-12-30 03:32:39,018 - INFO  - [NUDE][TRAIN] Epoch 14/100 Iter 20/390 Loss 0.3036 Top1 89.65 Top5 99.57
2025-12-30 03:32:44,976 - INFO  - [NUDE][TRAIN] Epoch 14/100 Iter 40/390 Loss 0.3231 Top1 88.79 Top5 99.57
2025-12-30 03:32:50,848 - INFO  - [NUDE][TRAIN] Epoch 14/100 Iter 60/390 Loss 0.3276 Top1 88.65 Top5 99.48
2025-12-30 03:32:56,872 - INFO  - [NUDE][TRAIN] Epoch 14/100 Iter 80/390 Loss 0.3238 Top1 88.69 Top5 99.54
2025-12-30 03:33:02,766 - INFO  - [NUDE][TRAIN] Epoch 14/100 Iter 100/390 Loss 0.3195 Top1 88.87 Top5 99.54
2025-12-30 03:33:08,731 - INFO  - [NUDE][TRAIN] Epoch 14/100 Iter 120/390 Loss 0.3211 Top1 88.84 Top5 99.57
2025-12-30 03:33:14,613 - INFO  - [NUDE][TRAIN] Epoch 14/100 Iter 140/390 Loss 0.3204 Top1 88.87 Top5 99.59
2025-12-30 03:33:20,408 - INFO  - [NUDE][TRAIN] Epoch 14/100 Iter 160/390 Loss 0.3201 Top1 88.79 Top5 99.62
2025-12-30 03:33:26,417 - INFO  - [NUDE][TRAIN] Epoch 14/100 Iter 180/390 Loss 0.3214 Top1 88.82 Top5 99.64
2025-12-30 03:33:33,014 - INFO  - [NUDE][TRAIN] Epoch 14/100 Iter 200/390 Loss 0.3233 Top1 88.75 Top5 99.62
2025-12-30 03:33:39,001 - INFO  - [NUDE][TRAIN] Epoch 14/100 Iter 220/390 Loss 0.3245 Top1 88.64 Top5 99.62
2025-12-30 03:33:45,041 - INFO  - [NUDE][TRAIN] Epoch 14/100 Iter 240/390 Loss 0.3279 Top1 88.59 Top5 99.60
2025-12-30 03:33:50,959 - INFO  - [NUDE][TRAIN] Epoch 14/100 Iter 260/390 Loss 0.3290 Top1 88.54 Top5 99.61
2025-12-30 03:33:56,967 - INFO  - [NUDE][TRAIN] Epoch 14/100 Iter 280/390 Loss 0.3297 Top1 88.55 Top5 99.60
2025-12-30 03:34:02,943 - INFO  - [NUDE][TRAIN] Epoch 14/100 Iter 300/390 Loss 0.3294 Top1 88.56 Top5 99.60
2025-12-30 03:34:08,932 - INFO  - [NUDE][TRAIN] Epoch 14/100 Iter 320/390 Loss 0.3304 Top1 88.57 Top5 99.59
2025-12-30 03:34:14,940 - INFO  - [NUDE][TRAIN] Epoch 14/100 Iter 340/390 Loss 0.3316 Top1 88.55 Top5 99.59
2025-12-30 03:34:21,156 - INFO  - [NUDE][TRAIN] Epoch 14/100 Iter 360/390 Loss 0.3311 Top1 88.59 Top5 99.59
2025-12-30 03:34:27,256 - INFO  - [NUDE][TRAIN] Epoch 14/100 Iter 380/390 Loss 0.3326 Top1 88.53 Top5 99.58
2025-12-30 03:34:30,264 - INFO  - [NUDE] Validate: force max bit-width W/A = 6
2025-12-30 03:34:32,556 - INFO  - [NUDE][EPOCH] 14/100 Train: Top1=88.54 Top5=99.59 Loss=0.3320 | Val(EMA): Top1=54.71
2025-12-30 03:34:32,557 - INFO  -   ⏱️  本Epoch耗时: 1分59秒 | 平均Epoch耗时: 2分0秒 | 剩余Epoch数: 85
2025-12-30 03:34:32,557 - INFO  -   📅 预估剩余时间: 2小时50分10秒 | 预估完成时间: 2025-12-30 06:24:42
2025-12-30 03:34:33,139 - INFO  - ([15] Epoch) Saving checkpoint to:
             Current: /root/autodl-tmp/retraining-free-quantization/training/r18_c10_nude_0.02_all_bits_orth/r18_c10_nude_0.02_all_bits_orth_checkpoint.pth.tar

2025-12-30 03:34:33,142 - INFO  - 🎲 Epoch 15: FaultInjector seed rotated to 57
2025-12-30 03:34:33,151 - INFO  - [NUDE] Epoch 15: force max bit-width W/A = 6
2025-12-30 03:34:33,151 - INFO  - ================================================================================
2025-12-30 03:34:33,151 - INFO  - 🔥 [NUDE] BFAT ACTIVE
2025-12-30 03:34:33,151 - INFO  -    Loss Type: direct_ce
2025-12-30 03:34:33,151 - INFO  -    Proj Mode: orthogonal
2025-12-30 03:34:33,151 - INFO  -    Injection: All Bits
2025-12-30 03:34:33,151 - INFO  - ================================================================================
2025-12-30 03:34:39,447 - INFO  - [NUDE][TRAIN] Epoch 15/100 Iter 20/390 Loss 0.2926 Top1 89.88 Top5 99.65
2025-12-30 03:34:45,729 - INFO  - [NUDE][TRAIN] Epoch 15/100 Iter 40/390 Loss 0.3069 Top1 89.77 Top5 99.63
2025-12-30 03:34:51,389 - INFO  - [NUDE][TRAIN] Epoch 15/100 Iter 60/390 Loss 0.3116 Top1 89.64 Top5 99.61
2025-12-30 03:34:57,215 - INFO  - [NUDE][TRAIN] Epoch 15/100 Iter 80/390 Loss 0.3170 Top1 89.41 Top5 99.57
2025-12-30 03:35:02,932 - INFO  - [NUDE][TRAIN] Epoch 15/100 Iter 100/390 Loss 0.3155 Top1 89.50 Top5 99.62
2025-12-30 03:35:08,979 - INFO  - [NUDE][TRAIN] Epoch 15/100 Iter 120/390 Loss 0.3148 Top1 89.47 Top5 99.60
2025-12-30 03:35:15,038 - INFO  - [NUDE][TRAIN] Epoch 15/100 Iter 140/390 Loss 0.3137 Top1 89.49 Top5 99.61
2025-12-30 03:35:20,978 - INFO  - [NUDE][TRAIN] Epoch 15/100 Iter 160/390 Loss 0.3155 Top1 89.31 Top5 99.64
2025-12-30 03:35:27,052 - INFO  - [NUDE][TRAIN] Epoch 15/100 Iter 180/390 Loss 0.3122 Top1 89.38 Top5 99.66
2025-12-30 03:35:33,096 - INFO  - [NUDE][TRAIN] Epoch 15/100 Iter 200/390 Loss 0.3124 Top1 89.37 Top5 99.66
2025-12-30 03:35:39,227 - INFO  - [NUDE][TRAIN] Epoch 15/100 Iter 220/390 Loss 0.3130 Top1 89.38 Top5 99.66
2025-12-30 03:35:46,139 - INFO  - [NUDE][TRAIN] Epoch 15/100 Iter 240/390 Loss 0.3144 Top1 89.30 Top5 99.64
2025-12-30 03:35:51,972 - INFO  - [NUDE][TRAIN] Epoch 15/100 Iter 260/390 Loss 0.3147 Top1 89.31 Top5 99.65
2025-12-30 03:35:58,031 - INFO  - [NUDE][TRAIN] Epoch 15/100 Iter 280/390 Loss 0.3148 Top1 89.30 Top5 99.66
2025-12-30 03:36:04,068 - INFO  - [NUDE][TRAIN] Epoch 15/100 Iter 300/390 Loss 0.3152 Top1 89.30 Top5 99.65
2025-12-30 03:36:09,961 - INFO  - [NUDE][TRAIN] Epoch 15/100 Iter 320/390 Loss 0.3153 Top1 89.31 Top5 99.66
2025-12-30 03:36:15,976 - INFO  - [NUDE][TRAIN] Epoch 15/100 Iter 340/390 Loss 0.3159 Top1 89.25 Top5 99.65
2025-12-30 03:36:22,919 - INFO  - [NUDE][TRAIN] Epoch 15/100 Iter 360/390 Loss 0.3157 Top1 89.25 Top5 99.66
2025-12-30 03:36:28,856 - INFO  - [NUDE][TRAIN] Epoch 15/100 Iter 380/390 Loss 0.3162 Top1 89.23 Top5 99.66
2025-12-30 03:36:31,831 - INFO  - [NUDE] Validate: force max bit-width W/A = 6
2025-12-30 03:36:34,080 - INFO  - [NUDE][EPOCH] 15/100 Train: Top1=89.23 Top5=99.66 Loss=0.3161 | Val(EMA): Top1=61.19
2025-12-30 03:36:34,081 - INFO  -   ⏱️  本Epoch耗时: 2分0秒 | 平均Epoch耗时: 2分0秒 | 剩余Epoch数: 84
2025-12-30 03:36:34,081 - INFO  -   📅 预估剩余时间: 2小时48分24秒 | 预估完成时间: 2025-12-30 06:24:58
2025-12-30 03:36:34,901 - INFO  - ([16] Epoch) Saving checkpoint to:
             Current: /root/autodl-tmp/retraining-free-quantization/training/r18_c10_nude_0.02_all_bits_orth/r18_c10_nude_0.02_all_bits_orth_checkpoint.pth.tar

2025-12-30 03:36:34,904 - INFO  - 🎲 Epoch 16: FaultInjector seed rotated to 58
2025-12-30 03:36:34,911 - INFO  - [NUDE] Epoch 16: force max bit-width W/A = 6
2025-12-30 03:36:34,911 - INFO  - ================================================================================
2025-12-30 03:36:34,911 - INFO  - 🔥 [NUDE] BFAT ACTIVE
2025-12-30 03:36:34,912 - INFO  -    Loss Type: direct_ce
2025-12-30 03:36:34,912 - INFO  -    Proj Mode: orthogonal
2025-12-30 03:36:34,912 - INFO  -    Injection: All Bits
2025-12-30 03:36:34,912 - INFO  - ================================================================================
2025-12-30 03:36:40,995 - INFO  - [NUDE][TRAIN] Epoch 16/100 Iter 20/390 Loss 0.2918 Top1 90.35 Top5 99.61
2025-12-30 03:36:47,050 - INFO  - [NUDE][TRAIN] Epoch 16/100 Iter 40/390 Loss 0.2856 Top1 90.16 Top5 99.61
2025-12-30 03:36:53,009 - INFO  - [NUDE][TRAIN] Epoch 16/100 Iter 60/390 Loss 0.2896 Top1 89.99 Top5 99.65
2025-12-30 03:36:59,021 - INFO  - [NUDE][TRAIN] Epoch 16/100 Iter 80/390 Loss 0.2912 Top1 89.94 Top5 99.69
2025-12-30 03:37:05,030 - INFO  - [NUDE][TRAIN] Epoch 16/100 Iter 100/390 Loss 0.2862 Top1 90.05 Top5 99.73
2025-12-30 03:37:10,951 - INFO  - [NUDE][TRAIN] Epoch 16/100 Iter 120/390 Loss 0.2930 Top1 89.89 Top5 99.73
2025-12-30 03:37:17,325 - INFO  - [NUDE][TRAIN] Epoch 16/100 Iter 140/390 Loss 0.2943 Top1 89.91 Top5 99.70
2025-12-30 03:37:23,233 - INFO  - [NUDE][TRAIN] Epoch 16/100 Iter 160/390 Loss 0.2951 Top1 89.84 Top5 99.70
2025-12-30 03:37:29,433 - INFO  - [NUDE][TRAIN] Epoch 16/100 Iter 180/390 Loss 0.2972 Top1 89.75 Top5 99.71
2025-12-30 03:37:35,671 - INFO  - [NUDE][TRAIN] Epoch 16/100 Iter 200/390 Loss 0.2947 Top1 89.79 Top5 99.73
2025-12-30 03:37:41,584 - INFO  - [NUDE][TRAIN] Epoch 16/100 Iter 220/390 Loss 0.2946 Top1 89.78 Top5 99.72
2025-12-30 03:37:47,664 - INFO  - [NUDE][TRAIN] Epoch 16/100 Iter 240/390 Loss 0.2950 Top1 89.82 Top5 99.73
2025-12-30 03:37:53,628 - INFO  - [NUDE][TRAIN] Epoch 16/100 Iter 260/390 Loss 0.2942 Top1 89.86 Top5 99.74
2025-12-30 03:37:59,719 - INFO  - [NUDE][TRAIN] Epoch 16/100 Iter 280/390 Loss 0.2934 Top1 89.87 Top5 99.73
2025-12-30 03:38:05,874 - INFO  - [NUDE][TRAIN] Epoch 16/100 Iter 300/390 Loss 0.2951 Top1 89.84 Top5 99.73
2025-12-30 03:38:11,661 - INFO  - [NUDE][TRAIN] Epoch 16/100 Iter 320/390 Loss 0.2959 Top1 89.81 Top5 99.73
2025-12-30 03:38:17,575 - INFO  - [NUDE][TRAIN] Epoch 16/100 Iter 340/390 Loss 0.2978 Top1 89.73 Top5 99.73
2025-12-30 03:38:23,440 - INFO  - [NUDE][TRAIN] Epoch 16/100 Iter 360/390 Loss 0.2985 Top1 89.70 Top5 99.72
2025-12-30 03:38:29,445 - INFO  - [NUDE][TRAIN] Epoch 16/100 Iter 380/390 Loss 0.2982 Top1 89.71 Top5 99.73
2025-12-30 03:38:32,455 - INFO  - [NUDE] Validate: force max bit-width W/A = 6
2025-12-30 03:38:34,749 - INFO  - [NUDE][EPOCH] 16/100 Train: Top1=89.72 Top5=99.73 Loss=0.2982 | Val(EMA): Top1=68.22
2025-12-30 03:38:34,749 - INFO  -   ⏱️  本Epoch耗时: 1分59秒 | 平均Epoch耗时: 2分0秒 | 剩余Epoch数: 83
2025-12-30 03:38:34,749 - INFO  -   📅 预估剩余时间: 2小时46分35秒 | 预估完成时间: 2025-12-30 06:25:09
2025-12-30 03:38:35,562 - INFO  - ([17] Epoch) Saving checkpoint to:
             Current: /root/autodl-tmp/retraining-free-quantization/training/r18_c10_nude_0.02_all_bits_orth/r18_c10_nude_0.02_all_bits_orth_checkpoint.pth.tar

2025-12-30 03:38:35,565 - INFO  - 🎲 Epoch 17: FaultInjector seed rotated to 59
2025-12-30 03:38:35,572 - INFO  - [NUDE] Epoch 17: force max bit-width W/A = 6
2025-12-30 03:38:35,573 - INFO  - ================================================================================
2025-12-30 03:38:35,573 - INFO  - 🔥 [NUDE] BFAT ACTIVE
2025-12-30 03:38:35,573 - INFO  -    Loss Type: direct_ce
2025-12-30 03:38:35,573 - INFO  -    Proj Mode: orthogonal
2025-12-30 03:38:35,573 - INFO  -    Injection: All Bits
2025-12-30 03:38:35,573 - INFO  - ================================================================================
2025-12-30 03:38:41,740 - INFO  - [NUDE][TRAIN] Epoch 17/100 Iter 20/390 Loss 0.2563 Top1 91.33 Top5 99.65
2025-12-30 03:38:48,188 - INFO  - [NUDE][TRAIN] Epoch 17/100 Iter 40/390 Loss 0.2640 Top1 91.23 Top5 99.75
2025-12-30 03:38:54,141 - INFO  - [NUDE][TRAIN] Epoch 17/100 Iter 60/390 Loss 0.2659 Top1 91.13 Top5 99.79
2025-12-30 03:39:00,162 - INFO  - [NUDE][TRAIN] Epoch 17/100 Iter 80/390 Loss 0.2716 Top1 90.81 Top5 99.77
2025-12-30 03:39:06,210 - INFO  - [NUDE][TRAIN] Epoch 17/100 Iter 100/390 Loss 0.2766 Top1 90.66 Top5 99.74
2025-12-30 03:39:12,218 - INFO  - [NUDE][TRAIN] Epoch 17/100 Iter 120/390 Loss 0.2763 Top1 90.63 Top5 99.75
2025-12-30 03:39:18,681 - INFO  - [NUDE][TRAIN] Epoch 17/100 Iter 140/390 Loss 0.2778 Top1 90.52 Top5 99.73
2025-12-30 03:39:24,574 - INFO  - [NUDE][TRAIN] Epoch 17/100 Iter 160/390 Loss 0.2796 Top1 90.50 Top5 99.72
2025-12-30 03:39:30,566 - INFO  - [NUDE][TRAIN] Epoch 17/100 Iter 180/390 Loss 0.2796 Top1 90.50 Top5 99.73
2025-12-30 03:39:36,574 - INFO  - [NUDE][TRAIN] Epoch 17/100 Iter 200/390 Loss 0.2796 Top1 90.48 Top5 99.72
2025-12-30 03:39:42,479 - INFO  - [NUDE][TRAIN] Epoch 17/100 Iter 220/390 Loss 0.2803 Top1 90.42 Top5 99.71
2025-12-30 03:39:48,415 - INFO  - [NUDE][TRAIN] Epoch 17/100 Iter 240/390 Loss 0.2824 Top1 90.38 Top5 99.70
2025-12-30 03:39:54,204 - INFO  - [NUDE][TRAIN] Epoch 17/100 Iter 260/390 Loss 0.2813 Top1 90.38 Top5 99.71
2025-12-30 03:40:00,121 - INFO  - [NUDE][TRAIN] Epoch 17/100 Iter 280/390 Loss 0.2842 Top1 90.27 Top5 99.72
2025-12-30 03:40:06,161 - INFO  - [NUDE][TRAIN] Epoch 17/100 Iter 300/390 Loss 0.2833 Top1 90.32 Top5 99.71
2025-12-30 03:40:12,272 - INFO  - [NUDE][TRAIN] Epoch 17/100 Iter 320/390 Loss 0.2825 Top1 90.35 Top5 99.71
2025-12-30 03:40:18,517 - INFO  - [NUDE][TRAIN] Epoch 17/100 Iter 340/390 Loss 0.2826 Top1 90.35 Top5 99.70
2025-12-30 03:40:24,675 - INFO  - [NUDE][TRAIN] Epoch 17/100 Iter 360/390 Loss 0.2825 Top1 90.36 Top5 99.70
2025-12-30 03:40:31,622 - INFO  - [NUDE][TRAIN] Epoch 17/100 Iter 380/390 Loss 0.2820 Top1 90.34 Top5 99.70
2025-12-30 03:40:34,646 - INFO  - [NUDE] Validate: force max bit-width W/A = 6
2025-12-30 03:40:36,931 - INFO  - [NUDE][EPOCH] 17/100 Train: Top1=90.31 Top5=99.70 Loss=0.2824 | Val(EMA): Top1=73.67
2025-12-30 03:40:36,931 - INFO  -   ⏱️  本Epoch耗时: 2分1秒 | 平均Epoch耗时: 2分0秒 | 剩余Epoch数: 82
2025-12-30 03:40:36,931 - INFO  -   📅 预估剩余时间: 2小时44分42秒 | 预估完成时间: 2025-12-30 06:25:19
2025-12-30 03:40:37,803 - INFO  - ([18] Epoch) Saving checkpoint to:
             Current: /root/autodl-tmp/retraining-free-quantization/training/r18_c10_nude_0.02_all_bits_orth/r18_c10_nude_0.02_all_bits_orth_checkpoint.pth.tar

2025-12-30 03:40:37,806 - INFO  - 🎲 Epoch 18: FaultInjector seed rotated to 60
2025-12-30 03:40:37,814 - INFO  - [NUDE] Epoch 18: force max bit-width W/A = 6
2025-12-30 03:40:37,814 - INFO  - ================================================================================
2025-12-30 03:40:37,814 - INFO  - 🔥 [NUDE] BFAT ACTIVE
2025-12-30 03:40:37,814 - INFO  -    Loss Type: direct_ce
2025-12-30 03:40:37,814 - INFO  -    Proj Mode: orthogonal
2025-12-30 03:40:37,814 - INFO  -    Injection: All Bits
2025-12-30 03:40:37,814 - INFO  - ================================================================================
2025-12-30 03:40:43,927 - INFO  - [NUDE][TRAIN] Epoch 18/100 Iter 20/390 Loss 0.2409 Top1 91.88 Top5 99.84
2025-12-30 03:40:50,303 - INFO  - [NUDE][TRAIN] Epoch 18/100 Iter 40/390 Loss 0.2376 Top1 91.99 Top5 99.90
2025-12-30 03:40:56,242 - INFO  - [NUDE][TRAIN] Epoch 18/100 Iter 60/390 Loss 0.2456 Top1 91.47 Top5 99.86
2025-12-30 03:41:02,281 - INFO  - [NUDE][TRAIN] Epoch 18/100 Iter 80/390 Loss 0.2490 Top1 91.38 Top5 99.84
2025-12-30 03:41:08,294 - INFO  - [NUDE][TRAIN] Epoch 18/100 Iter 100/390 Loss 0.2529 Top1 91.20 Top5 99.83
2025-12-30 03:41:14,260 - INFO  - [NUDE][TRAIN] Epoch 18/100 Iter 120/390 Loss 0.2555 Top1 91.20 Top5 99.82
2025-12-30 03:41:20,346 - INFO  - [NUDE][TRAIN] Epoch 18/100 Iter 140/390 Loss 0.2569 Top1 91.13 Top5 99.83
2025-12-30 03:41:26,245 - INFO  - [NUDE][TRAIN] Epoch 18/100 Iter 160/390 Loss 0.2568 Top1 91.13 Top5 99.82
2025-12-30 03:41:32,410 - INFO  - [NUDE][TRAIN] Epoch 18/100 Iter 180/390 Loss 0.2560 Top1 91.22 Top5 99.83
2025-12-30 03:41:38,239 - INFO  - [NUDE][TRAIN] Epoch 18/100 Iter 200/390 Loss 0.2592 Top1 91.12 Top5 99.81
2025-12-30 03:41:44,021 - INFO  - [NUDE][TRAIN] Epoch 18/100 Iter 220/390 Loss 0.2605 Top1 91.05 Top5 99.81
2025-12-30 03:41:50,087 - INFO  - [NUDE][TRAIN] Epoch 18/100 Iter 240/390 Loss 0.2620 Top1 91.02 Top5 99.80
2025-12-30 03:41:56,021 - INFO  - [NUDE][TRAIN] Epoch 18/100 Iter 260/390 Loss 0.2600 Top1 91.05 Top5 99.80
2025-12-30 03:42:02,125 - INFO  - [NUDE][TRAIN] Epoch 18/100 Iter 280/390 Loss 0.2606 Top1 91.02 Top5 99.80
2025-12-30 03:42:08,145 - INFO  - [NUDE][TRAIN] Epoch 18/100 Iter 300/390 Loss 0.2609 Top1 91.02 Top5 99.81
2025-12-30 03:42:14,067 - INFO  - [NUDE][TRAIN] Epoch 18/100 Iter 320/390 Loss 0.2630 Top1 90.95 Top5 99.80
2025-12-30 03:42:20,089 - INFO  - [NUDE][TRAIN] Epoch 18/100 Iter 340/390 Loss 0.2632 Top1 90.93 Top5 99.79
2025-12-30 03:42:26,016 - INFO  - [NUDE][TRAIN] Epoch 18/100 Iter 360/390 Loss 0.2634 Top1 90.90 Top5 99.79
2025-12-30 03:42:32,178 - INFO  - [NUDE][TRAIN] Epoch 18/100 Iter 380/390 Loss 0.2646 Top1 90.87 Top5 99.78
2025-12-30 03:42:35,414 - INFO  - [NUDE] Validate: force max bit-width W/A = 6
2025-12-30 03:42:37,694 - INFO  - [NUDE][EPOCH] 18/100 Train: Top1=90.87 Top5=99.78 Loss=0.2652 | Val(EMA): Top1=78.20
2025-12-30 03:42:37,694 - INFO  -   ⏱️  本Epoch耗时: 1分59秒 | 平均Epoch耗时: 2分0秒 | 剩余Epoch数: 81
2025-12-30 03:42:37,694 - INFO  -   📅 预估剩余时间: 2小时42分29秒 | 预估完成时间: 2025-12-30 06:25:07
2025-12-30 03:42:38,434 - INFO  - ([19] Epoch) Saving checkpoint to:
             Current: /root/autodl-tmp/retraining-free-quantization/training/r18_c10_nude_0.02_all_bits_orth/r18_c10_nude_0.02_all_bits_orth_checkpoint.pth.tar

2025-12-30 03:42:38,437 - INFO  - 🎲 Epoch 19: FaultInjector seed rotated to 61
2025-12-30 03:42:38,444 - INFO  - [NUDE] Epoch 19: force max bit-width W/A = 6
2025-12-30 03:42:38,444 - INFO  - ================================================================================
2025-12-30 03:42:38,445 - INFO  - 🔥 [NUDE] BFAT ACTIVE
2025-12-30 03:42:38,445 - INFO  -    Loss Type: direct_ce
2025-12-30 03:42:38,445 - INFO  -    Proj Mode: orthogonal
2025-12-30 03:42:38,445 - INFO  -    Injection: All Bits
2025-12-30 03:42:38,445 - INFO  - ================================================================================
2025-12-30 03:42:44,571 - INFO  - [NUDE][TRAIN] Epoch 19/100 Iter 20/390 Loss 0.2209 Top1 92.50 Top5 99.80
2025-12-30 03:42:50,633 - INFO  - [NUDE][TRAIN] Epoch 19/100 Iter 40/390 Loss 0.2353 Top1 91.86 Top5 99.79
2025-12-30 03:42:56,621 - INFO  - [NUDE][TRAIN] Epoch 19/100 Iter 60/390 Loss 0.2429 Top1 91.47 Top5 99.80
2025-12-30 03:43:02,623 - INFO  - [NUDE][TRAIN] Epoch 19/100 Iter 80/390 Loss 0.2394 Top1 91.62 Top5 99.80
2025-12-30 03:43:08,583 - INFO  - [NUDE][TRAIN] Epoch 19/100 Iter 100/390 Loss 0.2392 Top1 91.61 Top5 99.79
2025-12-30 03:43:14,365 - INFO  - [NUDE][TRAIN] Epoch 19/100 Iter 120/390 Loss 0.2411 Top1 91.52 Top5 99.79
2025-12-30 03:43:20,276 - INFO  - [NUDE][TRAIN] Epoch 19/100 Iter 140/390 Loss 0.2432 Top1 91.50 Top5 99.77
2025-12-30 03:43:26,228 - INFO  - [NUDE][TRAIN] Epoch 19/100 Iter 160/390 Loss 0.2446 Top1 91.41 Top5 99.78
2025-12-30 03:43:32,350 - INFO  - [NUDE][TRAIN] Epoch 19/100 Iter 180/390 Loss 0.2439 Top1 91.46 Top5 99.78
2025-12-30 03:43:38,326 - INFO  - [NUDE][TRAIN] Epoch 19/100 Iter 200/390 Loss 0.2458 Top1 91.37 Top5 99.78
2025-12-30 03:43:44,273 - INFO  - [NUDE][TRAIN] Epoch 19/100 Iter 220/390 Loss 0.2466 Top1 91.36 Top5 99.78
2025-12-30 03:43:50,294 - INFO  - [NUDE][TRAIN] Epoch 19/100 Iter 240/390 Loss 0.2467 Top1 91.38 Top5 99.77
2025-12-30 03:43:56,220 - INFO  - [NUDE][TRAIN] Epoch 19/100 Iter 260/390 Loss 0.2477 Top1 91.38 Top5 99.77
2025-12-30 03:44:02,241 - INFO  - [NUDE][TRAIN] Epoch 19/100 Iter 280/390 Loss 0.2489 Top1 91.36 Top5 99.78
2025-12-30 03:44:08,251 - INFO  - [NUDE][TRAIN] Epoch 19/100 Iter 300/390 Loss 0.2497 Top1 91.37 Top5 99.79
2025-12-30 03:44:14,156 - INFO  - [NUDE][TRAIN] Epoch 19/100 Iter 320/390 Loss 0.2497 Top1 91.35 Top5 99.78
2025-12-30 03:44:20,168 - INFO  - [NUDE][TRAIN] Epoch 19/100 Iter 340/390 Loss 0.2489 Top1 91.36 Top5 99.79
2025-12-30 03:44:26,119 - INFO  - [NUDE][TRAIN] Epoch 19/100 Iter 360/390 Loss 0.2488 Top1 91.38 Top5 99.79
2025-12-30 03:44:32,152 - INFO  - [NUDE][TRAIN] Epoch 19/100 Iter 380/390 Loss 0.2491 Top1 91.37 Top5 99.79
2025-12-30 03:44:35,148 - INFO  - [NUDE] Validate: force max bit-width W/A = 6
2025-12-30 03:44:37,449 - INFO  - [NUDE][EPOCH] 19/100 Train: Top1=91.37 Top5=99.79 Loss=0.2493 | Val(EMA): Top1=81.64
2025-12-30 03:44:37,449 - INFO  -   ⏱️  本Epoch耗时: 1分59秒 | 平均Epoch耗时: 2分0秒 | 剩余Epoch数: 80
2025-12-30 03:44:37,449 - INFO  -   📅 预估剩余时间: 2小时40分16秒 | 预估完成时间: 2025-12-30 06:24:54
2025-12-30 03:44:38,246 - INFO  - ([20] Epoch) Saving checkpoint to:
             Current: /root/autodl-tmp/retraining-free-quantization/training/r18_c10_nude_0.02_all_bits_orth/r18_c10_nude_0.02_all_bits_orth_checkpoint.pth.tar

2025-12-30 03:44:38,249 - INFO  - 🎲 Epoch 20: FaultInjector seed rotated to 62
2025-12-30 03:44:38,257 - INFO  - [NUDE] Epoch 20: force max bit-width W/A = 6
2025-12-30 03:44:38,257 - INFO  - ================================================================================
2025-12-30 03:44:38,257 - INFO  - 🔥 [NUDE] BFAT ACTIVE
2025-12-30 03:44:38,257 - INFO  -    Loss Type: direct_ce
2025-12-30 03:44:38,257 - INFO  -    Proj Mode: orthogonal
2025-12-30 03:44:38,257 - INFO  -    Injection: All Bits
2025-12-30 03:44:38,258 - INFO  - ================================================================================
2025-12-30 03:44:44,577 - INFO  - [NUDE][TRAIN] Epoch 20/100 Iter 20/390 Loss 0.2392 Top1 91.68 Top5 99.77
2025-12-30 03:44:50,567 - INFO  - [NUDE][TRAIN] Epoch 20/100 Iter 40/390 Loss 0.2351 Top1 91.80 Top5 99.80
2025-12-30 03:44:56,409 - INFO  - [NUDE][TRAIN] Epoch 20/100 Iter 60/390 Loss 0.2330 Top1 91.91 Top5 99.80
2025-12-30 03:45:02,353 - INFO  - [NUDE][TRAIN] Epoch 20/100 Iter 80/390 Loss 0.2335 Top1 91.79 Top5 99.82
2025-12-30 03:45:08,437 - INFO  - [NUDE][TRAIN] Epoch 20/100 Iter 100/390 Loss 0.2371 Top1 91.81 Top5 99.80
2025-12-30 03:45:14,364 - INFO  - [NUDE][TRAIN] Epoch 20/100 Iter 120/390 Loss 0.2397 Top1 91.78 Top5 99.80
2025-12-30 03:45:20,370 - INFO  - [NUDE][TRAIN] Epoch 20/100 Iter 140/390 Loss 0.2390 Top1 91.81 Top5 99.82
2025-12-30 03:45:26,285 - INFO  - [NUDE][TRAIN] Epoch 20/100 Iter 160/390 Loss 0.2374 Top1 91.84 Top5 99.83
2025-12-30 03:45:32,291 - INFO  - [NUDE][TRAIN] Epoch 20/100 Iter 180/390 Loss 0.2384 Top1 91.78 Top5 99.82
2025-12-30 03:45:38,385 - INFO  - [NUDE][TRAIN] Epoch 20/100 Iter 200/390 Loss 0.2391 Top1 91.74 Top5 99.82
2025-12-30 03:45:44,375 - INFO  - [NUDE][TRAIN] Epoch 20/100 Iter 220/390 Loss 0.2369 Top1 91.81 Top5 99.83
2025-12-30 03:45:50,438 - INFO  - [NUDE][TRAIN] Epoch 20/100 Iter 240/390 Loss 0.2385 Top1 91.76 Top5 99.81
2025-12-30 03:45:56,409 - INFO  - [NUDE][TRAIN] Epoch 20/100 Iter 260/390 Loss 0.2408 Top1 91.73 Top5 99.81
2025-12-30 03:46:02,431 - INFO  - [NUDE][TRAIN] Epoch 20/100 Iter 280/390 Loss 0.2414 Top1 91.70 Top5 99.80
2025-12-30 03:46:08,475 - INFO  - [NUDE][TRAIN] Epoch 20/100 Iter 300/390 Loss 0.2406 Top1 91.72 Top5 99.80
2025-12-30 03:46:14,406 - INFO  - [NUDE][TRAIN] Epoch 20/100 Iter 320/390 Loss 0.2403 Top1 91.74 Top5 99.80
2025-12-30 03:46:20,880 - INFO  - [NUDE][TRAIN] Epoch 20/100 Iter 340/390 Loss 0.2411 Top1 91.74 Top5 99.80
2025-12-30 03:46:27,302 - INFO  - [NUDE][TRAIN] Epoch 20/100 Iter 360/390 Loss 0.2408 Top1 91.72 Top5 99.80
2025-12-30 03:46:33,300 - INFO  - [NUDE][TRAIN] Epoch 20/100 Iter 380/390 Loss 0.2409 Top1 91.74 Top5 99.80
2025-12-30 03:46:36,189 - INFO  - [NUDE] Validate: force max bit-width W/A = 6
2025-12-30 03:46:38,482 - INFO  - [NUDE][EPOCH] 20/100 Train: Top1=91.75 Top5=99.80 Loss=0.2407 | Val(EMA): Top1=83.97
2025-12-30 03:46:38,482 - INFO  -   ⏱️  本Epoch耗时: 2分0秒 | 平均Epoch耗时: 2分0秒 | 剩余Epoch数: 79
2025-12-30 03:46:38,482 - INFO  -   📅 预估剩余时间: 2小时38分5秒 | 预估完成时间: 2025-12-30 06:24:43
2025-12-30 03:46:39,370 - INFO  - ([21] Epoch) Saving checkpoint to:
             Current: /root/autodl-tmp/retraining-free-quantization/training/r18_c10_nude_0.02_all_bits_orth/r18_c10_nude_0.02_all_bits_orth_checkpoint.pth.tar

2025-12-30 03:46:39,374 - INFO  - 🎲 Epoch 21: FaultInjector seed rotated to 63
2025-12-30 03:46:39,382 - INFO  - [NUDE] Epoch 21: force max bit-width W/A = 6
2025-12-30 03:46:39,383 - INFO  - ================================================================================
2025-12-30 03:46:39,383 - INFO  - 🔥 [NUDE] BFAT ACTIVE
2025-12-30 03:46:39,383 - INFO  -    Loss Type: direct_ce
2025-12-30 03:46:39,383 - INFO  -    Proj Mode: orthogonal
2025-12-30 03:46:39,383 - INFO  -    Injection: All Bits
2025-12-30 03:46:39,383 - INFO  - ================================================================================
2025-12-30 03:46:45,421 - INFO  - [NUDE][TRAIN] Epoch 21/100 Iter 20/390 Loss 0.2231 Top1 92.58 Top5 99.88
2025-12-30 03:46:51,397 - INFO  - [NUDE][TRAIN] Epoch 21/100 Iter 40/390 Loss 0.2246 Top1 92.44 Top5 99.86
2025-12-30 03:46:57,250 - INFO  - [NUDE][TRAIN] Epoch 21/100 Iter 60/390 Loss 0.2212 Top1 92.59 Top5 99.86
2025-12-30 03:47:03,843 - INFO  - [NUDE][TRAIN] Epoch 21/100 Iter 80/390 Loss 0.2227 Top1 92.43 Top5 99.84
2025-12-30 03:47:11,082 - INFO  - [NUDE][TRAIN] Epoch 21/100 Iter 100/390 Loss 0.2252 Top1 92.44 Top5 99.80
2025-12-30 03:47:16,977 - INFO  - [NUDE][TRAIN] Epoch 21/100 Iter 120/390 Loss 0.2218 Top1 92.43 Top5 99.82
2025-12-30 03:47:23,061 - INFO  - [NUDE][TRAIN] Epoch 21/100 Iter 140/390 Loss 0.2227 Top1 92.39 Top5 99.81
2025-12-30 03:47:29,029 - INFO  - [NUDE][TRAIN] Epoch 21/100 Iter 160/390 Loss 0.2232 Top1 92.31 Top5 99.82
2025-12-30 03:47:35,122 - INFO  - [NUDE][TRAIN] Epoch 21/100 Iter 180/390 Loss 0.2239 Top1 92.28 Top5 99.82
2025-12-30 03:47:41,163 - INFO  - [NUDE][TRAIN] Epoch 21/100 Iter 200/390 Loss 0.2264 Top1 92.24 Top5 99.80
2025-12-30 03:47:47,200 - INFO  - [NUDE][TRAIN] Epoch 21/100 Iter 220/390 Loss 0.2240 Top1 92.31 Top5 99.82
2025-12-30 03:47:53,204 - INFO  - [NUDE][TRAIN] Epoch 21/100 Iter 240/390 Loss 0.2258 Top1 92.24 Top5 99.81
2025-12-30 03:47:59,137 - INFO  - [NUDE][TRAIN] Epoch 21/100 Iter 260/390 Loss 0.2243 Top1 92.26 Top5 99.80
2025-12-30 03:48:05,160 - INFO  - [NUDE][TRAIN] Epoch 21/100 Iter 280/390 Loss 0.2268 Top1 92.20 Top5 99.80
2025-12-30 03:48:11,078 - INFO  - [NUDE][TRAIN] Epoch 21/100 Iter 300/390 Loss 0.2269 Top1 92.17 Top5 99.80
2025-12-30 03:48:16,868 - INFO  - [NUDE][TRAIN] Epoch 21/100 Iter 320/390 Loss 0.2271 Top1 92.18 Top5 99.80
2025-12-30 03:48:22,883 - INFO  - [NUDE][TRAIN] Epoch 21/100 Iter 340/390 Loss 0.2266 Top1 92.20 Top5 99.81
2025-12-30 03:48:28,803 - INFO  - [NUDE][TRAIN] Epoch 21/100 Iter 360/390 Loss 0.2272 Top1 92.19 Top5 99.81
2025-12-30 03:48:35,104 - INFO  - [NUDE][TRAIN] Epoch 21/100 Iter 380/390 Loss 0.2281 Top1 92.17 Top5 99.81
2025-12-30 03:48:38,099 - INFO  - [NUDE] Validate: force max bit-width W/A = 6
2025-12-30 03:48:40,380 - INFO  - [NUDE][EPOCH] 21/100 Train: Top1=92.17 Top5=99.82 Loss=0.2280 | Val(EMA): Top1=85.93
2025-12-30 03:48:40,380 - INFO  -   ⏱️  本Epoch耗时: 2分1秒 | 平均Epoch耗时: 2分0秒 | 剩余Epoch数: 78
2025-12-30 03:48:40,380 - INFO  -   📅 预估剩余时间: 2小时36分23秒 | 预估完成时间: 2025-12-30 06:25:03
2025-12-30 03:48:41,251 - INFO  - ([22] Epoch) Saving checkpoint to:
             Current: /root/autodl-tmp/retraining-free-quantization/training/r18_c10_nude_0.02_all_bits_orth/r18_c10_nude_0.02_all_bits_orth_checkpoint.pth.tar

2025-12-30 03:48:41,254 - INFO  - 🎲 Epoch 22: FaultInjector seed rotated to 64
2025-12-30 03:48:41,262 - INFO  - [NUDE] Epoch 22: force max bit-width W/A = 6
2025-12-30 03:48:41,262 - INFO  - ================================================================================
2025-12-30 03:48:41,262 - INFO  - 🔥 [NUDE] BFAT ACTIVE
2025-12-30 03:48:41,262 - INFO  -    Loss Type: direct_ce
2025-12-30 03:48:41,262 - INFO  -    Proj Mode: orthogonal
2025-12-30 03:48:41,262 - INFO  -    Injection: All Bits
2025-12-30 03:48:41,262 - INFO  - ================================================================================
2025-12-30 03:48:47,408 - INFO  - [NUDE][TRAIN] Epoch 22/100 Iter 20/390 Loss 0.2104 Top1 93.20 Top5 99.96
2025-12-30 03:48:53,466 - INFO  - [NUDE][TRAIN] Epoch 22/100 Iter 40/390 Loss 0.2047 Top1 93.12 Top5 99.86
2025-12-30 03:48:59,381 - INFO  - [NUDE][TRAIN] Epoch 22/100 Iter 60/390 Loss 0.2090 Top1 92.80 Top5 99.88
2025-12-30 03:49:05,407 - INFO  - [NUDE][TRAIN] Epoch 22/100 Iter 80/390 Loss 0.2133 Top1 92.76 Top5 99.83
2025-12-30 03:49:11,433 - INFO  - [NUDE][TRAIN] Epoch 22/100 Iter 100/390 Loss 0.2129 Top1 92.75 Top5 99.84
2025-12-30 03:49:17,377 - INFO  - [NUDE][TRAIN] Epoch 22/100 Iter 120/390 Loss 0.2108 Top1 92.76 Top5 99.85
2025-12-30 03:49:23,401 - INFO  - [NUDE][TRAIN] Epoch 22/100 Iter 140/390 Loss 0.2100 Top1 92.76 Top5 99.86
2025-12-30 03:49:29,288 - INFO  - [NUDE][TRAIN] Epoch 22/100 Iter 160/390 Loss 0.2096 Top1 92.80 Top5 99.87
2025-12-30 03:49:35,445 - INFO  - [NUDE][TRAIN] Epoch 22/100 Iter 180/390 Loss 0.2123 Top1 92.74 Top5 99.87
2025-12-30 03:49:41,452 - INFO  - [NUDE][TRAIN] Epoch 22/100 Iter 200/390 Loss 0.2124 Top1 92.81 Top5 99.86
2025-12-30 03:49:47,719 - INFO  - [NUDE][TRAIN] Epoch 22/100 Iter 220/390 Loss 0.2128 Top1 92.80 Top5 99.86
2025-12-30 03:49:54,290 - INFO  - [NUDE][TRAIN] Epoch 22/100 Iter 240/390 Loss 0.2152 Top1 92.71 Top5 99.86
2025-12-30 03:49:59,984 - INFO  - [NUDE][TRAIN] Epoch 22/100 Iter 260/390 Loss 0.2146 Top1 92.67 Top5 99.86
2025-12-30 03:50:06,308 - INFO  - [NUDE][TRAIN] Epoch 22/100 Iter 280/390 Loss 0.2161 Top1 92.65 Top5 99.86
2025-12-30 03:50:12,302 - INFO  - [NUDE][TRAIN] Epoch 22/100 Iter 300/390 Loss 0.2163 Top1 92.61 Top5 99.87
2025-12-30 03:50:18,276 - INFO  - [NUDE][TRAIN] Epoch 22/100 Iter 320/390 Loss 0.2162 Top1 92.58 Top5 99.87
2025-12-30 03:50:24,251 - INFO  - [NUDE][TRAIN] Epoch 22/100 Iter 340/390 Loss 0.2166 Top1 92.59 Top5 99.86
2025-12-30 03:50:30,240 - INFO  - [NUDE][TRAIN] Epoch 22/100 Iter 360/390 Loss 0.2168 Top1 92.59 Top5 99.85
2025-12-30 03:50:36,265 - INFO  - [NUDE][TRAIN] Epoch 22/100 Iter 380/390 Loss 0.2169 Top1 92.55 Top5 99.86
2025-12-30 03:50:39,271 - INFO  - [NUDE] Validate: force max bit-width W/A = 6
2025-12-30 03:50:41,581 - INFO  - [NUDE][EPOCH] 22/100 Train: Top1=92.53 Top5=99.86 Loss=0.2173 | Val(EMA): Top1=87.00
2025-12-30 03:50:41,581 - INFO  -   ⏱️  本Epoch耗时: 2分0秒 | 平均Epoch耗时: 2分0秒 | 剩余Epoch数: 77
2025-12-30 03:50:41,581 - INFO  -   📅 预估剩余时间: 2小时34分7秒 | 预估完成时间: 2025-12-30 06:24:48
2025-12-30 03:50:42,382 - INFO  - ([23] Epoch) Saving checkpoint to:
             Current: /root/autodl-tmp/retraining-free-quantization/training/r18_c10_nude_0.02_all_bits_orth/r18_c10_nude_0.02_all_bits_orth_checkpoint.pth.tar

2025-12-30 03:50:42,385 - INFO  - 🎲 Epoch 23: FaultInjector seed rotated to 65
2025-12-30 03:50:42,393 - INFO  - [NUDE] Epoch 23: force max bit-width W/A = 6
2025-12-30 03:50:42,393 - INFO  - ================================================================================
2025-12-30 03:50:42,393 - INFO  - 🔥 [NUDE] BFAT ACTIVE
2025-12-30 03:50:42,393 - INFO  -    Loss Type: direct_ce
2025-12-30 03:50:42,393 - INFO  -    Proj Mode: orthogonal
2025-12-30 03:50:42,393 - INFO  -    Injection: All Bits
2025-12-30 03:50:42,393 - INFO  - ================================================================================
2025-12-30 03:50:48,572 - INFO  - [NUDE][TRAIN] Epoch 23/100 Iter 20/390 Loss 0.2014 Top1 93.09 Top5 99.88
2025-12-30 03:50:54,607 - INFO  - [NUDE][TRAIN] Epoch 23/100 Iter 40/390 Loss 0.1993 Top1 93.12 Top5 99.86
2025-12-30 03:51:00,791 - INFO  - [NUDE][TRAIN] Epoch 23/100 Iter 60/390 Loss 0.1894 Top1 93.48 Top5 99.88
2025-12-30 03:51:06,880 - INFO  - [NUDE][TRAIN] Epoch 23/100 Iter 80/390 Loss 0.1940 Top1 93.40 Top5 99.88
2025-12-30 03:51:12,964 - INFO  - [NUDE][TRAIN] Epoch 23/100 Iter 100/390 Loss 0.1947 Top1 93.34 Top5 99.88
2025-12-30 03:51:18,891 - INFO  - [NUDE][TRAIN] Epoch 23/100 Iter 120/390 Loss 0.1948 Top1 93.31 Top5 99.86
2025-12-30 03:51:24,933 - INFO  - [NUDE][TRAIN] Epoch 23/100 Iter 140/390 Loss 0.1961 Top1 93.23 Top5 99.86
2025-12-30 03:51:30,740 - INFO  - [NUDE][TRAIN] Epoch 23/100 Iter 160/390 Loss 0.1969 Top1 93.24 Top5 99.87
2025-12-30 03:51:36,777 - INFO  - [NUDE][TRAIN] Epoch 23/100 Iter 180/390 Loss 0.1999 Top1 93.15 Top5 99.87
2025-12-30 03:51:43,433 - INFO  - [NUDE][TRAIN] Epoch 23/100 Iter 200/390 Loss 0.1996 Top1 93.14 Top5 99.86
2025-12-30 03:51:49,356 - INFO  - [NUDE][TRAIN] Epoch 23/100 Iter 220/390 Loss 0.1993 Top1 93.14 Top5 99.86
2025-12-30 03:51:55,401 - INFO  - [NUDE][TRAIN] Epoch 23/100 Iter 240/390 Loss 0.1994 Top1 93.15 Top5 99.86
2025-12-30 03:52:01,315 - INFO  - [NUDE][TRAIN] Epoch 23/100 Iter 260/390 Loss 0.2002 Top1 93.12 Top5 99.86
2025-12-30 03:52:07,340 - INFO  - [NUDE][TRAIN] Epoch 23/100 Iter 280/390 Loss 0.2010 Top1 93.03 Top5 99.87
2025-12-30 03:52:13,339 - INFO  - [NUDE][TRAIN] Epoch 23/100 Iter 300/390 Loss 0.2009 Top1 93.02 Top5 99.88
2025-12-30 03:52:19,260 - INFO  - [NUDE][TRAIN] Epoch 23/100 Iter 320/390 Loss 0.2007 Top1 93.04 Top5 99.88
2025-12-30 03:52:25,272 - INFO  - [NUDE][TRAIN] Epoch 23/100 Iter 340/390 Loss 0.2004 Top1 93.03 Top5 99.87
2025-12-30 03:52:31,173 - INFO  - [NUDE][TRAIN] Epoch 23/100 Iter 360/390 Loss 0.2018 Top1 92.96 Top5 99.87
2025-12-30 03:52:37,208 - INFO  - [NUDE][TRAIN] Epoch 23/100 Iter 380/390 Loss 0.2020 Top1 92.98 Top5 99.87
2025-12-30 03:52:40,265 - INFO  - [NUDE] Validate: force max bit-width W/A = 6
2025-12-30 03:52:42,569 - INFO  - [NUDE][EPOCH] 23/100 Train: Top1=92.94 Top5=99.87 Loss=0.2029 | Val(EMA): Top1=87.84
2025-12-30 03:52:42,569 - INFO  -   ⏱️  本Epoch耗时: 2分0秒 | 平均Epoch耗时: 2分0秒 | 剩余Epoch数: 76
2025-12-30 03:52:42,569 - INFO  -   📅 预估剩余时间: 2小时32分11秒 | 预估完成时间: 2025-12-30 06:24:54
2025-12-30 03:52:43,268 - INFO  - ([24] Epoch) Saving checkpoint to:
             Current: /root/autodl-tmp/retraining-free-quantization/training/r18_c10_nude_0.02_all_bits_orth/r18_c10_nude_0.02_all_bits_orth_checkpoint.pth.tar

2025-12-30 03:52:43,274 - INFO  - 🎲 Epoch 24: FaultInjector seed rotated to 66
2025-12-30 03:52:43,282 - INFO  - [NUDE] Epoch 24: force max bit-width W/A = 6
2025-12-30 03:52:43,282 - INFO  - ================================================================================
2025-12-30 03:52:43,282 - INFO  - 🔥 [NUDE] BFAT ACTIVE
2025-12-30 03:52:43,282 - INFO  -    Loss Type: direct_ce
2025-12-30 03:52:43,282 - INFO  -    Proj Mode: orthogonal
2025-12-30 03:52:43,282 - INFO  -    Injection: All Bits
2025-12-30 03:52:43,282 - INFO  - ================================================================================
2025-12-30 03:52:49,433 - INFO  - [NUDE][TRAIN] Epoch 24/100 Iter 20/390 Loss 0.1848 Top1 93.59 Top5 99.96
2025-12-30 03:52:55,601 - INFO  - [NUDE][TRAIN] Epoch 24/100 Iter 40/390 Loss 0.1743 Top1 94.12 Top5 99.92
2025-12-30 03:53:01,542 - INFO  - [NUDE][TRAIN] Epoch 24/100 Iter 60/390 Loss 0.1891 Top1 93.70 Top5 99.91
2025-12-30 03:53:07,727 - INFO  - [NUDE][TRAIN] Epoch 24/100 Iter 80/390 Loss 0.1898 Top1 93.70 Top5 99.92
2025-12-30 03:53:13,651 - INFO  - [NUDE][TRAIN] Epoch 24/100 Iter 100/390 Loss 0.1941 Top1 93.45 Top5 99.91
2025-12-30 03:53:19,494 - INFO  - [NUDE][TRAIN] Epoch 24/100 Iter 120/390 Loss 0.1949 Top1 93.39 Top5 99.91
2025-12-30 03:53:25,496 - INFO  - [NUDE][TRAIN] Epoch 24/100 Iter 140/390 Loss 0.1963 Top1 93.29 Top5 99.91
2025-12-30 03:53:31,408 - INFO  - [NUDE][TRAIN] Epoch 24/100 Iter 160/390 Loss 0.1955 Top1 93.31 Top5 99.90
2025-12-30 03:53:37,500 - INFO  - [NUDE][TRAIN] Epoch 24/100 Iter 180/390 Loss 0.1960 Top1 93.21 Top5 99.90
2025-12-30 03:53:43,537 - INFO  - [NUDE][TRAIN] Epoch 24/100 Iter 200/390 Loss 0.1937 Top1 93.29 Top5 99.91
2025-12-30 03:53:49,485 - INFO  - [NUDE][TRAIN] Epoch 24/100 Iter 220/390 Loss 0.1944 Top1 93.30 Top5 99.90
2025-12-30 03:53:55,481 - INFO  - [NUDE][TRAIN] Epoch 24/100 Iter 240/390 Loss 0.1943 Top1 93.31 Top5 99.91
2025-12-30 03:54:01,400 - INFO  - [NUDE][TRAIN] Epoch 24/100 Iter 260/390 Loss 0.1957 Top1 93.25 Top5 99.91
2025-12-30 03:54:07,444 - INFO  - [NUDE][TRAIN] Epoch 24/100 Iter 280/390 Loss 0.1960 Top1 93.24 Top5 99.91
2025-12-30 03:54:13,480 - INFO  - [NUDE][TRAIN] Epoch 24/100 Iter 300/390 Loss 0.1976 Top1 93.23 Top5 99.91
2025-12-30 03:54:19,415 - INFO  - [NUDE][TRAIN] Epoch 24/100 Iter 320/390 Loss 0.1970 Top1 93.22 Top5 99.91
2025-12-30 03:54:25,440 - INFO  - [NUDE][TRAIN] Epoch 24/100 Iter 340/390 Loss 0.1976 Top1 93.19 Top5 99.92
2025-12-30 03:54:31,351 - INFO  - [NUDE][TRAIN] Epoch 24/100 Iter 360/390 Loss 0.1988 Top1 93.15 Top5 99.92
2025-12-30 03:54:37,340 - INFO  - [NUDE][TRAIN] Epoch 24/100 Iter 380/390 Loss 0.2002 Top1 93.11 Top5 99.92
2025-12-30 03:54:40,330 - INFO  - [NUDE] Validate: force max bit-width W/A = 6
2025-12-30 03:54:42,624 - INFO  - [NUDE][EPOCH] 24/100 Train: Top1=93.10 Top5=99.91 Loss=0.2007 | Val(EMA): Top1=88.81
2025-12-30 03:54:42,624 - INFO  -   ⏱️  本Epoch耗时: 1分59秒 | 平均Epoch耗时: 2分0秒 | 剩余Epoch数: 75
2025-12-30 03:54:42,624 - INFO  -   📅 预估剩余时间: 2小时30分16秒 | 预估完成时间: 2025-12-30 06:24:59
2025-12-30 03:54:43,336 - INFO  - ([25] Epoch) Saving checkpoint to:
             Current: /root/autodl-tmp/retraining-free-quantization/training/r18_c10_nude_0.02_all_bits_orth/r18_c10_nude_0.02_all_bits_orth_checkpoint.pth.tar

2025-12-30 03:54:43,339 - INFO  - 🎲 Epoch 25: FaultInjector seed rotated to 67
2025-12-30 03:54:43,347 - INFO  - [NUDE] Epoch 25: force max bit-width W/A = 6
2025-12-30 03:54:43,347 - INFO  - ================================================================================
2025-12-30 03:54:43,347 - INFO  - 🔥 [NUDE] BFAT ACTIVE
2025-12-30 03:54:43,347 - INFO  -    Loss Type: direct_ce
2025-12-30 03:54:43,347 - INFO  -    Proj Mode: orthogonal
2025-12-30 03:54:43,347 - INFO  -    Injection: All Bits
2025-12-30 03:54:43,347 - INFO  - ================================================================================
2025-12-30 03:54:49,405 - INFO  - [NUDE][TRAIN] Epoch 25/100 Iter 20/390 Loss 0.1770 Top1 93.87 Top5 99.96
2025-12-30 03:54:55,750 - INFO  - [NUDE][TRAIN] Epoch 25/100 Iter 40/390 Loss 0.1897 Top1 93.42 Top5 99.96
2025-12-30 03:55:01,471 - INFO  - [NUDE][TRAIN] Epoch 25/100 Iter 60/390 Loss 0.1858 Top1 93.50 Top5 99.97
2025-12-30 03:55:07,394 - INFO  - [NUDE][TRAIN] Epoch 25/100 Iter 80/390 Loss 0.1830 Top1 93.55 Top5 99.98
2025-12-30 03:55:13,389 - INFO  - [NUDE][TRAIN] Epoch 25/100 Iter 100/390 Loss 0.1842 Top1 93.59 Top5 99.96
2025-12-30 03:55:19,222 - INFO  - [NUDE][TRAIN] Epoch 25/100 Iter 120/390 Loss 0.1850 Top1 93.54 Top5 99.95
2025-12-30 03:55:25,278 - INFO  - [NUDE][TRAIN] Epoch 25/100 Iter 140/390 Loss 0.1837 Top1 93.61 Top5 99.93
2025-12-30 03:55:31,311 - INFO  - [NUDE][TRAIN] Epoch 25/100 Iter 160/390 Loss 0.1816 Top1 93.70 Top5 99.93
2025-12-30 03:55:37,733 - INFO  - [NUDE][TRAIN] Epoch 25/100 Iter 180/390 Loss 0.1820 Top1 93.66 Top5 99.93
2025-12-30 03:55:44,370 - INFO  - [NUDE][TRAIN] Epoch 25/100 Iter 200/390 Loss 0.1819 Top1 93.68 Top5 99.92
2025-12-30 03:55:50,253 - INFO  - [NUDE][TRAIN] Epoch 25/100 Iter 220/390 Loss 0.1839 Top1 93.59 Top5 99.91
2025-12-30 03:55:56,249 - INFO  - [NUDE][TRAIN] Epoch 25/100 Iter 240/390 Loss 0.1833 Top1 93.65 Top5 99.92
2025-12-30 03:56:02,114 - INFO  - [NUDE][TRAIN] Epoch 25/100 Iter 260/390 Loss 0.1832 Top1 93.66 Top5 99.91
2025-12-30 03:56:08,120 - INFO  - [NUDE][TRAIN] Epoch 25/100 Iter 280/390 Loss 0.1842 Top1 93.64 Top5 99.91
2025-12-30 03:56:14,055 - INFO  - [NUDE][TRAIN] Epoch 25/100 Iter 300/390 Loss 0.1866 Top1 93.58 Top5 99.91
2025-12-30 03:56:19,878 - INFO  - [NUDE][TRAIN] Epoch 25/100 Iter 320/390 Loss 0.1881 Top1 93.53 Top5 99.91
2025-12-30 03:56:25,792 - INFO  - [NUDE][TRAIN] Epoch 25/100 Iter 340/390 Loss 0.1884 Top1 93.52 Top5 99.91
2025-12-30 03:56:31,485 - INFO  - [NUDE][TRAIN] Epoch 25/100 Iter 360/390 Loss 0.1881 Top1 93.51 Top5 99.91
2025-12-30 03:56:37,281 - INFO  - [NUDE][TRAIN] Epoch 25/100 Iter 380/390 Loss 0.1888 Top1 93.48 Top5 99.91
2025-12-30 03:56:40,193 - INFO  - [NUDE] Validate: force max bit-width W/A = 6
2025-12-30 03:56:42,506 - INFO  - [NUDE][EPOCH] 25/100 Train: Top1=93.46 Top5=99.91 Loss=0.1896 | Val(EMA): Top1=89.25
2025-12-30 03:56:42,506 - INFO  -   ⏱️  本Epoch耗时: 1分59秒 | 平均Epoch耗时: 2分0秒 | 剩余Epoch数: 74
2025-12-30 03:56:42,506 - INFO  -   📅 预估剩余时间: 2小时28分0秒 | 预估完成时间: 2025-12-30 06:24:42
2025-12-30 03:56:43,260 - INFO  - ([26] Epoch) Saving checkpoint to:
             Current: /root/autodl-tmp/retraining-free-quantization/training/r18_c10_nude_0.02_all_bits_orth/r18_c10_nude_0.02_all_bits_orth_checkpoint.pth.tar

2025-12-30 03:56:43,264 - INFO  - 🎲 Epoch 26: FaultInjector seed rotated to 68
2025-12-30 03:56:43,272 - INFO  - [NUDE] Epoch 26: force max bit-width W/A = 6
2025-12-30 03:56:43,272 - INFO  - ================================================================================
2025-12-30 03:56:43,272 - INFO  - 🔥 [NUDE] BFAT ACTIVE
2025-12-30 03:56:43,272 - INFO  -    Loss Type: direct_ce
2025-12-30 03:56:43,272 - INFO  -    Proj Mode: orthogonal
2025-12-30 03:56:43,273 - INFO  -    Injection: All Bits
2025-12-30 03:56:43,273 - INFO  - ================================================================================
2025-12-30 03:56:49,434 - INFO  - [NUDE][TRAIN] Epoch 26/100 Iter 20/390 Loss 0.1403 Top1 95.20 Top5 99.96
2025-12-30 03:56:55,453 - INFO  - [NUDE][TRAIN] Epoch 26/100 Iter 40/390 Loss 0.1491 Top1 94.77 Top5 99.98
2025-12-30 03:57:01,285 - INFO  - [NUDE][TRAIN] Epoch 26/100 Iter 60/390 Loss 0.1663 Top1 94.06 Top5 99.87
2025-12-30 03:57:07,263 - INFO  - [NUDE][TRAIN] Epoch 26/100 Iter 80/390 Loss 0.1667 Top1 94.10 Top5 99.90
2025-12-30 03:57:13,261 - INFO  - [NUDE][TRAIN] Epoch 26/100 Iter 100/390 Loss 0.1634 Top1 94.26 Top5 99.91
2025-12-30 03:57:19,104 - INFO  - [NUDE][TRAIN] Epoch 26/100 Iter 120/390 Loss 0.1698 Top1 94.08 Top5 99.93
2025-12-30 03:57:25,086 - INFO  - [NUDE][TRAIN] Epoch 26/100 Iter 140/390 Loss 0.1728 Top1 94.03 Top5 99.91
2025-12-30 03:57:30,969 - INFO  - [NUDE][TRAIN] Epoch 26/100 Iter 160/390 Loss 0.1725 Top1 94.02 Top5 99.90
2025-12-30 03:57:37,018 - INFO  - [NUDE][TRAIN] Epoch 26/100 Iter 180/390 Loss 0.1743 Top1 93.99 Top5 99.90
2025-12-30 03:57:43,138 - INFO  - [NUDE][TRAIN] Epoch 26/100 Iter 200/390 Loss 0.1760 Top1 93.88 Top5 99.90
2025-12-30 03:57:49,049 - INFO  - [NUDE][TRAIN] Epoch 26/100 Iter 220/390 Loss 0.1772 Top1 93.82 Top5 99.90
2025-12-30 03:57:55,099 - INFO  - [NUDE][TRAIN] Epoch 26/100 Iter 240/390 Loss 0.1774 Top1 93.77 Top5 99.90
2025-12-30 03:58:01,815 - INFO  - [NUDE][TRAIN] Epoch 26/100 Iter 260/390 Loss 0.1781 Top1 93.74 Top5 99.89
2025-12-30 03:58:07,790 - INFO  - [NUDE][TRAIN] Epoch 26/100 Iter 280/390 Loss 0.1790 Top1 93.69 Top5 99.89
2025-12-30 03:58:13,615 - INFO  - [NUDE][TRAIN] Epoch 26/100 Iter 300/390 Loss 0.1784 Top1 93.71 Top5 99.89
2025-12-30 03:58:19,280 - INFO  - [NUDE][TRAIN] Epoch 26/100 Iter 320/390 Loss 0.1785 Top1 93.71 Top5 99.89
2025-12-30 03:58:25,204 - INFO  - [NUDE][TRAIN] Epoch 26/100 Iter 340/390 Loss 0.1785 Top1 93.72 Top5 99.89
2025-12-30 03:58:31,030 - INFO  - [NUDE][TRAIN] Epoch 26/100 Iter 360/390 Loss 0.1789 Top1 93.69 Top5 99.89
2025-12-30 03:58:36,989 - INFO  - [NUDE][TRAIN] Epoch 26/100 Iter 380/390 Loss 0.1794 Top1 93.68 Top5 99.89
2025-12-30 03:58:39,941 - INFO  - [NUDE] Validate: force max bit-width W/A = 6
2025-12-30 03:58:42,251 - INFO  - [NUDE][EPOCH] 26/100 Train: Top1=93.66 Top5=99.89 Loss=0.1799 | Val(EMA): Top1=89.84
2025-12-30 03:58:42,251 - INFO  -   ⏱️  本Epoch耗时: 1分58秒 | 平均Epoch耗时: 1分59秒 | 剩余Epoch数: 73
2025-12-30 03:58:42,251 - INFO  -   📅 预估剩余时间: 2小时25分31秒 | 预估完成时间: 2025-12-30 06:24:13
2025-12-30 03:58:43,023 - INFO  - ([27] Epoch) Saving checkpoint to:
             Current: /root/autodl-tmp/retraining-free-quantization/training/r18_c10_nude_0.02_all_bits_orth/r18_c10_nude_0.02_all_bits_orth_checkpoint.pth.tar

2025-12-30 03:58:43,027 - INFO  - 🎲 Epoch 27: FaultInjector seed rotated to 69
2025-12-30 03:58:43,036 - INFO  - [NUDE] Epoch 27: force max bit-width W/A = 6
2025-12-30 03:58:43,036 - INFO  - ================================================================================
2025-12-30 03:58:43,036 - INFO  - 🔥 [NUDE] BFAT ACTIVE
2025-12-30 03:58:43,036 - INFO  -    Loss Type: direct_ce
2025-12-30 03:58:43,036 - INFO  -    Proj Mode: orthogonal
2025-12-30 03:58:43,036 - INFO  -    Injection: All Bits
2025-12-30 03:58:43,036 - INFO  - ================================================================================
2025-12-30 03:58:49,088 - INFO  - [NUDE][TRAIN] Epoch 27/100 Iter 20/390 Loss 0.1550 Top1 94.49 Top5 100.00
2025-12-30 03:58:55,182 - INFO  - [NUDE][TRAIN] Epoch 27/100 Iter 40/390 Loss 0.1687 Top1 93.96 Top5 99.98
2025-12-30 03:59:01,097 - INFO  - [NUDE][TRAIN] Epoch 27/100 Iter 60/390 Loss 0.1678 Top1 94.08 Top5 99.97
2025-12-30 03:59:07,151 - INFO  - [NUDE][TRAIN] Epoch 27/100 Iter 80/390 Loss 0.1642 Top1 94.20 Top5 99.97
2025-12-30 03:59:13,206 - INFO  - [NUDE][TRAIN] Epoch 27/100 Iter 100/390 Loss 0.1672 Top1 94.21 Top5 99.95
2025-12-30 03:59:19,124 - INFO  - [NUDE][TRAIN] Epoch 27/100 Iter 120/390 Loss 0.1655 Top1 94.26 Top5 99.95
2025-12-30 03:59:25,173 - INFO  - [NUDE][TRAIN] Epoch 27/100 Iter 140/390 Loss 0.1638 Top1 94.31 Top5 99.94
2025-12-30 03:59:31,089 - INFO  - [NUDE][TRAIN] Epoch 27/100 Iter 160/390 Loss 0.1648 Top1 94.28 Top5 99.94
2025-12-30 03:59:37,248 - INFO  - [NUDE][TRAIN] Epoch 27/100 Iter 180/390 Loss 0.1650 Top1 94.27 Top5 99.94
2025-12-30 03:59:43,265 - INFO  - [NUDE][TRAIN] Epoch 27/100 Iter 200/390 Loss 0.1660 Top1 94.25 Top5 99.93
2025-12-30 03:59:49,711 - INFO  - [NUDE][TRAIN] Epoch 27/100 Iter 220/390 Loss 0.1670 Top1 94.21 Top5 99.94
2025-12-30 03:59:55,608 - INFO  - [NUDE][TRAIN] Epoch 27/100 Iter 240/390 Loss 0.1669 Top1 94.19 Top5 99.94
2025-12-30 04:00:01,330 - INFO  - [NUDE][TRAIN] Epoch 27/100 Iter 260/390 Loss 0.1666 Top1 94.22 Top5 99.93
2025-12-30 04:00:07,262 - INFO  - [NUDE][TRAIN] Epoch 27/100 Iter 280/390 Loss 0.1671 Top1 94.18 Top5 99.94
2025-12-30 04:00:13,282 - INFO  - [NUDE][TRAIN] Epoch 27/100 Iter 300/390 Loss 0.1676 Top1 94.17 Top5 99.93
2025-12-30 04:00:19,106 - INFO  - [NUDE][TRAIN] Epoch 27/100 Iter 320/390 Loss 0.1675 Top1 94.18 Top5 99.93
2025-12-30 04:00:25,120 - INFO  - [NUDE][TRAIN] Epoch 27/100 Iter 340/390 Loss 0.1686 Top1 94.15 Top5 99.93
2025-12-30 04:00:31,051 - INFO  - [NUDE][TRAIN] Epoch 27/100 Iter 360/390 Loss 0.1697 Top1 94.11 Top5 99.93
2025-12-30 04:00:37,159 - INFO  - [NUDE][TRAIN] Epoch 27/100 Iter 380/390 Loss 0.1714 Top1 94.06 Top5 99.93
2025-12-30 04:00:40,165 - INFO  - [NUDE] Validate: force max bit-width W/A = 6
2025-12-30 04:00:42,447 - INFO  - [NUDE][EPOCH] 27/100 Train: Top1=94.04 Top5=99.93 Loss=0.1718 | Val(EMA): Top1=90.18
2025-12-30 04:00:42,448 - INFO  -   ⏱️  本Epoch耗时: 1分59秒 | 平均Epoch耗时: 1分59秒 | 剩余Epoch数: 72
2025-12-30 04:00:42,448 - INFO  -   📅 预估剩余时间: 2小时23分18秒 | 预估完成时间: 2025-12-30 06:24:00
2025-12-30 04:00:43,271 - INFO  - ([28] Epoch) Saving checkpoint to:
             Current: /root/autodl-tmp/retraining-free-quantization/training/r18_c10_nude_0.02_all_bits_orth/r18_c10_nude_0.02_all_bits_orth_checkpoint.pth.tar

2025-12-30 04:00:43,274 - INFO  - 🎲 Epoch 28: FaultInjector seed rotated to 70
2025-12-30 04:00:43,281 - INFO  - [NUDE] Epoch 28: force max bit-width W/A = 6
2025-12-30 04:00:43,281 - INFO  - ================================================================================
2025-12-30 04:00:43,282 - INFO  - 🔥 [NUDE] BFAT ACTIVE
2025-12-30 04:00:43,282 - INFO  -    Loss Type: direct_ce
2025-12-30 04:00:43,282 - INFO  -    Proj Mode: orthogonal
2025-12-30 04:00:43,282 - INFO  -    Injection: All Bits
2025-12-30 04:00:43,282 - INFO  - ================================================================================
2025-12-30 04:00:49,432 - INFO  - [NUDE][TRAIN] Epoch 28/100 Iter 20/390 Loss 0.1485 Top1 95.12 Top5 99.88
2025-12-30 04:00:55,834 - INFO  - [NUDE][TRAIN] Epoch 28/100 Iter 40/390 Loss 0.1455 Top1 94.73 Top5 99.92
2025-12-30 04:01:01,747 - INFO  - [NUDE][TRAIN] Epoch 28/100 Iter 60/390 Loss 0.1557 Top1 94.49 Top5 99.92
2025-12-30 04:01:07,768 - INFO  - [NUDE][TRAIN] Epoch 28/100 Iter 80/390 Loss 0.1597 Top1 94.48 Top5 99.91
2025-12-30 04:01:13,806 - INFO  - [NUDE][TRAIN] Epoch 28/100 Iter 100/390 Loss 0.1612 Top1 94.37 Top5 99.93
2025-12-30 04:01:19,729 - INFO  - [NUDE][TRAIN] Epoch 28/100 Iter 120/390 Loss 0.1636 Top1 94.32 Top5 99.92
2025-12-30 04:01:25,745 - INFO  - [NUDE][TRAIN] Epoch 28/100 Iter 140/390 Loss 0.1641 Top1 94.28 Top5 99.91
2025-12-30 04:01:32,059 - INFO  - [NUDE][TRAIN] Epoch 28/100 Iter 160/390 Loss 0.1655 Top1 94.25 Top5 99.92
2025-12-30 04:01:37,898 - INFO  - [NUDE][TRAIN] Epoch 28/100 Iter 180/390 Loss 0.1661 Top1 94.23 Top5 99.90
2025-12-30 04:01:43,808 - INFO  - [NUDE][TRAIN] Epoch 28/100 Iter 200/390 Loss 0.1682 Top1 94.20 Top5 99.89
2025-12-30 04:01:49,707 - INFO  - [NUDE][TRAIN] Epoch 28/100 Iter 220/390 Loss 0.1670 Top1 94.23 Top5 99.90
2025-12-30 04:01:55,754 - INFO  - [NUDE][TRAIN] Epoch 28/100 Iter 240/390 Loss 0.1673 Top1 94.18 Top5 99.91
2025-12-30 04:02:01,874 - INFO  - [NUDE][TRAIN] Epoch 28/100 Iter 260/390 Loss 0.1671 Top1 94.19 Top5 99.91
2025-12-30 04:02:07,910 - INFO  - [NUDE][TRAIN] Epoch 28/100 Iter 280/390 Loss 0.1685 Top1 94.15 Top5 99.91
2025-12-30 04:02:13,926 - INFO  - [NUDE][TRAIN] Epoch 28/100 Iter 300/390 Loss 0.1694 Top1 94.08 Top5 99.91
2025-12-30 04:02:20,097 - INFO  - [NUDE][TRAIN] Epoch 28/100 Iter 320/390 Loss 0.1695 Top1 94.08 Top5 99.91
2025-12-30 04:02:26,181 - INFO  - [NUDE][TRAIN] Epoch 28/100 Iter 340/390 Loss 0.1687 Top1 94.09 Top5 99.91
2025-12-30 04:02:32,085 - INFO  - [NUDE][TRAIN] Epoch 28/100 Iter 360/390 Loss 0.1685 Top1 94.09 Top5 99.91
2025-12-30 04:02:38,174 - INFO  - [NUDE][TRAIN] Epoch 28/100 Iter 380/390 Loss 0.1685 Top1 94.11 Top5 99.91
2025-12-30 04:02:41,197 - INFO  - [NUDE] Validate: force max bit-width W/A = 6
2025-12-30 04:02:43,530 - INFO  - [NUDE][EPOCH] 28/100 Train: Top1=94.09 Top5=99.91 Loss=0.1686 | Val(EMA): Top1=90.57
2025-12-30 04:02:43,531 - INFO  -   ⏱️  本Epoch耗时: 2分0秒 | 平均Epoch耗时: 1分59秒 | 剩余Epoch数: 71
2025-12-30 04:02:43,531 - INFO  -   📅 预估剩余时间: 2小时21分19秒 | 预估完成时间: 2025-12-30 06:24:03
2025-12-30 04:02:44,245 - INFO  - ([29] Epoch) Saving checkpoint to:
             Current: /root/autodl-tmp/retraining-free-quantization/training/r18_c10_nude_0.02_all_bits_orth/r18_c10_nude_0.02_all_bits_orth_checkpoint.pth.tar

2025-12-30 04:02:44,248 - INFO  - 🎲 Epoch 29: FaultInjector seed rotated to 71
2025-12-30 04:02:44,255 - INFO  - [NUDE] Epoch 29: force max bit-width W/A = 6
2025-12-30 04:02:44,256 - INFO  - ================================================================================
2025-12-30 04:02:44,256 - INFO  - 🔥 [NUDE] BFAT ACTIVE
2025-12-30 04:02:44,256 - INFO  -    Loss Type: direct_ce
2025-12-30 04:02:44,256 - INFO  -    Proj Mode: orthogonal
2025-12-30 04:02:44,256 - INFO  -    Injection: All Bits
2025-12-30 04:02:44,256 - INFO  - ================================================================================
2025-12-30 04:02:50,403 - INFO  - [NUDE][TRAIN] Epoch 29/100 Iter 20/390 Loss 0.1213 Top1 95.78 Top5 99.96
2025-12-30 04:02:56,539 - INFO  - [NUDE][TRAIN] Epoch 29/100 Iter 40/390 Loss 0.1359 Top1 95.14 Top5 99.90
2025-12-30 04:03:02,751 - INFO  - [NUDE][TRAIN] Epoch 29/100 Iter 60/390 Loss 0.1486 Top1 94.78 Top5 99.90
2025-12-30 04:03:08,715 - INFO  - [NUDE][TRAIN] Epoch 29/100 Iter 80/390 Loss 0.1521 Top1 94.69 Top5 99.91
2025-12-30 04:03:14,630 - INFO  - [NUDE][TRAIN] Epoch 29/100 Iter 100/390 Loss 0.1526 Top1 94.65 Top5 99.93
2025-12-30 04:03:20,413 - INFO  - [NUDE][TRAIN] Epoch 29/100 Iter 120/390 Loss 0.1579 Top1 94.46 Top5 99.93
2025-12-30 04:03:26,402 - INFO  - [NUDE][TRAIN] Epoch 29/100 Iter 140/390 Loss 0.1576 Top1 94.45 Top5 99.94
2025-12-30 04:03:32,511 - INFO  - [NUDE][TRAIN] Epoch 29/100 Iter 160/390 Loss 0.1602 Top1 94.37 Top5 99.94
2025-12-30 04:03:38,815 - INFO  - [NUDE][TRAIN] Epoch 29/100 Iter 180/390 Loss 0.1608 Top1 94.30 Top5 99.94
2025-12-30 04:03:46,081 - INFO  - [NUDE][TRAIN] Epoch 29/100 Iter 200/390 Loss 0.1615 Top1 94.30 Top5 99.93
2025-12-30 04:03:52,236 - INFO  - [NUDE][TRAIN] Epoch 29/100 Iter 220/390 Loss 0.1599 Top1 94.36 Top5 99.93
2025-12-30 04:03:58,191 - INFO  - [NUDE][TRAIN] Epoch 29/100 Iter 240/390 Loss 0.1631 Top1 94.27 Top5 99.93
2025-12-30 04:04:04,149 - INFO  - [NUDE][TRAIN] Epoch 29/100 Iter 260/390 Loss 0.1631 Top1 94.28 Top5 99.92
2025-12-30 04:04:10,187 - INFO  - [NUDE][TRAIN] Epoch 29/100 Iter 280/390 Loss 0.1619 Top1 94.31 Top5 99.93
2025-12-30 04:04:16,226 - INFO  - [NUDE][TRAIN] Epoch 29/100 Iter 300/390 Loss 0.1607 Top1 94.35 Top5 99.93
2025-12-30 04:04:22,124 - INFO  - [NUDE][TRAIN] Epoch 29/100 Iter 320/390 Loss 0.1614 Top1 94.33 Top5 99.93
2025-12-30 04:04:28,144 - INFO  - [NUDE][TRAIN] Epoch 29/100 Iter 340/390 Loss 0.1621 Top1 94.29 Top5 99.93
2025-12-30 04:04:34,770 - INFO  - [NUDE][TRAIN] Epoch 29/100 Iter 360/390 Loss 0.1620 Top1 94.28 Top5 99.93
2025-12-30 04:04:41,396 - INFO  - [NUDE][TRAIN] Epoch 29/100 Iter 380/390 Loss 0.1615 Top1 94.31 Top5 99.94
2025-12-30 04:04:44,583 - INFO  - [NUDE] Validate: force max bit-width W/A = 6
2025-12-30 04:04:46,898 - INFO  - [NUDE][EPOCH] 29/100 Train: Top1=94.34 Top5=99.94 Loss=0.1611 | Val(EMA): Top1=90.82
2025-12-30 04:04:46,898 - INFO  -   ⏱️  本Epoch耗时: 2分2秒 | 平均Epoch耗时: 2分0秒 | 剩余Epoch数: 70
2025-12-30 04:04:46,898 - INFO  -   📅 预估剩余时间: 2小时20分6秒 | 预估完成时间: 2025-12-30 06:24:53
2025-12-30 04:04:47,630 - INFO  - ([30] Epoch) Saving checkpoint to:
             Current: /root/autodl-tmp/retraining-free-quantization/training/r18_c10_nude_0.02_all_bits_orth/r18_c10_nude_0.02_all_bits_orth_checkpoint.pth.tar

2025-12-30 04:04:47,633 - INFO  - 🎲 Epoch 30: FaultInjector seed rotated to 72
2025-12-30 04:04:47,641 - INFO  - [NUDE] Epoch 30: force max bit-width W/A = 6
2025-12-30 04:04:47,641 - INFO  - ================================================================================
2025-12-30 04:04:47,641 - INFO  - 🔥 [NUDE] BFAT ACTIVE
2025-12-30 04:04:47,641 - INFO  -    Loss Type: direct_ce
2025-12-30 04:04:47,641 - INFO  -    Proj Mode: orthogonal
2025-12-30 04:04:47,641 - INFO  -    Injection: All Bits
2025-12-30 04:04:47,641 - INFO  - ================================================================================
2025-12-30 04:04:53,840 - INFO  - [NUDE][TRAIN] Epoch 30/100 Iter 20/390 Loss 0.1316 Top1 95.16 Top5 100.00
2025-12-30 04:04:59,704 - INFO  - [NUDE][TRAIN] Epoch 30/100 Iter 40/390 Loss 0.1274 Top1 95.33 Top5 99.98
2025-12-30 04:05:05,528 - INFO  - [NUDE][TRAIN] Epoch 30/100 Iter 60/390 Loss 0.1354 Top1 95.17 Top5 99.93
2025-12-30 04:05:11,612 - INFO  - [NUDE][TRAIN] Epoch 30/100 Iter 80/390 Loss 0.1375 Top1 95.17 Top5 99.92
2025-12-30 04:05:17,763 - INFO  - [NUDE][TRAIN] Epoch 30/100 Iter 100/390 Loss 0.1406 Top1 95.10 Top5 99.93
2025-12-30 04:05:23,702 - INFO  - [NUDE][TRAIN] Epoch 30/100 Iter 120/390 Loss 0.1406 Top1 95.06 Top5 99.93
2025-12-30 04:05:29,717 - INFO  - [NUDE][TRAIN] Epoch 30/100 Iter 140/390 Loss 0.1402 Top1 95.10 Top5 99.94
2025-12-30 04:05:35,688 - INFO  - [NUDE][TRAIN] Epoch 30/100 Iter 160/390 Loss 0.1398 Top1 95.14 Top5 99.94
2025-12-30 04:05:42,937 - INFO  - [NUDE][TRAIN] Epoch 30/100 Iter 180/390 Loss 0.1413 Top1 95.07 Top5 99.94
2025-12-30 04:05:49,220 - INFO  - [NUDE][TRAIN] Epoch 30/100 Iter 200/390 Loss 0.1445 Top1 95.00 Top5 99.93
2025-12-30 04:05:55,118 - INFO  - [NUDE][TRAIN] Epoch 30/100 Iter 220/390 Loss 0.1465 Top1 94.92 Top5 99.92
2025-12-30 04:06:01,253 - INFO  - [NUDE][TRAIN] Epoch 30/100 Iter 240/390 Loss 0.1492 Top1 94.84 Top5 99.92
2025-12-30 04:06:07,159 - INFO  - [NUDE][TRAIN] Epoch 30/100 Iter 260/390 Loss 0.1510 Top1 94.77 Top5 99.92
2025-12-30 04:06:13,152 - INFO  - [NUDE][TRAIN] Epoch 30/100 Iter 280/390 Loss 0.1510 Top1 94.78 Top5 99.92
2025-12-30 04:06:19,146 - INFO  - [NUDE][TRAIN] Epoch 30/100 Iter 300/390 Loss 0.1512 Top1 94.76 Top5 99.92
2025-12-30 04:06:25,254 - INFO  - [NUDE][TRAIN] Epoch 30/100 Iter 320/390 Loss 0.1508 Top1 94.74 Top5 99.92
2025-12-30 04:06:32,066 - INFO  - [NUDE][TRAIN] Epoch 30/100 Iter 340/390 Loss 0.1496 Top1 94.77 Top5 99.92
2025-12-30 04:06:38,067 - INFO  - [NUDE][TRAIN] Epoch 30/100 Iter 360/390 Loss 0.1499 Top1 94.75 Top5 99.92
2025-12-30 04:06:43,948 - INFO  - [NUDE][TRAIN] Epoch 30/100 Iter 380/390 Loss 0.1511 Top1 94.72 Top5 99.92
2025-12-30 04:06:46,939 - INFO  - [NUDE] Validate: force max bit-width W/A = 6
2025-12-30 04:06:49,263 - INFO  - [NUDE][EPOCH] 30/100 Train: Top1=94.71 Top5=99.92 Loss=0.1516 | Val(EMA): Top1=90.96
2025-12-30 04:06:49,263 - INFO  -   ⏱️  本Epoch耗时: 2分1秒 | 平均Epoch耗时: 2分0秒 | 剩余Epoch数: 69
2025-12-30 04:06:49,263 - INFO  -   📅 预估剩余时间: 2小时18分40秒 | 预估完成时间: 2025-12-30 06:25:29
2025-12-30 04:06:49,994 - INFO  - ([31] Epoch) Saving checkpoint to:
             Current: /root/autodl-tmp/retraining-free-quantization/training/r18_c10_nude_0.02_all_bits_orth/r18_c10_nude_0.02_all_bits_orth_checkpoint.pth.tar

2025-12-30 04:06:49,997 - INFO  - 🎲 Epoch 31: FaultInjector seed rotated to 73
2025-12-30 04:06:50,005 - INFO  - [NUDE] Epoch 31: force max bit-width W/A = 6
2025-12-30 04:06:50,005 - INFO  - ================================================================================
2025-12-30 04:06:50,005 - INFO  - 🔥 [NUDE] BFAT ACTIVE
2025-12-30 04:06:50,005 - INFO  -    Loss Type: direct_ce
2025-12-30 04:06:50,005 - INFO  -    Proj Mode: orthogonal
2025-12-30 04:06:50,005 - INFO  -    Injection: All Bits
2025-12-30 04:06:50,005 - INFO  - ================================================================================
2025-12-30 04:06:56,203 - INFO  - [NUDE][TRAIN] Epoch 31/100 Iter 20/390 Loss 0.1330 Top1 95.59 Top5 99.96
2025-12-30 04:07:02,411 - INFO  - [NUDE][TRAIN] Epoch 31/100 Iter 40/390 Loss 0.1298 Top1 95.66 Top5 99.94
2025-12-30 04:07:08,338 - INFO  - [NUDE][TRAIN] Epoch 31/100 Iter 60/390 Loss 0.1337 Top1 95.46 Top5 99.95
2025-12-30 04:07:14,350 - INFO  - [NUDE][TRAIN] Epoch 31/100 Iter 80/390 Loss 0.1308 Top1 95.47 Top5 99.96
2025-12-30 04:07:20,435 - INFO  - [NUDE][TRAIN] Epoch 31/100 Iter 100/390 Loss 0.1306 Top1 95.42 Top5 99.95
2025-12-30 04:07:26,344 - INFO  - [NUDE][TRAIN] Epoch 31/100 Iter 120/390 Loss 0.1343 Top1 95.28 Top5 99.95
2025-12-30 04:07:32,390 - INFO  - [NUDE][TRAIN] Epoch 31/100 Iter 140/390 Loss 0.1345 Top1 95.28 Top5 99.96
2025-12-30 04:07:38,295 - INFO  - [NUDE][TRAIN] Epoch 31/100 Iter 160/390 Loss 0.1335 Top1 95.30 Top5 99.96
2025-12-30 04:07:44,340 - INFO  - [NUDE][TRAIN] Epoch 31/100 Iter 180/390 Loss 0.1328 Top1 95.33 Top5 99.96
2025-12-30 04:07:50,742 - INFO  - [NUDE][TRAIN] Epoch 31/100 Iter 200/390 Loss 0.1353 Top1 95.26 Top5 99.96
2025-12-30 04:07:56,705 - INFO  - [NUDE][TRAIN] Epoch 31/100 Iter 220/390 Loss 0.1370 Top1 95.21 Top5 99.96
2025-12-30 04:08:02,749 - INFO  - [NUDE][TRAIN] Epoch 31/100 Iter 240/390 Loss 0.1379 Top1 95.17 Top5 99.96
2025-12-30 04:08:08,634 - INFO  - [NUDE][TRAIN] Epoch 31/100 Iter 260/390 Loss 0.1385 Top1 95.16 Top5 99.96
2025-12-30 04:08:14,890 - INFO  - [NUDE][TRAIN] Epoch 31/100 Iter 280/390 Loss 0.1396 Top1 95.10 Top5 99.95
2025-12-30 04:08:20,707 - INFO  - [NUDE][TRAIN] Epoch 31/100 Iter 300/390 Loss 0.1406 Top1 95.09 Top5 99.95
2025-12-30 04:08:26,524 - INFO  - [NUDE][TRAIN] Epoch 31/100 Iter 320/390 Loss 0.1422 Top1 95.00 Top5 99.95
2025-12-30 04:08:32,571 - INFO  - [NUDE][TRAIN] Epoch 31/100 Iter 340/390 Loss 0.1426 Top1 95.02 Top5 99.95
2025-12-30 04:08:38,499 - INFO  - [NUDE][TRAIN] Epoch 31/100 Iter 360/390 Loss 0.1435 Top1 95.00 Top5 99.95
2025-12-30 04:08:44,557 - INFO  - [NUDE][TRAIN] Epoch 31/100 Iter 380/390 Loss 0.1449 Top1 94.95 Top5 99.95
2025-12-30 04:08:47,573 - INFO  - [NUDE] Validate: force max bit-width W/A = 6
2025-12-30 04:08:49,859 - INFO  - [NUDE][EPOCH] 31/100 Train: Top1=94.93 Top5=99.95 Loss=0.1455 | Val(EMA): Top1=91.38
2025-12-30 04:08:49,859 - INFO  -   ⏱️  本Epoch耗时: 1分59秒 | 平均Epoch耗时: 2分0秒 | 剩余Epoch数: 68
2025-12-30 04:08:49,859 - INFO  -   📅 预估剩余时间: 2小时16分51秒 | 预估完成时间: 2025-12-30 06:25:41
2025-12-30 04:08:50,589 - INFO  - ([32] Epoch) Saving checkpoint to:
             Current: /root/autodl-tmp/retraining-free-quantization/training/r18_c10_nude_0.02_all_bits_orth/r18_c10_nude_0.02_all_bits_orth_checkpoint.pth.tar

2025-12-30 04:08:50,592 - INFO  - 🎲 Epoch 32: FaultInjector seed rotated to 74
2025-12-30 04:08:50,600 - INFO  - [NUDE] Epoch 32: force max bit-width W/A = 6
2025-12-30 04:08:50,600 - INFO  - ================================================================================
2025-12-30 04:08:50,600 - INFO  - 🔥 [NUDE] BFAT ACTIVE
2025-12-30 04:08:50,600 - INFO  -    Loss Type: direct_ce
2025-12-30 04:08:50,600 - INFO  -    Proj Mode: orthogonal
2025-12-30 04:08:50,600 - INFO  -    Injection: All Bits
2025-12-30 04:08:50,600 - INFO  - ================================================================================
2025-12-30 04:08:57,345 - INFO  - [NUDE][TRAIN] Epoch 32/100 Iter 20/390 Loss 0.1371 Top1 95.39 Top5 100.00
2025-12-30 04:09:03,433 - INFO  - [NUDE][TRAIN] Epoch 32/100 Iter 40/390 Loss 0.1268 Top1 95.53 Top5 99.98
2025-12-30 04:09:09,424 - INFO  - [NUDE][TRAIN] Epoch 32/100 Iter 60/390 Loss 0.1282 Top1 95.49 Top5 99.97
2025-12-30 04:09:15,469 - INFO  - [NUDE][TRAIN] Epoch 32/100 Iter 80/390 Loss 0.1291 Top1 95.45 Top5 99.95
2025-12-30 04:09:21,515 - INFO  - [NUDE][TRAIN] Epoch 32/100 Iter 100/390 Loss 0.1252 Top1 95.64 Top5 99.95
2025-12-30 04:09:27,443 - INFO  - [NUDE][TRAIN] Epoch 32/100 Iter 120/390 Loss 0.1270 Top1 95.53 Top5 99.96
2025-12-30 04:09:33,669 - INFO  - [NUDE][TRAIN] Epoch 32/100 Iter 140/390 Loss 0.1268 Top1 95.52 Top5 99.96
2025-12-30 04:09:39,575 - INFO  - [NUDE][TRAIN] Epoch 32/100 Iter 160/390 Loss 0.1243 Top1 95.60 Top5 99.96
2025-12-30 04:09:45,589 - INFO  - [NUDE][TRAIN] Epoch 32/100 Iter 180/390 Loss 0.1265 Top1 95.52 Top5 99.96
2025-12-30 04:09:51,626 - INFO  - [NUDE][TRAIN] Epoch 32/100 Iter 200/390 Loss 0.1275 Top1 95.50 Top5 99.96
2025-12-30 04:09:57,486 - INFO  - [NUDE][TRAIN] Epoch 32/100 Iter 220/390 Loss 0.1300 Top1 95.39 Top5 99.96
2025-12-30 04:10:03,420 - INFO  - [NUDE][TRAIN] Epoch 32/100 Iter 240/390 Loss 0.1308 Top1 95.36 Top5 99.96
2025-12-30 04:10:09,361 - INFO  - [NUDE][TRAIN] Epoch 32/100 Iter 260/390 Loss 0.1311 Top1 95.35 Top5 99.96
2025-12-30 04:10:15,405 - INFO  - [NUDE][TRAIN] Epoch 32/100 Iter 280/390 Loss 0.1330 Top1 95.31 Top5 99.95
2025-12-30 04:10:21,949 - INFO  - [NUDE][TRAIN] Epoch 32/100 Iter 300/390 Loss 0.1342 Top1 95.29 Top5 99.95
2025-12-30 04:10:27,882 - INFO  - [NUDE][TRAIN] Epoch 32/100 Iter 320/390 Loss 0.1348 Top1 95.26 Top5 99.95
2025-12-30 04:10:33,947 - INFO  - [NUDE][TRAIN] Epoch 32/100 Iter 340/390 Loss 0.1364 Top1 95.20 Top5 99.95
2025-12-30 04:10:39,853 - INFO  - [NUDE][TRAIN] Epoch 32/100 Iter 360/390 Loss 0.1378 Top1 95.15 Top5 99.95
2025-12-30 04:10:46,441 - INFO  - [NUDE][TRAIN] Epoch 32/100 Iter 380/390 Loss 0.1389 Top1 95.10 Top5 99.95
2025-12-30 04:10:49,393 - INFO  - [NUDE] Validate: force max bit-width W/A = 6
2025-12-30 04:10:51,708 - INFO  - [NUDE][EPOCH] 32/100 Train: Top1=95.08 Top5=99.95 Loss=0.1394 | Val(EMA): Top1=91.49
2025-12-30 04:10:51,709 - INFO  -   ⏱️  本Epoch耗时: 2分1秒 | 平均Epoch耗时: 2分1秒 | 剩余Epoch数: 67
2025-12-30 04:10:51,709 - INFO  -   📅 预估剩余时间: 2小时15分13秒 | 预估完成时间: 2025-12-30 06:26:05
2025-12-30 04:10:52,607 - INFO  - ([33] Epoch) Saving checkpoint to:
             Current: /root/autodl-tmp/retraining-free-quantization/training/r18_c10_nude_0.02_all_bits_orth/r18_c10_nude_0.02_all_bits_orth_checkpoint.pth.tar

2025-12-30 04:10:52,611 - INFO  - 🎲 Epoch 33: FaultInjector seed rotated to 75
2025-12-30 04:10:52,619 - INFO  - [NUDE] Epoch 33: force max bit-width W/A = 6
2025-12-30 04:10:52,620 - INFO  - ================================================================================
2025-12-30 04:10:52,620 - INFO  - 🔥 [NUDE] BFAT ACTIVE
2025-12-30 04:10:52,620 - INFO  -    Loss Type: direct_ce
2025-12-30 04:10:52,620 - INFO  -    Proj Mode: orthogonal
2025-12-30 04:10:52,620 - INFO  -    Injection: All Bits
2025-12-30 04:10:52,620 - INFO  - ================================================================================
2025-12-30 04:10:58,740 - INFO  - [NUDE][TRAIN] Epoch 33/100 Iter 20/390 Loss 0.1117 Top1 95.90 Top5 99.96
2025-12-30 04:11:04,822 - INFO  - [NUDE][TRAIN] Epoch 33/100 Iter 40/390 Loss 0.1176 Top1 95.72 Top5 99.98
2025-12-30 04:11:10,750 - INFO  - [NUDE][TRAIN] Epoch 33/100 Iter 60/390 Loss 0.1191 Top1 95.73 Top5 99.96
2025-12-30 04:11:16,798 - INFO  - [NUDE][TRAIN] Epoch 33/100 Iter 80/390 Loss 0.1204 Top1 95.69 Top5 99.97
2025-12-30 04:11:23,006 - INFO  - [NUDE][TRAIN] Epoch 33/100 Iter 100/390 Loss 0.1210 Top1 95.70 Top5 99.96
2025-12-30 04:11:29,054 - INFO  - [NUDE][TRAIN] Epoch 33/100 Iter 120/390 Loss 0.1222 Top1 95.69 Top5 99.96
2025-12-30 04:11:34,972 - INFO  - [NUDE][TRAIN] Epoch 33/100 Iter 140/390 Loss 0.1229 Top1 95.67 Top5 99.96
2025-12-30 04:11:40,799 - INFO  - [NUDE][TRAIN] Epoch 33/100 Iter 160/390 Loss 0.1240 Top1 95.66 Top5 99.96
2025-12-30 04:11:46,750 - INFO  - [NUDE][TRAIN] Epoch 33/100 Iter 180/390 Loss 0.1235 Top1 95.68 Top5 99.96
2025-12-30 04:11:52,769 - INFO  - [NUDE][TRAIN] Epoch 33/100 Iter 200/390 Loss 0.1235 Top1 95.65 Top5 99.96
2025-12-30 04:11:58,776 - INFO  - [NUDE][TRAIN] Epoch 33/100 Iter 220/390 Loss 0.1247 Top1 95.58 Top5 99.96
2025-12-30 04:12:04,919 - INFO  - [NUDE][TRAIN] Epoch 33/100 Iter 240/390 Loss 0.1268 Top1 95.52 Top5 99.96
2025-12-30 04:12:10,865 - INFO  - [NUDE][TRAIN] Epoch 33/100 Iter 260/390 Loss 0.1296 Top1 95.44 Top5 99.96
2025-12-30 04:12:16,875 - INFO  - [NUDE][TRAIN] Epoch 33/100 Iter 280/390 Loss 0.1305 Top1 95.43 Top5 99.96
2025-12-30 04:12:22,912 - INFO  - [NUDE][TRAIN] Epoch 33/100 Iter 300/390 Loss 0.1306 Top1 95.41 Top5 99.96
2025-12-30 04:12:28,845 - INFO  - [NUDE][TRAIN] Epoch 33/100 Iter 320/390 Loss 0.1316 Top1 95.37 Top5 99.96
2025-12-30 04:12:35,091 - INFO  - [NUDE][TRAIN] Epoch 33/100 Iter 340/390 Loss 0.1313 Top1 95.38 Top5 99.96
2025-12-30 04:12:40,933 - INFO  - [NUDE][TRAIN] Epoch 33/100 Iter 360/390 Loss 0.1319 Top1 95.37 Top5 99.96
2025-12-30 04:12:47,028 - INFO  - [NUDE][TRAIN] Epoch 33/100 Iter 380/390 Loss 0.1325 Top1 95.36 Top5 99.95
2025-12-30 04:12:50,661 - INFO  - [NUDE] Validate: force max bit-width W/A = 6
2025-12-30 04:12:53,058 - INFO  - [NUDE][EPOCH] 33/100 Train: Top1=95.36 Top5=99.95 Loss=0.1324 | Val(EMA): Top1=91.59
2025-12-30 04:12:53,058 - INFO  -   ⏱️  本Epoch耗时: 2分0秒 | 平均Epoch耗时: 2分1秒 | 剩余Epoch数: 66
2025-12-30 04:12:53,058 - INFO  -   📅 预估剩余时间: 2小时13分15秒 | 预估完成时间: 2025-12-30 06:26:08
2025-12-30 04:12:53,953 - INFO  - ([34] Epoch) Saving checkpoint to:
             Current: /root/autodl-tmp/retraining-free-quantization/training/r18_c10_nude_0.02_all_bits_orth/r18_c10_nude_0.02_all_bits_orth_checkpoint.pth.tar

2025-12-30 04:12:53,957 - INFO  - 🎲 Epoch 34: FaultInjector seed rotated to 76
2025-12-30 04:12:53,966 - INFO  - [NUDE] Epoch 34: force max bit-width W/A = 6
2025-12-30 04:12:53,966 - INFO  - ================================================================================
2025-12-30 04:12:53,966 - INFO  - 🔥 [NUDE] BFAT ACTIVE
2025-12-30 04:12:53,966 - INFO  -    Loss Type: direct_ce
2025-12-30 04:12:53,966 - INFO  -    Proj Mode: orthogonal
2025-12-30 04:12:53,966 - INFO  -    Injection: All Bits
2025-12-30 04:12:53,966 - INFO  - ================================================================================
2025-12-30 04:13:00,095 - INFO  - [NUDE][TRAIN] Epoch 34/100 Iter 20/390 Loss 0.1241 Top1 95.43 Top5 100.00
2025-12-30 04:13:06,153 - INFO  - [NUDE][TRAIN] Epoch 34/100 Iter 40/390 Loss 0.1259 Top1 95.51 Top5 99.96
2025-12-30 04:13:11,997 - INFO  - [NUDE][TRAIN] Epoch 34/100 Iter 60/390 Loss 0.1261 Top1 95.64 Top5 99.96
2025-12-30 04:13:17,908 - INFO  - [NUDE][TRAIN] Epoch 34/100 Iter 80/390 Loss 0.1258 Top1 95.74 Top5 99.94
2025-12-30 04:13:23,832 - INFO  - [NUDE][TRAIN] Epoch 34/100 Iter 100/390 Loss 0.1240 Top1 95.79 Top5 99.93
2025-12-30 04:13:29,747 - INFO  - [NUDE][TRAIN] Epoch 34/100 Iter 120/390 Loss 0.1287 Top1 95.62 Top5 99.94
2025-12-30 04:13:35,762 - INFO  - [NUDE][TRAIN] Epoch 34/100 Iter 140/390 Loss 0.1295 Top1 95.59 Top5 99.95
2025-12-30 04:13:41,681 - INFO  - [NUDE][TRAIN] Epoch 34/100 Iter 160/390 Loss 0.1315 Top1 95.51 Top5 99.96
2025-12-30 04:13:47,722 - INFO  - [NUDE][TRAIN] Epoch 34/100 Iter 180/390 Loss 0.1299 Top1 95.55 Top5 99.96
2025-12-30 04:13:53,738 - INFO  - [NUDE][TRAIN] Epoch 34/100 Iter 200/390 Loss 0.1302 Top1 95.49 Top5 99.96
2025-12-30 04:13:59,680 - INFO  - [NUDE][TRAIN] Epoch 34/100 Iter 220/390 Loss 0.1294 Top1 95.52 Top5 99.97
2025-12-30 04:14:05,738 - INFO  - [NUDE][TRAIN] Epoch 34/100 Iter 240/390 Loss 0.1302 Top1 95.51 Top5 99.97
2025-12-30 04:14:11,662 - INFO  - [NUDE][TRAIN] Epoch 34/100 Iter 260/390 Loss 0.1315 Top1 95.47 Top5 99.97
2025-12-30 04:14:18,498 - INFO  - [NUDE][TRAIN] Epoch 34/100 Iter 280/390 Loss 0.1327 Top1 95.40 Top5 99.97
2025-12-30 04:14:24,792 - INFO  - [NUDE][TRAIN] Epoch 34/100 Iter 300/390 Loss 0.1333 Top1 95.41 Top5 99.97
2025-12-30 04:14:30,698 - INFO  - [NUDE][TRAIN] Epoch 34/100 Iter 320/390 Loss 0.1341 Top1 95.37 Top5 99.97
2025-12-30 04:14:36,769 - INFO  - [NUDE][TRAIN] Epoch 34/100 Iter 340/390 Loss 0.1338 Top1 95.38 Top5 99.97
2025-12-30 04:14:42,757 - INFO  - [NUDE][TRAIN] Epoch 34/100 Iter 360/390 Loss 0.1347 Top1 95.36 Top5 99.97
2025-12-30 04:14:48,790 - INFO  - [NUDE][TRAIN] Epoch 34/100 Iter 380/390 Loss 0.1331 Top1 95.42 Top5 99.97
2025-12-30 04:14:51,747 - INFO  - [NUDE] Validate: force max bit-width W/A = 6
2025-12-30 04:14:54,073 - INFO  - [NUDE][EPOCH] 34/100 Train: Top1=95.42 Top5=99.97 Loss=0.1327 | Val(EMA): Top1=91.86
2025-12-30 04:14:54,073 - INFO  -   ⏱️  本Epoch耗时: 2分0秒 | 平均Epoch耗时: 2分0秒 | 剩余Epoch数: 65
2025-12-30 04:14:54,073 - INFO  -   📅 预估剩余时间: 2小时10分41秒 | 预估完成时间: 2025-12-30 06:25:35
2025-12-30 04:14:54,979 - INFO  - ([35] Epoch) Saving checkpoint to:
             Current: /root/autodl-tmp/retraining-free-quantization/training/r18_c10_nude_0.02_all_bits_orth/r18_c10_nude_0.02_all_bits_orth_checkpoint.pth.tar

2025-12-30 04:14:54,983 - INFO  - 🎲 Epoch 35: FaultInjector seed rotated to 77
2025-12-30 04:14:54,992 - INFO  - [NUDE] Epoch 35: force max bit-width W/A = 6
2025-12-30 04:14:54,992 - INFO  - ================================================================================
2025-12-30 04:14:54,992 - INFO  - 🔥 [NUDE] BFAT ACTIVE
2025-12-30 04:14:54,992 - INFO  -    Loss Type: direct_ce
2025-12-30 04:14:54,992 - INFO  -    Proj Mode: orthogonal
2025-12-30 04:14:54,992 - INFO  -    Injection: All Bits
2025-12-30 04:14:54,992 - INFO  - ================================================================================
2025-12-30 04:15:02,158 - INFO  - [NUDE][TRAIN] Epoch 35/100 Iter 20/390 Loss 0.1100 Top1 96.09 Top5 99.96
2025-12-30 04:15:09,146 - INFO  - [NUDE][TRAIN] Epoch 35/100 Iter 40/390 Loss 0.1082 Top1 96.21 Top5 99.98
2025-12-30 04:15:15,050 - INFO  - [NUDE][TRAIN] Epoch 35/100 Iter 60/390 Loss 0.1074 Top1 96.24 Top5 99.96
2025-12-30 04:15:21,077 - INFO  - [NUDE][TRAIN] Epoch 35/100 Iter 80/390 Loss 0.1060 Top1 96.21 Top5 99.95
2025-12-30 04:15:27,118 - INFO  - [NUDE][TRAIN] Epoch 35/100 Iter 100/390 Loss 0.1083 Top1 96.24 Top5 99.96
2025-12-30 04:15:33,070 - INFO  - [NUDE][TRAIN] Epoch 35/100 Iter 120/390 Loss 0.1106 Top1 96.11 Top5 99.96
2025-12-30 04:15:39,097 - INFO  - [NUDE][TRAIN] Epoch 35/100 Iter 140/390 Loss 0.1121 Top1 96.03 Top5 99.97
2025-12-30 04:15:45,142 - INFO  - [NUDE][TRAIN] Epoch 35/100 Iter 160/390 Loss 0.1104 Top1 96.14 Top5 99.97
2025-12-30 04:15:51,163 - INFO  - [NUDE][TRAIN] Epoch 35/100 Iter 180/390 Loss 0.1100 Top1 96.08 Top5 99.97
2025-12-30 04:15:57,157 - INFO  - [NUDE][TRAIN] Epoch 35/100 Iter 200/390 Loss 0.1116 Top1 96.02 Top5 99.97
2025-12-30 04:16:03,070 - INFO  - [NUDE][TRAIN] Epoch 35/100 Iter 220/390 Loss 0.1132 Top1 95.96 Top5 99.97
2025-12-30 04:16:09,107 - INFO  - [NUDE][TRAIN] Epoch 35/100 Iter 240/390 Loss 0.1149 Top1 95.92 Top5 99.96
2025-12-30 04:16:15,010 - INFO  - [NUDE][TRAIN] Epoch 35/100 Iter 260/390 Loss 0.1150 Top1 95.91 Top5 99.96
2025-12-30 04:16:21,000 - INFO  - [NUDE][TRAIN] Epoch 35/100 Iter 280/390 Loss 0.1167 Top1 95.85 Top5 99.96
2025-12-30 04:16:27,037 - INFO  - [NUDE][TRAIN] Epoch 35/100 Iter 300/390 Loss 0.1182 Top1 95.80 Top5 99.96
2025-12-30 04:16:32,875 - INFO  - [NUDE][TRAIN] Epoch 35/100 Iter 320/390 Loss 0.1199 Top1 95.76 Top5 99.96
2025-12-30 04:16:38,902 - INFO  - [NUDE][TRAIN] Epoch 35/100 Iter 340/390 Loss 0.1200 Top1 95.76 Top5 99.96
2025-12-30 04:16:44,849 - INFO  - [NUDE][TRAIN] Epoch 35/100 Iter 360/390 Loss 0.1204 Top1 95.76 Top5 99.96
2025-12-30 04:16:50,887 - INFO  - [NUDE][TRAIN] Epoch 35/100 Iter 380/390 Loss 0.1213 Top1 95.74 Top5 99.96
2025-12-30 04:16:53,883 - INFO  - [NUDE] Validate: force max bit-width W/A = 6
2025-12-30 04:16:56,181 - INFO  - [NUDE][EPOCH] 35/100 Train: Top1=95.73 Top5=99.96 Loss=0.1220 | Val(EMA): Top1=91.94
2025-12-30 04:16:56,181 - INFO  -   ⏱️  本Epoch耗时: 2分1秒 | 平均Epoch耗时: 2分0秒 | 剩余Epoch数: 64
2025-12-30 04:16:56,181 - INFO  -   📅 预估剩余时间: 2小时8分35秒 | 预估完成时间: 2025-12-30 06:25:31
2025-12-30 04:16:56,929 - INFO  - ([36] Epoch) Saving checkpoint to:
             Current: /root/autodl-tmp/retraining-free-quantization/training/r18_c10_nude_0.02_all_bits_orth/r18_c10_nude_0.02_all_bits_orth_checkpoint.pth.tar

2025-12-30 04:16:56,933 - INFO  - 🎲 Epoch 36: FaultInjector seed rotated to 78
2025-12-30 04:16:56,940 - INFO  - [NUDE] Epoch 36: force max bit-width W/A = 6
2025-12-30 04:16:56,940 - INFO  - ================================================================================
2025-12-30 04:16:56,940 - INFO  - 🔥 [NUDE] BFAT ACTIVE
2025-12-30 04:16:56,940 - INFO  -    Loss Type: direct_ce
2025-12-30 04:16:56,941 - INFO  -    Proj Mode: orthogonal
2025-12-30 04:16:56,941 - INFO  -    Injection: All Bits
2025-12-30 04:16:56,941 - INFO  - ================================================================================
2025-12-30 04:17:03,140 - INFO  - [NUDE][TRAIN] Epoch 36/100 Iter 20/390 Loss 0.1046 Top1 96.41 Top5 100.00
2025-12-30 04:17:09,229 - INFO  - [NUDE][TRAIN] Epoch 36/100 Iter 40/390 Loss 0.1068 Top1 96.46 Top5 100.00
2025-12-30 04:17:15,145 - INFO  - [NUDE][TRAIN] Epoch 36/100 Iter 60/390 Loss 0.1064 Top1 96.29 Top5 100.00
2025-12-30 04:17:21,224 - INFO  - [NUDE][TRAIN] Epoch 36/100 Iter 80/390 Loss 0.1062 Top1 96.31 Top5 100.00
2025-12-30 04:17:27,238 - INFO  - [NUDE][TRAIN] Epoch 36/100 Iter 100/390 Loss 0.1101 Top1 96.25 Top5 100.00
2025-12-30 04:17:33,159 - INFO  - [NUDE][TRAIN] Epoch 36/100 Iter 120/390 Loss 0.1118 Top1 96.17 Top5 100.00
2025-12-30 04:17:39,168 - INFO  - [NUDE][TRAIN] Epoch 36/100 Iter 140/390 Loss 0.1125 Top1 96.18 Top5 100.00
2025-12-30 04:17:45,059 - INFO  - [NUDE][TRAIN] Epoch 36/100 Iter 160/390 Loss 0.1138 Top1 96.08 Top5 99.99
2025-12-30 04:17:51,060 - INFO  - [NUDE][TRAIN] Epoch 36/100 Iter 180/390 Loss 0.1132 Top1 96.09 Top5 99.98
2025-12-30 04:17:57,141 - INFO  - [NUDE][TRAIN] Epoch 36/100 Iter 200/390 Loss 0.1124 Top1 96.10 Top5 99.97
2025-12-30 04:18:03,094 - INFO  - [NUDE][TRAIN] Epoch 36/100 Iter 220/390 Loss 0.1127 Top1 96.07 Top5 99.97
2025-12-30 04:18:09,172 - INFO  - [NUDE][TRAIN] Epoch 36/100 Iter 240/390 Loss 0.1135 Top1 96.05 Top5 99.97
2025-12-30 04:18:14,949 - INFO  - [NUDE][TRAIN] Epoch 36/100 Iter 260/390 Loss 0.1141 Top1 96.02 Top5 99.97
2025-12-30 04:18:21,567 - INFO  - [NUDE][TRAIN] Epoch 36/100 Iter 280/390 Loss 0.1148 Top1 96.00 Top5 99.97
2025-12-30 04:18:27,555 - INFO  - [NUDE][TRAIN] Epoch 36/100 Iter 300/390 Loss 0.1165 Top1 95.93 Top5 99.97
2025-12-30 04:18:33,438 - INFO  - [NUDE][TRAIN] Epoch 36/100 Iter 320/390 Loss 0.1169 Top1 95.90 Top5 99.97
2025-12-30 04:18:39,489 - INFO  - [NUDE][TRAIN] Epoch 36/100 Iter 340/390 Loss 0.1171 Top1 95.88 Top5 99.97
2025-12-30 04:18:45,651 - INFO  - [NUDE][TRAIN] Epoch 36/100 Iter 360/390 Loss 0.1175 Top1 95.87 Top5 99.97
2025-12-30 04:18:51,728 - INFO  - [NUDE][TRAIN] Epoch 36/100 Iter 380/390 Loss 0.1185 Top1 95.84 Top5 99.97
2025-12-30 04:18:54,713 - INFO  - [NUDE] Validate: force max bit-width W/A = 6
2025-12-30 04:18:57,089 - INFO  - [NUDE][EPOCH] 36/100 Train: Top1=95.81 Top5=99.97 Loss=0.1194 | Val(EMA): Top1=91.99
2025-12-30 04:18:57,089 - INFO  -   ⏱️  本Epoch耗时: 2分0秒 | 平均Epoch耗时: 2分0秒 | 剩余Epoch数: 63
2025-12-30 04:18:57,089 - INFO  -   📅 预估剩余时间: 2小时6分38秒 | 预估完成时间: 2025-12-30 06:25:35
2025-12-30 04:18:57,961 - INFO  - ([37] Epoch) Saving checkpoint to:
             Current: /root/autodl-tmp/retraining-free-quantization/training/r18_c10_nude_0.02_all_bits_orth/r18_c10_nude_0.02_all_bits_orth_checkpoint.pth.tar

2025-12-30 04:18:57,965 - INFO  - 🎲 Epoch 37: FaultInjector seed rotated to 79
2025-12-30 04:18:57,974 - INFO  - [NUDE] Epoch 37: force max bit-width W/A = 6
2025-12-30 04:18:57,974 - INFO  - ================================================================================
2025-12-30 04:18:57,974 - INFO  - 🔥 [NUDE] BFAT ACTIVE
2025-12-30 04:18:57,974 - INFO  -    Loss Type: direct_ce
2025-12-30 04:18:57,974 - INFO  -    Proj Mode: orthogonal
2025-12-30 04:18:57,974 - INFO  -    Injection: All Bits
2025-12-30 04:18:57,974 - INFO  - ================================================================================
2025-12-30 04:19:04,107 - INFO  - [NUDE][TRAIN] Epoch 37/100 Iter 20/390 Loss 0.1022 Top1 96.60 Top5 100.00
2025-12-30 04:19:10,160 - INFO  - [NUDE][TRAIN] Epoch 37/100 Iter 40/390 Loss 0.1033 Top1 96.48 Top5 99.98
2025-12-30 04:19:16,062 - INFO  - [NUDE][TRAIN] Epoch 37/100 Iter 60/390 Loss 0.0963 Top1 96.68 Top5 99.99
2025-12-30 04:19:22,061 - INFO  - [NUDE][TRAIN] Epoch 37/100 Iter 80/390 Loss 0.0941 Top1 96.75 Top5 99.97
2025-12-30 04:19:28,247 - INFO  - [NUDE][TRAIN] Epoch 37/100 Iter 100/390 Loss 0.0970 Top1 96.66 Top5 99.97
2025-12-30 04:19:34,322 - INFO  - [NUDE][TRAIN] Epoch 37/100 Iter 120/390 Loss 0.1010 Top1 96.56 Top5 99.97
2025-12-30 04:19:40,446 - INFO  - [NUDE][TRAIN] Epoch 37/100 Iter 140/390 Loss 0.1033 Top1 96.42 Top5 99.97
2025-12-30 04:19:46,502 - INFO  - [NUDE][TRAIN] Epoch 37/100 Iter 160/390 Loss 0.1056 Top1 96.31 Top5 99.98
2025-12-30 04:19:52,449 - INFO  - [NUDE][TRAIN] Epoch 37/100 Iter 180/390 Loss 0.1075 Top1 96.25 Top5 99.97
2025-12-30 04:19:58,327 - INFO  - [NUDE][TRAIN] Epoch 37/100 Iter 200/390 Loss 0.1083 Top1 96.22 Top5 99.97
2025-12-30 04:20:04,127 - INFO  - [NUDE][TRAIN] Epoch 37/100 Iter 220/390 Loss 0.1073 Top1 96.26 Top5 99.97
2025-12-30 04:20:10,090 - INFO  - [NUDE][TRAIN] Epoch 37/100 Iter 240/390 Loss 0.1068 Top1 96.29 Top5 99.97
2025-12-30 04:20:16,019 - INFO  - [NUDE][TRAIN] Epoch 37/100 Iter 260/390 Loss 0.1071 Top1 96.27 Top5 99.97
2025-12-30 04:20:22,029 - INFO  - [NUDE][TRAIN] Epoch 37/100 Iter 280/390 Loss 0.1078 Top1 96.25 Top5 99.97
2025-12-30 04:20:28,051 - INFO  - [NUDE][TRAIN] Epoch 37/100 Iter 300/390 Loss 0.1079 Top1 96.23 Top5 99.97
2025-12-30 04:20:34,032 - INFO  - [NUDE][TRAIN] Epoch 37/100 Iter 320/390 Loss 0.1090 Top1 96.18 Top5 99.98
2025-12-30 04:20:40,580 - INFO  - [NUDE][TRAIN] Epoch 37/100 Iter 340/390 Loss 0.1091 Top1 96.20 Top5 99.98
2025-12-30 04:20:46,617 - INFO  - [NUDE][TRAIN] Epoch 37/100 Iter 360/390 Loss 0.1092 Top1 96.19 Top5 99.98
2025-12-30 04:20:52,597 - INFO  - [NUDE][TRAIN] Epoch 37/100 Iter 380/390 Loss 0.1102 Top1 96.16 Top5 99.98
2025-12-30 04:20:55,603 - INFO  - [NUDE] Validate: force max bit-width W/A = 6
2025-12-30 04:20:57,874 - INFO  - [NUDE][EPOCH] 37/100 Train: Top1=96.12 Top5=99.98 Loss=0.1108 | Val(EMA): Top1=92.14
2025-12-30 04:20:57,874 - INFO  -   ⏱️  本Epoch耗时: 1分59秒 | 平均Epoch耗时: 2分0秒 | 剩余Epoch数: 62
2025-12-30 04:20:57,874 - INFO  -   📅 预估剩余时间: 2小时4分22秒 | 预估完成时间: 2025-12-30 06:25:20
2025-12-30 04:20:58,704 - INFO  - ([38] Epoch) Saving checkpoint to:
             Current: /root/autodl-tmp/retraining-free-quantization/training/r18_c10_nude_0.02_all_bits_orth/r18_c10_nude_0.02_all_bits_orth_checkpoint.pth.tar

2025-12-30 04:20:58,707 - INFO  - 🎲 Epoch 38: FaultInjector seed rotated to 80
2025-12-30 04:20:58,714 - INFO  - [NUDE] Epoch 38: force max bit-width W/A = 6
2025-12-30 04:20:58,715 - INFO  - ================================================================================
2025-12-30 04:20:58,715 - INFO  - 🔥 [NUDE] BFAT ACTIVE
2025-12-30 04:20:58,715 - INFO  -    Loss Type: direct_ce
2025-12-30 04:20:58,715 - INFO  -    Proj Mode: orthogonal
2025-12-30 04:20:58,715 - INFO  -    Injection: All Bits
2025-12-30 04:20:58,715 - INFO  - ================================================================================
2025-12-30 04:21:04,869 - INFO  - [NUDE][TRAIN] Epoch 38/100 Iter 20/390 Loss 0.0867 Top1 97.15 Top5 99.96
2025-12-30 04:21:11,022 - INFO  - [NUDE][TRAIN] Epoch 38/100 Iter 40/390 Loss 0.0863 Top1 97.11 Top5 99.98
2025-12-30 04:21:16,938 - INFO  - [NUDE][TRAIN] Epoch 38/100 Iter 60/390 Loss 0.0908 Top1 96.88 Top5 99.99
2025-12-30 04:21:22,963 - INFO  - [NUDE][TRAIN] Epoch 38/100 Iter 80/390 Loss 0.0935 Top1 96.81 Top5 99.96
2025-12-30 04:21:29,474 - INFO  - [NUDE][TRAIN] Epoch 38/100 Iter 100/390 Loss 0.0930 Top1 96.79 Top5 99.97
2025-12-30 04:21:35,264 - INFO  - [NUDE][TRAIN] Epoch 38/100 Iter 120/390 Loss 0.0919 Top1 96.81 Top5 99.97
2025-12-30 04:21:41,180 - INFO  - [NUDE][TRAIN] Epoch 38/100 Iter 140/390 Loss 0.0944 Top1 96.78 Top5 99.97
2025-12-30 04:21:47,022 - INFO  - [NUDE][TRAIN] Epoch 38/100 Iter 160/390 Loss 0.0966 Top1 96.66 Top5 99.98
2025-12-30 04:21:53,082 - INFO  - [NUDE][TRAIN] Epoch 38/100 Iter 180/390 Loss 0.0975 Top1 96.63 Top5 99.98
2025-12-30 04:21:59,118 - INFO  - [NUDE][TRAIN] Epoch 38/100 Iter 200/390 Loss 0.0989 Top1 96.60 Top5 99.97
2025-12-30 04:22:05,039 - INFO  - [NUDE][TRAIN] Epoch 38/100 Iter 220/390 Loss 0.1002 Top1 96.54 Top5 99.98
2025-12-30 04:22:11,037 - INFO  - [NUDE][TRAIN] Epoch 38/100 Iter 240/390 Loss 0.1011 Top1 96.50 Top5 99.97
2025-12-30 04:22:17,115 - INFO  - [NUDE][TRAIN] Epoch 38/100 Iter 260/390 Loss 0.1022 Top1 96.45 Top5 99.97
2025-12-30 04:22:23,405 - INFO  - [NUDE][TRAIN] Epoch 38/100 Iter 280/390 Loss 0.1033 Top1 96.41 Top5 99.97
2025-12-30 04:22:29,509 - INFO  - [NUDE][TRAIN] Epoch 38/100 Iter 300/390 Loss 0.1033 Top1 96.43 Top5 99.97
2025-12-30 04:22:35,422 - INFO  - [NUDE][TRAIN] Epoch 38/100 Iter 320/390 Loss 0.1037 Top1 96.42 Top5 99.97
2025-12-30 04:22:41,414 - INFO  - [NUDE][TRAIN] Epoch 38/100 Iter 340/390 Loss 0.1040 Top1 96.43 Top5 99.97
2025-12-30 04:22:47,300 - INFO  - [NUDE][TRAIN] Epoch 38/100 Iter 360/390 Loss 0.1041 Top1 96.43 Top5 99.98
2025-12-30 04:22:53,313 - INFO  - [NUDE][TRAIN] Epoch 38/100 Iter 380/390 Loss 0.1045 Top1 96.42 Top5 99.97
2025-12-30 04:22:56,319 - INFO  - [NUDE] Validate: force max bit-width W/A = 6
2025-12-30 04:22:58,619 - INFO  - [NUDE][EPOCH] 38/100 Train: Top1=96.40 Top5=99.97 Loss=0.1050 | Val(EMA): Top1=92.19
2025-12-30 04:22:58,620 - INFO  -   ⏱️  本Epoch耗时: 1分59秒 | 平均Epoch耗时: 2分0秒 | 剩余Epoch数: 61
2025-12-30 04:22:58,620 - INFO  -   📅 预估剩余时间: 2小时2分15秒 | 预估完成时间: 2025-12-30 06:25:14
2025-12-30 04:22:59,342 - INFO  - ([39] Epoch) Saving checkpoint to:
             Current: /root/autodl-tmp/retraining-free-quantization/training/r18_c10_nude_0.02_all_bits_orth/r18_c10_nude_0.02_all_bits_orth_checkpoint.pth.tar

2025-12-30 04:22:59,345 - INFO  - 🎲 Epoch 39: FaultInjector seed rotated to 81
2025-12-30 04:22:59,353 - INFO  - [NUDE] Epoch 39: force max bit-width W/A = 6
2025-12-30 04:22:59,353 - INFO  - ================================================================================
2025-12-30 04:22:59,353 - INFO  - 🔥 [NUDE] BFAT ACTIVE
2025-12-30 04:22:59,353 - INFO  -    Loss Type: direct_ce
2025-12-30 04:22:59,353 - INFO  -    Proj Mode: orthogonal
2025-12-30 04:22:59,353 - INFO  -    Injection: All Bits
2025-12-30 04:22:59,353 - INFO  - ================================================================================
2025-12-30 04:23:05,475 - INFO  - [NUDE][TRAIN] Epoch 39/100 Iter 20/390 Loss 0.0858 Top1 97.15 Top5 99.96
2025-12-30 04:23:11,526 - INFO  - [NUDE][TRAIN] Epoch 39/100 Iter 40/390 Loss 0.0816 Top1 97.19 Top5 99.98
2025-12-30 04:23:17,345 - INFO  - [NUDE][TRAIN] Epoch 39/100 Iter 60/390 Loss 0.0859 Top1 97.02 Top5 99.97
2025-12-30 04:23:23,244 - INFO  - [NUDE][TRAIN] Epoch 39/100 Iter 80/390 Loss 0.0935 Top1 96.82 Top5 99.98
2025-12-30 04:23:29,190 - INFO  - [NUDE][TRAIN] Epoch 39/100 Iter 100/390 Loss 0.0950 Top1 96.72 Top5 99.98
2025-12-30 04:23:35,114 - INFO  - [NUDE][TRAIN] Epoch 39/100 Iter 120/390 Loss 0.0952 Top1 96.71 Top5 99.98
2025-12-30 04:23:41,112 - INFO  - [NUDE][TRAIN] Epoch 39/100 Iter 140/390 Loss 0.0942 Top1 96.71 Top5 99.98
2025-12-30 04:23:47,007 - INFO  - [NUDE][TRAIN] Epoch 39/100 Iter 160/390 Loss 0.0950 Top1 96.70 Top5 99.99
2025-12-30 04:23:53,021 - INFO  - [NUDE][TRAIN] Epoch 39/100 Iter 180/390 Loss 0.0948 Top1 96.69 Top5 99.99
2025-12-30 04:23:59,072 - INFO  - [NUDE][TRAIN] Epoch 39/100 Iter 200/390 Loss 0.0951 Top1 96.65 Top5 99.99
2025-12-30 04:24:05,016 - INFO  - [NUDE][TRAIN] Epoch 39/100 Iter 220/390 Loss 0.0962 Top1 96.65 Top5 99.98
2025-12-30 04:24:11,374 - INFO  - [NUDE][TRAIN] Epoch 39/100 Iter 240/390 Loss 0.0993 Top1 96.56 Top5 99.98
2025-12-30 04:24:17,615 - INFO  - [NUDE][TRAIN] Epoch 39/100 Iter 260/390 Loss 0.1007 Top1 96.53 Top5 99.98
2025-12-30 04:24:23,559 - INFO  - [NUDE][TRAIN] Epoch 39/100 Iter 280/390 Loss 0.1022 Top1 96.48 Top5 99.97
2025-12-30 04:24:29,586 - INFO  - [NUDE][TRAIN] Epoch 39/100 Iter 300/390 Loss 0.1027 Top1 96.49 Top5 99.97
2025-12-30 04:24:35,457 - INFO  - [NUDE][TRAIN] Epoch 39/100 Iter 320/390 Loss 0.1027 Top1 96.49 Top5 99.97
2025-12-30 04:24:41,451 - INFO  - [NUDE][TRAIN] Epoch 39/100 Iter 340/390 Loss 0.1042 Top1 96.44 Top5 99.97
2025-12-30 04:24:47,288 - INFO  - [NUDE][TRAIN] Epoch 39/100 Iter 360/390 Loss 0.1045 Top1 96.43 Top5 99.97
2025-12-30 04:24:53,150 - INFO  - [NUDE][TRAIN] Epoch 39/100 Iter 380/390 Loss 0.1051 Top1 96.41 Top5 99.97
2025-12-30 04:24:56,036 - INFO  - [NUDE] Validate: force max bit-width W/A = 6
2025-12-30 04:24:58,337 - INFO  - [NUDE][EPOCH] 39/100 Train: Top1=96.41 Top5=99.97 Loss=0.1051 | Val(EMA): Top1=92.36
2025-12-30 04:24:58,337 - INFO  -   ⏱️  本Epoch耗时: 1分58秒 | 平均Epoch耗时: 2分0秒 | 剩余Epoch数: 60
2025-12-30 04:24:58,337 - INFO  -   📅 预估剩余时间: 2小时0分2秒 | 预估完成时间: 2025-12-30 06:25:00
2025-12-30 04:24:59,097 - INFO  - ([40] Epoch) Saving checkpoint to:
             Current: /root/autodl-tmp/retraining-free-quantization/training/r18_c10_nude_0.02_all_bits_orth/r18_c10_nude_0.02_all_bits_orth_checkpoint.pth.tar

2025-12-30 04:24:59,101 - INFO  - 🎲 Epoch 40: FaultInjector seed rotated to 82
2025-12-30 04:24:59,109 - INFO  - [NUDE] Epoch 40: force max bit-width W/A = 6
2025-12-30 04:24:59,110 - INFO  - ================================================================================
2025-12-30 04:24:59,110 - INFO  - 🔥 [NUDE] BFAT ACTIVE
2025-12-30 04:24:59,110 - INFO  -    Loss Type: direct_ce
2025-12-30 04:24:59,110 - INFO  -    Proj Mode: orthogonal
2025-12-30 04:24:59,110 - INFO  -    Injection: All Bits
2025-12-30 04:24:59,110 - INFO  - ================================================================================
2025-12-30 04:25:05,108 - INFO  - [NUDE][TRAIN] Epoch 40/100 Iter 20/390 Loss 0.0794 Top1 97.19 Top5 100.00
2025-12-30 04:25:11,119 - INFO  - [NUDE][TRAIN] Epoch 40/100 Iter 40/390 Loss 0.0902 Top1 96.76 Top5 99.98
2025-12-30 04:25:16,948 - INFO  - [NUDE][TRAIN] Epoch 40/100 Iter 60/390 Loss 0.0863 Top1 96.82 Top5 99.97
2025-12-30 04:25:22,970 - INFO  - [NUDE][TRAIN] Epoch 40/100 Iter 80/390 Loss 0.0919 Top1 96.63 Top5 99.96
2025-12-30 04:25:29,058 - INFO  - [NUDE][TRAIN] Epoch 40/100 Iter 100/390 Loss 0.0942 Top1 96.66 Top5 99.97
2025-12-30 04:25:34,973 - INFO  - [NUDE][TRAIN] Epoch 40/100 Iter 120/390 Loss 0.0939 Top1 96.67 Top5 99.97
2025-12-30 04:25:41,006 - INFO  - [NUDE][TRAIN] Epoch 40/100 Iter 140/390 Loss 0.0929 Top1 96.73 Top5 99.98
2025-12-30 04:25:46,988 - INFO  - [NUDE][TRAIN] Epoch 40/100 Iter 160/390 Loss 0.0924 Top1 96.72 Top5 99.97
2025-12-30 04:25:53,002 - INFO  - [NUDE][TRAIN] Epoch 40/100 Iter 180/390 Loss 0.0957 Top1 96.61 Top5 99.97
2025-12-30 04:25:59,036 - INFO  - [NUDE][TRAIN] Epoch 40/100 Iter 200/390 Loss 0.0987 Top1 96.50 Top5 99.97
2025-12-30 04:26:04,997 - INFO  - [NUDE][TRAIN] Epoch 40/100 Iter 220/390 Loss 0.0992 Top1 96.52 Top5 99.97
2025-12-30 04:26:11,191 - INFO  - [NUDE][TRAIN] Epoch 40/100 Iter 240/390 Loss 0.0986 Top1 96.53 Top5 99.97
2025-12-30 04:26:17,123 - INFO  - [NUDE][TRAIN] Epoch 40/100 Iter 260/390 Loss 0.0990 Top1 96.50 Top5 99.98
2025-12-30 04:26:23,126 - INFO  - [NUDE][TRAIN] Epoch 40/100 Iter 280/390 Loss 0.0996 Top1 96.48 Top5 99.97
2025-12-30 04:26:29,134 - INFO  - [NUDE][TRAIN] Epoch 40/100 Iter 300/390 Loss 0.1003 Top1 96.46 Top5 99.98
2025-12-30 04:26:35,453 - INFO  - [NUDE][TRAIN] Epoch 40/100 Iter 320/390 Loss 0.1009 Top1 96.42 Top5 99.98
2025-12-30 04:26:41,251 - INFO  - [NUDE][TRAIN] Epoch 40/100 Iter 340/390 Loss 0.1012 Top1 96.41 Top5 99.98
2025-12-30 04:26:47,006 - INFO  - [NUDE][TRAIN] Epoch 40/100 Iter 360/390 Loss 0.1012 Top1 96.41 Top5 99.98
2025-12-30 04:26:53,597 - INFO  - [NUDE][TRAIN] Epoch 40/100 Iter 380/390 Loss 0.1015 Top1 96.41 Top5 99.98
2025-12-30 04:26:56,748 - INFO  - [NUDE] Validate: force max bit-width W/A = 6
2025-12-30 04:26:59,054 - INFO  - [NUDE][EPOCH] 40/100 Train: Top1=96.40 Top5=99.97 Loss=0.1015 | Val(EMA): Top1=92.50
2025-12-30 04:26:59,054 - INFO  -   ⏱️  本Epoch耗时: 1分59秒 | 平均Epoch耗时: 1分59秒 | 剩余Epoch数: 59
2025-12-30 04:26:59,054 - INFO  -   📅 预估剩余时间: 1小时57分47秒 | 预估完成时间: 2025-12-30 06:24:46
2025-12-30 04:26:59,807 - INFO  - ([41] Epoch) Saving checkpoint to:
             Current: /root/autodl-tmp/retraining-free-quantization/training/r18_c10_nude_0.02_all_bits_orth/r18_c10_nude_0.02_all_bits_orth_checkpoint.pth.tar

2025-12-30 04:26:59,811 - INFO  - 🎲 Epoch 41: FaultInjector seed rotated to 83
2025-12-30 04:26:59,819 - INFO  - [NUDE] Epoch 41: force max bit-width W/A = 6
2025-12-30 04:26:59,819 - INFO  - ================================================================================
2025-12-30 04:26:59,819 - INFO  - 🔥 [NUDE] BFAT ACTIVE
2025-12-30 04:26:59,819 - INFO  -    Loss Type: direct_ce
2025-12-30 04:26:59,819 - INFO  -    Proj Mode: orthogonal
2025-12-30 04:26:59,819 - INFO  -    Injection: All Bits
2025-12-30 04:26:59,819 - INFO  - ================================================================================
2025-12-30 04:27:05,836 - INFO  - [NUDE][TRAIN] Epoch 41/100 Iter 20/390 Loss 0.0814 Top1 96.88 Top5 100.00
2025-12-30 04:27:11,983 - INFO  - [NUDE][TRAIN] Epoch 41/100 Iter 40/390 Loss 0.0853 Top1 97.01 Top5 100.00
2025-12-30 04:27:18,022 - INFO  - [NUDE][TRAIN] Epoch 41/100 Iter 60/390 Loss 0.0849 Top1 97.01 Top5 100.00
2025-12-30 04:27:24,125 - INFO  - [NUDE][TRAIN] Epoch 41/100 Iter 80/390 Loss 0.0887 Top1 96.94 Top5 100.00
2025-12-30 04:27:30,192 - INFO  - [NUDE][TRAIN] Epoch 41/100 Iter 100/390 Loss 0.0845 Top1 97.10 Top5 99.99
2025-12-30 04:27:35,995 - INFO  - [NUDE][TRAIN] Epoch 41/100 Iter 120/390 Loss 0.0893 Top1 96.97 Top5 99.99
2025-12-30 04:27:42,038 - INFO  - [NUDE][TRAIN] Epoch 41/100 Iter 140/390 Loss 0.0912 Top1 96.88 Top5 99.99
2025-12-30 04:27:47,822 - INFO  - [NUDE][TRAIN] Epoch 41/100 Iter 160/390 Loss 0.0917 Top1 96.90 Top5 99.99
2025-12-30 04:27:53,714 - INFO  - [NUDE][TRAIN] Epoch 41/100 Iter 180/390 Loss 0.0911 Top1 96.86 Top5 99.99
2025-12-30 04:27:59,638 - INFO  - [NUDE][TRAIN] Epoch 41/100 Iter 200/390 Loss 0.0914 Top1 96.84 Top5 99.99
2025-12-30 04:28:05,409 - INFO  - [NUDE][TRAIN] Epoch 41/100 Iter 220/390 Loss 0.0928 Top1 96.76 Top5 99.99
2025-12-30 04:28:11,265 - INFO  - [NUDE][TRAIN] Epoch 41/100 Iter 240/390 Loss 0.0933 Top1 96.70 Top5 99.98
2025-12-30 04:28:16,906 - INFO  - [NUDE][TRAIN] Epoch 41/100 Iter 260/390 Loss 0.0948 Top1 96.66 Top5 99.97
2025-12-30 04:28:22,643 - INFO  - [NUDE][TRAIN] Epoch 41/100 Iter 280/390 Loss 0.0952 Top1 96.63 Top5 99.97
2025-12-30 04:28:28,448 - INFO  - [NUDE][TRAIN] Epoch 41/100 Iter 300/390 Loss 0.0957 Top1 96.61 Top5 99.97
2025-12-30 04:28:34,204 - INFO  - [NUDE][TRAIN] Epoch 41/100 Iter 320/390 Loss 0.0954 Top1 96.62 Top5 99.98
2025-12-30 04:28:40,081 - INFO  - [NUDE][TRAIN] Epoch 41/100 Iter 340/390 Loss 0.0962 Top1 96.59 Top5 99.98
2025-12-30 04:28:45,839 - INFO  - [NUDE][TRAIN] Epoch 41/100 Iter 360/390 Loss 0.0964 Top1 96.60 Top5 99.98
2025-12-30 04:28:51,680 - INFO  - [NUDE][TRAIN] Epoch 41/100 Iter 380/390 Loss 0.0979 Top1 96.55 Top5 99.98
2025-12-30 04:28:54,601 - INFO  - [NUDE] Validate: force max bit-width W/A = 6
2025-12-30 04:28:56,878 - INFO  - [NUDE][EPOCH] 41/100 Train: Top1=96.55 Top5=99.98 Loss=0.0983 | Val(EMA): Top1=92.59
2025-12-30 04:28:56,878 - INFO  -   ⏱️  本Epoch耗时: 1分57秒 | 平均Epoch耗时: 1分59秒 | 剩余Epoch数: 58
2025-12-30 04:28:56,878 - INFO  -   📅 预估剩余时间: 1小时55分11秒 | 预估完成时间: 2025-12-30 06:24:08
2025-12-30 04:28:57,569 - INFO  - ([42] Epoch) Saving checkpoint to:
             Current: /root/autodl-tmp/retraining-free-quantization/training/r18_c10_nude_0.02_all_bits_orth/r18_c10_nude_0.02_all_bits_orth_checkpoint.pth.tar

2025-12-30 04:28:57,572 - INFO  - 🎲 Epoch 42: FaultInjector seed rotated to 84
2025-12-30 04:28:57,580 - INFO  - [NUDE] Epoch 42: force max bit-width W/A = 6
2025-12-30 04:28:57,580 - INFO  - ================================================================================
2025-12-30 04:28:57,580 - INFO  - 🔥 [NUDE] BFAT ACTIVE
2025-12-30 04:28:57,580 - INFO  -    Loss Type: direct_ce
2025-12-30 04:28:57,580 - INFO  -    Proj Mode: orthogonal
2025-12-30 04:28:57,580 - INFO  -    Injection: All Bits
2025-12-30 04:28:57,580 - INFO  - ================================================================================
2025-12-30 04:29:03,543 - INFO  - [NUDE][TRAIN] Epoch 42/100 Iter 20/390 Loss 0.0884 Top1 97.03 Top5 100.00
2025-12-30 04:29:09,426 - INFO  - [NUDE][TRAIN] Epoch 42/100 Iter 40/390 Loss 0.0880 Top1 97.09 Top5 99.98
2025-12-30 04:29:15,181 - INFO  - [NUDE][TRAIN] Epoch 42/100 Iter 60/390 Loss 0.0882 Top1 97.01 Top5 99.99
2025-12-30 04:29:21,002 - INFO  - [NUDE][TRAIN] Epoch 42/100 Iter 80/390 Loss 0.0903 Top1 96.93 Top5 99.99
2025-12-30 04:29:26,852 - INFO  - [NUDE][TRAIN] Epoch 42/100 Iter 100/390 Loss 0.0940 Top1 96.73 Top5 99.99
2025-12-30 04:29:32,600 - INFO  - [NUDE][TRAIN] Epoch 42/100 Iter 120/390 Loss 0.0956 Top1 96.62 Top5 99.99
2025-12-30 04:29:38,469 - INFO  - [NUDE][TRAIN] Epoch 42/100 Iter 140/390 Loss 0.0972 Top1 96.63 Top5 99.98
2025-12-30 04:29:44,196 - INFO  - [NUDE][TRAIN] Epoch 42/100 Iter 160/390 Loss 0.0971 Top1 96.64 Top5 99.99
2025-12-30 04:29:50,057 - INFO  - [NUDE][TRAIN] Epoch 42/100 Iter 180/390 Loss 0.0986 Top1 96.62 Top5 99.97
2025-12-30 04:29:55,791 - INFO  - [NUDE][TRAIN] Epoch 42/100 Iter 200/390 Loss 0.0975 Top1 96.64 Top5 99.98
2025-12-30 04:30:01,436 - INFO  - [NUDE][TRAIN] Epoch 42/100 Iter 220/390 Loss 0.0984 Top1 96.63 Top5 99.98
2025-12-30 04:30:07,178 - INFO  - [NUDE][TRAIN] Epoch 42/100 Iter 240/390 Loss 0.0984 Top1 96.61 Top5 99.98
2025-12-30 04:30:12,943 - INFO  - [NUDE][TRAIN] Epoch 42/100 Iter 260/390 Loss 0.0997 Top1 96.59 Top5 99.97
2025-12-30 04:30:18,782 - INFO  - [NUDE][TRAIN] Epoch 42/100 Iter 280/390 Loss 0.0996 Top1 96.57 Top5 99.97
2025-12-30 04:30:24,687 - INFO  - [NUDE][TRAIN] Epoch 42/100 Iter 300/390 Loss 0.1007 Top1 96.54 Top5 99.97
2025-12-30 04:30:30,465 - INFO  - [NUDE][TRAIN] Epoch 42/100 Iter 320/390 Loss 0.1005 Top1 96.54 Top5 99.98
2025-12-30 04:30:36,341 - INFO  - [NUDE][TRAIN] Epoch 42/100 Iter 340/390 Loss 0.1017 Top1 96.50 Top5 99.97
2025-12-30 04:30:42,089 - INFO  - [NUDE][TRAIN] Epoch 42/100 Iter 360/390 Loss 0.1027 Top1 96.46 Top5 99.97
2025-12-30 04:30:47,943 - INFO  - [NUDE][TRAIN] Epoch 42/100 Iter 380/390 Loss 0.1027 Top1 96.46 Top5 99.97
2025-12-30 04:30:50,901 - INFO  - [NUDE] Validate: force max bit-width W/A = 6
2025-12-30 04:30:53,209 - INFO  - [NUDE][EPOCH] 42/100 Train: Top1=96.46 Top5=99.97 Loss=0.1027 | Val(EMA): Top1=92.61
2025-12-30 04:30:53,209 - INFO  -   ⏱️  本Epoch耗时: 1分55秒 | 平均Epoch耗时: 1分58秒 | 剩余Epoch数: 57
2025-12-30 04:30:53,209 - INFO  -   📅 预估剩余时间: 1小时52分23秒 | 预估完成时间: 2025-12-30 06:23:16
2025-12-30 04:30:53,954 - INFO  - ([43] Epoch) Saving checkpoint to:
             Current: /root/autodl-tmp/retraining-free-quantization/training/r18_c10_nude_0.02_all_bits_orth/r18_c10_nude_0.02_all_bits_orth_checkpoint.pth.tar

2025-12-30 04:30:53,957 - INFO  - 🎲 Epoch 43: FaultInjector seed rotated to 85
2025-12-30 04:30:53,964 - INFO  - [NUDE] Epoch 43: force max bit-width W/A = 6
2025-12-30 04:30:53,964 - INFO  - ================================================================================
2025-12-30 04:30:53,964 - INFO  - 🔥 [NUDE] BFAT ACTIVE
2025-12-30 04:30:53,964 - INFO  -    Loss Type: direct_ce
2025-12-30 04:30:53,964 - INFO  -    Proj Mode: orthogonal
2025-12-30 04:30:53,964 - INFO  -    Injection: All Bits
2025-12-30 04:30:53,965 - INFO  - ================================================================================
2025-12-30 04:30:59,932 - INFO  - [NUDE][TRAIN] Epoch 43/100 Iter 20/390 Loss 0.0668 Top1 97.77 Top5 100.00
2025-12-30 04:31:05,835 - INFO  - [NUDE][TRAIN] Epoch 43/100 Iter 40/390 Loss 0.0716 Top1 97.68 Top5 99.98
2025-12-30 04:31:11,561 - INFO  - [NUDE][TRAIN] Epoch 43/100 Iter 60/390 Loss 0.0740 Top1 97.62 Top5 99.99
2025-12-30 04:31:17,393 - INFO  - [NUDE][TRAIN] Epoch 43/100 Iter 80/390 Loss 0.0768 Top1 97.42 Top5 99.99
2025-12-30 04:31:23,272 - INFO  - [NUDE][TRAIN] Epoch 43/100 Iter 100/390 Loss 0.0802 Top1 97.28 Top5 99.99
2025-12-30 04:31:29,012 - INFO  - [NUDE][TRAIN] Epoch 43/100 Iter 120/390 Loss 0.0806 Top1 97.25 Top5 99.99
2025-12-30 04:31:34,783 - INFO  - [NUDE][TRAIN] Epoch 43/100 Iter 140/390 Loss 0.0836 Top1 97.19 Top5 99.98
2025-12-30 04:31:40,414 - INFO  - [NUDE][TRAIN] Epoch 43/100 Iter 160/390 Loss 0.0880 Top1 97.09 Top5 99.99
2025-12-30 04:31:46,150 - INFO  - [NUDE][TRAIN] Epoch 43/100 Iter 180/390 Loss 0.0883 Top1 97.05 Top5 99.99
2025-12-30 04:31:51,955 - INFO  - [NUDE][TRAIN] Epoch 43/100 Iter 200/390 Loss 0.0885 Top1 97.04 Top5 99.99
2025-12-30 04:31:57,690 - INFO  - [NUDE][TRAIN] Epoch 43/100 Iter 220/390 Loss 0.0890 Top1 96.99 Top5 99.99
2025-12-30 04:32:03,570 - INFO  - [NUDE][TRAIN] Epoch 43/100 Iter 240/390 Loss 0.0889 Top1 96.95 Top5 99.99
2025-12-30 04:32:09,365 - INFO  - [NUDE][TRAIN] Epoch 43/100 Iter 260/390 Loss 0.0895 Top1 96.95 Top5 99.99
2025-12-30 04:32:15,240 - INFO  - [NUDE][TRAIN] Epoch 43/100 Iter 280/390 Loss 0.0887 Top1 96.97 Top5 99.99
2025-12-30 04:32:21,061 - INFO  - [NUDE][TRAIN] Epoch 43/100 Iter 300/390 Loss 0.0892 Top1 96.95 Top5 99.99
2025-12-30 04:32:26,859 - INFO  - [NUDE][TRAIN] Epoch 43/100 Iter 320/390 Loss 0.0890 Top1 96.94 Top5 99.99
2025-12-30 04:32:32,684 - INFO  - [NUDE][TRAIN] Epoch 43/100 Iter 340/390 Loss 0.0894 Top1 96.93 Top5 99.99
2025-12-30 04:32:38,428 - INFO  - [NUDE][TRAIN] Epoch 43/100 Iter 360/390 Loss 0.0891 Top1 96.94 Top5 99.99
2025-12-30 04:32:44,247 - INFO  - [NUDE][TRAIN] Epoch 43/100 Iter 380/390 Loss 0.0892 Top1 96.95 Top5 99.99
2025-12-30 04:32:47,173 - INFO  - [NUDE] Validate: force max bit-width W/A = 6
2025-12-30 04:32:49,418 - INFO  - [NUDE][EPOCH] 43/100 Train: Top1=96.95 Top5=99.99 Loss=0.0891 | Val(EMA): Top1=92.83
2025-12-30 04:32:49,418 - INFO  -   ⏱️  本Epoch耗时: 1分55秒 | 平均Epoch耗时: 1分57秒 | 剩余Epoch数: 56
2025-12-30 04:32:49,419 - INFO  -   📅 预估剩余时间: 1小时49分35秒 | 预估完成时间: 2025-12-30 06:22:25
2025-12-30 04:32:50,570 - INFO  - ([44] Epoch) Saving checkpoint to:
             Current: /root/autodl-tmp/retraining-free-quantization/training/r18_c10_nude_0.02_all_bits_orth/r18_c10_nude_0.02_all_bits_orth_checkpoint.pth.tar

2025-12-30 04:32:50,573 - INFO  - 🎲 Epoch 44: FaultInjector seed rotated to 86
2025-12-30 04:32:50,581 - INFO  - [NUDE] Epoch 44: force max bit-width W/A = 6
2025-12-30 04:32:50,581 - INFO  - ================================================================================
2025-12-30 04:32:50,581 - INFO  - 🔥 [NUDE] BFAT ACTIVE
2025-12-30 04:32:50,581 - INFO  -    Loss Type: direct_ce
2025-12-30 04:32:50,581 - INFO  -    Proj Mode: orthogonal
2025-12-30 04:32:50,581 - INFO  -    Injection: All Bits
2025-12-30 04:32:50,581 - INFO  - ================================================================================
2025-12-30 04:32:56,558 - INFO  - [NUDE][TRAIN] Epoch 44/100 Iter 20/390 Loss 0.0636 Top1 98.12 Top5 100.00
2025-12-30 04:33:02,450 - INFO  - [NUDE][TRAIN] Epoch 44/100 Iter 40/390 Loss 0.0760 Top1 97.44 Top5 100.00
2025-12-30 04:33:08,190 - INFO  - [NUDE][TRAIN] Epoch 44/100 Iter 60/390 Loss 0.0733 Top1 97.47 Top5 100.00
2025-12-30 04:33:14,006 - INFO  - [NUDE][TRAIN] Epoch 44/100 Iter 80/390 Loss 0.0734 Top1 97.55 Top5 99.99
2025-12-30 04:33:19,755 - INFO  - [NUDE][TRAIN] Epoch 44/100 Iter 100/390 Loss 0.0740 Top1 97.52 Top5 99.98
2025-12-30 04:33:25,460 - INFO  - [NUDE][TRAIN] Epoch 44/100 Iter 120/390 Loss 0.0726 Top1 97.57 Top5 99.99
2025-12-30 04:33:31,272 - INFO  - [NUDE][TRAIN] Epoch 44/100 Iter 140/390 Loss 0.0748 Top1 97.44 Top5 99.98
2025-12-30 04:33:37,079 - INFO  - [NUDE][TRAIN] Epoch 44/100 Iter 160/390 Loss 0.0761 Top1 97.38 Top5 99.98
2025-12-30 04:33:42,941 - INFO  - [NUDE][TRAIN] Epoch 44/100 Iter 180/390 Loss 0.0777 Top1 97.31 Top5 99.98
2025-12-30 04:33:48,804 - INFO  - [NUDE][TRAIN] Epoch 44/100 Iter 200/390 Loss 0.0789 Top1 97.25 Top5 99.98
2025-12-30 04:33:54,601 - INFO  - [NUDE][TRAIN] Epoch 44/100 Iter 220/390 Loss 0.0801 Top1 97.16 Top5 99.98
2025-12-30 04:34:00,428 - INFO  - [NUDE][TRAIN] Epoch 44/100 Iter 240/390 Loss 0.0805 Top1 97.13 Top5 99.98
2025-12-30 04:34:06,164 - INFO  - [NUDE][TRAIN] Epoch 44/100 Iter 260/390 Loss 0.0811 Top1 97.13 Top5 99.97
2025-12-30 04:34:12,026 - INFO  - [NUDE][TRAIN] Epoch 44/100 Iter 280/390 Loss 0.0816 Top1 97.12 Top5 99.97
2025-12-30 04:34:17,888 - INFO  - [NUDE][TRAIN] Epoch 44/100 Iter 300/390 Loss 0.0817 Top1 97.10 Top5 99.97
2025-12-30 04:34:23,661 - INFO  - [NUDE][TRAIN] Epoch 44/100 Iter 320/390 Loss 0.0826 Top1 97.07 Top5 99.97
2025-12-30 04:34:29,459 - INFO  - [NUDE][TRAIN] Epoch 44/100 Iter 340/390 Loss 0.0830 Top1 97.06 Top5 99.97
2025-12-30 04:34:35,228 - INFO  - [NUDE][TRAIN] Epoch 44/100 Iter 360/390 Loss 0.0833 Top1 97.05 Top5 99.97
2025-12-30 04:34:41,098 - INFO  - [NUDE][TRAIN] Epoch 44/100 Iter 380/390 Loss 0.0828 Top1 97.06 Top5 99.98
2025-12-30 04:34:44,013 - INFO  - [NUDE] Validate: force max bit-width W/A = 6
2025-12-30 04:34:46,318 - INFO  - [NUDE][EPOCH] 44/100 Train: Top1=97.03 Top5=99.98 Loss=0.0830 | Val(EMA): Top1=92.87
2025-12-30 04:34:46,318 - INFO  -   ⏱️  本Epoch耗时: 1分55秒 | 平均Epoch耗时: 1分56秒 | 剩余Epoch数: 55
2025-12-30 04:34:46,318 - INFO  -   📅 预估剩余时间: 1小时47分2秒 | 预估完成时间: 2025-12-30 06:21:48
2025-12-30 04:34:47,026 - INFO  - ([45] Epoch) Saving checkpoint to:
             Current: /root/autodl-tmp/retraining-free-quantization/training/r18_c10_nude_0.02_all_bits_orth/r18_c10_nude_0.02_all_bits_orth_checkpoint.pth.tar

2025-12-30 04:34:47,029 - INFO  - 🎲 Epoch 45: FaultInjector seed rotated to 87
2025-12-30 04:34:47,036 - INFO  - [NUDE] Epoch 45: force max bit-width W/A = 6
2025-12-30 04:34:47,036 - INFO  - ================================================================================
2025-12-30 04:34:47,037 - INFO  - 🔥 [NUDE] BFAT ACTIVE
2025-12-30 04:34:47,037 - INFO  -    Loss Type: direct_ce
2025-12-30 04:34:47,037 - INFO  -    Proj Mode: orthogonal
2025-12-30 04:34:47,037 - INFO  -    Injection: All Bits
2025-12-30 04:34:47,037 - INFO  - ================================================================================
2025-12-30 04:34:53,050 - INFO  - [NUDE][TRAIN] Epoch 45/100 Iter 20/390 Loss 0.0712 Top1 97.89 Top5 100.00
2025-12-30 04:34:58,833 - INFO  - [NUDE][TRAIN] Epoch 45/100 Iter 40/390 Loss 0.0727 Top1 97.70 Top5 100.00
2025-12-30 04:35:04,467 - INFO  - [NUDE][TRAIN] Epoch 45/100 Iter 60/390 Loss 0.0749 Top1 97.46 Top5 99.99
2025-12-30 04:35:10,220 - INFO  - [NUDE][TRAIN] Epoch 45/100 Iter 80/390 Loss 0.0767 Top1 97.42 Top5 99.98
2025-12-30 04:35:16,066 - INFO  - [NUDE][TRAIN] Epoch 45/100 Iter 100/390 Loss 0.0796 Top1 97.33 Top5 99.97
2025-12-30 04:35:21,835 - INFO  - [NUDE][TRAIN] Epoch 45/100 Iter 120/390 Loss 0.0786 Top1 97.34 Top5 99.97
2025-12-30 04:35:27,719 - INFO  - [NUDE][TRAIN] Epoch 45/100 Iter 140/390 Loss 0.0766 Top1 97.39 Top5 99.97
2025-12-30 04:35:33,499 - INFO  - [NUDE][TRAIN] Epoch 45/100 Iter 160/390 Loss 0.0751 Top1 97.47 Top5 99.98
2025-12-30 04:35:39,367 - INFO  - [NUDE][TRAIN] Epoch 45/100 Iter 180/390 Loss 0.0747 Top1 97.48 Top5 99.98
2025-12-30 04:35:45,262 - INFO  - [NUDE][TRAIN] Epoch 45/100 Iter 200/390 Loss 0.0744 Top1 97.50 Top5 99.98
2025-12-30 04:35:51,037 - INFO  - [NUDE][TRAIN] Epoch 45/100 Iter 220/390 Loss 0.0745 Top1 97.50 Top5 99.98
2025-12-30 04:35:56,901 - INFO  - [NUDE][TRAIN] Epoch 45/100 Iter 240/390 Loss 0.0764 Top1 97.40 Top5 99.98
2025-12-30 04:36:02,733 - INFO  - [NUDE][TRAIN] Epoch 45/100 Iter 260/390 Loss 0.0768 Top1 97.39 Top5 99.98
2025-12-30 04:36:08,580 - INFO  - [NUDE][TRAIN] Epoch 45/100 Iter 280/390 Loss 0.0780 Top1 97.35 Top5 99.98
2025-12-30 04:36:14,422 - INFO  - [NUDE][TRAIN] Epoch 45/100 Iter 300/390 Loss 0.0786 Top1 97.35 Top5 99.98
2025-12-30 04:36:20,193 - INFO  - [NUDE][TRAIN] Epoch 45/100 Iter 320/390 Loss 0.0799 Top1 97.30 Top5 99.98
2025-12-30 04:36:26,073 - INFO  - [NUDE][TRAIN] Epoch 45/100 Iter 340/390 Loss 0.0800 Top1 97.27 Top5 99.98
2025-12-30 04:36:31,781 - INFO  - [NUDE][TRAIN] Epoch 45/100 Iter 360/390 Loss 0.0803 Top1 97.26 Top5 99.98
2025-12-30 04:36:37,569 - INFO  - [NUDE][TRAIN] Epoch 45/100 Iter 380/390 Loss 0.0819 Top1 97.19 Top5 99.98
2025-12-30 04:36:40,435 - INFO  - [NUDE] Validate: force max bit-width W/A = 6
2025-12-30 04:36:42,701 - INFO  - [NUDE][EPOCH] 45/100 Train: Top1=97.19 Top5=99.98 Loss=0.0820 | Val(EMA): Top1=92.91
2025-12-30 04:36:42,701 - INFO  -   ⏱️  本Epoch耗时: 1分55秒 | 平均Epoch耗时: 1分55秒 | 剩余Epoch数: 54
2025-12-30 04:36:42,701 - INFO  -   📅 预估剩余时间: 1小时44分19秒 | 预估完成时间: 2025-12-30 06:21:02
2025-12-30 04:36:43,379 - INFO  - ([46] Epoch) Saving checkpoint to:
             Current: /root/autodl-tmp/retraining-free-quantization/training/r18_c10_nude_0.02_all_bits_orth/r18_c10_nude_0.02_all_bits_orth_checkpoint.pth.tar

2025-12-30 04:36:43,382 - INFO  - 🎲 Epoch 46: FaultInjector seed rotated to 88
2025-12-30 04:36:43,390 - INFO  - [NUDE] Epoch 46: force max bit-width W/A = 6
2025-12-30 04:36:43,390 - INFO  - ================================================================================
2025-12-30 04:36:43,390 - INFO  - 🔥 [NUDE] BFAT ACTIVE
2025-12-30 04:36:43,390 - INFO  -    Loss Type: direct_ce
2025-12-30 04:36:43,390 - INFO  -    Proj Mode: orthogonal
2025-12-30 04:36:43,390 - INFO  -    Injection: All Bits
2025-12-30 04:36:43,390 - INFO  - ================================================================================
2025-12-30 04:36:49,305 - INFO  - [NUDE][TRAIN] Epoch 46/100 Iter 20/390 Loss 0.0644 Top1 97.77 Top5 100.00
2025-12-30 04:36:55,188 - INFO  - [NUDE][TRAIN] Epoch 46/100 Iter 40/390 Loss 0.0568 Top1 98.09 Top5 99.98
2025-12-30 04:37:00,944 - INFO  - [NUDE][TRAIN] Epoch 46/100 Iter 60/390 Loss 0.0552 Top1 98.05 Top5 99.99
2025-12-30 04:37:06,806 - INFO  - [NUDE][TRAIN] Epoch 46/100 Iter 80/390 Loss 0.0555 Top1 98.14 Top5 99.99
2025-12-30 04:37:12,681 - INFO  - [NUDE][TRAIN] Epoch 46/100 Iter 100/390 Loss 0.0570 Top1 98.05 Top5 99.99
2025-12-30 04:37:18,421 - INFO  - [NUDE][TRAIN] Epoch 46/100 Iter 120/390 Loss 0.0604 Top1 97.97 Top5 99.99
2025-12-30 04:37:24,251 - INFO  - [NUDE][TRAIN] Epoch 46/100 Iter 140/390 Loss 0.0624 Top1 97.89 Top5 99.99
2025-12-30 04:37:29,994 - INFO  - [NUDE][TRAIN] Epoch 46/100 Iter 160/390 Loss 0.0646 Top1 97.79 Top5 99.99
2025-12-30 04:37:35,870 - INFO  - [NUDE][TRAIN] Epoch 46/100 Iter 180/390 Loss 0.0655 Top1 97.82 Top5 99.99
2025-12-30 04:37:41,756 - INFO  - [NUDE][TRAIN] Epoch 46/100 Iter 200/390 Loss 0.0668 Top1 97.79 Top5 99.99
2025-12-30 04:37:47,478 - INFO  - [NUDE][TRAIN] Epoch 46/100 Iter 220/390 Loss 0.0677 Top1 97.77 Top5 99.99
2025-12-30 04:37:53,333 - INFO  - [NUDE][TRAIN] Epoch 46/100 Iter 240/390 Loss 0.0677 Top1 97.76 Top5 99.99
2025-12-30 04:37:59,116 - INFO  - [NUDE][TRAIN] Epoch 46/100 Iter 260/390 Loss 0.0689 Top1 97.70 Top5 99.99
2025-12-30 04:38:04,960 - INFO  - [NUDE][TRAIN] Epoch 46/100 Iter 280/390 Loss 0.0706 Top1 97.65 Top5 99.99
2025-12-30 04:38:10,788 - INFO  - [NUDE][TRAIN] Epoch 46/100 Iter 300/390 Loss 0.0717 Top1 97.60 Top5 99.99
2025-12-30 04:38:16,498 - INFO  - [NUDE][TRAIN] Epoch 46/100 Iter 320/390 Loss 0.0734 Top1 97.54 Top5 99.99
2025-12-30 04:38:22,259 - INFO  - [NUDE][TRAIN] Epoch 46/100 Iter 340/390 Loss 0.0744 Top1 97.53 Top5 99.99
2025-12-30 04:38:27,931 - INFO  - [NUDE][TRAIN] Epoch 46/100 Iter 360/390 Loss 0.0751 Top1 97.50 Top5 99.99
2025-12-30 04:38:33,755 - INFO  - [NUDE][TRAIN] Epoch 46/100 Iter 380/390 Loss 0.0756 Top1 97.48 Top5 99.98
2025-12-30 04:38:36,689 - INFO  - [NUDE] Validate: force max bit-width W/A = 6
2025-12-30 04:38:38,957 - INFO  - [NUDE][EPOCH] 46/100 Train: Top1=97.46 Top5=99.98 Loss=0.0766 | Val(EMA): Top1=92.93
2025-12-30 04:38:38,957 - INFO  -   ⏱️  本Epoch耗时: 1分55秒 | 平均Epoch耗时: 1分55秒 | 剩余Epoch数: 53
2025-12-30 04:38:38,957 - INFO  -   📅 预估剩余时间: 1小时42分7秒 | 预估完成时间: 2025-12-30 06:20:46
2025-12-30 04:38:39,659 - INFO  - ([47] Epoch) Saving checkpoint to:
             Current: /root/autodl-tmp/retraining-free-quantization/training/r18_c10_nude_0.02_all_bits_orth/r18_c10_nude_0.02_all_bits_orth_checkpoint.pth.tar

2025-12-30 04:38:39,662 - INFO  - 🎲 Epoch 47: FaultInjector seed rotated to 89
2025-12-30 04:38:39,670 - INFO  - [NUDE] Epoch 47: force max bit-width W/A = 6
2025-12-30 04:38:39,670 - INFO  - ================================================================================
2025-12-30 04:38:39,670 - INFO  - 🔥 [NUDE] BFAT ACTIVE
2025-12-30 04:38:39,670 - INFO  -    Loss Type: direct_ce
2025-12-30 04:38:39,670 - INFO  -    Proj Mode: orthogonal
2025-12-30 04:38:39,670 - INFO  -    Injection: All Bits
2025-12-30 04:38:39,670 - INFO  - ================================================================================
2025-12-30 04:38:45,678 - INFO  - [NUDE][TRAIN] Epoch 47/100 Iter 20/390 Loss 0.0642 Top1 98.05 Top5 99.96
2025-12-30 04:38:51,561 - INFO  - [NUDE][TRAIN] Epoch 47/100 Iter 40/390 Loss 0.0629 Top1 97.99 Top5 99.98
2025-12-30 04:38:57,392 - INFO  - [NUDE][TRAIN] Epoch 47/100 Iter 60/390 Loss 0.0663 Top1 97.79 Top5 99.99
2025-12-30 04:39:03,236 - INFO  - [NUDE][TRAIN] Epoch 47/100 Iter 80/390 Loss 0.0652 Top1 97.74 Top5 99.98
2025-12-30 04:39:09,089 - INFO  - [NUDE][TRAIN] Epoch 47/100 Iter 100/390 Loss 0.0672 Top1 97.61 Top5 99.98
2025-12-30 04:39:14,859 - INFO  - [NUDE][TRAIN] Epoch 47/100 Iter 120/390 Loss 0.0682 Top1 97.56 Top5 99.98
2025-12-30 04:39:20,709 - INFO  - [NUDE][TRAIN] Epoch 47/100 Iter 140/390 Loss 0.0664 Top1 97.65 Top5 99.98
2025-12-30 04:39:26,657 - INFO  - [NUDE][TRAIN] Epoch 47/100 Iter 160/390 Loss 0.0657 Top1 97.66 Top5 99.98
2025-12-30 04:39:33,782 - INFO  - [NUDE][TRAIN] Epoch 47/100 Iter 180/390 Loss 0.0674 Top1 97.64 Top5 99.98
2025-12-30 04:39:40,267 - INFO  - [NUDE][TRAIN] Epoch 47/100 Iter 200/390 Loss 0.0692 Top1 97.59 Top5 99.98
2025-12-30 04:39:46,021 - INFO  - [NUDE][TRAIN] Epoch 47/100 Iter 220/390 Loss 0.0697 Top1 97.57 Top5 99.98
2025-12-30 04:39:51,861 - INFO  - [NUDE][TRAIN] Epoch 47/100 Iter 240/390 Loss 0.0716 Top1 97.55 Top5 99.98
2025-12-30 04:39:57,507 - INFO  - [NUDE][TRAIN] Epoch 47/100 Iter 260/390 Loss 0.0726 Top1 97.51 Top5 99.98
2025-12-30 04:40:03,291 - INFO  - [NUDE][TRAIN] Epoch 47/100 Iter 280/390 Loss 0.0729 Top1 97.50 Top5 99.98
2025-12-30 04:40:09,020 - INFO  - [NUDE][TRAIN] Epoch 47/100 Iter 300/390 Loss 0.0719 Top1 97.53 Top5 99.98
2025-12-30 04:40:14,771 - INFO  - [NUDE][TRAIN] Epoch 47/100 Iter 320/390 Loss 0.0724 Top1 97.51 Top5 99.99
2025-12-30 04:40:20,599 - INFO  - [NUDE][TRAIN] Epoch 47/100 Iter 340/390 Loss 0.0727 Top1 97.51 Top5 99.98
2025-12-30 04:40:26,373 - INFO  - [NUDE][TRAIN] Epoch 47/100 Iter 360/390 Loss 0.0731 Top1 97.49 Top5 99.98
2025-12-30 04:40:32,406 - INFO  - [NUDE][TRAIN] Epoch 47/100 Iter 380/390 Loss 0.0736 Top1 97.48 Top5 99.99
2025-12-30 04:40:35,956 - INFO  - [NUDE] Validate: force max bit-width W/A = 6
2025-12-30 04:40:38,316 - INFO  - [NUDE][EPOCH] 47/100 Train: Top1=97.46 Top5=99.99 Loss=0.0741 | Val(EMA): Top1=92.91
2025-12-30 04:40:38,316 - INFO  -   ⏱️  本Epoch耗时: 1分58秒 | 平均Epoch耗时: 1分56秒 | 剩余Epoch数: 52
2025-12-30 04:40:38,316 - INFO  -   📅 预估剩余时间: 1小时40分43秒 | 预估完成时间: 2025-12-30 06:21:21
2025-12-30 04:40:39,039 - INFO  - ([48] Epoch) Saving checkpoint to:
             Current: /root/autodl-tmp/retraining-free-quantization/training/r18_c10_nude_0.02_all_bits_orth/r18_c10_nude_0.02_all_bits_orth_checkpoint.pth.tar

2025-12-30 04:40:39,042 - INFO  - 🎲 Epoch 48: FaultInjector seed rotated to 90
2025-12-30 04:40:39,050 - INFO  - [NUDE] Epoch 48: force max bit-width W/A = 6
2025-12-30 04:40:39,050 - INFO  - ================================================================================
2025-12-30 04:40:39,050 - INFO  - 🔥 [NUDE] BFAT ACTIVE
2025-12-30 04:40:39,050 - INFO  -    Loss Type: direct_ce
2025-12-30 04:40:39,050 - INFO  -    Proj Mode: orthogonal
2025-12-30 04:40:39,050 - INFO  -    Injection: All Bits
2025-12-30 04:40:39,050 - INFO  - ================================================================================
2025-12-30 04:40:45,023 - INFO  - [NUDE][TRAIN] Epoch 48/100 Iter 20/390 Loss 0.0633 Top1 98.09 Top5 99.92
2025-12-30 04:40:50,886 - INFO  - [NUDE][TRAIN] Epoch 48/100 Iter 40/390 Loss 0.0645 Top1 97.87 Top5 99.94
2025-12-30 04:40:56,622 - INFO  - [NUDE][TRAIN] Epoch 48/100 Iter 60/390 Loss 0.0653 Top1 97.76 Top5 99.92
2025-12-30 04:41:02,491 - INFO  - [NUDE][TRAIN] Epoch 48/100 Iter 80/390 Loss 0.0651 Top1 97.74 Top5 99.94
2025-12-30 04:41:08,317 - INFO  - [NUDE][TRAIN] Epoch 48/100 Iter 100/390 Loss 0.0629 Top1 97.79 Top5 99.95
2025-12-30 04:41:14,084 - INFO  - [NUDE][TRAIN] Epoch 48/100 Iter 120/390 Loss 0.0638 Top1 97.79 Top5 99.95
2025-12-30 04:41:19,927 - INFO  - [NUDE][TRAIN] Epoch 48/100 Iter 140/390 Loss 0.0647 Top1 97.73 Top5 99.96
2025-12-30 04:41:25,682 - INFO  - [NUDE][TRAIN] Epoch 48/100 Iter 160/390 Loss 0.0637 Top1 97.80 Top5 99.96
2025-12-30 04:41:31,574 - INFO  - [NUDE][TRAIN] Epoch 48/100 Iter 180/390 Loss 0.0636 Top1 97.80 Top5 99.96
2025-12-30 04:41:37,367 - INFO  - [NUDE][TRAIN] Epoch 48/100 Iter 200/390 Loss 0.0647 Top1 97.76 Top5 99.96
2025-12-30 04:41:43,016 - INFO  - [NUDE][TRAIN] Epoch 48/100 Iter 220/390 Loss 0.0645 Top1 97.78 Top5 99.97
2025-12-30 04:41:48,753 - INFO  - [NUDE][TRAIN] Epoch 48/100 Iter 240/390 Loss 0.0648 Top1 97.76 Top5 99.97
2025-12-30 04:41:54,506 - INFO  - [NUDE][TRAIN] Epoch 48/100 Iter 260/390 Loss 0.0649 Top1 97.74 Top5 99.97
2025-12-30 04:42:00,338 - INFO  - [NUDE][TRAIN] Epoch 48/100 Iter 280/390 Loss 0.0653 Top1 97.72 Top5 99.97
2025-12-30 04:42:06,197 - INFO  - [NUDE][TRAIN] Epoch 48/100 Iter 300/390 Loss 0.0651 Top1 97.73 Top5 99.97
2025-12-30 04:42:12,134 - INFO  - [NUDE][TRAIN] Epoch 48/100 Iter 320/390 Loss 0.0664 Top1 97.70 Top5 99.97
2025-12-30 04:42:18,010 - INFO  - [NUDE][TRAIN] Epoch 48/100 Iter 340/390 Loss 0.0672 Top1 97.69 Top5 99.97
2025-12-30 04:42:23,741 - INFO  - [NUDE][TRAIN] Epoch 48/100 Iter 360/390 Loss 0.0667 Top1 97.70 Top5 99.97
2025-12-30 04:42:29,704 - INFO  - [NUDE][TRAIN] Epoch 48/100 Iter 380/390 Loss 0.0675 Top1 97.68 Top5 99.97
2025-12-30 04:42:32,617 - INFO  - [NUDE] Validate: force max bit-width W/A = 6
2025-12-30 04:42:34,880 - INFO  - [NUDE][EPOCH] 48/100 Train: Top1=97.68 Top5=99.97 Loss=0.0674 | Val(EMA): Top1=92.94
2025-12-30 04:42:34,881 - INFO  -   ⏱️  本Epoch耗时: 1分55秒 | 平均Epoch耗时: 1分56秒 | 剩余Epoch数: 51
2025-12-30 04:42:34,881 - INFO  -   📅 预估剩余时间: 1小时38分51秒 | 预估完成时间: 2025-12-30 06:21:26
2025-12-30 04:42:35,657 - INFO  - ([49] Epoch) Saving checkpoint to:
             Current: /root/autodl-tmp/retraining-free-quantization/training/r18_c10_nude_0.02_all_bits_orth/r18_c10_nude_0.02_all_bits_orth_checkpoint.pth.tar

2025-12-30 04:42:35,660 - INFO  - 🎲 Epoch 49: FaultInjector seed rotated to 91
2025-12-30 04:42:35,668 - INFO  - [NUDE] Epoch 49: force max bit-width W/A = 6
2025-12-30 04:42:35,668 - INFO  - ================================================================================
2025-12-30 04:42:35,668 - INFO  - 🔥 [NUDE] BFAT ACTIVE
2025-12-30 04:42:35,668 - INFO  -    Loss Type: direct_ce
2025-12-30 04:42:35,668 - INFO  -    Proj Mode: orthogonal
2025-12-30 04:42:35,668 - INFO  -    Injection: All Bits
2025-12-30 04:42:35,668 - INFO  - ================================================================================
2025-12-30 04:42:41,643 - INFO  - [NUDE][TRAIN] Epoch 49/100 Iter 20/390 Loss 0.0712 Top1 97.85 Top5 99.96
2025-12-30 04:42:47,558 - INFO  - [NUDE][TRAIN] Epoch 49/100 Iter 40/390 Loss 0.0614 Top1 98.09 Top5 99.98
2025-12-30 04:42:53,348 - INFO  - [NUDE][TRAIN] Epoch 49/100 Iter 60/390 Loss 0.0618 Top1 97.99 Top5 99.99
2025-12-30 04:42:59,213 - INFO  - [NUDE][TRAIN] Epoch 49/100 Iter 80/390 Loss 0.0609 Top1 97.98 Top5 99.99
2025-12-30 04:43:05,129 - INFO  - [NUDE][TRAIN] Epoch 49/100 Iter 100/390 Loss 0.0599 Top1 97.99 Top5 99.98
2025-12-30 04:43:10,881 - INFO  - [NUDE][TRAIN] Epoch 49/100 Iter 120/390 Loss 0.0613 Top1 97.95 Top5 99.99
2025-12-30 04:43:16,673 - INFO  - [NUDE][TRAIN] Epoch 49/100 Iter 140/390 Loss 0.0615 Top1 97.92 Top5 99.99
2025-12-30 04:43:22,352 - INFO  - [NUDE][TRAIN] Epoch 49/100 Iter 160/390 Loss 0.0612 Top1 97.93 Top5 99.99
2025-12-30 04:43:28,076 - INFO  - [NUDE][TRAIN] Epoch 49/100 Iter 180/390 Loss 0.0605 Top1 97.97 Top5 99.99
2025-12-30 04:43:33,872 - INFO  - [NUDE][TRAIN] Epoch 49/100 Iter 200/390 Loss 0.0608 Top1 97.95 Top5 99.99
2025-12-30 04:43:39,614 - INFO  - [NUDE][TRAIN] Epoch 49/100 Iter 220/390 Loss 0.0600 Top1 97.97 Top5 99.99
2025-12-30 04:43:45,484 - INFO  - [NUDE][TRAIN] Epoch 49/100 Iter 240/390 Loss 0.0599 Top1 97.96 Top5 99.99
2025-12-30 04:43:51,256 - INFO  - [NUDE][TRAIN] Epoch 49/100 Iter 260/390 Loss 0.0609 Top1 97.89 Top5 99.98
2025-12-30 04:43:57,111 - INFO  - [NUDE][TRAIN] Epoch 49/100 Iter 280/390 Loss 0.0612 Top1 97.88 Top5 99.99
2025-12-30 04:44:02,944 - INFO  - [NUDE][TRAIN] Epoch 49/100 Iter 300/390 Loss 0.0620 Top1 97.83 Top5 99.99
2025-12-30 04:44:08,684 - INFO  - [NUDE][TRAIN] Epoch 49/100 Iter 320/390 Loss 0.0622 Top1 97.82 Top5 99.99
2025-12-30 04:44:14,519 - INFO  - [NUDE][TRAIN] Epoch 49/100 Iter 340/390 Loss 0.0628 Top1 97.79 Top5 99.99
2025-12-30 04:44:20,295 - INFO  - [NUDE][TRAIN] Epoch 49/100 Iter 360/390 Loss 0.0630 Top1 97.79 Top5 99.99
2025-12-30 04:44:26,196 - INFO  - [NUDE][TRAIN] Epoch 49/100 Iter 380/390 Loss 0.0624 Top1 97.80 Top5 99.99
2025-12-30 04:44:29,133 - INFO  - [NUDE] Validate: force max bit-width W/A = 6
2025-12-30 04:44:31,511 - INFO  - [NUDE][EPOCH] 49/100 Train: Top1=97.80 Top5=99.99 Loss=0.0623 | Val(EMA): Top1=93.04
2025-12-30 04:44:31,511 - INFO  -   ⏱️  本Epoch耗时: 1分55秒 | 平均Epoch耗时: 1分56秒 | 剩余Epoch数: 50
2025-12-30 04:44:31,511 - INFO  -   📅 预估剩余时间: 1小时36分55秒 | 预估完成时间: 2025-12-30 06:21:27
2025-12-30 04:44:32,367 - INFO  - ([50] Epoch) Saving checkpoint to:
             Current: /root/autodl-tmp/retraining-free-quantization/training/r18_c10_nude_0.02_all_bits_orth/r18_c10_nude_0.02_all_bits_orth_checkpoint.pth.tar

2025-12-30 04:44:32,370 - INFO  - 🎲 Epoch 50: FaultInjector seed rotated to 92
2025-12-30 04:44:32,377 - INFO  - [NUDE] Epoch 50: force max bit-width W/A = 6
2025-12-30 04:44:32,377 - INFO  - ================================================================================
2025-12-30 04:44:32,377 - INFO  - 🔥 [NUDE] BFAT ACTIVE
2025-12-30 04:44:32,377 - INFO  -    Loss Type: direct_ce
2025-12-30 04:44:32,377 - INFO  -    Proj Mode: orthogonal
2025-12-30 04:44:32,377 - INFO  -    Injection: All Bits
2025-12-30 04:44:32,377 - INFO  - ================================================================================
2025-12-30 04:44:38,480 - INFO  - [NUDE][TRAIN] Epoch 50/100 Iter 20/390 Loss 0.0665 Top1 97.89 Top5 100.00
2025-12-30 04:44:44,504 - INFO  - [NUDE][TRAIN] Epoch 50/100 Iter 40/390 Loss 0.0623 Top1 97.79 Top5 100.00
2025-12-30 04:44:50,244 - INFO  - [NUDE][TRAIN] Epoch 50/100 Iter 60/390 Loss 0.0592 Top1 97.88 Top5 100.00
2025-12-30 04:44:56,081 - INFO  - [NUDE][TRAIN] Epoch 50/100 Iter 80/390 Loss 0.0576 Top1 98.01 Top5 99.99
2025-12-30 04:45:01,808 - INFO  - [NUDE][TRAIN] Epoch 50/100 Iter 100/390 Loss 0.0555 Top1 98.07 Top5 99.98
2025-12-30 04:45:07,452 - INFO  - [NUDE][TRAIN] Epoch 50/100 Iter 120/390 Loss 0.0554 Top1 98.02 Top5 99.99
2025-12-30 04:45:13,214 - INFO  - [NUDE][TRAIN] Epoch 50/100 Iter 140/390 Loss 0.0563 Top1 97.99 Top5 99.98
2025-12-30 04:45:18,939 - INFO  - [NUDE][TRAIN] Epoch 50/100 Iter 160/390 Loss 0.0571 Top1 97.93 Top5 99.99
2025-12-30 04:45:24,800 - INFO  - [NUDE][TRAIN] Epoch 50/100 Iter 180/390 Loss 0.0574 Top1 97.96 Top5 99.99
2025-12-30 04:45:30,629 - INFO  - [NUDE][TRAIN] Epoch 50/100 Iter 200/390 Loss 0.0587 Top1 97.89 Top5 99.99
2025-12-30 04:45:36,445 - INFO  - [NUDE][TRAIN] Epoch 50/100 Iter 220/390 Loss 0.0604 Top1 97.86 Top5 99.99
2025-12-30 04:45:42,275 - INFO  - [NUDE][TRAIN] Epoch 50/100 Iter 240/390 Loss 0.0615 Top1 97.83 Top5 99.98
2025-12-30 04:45:48,066 - INFO  - [NUDE][TRAIN] Epoch 50/100 Iter 260/390 Loss 0.0618 Top1 97.79 Top5 99.98
2025-12-30 04:45:53,929 - INFO  - [NUDE][TRAIN] Epoch 50/100 Iter 280/390 Loss 0.0619 Top1 97.82 Top5 99.99
2025-12-30 04:45:59,755 - INFO  - [NUDE][TRAIN] Epoch 50/100 Iter 300/390 Loss 0.0619 Top1 97.83 Top5 99.99
2025-12-30 04:46:05,504 - INFO  - [NUDE][TRAIN] Epoch 50/100 Iter 320/390 Loss 0.0621 Top1 97.83 Top5 99.99
2025-12-30 04:46:11,355 - INFO  - [NUDE][TRAIN] Epoch 50/100 Iter 340/390 Loss 0.0621 Top1 97.83 Top5 99.99
2025-12-30 04:46:17,116 - INFO  - [NUDE][TRAIN] Epoch 50/100 Iter 360/390 Loss 0.0620 Top1 97.85 Top5 99.99
2025-12-30 04:46:22,992 - INFO  - [NUDE][TRAIN] Epoch 50/100 Iter 380/390 Loss 0.0621 Top1 97.85 Top5 99.99
2025-12-30 04:46:25,944 - INFO  - [NUDE] Validate: force max bit-width W/A = 6
2025-12-30 04:46:28,220 - INFO  - [NUDE][EPOCH] 50/100 Train: Top1=97.84 Top5=99.99 Loss=0.0621 | Val(EMA): Top1=93.00
2025-12-30 04:46:28,220 - INFO  -   ⏱️  本Epoch耗时: 1分55秒 | 平均Epoch耗时: 1分56秒 | 剩余Epoch数: 49
2025-12-30 04:46:28,220 - INFO  -   📅 预估剩余时间: 1小时35分1秒 | 预估完成时间: 2025-12-30 06:21:29
2025-12-30 04:46:29,078 - INFO  - ([51] Epoch) Saving checkpoint to:
             Current: /root/autodl-tmp/retraining-free-quantization/training/r18_c10_nude_0.02_all_bits_orth/r18_c10_nude_0.02_all_bits_orth_checkpoint.pth.tar

2025-12-30 04:46:29,081 - INFO  - 🎲 Epoch 51: FaultInjector seed rotated to 93
2025-12-30 04:46:29,089 - INFO  - [NUDE] Epoch 51: force max bit-width W/A = 6
2025-12-30 04:46:29,089 - INFO  - ================================================================================
2025-12-30 04:46:29,089 - INFO  - 🔥 [NUDE] BFAT ACTIVE
2025-12-30 04:46:29,089 - INFO  -    Loss Type: direct_ce
2025-12-30 04:46:29,089 - INFO  -    Proj Mode: orthogonal
2025-12-30 04:46:29,090 - INFO  -    Injection: All Bits
2025-12-30 04:46:29,090 - INFO  - ================================================================================
2025-12-30 04:46:35,071 - INFO  - [NUDE][TRAIN] Epoch 51/100 Iter 20/390 Loss 0.0576 Top1 98.09 Top5 99.96
2025-12-30 04:46:40,884 - INFO  - [NUDE][TRAIN] Epoch 51/100 Iter 40/390 Loss 0.0525 Top1 98.12 Top5 99.96
2025-12-30 04:46:46,561 - INFO  - [NUDE][TRAIN] Epoch 51/100 Iter 60/390 Loss 0.0494 Top1 98.26 Top5 99.97
2025-12-30 04:46:52,356 - INFO  - [NUDE][TRAIN] Epoch 51/100 Iter 80/390 Loss 0.0485 Top1 98.26 Top5 99.98
2025-12-30 04:46:58,204 - INFO  - [NUDE][TRAIN] Epoch 51/100 Iter 100/390 Loss 0.0481 Top1 98.26 Top5 99.98
2025-12-30 04:47:03,950 - INFO  - [NUDE][TRAIN] Epoch 51/100 Iter 120/390 Loss 0.0485 Top1 98.23 Top5 99.98
2025-12-30 04:47:09,818 - INFO  - [NUDE][TRAIN] Epoch 51/100 Iter 140/390 Loss 0.0477 Top1 98.27 Top5 99.98
2025-12-30 04:47:15,588 - INFO  - [NUDE][TRAIN] Epoch 51/100 Iter 160/390 Loss 0.0491 Top1 98.22 Top5 99.99
2025-12-30 04:47:21,428 - INFO  - [NUDE][TRAIN] Epoch 51/100 Iter 180/390 Loss 0.0503 Top1 98.21 Top5 99.99
2025-12-30 04:47:27,278 - INFO  - [NUDE][TRAIN] Epoch 51/100 Iter 200/390 Loss 0.0512 Top1 98.17 Top5 99.99
2025-12-30 04:47:33,047 - INFO  - [NUDE][TRAIN] Epoch 51/100 Iter 220/390 Loss 0.0514 Top1 98.19 Top5 99.99
2025-12-30 04:47:38,872 - INFO  - [NUDE][TRAIN] Epoch 51/100 Iter 240/390 Loss 0.0521 Top1 98.16 Top5 99.99
2025-12-30 04:47:44,604 - INFO  - [NUDE][TRAIN] Epoch 51/100 Iter 260/390 Loss 0.0526 Top1 98.16 Top5 99.99
2025-12-30 04:47:50,431 - INFO  - [NUDE][TRAIN] Epoch 51/100 Iter 280/390 Loss 0.0527 Top1 98.14 Top5 99.99
2025-12-30 04:47:56,275 - INFO  - [NUDE][TRAIN] Epoch 51/100 Iter 300/390 Loss 0.0530 Top1 98.12 Top5 99.99
2025-12-30 04:48:02,019 - INFO  - [NUDE][TRAIN] Epoch 51/100 Iter 320/390 Loss 0.0531 Top1 98.10 Top5 99.99
2025-12-30 04:48:07,870 - INFO  - [NUDE][TRAIN] Epoch 51/100 Iter 340/390 Loss 0.0535 Top1 98.09 Top5 99.99
2025-12-30 04:48:13,601 - INFO  - [NUDE][TRAIN] Epoch 51/100 Iter 360/390 Loss 0.0537 Top1 98.08 Top5 99.99
2025-12-30 04:48:19,414 - INFO  - [NUDE][TRAIN] Epoch 51/100 Iter 380/390 Loss 0.0539 Top1 98.06 Top5 99.99
2025-12-30 04:48:22,269 - INFO  - [NUDE] Validate: force max bit-width W/A = 6
2025-12-30 04:48:24,479 - INFO  - [NUDE][EPOCH] 51/100 Train: Top1=98.06 Top5=99.99 Loss=0.0538 | Val(EMA): Top1=93.01
2025-12-30 04:48:24,479 - INFO  -   ⏱️  本Epoch耗时: 1分55秒 | 平均Epoch耗时: 1分56秒 | 剩余Epoch数: 48
2025-12-30 04:48:24,479 - INFO  -   📅 预估剩余时间: 1小时33分3秒 | 预估完成时间: 2025-12-30 06:21:27
2025-12-30 04:48:25,234 - INFO  - ([52] Epoch) Saving checkpoint to:
             Current: /root/autodl-tmp/retraining-free-quantization/training/r18_c10_nude_0.02_all_bits_orth/r18_c10_nude_0.02_all_bits_orth_checkpoint.pth.tar

2025-12-30 04:48:25,236 - INFO  - 🎲 Epoch 52: FaultInjector seed rotated to 94
2025-12-30 04:48:25,244 - INFO  - [NUDE] Epoch 52: force max bit-width W/A = 6
2025-12-30 04:48:25,244 - INFO  - ================================================================================
2025-12-30 04:48:25,244 - INFO  - 🔥 [NUDE] BFAT ACTIVE
2025-12-30 04:48:25,244 - INFO  -    Loss Type: direct_ce
2025-12-30 04:48:25,244 - INFO  -    Proj Mode: orthogonal
2025-12-30 04:48:25,244 - INFO  -    Injection: All Bits
2025-12-30 04:48:25,244 - INFO  - ================================================================================
2025-12-30 04:48:31,103 - INFO  - [NUDE][TRAIN] Epoch 52/100 Iter 20/390 Loss 0.0489 Top1 98.09 Top5 100.00
2025-12-30 04:48:36,971 - INFO  - [NUDE][TRAIN] Epoch 52/100 Iter 40/390 Loss 0.0466 Top1 98.38 Top5 100.00
2025-12-30 04:48:42,725 - INFO  - [NUDE][TRAIN] Epoch 52/100 Iter 60/390 Loss 0.0435 Top1 98.50 Top5 100.00
2025-12-30 04:48:48,589 - INFO  - [NUDE][TRAIN] Epoch 52/100 Iter 80/390 Loss 0.0447 Top1 98.45 Top5 99.99
2025-12-30 04:48:54,446 - INFO  - [NUDE][TRAIN] Epoch 52/100 Iter 100/390 Loss 0.0446 Top1 98.45 Top5 99.99
2025-12-30 04:49:00,179 - INFO  - [NUDE][TRAIN] Epoch 52/100 Iter 120/390 Loss 0.0432 Top1 98.51 Top5 99.99
2025-12-30 04:49:06,063 - INFO  - [NUDE][TRAIN] Epoch 52/100 Iter 140/390 Loss 0.0439 Top1 98.47 Top5 99.99
2025-12-30 04:49:11,808 - INFO  - [NUDE][TRAIN] Epoch 52/100 Iter 160/390 Loss 0.0455 Top1 98.40 Top5 100.00
2025-12-30 04:49:17,670 - INFO  - [NUDE][TRAIN] Epoch 52/100 Iter 180/390 Loss 0.0461 Top1 98.36 Top5 100.00
2025-12-30 04:49:23,486 - INFO  - [NUDE][TRAIN] Epoch 52/100 Iter 200/390 Loss 0.0476 Top1 98.29 Top5 100.00
2025-12-30 04:49:29,223 - INFO  - [NUDE][TRAIN] Epoch 52/100 Iter 220/390 Loss 0.0478 Top1 98.28 Top5 99.99
2025-12-30 04:49:35,083 - INFO  - [NUDE][TRAIN] Epoch 52/100 Iter 240/390 Loss 0.0496 Top1 98.24 Top5 99.99
2025-12-30 04:49:40,840 - INFO  - [NUDE][TRAIN] Epoch 52/100 Iter 260/390 Loss 0.0503 Top1 98.21 Top5 99.99
2025-12-30 04:49:46,694 - INFO  - [NUDE][TRAIN] Epoch 52/100 Iter 280/390 Loss 0.0513 Top1 98.17 Top5 99.99
2025-12-30 04:49:52,527 - INFO  - [NUDE][TRAIN] Epoch 52/100 Iter 300/390 Loss 0.0513 Top1 98.17 Top5 99.99
2025-12-30 04:49:58,247 - INFO  - [NUDE][TRAIN] Epoch 52/100 Iter 320/390 Loss 0.0512 Top1 98.18 Top5 99.99
2025-12-30 04:50:03,983 - INFO  - [NUDE][TRAIN] Epoch 52/100 Iter 340/390 Loss 0.0517 Top1 98.15 Top5 99.99
2025-12-30 04:50:09,628 - INFO  - [NUDE][TRAIN] Epoch 52/100 Iter 360/390 Loss 0.0521 Top1 98.14 Top5 99.99
2025-12-30 04:50:15,413 - INFO  - [NUDE][TRAIN] Epoch 52/100 Iter 380/390 Loss 0.0526 Top1 98.12 Top5 99.99
2025-12-30 04:50:18,343 - INFO  - [NUDE] Validate: force max bit-width W/A = 6
2025-12-30 04:50:20,580 - INFO  - [NUDE][EPOCH] 52/100 Train: Top1=98.11 Top5=99.99 Loss=0.0529 | Val(EMA): Top1=93.02
2025-12-30 04:50:20,581 - INFO  -   ⏱️  本Epoch耗时: 1分55秒 | 平均Epoch耗时: 1分55秒 | 剩余Epoch数: 47
2025-12-30 04:50:20,581 - INFO  -   📅 预估剩余时间: 1小时30分35秒 | 预估完成时间: 2025-12-30 06:20:56
2025-12-30 04:50:21,337 - INFO  - ([53] Epoch) Saving checkpoint to:
             Current: /root/autodl-tmp/retraining-free-quantization/training/r18_c10_nude_0.02_all_bits_orth/r18_c10_nude_0.02_all_bits_orth_checkpoint.pth.tar

2025-12-30 04:50:21,340 - INFO  - 🎲 Epoch 53: FaultInjector seed rotated to 95
2025-12-30 04:50:21,348 - INFO  - [NUDE] Epoch 53: force max bit-width W/A = 6
2025-12-30 04:50:21,348 - INFO  - ================================================================================
2025-12-30 04:50:21,348 - INFO  - 🔥 [NUDE] BFAT ACTIVE
2025-12-30 04:50:21,348 - INFO  -    Loss Type: direct_ce
2025-12-30 04:50:21,348 - INFO  -    Proj Mode: orthogonal
2025-12-30 04:50:21,348 - INFO  -    Injection: All Bits
2025-12-30 04:50:21,348 - INFO  - ================================================================================
2025-12-30 04:50:27,311 - INFO  - [NUDE][TRAIN] Epoch 53/100 Iter 20/390 Loss 0.0397 Top1 98.79 Top5 100.00
2025-12-30 04:50:33,254 - INFO  - [NUDE][TRAIN] Epoch 53/100 Iter 40/390 Loss 0.0432 Top1 98.69 Top5 100.00
2025-12-30 04:50:38,993 - INFO  - [NUDE][TRAIN] Epoch 53/100 Iter 60/390 Loss 0.0447 Top1 98.59 Top5 100.00
2025-12-30 04:50:44,848 - INFO  - [NUDE][TRAIN] Epoch 53/100 Iter 80/390 Loss 0.0464 Top1 98.45 Top5 100.00
2025-12-30 04:50:50,701 - INFO  - [NUDE][TRAIN] Epoch 53/100 Iter 100/390 Loss 0.0457 Top1 98.44 Top5 100.00
2025-12-30 04:50:56,459 - INFO  - [NUDE][TRAIN] Epoch 53/100 Iter 120/390 Loss 0.0456 Top1 98.48 Top5 100.00
2025-12-30 04:51:02,323 - INFO  - [NUDE][TRAIN] Epoch 53/100 Iter 140/390 Loss 0.0446 Top1 98.51 Top5 100.00
2025-12-30 04:51:08,081 - INFO  - [NUDE][TRAIN] Epoch 53/100 Iter 160/390 Loss 0.0444 Top1 98.51 Top5 100.00
2025-12-30 04:51:13,938 - INFO  - [NUDE][TRAIN] Epoch 53/100 Iter 180/390 Loss 0.0463 Top1 98.43 Top5 100.00
2025-12-30 04:51:19,796 - INFO  - [NUDE][TRAIN] Epoch 53/100 Iter 200/390 Loss 0.0474 Top1 98.38 Top5 100.00
2025-12-30 04:51:25,529 - INFO  - [NUDE][TRAIN] Epoch 53/100 Iter 220/390 Loss 0.0491 Top1 98.33 Top5 100.00
2025-12-30 04:51:31,426 - INFO  - [NUDE][TRAIN] Epoch 53/100 Iter 240/390 Loss 0.0490 Top1 98.34 Top5 100.00
2025-12-30 04:51:37,180 - INFO  - [NUDE][TRAIN] Epoch 53/100 Iter 260/390 Loss 0.0493 Top1 98.34 Top5 100.00
2025-12-30 04:51:42,932 - INFO  - [NUDE][TRAIN] Epoch 53/100 Iter 280/390 Loss 0.0494 Top1 98.33 Top5 100.00
2025-12-30 04:51:48,681 - INFO  - [NUDE][TRAIN] Epoch 53/100 Iter 300/390 Loss 0.0504 Top1 98.29 Top5 99.99
2025-12-30 04:51:54,345 - INFO  - [NUDE][TRAIN] Epoch 53/100 Iter 320/390 Loss 0.0506 Top1 98.29 Top5 100.00
2025-12-30 04:52:00,194 - INFO  - [NUDE][TRAIN] Epoch 53/100 Iter 340/390 Loss 0.0509 Top1 98.28 Top5 100.00
2025-12-30 04:52:05,967 - INFO  - [NUDE][TRAIN] Epoch 53/100 Iter 360/390 Loss 0.0508 Top1 98.27 Top5 100.00
2025-12-30 04:52:11,806 - INFO  - [NUDE][TRAIN] Epoch 53/100 Iter 380/390 Loss 0.0514 Top1 98.24 Top5 100.00
2025-12-30 04:52:14,757 - INFO  - [NUDE] Validate: force max bit-width W/A = 6
2025-12-30 04:52:17,057 - INFO  - [NUDE][EPOCH] 53/100 Train: Top1=98.25 Top5=100.00 Loss=0.0515 | Val(EMA): Top1=93.03
2025-12-30 04:52:17,057 - INFO  -   ⏱️  本Epoch耗时: 1分55秒 | 平均Epoch耗时: 1分55秒 | 剩余Epoch数: 46
2025-12-30 04:52:17,058 - INFO  -   📅 预估剩余时间: 1小时28分39秒 | 预估完成时间: 2025-12-30 06:20:56
2025-12-30 04:52:17,785 - INFO  - ([54] Epoch) Saving checkpoint to:
             Current: /root/autodl-tmp/retraining-free-quantization/training/r18_c10_nude_0.02_all_bits_orth/r18_c10_nude_0.02_all_bits_orth_checkpoint.pth.tar

2025-12-30 04:52:17,788 - INFO  - 🎲 Epoch 54: FaultInjector seed rotated to 96
2025-12-30 04:52:17,795 - INFO  - [NUDE] Epoch 54: force max bit-width W/A = 6
2025-12-30 04:52:17,795 - INFO  - ================================================================================
2025-12-30 04:52:17,795 - INFO  - 🔥 [NUDE] BFAT ACTIVE
2025-12-30 04:52:17,795 - INFO  -    Loss Type: direct_ce
2025-12-30 04:52:17,795 - INFO  -    Proj Mode: orthogonal
2025-12-30 04:52:17,795 - INFO  -    Injection: All Bits
2025-12-30 04:52:17,796 - INFO  - ================================================================================
2025-12-30 04:52:23,752 - INFO  - [NUDE][TRAIN] Epoch 54/100 Iter 20/390 Loss 0.0541 Top1 97.97 Top5 100.00
2025-12-30 04:52:29,641 - INFO  - [NUDE][TRAIN] Epoch 54/100 Iter 40/390 Loss 0.0483 Top1 98.18 Top5 100.00
2025-12-30 04:52:35,370 - INFO  - [NUDE][TRAIN] Epoch 54/100 Iter 60/390 Loss 0.0472 Top1 98.29 Top5 99.99
2025-12-30 04:52:41,213 - INFO  - [NUDE][TRAIN] Epoch 54/100 Iter 80/390 Loss 0.0460 Top1 98.38 Top5 99.99
2025-12-30 04:52:47,041 - INFO  - [NUDE][TRAIN] Epoch 54/100 Iter 100/390 Loss 0.0467 Top1 98.34 Top5 99.99
2025-12-30 04:52:52,824 - INFO  - [NUDE][TRAIN] Epoch 54/100 Iter 120/390 Loss 0.0476 Top1 98.30 Top5 99.99
2025-12-30 04:52:58,665 - INFO  - [NUDE][TRAIN] Epoch 54/100 Iter 140/390 Loss 0.0477 Top1 98.31 Top5 99.99
2025-12-30 04:53:04,413 - INFO  - [NUDE][TRAIN] Epoch 54/100 Iter 160/390 Loss 0.0482 Top1 98.29 Top5 99.99
2025-12-30 04:53:10,316 - INFO  - [NUDE][TRAIN] Epoch 54/100 Iter 180/390 Loss 0.0490 Top1 98.28 Top5 99.99
2025-12-30 04:53:16,229 - INFO  - [NUDE][TRAIN] Epoch 54/100 Iter 200/390 Loss 0.0491 Top1 98.28 Top5 99.99
2025-12-30 04:53:21,898 - INFO  - [NUDE][TRAIN] Epoch 54/100 Iter 220/390 Loss 0.0488 Top1 98.32 Top5 99.99
2025-12-30 04:53:27,635 - INFO  - [NUDE][TRAIN] Epoch 54/100 Iter 240/390 Loss 0.0488 Top1 98.32 Top5 99.99
2025-12-30 04:53:33,306 - INFO  - [NUDE][TRAIN] Epoch 54/100 Iter 260/390 Loss 0.0491 Top1 98.29 Top5 99.99
2025-12-30 04:53:39,161 - INFO  - [NUDE][TRAIN] Epoch 54/100 Iter 280/390 Loss 0.0489 Top1 98.30 Top5 99.99
2025-12-30 04:53:45,062 - INFO  - [NUDE][TRAIN] Epoch 54/100 Iter 300/390 Loss 0.0496 Top1 98.27 Top5 99.99
2025-12-30 04:53:50,819 - INFO  - [NUDE][TRAIN] Epoch 54/100 Iter 320/390 Loss 0.0509 Top1 98.24 Top5 99.99
2025-12-30 04:53:56,691 - INFO  - [NUDE][TRAIN] Epoch 54/100 Iter 340/390 Loss 0.0508 Top1 98.24 Top5 99.99
2025-12-30 04:54:02,431 - INFO  - [NUDE][TRAIN] Epoch 54/100 Iter 360/390 Loss 0.0503 Top1 98.25 Top5 99.99
2025-12-30 04:54:08,266 - INFO  - [NUDE][TRAIN] Epoch 54/100 Iter 380/390 Loss 0.0509 Top1 98.23 Top5 99.99
2025-12-30 04:54:11,184 - INFO  - [NUDE] Validate: force max bit-width W/A = 6
2025-12-30 04:54:13,457 - INFO  - [NUDE][EPOCH] 54/100 Train: Top1=98.23 Top5=99.99 Loss=0.0509 | Val(EMA): Top1=93.07
2025-12-30 04:54:13,458 - INFO  -   ⏱️  本Epoch耗时: 1分55秒 | 平均Epoch耗时: 1分55秒 | 剩余Epoch数: 45
2025-12-30 04:54:13,458 - INFO  -   📅 预估剩余时间: 1小时26分41秒 | 预估完成时间: 2025-12-30 06:20:55
2025-12-30 04:54:14,142 - INFO  - ([55] Epoch) Saving checkpoint to:
             Current: /root/autodl-tmp/retraining-free-quantization/training/r18_c10_nude_0.02_all_bits_orth/r18_c10_nude_0.02_all_bits_orth_checkpoint.pth.tar

2025-12-30 04:54:14,145 - INFO  - 🎲 Epoch 55: FaultInjector seed rotated to 97
2025-12-30 04:54:14,152 - INFO  - [NUDE] Epoch 55: force max bit-width W/A = 6
2025-12-30 04:54:14,152 - INFO  - ================================================================================
2025-12-30 04:54:14,152 - INFO  - 🔥 [NUDE] BFAT ACTIVE
2025-12-30 04:54:14,152 - INFO  -    Loss Type: direct_ce
2025-12-30 04:54:14,152 - INFO  -    Proj Mode: orthogonal
2025-12-30 04:54:14,152 - INFO  -    Injection: All Bits
2025-12-30 04:54:14,152 - INFO  - ================================================================================
2025-12-30 04:54:20,159 - INFO  - [NUDE][TRAIN] Epoch 55/100 Iter 20/390 Loss 0.0425 Top1 98.52 Top5 100.00
2025-12-30 04:54:26,914 - INFO  - [NUDE][TRAIN] Epoch 55/100 Iter 40/390 Loss 0.0407 Top1 98.46 Top5 100.00
2025-12-30 04:54:33,904 - INFO  - [NUDE][TRAIN] Epoch 55/100 Iter 60/390 Loss 0.0400 Top1 98.46 Top5 100.00
2025-12-30 04:54:40,995 - INFO  - [NUDE][TRAIN] Epoch 55/100 Iter 80/390 Loss 0.0408 Top1 98.48 Top5 100.00
2025-12-30 04:54:48,110 - INFO  - [NUDE][TRAIN] Epoch 55/100 Iter 100/390 Loss 0.0427 Top1 98.45 Top5 100.00
2025-12-30 04:54:53,917 - INFO  - [NUDE][TRAIN] Epoch 55/100 Iter 120/390 Loss 0.0437 Top1 98.45 Top5 100.00
2025-12-30 04:54:59,733 - INFO  - [NUDE][TRAIN] Epoch 55/100 Iter 140/390 Loss 0.0433 Top1 98.49 Top5 100.00
2025-12-30 04:55:05,381 - INFO  - [NUDE][TRAIN] Epoch 55/100 Iter 160/390 Loss 0.0441 Top1 98.47 Top5 100.00
2025-12-30 04:55:11,128 - INFO  - [NUDE][TRAIN] Epoch 55/100 Iter 180/390 Loss 0.0448 Top1 98.45 Top5 100.00
2025-12-30 04:55:16,910 - INFO  - [NUDE][TRAIN] Epoch 55/100 Iter 200/390 Loss 0.0444 Top1 98.45 Top5 100.00
2025-12-30 04:55:22,705 - INFO  - [NUDE][TRAIN] Epoch 55/100 Iter 220/390 Loss 0.0452 Top1 98.43 Top5 100.00
2025-12-30 04:55:28,535 - INFO  - [NUDE][TRAIN] Epoch 55/100 Iter 240/390 Loss 0.0462 Top1 98.41 Top5 100.00
2025-12-30 04:55:34,279 - INFO  - [NUDE][TRAIN] Epoch 55/100 Iter 260/390 Loss 0.0468 Top1 98.38 Top5 100.00
2025-12-30 04:55:40,108 - INFO  - [NUDE][TRAIN] Epoch 55/100 Iter 280/390 Loss 0.0475 Top1 98.36 Top5 100.00
2025-12-30 04:55:46,248 - INFO  - [NUDE][TRAIN] Epoch 55/100 Iter 300/390 Loss 0.0472 Top1 98.36 Top5 100.00
2025-12-30 04:55:51,979 - INFO  - [NUDE][TRAIN] Epoch 55/100 Iter 320/390 Loss 0.0478 Top1 98.34 Top5 100.00
2025-12-30 04:55:57,861 - INFO  - [NUDE][TRAIN] Epoch 55/100 Iter 340/390 Loss 0.0471 Top1 98.37 Top5 100.00
2025-12-30 04:56:03,587 - INFO  - [NUDE][TRAIN] Epoch 55/100 Iter 360/390 Loss 0.0465 Top1 98.38 Top5 100.00
2025-12-30 04:56:09,442 - INFO  - [NUDE][TRAIN] Epoch 55/100 Iter 380/390 Loss 0.0462 Top1 98.40 Top5 100.00
2025-12-30 04:56:12,388 - INFO  - [NUDE] Validate: force max bit-width W/A = 6
2025-12-30 04:56:14,688 - INFO  - [NUDE][EPOCH] 55/100 Train: Top1=98.41 Top5=100.00 Loss=0.0459 | Val(EMA): Top1=93.10
2025-12-30 04:56:14,689 - INFO  -   ⏱️  本Epoch耗时: 2分0秒 | 平均Epoch耗时: 1分56秒 | 剩余Epoch数: 44
2025-12-30 04:56:14,689 - INFO  -   📅 预估剩余时间: 1小时25分27秒 | 预估完成时间: 2025-12-30 06:21:42
2025-12-30 04:56:15,446 - INFO  - ([56] Epoch) Saving checkpoint to:
             Current: /root/autodl-tmp/retraining-free-quantization/training/r18_c10_nude_0.02_all_bits_orth/r18_c10_nude_0.02_all_bits_orth_checkpoint.pth.tar

2025-12-30 04:56:15,449 - INFO  - 🎲 Epoch 56: FaultInjector seed rotated to 98
2025-12-30 04:56:15,456 - INFO  - [NUDE] Epoch 56: force max bit-width W/A = 6
2025-12-30 04:56:15,456 - INFO  - ================================================================================
2025-12-30 04:56:15,457 - INFO  - 🔥 [NUDE] BFAT ACTIVE
2025-12-30 04:56:15,457 - INFO  -    Loss Type: direct_ce
2025-12-30 04:56:15,457 - INFO  -    Proj Mode: orthogonal
2025-12-30 04:56:15,457 - INFO  -    Injection: All Bits
2025-12-30 04:56:15,457 - INFO  - ================================================================================
2025-12-30 04:56:21,860 - INFO  - [NUDE][TRAIN] Epoch 56/100 Iter 20/390 Loss 0.0403 Top1 98.95 Top5 100.00
2025-12-30 04:56:27,939 - INFO  - [NUDE][TRAIN] Epoch 56/100 Iter 40/390 Loss 0.0344 Top1 99.04 Top5 100.00
2025-12-30 04:56:33,678 - INFO  - [NUDE][TRAIN] Epoch 56/100 Iter 60/390 Loss 0.0337 Top1 98.98 Top5 100.00
2025-12-30 04:56:39,522 - INFO  - [NUDE][TRAIN] Epoch 56/100 Iter 80/390 Loss 0.0324 Top1 99.00 Top5 100.00
2025-12-30 04:56:45,276 - INFO  - [NUDE][TRAIN] Epoch 56/100 Iter 100/390 Loss 0.0335 Top1 98.96 Top5 100.00
2025-12-30 04:56:50,946 - INFO  - [NUDE][TRAIN] Epoch 56/100 Iter 120/390 Loss 0.0347 Top1 98.87 Top5 100.00
2025-12-30 04:56:56,712 - INFO  - [NUDE][TRAIN] Epoch 56/100 Iter 140/390 Loss 0.0357 Top1 98.83 Top5 100.00
2025-12-30 04:57:02,489 - INFO  - [NUDE][TRAIN] Epoch 56/100 Iter 160/390 Loss 0.0385 Top1 98.71 Top5 100.00
2025-12-30 04:57:08,311 - INFO  - [NUDE][TRAIN] Epoch 56/100 Iter 180/390 Loss 0.0399 Top1 98.64 Top5 100.00
2025-12-30 04:57:14,155 - INFO  - [NUDE][TRAIN] Epoch 56/100 Iter 200/390 Loss 0.0406 Top1 98.61 Top5 100.00
2025-12-30 04:57:19,894 - INFO  - [NUDE][TRAIN] Epoch 56/100 Iter 220/390 Loss 0.0408 Top1 98.60 Top5 100.00
2025-12-30 04:57:25,746 - INFO  - [NUDE][TRAIN] Epoch 56/100 Iter 240/390 Loss 0.0414 Top1 98.59 Top5 100.00
2025-12-30 04:57:31,479 - INFO  - [NUDE][TRAIN] Epoch 56/100 Iter 260/390 Loss 0.0415 Top1 98.59 Top5 100.00
2025-12-30 04:57:37,487 - INFO  - [NUDE][TRAIN] Epoch 56/100 Iter 280/390 Loss 0.0415 Top1 98.59 Top5 100.00
2025-12-30 04:57:43,835 - INFO  - [NUDE][TRAIN] Epoch 56/100 Iter 300/390 Loss 0.0424 Top1 98.57 Top5 100.00
2025-12-30 04:57:49,642 - INFO  - [NUDE][TRAIN] Epoch 56/100 Iter 320/390 Loss 0.0424 Top1 98.57 Top5 100.00
2025-12-30 04:57:55,490 - INFO  - [NUDE][TRAIN] Epoch 56/100 Iter 340/390 Loss 0.0429 Top1 98.56 Top5 100.00
2025-12-30 04:58:01,265 - INFO  - [NUDE][TRAIN] Epoch 56/100 Iter 360/390 Loss 0.0425 Top1 98.57 Top5 100.00
2025-12-30 04:58:07,131 - INFO  - [NUDE][TRAIN] Epoch 56/100 Iter 380/390 Loss 0.0422 Top1 98.59 Top5 100.00
2025-12-30 04:58:10,083 - INFO  - [NUDE] Validate: force max bit-width W/A = 6
2025-12-30 04:58:12,423 - INFO  - [NUDE][EPOCH] 56/100 Train: Top1=98.59 Top5=100.00 Loss=0.0423 | Val(EMA): Top1=92.99
2025-12-30 04:58:12,423 - INFO  -   ⏱️  本Epoch耗时: 1分56秒 | 平均Epoch耗时: 1分56秒 | 剩余Epoch数: 43
2025-12-30 04:58:12,423 - INFO  -   📅 预估剩余时间: 1小时23分44秒 | 预估完成时间: 2025-12-30 06:21:56
2025-12-30 04:58:13,124 - INFO  - ([57] Epoch) Saving checkpoint to:
             Current: /root/autodl-tmp/retraining-free-quantization/training/r18_c10_nude_0.02_all_bits_orth/r18_c10_nude_0.02_all_bits_orth_checkpoint.pth.tar

2025-12-30 04:58:13,127 - INFO  - 🎲 Epoch 57: FaultInjector seed rotated to 99
2025-12-30 04:58:13,135 - INFO  - [NUDE] Epoch 57: force max bit-width W/A = 6
2025-12-30 04:58:13,135 - INFO  - ================================================================================
2025-12-30 04:58:13,135 - INFO  - 🔥 [NUDE] BFAT ACTIVE
2025-12-30 04:58:13,135 - INFO  -    Loss Type: direct_ce
2025-12-30 04:58:13,135 - INFO  -    Proj Mode: orthogonal
2025-12-30 04:58:13,135 - INFO  -    Injection: All Bits
2025-12-30 04:58:13,135 - INFO  - ================================================================================
2025-12-30 04:58:20,153 - INFO  - [NUDE][TRAIN] Epoch 57/100 Iter 20/390 Loss 0.0439 Top1 98.75 Top5 100.00
2025-12-30 04:58:26,774 - INFO  - [NUDE][TRAIN] Epoch 57/100 Iter 40/390 Loss 0.0415 Top1 98.75 Top5 100.00
2025-12-30 04:58:32,430 - INFO  - [NUDE][TRAIN] Epoch 57/100 Iter 60/390 Loss 0.0419 Top1 98.68 Top5 100.00
2025-12-30 04:58:38,190 - INFO  - [NUDE][TRAIN] Epoch 57/100 Iter 80/390 Loss 0.0405 Top1 98.71 Top5 100.00
2025-12-30 04:58:44,065 - INFO  - [NUDE][TRAIN] Epoch 57/100 Iter 100/390 Loss 0.0393 Top1 98.76 Top5 99.99
2025-12-30 04:58:49,825 - INFO  - [NUDE][TRAIN] Epoch 57/100 Iter 120/390 Loss 0.0402 Top1 98.72 Top5 99.99
2025-12-30 04:58:55,694 - INFO  - [NUDE][TRAIN] Epoch 57/100 Iter 140/390 Loss 0.0393 Top1 98.76 Top5 99.99
2025-12-30 04:59:01,497 - INFO  - [NUDE][TRAIN] Epoch 57/100 Iter 160/390 Loss 0.0400 Top1 98.75 Top5 99.99
2025-12-30 04:59:07,319 - INFO  - [NUDE][TRAIN] Epoch 57/100 Iter 180/390 Loss 0.0397 Top1 98.75 Top5 99.99
2025-12-30 04:59:13,170 - INFO  - [NUDE][TRAIN] Epoch 57/100 Iter 200/390 Loss 0.0388 Top1 98.78 Top5 99.99
2025-12-30 04:59:18,918 - INFO  - [NUDE][TRAIN] Epoch 57/100 Iter 220/390 Loss 0.0390 Top1 98.77 Top5 99.99
2025-12-30 04:59:24,757 - INFO  - [NUDE][TRAIN] Epoch 57/100 Iter 240/390 Loss 0.0388 Top1 98.76 Top5 99.99
2025-12-30 04:59:30,551 - INFO  - [NUDE][TRAIN] Epoch 57/100 Iter 260/390 Loss 0.0389 Top1 98.76 Top5 99.99
2025-12-30 04:59:36,391 - INFO  - [NUDE][TRAIN] Epoch 57/100 Iter 280/390 Loss 0.0387 Top1 98.76 Top5 99.99
2025-12-30 04:59:42,248 - INFO  - [NUDE][TRAIN] Epoch 57/100 Iter 300/390 Loss 0.0393 Top1 98.72 Top5 99.99
2025-12-30 04:59:47,979 - INFO  - [NUDE][TRAIN] Epoch 57/100 Iter 320/390 Loss 0.0396 Top1 98.72 Top5 99.99
2025-12-30 04:59:53,814 - INFO  - [NUDE][TRAIN] Epoch 57/100 Iter 340/390 Loss 0.0395 Top1 98.71 Top5 99.99
2025-12-30 04:59:59,594 - INFO  - [NUDE][TRAIN] Epoch 57/100 Iter 360/390 Loss 0.0396 Top1 98.70 Top5 99.99
2025-12-30 05:00:05,245 - INFO  - [NUDE][TRAIN] Epoch 57/100 Iter 380/390 Loss 0.0401 Top1 98.68 Top5 99.99
2025-12-30 05:00:08,115 - INFO  - [NUDE] Validate: force max bit-width W/A = 6
2025-12-30 05:00:10,361 - INFO  - [NUDE][EPOCH] 57/100 Train: Top1=98.68 Top5=99.99 Loss=0.0400 | Val(EMA): Top1=93.15
2025-12-30 05:00:10,361 - INFO  -   ⏱️  本Epoch耗时: 1分57秒 | 平均Epoch耗时: 1分57秒 | 剩余Epoch数: 42
2025-12-30 05:00:10,361 - INFO  -   📅 预估剩余时间: 1小时22分3秒 | 预估完成时间: 2025-12-30 06:22:13
2025-12-30 05:00:10,938 - INFO  - ([58] Epoch) Saving checkpoint to:
             Current: /root/autodl-tmp/retraining-free-quantization/training/r18_c10_nude_0.02_all_bits_orth/r18_c10_nude_0.02_all_bits_orth_checkpoint.pth.tar

2025-12-30 05:00:10,941 - INFO  - 🎲 Epoch 58: FaultInjector seed rotated to 100
2025-12-30 05:00:10,948 - INFO  - [NUDE] Epoch 58: force max bit-width W/A = 6
2025-12-30 05:00:10,949 - INFO  - ================================================================================
2025-12-30 05:00:10,949 - INFO  - 🔥 [NUDE] BFAT ACTIVE
2025-12-30 05:00:10,949 - INFO  -    Loss Type: direct_ce
2025-12-30 05:00:10,949 - INFO  -    Proj Mode: orthogonal
2025-12-30 05:00:10,949 - INFO  -    Injection: All Bits
2025-12-30 05:00:10,949 - INFO  - ================================================================================
2025-12-30 05:00:16,828 - INFO  - [NUDE][TRAIN] Epoch 58/100 Iter 20/390 Loss 0.0349 Top1 98.59 Top5 100.00
2025-12-30 05:00:22,750 - INFO  - [NUDE][TRAIN] Epoch 58/100 Iter 40/390 Loss 0.0315 Top1 98.79 Top5 100.00
2025-12-30 05:00:28,481 - INFO  - [NUDE][TRAIN] Epoch 58/100 Iter 60/390 Loss 0.0313 Top1 98.87 Top5 100.00
2025-12-30 05:00:34,334 - INFO  - [NUDE][TRAIN] Epoch 58/100 Iter 80/390 Loss 0.0308 Top1 98.90 Top5 100.00
2025-12-30 05:00:40,185 - INFO  - [NUDE][TRAIN] Epoch 58/100 Iter 100/390 Loss 0.0317 Top1 98.83 Top5 100.00
2025-12-30 05:00:45,923 - INFO  - [NUDE][TRAIN] Epoch 58/100 Iter 120/390 Loss 0.0304 Top1 98.89 Top5 100.00
2025-12-30 05:00:51,779 - INFO  - [NUDE][TRAIN] Epoch 58/100 Iter 140/390 Loss 0.0330 Top1 98.83 Top5 99.99
2025-12-30 05:00:57,508 - INFO  - [NUDE][TRAIN] Epoch 58/100 Iter 160/390 Loss 0.0343 Top1 98.79 Top5 100.00
2025-12-30 05:01:03,363 - INFO  - [NUDE][TRAIN] Epoch 58/100 Iter 180/390 Loss 0.0355 Top1 98.74 Top5 100.00
2025-12-30 05:01:09,255 - INFO  - [NUDE][TRAIN] Epoch 58/100 Iter 200/390 Loss 0.0357 Top1 98.72 Top5 100.00
2025-12-30 05:01:15,019 - INFO  - [NUDE][TRAIN] Epoch 58/100 Iter 220/390 Loss 0.0352 Top1 98.73 Top5 100.00
2025-12-30 05:01:20,842 - INFO  - [NUDE][TRAIN] Epoch 58/100 Iter 240/390 Loss 0.0358 Top1 98.72 Top5 100.00
2025-12-30 05:01:26,583 - INFO  - [NUDE][TRAIN] Epoch 58/100 Iter 260/390 Loss 0.0354 Top1 98.74 Top5 100.00
2025-12-30 05:01:32,405 - INFO  - [NUDE][TRAIN] Epoch 58/100 Iter 280/390 Loss 0.0355 Top1 98.73 Top5 99.99
2025-12-30 05:01:38,264 - INFO  - [NUDE][TRAIN] Epoch 58/100 Iter 300/390 Loss 0.0359 Top1 98.72 Top5 99.99
2025-12-30 05:01:43,980 - INFO  - [NUDE][TRAIN] Epoch 58/100 Iter 320/390 Loss 0.0357 Top1 98.74 Top5 100.00
2025-12-30 05:01:49,745 - INFO  - [NUDE][TRAIN] Epoch 58/100 Iter 340/390 Loss 0.0359 Top1 98.73 Top5 99.99
2025-12-30 05:01:55,417 - INFO  - [NUDE][TRAIN] Epoch 58/100 Iter 360/390 Loss 0.0363 Top1 98.72 Top5 99.99
2025-12-30 05:02:01,238 - INFO  - [NUDE][TRAIN] Epoch 58/100 Iter 380/390 Loss 0.0360 Top1 98.72 Top5 99.99
2025-12-30 05:02:04,168 - INFO  - [NUDE] Validate: force max bit-width W/A = 6
2025-12-30 05:02:06,465 - INFO  - [NUDE][EPOCH] 58/100 Train: Top1=98.73 Top5=99.99 Loss=0.0359 | Val(EMA): Top1=93.11
2025-12-30 05:02:06,466 - INFO  -   ⏱️  本Epoch耗时: 1分55秒 | 平均Epoch耗时: 1分57秒 | 剩余Epoch数: 41
2025-12-30 05:02:06,466 - INFO  -   📅 预估剩余时间: 1小时20分4秒 | 预估完成时间: 2025-12-30 06:22:11
2025-12-30 05:02:07,242 - INFO  - ([59] Epoch) Saving checkpoint to:
             Current: /root/autodl-tmp/retraining-free-quantization/training/r18_c10_nude_0.02_all_bits_orth/r18_c10_nude_0.02_all_bits_orth_checkpoint.pth.tar

2025-12-30 05:02:07,245 - INFO  - 🎲 Epoch 59: FaultInjector seed rotated to 101
2025-12-30 05:02:07,252 - INFO  - [NUDE] Epoch 59: force max bit-width W/A = 6
2025-12-30 05:02:07,253 - INFO  - ================================================================================
2025-12-30 05:02:07,253 - INFO  - 🔥 [NUDE] BFAT ACTIVE
2025-12-30 05:02:07,253 - INFO  -    Loss Type: direct_ce
2025-12-30 05:02:07,253 - INFO  -    Proj Mode: orthogonal
2025-12-30 05:02:07,253 - INFO  -    Injection: All Bits
2025-12-30 05:02:07,253 - INFO  - ================================================================================
2025-12-30 05:02:13,258 - INFO  - [NUDE][TRAIN] Epoch 59/100 Iter 20/390 Loss 0.0255 Top1 99.10 Top5 100.00
2025-12-30 05:02:19,134 - INFO  - [NUDE][TRAIN] Epoch 59/100 Iter 40/390 Loss 0.0278 Top1 98.96 Top5 100.00
2025-12-30 05:02:24,866 - INFO  - [NUDE][TRAIN] Epoch 59/100 Iter 60/390 Loss 0.0317 Top1 98.92 Top5 100.00
2025-12-30 05:02:30,721 - INFO  - [NUDE][TRAIN] Epoch 59/100 Iter 80/390 Loss 0.0293 Top1 99.01 Top5 100.00
2025-12-30 05:02:36,602 - INFO  - [NUDE][TRAIN] Epoch 59/100 Iter 100/390 Loss 0.0306 Top1 98.98 Top5 100.00
2025-12-30 05:02:42,345 - INFO  - [NUDE][TRAIN] Epoch 59/100 Iter 120/390 Loss 0.0314 Top1 98.91 Top5 100.00
2025-12-30 05:02:48,197 - INFO  - [NUDE][TRAIN] Epoch 59/100 Iter 140/390 Loss 0.0318 Top1 98.88 Top5 100.00
2025-12-30 05:02:53,962 - INFO  - [NUDE][TRAIN] Epoch 59/100 Iter 160/390 Loss 0.0324 Top1 98.87 Top5 100.00
2025-12-30 05:02:59,806 - INFO  - [NUDE][TRAIN] Epoch 59/100 Iter 180/390 Loss 0.0326 Top1 98.84 Top5 100.00
2025-12-30 05:03:05,639 - INFO  - [NUDE][TRAIN] Epoch 59/100 Iter 200/390 Loss 0.0331 Top1 98.86 Top5 100.00
2025-12-30 05:03:11,418 - INFO  - [NUDE][TRAIN] Epoch 59/100 Iter 220/390 Loss 0.0322 Top1 98.89 Top5 100.00
2025-12-30 05:03:17,281 - INFO  - [NUDE][TRAIN] Epoch 59/100 Iter 240/390 Loss 0.0326 Top1 98.88 Top5 100.00
2025-12-30 05:03:23,017 - INFO  - [NUDE][TRAIN] Epoch 59/100 Iter 260/390 Loss 0.0326 Top1 98.86 Top5 100.00
2025-12-30 05:03:28,774 - INFO  - [NUDE][TRAIN] Epoch 59/100 Iter 280/390 Loss 0.0323 Top1 98.86 Top5 100.00
2025-12-30 05:03:34,519 - INFO  - [NUDE][TRAIN] Epoch 59/100 Iter 300/390 Loss 0.0331 Top1 98.85 Top5 100.00
2025-12-30 05:03:40,190 - INFO  - [NUDE][TRAIN] Epoch 59/100 Iter 320/390 Loss 0.0330 Top1 98.86 Top5 100.00
2025-12-30 05:03:46,067 - INFO  - [NUDE][TRAIN] Epoch 59/100 Iter 340/390 Loss 0.0339 Top1 98.83 Top5 100.00
2025-12-30 05:03:51,843 - INFO  - [NUDE][TRAIN] Epoch 59/100 Iter 360/390 Loss 0.0339 Top1 98.82 Top5 100.00
2025-12-30 05:03:57,717 - INFO  - [NUDE][TRAIN] Epoch 59/100 Iter 380/390 Loss 0.0339 Top1 98.82 Top5 100.00
2025-12-30 05:04:00,632 - INFO  - [NUDE] Validate: force max bit-width W/A = 6
2025-12-30 05:04:02,877 - INFO  - [NUDE][EPOCH] 59/100 Train: Top1=98.81 Top5=100.00 Loss=0.0339 | Val(EMA): Top1=93.13
2025-12-30 05:04:02,877 - INFO  -   ⏱️  本Epoch耗时: 1分55秒 | 平均Epoch耗时: 1分57秒 | 剩余Epoch数: 40
2025-12-30 05:04:02,877 - INFO  -   📅 预估剩余时间: 1小时18分7秒 | 预估完成时间: 2025-12-30 06:22:10
2025-12-30 05:04:03,562 - INFO  - ([60] Epoch) Saving checkpoint to:
             Current: /root/autodl-tmp/retraining-free-quantization/training/r18_c10_nude_0.02_all_bits_orth/r18_c10_nude_0.02_all_bits_orth_checkpoint.pth.tar

2025-12-30 05:04:03,565 - INFO  - 🎲 Epoch 60: FaultInjector seed rotated to 102
2025-12-30 05:04:03,575 - INFO  - [NUDE] Epoch 60: force max bit-width W/A = 6
2025-12-30 05:04:03,575 - INFO  - ================================================================================
2025-12-30 05:04:03,575 - INFO  - 🔥 [NUDE] BFAT ACTIVE
2025-12-30 05:04:03,575 - INFO  -    Loss Type: direct_ce
2025-12-30 05:04:03,575 - INFO  -    Proj Mode: orthogonal
2025-12-30 05:04:03,575 - INFO  -    Injection: All Bits
2025-12-30 05:04:03,575 - INFO  - ================================================================================
2025-12-30 05:04:09,537 - INFO  - [NUDE][TRAIN] Epoch 60/100 Iter 20/390 Loss 0.0292 Top1 99.14 Top5 100.00
2025-12-30 05:04:15,408 - INFO  - [NUDE][TRAIN] Epoch 60/100 Iter 40/390 Loss 0.0296 Top1 99.02 Top5 100.00
2025-12-30 05:04:22,234 - INFO  - [NUDE][TRAIN] Epoch 60/100 Iter 60/390 Loss 0.0276 Top1 99.09 Top5 100.00
2025-12-30 05:04:29,323 - INFO  - [NUDE][TRAIN] Epoch 60/100 Iter 80/390 Loss 0.0283 Top1 99.06 Top5 100.00
2025-12-30 05:04:35,386 - INFO  - [NUDE][TRAIN] Epoch 60/100 Iter 100/390 Loss 0.0288 Top1 99.05 Top5 100.00
2025-12-30 05:04:41,125 - INFO  - [NUDE][TRAIN] Epoch 60/100 Iter 120/390 Loss 0.0283 Top1 99.07 Top5 100.00
2025-12-30 05:04:46,933 - INFO  - [NUDE][TRAIN] Epoch 60/100 Iter 140/390 Loss 0.0290 Top1 99.04 Top5 100.00
2025-12-30 05:04:52,661 - INFO  - [NUDE][TRAIN] Epoch 60/100 Iter 160/390 Loss 0.0287 Top1 99.04 Top5 100.00
2025-12-30 05:04:58,479 - INFO  - [NUDE][TRAIN] Epoch 60/100 Iter 180/390 Loss 0.0280 Top1 99.05 Top5 100.00
2025-12-30 05:05:04,281 - INFO  - [NUDE][TRAIN] Epoch 60/100 Iter 200/390 Loss 0.0287 Top1 99.03 Top5 100.00
2025-12-30 05:05:09,945 - INFO  - [NUDE][TRAIN] Epoch 60/100 Iter 220/390 Loss 0.0289 Top1 99.03 Top5 100.00
2025-12-30 05:05:15,704 - INFO  - [NUDE][TRAIN] Epoch 60/100 Iter 240/390 Loss 0.0294 Top1 99.02 Top5 100.00
2025-12-30 05:05:21,402 - INFO  - [NUDE][TRAIN] Epoch 60/100 Iter 260/390 Loss 0.0290 Top1 99.03 Top5 100.00
2025-12-30 05:05:27,322 - INFO  - [NUDE][TRAIN] Epoch 60/100 Iter 280/390 Loss 0.0297 Top1 98.99 Top5 100.00
2025-12-30 05:05:33,176 - INFO  - [NUDE][TRAIN] Epoch 60/100 Iter 300/390 Loss 0.0297 Top1 98.99 Top5 100.00
2025-12-30 05:05:38,936 - INFO  - [NUDE][TRAIN] Epoch 60/100 Iter 320/390 Loss 0.0300 Top1 98.98 Top5 100.00
2025-12-30 05:05:44,778 - INFO  - [NUDE][TRAIN] Epoch 60/100 Iter 340/390 Loss 0.0301 Top1 98.99 Top5 100.00
2025-12-30 05:05:50,519 - INFO  - [NUDE][TRAIN] Epoch 60/100 Iter 360/390 Loss 0.0298 Top1 99.00 Top5 100.00
2025-12-30 05:05:57,226 - INFO  - [NUDE][TRAIN] Epoch 60/100 Iter 380/390 Loss 0.0299 Top1 98.99 Top5 100.00
2025-12-30 05:06:00,794 - INFO  - [NUDE] Validate: force max bit-width W/A = 6
2025-12-30 05:06:03,196 - INFO  - [NUDE][EPOCH] 60/100 Train: Top1=98.99 Top5=100.00 Loss=0.0298 | Val(EMA): Top1=93.18
2025-12-30 05:06:03,196 - INFO  -   ⏱️  本Epoch耗时: 1分59秒 | 平均Epoch耗时: 1分56秒 | 剩余Epoch数: 39
2025-12-30 05:06:03,196 - INFO  -   📅 预估剩余时间: 1小时16分2秒 | 预估完成时间: 2025-12-30 06:22:06
2025-12-30 05:06:03,964 - INFO  - ([61] Epoch) Saving checkpoint to:
             Current: /root/autodl-tmp/retraining-free-quantization/training/r18_c10_nude_0.02_all_bits_orth/r18_c10_nude_0.02_all_bits_orth_checkpoint.pth.tar

2025-12-30 05:06:03,967 - INFO  - 🎲 Epoch 61: FaultInjector seed rotated to 103
2025-12-30 05:06:03,974 - INFO  - [NUDE] Epoch 61: force max bit-width W/A = 6
2025-12-30 05:06:03,975 - INFO  - ================================================================================
2025-12-30 05:06:03,975 - INFO  - 🔥 [NUDE] BFAT ACTIVE
2025-12-30 05:06:03,975 - INFO  -    Loss Type: direct_ce
2025-12-30 05:06:03,975 - INFO  -    Proj Mode: orthogonal
2025-12-30 05:06:03,975 - INFO  -    Injection: All Bits
2025-12-30 05:06:03,975 - INFO  - ================================================================================
2025-12-30 05:06:11,197 - INFO  - [NUDE][TRAIN] Epoch 61/100 Iter 20/390 Loss 0.0280 Top1 99.10 Top5 100.00
2025-12-30 05:06:18,323 - INFO  - [NUDE][TRAIN] Epoch 61/100 Iter 40/390 Loss 0.0269 Top1 99.18 Top5 100.00
2025-12-30 05:06:25,021 - INFO  - [NUDE][TRAIN] Epoch 61/100 Iter 60/390 Loss 0.0276 Top1 99.15 Top5 100.00
2025-12-30 05:06:30,878 - INFO  - [NUDE][TRAIN] Epoch 61/100 Iter 80/390 Loss 0.0281 Top1 99.11 Top5 99.99
2025-12-30 05:06:36,731 - INFO  - [NUDE][TRAIN] Epoch 61/100 Iter 100/390 Loss 0.0284 Top1 99.06 Top5 99.99
2025-12-30 05:06:42,475 - INFO  - [NUDE][TRAIN] Epoch 61/100 Iter 120/390 Loss 0.0281 Top1 99.11 Top5 99.99
2025-12-30 05:06:48,217 - INFO  - [NUDE][TRAIN] Epoch 61/100 Iter 140/390 Loss 0.0289 Top1 99.07 Top5 99.99
2025-12-30 05:06:53,856 - INFO  - [NUDE][TRAIN] Epoch 61/100 Iter 160/390 Loss 0.0289 Top1 99.04 Top5 100.00
2025-12-30 05:06:59,618 - INFO  - [NUDE][TRAIN] Epoch 61/100 Iter 180/390 Loss 0.0288 Top1 99.06 Top5 100.00
2025-12-30 05:07:05,522 - INFO  - [NUDE][TRAIN] Epoch 61/100 Iter 200/390 Loss 0.0277 Top1 99.10 Top5 100.00
2025-12-30 05:07:11,254 - INFO  - [NUDE][TRAIN] Epoch 61/100 Iter 220/390 Loss 0.0271 Top1 99.11 Top5 100.00
2025-12-30 05:07:17,089 - INFO  - [NUDE][TRAIN] Epoch 61/100 Iter 240/390 Loss 0.0269 Top1 99.12 Top5 100.00
2025-12-30 05:07:22,844 - INFO  - [NUDE][TRAIN] Epoch 61/100 Iter 260/390 Loss 0.0264 Top1 99.12 Top5 100.00
2025-12-30 05:07:28,679 - INFO  - [NUDE][TRAIN] Epoch 61/100 Iter 280/390 Loss 0.0261 Top1 99.12 Top5 100.00
2025-12-30 05:07:34,557 - INFO  - [NUDE][TRAIN] Epoch 61/100 Iter 300/390 Loss 0.0262 Top1 99.13 Top5 100.00
2025-12-30 05:07:40,292 - INFO  - [NUDE][TRAIN] Epoch 61/100 Iter 320/390 Loss 0.0261 Top1 99.15 Top5 100.00
2025-12-30 05:07:46,148 - INFO  - [NUDE][TRAIN] Epoch 61/100 Iter 340/390 Loss 0.0262 Top1 99.15 Top5 100.00
2025-12-30 05:07:51,896 - INFO  - [NUDE][TRAIN] Epoch 61/100 Iter 360/390 Loss 0.0262 Top1 99.15 Top5 100.00
2025-12-30 05:07:57,702 - INFO  - [NUDE][TRAIN] Epoch 61/100 Iter 380/390 Loss 0.0263 Top1 99.14 Top5 100.00
2025-12-30 05:08:00,628 - INFO  - [NUDE] Validate: force max bit-width W/A = 6
2025-12-30 05:08:02,876 - INFO  - [NUDE][EPOCH] 61/100 Train: Top1=99.14 Top5=100.00 Loss=0.0264 | Val(EMA): Top1=93.28
2025-12-30 05:08:02,876 - INFO  -   ⏱️  本Epoch耗时: 1分58秒 | 平均Epoch耗时: 1分57秒 | 剩余Epoch数: 38
2025-12-30 05:08:02,876 - INFO  -   📅 预估剩余时间: 1小时14分20秒 | 预估完成时间: 2025-12-30 06:22:23
2025-12-30 05:08:03,583 - INFO  - ([62] Epoch) Saving checkpoint to:
             Current: /root/autodl-tmp/retraining-free-quantization/training/r18_c10_nude_0.02_all_bits_orth/r18_c10_nude_0.02_all_bits_orth_checkpoint.pth.tar

2025-12-30 05:08:03,586 - INFO  - 🎲 Epoch 62: FaultInjector seed rotated to 104
2025-12-30 05:08:03,594 - INFO  - [NUDE] Epoch 62: force max bit-width W/A = 6
2025-12-30 05:08:03,594 - INFO  - ================================================================================
2025-12-30 05:08:03,594 - INFO  - 🔥 [NUDE] BFAT ACTIVE
2025-12-30 05:08:03,594 - INFO  -    Loss Type: direct_ce
2025-12-30 05:08:03,594 - INFO  -    Proj Mode: orthogonal
2025-12-30 05:08:03,594 - INFO  -    Injection: All Bits
2025-12-30 05:08:03,594 - INFO  - ================================================================================
2025-12-30 05:08:09,569 - INFO  - [NUDE][TRAIN] Epoch 62/100 Iter 20/390 Loss 0.0270 Top1 99.18 Top5 100.00
2025-12-30 05:08:15,437 - INFO  - [NUDE][TRAIN] Epoch 62/100 Iter 40/390 Loss 0.0251 Top1 99.14 Top5 100.00
2025-12-30 05:08:21,229 - INFO  - [NUDE][TRAIN] Epoch 62/100 Iter 60/390 Loss 0.0252 Top1 99.22 Top5 100.00
2025-12-30 05:08:26,997 - INFO  - [NUDE][TRAIN] Epoch 62/100 Iter 80/390 Loss 0.0253 Top1 99.20 Top5 100.00
2025-12-30 05:08:32,738 - INFO  - [NUDE][TRAIN] Epoch 62/100 Iter 100/390 Loss 0.0245 Top1 99.22 Top5 100.00
2025-12-30 05:08:38,418 - INFO  - [NUDE][TRAIN] Epoch 62/100 Iter 120/390 Loss 0.0253 Top1 99.20 Top5 99.99
2025-12-30 05:08:44,294 - INFO  - [NUDE][TRAIN] Epoch 62/100 Iter 140/390 Loss 0.0246 Top1 99.24 Top5 99.99
2025-12-30 05:08:50,067 - INFO  - [NUDE][TRAIN] Epoch 62/100 Iter 160/390 Loss 0.0239 Top1 99.25 Top5 100.00
2025-12-30 05:08:55,949 - INFO  - [NUDE][TRAIN] Epoch 62/100 Iter 180/390 Loss 0.0247 Top1 99.21 Top5 100.00
2025-12-30 05:09:01,826 - INFO  - [NUDE][TRAIN] Epoch 62/100 Iter 200/390 Loss 0.0243 Top1 99.22 Top5 100.00
2025-12-30 05:09:07,588 - INFO  - [NUDE][TRAIN] Epoch 62/100 Iter 220/390 Loss 0.0239 Top1 99.24 Top5 100.00
2025-12-30 05:09:13,409 - INFO  - [NUDE][TRAIN] Epoch 62/100 Iter 240/390 Loss 0.0236 Top1 99.24 Top5 100.00
2025-12-30 05:09:19,149 - INFO  - [NUDE][TRAIN] Epoch 62/100 Iter 260/390 Loss 0.0235 Top1 99.25 Top5 100.00
2025-12-30 05:09:25,018 - INFO  - [NUDE][TRAIN] Epoch 62/100 Iter 280/390 Loss 0.0233 Top1 99.25 Top5 100.00
2025-12-30 05:09:30,848 - INFO  - [NUDE][TRAIN] Epoch 62/100 Iter 300/390 Loss 0.0231 Top1 99.26 Top5 100.00
2025-12-30 05:09:36,597 - INFO  - [NUDE][TRAIN] Epoch 62/100 Iter 320/390 Loss 0.0230 Top1 99.26 Top5 100.00
2025-12-30 05:09:42,438 - INFO  - [NUDE][TRAIN] Epoch 62/100 Iter 340/390 Loss 0.0232 Top1 99.24 Top5 100.00
2025-12-30 05:09:48,172 - INFO  - [NUDE][TRAIN] Epoch 62/100 Iter 360/390 Loss 0.0234 Top1 99.24 Top5 100.00
2025-12-30 05:09:54,015 - INFO  - [NUDE][TRAIN] Epoch 62/100 Iter 380/390 Loss 0.0237 Top1 99.23 Top5 100.00
2025-12-30 05:09:56,928 - INFO  - [NUDE] Validate: force max bit-width W/A = 6
2025-12-30 05:09:59,216 - INFO  - [NUDE][EPOCH] 62/100 Train: Top1=99.23 Top5=100.00 Loss=0.0238 | Val(EMA): Top1=93.19
2025-12-30 05:09:59,216 - INFO  -   ⏱️  本Epoch耗时: 1分55秒 | 平均Epoch耗时: 1分57秒 | 剩余Epoch数: 37
2025-12-30 05:09:59,216 - INFO  -   📅 预估剩余时间: 1小时12分11秒 | 预估完成时间: 2025-12-30 06:22:10
2025-12-30 05:09:59,993 - INFO  - ([63] Epoch) Saving checkpoint to:
             Current: /root/autodl-tmp/retraining-free-quantization/training/r18_c10_nude_0.02_all_bits_orth/r18_c10_nude_0.02_all_bits_orth_checkpoint.pth.tar

2025-12-30 05:09:59,996 - INFO  - 🎲 Epoch 63: FaultInjector seed rotated to 105
2025-12-30 05:10:00,004 - INFO  - [NUDE] Epoch 63: force max bit-width W/A = 6
2025-12-30 05:10:00,004 - INFO  - ================================================================================
2025-12-30 05:10:00,004 - INFO  - 🔥 [NUDE] BFAT ACTIVE
2025-12-30 05:10:00,004 - INFO  -    Loss Type: direct_ce
2025-12-30 05:10:00,004 - INFO  -    Proj Mode: orthogonal
2025-12-30 05:10:00,004 - INFO  -    Injection: All Bits
2025-12-30 05:10:00,004 - INFO  - ================================================================================
2025-12-30 05:10:05,934 - INFO  - [NUDE][TRAIN] Epoch 63/100 Iter 20/390 Loss 0.0229 Top1 99.22 Top5 100.00
2025-12-30 05:10:11,704 - INFO  - [NUDE][TRAIN] Epoch 63/100 Iter 40/390 Loss 0.0231 Top1 99.26 Top5 100.00
2025-12-30 05:10:17,354 - INFO  - [NUDE][TRAIN] Epoch 63/100 Iter 60/390 Loss 0.0231 Top1 99.27 Top5 100.00
2025-12-30 05:10:23,158 - INFO  - [NUDE][TRAIN] Epoch 63/100 Iter 80/390 Loss 0.0212 Top1 99.32 Top5 100.00
2025-12-30 05:10:29,000 - INFO  - [NUDE][TRAIN] Epoch 63/100 Iter 100/390 Loss 0.0210 Top1 99.32 Top5 100.00
2025-12-30 05:10:34,749 - INFO  - [NUDE][TRAIN] Epoch 63/100 Iter 120/390 Loss 0.0219 Top1 99.26 Top5 100.00
2025-12-30 05:10:40,674 - INFO  - [NUDE][TRAIN] Epoch 63/100 Iter 140/390 Loss 0.0216 Top1 99.28 Top5 100.00
2025-12-30 05:10:46,418 - INFO  - [NUDE][TRAIN] Epoch 63/100 Iter 160/390 Loss 0.0222 Top1 99.27 Top5 100.00
2025-12-30 05:10:52,286 - INFO  - [NUDE][TRAIN] Epoch 63/100 Iter 180/390 Loss 0.0223 Top1 99.28 Top5 100.00
2025-12-30 05:10:58,131 - INFO  - [NUDE][TRAIN] Epoch 63/100 Iter 200/390 Loss 0.0227 Top1 99.27 Top5 100.00
2025-12-30 05:11:03,903 - INFO  - [NUDE][TRAIN] Epoch 63/100 Iter 220/390 Loss 0.0227 Top1 99.27 Top5 100.00
2025-12-30 05:11:09,719 - INFO  - [NUDE][TRAIN] Epoch 63/100 Iter 240/390 Loss 0.0223 Top1 99.27 Top5 100.00
2025-12-30 05:11:15,530 - INFO  - [NUDE][TRAIN] Epoch 63/100 Iter 260/390 Loss 0.0228 Top1 99.26 Top5 100.00
2025-12-30 05:11:21,383 - INFO  - [NUDE][TRAIN] Epoch 63/100 Iter 280/390 Loss 0.0230 Top1 99.26 Top5 100.00
2025-12-30 05:11:27,243 - INFO  - [NUDE][TRAIN] Epoch 63/100 Iter 300/390 Loss 0.0225 Top1 99.27 Top5 100.00
2025-12-30 05:11:33,016 - INFO  - [NUDE][TRAIN] Epoch 63/100 Iter 320/390 Loss 0.0223 Top1 99.29 Top5 100.00
2025-12-30 05:11:38,852 - INFO  - [NUDE][TRAIN] Epoch 63/100 Iter 340/390 Loss 0.0223 Top1 99.28 Top5 100.00
2025-12-30 05:11:44,603 - INFO  - [NUDE][TRAIN] Epoch 63/100 Iter 360/390 Loss 0.0227 Top1 99.27 Top5 100.00
2025-12-30 05:11:50,331 - INFO  - [NUDE][TRAIN] Epoch 63/100 Iter 380/390 Loss 0.0226 Top1 99.27 Top5 100.00
2025-12-30 05:11:53,236 - INFO  - [NUDE] Validate: force max bit-width W/A = 6
2025-12-30 05:11:55,510 - INFO  - [NUDE][EPOCH] 63/100 Train: Top1=99.27 Top5=100.00 Loss=0.0228 | Val(EMA): Top1=93.26
2025-12-30 05:11:55,510 - INFO  -   ⏱️  本Epoch耗时: 1分55秒 | 平均Epoch耗时: 1分57秒 | 剩余Epoch数: 36
2025-12-30 05:11:55,510 - INFO  -   📅 预估剩余时间: 1小时10分14秒 | 预估完成时间: 2025-12-30 06:22:09
2025-12-30 05:11:56,324 - INFO  - ([64] Epoch) Saving checkpoint to:
             Current: /root/autodl-tmp/retraining-free-quantization/training/r18_c10_nude_0.02_all_bits_orth/r18_c10_nude_0.02_all_bits_orth_checkpoint.pth.tar

2025-12-30 05:11:56,327 - INFO  - 🎲 Epoch 64: FaultInjector seed rotated to 106
2025-12-30 05:11:56,335 - INFO  - [NUDE] Epoch 64: force max bit-width W/A = 6
2025-12-30 05:11:56,335 - INFO  - ================================================================================
2025-12-30 05:11:56,335 - INFO  - 🔥 [NUDE] BFAT ACTIVE
2025-12-30 05:11:56,335 - INFO  -    Loss Type: direct_ce
2025-12-30 05:11:56,335 - INFO  -    Proj Mode: orthogonal
2025-12-30 05:11:56,335 - INFO  -    Injection: All Bits
2025-12-30 05:11:56,335 - INFO  - ================================================================================
2025-12-30 05:12:02,238 - INFO  - [NUDE][TRAIN] Epoch 64/100 Iter 20/390 Loss 0.0219 Top1 99.14 Top5 100.00
2025-12-30 05:12:08,159 - INFO  - [NUDE][TRAIN] Epoch 64/100 Iter 40/390 Loss 0.0194 Top1 99.34 Top5 100.00
2025-12-30 05:12:13,913 - INFO  - [NUDE][TRAIN] Epoch 64/100 Iter 60/390 Loss 0.0200 Top1 99.39 Top5 100.00
2025-12-30 05:12:19,807 - INFO  - [NUDE][TRAIN] Epoch 64/100 Iter 80/390 Loss 0.0194 Top1 99.37 Top5 100.00
2025-12-30 05:12:25,674 - INFO  - [NUDE][TRAIN] Epoch 64/100 Iter 100/390 Loss 0.0187 Top1 99.38 Top5 100.00
2025-12-30 05:12:31,456 - INFO  - [NUDE][TRAIN] Epoch 64/100 Iter 120/390 Loss 0.0196 Top1 99.34 Top5 100.00
2025-12-30 05:12:37,277 - INFO  - [NUDE][TRAIN] Epoch 64/100 Iter 140/390 Loss 0.0189 Top1 99.37 Top5 100.00
2025-12-30 05:12:43,025 - INFO  - [NUDE][TRAIN] Epoch 64/100 Iter 160/390 Loss 0.0185 Top1 99.38 Top5 100.00
2025-12-30 05:12:48,848 - INFO  - [NUDE][TRAIN] Epoch 64/100 Iter 180/390 Loss 0.0183 Top1 99.40 Top5 100.00
2025-12-30 05:12:54,692 - INFO  - [NUDE][TRAIN] Epoch 64/100 Iter 200/390 Loss 0.0193 Top1 99.38 Top5 100.00
2025-12-30 05:13:00,473 - INFO  - [NUDE][TRAIN] Epoch 64/100 Iter 220/390 Loss 0.0193 Top1 99.38 Top5 100.00
2025-12-30 05:13:06,320 - INFO  - [NUDE][TRAIN] Epoch 64/100 Iter 240/390 Loss 0.0190 Top1 99.40 Top5 100.00
2025-12-30 05:13:12,058 - INFO  - [NUDE][TRAIN] Epoch 64/100 Iter 260/390 Loss 0.0192 Top1 99.39 Top5 100.00
2025-12-30 05:13:17,946 - INFO  - [NUDE][TRAIN] Epoch 64/100 Iter 280/390 Loss 0.0190 Top1 99.39 Top5 100.00
2025-12-30 05:13:23,813 - INFO  - [NUDE][TRAIN] Epoch 64/100 Iter 300/390 Loss 0.0187 Top1 99.39 Top5 100.00
2025-12-30 05:13:29,467 - INFO  - [NUDE][TRAIN] Epoch 64/100 Iter 320/390 Loss 0.0193 Top1 99.38 Top5 100.00
2025-12-30 05:13:35,198 - INFO  - [NUDE][TRAIN] Epoch 64/100 Iter 340/390 Loss 0.0199 Top1 99.37 Top5 100.00
2025-12-30 05:13:40,856 - INFO  - [NUDE][TRAIN] Epoch 64/100 Iter 360/390 Loss 0.0199 Top1 99.36 Top5 100.00
2025-12-30 05:13:46,701 - INFO  - [NUDE][TRAIN] Epoch 64/100 Iter 380/390 Loss 0.0206 Top1 99.35 Top5 100.00
2025-12-30 05:13:49,659 - INFO  - [NUDE] Validate: force max bit-width W/A = 6
2025-12-30 05:13:51,966 - INFO  - [NUDE][EPOCH] 64/100 Train: Top1=99.35 Top5=100.00 Loss=0.0204 | Val(EMA): Top1=93.28
2025-12-30 05:13:51,966 - INFO  -   ⏱️  本Epoch耗时: 1分55秒 | 平均Epoch耗时: 1分57秒 | 剩余Epoch数: 35
2025-12-30 05:13:51,966 - INFO  -   📅 预估剩余时间: 1小时8分17秒 | 预估完成时间: 2025-12-30 06:22:09
2025-12-30 05:13:52,725 - INFO  - ([65] Epoch) Saving checkpoint to:
             Current: /root/autodl-tmp/retraining-free-quantization/training/r18_c10_nude_0.02_all_bits_orth/r18_c10_nude_0.02_all_bits_orth_checkpoint.pth.tar

2025-12-30 05:13:52,728 - INFO  - 🎲 Epoch 65: FaultInjector seed rotated to 107
2025-12-30 05:13:52,735 - INFO  - [NUDE] Epoch 65: force max bit-width W/A = 6
2025-12-30 05:13:52,735 - INFO  - ================================================================================
2025-12-30 05:13:52,735 - INFO  - 🔥 [NUDE] BFAT ACTIVE
2025-12-30 05:13:52,735 - INFO  -    Loss Type: direct_ce
2025-12-30 05:13:52,735 - INFO  -    Proj Mode: orthogonal
2025-12-30 05:13:52,735 - INFO  -    Injection: All Bits
2025-12-30 05:13:52,735 - INFO  - ================================================================================
2025-12-30 05:13:58,682 - INFO  - [NUDE][TRAIN] Epoch 65/100 Iter 20/390 Loss 0.0206 Top1 99.38 Top5 100.00
2025-12-30 05:14:04,603 - INFO  - [NUDE][TRAIN] Epoch 65/100 Iter 40/390 Loss 0.0212 Top1 99.34 Top5 100.00
2025-12-30 05:14:10,355 - INFO  - [NUDE][TRAIN] Epoch 65/100 Iter 60/390 Loss 0.0186 Top1 99.43 Top5 100.00
2025-12-30 05:14:16,239 - INFO  - [NUDE][TRAIN] Epoch 65/100 Iter 80/390 Loss 0.0176 Top1 99.44 Top5 100.00
2025-12-30 05:14:22,104 - INFO  - [NUDE][TRAIN] Epoch 65/100 Iter 100/390 Loss 0.0167 Top1 99.47 Top5 100.00
2025-12-30 05:14:27,885 - INFO  - [NUDE][TRAIN] Epoch 65/100 Iter 120/390 Loss 0.0174 Top1 99.43 Top5 100.00
2025-12-30 05:14:33,732 - INFO  - [NUDE][TRAIN] Epoch 65/100 Iter 140/390 Loss 0.0176 Top1 99.41 Top5 100.00
2025-12-30 05:14:39,545 - INFO  - [NUDE][TRAIN] Epoch 65/100 Iter 160/390 Loss 0.0172 Top1 99.43 Top5 100.00
2025-12-30 05:14:45,374 - INFO  - [NUDE][TRAIN] Epoch 65/100 Iter 180/390 Loss 0.0179 Top1 99.41 Top5 100.00
2025-12-30 05:14:51,235 - INFO  - [NUDE][TRAIN] Epoch 65/100 Iter 200/390 Loss 0.0180 Top1 99.41 Top5 100.00
2025-12-30 05:14:56,987 - INFO  - [NUDE][TRAIN] Epoch 65/100 Iter 220/390 Loss 0.0187 Top1 99.37 Top5 100.00
2025-12-30 05:15:02,918 - INFO  - [NUDE][TRAIN] Epoch 65/100 Iter 240/390 Loss 0.0190 Top1 99.37 Top5 100.00
2025-12-30 05:15:08,620 - INFO  - [NUDE][TRAIN] Epoch 65/100 Iter 260/390 Loss 0.0194 Top1 99.35 Top5 100.00
2025-12-30 05:15:14,391 - INFO  - [NUDE][TRAIN] Epoch 65/100 Iter 280/390 Loss 0.0197 Top1 99.34 Top5 100.00
2025-12-30 05:15:20,187 - INFO  - [NUDE][TRAIN] Epoch 65/100 Iter 300/390 Loss 0.0195 Top1 99.35 Top5 100.00
2025-12-30 05:15:25,939 - INFO  - [NUDE][TRAIN] Epoch 65/100 Iter 320/390 Loss 0.0192 Top1 99.36 Top5 100.00
2025-12-30 05:15:31,785 - INFO  - [NUDE][TRAIN] Epoch 65/100 Iter 340/390 Loss 0.0188 Top1 99.38 Top5 100.00
2025-12-30 05:15:37,521 - INFO  - [NUDE][TRAIN] Epoch 65/100 Iter 360/390 Loss 0.0185 Top1 99.39 Top5 100.00
2025-12-30 05:15:43,371 - INFO  - [NUDE][TRAIN] Epoch 65/100 Iter 380/390 Loss 0.0186 Top1 99.39 Top5 100.00
2025-12-30 05:15:46,298 - INFO  - [NUDE] Validate: force max bit-width W/A = 6
2025-12-30 05:15:48,596 - INFO  - [NUDE][EPOCH] 65/100 Train: Top1=99.39 Top5=100.00 Loss=0.0185 | Val(EMA): Top1=93.16
2025-12-30 05:15:48,596 - INFO  -   ⏱️  本Epoch耗时: 1分55秒 | 平均Epoch耗时: 1分56秒 | 剩余Epoch数: 34
2025-12-30 05:15:48,596 - INFO  -   📅 预估剩余时间: 1小时5分54秒 | 预估完成时间: 2025-12-30 06:21:43
2025-12-30 05:15:49,419 - INFO  - ([66] Epoch) Saving checkpoint to:
             Current: /root/autodl-tmp/retraining-free-quantization/training/r18_c10_nude_0.02_all_bits_orth/r18_c10_nude_0.02_all_bits_orth_checkpoint.pth.tar

2025-12-30 05:15:49,422 - INFO  - 🎲 Epoch 66: FaultInjector seed rotated to 108
2025-12-30 05:15:49,430 - INFO  - [NUDE] Epoch 66: force max bit-width W/A = 6
2025-12-30 05:15:49,430 - INFO  - ================================================================================
2025-12-30 05:15:49,430 - INFO  - 🔥 [NUDE] BFAT ACTIVE
2025-12-30 05:15:49,430 - INFO  -    Loss Type: direct_ce
2025-12-30 05:15:49,430 - INFO  -    Proj Mode: orthogonal
2025-12-30 05:15:49,430 - INFO  -    Injection: All Bits
2025-12-30 05:15:49,430 - INFO  - ================================================================================
2025-12-30 05:15:55,384 - INFO  - [NUDE][TRAIN] Epoch 66/100 Iter 20/390 Loss 0.0132 Top1 99.61 Top5 100.00
2025-12-30 05:16:01,279 - INFO  - [NUDE][TRAIN] Epoch 66/100 Iter 40/390 Loss 0.0120 Top1 99.61 Top5 100.00
2025-12-30 05:16:07,023 - INFO  - [NUDE][TRAIN] Epoch 66/100 Iter 60/390 Loss 0.0133 Top1 99.60 Top5 100.00
2025-12-30 05:16:12,864 - INFO  - [NUDE][TRAIN] Epoch 66/100 Iter 80/390 Loss 0.0139 Top1 99.61 Top5 100.00
2025-12-30 05:16:18,718 - INFO  - [NUDE][TRAIN] Epoch 66/100 Iter 100/390 Loss 0.0140 Top1 99.59 Top5 100.00
2025-12-30 05:16:24,510 - INFO  - [NUDE][TRAIN] Epoch 66/100 Iter 120/390 Loss 0.0142 Top1 99.58 Top5 100.00
2025-12-30 05:16:30,381 - INFO  - [NUDE][TRAIN] Epoch 66/100 Iter 140/390 Loss 0.0139 Top1 99.58 Top5 100.00
2025-12-30 05:16:36,118 - INFO  - [NUDE][TRAIN] Epoch 66/100 Iter 160/390 Loss 0.0143 Top1 99.57 Top5 100.00
2025-12-30 05:16:41,976 - INFO  - [NUDE][TRAIN] Epoch 66/100 Iter 180/390 Loss 0.0143 Top1 99.56 Top5 100.00
2025-12-30 05:16:47,771 - INFO  - [NUDE][TRAIN] Epoch 66/100 Iter 200/390 Loss 0.0140 Top1 99.57 Top5 100.00
2025-12-30 05:16:53,442 - INFO  - [NUDE][TRAIN] Epoch 66/100 Iter 220/390 Loss 0.0141 Top1 99.57 Top5 100.00
2025-12-30 05:16:59,177 - INFO  - [NUDE][TRAIN] Epoch 66/100 Iter 240/390 Loss 0.0145 Top1 99.54 Top5 100.00
2025-12-30 05:17:04,876 - INFO  - [NUDE][TRAIN] Epoch 66/100 Iter 260/390 Loss 0.0150 Top1 99.53 Top5 100.00
2025-12-30 05:17:10,731 - INFO  - [NUDE][TRAIN] Epoch 66/100 Iter 280/390 Loss 0.0150 Top1 99.52 Top5 100.00
2025-12-30 05:17:16,586 - INFO  - [NUDE][TRAIN] Epoch 66/100 Iter 300/390 Loss 0.0150 Top1 99.53 Top5 100.00
2025-12-30 05:17:22,348 - INFO  - [NUDE][TRAIN] Epoch 66/100 Iter 320/390 Loss 0.0149 Top1 99.54 Top5 100.00
2025-12-30 05:17:28,236 - INFO  - [NUDE][TRAIN] Epoch 66/100 Iter 340/390 Loss 0.0148 Top1 99.54 Top5 100.00
2025-12-30 05:17:33,984 - INFO  - [NUDE][TRAIN] Epoch 66/100 Iter 360/390 Loss 0.0148 Top1 99.54 Top5 100.00
2025-12-30 05:17:39,834 - INFO  - [NUDE][TRAIN] Epoch 66/100 Iter 380/390 Loss 0.0146 Top1 99.55 Top5 100.00
2025-12-30 05:17:42,755 - INFO  - [NUDE] Validate: force max bit-width W/A = 6
2025-12-30 05:17:45,022 - INFO  - [NUDE][EPOCH] 66/100 Train: Top1=99.55 Top5=100.00 Loss=0.0147 | Val(EMA): Top1=93.12
2025-12-30 05:17:45,023 - INFO  -   ⏱️  本Epoch耗时: 1分55秒 | 平均Epoch耗时: 1分55秒 | 剩余Epoch数: 33
2025-12-30 05:17:45,023 - INFO  -   📅 预估剩余时间: 1小时3分36秒 | 预估完成时间: 2025-12-30 06:21:21
2025-12-30 05:17:45,806 - INFO  - ([67] Epoch) Saving checkpoint to:
             Current: /root/autodl-tmp/retraining-free-quantization/training/r18_c10_nude_0.02_all_bits_orth/r18_c10_nude_0.02_all_bits_orth_checkpoint.pth.tar

2025-12-30 05:17:45,809 - INFO  - 🎲 Epoch 67: FaultInjector seed rotated to 109
2025-12-30 05:17:45,816 - INFO  - [NUDE] Epoch 67: force max bit-width W/A = 6
2025-12-30 05:17:45,816 - INFO  - ================================================================================
2025-12-30 05:17:45,816 - INFO  - 🔥 [NUDE] BFAT ACTIVE
2025-12-30 05:17:45,816 - INFO  -    Loss Type: direct_ce
2025-12-30 05:17:45,816 - INFO  -    Proj Mode: orthogonal
2025-12-30 05:17:45,817 - INFO  -    Injection: All Bits
2025-12-30 05:17:45,817 - INFO  - ================================================================================
2025-12-30 05:17:51,779 - INFO  - [NUDE][TRAIN] Epoch 67/100 Iter 20/390 Loss 0.0183 Top1 99.41 Top5 100.00
2025-12-30 05:17:57,633 - INFO  - [NUDE][TRAIN] Epoch 67/100 Iter 40/390 Loss 0.0154 Top1 99.49 Top5 100.00
2025-12-30 05:18:03,383 - INFO  - [NUDE][TRAIN] Epoch 67/100 Iter 60/390 Loss 0.0142 Top1 99.56 Top5 100.00
2025-12-30 05:18:09,312 - INFO  - [NUDE][TRAIN] Epoch 67/100 Iter 80/390 Loss 0.0132 Top1 99.61 Top5 100.00
2025-12-30 05:18:15,187 - INFO  - [NUDE][TRAIN] Epoch 67/100 Iter 100/390 Loss 0.0131 Top1 99.62 Top5 100.00
2025-12-30 05:18:20,985 - INFO  - [NUDE][TRAIN] Epoch 67/100 Iter 120/390 Loss 0.0128 Top1 99.63 Top5 100.00
2025-12-30 05:18:26,821 - INFO  - [NUDE][TRAIN] Epoch 67/100 Iter 140/390 Loss 0.0124 Top1 99.64 Top5 100.00
2025-12-30 05:18:32,554 - INFO  - [NUDE][TRAIN] Epoch 67/100 Iter 160/390 Loss 0.0123 Top1 99.64 Top5 100.00
2025-12-30 05:18:38,308 - INFO  - [NUDE][TRAIN] Epoch 67/100 Iter 180/390 Loss 0.0121 Top1 99.64 Top5 100.00
2025-12-30 05:18:44,084 - INFO  - [NUDE][TRAIN] Epoch 67/100 Iter 200/390 Loss 0.0123 Top1 99.64 Top5 100.00
2025-12-30 05:18:49,829 - INFO  - [NUDE][TRAIN] Epoch 67/100 Iter 220/390 Loss 0.0127 Top1 99.64 Top5 100.00
2025-12-30 05:18:55,696 - INFO  - [NUDE][TRAIN] Epoch 67/100 Iter 240/390 Loss 0.0130 Top1 99.62 Top5 100.00
2025-12-30 05:19:01,474 - INFO  - [NUDE][TRAIN] Epoch 67/100 Iter 260/390 Loss 0.0130 Top1 99.62 Top5 100.00
2025-12-30 05:19:07,333 - INFO  - [NUDE][TRAIN] Epoch 67/100 Iter 280/390 Loss 0.0128 Top1 99.61 Top5 100.00
2025-12-30 05:19:13,240 - INFO  - [NUDE][TRAIN] Epoch 67/100 Iter 300/390 Loss 0.0126 Top1 99.62 Top5 100.00
2025-12-30 05:19:18,992 - INFO  - [NUDE][TRAIN] Epoch 67/100 Iter 320/390 Loss 0.0126 Top1 99.62 Top5 100.00
2025-12-30 05:19:24,819 - INFO  - [NUDE][TRAIN] Epoch 67/100 Iter 340/390 Loss 0.0128 Top1 99.62 Top5 100.00
2025-12-30 05:19:30,587 - INFO  - [NUDE][TRAIN] Epoch 67/100 Iter 360/390 Loss 0.0127 Top1 99.61 Top5 100.00
2025-12-30 05:19:36,424 - INFO  - [NUDE][TRAIN] Epoch 67/100 Iter 380/390 Loss 0.0129 Top1 99.60 Top5 100.00
2025-12-30 05:19:39,374 - INFO  - [NUDE] Validate: force max bit-width W/A = 6
2025-12-30 05:19:41,659 - INFO  - [NUDE][EPOCH] 67/100 Train: Top1=99.60 Top5=100.00 Loss=0.0129 | Val(EMA): Top1=93.15
2025-12-30 05:19:41,659 - INFO  -   ⏱️  本Epoch耗时: 1分55秒 | 平均Epoch耗时: 1分55秒 | 剩余Epoch数: 32
2025-12-30 05:19:41,659 - INFO  -   📅 预估剩余时间: 1小时1分42秒 | 预估完成时间: 2025-12-30 06:21:23
2025-12-30 05:19:42,464 - INFO  - ([68] Epoch) Saving checkpoint to:
             Current: /root/autodl-tmp/retraining-free-quantization/training/r18_c10_nude_0.02_all_bits_orth/r18_c10_nude_0.02_all_bits_orth_checkpoint.pth.tar

2025-12-30 05:19:42,467 - INFO  - 🎲 Epoch 68: FaultInjector seed rotated to 110
2025-12-30 05:19:42,475 - INFO  - [NUDE] Epoch 68: force max bit-width W/A = 6
2025-12-30 05:19:42,475 - INFO  - ================================================================================
2025-12-30 05:19:42,475 - INFO  - 🔥 [NUDE] BFAT ACTIVE
2025-12-30 05:19:42,475 - INFO  -    Loss Type: direct_ce
2025-12-30 05:19:42,475 - INFO  -    Proj Mode: orthogonal
2025-12-30 05:19:42,475 - INFO  -    Injection: All Bits
2025-12-30 05:19:42,475 - INFO  - ================================================================================
2025-12-30 05:19:48,428 - INFO  - [NUDE][TRAIN] Epoch 68/100 Iter 20/390 Loss 0.0124 Top1 99.57 Top5 100.00
2025-12-30 05:19:54,322 - INFO  - [NUDE][TRAIN] Epoch 68/100 Iter 40/390 Loss 0.0118 Top1 99.59 Top5 100.00
2025-12-30 05:20:00,084 - INFO  - [NUDE][TRAIN] Epoch 68/100 Iter 60/390 Loss 0.0108 Top1 99.65 Top5 100.00
2025-12-30 05:20:05,971 - INFO  - [NUDE][TRAIN] Epoch 68/100 Iter 80/390 Loss 0.0102 Top1 99.69 Top5 100.00
2025-12-30 05:20:11,717 - INFO  - [NUDE][TRAIN] Epoch 68/100 Iter 100/390 Loss 0.0104 Top1 99.70 Top5 100.00
2025-12-30 05:20:17,347 - INFO  - [NUDE][TRAIN] Epoch 68/100 Iter 120/390 Loss 0.0108 Top1 99.66 Top5 100.00
2025-12-30 05:20:23,114 - INFO  - [NUDE][TRAIN] Epoch 68/100 Iter 140/390 Loss 0.0111 Top1 99.65 Top5 99.99
2025-12-30 05:20:28,870 - INFO  - [NUDE][TRAIN] Epoch 68/100 Iter 160/390 Loss 0.0116 Top1 99.61 Top5 100.00
2025-12-30 05:20:34,733 - INFO  - [NUDE][TRAIN] Epoch 68/100 Iter 180/390 Loss 0.0116 Top1 99.61 Top5 100.00
2025-12-30 05:20:40,609 - INFO  - [NUDE][TRAIN] Epoch 68/100 Iter 200/390 Loss 0.0118 Top1 99.59 Top5 100.00
2025-12-30 05:20:46,382 - INFO  - [NUDE][TRAIN] Epoch 68/100 Iter 220/390 Loss 0.0115 Top1 99.60 Top5 100.00
2025-12-30 05:20:52,260 - INFO  - [NUDE][TRAIN] Epoch 68/100 Iter 240/390 Loss 0.0119 Top1 99.59 Top5 100.00
2025-12-30 05:20:58,023 - INFO  - [NUDE][TRAIN] Epoch 68/100 Iter 260/390 Loss 0.0118 Top1 99.59 Top5 100.00
2025-12-30 05:21:03,892 - INFO  - [NUDE][TRAIN] Epoch 68/100 Iter 280/390 Loss 0.0121 Top1 99.59 Top5 100.00
2025-12-30 05:21:09,748 - INFO  - [NUDE][TRAIN] Epoch 68/100 Iter 300/390 Loss 0.0124 Top1 99.57 Top5 100.00
2025-12-30 05:21:15,515 - INFO  - [NUDE][TRAIN] Epoch 68/100 Iter 320/390 Loss 0.0125 Top1 99.58 Top5 100.00
2025-12-30 05:21:21,350 - INFO  - [NUDE][TRAIN] Epoch 68/100 Iter 340/390 Loss 0.0126 Top1 99.57 Top5 100.00
2025-12-30 05:21:27,102 - INFO  - [NUDE][TRAIN] Epoch 68/100 Iter 360/390 Loss 0.0126 Top1 99.58 Top5 100.00
2025-12-30 05:21:32,941 - INFO  - [NUDE][TRAIN] Epoch 68/100 Iter 380/390 Loss 0.0125 Top1 99.58 Top5 100.00
2025-12-30 05:21:35,860 - INFO  - [NUDE] Validate: force max bit-width W/A = 6
2025-12-30 05:21:38,161 - INFO  - [NUDE][EPOCH] 68/100 Train: Top1=99.59 Top5=100.00 Loss=0.0125 | Val(EMA): Top1=93.30
2025-12-30 05:21:38,161 - INFO  -   ⏱️  本Epoch耗时: 1分55秒 | 平均Epoch耗时: 1分55秒 | 剩余Epoch数: 31
2025-12-30 05:21:38,161 - INFO  -   📅 预估剩余时间: 59分47秒 | 预估完成时间: 2025-12-30 06:21:25
2025-12-30 05:21:38,843 - INFO  - ([69] Epoch) Saving checkpoint to:
             Current: /root/autodl-tmp/retraining-free-quantization/training/r18_c10_nude_0.02_all_bits_orth/r18_c10_nude_0.02_all_bits_orth_checkpoint.pth.tar

2025-12-30 05:21:38,845 - INFO  - 🎲 Epoch 69: FaultInjector seed rotated to 111
2025-12-30 05:21:38,853 - INFO  - [NUDE] Epoch 69: force max bit-width W/A = 6
2025-12-30 05:21:38,853 - INFO  - ================================================================================
2025-12-30 05:21:38,853 - INFO  - 🔥 [NUDE] BFAT ACTIVE
2025-12-30 05:21:38,853 - INFO  -    Loss Type: direct_ce
2025-12-30 05:21:38,853 - INFO  -    Proj Mode: orthogonal
2025-12-30 05:21:38,853 - INFO  -    Injection: All Bits
2025-12-30 05:21:38,853 - INFO  - ================================================================================
2025-12-30 05:21:44,808 - INFO  - [NUDE][TRAIN] Epoch 69/100 Iter 20/390 Loss 0.0135 Top1 99.61 Top5 100.00
2025-12-30 05:21:50,600 - INFO  - [NUDE][TRAIN] Epoch 69/100 Iter 40/390 Loss 0.0120 Top1 99.61 Top5 100.00
2025-12-30 05:21:56,228 - INFO  - [NUDE][TRAIN] Epoch 69/100 Iter 60/390 Loss 0.0112 Top1 99.67 Top5 100.00
2025-12-30 05:22:01,964 - INFO  - [NUDE][TRAIN] Epoch 69/100 Iter 80/390 Loss 0.0115 Top1 99.63 Top5 100.00
2025-12-30 05:22:07,779 - INFO  - [NUDE][TRAIN] Epoch 69/100 Iter 100/390 Loss 0.0108 Top1 99.68 Top5 100.00
2025-12-30 05:22:13,564 - INFO  - [NUDE][TRAIN] Epoch 69/100 Iter 120/390 Loss 0.0110 Top1 99.65 Top5 100.00
2025-12-30 05:22:19,396 - INFO  - [NUDE][TRAIN] Epoch 69/100 Iter 140/390 Loss 0.0111 Top1 99.65 Top5 100.00
2025-12-30 05:22:25,119 - INFO  - [NUDE][TRAIN] Epoch 69/100 Iter 160/390 Loss 0.0106 Top1 99.68 Top5 100.00
2025-12-30 05:22:30,934 - INFO  - [NUDE][TRAIN] Epoch 69/100 Iter 180/390 Loss 0.0103 Top1 99.68 Top5 100.00
2025-12-30 05:22:36,754 - INFO  - [NUDE][TRAIN] Epoch 69/100 Iter 200/390 Loss 0.0100 Top1 99.70 Top5 100.00
2025-12-30 05:22:42,522 - INFO  - [NUDE][TRAIN] Epoch 69/100 Iter 220/390 Loss 0.0102 Top1 99.69 Top5 100.00
2025-12-30 05:22:48,380 - INFO  - [NUDE][TRAIN] Epoch 69/100 Iter 240/390 Loss 0.0103 Top1 99.69 Top5 100.00
2025-12-30 05:22:54,123 - INFO  - [NUDE][TRAIN] Epoch 69/100 Iter 260/390 Loss 0.0101 Top1 99.71 Top5 100.00
2025-12-30 05:23:00,001 - INFO  - [NUDE][TRAIN] Epoch 69/100 Iter 280/390 Loss 0.0102 Top1 99.70 Top5 100.00
2025-12-30 05:23:05,858 - INFO  - [NUDE][TRAIN] Epoch 69/100 Iter 300/390 Loss 0.0103 Top1 99.69 Top5 100.00
2025-12-30 05:23:11,594 - INFO  - [NUDE][TRAIN] Epoch 69/100 Iter 320/390 Loss 0.0104 Top1 99.69 Top5 100.00
2025-12-30 05:23:17,466 - INFO  - [NUDE][TRAIN] Epoch 69/100 Iter 340/390 Loss 0.0105 Top1 99.69 Top5 100.00
2025-12-30 05:23:23,215 - INFO  - [NUDE][TRAIN] Epoch 69/100 Iter 360/390 Loss 0.0104 Top1 99.69 Top5 100.00
2025-12-30 05:23:29,020 - INFO  - [NUDE][TRAIN] Epoch 69/100 Iter 380/390 Loss 0.0104 Top1 99.69 Top5 100.00
2025-12-30 05:23:31,883 - INFO  - [NUDE] Validate: force max bit-width W/A = 6
2025-12-30 05:23:34,153 - INFO  - [NUDE][EPOCH] 69/100 Train: Top1=99.69 Top5=100.00 Loss=0.0104 | Val(EMA): Top1=93.39
2025-12-30 05:23:34,154 - INFO  -   ⏱️  本Epoch耗时: 1分55秒 | 平均Epoch耗时: 1分55秒 | 剩余Epoch数: 30
2025-12-30 05:23:34,154 - INFO  -   📅 预估剩余时间: 57分49秒 | 预估完成时间: 2025-12-30 06:21:24
2025-12-30 05:23:34,851 - INFO  - ([70] Epoch) Saving checkpoint to:
             Current: /root/autodl-tmp/retraining-free-quantization/training/r18_c10_nude_0.02_all_bits_orth/r18_c10_nude_0.02_all_bits_orth_checkpoint.pth.tar

2025-12-30 05:23:34,853 - INFO  - 🎲 Epoch 70: FaultInjector seed rotated to 112
2025-12-30 05:23:34,861 - INFO  - [NUDE] Epoch 70: force max bit-width W/A = 6
2025-12-30 05:23:34,861 - INFO  - ================================================================================
2025-12-30 05:23:34,861 - INFO  - 🔥 [NUDE] BFAT ACTIVE
2025-12-30 05:23:34,861 - INFO  -    Loss Type: direct_ce
2025-12-30 05:23:34,861 - INFO  -    Proj Mode: orthogonal
2025-12-30 05:23:34,861 - INFO  -    Injection: All Bits
2025-12-30 05:23:34,861 - INFO  - ================================================================================
2025-12-30 05:23:40,696 - INFO  - [NUDE][TRAIN] Epoch 70/100 Iter 20/390 Loss 0.0091 Top1 99.73 Top5 100.00
2025-12-30 05:23:46,522 - INFO  - [NUDE][TRAIN] Epoch 70/100 Iter 40/390 Loss 0.0084 Top1 99.73 Top5 100.00
2025-12-30 05:23:52,261 - INFO  - [NUDE][TRAIN] Epoch 70/100 Iter 60/390 Loss 0.0101 Top1 99.65 Top5 100.00
2025-12-30 05:23:58,105 - INFO  - [NUDE][TRAIN] Epoch 70/100 Iter 80/390 Loss 0.0087 Top1 99.72 Top5 100.00
2025-12-30 05:24:03,992 - INFO  - [NUDE][TRAIN] Epoch 70/100 Iter 100/390 Loss 0.0085 Top1 99.75 Top5 100.00
2025-12-30 05:24:09,752 - INFO  - [NUDE][TRAIN] Epoch 70/100 Iter 120/390 Loss 0.0083 Top1 99.77 Top5 100.00
2025-12-30 05:24:15,601 - INFO  - [NUDE][TRAIN] Epoch 70/100 Iter 140/390 Loss 0.0078 Top1 99.78 Top5 100.00
2025-12-30 05:24:21,336 - INFO  - [NUDE][TRAIN] Epoch 70/100 Iter 160/390 Loss 0.0078 Top1 99.79 Top5 100.00
2025-12-30 05:24:27,175 - INFO  - [NUDE][TRAIN] Epoch 70/100 Iter 180/390 Loss 0.0079 Top1 99.79 Top5 100.00
2025-12-30 05:24:33,002 - INFO  - [NUDE][TRAIN] Epoch 70/100 Iter 200/390 Loss 0.0077 Top1 99.80 Top5 100.00
2025-12-30 05:24:38,743 - INFO  - [NUDE][TRAIN] Epoch 70/100 Iter 220/390 Loss 0.0077 Top1 99.80 Top5 100.00
2025-12-30 05:24:44,601 - INFO  - [NUDE][TRAIN] Epoch 70/100 Iter 240/390 Loss 0.0085 Top1 99.79 Top5 100.00
2025-12-30 05:24:50,345 - INFO  - [NUDE][TRAIN] Epoch 70/100 Iter 260/390 Loss 0.0087 Top1 99.78 Top5 100.00
2025-12-30 05:24:56,228 - INFO  - [NUDE][TRAIN] Epoch 70/100 Iter 280/390 Loss 0.0092 Top1 99.77 Top5 100.00
2025-12-30 05:25:02,080 - INFO  - [NUDE][TRAIN] Epoch 70/100 Iter 300/390 Loss 0.0094 Top1 99.77 Top5 100.00
2025-12-30 05:25:07,806 - INFO  - [NUDE][TRAIN] Epoch 70/100 Iter 320/390 Loss 0.0097 Top1 99.75 Top5 100.00
2025-12-30 05:25:13,546 - INFO  - [NUDE][TRAIN] Epoch 70/100 Iter 340/390 Loss 0.0097 Top1 99.75 Top5 100.00
2025-12-30 05:25:19,174 - INFO  - [NUDE][TRAIN] Epoch 70/100 Iter 360/390 Loss 0.0096 Top1 99.75 Top5 100.00
2025-12-30 05:25:24,921 - INFO  - [NUDE][TRAIN] Epoch 70/100 Iter 380/390 Loss 0.0096 Top1 99.75 Top5 100.00
2025-12-30 05:25:27,831 - INFO  - [NUDE] Validate: force max bit-width W/A = 6
2025-12-30 05:25:30,123 - INFO  - [NUDE][EPOCH] 70/100 Train: Top1=99.75 Top5=100.00 Loss=0.0096 | Val(EMA): Top1=93.11
2025-12-30 05:25:30,123 - INFO  -   ⏱️  本Epoch耗时: 1分55秒 | 平均Epoch耗时: 1分55秒 | 剩余Epoch数: 29
2025-12-30 05:25:30,123 - INFO  -   📅 预估剩余时间: 55分50秒 | 预估完成时间: 2025-12-30 06:21:20
2025-12-30 05:25:31,082 - INFO  - ([71] Epoch) Saving checkpoint to:
             Current: /root/autodl-tmp/retraining-free-quantization/training/r18_c10_nude_0.02_all_bits_orth/r18_c10_nude_0.02_all_bits_orth_checkpoint.pth.tar

2025-12-30 05:25:31,085 - INFO  - 🎲 Epoch 71: FaultInjector seed rotated to 113
2025-12-30 05:25:31,093 - INFO  - [NUDE] Epoch 71: force max bit-width W/A = 6
2025-12-30 05:25:31,093 - INFO  - ================================================================================
2025-12-30 05:25:31,093 - INFO  - 🔥 [NUDE] BFAT ACTIVE
2025-12-30 05:25:31,093 - INFO  -    Loss Type: direct_ce
2025-12-30 05:25:31,093 - INFO  -    Proj Mode: orthogonal
2025-12-30 05:25:31,093 - INFO  -    Injection: All Bits
2025-12-30 05:25:31,093 - INFO  - ================================================================================
2025-12-30 05:25:37,044 - INFO  - [NUDE][TRAIN] Epoch 71/100 Iter 20/390 Loss 0.0088 Top1 99.77 Top5 100.00
2025-12-30 05:25:42,929 - INFO  - [NUDE][TRAIN] Epoch 71/100 Iter 40/390 Loss 0.0080 Top1 99.80 Top5 100.00
2025-12-30 05:25:48,677 - INFO  - [NUDE][TRAIN] Epoch 71/100 Iter 60/390 Loss 0.0075 Top1 99.83 Top5 100.00
2025-12-30 05:25:54,523 - INFO  - [NUDE][TRAIN] Epoch 71/100 Iter 80/390 Loss 0.0072 Top1 99.81 Top5 100.00
2025-12-30 05:26:00,379 - INFO  - [NUDE][TRAIN] Epoch 71/100 Iter 100/390 Loss 0.0073 Top1 99.81 Top5 100.00
2025-12-30 05:26:06,163 - INFO  - [NUDE][TRAIN] Epoch 71/100 Iter 120/390 Loss 0.0076 Top1 99.79 Top5 100.00
2025-12-30 05:26:11,994 - INFO  - [NUDE][TRAIN] Epoch 71/100 Iter 140/390 Loss 0.0075 Top1 99.79 Top5 100.00
2025-12-30 05:26:17,748 - INFO  - [NUDE][TRAIN] Epoch 71/100 Iter 160/390 Loss 0.0075 Top1 99.79 Top5 100.00
2025-12-30 05:26:23,608 - INFO  - [NUDE][TRAIN] Epoch 71/100 Iter 180/390 Loss 0.0078 Top1 99.78 Top5 100.00
2025-12-30 05:26:29,597 - INFO  - [NUDE][TRAIN] Epoch 71/100 Iter 200/390 Loss 0.0080 Top1 99.77 Top5 100.00
2025-12-30 05:26:36,226 - INFO  - [NUDE][TRAIN] Epoch 71/100 Iter 220/390 Loss 0.0081 Top1 99.77 Top5 100.00
2025-12-30 05:26:42,092 - INFO  - [NUDE][TRAIN] Epoch 71/100 Iter 240/390 Loss 0.0082 Top1 99.76 Top5 100.00
2025-12-30 05:26:47,861 - INFO  - [NUDE][TRAIN] Epoch 71/100 Iter 260/390 Loss 0.0082 Top1 99.76 Top5 100.00
2025-12-30 05:26:53,619 - INFO  - [NUDE][TRAIN] Epoch 71/100 Iter 280/390 Loss 0.0083 Top1 99.74 Top5 100.00
2025-12-30 05:26:59,411 - INFO  - [NUDE][TRAIN] Epoch 71/100 Iter 300/390 Loss 0.0085 Top1 99.74 Top5 100.00
2025-12-30 05:27:05,102 - INFO  - [NUDE][TRAIN] Epoch 71/100 Iter 320/390 Loss 0.0084 Top1 99.75 Top5 100.00
2025-12-30 05:27:11,021 - INFO  - [NUDE][TRAIN] Epoch 71/100 Iter 340/390 Loss 0.0086 Top1 99.74 Top5 100.00
2025-12-30 05:27:17,152 - INFO  - [NUDE][TRAIN] Epoch 71/100 Iter 360/390 Loss 0.0089 Top1 99.74 Top5 100.00
2025-12-30 05:27:23,078 - INFO  - [NUDE][TRAIN] Epoch 71/100 Iter 380/390 Loss 0.0088 Top1 99.74 Top5 100.00
2025-12-30 05:27:26,039 - INFO  - [NUDE] Validate: force max bit-width W/A = 6
2025-12-30 05:27:28,344 - INFO  - [NUDE][EPOCH] 71/100 Train: Top1=99.75 Top5=100.00 Loss=0.0087 | Val(EMA): Top1=92.47
2025-12-30 05:27:28,344 - INFO  -   ⏱️  本Epoch耗时: 1分57秒 | 平均Epoch耗时: 1分55秒 | 剩余Epoch数: 28
2025-12-30 05:27:28,344 - INFO  -   📅 预估剩余时间: 54分4秒 | 预估完成时间: 2025-12-30 06:21:32
2025-12-30 05:27:29,104 - INFO  - ([72] Epoch) Saving checkpoint to:
             Current: /root/autodl-tmp/retraining-free-quantization/training/r18_c10_nude_0.02_all_bits_orth/r18_c10_nude_0.02_all_bits_orth_checkpoint.pth.tar

2025-12-30 05:27:29,107 - INFO  - 🎲 Epoch 72: FaultInjector seed rotated to 114
2025-12-30 05:27:29,114 - INFO  - [NUDE] Epoch 72: force max bit-width W/A = 6
2025-12-30 05:27:29,114 - INFO  - ================================================================================
2025-12-30 05:27:29,114 - INFO  - 🔥 [NUDE] BFAT ACTIVE
2025-12-30 05:27:29,114 - INFO  -    Loss Type: direct_ce
2025-12-30 05:27:29,115 - INFO  -    Proj Mode: orthogonal
2025-12-30 05:27:29,115 - INFO  -    Injection: All Bits
2025-12-30 05:27:29,115 - INFO  - ================================================================================
2025-12-30 05:27:35,058 - INFO  - [NUDE][TRAIN] Epoch 72/100 Iter 20/390 Loss 0.0127 Top1 99.53 Top5 100.00
2025-12-30 05:27:40,955 - INFO  - [NUDE][TRAIN] Epoch 72/100 Iter 40/390 Loss 0.0110 Top1 99.63 Top5 100.00
2025-12-30 05:27:46,727 - INFO  - [NUDE][TRAIN] Epoch 72/100 Iter 60/390 Loss 0.0094 Top1 99.70 Top5 100.00
2025-12-30 05:27:52,597 - INFO  - [NUDE][TRAIN] Epoch 72/100 Iter 80/390 Loss 0.0094 Top1 99.72 Top5 100.00
2025-12-30 05:27:58,477 - INFO  - [NUDE][TRAIN] Epoch 72/100 Iter 100/390 Loss 0.0094 Top1 99.71 Top5 100.00
2025-12-30 05:28:04,215 - INFO  - [NUDE][TRAIN] Epoch 72/100 Iter 120/390 Loss 0.0091 Top1 99.71 Top5 100.00
2025-12-30 05:28:10,054 - INFO  - [NUDE][TRAIN] Epoch 72/100 Iter 140/390 Loss 0.0086 Top1 99.73 Top5 100.00
2025-12-30 05:28:15,832 - INFO  - [NUDE][TRAIN] Epoch 72/100 Iter 160/390 Loss 0.0086 Top1 99.73 Top5 100.00
2025-12-30 05:28:21,674 - INFO  - [NUDE][TRAIN] Epoch 72/100 Iter 180/390 Loss 0.0083 Top1 99.74 Top5 100.00
2025-12-30 05:28:27,791 - INFO  - [NUDE][TRAIN] Epoch 72/100 Iter 200/390 Loss 0.0079 Top1 99.77 Top5 100.00
2025-12-30 05:28:34,683 - INFO  - [NUDE][TRAIN] Epoch 72/100 Iter 220/390 Loss 0.0078 Top1 99.77 Top5 100.00
2025-12-30 05:28:41,643 - INFO  - [NUDE][TRAIN] Epoch 72/100 Iter 240/390 Loss 0.0077 Top1 99.77 Top5 100.00
2025-12-30 05:28:47,965 - INFO  - [NUDE][TRAIN] Epoch 72/100 Iter 260/390 Loss 0.0077 Top1 99.78 Top5 100.00
2025-12-30 05:28:53,829 - INFO  - [NUDE][TRAIN] Epoch 72/100 Iter 280/390 Loss 0.0078 Top1 99.77 Top5 100.00
2025-12-30 05:28:59,685 - INFO  - [NUDE][TRAIN] Epoch 72/100 Iter 300/390 Loss 0.0078 Top1 99.77 Top5 100.00
2025-12-30 05:29:05,427 - INFO  - [NUDE][TRAIN] Epoch 72/100 Iter 320/390 Loss 0.0077 Top1 99.77 Top5 100.00
2025-12-30 05:29:11,319 - INFO  - [NUDE][TRAIN] Epoch 72/100 Iter 340/390 Loss 0.0075 Top1 99.77 Top5 100.00
2025-12-30 05:29:17,085 - INFO  - [NUDE][TRAIN] Epoch 72/100 Iter 360/390 Loss 0.0074 Top1 99.78 Top5 100.00
2025-12-30 05:29:22,960 - INFO  - [NUDE][TRAIN] Epoch 72/100 Iter 380/390 Loss 0.0073 Top1 99.78 Top5 100.00
2025-12-30 05:29:25,884 - INFO  - [NUDE] Validate: force max bit-width W/A = 6
2025-12-30 05:29:28,128 - INFO  - [NUDE][EPOCH] 72/100 Train: Top1=99.78 Top5=100.00 Loss=0.0073 | Val(EMA): Top1=84.03
2025-12-30 05:29:28,128 - INFO  -   ⏱️  本Epoch耗时: 1分59秒 | 平均Epoch耗时: 1分56秒 | 剩余Epoch数: 27
2025-12-30 05:29:28,128 - INFO  -   📅 预估剩余时间: 52分25秒 | 预估完成时间: 2025-12-30 06:21:53
2025-12-30 05:29:28,805 - INFO  - ([73] Epoch) Saving checkpoint to:
             Current: /root/autodl-tmp/retraining-free-quantization/training/r18_c10_nude_0.02_all_bits_orth/r18_c10_nude_0.02_all_bits_orth_checkpoint.pth.tar

2025-12-30 05:29:28,809 - INFO  - 🎲 Epoch 73: FaultInjector seed rotated to 115
2025-12-30 05:29:28,816 - INFO  - [NUDE] Epoch 73: force max bit-width W/A = 6
2025-12-30 05:29:28,816 - INFO  - ================================================================================
2025-12-30 05:29:28,816 - INFO  - 🔥 [NUDE] BFAT ACTIVE
2025-12-30 05:29:28,816 - INFO  -    Loss Type: direct_ce
2025-12-30 05:29:28,816 - INFO  -    Proj Mode: orthogonal
2025-12-30 05:29:28,817 - INFO  -    Injection: All Bits
2025-12-30 05:29:28,817 - INFO  - ================================================================================
2025-12-30 05:29:34,832 - INFO  - [NUDE][TRAIN] Epoch 73/100 Iter 20/390 Loss 0.0060 Top1 99.80 Top5 100.00
2025-12-30 05:29:40,745 - INFO  - [NUDE][TRAIN] Epoch 73/100 Iter 40/390 Loss 0.0083 Top1 99.69 Top5 100.00
2025-12-30 05:29:46,497 - INFO  - [NUDE][TRAIN] Epoch 73/100 Iter 60/390 Loss 0.0067 Top1 99.75 Top5 100.00
2025-12-30 05:29:52,335 - INFO  - [NUDE][TRAIN] Epoch 73/100 Iter 80/390 Loss 0.0066 Top1 99.79 Top5 100.00
2025-12-30 05:29:58,199 - INFO  - [NUDE][TRAIN] Epoch 73/100 Iter 100/390 Loss 0.0067 Top1 99.77 Top5 100.00
2025-12-30 05:30:04,193 - INFO  - [NUDE][TRAIN] Epoch 73/100 Iter 120/390 Loss 0.0064 Top1 99.80 Top5 100.00
2025-12-30 05:30:10,864 - INFO  - [NUDE][TRAIN] Epoch 73/100 Iter 140/390 Loss 0.0063 Top1 99.80 Top5 100.00
2025-12-30 05:30:16,524 - INFO  - [NUDE][TRAIN] Epoch 73/100 Iter 160/390 Loss 0.0068 Top1 99.79 Top5 100.00
2025-12-30 05:30:22,282 - INFO  - [NUDE][TRAIN] Epoch 73/100 Iter 180/390 Loss 0.0066 Top1 99.81 Top5 100.00
2025-12-30 05:30:28,091 - INFO  - [NUDE][TRAIN] Epoch 73/100 Iter 200/390 Loss 0.0066 Top1 99.82 Top5 100.00
2025-12-30 05:30:33,860 - INFO  - [NUDE][TRAIN] Epoch 73/100 Iter 220/390 Loss 0.0064 Top1 99.83 Top5 100.00
2025-12-30 05:30:39,728 - INFO  - [NUDE][TRAIN] Epoch 73/100 Iter 240/390 Loss 0.0063 Top1 99.83 Top5 100.00
2025-12-30 05:30:45,493 - INFO  - [NUDE][TRAIN] Epoch 73/100 Iter 260/390 Loss 0.0060 Top1 99.84 Top5 100.00
2025-12-30 05:30:51,668 - INFO  - [NUDE][TRAIN] Epoch 73/100 Iter 280/390 Loss 0.0061 Top1 99.84 Top5 100.00
2025-12-30 05:30:57,533 - INFO  - [NUDE][TRAIN] Epoch 73/100 Iter 300/390 Loss 0.0061 Top1 99.84 Top5 100.00
2025-12-30 05:31:03,296 - INFO  - [NUDE][TRAIN] Epoch 73/100 Iter 320/390 Loss 0.0062 Top1 99.84 Top5 100.00
2025-12-30 05:31:09,132 - INFO  - [NUDE][TRAIN] Epoch 73/100 Iter 340/390 Loss 0.0062 Top1 99.85 Top5 100.00
2025-12-30 05:31:14,917 - INFO  - [NUDE][TRAIN] Epoch 73/100 Iter 360/390 Loss 0.0063 Top1 99.84 Top5 100.00
2025-12-30 05:31:20,777 - INFO  - [NUDE][TRAIN] Epoch 73/100 Iter 380/390 Loss 0.0064 Top1 99.84 Top5 100.00
2025-12-30 05:31:23,695 - INFO  - [NUDE] Validate: force max bit-width W/A = 6
2025-12-30 05:31:25,985 - INFO  - [NUDE][EPOCH] 73/100 Train: Top1=99.84 Top5=100.00 Loss=0.0064 | Val(EMA): Top1=78.48
2025-12-30 05:31:25,985 - INFO  -   ⏱️  本Epoch耗时: 1分57秒 | 平均Epoch耗时: 1分56秒 | 剩余Epoch数: 26
2025-12-30 05:31:25,985 - INFO  -   📅 预估剩余时间: 50分36秒 | 预估完成时间: 2025-12-30 06:22:02
2025-12-30 05:31:26,668 - INFO  - ([74] Epoch) Saving checkpoint to:
             Current: /root/autodl-tmp/retraining-free-quantization/training/r18_c10_nude_0.02_all_bits_orth/r18_c10_nude_0.02_all_bits_orth_checkpoint.pth.tar

2025-12-30 05:31:26,671 - INFO  - 🎲 Epoch 74: FaultInjector seed rotated to 116
2025-12-30 05:31:26,679 - INFO  - [NUDE] Epoch 74: force max bit-width W/A = 6
2025-12-30 05:31:26,679 - INFO  - ================================================================================
2025-12-30 05:31:26,679 - INFO  - 🔥 [NUDE] BFAT ACTIVE
2025-12-30 05:31:26,679 - INFO  -    Loss Type: direct_ce
2025-12-30 05:31:26,679 - INFO  -    Proj Mode: orthogonal
2025-12-30 05:31:26,679 - INFO  -    Injection: All Bits
2025-12-30 05:31:26,679 - INFO  - ================================================================================
2025-12-30 05:31:32,645 - INFO  - [NUDE][TRAIN] Epoch 74/100 Iter 20/390 Loss 0.0055 Top1 99.92 Top5 100.00
2025-12-30 05:31:38,522 - INFO  - [NUDE][TRAIN] Epoch 74/100 Iter 40/390 Loss 0.0063 Top1 99.84 Top5 100.00
2025-12-30 05:31:44,274 - INFO  - [NUDE][TRAIN] Epoch 74/100 Iter 60/390 Loss 0.0058 Top1 99.87 Top5 100.00
2025-12-30 05:31:50,131 - INFO  - [NUDE][TRAIN] Epoch 74/100 Iter 80/390 Loss 0.0055 Top1 99.88 Top5 100.00
2025-12-30 05:31:55,876 - INFO  - [NUDE][TRAIN] Epoch 74/100 Iter 100/390 Loss 0.0057 Top1 99.87 Top5 100.00
2025-12-30 05:32:01,515 - INFO  - [NUDE][TRAIN] Epoch 74/100 Iter 120/390 Loss 0.0056 Top1 99.86 Top5 100.00
2025-12-30 05:32:07,306 - INFO  - [NUDE][TRAIN] Epoch 74/100 Iter 140/390 Loss 0.0058 Top1 99.85 Top5 100.00
2025-12-30 05:32:13,072 - INFO  - [NUDE][TRAIN] Epoch 74/100 Iter 160/390 Loss 0.0060 Top1 99.84 Top5 100.00
2025-12-30 05:32:18,879 - INFO  - [NUDE][TRAIN] Epoch 74/100 Iter 180/390 Loss 0.0059 Top1 99.85 Top5 100.00
2025-12-30 05:32:24,714 - INFO  - [NUDE][TRAIN] Epoch 74/100 Iter 200/390 Loss 0.0060 Top1 99.84 Top5 100.00
2025-12-30 05:32:30,485 - INFO  - [NUDE][TRAIN] Epoch 74/100 Iter 220/390 Loss 0.0058 Top1 99.84 Top5 100.00
2025-12-30 05:32:36,316 - INFO  - [NUDE][TRAIN] Epoch 74/100 Iter 240/390 Loss 0.0059 Top1 99.83 Top5 100.00
2025-12-30 05:32:42,093 - INFO  - [NUDE][TRAIN] Epoch 74/100 Iter 260/390 Loss 0.0058 Top1 99.83 Top5 100.00
2025-12-30 05:32:47,952 - INFO  - [NUDE][TRAIN] Epoch 74/100 Iter 280/390 Loss 0.0059 Top1 99.84 Top5 100.00
2025-12-30 05:32:53,820 - INFO  - [NUDE][TRAIN] Epoch 74/100 Iter 300/390 Loss 0.0060 Top1 99.83 Top5 100.00
2025-12-30 05:32:59,559 - INFO  - [NUDE][TRAIN] Epoch 74/100 Iter 320/390 Loss 0.0061 Top1 99.82 Top5 100.00
2025-12-30 05:33:05,554 - INFO  - [NUDE][TRAIN] Epoch 74/100 Iter 340/390 Loss 0.0060 Top1 99.83 Top5 100.00
2025-12-30 05:33:11,355 - INFO  - [NUDE][TRAIN] Epoch 74/100 Iter 360/390 Loss 0.0059 Top1 99.84 Top5 100.00
2025-12-30 05:33:17,332 - INFO  - [NUDE][TRAIN] Epoch 74/100 Iter 380/390 Loss 0.0059 Top1 99.84 Top5 100.00
2025-12-30 05:33:20,273 - INFO  - [NUDE] Validate: force max bit-width W/A = 6
2025-12-30 05:33:22,588 - INFO  - [NUDE][EPOCH] 74/100 Train: Top1=99.84 Top5=100.00 Loss=0.0059 | Val(EMA): Top1=72.28
2025-12-30 05:33:22,588 - INFO  -   ⏱️  本Epoch耗时: 1分55秒 | 平均Epoch耗时: 1分56秒 | 剩余Epoch数: 25
2025-12-30 05:33:22,588 - INFO  -   📅 预估剩余时间: 48分43秒 | 预估完成时间: 2025-12-30 06:22:05
2025-12-30 05:33:23,385 - INFO  - ([75] Epoch) Saving checkpoint to:
             Current: /root/autodl-tmp/retraining-free-quantization/training/r18_c10_nude_0.02_all_bits_orth/r18_c10_nude_0.02_all_bits_orth_checkpoint.pth.tar

2025-12-30 05:33:23,388 - INFO  - 🎲 Epoch 75: FaultInjector seed rotated to 117
2025-12-30 05:33:23,395 - INFO  - [NUDE] Epoch 75: force max bit-width W/A = 6
2025-12-30 05:33:23,395 - INFO  - ================================================================================
2025-12-30 05:33:23,395 - INFO  - 🔥 [NUDE] BFAT ACTIVE
2025-12-30 05:33:23,395 - INFO  -    Loss Type: direct_ce
2025-12-30 05:33:23,396 - INFO  -    Proj Mode: orthogonal
2025-12-30 05:33:23,396 - INFO  -    Injection: All Bits
2025-12-30 05:33:23,396 - INFO  - ================================================================================
2025-12-30 05:33:29,387 - INFO  - [NUDE][TRAIN] Epoch 75/100 Iter 20/390 Loss 0.0063 Top1 99.84 Top5 100.00
2025-12-30 05:33:35,176 - INFO  - [NUDE][TRAIN] Epoch 75/100 Iter 40/390 Loss 0.0051 Top1 99.88 Top5 100.00
2025-12-30 05:33:40,828 - INFO  - [NUDE][TRAIN] Epoch 75/100 Iter 60/390 Loss 0.0056 Top1 99.87 Top5 100.00
2025-12-30 05:33:46,598 - INFO  - [NUDE][TRAIN] Epoch 75/100 Iter 80/390 Loss 0.0058 Top1 99.85 Top5 100.00
2025-12-30 05:33:52,436 - INFO  - [NUDE][TRAIN] Epoch 75/100 Iter 100/390 Loss 0.0057 Top1 99.84 Top5 100.00
2025-12-30 05:33:58,677 - INFO  - [NUDE][TRAIN] Epoch 75/100 Iter 120/390 Loss 0.0054 Top1 99.86 Top5 100.00
2025-12-30 05:34:05,101 - INFO  - [NUDE][TRAIN] Epoch 75/100 Iter 140/390 Loss 0.0055 Top1 99.85 Top5 100.00
2025-12-30 05:34:10,829 - INFO  - [NUDE][TRAIN] Epoch 75/100 Iter 160/390 Loss 0.0055 Top1 99.84 Top5 100.00
2025-12-30 05:34:16,673 - INFO  - [NUDE][TRAIN] Epoch 75/100 Iter 180/390 Loss 0.0056 Top1 99.83 Top5 100.00
2025-12-30 05:34:22,542 - INFO  - [NUDE][TRAIN] Epoch 75/100 Iter 200/390 Loss 0.0056 Top1 99.84 Top5 100.00
2025-12-30 05:34:28,277 - INFO  - [NUDE][TRAIN] Epoch 75/100 Iter 220/390 Loss 0.0055 Top1 99.84 Top5 100.00
2025-12-30 05:34:34,104 - INFO  - [NUDE][TRAIN] Epoch 75/100 Iter 240/390 Loss 0.0053 Top1 99.85 Top5 100.00
2025-12-30 05:34:39,863 - INFO  - [NUDE][TRAIN] Epoch 75/100 Iter 260/390 Loss 0.0052 Top1 99.85 Top5 100.00
2025-12-30 05:34:45,721 - INFO  - [NUDE][TRAIN] Epoch 75/100 Iter 280/390 Loss 0.0052 Top1 99.85 Top5 100.00
2025-12-30 05:34:51,523 - INFO  - [NUDE][TRAIN] Epoch 75/100 Iter 300/390 Loss 0.0051 Top1 99.86 Top5 100.00
2025-12-30 05:34:57,269 - INFO  - [NUDE][TRAIN] Epoch 75/100 Iter 320/390 Loss 0.0051 Top1 99.86 Top5 100.00
2025-12-30 05:35:03,131 - INFO  - [NUDE][TRAIN] Epoch 75/100 Iter 340/390 Loss 0.0050 Top1 99.86 Top5 100.00
2025-12-30 05:35:08,892 - INFO  - [NUDE][TRAIN] Epoch 75/100 Iter 360/390 Loss 0.0049 Top1 99.87 Top5 100.00
2025-12-30 05:35:14,662 - INFO  - [NUDE][TRAIN] Epoch 75/100 Iter 380/390 Loss 0.0048 Top1 99.87 Top5 100.00
2025-12-30 05:35:17,538 - INFO  - [NUDE] Validate: force max bit-width W/A = 6
2025-12-30 05:35:19,757 - INFO  - [NUDE][EPOCH] 75/100 Train: Top1=99.87 Top5=100.00 Loss=0.0047 | Val(EMA): Top1=78.34
2025-12-30 05:35:19,757 - INFO  -   ⏱️  本Epoch耗时: 1分56秒 | 平均Epoch耗时: 1分57秒 | 剩余Epoch数: 24
2025-12-30 05:35:19,757 - INFO  -   📅 预估剩余时间: 46分51秒 | 预估完成时间: 2025-12-30 06:22:11
2025-12-30 05:35:20,503 - INFO  - ([76] Epoch) Saving checkpoint to:
             Current: /root/autodl-tmp/retraining-free-quantization/training/r18_c10_nude_0.02_all_bits_orth/r18_c10_nude_0.02_all_bits_orth_checkpoint.pth.tar

2025-12-30 05:35:20,505 - INFO  - 🎲 Epoch 76: FaultInjector seed rotated to 118
2025-12-30 05:35:20,512 - INFO  - [NUDE] Epoch 76: force max bit-width W/A = 6
2025-12-30 05:35:20,513 - INFO  - ================================================================================
2025-12-30 05:35:20,513 - INFO  - 🔥 [NUDE] BFAT ACTIVE
2025-12-30 05:35:20,513 - INFO  -    Loss Type: direct_ce
2025-12-30 05:35:20,513 - INFO  -    Proj Mode: orthogonal
2025-12-30 05:35:20,513 - INFO  -    Injection: All Bits
2025-12-30 05:35:20,513 - INFO  - ================================================================================
2025-12-30 05:35:26,410 - INFO  - [NUDE][TRAIN] Epoch 76/100 Iter 20/390 Loss 0.0048 Top1 99.80 Top5 100.00
2025-12-30 05:35:32,345 - INFO  - [NUDE][TRAIN] Epoch 76/100 Iter 40/390 Loss 0.0042 Top1 99.88 Top5 100.00
2025-12-30 05:35:38,115 - INFO  - [NUDE][TRAIN] Epoch 76/100 Iter 60/390 Loss 0.0042 Top1 99.88 Top5 100.00
2025-12-30 05:35:43,987 - INFO  - [NUDE][TRAIN] Epoch 76/100 Iter 80/390 Loss 0.0039 Top1 99.89 Top5 100.00
2025-12-30 05:35:49,870 - INFO  - [NUDE][TRAIN] Epoch 76/100 Iter 100/390 Loss 0.0038 Top1 99.91 Top5 100.00
2025-12-30 05:35:55,623 - INFO  - [NUDE][TRAIN] Epoch 76/100 Iter 120/390 Loss 0.0037 Top1 99.91 Top5 100.00
2025-12-30 05:36:01,465 - INFO  - [NUDE][TRAIN] Epoch 76/100 Iter 140/390 Loss 0.0038 Top1 99.92 Top5 100.00
2025-12-30 05:36:07,216 - INFO  - [NUDE][TRAIN] Epoch 76/100 Iter 160/390 Loss 0.0036 Top1 99.92 Top5 100.00
2025-12-30 05:36:13,056 - INFO  - [NUDE][TRAIN] Epoch 76/100 Iter 180/390 Loss 0.0036 Top1 99.92 Top5 100.00
2025-12-30 05:36:18,910 - INFO  - [NUDE][TRAIN] Epoch 76/100 Iter 200/390 Loss 0.0036 Top1 99.92 Top5 100.00
2025-12-30 05:36:24,682 - INFO  - [NUDE][TRAIN] Epoch 76/100 Iter 220/390 Loss 0.0036 Top1 99.92 Top5 100.00
2025-12-30 05:36:30,522 - INFO  - [NUDE][TRAIN] Epoch 76/100 Iter 240/390 Loss 0.0035 Top1 99.92 Top5 100.00
2025-12-30 05:36:36,278 - INFO  - [NUDE][TRAIN] Epoch 76/100 Iter 260/390 Loss 0.0036 Top1 99.91 Top5 100.00
2025-12-30 05:36:42,125 - INFO  - [NUDE][TRAIN] Epoch 76/100 Iter 280/390 Loss 0.0036 Top1 99.91 Top5 100.00
2025-12-30 05:36:48,073 - INFO  - [NUDE][TRAIN] Epoch 76/100 Iter 300/390 Loss 0.0037 Top1 99.91 Top5 100.00
2025-12-30 05:36:53,781 - INFO  - [NUDE][TRAIN] Epoch 76/100 Iter 320/390 Loss 0.0037 Top1 99.91 Top5 100.00
2025-12-30 05:36:59,514 - INFO  - [NUDE][TRAIN] Epoch 76/100 Iter 340/390 Loss 0.0037 Top1 99.91 Top5 100.00
2025-12-30 05:37:05,170 - INFO  - [NUDE][TRAIN] Epoch 76/100 Iter 360/390 Loss 0.0038 Top1 99.90 Top5 100.00
2025-12-30 05:37:10,995 - INFO  - [NUDE][TRAIN] Epoch 76/100 Iter 380/390 Loss 0.0038 Top1 99.90 Top5 100.00
2025-12-30 05:37:13,908 - INFO  - [NUDE] Validate: force max bit-width W/A = 6
2025-12-30 05:37:16,172 - INFO  - [NUDE][EPOCH] 76/100 Train: Top1=99.90 Top5=100.00 Loss=0.0038 | Val(EMA): Top1=81.97
2025-12-30 05:37:16,172 - INFO  -   ⏱️  本Epoch耗时: 1分55秒 | 平均Epoch耗时: 1分56秒 | 剩余Epoch数: 23
2025-12-30 05:37:16,172 - INFO  -   📅 预估剩余时间: 44分47秒 | 预估完成时间: 2025-12-30 06:22:03
2025-12-30 05:37:16,978 - INFO  - ([77] Epoch) Saving checkpoint to:
             Current: /root/autodl-tmp/retraining-free-quantization/training/r18_c10_nude_0.02_all_bits_orth/r18_c10_nude_0.02_all_bits_orth_checkpoint.pth.tar

2025-12-30 05:37:16,981 - INFO  - 🎲 Epoch 77: FaultInjector seed rotated to 119
2025-12-30 05:37:16,989 - INFO  - [NUDE] Epoch 77: force max bit-width W/A = 6
2025-12-30 05:37:16,989 - INFO  - ================================================================================
2025-12-30 05:37:16,989 - INFO  - 🔥 [NUDE] BFAT ACTIVE
2025-12-30 05:37:16,989 - INFO  -    Loss Type: direct_ce
2025-12-30 05:37:16,989 - INFO  -    Proj Mode: orthogonal
2025-12-30 05:37:16,989 - INFO  -    Injection: All Bits
2025-12-30 05:37:16,989 - INFO  - ================================================================================
2025-12-30 05:37:23,222 - INFO  - [NUDE][TRAIN] Epoch 77/100 Iter 20/390 Loss 0.0037 Top1 99.88 Top5 100.00
2025-12-30 05:37:30,377 - INFO  - [NUDE][TRAIN] Epoch 77/100 Iter 40/390 Loss 0.0041 Top1 99.92 Top5 100.00
2025-12-30 05:37:36,676 - INFO  - [NUDE][TRAIN] Epoch 77/100 Iter 60/390 Loss 0.0038 Top1 99.93 Top5 100.00
2025-12-30 05:37:42,530 - INFO  - [NUDE][TRAIN] Epoch 77/100 Iter 80/390 Loss 0.0042 Top1 99.90 Top5 100.00
2025-12-30 05:37:48,397 - INFO  - [NUDE][TRAIN] Epoch 77/100 Iter 100/390 Loss 0.0045 Top1 99.87 Top5 100.00
2025-12-30 05:37:54,163 - INFO  - [NUDE][TRAIN] Epoch 77/100 Iter 120/390 Loss 0.0042 Top1 99.88 Top5 100.00
2025-12-30 05:37:59,991 - INFO  - [NUDE][TRAIN] Epoch 77/100 Iter 140/390 Loss 0.0042 Top1 99.89 Top5 100.00
2025-12-30 05:38:05,789 - INFO  - [NUDE][TRAIN] Epoch 77/100 Iter 160/390 Loss 0.0039 Top1 99.90 Top5 100.00
2025-12-30 05:38:11,639 - INFO  - [NUDE][TRAIN] Epoch 77/100 Iter 180/390 Loss 0.0042 Top1 99.90 Top5 100.00
2025-12-30 05:38:17,479 - INFO  - [NUDE][TRAIN] Epoch 77/100 Iter 200/390 Loss 0.0041 Top1 99.90 Top5 100.00
2025-12-30 05:38:23,300 - INFO  - [NUDE][TRAIN] Epoch 77/100 Iter 220/390 Loss 0.0040 Top1 99.90 Top5 100.00
2025-12-30 05:38:29,135 - INFO  - [NUDE][TRAIN] Epoch 77/100 Iter 240/390 Loss 0.0042 Top1 99.90 Top5 100.00
2025-12-30 05:38:34,816 - INFO  - [NUDE][TRAIN] Epoch 77/100 Iter 260/390 Loss 0.0041 Top1 99.90 Top5 100.00
2025-12-30 05:38:40,566 - INFO  - [NUDE][TRAIN] Epoch 77/100 Iter 280/390 Loss 0.0040 Top1 99.90 Top5 100.00
2025-12-30 05:38:46,322 - INFO  - [NUDE][TRAIN] Epoch 77/100 Iter 300/390 Loss 0.0041 Top1 99.90 Top5 100.00
2025-12-30 05:38:52,046 - INFO  - [NUDE][TRAIN] Epoch 77/100 Iter 320/390 Loss 0.0042 Top1 99.90 Top5 100.00
2025-12-30 05:38:57,926 - INFO  - [NUDE][TRAIN] Epoch 77/100 Iter 340/390 Loss 0.0041 Top1 99.89 Top5 100.00
2025-12-30 05:39:03,666 - INFO  - [NUDE][TRAIN] Epoch 77/100 Iter 360/390 Loss 0.0040 Top1 99.90 Top5 100.00
2025-12-30 05:39:09,509 - INFO  - [NUDE][TRAIN] Epoch 77/100 Iter 380/390 Loss 0.0040 Top1 99.90 Top5 100.00
2025-12-30 05:39:12,455 - INFO  - [NUDE] Validate: force max bit-width W/A = 6
2025-12-30 05:39:14,730 - INFO  - [NUDE][EPOCH] 77/100 Train: Top1=99.91 Top5=100.00 Loss=0.0039 | Val(EMA): Top1=87.75
2025-12-30 05:39:14,730 - INFO  -   ⏱️  本Epoch耗时: 1分57秒 | 平均Epoch耗时: 1分56秒 | 剩余Epoch数: 22
2025-12-30 05:39:14,730 - INFO  -   📅 预估剩余时间: 42分44秒 | 预估完成时间: 2025-12-30 06:21:59
2025-12-30 05:39:15,510 - INFO  - ([78] Epoch) Saving checkpoint to:
             Current: /root/autodl-tmp/retraining-free-quantization/training/r18_c10_nude_0.02_all_bits_orth/r18_c10_nude_0.02_all_bits_orth_checkpoint.pth.tar

2025-12-30 05:39:15,514 - INFO  - 🎲 Epoch 78: FaultInjector seed rotated to 120
2025-12-30 05:39:15,522 - INFO  - [NUDE] Epoch 78: force max bit-width W/A = 6
2025-12-30 05:39:15,522 - INFO  - ================================================================================
2025-12-30 05:39:15,522 - INFO  - 🔥 [NUDE] BFAT ACTIVE
2025-12-30 05:39:15,522 - INFO  -    Loss Type: direct_ce
2025-12-30 05:39:15,522 - INFO  -    Proj Mode: orthogonal
2025-12-30 05:39:15,522 - INFO  -    Injection: All Bits
2025-12-30 05:39:15,522 - INFO  - ================================================================================
2025-12-30 05:39:21,489 - INFO  - [NUDE][TRAIN] Epoch 78/100 Iter 20/390 Loss 0.0044 Top1 99.84 Top5 100.00
2025-12-30 05:39:27,390 - INFO  - [NUDE][TRAIN] Epoch 78/100 Iter 40/390 Loss 0.0035 Top1 99.90 Top5 100.00
2025-12-30 05:39:33,112 - INFO  - [NUDE][TRAIN] Epoch 78/100 Iter 60/390 Loss 0.0042 Top1 99.88 Top5 100.00
2025-12-30 05:39:38,927 - INFO  - [NUDE][TRAIN] Epoch 78/100 Iter 80/390 Loss 0.0042 Top1 99.88 Top5 100.00
2025-12-30 05:39:44,740 - INFO  - [NUDE][TRAIN] Epoch 78/100 Iter 100/390 Loss 0.0039 Top1 99.90 Top5 100.00
2025-12-30 05:39:50,478 - INFO  - [NUDE][TRAIN] Epoch 78/100 Iter 120/390 Loss 0.0039 Top1 99.90 Top5 100.00
2025-12-30 05:39:56,306 - INFO  - [NUDE][TRAIN] Epoch 78/100 Iter 140/390 Loss 0.0039 Top1 99.89 Top5 100.00
2025-12-30 05:40:02,040 - INFO  - [NUDE][TRAIN] Epoch 78/100 Iter 160/390 Loss 0.0038 Top1 99.89 Top5 100.00
2025-12-30 05:40:07,881 - INFO  - [NUDE][TRAIN] Epoch 78/100 Iter 180/390 Loss 0.0039 Top1 99.89 Top5 100.00
2025-12-30 05:40:13,689 - INFO  - [NUDE][TRAIN] Epoch 78/100 Iter 200/390 Loss 0.0039 Top1 99.89 Top5 100.00
2025-12-30 05:40:19,324 - INFO  - [NUDE][TRAIN] Epoch 78/100 Iter 220/390 Loss 0.0038 Top1 99.90 Top5 100.00
2025-12-30 05:40:25,071 - INFO  - [NUDE][TRAIN] Epoch 78/100 Iter 240/390 Loss 0.0039 Top1 99.90 Top5 100.00
2025-12-30 05:40:30,770 - INFO  - [NUDE][TRAIN] Epoch 78/100 Iter 260/390 Loss 0.0040 Top1 99.90 Top5 100.00
2025-12-30 05:40:36,679 - INFO  - [NUDE][TRAIN] Epoch 78/100 Iter 280/390 Loss 0.0040 Top1 99.91 Top5 100.00
2025-12-30 05:40:42,559 - INFO  - [NUDE][TRAIN] Epoch 78/100 Iter 300/390 Loss 0.0041 Top1 99.90 Top5 100.00
2025-12-30 05:40:48,307 - INFO  - [NUDE][TRAIN] Epoch 78/100 Iter 320/390 Loss 0.0039 Top1 99.90 Top5 100.00
2025-12-30 05:40:54,160 - INFO  - [NUDE][TRAIN] Epoch 78/100 Iter 340/390 Loss 0.0039 Top1 99.91 Top5 100.00
2025-12-30 05:40:59,914 - INFO  - [NUDE][TRAIN] Epoch 78/100 Iter 360/390 Loss 0.0039 Top1 99.91 Top5 100.00
2025-12-30 05:41:05,807 - INFO  - [NUDE][TRAIN] Epoch 78/100 Iter 380/390 Loss 0.0041 Top1 99.91 Top5 100.00
2025-12-30 05:41:08,760 - INFO  - [NUDE] Validate: force max bit-width W/A = 6
2025-12-30 05:41:11,165 - INFO  - [NUDE][EPOCH] 78/100 Train: Top1=99.91 Top5=100.00 Loss=0.0040 | Val(EMA): Top1=91.47
2025-12-30 05:41:11,165 - INFO  -   ⏱️  本Epoch耗时: 1分55秒 | 平均Epoch耗时: 1分56秒 | 剩余Epoch数: 21
2025-12-30 05:41:11,165 - INFO  -   📅 预估剩余时间: 40分41秒 | 预估完成时间: 2025-12-30 06:21:52
2025-12-30 05:41:12,053 - INFO  - ([79] Epoch) Saving checkpoint to:
             Current: /root/autodl-tmp/retraining-free-quantization/training/r18_c10_nude_0.02_all_bits_orth/r18_c10_nude_0.02_all_bits_orth_checkpoint.pth.tar

2025-12-30 05:41:12,056 - INFO  - 🎲 Epoch 79: FaultInjector seed rotated to 121
2025-12-30 05:41:12,063 - INFO  - [NUDE] Epoch 79: force max bit-width W/A = 6
2025-12-30 05:41:12,064 - INFO  - ================================================================================
2025-12-30 05:41:12,064 - INFO  - 🔥 [NUDE] BFAT ACTIVE
2025-12-30 05:41:12,064 - INFO  -    Loss Type: direct_ce
2025-12-30 05:41:12,064 - INFO  -    Proj Mode: orthogonal
2025-12-30 05:41:12,064 - INFO  -    Injection: All Bits
2025-12-30 05:41:12,064 - INFO  - ================================================================================
2025-12-30 05:41:18,618 - INFO  - [NUDE][TRAIN] Epoch 79/100 Iter 20/390 Loss 0.0035 Top1 99.92 Top5 100.00
2025-12-30 05:41:24,492 - INFO  - [NUDE][TRAIN] Epoch 79/100 Iter 40/390 Loss 0.0041 Top1 99.92 Top5 100.00
2025-12-30 05:41:30,273 - INFO  - [NUDE][TRAIN] Epoch 79/100 Iter 60/390 Loss 0.0035 Top1 99.93 Top5 100.00
2025-12-30 05:41:36,103 - INFO  - [NUDE][TRAIN] Epoch 79/100 Iter 80/390 Loss 0.0031 Top1 99.95 Top5 100.00
2025-12-30 05:41:41,949 - INFO  - [NUDE][TRAIN] Epoch 79/100 Iter 100/390 Loss 0.0028 Top1 99.96 Top5 100.00
2025-12-30 05:41:47,683 - INFO  - [NUDE][TRAIN] Epoch 79/100 Iter 120/390 Loss 0.0031 Top1 99.96 Top5 100.00
2025-12-30 05:41:53,524 - INFO  - [NUDE][TRAIN] Epoch 79/100 Iter 140/390 Loss 0.0031 Top1 99.96 Top5 100.00
2025-12-30 05:41:59,156 - INFO  - [NUDE][TRAIN] Epoch 79/100 Iter 160/390 Loss 0.0030 Top1 99.96 Top5 100.00
2025-12-30 05:42:04,919 - INFO  - [NUDE][TRAIN] Epoch 79/100 Iter 180/390 Loss 0.0030 Top1 99.96 Top5 100.00
2025-12-30 05:42:10,725 - INFO  - [NUDE][TRAIN] Epoch 79/100 Iter 200/390 Loss 0.0032 Top1 99.95 Top5 100.00
2025-12-30 05:42:16,477 - INFO  - [NUDE][TRAIN] Epoch 79/100 Iter 220/390 Loss 0.0034 Top1 99.94 Top5 100.00
2025-12-30 05:42:22,371 - INFO  - [NUDE][TRAIN] Epoch 79/100 Iter 240/390 Loss 0.0033 Top1 99.94 Top5 100.00
2025-12-30 05:42:28,162 - INFO  - [NUDE][TRAIN] Epoch 79/100 Iter 260/390 Loss 0.0033 Top1 99.94 Top5 100.00
2025-12-30 05:42:34,008 - INFO  - [NUDE][TRAIN] Epoch 79/100 Iter 280/390 Loss 0.0032 Top1 99.94 Top5 100.00
2025-12-30 05:42:39,904 - INFO  - [NUDE][TRAIN] Epoch 79/100 Iter 300/390 Loss 0.0032 Top1 99.94 Top5 100.00
2025-12-30 05:42:45,676 - INFO  - [NUDE][TRAIN] Epoch 79/100 Iter 320/390 Loss 0.0033 Top1 99.93 Top5 100.00
2025-12-30 05:42:51,590 - INFO  - [NUDE][TRAIN] Epoch 79/100 Iter 340/390 Loss 0.0032 Top1 99.94 Top5 100.00
2025-12-30 05:42:57,402 - INFO  - [NUDE][TRAIN] Epoch 79/100 Iter 360/390 Loss 0.0032 Top1 99.93 Top5 100.00
2025-12-30 05:43:03,230 - INFO  - [NUDE][TRAIN] Epoch 79/100 Iter 380/390 Loss 0.0033 Top1 99.93 Top5 100.00
2025-12-30 05:43:06,164 - INFO  - [NUDE] Validate: force max bit-width W/A = 6
2025-12-30 05:43:08,456 - INFO  - [NUDE][EPOCH] 79/100 Train: Top1=99.93 Top5=100.00 Loss=0.0034 | Val(EMA): Top1=92.49
2025-12-30 05:43:08,456 - INFO  -   ⏱️  本Epoch耗时: 1分56秒 | 平均Epoch耗时: 1分56秒 | 剩余Epoch数: 20
2025-12-30 05:43:08,456 - INFO  -   📅 预估剩余时间: 38分47秒 | 预估完成时间: 2025-12-30 06:21:55
2025-12-30 05:43:09,228 - INFO  - ([80] Epoch) Saving checkpoint to:
             Current: /root/autodl-tmp/retraining-free-quantization/training/r18_c10_nude_0.02_all_bits_orth/r18_c10_nude_0.02_all_bits_orth_checkpoint.pth.tar

2025-12-30 05:43:09,231 - INFO  - 🎲 Epoch 80: FaultInjector seed rotated to 122
2025-12-30 05:43:09,238 - INFO  - [NUDE] Epoch 80: force max bit-width W/A = 6
2025-12-30 05:43:09,239 - INFO  - ================================================================================
2025-12-30 05:43:09,239 - INFO  - 🔥 [NUDE] BFAT ACTIVE
2025-12-30 05:43:09,239 - INFO  -    Loss Type: direct_ce
2025-12-30 05:43:09,239 - INFO  -    Proj Mode: orthogonal
2025-12-30 05:43:09,239 - INFO  -    Injection: All Bits
2025-12-30 05:43:09,239 - INFO  - ================================================================================
2025-12-30 05:43:15,186 - INFO  - [NUDE][TRAIN] Epoch 80/100 Iter 20/390 Loss 0.0026 Top1 99.92 Top5 100.00
2025-12-30 05:43:21,082 - INFO  - [NUDE][TRAIN] Epoch 80/100 Iter 40/390 Loss 0.0030 Top1 99.92 Top5 100.00
2025-12-30 05:43:26,799 - INFO  - [NUDE][TRAIN] Epoch 80/100 Iter 60/390 Loss 0.0032 Top1 99.90 Top5 100.00
2025-12-30 05:43:32,674 - INFO  - [NUDE][TRAIN] Epoch 80/100 Iter 80/390 Loss 0.0035 Top1 99.88 Top5 100.00
2025-12-30 05:43:38,413 - INFO  - [NUDE][TRAIN] Epoch 80/100 Iter 100/390 Loss 0.0033 Top1 99.90 Top5 100.00
2025-12-30 05:43:44,089 - INFO  - [NUDE][TRAIN] Epoch 80/100 Iter 120/390 Loss 0.0036 Top1 99.88 Top5 100.00
2025-12-30 05:43:49,857 - INFO  - [NUDE][TRAIN] Epoch 80/100 Iter 140/390 Loss 0.0034 Top1 99.89 Top5 100.00
2025-12-30 05:43:55,578 - INFO  - [NUDE][TRAIN] Epoch 80/100 Iter 160/390 Loss 0.0034 Top1 99.89 Top5 100.00
2025-12-30 05:44:01,423 - INFO  - [NUDE][TRAIN] Epoch 80/100 Iter 180/390 Loss 0.0034 Top1 99.90 Top5 100.00
2025-12-30 05:44:07,241 - INFO  - [NUDE][TRAIN] Epoch 80/100 Iter 200/390 Loss 0.0033 Top1 99.90 Top5 100.00
2025-12-30 05:44:12,992 - INFO  - [NUDE][TRAIN] Epoch 80/100 Iter 220/390 Loss 0.0036 Top1 99.89 Top5 100.00
2025-12-30 05:44:18,840 - INFO  - [NUDE][TRAIN] Epoch 80/100 Iter 240/390 Loss 0.0037 Top1 99.89 Top5 100.00
2025-12-30 05:44:24,614 - INFO  - [NUDE][TRAIN] Epoch 80/100 Iter 260/390 Loss 0.0037 Top1 99.89 Top5 100.00
2025-12-30 05:44:30,460 - INFO  - [NUDE][TRAIN] Epoch 80/100 Iter 280/390 Loss 0.0037 Top1 99.89 Top5 100.00
2025-12-30 05:44:36,322 - INFO  - [NUDE][TRAIN] Epoch 80/100 Iter 300/390 Loss 0.0036 Top1 99.90 Top5 100.00
2025-12-30 05:44:42,029 - INFO  - [NUDE][TRAIN] Epoch 80/100 Iter 320/390 Loss 0.0035 Top1 99.91 Top5 100.00
2025-12-30 05:44:48,074 - INFO  - [NUDE][TRAIN] Epoch 80/100 Iter 340/390 Loss 0.0036 Top1 99.91 Top5 100.00
2025-12-30 05:44:55,118 - INFO  - [NUDE][TRAIN] Epoch 80/100 Iter 360/390 Loss 0.0035 Top1 99.91 Top5 100.00
2025-12-30 05:45:01,600 - INFO  - [NUDE][TRAIN] Epoch 80/100 Iter 380/390 Loss 0.0035 Top1 99.91 Top5 100.00
2025-12-30 05:45:04,527 - INFO  - [NUDE] Validate: force max bit-width W/A = 6
2025-12-30 05:45:06,812 - INFO  - [NUDE][EPOCH] 80/100 Train: Top1=99.91 Top5=100.00 Loss=0.0035 | Val(EMA): Top1=92.79
2025-12-30 05:45:06,812 - INFO  -   ⏱️  本Epoch耗时: 1分57秒 | 平均Epoch耗时: 1分56秒 | 剩余Epoch数: 19
2025-12-30 05:45:06,812 - INFO  -   📅 预估剩余时间: 36分55秒 | 预估完成时间: 2025-12-30 06:22:02
2025-12-30 05:45:07,513 - INFO  - ([81] Epoch) Saving checkpoint to:
             Current: /root/autodl-tmp/retraining-free-quantization/training/r18_c10_nude_0.02_all_bits_orth/r18_c10_nude_0.02_all_bits_orth_checkpoint.pth.tar

2025-12-30 05:45:07,516 - INFO  - 🎲 Epoch 81: FaultInjector seed rotated to 123
2025-12-30 05:45:07,524 - INFO  - [NUDE] Epoch 81: force max bit-width W/A = 6
2025-12-30 05:45:07,524 - INFO  - ================================================================================
2025-12-30 05:45:07,524 - INFO  - 🔥 [NUDE] BFAT ACTIVE
2025-12-30 05:45:07,524 - INFO  -    Loss Type: direct_ce
2025-12-30 05:45:07,524 - INFO  -    Proj Mode: orthogonal
2025-12-30 05:45:07,524 - INFO  -    Injection: All Bits
2025-12-30 05:45:07,524 - INFO  - ================================================================================
2025-12-30 05:45:13,495 - INFO  - [NUDE][TRAIN] Epoch 81/100 Iter 20/390 Loss 0.0028 Top1 99.92 Top5 100.00
2025-12-30 05:45:19,269 - INFO  - [NUDE][TRAIN] Epoch 81/100 Iter 40/390 Loss 0.0026 Top1 99.96 Top5 100.00
2025-12-30 05:45:24,906 - INFO  - [NUDE][TRAIN] Epoch 81/100 Iter 60/390 Loss 0.0024 Top1 99.96 Top5 100.00
2025-12-30 05:45:30,709 - INFO  - [NUDE][TRAIN] Epoch 81/100 Iter 80/390 Loss 0.0030 Top1 99.94 Top5 100.00
2025-12-30 05:45:36,573 - INFO  - [NUDE][TRAIN] Epoch 81/100 Iter 100/390 Loss 0.0030 Top1 99.95 Top5 100.00
2025-12-30 05:45:42,304 - INFO  - [NUDE][TRAIN] Epoch 81/100 Iter 120/390 Loss 0.0030 Top1 99.95 Top5 100.00
2025-12-30 05:45:48,168 - INFO  - [NUDE][TRAIN] Epoch 81/100 Iter 140/390 Loss 0.0029 Top1 99.96 Top5 100.00
2025-12-30 05:45:53,923 - INFO  - [NUDE][TRAIN] Epoch 81/100 Iter 160/390 Loss 0.0029 Top1 99.96 Top5 100.00
2025-12-30 05:45:59,790 - INFO  - [NUDE][TRAIN] Epoch 81/100 Iter 180/390 Loss 0.0029 Top1 99.95 Top5 100.00
2025-12-30 05:46:05,666 - INFO  - [NUDE][TRAIN] Epoch 81/100 Iter 200/390 Loss 0.0029 Top1 99.95 Top5 100.00
2025-12-30 05:46:11,446 - INFO  - [NUDE][TRAIN] Epoch 81/100 Iter 220/390 Loss 0.0028 Top1 99.95 Top5 100.00
2025-12-30 05:46:17,287 - INFO  - [NUDE][TRAIN] Epoch 81/100 Iter 240/390 Loss 0.0028 Top1 99.95 Top5 100.00
2025-12-30 05:46:23,046 - INFO  - [NUDE][TRAIN] Epoch 81/100 Iter 260/390 Loss 0.0027 Top1 99.95 Top5 100.00
2025-12-30 05:46:28,886 - INFO  - [NUDE][TRAIN] Epoch 81/100 Iter 280/390 Loss 0.0027 Top1 99.95 Top5 100.00
2025-12-30 05:46:34,703 - INFO  - [NUDE][TRAIN] Epoch 81/100 Iter 300/390 Loss 0.0026 Top1 99.95 Top5 100.00
2025-12-30 05:46:41,355 - INFO  - [NUDE][TRAIN] Epoch 81/100 Iter 320/390 Loss 0.0026 Top1 99.96 Top5 100.00
2025-12-30 05:46:47,204 - INFO  - [NUDE][TRAIN] Epoch 81/100 Iter 340/390 Loss 0.0026 Top1 99.96 Top5 100.00
2025-12-30 05:46:52,948 - INFO  - [NUDE][TRAIN] Epoch 81/100 Iter 360/390 Loss 0.0025 Top1 99.96 Top5 100.00
2025-12-30 05:46:58,700 - INFO  - [NUDE][TRAIN] Epoch 81/100 Iter 380/390 Loss 0.0025 Top1 99.96 Top5 100.00
2025-12-30 05:47:01,582 - INFO  - [NUDE] Validate: force max bit-width W/A = 6
2025-12-30 05:47:03,805 - INFO  - [NUDE][EPOCH] 81/100 Train: Top1=99.96 Top5=100.00 Loss=0.0025 | Val(EMA): Top1=93.04
2025-12-30 05:47:03,805 - INFO  -   ⏱️  本Epoch耗时: 1分56秒 | 平均Epoch耗时: 1分56秒 | 剩余Epoch数: 18
2025-12-30 05:47:03,805 - INFO  -   📅 预估剩余时间: 35分1秒 | 预估完成时间: 2025-12-30 06:22:05
2025-12-30 05:47:04,536 - INFO  - ([82] Epoch) Saving checkpoint to:
             Current: /root/autodl-tmp/retraining-free-quantization/training/r18_c10_nude_0.02_all_bits_orth/r18_c10_nude_0.02_all_bits_orth_checkpoint.pth.tar

2025-12-30 05:47:04,539 - INFO  - 🎲 Epoch 82: FaultInjector seed rotated to 124
2025-12-30 05:47:04,546 - INFO  - [NUDE] Epoch 82: force max bit-width W/A = 6
2025-12-30 05:47:04,546 - INFO  - ================================================================================
2025-12-30 05:47:04,546 - INFO  - 🔥 [NUDE] BFAT ACTIVE
2025-12-30 05:47:04,546 - INFO  -    Loss Type: direct_ce
2025-12-30 05:47:04,546 - INFO  -    Proj Mode: orthogonal
2025-12-30 05:47:04,547 - INFO  -    Injection: All Bits
2025-12-30 05:47:04,547 - INFO  - ================================================================================
2025-12-30 05:47:10,415 - INFO  - [NUDE][TRAIN] Epoch 82/100 Iter 20/390 Loss 0.0029 Top1 99.92 Top5 100.00
2025-12-30 05:47:16,371 - INFO  - [NUDE][TRAIN] Epoch 82/100 Iter 40/390 Loss 0.0024 Top1 99.96 Top5 100.00
2025-12-30 05:47:22,115 - INFO  - [NUDE][TRAIN] Epoch 82/100 Iter 60/390 Loss 0.0021 Top1 99.96 Top5 100.00
2025-12-30 05:47:27,991 - INFO  - [NUDE][TRAIN] Epoch 82/100 Iter 80/390 Loss 0.0026 Top1 99.94 Top5 100.00
2025-12-30 05:47:33,847 - INFO  - [NUDE][TRAIN] Epoch 82/100 Iter 100/390 Loss 0.0025 Top1 99.95 Top5 100.00
2025-12-30 05:47:39,627 - INFO  - [NUDE][TRAIN] Epoch 82/100 Iter 120/390 Loss 0.0028 Top1 99.93 Top5 100.00
2025-12-30 05:47:45,486 - INFO  - [NUDE][TRAIN] Epoch 82/100 Iter 140/390 Loss 0.0027 Top1 99.94 Top5 100.00
2025-12-30 05:47:51,250 - INFO  - [NUDE][TRAIN] Epoch 82/100 Iter 160/390 Loss 0.0027 Top1 99.95 Top5 100.00
2025-12-30 05:47:57,113 - INFO  - [NUDE][TRAIN] Epoch 82/100 Iter 180/390 Loss 0.0027 Top1 99.95 Top5 100.00
2025-12-30 05:48:02,976 - INFO  - [NUDE][TRAIN] Epoch 82/100 Iter 200/390 Loss 0.0026 Top1 99.95 Top5 100.00
2025-12-30 05:48:08,726 - INFO  - [NUDE][TRAIN] Epoch 82/100 Iter 220/390 Loss 0.0026 Top1 99.95 Top5 100.00
2025-12-30 05:48:14,612 - INFO  - [NUDE][TRAIN] Epoch 82/100 Iter 240/390 Loss 0.0026 Top1 99.95 Top5 100.00
2025-12-30 05:48:20,367 - INFO  - [NUDE][TRAIN] Epoch 82/100 Iter 260/390 Loss 0.0027 Top1 99.95 Top5 100.00
2025-12-30 05:48:26,223 - INFO  - [NUDE][TRAIN] Epoch 82/100 Iter 280/390 Loss 0.0027 Top1 99.95 Top5 100.00
2025-12-30 05:48:32,066 - INFO  - [NUDE][TRAIN] Epoch 82/100 Iter 300/390 Loss 0.0027 Top1 99.95 Top5 100.00
2025-12-30 05:48:37,809 - INFO  - [NUDE][TRAIN] Epoch 82/100 Iter 320/390 Loss 0.0026 Top1 99.95 Top5 100.00
2025-12-30 05:48:43,567 - INFO  - [NUDE][TRAIN] Epoch 82/100 Iter 340/390 Loss 0.0026 Top1 99.95 Top5 100.00
2025-12-30 05:48:49,237 - INFO  - [NUDE][TRAIN] Epoch 82/100 Iter 360/390 Loss 0.0026 Top1 99.95 Top5 100.00
2025-12-30 05:48:55,091 - INFO  - [NUDE][TRAIN] Epoch 82/100 Iter 380/390 Loss 0.0025 Top1 99.96 Top5 100.00
2025-12-30 05:48:58,031 - INFO  - [NUDE] Validate: force max bit-width W/A = 6
2025-12-30 05:49:00,336 - INFO  - [NUDE][EPOCH] 82/100 Train: Top1=99.96 Top5=100.00 Loss=0.0025 | Val(EMA): Top1=93.18
2025-12-30 05:49:00,336 - INFO  -   ⏱️  本Epoch耗时: 1分55秒 | 平均Epoch耗时: 1分56秒 | 剩余Epoch数: 17
2025-12-30 05:49:00,336 - INFO  -   📅 预估剩余时间: 32分57秒 | 预估完成时间: 2025-12-30 06:21:58
2025-12-30 05:49:00,922 - INFO  - ([83] Epoch) Saving checkpoint to:
             Current: /root/autodl-tmp/retraining-free-quantization/training/r18_c10_nude_0.02_all_bits_orth/r18_c10_nude_0.02_all_bits_orth_checkpoint.pth.tar

2025-12-30 05:49:00,925 - INFO  - 🎲 Epoch 83: FaultInjector seed rotated to 125
2025-12-30 05:49:00,933 - INFO  - [NUDE] Epoch 83: force max bit-width W/A = 6
2025-12-30 05:49:00,933 - INFO  - ================================================================================
2025-12-30 05:49:00,933 - INFO  - 🔥 [NUDE] BFAT ACTIVE
2025-12-30 05:49:00,933 - INFO  -    Loss Type: direct_ce
2025-12-30 05:49:00,933 - INFO  -    Proj Mode: orthogonal
2025-12-30 05:49:00,933 - INFO  -    Injection: All Bits
2025-12-30 05:49:00,933 - INFO  - ================================================================================
2025-12-30 05:49:06,906 - INFO  - [NUDE][TRAIN] Epoch 83/100 Iter 20/390 Loss 0.0019 Top1 100.00 Top5 100.00
2025-12-30 05:49:12,792 - INFO  - [NUDE][TRAIN] Epoch 83/100 Iter 40/390 Loss 0.0017 Top1 100.00 Top5 100.00
2025-12-30 05:49:18,568 - INFO  - [NUDE][TRAIN] Epoch 83/100 Iter 60/390 Loss 0.0019 Top1 99.97 Top5 100.00
2025-12-30 05:49:24,403 - INFO  - [NUDE][TRAIN] Epoch 83/100 Iter 80/390 Loss 0.0022 Top1 99.97 Top5 100.00
2025-12-30 05:49:30,248 - INFO  - [NUDE][TRAIN] Epoch 83/100 Iter 100/390 Loss 0.0021 Top1 99.97 Top5 100.00
2025-12-30 05:49:36,029 - INFO  - [NUDE][TRAIN] Epoch 83/100 Iter 120/390 Loss 0.0020 Top1 99.97 Top5 100.00
2025-12-30 05:49:41,920 - INFO  - [NUDE][TRAIN] Epoch 83/100 Iter 140/390 Loss 0.0020 Top1 99.97 Top5 100.00
2025-12-30 05:49:48,737 - INFO  - [NUDE][TRAIN] Epoch 83/100 Iter 160/390 Loss 0.0020 Top1 99.98 Top5 100.00
2025-12-30 05:49:54,574 - INFO  - [NUDE][TRAIN] Epoch 83/100 Iter 180/390 Loss 0.0020 Top1 99.97 Top5 100.00
2025-12-30 05:50:00,444 - INFO  - [NUDE][TRAIN] Epoch 83/100 Iter 200/390 Loss 0.0020 Top1 99.97 Top5 100.00
2025-12-30 05:50:06,227 - INFO  - [NUDE][TRAIN] Epoch 83/100 Iter 220/390 Loss 0.0020 Top1 99.97 Top5 100.00
2025-12-30 05:50:12,102 - INFO  - [NUDE][TRAIN] Epoch 83/100 Iter 240/390 Loss 0.0020 Top1 99.97 Top5 100.00
2025-12-30 05:50:17,812 - INFO  - [NUDE][TRAIN] Epoch 83/100 Iter 260/390 Loss 0.0020 Top1 99.98 Top5 100.00
2025-12-30 05:50:23,564 - INFO  - [NUDE][TRAIN] Epoch 83/100 Iter 280/390 Loss 0.0021 Top1 99.97 Top5 100.00
2025-12-30 05:50:29,336 - INFO  - [NUDE][TRAIN] Epoch 83/100 Iter 300/390 Loss 0.0021 Top1 99.97 Top5 100.00
2025-12-30 05:50:35,082 - INFO  - [NUDE][TRAIN] Epoch 83/100 Iter 320/390 Loss 0.0021 Top1 99.98 Top5 100.00
2025-12-30 05:50:40,942 - INFO  - [NUDE][TRAIN] Epoch 83/100 Iter 340/390 Loss 0.0020 Top1 99.98 Top5 100.00
2025-12-30 05:50:46,670 - INFO  - [NUDE][TRAIN] Epoch 83/100 Iter 360/390 Loss 0.0021 Top1 99.97 Top5 100.00
2025-12-30 05:50:52,502 - INFO  - [NUDE][TRAIN] Epoch 83/100 Iter 380/390 Loss 0.0022 Top1 99.97 Top5 100.00
2025-12-30 05:50:55,435 - INFO  - [NUDE] Validate: force max bit-width W/A = 6
2025-12-30 05:50:57,681 - INFO  - [NUDE][EPOCH] 83/100 Train: Top1=99.97 Top5=100.00 Loss=0.0022 | Val(EMA): Top1=93.20
2025-12-30 05:50:57,681 - INFO  -   ⏱️  本Epoch耗时: 1分56秒 | 平均Epoch耗时: 1分56秒 | 剩余Epoch数: 16
2025-12-30 05:50:57,682 - INFO  -   📅 预估剩余时间: 31分5秒 | 预估完成时间: 2025-12-30 06:22:02
2025-12-30 05:50:58,395 - INFO  - ([84] Epoch) Saving checkpoint to:
             Current: /root/autodl-tmp/retraining-free-quantization/training/r18_c10_nude_0.02_all_bits_orth/r18_c10_nude_0.02_all_bits_orth_checkpoint.pth.tar

2025-12-30 05:50:58,397 - INFO  - 🎲 Epoch 84: FaultInjector seed rotated to 126
2025-12-30 05:50:58,405 - INFO  - [NUDE] Epoch 84: force max bit-width W/A = 6
2025-12-30 05:50:58,405 - INFO  - ================================================================================
2025-12-30 05:50:58,405 - INFO  - 🔥 [NUDE] BFAT ACTIVE
2025-12-30 05:50:58,405 - INFO  -    Loss Type: direct_ce
2025-12-30 05:50:58,405 - INFO  -    Proj Mode: orthogonal
2025-12-30 05:50:58,405 - INFO  -    Injection: All Bits
2025-12-30 05:50:58,405 - INFO  - ================================================================================
2025-12-30 05:51:04,349 - INFO  - [NUDE][TRAIN] Epoch 84/100 Iter 20/390 Loss 0.0024 Top1 99.92 Top5 100.00
2025-12-30 05:51:10,250 - INFO  - [NUDE][TRAIN] Epoch 84/100 Iter 40/390 Loss 0.0019 Top1 99.96 Top5 100.00
2025-12-30 05:51:16,002 - INFO  - [NUDE][TRAIN] Epoch 84/100 Iter 60/390 Loss 0.0017 Top1 99.97 Top5 100.00
2025-12-30 05:51:21,913 - INFO  - [NUDE][TRAIN] Epoch 84/100 Iter 80/390 Loss 0.0019 Top1 99.97 Top5 100.00
2025-12-30 05:51:27,772 - INFO  - [NUDE][TRAIN] Epoch 84/100 Iter 100/390 Loss 0.0019 Top1 99.98 Top5 100.00
2025-12-30 05:51:33,507 - INFO  - [NUDE][TRAIN] Epoch 84/100 Iter 120/390 Loss 0.0019 Top1 99.98 Top5 100.00
2025-12-30 05:51:39,363 - INFO  - [NUDE][TRAIN] Epoch 84/100 Iter 140/390 Loss 0.0018 Top1 99.98 Top5 100.00
2025-12-30 05:51:45,121 - INFO  - [NUDE][TRAIN] Epoch 84/100 Iter 160/390 Loss 0.0019 Top1 99.98 Top5 100.00
2025-12-30 05:51:50,973 - INFO  - [NUDE][TRAIN] Epoch 84/100 Iter 180/390 Loss 0.0019 Top1 99.97 Top5 100.00
2025-12-30 05:51:56,798 - INFO  - [NUDE][TRAIN] Epoch 84/100 Iter 200/390 Loss 0.0020 Top1 99.97 Top5 100.00
2025-12-30 05:52:02,519 - INFO  - [NUDE][TRAIN] Epoch 84/100 Iter 220/390 Loss 0.0021 Top1 99.97 Top5 100.00
2025-12-30 05:52:08,255 - INFO  - [NUDE][TRAIN] Epoch 84/100 Iter 240/390 Loss 0.0021 Top1 99.96 Top5 100.00
2025-12-30 05:52:13,939 - INFO  - [NUDE][TRAIN] Epoch 84/100 Iter 260/390 Loss 0.0021 Top1 99.97 Top5 100.00
2025-12-30 05:52:19,764 - INFO  - [NUDE][TRAIN] Epoch 84/100 Iter 280/390 Loss 0.0021 Top1 99.96 Top5 100.00
2025-12-30 05:52:25,618 - INFO  - [NUDE][TRAIN] Epoch 84/100 Iter 300/390 Loss 0.0020 Top1 99.97 Top5 100.00
2025-12-30 05:52:31,395 - INFO  - [NUDE][TRAIN] Epoch 84/100 Iter 320/390 Loss 0.0020 Top1 99.97 Top5 100.00
2025-12-30 05:52:37,248 - INFO  - [NUDE][TRAIN] Epoch 84/100 Iter 340/390 Loss 0.0020 Top1 99.97 Top5 100.00
2025-12-30 05:52:42,983 - INFO  - [NUDE][TRAIN] Epoch 84/100 Iter 360/390 Loss 0.0020 Top1 99.97 Top5 100.00
2025-12-30 05:52:48,849 - INFO  - [NUDE][TRAIN] Epoch 84/100 Iter 380/390 Loss 0.0020 Top1 99.97 Top5 100.00
2025-12-30 05:52:51,792 - INFO  - [NUDE] Validate: force max bit-width W/A = 6
2025-12-30 05:52:54,090 - INFO  - [NUDE][EPOCH] 84/100 Train: Top1=99.97 Top5=100.00 Loss=0.0020 | Val(EMA): Top1=93.24
2025-12-30 05:52:54,091 - INFO  -   ⏱️  本Epoch耗时: 1分55秒 | 平均Epoch耗时: 1分56秒 | 剩余Epoch数: 15
2025-12-30 05:52:54,091 - INFO  -   📅 预估剩余时间: 29分6秒 | 预估完成时间: 2025-12-30 06:22:00
2025-12-30 05:52:54,773 - INFO  - ([85] Epoch) Saving checkpoint to:
             Current: /root/autodl-tmp/retraining-free-quantization/training/r18_c10_nude_0.02_all_bits_orth/r18_c10_nude_0.02_all_bits_orth_checkpoint.pth.tar

2025-12-30 05:52:54,776 - INFO  - 🎲 Epoch 85: FaultInjector seed rotated to 127
2025-12-30 05:52:54,785 - INFO  - [NUDE] Epoch 85: force max bit-width W/A = 6
2025-12-30 05:52:54,785 - INFO  - ================================================================================
2025-12-30 05:52:54,785 - INFO  - 🔥 [NUDE] BFAT ACTIVE
2025-12-30 05:52:54,785 - INFO  -    Loss Type: direct_ce
2025-12-30 05:52:54,785 - INFO  -    Proj Mode: orthogonal
2025-12-30 05:52:54,786 - INFO  -    Injection: All Bits
2025-12-30 05:52:54,786 - INFO  - ================================================================================
2025-12-30 05:53:00,770 - INFO  - [NUDE][TRAIN] Epoch 85/100 Iter 20/390 Loss 0.0013 Top1 100.00 Top5 100.00
2025-12-30 05:53:06,678 - INFO  - [NUDE][TRAIN] Epoch 85/100 Iter 40/390 Loss 0.0025 Top1 99.94 Top5 100.00
2025-12-30 05:53:12,449 - INFO  - [NUDE][TRAIN] Epoch 85/100 Iter 60/390 Loss 0.0021 Top1 99.96 Top5 100.00
2025-12-30 05:53:18,299 - INFO  - [NUDE][TRAIN] Epoch 85/100 Iter 80/390 Loss 0.0021 Top1 99.97 Top5 100.00
2025-12-30 05:53:24,143 - INFO  - [NUDE][TRAIN] Epoch 85/100 Iter 100/390 Loss 0.0020 Top1 99.98 Top5 100.00
2025-12-30 05:53:29,892 - INFO  - [NUDE][TRAIN] Epoch 85/100 Iter 120/390 Loss 0.0019 Top1 99.97 Top5 100.00
2025-12-30 05:53:35,790 - INFO  - [NUDE][TRAIN] Epoch 85/100 Iter 140/390 Loss 0.0019 Top1 99.98 Top5 100.00
2025-12-30 05:53:41,445 - INFO  - [NUDE][TRAIN] Epoch 85/100 Iter 160/390 Loss 0.0018 Top1 99.98 Top5 100.00
2025-12-30 05:53:47,221 - INFO  - [NUDE][TRAIN] Epoch 85/100 Iter 180/390 Loss 0.0019 Top1 99.98 Top5 100.00
2025-12-30 05:53:52,999 - INFO  - [NUDE][TRAIN] Epoch 85/100 Iter 200/390 Loss 0.0019 Top1 99.98 Top5 100.00
2025-12-30 05:53:58,787 - INFO  - [NUDE][TRAIN] Epoch 85/100 Iter 220/390 Loss 0.0019 Top1 99.98 Top5 100.00
2025-12-30 05:54:05,189 - INFO  - [NUDE][TRAIN] Epoch 85/100 Iter 240/390 Loss 0.0019 Top1 99.98 Top5 100.00
2025-12-30 05:54:11,122 - INFO  - [NUDE][TRAIN] Epoch 85/100 Iter 260/390 Loss 0.0019 Top1 99.98 Top5 100.00
2025-12-30 05:54:16,996 - INFO  - [NUDE][TRAIN] Epoch 85/100 Iter 280/390 Loss 0.0019 Top1 99.98 Top5 100.00
2025-12-30 05:54:22,827 - INFO  - [NUDE][TRAIN] Epoch 85/100 Iter 300/390 Loss 0.0019 Top1 99.98 Top5 100.00
2025-12-30 05:54:28,587 - INFO  - [NUDE][TRAIN] Epoch 85/100 Iter 320/390 Loss 0.0019 Top1 99.98 Top5 100.00
2025-12-30 05:54:34,415 - INFO  - [NUDE][TRAIN] Epoch 85/100 Iter 340/390 Loss 0.0019 Top1 99.98 Top5 100.00
2025-12-30 05:54:40,188 - INFO  - [NUDE][TRAIN] Epoch 85/100 Iter 360/390 Loss 0.0019 Top1 99.98 Top5 100.00
2025-12-30 05:54:46,042 - INFO  - [NUDE][TRAIN] Epoch 85/100 Iter 380/390 Loss 0.0019 Top1 99.98 Top5 100.00
2025-12-30 05:54:48,960 - INFO  - [NUDE] Validate: force max bit-width W/A = 6
2025-12-30 05:54:51,248 - INFO  - [NUDE][EPOCH] 85/100 Train: Top1=99.98 Top5=100.00 Loss=0.0019 | Val(EMA): Top1=93.31
2025-12-30 05:54:51,248 - INFO  -   ⏱️  本Epoch耗时: 1分56秒 | 平均Epoch耗时: 1分56秒 | 剩余Epoch数: 14
2025-12-30 05:54:51,248 - INFO  -   📅 预估剩余时间: 27分6秒 | 预估完成时间: 2025-12-30 06:21:58
2025-12-30 05:54:51,947 - INFO  - ([86] Epoch) Saving checkpoint to:
             Current: /root/autodl-tmp/retraining-free-quantization/training/r18_c10_nude_0.02_all_bits_orth/r18_c10_nude_0.02_all_bits_orth_checkpoint.pth.tar

2025-12-30 05:54:51,950 - INFO  - 🎲 Epoch 86: FaultInjector seed rotated to 128
2025-12-30 05:54:51,958 - INFO  - [NUDE] Epoch 86: force max bit-width W/A = 6
2025-12-30 05:54:51,958 - INFO  - ================================================================================
2025-12-30 05:54:51,958 - INFO  - 🔥 [NUDE] BFAT ACTIVE
2025-12-30 05:54:51,958 - INFO  -    Loss Type: direct_ce
2025-12-30 05:54:51,958 - INFO  -    Proj Mode: orthogonal
2025-12-30 05:54:51,958 - INFO  -    Injection: All Bits
2025-12-30 05:54:51,958 - INFO  - ================================================================================
2025-12-30 05:54:57,974 - INFO  - [NUDE][TRAIN] Epoch 86/100 Iter 20/390 Loss 0.0028 Top1 99.88 Top5 100.00
2025-12-30 05:55:03,856 - INFO  - [NUDE][TRAIN] Epoch 86/100 Iter 40/390 Loss 0.0028 Top1 99.92 Top5 100.00
2025-12-30 05:55:09,597 - INFO  - [NUDE][TRAIN] Epoch 86/100 Iter 60/390 Loss 0.0026 Top1 99.93 Top5 100.00
2025-12-30 05:55:15,440 - INFO  - [NUDE][TRAIN] Epoch 86/100 Iter 80/390 Loss 0.0022 Top1 99.95 Top5 100.00
2025-12-30 05:55:21,169 - INFO  - [NUDE][TRAIN] Epoch 86/100 Iter 100/390 Loss 0.0025 Top1 99.95 Top5 100.00
2025-12-30 05:55:26,827 - INFO  - [NUDE][TRAIN] Epoch 86/100 Iter 120/390 Loss 0.0025 Top1 99.94 Top5 100.00
2025-12-30 05:55:32,590 - INFO  - [NUDE][TRAIN] Epoch 86/100 Iter 140/390 Loss 0.0024 Top1 99.94 Top5 100.00
2025-12-30 05:55:38,358 - INFO  - [NUDE][TRAIN] Epoch 86/100 Iter 160/390 Loss 0.0024 Top1 99.95 Top5 100.00
2025-12-30 05:55:44,251 - INFO  - [NUDE][TRAIN] Epoch 86/100 Iter 180/390 Loss 0.0023 Top1 99.96 Top5 100.00
2025-12-30 05:55:50,142 - INFO  - [NUDE][TRAIN] Epoch 86/100 Iter 200/390 Loss 0.0022 Top1 99.96 Top5 100.00
2025-12-30 05:55:55,926 - INFO  - [NUDE][TRAIN] Epoch 86/100 Iter 220/390 Loss 0.0021 Top1 99.96 Top5 100.00
2025-12-30 05:56:01,812 - INFO  - [NUDE][TRAIN] Epoch 86/100 Iter 240/390 Loss 0.0021 Top1 99.96 Top5 100.00
2025-12-30 05:56:07,575 - INFO  - [NUDE][TRAIN] Epoch 86/100 Iter 260/390 Loss 0.0021 Top1 99.96 Top5 100.00
2025-12-30 05:56:13,436 - INFO  - [NUDE][TRAIN] Epoch 86/100 Iter 280/390 Loss 0.0020 Top1 99.96 Top5 100.00
2025-12-30 05:56:19,303 - INFO  - [NUDE][TRAIN] Epoch 86/100 Iter 300/390 Loss 0.0020 Top1 99.96 Top5 100.00
2025-12-30 05:56:25,079 - INFO  - [NUDE][TRAIN] Epoch 86/100 Iter 320/390 Loss 0.0020 Top1 99.97 Top5 100.00
2025-12-30 05:56:30,973 - INFO  - [NUDE][TRAIN] Epoch 86/100 Iter 340/390 Loss 0.0020 Top1 99.97 Top5 100.00
2025-12-30 05:56:36,727 - INFO  - [NUDE][TRAIN] Epoch 86/100 Iter 360/390 Loss 0.0019 Top1 99.97 Top5 100.00
2025-12-30 05:56:42,698 - INFO  - [NUDE][TRAIN] Epoch 86/100 Iter 380/390 Loss 0.0019 Top1 99.97 Top5 100.00
2025-12-30 05:56:46,269 - INFO  - [NUDE] Validate: force max bit-width W/A = 6
2025-12-30 05:56:48,654 - INFO  - [NUDE][EPOCH] 86/100 Train: Top1=99.97 Top5=100.00 Loss=0.0019 | Val(EMA): Top1=93.33
2025-12-30 05:56:48,654 - INFO  -   ⏱️  本Epoch耗时: 1分56秒 | 平均Epoch耗时: 1分56秒 | 剩余Epoch数: 13
2025-12-30 05:56:48,654 - INFO  -   📅 预估剩余时间: 25分11秒 | 预估完成时间: 2025-12-30 06:22:00
2025-12-30 05:56:49,347 - INFO  - ([87] Epoch) Saving checkpoint to:
             Current: /root/autodl-tmp/retraining-free-quantization/training/r18_c10_nude_0.02_all_bits_orth/r18_c10_nude_0.02_all_bits_orth_checkpoint.pth.tar

2025-12-30 05:56:49,351 - INFO  - 🎲 Epoch 87: FaultInjector seed rotated to 129
2025-12-30 05:56:49,362 - INFO  - [NUDE] Epoch 87: force max bit-width W/A = 6
2025-12-30 05:56:49,362 - INFO  - ================================================================================
2025-12-30 05:56:49,362 - INFO  - 🔥 [NUDE] BFAT ACTIVE
2025-12-30 05:56:49,363 - INFO  -    Loss Type: direct_ce
2025-12-30 05:56:49,363 - INFO  -    Proj Mode: orthogonal
2025-12-30 05:56:49,363 - INFO  -    Injection: All Bits
2025-12-30 05:56:49,363 - INFO  - ================================================================================
2025-12-30 05:56:55,307 - INFO  - [NUDE][TRAIN] Epoch 87/100 Iter 20/390 Loss 0.0013 Top1 100.00 Top5 100.00
2025-12-30 05:57:01,068 - INFO  - [NUDE][TRAIN] Epoch 87/100 Iter 40/390 Loss 0.0013 Top1 100.00 Top5 100.00
2025-12-30 05:57:06,696 - INFO  - [NUDE][TRAIN] Epoch 87/100 Iter 60/390 Loss 0.0015 Top1 99.99 Top5 100.00
2025-12-30 05:57:12,441 - INFO  - [NUDE][TRAIN] Epoch 87/100 Iter 80/390 Loss 0.0016 Top1 99.99 Top5 100.00
2025-12-30 05:57:18,292 - INFO  - [NUDE][TRAIN] Epoch 87/100 Iter 100/390 Loss 0.0015 Top1 99.99 Top5 100.00
2025-12-30 05:57:24,152 - INFO  - [NUDE][TRAIN] Epoch 87/100 Iter 120/390 Loss 0.0015 Top1 99.99 Top5 100.00
2025-12-30 05:57:31,238 - INFO  - [NUDE][TRAIN] Epoch 87/100 Iter 140/390 Loss 0.0015 Top1 99.98 Top5 100.00
2025-12-30 05:57:38,236 - INFO  - [NUDE][TRAIN] Epoch 87/100 Iter 160/390 Loss 0.0015 Top1 99.99 Top5 100.00
2025-12-30 05:57:45,365 - INFO  - [NUDE][TRAIN] Epoch 87/100 Iter 180/390 Loss 0.0016 Top1 99.98 Top5 100.00
2025-12-30 05:57:52,461 - INFO  - [NUDE][TRAIN] Epoch 87/100 Iter 200/390 Loss 0.0016 Top1 99.98 Top5 100.00
2025-12-30 05:57:58,901 - INFO  - [NUDE][TRAIN] Epoch 87/100 Iter 220/390 Loss 0.0016 Top1 99.98 Top5 100.00
2025-12-30 05:58:04,801 - INFO  - [NUDE][TRAIN] Epoch 87/100 Iter 240/390 Loss 0.0015 Top1 99.98 Top5 100.00
2025-12-30 05:58:10,546 - INFO  - [NUDE][TRAIN] Epoch 87/100 Iter 260/390 Loss 0.0015 Top1 99.98 Top5 100.00
2025-12-30 05:58:16,432 - INFO  - [NUDE][TRAIN] Epoch 87/100 Iter 280/390 Loss 0.0016 Top1 99.98 Top5 100.00
2025-12-30 05:58:22,282 - INFO  - [NUDE][TRAIN] Epoch 87/100 Iter 300/390 Loss 0.0015 Top1 99.98 Top5 100.00
2025-12-30 05:58:28,023 - INFO  - [NUDE][TRAIN] Epoch 87/100 Iter 320/390 Loss 0.0016 Top1 99.98 Top5 100.00
2025-12-30 05:58:33,863 - INFO  - [NUDE][TRAIN] Epoch 87/100 Iter 340/390 Loss 0.0016 Top1 99.98 Top5 100.00
2025-12-30 05:58:39,577 - INFO  - [NUDE][TRAIN] Epoch 87/100 Iter 360/390 Loss 0.0016 Top1 99.98 Top5 100.00
2025-12-30 05:58:45,327 - INFO  - [NUDE][TRAIN] Epoch 87/100 Iter 380/390 Loss 0.0016 Top1 99.98 Top5 100.00
2025-12-30 05:58:48,206 - INFO  - [NUDE] Validate: force max bit-width W/A = 6
2025-12-30 05:58:50,474 - INFO  - [NUDE][EPOCH] 87/100 Train: Top1=99.98 Top5=100.00 Loss=0.0016 | Val(EMA): Top1=93.38
2025-12-30 05:58:50,474 - INFO  -   ⏱️  本Epoch耗时: 2分1秒 | 平均Epoch耗时: 1分57秒 | 剩余Epoch数: 12
2025-12-30 05:58:50,474 - INFO  -   📅 预估剩余时间: 23分28秒 | 预估完成时间: 2025-12-30 06:22:18
2025-12-30 05:58:51,172 - INFO  - ([88] Epoch) Saving checkpoint to:
             Current: /root/autodl-tmp/retraining-free-quantization/training/r18_c10_nude_0.02_all_bits_orth/r18_c10_nude_0.02_all_bits_orth_checkpoint.pth.tar

2025-12-30 05:58:51,175 - INFO  - 🎲 Epoch 88: FaultInjector seed rotated to 130
2025-12-30 05:58:51,182 - INFO  - [NUDE] Epoch 88: force max bit-width W/A = 6
2025-12-30 05:58:51,182 - INFO  - ================================================================================
2025-12-30 05:58:51,182 - INFO  - 🔥 [NUDE] BFAT ACTIVE
2025-12-30 05:58:51,182 - INFO  -    Loss Type: direct_ce
2025-12-30 05:58:51,182 - INFO  -    Proj Mode: orthogonal
2025-12-30 05:58:51,182 - INFO  -    Injection: All Bits
2025-12-30 05:58:51,182 - INFO  - ================================================================================
2025-12-30 05:58:57,163 - INFO  - [NUDE][TRAIN] Epoch 88/100 Iter 20/390 Loss 0.0017 Top1 99.96 Top5 100.00
2025-12-30 05:59:03,381 - INFO  - [NUDE][TRAIN] Epoch 88/100 Iter 40/390 Loss 0.0013 Top1 99.98 Top5 100.00
2025-12-30 05:59:09,725 - INFO  - [NUDE][TRAIN] Epoch 88/100 Iter 60/390 Loss 0.0013 Top1 99.99 Top5 100.00
2025-12-30 05:59:15,603 - INFO  - [NUDE][TRAIN] Epoch 88/100 Iter 80/390 Loss 0.0014 Top1 99.98 Top5 100.00
2025-12-30 05:59:21,499 - INFO  - [NUDE][TRAIN] Epoch 88/100 Iter 100/390 Loss 0.0015 Top1 99.97 Top5 100.00
2025-12-30 05:59:27,287 - INFO  - [NUDE][TRAIN] Epoch 88/100 Iter 120/390 Loss 0.0018 Top1 99.96 Top5 100.00
2025-12-30 05:59:33,128 - INFO  - [NUDE][TRAIN] Epoch 88/100 Iter 140/390 Loss 0.0018 Top1 99.96 Top5 100.00
2025-12-30 05:59:38,886 - INFO  - [NUDE][TRAIN] Epoch 88/100 Iter 160/390 Loss 0.0017 Top1 99.97 Top5 100.00
2025-12-30 05:59:44,743 - INFO  - [NUDE][TRAIN] Epoch 88/100 Iter 180/390 Loss 0.0019 Top1 99.95 Top5 100.00
2025-12-30 05:59:50,583 - INFO  - [NUDE][TRAIN] Epoch 88/100 Iter 200/390 Loss 0.0019 Top1 99.96 Top5 100.00
2025-12-30 05:59:56,316 - INFO  - [NUDE][TRAIN] Epoch 88/100 Iter 220/390 Loss 0.0020 Top1 99.95 Top5 100.00
2025-12-30 06:00:02,578 - INFO  - [NUDE][TRAIN] Epoch 88/100 Iter 240/390 Loss 0.0020 Top1 99.95 Top5 100.00
2025-12-30 06:00:08,383 - INFO  - [NUDE][TRAIN] Epoch 88/100 Iter 260/390 Loss 0.0019 Top1 99.95 Top5 100.00
2025-12-30 06:00:14,234 - INFO  - [NUDE][TRAIN] Epoch 88/100 Iter 280/390 Loss 0.0019 Top1 99.96 Top5 100.00
2025-12-30 06:00:20,012 - INFO  - [NUDE][TRAIN] Epoch 88/100 Iter 300/390 Loss 0.0019 Top1 99.96 Top5 100.00
2025-12-30 06:00:25,681 - INFO  - [NUDE][TRAIN] Epoch 88/100 Iter 320/390 Loss 0.0018 Top1 99.96 Top5 100.00
2025-12-30 06:00:31,446 - INFO  - [NUDE][TRAIN] Epoch 88/100 Iter 340/390 Loss 0.0018 Top1 99.96 Top5 100.00
2025-12-30 06:00:37,274 - INFO  - [NUDE][TRAIN] Epoch 88/100 Iter 360/390 Loss 0.0018 Top1 99.96 Top5 100.00
2025-12-30 06:00:43,147 - INFO  - [NUDE][TRAIN] Epoch 88/100 Iter 380/390 Loss 0.0018 Top1 99.97 Top5 100.00
2025-12-30 06:00:46,073 - INFO  - [NUDE] Validate: force max bit-width W/A = 6
2025-12-30 06:00:48,418 - INFO  - [NUDE][EPOCH] 88/100 Train: Top1=99.96 Top5=100.00 Loss=0.0018 | Val(EMA): Top1=93.29
2025-12-30 06:00:48,418 - INFO  -   ⏱️  本Epoch耗时: 1分57秒 | 平均Epoch耗时: 1分57秒 | 剩余Epoch数: 11
2025-12-30 06:00:48,418 - INFO  -   📅 预估剩余时间: 21分31秒 | 预估完成时间: 2025-12-30 06:22:20
2025-12-30 06:00:49,209 - INFO  - ([89] Epoch) Saving checkpoint to:
             Current: /root/autodl-tmp/retraining-free-quantization/training/r18_c10_nude_0.02_all_bits_orth/r18_c10_nude_0.02_all_bits_orth_checkpoint.pth.tar

2025-12-30 06:00:49,212 - INFO  - 🎲 Epoch 89: FaultInjector seed rotated to 131
2025-12-30 06:00:49,220 - INFO  - [NUDE] Epoch 89: force max bit-width W/A = 6
2025-12-30 06:00:49,220 - INFO  - ================================================================================
2025-12-30 06:00:49,220 - INFO  - 🔥 [NUDE] BFAT ACTIVE
2025-12-30 06:00:49,220 - INFO  -    Loss Type: direct_ce
2025-12-30 06:00:49,220 - INFO  -    Proj Mode: orthogonal
2025-12-30 06:00:49,220 - INFO  -    Injection: All Bits
2025-12-30 06:00:49,220 - INFO  - ================================================================================
2025-12-30 06:00:55,195 - INFO  - [NUDE][TRAIN] Epoch 89/100 Iter 20/390 Loss 0.0012 Top1 99.96 Top5 100.00
2025-12-30 06:01:01,079 - INFO  - [NUDE][TRAIN] Epoch 89/100 Iter 40/390 Loss 0.0012 Top1 99.98 Top5 100.00
2025-12-30 06:01:06,799 - INFO  - [NUDE][TRAIN] Epoch 89/100 Iter 60/390 Loss 0.0014 Top1 99.97 Top5 100.00
2025-12-30 06:01:12,652 - INFO  - [NUDE][TRAIN] Epoch 89/100 Iter 80/390 Loss 0.0014 Top1 99.98 Top5 100.00
2025-12-30 06:01:18,544 - INFO  - [NUDE][TRAIN] Epoch 89/100 Iter 100/390 Loss 0.0014 Top1 99.98 Top5 100.00
2025-12-30 06:01:24,320 - INFO  - [NUDE][TRAIN] Epoch 89/100 Iter 120/390 Loss 0.0015 Top1 99.99 Top5 100.00
2025-12-30 06:01:30,187 - INFO  - [NUDE][TRAIN] Epoch 89/100 Iter 140/390 Loss 0.0014 Top1 99.99 Top5 100.00
2025-12-30 06:01:35,972 - INFO  - [NUDE][TRAIN] Epoch 89/100 Iter 160/390 Loss 0.0014 Top1 99.99 Top5 100.00
2025-12-30 06:01:41,779 - INFO  - [NUDE][TRAIN] Epoch 89/100 Iter 180/390 Loss 0.0014 Top1 99.99 Top5 100.00
2025-12-30 06:01:47,671 - INFO  - [NUDE][TRAIN] Epoch 89/100 Iter 200/390 Loss 0.0014 Top1 99.99 Top5 100.00
2025-12-30 06:01:53,455 - INFO  - [NUDE][TRAIN] Epoch 89/100 Iter 220/390 Loss 0.0013 Top1 99.99 Top5 100.00
2025-12-30 06:01:59,282 - INFO  - [NUDE][TRAIN] Epoch 89/100 Iter 240/390 Loss 0.0014 Top1 99.99 Top5 100.00
2025-12-30 06:02:04,922 - INFO  - [NUDE][TRAIN] Epoch 89/100 Iter 260/390 Loss 0.0014 Top1 99.99 Top5 100.00
2025-12-30 06:02:10,698 - INFO  - [NUDE][TRAIN] Epoch 89/100 Iter 280/390 Loss 0.0013 Top1 99.99 Top5 100.00
2025-12-30 06:02:16,507 - INFO  - [NUDE][TRAIN] Epoch 89/100 Iter 300/390 Loss 0.0013 Top1 99.99 Top5 100.00
2025-12-30 06:02:22,279 - INFO  - [NUDE][TRAIN] Epoch 89/100 Iter 320/390 Loss 0.0013 Top1 100.00 Top5 100.00
2025-12-30 06:02:28,132 - INFO  - [NUDE][TRAIN] Epoch 89/100 Iter 340/390 Loss 0.0013 Top1 100.00 Top5 100.00
2025-12-30 06:02:33,956 - INFO  - [NUDE][TRAIN] Epoch 89/100 Iter 360/390 Loss 0.0013 Top1 100.00 Top5 100.00
2025-12-30 06:02:39,822 - INFO  - [NUDE][TRAIN] Epoch 89/100 Iter 380/390 Loss 0.0014 Top1 99.99 Top5 100.00
2025-12-30 06:02:42,766 - INFO  - [NUDE] Validate: force max bit-width W/A = 6
2025-12-30 06:02:45,070 - INFO  - [NUDE][EPOCH] 89/100 Train: Top1=99.99 Top5=100.00 Loss=0.0015 | Val(EMA): Top1=93.26
2025-12-30 06:02:45,070 - INFO  -   ⏱️  本Epoch耗时: 1分55秒 | 平均Epoch耗时: 1分57秒 | 剩余Epoch数: 10
2025-12-30 06:02:45,070 - INFO  -   📅 预估剩余时间: 19分34秒 | 预估完成时间: 2025-12-30 06:22:19
2025-12-30 06:02:45,775 - INFO  - ([90] Epoch) Saving checkpoint to:
             Current: /root/autodl-tmp/retraining-free-quantization/training/r18_c10_nude_0.02_all_bits_orth/r18_c10_nude_0.02_all_bits_orth_checkpoint.pth.tar

2025-12-30 06:02:45,778 - INFO  - 🎲 Epoch 90: FaultInjector seed rotated to 132
2025-12-30 06:02:45,786 - INFO  - [NUDE] Epoch 90: force max bit-width W/A = 6
2025-12-30 06:02:45,786 - INFO  - ================================================================================
2025-12-30 06:02:45,786 - INFO  - 🔥 [NUDE] BFAT ACTIVE
2025-12-30 06:02:45,786 - INFO  -    Loss Type: direct_ce
2025-12-30 06:02:45,786 - INFO  -    Proj Mode: orthogonal
2025-12-30 06:02:45,786 - INFO  -    Injection: All Bits
2025-12-30 06:02:45,786 - INFO  - ================================================================================
2025-12-30 06:02:51,795 - INFO  - [NUDE][TRAIN] Epoch 90/100 Iter 20/390 Loss 0.0010 Top1 100.00 Top5 100.00
2025-12-30 06:02:57,695 - INFO  - [NUDE][TRAIN] Epoch 90/100 Iter 40/390 Loss 0.0016 Top1 99.96 Top5 100.00
2025-12-30 06:03:03,467 - INFO  - [NUDE][TRAIN] Epoch 90/100 Iter 60/390 Loss 0.0014 Top1 99.97 Top5 100.00
2025-12-30 06:03:09,289 - INFO  - [NUDE][TRAIN] Epoch 90/100 Iter 80/390 Loss 0.0015 Top1 99.97 Top5 100.00
2025-12-30 06:03:15,133 - INFO  - [NUDE][TRAIN] Epoch 90/100 Iter 100/390 Loss 0.0015 Top1 99.98 Top5 100.00
2025-12-30 06:03:20,899 - INFO  - [NUDE][TRAIN] Epoch 90/100 Iter 120/390 Loss 0.0015 Top1 99.97 Top5 100.00
2025-12-30 06:03:26,740 - INFO  - [NUDE][TRAIN] Epoch 90/100 Iter 140/390 Loss 0.0015 Top1 99.98 Top5 100.00
2025-12-30 06:03:32,473 - INFO  - [NUDE][TRAIN] Epoch 90/100 Iter 160/390 Loss 0.0014 Top1 99.98 Top5 100.00
2025-12-30 06:03:38,332 - INFO  - [NUDE][TRAIN] Epoch 90/100 Iter 180/390 Loss 0.0014 Top1 99.98 Top5 100.00
2025-12-30 06:03:44,065 - INFO  - [NUDE][TRAIN] Epoch 90/100 Iter 200/390 Loss 0.0014 Top1 99.98 Top5 100.00
2025-12-30 06:03:49,723 - INFO  - [NUDE][TRAIN] Epoch 90/100 Iter 220/390 Loss 0.0014 Top1 99.98 Top5 100.00
2025-12-30 06:03:55,473 - INFO  - [NUDE][TRAIN] Epoch 90/100 Iter 240/390 Loss 0.0014 Top1 99.98 Top5 100.00
2025-12-30 06:04:01,216 - INFO  - [NUDE][TRAIN] Epoch 90/100 Iter 260/390 Loss 0.0014 Top1 99.98 Top5 100.00
2025-12-30 06:04:07,051 - INFO  - [NUDE][TRAIN] Epoch 90/100 Iter 280/390 Loss 0.0014 Top1 99.98 Top5 100.00
2025-12-30 06:04:12,928 - INFO  - [NUDE][TRAIN] Epoch 90/100 Iter 300/390 Loss 0.0014 Top1 99.98 Top5 100.00
2025-12-30 06:04:18,669 - INFO  - [NUDE][TRAIN] Epoch 90/100 Iter 320/390 Loss 0.0014 Top1 99.99 Top5 100.00
2025-12-30 06:04:24,501 - INFO  - [NUDE][TRAIN] Epoch 90/100 Iter 340/390 Loss 0.0014 Top1 99.99 Top5 100.00
2025-12-30 06:04:30,239 - INFO  - [NUDE][TRAIN] Epoch 90/100 Iter 360/390 Loss 0.0014 Top1 99.98 Top5 100.00
2025-12-30 06:04:36,104 - INFO  - [NUDE][TRAIN] Epoch 90/100 Iter 380/390 Loss 0.0014 Top1 99.98 Top5 100.00
2025-12-30 06:04:39,022 - INFO  - [NUDE] Validate: force max bit-width W/A = 6
2025-12-30 06:04:41,335 - INFO  - [NUDE][EPOCH] 90/100 Train: Top1=99.98 Top5=100.00 Loss=0.0015 | Val(EMA): Top1=93.26
2025-12-30 06:04:41,335 - INFO  -   ⏱️  本Epoch耗时: 1分55秒 | 平均Epoch耗时: 1分57秒 | 剩余Epoch数: 9
2025-12-30 06:04:41,335 - INFO  -   📅 预估剩余时间: 17分35秒 | 预估完成时间: 2025-12-30 06:22:17
2025-12-30 06:04:41,936 - INFO  - ([91] Epoch) Saving checkpoint to:
             Current: /root/autodl-tmp/retraining-free-quantization/training/r18_c10_nude_0.02_all_bits_orth/r18_c10_nude_0.02_all_bits_orth_checkpoint.pth.tar

2025-12-30 06:04:41,939 - INFO  - 🎲 Epoch 91: FaultInjector seed rotated to 133
2025-12-30 06:04:41,946 - INFO  - [NUDE] Epoch 91: force max bit-width W/A = 6
2025-12-30 06:04:41,946 - INFO  - ================================================================================
2025-12-30 06:04:41,946 - INFO  - 🔥 [NUDE] BFAT ACTIVE
2025-12-30 06:04:41,946 - INFO  -    Loss Type: direct_ce
2025-12-30 06:04:41,946 - INFO  -    Proj Mode: orthogonal
2025-12-30 06:04:41,946 - INFO  -    Injection: All Bits
2025-12-30 06:04:41,946 - INFO  - ================================================================================
2025-12-30 06:04:47,900 - INFO  - [NUDE][TRAIN] Epoch 91/100 Iter 20/390 Loss 0.0011 Top1 100.00 Top5 100.00
2025-12-30 06:04:53,771 - INFO  - [NUDE][TRAIN] Epoch 91/100 Iter 40/390 Loss 0.0015 Top1 100.00 Top5 100.00
2025-12-30 06:04:59,551 - INFO  - [NUDE][TRAIN] Epoch 91/100 Iter 60/390 Loss 0.0015 Top1 100.00 Top5 100.00
2025-12-30 06:05:05,399 - INFO  - [NUDE][TRAIN] Epoch 91/100 Iter 80/390 Loss 0.0014 Top1 100.00 Top5 100.00
2025-12-30 06:05:11,260 - INFO  - [NUDE][TRAIN] Epoch 91/100 Iter 100/390 Loss 0.0014 Top1 100.00 Top5 100.00
2025-12-30 06:05:17,007 - INFO  - [NUDE][TRAIN] Epoch 91/100 Iter 120/390 Loss 0.0014 Top1 100.00 Top5 100.00
2025-12-30 06:05:22,795 - INFO  - [NUDE][TRAIN] Epoch 91/100 Iter 140/390 Loss 0.0014 Top1 100.00 Top5 100.00
2025-12-30 06:05:28,443 - INFO  - [NUDE][TRAIN] Epoch 91/100 Iter 160/390 Loss 0.0014 Top1 100.00 Top5 100.00
2025-12-30 06:05:34,194 - INFO  - [NUDE][TRAIN] Epoch 91/100 Iter 180/390 Loss 0.0014 Top1 99.99 Top5 100.00
2025-12-30 06:05:40,024 - INFO  - [NUDE][TRAIN] Epoch 91/100 Iter 200/390 Loss 0.0014 Top1 99.99 Top5 100.00
2025-12-30 06:05:45,782 - INFO  - [NUDE][TRAIN] Epoch 91/100 Iter 220/390 Loss 0.0015 Top1 99.99 Top5 100.00
2025-12-30 06:05:51,596 - INFO  - [NUDE][TRAIN] Epoch 91/100 Iter 240/390 Loss 0.0014 Top1 99.99 Top5 100.00
2025-12-30 06:05:57,456 - INFO  - [NUDE][TRAIN] Epoch 91/100 Iter 260/390 Loss 0.0014 Top1 99.99 Top5 100.00
2025-12-30 06:06:03,300 - INFO  - [NUDE][TRAIN] Epoch 91/100 Iter 280/390 Loss 0.0014 Top1 99.99 Top5 100.00
2025-12-30 06:06:09,124 - INFO  - [NUDE][TRAIN] Epoch 91/100 Iter 300/390 Loss 0.0014 Top1 99.99 Top5 100.00
2025-12-30 06:06:14,851 - INFO  - [NUDE][TRAIN] Epoch 91/100 Iter 320/390 Loss 0.0014 Top1 99.99 Top5 100.00
2025-12-30 06:06:20,785 - INFO  - [NUDE][TRAIN] Epoch 91/100 Iter 340/390 Loss 0.0014 Top1 99.99 Top5 100.00
2025-12-30 06:06:27,336 - INFO  - [NUDE][TRAIN] Epoch 91/100 Iter 360/390 Loss 0.0014 Top1 99.99 Top5 100.00
2025-12-30 06:06:34,413 - INFO  - [NUDE][TRAIN] Epoch 91/100 Iter 380/390 Loss 0.0014 Top1 99.99 Top5 100.00
2025-12-30 06:06:37,964 - INFO  - [NUDE] Validate: force max bit-width W/A = 6
2025-12-30 06:06:40,308 - INFO  - [NUDE][EPOCH] 91/100 Train: Top1=99.99 Top5=100.00 Loss=0.0014 | Val(EMA): Top1=93.28
2025-12-30 06:06:40,308 - INFO  -   ⏱️  本Epoch耗时: 1分58秒 | 平均Epoch耗时: 1分57秒 | 剩余Epoch数: 8
2025-12-30 06:06:40,308 - INFO  -   📅 预估剩余时间: 15分41秒 | 预估完成时间: 2025-12-30 06:22:21
2025-12-30 06:06:41,174 - INFO  - ([92] Epoch) Saving checkpoint to:
             Current: /root/autodl-tmp/retraining-free-quantization/training/r18_c10_nude_0.02_all_bits_orth/r18_c10_nude_0.02_all_bits_orth_checkpoint.pth.tar

2025-12-30 06:06:41,178 - INFO  - 🎲 Epoch 92: FaultInjector seed rotated to 134
2025-12-30 06:06:41,185 - INFO  - [NUDE] Epoch 92: force max bit-width W/A = 6
2025-12-30 06:06:41,185 - INFO  - ================================================================================
2025-12-30 06:06:41,185 - INFO  - 🔥 [NUDE] BFAT ACTIVE
2025-12-30 06:06:41,185 - INFO  -    Loss Type: direct_ce
2025-12-30 06:06:41,185 - INFO  -    Proj Mode: orthogonal
2025-12-30 06:06:41,185 - INFO  -    Injection: All Bits
2025-12-30 06:06:41,186 - INFO  - ================================================================================
2025-12-30 06:06:47,130 - INFO  - [NUDE][TRAIN] Epoch 92/100 Iter 20/390 Loss 0.0012 Top1 100.00 Top5 100.00
2025-12-30 06:06:53,048 - INFO  - [NUDE][TRAIN] Epoch 92/100 Iter 40/390 Loss 0.0012 Top1 100.00 Top5 100.00
2025-12-30 06:06:58,785 - INFO  - [NUDE][TRAIN] Epoch 92/100 Iter 60/390 Loss 0.0012 Top1 100.00 Top5 100.00
2025-12-30 06:07:04,567 - INFO  - [NUDE][TRAIN] Epoch 92/100 Iter 80/390 Loss 0.0013 Top1 99.99 Top5 100.00
2025-12-30 06:07:10,302 - INFO  - [NUDE][TRAIN] Epoch 92/100 Iter 100/390 Loss 0.0013 Top1 99.98 Top5 100.00
2025-12-30 06:07:15,955 - INFO  - [NUDE][TRAIN] Epoch 92/100 Iter 120/390 Loss 0.0013 Top1 99.98 Top5 100.00
2025-12-30 06:07:21,783 - INFO  - [NUDE][TRAIN] Epoch 92/100 Iter 140/390 Loss 0.0013 Top1 99.98 Top5 100.00
2025-12-30 06:07:27,553 - INFO  - [NUDE][TRAIN] Epoch 92/100 Iter 160/390 Loss 0.0014 Top1 99.98 Top5 100.00
2025-12-30 06:07:33,410 - INFO  - [NUDE][TRAIN] Epoch 92/100 Iter 180/390 Loss 0.0014 Top1 99.98 Top5 100.00
2025-12-30 06:07:39,293 - INFO  - [NUDE][TRAIN] Epoch 92/100 Iter 200/390 Loss 0.0014 Top1 99.98 Top5 100.00
2025-12-30 06:07:45,046 - INFO  - [NUDE][TRAIN] Epoch 92/100 Iter 220/390 Loss 0.0014 Top1 99.98 Top5 100.00
2025-12-30 06:07:50,880 - INFO  - [NUDE][TRAIN] Epoch 92/100 Iter 240/390 Loss 0.0014 Top1 99.98 Top5 100.00
2025-12-30 06:07:56,621 - INFO  - [NUDE][TRAIN] Epoch 92/100 Iter 260/390 Loss 0.0014 Top1 99.98 Top5 100.00
2025-12-30 06:08:02,469 - INFO  - [NUDE][TRAIN] Epoch 92/100 Iter 280/390 Loss 0.0014 Top1 99.98 Top5 100.00
2025-12-30 06:08:08,312 - INFO  - [NUDE][TRAIN] Epoch 92/100 Iter 300/390 Loss 0.0014 Top1 99.98 Top5 100.00
2025-12-30 06:08:14,063 - INFO  - [NUDE][TRAIN] Epoch 92/100 Iter 320/390 Loss 0.0014 Top1 99.98 Top5 100.00
2025-12-30 06:08:19,918 - INFO  - [NUDE][TRAIN] Epoch 92/100 Iter 340/390 Loss 0.0014 Top1 99.98 Top5 100.00
2025-12-30 06:08:25,649 - INFO  - [NUDE][TRAIN] Epoch 92/100 Iter 360/390 Loss 0.0013 Top1 99.98 Top5 100.00
2025-12-30 06:08:31,525 - INFO  - [NUDE][TRAIN] Epoch 92/100 Iter 380/390 Loss 0.0013 Top1 99.98 Top5 100.00
2025-12-30 06:08:34,439 - INFO  - [NUDE] Validate: force max bit-width W/A = 6
2025-12-30 06:08:36,693 - INFO  - [NUDE][EPOCH] 92/100 Train: Top1=99.98 Top5=100.00 Loss=0.0014 | Val(EMA): Top1=93.25
2025-12-30 06:08:36,693 - INFO  -   ⏱️  本Epoch耗时: 1分55秒 | 平均Epoch耗时: 1分56秒 | 剩余Epoch数: 7
2025-12-30 06:08:36,693 - INFO  -   📅 预估剩余时间: 13分35秒 | 预估完成时间: 2025-12-30 06:22:12
2025-12-30 06:08:37,474 - INFO  - ([93] Epoch) Saving checkpoint to:
             Current: /root/autodl-tmp/retraining-free-quantization/training/r18_c10_nude_0.02_all_bits_orth/r18_c10_nude_0.02_all_bits_orth_checkpoint.pth.tar

2025-12-30 06:08:37,477 - INFO  - 🎲 Epoch 93: FaultInjector seed rotated to 135
2025-12-30 06:08:37,484 - INFO  - [NUDE] Epoch 93: force max bit-width W/A = 6
2025-12-30 06:08:37,484 - INFO  - ================================================================================
2025-12-30 06:08:37,484 - INFO  - 🔥 [NUDE] BFAT ACTIVE
2025-12-30 06:08:37,484 - INFO  -    Loss Type: direct_ce
2025-12-30 06:08:37,484 - INFO  -    Proj Mode: orthogonal
2025-12-30 06:08:37,484 - INFO  -    Injection: All Bits
2025-12-30 06:08:37,485 - INFO  - ================================================================================
2025-12-30 06:08:43,390 - INFO  - [NUDE][TRAIN] Epoch 93/100 Iter 20/390 Loss 0.0014 Top1 99.96 Top5 100.00
2025-12-30 06:08:49,136 - INFO  - [NUDE][TRAIN] Epoch 93/100 Iter 40/390 Loss 0.0021 Top1 99.94 Top5 100.00
2025-12-30 06:08:54,763 - INFO  - [NUDE][TRAIN] Epoch 93/100 Iter 60/390 Loss 0.0019 Top1 99.95 Top5 100.00
2025-12-30 06:09:00,579 - INFO  - [NUDE][TRAIN] Epoch 93/100 Iter 80/390 Loss 0.0020 Top1 99.94 Top5 100.00
2025-12-30 06:09:06,419 - INFO  - [NUDE][TRAIN] Epoch 93/100 Iter 100/390 Loss 0.0019 Top1 99.95 Top5 100.00
2025-12-30 06:09:12,183 - INFO  - [NUDE][TRAIN] Epoch 93/100 Iter 120/390 Loss 0.0019 Top1 99.95 Top5 100.00
2025-12-30 06:09:18,024 - INFO  - [NUDE][TRAIN] Epoch 93/100 Iter 140/390 Loss 0.0018 Top1 99.96 Top5 100.00
2025-12-30 06:09:23,773 - INFO  - [NUDE][TRAIN] Epoch 93/100 Iter 160/390 Loss 0.0017 Top1 99.96 Top5 100.00
2025-12-30 06:09:29,685 - INFO  - [NUDE][TRAIN] Epoch 93/100 Iter 180/390 Loss 0.0017 Top1 99.97 Top5 100.00
2025-12-30 06:09:35,549 - INFO  - [NUDE][TRAIN] Epoch 93/100 Iter 200/390 Loss 0.0017 Top1 99.97 Top5 100.00
2025-12-30 06:09:41,312 - INFO  - [NUDE][TRAIN] Epoch 93/100 Iter 220/390 Loss 0.0017 Top1 99.97 Top5 100.00
2025-12-30 06:09:47,345 - INFO  - [NUDE][TRAIN] Epoch 93/100 Iter 240/390 Loss 0.0017 Top1 99.97 Top5 100.00
2025-12-30 06:09:53,576 - INFO  - [NUDE][TRAIN] Epoch 93/100 Iter 260/390 Loss 0.0016 Top1 99.97 Top5 100.00
2025-12-30 06:09:59,424 - INFO  - [NUDE][TRAIN] Epoch 93/100 Iter 280/390 Loss 0.0016 Top1 99.97 Top5 100.00
2025-12-30 06:10:05,295 - INFO  - [NUDE][TRAIN] Epoch 93/100 Iter 300/390 Loss 0.0016 Top1 99.97 Top5 100.00
2025-12-30 06:10:11,057 - INFO  - [NUDE][TRAIN] Epoch 93/100 Iter 320/390 Loss 0.0016 Top1 99.97 Top5 100.00
2025-12-30 06:10:16,901 - INFO  - [NUDE][TRAIN] Epoch 93/100 Iter 340/390 Loss 0.0016 Top1 99.97 Top5 100.00
2025-12-30 06:10:22,615 - INFO  - [NUDE][TRAIN] Epoch 93/100 Iter 360/390 Loss 0.0017 Top1 99.97 Top5 100.00
2025-12-30 06:10:28,341 - INFO  - [NUDE][TRAIN] Epoch 93/100 Iter 380/390 Loss 0.0017 Top1 99.97 Top5 100.00
2025-12-30 06:10:31,210 - INFO  - [NUDE] Validate: force max bit-width W/A = 6
2025-12-30 06:10:33,460 - INFO  - [NUDE][EPOCH] 93/100 Train: Top1=99.97 Top5=100.00 Loss=0.0017 | Val(EMA): Top1=93.19
2025-12-30 06:10:33,460 - INFO  -   ⏱️  本Epoch耗时: 1分55秒 | 平均Epoch耗时: 1分56秒 | 剩余Epoch数: 6
2025-12-30 06:10:33,460 - INFO  -   📅 预估剩余时间: 11分37秒 | 预估完成时间: 2025-12-30 06:22:10
2025-12-30 06:10:34,130 - INFO  - ([94] Epoch) Saving checkpoint to:
             Current: /root/autodl-tmp/retraining-free-quantization/training/r18_c10_nude_0.02_all_bits_orth/r18_c10_nude_0.02_all_bits_orth_checkpoint.pth.tar

2025-12-30 06:10:34,133 - INFO  - 🎲 Epoch 94: FaultInjector seed rotated to 136
2025-12-30 06:10:34,141 - INFO  - [NUDE] Epoch 94: force max bit-width W/A = 6
2025-12-30 06:10:34,141 - INFO  - ================================================================================
2025-12-30 06:10:34,141 - INFO  - 🔥 [NUDE] BFAT ACTIVE
2025-12-30 06:10:34,141 - INFO  -    Loss Type: direct_ce
2025-12-30 06:10:34,141 - INFO  -    Proj Mode: orthogonal
2025-12-30 06:10:34,141 - INFO  -    Injection: All Bits
2025-12-30 06:10:34,142 - INFO  - ================================================================================
2025-12-30 06:10:40,061 - INFO  - [NUDE][TRAIN] Epoch 94/100 Iter 20/390 Loss 0.0011 Top1 100.00 Top5 100.00
2025-12-30 06:10:45,933 - INFO  - [NUDE][TRAIN] Epoch 94/100 Iter 40/390 Loss 0.0009 Top1 100.00 Top5 100.00
2025-12-30 06:10:51,671 - INFO  - [NUDE][TRAIN] Epoch 94/100 Iter 60/390 Loss 0.0013 Top1 99.99 Top5 100.00
2025-12-30 06:10:57,523 - INFO  - [NUDE][TRAIN] Epoch 94/100 Iter 80/390 Loss 0.0013 Top1 99.99 Top5 100.00
2025-12-30 06:11:03,389 - INFO  - [NUDE][TRAIN] Epoch 94/100 Iter 100/390 Loss 0.0013 Top1 99.99 Top5 100.00
2025-12-30 06:11:09,137 - INFO  - [NUDE][TRAIN] Epoch 94/100 Iter 120/390 Loss 0.0013 Top1 99.99 Top5 100.00
2025-12-30 06:11:14,998 - INFO  - [NUDE][TRAIN] Epoch 94/100 Iter 140/390 Loss 0.0013 Top1 99.99 Top5 100.00
2025-12-30 06:11:20,741 - INFO  - [NUDE][TRAIN] Epoch 94/100 Iter 160/390 Loss 0.0013 Top1 100.00 Top5 100.00
2025-12-30 06:11:26,631 - INFO  - [NUDE][TRAIN] Epoch 94/100 Iter 180/390 Loss 0.0013 Top1 100.00 Top5 100.00
2025-12-30 06:11:32,461 - INFO  - [NUDE][TRAIN] Epoch 94/100 Iter 200/390 Loss 0.0013 Top1 100.00 Top5 100.00
2025-12-30 06:11:38,212 - INFO  - [NUDE][TRAIN] Epoch 94/100 Iter 220/390 Loss 0.0013 Top1 100.00 Top5 100.00
2025-12-30 06:11:44,026 - INFO  - [NUDE][TRAIN] Epoch 94/100 Iter 240/390 Loss 0.0013 Top1 100.00 Top5 100.00
2025-12-30 06:11:49,760 - INFO  - [NUDE][TRAIN] Epoch 94/100 Iter 260/390 Loss 0.0013 Top1 100.00 Top5 100.00
2025-12-30 06:11:55,628 - INFO  - [NUDE][TRAIN] Epoch 94/100 Iter 280/390 Loss 0.0013 Top1 99.99 Top5 100.00
2025-12-30 06:12:01,528 - INFO  - [NUDE][TRAIN] Epoch 94/100 Iter 300/390 Loss 0.0013 Top1 99.99 Top5 100.00
2025-12-30 06:12:07,190 - INFO  - [NUDE][TRAIN] Epoch 94/100 Iter 320/390 Loss 0.0013 Top1 100.00 Top5 100.00
2025-12-30 06:12:12,953 - INFO  - [NUDE][TRAIN] Epoch 94/100 Iter 340/390 Loss 0.0013 Top1 100.00 Top5 100.00
2025-12-30 06:12:18,607 - INFO  - [NUDE][TRAIN] Epoch 94/100 Iter 360/390 Loss 0.0013 Top1 100.00 Top5 100.00
2025-12-30 06:12:24,453 - INFO  - [NUDE][TRAIN] Epoch 94/100 Iter 380/390 Loss 0.0013 Top1 99.99 Top5 100.00
2025-12-30 06:12:27,379 - INFO  - [NUDE] Validate: force max bit-width W/A = 6
2025-12-30 06:12:29,690 - INFO  - [NUDE][EPOCH] 94/100 Train: Top1=99.99 Top5=100.00 Loss=0.0013 | Val(EMA): Top1=93.22
2025-12-30 06:12:29,690 - INFO  -   ⏱️  本Epoch耗时: 1分55秒 | 平均Epoch耗时: 1分56秒 | 剩余Epoch数: 5
2025-12-30 06:12:29,690 - INFO  -   📅 预估剩余时间: 9分40秒 | 预估完成时间: 2025-12-30 06:22:10
2025-12-30 06:12:30,455 - INFO  - ([95] Epoch) Saving checkpoint to:
             Current: /root/autodl-tmp/retraining-free-quantization/training/r18_c10_nude_0.02_all_bits_orth/r18_c10_nude_0.02_all_bits_orth_checkpoint.pth.tar

2025-12-30 06:12:30,458 - INFO  - 🎲 Epoch 95: FaultInjector seed rotated to 137
2025-12-30 06:12:30,465 - INFO  - [NUDE] Epoch 95: force max bit-width W/A = 6
2025-12-30 06:12:30,465 - INFO  - ================================================================================
2025-12-30 06:12:30,465 - INFO  - 🔥 [NUDE] BFAT ACTIVE
2025-12-30 06:12:30,465 - INFO  -    Loss Type: direct_ce
2025-12-30 06:12:30,465 - INFO  -    Proj Mode: orthogonal
2025-12-30 06:12:30,465 - INFO  -    Injection: All Bits
2025-12-30 06:12:30,465 - INFO  - ================================================================================
2025-12-30 06:12:36,464 - INFO  - [NUDE][TRAIN] Epoch 95/100 Iter 20/390 Loss 0.0012 Top1 100.00 Top5 100.00
2025-12-30 06:12:42,360 - INFO  - [NUDE][TRAIN] Epoch 95/100 Iter 40/390 Loss 0.0013 Top1 100.00 Top5 100.00
2025-12-30 06:12:48,105 - INFO  - [NUDE][TRAIN] Epoch 95/100 Iter 60/390 Loss 0.0012 Top1 100.00 Top5 100.00
2025-12-30 06:12:53,990 - INFO  - [NUDE][TRAIN] Epoch 95/100 Iter 80/390 Loss 0.0012 Top1 99.98 Top5 100.00
2025-12-30 06:12:59,854 - INFO  - [NUDE][TRAIN] Epoch 95/100 Iter 100/390 Loss 0.0012 Top1 99.98 Top5 100.00
2025-12-30 06:13:05,607 - INFO  - [NUDE][TRAIN] Epoch 95/100 Iter 120/390 Loss 0.0012 Top1 99.99 Top5 100.00
2025-12-30 06:13:11,465 - INFO  - [NUDE][TRAIN] Epoch 95/100 Iter 140/390 Loss 0.0012 Top1 99.99 Top5 100.00
2025-12-30 06:13:17,202 - INFO  - [NUDE][TRAIN] Epoch 95/100 Iter 160/390 Loss 0.0012 Top1 99.99 Top5 100.00
2025-12-30 06:13:23,083 - INFO  - [NUDE][TRAIN] Epoch 95/100 Iter 180/390 Loss 0.0011 Top1 99.99 Top5 100.00
2025-12-30 06:13:28,940 - INFO  - [NUDE][TRAIN] Epoch 95/100 Iter 200/390 Loss 0.0012 Top1 99.99 Top5 100.00
2025-12-30 06:13:34,682 - INFO  - [NUDE][TRAIN] Epoch 95/100 Iter 220/390 Loss 0.0012 Top1 99.99 Top5 100.00
2025-12-30 06:13:40,530 - INFO  - [NUDE][TRAIN] Epoch 95/100 Iter 240/390 Loss 0.0012 Top1 99.99 Top5 100.00
2025-12-30 06:13:46,196 - INFO  - [NUDE][TRAIN] Epoch 95/100 Iter 260/390 Loss 0.0012 Top1 99.99 Top5 100.00
2025-12-30 06:13:51,911 - INFO  - [NUDE][TRAIN] Epoch 95/100 Iter 280/390 Loss 0.0012 Top1 99.99 Top5 100.00
2025-12-30 06:13:57,662 - INFO  - [NUDE][TRAIN] Epoch 95/100 Iter 300/390 Loss 0.0012 Top1 99.99 Top5 100.00
2025-12-30 06:14:03,410 - INFO  - [NUDE][TRAIN] Epoch 95/100 Iter 320/390 Loss 0.0012 Top1 99.99 Top5 100.00
2025-12-30 06:14:09,293 - INFO  - [NUDE][TRAIN] Epoch 95/100 Iter 340/390 Loss 0.0012 Top1 99.99 Top5 100.00
2025-12-30 06:14:15,039 - INFO  - [NUDE][TRAIN] Epoch 95/100 Iter 360/390 Loss 0.0012 Top1 99.99 Top5 100.00
2025-12-30 06:14:20,859 - INFO  - [NUDE][TRAIN] Epoch 95/100 Iter 380/390 Loss 0.0012 Top1 99.99 Top5 100.00
2025-12-30 06:14:23,834 - INFO  - [NUDE] Validate: force max bit-width W/A = 6
2025-12-30 06:14:26,116 - INFO  - [NUDE][EPOCH] 95/100 Train: Top1=99.99 Top5=100.00 Loss=0.0013 | Val(EMA): Top1=93.14
2025-12-30 06:14:26,116 - INFO  -   ⏱️  本Epoch耗时: 1分55秒 | 平均Epoch耗时: 1分56秒 | 剩余Epoch数: 4
2025-12-30 06:14:26,116 - INFO  -   📅 预估剩余时间: 7分44秒 | 预估完成时间: 2025-12-30 06:22:10
2025-12-30 06:14:26,834 - INFO  - ([96] Epoch) Saving checkpoint to:
             Current: /root/autodl-tmp/retraining-free-quantization/training/r18_c10_nude_0.02_all_bits_orth/r18_c10_nude_0.02_all_bits_orth_checkpoint.pth.tar

2025-12-30 06:14:26,837 - INFO  - 🎲 Epoch 96: FaultInjector seed rotated to 138
2025-12-30 06:14:26,844 - INFO  - [NUDE] Epoch 96: force max bit-width W/A = 6
2025-12-30 06:14:26,845 - INFO  - ================================================================================
2025-12-30 06:14:26,845 - INFO  - 🔥 [NUDE] BFAT ACTIVE
2025-12-30 06:14:26,845 - INFO  -    Loss Type: direct_ce
2025-12-30 06:14:26,845 - INFO  -    Proj Mode: orthogonal
2025-12-30 06:14:26,845 - INFO  -    Injection: All Bits
2025-12-30 06:14:26,845 - INFO  - ================================================================================
2025-12-30 06:14:34,118 - INFO  - [NUDE][TRAIN] Epoch 96/100 Iter 20/390 Loss 0.0009 Top1 100.00 Top5 100.00
2025-12-30 06:14:41,254 - INFO  - [NUDE][TRAIN] Epoch 96/100 Iter 40/390 Loss 0.0013 Top1 100.00 Top5 100.00
2025-12-30 06:14:48,273 - INFO  - [NUDE][TRAIN] Epoch 96/100 Iter 60/390 Loss 0.0015 Top1 99.99 Top5 100.00
2025-12-30 06:14:55,370 - INFO  - [NUDE][TRAIN] Epoch 96/100 Iter 80/390 Loss 0.0014 Top1 99.98 Top5 100.00
2025-12-30 06:15:01,307 - INFO  - [NUDE][TRAIN] Epoch 96/100 Iter 100/390 Loss 0.0013 Top1 99.98 Top5 100.00
2025-12-30 06:15:07,079 - INFO  - [NUDE][TRAIN] Epoch 96/100 Iter 120/390 Loss 0.0013 Top1 99.98 Top5 100.00
2025-12-30 06:15:12,908 - INFO  - [NUDE][TRAIN] Epoch 96/100 Iter 140/390 Loss 0.0013 Top1 99.98 Top5 100.00
2025-12-30 06:15:18,637 - INFO  - [NUDE][TRAIN] Epoch 96/100 Iter 160/390 Loss 0.0014 Top1 99.98 Top5 100.00
2025-12-30 06:15:24,432 - INFO  - [NUDE][TRAIN] Epoch 96/100 Iter 180/390 Loss 0.0013 Top1 99.98 Top5 100.00
2025-12-30 06:15:30,194 - INFO  - [NUDE][TRAIN] Epoch 96/100 Iter 200/390 Loss 0.0013 Top1 99.98 Top5 100.00
2025-12-30 06:15:35,851 - INFO  - [NUDE][TRAIN] Epoch 96/100 Iter 220/390 Loss 0.0013 Top1 99.98 Top5 100.00
2025-12-30 06:15:41,708 - INFO  - [NUDE][TRAIN] Epoch 96/100 Iter 240/390 Loss 0.0014 Top1 99.98 Top5 100.00
2025-12-30 06:15:47,478 - INFO  - [NUDE][TRAIN] Epoch 96/100 Iter 260/390 Loss 0.0013 Top1 99.98 Top5 100.00
2025-12-30 06:15:53,340 - INFO  - [NUDE][TRAIN] Epoch 96/100 Iter 280/390 Loss 0.0014 Top1 99.98 Top5 100.00
2025-12-30 06:15:59,207 - INFO  - [NUDE][TRAIN] Epoch 96/100 Iter 300/390 Loss 0.0013 Top1 99.98 Top5 100.00
2025-12-30 06:16:04,946 - INFO  - [NUDE][TRAIN] Epoch 96/100 Iter 320/390 Loss 0.0013 Top1 99.98 Top5 100.00
2025-12-30 06:16:10,797 - INFO  - [NUDE][TRAIN] Epoch 96/100 Iter 340/390 Loss 0.0013 Top1 99.98 Top5 100.00
2025-12-30 06:16:16,535 - INFO  - [NUDE][TRAIN] Epoch 96/100 Iter 360/390 Loss 0.0013 Top1 99.98 Top5 100.00
2025-12-30 06:16:22,410 - INFO  - [NUDE][TRAIN] Epoch 96/100 Iter 380/390 Loss 0.0013 Top1 99.98 Top5 100.00
2025-12-30 06:16:25,345 - INFO  - [NUDE] Validate: force max bit-width W/A = 6
2025-12-30 06:16:27,592 - INFO  - [NUDE][EPOCH] 96/100 Train: Top1=99.98 Top5=100.00 Loss=0.0013 | Val(EMA): Top1=93.14
2025-12-30 06:16:27,592 - INFO  -   ⏱️  本Epoch耗时: 2分0秒 | 平均Epoch耗时: 1分56秒 | 剩余Epoch数: 3
2025-12-30 06:16:27,592 - INFO  -   📅 预估剩余时间: 5分50秒 | 预估完成时间: 2025-12-30 06:22:17
2025-12-30 06:16:28,166 - INFO  - ([97] Epoch) Saving checkpoint to:
             Current: /root/autodl-tmp/retraining-free-quantization/training/r18_c10_nude_0.02_all_bits_orth/r18_c10_nude_0.02_all_bits_orth_checkpoint.pth.tar

2025-12-30 06:16:28,169 - INFO  - 🎲 Epoch 97: FaultInjector seed rotated to 139
2025-12-30 06:16:28,176 - INFO  - [NUDE] Epoch 97: force max bit-width W/A = 6
2025-12-30 06:16:28,176 - INFO  - ================================================================================
2025-12-30 06:16:28,176 - INFO  - 🔥 [NUDE] BFAT ACTIVE
2025-12-30 06:16:28,176 - INFO  -    Loss Type: direct_ce
2025-12-30 06:16:28,176 - INFO  -    Proj Mode: orthogonal
2025-12-30 06:16:28,176 - INFO  -    Injection: All Bits
2025-12-30 06:16:28,176 - INFO  - ================================================================================
2025-12-30 06:16:34,193 - INFO  - [NUDE][TRAIN] Epoch 97/100 Iter 20/390 Loss 0.0015 Top1 99.96 Top5 100.00
2025-12-30 06:16:40,091 - INFO  - [NUDE][TRAIN] Epoch 97/100 Iter 40/390 Loss 0.0013 Top1 99.98 Top5 100.00
2025-12-30 06:16:45,827 - INFO  - [NUDE][TRAIN] Epoch 97/100 Iter 60/390 Loss 0.0013 Top1 99.99 Top5 100.00
2025-12-30 06:16:51,661 - INFO  - [NUDE][TRAIN] Epoch 97/100 Iter 80/390 Loss 0.0012 Top1 99.99 Top5 100.00
2025-12-30 06:16:57,492 - INFO  - [NUDE][TRAIN] Epoch 97/100 Iter 100/390 Loss 0.0012 Top1 99.99 Top5 100.00
2025-12-30 06:17:03,212 - INFO  - [NUDE][TRAIN] Epoch 97/100 Iter 120/390 Loss 0.0013 Top1 99.99 Top5 100.00
2025-12-30 06:17:08,948 - INFO  - [NUDE][TRAIN] Epoch 97/100 Iter 140/390 Loss 0.0013 Top1 99.98 Top5 100.00
2025-12-30 06:17:14,633 - INFO  - [NUDE][TRAIN] Epoch 97/100 Iter 160/390 Loss 0.0015 Top1 99.98 Top5 100.00
2025-12-30 06:17:20,437 - INFO  - [NUDE][TRAIN] Epoch 97/100 Iter 180/390 Loss 0.0014 Top1 99.98 Top5 100.00
2025-12-30 06:17:26,277 - INFO  - [NUDE][TRAIN] Epoch 97/100 Iter 200/390 Loss 0.0014 Top1 99.98 Top5 100.00
2025-12-30 06:17:32,042 - INFO  - [NUDE][TRAIN] Epoch 97/100 Iter 220/390 Loss 0.0014 Top1 99.98 Top5 100.00
2025-12-30 06:17:37,889 - INFO  - [NUDE][TRAIN] Epoch 97/100 Iter 240/390 Loss 0.0015 Top1 99.98 Top5 100.00
2025-12-30 06:17:43,628 - INFO  - [NUDE][TRAIN] Epoch 97/100 Iter 260/390 Loss 0.0016 Top1 99.98 Top5 100.00
2025-12-30 06:17:49,473 - INFO  - [NUDE][TRAIN] Epoch 97/100 Iter 280/390 Loss 0.0015 Top1 99.98 Top5 100.00
2025-12-30 06:17:55,324 - INFO  - [NUDE][TRAIN] Epoch 97/100 Iter 300/390 Loss 0.0015 Top1 99.98 Top5 100.00
2025-12-30 06:18:01,089 - INFO  - [NUDE][TRAIN] Epoch 97/100 Iter 320/390 Loss 0.0015 Top1 99.98 Top5 100.00
2025-12-30 06:18:06,989 - INFO  - [NUDE][TRAIN] Epoch 97/100 Iter 340/390 Loss 0.0015 Top1 99.98 Top5 100.00
2025-12-30 06:18:12,735 - INFO  - [NUDE][TRAIN] Epoch 97/100 Iter 360/390 Loss 0.0015 Top1 99.98 Top5 100.00
2025-12-30 06:18:18,577 - INFO  - [NUDE][TRAIN] Epoch 97/100 Iter 380/390 Loss 0.0015 Top1 99.98 Top5 100.00
2025-12-30 06:18:21,489 - INFO  - [NUDE] Validate: force max bit-width W/A = 6
2025-12-30 06:18:23,778 - INFO  - [NUDE][EPOCH] 97/100 Train: Top1=99.98 Top5=100.00 Loss=0.0015 | Val(EMA): Top1=93.23
2025-12-30 06:18:23,778 - INFO  -   ⏱️  本Epoch耗时: 1分55秒 | 平均Epoch耗时: 1分56秒 | 剩余Epoch数: 2
2025-12-30 06:18:23,778 - INFO  -   📅 预估剩余时间: 3分53秒 | 预估完成时间: 2025-12-30 06:22:17
2025-12-30 06:18:24,464 - INFO  - ([98] Epoch) Saving checkpoint to:
             Current: /root/autodl-tmp/retraining-free-quantization/training/r18_c10_nude_0.02_all_bits_orth/r18_c10_nude_0.02_all_bits_orth_checkpoint.pth.tar

2025-12-30 06:18:24,467 - INFO  - 🎲 Epoch 98: FaultInjector seed rotated to 140
2025-12-30 06:18:24,475 - INFO  - [NUDE] Epoch 98: force max bit-width W/A = 6
2025-12-30 06:18:24,475 - INFO  - ================================================================================
2025-12-30 06:18:24,475 - INFO  - 🔥 [NUDE] BFAT ACTIVE
2025-12-30 06:18:24,475 - INFO  -    Loss Type: direct_ce
2025-12-30 06:18:24,475 - INFO  -    Proj Mode: orthogonal
2025-12-30 06:18:24,475 - INFO  -    Injection: All Bits
2025-12-30 06:18:24,475 - INFO  - ================================================================================
2025-12-30 06:18:30,425 - INFO  - [NUDE][TRAIN] Epoch 98/100 Iter 20/390 Loss 0.0013 Top1 100.00 Top5 100.00
2025-12-30 06:18:36,319 - INFO  - [NUDE][TRAIN] Epoch 98/100 Iter 40/390 Loss 0.0013 Top1 99.98 Top5 100.00
2025-12-30 06:18:42,081 - INFO  - [NUDE][TRAIN] Epoch 98/100 Iter 60/390 Loss 0.0013 Top1 99.97 Top5 100.00
2025-12-30 06:18:47,817 - INFO  - [NUDE][TRAIN] Epoch 98/100 Iter 80/390 Loss 0.0012 Top1 99.98 Top5 100.00
2025-12-30 06:18:53,544 - INFO  - [NUDE][TRAIN] Epoch 98/100 Iter 100/390 Loss 0.0012 Top1 99.98 Top5 100.00
2025-12-30 06:18:59,189 - INFO  - [NUDE][TRAIN] Epoch 98/100 Iter 120/390 Loss 0.0011 Top1 99.99 Top5 100.00
2025-12-30 06:19:05,046 - INFO  - [NUDE][TRAIN] Epoch 98/100 Iter 140/390 Loss 0.0011 Top1 99.99 Top5 100.00
2025-12-30 06:19:10,778 - INFO  - [NUDE][TRAIN] Epoch 98/100 Iter 160/390 Loss 0.0011 Top1 99.99 Top5 100.00
2025-12-30 06:19:16,674 - INFO  - [NUDE][TRAIN] Epoch 98/100 Iter 180/390 Loss 0.0011 Top1 99.99 Top5 100.00
2025-12-30 06:19:22,531 - INFO  - [NUDE][TRAIN] Epoch 98/100 Iter 200/390 Loss 0.0011 Top1 99.99 Top5 100.00
2025-12-30 06:19:28,263 - INFO  - [NUDE][TRAIN] Epoch 98/100 Iter 220/390 Loss 0.0011 Top1 99.99 Top5 100.00
2025-12-30 06:19:34,080 - INFO  - [NUDE][TRAIN] Epoch 98/100 Iter 240/390 Loss 0.0011 Top1 99.99 Top5 100.00
2025-12-30 06:19:39,810 - INFO  - [NUDE][TRAIN] Epoch 98/100 Iter 260/390 Loss 0.0011 Top1 99.99 Top5 100.00
2025-12-30 06:19:45,651 - INFO  - [NUDE][TRAIN] Epoch 98/100 Iter 280/390 Loss 0.0011 Top1 99.99 Top5 100.00
2025-12-30 06:19:51,530 - INFO  - [NUDE][TRAIN] Epoch 98/100 Iter 300/390 Loss 0.0012 Top1 99.99 Top5 100.00
2025-12-30 06:19:57,283 - INFO  - [NUDE][TRAIN] Epoch 98/100 Iter 320/390 Loss 0.0012 Top1 99.99 Top5 100.00
2025-12-30 06:20:03,133 - INFO  - [NUDE][TRAIN] Epoch 98/100 Iter 340/390 Loss 0.0012 Top1 99.99 Top5 100.00
2025-12-30 06:20:08,886 - INFO  - [NUDE][TRAIN] Epoch 98/100 Iter 360/390 Loss 0.0012 Top1 99.99 Top5 100.00
2025-12-30 06:20:14,788 - INFO  - [NUDE][TRAIN] Epoch 98/100 Iter 380/390 Loss 0.0012 Top1 99.99 Top5 100.00
2025-12-30 06:20:17,717 - INFO  - [NUDE] Validate: force max bit-width W/A = 6
2025-12-30 06:20:19,999 - INFO  - [NUDE][EPOCH] 98/100 Train: Top1=99.99 Top5=100.00 Loss=0.0012 | Val(EMA): Top1=93.21
2025-12-30 06:20:19,999 - INFO  -   ⏱️  本Epoch耗时: 1分55秒 | 平均Epoch耗时: 1分56秒 | 剩余Epoch数: 1
2025-12-30 06:20:19,999 - INFO  -   📅 预估剩余时间: 1分56秒 | 预估完成时间: 2025-12-30 06:22:16
2025-12-30 06:20:20,725 - INFO  - ([99] Epoch) Saving checkpoint to:
             Current: /root/autodl-tmp/retraining-free-quantization/training/r18_c10_nude_0.02_all_bits_orth/r18_c10_nude_0.02_all_bits_orth_checkpoint.pth.tar

2025-12-30 06:20:20,728 - INFO  - 🎲 Epoch 99: FaultInjector seed rotated to 141
2025-12-30 06:20:20,736 - INFO  - [NUDE] Epoch 99: force max bit-width W/A = 6
2025-12-30 06:20:20,736 - INFO  - ================================================================================
2025-12-30 06:20:20,736 - INFO  - 🔥 [NUDE] BFAT ACTIVE
2025-12-30 06:20:20,736 - INFO  -    Loss Type: direct_ce
2025-12-30 06:20:20,736 - INFO  -    Proj Mode: orthogonal
2025-12-30 06:20:20,736 - INFO  -    Injection: All Bits
2025-12-30 06:20:20,736 - INFO  - ================================================================================
2025-12-30 06:20:26,624 - INFO  - [NUDE][TRAIN] Epoch 99/100 Iter 20/390 Loss 0.0014 Top1 99.96 Top5 100.00
2025-12-30 06:20:32,387 - INFO  - [NUDE][TRAIN] Epoch 99/100 Iter 40/390 Loss 0.0017 Top1 99.94 Top5 100.00
2025-12-30 06:20:38,017 - INFO  - [NUDE][TRAIN] Epoch 99/100 Iter 60/390 Loss 0.0015 Top1 99.96 Top5 100.00
2025-12-30 06:20:43,821 - INFO  - [NUDE][TRAIN] Epoch 99/100 Iter 80/390 Loss 0.0016 Top1 99.95 Top5 100.00
2025-12-30 06:20:49,655 - INFO  - [NUDE][TRAIN] Epoch 99/100 Iter 100/390 Loss 0.0014 Top1 99.96 Top5 100.00
2025-12-30 06:20:55,413 - INFO  - [NUDE][TRAIN] Epoch 99/100 Iter 120/390 Loss 0.0015 Top1 99.95 Top5 100.00
2025-12-30 06:21:01,251 - INFO  - [NUDE][TRAIN] Epoch 99/100 Iter 140/390 Loss 0.0015 Top1 99.96 Top5 100.00
2025-12-30 06:21:06,989 - INFO  - [NUDE][TRAIN] Epoch 99/100 Iter 160/390 Loss 0.0015 Top1 99.96 Top5 100.00
2025-12-30 06:21:12,963 - INFO  - [NUDE][TRAIN] Epoch 99/100 Iter 180/390 Loss 0.0014 Top1 99.97 Top5 100.00
2025-12-30 06:21:18,822 - INFO  - [NUDE][TRAIN] Epoch 99/100 Iter 200/390 Loss 0.0015 Top1 99.96 Top5 100.00
2025-12-30 06:21:24,555 - INFO  - [NUDE][TRAIN] Epoch 99/100 Iter 220/390 Loss 0.0015 Top1 99.96 Top5 100.00
2025-12-30 06:21:30,378 - INFO  - [NUDE][TRAIN] Epoch 99/100 Iter 240/390 Loss 0.0015 Top1 99.96 Top5 100.00
2025-12-30 06:21:36,113 - INFO  - [NUDE][TRAIN] Epoch 99/100 Iter 260/390 Loss 0.0015 Top1 99.96 Top5 100.00
2025-12-30 06:21:41,936 - INFO  - [NUDE][TRAIN] Epoch 99/100 Iter 280/390 Loss 0.0015 Top1 99.97 Top5 100.00
2025-12-30 06:21:47,777 - INFO  - [NUDE][TRAIN] Epoch 99/100 Iter 300/390 Loss 0.0015 Top1 99.97 Top5 100.00
2025-12-30 06:21:53,548 - INFO  - [NUDE][TRAIN] Epoch 99/100 Iter 320/390 Loss 0.0014 Top1 99.97 Top5 100.00
2025-12-30 06:21:59,391 - INFO  - [NUDE][TRAIN] Epoch 99/100 Iter 340/390 Loss 0.0014 Top1 99.97 Top5 100.00
2025-12-30 06:22:05,121 - INFO  - [NUDE][TRAIN] Epoch 99/100 Iter 360/390 Loss 0.0014 Top1 99.97 Top5 100.00
2025-12-30 06:22:10,856 - INFO  - [NUDE][TRAIN] Epoch 99/100 Iter 380/390 Loss 0.0014 Top1 99.97 Top5 100.00
2025-12-30 06:22:13,717 - INFO  - [NUDE] Validate: force max bit-width W/A = 6
2025-12-30 06:22:15,957 - INFO  - [NUDE][EPOCH] 99/100 Train: Top1=99.97 Top5=100.00 Loss=0.0014 | Val(EMA): Top1=93.20
2025-12-30 06:22:15,957 - INFO  -   ⏱️  本Epoch耗时: 1分55秒 | 平均Epoch耗时: 1分56秒 | 剩余Epoch数: 0
2025-12-30 06:22:15,958 - INFO  -   ✅ 训练完成！总耗时: 3小时17分58秒
2025-12-30 06:22:16,638 - INFO  - ([100] Epoch) Saving checkpoint to:
             Current: /root/autodl-tmp/retraining-free-quantization/training/r18_c10_nude_0.02_all_bits_orth/r18_c10_nude_0.02_all_bits_orth_checkpoint.pth.tar

