2025-12-19 08:09:50,206 - INFO  - Log file for this run: /root/autodl-tmp/retraining-free-quantization/training/resnet18_cifar10_nude_srqat_ls1em04/resnet18_cifar10_nude_srqat_ls1em04.log
2025-12-19 08:09:50,211 - INFO  - TensorBoard data directory: /root/autodl-tmp/retraining-free-quantization/training/resnet18_cifar10_nude_srqat_ls1em04/tb_runs
2025-12-19 08:09:50,212 - INFO  - Code backup completed. Code saved to: /root/autodl-tmp/retraining-free-quantization/training/resnet18_cifar10_nude_srqat_ls1em04/code/.cursor
2025-12-19 08:09:50,212 - INFO  - Code backup completed. Code saved to: /root/autodl-tmp/retraining-free-quantization/training/resnet18_cifar10_nude_srqat_ls1em04/code/.vscode
2025-12-19 08:09:50,212 - INFO  - Code backup completed. Code saved to: /root/autodl-tmp/retraining-free-quantization/training/resnet18_cifar10_nude_srqat_ls1em04/code/activation_dumps/denoise_restorer/clean/clean
2025-12-19 08:09:50,212 - INFO  - Code backup completed. Code saved to: /root/autodl-tmp/retraining-free-quantization/training/resnet18_cifar10_nude_srqat_ls1em04/code/activation_dumps/denoise_restorer/clean
2025-12-19 08:09:50,212 - INFO  - Code backup completed. Code saved to: /root/autodl-tmp/retraining-free-quantization/training/resnet18_cifar10_nude_srqat_ls1em04/code/activation_dumps/denoise_restorer/fault/fault
2025-12-19 08:09:50,212 - INFO  - Code backup completed. Code saved to: /root/autodl-tmp/retraining-free-quantization/training/resnet18_cifar10_nude_srqat_ls1em04/code/activation_dumps/denoise_restorer/fault
2025-12-19 08:09:50,212 - INFO  - Code backup completed. Code saved to: /root/autodl-tmp/retraining-free-quantization/training/resnet18_cifar10_nude_srqat_ls1em04/code/activation_dumps/denoise_restorer
2025-12-19 08:09:50,212 - INFO  - Code backup completed. Code saved to: /root/autodl-tmp/retraining-free-quantization/training/resnet18_cifar10_nude_srqat_ls1em04/code/activation_dumps
2025-12-19 08:09:50,212 - INFO  - Code backup completed. Code saved to: /root/autodl-tmp/retraining-free-quantization/training/resnet18_cifar10_nude_srqat_ls1em04/code/checkpoints
2025-12-19 08:09:50,212 - INFO  - Code backup completed. Code saved to: /root/autodl-tmp/retraining-free-quantization/training/resnet18_cifar10_nude_srqat_ls1em04/code/configs/restorer
2025-12-19 08:09:50,212 - INFO  - Code backup completed. Code saved to: /root/autodl-tmp/retraining-free-quantization/training/resnet18_cifar10_nude_srqat_ls1em04/code/configs
2025-12-19 08:09:50,212 - INFO  - Code backup completed. Code saved to: /root/autodl-tmp/retraining-free-quantization/training/resnet18_cifar10_nude_srqat_ls1em04/code/docs
2025-12-19 08:09:50,212 - INFO  - Code backup completed. Code saved to: /root/autodl-tmp/retraining-free-quantization/training/resnet18_cifar10_nude_srqat_ls1em04/code/layer_profiles
2025-12-19 08:09:50,213 - INFO  - Code backup completed. Code saved to: /root/autodl-tmp/retraining-free-quantization/training/resnet18_cifar10_nude_srqat_ls1em04/code/learning_heads
2025-12-19 08:09:50,213 - INFO  - Code backup completed. Code saved to: /root/autodl-tmp/retraining-free-quantization/training/resnet18_cifar10_nude_srqat_ls1em04/code/logs/restorer_pipeline
2025-12-19 08:09:50,213 - INFO  - Code backup completed. Code saved to: /root/autodl-tmp/retraining-free-quantization/training/resnet18_cifar10_nude_srqat_ls1em04/code/logs/sensitive_layer_sets
2025-12-19 08:09:50,213 - INFO  - Code backup completed. Code saved to: /root/autodl-tmp/retraining-free-quantization/training/resnet18_cifar10_nude_srqat_ls1em04/code/logs
2025-12-19 08:09:50,213 - INFO  - Copied code file: __init__.py
2025-12-19 08:09:50,213 - INFO  - Copied code file: alexnet_cifar.py
2025-12-19 08:09:50,214 - INFO  - Copied code file: mobilenetv2.py
2025-12-19 08:09:50,214 - INFO  - Copied code file: model.py
2025-12-19 08:09:50,214 - INFO  - Copied code file: resnet_cifar.py
2025-12-19 08:09:50,214 - INFO  - Code backup completed. Code saved to: /root/autodl-tmp/retraining-free-quantization/training/resnet18_cifar10_nude_srqat_ls1em04/code/model
2025-12-19 08:09:50,214 - INFO  - Copied code file: __init__.py
2025-12-19 08:09:50,214 - INFO  - Copied code file: lsq.py
2025-12-19 08:09:50,215 - INFO  - Copied code file: quantizer.py
2025-12-19 08:09:50,215 - INFO  - Code backup completed. Code saved to: /root/autodl-tmp/retraining-free-quantization/training/resnet18_cifar10_nude_srqat_ls1em04/code/quan/quantizer
2025-12-19 08:09:50,215 - INFO  - Copied code file: __init__.py
2025-12-19 08:09:50,215 - INFO  - Copied code file: func.py
2025-12-19 08:09:50,215 - INFO  - Copied code file: utils.py
2025-12-19 08:09:50,215 - INFO  - Code backup completed. Code saved to: /root/autodl-tmp/retraining-free-quantization/training/resnet18_cifar10_nude_srqat_ls1em04/code/quan
2025-12-19 08:09:50,215 - INFO  - Code backup completed. Code saved to: /root/autodl-tmp/retraining-free-quantization/training/resnet18_cifar10_nude_srqat_ls1em04/code/sensitive_training/alexnet_cifar10_sensitive_stage2/tb_runs
2025-12-19 08:09:50,215 - INFO  - Code backup completed. Code saved to: /root/autodl-tmp/retraining-free-quantization/training/resnet18_cifar10_nude_srqat_ls1em04/code/sensitive_training/alexnet_cifar10_sensitive_stage2
2025-12-19 08:09:50,215 - INFO  - Code backup completed. Code saved to: /root/autodl-tmp/retraining-free-quantization/training/resnet18_cifar10_nude_srqat_ls1em04/code/sensitive_training/alexnet_cifar10_sensitive_stage2_transformer/tb_runs
2025-12-19 08:09:50,215 - INFO  - Code backup completed. Code saved to: /root/autodl-tmp/retraining-free-quantization/training/resnet18_cifar10_nude_srqat_ls1em04/code/sensitive_training/alexnet_cifar10_sensitive_stage2_transformer
2025-12-19 08:09:50,215 - INFO  - Code backup completed. Code saved to: /root/autodl-tmp/retraining-free-quantization/training/resnet18_cifar10_nude_srqat_ls1em04/code/sensitive_training
2025-12-19 08:09:50,216 - INFO  - Copied code file: analyze_corrector_logits.py
2025-12-19 08:09:50,216 - INFO  - Copied code file: analyze_fault_propagation.py
2025-12-19 08:09:50,216 - INFO  - Copied code file: analyze_layer_sensitivity.py
2025-12-19 08:09:50,216 - INFO  - Copied code file: test_fault_injection_baseline_resnet18.py
2025-12-19 08:09:50,216 - INFO  - Copied code file: analyze_multi_bit_sensitivity.py
2025-12-19 08:09:50,216 - INFO  - Copied code file: analyze_single_layer_fault_impact.py
2025-12-19 08:09:50,217 - INFO  - Copied code file: calculate_weight_flip_probability.py
2025-12-19 08:09:50,217 - INFO  - Copied code file: collect_layer_statistics.py
2025-12-19 08:09:50,217 - INFO  - Copied code file: diagnose_corrector_gap.py
2025-12-19 08:09:50,217 - INFO  - Copied code file: sweep_srqat.py
2025-12-19 08:09:50,217 - INFO  - Copied code file: eval_gradient_statistics_restorer.py
2025-12-19 08:09:50,217 - INFO  - Copied code file: eval_sensitive_layer_sets.py
2025-12-19 08:09:50,217 - INFO  - Copied code file: eval_sensitive_restorer.py
2025-12-19 08:09:50,218 - INFO  - Copied code file: eval_with_fault_injection.py
2025-12-19 08:09:50,218 - INFO  - Copied code file: compare_lsq_scales_with_checkpoint.py
2025-12-19 08:09:50,218 - INFO  - Copied code file: test_fault_injector.py
2025-12-19 08:09:50,218 - INFO  - Copied code file: analyze_srqat_scale_weight_norms.py
2025-12-19 08:09:50,218 - INFO  - Copied code file: test_gray_code_fault_injection.py
2025-12-19 08:09:50,218 - INFO  - Copied code file: test_olm_fault_injection.py
2025-12-19 08:09:50,218 - INFO  - Copied code file: export_srqat_penalty_stats.py
2025-12-19 08:09:50,219 - INFO  - Copied code file: train_learning_repair_head.py
2025-12-19 08:09:50,219 - INFO  - Copied code file: train_olm_encoder.py
2025-12-19 08:09:50,219 - INFO  - Copied code file: plot_weight_distribution_violin.py
2025-12-19 08:09:50,219 - INFO  - Copied code file: train_sensitive_repair_head.py
2025-12-19 08:09:50,219 - INFO  - Copied code file: visualize_fault_activation.py
2025-12-19 08:09:50,219 - INFO  - Copied code file: test_learnable_olm_vs_traditional_olm.py
2025-12-19 08:09:50,220 - INFO  - Copied code file: test_fault_injection_baseline.py
2025-12-19 08:09:50,220 - INFO  - Copied code file: analyze_olm_differences.py
2025-12-19 08:09:50,220 - INFO  - Copied code file: test_learnable_olm_consistency.py
2025-12-19 08:09:50,220 - INFO  - Copied code file: test_search_olm_from_checkpoint.py
2025-12-19 08:09:50,220 - INFO  - Copied code file: test_olm_layer_name_check.py
2025-12-19 08:09:50,220 - INFO  - Copied code file: compare_old_new_fault_injector.py
2025-12-19 08:09:50,220 - INFO  - Copied code file: verify_dec2_fault_injector.py
2025-12-19 08:09:50,221 - INFO  - Copied code file: verify_dec2_olm_fault_injection.py
2025-12-19 08:09:50,221 - INFO  - Copied code file: train_olm_encoder_improved.py
2025-12-19 08:09:50,221 - INFO  - Copied code file: train_olm_encoder_improved_v2.py
2025-12-19 08:09:50,221 - INFO  - Copied code file: train_olm_encoder_enhanced.py
2025-12-19 08:09:50,221 - INFO  - Copied code file: compare_olm_vs_gray_code.py
2025-12-19 08:09:50,221 - INFO  - Copied code file: test_bit_range_fault_injection.py
2025-12-19 08:09:50,221 - INFO  - Copied code file: train_olm_encoder_partial_bits.py
2025-12-19 08:09:50,222 - INFO  - Copied code file: test_bit7_flip_direction.py
2025-12-19 08:09:50,222 - INFO  - Copied code file: train_olm_encoder_hybrid.py
2025-12-19 08:09:50,222 - INFO  - Copied code file: train_olm_encoder_hybrid_v2.py
2025-12-19 08:09:50,222 - INFO  - Copied code file: test_hybrid_olm_fault_injection.py
2025-12-19 08:09:50,222 - INFO  - Copied code file: analyze_layerwise_activation_drift.py
2025-12-19 08:09:50,222 - INFO  - Copied code file: compare_models_activation_drift.py
2025-12-19 08:09:50,222 - INFO  - Copied code file: sweep_resnet18_srqat.py
2025-12-19 08:09:50,223 - INFO  - Copied code file: plot_activation_drift_paper.py
2025-12-19 08:09:50,223 - INFO  - Code backup completed. Code saved to: /root/autodl-tmp/retraining-free-quantization/training/resnet18_cifar10_nude_srqat_ls1em04/code/tools
2025-12-19 08:09:50,223 - INFO  - Copied code file: __init__.py
2025-12-19 08:09:50,223 - INFO  - Copied code file: bsam.py
2025-12-19 08:09:50,223 - INFO  - Copied code file: checkpoint.py
2025-12-19 08:09:50,223 - INFO  - Copied code file: config.py
2025-12-19 08:09:50,223 - INFO  - Copied code file: data_loader.py
2025-12-19 08:09:50,224 - INFO  - Copied code file: dist.py
2025-12-19 08:09:50,224 - INFO  - Copied code file: enhanced_feature_extractor.py
2025-12-19 08:09:50,224 - INFO  - Copied code file: olm_encoder_enhanced.py
2025-12-19 08:09:50,224 - INFO  - Copied code file: gradient_statistics_restorer.py
2025-12-19 08:09:50,224 - INFO  - Copied code file: greedy_search.py
2025-12-19 08:09:50,224 - INFO  - Copied code file: intermediate_layer_restorer.py
2025-12-19 08:09:50,224 - INFO  - Copied code file: intermediate_restorer_integration.py
2025-12-19 08:09:50,225 - INFO  - Copied code file: intermediate_restorer_trainer.py
2025-12-19 08:09:50,225 - INFO  - Copied code file: layerwise_rl_restorer.py
2025-12-19 08:09:50,225 - INFO  - Copied code file: loss_ops.py
2025-12-19 08:09:50,225 - INFO  - Copied code file: lsq_sam.py
2025-12-19 08:09:50,225 - INFO  - Copied code file: model_ema.py
2025-12-19 08:09:50,225 - INFO  - Copied code file: monitor.py
2025-12-19 08:09:50,225 - INFO  - Copied code file: mpq.py
2025-12-19 08:09:50,226 - INFO  - Copied code file: olm_encoder.py
2025-12-19 08:09:50,226 - INFO  - Copied code file: output_corrector.py
2025-12-19 08:09:50,226 - INFO  - Copied code file: progressive_ber_scheduler.py
2025-12-19 08:09:50,226 - INFO  - Copied code file: qat.py
2025-12-19 08:09:50,226 - INFO  - Copied code file: random_search.py
2025-12-19 08:09:50,226 - INFO  - Copied code file: rl_intermediate_layer_restorer.py
2025-12-19 08:09:50,226 - INFO  - Copied code file: rl_intermediate_restorer_integration.py
2025-12-19 08:09:50,227 - INFO  - Copied code file: rl_restorer.py
2025-12-19 08:09:50,227 - INFO  - Copied code file: rl_restorer_integration.py
2025-12-19 08:09:50,227 - INFO  - Copied code file: rl_restorer_lightweight.py
2025-12-19 08:09:50,227 - INFO  - Copied code file: rl_restorer_trainer.py
2025-12-19 08:09:50,227 - INFO  - Copied code file: searcher.py
2025-12-19 08:09:50,227 - INFO  - Copied code file: sensitive_features.py
2025-12-19 08:09:50,227 - INFO  - Copied code file: sensitive_layer_restorer.py
2025-12-19 08:09:50,228 - INFO  - Copied code file: sensitive_restorer.py
2025-12-19 08:09:50,228 - INFO  - Copied code file: sensitive_restorer_transformer.py
2025-12-19 08:09:50,228 - INFO  - Copied code file: sensitive_restorer_v2.py
2025-12-19 08:09:50,228 - INFO  - Copied code file: utils.py
2025-12-19 08:09:50,228 - INFO  - Copied code file: weight_schd.py
2025-12-19 08:09:50,228 - INFO  - Copied code file: learnable_olm.py
2025-12-19 08:09:50,228 - INFO  - Copied code file: integer_inn_encoder.py
2025-12-19 08:09:50,228 - INFO  - Copied code file: search_olm_manager.py
2025-12-19 08:09:50,229 - INFO  - Copied code file: hybrid_olm_optimizer.py
2025-12-19 08:09:50,229 - INFO  - Copied code file: efficient_hybrid_olm_optimizer.py
2025-12-19 08:09:50,229 - INFO  - Copied code file: fault_injector_question.py
2025-12-19 08:09:50,229 - INFO  - Copied code file: fault_injector.py
2025-12-19 08:09:50,229 - INFO  - Copied code file: improved_olm_encoder.py
2025-12-19 08:09:50,229 - INFO  - Copied code file: improved_olm_encoder_v2.py
2025-12-19 08:09:50,230 - INFO  - Copied code file: improved_olm_encoder_genetic.py
2025-12-19 08:09:50,230 - INFO  - Code backup completed. Code saved to: /root/autodl-tmp/retraining-free-quantization/training/resnet18_cifar10_nude_srqat_ls1em04/code/util
2025-12-19 08:09:50,230 - INFO  - Code backup completed. Code saved to: /root/autodl-tmp/retraining-free-quantization/training/resnet18_cifar10_nude_srqat_ls1em04/code/visualizations/fault_activation_features_0
2025-12-19 08:09:50,230 - INFO  - Code backup completed. Code saved to: /root/autodl-tmp/retraining-free-quantization/training/resnet18_cifar10_nude_srqat_ls1em04/code/visualizations/fault_activation_features_0_ber1e1
2025-12-19 08:09:50,230 - INFO  - Code backup completed. Code saved to: /root/autodl-tmp/retraining-free-quantization/training/resnet18_cifar10_nude_srqat_ls1em04/code/visualizations
2025-12-19 08:09:50,230 - INFO  - Copied code file: main.py
2025-12-19 08:09:50,230 - INFO  - Copied code file: policy.py
2025-12-19 08:09:50,230 - INFO  - Copied code file: compare_scripts.py
2025-12-19 08:09:50,230 - INFO  - Code backup completed. Code saved to: /root/autodl-tmp/retraining-free-quantization/training/resnet18_cifar10_nude_srqat_ls1em04/code/chat
2025-12-19 08:09:50,231 - INFO  - Copied code file: process_sam.py
2025-12-19 08:09:50,231 - INFO  - Copied code file: process.py
2025-12-19 08:09:50,231 - INFO  - Copied code file: FAULT_INJECTION_SIMPLE_EXAMPLE.py
2025-12-19 08:09:50,231 - INFO  - Copied code file: analyze_bit_width_impact.py
2025-12-19 08:09:50,231 - INFO  - Copied code file: evolution_search.py
2025-12-19 08:09:50,232 - INFO  - Copied code file: analyze_w2a6_real_reason.py
2025-12-19 08:09:50,232 - INFO  - Copied code file: analyze_w2a6_slowdown.py
2025-12-19 08:09:50,232 - INFO  - Copied code file: debug_fault_injection_detailed.py
2025-12-19 08:09:50,232 - INFO  - Copied code file: example_enhanced_features.py
2025-12-19 08:09:50,232 - INFO  - Copied code file: example_rl_restorer.py
2025-12-19 08:09:50,232 - INFO  - Copied code file: example_rl_restorer_integration.py
2025-12-19 08:09:50,233 - INFO  - Copied code file: quick_test_gradient_restorer.py
2025-12-19 08:09:50,233 - INFO  - Copied code file: process_olm_fat.py
2025-12-19 08:09:50,233 - INFO  - Copied code file: process_normal.py
2025-12-19 08:09:50,233 - INFO  - Copied code file: main_normal.py
2025-12-19 08:09:50,233 - INFO  - Copied code file: test_ber_verification.py
2025-12-19 08:09:50,234 - INFO  - Copied code file: test_fault_injection_debug.py
2025-12-19 08:09:50,234 - INFO  - Copied code file: test_fault_injection_seed_logic.py
2025-12-19 08:09:50,234 - INFO  - Copied code file: test_fault_injection_verbose.py
2025-12-19 08:09:50,234 - INFO  - Copied code file: test_gradient_preservation.py
2025-12-19 08:09:50,234 - INFO  - Copied code file: test_json_config_loading.py
2025-12-19 08:09:50,234 - INFO  - Copied code file: main_olm_fat.py
2025-12-19 08:09:50,235 - INFO  - Copied code file: train_rl_restorer_with_enhanced_features.py
2025-12-19 08:09:50,235 - INFO  - Copied code file: train_sensitive_restorer.py
2025-12-19 08:09:50,235 - INFO  - Copied code file: train_sensitive_restorer_distill.py
2025-12-19 08:09:50,235 - INFO  - Copied code file: process_nude.py
2025-12-19 08:09:50,235 - INFO  - Copied code file: main_nude.py
2025-12-19 08:09:50,235 - INFO  - Code backup completed. Code saved to: /root/autodl-tmp/retraining-free-quantization/training/resnet18_cifar10_nude_srqat_ls1em04/code/analysis/clean120_drift
2025-12-19 08:09:50,235 - INFO  - Code backup completed. Code saved to: /root/autodl-tmp/retraining-free-quantization/training/resnet18_cifar10_nude_srqat_ls1em04/code/analysis/srqat_drift
2025-12-19 08:09:50,236 - INFO  - Code backup completed. Code saved to: /root/autodl-tmp/retraining-free-quantization/training/resnet18_cifar10_nude_srqat_ls1em04/code/analysis/comparison
2025-12-19 08:09:50,236 - INFO  - Code backup completed. Code saved to: /root/autodl-tmp/retraining-free-quantization/training/resnet18_cifar10_nude_srqat_ls1em04/code/analysis/srqat_ls0_drift
2025-12-19 08:09:50,236 - INFO  - Code backup completed. Code saved to: /root/autodl-tmp/retraining-free-quantization/training/resnet18_cifar10_nude_srqat_ls1em04/code/analysis/comparison_srqat
2025-12-19 08:09:50,236 - INFO  - Code backup completed. Code saved to: /root/autodl-tmp/retraining-free-quantization/training/resnet18_cifar10_nude_srqat_ls1em04/code/analysis/paper_figs
2025-12-19 08:09:50,236 - INFO  - Code backup completed. Code saved to: /root/autodl-tmp/retraining-free-quantization/training/resnet18_cifar10_nude_srqat_ls1em04/code/analysis
2025-12-19 08:09:50,236 - INFO  - Code backup completed. Code saved to: /root/autodl-tmp/retraining-free-quantization/training/resnet18_cifar10_nude_srqat_ls1em04/code
2025-12-19 08:09:50,237 - INFO  - [NUDE+SRQAT] SR-QAT enabled with lambda_scale=0.0001
2025-12-19 08:09:50,431 - INFO  - Created `resnet18` model for `cifar10` dataset (num_classes=10)
          Use pre-trained model = False
2025-12-19 08:09:53,013 - INFO  - [NUDE] Force training only max(target_bits)=6 (no nr_random_sample)
2025-12-19 08:09:53,024 - INFO  - [NUDE] Epoch 0: force max bit-width W/A = 6
2025-12-19 08:09:57,583 - INFO  - [NUDE][TRAIN] Epoch 0/120 Iter 20/390 Loss 5.3958 Top1 11.56 Top5 51.25
2025-12-19 08:10:01,067 - INFO  - [NUDE][TRAIN] Epoch 0/120 Iter 40/390 Loss 3.8517 Top1 13.12 Top5 56.11
2025-12-19 08:10:04,662 - INFO  - [NUDE][TRAIN] Epoch 0/120 Iter 60/390 Loss 3.3010 Top1 14.31 Top5 59.92
2025-12-19 08:10:08,129 - INFO  - [NUDE][TRAIN] Epoch 0/120 Iter 80/390 Loss 3.0093 Top1 15.37 Top5 62.91
2025-12-19 08:10:11,750 - INFO  - [NUDE][TRAIN] Epoch 0/120 Iter 100/390 Loss 2.8286 Top1 16.62 Top5 64.86
2025-12-19 08:10:15,295 - INFO  - [NUDE][TRAIN] Epoch 0/120 Iter 120/390 Loss 2.6947 Top1 17.70 Top5 66.91
2025-12-19 08:10:18,689 - INFO  - [NUDE][TRAIN] Epoch 0/120 Iter 140/390 Loss 2.5978 Top1 18.49 Top5 68.52
2025-12-19 08:10:22,185 - INFO  - [NUDE][TRAIN] Epoch 0/120 Iter 160/390 Loss 2.5149 Top1 19.54 Top5 70.08
2025-12-19 08:10:25,590 - INFO  - [NUDE][TRAIN] Epoch 0/120 Iter 180/390 Loss 2.4493 Top1 20.30 Top5 71.45
2025-12-19 08:10:29,106 - INFO  - [NUDE][TRAIN] Epoch 0/120 Iter 200/390 Loss 2.3941 Top1 21.22 Top5 72.52
2025-12-19 08:10:32,647 - INFO  - [NUDE][TRAIN] Epoch 0/120 Iter 220/390 Loss 2.3470 Top1 21.91 Top5 73.55
2025-12-19 08:10:36,092 - INFO  - [NUDE][TRAIN] Epoch 0/120 Iter 240/390 Loss 2.3039 Top1 22.46 Top5 74.48
2025-12-19 08:10:39,638 - INFO  - [NUDE][TRAIN] Epoch 0/120 Iter 260/390 Loss 2.2670 Top1 23.04 Top5 75.36
2025-12-19 08:10:43,219 - INFO  - [NUDE][TRAIN] Epoch 0/120 Iter 280/390 Loss 2.2328 Top1 23.58 Top5 76.16
2025-12-19 08:10:46,852 - INFO  - [NUDE][TRAIN] Epoch 0/120 Iter 300/390 Loss 2.2007 Top1 24.31 Top5 76.87
2025-12-19 08:10:50,451 - INFO  - [NUDE][TRAIN] Epoch 0/120 Iter 320/390 Loss 2.1693 Top1 24.94 Top5 77.64
2025-12-19 08:10:54,004 - INFO  - [NUDE][TRAIN] Epoch 0/120 Iter 340/390 Loss 2.1435 Top1 25.42 Top5 78.25
2025-12-19 08:10:57,497 - INFO  - [NUDE][TRAIN] Epoch 0/120 Iter 360/390 Loss 2.1189 Top1 25.95 Top5 78.82
2025-12-19 08:11:01,065 - INFO  - [NUDE][TRAIN] Epoch 0/120 Iter 380/390 Loss 2.0966 Top1 26.43 Top5 79.29
2025-12-19 08:11:02,833 - INFO  - [NUDE] Validate: force max bit-width W/A = 6
2025-12-19 08:11:05,142 - INFO  - [NUDE][EPOCH] 0/120 Train: Top1=26.57 Top5=79.57 Loss=2.0864 | Val(EMA): Top1=9.61
2025-12-19 08:11:05,618 - INFO  - ([1] Epoch) Saving checkpoint to:
             Current: /root/autodl-tmp/retraining-free-quantization/training/resnet18_cifar10_nude_srqat_ls1em04/resnet18_cifar10_nude_srqat_ls1em04_checkpoint.pth.tar

2025-12-19 08:11:05,627 - INFO  - [NUDE] Epoch 1: force max bit-width W/A = 6
2025-12-19 08:11:09,397 - INFO  - [NUDE][TRAIN] Epoch 1/120 Iter 20/390 Loss 1.6534 Top1 37.46 Top5 88.91
2025-12-19 08:11:12,916 - INFO  - [NUDE][TRAIN] Epoch 1/120 Iter 40/390 Loss 1.6449 Top1 37.34 Top5 89.28
2025-12-19 08:11:16,363 - INFO  - [NUDE][TRAIN] Epoch 1/120 Iter 60/390 Loss 1.6426 Top1 37.43 Top5 89.15
2025-12-19 08:11:19,918 - INFO  - [NUDE][TRAIN] Epoch 1/120 Iter 80/390 Loss 1.6375 Top1 37.04 Top5 89.57
2025-12-19 08:11:23,425 - INFO  - [NUDE][TRAIN] Epoch 1/120 Iter 100/390 Loss 1.6356 Top1 37.00 Top5 89.52
2025-12-19 08:11:26,972 - INFO  - [NUDE][TRAIN] Epoch 1/120 Iter 120/390 Loss 1.6298 Top1 37.45 Top5 89.73
2025-12-19 08:11:30,470 - INFO  - [NUDE][TRAIN] Epoch 1/120 Iter 140/390 Loss 1.6224 Top1 37.81 Top5 89.79
2025-12-19 08:11:34,052 - INFO  - [NUDE][TRAIN] Epoch 1/120 Iter 160/390 Loss 1.6179 Top1 38.02 Top5 89.93
2025-12-19 08:11:37,507 - INFO  - [NUDE][TRAIN] Epoch 1/120 Iter 180/390 Loss 1.6134 Top1 38.25 Top5 89.95
2025-12-19 08:11:41,073 - INFO  - [NUDE][TRAIN] Epoch 1/120 Iter 200/390 Loss 1.6065 Top1 38.59 Top5 90.09
2025-12-19 08:11:44,513 - INFO  - [NUDE][TRAIN] Epoch 1/120 Iter 220/390 Loss 1.6001 Top1 38.80 Top5 90.22
2025-12-19 08:11:48,060 - INFO  - [NUDE][TRAIN] Epoch 1/120 Iter 240/390 Loss 1.5935 Top1 39.07 Top5 90.35
2025-12-19 08:11:51,606 - INFO  - [NUDE][TRAIN] Epoch 1/120 Iter 260/390 Loss 1.5884 Top1 39.26 Top5 90.42
2025-12-19 08:11:55,110 - INFO  - [NUDE][TRAIN] Epoch 1/120 Iter 280/390 Loss 1.5839 Top1 39.55 Top5 90.47
2025-12-19 08:11:58,653 - INFO  - [NUDE][TRAIN] Epoch 1/120 Iter 300/390 Loss 1.5789 Top1 39.82 Top5 90.57
2025-12-19 08:12:02,123 - INFO  - [NUDE][TRAIN] Epoch 1/120 Iter 320/390 Loss 1.5722 Top1 40.10 Top5 90.72
2025-12-19 08:12:05,637 - INFO  - [NUDE][TRAIN] Epoch 1/120 Iter 340/390 Loss 1.5657 Top1 40.37 Top5 90.77
2025-12-19 08:12:09,043 - INFO  - [NUDE][TRAIN] Epoch 1/120 Iter 360/390 Loss 1.5600 Top1 40.65 Top5 90.82
2025-12-19 08:12:12,518 - INFO  - [NUDE][TRAIN] Epoch 1/120 Iter 380/390 Loss 1.5547 Top1 40.91 Top5 90.89
2025-12-19 08:12:14,265 - INFO  - [NUDE] Validate: force max bit-width W/A = 6
2025-12-19 08:12:16,492 - INFO  - [NUDE][EPOCH] 1/120 Train: Top1=41.11 Top5=90.96 Loss=1.5507 | Val(EMA): Top1=10.00
2025-12-19 08:12:17,070 - INFO  - ([2] Epoch) Saving checkpoint to:
             Current: /root/autodl-tmp/retraining-free-quantization/training/resnet18_cifar10_nude_srqat_ls1em04/resnet18_cifar10_nude_srqat_ls1em04_checkpoint.pth.tar

2025-12-19 08:12:17,081 - INFO  - [NUDE] Epoch 2: force max bit-width W/A = 6
2025-12-19 08:12:20,857 - INFO  - [NUDE][TRAIN] Epoch 2/120 Iter 20/390 Loss 1.4090 Top1 48.48 Top5 92.23
2025-12-19 08:12:24,411 - INFO  - [NUDE][TRAIN] Epoch 2/120 Iter 40/390 Loss 1.4001 Top1 48.85 Top5 92.75
2025-12-19 08:12:27,908 - INFO  - [NUDE][TRAIN] Epoch 2/120 Iter 60/390 Loss 1.3910 Top1 48.84 Top5 93.10
2025-12-19 08:12:31,491 - INFO  - [NUDE][TRAIN] Epoch 2/120 Iter 80/390 Loss 1.3909 Top1 48.91 Top5 92.93
2025-12-19 08:12:34,970 - INFO  - [NUDE][TRAIN] Epoch 2/120 Iter 100/390 Loss 1.3841 Top1 49.34 Top5 93.09
2025-12-19 08:12:38,526 - INFO  - [NUDE][TRAIN] Epoch 2/120 Iter 120/390 Loss 1.3745 Top1 49.65 Top5 93.27
2025-12-19 08:12:41,988 - INFO  - [NUDE][TRAIN] Epoch 2/120 Iter 140/390 Loss 1.3709 Top1 49.67 Top5 93.34
2025-12-19 08:12:45,554 - INFO  - [NUDE][TRAIN] Epoch 2/120 Iter 160/390 Loss 1.3618 Top1 50.12 Top5 93.39
2025-12-19 08:12:49,018 - INFO  - [NUDE][TRAIN] Epoch 2/120 Iter 180/390 Loss 1.3525 Top1 50.35 Top5 93.52
2025-12-19 08:12:52,575 - INFO  - [NUDE][TRAIN] Epoch 2/120 Iter 200/390 Loss 1.3457 Top1 50.52 Top5 93.63
2025-12-19 08:12:56,053 - INFO  - [NUDE][TRAIN] Epoch 2/120 Iter 220/390 Loss 1.3392 Top1 50.93 Top5 93.73
2025-12-19 08:12:59,601 - INFO  - [NUDE][TRAIN] Epoch 2/120 Iter 240/390 Loss 1.3323 Top1 51.30 Top5 93.82
2025-12-19 08:13:03,209 - INFO  - [NUDE][TRAIN] Epoch 2/120 Iter 260/390 Loss 1.3231 Top1 51.72 Top5 93.94
2025-12-19 08:13:06,665 - INFO  - [NUDE][TRAIN] Epoch 2/120 Iter 280/390 Loss 1.3191 Top1 51.86 Top5 93.93
2025-12-19 08:13:10,237 - INFO  - [NUDE][TRAIN] Epoch 2/120 Iter 300/390 Loss 1.3122 Top1 52.20 Top5 93.97
2025-12-19 08:13:13,687 - INFO  - [NUDE][TRAIN] Epoch 2/120 Iter 320/390 Loss 1.3047 Top1 52.45 Top5 94.04
2025-12-19 08:13:17,237 - INFO  - [NUDE][TRAIN] Epoch 2/120 Iter 340/390 Loss 1.2988 Top1 52.84 Top5 94.06
2025-12-19 08:13:20,700 - INFO  - [NUDE][TRAIN] Epoch 2/120 Iter 360/390 Loss 1.2914 Top1 53.16 Top5 94.12
2025-12-19 08:13:24,268 - INFO  - [NUDE][TRAIN] Epoch 2/120 Iter 380/390 Loss 1.2840 Top1 53.43 Top5 94.22
2025-12-19 08:13:26,045 - INFO  - [NUDE] Validate: force max bit-width W/A = 6
2025-12-19 08:13:28,306 - INFO  - [NUDE][EPOCH] 2/120 Train: Top1=53.55 Top5=94.28 Loss=1.2806 | Val(EMA): Top1=10.00
2025-12-19 08:13:28,937 - INFO  - ([3] Epoch) Saving checkpoint to:
             Current: /root/autodl-tmp/retraining-free-quantization/training/resnet18_cifar10_nude_srqat_ls1em04/resnet18_cifar10_nude_srqat_ls1em04_checkpoint.pth.tar

2025-12-19 08:13:28,947 - INFO  - [NUDE] Epoch 3: force max bit-width W/A = 6
2025-12-19 08:13:32,745 - INFO  - [NUDE][TRAIN] Epoch 3/120 Iter 20/390 Loss 1.1358 Top1 58.75 Top5 95.66
2025-12-19 08:13:36,322 - INFO  - [NUDE][TRAIN] Epoch 3/120 Iter 40/390 Loss 1.1407 Top1 58.26 Top5 95.98
2025-12-19 08:13:39,816 - INFO  - [NUDE][TRAIN] Epoch 3/120 Iter 60/390 Loss 1.1350 Top1 58.92 Top5 95.86
2025-12-19 08:13:43,287 - INFO  - [NUDE][TRAIN] Epoch 3/120 Iter 80/390 Loss 1.1379 Top1 58.97 Top5 95.77
2025-12-19 08:13:46,830 - INFO  - [NUDE][TRAIN] Epoch 3/120 Iter 100/390 Loss 1.1327 Top1 59.23 Top5 95.84
2025-12-19 08:13:50,401 - INFO  - [NUDE][TRAIN] Epoch 3/120 Iter 120/390 Loss 1.1205 Top1 59.59 Top5 95.90
2025-12-19 08:13:53,822 - INFO  - [NUDE][TRAIN] Epoch 3/120 Iter 140/390 Loss 1.1096 Top1 60.15 Top5 95.94
2025-12-19 08:13:57,320 - INFO  - [NUDE][TRAIN] Epoch 3/120 Iter 160/390 Loss 1.1024 Top1 60.41 Top5 96.00
2025-12-19 08:14:00,728 - INFO  - [NUDE][TRAIN] Epoch 3/120 Iter 180/390 Loss 1.0952 Top1 60.73 Top5 96.04
2025-12-19 08:14:04,227 - INFO  - [NUDE][TRAIN] Epoch 3/120 Iter 200/390 Loss 1.0936 Top1 60.87 Top5 96.04
2025-12-19 08:14:07,669 - INFO  - [NUDE][TRAIN] Epoch 3/120 Iter 220/390 Loss 1.0873 Top1 61.12 Top5 96.10
2025-12-19 08:14:11,249 - INFO  - [NUDE][TRAIN] Epoch 3/120 Iter 240/390 Loss 1.0821 Top1 61.36 Top5 96.16
2025-12-19 08:14:14,803 - INFO  - [NUDE][TRAIN] Epoch 3/120 Iter 260/390 Loss 1.0779 Top1 61.54 Top5 96.20
2025-12-19 08:14:18,269 - INFO  - [NUDE][TRAIN] Epoch 3/120 Iter 280/390 Loss 1.0709 Top1 61.76 Top5 96.26
2025-12-19 08:14:21,779 - INFO  - [NUDE][TRAIN] Epoch 3/120 Iter 300/390 Loss 1.0632 Top1 62.04 Top5 96.33
2025-12-19 08:14:25,337 - INFO  - [NUDE][TRAIN] Epoch 3/120 Iter 320/390 Loss 1.0589 Top1 62.17 Top5 96.34
2025-12-19 08:14:28,877 - INFO  - [NUDE][TRAIN] Epoch 3/120 Iter 340/390 Loss 1.0538 Top1 62.38 Top5 96.37
2025-12-19 08:14:32,326 - INFO  - [NUDE][TRAIN] Epoch 3/120 Iter 360/390 Loss 1.0490 Top1 62.64 Top5 96.37
2025-12-19 08:14:35,957 - INFO  - [NUDE][TRAIN] Epoch 3/120 Iter 380/390 Loss 1.0434 Top1 62.91 Top5 96.38
2025-12-19 08:14:37,745 - INFO  - [NUDE] Validate: force max bit-width W/A = 6
2025-12-19 08:14:39,993 - INFO  - [NUDE][EPOCH] 3/120 Train: Top1=62.99 Top5=96.39 Loss=1.0406 | Val(EMA): Top1=10.00
2025-12-19 08:14:40,600 - INFO  - ([4] Epoch) Saving checkpoint to:
             Current: /root/autodl-tmp/retraining-free-quantization/training/resnet18_cifar10_nude_srqat_ls1em04/resnet18_cifar10_nude_srqat_ls1em04_checkpoint.pth.tar

2025-12-19 08:14:40,611 - INFO  - [NUDE] Epoch 4: force max bit-width W/A = 6
2025-12-19 08:14:44,435 - INFO  - [NUDE][TRAIN] Epoch 4/120 Iter 20/390 Loss 0.9244 Top1 66.88 Top5 97.46
2025-12-19 08:14:48,014 - INFO  - [NUDE][TRAIN] Epoch 4/120 Iter 40/390 Loss 0.9335 Top1 66.62 Top5 97.40
2025-12-19 08:14:51,467 - INFO  - [NUDE][TRAIN] Epoch 4/120 Iter 60/390 Loss 0.9183 Top1 67.01 Top5 97.37
2025-12-19 08:14:55,013 - INFO  - [NUDE][TRAIN] Epoch 4/120 Iter 80/390 Loss 0.9113 Top1 67.45 Top5 97.38
2025-12-19 08:14:58,532 - INFO  - [NUDE][TRAIN] Epoch 4/120 Iter 100/390 Loss 0.9030 Top1 67.75 Top5 97.44
2025-12-19 08:15:02,183 - INFO  - [NUDE][TRAIN] Epoch 4/120 Iter 120/390 Loss 0.8993 Top1 68.05 Top5 97.50
2025-12-19 08:15:05,685 - INFO  - [NUDE][TRAIN] Epoch 4/120 Iter 140/390 Loss 0.8996 Top1 67.99 Top5 97.50
2025-12-19 08:15:09,234 - INFO  - [NUDE][TRAIN] Epoch 4/120 Iter 160/390 Loss 0.8949 Top1 68.29 Top5 97.50
2025-12-19 08:15:12,732 - INFO  - [NUDE][TRAIN] Epoch 4/120 Iter 180/390 Loss 0.8905 Top1 68.53 Top5 97.48
2025-12-19 08:15:16,273 - INFO  - [NUDE][TRAIN] Epoch 4/120 Iter 200/390 Loss 0.8884 Top1 68.57 Top5 97.50
2025-12-19 08:15:19,728 - INFO  - [NUDE][TRAIN] Epoch 4/120 Iter 220/390 Loss 0.8857 Top1 68.71 Top5 97.50
2025-12-19 08:15:23,323 - INFO  - [NUDE][TRAIN] Epoch 4/120 Iter 240/390 Loss 0.8821 Top1 68.88 Top5 97.53
2025-12-19 08:15:26,878 - INFO  - [NUDE][TRAIN] Epoch 4/120 Iter 260/390 Loss 0.8783 Top1 69.03 Top5 97.56
2025-12-19 08:15:30,335 - INFO  - [NUDE][TRAIN] Epoch 4/120 Iter 280/390 Loss 0.8746 Top1 69.19 Top5 97.56
2025-12-19 08:15:33,798 - INFO  - [NUDE][TRAIN] Epoch 4/120 Iter 300/390 Loss 0.8689 Top1 69.42 Top5 97.58
2025-12-19 08:15:37,348 - INFO  - [NUDE][TRAIN] Epoch 4/120 Iter 320/390 Loss 0.8656 Top1 69.51 Top5 97.61
2025-12-19 08:15:40,888 - INFO  - [NUDE][TRAIN] Epoch 4/120 Iter 340/390 Loss 0.8607 Top1 69.73 Top5 97.63
2025-12-19 08:15:44,358 - INFO  - [NUDE][TRAIN] Epoch 4/120 Iter 360/390 Loss 0.8544 Top1 69.93 Top5 97.66
2025-12-19 08:15:47,892 - INFO  - [NUDE][TRAIN] Epoch 4/120 Iter 380/390 Loss 0.8491 Top1 70.12 Top5 97.70
2025-12-19 08:15:49,649 - INFO  - [NUDE] Validate: force max bit-width W/A = 6
2025-12-19 08:15:51,862 - INFO  - [NUDE][EPOCH] 4/120 Train: Top1=70.18 Top5=97.72 Loss=0.8473 | Val(EMA): Top1=10.15
2025-12-19 08:15:52,590 - INFO  - ([5] Epoch) Saving checkpoint to:
             Current: /root/autodl-tmp/retraining-free-quantization/training/resnet18_cifar10_nude_srqat_ls1em04/resnet18_cifar10_nude_srqat_ls1em04_checkpoint.pth.tar

2025-12-19 08:15:52,601 - INFO  - [NUDE] Epoch 5: force max bit-width W/A = 6
2025-12-19 08:15:56,375 - INFO  - [NUDE][TRAIN] Epoch 5/120 Iter 20/390 Loss 0.7136 Top1 75.62 Top5 98.20
2025-12-19 08:15:59,972 - INFO  - [NUDE][TRAIN] Epoch 5/120 Iter 40/390 Loss 0.7455 Top1 74.36 Top5 98.36
2025-12-19 08:16:03,516 - INFO  - [NUDE][TRAIN] Epoch 5/120 Iter 60/390 Loss 0.7435 Top1 74.15 Top5 98.23
2025-12-19 08:16:07,045 - INFO  - [NUDE][TRAIN] Epoch 5/120 Iter 80/390 Loss 0.7407 Top1 74.47 Top5 98.24
2025-12-19 08:16:10,628 - INFO  - [NUDE][TRAIN] Epoch 5/120 Iter 100/390 Loss 0.7331 Top1 74.59 Top5 98.34
2025-12-19 08:16:14,224 - INFO  - [NUDE][TRAIN] Epoch 5/120 Iter 120/390 Loss 0.7332 Top1 74.58 Top5 98.27
2025-12-19 08:16:17,733 - INFO  - [NUDE][TRAIN] Epoch 5/120 Iter 140/390 Loss 0.7330 Top1 74.50 Top5 98.30
2025-12-19 08:16:21,294 - INFO  - [NUDE][TRAIN] Epoch 5/120 Iter 160/390 Loss 0.7316 Top1 74.57 Top5 98.29
2025-12-19 08:16:24,745 - INFO  - [NUDE][TRAIN] Epoch 5/120 Iter 180/390 Loss 0.7312 Top1 74.41 Top5 98.33
2025-12-19 08:16:28,351 - INFO  - [NUDE][TRAIN] Epoch 5/120 Iter 200/390 Loss 0.7247 Top1 74.63 Top5 98.41
2025-12-19 08:16:31,857 - INFO  - [NUDE][TRAIN] Epoch 5/120 Iter 220/390 Loss 0.7257 Top1 74.74 Top5 98.40
2025-12-19 08:16:35,406 - INFO  - [NUDE][TRAIN] Epoch 5/120 Iter 240/390 Loss 0.7215 Top1 74.86 Top5 98.43
2025-12-19 08:16:38,896 - INFO  - [NUDE][TRAIN] Epoch 5/120 Iter 260/390 Loss 0.7181 Top1 74.98 Top5 98.43
2025-12-19 08:16:42,457 - INFO  - [NUDE][TRAIN] Epoch 5/120 Iter 280/390 Loss 0.7162 Top1 75.09 Top5 98.43
2025-12-19 08:16:45,953 - INFO  - [NUDE][TRAIN] Epoch 5/120 Iter 300/390 Loss 0.7114 Top1 75.32 Top5 98.46
2025-12-19 08:16:49,501 - INFO  - [NUDE][TRAIN] Epoch 5/120 Iter 320/390 Loss 0.7108 Top1 75.32 Top5 98.48
2025-12-19 08:16:53,014 - INFO  - [NUDE][TRAIN] Epoch 5/120 Iter 340/390 Loss 0.7103 Top1 75.34 Top5 98.47
2025-12-19 08:16:56,557 - INFO  - [NUDE][TRAIN] Epoch 5/120 Iter 360/390 Loss 0.7078 Top1 75.45 Top5 98.47
2025-12-19 08:17:00,132 - INFO  - [NUDE][TRAIN] Epoch 5/120 Iter 380/390 Loss 0.7048 Top1 75.59 Top5 98.49
2025-12-19 08:17:01,896 - INFO  - [NUDE] Validate: force max bit-width W/A = 6
2025-12-19 08:17:04,201 - INFO  - [NUDE][EPOCH] 5/120 Train: Top1=75.63 Top5=98.50 Loss=0.7037 | Val(EMA): Top1=11.44
2025-12-19 08:17:04,868 - INFO  - ([6] Epoch) Saving checkpoint to:
             Current: /root/autodl-tmp/retraining-free-quantization/training/resnet18_cifar10_nude_srqat_ls1em04/resnet18_cifar10_nude_srqat_ls1em04_checkpoint.pth.tar

2025-12-19 08:17:04,878 - INFO  - [NUDE] Epoch 6: force max bit-width W/A = 6
2025-12-19 08:17:08,641 - INFO  - [NUDE][TRAIN] Epoch 6/120 Iter 20/390 Loss 0.6414 Top1 78.16 Top5 98.87
2025-12-19 08:17:12,093 - INFO  - [NUDE][TRAIN] Epoch 6/120 Iter 40/390 Loss 0.6460 Top1 78.26 Top5 98.71
2025-12-19 08:17:15,654 - INFO  - [NUDE][TRAIN] Epoch 6/120 Iter 60/390 Loss 0.6316 Top1 78.36 Top5 98.78
2025-12-19 08:17:19,125 - INFO  - [NUDE][TRAIN] Epoch 6/120 Iter 80/390 Loss 0.6191 Top1 78.73 Top5 98.81
2025-12-19 08:17:22,696 - INFO  - [NUDE][TRAIN] Epoch 6/120 Iter 100/390 Loss 0.6248 Top1 78.45 Top5 98.83
2025-12-19 08:17:26,191 - INFO  - [NUDE][TRAIN] Epoch 6/120 Iter 120/390 Loss 0.6232 Top1 78.54 Top5 98.75
2025-12-19 08:17:29,818 - INFO  - [NUDE][TRAIN] Epoch 6/120 Iter 140/390 Loss 0.6170 Top1 78.76 Top5 98.76
2025-12-19 08:17:33,365 - INFO  - [NUDE][TRAIN] Epoch 6/120 Iter 160/390 Loss 0.6163 Top1 78.77 Top5 98.83
2025-12-19 08:17:36,755 - INFO  - [NUDE][TRAIN] Epoch 6/120 Iter 180/390 Loss 0.6179 Top1 78.71 Top5 98.81
2025-12-19 08:17:40,291 - INFO  - [NUDE][TRAIN] Epoch 6/120 Iter 200/390 Loss 0.6160 Top1 78.75 Top5 98.83
2025-12-19 08:17:43,704 - INFO  - [NUDE][TRAIN] Epoch 6/120 Iter 220/390 Loss 0.6152 Top1 78.83 Top5 98.81
2025-12-19 08:17:47,208 - INFO  - [NUDE][TRAIN] Epoch 6/120 Iter 240/390 Loss 0.6160 Top1 78.80 Top5 98.79
2025-12-19 08:17:50,690 - INFO  - [NUDE][TRAIN] Epoch 6/120 Iter 260/390 Loss 0.6138 Top1 78.84 Top5 98.79
2025-12-19 08:17:54,275 - INFO  - [NUDE][TRAIN] Epoch 6/120 Iter 280/390 Loss 0.6137 Top1 78.83 Top5 98.80
2025-12-19 08:17:57,741 - INFO  - [NUDE][TRAIN] Epoch 6/120 Iter 300/390 Loss 0.6120 Top1 78.86 Top5 98.80
2025-12-19 08:18:01,299 - INFO  - [NUDE][TRAIN] Epoch 6/120 Iter 320/390 Loss 0.6104 Top1 78.91 Top5 98.78
2025-12-19 08:18:04,809 - INFO  - [NUDE][TRAIN] Epoch 6/120 Iter 340/390 Loss 0.6101 Top1 78.90 Top5 98.79
2025-12-19 08:18:08,347 - INFO  - [NUDE][TRAIN] Epoch 6/120 Iter 360/390 Loss 0.6087 Top1 78.96 Top5 98.80
2025-12-19 08:18:11,933 - INFO  - [NUDE][TRAIN] Epoch 6/120 Iter 380/390 Loss 0.6077 Top1 79.02 Top5 98.80
2025-12-19 08:18:13,710 - INFO  - [NUDE] Validate: force max bit-width W/A = 6
2025-12-19 08:18:15,964 - INFO  - [NUDE][EPOCH] 6/120 Train: Top1=79.03 Top5=98.81 Loss=0.6073 | Val(EMA): Top1=12.99
2025-12-19 08:18:16,710 - INFO  - ([7] Epoch) Saving checkpoint to:
             Current: /root/autodl-tmp/retraining-free-quantization/training/resnet18_cifar10_nude_srqat_ls1em04/resnet18_cifar10_nude_srqat_ls1em04_checkpoint.pth.tar

2025-12-19 08:18:16,720 - INFO  - [NUDE] Epoch 7: force max bit-width W/A = 6
2025-12-19 08:18:20,637 - INFO  - [NUDE][TRAIN] Epoch 7/120 Iter 20/390 Loss 0.5470 Top1 81.95 Top5 98.98
2025-12-19 08:18:24,116 - INFO  - [NUDE][TRAIN] Epoch 7/120 Iter 40/390 Loss 0.5551 Top1 81.43 Top5 99.04
2025-12-19 08:18:27,705 - INFO  - [NUDE][TRAIN] Epoch 7/120 Iter 60/390 Loss 0.5479 Top1 81.65 Top5 99.13
2025-12-19 08:18:31,201 - INFO  - [NUDE][TRAIN] Epoch 7/120 Iter 80/390 Loss 0.5433 Top1 81.67 Top5 99.16
2025-12-19 08:18:34,749 - INFO  - [NUDE][TRAIN] Epoch 7/120 Iter 100/390 Loss 0.5449 Top1 81.49 Top5 99.12
2025-12-19 08:18:38,250 - INFO  - [NUDE][TRAIN] Epoch 7/120 Iter 120/390 Loss 0.5511 Top1 81.21 Top5 99.12
2025-12-19 08:18:41,803 - INFO  - [NUDE][TRAIN] Epoch 7/120 Iter 140/390 Loss 0.5487 Top1 81.13 Top5 99.15
2025-12-19 08:18:45,354 - INFO  - [NUDE][TRAIN] Epoch 7/120 Iter 160/390 Loss 0.5450 Top1 81.26 Top5 99.13
2025-12-19 08:18:48,876 - INFO  - [NUDE][TRAIN] Epoch 7/120 Iter 180/390 Loss 0.5455 Top1 81.15 Top5 99.15
2025-12-19 08:18:52,450 - INFO  - [NUDE][TRAIN] Epoch 7/120 Iter 200/390 Loss 0.5439 Top1 81.17 Top5 99.13
2025-12-19 08:18:55,905 - INFO  - [NUDE][TRAIN] Epoch 7/120 Iter 220/390 Loss 0.5411 Top1 81.27 Top5 99.14
2025-12-19 08:18:59,474 - INFO  - [NUDE][TRAIN] Epoch 7/120 Iter 240/390 Loss 0.5377 Top1 81.45 Top5 99.15
2025-12-19 08:19:02,936 - INFO  - [NUDE][TRAIN] Epoch 7/120 Iter 260/390 Loss 0.5395 Top1 81.41 Top5 99.12
2025-12-19 08:19:06,499 - INFO  - [NUDE][TRAIN] Epoch 7/120 Iter 280/390 Loss 0.5397 Top1 81.37 Top5 99.11
2025-12-19 08:19:09,978 - INFO  - [NUDE][TRAIN] Epoch 7/120 Iter 300/390 Loss 0.5390 Top1 81.45 Top5 99.13
2025-12-19 08:19:13,540 - INFO  - [NUDE][TRAIN] Epoch 7/120 Iter 320/390 Loss 0.5383 Top1 81.50 Top5 99.12
2025-12-19 08:19:17,005 - INFO  - [NUDE][TRAIN] Epoch 7/120 Iter 340/390 Loss 0.5384 Top1 81.50 Top5 99.12
2025-12-19 08:19:20,558 - INFO  - [NUDE][TRAIN] Epoch 7/120 Iter 360/390 Loss 0.5373 Top1 81.53 Top5 99.12
2025-12-19 08:19:24,055 - INFO  - [NUDE][TRAIN] Epoch 7/120 Iter 380/390 Loss 0.5371 Top1 81.60 Top5 99.10
2025-12-19 08:19:25,826 - INFO  - [NUDE] Validate: force max bit-width W/A = 6
2025-12-19 08:19:28,040 - INFO  - [NUDE][EPOCH] 7/120 Train: Top1=81.61 Top5=99.11 Loss=0.5363 | Val(EMA): Top1=14.61
2025-12-19 08:19:28,635 - INFO  - ([8] Epoch) Saving checkpoint to:
             Current: /root/autodl-tmp/retraining-free-quantization/training/resnet18_cifar10_nude_srqat_ls1em04/resnet18_cifar10_nude_srqat_ls1em04_checkpoint.pth.tar

2025-12-19 08:19:28,645 - INFO  - [NUDE] Epoch 8: force max bit-width W/A = 6
2025-12-19 08:19:32,383 - INFO  - [NUDE][TRAIN] Epoch 8/120 Iter 20/390 Loss 0.4945 Top1 83.28 Top5 99.22
2025-12-19 08:19:35,914 - INFO  - [NUDE][TRAIN] Epoch 8/120 Iter 40/390 Loss 0.4889 Top1 83.34 Top5 99.20
2025-12-19 08:19:39,439 - INFO  - [NUDE][TRAIN] Epoch 8/120 Iter 60/390 Loss 0.4870 Top1 83.24 Top5 99.21
2025-12-19 08:19:42,975 - INFO  - [NUDE][TRAIN] Epoch 8/120 Iter 80/390 Loss 0.4835 Top1 83.26 Top5 99.24
2025-12-19 08:19:46,578 - INFO  - [NUDE][TRAIN] Epoch 8/120 Iter 100/390 Loss 0.4839 Top1 83.34 Top5 99.26
2025-12-19 08:19:50,137 - INFO  - [NUDE][TRAIN] Epoch 8/120 Iter 120/390 Loss 0.4851 Top1 83.28 Top5 99.27
2025-12-19 08:19:53,612 - INFO  - [NUDE][TRAIN] Epoch 8/120 Iter 140/390 Loss 0.4860 Top1 83.24 Top5 99.29
2025-12-19 08:19:57,171 - INFO  - [NUDE][TRAIN] Epoch 8/120 Iter 160/390 Loss 0.4893 Top1 83.06 Top5 99.29
2025-12-19 08:20:00,638 - INFO  - [NUDE][TRAIN] Epoch 8/120 Iter 180/390 Loss 0.4874 Top1 83.07 Top5 99.29
2025-12-19 08:20:04,205 - INFO  - [NUDE][TRAIN] Epoch 8/120 Iter 200/390 Loss 0.4849 Top1 83.13 Top5 99.31
2025-12-19 08:20:07,705 - INFO  - [NUDE][TRAIN] Epoch 8/120 Iter 220/390 Loss 0.4854 Top1 83.14 Top5 99.31
2025-12-19 08:20:11,258 - INFO  - [NUDE][TRAIN] Epoch 8/120 Iter 240/390 Loss 0.4866 Top1 83.13 Top5 99.28
2025-12-19 08:20:14,718 - INFO  - [NUDE][TRAIN] Epoch 8/120 Iter 260/390 Loss 0.4848 Top1 83.20 Top5 99.29
2025-12-19 08:20:18,320 - INFO  - [NUDE][TRAIN] Epoch 8/120 Iter 280/390 Loss 0.4826 Top1 83.26 Top5 99.28
2025-12-19 08:20:21,838 - INFO  - [NUDE][TRAIN] Epoch 8/120 Iter 300/390 Loss 0.4809 Top1 83.34 Top5 99.29
2025-12-19 08:20:25,429 - INFO  - [NUDE][TRAIN] Epoch 8/120 Iter 320/390 Loss 0.4799 Top1 83.35 Top5 99.27
2025-12-19 08:20:28,909 - INFO  - [NUDE][TRAIN] Epoch 8/120 Iter 340/390 Loss 0.4794 Top1 83.31 Top5 99.28
2025-12-19 08:20:32,480 - INFO  - [NUDE][TRAIN] Epoch 8/120 Iter 360/390 Loss 0.4793 Top1 83.33 Top5 99.28
2025-12-19 08:20:36,050 - INFO  - [NUDE][TRAIN] Epoch 8/120 Iter 380/390 Loss 0.4795 Top1 83.33 Top5 99.28
2025-12-19 08:20:37,811 - INFO  - [NUDE] Validate: force max bit-width W/A = 6
2025-12-19 08:20:40,074 - INFO  - [NUDE][EPOCH] 8/120 Train: Top1=83.29 Top5=99.28 Loss=0.4801 | Val(EMA): Top1=18.00
2025-12-19 08:20:40,824 - INFO  - ([9] Epoch) Saving checkpoint to:
             Current: /root/autodl-tmp/retraining-free-quantization/training/resnet18_cifar10_nude_srqat_ls1em04/resnet18_cifar10_nude_srqat_ls1em04_checkpoint.pth.tar

2025-12-19 08:20:40,834 - INFO  - [NUDE] Epoch 9: force max bit-width W/A = 6
2025-12-19 08:20:44,633 - INFO  - [NUDE][TRAIN] Epoch 9/120 Iter 20/390 Loss 0.4538 Top1 83.55 Top5 99.69
2025-12-19 08:20:48,106 - INFO  - [NUDE][TRAIN] Epoch 9/120 Iter 40/390 Loss 0.4315 Top1 84.55 Top5 99.59
2025-12-19 08:20:51,679 - INFO  - [NUDE][TRAIN] Epoch 9/120 Iter 60/390 Loss 0.4353 Top1 84.56 Top5 99.54
2025-12-19 08:20:55,168 - INFO  - [NUDE][TRAIN] Epoch 9/120 Iter 80/390 Loss 0.4392 Top1 84.44 Top5 99.53
2025-12-19 08:20:58,726 - INFO  - [NUDE][TRAIN] Epoch 9/120 Iter 100/390 Loss 0.4416 Top1 84.41 Top5 99.52
2025-12-19 08:21:02,286 - INFO  - [NUDE][TRAIN] Epoch 9/120 Iter 120/390 Loss 0.4486 Top1 84.41 Top5 99.49
2025-12-19 08:21:05,750 - INFO  - [NUDE][TRAIN] Epoch 9/120 Iter 140/390 Loss 0.4432 Top1 84.59 Top5 99.47
2025-12-19 08:21:09,347 - INFO  - [NUDE][TRAIN] Epoch 9/120 Iter 160/390 Loss 0.4414 Top1 84.60 Top5 99.49
2025-12-19 08:21:12,753 - INFO  - [NUDE][TRAIN] Epoch 9/120 Iter 180/390 Loss 0.4425 Top1 84.57 Top5 99.44
2025-12-19 08:21:16,246 - INFO  - [NUDE][TRAIN] Epoch 9/120 Iter 200/390 Loss 0.4412 Top1 84.64 Top5 99.44
2025-12-19 08:21:19,648 - INFO  - [NUDE][TRAIN] Epoch 9/120 Iter 220/390 Loss 0.4440 Top1 84.58 Top5 99.44
2025-12-19 08:21:23,176 - INFO  - [NUDE][TRAIN] Epoch 9/120 Iter 240/390 Loss 0.4436 Top1 84.58 Top5 99.43
2025-12-19 08:21:26,629 - INFO  - [NUDE][TRAIN] Epoch 9/120 Iter 260/390 Loss 0.4417 Top1 84.67 Top5 99.42
2025-12-19 08:21:30,210 - INFO  - [NUDE][TRAIN] Epoch 9/120 Iter 280/390 Loss 0.4409 Top1 84.70 Top5 99.43
2025-12-19 08:21:33,686 - INFO  - [NUDE][TRAIN] Epoch 9/120 Iter 300/390 Loss 0.4420 Top1 84.74 Top5 99.42
2025-12-19 08:21:37,265 - INFO  - [NUDE][TRAIN] Epoch 9/120 Iter 320/390 Loss 0.4415 Top1 84.76 Top5 99.41
2025-12-19 08:21:40,724 - INFO  - [NUDE][TRAIN] Epoch 9/120 Iter 340/390 Loss 0.4424 Top1 84.69 Top5 99.39
2025-12-19 08:21:44,349 - INFO  - [NUDE][TRAIN] Epoch 9/120 Iter 360/390 Loss 0.4410 Top1 84.75 Top5 99.38
2025-12-19 08:21:47,893 - INFO  - [NUDE][TRAIN] Epoch 9/120 Iter 380/390 Loss 0.4383 Top1 84.84 Top5 99.39
2025-12-19 08:21:49,664 - INFO  - [NUDE] Validate: force max bit-width W/A = 6
2025-12-19 08:21:51,912 - INFO  - [NUDE][EPOCH] 9/120 Train: Top1=84.85 Top5=99.38 Loss=0.4387 | Val(EMA): Top1=21.12
2025-12-19 08:21:52,485 - INFO  - ([10] Epoch) Saving checkpoint to:
             Current: /root/autodl-tmp/retraining-free-quantization/training/resnet18_cifar10_nude_srqat_ls1em04/resnet18_cifar10_nude_srqat_ls1em04_checkpoint.pth.tar

2025-12-19 08:21:52,498 - INFO  - [NUDE] Epoch 10: force max bit-width W/A = 6
2025-12-19 08:21:56,290 - INFO  - [NUDE][TRAIN] Epoch 10/120 Iter 20/390 Loss 0.4182 Top1 86.21 Top5 99.53
2025-12-19 08:21:59,747 - INFO  - [NUDE][TRAIN] Epoch 10/120 Iter 40/390 Loss 0.3981 Top1 86.58 Top5 99.55
2025-12-19 08:22:03,330 - INFO  - [NUDE][TRAIN] Epoch 10/120 Iter 60/390 Loss 0.3960 Top1 86.68 Top5 99.56
2025-12-19 08:22:06,793 - INFO  - [NUDE][TRAIN] Epoch 10/120 Iter 80/390 Loss 0.3978 Top1 86.47 Top5 99.59
2025-12-19 08:22:10,340 - INFO  - [NUDE][TRAIN] Epoch 10/120 Iter 100/390 Loss 0.3975 Top1 86.23 Top5 99.59
2025-12-19 08:22:13,820 - INFO  - [NUDE][TRAIN] Epoch 10/120 Iter 120/390 Loss 0.3966 Top1 86.17 Top5 99.58
2025-12-19 08:22:17,414 - INFO  - [NUDE][TRAIN] Epoch 10/120 Iter 140/390 Loss 0.4006 Top1 86.03 Top5 99.56
2025-12-19 08:22:20,988 - INFO  - [NUDE][TRAIN] Epoch 10/120 Iter 160/390 Loss 0.4021 Top1 85.95 Top5 99.54
2025-12-19 08:22:24,459 - INFO  - [NUDE][TRAIN] Epoch 10/120 Iter 180/390 Loss 0.4016 Top1 85.96 Top5 99.54
2025-12-19 08:22:28,017 - INFO  - [NUDE][TRAIN] Epoch 10/120 Iter 200/390 Loss 0.4021 Top1 85.95 Top5 99.55
2025-12-19 08:22:31,575 - INFO  - [NUDE][TRAIN] Epoch 10/120 Iter 220/390 Loss 0.4043 Top1 85.90 Top5 99.54
2025-12-19 08:22:35,149 - INFO  - [NUDE][TRAIN] Epoch 10/120 Iter 240/390 Loss 0.4041 Top1 85.93 Top5 99.53
2025-12-19 08:22:38,598 - INFO  - [NUDE][TRAIN] Epoch 10/120 Iter 260/390 Loss 0.4025 Top1 85.97 Top5 99.52
2025-12-19 08:22:42,191 - INFO  - [NUDE][TRAIN] Epoch 10/120 Iter 280/390 Loss 0.4019 Top1 86.01 Top5 99.53
2025-12-19 08:22:45,674 - INFO  - [NUDE][TRAIN] Epoch 10/120 Iter 300/390 Loss 0.4023 Top1 86.01 Top5 99.53
2025-12-19 08:22:49,229 - INFO  - [NUDE][TRAIN] Epoch 10/120 Iter 320/390 Loss 0.4049 Top1 85.90 Top5 99.51
2025-12-19 08:22:52,689 - INFO  - [NUDE][TRAIN] Epoch 10/120 Iter 340/390 Loss 0.4045 Top1 85.90 Top5 99.52
2025-12-19 08:22:56,252 - INFO  - [NUDE][TRAIN] Epoch 10/120 Iter 360/390 Loss 0.4047 Top1 85.90 Top5 99.50
2025-12-19 08:22:59,766 - INFO  - [NUDE][TRAIN] Epoch 10/120 Iter 380/390 Loss 0.4052 Top1 85.89 Top5 99.50
2025-12-19 08:23:01,509 - INFO  - [NUDE] Validate: force max bit-width W/A = 6
2025-12-19 08:23:03,737 - INFO  - [NUDE][EPOCH] 10/120 Train: Top1=85.93 Top5=99.50 Loss=0.4045 | Val(EMA): Top1=25.56
2025-12-19 08:23:04,308 - INFO  - ([11] Epoch) Saving checkpoint to:
             Current: /root/autodl-tmp/retraining-free-quantization/training/resnet18_cifar10_nude_srqat_ls1em04/resnet18_cifar10_nude_srqat_ls1em04_checkpoint.pth.tar

2025-12-19 08:23:04,319 - INFO  - [NUDE] Epoch 11: force max bit-width W/A = 6
2025-12-19 08:23:08,102 - INFO  - [NUDE][TRAIN] Epoch 11/120 Iter 20/390 Loss 0.3651 Top1 87.38 Top5 99.53
2025-12-19 08:23:11,527 - INFO  - [NUDE][TRAIN] Epoch 11/120 Iter 40/390 Loss 0.3734 Top1 86.91 Top5 99.57
2025-12-19 08:23:15,057 - INFO  - [NUDE][TRAIN] Epoch 11/120 Iter 60/390 Loss 0.3687 Top1 87.36 Top5 99.56
2025-12-19 08:23:18,536 - INFO  - [NUDE][TRAIN] Epoch 11/120 Iter 80/390 Loss 0.3702 Top1 87.17 Top5 99.57
2025-12-19 08:23:22,113 - INFO  - [NUDE][TRAIN] Epoch 11/120 Iter 100/390 Loss 0.3688 Top1 87.16 Top5 99.59
2025-12-19 08:23:25,600 - INFO  - [NUDE][TRAIN] Epoch 11/120 Iter 120/390 Loss 0.3682 Top1 87.18 Top5 99.58
2025-12-19 08:23:29,213 - INFO  - [NUDE][TRAIN] Epoch 11/120 Iter 140/390 Loss 0.3664 Top1 87.29 Top5 99.60
2025-12-19 08:23:32,810 - INFO  - [NUDE][TRAIN] Epoch 11/120 Iter 160/390 Loss 0.3657 Top1 87.32 Top5 99.60
2025-12-19 08:23:36,276 - INFO  - [NUDE][TRAIN] Epoch 11/120 Iter 180/390 Loss 0.3676 Top1 87.29 Top5 99.58
2025-12-19 08:23:39,831 - INFO  - [NUDE][TRAIN] Epoch 11/120 Iter 200/390 Loss 0.3697 Top1 87.21 Top5 99.58
2025-12-19 08:23:43,289 - INFO  - [NUDE][TRAIN] Epoch 11/120 Iter 220/390 Loss 0.3709 Top1 87.16 Top5 99.58
2025-12-19 08:23:46,875 - INFO  - [NUDE][TRAIN] Epoch 11/120 Iter 240/390 Loss 0.3683 Top1 87.26 Top5 99.57
2025-12-19 08:23:50,344 - INFO  - [NUDE][TRAIN] Epoch 11/120 Iter 260/390 Loss 0.3693 Top1 87.21 Top5 99.56
2025-12-19 08:23:53,930 - INFO  - [NUDE][TRAIN] Epoch 11/120 Iter 280/390 Loss 0.3716 Top1 87.15 Top5 99.54
2025-12-19 08:23:57,481 - INFO  - [NUDE][TRAIN] Epoch 11/120 Iter 300/390 Loss 0.3715 Top1 87.13 Top5 99.54
2025-12-19 08:24:01,134 - INFO  - [NUDE][TRAIN] Epoch 11/120 Iter 320/390 Loss 0.3715 Top1 87.11 Top5 99.55
2025-12-19 08:24:04,668 - INFO  - [NUDE][TRAIN] Epoch 11/120 Iter 340/390 Loss 0.3716 Top1 87.12 Top5 99.56
2025-12-19 08:24:08,235 - INFO  - [NUDE][TRAIN] Epoch 11/120 Iter 360/390 Loss 0.3712 Top1 87.12 Top5 99.56
2025-12-19 08:24:11,821 - INFO  - [NUDE][TRAIN] Epoch 11/120 Iter 380/390 Loss 0.3712 Top1 87.16 Top5 99.57
2025-12-19 08:24:13,600 - INFO  - [NUDE] Validate: force max bit-width W/A = 6
2025-12-19 08:24:15,857 - INFO  - [NUDE][EPOCH] 11/120 Train: Top1=87.14 Top5=99.56 Loss=0.3719 | Val(EMA): Top1=30.28
2025-12-19 08:24:16,453 - INFO  - ([12] Epoch) Saving checkpoint to:
             Current: /root/autodl-tmp/retraining-free-quantization/training/resnet18_cifar10_nude_srqat_ls1em04/resnet18_cifar10_nude_srqat_ls1em04_checkpoint.pth.tar

2025-12-19 08:24:16,464 - INFO  - [NUDE] Epoch 12: force max bit-width W/A = 6
2025-12-19 08:24:20,268 - INFO  - [NUDE][TRAIN] Epoch 12/120 Iter 20/390 Loss 0.3449 Top1 87.89 Top5 99.57
2025-12-19 08:24:23,877 - INFO  - [NUDE][TRAIN] Epoch 12/120 Iter 40/390 Loss 0.3506 Top1 88.09 Top5 99.55
2025-12-19 08:24:27,361 - INFO  - [NUDE][TRAIN] Epoch 12/120 Iter 60/390 Loss 0.3480 Top1 88.03 Top5 99.61
2025-12-19 08:24:30,895 - INFO  - [NUDE][TRAIN] Epoch 12/120 Iter 80/390 Loss 0.3489 Top1 88.12 Top5 99.60
2025-12-19 08:24:34,528 - INFO  - [NUDE][TRAIN] Epoch 12/120 Iter 100/390 Loss 0.3515 Top1 88.12 Top5 99.57
2025-12-19 08:24:38,119 - INFO  - [NUDE][TRAIN] Epoch 12/120 Iter 120/390 Loss 0.3552 Top1 88.03 Top5 99.54
2025-12-19 08:24:41,616 - INFO  - [NUDE][TRAIN] Epoch 12/120 Iter 140/390 Loss 0.3534 Top1 88.02 Top5 99.55
2025-12-19 08:24:45,219 - INFO  - [NUDE][TRAIN] Epoch 12/120 Iter 160/390 Loss 0.3568 Top1 87.83 Top5 99.54
2025-12-19 08:24:48,719 - INFO  - [NUDE][TRAIN] Epoch 12/120 Iter 180/390 Loss 0.3556 Top1 87.81 Top5 99.55
2025-12-19 08:24:52,260 - INFO  - [NUDE][TRAIN] Epoch 12/120 Iter 200/390 Loss 0.3507 Top1 87.92 Top5 99.57
2025-12-19 08:24:55,715 - INFO  - [NUDE][TRAIN] Epoch 12/120 Iter 220/390 Loss 0.3490 Top1 88.00 Top5 99.58
2025-12-19 08:24:59,214 - INFO  - [NUDE][TRAIN] Epoch 12/120 Iter 240/390 Loss 0.3498 Top1 87.97 Top5 99.57
2025-12-19 08:25:02,727 - INFO  - [NUDE][TRAIN] Epoch 12/120 Iter 260/390 Loss 0.3503 Top1 87.93 Top5 99.56
2025-12-19 08:25:06,348 - INFO  - [NUDE][TRAIN] Epoch 12/120 Iter 280/390 Loss 0.3517 Top1 87.89 Top5 99.56
2025-12-19 08:25:09,865 - INFO  - [NUDE][TRAIN] Epoch 12/120 Iter 300/390 Loss 0.3505 Top1 87.94 Top5 99.56
2025-12-19 08:25:13,417 - INFO  - [NUDE][TRAIN] Epoch 12/120 Iter 320/390 Loss 0.3496 Top1 87.97 Top5 99.58
2025-12-19 08:25:16,897 - INFO  - [NUDE][TRAIN] Epoch 12/120 Iter 340/390 Loss 0.3492 Top1 87.97 Top5 99.58
2025-12-19 08:25:20,461 - INFO  - [NUDE][TRAIN] Epoch 12/120 Iter 360/390 Loss 0.3494 Top1 87.96 Top5 99.58
2025-12-19 08:25:24,064 - INFO  - [NUDE][TRAIN] Epoch 12/120 Iter 380/390 Loss 0.3495 Top1 87.97 Top5 99.58
2025-12-19 08:25:25,838 - INFO  - [NUDE] Validate: force max bit-width W/A = 6
2025-12-19 08:25:28,103 - INFO  - [NUDE][EPOCH] 12/120 Train: Top1=88.00 Top5=99.59 Loss=0.3488 | Val(EMA): Top1=36.29
2025-12-19 08:25:28,685 - INFO  - ([13] Epoch) Saving checkpoint to:
             Current: /root/autodl-tmp/retraining-free-quantization/training/resnet18_cifar10_nude_srqat_ls1em04/resnet18_cifar10_nude_srqat_ls1em04_checkpoint.pth.tar

2025-12-19 08:25:28,696 - INFO  - [NUDE] Epoch 13: force max bit-width W/A = 6
2025-12-19 08:25:32,476 - INFO  - [NUDE][TRAIN] Epoch 13/120 Iter 20/390 Loss 0.3145 Top1 88.75 Top5 99.69
2025-12-19 08:25:35,930 - INFO  - [NUDE][TRAIN] Epoch 13/120 Iter 40/390 Loss 0.3084 Top1 88.87 Top5 99.80
2025-12-19 08:25:39,496 - INFO  - [NUDE][TRAIN] Epoch 13/120 Iter 60/390 Loss 0.3237 Top1 88.39 Top5 99.73
2025-12-19 08:25:42,987 - INFO  - [NUDE][TRAIN] Epoch 13/120 Iter 80/390 Loss 0.3226 Top1 88.72 Top5 99.66
2025-12-19 08:25:46,527 - INFO  - [NUDE][TRAIN] Epoch 13/120 Iter 100/390 Loss 0.3190 Top1 88.78 Top5 99.66
2025-12-19 08:25:50,126 - INFO  - [NUDE][TRAIN] Epoch 13/120 Iter 120/390 Loss 0.3242 Top1 88.66 Top5 99.64
2025-12-19 08:25:53,581 - INFO  - [NUDE][TRAIN] Epoch 13/120 Iter 140/390 Loss 0.3267 Top1 88.58 Top5 99.64
2025-12-19 08:25:57,172 - INFO  - [NUDE][TRAIN] Epoch 13/120 Iter 160/390 Loss 0.3243 Top1 88.71 Top5 99.68
2025-12-19 08:26:00,629 - INFO  - [NUDE][TRAIN] Epoch 13/120 Iter 180/390 Loss 0.3267 Top1 88.63 Top5 99.67
2025-12-19 08:26:04,191 - INFO  - [NUDE][TRAIN] Epoch 13/120 Iter 200/390 Loss 0.3246 Top1 88.69 Top5 99.69
2025-12-19 08:26:07,642 - INFO  - [NUDE][TRAIN] Epoch 13/120 Iter 220/390 Loss 0.3238 Top1 88.75 Top5 99.68
2025-12-19 08:26:11,213 - INFO  - [NUDE][TRAIN] Epoch 13/120 Iter 240/390 Loss 0.3228 Top1 88.74 Top5 99.69
2025-12-19 08:26:14,680 - INFO  - [NUDE][TRAIN] Epoch 13/120 Iter 260/390 Loss 0.3263 Top1 88.63 Top5 99.68
2025-12-19 08:26:18,234 - INFO  - [NUDE][TRAIN] Epoch 13/120 Iter 280/390 Loss 0.3279 Top1 88.59 Top5 99.68
2025-12-19 08:26:21,696 - INFO  - [NUDE][TRAIN] Epoch 13/120 Iter 300/390 Loss 0.3279 Top1 88.56 Top5 99.69
2025-12-19 08:26:25,243 - INFO  - [NUDE][TRAIN] Epoch 13/120 Iter 320/390 Loss 0.3291 Top1 88.53 Top5 99.69
2025-12-19 08:26:28,728 - INFO  - [NUDE][TRAIN] Epoch 13/120 Iter 340/390 Loss 0.3288 Top1 88.54 Top5 99.68
2025-12-19 08:26:32,388 - INFO  - [NUDE][TRAIN] Epoch 13/120 Iter 360/390 Loss 0.3283 Top1 88.59 Top5 99.68
2025-12-19 08:26:35,961 - INFO  - [NUDE][TRAIN] Epoch 13/120 Iter 380/390 Loss 0.3273 Top1 88.65 Top5 99.69
2025-12-19 08:26:37,708 - INFO  - [NUDE] Validate: force max bit-width W/A = 6
2025-12-19 08:26:39,932 - INFO  - [NUDE][EPOCH] 13/120 Train: Top1=88.66 Top5=99.68 Loss=0.3275 | Val(EMA): Top1=42.42
2025-12-19 08:26:40,505 - INFO  - ([14] Epoch) Saving checkpoint to:
             Current: /root/autodl-tmp/retraining-free-quantization/training/resnet18_cifar10_nude_srqat_ls1em04/resnet18_cifar10_nude_srqat_ls1em04_checkpoint.pth.tar

2025-12-19 08:26:40,515 - INFO  - [NUDE] Epoch 14: force max bit-width W/A = 6
2025-12-19 08:26:44,227 - INFO  - [NUDE][TRAIN] Epoch 14/120 Iter 20/390 Loss 0.2671 Top1 91.99 Top5 99.73
2025-12-19 08:26:47,625 - INFO  - [NUDE][TRAIN] Epoch 14/120 Iter 40/390 Loss 0.2826 Top1 90.68 Top5 99.77
2025-12-19 08:26:51,190 - INFO  - [NUDE][TRAIN] Epoch 14/120 Iter 60/390 Loss 0.2862 Top1 90.53 Top5 99.70
2025-12-19 08:26:54,645 - INFO  - [NUDE][TRAIN] Epoch 14/120 Iter 80/390 Loss 0.2911 Top1 90.23 Top5 99.72
2025-12-19 08:26:58,206 - INFO  - [NUDE][TRAIN] Epoch 14/120 Iter 100/390 Loss 0.2899 Top1 90.31 Top5 99.69
2025-12-19 08:27:01,680 - INFO  - [NUDE][TRAIN] Epoch 14/120 Iter 120/390 Loss 0.2906 Top1 90.12 Top5 99.70
2025-12-19 08:27:05,231 - INFO  - [NUDE][TRAIN] Epoch 14/120 Iter 140/390 Loss 0.2891 Top1 90.10 Top5 99.70
2025-12-19 08:27:08,777 - INFO  - [NUDE][TRAIN] Epoch 14/120 Iter 160/390 Loss 0.2888 Top1 90.04 Top5 99.69
2025-12-19 08:27:12,245 - INFO  - [NUDE][TRAIN] Epoch 14/120 Iter 180/390 Loss 0.2921 Top1 89.91 Top5 99.70
2025-12-19 08:27:15,847 - INFO  - [NUDE][TRAIN] Epoch 14/120 Iter 200/390 Loss 0.2949 Top1 89.84 Top5 99.70
2025-12-19 08:27:19,320 - INFO  - [NUDE][TRAIN] Epoch 14/120 Iter 220/390 Loss 0.2977 Top1 89.75 Top5 99.70
2025-12-19 08:27:22,866 - INFO  - [NUDE][TRAIN] Epoch 14/120 Iter 240/390 Loss 0.3012 Top1 89.65 Top5 99.68
2025-12-19 08:27:26,324 - INFO  - [NUDE][TRAIN] Epoch 14/120 Iter 260/390 Loss 0.3025 Top1 89.61 Top5 99.67
2025-12-19 08:27:29,861 - INFO  - [NUDE][TRAIN] Epoch 14/120 Iter 280/390 Loss 0.3025 Top1 89.61 Top5 99.67
2025-12-19 08:27:33,308 - INFO  - [NUDE][TRAIN] Epoch 14/120 Iter 300/390 Loss 0.3007 Top1 89.63 Top5 99.67
2025-12-19 08:27:36,864 - INFO  - [NUDE][TRAIN] Epoch 14/120 Iter 320/390 Loss 0.3028 Top1 89.56 Top5 99.67
2025-12-19 08:27:40,399 - INFO  - [NUDE][TRAIN] Epoch 14/120 Iter 340/390 Loss 0.3031 Top1 89.53 Top5 99.68
2025-12-19 08:27:43,975 - INFO  - [NUDE][TRAIN] Epoch 14/120 Iter 360/390 Loss 0.3031 Top1 89.56 Top5 99.68
2025-12-19 08:27:47,572 - INFO  - [NUDE][TRAIN] Epoch 14/120 Iter 380/390 Loss 0.3043 Top1 89.49 Top5 99.69
2025-12-19 08:27:49,361 - INFO  - [NUDE] Validate: force max bit-width W/A = 6
2025-12-19 08:27:51,597 - INFO  - [NUDE][EPOCH] 14/120 Train: Top1=89.52 Top5=99.69 Loss=0.3036 | Val(EMA): Top1=49.62
2025-12-19 08:27:52,180 - INFO  - ([15] Epoch) Saving checkpoint to:
             Current: /root/autodl-tmp/retraining-free-quantization/training/resnet18_cifar10_nude_srqat_ls1em04/resnet18_cifar10_nude_srqat_ls1em04_checkpoint.pth.tar

2025-12-19 08:27:52,191 - INFO  - [NUDE] Epoch 15: force max bit-width W/A = 6
2025-12-19 08:27:56,032 - INFO  - [NUDE][TRAIN] Epoch 15/120 Iter 20/390 Loss 0.2558 Top1 91.33 Top5 99.73
2025-12-19 08:27:59,549 - INFO  - [NUDE][TRAIN] Epoch 15/120 Iter 40/390 Loss 0.2707 Top1 90.53 Top5 99.73
2025-12-19 08:28:03,112 - INFO  - [NUDE][TRAIN] Epoch 15/120 Iter 60/390 Loss 0.2746 Top1 90.43 Top5 99.74
2025-12-19 08:28:06,578 - INFO  - [NUDE][TRAIN] Epoch 15/120 Iter 80/390 Loss 0.2791 Top1 90.42 Top5 99.70
2025-12-19 08:28:10,128 - INFO  - [NUDE][TRAIN] Epoch 15/120 Iter 100/390 Loss 0.2805 Top1 90.41 Top5 99.72
2025-12-19 08:28:13,594 - INFO  - [NUDE][TRAIN] Epoch 15/120 Iter 120/390 Loss 0.2851 Top1 90.14 Top5 99.72
2025-12-19 08:28:17,273 - INFO  - [NUDE][TRAIN] Epoch 15/120 Iter 140/390 Loss 0.2823 Top1 90.22 Top5 99.74
2025-12-19 08:28:20,842 - INFO  - [NUDE][TRAIN] Epoch 15/120 Iter 160/390 Loss 0.2841 Top1 90.06 Top5 99.74
2025-12-19 08:28:24,288 - INFO  - [NUDE][TRAIN] Epoch 15/120 Iter 180/390 Loss 0.2813 Top1 90.18 Top5 99.75
2025-12-19 08:28:27,836 - INFO  - [NUDE][TRAIN] Epoch 15/120 Iter 200/390 Loss 0.2812 Top1 90.21 Top5 99.74
2025-12-19 08:28:31,255 - INFO  - [NUDE][TRAIN] Epoch 15/120 Iter 220/390 Loss 0.2809 Top1 90.23 Top5 99.74
2025-12-19 08:28:34,780 - INFO  - [NUDE][TRAIN] Epoch 15/120 Iter 240/390 Loss 0.2833 Top1 90.17 Top5 99.74
2025-12-19 08:28:38,207 - INFO  - [NUDE][TRAIN] Epoch 15/120 Iter 260/390 Loss 0.2838 Top1 90.18 Top5 99.75
2025-12-19 08:28:41,741 - INFO  - [NUDE][TRAIN] Epoch 15/120 Iter 280/390 Loss 0.2843 Top1 90.18 Top5 99.76
2025-12-19 08:28:45,212 - INFO  - [NUDE][TRAIN] Epoch 15/120 Iter 300/390 Loss 0.2847 Top1 90.16 Top5 99.76
2025-12-19 08:28:48,780 - INFO  - [NUDE][TRAIN] Epoch 15/120 Iter 320/390 Loss 0.2862 Top1 90.06 Top5 99.76
2025-12-19 08:28:52,292 - INFO  - [NUDE][TRAIN] Epoch 15/120 Iter 340/390 Loss 0.2869 Top1 90.01 Top5 99.76
2025-12-19 08:28:55,827 - INFO  - [NUDE][TRAIN] Epoch 15/120 Iter 360/390 Loss 0.2866 Top1 90.05 Top5 99.76
2025-12-19 08:28:59,404 - INFO  - [NUDE][TRAIN] Epoch 15/120 Iter 380/390 Loss 0.2866 Top1 90.06 Top5 99.76
2025-12-19 08:29:01,176 - INFO  - [NUDE] Validate: force max bit-width W/A = 6
2025-12-19 08:29:03,429 - INFO  - [NUDE][EPOCH] 15/120 Train: Top1=90.06 Top5=99.76 Loss=0.2868 | Val(EMA): Top1=57.84
2025-12-19 08:29:04,042 - INFO  - ([16] Epoch) Saving checkpoint to:
             Current: /root/autodl-tmp/retraining-free-quantization/training/resnet18_cifar10_nude_srqat_ls1em04/resnet18_cifar10_nude_srqat_ls1em04_checkpoint.pth.tar

2025-12-19 08:29:04,053 - INFO  - [NUDE] Epoch 16: force max bit-width W/A = 6
2025-12-19 08:29:07,847 - INFO  - [NUDE][TRAIN] Epoch 16/120 Iter 20/390 Loss 0.2575 Top1 91.60 Top5 99.80
2025-12-19 08:29:11,389 - INFO  - [NUDE][TRAIN] Epoch 16/120 Iter 40/390 Loss 0.2494 Top1 91.45 Top5 99.86
2025-12-19 08:29:14,865 - INFO  - [NUDE][TRAIN] Epoch 16/120 Iter 60/390 Loss 0.2480 Top1 91.46 Top5 99.86
2025-12-19 08:29:18,348 - INFO  - [NUDE][TRAIN] Epoch 16/120 Iter 80/390 Loss 0.2539 Top1 91.26 Top5 99.83
2025-12-19 08:29:21,912 - INFO  - [NUDE][TRAIN] Epoch 16/120 Iter 100/390 Loss 0.2526 Top1 91.23 Top5 99.83
2025-12-19 08:29:25,458 - INFO  - [NUDE][TRAIN] Epoch 16/120 Iter 120/390 Loss 0.2603 Top1 91.02 Top5 99.80
2025-12-19 08:29:28,917 - INFO  - [NUDE][TRAIN] Epoch 16/120 Iter 140/390 Loss 0.2646 Top1 90.86 Top5 99.80
2025-12-19 08:29:32,494 - INFO  - [NUDE][TRAIN] Epoch 16/120 Iter 160/390 Loss 0.2634 Top1 90.89 Top5 99.80
2025-12-19 08:29:35,987 - INFO  - [NUDE][TRAIN] Epoch 16/120 Iter 180/390 Loss 0.2641 Top1 90.87 Top5 99.81
2025-12-19 08:29:39,540 - INFO  - [NUDE][TRAIN] Epoch 16/120 Iter 200/390 Loss 0.2637 Top1 90.87 Top5 99.82
2025-12-19 08:29:43,040 - INFO  - [NUDE][TRAIN] Epoch 16/120 Iter 220/390 Loss 0.2649 Top1 90.78 Top5 99.82
2025-12-19 08:29:46,603 - INFO  - [NUDE][TRAIN] Epoch 16/120 Iter 240/390 Loss 0.2666 Top1 90.78 Top5 99.81
2025-12-19 08:29:50,072 - INFO  - [NUDE][TRAIN] Epoch 16/120 Iter 260/390 Loss 0.2658 Top1 90.81 Top5 99.81
2025-12-19 08:29:53,610 - INFO  - [NUDE][TRAIN] Epoch 16/120 Iter 280/390 Loss 0.2671 Top1 90.78 Top5 99.80
2025-12-19 08:29:57,060 - INFO  - [NUDE][TRAIN] Epoch 16/120 Iter 300/390 Loss 0.2665 Top1 90.78 Top5 99.80
2025-12-19 08:30:00,724 - INFO  - [NUDE][TRAIN] Epoch 16/120 Iter 320/390 Loss 0.2677 Top1 90.72 Top5 99.79
2025-12-19 08:30:04,223 - INFO  - [NUDE][TRAIN] Epoch 16/120 Iter 340/390 Loss 0.2715 Top1 90.62 Top5 99.78
2025-12-19 08:30:07,831 - INFO  - [NUDE][TRAIN] Epoch 16/120 Iter 360/390 Loss 0.2712 Top1 90.62 Top5 99.78
2025-12-19 08:30:11,381 - INFO  - [NUDE][TRAIN] Epoch 16/120 Iter 380/390 Loss 0.2702 Top1 90.63 Top5 99.79
2025-12-19 08:30:13,160 - INFO  - [NUDE] Validate: force max bit-width W/A = 6
2025-12-19 08:30:15,403 - INFO  - [NUDE][EPOCH] 16/120 Train: Top1=90.63 Top5=99.79 Loss=0.2703 | Val(EMA): Top1=65.49
2025-12-19 08:30:15,981 - INFO  - ([17] Epoch) Saving checkpoint to:
             Current: /root/autodl-tmp/retraining-free-quantization/training/resnet18_cifar10_nude_srqat_ls1em04/resnet18_cifar10_nude_srqat_ls1em04_checkpoint.pth.tar

2025-12-19 08:30:15,992 - INFO  - [NUDE] Epoch 17: force max bit-width W/A = 6
2025-12-19 08:30:19,795 - INFO  - [NUDE][TRAIN] Epoch 17/120 Iter 20/390 Loss 0.2463 Top1 92.11 Top5 99.80
2025-12-19 08:30:23,192 - INFO  - [NUDE][TRAIN] Epoch 17/120 Iter 40/390 Loss 0.2427 Top1 91.82 Top5 99.86
2025-12-19 08:30:26,712 - INFO  - [NUDE][TRAIN] Epoch 17/120 Iter 60/390 Loss 0.2469 Top1 91.65 Top5 99.80
2025-12-19 08:30:30,168 - INFO  - [NUDE][TRAIN] Epoch 17/120 Iter 80/390 Loss 0.2515 Top1 91.46 Top5 99.84
2025-12-19 08:30:33,714 - INFO  - [NUDE][TRAIN] Epoch 17/120 Iter 100/390 Loss 0.2518 Top1 91.48 Top5 99.85
2025-12-19 08:30:37,305 - INFO  - [NUDE][TRAIN] Epoch 17/120 Iter 120/390 Loss 0.2543 Top1 91.44 Top5 99.84
2025-12-19 08:30:40,776 - INFO  - [NUDE][TRAIN] Epoch 17/120 Iter 140/390 Loss 0.2581 Top1 91.29 Top5 99.83
2025-12-19 08:30:44,316 - INFO  - [NUDE][TRAIN] Epoch 17/120 Iter 160/390 Loss 0.2590 Top1 91.32 Top5 99.82
2025-12-19 08:30:47,828 - INFO  - [NUDE][TRAIN] Epoch 17/120 Iter 180/390 Loss 0.2582 Top1 91.32 Top5 99.83
2025-12-19 08:30:51,432 - INFO  - [NUDE][TRAIN] Epoch 17/120 Iter 200/390 Loss 0.2571 Top1 91.32 Top5 99.82
2025-12-19 08:30:54,956 - INFO  - [NUDE][TRAIN] Epoch 17/120 Iter 220/390 Loss 0.2560 Top1 91.31 Top5 99.83
2025-12-19 08:30:58,555 - INFO  - [NUDE][TRAIN] Epoch 17/120 Iter 240/390 Loss 0.2562 Top1 91.33 Top5 99.83
2025-12-19 08:31:02,020 - INFO  - [NUDE][TRAIN] Epoch 17/120 Iter 260/390 Loss 0.2552 Top1 91.36 Top5 99.84
2025-12-19 08:31:05,550 - INFO  - [NUDE][TRAIN] Epoch 17/120 Iter 280/390 Loss 0.2566 Top1 91.26 Top5 99.83
2025-12-19 08:31:09,050 - INFO  - [NUDE][TRAIN] Epoch 17/120 Iter 300/390 Loss 0.2549 Top1 91.31 Top5 99.83
2025-12-19 08:31:12,607 - INFO  - [NUDE][TRAIN] Epoch 17/120 Iter 320/390 Loss 0.2552 Top1 91.25 Top5 99.83
2025-12-19 08:31:16,067 - INFO  - [NUDE][TRAIN] Epoch 17/120 Iter 340/390 Loss 0.2563 Top1 91.22 Top5 99.83
2025-12-19 08:31:19,624 - INFO  - [NUDE][TRAIN] Epoch 17/120 Iter 360/390 Loss 0.2566 Top1 91.23 Top5 99.81
2025-12-19 08:31:23,213 - INFO  - [NUDE][TRAIN] Epoch 17/120 Iter 380/390 Loss 0.2560 Top1 91.25 Top5 99.81
2025-12-19 08:31:24,992 - INFO  - [NUDE] Validate: force max bit-width W/A = 6
2025-12-19 08:31:27,266 - INFO  - [NUDE][EPOCH] 17/120 Train: Top1=91.23 Top5=99.82 Loss=0.2565 | Val(EMA): Top1=72.02
2025-12-19 08:31:27,868 - INFO  - ([18] Epoch) Saving checkpoint to:
             Current: /root/autodl-tmp/retraining-free-quantization/training/resnet18_cifar10_nude_srqat_ls1em04/resnet18_cifar10_nude_srqat_ls1em04_checkpoint.pth.tar

2025-12-19 08:31:27,878 - INFO  - [NUDE] Epoch 18: force max bit-width W/A = 6
2025-12-19 08:31:31,679 - INFO  - [NUDE][TRAIN] Epoch 18/120 Iter 20/390 Loss 0.2319 Top1 91.64 Top5 99.88
2025-12-19 08:31:35,126 - INFO  - [NUDE][TRAIN] Epoch 18/120 Iter 40/390 Loss 0.2223 Top1 92.13 Top5 99.88
2025-12-19 08:31:38,705 - INFO  - [NUDE][TRAIN] Epoch 18/120 Iter 60/390 Loss 0.2301 Top1 91.90 Top5 99.87
2025-12-19 08:31:42,213 - INFO  - [NUDE][TRAIN] Epoch 18/120 Iter 80/390 Loss 0.2248 Top1 92.07 Top5 99.86
2025-12-19 08:31:45,793 - INFO  - [NUDE][TRAIN] Epoch 18/120 Iter 100/390 Loss 0.2278 Top1 91.99 Top5 99.88
2025-12-19 08:31:49,297 - INFO  - [NUDE][TRAIN] Epoch 18/120 Iter 120/390 Loss 0.2310 Top1 91.99 Top5 99.86
2025-12-19 08:31:52,846 - INFO  - [NUDE][TRAIN] Epoch 18/120 Iter 140/390 Loss 0.2316 Top1 91.96 Top5 99.88
2025-12-19 08:31:56,445 - INFO  - [NUDE][TRAIN] Epoch 18/120 Iter 160/390 Loss 0.2310 Top1 92.00 Top5 99.88
2025-12-19 08:31:59,951 - INFO  - [NUDE][TRAIN] Epoch 18/120 Iter 180/390 Loss 0.2316 Top1 92.05 Top5 99.88
2025-12-19 08:32:03,477 - INFO  - [NUDE][TRAIN] Epoch 18/120 Iter 200/390 Loss 0.2343 Top1 91.87 Top5 99.89
2025-12-19 08:32:06,891 - INFO  - [NUDE][TRAIN] Epoch 18/120 Iter 220/390 Loss 0.2368 Top1 91.79 Top5 99.88
2025-12-19 08:32:10,446 - INFO  - [NUDE][TRAIN] Epoch 18/120 Iter 240/390 Loss 0.2373 Top1 91.75 Top5 99.88
2025-12-19 08:32:13,839 - INFO  - [NUDE][TRAIN] Epoch 18/120 Iter 260/390 Loss 0.2351 Top1 91.82 Top5 99.88
2025-12-19 08:32:17,382 - INFO  - [NUDE][TRAIN] Epoch 18/120 Iter 280/390 Loss 0.2351 Top1 91.84 Top5 99.87
2025-12-19 08:32:20,893 - INFO  - [NUDE][TRAIN] Epoch 18/120 Iter 300/390 Loss 0.2349 Top1 91.86 Top5 99.87
2025-12-19 08:32:24,489 - INFO  - [NUDE][TRAIN] Epoch 18/120 Iter 320/390 Loss 0.2355 Top1 91.85 Top5 99.88
2025-12-19 08:32:27,945 - INFO  - [NUDE][TRAIN] Epoch 18/120 Iter 340/390 Loss 0.2353 Top1 91.84 Top5 99.87
2025-12-19 08:32:31,554 - INFO  - [NUDE][TRAIN] Epoch 18/120 Iter 360/390 Loss 0.2356 Top1 91.83 Top5 99.87
2025-12-19 08:32:35,131 - INFO  - [NUDE][TRAIN] Epoch 18/120 Iter 380/390 Loss 0.2371 Top1 91.77 Top5 99.86
2025-12-19 08:32:36,912 - INFO  - [NUDE] Validate: force max bit-width W/A = 6
2025-12-19 08:32:39,178 - INFO  - [NUDE][EPOCH] 18/120 Train: Top1=91.75 Top5=99.86 Loss=0.2383 | Val(EMA): Top1=76.82
2025-12-19 08:32:39,757 - INFO  - ([19] Epoch) Saving checkpoint to:
             Current: /root/autodl-tmp/retraining-free-quantization/training/resnet18_cifar10_nude_srqat_ls1em04/resnet18_cifar10_nude_srqat_ls1em04_checkpoint.pth.tar

2025-12-19 08:32:39,768 - INFO  - [NUDE] Epoch 19: force max bit-width W/A = 6
2025-12-19 08:32:43,600 - INFO  - [NUDE][TRAIN] Epoch 19/120 Iter 20/390 Loss 0.1958 Top1 93.20 Top5 99.84
2025-12-19 08:32:47,071 - INFO  - [NUDE][TRAIN] Epoch 19/120 Iter 40/390 Loss 0.2010 Top1 93.07 Top5 99.86
2025-12-19 08:32:50,636 - INFO  - [NUDE][TRAIN] Epoch 19/120 Iter 60/390 Loss 0.2143 Top1 92.53 Top5 99.87
2025-12-19 08:32:54,097 - INFO  - [NUDE][TRAIN] Epoch 19/120 Iter 80/390 Loss 0.2147 Top1 92.51 Top5 99.85
2025-12-19 08:32:57,702 - INFO  - [NUDE][TRAIN] Epoch 19/120 Iter 100/390 Loss 0.2178 Top1 92.40 Top5 99.86
2025-12-19 08:33:01,347 - INFO  - [NUDE][TRAIN] Epoch 19/120 Iter 120/390 Loss 0.2155 Top1 92.47 Top5 99.87
2025-12-19 08:33:05,066 - INFO  - [NUDE][TRAIN] Epoch 19/120 Iter 140/390 Loss 0.2152 Top1 92.51 Top5 99.87
2025-12-19 08:33:08,753 - INFO  - [NUDE][TRAIN] Epoch 19/120 Iter 160/390 Loss 0.2140 Top1 92.52 Top5 99.86
2025-12-19 08:33:12,377 - INFO  - [NUDE][TRAIN] Epoch 19/120 Iter 180/390 Loss 0.2130 Top1 92.55 Top5 99.86
2025-12-19 08:33:16,123 - INFO  - [NUDE][TRAIN] Epoch 19/120 Iter 200/390 Loss 0.2168 Top1 92.43 Top5 99.86
2025-12-19 08:33:19,749 - INFO  - [NUDE][TRAIN] Epoch 19/120 Iter 220/390 Loss 0.2169 Top1 92.39 Top5 99.86
2025-12-19 08:33:23,438 - INFO  - [NUDE][TRAIN] Epoch 19/120 Iter 240/390 Loss 0.2168 Top1 92.42 Top5 99.86
2025-12-19 08:33:27,047 - INFO  - [NUDE][TRAIN] Epoch 19/120 Iter 260/390 Loss 0.2189 Top1 92.34 Top5 99.85
2025-12-19 08:33:30,691 - INFO  - [NUDE][TRAIN] Epoch 19/120 Iter 280/390 Loss 0.2198 Top1 92.31 Top5 99.85
2025-12-19 08:33:34,312 - INFO  - [NUDE][TRAIN] Epoch 19/120 Iter 300/390 Loss 0.2209 Top1 92.27 Top5 99.85
2025-12-19 08:33:38,058 - INFO  - [NUDE][TRAIN] Epoch 19/120 Iter 320/390 Loss 0.2216 Top1 92.27 Top5 99.84
2025-12-19 08:33:41,587 - INFO  - [NUDE][TRAIN] Epoch 19/120 Iter 340/390 Loss 0.2214 Top1 92.27 Top5 99.83
2025-12-19 08:33:45,238 - INFO  - [NUDE][TRAIN] Epoch 19/120 Iter 360/390 Loss 0.2224 Top1 92.26 Top5 99.84
2025-12-19 08:33:48,916 - INFO  - [NUDE][TRAIN] Epoch 19/120 Iter 380/390 Loss 0.2230 Top1 92.21 Top5 99.84
2025-12-19 08:33:50,755 - INFO  - [NUDE] Validate: force max bit-width W/A = 6
2025-12-19 08:33:53,058 - INFO  - [NUDE][EPOCH] 19/120 Train: Top1=92.19 Top5=99.84 Loss=0.2236 | Val(EMA): Top1=79.71
2025-12-19 08:33:53,781 - INFO  - ([20] Epoch) Saving checkpoint to:
             Current: /root/autodl-tmp/retraining-free-quantization/training/resnet18_cifar10_nude_srqat_ls1em04/resnet18_cifar10_nude_srqat_ls1em04_checkpoint.pth.tar

2025-12-19 08:33:53,796 - INFO  - [NUDE] Epoch 20: force max bit-width W/A = 6
2025-12-19 08:33:57,851 - INFO  - [NUDE][TRAIN] Epoch 20/120 Iter 20/390 Loss 0.2250 Top1 92.81 Top5 99.84
2025-12-19 08:34:01,485 - INFO  - [NUDE][TRAIN] Epoch 20/120 Iter 40/390 Loss 0.2308 Top1 92.07 Top5 99.84
2025-12-19 08:34:04,960 - INFO  - [NUDE][TRAIN] Epoch 20/120 Iter 60/390 Loss 0.2184 Top1 92.53 Top5 99.86
2025-12-19 08:34:08,494 - INFO  - [NUDE][TRAIN] Epoch 20/120 Iter 80/390 Loss 0.2191 Top1 92.40 Top5 99.85
2025-12-19 08:34:12,188 - INFO  - [NUDE][TRAIN] Epoch 20/120 Iter 100/390 Loss 0.2188 Top1 92.42 Top5 99.86
2025-12-19 08:34:15,892 - INFO  - [NUDE][TRAIN] Epoch 20/120 Iter 120/390 Loss 0.2198 Top1 92.31 Top5 99.87
2025-12-19 08:34:19,491 - INFO  - [NUDE][TRAIN] Epoch 20/120 Iter 140/390 Loss 0.2172 Top1 92.38 Top5 99.88
2025-12-19 08:34:23,207 - INFO  - [NUDE][TRAIN] Epoch 20/120 Iter 160/390 Loss 0.2149 Top1 92.48 Top5 99.88
2025-12-19 08:34:26,770 - INFO  - [NUDE][TRAIN] Epoch 20/120 Iter 180/390 Loss 0.2138 Top1 92.47 Top5 99.88
2025-12-19 08:34:30,435 - INFO  - [NUDE][TRAIN] Epoch 20/120 Iter 200/390 Loss 0.2126 Top1 92.48 Top5 99.88
2025-12-19 08:34:34,042 - INFO  - [NUDE][TRAIN] Epoch 20/120 Iter 220/390 Loss 0.2093 Top1 92.60 Top5 99.89
2025-12-19 08:34:37,725 - INFO  - [NUDE][TRAIN] Epoch 20/120 Iter 240/390 Loss 0.2118 Top1 92.54 Top5 99.89
2025-12-19 08:34:41,700 - INFO  - [NUDE][TRAIN] Epoch 20/120 Iter 260/390 Loss 0.2141 Top1 92.48 Top5 99.90
2025-12-19 08:34:46,426 - INFO  - [NUDE][TRAIN] Epoch 20/120 Iter 280/390 Loss 0.2139 Top1 92.50 Top5 99.90
2025-12-19 08:34:50,080 - INFO  - [NUDE][TRAIN] Epoch 20/120 Iter 300/390 Loss 0.2145 Top1 92.44 Top5 99.89
2025-12-19 08:34:53,837 - INFO  - [NUDE][TRAIN] Epoch 20/120 Iter 320/390 Loss 0.2145 Top1 92.44 Top5 99.89
2025-12-19 08:34:57,447 - INFO  - [NUDE][TRAIN] Epoch 20/120 Iter 340/390 Loss 0.2163 Top1 92.38 Top5 99.88
2025-12-19 08:35:01,199 - INFO  - [NUDE][TRAIN] Epoch 20/120 Iter 360/390 Loss 0.2180 Top1 92.32 Top5 99.88
2025-12-19 08:35:04,936 - INFO  - [NUDE][TRAIN] Epoch 20/120 Iter 380/390 Loss 0.2188 Top1 92.28 Top5 99.88
2025-12-19 08:35:06,792 - INFO  - [NUDE] Validate: force max bit-width W/A = 6
2025-12-19 08:35:09,137 - INFO  - [NUDE][EPOCH] 20/120 Train: Top1=92.29 Top5=99.88 Loss=0.2186 | Val(EMA): Top1=82.45
2025-12-19 08:35:09,743 - INFO  - ([21] Epoch) Saving checkpoint to:
             Current: /root/autodl-tmp/retraining-free-quantization/training/resnet18_cifar10_nude_srqat_ls1em04/resnet18_cifar10_nude_srqat_ls1em04_checkpoint.pth.tar

2025-12-19 08:35:09,754 - INFO  - [NUDE] Epoch 21: force max bit-width W/A = 6
2025-12-19 08:35:13,712 - INFO  - [NUDE][TRAIN] Epoch 21/120 Iter 20/390 Loss 0.1991 Top1 92.50 Top5 99.92
2025-12-19 08:35:17,321 - INFO  - [NUDE][TRAIN] Epoch 21/120 Iter 40/390 Loss 0.1983 Top1 92.70 Top5 99.94
2025-12-19 08:35:21,156 - INFO  - [NUDE][TRAIN] Epoch 21/120 Iter 60/390 Loss 0.1979 Top1 93.02 Top5 99.93
2025-12-19 08:35:24,757 - INFO  - [NUDE][TRAIN] Epoch 21/120 Iter 80/390 Loss 0.2028 Top1 92.91 Top5 99.92
2025-12-19 08:35:28,522 - INFO  - [NUDE][TRAIN] Epoch 21/120 Iter 100/390 Loss 0.2025 Top1 92.85 Top5 99.90
2025-12-19 08:35:32,228 - INFO  - [NUDE][TRAIN] Epoch 21/120 Iter 120/390 Loss 0.2006 Top1 92.90 Top5 99.91
2025-12-19 08:35:35,964 - INFO  - [NUDE][TRAIN] Epoch 21/120 Iter 140/390 Loss 0.2030 Top1 92.89 Top5 99.90
2025-12-19 08:35:39,764 - INFO  - [NUDE][TRAIN] Epoch 21/120 Iter 160/390 Loss 0.2019 Top1 92.91 Top5 99.89
2025-12-19 08:35:43,424 - INFO  - [NUDE][TRAIN] Epoch 21/120 Iter 180/390 Loss 0.2019 Top1 92.96 Top5 99.88
2025-12-19 08:35:47,259 - INFO  - [NUDE][TRAIN] Epoch 21/120 Iter 200/390 Loss 0.2008 Top1 93.03 Top5 99.88
2025-12-19 08:35:51,168 - INFO  - [NUDE][TRAIN] Epoch 21/120 Iter 220/390 Loss 0.1999 Top1 93.09 Top5 99.88
2025-12-19 08:35:54,839 - INFO  - [NUDE][TRAIN] Epoch 21/120 Iter 240/390 Loss 0.2007 Top1 93.06 Top5 99.89
2025-12-19 08:35:58,462 - INFO  - [NUDE][TRAIN] Epoch 21/120 Iter 260/390 Loss 0.2005 Top1 93.07 Top5 99.89
2025-12-19 08:36:02,229 - INFO  - [NUDE][TRAIN] Epoch 21/120 Iter 280/390 Loss 0.2026 Top1 92.99 Top5 99.89
2025-12-19 08:36:05,797 - INFO  - [NUDE][TRAIN] Epoch 21/120 Iter 300/390 Loss 0.2039 Top1 92.92 Top5 99.89
2025-12-19 08:36:09,499 - INFO  - [NUDE][TRAIN] Epoch 21/120 Iter 320/390 Loss 0.2040 Top1 92.90 Top5 99.90
2025-12-19 08:36:13,131 - INFO  - [NUDE][TRAIN] Epoch 21/120 Iter 340/390 Loss 0.2050 Top1 92.86 Top5 99.89
2025-12-19 08:36:16,860 - INFO  - [NUDE][TRAIN] Epoch 21/120 Iter 360/390 Loss 0.2057 Top1 92.83 Top5 99.89
2025-12-19 08:36:20,791 - INFO  - [NUDE][TRAIN] Epoch 21/120 Iter 380/390 Loss 0.2066 Top1 92.78 Top5 99.89
2025-12-19 08:36:22,595 - INFO  - [NUDE] Validate: force max bit-width W/A = 6
2025-12-19 08:36:24,915 - INFO  - [NUDE][EPOCH] 21/120 Train: Top1=92.80 Top5=99.89 Loss=0.2064 | Val(EMA): Top1=84.47
2025-12-19 08:36:25,409 - INFO  - ([22] Epoch) Saving checkpoint to:
             Current: /root/autodl-tmp/retraining-free-quantization/training/resnet18_cifar10_nude_srqat_ls1em04/resnet18_cifar10_nude_srqat_ls1em04_checkpoint.pth.tar

2025-12-19 08:36:25,419 - INFO  - [NUDE] Epoch 22: force max bit-width W/A = 6
2025-12-19 08:36:29,379 - INFO  - [NUDE][TRAIN] Epoch 22/120 Iter 20/390 Loss 0.1871 Top1 93.52 Top5 99.84
2025-12-19 08:36:32,919 - INFO  - [NUDE][TRAIN] Epoch 22/120 Iter 40/390 Loss 0.1673 Top1 94.16 Top5 99.90
2025-12-19 08:36:36,611 - INFO  - [NUDE][TRAIN] Epoch 22/120 Iter 60/390 Loss 0.1746 Top1 93.85 Top5 99.92
2025-12-19 08:36:40,190 - INFO  - [NUDE][TRAIN] Epoch 22/120 Iter 80/390 Loss 0.1778 Top1 93.76 Top5 99.90
2025-12-19 08:36:43,891 - INFO  - [NUDE][TRAIN] Epoch 22/120 Iter 100/390 Loss 0.1792 Top1 93.73 Top5 99.92
2025-12-19 08:36:47,507 - INFO  - [NUDE][TRAIN] Epoch 22/120 Iter 120/390 Loss 0.1790 Top1 93.72 Top5 99.93
2025-12-19 08:36:51,499 - INFO  - [NUDE][TRAIN] Epoch 22/120 Iter 140/390 Loss 0.1825 Top1 93.62 Top5 99.93
2025-12-19 08:36:55,182 - INFO  - [NUDE][TRAIN] Epoch 22/120 Iter 160/390 Loss 0.1845 Top1 93.57 Top5 99.92
2025-12-19 08:36:58,749 - INFO  - [NUDE][TRAIN] Epoch 22/120 Iter 180/390 Loss 0.1907 Top1 93.41 Top5 99.91
2025-12-19 08:37:02,461 - INFO  - [NUDE][TRAIN] Epoch 22/120 Iter 200/390 Loss 0.1899 Top1 93.40 Top5 99.91
2025-12-19 08:37:06,052 - INFO  - [NUDE][TRAIN] Epoch 22/120 Iter 220/390 Loss 0.1902 Top1 93.37 Top5 99.91
2025-12-19 08:37:09,797 - INFO  - [NUDE][TRAIN] Epoch 22/120 Iter 240/390 Loss 0.1917 Top1 93.29 Top5 99.91
2025-12-19 08:37:13,430 - INFO  - [NUDE][TRAIN] Epoch 22/120 Iter 260/390 Loss 0.1921 Top1 93.30 Top5 99.90
2025-12-19 08:37:17,146 - INFO  - [NUDE][TRAIN] Epoch 22/120 Iter 280/390 Loss 0.1945 Top1 93.24 Top5 99.91
2025-12-19 08:37:20,739 - INFO  - [NUDE][TRAIN] Epoch 22/120 Iter 300/390 Loss 0.1963 Top1 93.18 Top5 99.91
2025-12-19 08:37:24,402 - INFO  - [NUDE][TRAIN] Epoch 22/120 Iter 320/390 Loss 0.1964 Top1 93.17 Top5 99.91
2025-12-19 08:37:27,963 - INFO  - [NUDE][TRAIN] Epoch 22/120 Iter 340/390 Loss 0.1969 Top1 93.15 Top5 99.91
2025-12-19 08:37:31,623 - INFO  - [NUDE][TRAIN] Epoch 22/120 Iter 360/390 Loss 0.1969 Top1 93.15 Top5 99.91
2025-12-19 08:37:35,330 - INFO  - [NUDE][TRAIN] Epoch 22/120 Iter 380/390 Loss 0.1962 Top1 93.16 Top5 99.91
2025-12-19 08:37:37,192 - INFO  - [NUDE] Validate: force max bit-width W/A = 6
2025-12-19 08:37:39,530 - INFO  - [NUDE][EPOCH] 22/120 Train: Top1=93.15 Top5=99.91 Loss=0.1964 | Val(EMA): Top1=85.88
2025-12-19 08:37:40,169 - INFO  - ([23] Epoch) Saving checkpoint to:
             Current: /root/autodl-tmp/retraining-free-quantization/training/resnet18_cifar10_nude_srqat_ls1em04/resnet18_cifar10_nude_srqat_ls1em04_checkpoint.pth.tar

2025-12-19 08:37:40,179 - INFO  - [NUDE] Epoch 23: force max bit-width W/A = 6
2025-12-19 08:37:44,151 - INFO  - [NUDE][TRAIN] Epoch 23/120 Iter 20/390 Loss 0.1717 Top1 94.14 Top5 99.92
2025-12-19 08:37:47,719 - INFO  - [NUDE][TRAIN] Epoch 23/120 Iter 40/390 Loss 0.1704 Top1 94.02 Top5 99.94
2025-12-19 08:37:51,391 - INFO  - [NUDE][TRAIN] Epoch 23/120 Iter 60/390 Loss 0.1716 Top1 93.98 Top5 99.96
2025-12-19 08:37:54,982 - INFO  - [NUDE][TRAIN] Epoch 23/120 Iter 80/390 Loss 0.1753 Top1 93.93 Top5 99.95
2025-12-19 08:37:58,653 - INFO  - [NUDE][TRAIN] Epoch 23/120 Iter 100/390 Loss 0.1771 Top1 93.86 Top5 99.95
2025-12-19 08:38:02,245 - INFO  - [NUDE][TRAIN] Epoch 23/120 Iter 120/390 Loss 0.1786 Top1 93.84 Top5 99.95
2025-12-19 08:38:05,886 - INFO  - [NUDE][TRAIN] Epoch 23/120 Iter 140/390 Loss 0.1785 Top1 93.84 Top5 99.94
2025-12-19 08:38:09,643 - INFO  - [NUDE][TRAIN] Epoch 23/120 Iter 160/390 Loss 0.1800 Top1 93.80 Top5 99.94
2025-12-19 08:38:13,282 - INFO  - [NUDE][TRAIN] Epoch 23/120 Iter 180/390 Loss 0.1816 Top1 93.78 Top5 99.92
2025-12-19 08:38:16,966 - INFO  - [NUDE][TRAIN] Epoch 23/120 Iter 200/390 Loss 0.1843 Top1 93.68 Top5 99.92
2025-12-19 08:38:20,528 - INFO  - [NUDE][TRAIN] Epoch 23/120 Iter 220/390 Loss 0.1844 Top1 93.64 Top5 99.92
2025-12-19 08:38:24,208 - INFO  - [NUDE][TRAIN] Epoch 23/120 Iter 240/390 Loss 0.1845 Top1 93.66 Top5 99.93
2025-12-19 08:38:27,925 - INFO  - [NUDE][TRAIN] Epoch 23/120 Iter 260/390 Loss 0.1862 Top1 93.57 Top5 99.92
2025-12-19 08:38:31,632 - INFO  - [NUDE][TRAIN] Epoch 23/120 Iter 280/390 Loss 0.1863 Top1 93.55 Top5 99.92
2025-12-19 08:38:35,227 - INFO  - [NUDE][TRAIN] Epoch 23/120 Iter 300/390 Loss 0.1879 Top1 93.52 Top5 99.92
2025-12-19 08:38:38,937 - INFO  - [NUDE][TRAIN] Epoch 23/120 Iter 320/390 Loss 0.1865 Top1 93.55 Top5 99.93
2025-12-19 08:38:42,514 - INFO  - [NUDE][TRAIN] Epoch 23/120 Iter 340/390 Loss 0.1866 Top1 93.56 Top5 99.93
2025-12-19 08:38:46,232 - INFO  - [NUDE][TRAIN] Epoch 23/120 Iter 360/390 Loss 0.1876 Top1 93.50 Top5 99.92
2025-12-19 08:38:49,898 - INFO  - [NUDE][TRAIN] Epoch 23/120 Iter 380/390 Loss 0.1880 Top1 93.48 Top5 99.92
2025-12-19 08:38:51,745 - INFO  - [NUDE] Validate: force max bit-width W/A = 6
2025-12-19 08:38:54,104 - INFO  - [NUDE][EPOCH] 23/120 Train: Top1=93.43 Top5=99.92 Loss=0.1893 | Val(EMA): Top1=87.14
2025-12-19 08:38:54,838 - INFO  - ([24] Epoch) Saving checkpoint to:
             Current: /root/autodl-tmp/retraining-free-quantization/training/resnet18_cifar10_nude_srqat_ls1em04/resnet18_cifar10_nude_srqat_ls1em04_checkpoint.pth.tar

2025-12-19 08:38:54,848 - INFO  - [NUDE] Epoch 24: force max bit-width W/A = 6
2025-12-19 08:38:58,809 - INFO  - [NUDE][TRAIN] Epoch 24/120 Iter 20/390 Loss 0.1742 Top1 94.30 Top5 100.00
2025-12-19 08:39:02,514 - INFO  - [NUDE][TRAIN] Epoch 24/120 Iter 40/390 Loss 0.1612 Top1 94.65 Top5 99.98
2025-12-19 08:39:06,118 - INFO  - [NUDE][TRAIN] Epoch 24/120 Iter 60/390 Loss 0.1646 Top1 94.53 Top5 99.97
2025-12-19 08:39:09,724 - INFO  - [NUDE][TRAIN] Epoch 24/120 Iter 80/390 Loss 0.1653 Top1 94.41 Top5 99.96
2025-12-19 08:39:13,460 - INFO  - [NUDE][TRAIN] Epoch 24/120 Iter 100/390 Loss 0.1712 Top1 94.20 Top5 99.95
2025-12-19 08:39:17,177 - INFO  - [NUDE][TRAIN] Epoch 24/120 Iter 120/390 Loss 0.1742 Top1 94.06 Top5 99.93
2025-12-19 08:39:20,768 - INFO  - [NUDE][TRAIN] Epoch 24/120 Iter 140/390 Loss 0.1736 Top1 94.00 Top5 99.94
2025-12-19 08:39:24,455 - INFO  - [NUDE][TRAIN] Epoch 24/120 Iter 160/390 Loss 0.1723 Top1 94.07 Top5 99.94
2025-12-19 08:39:28,060 - INFO  - [NUDE][TRAIN] Epoch 24/120 Iter 180/390 Loss 0.1726 Top1 94.05 Top5 99.93
2025-12-19 08:39:31,759 - INFO  - [NUDE][TRAIN] Epoch 24/120 Iter 200/390 Loss 0.1734 Top1 94.01 Top5 99.94
2025-12-19 08:39:35,364 - INFO  - [NUDE][TRAIN] Epoch 24/120 Iter 220/390 Loss 0.1739 Top1 94.01 Top5 99.94
2025-12-19 08:39:39,072 - INFO  - [NUDE][TRAIN] Epoch 24/120 Iter 240/390 Loss 0.1748 Top1 93.95 Top5 99.94
2025-12-19 08:39:42,578 - INFO  - [NUDE][TRAIN] Epoch 24/120 Iter 260/390 Loss 0.1761 Top1 93.91 Top5 99.92
2025-12-19 08:39:46,287 - INFO  - [NUDE][TRAIN] Epoch 24/120 Iter 280/390 Loss 0.1764 Top1 93.88 Top5 99.93
2025-12-19 08:39:49,898 - INFO  - [NUDE][TRAIN] Epoch 24/120 Iter 300/390 Loss 0.1765 Top1 93.92 Top5 99.93
2025-12-19 08:39:53,601 - INFO  - [NUDE][TRAIN] Epoch 24/120 Iter 320/390 Loss 0.1760 Top1 93.91 Top5 99.93
2025-12-19 08:39:57,199 - INFO  - [NUDE][TRAIN] Epoch 24/120 Iter 340/390 Loss 0.1758 Top1 93.89 Top5 99.94
2025-12-19 08:40:00,944 - INFO  - [NUDE][TRAIN] Epoch 24/120 Iter 360/390 Loss 0.1776 Top1 93.80 Top5 99.94
2025-12-19 08:40:04,675 - INFO  - [NUDE][TRAIN] Epoch 24/120 Iter 380/390 Loss 0.1787 Top1 93.77 Top5 99.94
2025-12-19 08:40:06,500 - INFO  - [NUDE] Validate: force max bit-width W/A = 6
2025-12-19 08:40:08,817 - INFO  - [NUDE][EPOCH] 24/120 Train: Top1=93.76 Top5=99.94 Loss=0.1791 | Val(EMA): Top1=88.15
2025-12-19 08:40:09,442 - INFO  - ([25] Epoch) Saving checkpoint to:
             Current: /root/autodl-tmp/retraining-free-quantization/training/resnet18_cifar10_nude_srqat_ls1em04/resnet18_cifar10_nude_srqat_ls1em04_checkpoint.pth.tar

2025-12-19 08:40:09,455 - INFO  - [NUDE] Epoch 25: force max bit-width W/A = 6
2025-12-19 08:40:13,359 - INFO  - [NUDE][TRAIN] Epoch 25/120 Iter 20/390 Loss 0.1697 Top1 93.75 Top5 99.96
2025-12-19 08:40:16,958 - INFO  - [NUDE][TRAIN] Epoch 25/120 Iter 40/390 Loss 0.1647 Top1 94.10 Top5 99.92
2025-12-19 08:40:20,654 - INFO  - [NUDE][TRAIN] Epoch 25/120 Iter 60/390 Loss 0.1608 Top1 94.34 Top5 99.91
2025-12-19 08:40:24,235 - INFO  - [NUDE][TRAIN] Epoch 25/120 Iter 80/390 Loss 0.1621 Top1 94.34 Top5 99.89
2025-12-19 08:40:27,925 - INFO  - [NUDE][TRAIN] Epoch 25/120 Iter 100/390 Loss 0.1649 Top1 94.26 Top5 99.88
2025-12-19 08:40:31,973 - INFO  - [NUDE][TRAIN] Epoch 25/120 Iter 120/390 Loss 0.1667 Top1 94.25 Top5 99.90
2025-12-19 08:40:35,585 - INFO  - [NUDE][TRAIN] Epoch 25/120 Iter 140/390 Loss 0.1692 Top1 94.17 Top5 99.90
2025-12-19 08:40:39,299 - INFO  - [NUDE][TRAIN] Epoch 25/120 Iter 160/390 Loss 0.1690 Top1 94.13 Top5 99.90
2025-12-19 08:40:42,863 - INFO  - [NUDE][TRAIN] Epoch 25/120 Iter 180/390 Loss 0.1672 Top1 94.15 Top5 99.91
2025-12-19 08:40:46,613 - INFO  - [NUDE][TRAIN] Epoch 25/120 Iter 200/390 Loss 0.1682 Top1 94.11 Top5 99.92
2025-12-19 08:40:50,218 - INFO  - [NUDE][TRAIN] Epoch 25/120 Iter 220/390 Loss 0.1713 Top1 93.98 Top5 99.91
2025-12-19 08:40:53,925 - INFO  - [NUDE][TRAIN] Epoch 25/120 Iter 240/390 Loss 0.1701 Top1 94.02 Top5 99.92
2025-12-19 08:40:57,429 - INFO  - [NUDE][TRAIN] Epoch 25/120 Iter 260/390 Loss 0.1705 Top1 94.02 Top5 99.92
2025-12-19 08:41:01,034 - INFO  - [NUDE][TRAIN] Epoch 25/120 Iter 280/390 Loss 0.1716 Top1 93.99 Top5 99.92
2025-12-19 08:41:04,602 - INFO  - [NUDE][TRAIN] Epoch 25/120 Iter 300/390 Loss 0.1726 Top1 93.93 Top5 99.92
2025-12-19 08:41:08,326 - INFO  - [NUDE][TRAIN] Epoch 25/120 Iter 320/390 Loss 0.1732 Top1 93.92 Top5 99.92
2025-12-19 08:41:11,954 - INFO  - [NUDE][TRAIN] Epoch 25/120 Iter 340/390 Loss 0.1735 Top1 93.89 Top5 99.91
2025-12-19 08:41:15,595 - INFO  - [NUDE][TRAIN] Epoch 25/120 Iter 360/390 Loss 0.1744 Top1 93.87 Top5 99.91
2025-12-19 08:41:19,316 - INFO  - [NUDE][TRAIN] Epoch 25/120 Iter 380/390 Loss 0.1746 Top1 93.89 Top5 99.92
2025-12-19 08:41:21,118 - INFO  - [NUDE] Validate: force max bit-width W/A = 6
2025-12-19 08:41:23,416 - INFO  - [NUDE][EPOCH] 25/120 Train: Top1=93.85 Top5=99.91 Loss=0.1756 | Val(EMA): Top1=88.80
2025-12-19 08:41:24,036 - INFO  - ([26] Epoch) Saving checkpoint to:
             Current: /root/autodl-tmp/retraining-free-quantization/training/resnet18_cifar10_nude_srqat_ls1em04/resnet18_cifar10_nude_srqat_ls1em04_checkpoint.pth.tar

2025-12-19 08:41:24,047 - INFO  - [NUDE] Epoch 26: force max bit-width W/A = 6
2025-12-19 08:41:27,870 - INFO  - [NUDE][TRAIN] Epoch 26/120 Iter 20/390 Loss 0.1252 Top1 95.86 Top5 100.00
2025-12-19 08:41:31,459 - INFO  - [NUDE][TRAIN] Epoch 26/120 Iter 40/390 Loss 0.1378 Top1 95.18 Top5 99.96
2025-12-19 08:41:35,211 - INFO  - [NUDE][TRAIN] Epoch 26/120 Iter 60/390 Loss 0.1448 Top1 94.90 Top5 99.96
2025-12-19 08:41:38,767 - INFO  - [NUDE][TRAIN] Epoch 26/120 Iter 80/390 Loss 0.1493 Top1 94.77 Top5 99.96
2025-12-19 08:41:42,439 - INFO  - [NUDE][TRAIN] Epoch 26/120 Iter 100/390 Loss 0.1478 Top1 94.90 Top5 99.95
2025-12-19 08:41:45,994 - INFO  - [NUDE][TRAIN] Epoch 26/120 Iter 120/390 Loss 0.1517 Top1 94.73 Top5 99.94
2025-12-19 08:41:49,692 - INFO  - [NUDE][TRAIN] Epoch 26/120 Iter 140/390 Loss 0.1534 Top1 94.64 Top5 99.94
2025-12-19 08:41:53,406 - INFO  - [NUDE][TRAIN] Epoch 26/120 Iter 160/390 Loss 0.1513 Top1 94.70 Top5 99.95
2025-12-19 08:41:57,033 - INFO  - [NUDE][TRAIN] Epoch 26/120 Iter 180/390 Loss 0.1537 Top1 94.57 Top5 99.95
2025-12-19 08:42:00,715 - INFO  - [NUDE][TRAIN] Epoch 26/120 Iter 200/390 Loss 0.1582 Top1 94.44 Top5 99.95
2025-12-19 08:42:04,401 - INFO  - [NUDE][TRAIN] Epoch 26/120 Iter 220/390 Loss 0.1590 Top1 94.39 Top5 99.95
2025-12-19 08:42:08,019 - INFO  - [NUDE][TRAIN] Epoch 26/120 Iter 240/390 Loss 0.1601 Top1 94.35 Top5 99.94
2025-12-19 08:42:11,573 - INFO  - [NUDE][TRAIN] Epoch 26/120 Iter 260/390 Loss 0.1606 Top1 94.34 Top5 99.94
2025-12-19 08:42:15,205 - INFO  - [NUDE][TRAIN] Epoch 26/120 Iter 280/390 Loss 0.1603 Top1 94.33 Top5 99.94
2025-12-19 08:42:18,745 - INFO  - [NUDE][TRAIN] Epoch 26/120 Iter 300/390 Loss 0.1607 Top1 94.30 Top5 99.94
2025-12-19 08:42:22,481 - INFO  - [NUDE][TRAIN] Epoch 26/120 Iter 320/390 Loss 0.1608 Top1 94.28 Top5 99.94
2025-12-19 08:42:26,054 - INFO  - [NUDE][TRAIN] Epoch 26/120 Iter 340/390 Loss 0.1612 Top1 94.31 Top5 99.93
2025-12-19 08:42:29,770 - INFO  - [NUDE][TRAIN] Epoch 26/120 Iter 360/390 Loss 0.1620 Top1 94.30 Top5 99.93
2025-12-19 08:42:33,375 - INFO  - [NUDE][TRAIN] Epoch 26/120 Iter 380/390 Loss 0.1627 Top1 94.28 Top5 99.93
2025-12-19 08:42:35,204 - INFO  - [NUDE] Validate: force max bit-width W/A = 6
2025-12-19 08:42:37,544 - INFO  - [NUDE][EPOCH] 26/120 Train: Top1=94.29 Top5=99.93 Loss=0.1625 | Val(EMA): Top1=89.48
2025-12-19 08:42:38,130 - INFO  - ([27] Epoch) Saving checkpoint to:
             Current: /root/autodl-tmp/retraining-free-quantization/training/resnet18_cifar10_nude_srqat_ls1em04/resnet18_cifar10_nude_srqat_ls1em04_checkpoint.pth.tar

2025-12-19 08:42:38,141 - INFO  - [NUDE] Epoch 27: force max bit-width W/A = 6
2025-12-19 08:42:42,043 - INFO  - [NUDE][TRAIN] Epoch 27/120 Iter 20/390 Loss 0.1599 Top1 93.98 Top5 99.88
2025-12-19 08:42:45,534 - INFO  - [NUDE][TRAIN] Epoch 27/120 Iter 40/390 Loss 0.1582 Top1 94.18 Top5 99.94
2025-12-19 08:42:49,264 - INFO  - [NUDE][TRAIN] Epoch 27/120 Iter 60/390 Loss 0.1561 Top1 94.23 Top5 99.95
2025-12-19 08:42:52,792 - INFO  - [NUDE][TRAIN] Epoch 27/120 Iter 80/390 Loss 0.1521 Top1 94.58 Top5 99.94
2025-12-19 08:42:56,457 - INFO  - [NUDE][TRAIN] Epoch 27/120 Iter 100/390 Loss 0.1539 Top1 94.52 Top5 99.94
2025-12-19 08:43:00,020 - INFO  - [NUDE][TRAIN] Epoch 27/120 Iter 120/390 Loss 0.1571 Top1 94.52 Top5 99.93
2025-12-19 08:43:03,751 - INFO  - [NUDE][TRAIN] Epoch 27/120 Iter 140/390 Loss 0.1553 Top1 94.52 Top5 99.93
2025-12-19 08:43:07,460 - INFO  - [NUDE][TRAIN] Epoch 27/120 Iter 160/390 Loss 0.1558 Top1 94.51 Top5 99.93
2025-12-19 08:43:10,975 - INFO  - [NUDE][TRAIN] Epoch 27/120 Iter 180/390 Loss 0.1576 Top1 94.43 Top5 99.93
2025-12-19 08:43:14,562 - INFO  - [NUDE][TRAIN] Epoch 27/120 Iter 200/390 Loss 0.1609 Top1 94.32 Top5 99.93
2025-12-19 08:43:18,112 - INFO  - [NUDE][TRAIN] Epoch 27/120 Iter 220/390 Loss 0.1617 Top1 94.34 Top5 99.93
2025-12-19 08:43:21,755 - INFO  - [NUDE][TRAIN] Epoch 27/120 Iter 240/390 Loss 0.1612 Top1 94.35 Top5 99.93
2025-12-19 08:43:25,364 - INFO  - [NUDE][TRAIN] Epoch 27/120 Iter 260/390 Loss 0.1606 Top1 94.34 Top5 99.94
2025-12-19 08:43:29,022 - INFO  - [NUDE][TRAIN] Epoch 27/120 Iter 280/390 Loss 0.1609 Top1 94.31 Top5 99.94
2025-12-19 08:43:32,531 - INFO  - [NUDE][TRAIN] Epoch 27/120 Iter 300/390 Loss 0.1607 Top1 94.33 Top5 99.94
2025-12-19 08:43:36,135 - INFO  - [NUDE][TRAIN] Epoch 27/120 Iter 320/390 Loss 0.1604 Top1 94.35 Top5 99.94
2025-12-19 08:43:39,668 - INFO  - [NUDE][TRAIN] Epoch 27/120 Iter 340/390 Loss 0.1604 Top1 94.33 Top5 99.94
2025-12-19 08:43:43,315 - INFO  - [NUDE][TRAIN] Epoch 27/120 Iter 360/390 Loss 0.1616 Top1 94.29 Top5 99.94
2025-12-19 08:43:46,962 - INFO  - [NUDE][TRAIN] Epoch 27/120 Iter 380/390 Loss 0.1620 Top1 94.29 Top5 99.94
2025-12-19 08:43:48,841 - INFO  - [NUDE] Validate: force max bit-width W/A = 6
2025-12-19 08:43:51,192 - INFO  - [NUDE][EPOCH] 27/120 Train: Top1=94.28 Top5=99.94 Loss=0.1621 | Val(EMA): Top1=90.09
2025-12-19 08:43:51,876 - INFO  - ([28] Epoch) Saving checkpoint to:
             Current: /root/autodl-tmp/retraining-free-quantization/training/resnet18_cifar10_nude_srqat_ls1em04/resnet18_cifar10_nude_srqat_ls1em04_checkpoint.pth.tar

2025-12-19 08:43:51,890 - INFO  - [NUDE] Epoch 28: force max bit-width W/A = 6
2025-12-19 08:43:55,851 - INFO  - [NUDE][TRAIN] Epoch 28/120 Iter 20/390 Loss 0.1393 Top1 95.04 Top5 100.00
2025-12-19 08:43:59,546 - INFO  - [NUDE][TRAIN] Epoch 28/120 Iter 40/390 Loss 0.1342 Top1 95.31 Top5 100.00
2025-12-19 08:44:03,201 - INFO  - [NUDE][TRAIN] Epoch 28/120 Iter 60/390 Loss 0.1350 Top1 95.29 Top5 100.00
2025-12-19 08:44:06,729 - INFO  - [NUDE][TRAIN] Epoch 28/120 Iter 80/390 Loss 0.1382 Top1 95.23 Top5 99.98
2025-12-19 08:44:10,440 - INFO  - [NUDE][TRAIN] Epoch 28/120 Iter 100/390 Loss 0.1399 Top1 95.16 Top5 99.97
2025-12-19 08:44:14,088 - INFO  - [NUDE][TRAIN] Epoch 28/120 Iter 120/390 Loss 0.1408 Top1 95.14 Top5 99.97
2025-12-19 08:44:17,629 - INFO  - [NUDE][TRAIN] Epoch 28/120 Iter 140/390 Loss 0.1421 Top1 95.01 Top5 99.97
2025-12-19 08:44:21,237 - INFO  - [NUDE][TRAIN] Epoch 28/120 Iter 160/390 Loss 0.1453 Top1 94.88 Top5 99.96
2025-12-19 08:44:24,766 - INFO  - [NUDE][TRAIN] Epoch 28/120 Iter 180/390 Loss 0.1441 Top1 94.85 Top5 99.96
2025-12-19 08:44:28,374 - INFO  - [NUDE][TRAIN] Epoch 28/120 Iter 200/390 Loss 0.1463 Top1 94.80 Top5 99.95
2025-12-19 08:44:31,899 - INFO  - [NUDE][TRAIN] Epoch 28/120 Iter 220/390 Loss 0.1457 Top1 94.82 Top5 99.95
2025-12-19 08:44:35,628 - INFO  - [NUDE][TRAIN] Epoch 28/120 Iter 240/390 Loss 0.1459 Top1 94.81 Top5 99.96
2025-12-19 08:44:39,140 - INFO  - [NUDE][TRAIN] Epoch 28/120 Iter 260/390 Loss 0.1465 Top1 94.78 Top5 99.96
2025-12-19 08:44:42,904 - INFO  - [NUDE][TRAIN] Epoch 28/120 Iter 280/390 Loss 0.1472 Top1 94.76 Top5 99.96
2025-12-19 08:44:46,558 - INFO  - [NUDE][TRAIN] Epoch 28/120 Iter 300/390 Loss 0.1489 Top1 94.67 Top5 99.96
2025-12-19 08:44:50,241 - INFO  - [NUDE][TRAIN] Epoch 28/120 Iter 320/390 Loss 0.1508 Top1 94.62 Top5 99.96
2025-12-19 08:44:53,795 - INFO  - [NUDE][TRAIN] Epoch 28/120 Iter 340/390 Loss 0.1512 Top1 94.62 Top5 99.95
2025-12-19 08:44:57,523 - INFO  - [NUDE][TRAIN] Epoch 28/120 Iter 360/390 Loss 0.1526 Top1 94.56 Top5 99.95
2025-12-19 08:45:01,222 - INFO  - [NUDE][TRAIN] Epoch 28/120 Iter 380/390 Loss 0.1521 Top1 94.59 Top5 99.95
2025-12-19 08:45:03,024 - INFO  - [NUDE] Validate: force max bit-width W/A = 6
2025-12-19 08:45:05,379 - INFO  - [NUDE][EPOCH] 28/120 Train: Top1=94.60 Top5=99.95 Loss=0.1518 | Val(EMA): Top1=90.48
2025-12-19 08:45:05,975 - INFO  - ([29] Epoch) Saving checkpoint to:
             Current: /root/autodl-tmp/retraining-free-quantization/training/resnet18_cifar10_nude_srqat_ls1em04/resnet18_cifar10_nude_srqat_ls1em04_checkpoint.pth.tar

2025-12-19 08:45:05,986 - INFO  - [NUDE] Epoch 29: force max bit-width W/A = 6
2025-12-19 08:45:09,855 - INFO  - [NUDE][TRAIN] Epoch 29/120 Iter 20/390 Loss 0.1370 Top1 95.55 Top5 99.84
2025-12-19 08:45:13,383 - INFO  - [NUDE][TRAIN] Epoch 29/120 Iter 40/390 Loss 0.1314 Top1 95.53 Top5 99.90
2025-12-19 08:45:17,021 - INFO  - [NUDE][TRAIN] Epoch 29/120 Iter 60/390 Loss 0.1281 Top1 95.62 Top5 99.92
2025-12-19 08:45:20,511 - INFO  - [NUDE][TRAIN] Epoch 29/120 Iter 80/390 Loss 0.1301 Top1 95.38 Top5 99.94
2025-12-19 08:45:24,140 - INFO  - [NUDE][TRAIN] Epoch 29/120 Iter 100/390 Loss 0.1322 Top1 95.35 Top5 99.94
2025-12-19 08:45:27,848 - INFO  - [NUDE][TRAIN] Epoch 29/120 Iter 120/390 Loss 0.1359 Top1 95.19 Top5 99.93
2025-12-19 08:45:31,414 - INFO  - [NUDE][TRAIN] Epoch 29/120 Iter 140/390 Loss 0.1348 Top1 95.27 Top5 99.94
2025-12-19 08:45:35,252 - INFO  - [NUDE][TRAIN] Epoch 29/120 Iter 160/390 Loss 0.1419 Top1 95.01 Top5 99.94
2025-12-19 08:45:38,844 - INFO  - [NUDE][TRAIN] Epoch 29/120 Iter 180/390 Loss 0.1409 Top1 95.04 Top5 99.94
2025-12-19 08:45:42,537 - INFO  - [NUDE][TRAIN] Epoch 29/120 Iter 200/390 Loss 0.1423 Top1 95.03 Top5 99.93
2025-12-19 08:45:46,210 - INFO  - [NUDE][TRAIN] Epoch 29/120 Iter 220/390 Loss 0.1410 Top1 95.04 Top5 99.94
2025-12-19 08:45:49,851 - INFO  - [NUDE][TRAIN] Epoch 29/120 Iter 240/390 Loss 0.1427 Top1 94.95 Top5 99.94
2025-12-19 08:45:53,375 - INFO  - [NUDE][TRAIN] Epoch 29/120 Iter 260/390 Loss 0.1438 Top1 94.89 Top5 99.94
2025-12-19 08:45:57,068 - INFO  - [NUDE][TRAIN] Epoch 29/120 Iter 280/390 Loss 0.1435 Top1 94.93 Top5 99.94
2025-12-19 08:46:00,653 - INFO  - [NUDE][TRAIN] Epoch 29/120 Iter 300/390 Loss 0.1433 Top1 94.93 Top5 99.94
2025-12-19 08:46:04,548 - INFO  - [NUDE][TRAIN] Epoch 29/120 Iter 320/390 Loss 0.1440 Top1 94.92 Top5 99.94
2025-12-19 08:46:08,135 - INFO  - [NUDE][TRAIN] Epoch 29/120 Iter 340/390 Loss 0.1454 Top1 94.88 Top5 99.94
2025-12-19 08:46:11,844 - INFO  - [NUDE][TRAIN] Epoch 29/120 Iter 360/390 Loss 0.1451 Top1 94.90 Top5 99.94
2025-12-19 08:46:15,500 - INFO  - [NUDE][TRAIN] Epoch 29/120 Iter 380/390 Loss 0.1444 Top1 94.92 Top5 99.94
2025-12-19 08:46:17,357 - INFO  - [NUDE] Validate: force max bit-width W/A = 6
2025-12-19 08:46:19,684 - INFO  - [NUDE][EPOCH] 29/120 Train: Top1=94.93 Top5=99.95 Loss=0.1441 | Val(EMA): Top1=91.02
2025-12-19 08:46:20,343 - INFO  - ([30] Epoch) Saving checkpoint to:
             Current: /root/autodl-tmp/retraining-free-quantization/training/resnet18_cifar10_nude_srqat_ls1em04/resnet18_cifar10_nude_srqat_ls1em04_checkpoint.pth.tar

2025-12-19 08:46:20,354 - INFO  - [NUDE] Epoch 30: force max bit-width W/A = 6
2025-12-19 08:46:24,206 - INFO  - [NUDE][TRAIN] Epoch 30/120 Iter 20/390 Loss 0.1169 Top1 95.43 Top5 100.00
2025-12-19 08:46:27,699 - INFO  - [NUDE][TRAIN] Epoch 30/120 Iter 40/390 Loss 0.1175 Top1 95.68 Top5 99.98
2025-12-19 08:46:31,278 - INFO  - [NUDE][TRAIN] Epoch 30/120 Iter 60/390 Loss 0.1237 Top1 95.47 Top5 99.97
2025-12-19 08:46:34,782 - INFO  - [NUDE][TRAIN] Epoch 30/120 Iter 80/390 Loss 0.1237 Top1 95.52 Top5 99.97
2025-12-19 08:46:38,399 - INFO  - [NUDE][TRAIN] Epoch 30/120 Iter 100/390 Loss 0.1258 Top1 95.52 Top5 99.98
2025-12-19 08:46:41,951 - INFO  - [NUDE][TRAIN] Epoch 30/120 Iter 120/390 Loss 0.1265 Top1 95.51 Top5 99.97
2025-12-19 08:46:45,583 - INFO  - [NUDE][TRAIN] Epoch 30/120 Iter 140/390 Loss 0.1283 Top1 95.45 Top5 99.98
2025-12-19 08:46:49,232 - INFO  - [NUDE][TRAIN] Epoch 30/120 Iter 160/390 Loss 0.1298 Top1 95.35 Top5 99.97
2025-12-19 08:46:52,761 - INFO  - [NUDE][TRAIN] Epoch 30/120 Iter 180/390 Loss 0.1316 Top1 95.23 Top5 99.97
2025-12-19 08:46:56,354 - INFO  - [NUDE][TRAIN] Epoch 30/120 Iter 200/390 Loss 0.1328 Top1 95.21 Top5 99.97
2025-12-19 08:46:59,870 - INFO  - [NUDE][TRAIN] Epoch 30/120 Iter 220/390 Loss 0.1342 Top1 95.18 Top5 99.98
2025-12-19 08:47:03,587 - INFO  - [NUDE][TRAIN] Epoch 30/120 Iter 240/390 Loss 0.1353 Top1 95.15 Top5 99.97
2025-12-19 08:47:07,233 - INFO  - [NUDE][TRAIN] Epoch 30/120 Iter 260/390 Loss 0.1368 Top1 95.08 Top5 99.98
2025-12-19 08:47:11,054 - INFO  - [NUDE][TRAIN] Epoch 30/120 Iter 280/390 Loss 0.1374 Top1 95.07 Top5 99.97
2025-12-19 08:47:14,627 - INFO  - [NUDE][TRAIN] Epoch 30/120 Iter 300/390 Loss 0.1385 Top1 95.02 Top5 99.98
2025-12-19 08:47:18,339 - INFO  - [NUDE][TRAIN] Epoch 30/120 Iter 320/390 Loss 0.1388 Top1 95.01 Top5 99.98
2025-12-19 08:47:21,986 - INFO  - [NUDE][TRAIN] Epoch 30/120 Iter 340/390 Loss 0.1389 Top1 95.03 Top5 99.97
2025-12-19 08:47:25,690 - INFO  - [NUDE][TRAIN] Epoch 30/120 Iter 360/390 Loss 0.1384 Top1 95.05 Top5 99.98
2025-12-19 08:47:29,395 - INFO  - [NUDE][TRAIN] Epoch 30/120 Iter 380/390 Loss 0.1391 Top1 95.06 Top5 99.97
2025-12-19 08:47:31,228 - INFO  - [NUDE] Validate: force max bit-width W/A = 6
2025-12-19 08:47:33,561 - INFO  - [NUDE][EPOCH] 30/120 Train: Top1=95.05 Top5=99.97 Loss=0.1393 | Val(EMA): Top1=91.42
2025-12-19 08:47:34,209 - INFO  - ([31] Epoch) Saving checkpoint to:
             Current: /root/autodl-tmp/retraining-free-quantization/training/resnet18_cifar10_nude_srqat_ls1em04/resnet18_cifar10_nude_srqat_ls1em04_checkpoint.pth.tar

2025-12-19 08:47:34,219 - INFO  - [NUDE] Epoch 31: force max bit-width W/A = 6
2025-12-19 08:47:38,214 - INFO  - [NUDE][TRAIN] Epoch 31/120 Iter 20/390 Loss 0.1175 Top1 95.94 Top5 100.00
2025-12-19 08:47:41,839 - INFO  - [NUDE][TRAIN] Epoch 31/120 Iter 40/390 Loss 0.1227 Top1 95.68 Top5 99.98
2025-12-19 08:47:45,524 - INFO  - [NUDE][TRAIN] Epoch 31/120 Iter 60/390 Loss 0.1293 Top1 95.40 Top5 99.96
2025-12-19 08:47:49,146 - INFO  - [NUDE][TRAIN] Epoch 31/120 Iter 80/390 Loss 0.1250 Top1 95.58 Top5 99.97
2025-12-19 08:47:52,875 - INFO  - [NUDE][TRAIN] Epoch 31/120 Iter 100/390 Loss 0.1286 Top1 95.45 Top5 99.95
2025-12-19 08:47:56,543 - INFO  - [NUDE][TRAIN] Epoch 31/120 Iter 120/390 Loss 0.1297 Top1 95.43 Top5 99.95
2025-12-19 08:48:00,249 - INFO  - [NUDE][TRAIN] Epoch 31/120 Iter 140/390 Loss 0.1300 Top1 95.41 Top5 99.96
2025-12-19 08:48:03,907 - INFO  - [NUDE][TRAIN] Epoch 31/120 Iter 160/390 Loss 0.1279 Top1 95.51 Top5 99.96
2025-12-19 08:48:07,492 - INFO  - [NUDE][TRAIN] Epoch 31/120 Iter 180/390 Loss 0.1281 Top1 95.47 Top5 99.96
2025-12-19 08:48:11,196 - INFO  - [NUDE][TRAIN] Epoch 31/120 Iter 200/390 Loss 0.1302 Top1 95.42 Top5 99.96
2025-12-19 08:48:14,773 - INFO  - [NUDE][TRAIN] Epoch 31/120 Iter 220/390 Loss 0.1314 Top1 95.39 Top5 99.96
2025-12-19 08:48:18,573 - INFO  - [NUDE][TRAIN] Epoch 31/120 Iter 240/390 Loss 0.1313 Top1 95.38 Top5 99.96
2025-12-19 08:48:22,172 - INFO  - [NUDE][TRAIN] Epoch 31/120 Iter 260/390 Loss 0.1308 Top1 95.39 Top5 99.97
2025-12-19 08:48:25,886 - INFO  - [NUDE][TRAIN] Epoch 31/120 Iter 280/390 Loss 0.1322 Top1 95.32 Top5 99.96
2025-12-19 08:48:29,521 - INFO  - [NUDE][TRAIN] Epoch 31/120 Iter 300/390 Loss 0.1338 Top1 95.22 Top5 99.97
2025-12-19 08:48:33,217 - INFO  - [NUDE][TRAIN] Epoch 31/120 Iter 320/390 Loss 0.1354 Top1 95.18 Top5 99.96
2025-12-19 08:48:36,861 - INFO  - [NUDE][TRAIN] Epoch 31/120 Iter 340/390 Loss 0.1352 Top1 95.18 Top5 99.96
2025-12-19 08:48:40,545 - INFO  - [NUDE][TRAIN] Epoch 31/120 Iter 360/390 Loss 0.1356 Top1 95.18 Top5 99.96
2025-12-19 08:48:44,249 - INFO  - [NUDE][TRAIN] Epoch 31/120 Iter 380/390 Loss 0.1372 Top1 95.14 Top5 99.96
2025-12-19 08:48:46,154 - INFO  - [NUDE] Validate: force max bit-width W/A = 6
2025-12-19 08:48:48,480 - INFO  - [NUDE][EPOCH] 31/120 Train: Top1=95.10 Top5=99.96 Loss=0.1381 | Val(EMA): Top1=91.69
2025-12-19 08:48:49,148 - INFO  - ([32] Epoch) Saving checkpoint to:
             Current: /root/autodl-tmp/retraining-free-quantization/training/resnet18_cifar10_nude_srqat_ls1em04/resnet18_cifar10_nude_srqat_ls1em04_checkpoint.pth.tar

2025-12-19 08:48:49,159 - INFO  - [NUDE] Epoch 32: force max bit-width W/A = 6
2025-12-19 08:48:53,129 - INFO  - [NUDE][TRAIN] Epoch 32/120 Iter 20/390 Loss 0.1198 Top1 96.02 Top5 99.88
2025-12-19 08:48:56,852 - INFO  - [NUDE][TRAIN] Epoch 32/120 Iter 40/390 Loss 0.1094 Top1 96.50 Top5 99.92
2025-12-19 08:49:00,374 - INFO  - [NUDE][TRAIN] Epoch 32/120 Iter 60/390 Loss 0.1068 Top1 96.48 Top5 99.95
2025-12-19 08:49:03,929 - INFO  - [NUDE][TRAIN] Epoch 32/120 Iter 80/390 Loss 0.1139 Top1 96.29 Top5 99.95
2025-12-19 08:49:07,651 - INFO  - [NUDE][TRAIN] Epoch 32/120 Iter 100/390 Loss 0.1122 Top1 96.23 Top5 99.96
2025-12-19 08:49:11,356 - INFO  - [NUDE][TRAIN] Epoch 32/120 Iter 120/390 Loss 0.1129 Top1 96.14 Top5 99.97
2025-12-19 08:49:14,927 - INFO  - [NUDE][TRAIN] Epoch 32/120 Iter 140/390 Loss 0.1157 Top1 96.01 Top5 99.97
2025-12-19 08:49:18,609 - INFO  - [NUDE][TRAIN] Epoch 32/120 Iter 160/390 Loss 0.1173 Top1 95.93 Top5 99.97
2025-12-19 08:49:22,201 - INFO  - [NUDE][TRAIN] Epoch 32/120 Iter 180/390 Loss 0.1188 Top1 95.92 Top5 99.97
2025-12-19 08:49:25,911 - INFO  - [NUDE][TRAIN] Epoch 32/120 Iter 200/390 Loss 0.1199 Top1 95.88 Top5 99.97
2025-12-19 08:49:29,502 - INFO  - [NUDE][TRAIN] Epoch 32/120 Iter 220/390 Loss 0.1228 Top1 95.76 Top5 99.97
2025-12-19 08:49:33,188 - INFO  - [NUDE][TRAIN] Epoch 32/120 Iter 240/390 Loss 0.1246 Top1 95.71 Top5 99.97
2025-12-19 08:49:36,777 - INFO  - [NUDE][TRAIN] Epoch 32/120 Iter 260/390 Loss 0.1250 Top1 95.66 Top5 99.97
2025-12-19 08:49:40,442 - INFO  - [NUDE][TRAIN] Epoch 32/120 Iter 280/390 Loss 0.1263 Top1 95.62 Top5 99.96
2025-12-19 08:49:44,027 - INFO  - [NUDE][TRAIN] Epoch 32/120 Iter 300/390 Loss 0.1265 Top1 95.63 Top5 99.97
2025-12-19 08:49:47,676 - INFO  - [NUDE][TRAIN] Epoch 32/120 Iter 320/390 Loss 0.1286 Top1 95.54 Top5 99.96
2025-12-19 08:49:51,242 - INFO  - [NUDE][TRAIN] Epoch 32/120 Iter 340/390 Loss 0.1299 Top1 95.51 Top5 99.97
2025-12-19 08:49:54,880 - INFO  - [NUDE][TRAIN] Epoch 32/120 Iter 360/390 Loss 0.1301 Top1 95.50 Top5 99.97
2025-12-19 08:49:58,621 - INFO  - [NUDE][TRAIN] Epoch 32/120 Iter 380/390 Loss 0.1304 Top1 95.49 Top5 99.97
2025-12-19 08:50:00,651 - INFO  - [NUDE] Validate: force max bit-width W/A = 6
2025-12-19 08:50:02,967 - INFO  - [NUDE][EPOCH] 32/120 Train: Top1=95.45 Top5=99.97 Loss=0.1313 | Val(EMA): Top1=91.93
2025-12-19 08:50:03,599 - INFO  - ([33] Epoch) Saving checkpoint to:
             Current: /root/autodl-tmp/retraining-free-quantization/training/resnet18_cifar10_nude_srqat_ls1em04/resnet18_cifar10_nude_srqat_ls1em04_checkpoint.pth.tar

2025-12-19 08:50:03,610 - INFO  - [NUDE] Epoch 33: force max bit-width W/A = 6
2025-12-19 08:50:07,548 - INFO  - [NUDE][TRAIN] Epoch 33/120 Iter 20/390 Loss 0.1237 Top1 95.82 Top5 100.00
2025-12-19 08:50:11,194 - INFO  - [NUDE][TRAIN] Epoch 33/120 Iter 40/390 Loss 0.1209 Top1 95.84 Top5 99.98
2025-12-19 08:50:14,862 - INFO  - [NUDE][TRAIN] Epoch 33/120 Iter 60/390 Loss 0.1194 Top1 95.94 Top5 99.97
2025-12-19 08:50:18,439 - INFO  - [NUDE][TRAIN] Epoch 33/120 Iter 80/390 Loss 0.1173 Top1 95.87 Top5 99.98
2025-12-19 08:50:22,163 - INFO  - [NUDE][TRAIN] Epoch 33/120 Iter 100/390 Loss 0.1189 Top1 95.91 Top5 99.96
2025-12-19 08:50:25,811 - INFO  - [NUDE][TRAIN] Epoch 33/120 Iter 120/390 Loss 0.1184 Top1 95.87 Top5 99.96
2025-12-19 08:50:29,400 - INFO  - [NUDE][TRAIN] Epoch 33/120 Iter 140/390 Loss 0.1188 Top1 95.85 Top5 99.97
2025-12-19 08:50:33,080 - INFO  - [NUDE][TRAIN] Epoch 33/120 Iter 160/390 Loss 0.1166 Top1 95.94 Top5 99.97
2025-12-19 08:50:36,629 - INFO  - [NUDE][TRAIN] Epoch 33/120 Iter 180/390 Loss 0.1175 Top1 95.92 Top5 99.97
2025-12-19 08:50:40,374 - INFO  - [NUDE][TRAIN] Epoch 33/120 Iter 200/390 Loss 0.1169 Top1 95.96 Top5 99.97
2025-12-19 08:50:43,973 - INFO  - [NUDE][TRAIN] Epoch 33/120 Iter 220/390 Loss 0.1166 Top1 95.97 Top5 99.97
2025-12-19 08:50:47,637 - INFO  - [NUDE][TRAIN] Epoch 33/120 Iter 240/390 Loss 0.1179 Top1 95.92 Top5 99.97
2025-12-19 08:50:51,220 - INFO  - [NUDE][TRAIN] Epoch 33/120 Iter 260/390 Loss 0.1190 Top1 95.91 Top5 99.97
2025-12-19 08:50:54,869 - INFO  - [NUDE][TRAIN] Epoch 33/120 Iter 280/390 Loss 0.1195 Top1 95.85 Top5 99.97
2025-12-19 08:50:58,426 - INFO  - [NUDE][TRAIN] Epoch 33/120 Iter 300/390 Loss 0.1192 Top1 95.84 Top5 99.97
2025-12-19 08:51:02,147 - INFO  - [NUDE][TRAIN] Epoch 33/120 Iter 320/390 Loss 0.1202 Top1 95.81 Top5 99.97
2025-12-19 08:51:05,750 - INFO  - [NUDE][TRAIN] Epoch 33/120 Iter 340/390 Loss 0.1209 Top1 95.75 Top5 99.97
2025-12-19 08:51:09,437 - INFO  - [NUDE][TRAIN] Epoch 33/120 Iter 360/390 Loss 0.1221 Top1 95.72 Top5 99.97
2025-12-19 08:51:13,198 - INFO  - [NUDE][TRAIN] Epoch 33/120 Iter 380/390 Loss 0.1231 Top1 95.70 Top5 99.97
2025-12-19 08:51:15,062 - INFO  - [NUDE] Validate: force max bit-width W/A = 6
2025-12-19 08:51:17,423 - INFO  - [NUDE][EPOCH] 33/120 Train: Top1=95.69 Top5=99.97 Loss=0.1237 | Val(EMA): Top1=92.06
2025-12-19 08:51:17,909 - INFO  - ([34] Epoch) Saving checkpoint to:
             Current: /root/autodl-tmp/retraining-free-quantization/training/resnet18_cifar10_nude_srqat_ls1em04/resnet18_cifar10_nude_srqat_ls1em04_checkpoint.pth.tar

2025-12-19 08:51:17,919 - INFO  - [NUDE] Epoch 34: force max bit-width W/A = 6
2025-12-19 08:51:21,933 - INFO  - [NUDE][TRAIN] Epoch 34/120 Iter 20/390 Loss 0.1185 Top1 95.62 Top5 99.96
2025-12-19 08:51:25,530 - INFO  - [NUDE][TRAIN] Epoch 34/120 Iter 40/390 Loss 0.1150 Top1 95.90 Top5 99.96
2025-12-19 08:51:29,228 - INFO  - [NUDE][TRAIN] Epoch 34/120 Iter 60/390 Loss 0.1149 Top1 95.96 Top5 99.96
2025-12-19 08:51:32,799 - INFO  - [NUDE][TRAIN] Epoch 34/120 Iter 80/390 Loss 0.1144 Top1 95.95 Top5 99.97
2025-12-19 08:51:36,506 - INFO  - [NUDE][TRAIN] Epoch 34/120 Iter 100/390 Loss 0.1150 Top1 95.93 Top5 99.98
2025-12-19 08:51:40,071 - INFO  - [NUDE][TRAIN] Epoch 34/120 Iter 120/390 Loss 0.1182 Top1 95.81 Top5 99.98
2025-12-19 08:51:44,160 - INFO  - [NUDE][TRAIN] Epoch 34/120 Iter 140/390 Loss 0.1164 Top1 95.87 Top5 99.98
2025-12-19 08:51:48,127 - INFO  - [NUDE][TRAIN] Epoch 34/120 Iter 160/390 Loss 0.1162 Top1 95.89 Top5 99.98
2025-12-19 08:51:51,657 - INFO  - [NUDE][TRAIN] Epoch 34/120 Iter 180/390 Loss 0.1177 Top1 95.88 Top5 99.98
2025-12-19 08:51:55,297 - INFO  - [NUDE][TRAIN] Epoch 34/120 Iter 200/390 Loss 0.1174 Top1 95.89 Top5 99.98
2025-12-19 08:51:58,876 - INFO  - [NUDE][TRAIN] Epoch 34/120 Iter 220/390 Loss 0.1173 Top1 95.90 Top5 99.98
2025-12-19 08:52:02,568 - INFO  - [NUDE][TRAIN] Epoch 34/120 Iter 240/390 Loss 0.1174 Top1 95.90 Top5 99.98
2025-12-19 08:52:06,239 - INFO  - [NUDE][TRAIN] Epoch 34/120 Iter 260/390 Loss 0.1176 Top1 95.90 Top5 99.98
2025-12-19 08:52:09,955 - INFO  - [NUDE][TRAIN] Epoch 34/120 Iter 280/390 Loss 0.1178 Top1 95.89 Top5 99.98
2025-12-19 08:52:13,544 - INFO  - [NUDE][TRAIN] Epoch 34/120 Iter 300/390 Loss 0.1190 Top1 95.89 Top5 99.98
2025-12-19 08:52:17,226 - INFO  - [NUDE][TRAIN] Epoch 34/120 Iter 320/390 Loss 0.1194 Top1 95.87 Top5 99.98
2025-12-19 08:52:20,841 - INFO  - [NUDE][TRAIN] Epoch 34/120 Iter 340/390 Loss 0.1195 Top1 95.87 Top5 99.97
2025-12-19 08:52:24,525 - INFO  - [NUDE][TRAIN] Epoch 34/120 Iter 360/390 Loss 0.1200 Top1 95.84 Top5 99.97
2025-12-19 08:52:28,216 - INFO  - [NUDE][TRAIN] Epoch 34/120 Iter 380/390 Loss 0.1197 Top1 95.85 Top5 99.97
2025-12-19 08:52:30,011 - INFO  - [NUDE] Validate: force max bit-width W/A = 6
2025-12-19 08:52:32,326 - INFO  - [NUDE][EPOCH] 34/120 Train: Top1=95.81 Top5=99.97 Loss=0.1202 | Val(EMA): Top1=92.16
2025-12-19 08:52:32,940 - INFO  - ([35] Epoch) Saving checkpoint to:
             Current: /root/autodl-tmp/retraining-free-quantization/training/resnet18_cifar10_nude_srqat_ls1em04/resnet18_cifar10_nude_srqat_ls1em04_checkpoint.pth.tar

2025-12-19 08:52:32,951 - INFO  - [NUDE] Epoch 35: force max bit-width W/A = 6
2025-12-19 08:52:36,845 - INFO  - [NUDE][TRAIN] Epoch 35/120 Iter 20/390 Loss 0.1065 Top1 96.52 Top5 99.96
2025-12-19 08:52:40,462 - INFO  - [NUDE][TRAIN] Epoch 35/120 Iter 40/390 Loss 0.1048 Top1 96.19 Top5 99.98
2025-12-19 08:52:44,114 - INFO  - [NUDE][TRAIN] Epoch 35/120 Iter 60/390 Loss 0.1035 Top1 96.35 Top5 99.97
2025-12-19 08:52:47,634 - INFO  - [NUDE][TRAIN] Epoch 35/120 Iter 80/390 Loss 0.1069 Top1 96.25 Top5 99.96
2025-12-19 08:52:51,332 - INFO  - [NUDE][TRAIN] Epoch 35/120 Iter 100/390 Loss 0.1061 Top1 96.27 Top5 99.97
2025-12-19 08:52:54,938 - INFO  - [NUDE][TRAIN] Epoch 35/120 Iter 120/390 Loss 0.1065 Top1 96.28 Top5 99.97
2025-12-19 08:52:58,684 - INFO  - [NUDE][TRAIN] Epoch 35/120 Iter 140/390 Loss 0.1100 Top1 96.16 Top5 99.98
2025-12-19 08:53:02,379 - INFO  - [NUDE][TRAIN] Epoch 35/120 Iter 160/390 Loss 0.1095 Top1 96.16 Top5 99.98
2025-12-19 08:53:06,077 - INFO  - [NUDE][TRAIN] Epoch 35/120 Iter 180/390 Loss 0.1106 Top1 96.09 Top5 99.98
2025-12-19 08:53:09,818 - INFO  - [NUDE][TRAIN] Epoch 35/120 Iter 200/390 Loss 0.1130 Top1 96.05 Top5 99.98
2025-12-19 08:53:13,445 - INFO  - [NUDE][TRAIN] Epoch 35/120 Iter 220/390 Loss 0.1128 Top1 96.07 Top5 99.97
2025-12-19 08:53:17,239 - INFO  - [NUDE][TRAIN] Epoch 35/120 Iter 240/390 Loss 0.1130 Top1 96.05 Top5 99.97
2025-12-19 08:53:20,894 - INFO  - [NUDE][TRAIN] Epoch 35/120 Iter 260/390 Loss 0.1136 Top1 96.01 Top5 99.97
2025-12-19 08:53:24,647 - INFO  - [NUDE][TRAIN] Epoch 35/120 Iter 280/390 Loss 0.1138 Top1 96.00 Top5 99.97
2025-12-19 08:53:28,270 - INFO  - [NUDE][TRAIN] Epoch 35/120 Iter 300/390 Loss 0.1145 Top1 96.00 Top5 99.97
2025-12-19 08:53:32,062 - INFO  - [NUDE][TRAIN] Epoch 35/120 Iter 320/390 Loss 0.1150 Top1 96.01 Top5 99.97
2025-12-19 08:53:35,686 - INFO  - [NUDE][TRAIN] Epoch 35/120 Iter 340/390 Loss 0.1147 Top1 96.01 Top5 99.97
2025-12-19 08:53:39,363 - INFO  - [NUDE][TRAIN] Epoch 35/120 Iter 360/390 Loss 0.1146 Top1 95.98 Top5 99.97
2025-12-19 08:53:43,079 - INFO  - [NUDE][TRAIN] Epoch 35/120 Iter 380/390 Loss 0.1148 Top1 95.97 Top5 99.97
2025-12-19 08:53:44,896 - INFO  - [NUDE] Validate: force max bit-width W/A = 6
2025-12-19 08:53:47,229 - INFO  - [NUDE][EPOCH] 35/120 Train: Top1=95.96 Top5=99.97 Loss=0.1149 | Val(EMA): Top1=92.37
2025-12-19 08:53:47,890 - INFO  - ([36] Epoch) Saving checkpoint to:
             Current: /root/autodl-tmp/retraining-free-quantization/training/resnet18_cifar10_nude_srqat_ls1em04/resnet18_cifar10_nude_srqat_ls1em04_checkpoint.pth.tar

2025-12-19 08:53:47,903 - INFO  - [NUDE] Epoch 36: force max bit-width W/A = 6
2025-12-19 08:53:52,074 - INFO  - [NUDE][TRAIN] Epoch 36/120 Iter 20/390 Loss 0.0999 Top1 96.37 Top5 100.00
2025-12-19 08:53:55,891 - INFO  - [NUDE][TRAIN] Epoch 36/120 Iter 40/390 Loss 0.0948 Top1 96.68 Top5 100.00
2025-12-19 08:53:59,466 - INFO  - [NUDE][TRAIN] Epoch 36/120 Iter 60/390 Loss 0.0943 Top1 96.58 Top5 100.00
2025-12-19 08:54:03,048 - INFO  - [NUDE][TRAIN] Epoch 36/120 Iter 80/390 Loss 0.0964 Top1 96.65 Top5 99.99
2025-12-19 08:54:06,787 - INFO  - [NUDE][TRAIN] Epoch 36/120 Iter 100/390 Loss 0.0971 Top1 96.60 Top5 99.99
2025-12-19 08:54:10,527 - INFO  - [NUDE][TRAIN] Epoch 36/120 Iter 120/390 Loss 0.1008 Top1 96.45 Top5 99.99
2025-12-19 08:54:14,143 - INFO  - [NUDE][TRAIN] Epoch 36/120 Iter 140/390 Loss 0.1022 Top1 96.41 Top5 99.99
2025-12-19 08:54:17,839 - INFO  - [NUDE][TRAIN] Epoch 36/120 Iter 160/390 Loss 0.1013 Top1 96.42 Top5 99.99
2025-12-19 08:54:21,371 - INFO  - [NUDE][TRAIN] Epoch 36/120 Iter 180/390 Loss 0.1015 Top1 96.42 Top5 99.99
2025-12-19 08:54:24,995 - INFO  - [NUDE][TRAIN] Epoch 36/120 Iter 200/390 Loss 0.1014 Top1 96.43 Top5 99.98
2025-12-19 08:54:28,606 - INFO  - [NUDE][TRAIN] Epoch 36/120 Iter 220/390 Loss 0.1020 Top1 96.43 Top5 99.98
2025-12-19 08:54:32,329 - INFO  - [NUDE][TRAIN] Epoch 36/120 Iter 240/390 Loss 0.1032 Top1 96.37 Top5 99.98
2025-12-19 08:54:35,995 - INFO  - [NUDE][TRAIN] Epoch 36/120 Iter 260/390 Loss 0.1073 Top1 96.27 Top5 99.98
2025-12-19 08:54:39,692 - INFO  - [NUDE][TRAIN] Epoch 36/120 Iter 280/390 Loss 0.1087 Top1 96.22 Top5 99.98
2025-12-19 08:54:43,258 - INFO  - [NUDE][TRAIN] Epoch 36/120 Iter 300/390 Loss 0.1108 Top1 96.14 Top5 99.98
2025-12-19 08:54:47,086 - INFO  - [NUDE][TRAIN] Epoch 36/120 Iter 320/390 Loss 0.1113 Top1 96.13 Top5 99.98
2025-12-19 08:54:50,679 - INFO  - [NUDE][TRAIN] Epoch 36/120 Iter 340/390 Loss 0.1115 Top1 96.13 Top5 99.98
2025-12-19 08:54:54,355 - INFO  - [NUDE][TRAIN] Epoch 36/120 Iter 360/390 Loss 0.1120 Top1 96.09 Top5 99.98
2025-12-19 08:54:57,953 - INFO  - [NUDE][TRAIN] Epoch 36/120 Iter 380/390 Loss 0.1125 Top1 96.08 Top5 99.98
2025-12-19 08:54:59,775 - INFO  - [NUDE] Validate: force max bit-width W/A = 6
2025-12-19 08:55:02,104 - INFO  - [NUDE][EPOCH] 36/120 Train: Top1=96.04 Top5=99.98 Loss=0.1134 | Val(EMA): Top1=92.74
2025-12-19 08:55:02,755 - INFO  - ([37] Epoch) Saving checkpoint to:
             Current: /root/autodl-tmp/retraining-free-quantization/training/resnet18_cifar10_nude_srqat_ls1em04/resnet18_cifar10_nude_srqat_ls1em04_checkpoint.pth.tar

2025-12-19 08:55:02,766 - INFO  - [NUDE] Epoch 37: force max bit-width W/A = 6
2025-12-19 08:55:06,698 - INFO  - [NUDE][TRAIN] Epoch 37/120 Iter 20/390 Loss 0.1043 Top1 96.88 Top5 100.00
2025-12-19 08:55:10,294 - INFO  - [NUDE][TRAIN] Epoch 37/120 Iter 40/390 Loss 0.1042 Top1 96.68 Top5 100.00
2025-12-19 08:55:14,059 - INFO  - [NUDE][TRAIN] Epoch 37/120 Iter 60/390 Loss 0.1041 Top1 96.63 Top5 100.00
2025-12-19 08:55:17,613 - INFO  - [NUDE][TRAIN] Epoch 37/120 Iter 80/390 Loss 0.1008 Top1 96.75 Top5 100.00
2025-12-19 08:55:21,247 - INFO  - [NUDE][TRAIN] Epoch 37/120 Iter 100/390 Loss 0.1016 Top1 96.60 Top5 100.00
2025-12-19 08:55:24,905 - INFO  - [NUDE][TRAIN] Epoch 37/120 Iter 120/390 Loss 0.1042 Top1 96.45 Top5 100.00
2025-12-19 08:55:28,463 - INFO  - [NUDE][TRAIN] Epoch 37/120 Iter 140/390 Loss 0.1057 Top1 96.40 Top5 99.99
2025-12-19 08:55:32,117 - INFO  - [NUDE][TRAIN] Epoch 37/120 Iter 160/390 Loss 0.1075 Top1 96.28 Top5 99.99
2025-12-19 08:55:35,675 - INFO  - [NUDE][TRAIN] Epoch 37/120 Iter 180/390 Loss 0.1063 Top1 96.37 Top5 99.99
2025-12-19 08:55:39,265 - INFO  - [NUDE][TRAIN] Epoch 37/120 Iter 200/390 Loss 0.1071 Top1 96.27 Top5 99.99
2025-12-19 08:55:42,861 - INFO  - [NUDE][TRAIN] Epoch 37/120 Iter 220/390 Loss 0.1073 Top1 96.28 Top5 99.99
2025-12-19 08:55:46,543 - INFO  - [NUDE][TRAIN] Epoch 37/120 Iter 240/390 Loss 0.1077 Top1 96.25 Top5 99.99
2025-12-19 08:55:50,055 - INFO  - [NUDE][TRAIN] Epoch 37/120 Iter 260/390 Loss 0.1073 Top1 96.28 Top5 99.99
2025-12-19 08:55:53,719 - INFO  - [NUDE][TRAIN] Epoch 37/120 Iter 280/390 Loss 0.1076 Top1 96.25 Top5 99.99
2025-12-19 08:55:57,269 - INFO  - [NUDE][TRAIN] Epoch 37/120 Iter 300/390 Loss 0.1077 Top1 96.24 Top5 99.98
2025-12-19 08:56:00,962 - INFO  - [NUDE][TRAIN] Epoch 37/120 Iter 320/390 Loss 0.1081 Top1 96.23 Top5 99.99
2025-12-19 08:56:04,512 - INFO  - [NUDE][TRAIN] Epoch 37/120 Iter 340/390 Loss 0.1087 Top1 96.20 Top5 99.99
2025-12-19 08:56:08,238 - INFO  - [NUDE][TRAIN] Epoch 37/120 Iter 360/390 Loss 0.1078 Top1 96.23 Top5 99.99
2025-12-19 08:56:12,021 - INFO  - [NUDE][TRAIN] Epoch 37/120 Iter 380/390 Loss 0.1079 Top1 96.22 Top5 99.98
2025-12-19 08:56:13,804 - INFO  - [NUDE] Validate: force max bit-width W/A = 6
2025-12-19 08:56:16,155 - INFO  - [NUDE][EPOCH] 37/120 Train: Top1=96.22 Top5=99.98 Loss=0.1083 | Val(EMA): Top1=92.83
2025-12-19 08:56:16,786 - INFO  - ([38] Epoch) Saving checkpoint to:
             Current: /root/autodl-tmp/retraining-free-quantization/training/resnet18_cifar10_nude_srqat_ls1em04/resnet18_cifar10_nude_srqat_ls1em04_checkpoint.pth.tar

2025-12-19 08:56:16,797 - INFO  - [NUDE] Epoch 38: force max bit-width W/A = 6
2025-12-19 08:56:20,664 - INFO  - [NUDE][TRAIN] Epoch 38/120 Iter 20/390 Loss 0.0788 Top1 97.11 Top5 100.00
2025-12-19 08:56:24,150 - INFO  - [NUDE][TRAIN] Epoch 38/120 Iter 40/390 Loss 0.0857 Top1 96.91 Top5 99.98
2025-12-19 08:56:27,767 - INFO  - [NUDE][TRAIN] Epoch 38/120 Iter 60/390 Loss 0.0852 Top1 96.90 Top5 99.97
2025-12-19 08:56:31,352 - INFO  - [NUDE][TRAIN] Epoch 38/120 Iter 80/390 Loss 0.0909 Top1 96.70 Top5 99.98
2025-12-19 08:56:35,008 - INFO  - [NUDE][TRAIN] Epoch 38/120 Iter 100/390 Loss 0.0890 Top1 96.85 Top5 99.98
2025-12-19 08:56:38,652 - INFO  - [NUDE][TRAIN] Epoch 38/120 Iter 120/390 Loss 0.0878 Top1 96.82 Top5 99.98
2025-12-19 08:56:42,344 - INFO  - [NUDE][TRAIN] Epoch 38/120 Iter 140/390 Loss 0.0911 Top1 96.74 Top5 99.98
2025-12-19 08:56:45,975 - INFO  - [NUDE][TRAIN] Epoch 38/120 Iter 160/390 Loss 0.0952 Top1 96.61 Top5 99.98
2025-12-19 08:56:49,490 - INFO  - [NUDE][TRAIN] Epoch 38/120 Iter 180/390 Loss 0.0966 Top1 96.52 Top5 99.97
2025-12-19 08:56:53,175 - INFO  - [NUDE][TRAIN] Epoch 38/120 Iter 200/390 Loss 0.0973 Top1 96.50 Top5 99.97
2025-12-19 08:56:56,799 - INFO  - [NUDE][TRAIN] Epoch 38/120 Iter 220/390 Loss 0.0985 Top1 96.47 Top5 99.97
2025-12-19 08:57:00,493 - INFO  - [NUDE][TRAIN] Epoch 38/120 Iter 240/390 Loss 0.0978 Top1 96.51 Top5 99.97
2025-12-19 08:57:04,048 - INFO  - [NUDE][TRAIN] Epoch 38/120 Iter 260/390 Loss 0.0983 Top1 96.49 Top5 99.97
2025-12-19 08:57:07,772 - INFO  - [NUDE][TRAIN] Epoch 38/120 Iter 280/390 Loss 0.0994 Top1 96.46 Top5 99.97
2025-12-19 08:57:11,301 - INFO  - [NUDE][TRAIN] Epoch 38/120 Iter 300/390 Loss 0.1004 Top1 96.44 Top5 99.97
2025-12-19 08:57:14,951 - INFO  - [NUDE][TRAIN] Epoch 38/120 Iter 320/390 Loss 0.1011 Top1 96.42 Top5 99.97
2025-12-19 08:57:18,501 - INFO  - [NUDE][TRAIN] Epoch 38/120 Iter 340/390 Loss 0.1018 Top1 96.42 Top5 99.97
2025-12-19 08:57:22,179 - INFO  - [NUDE][TRAIN] Epoch 38/120 Iter 360/390 Loss 0.1025 Top1 96.39 Top5 99.98
2025-12-19 08:57:25,771 - INFO  - [NUDE][TRAIN] Epoch 38/120 Iter 380/390 Loss 0.1033 Top1 96.37 Top5 99.97
2025-12-19 08:57:27,620 - INFO  - [NUDE] Validate: force max bit-width W/A = 6
2025-12-19 08:57:29,926 - INFO  - [NUDE][EPOCH] 38/120 Train: Top1=96.35 Top5=99.97 Loss=0.1041 | Val(EMA): Top1=92.93
2025-12-19 08:57:30,512 - INFO  - ([39] Epoch) Saving checkpoint to:
             Current: /root/autodl-tmp/retraining-free-quantization/training/resnet18_cifar10_nude_srqat_ls1em04/resnet18_cifar10_nude_srqat_ls1em04_checkpoint.pth.tar

2025-12-19 08:57:30,522 - INFO  - [NUDE] Epoch 39: force max bit-width W/A = 6
2025-12-19 08:57:34,397 - INFO  - [NUDE][TRAIN] Epoch 39/120 Iter 20/390 Loss 0.0894 Top1 96.91 Top5 99.96
2025-12-19 08:57:37,952 - INFO  - [NUDE][TRAIN] Epoch 39/120 Iter 40/390 Loss 0.0883 Top1 96.80 Top5 99.98
2025-12-19 08:57:41,564 - INFO  - [NUDE][TRAIN] Epoch 39/120 Iter 60/390 Loss 0.0933 Top1 96.64 Top5 99.97
2025-12-19 08:57:45,153 - INFO  - [NUDE][TRAIN] Epoch 39/120 Iter 80/390 Loss 0.0940 Top1 96.65 Top5 99.98
2025-12-19 08:57:48,776 - INFO  - [NUDE][TRAIN] Epoch 39/120 Iter 100/390 Loss 0.0940 Top1 96.70 Top5 99.98
2025-12-19 08:57:52,345 - INFO  - [NUDE][TRAIN] Epoch 39/120 Iter 120/390 Loss 0.0966 Top1 96.63 Top5 99.98
2025-12-19 08:57:56,001 - INFO  - [NUDE][TRAIN] Epoch 39/120 Iter 140/390 Loss 0.0970 Top1 96.62 Top5 99.98
2025-12-19 08:57:59,697 - INFO  - [NUDE][TRAIN] Epoch 39/120 Iter 160/390 Loss 0.0990 Top1 96.45 Top5 99.99
2025-12-19 08:58:03,219 - INFO  - [NUDE][TRAIN] Epoch 39/120 Iter 180/390 Loss 0.0990 Top1 96.46 Top5 99.99
2025-12-19 08:58:06,812 - INFO  - [NUDE][TRAIN] Epoch 39/120 Iter 200/390 Loss 0.0992 Top1 96.48 Top5 99.98
2025-12-19 08:58:10,289 - INFO  - [NUDE][TRAIN] Epoch 39/120 Iter 220/390 Loss 0.0989 Top1 96.52 Top5 99.98
2025-12-19 08:58:13,893 - INFO  - [NUDE][TRAIN] Epoch 39/120 Iter 240/390 Loss 0.1006 Top1 96.46 Top5 99.98
2025-12-19 08:58:17,410 - INFO  - [NUDE][TRAIN] Epoch 39/120 Iter 260/390 Loss 0.1017 Top1 96.42 Top5 99.97
2025-12-19 08:58:21,018 - INFO  - [NUDE][TRAIN] Epoch 39/120 Iter 280/390 Loss 0.1028 Top1 96.38 Top5 99.97
2025-12-19 08:58:24,545 - INFO  - [NUDE][TRAIN] Epoch 39/120 Iter 300/390 Loss 0.1036 Top1 96.34 Top5 99.97
2025-12-19 08:58:28,228 - INFO  - [NUDE][TRAIN] Epoch 39/120 Iter 320/390 Loss 0.1033 Top1 96.35 Top5 99.97
2025-12-19 08:58:31,779 - INFO  - [NUDE][TRAIN] Epoch 39/120 Iter 340/390 Loss 0.1037 Top1 96.32 Top5 99.97
2025-12-19 08:58:35,441 - INFO  - [NUDE][TRAIN] Epoch 39/120 Iter 360/390 Loss 0.1033 Top1 96.33 Top5 99.97
2025-12-19 08:58:39,048 - INFO  - [NUDE][TRAIN] Epoch 39/120 Iter 380/390 Loss 0.1037 Top1 96.33 Top5 99.97
2025-12-19 08:58:40,908 - INFO  - [NUDE] Validate: force max bit-width W/A = 6
2025-12-19 08:58:43,232 - INFO  - [NUDE][EPOCH] 39/120 Train: Top1=96.32 Top5=99.97 Loss=0.1038 | Val(EMA): Top1=93.14
2025-12-19 08:58:43,846 - INFO  - ([40] Epoch) Saving checkpoint to:
             Current: /root/autodl-tmp/retraining-free-quantization/training/resnet18_cifar10_nude_srqat_ls1em04/resnet18_cifar10_nude_srqat_ls1em04_checkpoint.pth.tar

2025-12-19 08:58:43,857 - INFO  - [NUDE] Epoch 40: force max bit-width W/A = 6
2025-12-19 08:58:47,767 - INFO  - [NUDE][TRAIN] Epoch 40/120 Iter 20/390 Loss 0.0735 Top1 97.34 Top5 100.00
2025-12-19 08:58:51,445 - INFO  - [NUDE][TRAIN] Epoch 40/120 Iter 40/390 Loss 0.0804 Top1 97.29 Top5 100.00
2025-12-19 08:58:54,950 - INFO  - [NUDE][TRAIN] Epoch 40/120 Iter 60/390 Loss 0.0783 Top1 97.28 Top5 100.00
2025-12-19 08:58:58,485 - INFO  - [NUDE][TRAIN] Epoch 40/120 Iter 80/390 Loss 0.0813 Top1 97.15 Top5 99.99
2025-12-19 08:59:02,127 - INFO  - [NUDE][TRAIN] Epoch 40/120 Iter 100/390 Loss 0.0825 Top1 97.13 Top5 99.99
2025-12-19 08:59:05,745 - INFO  - [NUDE][TRAIN] Epoch 40/120 Iter 120/390 Loss 0.0849 Top1 97.04 Top5 99.99
2025-12-19 08:59:09,328 - INFO  - [NUDE][TRAIN] Epoch 40/120 Iter 140/390 Loss 0.0864 Top1 96.98 Top5 99.99
2025-12-19 08:59:13,070 - INFO  - [NUDE][TRAIN] Epoch 40/120 Iter 160/390 Loss 0.0852 Top1 97.01 Top5 99.99
2025-12-19 08:59:16,628 - INFO  - [NUDE][TRAIN] Epoch 40/120 Iter 180/390 Loss 0.0876 Top1 96.94 Top5 99.99
2025-12-19 08:59:20,325 - INFO  - [NUDE][TRAIN] Epoch 40/120 Iter 200/390 Loss 0.0889 Top1 96.89 Top5 99.99
2025-12-19 08:59:23,898 - INFO  - [NUDE][TRAIN] Epoch 40/120 Iter 220/390 Loss 0.0905 Top1 96.80 Top5 99.99
2025-12-19 08:59:27,582 - INFO  - [NUDE][TRAIN] Epoch 40/120 Iter 240/390 Loss 0.0907 Top1 96.79 Top5 99.99
2025-12-19 08:59:31,291 - INFO  - [NUDE][TRAIN] Epoch 40/120 Iter 260/390 Loss 0.0919 Top1 96.77 Top5 99.99
2025-12-19 08:59:34,922 - INFO  - [NUDE][TRAIN] Epoch 40/120 Iter 280/390 Loss 0.0915 Top1 96.76 Top5 99.99
2025-12-19 08:59:38,453 - INFO  - [NUDE][TRAIN] Epoch 40/120 Iter 300/390 Loss 0.0927 Top1 96.73 Top5 99.98
2025-12-19 08:59:42,064 - INFO  - [NUDE][TRAIN] Epoch 40/120 Iter 320/390 Loss 0.0936 Top1 96.70 Top5 99.99
2025-12-19 08:59:45,614 - INFO  - [NUDE][TRAIN] Epoch 40/120 Iter 340/390 Loss 0.0949 Top1 96.68 Top5 99.98
2025-12-19 08:59:49,310 - INFO  - [NUDE][TRAIN] Epoch 40/120 Iter 360/390 Loss 0.0953 Top1 96.66 Top5 99.98
2025-12-19 08:59:52,926 - INFO  - [NUDE][TRAIN] Epoch 40/120 Iter 380/390 Loss 0.0953 Top1 96.67 Top5 99.98
2025-12-19 08:59:54,717 - INFO  - [NUDE] Validate: force max bit-width W/A = 6
2025-12-19 08:59:57,025 - INFO  - [NUDE][EPOCH] 40/120 Train: Top1=96.65 Top5=99.98 Loss=0.0955 | Val(EMA): Top1=93.24
2025-12-19 08:59:57,665 - INFO  - ([41] Epoch) Saving checkpoint to:
             Current: /root/autodl-tmp/retraining-free-quantization/training/resnet18_cifar10_nude_srqat_ls1em04/resnet18_cifar10_nude_srqat_ls1em04_checkpoint.pth.tar

2025-12-19 08:59:57,676 - INFO  - [NUDE] Epoch 41: force max bit-width W/A = 6
2025-12-19 09:00:01,514 - INFO  - [NUDE][TRAIN] Epoch 41/120 Iter 20/390 Loss 0.0736 Top1 97.38 Top5 100.00
2025-12-19 09:00:04,969 - INFO  - [NUDE][TRAIN] Epoch 41/120 Iter 40/390 Loss 0.0791 Top1 97.19 Top5 99.98
2025-12-19 09:00:08,580 - INFO  - [NUDE][TRAIN] Epoch 41/120 Iter 60/390 Loss 0.0752 Top1 97.42 Top5 99.99
2025-12-19 09:00:12,191 - INFO  - [NUDE][TRAIN] Epoch 41/120 Iter 80/390 Loss 0.0784 Top1 97.23 Top5 99.98
2025-12-19 09:00:15,839 - INFO  - [NUDE][TRAIN] Epoch 41/120 Iter 100/390 Loss 0.0829 Top1 96.99 Top5 99.98
2025-12-19 09:00:19,500 - INFO  - [NUDE][TRAIN] Epoch 41/120 Iter 120/390 Loss 0.0854 Top1 96.94 Top5 99.98
2025-12-19 09:00:23,000 - INFO  - [NUDE][TRAIN] Epoch 41/120 Iter 140/390 Loss 0.0866 Top1 96.90 Top5 99.98
2025-12-19 09:00:26,620 - INFO  - [NUDE][TRAIN] Epoch 41/120 Iter 160/390 Loss 0.0868 Top1 96.91 Top5 99.97
2025-12-19 09:00:30,202 - INFO  - [NUDE][TRAIN] Epoch 41/120 Iter 180/390 Loss 0.0852 Top1 96.97 Top5 99.97
2025-12-19 09:00:33,880 - INFO  - [NUDE][TRAIN] Epoch 41/120 Iter 200/390 Loss 0.0857 Top1 96.96 Top5 99.98
2025-12-19 09:00:37,424 - INFO  - [NUDE][TRAIN] Epoch 41/120 Iter 220/390 Loss 0.0865 Top1 96.89 Top5 99.98
2025-12-19 09:00:41,136 - INFO  - [NUDE][TRAIN] Epoch 41/120 Iter 240/390 Loss 0.0878 Top1 96.86 Top5 99.97
2025-12-19 09:00:44,762 - INFO  - [NUDE][TRAIN] Epoch 41/120 Iter 260/390 Loss 0.0882 Top1 96.85 Top5 99.97
2025-12-19 09:00:48,429 - INFO  - [NUDE][TRAIN] Epoch 41/120 Iter 280/390 Loss 0.0886 Top1 96.84 Top5 99.97
2025-12-19 09:00:51,966 - INFO  - [NUDE][TRAIN] Epoch 41/120 Iter 300/390 Loss 0.0893 Top1 96.80 Top5 99.98
2025-12-19 09:00:55,648 - INFO  - [NUDE][TRAIN] Epoch 41/120 Iter 320/390 Loss 0.0900 Top1 96.77 Top5 99.98
2025-12-19 09:00:59,213 - INFO  - [NUDE][TRAIN] Epoch 41/120 Iter 340/390 Loss 0.0900 Top1 96.78 Top5 99.98
2025-12-19 09:01:02,848 - INFO  - [NUDE][TRAIN] Epoch 41/120 Iter 360/390 Loss 0.0916 Top1 96.73 Top5 99.98
2025-12-19 09:01:06,472 - INFO  - [NUDE][TRAIN] Epoch 41/120 Iter 380/390 Loss 0.0923 Top1 96.70 Top5 99.98
2025-12-19 09:01:08,288 - INFO  - [NUDE] Validate: force max bit-width W/A = 6
2025-12-19 09:01:10,598 - INFO  - [NUDE][EPOCH] 41/120 Train: Top1=96.68 Top5=99.98 Loss=0.0928 | Val(EMA): Top1=93.43
2025-12-19 09:01:11,212 - INFO  - ([42] Epoch) Saving checkpoint to:
             Current: /root/autodl-tmp/retraining-free-quantization/training/resnet18_cifar10_nude_srqat_ls1em04/resnet18_cifar10_nude_srqat_ls1em04_checkpoint.pth.tar

2025-12-19 09:01:11,222 - INFO  - [NUDE] Epoch 42: force max bit-width W/A = 6
2025-12-19 09:01:15,143 - INFO  - [NUDE][TRAIN] Epoch 42/120 Iter 20/390 Loss 0.0958 Top1 96.84 Top5 99.92
2025-12-19 09:01:18,672 - INFO  - [NUDE][TRAIN] Epoch 42/120 Iter 40/390 Loss 0.0866 Top1 97.03 Top5 99.96
2025-12-19 09:01:22,449 - INFO  - [NUDE][TRAIN] Epoch 42/120 Iter 60/390 Loss 0.0881 Top1 96.81 Top5 99.97
2025-12-19 09:01:26,039 - INFO  - [NUDE][TRAIN] Epoch 42/120 Iter 80/390 Loss 0.0903 Top1 96.77 Top5 99.98
2025-12-19 09:01:29,638 - INFO  - [NUDE][TRAIN] Epoch 42/120 Iter 100/390 Loss 0.0874 Top1 96.85 Top5 99.98
2025-12-19 09:01:33,185 - INFO  - [NUDE][TRAIN] Epoch 42/120 Iter 120/390 Loss 0.0863 Top1 96.91 Top5 99.98
2025-12-19 09:01:36,868 - INFO  - [NUDE][TRAIN] Epoch 42/120 Iter 140/390 Loss 0.0859 Top1 96.95 Top5 99.98
2025-12-19 09:01:40,529 - INFO  - [NUDE][TRAIN] Epoch 42/120 Iter 160/390 Loss 0.0858 Top1 96.96 Top5 99.99
2025-12-19 09:01:44,094 - INFO  - [NUDE][TRAIN] Epoch 42/120 Iter 180/390 Loss 0.0857 Top1 96.96 Top5 99.99
2025-12-19 09:01:47,825 - INFO  - [NUDE][TRAIN] Epoch 42/120 Iter 200/390 Loss 0.0855 Top1 96.99 Top5 99.99
2025-12-19 09:01:51,455 - INFO  - [NUDE][TRAIN] Epoch 42/120 Iter 220/390 Loss 0.0855 Top1 96.97 Top5 99.99
2025-12-19 09:01:55,143 - INFO  - [NUDE][TRAIN] Epoch 42/120 Iter 240/390 Loss 0.0876 Top1 96.90 Top5 99.99
2025-12-19 09:01:58,695 - INFO  - [NUDE][TRAIN] Epoch 42/120 Iter 260/390 Loss 0.0880 Top1 96.90 Top5 99.98
2025-12-19 09:02:02,377 - INFO  - [NUDE][TRAIN] Epoch 42/120 Iter 280/390 Loss 0.0883 Top1 96.87 Top5 99.99
2025-12-19 09:02:05,896 - INFO  - [NUDE][TRAIN] Epoch 42/120 Iter 300/390 Loss 0.0893 Top1 96.85 Top5 99.99
2025-12-19 09:02:09,608 - INFO  - [NUDE][TRAIN] Epoch 42/120 Iter 320/390 Loss 0.0899 Top1 96.83 Top5 99.99
2025-12-19 09:02:13,219 - INFO  - [NUDE][TRAIN] Epoch 42/120 Iter 340/390 Loss 0.0897 Top1 96.82 Top5 99.99
2025-12-19 09:02:16,901 - INFO  - [NUDE][TRAIN] Epoch 42/120 Iter 360/390 Loss 0.0893 Top1 96.84 Top5 99.99
2025-12-19 09:02:20,611 - INFO  - [NUDE][TRAIN] Epoch 42/120 Iter 380/390 Loss 0.0900 Top1 96.83 Top5 99.99
2025-12-19 09:02:22,434 - INFO  - [NUDE] Validate: force max bit-width W/A = 6
2025-12-19 09:02:24,766 - INFO  - [NUDE][EPOCH] 42/120 Train: Top1=96.82 Top5=99.99 Loss=0.0905 | Val(EMA): Top1=93.31
2025-12-19 09:02:25,421 - INFO  - ([43] Epoch) Saving checkpoint to:
             Current: /root/autodl-tmp/retraining-free-quantization/training/resnet18_cifar10_nude_srqat_ls1em04/resnet18_cifar10_nude_srqat_ls1em04_checkpoint.pth.tar

2025-12-19 09:02:25,431 - INFO  - [NUDE] Epoch 43: force max bit-width W/A = 6
2025-12-19 09:02:29,353 - INFO  - [NUDE][TRAIN] Epoch 43/120 Iter 20/390 Loss 0.0798 Top1 97.27 Top5 100.00
2025-12-19 09:02:32,978 - INFO  - [NUDE][TRAIN] Epoch 43/120 Iter 40/390 Loss 0.0790 Top1 97.42 Top5 100.00
2025-12-19 09:02:36,621 - INFO  - [NUDE][TRAIN] Epoch 43/120 Iter 60/390 Loss 0.0805 Top1 97.29 Top5 99.99
2025-12-19 09:02:40,223 - INFO  - [NUDE][TRAIN] Epoch 43/120 Iter 80/390 Loss 0.0840 Top1 97.11 Top5 99.99
2025-12-19 09:02:43,945 - INFO  - [NUDE][TRAIN] Epoch 43/120 Iter 100/390 Loss 0.0857 Top1 97.03 Top5 99.99
2025-12-19 09:02:47,581 - INFO  - [NUDE][TRAIN] Epoch 43/120 Iter 120/390 Loss 0.0857 Top1 97.04 Top5 99.99
2025-12-19 09:02:51,304 - INFO  - [NUDE][TRAIN] Epoch 43/120 Iter 140/390 Loss 0.0857 Top1 97.03 Top5 99.99
2025-12-19 09:02:55,037 - INFO  - [NUDE][TRAIN] Epoch 43/120 Iter 160/390 Loss 0.0867 Top1 97.01 Top5 100.00
2025-12-19 09:02:58,650 - INFO  - [NUDE][TRAIN] Epoch 43/120 Iter 180/390 Loss 0.0888 Top1 96.97 Top5 99.99
2025-12-19 09:03:02,339 - INFO  - [NUDE][TRAIN] Epoch 43/120 Iter 200/390 Loss 0.0892 Top1 96.96 Top5 99.99
2025-12-19 09:03:06,030 - INFO  - [NUDE][TRAIN] Epoch 43/120 Iter 220/390 Loss 0.0894 Top1 96.96 Top5 99.99
2025-12-19 09:03:09,676 - INFO  - [NUDE][TRAIN] Epoch 43/120 Iter 240/390 Loss 0.0897 Top1 96.96 Top5 99.99
2025-12-19 09:03:13,307 - INFO  - [NUDE][TRAIN] Epoch 43/120 Iter 260/390 Loss 0.0900 Top1 96.96 Top5 99.99
2025-12-19 09:03:17,093 - INFO  - [NUDE][TRAIN] Epoch 43/120 Iter 280/390 Loss 0.0900 Top1 96.94 Top5 99.99
2025-12-19 09:03:20,656 - INFO  - [NUDE][TRAIN] Epoch 43/120 Iter 300/390 Loss 0.0897 Top1 96.94 Top5 99.99
2025-12-19 09:03:24,325 - INFO  - [NUDE][TRAIN] Epoch 43/120 Iter 320/390 Loss 0.0901 Top1 96.91 Top5 100.00
2025-12-19 09:03:27,878 - INFO  - [NUDE][TRAIN] Epoch 43/120 Iter 340/390 Loss 0.0905 Top1 96.89 Top5 99.99
2025-12-19 09:03:31,521 - INFO  - [NUDE][TRAIN] Epoch 43/120 Iter 360/390 Loss 0.0910 Top1 96.88 Top5 99.99
2025-12-19 09:03:35,438 - INFO  - [NUDE][TRAIN] Epoch 43/120 Iter 380/390 Loss 0.0910 Top1 96.87 Top5 99.99
2025-12-19 09:03:37,294 - INFO  - [NUDE] Validate: force max bit-width W/A = 6
2025-12-19 09:03:39,614 - INFO  - [NUDE][EPOCH] 43/120 Train: Top1=96.89 Top5=99.99 Loss=0.0907 | Val(EMA): Top1=93.50
2025-12-19 09:03:40,258 - INFO  - ([44] Epoch) Saving checkpoint to:
             Current: /root/autodl-tmp/retraining-free-quantization/training/resnet18_cifar10_nude_srqat_ls1em04/resnet18_cifar10_nude_srqat_ls1em04_checkpoint.pth.tar

2025-12-19 09:03:40,271 - INFO  - [NUDE] Epoch 44: force max bit-width W/A = 6
2025-12-19 09:03:44,242 - INFO  - [NUDE][TRAIN] Epoch 44/120 Iter 20/390 Loss 0.0846 Top1 97.77 Top5 100.00
2025-12-19 09:03:47,972 - INFO  - [NUDE][TRAIN] Epoch 44/120 Iter 40/390 Loss 0.0795 Top1 97.60 Top5 100.00
2025-12-19 09:03:51,567 - INFO  - [NUDE][TRAIN] Epoch 44/120 Iter 60/390 Loss 0.0758 Top1 97.54 Top5 99.99
2025-12-19 09:03:55,135 - INFO  - [NUDE][TRAIN] Epoch 44/120 Iter 80/390 Loss 0.0774 Top1 97.45 Top5 99.99
2025-12-19 09:03:58,838 - INFO  - [NUDE][TRAIN] Epoch 44/120 Iter 100/390 Loss 0.0757 Top1 97.44 Top5 99.99
2025-12-19 09:04:02,529 - INFO  - [NUDE][TRAIN] Epoch 44/120 Iter 120/390 Loss 0.0736 Top1 97.49 Top5 99.99
2025-12-19 09:04:06,130 - INFO  - [NUDE][TRAIN] Epoch 44/120 Iter 140/390 Loss 0.0742 Top1 97.47 Top5 99.99
2025-12-19 09:04:09,855 - INFO  - [NUDE][TRAIN] Epoch 44/120 Iter 160/390 Loss 0.0760 Top1 97.36 Top5 100.00
2025-12-19 09:04:13,445 - INFO  - [NUDE][TRAIN] Epoch 44/120 Iter 180/390 Loss 0.0765 Top1 97.34 Top5 99.99
2025-12-19 09:04:17,141 - INFO  - [NUDE][TRAIN] Epoch 44/120 Iter 200/390 Loss 0.0765 Top1 97.33 Top5 99.99
2025-12-19 09:04:20,666 - INFO  - [NUDE][TRAIN] Epoch 44/120 Iter 220/390 Loss 0.0785 Top1 97.26 Top5 99.99
2025-12-19 09:04:24,363 - INFO  - [NUDE][TRAIN] Epoch 44/120 Iter 240/390 Loss 0.0786 Top1 97.28 Top5 99.99
2025-12-19 09:04:27,917 - INFO  - [NUDE][TRAIN] Epoch 44/120 Iter 260/390 Loss 0.0788 Top1 97.28 Top5 99.99
2025-12-19 09:04:31,568 - INFO  - [NUDE][TRAIN] Epoch 44/120 Iter 280/390 Loss 0.0792 Top1 97.27 Top5 99.99
2025-12-19 09:04:35,216 - INFO  - [NUDE][TRAIN] Epoch 44/120 Iter 300/390 Loss 0.0797 Top1 97.26 Top5 99.99
2025-12-19 09:04:38,954 - INFO  - [NUDE][TRAIN] Epoch 44/120 Iter 320/390 Loss 0.0801 Top1 97.24 Top5 99.99
2025-12-19 09:04:42,563 - INFO  - [NUDE][TRAIN] Epoch 44/120 Iter 340/390 Loss 0.0802 Top1 97.24 Top5 99.99
2025-12-19 09:04:46,325 - INFO  - [NUDE][TRAIN] Epoch 44/120 Iter 360/390 Loss 0.0805 Top1 97.23 Top5 99.99
2025-12-19 09:04:50,074 - INFO  - [NUDE][TRAIN] Epoch 44/120 Iter 380/390 Loss 0.0804 Top1 97.23 Top5 99.99
2025-12-19 09:04:51,939 - INFO  - [NUDE] Validate: force max bit-width W/A = 6
2025-12-19 09:04:54,276 - INFO  - [NUDE][EPOCH] 44/120 Train: Top1=97.21 Top5=99.99 Loss=0.0809 | Val(EMA): Top1=93.63
2025-12-19 09:04:54,921 - INFO  - ([45] Epoch) Saving checkpoint to:
             Current: /root/autodl-tmp/retraining-free-quantization/training/resnet18_cifar10_nude_srqat_ls1em04/resnet18_cifar10_nude_srqat_ls1em04_checkpoint.pth.tar

2025-12-19 09:04:54,932 - INFO  - [NUDE] Epoch 45: force max bit-width W/A = 6
2025-12-19 09:04:58,924 - INFO  - [NUDE][TRAIN] Epoch 45/120 Iter 20/390 Loss 0.0779 Top1 97.54 Top5 100.00
2025-12-19 09:05:02,526 - INFO  - [NUDE][TRAIN] Epoch 45/120 Iter 40/390 Loss 0.0798 Top1 97.32 Top5 99.98
2025-12-19 09:05:06,224 - INFO  - [NUDE][TRAIN] Epoch 45/120 Iter 60/390 Loss 0.0776 Top1 97.38 Top5 99.99
2025-12-19 09:05:09,885 - INFO  - [NUDE][TRAIN] Epoch 45/120 Iter 80/390 Loss 0.0793 Top1 97.33 Top5 99.99
2025-12-19 09:05:13,636 - INFO  - [NUDE][TRAIN] Epoch 45/120 Iter 100/390 Loss 0.0816 Top1 97.26 Top5 99.99
2025-12-19 09:05:17,278 - INFO  - [NUDE][TRAIN] Epoch 45/120 Iter 120/390 Loss 0.0800 Top1 97.29 Top5 99.99
2025-12-19 09:05:20,956 - INFO  - [NUDE][TRAIN] Epoch 45/120 Iter 140/390 Loss 0.0784 Top1 97.30 Top5 99.99
2025-12-19 09:05:24,842 - INFO  - [NUDE][TRAIN] Epoch 45/120 Iter 160/390 Loss 0.0772 Top1 97.36 Top5 99.99
2025-12-19 09:05:28,412 - INFO  - [NUDE][TRAIN] Epoch 45/120 Iter 180/390 Loss 0.0778 Top1 97.32 Top5 99.99
2025-12-19 09:05:32,128 - INFO  - [NUDE][TRAIN] Epoch 45/120 Iter 200/390 Loss 0.0776 Top1 97.31 Top5 99.99
2025-12-19 09:05:35,703 - INFO  - [NUDE][TRAIN] Epoch 45/120 Iter 220/390 Loss 0.0785 Top1 97.28 Top5 99.99
2025-12-19 09:05:39,311 - INFO  - [NUDE][TRAIN] Epoch 45/120 Iter 240/390 Loss 0.0792 Top1 97.27 Top5 99.99
2025-12-19 09:05:42,872 - INFO  - [NUDE][TRAIN] Epoch 45/120 Iter 260/390 Loss 0.0795 Top1 97.24 Top5 99.99
2025-12-19 09:05:46,612 - INFO  - [NUDE][TRAIN] Epoch 45/120 Iter 280/390 Loss 0.0799 Top1 97.23 Top5 99.99
2025-12-19 09:05:50,202 - INFO  - [NUDE][TRAIN] Epoch 45/120 Iter 300/390 Loss 0.0811 Top1 97.19 Top5 99.99
2025-12-19 09:05:53,930 - INFO  - [NUDE][TRAIN] Epoch 45/120 Iter 320/390 Loss 0.0812 Top1 97.17 Top5 99.99
2025-12-19 09:05:57,579 - INFO  - [NUDE][TRAIN] Epoch 45/120 Iter 340/390 Loss 0.0813 Top1 97.17 Top5 99.99
2025-12-19 09:06:01,278 - INFO  - [NUDE][TRAIN] Epoch 45/120 Iter 360/390 Loss 0.0819 Top1 97.17 Top5 99.99
2025-12-19 09:06:05,016 - INFO  - [NUDE][TRAIN] Epoch 45/120 Iter 380/390 Loss 0.0827 Top1 97.16 Top5 99.99
2025-12-19 09:06:06,864 - INFO  - [NUDE] Validate: force max bit-width W/A = 6
2025-12-19 09:06:09,186 - INFO  - [NUDE][EPOCH] 45/120 Train: Top1=97.17 Top5=99.99 Loss=0.0826 | Val(EMA): Top1=93.70
2025-12-19 09:06:09,824 - INFO  - ([46] Epoch) Saving checkpoint to:
             Current: /root/autodl-tmp/retraining-free-quantization/training/resnet18_cifar10_nude_srqat_ls1em04/resnet18_cifar10_nude_srqat_ls1em04_checkpoint.pth.tar

2025-12-19 09:06:09,834 - INFO  - [NUDE] Epoch 46: force max bit-width W/A = 6
2025-12-19 09:06:13,831 - INFO  - [NUDE][TRAIN] Epoch 46/120 Iter 20/390 Loss 0.0710 Top1 97.58 Top5 99.96
2025-12-19 09:06:17,471 - INFO  - [NUDE][TRAIN] Epoch 46/120 Iter 40/390 Loss 0.0618 Top1 97.93 Top5 99.98
2025-12-19 09:06:21,227 - INFO  - [NUDE][TRAIN] Epoch 46/120 Iter 60/390 Loss 0.0635 Top1 97.90 Top5 99.99
2025-12-19 09:06:24,885 - INFO  - [NUDE][TRAIN] Epoch 46/120 Iter 80/390 Loss 0.0623 Top1 97.93 Top5 99.99
2025-12-19 09:06:28,606 - INFO  - [NUDE][TRAIN] Epoch 46/120 Iter 100/390 Loss 0.0647 Top1 97.77 Top5 99.99
2025-12-19 09:06:32,218 - INFO  - [NUDE][TRAIN] Epoch 46/120 Iter 120/390 Loss 0.0695 Top1 97.57 Top5 99.99
2025-12-19 09:06:35,998 - INFO  - [NUDE][TRAIN] Epoch 46/120 Iter 140/390 Loss 0.0725 Top1 97.42 Top5 99.99
2025-12-19 09:06:39,765 - INFO  - [NUDE][TRAIN] Epoch 46/120 Iter 160/390 Loss 0.0741 Top1 97.36 Top5 100.00
2025-12-19 09:06:43,399 - INFO  - [NUDE][TRAIN] Epoch 46/120 Iter 180/390 Loss 0.0760 Top1 97.28 Top5 99.99
2025-12-19 09:06:47,072 - INFO  - [NUDE][TRAIN] Epoch 46/120 Iter 200/390 Loss 0.0781 Top1 97.21 Top5 99.99
2025-12-19 09:06:50,658 - INFO  - [NUDE][TRAIN] Epoch 46/120 Iter 220/390 Loss 0.0790 Top1 97.19 Top5 99.99
2025-12-19 09:06:54,372 - INFO  - [NUDE][TRAIN] Epoch 46/120 Iter 240/390 Loss 0.0786 Top1 97.25 Top5 99.99
2025-12-19 09:06:57,965 - INFO  - [NUDE][TRAIN] Epoch 46/120 Iter 260/390 Loss 0.0804 Top1 97.19 Top5 99.99
2025-12-19 09:07:01,630 - INFO  - [NUDE][TRAIN] Epoch 46/120 Iter 280/390 Loss 0.0829 Top1 97.12 Top5 99.99
2025-12-19 09:07:05,280 - INFO  - [NUDE][TRAIN] Epoch 46/120 Iter 300/390 Loss 0.0835 Top1 97.11 Top5 99.99
2025-12-19 09:07:09,001 - INFO  - [NUDE][TRAIN] Epoch 46/120 Iter 320/390 Loss 0.0841 Top1 97.10 Top5 99.99
2025-12-19 09:07:12,600 - INFO  - [NUDE][TRAIN] Epoch 46/120 Iter 340/390 Loss 0.0850 Top1 97.07 Top5 99.99
2025-12-19 09:07:16,296 - INFO  - [NUDE][TRAIN] Epoch 46/120 Iter 360/390 Loss 0.0846 Top1 97.07 Top5 99.99
2025-12-19 09:07:20,062 - INFO  - [NUDE][TRAIN] Epoch 46/120 Iter 380/390 Loss 0.0846 Top1 97.06 Top5 99.99
2025-12-19 09:07:21,906 - INFO  - [NUDE] Validate: force max bit-width W/A = 6
2025-12-19 09:07:24,225 - INFO  - [NUDE][EPOCH] 46/120 Train: Top1=97.07 Top5=99.99 Loss=0.0846 | Val(EMA): Top1=93.66
2025-12-19 09:07:24,898 - INFO  - ([47] Epoch) Saving checkpoint to:
             Current: /root/autodl-tmp/retraining-free-quantization/training/resnet18_cifar10_nude_srqat_ls1em04/resnet18_cifar10_nude_srqat_ls1em04_checkpoint.pth.tar

2025-12-19 09:07:24,909 - INFO  - [NUDE] Epoch 47: force max bit-width W/A = 6
2025-12-19 09:07:28,959 - INFO  - [NUDE][TRAIN] Epoch 47/120 Iter 20/390 Loss 0.0592 Top1 98.01 Top5 100.00
2025-12-19 09:07:32,515 - INFO  - [NUDE][TRAIN] Epoch 47/120 Iter 40/390 Loss 0.0646 Top1 97.93 Top5 100.00
2025-12-19 09:07:36,266 - INFO  - [NUDE][TRAIN] Epoch 47/120 Iter 60/390 Loss 0.0631 Top1 97.94 Top5 100.00
2025-12-19 09:07:40,231 - INFO  - [NUDE][TRAIN] Epoch 47/120 Iter 80/390 Loss 0.0638 Top1 97.87 Top5 99.99
2025-12-19 09:07:43,980 - INFO  - [NUDE][TRAIN] Epoch 47/120 Iter 100/390 Loss 0.0645 Top1 97.81 Top5 99.99
2025-12-19 09:07:47,563 - INFO  - [NUDE][TRAIN] Epoch 47/120 Iter 120/390 Loss 0.0673 Top1 97.68 Top5 99.99
2025-12-19 09:07:51,332 - INFO  - [NUDE][TRAIN] Epoch 47/120 Iter 140/390 Loss 0.0664 Top1 97.71 Top5 99.98
2025-12-19 09:07:55,130 - INFO  - [NUDE][TRAIN] Epoch 47/120 Iter 160/390 Loss 0.0655 Top1 97.76 Top5 99.99
2025-12-19 09:07:58,717 - INFO  - [NUDE][TRAIN] Epoch 47/120 Iter 180/390 Loss 0.0655 Top1 97.75 Top5 99.99
2025-12-19 09:08:02,479 - INFO  - [NUDE][TRAIN] Epoch 47/120 Iter 200/390 Loss 0.0658 Top1 97.73 Top5 99.99
2025-12-19 09:08:06,123 - INFO  - [NUDE][TRAIN] Epoch 47/120 Iter 220/390 Loss 0.0657 Top1 97.71 Top5 99.99
2025-12-19 09:08:09,979 - INFO  - [NUDE][TRAIN] Epoch 47/120 Iter 240/390 Loss 0.0656 Top1 97.73 Top5 99.99
2025-12-19 09:08:13,822 - INFO  - [NUDE][TRAIN] Epoch 47/120 Iter 260/390 Loss 0.0657 Top1 97.71 Top5 99.99
2025-12-19 09:08:17,484 - INFO  - [NUDE][TRAIN] Epoch 47/120 Iter 280/390 Loss 0.0663 Top1 97.69 Top5 99.99
2025-12-19 09:08:21,100 - INFO  - [NUDE][TRAIN] Epoch 47/120 Iter 300/390 Loss 0.0671 Top1 97.67 Top5 99.99
2025-12-19 09:08:24,807 - INFO  - [NUDE][TRAIN] Epoch 47/120 Iter 320/390 Loss 0.0678 Top1 97.65 Top5 99.99
2025-12-19 09:08:28,378 - INFO  - [NUDE][TRAIN] Epoch 47/120 Iter 340/390 Loss 0.0686 Top1 97.60 Top5 99.99
2025-12-19 09:08:32,075 - INFO  - [NUDE][TRAIN] Epoch 47/120 Iter 360/390 Loss 0.0694 Top1 97.58 Top5 99.99
2025-12-19 09:08:35,833 - INFO  - [NUDE][TRAIN] Epoch 47/120 Iter 380/390 Loss 0.0700 Top1 97.56 Top5 99.99
2025-12-19 09:08:37,724 - INFO  - [NUDE] Validate: force max bit-width W/A = 6
2025-12-19 09:08:40,054 - INFO  - [NUDE][EPOCH] 47/120 Train: Top1=97.55 Top5=99.99 Loss=0.0703 | Val(EMA): Top1=93.76
2025-12-19 09:08:40,693 - INFO  - ([48] Epoch) Saving checkpoint to:
             Current: /root/autodl-tmp/retraining-free-quantization/training/resnet18_cifar10_nude_srqat_ls1em04/resnet18_cifar10_nude_srqat_ls1em04_checkpoint.pth.tar

2025-12-19 09:08:40,706 - INFO  - [NUDE] Epoch 48: force max bit-width W/A = 6
2025-12-19 09:08:44,654 - INFO  - [NUDE][TRAIN] Epoch 48/120 Iter 20/390 Loss 0.0764 Top1 97.34 Top5 99.96
2025-12-19 09:08:48,366 - INFO  - [NUDE][TRAIN] Epoch 48/120 Iter 40/390 Loss 0.0707 Top1 97.50 Top5 99.98
2025-12-19 09:08:51,935 - INFO  - [NUDE][TRAIN] Epoch 48/120 Iter 60/390 Loss 0.0692 Top1 97.49 Top5 99.99
2025-12-19 09:08:55,524 - INFO  - [NUDE][TRAIN] Epoch 48/120 Iter 80/390 Loss 0.0693 Top1 97.45 Top5 99.99
2025-12-19 09:08:59,200 - INFO  - [NUDE][TRAIN] Epoch 48/120 Iter 100/390 Loss 0.0691 Top1 97.50 Top5 99.99
2025-12-19 09:09:03,008 - INFO  - [NUDE][TRAIN] Epoch 48/120 Iter 120/390 Loss 0.0677 Top1 97.57 Top5 99.99
2025-12-19 09:09:06,566 - INFO  - [NUDE][TRAIN] Epoch 48/120 Iter 140/390 Loss 0.0700 Top1 97.53 Top5 99.99
2025-12-19 09:09:10,282 - INFO  - [NUDE][TRAIN] Epoch 48/120 Iter 160/390 Loss 0.0691 Top1 97.59 Top5 99.99
2025-12-19 09:09:13,887 - INFO  - [NUDE][TRAIN] Epoch 48/120 Iter 180/390 Loss 0.0690 Top1 97.57 Top5 99.99
2025-12-19 09:09:17,636 - INFO  - [NUDE][TRAIN] Epoch 48/120 Iter 200/390 Loss 0.0696 Top1 97.56 Top5 99.99
2025-12-19 09:09:21,455 - INFO  - [NUDE][TRAIN] Epoch 48/120 Iter 220/390 Loss 0.0707 Top1 97.51 Top5 99.99
2025-12-19 09:09:25,185 - INFO  - [NUDE][TRAIN] Epoch 48/120 Iter 240/390 Loss 0.0702 Top1 97.51 Top5 99.99
2025-12-19 09:09:28,790 - INFO  - [NUDE][TRAIN] Epoch 48/120 Iter 260/390 Loss 0.0709 Top1 97.48 Top5 99.99
2025-12-19 09:09:32,517 - INFO  - [NUDE][TRAIN] Epoch 48/120 Iter 280/390 Loss 0.0724 Top1 97.44 Top5 99.99
2025-12-19 09:09:36,041 - INFO  - [NUDE][TRAIN] Epoch 48/120 Iter 300/390 Loss 0.0730 Top1 97.42 Top5 99.99
2025-12-19 09:09:39,803 - INFO  - [NUDE][TRAIN] Epoch 48/120 Iter 320/390 Loss 0.0734 Top1 97.41 Top5 99.99
2025-12-19 09:09:43,362 - INFO  - [NUDE][TRAIN] Epoch 48/120 Iter 340/390 Loss 0.0734 Top1 97.41 Top5 99.99
2025-12-19 09:09:46,979 - INFO  - [NUDE][TRAIN] Epoch 48/120 Iter 360/390 Loss 0.0727 Top1 97.43 Top5 99.99
2025-12-19 09:09:50,699 - INFO  - [NUDE][TRAIN] Epoch 48/120 Iter 380/390 Loss 0.0729 Top1 97.44 Top5 99.99
2025-12-19 09:09:52,522 - INFO  - [NUDE] Validate: force max bit-width W/A = 6
2025-12-19 09:09:54,819 - INFO  - [NUDE][EPOCH] 48/120 Train: Top1=97.45 Top5=99.99 Loss=0.0728 | Val(EMA): Top1=93.89
2025-12-19 09:09:55,437 - INFO  - ([49] Epoch) Saving checkpoint to:
             Current: /root/autodl-tmp/retraining-free-quantization/training/resnet18_cifar10_nude_srqat_ls1em04/resnet18_cifar10_nude_srqat_ls1em04_checkpoint.pth.tar

2025-12-19 09:09:55,447 - INFO  - [NUDE] Epoch 49: force max bit-width W/A = 6
2025-12-19 09:09:59,363 - INFO  - [NUDE][TRAIN] Epoch 49/120 Iter 20/390 Loss 0.0631 Top1 97.93 Top5 99.96
2025-12-19 09:10:03,033 - INFO  - [NUDE][TRAIN] Epoch 49/120 Iter 40/390 Loss 0.0586 Top1 98.05 Top5 99.98
2025-12-19 09:10:06,714 - INFO  - [NUDE][TRAIN] Epoch 49/120 Iter 60/390 Loss 0.0642 Top1 97.68 Top5 99.99
2025-12-19 09:10:10,303 - INFO  - [NUDE][TRAIN] Epoch 49/120 Iter 80/390 Loss 0.0645 Top1 97.67 Top5 99.98
2025-12-19 09:10:13,955 - INFO  - [NUDE][TRAIN] Epoch 49/120 Iter 100/390 Loss 0.0644 Top1 97.72 Top5 99.98
2025-12-19 09:10:17,550 - INFO  - [NUDE][TRAIN] Epoch 49/120 Iter 120/390 Loss 0.0643 Top1 97.64 Top5 99.98
2025-12-19 09:10:21,074 - INFO  - [NUDE][TRAIN] Epoch 49/120 Iter 140/390 Loss 0.0637 Top1 97.68 Top5 99.98
2025-12-19 09:10:24,746 - INFO  - [NUDE][TRAIN] Epoch 49/120 Iter 160/390 Loss 0.0651 Top1 97.69 Top5 99.98
2025-12-19 09:10:28,379 - INFO  - [NUDE][TRAIN] Epoch 49/120 Iter 180/390 Loss 0.0649 Top1 97.68 Top5 99.98
2025-12-19 09:10:32,045 - INFO  - [NUDE][TRAIN] Epoch 49/120 Iter 200/390 Loss 0.0653 Top1 97.66 Top5 99.98
2025-12-19 09:10:35,594 - INFO  - [NUDE][TRAIN] Epoch 49/120 Iter 220/390 Loss 0.0667 Top1 97.62 Top5 99.99
2025-12-19 09:10:39,193 - INFO  - [NUDE][TRAIN] Epoch 49/120 Iter 240/390 Loss 0.0680 Top1 97.58 Top5 99.99
2025-12-19 09:10:42,700 - INFO  - [NUDE][TRAIN] Epoch 49/120 Iter 260/390 Loss 0.0701 Top1 97.54 Top5 99.98
2025-12-19 09:10:46,279 - INFO  - [NUDE][TRAIN] Epoch 49/120 Iter 280/390 Loss 0.0705 Top1 97.51 Top5 99.99
2025-12-19 09:10:49,791 - INFO  - [NUDE][TRAIN] Epoch 49/120 Iter 300/390 Loss 0.0717 Top1 97.47 Top5 99.99
2025-12-19 09:10:53,411 - INFO  - [NUDE][TRAIN] Epoch 49/120 Iter 320/390 Loss 0.0722 Top1 97.47 Top5 99.99
2025-12-19 09:10:56,978 - INFO  - [NUDE][TRAIN] Epoch 49/120 Iter 340/390 Loss 0.0723 Top1 97.49 Top5 99.99
2025-12-19 09:11:00,654 - INFO  - [NUDE][TRAIN] Epoch 49/120 Iter 360/390 Loss 0.0725 Top1 97.46 Top5 99.99
2025-12-19 09:11:04,365 - INFO  - [NUDE][TRAIN] Epoch 49/120 Iter 380/390 Loss 0.0723 Top1 97.46 Top5 99.99
2025-12-19 09:11:06,228 - INFO  - [NUDE] Validate: force max bit-width W/A = 6
2025-12-19 09:11:08,531 - INFO  - [NUDE][EPOCH] 49/120 Train: Top1=97.47 Top5=99.99 Loss=0.0721 | Val(EMA): Top1=93.83
2025-12-19 09:11:09,121 - INFO  - ([50] Epoch) Saving checkpoint to:
             Current: /root/autodl-tmp/retraining-free-quantization/training/resnet18_cifar10_nude_srqat_ls1em04/resnet18_cifar10_nude_srqat_ls1em04_checkpoint.pth.tar

2025-12-19 09:11:09,132 - INFO  - [NUDE] Epoch 50: force max bit-width W/A = 6
2025-12-19 09:11:13,017 - INFO  - [NUDE][TRAIN] Epoch 50/120 Iter 20/390 Loss 0.0622 Top1 97.81 Top5 100.00
2025-12-19 09:11:16,525 - INFO  - [NUDE][TRAIN] Epoch 50/120 Iter 40/390 Loss 0.0631 Top1 97.81 Top5 99.98
2025-12-19 09:11:20,151 - INFO  - [NUDE][TRAIN] Epoch 50/120 Iter 60/390 Loss 0.0626 Top1 97.80 Top5 99.99
2025-12-19 09:11:23,661 - INFO  - [NUDE][TRAIN] Epoch 50/120 Iter 80/390 Loss 0.0606 Top1 97.90 Top5 99.99
2025-12-19 09:11:27,370 - INFO  - [NUDE][TRAIN] Epoch 50/120 Iter 100/390 Loss 0.0602 Top1 97.89 Top5 99.99
2025-12-19 09:11:30,985 - INFO  - [NUDE][TRAIN] Epoch 50/120 Iter 120/390 Loss 0.0614 Top1 97.82 Top5 99.99
2025-12-19 09:11:34,683 - INFO  - [NUDE][TRAIN] Epoch 50/120 Iter 140/390 Loss 0.0626 Top1 97.80 Top5 99.99
2025-12-19 09:11:38,321 - INFO  - [NUDE][TRAIN] Epoch 50/120 Iter 160/390 Loss 0.0643 Top1 97.76 Top5 100.00
2025-12-19 09:11:41,837 - INFO  - [NUDE][TRAIN] Epoch 50/120 Iter 180/390 Loss 0.0649 Top1 97.70 Top5 100.00
2025-12-19 09:11:45,471 - INFO  - [NUDE][TRAIN] Epoch 50/120 Iter 200/390 Loss 0.0653 Top1 97.66 Top5 99.99
2025-12-19 09:11:49,005 - INFO  - [NUDE][TRAIN] Epoch 50/120 Iter 220/390 Loss 0.0659 Top1 97.64 Top5 99.99
2025-12-19 09:11:52,631 - INFO  - [NUDE][TRAIN] Epoch 50/120 Iter 240/390 Loss 0.0663 Top1 97.62 Top5 99.99
2025-12-19 09:11:56,162 - INFO  - [NUDE][TRAIN] Epoch 50/120 Iter 260/390 Loss 0.0665 Top1 97.61 Top5 99.99
2025-12-19 09:11:59,771 - INFO  - [NUDE][TRAIN] Epoch 50/120 Iter 280/390 Loss 0.0664 Top1 97.63 Top5 99.99
2025-12-19 09:12:03,413 - INFO  - [NUDE][TRAIN] Epoch 50/120 Iter 300/390 Loss 0.0670 Top1 97.61 Top5 99.99
2025-12-19 09:12:07,060 - INFO  - [NUDE][TRAIN] Epoch 50/120 Iter 320/390 Loss 0.0675 Top1 97.60 Top5 100.00
2025-12-19 09:12:10,612 - INFO  - [NUDE][TRAIN] Epoch 50/120 Iter 340/390 Loss 0.0677 Top1 97.59 Top5 100.00
2025-12-19 09:12:14,242 - INFO  - [NUDE][TRAIN] Epoch 50/120 Iter 360/390 Loss 0.0684 Top1 97.57 Top5 100.00
2025-12-19 09:12:17,886 - INFO  - [NUDE][TRAIN] Epoch 50/120 Iter 380/390 Loss 0.0690 Top1 97.55 Top5 100.00
2025-12-19 09:12:19,753 - INFO  - [NUDE] Validate: force max bit-width W/A = 6
2025-12-19 09:12:22,080 - INFO  - [NUDE][EPOCH] 50/120 Train: Top1=97.56 Top5=99.99 Loss=0.0692 | Val(EMA): Top1=93.88
2025-12-19 09:12:22,709 - INFO  - ([51] Epoch) Saving checkpoint to:
             Current: /root/autodl-tmp/retraining-free-quantization/training/resnet18_cifar10_nude_srqat_ls1em04/resnet18_cifar10_nude_srqat_ls1em04_checkpoint.pth.tar

2025-12-19 09:12:22,720 - INFO  - [NUDE] Epoch 51: force max bit-width W/A = 6
2025-12-19 09:12:26,616 - INFO  - [NUDE][TRAIN] Epoch 51/120 Iter 20/390 Loss 0.0561 Top1 98.12 Top5 100.00
2025-12-19 09:12:30,242 - INFO  - [NUDE][TRAIN] Epoch 51/120 Iter 40/390 Loss 0.0607 Top1 98.03 Top5 100.00
2025-12-19 09:12:33,836 - INFO  - [NUDE][TRAIN] Epoch 51/120 Iter 60/390 Loss 0.0593 Top1 97.89 Top5 100.00
2025-12-19 09:12:37,345 - INFO  - [NUDE][TRAIN] Epoch 51/120 Iter 80/390 Loss 0.0556 Top1 98.03 Top5 100.00
2025-12-19 09:12:40,984 - INFO  - [NUDE][TRAIN] Epoch 51/120 Iter 100/390 Loss 0.0547 Top1 98.05 Top5 100.00
2025-12-19 09:12:44,558 - INFO  - [NUDE][TRAIN] Epoch 51/120 Iter 120/390 Loss 0.0539 Top1 98.09 Top5 100.00
2025-12-19 09:12:48,206 - INFO  - [NUDE][TRAIN] Epoch 51/120 Iter 140/390 Loss 0.0547 Top1 98.06 Top5 100.00
2025-12-19 09:12:51,946 - INFO  - [NUDE][TRAIN] Epoch 51/120 Iter 160/390 Loss 0.0579 Top1 97.93 Top5 100.00
2025-12-19 09:12:55,500 - INFO  - [NUDE][TRAIN] Epoch 51/120 Iter 180/390 Loss 0.0586 Top1 97.94 Top5 100.00
2025-12-19 09:12:59,131 - INFO  - [NUDE][TRAIN] Epoch 51/120 Iter 200/390 Loss 0.0611 Top1 97.89 Top5 100.00
2025-12-19 09:13:02,621 - INFO  - [NUDE][TRAIN] Epoch 51/120 Iter 220/390 Loss 0.0612 Top1 97.90 Top5 100.00
2025-12-19 09:13:06,222 - INFO  - [NUDE][TRAIN] Epoch 51/120 Iter 240/390 Loss 0.0617 Top1 97.85 Top5 100.00
2025-12-19 09:13:09,707 - INFO  - [NUDE][TRAIN] Epoch 51/120 Iter 260/390 Loss 0.0619 Top1 97.86 Top5 100.00
2025-12-19 09:13:13,290 - INFO  - [NUDE][TRAIN] Epoch 51/120 Iter 280/390 Loss 0.0625 Top1 97.83 Top5 100.00
2025-12-19 09:13:16,828 - INFO  - [NUDE][TRAIN] Epoch 51/120 Iter 300/390 Loss 0.0629 Top1 97.81 Top5 100.00
2025-12-19 09:13:20,448 - INFO  - [NUDE][TRAIN] Epoch 51/120 Iter 320/390 Loss 0.0630 Top1 97.82 Top5 100.00
2025-12-19 09:13:23,969 - INFO  - [NUDE][TRAIN] Epoch 51/120 Iter 340/390 Loss 0.0639 Top1 97.78 Top5 100.00
2025-12-19 09:13:27,704 - INFO  - [NUDE][TRAIN] Epoch 51/120 Iter 360/390 Loss 0.0638 Top1 97.79 Top5 100.00
2025-12-19 09:13:31,507 - INFO  - [NUDE][TRAIN] Epoch 51/120 Iter 380/390 Loss 0.0636 Top1 97.78 Top5 100.00
2025-12-19 09:13:33,348 - INFO  - [NUDE] Validate: force max bit-width W/A = 6
2025-12-19 09:13:35,657 - INFO  - [NUDE][EPOCH] 51/120 Train: Top1=97.77 Top5=100.00 Loss=0.0641 | Val(EMA): Top1=93.91
2025-12-19 09:13:36,428 - INFO  - ([52] Epoch) Saving checkpoint to:
             Current: /root/autodl-tmp/retraining-free-quantization/training/resnet18_cifar10_nude_srqat_ls1em04/resnet18_cifar10_nude_srqat_ls1em04_checkpoint.pth.tar

2025-12-19 09:13:36,439 - INFO  - [NUDE] Epoch 52: force max bit-width W/A = 6
2025-12-19 09:13:40,426 - INFO  - [NUDE][TRAIN] Epoch 52/120 Iter 20/390 Loss 0.0479 Top1 98.55 Top5 99.96
2025-12-19 09:13:44,135 - INFO  - [NUDE][TRAIN] Epoch 52/120 Iter 40/390 Loss 0.0515 Top1 98.32 Top5 99.98
2025-12-19 09:13:47,696 - INFO  - [NUDE][TRAIN] Epoch 52/120 Iter 60/390 Loss 0.0491 Top1 98.37 Top5 99.99
2025-12-19 09:13:51,217 - INFO  - [NUDE][TRAIN] Epoch 52/120 Iter 80/390 Loss 0.0524 Top1 98.21 Top5 99.99
2025-12-19 09:13:54,828 - INFO  - [NUDE][TRAIN] Epoch 52/120 Iter 100/390 Loss 0.0527 Top1 98.24 Top5 99.99
2025-12-19 09:13:58,454 - INFO  - [NUDE][TRAIN] Epoch 52/120 Iter 120/390 Loss 0.0522 Top1 98.27 Top5 99.99
2025-12-19 09:14:01,993 - INFO  - [NUDE][TRAIN] Epoch 52/120 Iter 140/390 Loss 0.0519 Top1 98.25 Top5 99.99
2025-12-19 09:14:05,627 - INFO  - [NUDE][TRAIN] Epoch 52/120 Iter 160/390 Loss 0.0517 Top1 98.19 Top5 100.00
2025-12-19 09:14:09,185 - INFO  - [NUDE][TRAIN] Epoch 52/120 Iter 180/390 Loss 0.0510 Top1 98.23 Top5 100.00
2025-12-19 09:14:12,898 - INFO  - [NUDE][TRAIN] Epoch 52/120 Iter 200/390 Loss 0.0509 Top1 98.24 Top5 100.00
2025-12-19 09:14:16,457 - INFO  - [NUDE][TRAIN] Epoch 52/120 Iter 220/390 Loss 0.0517 Top1 98.20 Top5 99.99
2025-12-19 09:14:20,151 - INFO  - [NUDE][TRAIN] Epoch 52/120 Iter 240/390 Loss 0.0528 Top1 98.16 Top5 99.99
2025-12-19 09:14:23,720 - INFO  - [NUDE][TRAIN] Epoch 52/120 Iter 260/390 Loss 0.0538 Top1 98.14 Top5 99.99
2025-12-19 09:14:27,406 - INFO  - [NUDE][TRAIN] Epoch 52/120 Iter 280/390 Loss 0.0549 Top1 98.10 Top5 99.99
2025-12-19 09:14:30,961 - INFO  - [NUDE][TRAIN] Epoch 52/120 Iter 300/390 Loss 0.0554 Top1 98.07 Top5 99.99
2025-12-19 09:14:34,598 - INFO  - [NUDE][TRAIN] Epoch 52/120 Iter 320/390 Loss 0.0557 Top1 98.05 Top5 99.99
2025-12-19 09:14:38,220 - INFO  - [NUDE][TRAIN] Epoch 52/120 Iter 340/390 Loss 0.0556 Top1 98.05 Top5 99.99
2025-12-19 09:14:41,910 - INFO  - [NUDE][TRAIN] Epoch 52/120 Iter 360/390 Loss 0.0566 Top1 98.02 Top5 99.99
2025-12-19 09:14:45,535 - INFO  - [NUDE][TRAIN] Epoch 52/120 Iter 380/390 Loss 0.0578 Top1 97.95 Top5 99.99
2025-12-19 09:14:47,340 - INFO  - [NUDE] Validate: force max bit-width W/A = 6
2025-12-19 09:14:49,666 - INFO  - [NUDE][EPOCH] 52/120 Train: Top1=97.92 Top5=99.99 Loss=0.0587 | Val(EMA): Top1=93.90
2025-12-19 09:14:50,281 - INFO  - ([53] Epoch) Saving checkpoint to:
             Current: /root/autodl-tmp/retraining-free-quantization/training/resnet18_cifar10_nude_srqat_ls1em04/resnet18_cifar10_nude_srqat_ls1em04_checkpoint.pth.tar

2025-12-19 09:14:50,292 - INFO  - [NUDE] Epoch 53: force max bit-width W/A = 6
2025-12-19 09:14:54,106 - INFO  - [NUDE][TRAIN] Epoch 53/120 Iter 20/390 Loss 0.0631 Top1 97.54 Top5 100.00
2025-12-19 09:14:57,601 - INFO  - [NUDE][TRAIN] Epoch 53/120 Iter 40/390 Loss 0.0639 Top1 97.75 Top5 100.00
2025-12-19 09:15:01,182 - INFO  - [NUDE][TRAIN] Epoch 53/120 Iter 60/390 Loss 0.0635 Top1 97.83 Top5 100.00
2025-12-19 09:15:04,686 - INFO  - [NUDE][TRAIN] Epoch 53/120 Iter 80/390 Loss 0.0636 Top1 97.77 Top5 100.00
2025-12-19 09:15:08,293 - INFO  - [NUDE][TRAIN] Epoch 53/120 Iter 100/390 Loss 0.0636 Top1 97.75 Top5 100.00
2025-12-19 09:15:11,985 - INFO  - [NUDE][TRAIN] Epoch 53/120 Iter 120/390 Loss 0.0651 Top1 97.74 Top5 100.00
2025-12-19 09:15:15,501 - INFO  - [NUDE][TRAIN] Epoch 53/120 Iter 140/390 Loss 0.0641 Top1 97.78 Top5 100.00
2025-12-19 09:15:19,157 - INFO  - [NUDE][TRAIN] Epoch 53/120 Iter 160/390 Loss 0.0627 Top1 97.82 Top5 100.00
2025-12-19 09:15:22,714 - INFO  - [NUDE][TRAIN] Epoch 53/120 Iter 180/390 Loss 0.0625 Top1 97.80 Top5 100.00
2025-12-19 09:15:26,300 - INFO  - [NUDE][TRAIN] Epoch 53/120 Iter 200/390 Loss 0.0613 Top1 97.84 Top5 100.00
2025-12-19 09:15:29,805 - INFO  - [NUDE][TRAIN] Epoch 53/120 Iter 220/390 Loss 0.0617 Top1 97.85 Top5 100.00
2025-12-19 09:15:33,415 - INFO  - [NUDE][TRAIN] Epoch 53/120 Iter 240/390 Loss 0.0608 Top1 97.88 Top5 100.00
2025-12-19 09:15:36,970 - INFO  - [NUDE][TRAIN] Epoch 53/120 Iter 260/390 Loss 0.0600 Top1 97.90 Top5 100.00
2025-12-19 09:15:40,706 - INFO  - [NUDE][TRAIN] Epoch 53/120 Iter 280/390 Loss 0.0593 Top1 97.95 Top5 99.99
2025-12-19 09:15:44,323 - INFO  - [NUDE][TRAIN] Epoch 53/120 Iter 300/390 Loss 0.0592 Top1 97.96 Top5 99.99
2025-12-19 09:15:47,927 - INFO  - [NUDE][TRAIN] Epoch 53/120 Iter 320/390 Loss 0.0590 Top1 97.96 Top5 100.00
2025-12-19 09:15:51,559 - INFO  - [NUDE][TRAIN] Epoch 53/120 Iter 340/390 Loss 0.0592 Top1 97.94 Top5 100.00
2025-12-19 09:15:55,205 - INFO  - [NUDE][TRAIN] Epoch 53/120 Iter 360/390 Loss 0.0597 Top1 97.93 Top5 99.99
2025-12-19 09:15:58,895 - INFO  - [NUDE][TRAIN] Epoch 53/120 Iter 380/390 Loss 0.0600 Top1 97.93 Top5 99.99
2025-12-19 09:16:00,720 - INFO  - [NUDE] Validate: force max bit-width W/A = 6
2025-12-19 09:16:03,028 - INFO  - [NUDE][EPOCH] 53/120 Train: Top1=97.91 Top5=99.99 Loss=0.0603 | Val(EMA): Top1=93.94
2025-12-19 09:16:03,685 - INFO  - ([54] Epoch) Saving checkpoint to:
             Current: /root/autodl-tmp/retraining-free-quantization/training/resnet18_cifar10_nude_srqat_ls1em04/resnet18_cifar10_nude_srqat_ls1em04_checkpoint.pth.tar

2025-12-19 09:16:03,698 - INFO  - [NUDE] Epoch 54: force max bit-width W/A = 6
2025-12-19 09:16:07,606 - INFO  - [NUDE][TRAIN] Epoch 54/120 Iter 20/390 Loss 0.0554 Top1 97.97 Top5 99.96
2025-12-19 09:16:11,243 - INFO  - [NUDE][TRAIN] Epoch 54/120 Iter 40/390 Loss 0.0581 Top1 97.99 Top5 99.98
2025-12-19 09:16:14,929 - INFO  - [NUDE][TRAIN] Epoch 54/120 Iter 60/390 Loss 0.0606 Top1 97.98 Top5 99.97
2025-12-19 09:16:18,527 - INFO  - [NUDE][TRAIN] Epoch 54/120 Iter 80/390 Loss 0.0563 Top1 98.10 Top5 99.98
2025-12-19 09:16:22,260 - INFO  - [NUDE][TRAIN] Epoch 54/120 Iter 100/390 Loss 0.0553 Top1 98.14 Top5 99.98
2025-12-19 09:16:25,834 - INFO  - [NUDE][TRAIN] Epoch 54/120 Iter 120/390 Loss 0.0550 Top1 98.17 Top5 99.98
2025-12-19 09:16:29,601 - INFO  - [NUDE][TRAIN] Epoch 54/120 Iter 140/390 Loss 0.0547 Top1 98.21 Top5 99.98
2025-12-19 09:16:33,332 - INFO  - [NUDE][TRAIN] Epoch 54/120 Iter 160/390 Loss 0.0530 Top1 98.27 Top5 99.99
2025-12-19 09:16:36,946 - INFO  - [NUDE][TRAIN] Epoch 54/120 Iter 180/390 Loss 0.0521 Top1 98.27 Top5 99.99
2025-12-19 09:16:40,646 - INFO  - [NUDE][TRAIN] Epoch 54/120 Iter 200/390 Loss 0.0523 Top1 98.25 Top5 99.99
2025-12-19 09:16:44,243 - INFO  - [NUDE][TRAIN] Epoch 54/120 Iter 220/390 Loss 0.0530 Top1 98.22 Top5 99.99
2025-12-19 09:16:47,882 - INFO  - [NUDE][TRAIN] Epoch 54/120 Iter 240/390 Loss 0.0536 Top1 98.20 Top5 99.99
2025-12-19 09:16:51,472 - INFO  - [NUDE][TRAIN] Epoch 54/120 Iter 260/390 Loss 0.0535 Top1 98.22 Top5 99.99
2025-12-19 09:16:55,122 - INFO  - [NUDE][TRAIN] Epoch 54/120 Iter 280/390 Loss 0.0538 Top1 98.19 Top5 99.99
2025-12-19 09:16:58,664 - INFO  - [NUDE][TRAIN] Epoch 54/120 Iter 300/390 Loss 0.0538 Top1 98.19 Top5 99.99
2025-12-19 09:17:02,554 - INFO  - [NUDE][TRAIN] Epoch 54/120 Iter 320/390 Loss 0.0545 Top1 98.16 Top5 99.99
2025-12-19 09:17:06,112 - INFO  - [NUDE][TRAIN] Epoch 54/120 Iter 340/390 Loss 0.0549 Top1 98.15 Top5 99.99
2025-12-19 09:17:09,819 - INFO  - [NUDE][TRAIN] Epoch 54/120 Iter 360/390 Loss 0.0552 Top1 98.15 Top5 99.99
2025-12-19 09:17:13,655 - INFO  - [NUDE][TRAIN] Epoch 54/120 Iter 380/390 Loss 0.0556 Top1 98.14 Top5 99.99
2025-12-19 09:17:15,476 - INFO  - [NUDE] Validate: force max bit-width W/A = 6
2025-12-19 09:17:17,815 - INFO  - [NUDE][EPOCH] 54/120 Train: Top1=98.14 Top5=99.99 Loss=0.0557 | Val(EMA): Top1=93.83
2025-12-19 09:17:18,427 - INFO  - ([55] Epoch) Saving checkpoint to:
             Current: /root/autodl-tmp/retraining-free-quantization/training/resnet18_cifar10_nude_srqat_ls1em04/resnet18_cifar10_nude_srqat_ls1em04_checkpoint.pth.tar

2025-12-19 09:17:18,438 - INFO  - [NUDE] Epoch 55: force max bit-width W/A = 6
2025-12-19 09:17:22,444 - INFO  - [NUDE][TRAIN] Epoch 55/120 Iter 20/390 Loss 0.0546 Top1 98.32 Top5 100.00
2025-12-19 09:17:26,034 - INFO  - [NUDE][TRAIN] Epoch 55/120 Iter 40/390 Loss 0.0503 Top1 98.34 Top5 100.00
2025-12-19 09:17:29,764 - INFO  - [NUDE][TRAIN] Epoch 55/120 Iter 60/390 Loss 0.0524 Top1 98.33 Top5 100.00
2025-12-19 09:17:33,456 - INFO  - [NUDE][TRAIN] Epoch 55/120 Iter 80/390 Loss 0.0502 Top1 98.35 Top5 100.00
2025-12-19 09:17:37,172 - INFO  - [NUDE][TRAIN] Epoch 55/120 Iter 100/390 Loss 0.0497 Top1 98.41 Top5 99.99
2025-12-19 09:17:40,756 - INFO  - [NUDE][TRAIN] Epoch 55/120 Iter 120/390 Loss 0.0493 Top1 98.39 Top5 99.99
2025-12-19 09:17:44,535 - INFO  - [NUDE][TRAIN] Epoch 55/120 Iter 140/390 Loss 0.0492 Top1 98.35 Top5 99.99
2025-12-19 09:17:48,308 - INFO  - [NUDE][TRAIN] Epoch 55/120 Iter 160/390 Loss 0.0495 Top1 98.34 Top5 100.00
2025-12-19 09:17:51,952 - INFO  - [NUDE][TRAIN] Epoch 55/120 Iter 180/390 Loss 0.0489 Top1 98.36 Top5 100.00
2025-12-19 09:17:55,651 - INFO  - [NUDE][TRAIN] Epoch 55/120 Iter 200/390 Loss 0.0494 Top1 98.32 Top5 100.00
2025-12-19 09:17:59,279 - INFO  - [NUDE][TRAIN] Epoch 55/120 Iter 220/390 Loss 0.0514 Top1 98.27 Top5 100.00
2025-12-19 09:18:02,930 - INFO  - [NUDE][TRAIN] Epoch 55/120 Iter 240/390 Loss 0.0519 Top1 98.26 Top5 100.00
2025-12-19 09:18:06,401 - INFO  - [NUDE][TRAIN] Epoch 55/120 Iter 260/390 Loss 0.0527 Top1 98.24 Top5 100.00
2025-12-19 09:18:09,988 - INFO  - [NUDE][TRAIN] Epoch 55/120 Iter 280/390 Loss 0.0531 Top1 98.21 Top5 99.99
2025-12-19 09:18:13,521 - INFO  - [NUDE][TRAIN] Epoch 55/120 Iter 300/390 Loss 0.0528 Top1 98.21 Top5 99.99
2025-12-19 09:18:17,214 - INFO  - [NUDE][TRAIN] Epoch 55/120 Iter 320/390 Loss 0.0536 Top1 98.16 Top5 100.00
2025-12-19 09:18:20,821 - INFO  - [NUDE][TRAIN] Epoch 55/120 Iter 340/390 Loss 0.0538 Top1 98.15 Top5 100.00
2025-12-19 09:18:24,575 - INFO  - [NUDE][TRAIN] Epoch 55/120 Iter 360/390 Loss 0.0547 Top1 98.13 Top5 99.99
2025-12-19 09:18:28,269 - INFO  - [NUDE][TRAIN] Epoch 55/120 Iter 380/390 Loss 0.0554 Top1 98.10 Top5 99.99
2025-12-19 09:18:30,169 - INFO  - [NUDE] Validate: force max bit-width W/A = 6
2025-12-19 09:18:32,509 - INFO  - [NUDE][EPOCH] 55/120 Train: Top1=98.09 Top5=99.99 Loss=0.0557 | Val(EMA): Top1=93.89
2025-12-19 09:18:33,302 - INFO  - ([56] Epoch) Saving checkpoint to:
             Current: /root/autodl-tmp/retraining-free-quantization/training/resnet18_cifar10_nude_srqat_ls1em04/resnet18_cifar10_nude_srqat_ls1em04_checkpoint.pth.tar

2025-12-19 09:18:33,314 - INFO  - [NUDE] Epoch 56: force max bit-width W/A = 6
2025-12-19 09:18:37,260 - INFO  - [NUDE][TRAIN] Epoch 56/120 Iter 20/390 Loss 0.0485 Top1 98.32 Top5 100.00
2025-12-19 09:18:40,947 - INFO  - [NUDE][TRAIN] Epoch 56/120 Iter 40/390 Loss 0.0514 Top1 98.22 Top5 100.00
2025-12-19 09:18:44,424 - INFO  - [NUDE][TRAIN] Epoch 56/120 Iter 60/390 Loss 0.0474 Top1 98.35 Top5 100.00
2025-12-19 09:18:47,975 - INFO  - [NUDE][TRAIN] Epoch 56/120 Iter 80/390 Loss 0.0462 Top1 98.42 Top5 100.00
2025-12-19 09:18:51,658 - INFO  - [NUDE][TRAIN] Epoch 56/120 Iter 100/390 Loss 0.0446 Top1 98.47 Top5 100.00
2025-12-19 09:18:55,328 - INFO  - [NUDE][TRAIN] Epoch 56/120 Iter 120/390 Loss 0.0452 Top1 98.40 Top5 100.00
2025-12-19 09:18:58,895 - INFO  - [NUDE][TRAIN] Epoch 56/120 Iter 140/390 Loss 0.0450 Top1 98.42 Top5 100.00
2025-12-19 09:19:02,610 - INFO  - [NUDE][TRAIN] Epoch 56/120 Iter 160/390 Loss 0.0472 Top1 98.29 Top5 100.00
2025-12-19 09:19:06,208 - INFO  - [NUDE][TRAIN] Epoch 56/120 Iter 180/390 Loss 0.0466 Top1 98.31 Top5 100.00
2025-12-19 09:19:09,958 - INFO  - [NUDE][TRAIN] Epoch 56/120 Iter 200/390 Loss 0.0464 Top1 98.34 Top5 100.00
2025-12-19 09:19:13,545 - INFO  - [NUDE][TRAIN] Epoch 56/120 Iter 220/390 Loss 0.0452 Top1 98.38 Top5 100.00
2025-12-19 09:19:17,214 - INFO  - [NUDE][TRAIN] Epoch 56/120 Iter 240/390 Loss 0.0455 Top1 98.37 Top5 100.00
2025-12-19 09:19:20,800 - INFO  - [NUDE][TRAIN] Epoch 56/120 Iter 260/390 Loss 0.0454 Top1 98.37 Top5 100.00
2025-12-19 09:19:24,463 - INFO  - [NUDE][TRAIN] Epoch 56/120 Iter 280/390 Loss 0.0453 Top1 98.40 Top5 100.00
2025-12-19 09:19:28,030 - INFO  - [NUDE][TRAIN] Epoch 56/120 Iter 300/390 Loss 0.0457 Top1 98.39 Top5 100.00
2025-12-19 09:19:31,714 - INFO  - [NUDE][TRAIN] Epoch 56/120 Iter 320/390 Loss 0.0457 Top1 98.38 Top5 100.00
2025-12-19 09:19:35,334 - INFO  - [NUDE][TRAIN] Epoch 56/120 Iter 340/390 Loss 0.0462 Top1 98.37 Top5 100.00
2025-12-19 09:19:39,066 - INFO  - [NUDE][TRAIN] Epoch 56/120 Iter 360/390 Loss 0.0472 Top1 98.33 Top5 100.00
2025-12-19 09:19:42,771 - INFO  - [NUDE][TRAIN] Epoch 56/120 Iter 380/390 Loss 0.0480 Top1 98.32 Top5 100.00
2025-12-19 09:19:44,618 - INFO  - [NUDE] Validate: force max bit-width W/A = 6
2025-12-19 09:19:46,991 - INFO  - [NUDE][EPOCH] 56/120 Train: Top1=98.31 Top5=100.00 Loss=0.0484 | Val(EMA): Top1=93.91
2025-12-19 09:19:47,722 - INFO  - ([57] Epoch) Saving checkpoint to:
             Current: /root/autodl-tmp/retraining-free-quantization/training/resnet18_cifar10_nude_srqat_ls1em04/resnet18_cifar10_nude_srqat_ls1em04_checkpoint.pth.tar

2025-12-19 09:19:47,733 - INFO  - [NUDE] Epoch 57: force max bit-width W/A = 6
2025-12-19 09:19:51,708 - INFO  - [NUDE][TRAIN] Epoch 57/120 Iter 20/390 Loss 0.0551 Top1 97.81 Top5 100.00
2025-12-19 09:19:55,329 - INFO  - [NUDE][TRAIN] Epoch 57/120 Iter 40/390 Loss 0.0492 Top1 98.11 Top5 100.00
2025-12-19 09:19:59,057 - INFO  - [NUDE][TRAIN] Epoch 57/120 Iter 60/390 Loss 0.0507 Top1 98.12 Top5 100.00
2025-12-19 09:20:02,596 - INFO  - [NUDE][TRAIN] Epoch 57/120 Iter 80/390 Loss 0.0499 Top1 98.15 Top5 100.00
2025-12-19 09:20:06,233 - INFO  - [NUDE][TRAIN] Epoch 57/120 Iter 100/390 Loss 0.0495 Top1 98.15 Top5 100.00
2025-12-19 09:20:09,904 - INFO  - [NUDE][TRAIN] Epoch 57/120 Iter 120/390 Loss 0.0502 Top1 98.17 Top5 100.00
2025-12-19 09:20:13,505 - INFO  - [NUDE][TRAIN] Epoch 57/120 Iter 140/390 Loss 0.0511 Top1 98.15 Top5 100.00
2025-12-19 09:20:17,231 - INFO  - [NUDE][TRAIN] Epoch 57/120 Iter 160/390 Loss 0.0518 Top1 98.16 Top5 100.00
2025-12-19 09:20:20,778 - INFO  - [NUDE][TRAIN] Epoch 57/120 Iter 180/390 Loss 0.0509 Top1 98.17 Top5 100.00
2025-12-19 09:20:24,482 - INFO  - [NUDE][TRAIN] Epoch 57/120 Iter 200/390 Loss 0.0505 Top1 98.19 Top5 100.00
2025-12-19 09:20:28,071 - INFO  - [NUDE][TRAIN] Epoch 57/120 Iter 220/390 Loss 0.0511 Top1 98.16 Top5 100.00
2025-12-19 09:20:31,736 - INFO  - [NUDE][TRAIN] Epoch 57/120 Iter 240/390 Loss 0.0518 Top1 98.16 Top5 100.00
2025-12-19 09:20:35,284 - INFO  - [NUDE][TRAIN] Epoch 57/120 Iter 260/390 Loss 0.0528 Top1 98.12 Top5 100.00
2025-12-19 09:20:38,929 - INFO  - [NUDE][TRAIN] Epoch 57/120 Iter 280/390 Loss 0.0535 Top1 98.09 Top5 100.00
2025-12-19 09:20:42,542 - INFO  - [NUDE][TRAIN] Epoch 57/120 Iter 300/390 Loss 0.0543 Top1 98.04 Top5 100.00
2025-12-19 09:20:46,282 - INFO  - [NUDE][TRAIN] Epoch 57/120 Iter 320/390 Loss 0.0551 Top1 98.01 Top5 100.00
2025-12-19 09:20:49,916 - INFO  - [NUDE][TRAIN] Epoch 57/120 Iter 340/390 Loss 0.0545 Top1 98.04 Top5 99.99
2025-12-19 09:20:53,716 - INFO  - [NUDE][TRAIN] Epoch 57/120 Iter 360/390 Loss 0.0542 Top1 98.05 Top5 99.99
2025-12-19 09:20:57,424 - INFO  - [NUDE][TRAIN] Epoch 57/120 Iter 380/390 Loss 0.0542 Top1 98.05 Top5 99.99
2025-12-19 09:20:59,246 - INFO  - [NUDE] Validate: force max bit-width W/A = 6
2025-12-19 09:21:01,574 - INFO  - [NUDE][EPOCH] 57/120 Train: Top1=98.06 Top5=99.99 Loss=0.0540 | Val(EMA): Top1=93.92
2025-12-19 09:21:02,223 - INFO  - ([58] Epoch) Saving checkpoint to:
             Current: /root/autodl-tmp/retraining-free-quantization/training/resnet18_cifar10_nude_srqat_ls1em04/resnet18_cifar10_nude_srqat_ls1em04_checkpoint.pth.tar

2025-12-19 09:21:02,234 - INFO  - [NUDE] Epoch 58: force max bit-width W/A = 6
2025-12-19 09:21:06,178 - INFO  - [NUDE][TRAIN] Epoch 58/120 Iter 20/390 Loss 0.0496 Top1 98.44 Top5 100.00
2025-12-19 09:21:10,037 - INFO  - [NUDE][TRAIN] Epoch 58/120 Iter 40/390 Loss 0.0485 Top1 98.18 Top5 100.00
2025-12-19 09:21:13,854 - INFO  - [NUDE][TRAIN] Epoch 58/120 Iter 60/390 Loss 0.0435 Top1 98.42 Top5 100.00
2025-12-19 09:21:17,738 - INFO  - [NUDE][TRAIN] Epoch 58/120 Iter 80/390 Loss 0.0430 Top1 98.46 Top5 100.00
2025-12-19 09:21:21,503 - INFO  - [NUDE][TRAIN] Epoch 58/120 Iter 100/390 Loss 0.0419 Top1 98.49 Top5 100.00
2025-12-19 09:21:25,158 - INFO  - [NUDE][TRAIN] Epoch 58/120 Iter 120/390 Loss 0.0422 Top1 98.50 Top5 100.00
2025-12-19 09:21:28,959 - INFO  - [NUDE][TRAIN] Epoch 58/120 Iter 140/390 Loss 0.0428 Top1 98.50 Top5 100.00
2025-12-19 09:21:32,826 - INFO  - [NUDE][TRAIN] Epoch 58/120 Iter 160/390 Loss 0.0426 Top1 98.49 Top5 100.00
2025-12-19 09:21:36,433 - INFO  - [NUDE][TRAIN] Epoch 58/120 Iter 180/390 Loss 0.0431 Top1 98.47 Top5 100.00
2025-12-19 09:21:40,168 - INFO  - [NUDE][TRAIN] Epoch 58/120 Iter 200/390 Loss 0.0429 Top1 98.49 Top5 100.00
2025-12-19 09:21:43,772 - INFO  - [NUDE][TRAIN] Epoch 58/120 Iter 220/390 Loss 0.0426 Top1 98.52 Top5 100.00
2025-12-19 09:21:47,409 - INFO  - [NUDE][TRAIN] Epoch 58/120 Iter 240/390 Loss 0.0429 Top1 98.48 Top5 100.00
2025-12-19 09:21:51,059 - INFO  - [NUDE][TRAIN] Epoch 58/120 Iter 260/390 Loss 0.0445 Top1 98.43 Top5 100.00
2025-12-19 09:21:54,726 - INFO  - [NUDE][TRAIN] Epoch 58/120 Iter 280/390 Loss 0.0455 Top1 98.41 Top5 100.00
2025-12-19 09:21:58,312 - INFO  - [NUDE][TRAIN] Epoch 58/120 Iter 300/390 Loss 0.0461 Top1 98.38 Top5 100.00
2025-12-19 09:22:02,000 - INFO  - [NUDE][TRAIN] Epoch 58/120 Iter 320/390 Loss 0.0461 Top1 98.36 Top5 100.00
2025-12-19 09:22:05,623 - INFO  - [NUDE][TRAIN] Epoch 58/120 Iter 340/390 Loss 0.0461 Top1 98.36 Top5 100.00
2025-12-19 09:22:09,364 - INFO  - [NUDE][TRAIN] Epoch 58/120 Iter 360/390 Loss 0.0471 Top1 98.33 Top5 100.00
2025-12-19 09:22:13,120 - INFO  - [NUDE][TRAIN] Epoch 58/120 Iter 380/390 Loss 0.0478 Top1 98.30 Top5 100.00
2025-12-19 09:22:14,925 - INFO  - [NUDE] Validate: force max bit-width W/A = 6
2025-12-19 09:22:17,271 - INFO  - [NUDE][EPOCH] 58/120 Train: Top1=98.30 Top5=100.00 Loss=0.0479 | Val(EMA): Top1=93.93
2025-12-19 09:22:17,939 - INFO  - ([59] Epoch) Saving checkpoint to:
             Current: /root/autodl-tmp/retraining-free-quantization/training/resnet18_cifar10_nude_srqat_ls1em04/resnet18_cifar10_nude_srqat_ls1em04_checkpoint.pth.tar

2025-12-19 09:22:17,950 - INFO  - [NUDE] Epoch 59: force max bit-width W/A = 6
2025-12-19 09:22:21,924 - INFO  - [NUDE][TRAIN] Epoch 59/120 Iter 20/390 Loss 0.0377 Top1 98.67 Top5 100.00
2025-12-19 09:22:25,522 - INFO  - [NUDE][TRAIN] Epoch 59/120 Iter 40/390 Loss 0.0447 Top1 98.50 Top5 100.00
2025-12-19 09:22:29,156 - INFO  - [NUDE][TRAIN] Epoch 59/120 Iter 60/390 Loss 0.0496 Top1 98.36 Top5 100.00
2025-12-19 09:22:32,698 - INFO  - [NUDE][TRAIN] Epoch 59/120 Iter 80/390 Loss 0.0480 Top1 98.40 Top5 100.00
2025-12-19 09:22:36,394 - INFO  - [NUDE][TRAIN] Epoch 59/120 Iter 100/390 Loss 0.0469 Top1 98.48 Top5 100.00
2025-12-19 09:22:40,002 - INFO  - [NUDE][TRAIN] Epoch 59/120 Iter 120/390 Loss 0.0450 Top1 98.52 Top5 100.00
2025-12-19 09:22:43,702 - INFO  - [NUDE][TRAIN] Epoch 59/120 Iter 140/390 Loss 0.0453 Top1 98.49 Top5 100.00
2025-12-19 09:22:47,379 - INFO  - [NUDE][TRAIN] Epoch 59/120 Iter 160/390 Loss 0.0449 Top1 98.50 Top5 100.00
2025-12-19 09:22:51,017 - INFO  - [NUDE][TRAIN] Epoch 59/120 Iter 180/390 Loss 0.0450 Top1 98.52 Top5 100.00
2025-12-19 09:22:54,750 - INFO  - [NUDE][TRAIN] Epoch 59/120 Iter 200/390 Loss 0.0458 Top1 98.47 Top5 100.00
2025-12-19 09:22:58,320 - INFO  - [NUDE][TRAIN] Epoch 59/120 Iter 220/390 Loss 0.0464 Top1 98.45 Top5 100.00
2025-12-19 09:23:01,994 - INFO  - [NUDE][TRAIN] Epoch 59/120 Iter 240/390 Loss 0.0471 Top1 98.42 Top5 100.00
2025-12-19 09:23:05,568 - INFO  - [NUDE][TRAIN] Epoch 59/120 Iter 260/390 Loss 0.0465 Top1 98.45 Top5 100.00
2025-12-19 09:23:09,299 - INFO  - [NUDE][TRAIN] Epoch 59/120 Iter 280/390 Loss 0.0462 Top1 98.46 Top5 100.00
2025-12-19 09:23:12,967 - INFO  - [NUDE][TRAIN] Epoch 59/120 Iter 300/390 Loss 0.0468 Top1 98.43 Top5 100.00
2025-12-19 09:23:16,683 - INFO  - [NUDE][TRAIN] Epoch 59/120 Iter 320/390 Loss 0.0466 Top1 98.42 Top5 100.00
2025-12-19 09:23:20,288 - INFO  - [NUDE][TRAIN] Epoch 59/120 Iter 340/390 Loss 0.0472 Top1 98.39 Top5 100.00
2025-12-19 09:23:24,017 - INFO  - [NUDE][TRAIN] Epoch 59/120 Iter 360/390 Loss 0.0476 Top1 98.37 Top5 100.00
2025-12-19 09:23:27,716 - INFO  - [NUDE][TRAIN] Epoch 59/120 Iter 380/390 Loss 0.0475 Top1 98.37 Top5 100.00
2025-12-19 09:23:29,567 - INFO  - [NUDE] Validate: force max bit-width W/A = 6
2025-12-19 09:23:32,036 - INFO  - [NUDE][EPOCH] 59/120 Train: Top1=98.39 Top5=100.00 Loss=0.0474 | Val(EMA): Top1=93.96
2025-12-19 09:23:32,808 - INFO  - ([60] Epoch) Saving checkpoint to:
             Current: /root/autodl-tmp/retraining-free-quantization/training/resnet18_cifar10_nude_srqat_ls1em04/resnet18_cifar10_nude_srqat_ls1em04_checkpoint.pth.tar

2025-12-19 09:23:32,819 - INFO  - [NUDE] Epoch 60: force max bit-width W/A = 6
2025-12-19 09:23:36,834 - INFO  - [NUDE][TRAIN] Epoch 60/120 Iter 20/390 Loss 0.0460 Top1 98.48 Top5 100.00
2025-12-19 09:23:40,462 - INFO  - [NUDE][TRAIN] Epoch 60/120 Iter 40/390 Loss 0.0419 Top1 98.61 Top5 100.00
2025-12-19 09:23:44,054 - INFO  - [NUDE][TRAIN] Epoch 60/120 Iter 60/390 Loss 0.0431 Top1 98.58 Top5 100.00
2025-12-19 09:23:47,698 - INFO  - [NUDE][TRAIN] Epoch 60/120 Iter 80/390 Loss 0.0417 Top1 98.62 Top5 100.00
2025-12-19 09:23:51,418 - INFO  - [NUDE][TRAIN] Epoch 60/120 Iter 100/390 Loss 0.0407 Top1 98.64 Top5 100.00
2025-12-19 09:23:55,068 - INFO  - [NUDE][TRAIN] Epoch 60/120 Iter 120/390 Loss 0.0412 Top1 98.62 Top5 100.00
2025-12-19 09:23:58,624 - INFO  - [NUDE][TRAIN] Epoch 60/120 Iter 140/390 Loss 0.0414 Top1 98.61 Top5 100.00
2025-12-19 09:24:02,276 - INFO  - [NUDE][TRAIN] Epoch 60/120 Iter 160/390 Loss 0.0410 Top1 98.63 Top5 100.00
2025-12-19 09:24:05,877 - INFO  - [NUDE][TRAIN] Epoch 60/120 Iter 180/390 Loss 0.0409 Top1 98.66 Top5 100.00
2025-12-19 09:24:09,501 - INFO  - [NUDE][TRAIN] Epoch 60/120 Iter 200/390 Loss 0.0413 Top1 98.65 Top5 100.00
2025-12-19 09:24:13,070 - INFO  - [NUDE][TRAIN] Epoch 60/120 Iter 220/390 Loss 0.0404 Top1 98.66 Top5 100.00
2025-12-19 09:24:16,692 - INFO  - [NUDE][TRAIN] Epoch 60/120 Iter 240/390 Loss 0.0399 Top1 98.67 Top5 100.00
2025-12-19 09:24:20,223 - INFO  - [NUDE][TRAIN] Epoch 60/120 Iter 260/390 Loss 0.0394 Top1 98.69 Top5 100.00
2025-12-19 09:24:23,803 - INFO  - [NUDE][TRAIN] Epoch 60/120 Iter 280/390 Loss 0.0399 Top1 98.66 Top5 99.99
2025-12-19 09:24:27,320 - INFO  - [NUDE][TRAIN] Epoch 60/120 Iter 300/390 Loss 0.0403 Top1 98.64 Top5 99.99
2025-12-19 09:24:30,966 - INFO  - [NUDE][TRAIN] Epoch 60/120 Iter 320/390 Loss 0.0406 Top1 98.62 Top5 100.00
2025-12-19 09:24:34,653 - INFO  - [NUDE][TRAIN] Epoch 60/120 Iter 340/390 Loss 0.0404 Top1 98.64 Top5 100.00
2025-12-19 09:24:38,411 - INFO  - [NUDE][TRAIN] Epoch 60/120 Iter 360/390 Loss 0.0409 Top1 98.62 Top5 100.00
2025-12-19 09:24:42,134 - INFO  - [NUDE][TRAIN] Epoch 60/120 Iter 380/390 Loss 0.0409 Top1 98.61 Top5 100.00
2025-12-19 09:24:44,011 - INFO  - [NUDE] Validate: force max bit-width W/A = 6
2025-12-19 09:24:46,323 - INFO  - [NUDE][EPOCH] 60/120 Train: Top1=98.61 Top5=100.00 Loss=0.0409 | Val(EMA): Top1=93.94
2025-12-19 09:24:47,028 - INFO  - ([61] Epoch) Saving checkpoint to:
             Current: /root/autodl-tmp/retraining-free-quantization/training/resnet18_cifar10_nude_srqat_ls1em04/resnet18_cifar10_nude_srqat_ls1em04_checkpoint.pth.tar

2025-12-19 09:24:47,038 - INFO  - [NUDE] Epoch 61: force max bit-width W/A = 6
2025-12-19 09:24:50,871 - INFO  - [NUDE][TRAIN] Epoch 61/120 Iter 20/390 Loss 0.0427 Top1 98.87 Top5 100.00
2025-12-19 09:24:54,419 - INFO  - [NUDE][TRAIN] Epoch 61/120 Iter 40/390 Loss 0.0391 Top1 98.87 Top5 100.00
2025-12-19 09:24:58,049 - INFO  - [NUDE][TRAIN] Epoch 61/120 Iter 60/390 Loss 0.0392 Top1 98.84 Top5 100.00
2025-12-19 09:25:01,568 - INFO  - [NUDE][TRAIN] Epoch 61/120 Iter 80/390 Loss 0.0373 Top1 98.85 Top5 100.00
2025-12-19 09:25:05,253 - INFO  - [NUDE][TRAIN] Epoch 61/120 Iter 100/390 Loss 0.0365 Top1 98.84 Top5 100.00
2025-12-19 09:25:08,865 - INFO  - [NUDE][TRAIN] Epoch 61/120 Iter 120/390 Loss 0.0352 Top1 98.84 Top5 100.00
2025-12-19 09:25:12,398 - INFO  - [NUDE][TRAIN] Epoch 61/120 Iter 140/390 Loss 0.0372 Top1 98.79 Top5 100.00
2025-12-19 09:25:16,117 - INFO  - [NUDE][TRAIN] Epoch 61/120 Iter 160/390 Loss 0.0377 Top1 98.79 Top5 100.00
2025-12-19 09:25:19,659 - INFO  - [NUDE][TRAIN] Epoch 61/120 Iter 180/390 Loss 0.0378 Top1 98.81 Top5 100.00
2025-12-19 09:25:23,335 - INFO  - [NUDE][TRAIN] Epoch 61/120 Iter 200/390 Loss 0.0381 Top1 98.79 Top5 100.00
2025-12-19 09:25:26,876 - INFO  - [NUDE][TRAIN] Epoch 61/120 Iter 220/390 Loss 0.0391 Top1 98.73 Top5 99.99
2025-12-19 09:25:30,631 - INFO  - [NUDE][TRAIN] Epoch 61/120 Iter 240/390 Loss 0.0410 Top1 98.67 Top5 99.99
2025-12-19 09:25:34,239 - INFO  - [NUDE][TRAIN] Epoch 61/120 Iter 260/390 Loss 0.0418 Top1 98.64 Top5 99.99
2025-12-19 09:25:37,928 - INFO  - [NUDE][TRAIN] Epoch 61/120 Iter 280/390 Loss 0.0421 Top1 98.60 Top5 99.99
2025-12-19 09:25:41,469 - INFO  - [NUDE][TRAIN] Epoch 61/120 Iter 300/390 Loss 0.0421 Top1 98.60 Top5 99.99
2025-12-19 09:25:45,072 - INFO  - [NUDE][TRAIN] Epoch 61/120 Iter 320/390 Loss 0.0416 Top1 98.61 Top5 99.99
2025-12-19 09:25:48,629 - INFO  - [NUDE][TRAIN] Epoch 61/120 Iter 340/390 Loss 0.0409 Top1 98.63 Top5 99.99
2025-12-19 09:25:52,271 - INFO  - [NUDE][TRAIN] Epoch 61/120 Iter 360/390 Loss 0.0409 Top1 98.63 Top5 99.99
2025-12-19 09:25:55,904 - INFO  - [NUDE][TRAIN] Epoch 61/120 Iter 380/390 Loss 0.0407 Top1 98.63 Top5 99.99
2025-12-19 09:25:57,697 - INFO  - [NUDE] Validate: force max bit-width W/A = 6
2025-12-19 09:26:00,048 - INFO  - [NUDE][EPOCH] 61/120 Train: Top1=98.63 Top5=99.99 Loss=0.0406 | Val(EMA): Top1=93.97
2025-12-19 09:26:00,675 - INFO  - ([62] Epoch) Saving checkpoint to:
             Current: /root/autodl-tmp/retraining-free-quantization/training/resnet18_cifar10_nude_srqat_ls1em04/resnet18_cifar10_nude_srqat_ls1em04_checkpoint.pth.tar

2025-12-19 09:26:00,686 - INFO  - [NUDE] Epoch 62: force max bit-width W/A = 6
2025-12-19 09:26:04,623 - INFO  - [NUDE][TRAIN] Epoch 62/120 Iter 20/390 Loss 0.0336 Top1 98.79 Top5 100.00
2025-12-19 09:26:08,169 - INFO  - [NUDE][TRAIN] Epoch 62/120 Iter 40/390 Loss 0.0330 Top1 98.83 Top5 100.00
2025-12-19 09:26:11,801 - INFO  - [NUDE][TRAIN] Epoch 62/120 Iter 60/390 Loss 0.0318 Top1 98.89 Top5 100.00
2025-12-19 09:26:15,273 - INFO  - [NUDE][TRAIN] Epoch 62/120 Iter 80/390 Loss 0.0334 Top1 98.79 Top5 100.00
2025-12-19 09:26:18,892 - INFO  - [NUDE][TRAIN] Epoch 62/120 Iter 100/390 Loss 0.0350 Top1 98.78 Top5 100.00
2025-12-19 09:26:22,409 - INFO  - [NUDE][TRAIN] Epoch 62/120 Iter 120/390 Loss 0.0355 Top1 98.78 Top5 100.00
2025-12-19 09:26:26,069 - INFO  - [NUDE][TRAIN] Epoch 62/120 Iter 140/390 Loss 0.0376 Top1 98.71 Top5 100.00
2025-12-19 09:26:29,712 - INFO  - [NUDE][TRAIN] Epoch 62/120 Iter 160/390 Loss 0.0385 Top1 98.68 Top5 100.00
2025-12-19 09:26:33,328 - INFO  - [NUDE][TRAIN] Epoch 62/120 Iter 180/390 Loss 0.0393 Top1 98.64 Top5 100.00
2025-12-19 09:26:36,975 - INFO  - [NUDE][TRAIN] Epoch 62/120 Iter 200/390 Loss 0.0393 Top1 98.63 Top5 100.00
2025-12-19 09:26:40,516 - INFO  - [NUDE][TRAIN] Epoch 62/120 Iter 220/390 Loss 0.0396 Top1 98.63 Top5 100.00
2025-12-19 09:26:44,170 - INFO  - [NUDE][TRAIN] Epoch 62/120 Iter 240/390 Loss 0.0389 Top1 98.65 Top5 100.00
2025-12-19 09:26:47,747 - INFO  - [NUDE][TRAIN] Epoch 62/120 Iter 260/390 Loss 0.0393 Top1 98.65 Top5 100.00
2025-12-19 09:26:51,375 - INFO  - [NUDE][TRAIN] Epoch 62/120 Iter 280/390 Loss 0.0401 Top1 98.60 Top5 100.00
2025-12-19 09:26:54,972 - INFO  - [NUDE][TRAIN] Epoch 62/120 Iter 300/390 Loss 0.0406 Top1 98.58 Top5 100.00
2025-12-19 09:26:58,595 - INFO  - [NUDE][TRAIN] Epoch 62/120 Iter 320/390 Loss 0.0411 Top1 98.56 Top5 100.00
2025-12-19 09:27:02,173 - INFO  - [NUDE][TRAIN] Epoch 62/120 Iter 340/390 Loss 0.0420 Top1 98.54 Top5 100.00
2025-12-19 09:27:05,812 - INFO  - [NUDE][TRAIN] Epoch 62/120 Iter 360/390 Loss 0.0424 Top1 98.53 Top5 100.00
2025-12-19 09:27:09,543 - INFO  - [NUDE][TRAIN] Epoch 62/120 Iter 380/390 Loss 0.0424 Top1 98.52 Top5 100.00
2025-12-19 09:27:11,414 - INFO  - [NUDE] Validate: force max bit-width W/A = 6
2025-12-19 09:27:13,746 - INFO  - [NUDE][EPOCH] 62/120 Train: Top1=98.54 Top5=100.00 Loss=0.0421 | Val(EMA): Top1=93.93
2025-12-19 09:27:14,348 - INFO  - ([63] Epoch) Saving checkpoint to:
             Current: /root/autodl-tmp/retraining-free-quantization/training/resnet18_cifar10_nude_srqat_ls1em04/resnet18_cifar10_nude_srqat_ls1em04_checkpoint.pth.tar

2025-12-19 09:27:14,358 - INFO  - [NUDE] Epoch 63: force max bit-width W/A = 6
2025-12-19 09:27:18,270 - INFO  - [NUDE][TRAIN] Epoch 63/120 Iter 20/390 Loss 0.0414 Top1 98.44 Top5 100.00
2025-12-19 09:27:21,916 - INFO  - [NUDE][TRAIN] Epoch 63/120 Iter 40/390 Loss 0.0463 Top1 98.44 Top5 100.00
2025-12-19 09:27:25,581 - INFO  - [NUDE][TRAIN] Epoch 63/120 Iter 60/390 Loss 0.0467 Top1 98.37 Top5 100.00
2025-12-19 09:27:29,184 - INFO  - [NUDE][TRAIN] Epoch 63/120 Iter 80/390 Loss 0.0440 Top1 98.43 Top5 100.00
2025-12-19 09:27:32,945 - INFO  - [NUDE][TRAIN] Epoch 63/120 Iter 100/390 Loss 0.0443 Top1 98.40 Top5 100.00
2025-12-19 09:27:36,464 - INFO  - [NUDE][TRAIN] Epoch 63/120 Iter 120/390 Loss 0.0437 Top1 98.42 Top5 100.00
2025-12-19 09:27:40,191 - INFO  - [NUDE][TRAIN] Epoch 63/120 Iter 140/390 Loss 0.0438 Top1 98.43 Top5 100.00
2025-12-19 09:27:43,818 - INFO  - [NUDE][TRAIN] Epoch 63/120 Iter 160/390 Loss 0.0445 Top1 98.37 Top5 100.00
2025-12-19 09:27:47,354 - INFO  - [NUDE][TRAIN] Epoch 63/120 Iter 180/390 Loss 0.0442 Top1 98.39 Top5 100.00
2025-12-19 09:27:51,037 - INFO  - [NUDE][TRAIN] Epoch 63/120 Iter 200/390 Loss 0.0428 Top1 98.47 Top5 100.00
2025-12-19 09:27:54,616 - INFO  - [NUDE][TRAIN] Epoch 63/120 Iter 220/390 Loss 0.0417 Top1 98.50 Top5 100.00
2025-12-19 09:27:58,333 - INFO  - [NUDE][TRAIN] Epoch 63/120 Iter 240/390 Loss 0.0411 Top1 98.54 Top5 100.00
2025-12-19 09:28:01,814 - INFO  - [NUDE][TRAIN] Epoch 63/120 Iter 260/390 Loss 0.0409 Top1 98.55 Top5 100.00
2025-12-19 09:28:05,398 - INFO  - [NUDE][TRAIN] Epoch 63/120 Iter 280/390 Loss 0.0404 Top1 98.57 Top5 100.00
2025-12-19 09:28:08,884 - INFO  - [NUDE][TRAIN] Epoch 63/120 Iter 300/390 Loss 0.0405 Top1 98.57 Top5 100.00
2025-12-19 09:28:12,530 - INFO  - [NUDE][TRAIN] Epoch 63/120 Iter 320/390 Loss 0.0405 Top1 98.58 Top5 100.00
2025-12-19 09:28:16,047 - INFO  - [NUDE][TRAIN] Epoch 63/120 Iter 340/390 Loss 0.0415 Top1 98.56 Top5 100.00
2025-12-19 09:28:19,698 - INFO  - [NUDE][TRAIN] Epoch 63/120 Iter 360/390 Loss 0.0426 Top1 98.52 Top5 100.00
2025-12-19 09:28:23,367 - INFO  - [NUDE][TRAIN] Epoch 63/120 Iter 380/390 Loss 0.0432 Top1 98.50 Top5 100.00
2025-12-19 09:28:25,164 - INFO  - [NUDE] Validate: force max bit-width W/A = 6
2025-12-19 09:28:27,494 - INFO  - [NUDE][EPOCH] 63/120 Train: Top1=98.48 Top5=100.00 Loss=0.0436 | Val(EMA): Top1=93.97
2025-12-19 09:28:28,164 - INFO  - ([64] Epoch) Saving checkpoint to:
             Current: /root/autodl-tmp/retraining-free-quantization/training/resnet18_cifar10_nude_srqat_ls1em04/resnet18_cifar10_nude_srqat_ls1em04_checkpoint.pth.tar

2025-12-19 09:28:28,175 - INFO  - [NUDE] Epoch 64: force max bit-width W/A = 6
2025-12-19 09:28:32,097 - INFO  - [NUDE][TRAIN] Epoch 64/120 Iter 20/390 Loss 0.0459 Top1 98.24 Top5 100.00
2025-12-19 09:28:35,827 - INFO  - [NUDE][TRAIN] Epoch 64/120 Iter 40/390 Loss 0.0412 Top1 98.52 Top5 100.00
2025-12-19 09:28:39,384 - INFO  - [NUDE][TRAIN] Epoch 64/120 Iter 60/390 Loss 0.0394 Top1 98.61 Top5 99.99
2025-12-19 09:28:42,911 - INFO  - [NUDE][TRAIN] Epoch 64/120 Iter 80/390 Loss 0.0398 Top1 98.55 Top5 99.99
2025-12-19 09:28:46,583 - INFO  - [NUDE][TRAIN] Epoch 64/120 Iter 100/390 Loss 0.0413 Top1 98.48 Top5 99.99
2025-12-19 09:28:50,220 - INFO  - [NUDE][TRAIN] Epoch 64/120 Iter 120/390 Loss 0.0418 Top1 98.49 Top5 99.99
2025-12-19 09:28:53,739 - INFO  - [NUDE][TRAIN] Epoch 64/120 Iter 140/390 Loss 0.0407 Top1 98.52 Top5 99.99
2025-12-19 09:28:57,456 - INFO  - [NUDE][TRAIN] Epoch 64/120 Iter 160/390 Loss 0.0400 Top1 98.56 Top5 100.00
2025-12-19 09:29:01,038 - INFO  - [NUDE][TRAIN] Epoch 64/120 Iter 180/390 Loss 0.0397 Top1 98.58 Top5 100.00
2025-12-19 09:29:04,700 - INFO  - [NUDE][TRAIN] Epoch 64/120 Iter 200/390 Loss 0.0390 Top1 98.61 Top5 100.00
2025-12-19 09:29:08,210 - INFO  - [NUDE][TRAIN] Epoch 64/120 Iter 220/390 Loss 0.0384 Top1 98.63 Top5 100.00
2025-12-19 09:29:11,856 - INFO  - [NUDE][TRAIN] Epoch 64/120 Iter 240/390 Loss 0.0377 Top1 98.66 Top5 100.00
2025-12-19 09:29:15,365 - INFO  - [NUDE][TRAIN] Epoch 64/120 Iter 260/390 Loss 0.0372 Top1 98.68 Top5 100.00
2025-12-19 09:29:19,023 - INFO  - [NUDE][TRAIN] Epoch 64/120 Iter 280/390 Loss 0.0369 Top1 98.69 Top5 100.00
2025-12-19 09:29:22,724 - INFO  - [NUDE][TRAIN] Epoch 64/120 Iter 300/390 Loss 0.0367 Top1 98.69 Top5 100.00
2025-12-19 09:29:26,423 - INFO  - [NUDE][TRAIN] Epoch 64/120 Iter 320/390 Loss 0.0362 Top1 98.71 Top5 100.00
2025-12-19 09:29:30,095 - INFO  - [NUDE][TRAIN] Epoch 64/120 Iter 340/390 Loss 0.0362 Top1 98.71 Top5 100.00
2025-12-19 09:29:33,918 - INFO  - [NUDE][TRAIN] Epoch 64/120 Iter 360/390 Loss 0.0367 Top1 98.69 Top5 100.00
2025-12-19 09:29:37,618 - INFO  - [NUDE][TRAIN] Epoch 64/120 Iter 380/390 Loss 0.0368 Top1 98.69 Top5 100.00
2025-12-19 09:29:39,420 - INFO  - [NUDE] Validate: force max bit-width W/A = 6
2025-12-19 09:29:41,735 - INFO  - [NUDE][EPOCH] 64/120 Train: Top1=98.70 Top5=100.00 Loss=0.0366 | Val(EMA): Top1=93.95
2025-12-19 09:29:42,347 - INFO  - ([65] Epoch) Saving checkpoint to:
             Current: /root/autodl-tmp/retraining-free-quantization/training/resnet18_cifar10_nude_srqat_ls1em04/resnet18_cifar10_nude_srqat_ls1em04_checkpoint.pth.tar

2025-12-19 09:29:42,357 - INFO  - [NUDE] Epoch 65: force max bit-width W/A = 6
2025-12-19 09:29:46,218 - INFO  - [NUDE][TRAIN] Epoch 65/120 Iter 20/390 Loss 0.0277 Top1 98.87 Top5 100.00
2025-12-19 09:29:49,760 - INFO  - [NUDE][TRAIN] Epoch 65/120 Iter 40/390 Loss 0.0287 Top1 99.00 Top5 100.00
2025-12-19 09:29:53,347 - INFO  - [NUDE][TRAIN] Epoch 65/120 Iter 60/390 Loss 0.0262 Top1 99.10 Top5 100.00
2025-12-19 09:29:56,921 - INFO  - [NUDE][TRAIN] Epoch 65/120 Iter 80/390 Loss 0.0269 Top1 99.09 Top5 100.00
2025-12-19 09:30:00,583 - INFO  - [NUDE][TRAIN] Epoch 65/120 Iter 100/390 Loss 0.0267 Top1 99.09 Top5 100.00
2025-12-19 09:30:04,211 - INFO  - [NUDE][TRAIN] Epoch 65/120 Iter 120/390 Loss 0.0268 Top1 99.08 Top5 100.00
2025-12-19 09:30:07,779 - INFO  - [NUDE][TRAIN] Epoch 65/120 Iter 140/390 Loss 0.0274 Top1 99.08 Top5 100.00
2025-12-19 09:30:11,465 - INFO  - [NUDE][TRAIN] Epoch 65/120 Iter 160/390 Loss 0.0278 Top1 99.07 Top5 100.00
2025-12-19 09:30:15,091 - INFO  - [NUDE][TRAIN] Epoch 65/120 Iter 180/390 Loss 0.0285 Top1 99.04 Top5 100.00
2025-12-19 09:30:18,745 - INFO  - [NUDE][TRAIN] Epoch 65/120 Iter 200/390 Loss 0.0291 Top1 99.02 Top5 100.00
2025-12-19 09:30:22,293 - INFO  - [NUDE][TRAIN] Epoch 65/120 Iter 220/390 Loss 0.0302 Top1 98.97 Top5 100.00
2025-12-19 09:30:25,982 - INFO  - [NUDE][TRAIN] Epoch 65/120 Iter 240/390 Loss 0.0311 Top1 98.95 Top5 100.00
2025-12-19 09:30:29,565 - INFO  - [NUDE][TRAIN] Epoch 65/120 Iter 260/390 Loss 0.0320 Top1 98.91 Top5 100.00
2025-12-19 09:30:33,235 - INFO  - [NUDE][TRAIN] Epoch 65/120 Iter 280/390 Loss 0.0317 Top1 98.91 Top5 100.00
2025-12-19 09:30:36,758 - INFO  - [NUDE][TRAIN] Epoch 65/120 Iter 300/390 Loss 0.0319 Top1 98.90 Top5 100.00
2025-12-19 09:30:40,491 - INFO  - [NUDE][TRAIN] Epoch 65/120 Iter 320/390 Loss 0.0315 Top1 98.92 Top5 100.00
2025-12-19 09:30:44,106 - INFO  - [NUDE][TRAIN] Epoch 65/120 Iter 340/390 Loss 0.0313 Top1 98.92 Top5 100.00
2025-12-19 09:30:47,760 - INFO  - [NUDE][TRAIN] Epoch 65/120 Iter 360/390 Loss 0.0310 Top1 98.93 Top5 100.00
2025-12-19 09:30:51,426 - INFO  - [NUDE][TRAIN] Epoch 65/120 Iter 380/390 Loss 0.0311 Top1 98.92 Top5 100.00
2025-12-19 09:30:53,252 - INFO  - [NUDE] Validate: force max bit-width W/A = 6
2025-12-19 09:30:55,646 - INFO  - [NUDE][EPOCH] 65/120 Train: Top1=98.90 Top5=100.00 Loss=0.0317 | Val(EMA): Top1=94.08
2025-12-19 09:30:56,267 - INFO  - ([66] Epoch) Saving checkpoint to:
             Current: /root/autodl-tmp/retraining-free-quantization/training/resnet18_cifar10_nude_srqat_ls1em04/resnet18_cifar10_nude_srqat_ls1em04_checkpoint.pth.tar

2025-12-19 09:30:56,278 - INFO  - [NUDE] Epoch 66: force max bit-width W/A = 6
2025-12-19 09:31:00,225 - INFO  - [NUDE][TRAIN] Epoch 66/120 Iter 20/390 Loss 0.0306 Top1 99.02 Top5 100.00
2025-12-19 09:31:03,823 - INFO  - [NUDE][TRAIN] Epoch 66/120 Iter 40/390 Loss 0.0349 Top1 98.91 Top5 100.00
2025-12-19 09:31:07,514 - INFO  - [NUDE][TRAIN] Epoch 66/120 Iter 60/390 Loss 0.0315 Top1 99.01 Top5 100.00
2025-12-19 09:31:11,078 - INFO  - [NUDE][TRAIN] Epoch 66/120 Iter 80/390 Loss 0.0332 Top1 98.96 Top5 100.00
2025-12-19 09:31:14,743 - INFO  - [NUDE][TRAIN] Epoch 66/120 Iter 100/390 Loss 0.0340 Top1 98.89 Top5 100.00
2025-12-19 09:31:18,267 - INFO  - [NUDE][TRAIN] Epoch 66/120 Iter 120/390 Loss 0.0337 Top1 98.89 Top5 100.00
2025-12-19 09:31:21,966 - INFO  - [NUDE][TRAIN] Epoch 66/120 Iter 140/390 Loss 0.0330 Top1 98.92 Top5 100.00
2025-12-19 09:31:25,655 - INFO  - [NUDE][TRAIN] Epoch 66/120 Iter 160/390 Loss 0.0325 Top1 98.92 Top5 100.00
2025-12-19 09:31:29,269 - INFO  - [NUDE][TRAIN] Epoch 66/120 Iter 180/390 Loss 0.0327 Top1 98.90 Top5 100.00
2025-12-19 09:31:33,076 - INFO  - [NUDE][TRAIN] Epoch 66/120 Iter 200/390 Loss 0.0337 Top1 98.84 Top5 100.00
2025-12-19 09:31:36,649 - INFO  - [NUDE][TRAIN] Epoch 66/120 Iter 220/390 Loss 0.0341 Top1 98.82 Top5 100.00
2025-12-19 09:31:40,379 - INFO  - [NUDE][TRAIN] Epoch 66/120 Iter 240/390 Loss 0.0334 Top1 98.86 Top5 100.00
2025-12-19 09:31:44,004 - INFO  - [NUDE][TRAIN] Epoch 66/120 Iter 260/390 Loss 0.0336 Top1 98.86 Top5 100.00
2025-12-19 09:31:47,716 - INFO  - [NUDE][TRAIN] Epoch 66/120 Iter 280/390 Loss 0.0338 Top1 98.86 Top5 100.00
2025-12-19 09:31:51,304 - INFO  - [NUDE][TRAIN] Epoch 66/120 Iter 300/390 Loss 0.0343 Top1 98.83 Top5 100.00
2025-12-19 09:31:55,012 - INFO  - [NUDE][TRAIN] Epoch 66/120 Iter 320/390 Loss 0.0342 Top1 98.82 Top5 100.00
2025-12-19 09:31:58,552 - INFO  - [NUDE][TRAIN] Epoch 66/120 Iter 340/390 Loss 0.0338 Top1 98.82 Top5 100.00
2025-12-19 09:32:02,216 - INFO  - [NUDE][TRAIN] Epoch 66/120 Iter 360/390 Loss 0.0336 Top1 98.83 Top5 100.00
2025-12-19 09:32:05,930 - INFO  - [NUDE][TRAIN] Epoch 66/120 Iter 380/390 Loss 0.0332 Top1 98.84 Top5 100.00
2025-12-19 09:32:07,796 - INFO  - [NUDE] Validate: force max bit-width W/A = 6
2025-12-19 09:32:10,150 - INFO  - [NUDE][EPOCH] 66/120 Train: Top1=98.84 Top5=100.00 Loss=0.0332 | Val(EMA): Top1=94.10
2025-12-19 09:32:10,793 - INFO  - ([67] Epoch) Saving checkpoint to:
             Current: /root/autodl-tmp/retraining-free-quantization/training/resnet18_cifar10_nude_srqat_ls1em04/resnet18_cifar10_nude_srqat_ls1em04_checkpoint.pth.tar

2025-12-19 09:32:10,804 - INFO  - [NUDE] Epoch 67: force max bit-width W/A = 6
2025-12-19 09:32:14,743 - INFO  - [NUDE][TRAIN] Epoch 67/120 Iter 20/390 Loss 0.0250 Top1 98.98 Top5 100.00
2025-12-19 09:32:18,361 - INFO  - [NUDE][TRAIN] Epoch 67/120 Iter 40/390 Loss 0.0260 Top1 99.02 Top5 100.00
2025-12-19 09:32:22,044 - INFO  - [NUDE][TRAIN] Epoch 67/120 Iter 60/390 Loss 0.0270 Top1 98.96 Top5 100.00
2025-12-19 09:32:25,690 - INFO  - [NUDE][TRAIN] Epoch 67/120 Iter 80/390 Loss 0.0260 Top1 99.02 Top5 100.00
2025-12-19 09:32:29,400 - INFO  - [NUDE][TRAIN] Epoch 67/120 Iter 100/390 Loss 0.0256 Top1 99.07 Top5 100.00
2025-12-19 09:32:32,971 - INFO  - [NUDE][TRAIN] Epoch 67/120 Iter 120/390 Loss 0.0263 Top1 99.06 Top5 100.00
2025-12-19 09:32:36,669 - INFO  - [NUDE][TRAIN] Epoch 67/120 Iter 140/390 Loss 0.0261 Top1 99.07 Top5 100.00
2025-12-19 09:32:40,369 - INFO  - [NUDE][TRAIN] Epoch 67/120 Iter 160/390 Loss 0.0262 Top1 99.08 Top5 100.00
2025-12-19 09:32:43,982 - INFO  - [NUDE][TRAIN] Epoch 67/120 Iter 180/390 Loss 0.0257 Top1 99.09 Top5 100.00
2025-12-19 09:32:47,667 - INFO  - [NUDE][TRAIN] Epoch 67/120 Iter 200/390 Loss 0.0255 Top1 99.10 Top5 100.00
2025-12-19 09:32:51,251 - INFO  - [NUDE][TRAIN] Epoch 67/120 Iter 220/390 Loss 0.0255 Top1 99.11 Top5 100.00
2025-12-19 09:32:54,982 - INFO  - [NUDE][TRAIN] Epoch 67/120 Iter 240/390 Loss 0.0262 Top1 99.09 Top5 100.00
2025-12-19 09:32:58,544 - INFO  - [NUDE][TRAIN] Epoch 67/120 Iter 260/390 Loss 0.0265 Top1 99.07 Top5 100.00
2025-12-19 09:33:02,272 - INFO  - [NUDE][TRAIN] Epoch 67/120 Iter 280/390 Loss 0.0268 Top1 99.07 Top5 100.00
2025-12-19 09:33:05,826 - INFO  - [NUDE][TRAIN] Epoch 67/120 Iter 300/390 Loss 0.0268 Top1 99.07 Top5 100.00
2025-12-19 09:33:09,491 - INFO  - [NUDE][TRAIN] Epoch 67/120 Iter 320/390 Loss 0.0272 Top1 99.05 Top5 100.00
2025-12-19 09:33:13,051 - INFO  - [NUDE][TRAIN] Epoch 67/120 Iter 340/390 Loss 0.0271 Top1 99.05 Top5 100.00
2025-12-19 09:33:16,751 - INFO  - [NUDE][TRAIN] Epoch 67/120 Iter 360/390 Loss 0.0270 Top1 99.05 Top5 100.00
2025-12-19 09:33:20,606 - INFO  - [NUDE][TRAIN] Epoch 67/120 Iter 380/390 Loss 0.0273 Top1 99.04 Top5 100.00
2025-12-19 09:33:22,475 - INFO  - [NUDE] Validate: force max bit-width W/A = 6
2025-12-19 09:33:24,929 - INFO  - [NUDE][EPOCH] 67/120 Train: Top1=99.03 Top5=100.00 Loss=0.0273 | Val(EMA): Top1=94.10
2025-12-19 09:33:25,638 - INFO  - ([68] Epoch) Saving checkpoint to:
             Current: /root/autodl-tmp/retraining-free-quantization/training/resnet18_cifar10_nude_srqat_ls1em04/resnet18_cifar10_nude_srqat_ls1em04_checkpoint.pth.tar

2025-12-19 09:33:25,651 - INFO  - [NUDE] Epoch 68: force max bit-width W/A = 6
2025-12-19 09:33:29,809 - INFO  - [NUDE][TRAIN] Epoch 68/120 Iter 20/390 Loss 0.0249 Top1 99.14 Top5 100.00
2025-12-19 09:33:33,448 - INFO  - [NUDE][TRAIN] Epoch 68/120 Iter 40/390 Loss 0.0272 Top1 99.16 Top5 100.00
2025-12-19 09:33:37,008 - INFO  - [NUDE][TRAIN] Epoch 68/120 Iter 60/390 Loss 0.0266 Top1 99.09 Top5 100.00
2025-12-19 09:33:40,561 - INFO  - [NUDE][TRAIN] Epoch 68/120 Iter 80/390 Loss 0.0273 Top1 99.02 Top5 100.00
2025-12-19 09:33:44,253 - INFO  - [NUDE][TRAIN] Epoch 68/120 Iter 100/390 Loss 0.0286 Top1 98.98 Top5 100.00
2025-12-19 09:33:47,974 - INFO  - [NUDE][TRAIN] Epoch 68/120 Iter 120/390 Loss 0.0287 Top1 98.98 Top5 100.00
2025-12-19 09:33:51,546 - INFO  - [NUDE][TRAIN] Epoch 68/120 Iter 140/390 Loss 0.0285 Top1 99.00 Top5 100.00
2025-12-19 09:33:55,259 - INFO  - [NUDE][TRAIN] Epoch 68/120 Iter 160/390 Loss 0.0282 Top1 98.99 Top5 100.00
2025-12-19 09:33:58,834 - INFO  - [NUDE][TRAIN] Epoch 68/120 Iter 180/390 Loss 0.0274 Top1 99.03 Top5 100.00
2025-12-19 09:34:02,557 - INFO  - [NUDE][TRAIN] Epoch 68/120 Iter 200/390 Loss 0.0271 Top1 99.02 Top5 100.00
2025-12-19 09:34:06,137 - INFO  - [NUDE][TRAIN] Epoch 68/120 Iter 220/390 Loss 0.0270 Top1 99.03 Top5 100.00
2025-12-19 09:34:09,822 - INFO  - [NUDE][TRAIN] Epoch 68/120 Iter 240/390 Loss 0.0275 Top1 99.01 Top5 100.00
2025-12-19 09:34:13,434 - INFO  - [NUDE][TRAIN] Epoch 68/120 Iter 260/390 Loss 0.0276 Top1 99.00 Top5 100.00
2025-12-19 09:34:17,146 - INFO  - [NUDE][TRAIN] Epoch 68/120 Iter 280/390 Loss 0.0277 Top1 99.00 Top5 100.00
2025-12-19 09:34:20,774 - INFO  - [NUDE][TRAIN] Epoch 68/120 Iter 300/390 Loss 0.0281 Top1 98.99 Top5 100.00
2025-12-19 09:34:24,488 - INFO  - [NUDE][TRAIN] Epoch 68/120 Iter 320/390 Loss 0.0290 Top1 98.97 Top5 100.00
2025-12-19 09:34:28,060 - INFO  - [NUDE][TRAIN] Epoch 68/120 Iter 340/390 Loss 0.0286 Top1 98.98 Top5 100.00
2025-12-19 09:34:31,700 - INFO  - [NUDE][TRAIN] Epoch 68/120 Iter 360/390 Loss 0.0287 Top1 98.97 Top5 100.00
2025-12-19 09:34:35,437 - INFO  - [NUDE][TRAIN] Epoch 68/120 Iter 380/390 Loss 0.0289 Top1 98.97 Top5 100.00
2025-12-19 09:34:37,311 - INFO  - [NUDE] Validate: force max bit-width W/A = 6
2025-12-19 09:34:39,651 - INFO  - [NUDE][EPOCH] 68/120 Train: Top1=98.97 Top5=100.00 Loss=0.0291 | Val(EMA): Top1=94.16
2025-12-19 09:34:40,360 - INFO  - ([69] Epoch) Saving checkpoint to:
             Current: /root/autodl-tmp/retraining-free-quantization/training/resnet18_cifar10_nude_srqat_ls1em04/resnet18_cifar10_nude_srqat_ls1em04_checkpoint.pth.tar

2025-12-19 09:34:40,373 - INFO  - [NUDE] Epoch 69: force max bit-width W/A = 6
2025-12-19 09:34:44,312 - INFO  - [NUDE][TRAIN] Epoch 69/120 Iter 20/390 Loss 0.0294 Top1 98.98 Top5 100.00
2025-12-19 09:34:47,898 - INFO  - [NUDE][TRAIN] Epoch 69/120 Iter 40/390 Loss 0.0316 Top1 98.83 Top5 100.00
2025-12-19 09:34:51,661 - INFO  - [NUDE][TRAIN] Epoch 69/120 Iter 60/390 Loss 0.0301 Top1 98.88 Top5 100.00
2025-12-19 09:34:55,185 - INFO  - [NUDE][TRAIN] Epoch 69/120 Iter 80/390 Loss 0.0308 Top1 98.89 Top5 100.00
2025-12-19 09:34:58,902 - INFO  - [NUDE][TRAIN] Epoch 69/120 Iter 100/390 Loss 0.0304 Top1 98.91 Top5 100.00
2025-12-19 09:35:02,642 - INFO  - [NUDE][TRAIN] Epoch 69/120 Iter 120/390 Loss 0.0319 Top1 98.88 Top5 99.99
2025-12-19 09:35:06,257 - INFO  - [NUDE][TRAIN] Epoch 69/120 Iter 140/390 Loss 0.0313 Top1 98.90 Top5 99.99
2025-12-19 09:35:10,061 - INFO  - [NUDE][TRAIN] Epoch 69/120 Iter 160/390 Loss 0.0311 Top1 98.89 Top5 100.00
2025-12-19 09:35:13,705 - INFO  - [NUDE][TRAIN] Epoch 69/120 Iter 180/390 Loss 0.0310 Top1 98.88 Top5 100.00
2025-12-19 09:35:17,516 - INFO  - [NUDE][TRAIN] Epoch 69/120 Iter 200/390 Loss 0.0307 Top1 98.93 Top5 100.00
2025-12-19 09:35:21,563 - INFO  - [NUDE][TRAIN] Epoch 69/120 Iter 220/390 Loss 0.0306 Top1 98.91 Top5 100.00
2025-12-19 09:35:25,210 - INFO  - [NUDE][TRAIN] Epoch 69/120 Iter 240/390 Loss 0.0307 Top1 98.90 Top5 100.00
2025-12-19 09:35:28,758 - INFO  - [NUDE][TRAIN] Epoch 69/120 Iter 260/390 Loss 0.0304 Top1 98.92 Top5 100.00
2025-12-19 09:35:32,439 - INFO  - [NUDE][TRAIN] Epoch 69/120 Iter 280/390 Loss 0.0302 Top1 98.94 Top5 100.00
2025-12-19 09:35:35,985 - INFO  - [NUDE][TRAIN] Epoch 69/120 Iter 300/390 Loss 0.0301 Top1 98.95 Top5 100.00
2025-12-19 09:35:39,691 - INFO  - [NUDE][TRAIN] Epoch 69/120 Iter 320/390 Loss 0.0302 Top1 98.96 Top5 100.00
2025-12-19 09:35:43,327 - INFO  - [NUDE][TRAIN] Epoch 69/120 Iter 340/390 Loss 0.0298 Top1 98.97 Top5 100.00
2025-12-19 09:35:47,094 - INFO  - [NUDE][TRAIN] Epoch 69/120 Iter 360/390 Loss 0.0295 Top1 98.98 Top5 100.00
2025-12-19 09:35:50,832 - INFO  - [NUDE][TRAIN] Epoch 69/120 Iter 380/390 Loss 0.0292 Top1 98.99 Top5 100.00
2025-12-19 09:35:52,680 - INFO  - [NUDE] Validate: force max bit-width W/A = 6
2025-12-19 09:35:55,011 - INFO  - [NUDE][EPOCH] 69/120 Train: Top1=98.98 Top5=100.00 Loss=0.0293 | Val(EMA): Top1=94.15
2025-12-19 09:35:55,691 - INFO  - ([70] Epoch) Saving checkpoint to:
             Current: /root/autodl-tmp/retraining-free-quantization/training/resnet18_cifar10_nude_srqat_ls1em04/resnet18_cifar10_nude_srqat_ls1em04_checkpoint.pth.tar

2025-12-19 09:35:55,702 - INFO  - [NUDE] Epoch 70: force max bit-width W/A = 6
2025-12-19 09:35:59,629 - INFO  - [NUDE][TRAIN] Epoch 70/120 Iter 20/390 Loss 0.0199 Top1 99.41 Top5 100.00
2025-12-19 09:36:03,222 - INFO  - [NUDE][TRAIN] Epoch 70/120 Iter 40/390 Loss 0.0196 Top1 99.39 Top5 100.00
2025-12-19 09:36:06,931 - INFO  - [NUDE][TRAIN] Epoch 70/120 Iter 60/390 Loss 0.0219 Top1 99.32 Top5 100.00
2025-12-19 09:36:10,560 - INFO  - [NUDE][TRAIN] Epoch 70/120 Iter 80/390 Loss 0.0220 Top1 99.31 Top5 100.00
2025-12-19 09:36:14,279 - INFO  - [NUDE][TRAIN] Epoch 70/120 Iter 100/390 Loss 0.0231 Top1 99.26 Top5 100.00
2025-12-19 09:36:17,872 - INFO  - [NUDE][TRAIN] Epoch 70/120 Iter 120/390 Loss 0.0238 Top1 99.22 Top5 100.00
2025-12-19 09:36:21,568 - INFO  - [NUDE][TRAIN] Epoch 70/120 Iter 140/390 Loss 0.0235 Top1 99.22 Top5 100.00
2025-12-19 09:36:25,323 - INFO  - [NUDE][TRAIN] Epoch 70/120 Iter 160/390 Loss 0.0229 Top1 99.25 Top5 100.00
2025-12-19 09:36:28,993 - INFO  - [NUDE][TRAIN] Epoch 70/120 Iter 180/390 Loss 0.0226 Top1 99.24 Top5 100.00
2025-12-19 09:36:32,698 - INFO  - [NUDE][TRAIN] Epoch 70/120 Iter 200/390 Loss 0.0226 Top1 99.26 Top5 100.00
2025-12-19 09:36:36,324 - INFO  - [NUDE][TRAIN] Epoch 70/120 Iter 220/390 Loss 0.0226 Top1 99.26 Top5 100.00
2025-12-19 09:36:40,060 - INFO  - [NUDE][TRAIN] Epoch 70/120 Iter 240/390 Loss 0.0231 Top1 99.24 Top5 100.00
2025-12-19 09:36:43,631 - INFO  - [NUDE][TRAIN] Epoch 70/120 Iter 260/390 Loss 0.0232 Top1 99.24 Top5 100.00
2025-12-19 09:36:47,386 - INFO  - [NUDE][TRAIN] Epoch 70/120 Iter 280/390 Loss 0.0234 Top1 99.25 Top5 100.00
2025-12-19 09:36:50,988 - INFO  - [NUDE][TRAIN] Epoch 70/120 Iter 300/390 Loss 0.0234 Top1 99.26 Top5 100.00
2025-12-19 09:36:54,653 - INFO  - [NUDE][TRAIN] Epoch 70/120 Iter 320/390 Loss 0.0235 Top1 99.26 Top5 100.00
2025-12-19 09:36:58,232 - INFO  - [NUDE][TRAIN] Epoch 70/120 Iter 340/390 Loss 0.0237 Top1 99.24 Top5 100.00
2025-12-19 09:37:01,938 - INFO  - [NUDE][TRAIN] Epoch 70/120 Iter 360/390 Loss 0.0237 Top1 99.25 Top5 100.00
2025-12-19 09:37:05,642 - INFO  - [NUDE][TRAIN] Epoch 70/120 Iter 380/390 Loss 0.0235 Top1 99.25 Top5 100.00
2025-12-19 09:37:07,503 - INFO  - [NUDE] Validate: force max bit-width W/A = 6
2025-12-19 09:37:09,946 - INFO  - [NUDE][EPOCH] 70/120 Train: Top1=99.25 Top5=100.00 Loss=0.0236 | Val(EMA): Top1=94.14
2025-12-19 09:37:10,555 - INFO  - ([71] Epoch) Saving checkpoint to:
             Current: /root/autodl-tmp/retraining-free-quantization/training/resnet18_cifar10_nude_srqat_ls1em04/resnet18_cifar10_nude_srqat_ls1em04_checkpoint.pth.tar

2025-12-19 09:37:10,568 - INFO  - [NUDE] Epoch 71: force max bit-width W/A = 6
2025-12-19 09:37:14,523 - INFO  - [NUDE][TRAIN] Epoch 71/120 Iter 20/390 Loss 0.0170 Top1 99.38 Top5 100.00
2025-12-19 09:37:18,171 - INFO  - [NUDE][TRAIN] Epoch 71/120 Iter 40/390 Loss 0.0175 Top1 99.26 Top5 100.00
2025-12-19 09:37:21,907 - INFO  - [NUDE][TRAIN] Epoch 71/120 Iter 60/390 Loss 0.0193 Top1 99.22 Top5 100.00
2025-12-19 09:37:25,846 - INFO  - [NUDE][TRAIN] Epoch 71/120 Iter 80/390 Loss 0.0215 Top1 99.24 Top5 100.00
2025-12-19 09:37:30,258 - INFO  - [NUDE][TRAIN] Epoch 71/120 Iter 100/390 Loss 0.0210 Top1 99.27 Top5 100.00
2025-12-19 09:37:33,863 - INFO  - [NUDE][TRAIN] Epoch 71/120 Iter 120/390 Loss 0.0206 Top1 99.30 Top5 100.00
2025-12-19 09:37:37,613 - INFO  - [NUDE][TRAIN] Epoch 71/120 Iter 140/390 Loss 0.0202 Top1 99.31 Top5 100.00
2025-12-19 09:37:42,348 - INFO  - [NUDE][TRAIN] Epoch 71/120 Iter 160/390 Loss 0.0212 Top1 99.30 Top5 100.00
2025-12-19 09:37:46,846 - INFO  - [NUDE][TRAIN] Epoch 71/120 Iter 180/390 Loss 0.0218 Top1 99.28 Top5 100.00
2025-12-19 09:37:50,572 - INFO  - [NUDE][TRAIN] Epoch 71/120 Iter 200/390 Loss 0.0213 Top1 99.30 Top5 100.00
2025-12-19 09:37:54,486 - INFO  - [NUDE][TRAIN] Epoch 71/120 Iter 220/390 Loss 0.0208 Top1 99.31 Top5 100.00
2025-12-19 09:37:59,437 - INFO  - [NUDE][TRAIN] Epoch 71/120 Iter 240/390 Loss 0.0206 Top1 99.33 Top5 100.00
2025-12-19 09:38:03,384 - INFO  - [NUDE][TRAIN] Epoch 71/120 Iter 260/390 Loss 0.0212 Top1 99.30 Top5 100.00
2025-12-19 09:38:07,200 - INFO  - [NUDE][TRAIN] Epoch 71/120 Iter 280/390 Loss 0.0223 Top1 99.28 Top5 100.00
2025-12-19 09:38:11,661 - INFO  - [NUDE][TRAIN] Epoch 71/120 Iter 300/390 Loss 0.0227 Top1 99.26 Top5 100.00
2025-12-19 09:38:16,342 - INFO  - [NUDE][TRAIN] Epoch 71/120 Iter 320/390 Loss 0.0234 Top1 99.23 Top5 100.00
2025-12-19 09:38:19,907 - INFO  - [NUDE][TRAIN] Epoch 71/120 Iter 340/390 Loss 0.0239 Top1 99.20 Top5 100.00
2025-12-19 09:38:23,872 - INFO  - [NUDE][TRAIN] Epoch 71/120 Iter 360/390 Loss 0.0238 Top1 99.20 Top5 100.00
2025-12-19 09:38:28,739 - INFO  - [NUDE][TRAIN] Epoch 71/120 Iter 380/390 Loss 0.0236 Top1 99.21 Top5 100.00
2025-12-19 09:38:30,895 - INFO  - [NUDE] Validate: force max bit-width W/A = 6
2025-12-19 09:38:33,254 - INFO  - [NUDE][EPOCH] 71/120 Train: Top1=99.21 Top5=100.00 Loss=0.0235 | Val(EMA): Top1=94.12
2025-12-19 09:38:33,924 - INFO  - ([72] Epoch) Saving checkpoint to:
             Current: /root/autodl-tmp/retraining-free-quantization/training/resnet18_cifar10_nude_srqat_ls1em04/resnet18_cifar10_nude_srqat_ls1em04_checkpoint.pth.tar

2025-12-19 09:38:33,935 - INFO  - [NUDE] Epoch 72: force max bit-width W/A = 6
2025-12-19 09:38:38,173 - INFO  - [NUDE][TRAIN] Epoch 72/120 Iter 20/390 Loss 0.0288 Top1 98.83 Top5 100.00
2025-12-19 09:38:42,984 - INFO  - [NUDE][TRAIN] Epoch 72/120 Iter 40/390 Loss 0.0286 Top1 99.04 Top5 100.00
2025-12-19 09:38:47,066 - INFO  - [NUDE][TRAIN] Epoch 72/120 Iter 60/390 Loss 0.0276 Top1 99.05 Top5 100.00
2025-12-19 09:38:50,723 - INFO  - [NUDE][TRAIN] Epoch 72/120 Iter 80/390 Loss 0.0255 Top1 99.11 Top5 100.00
2025-12-19 09:38:54,908 - INFO  - [NUDE][TRAIN] Epoch 72/120 Iter 100/390 Loss 0.0243 Top1 99.15 Top5 100.00
2025-12-19 09:38:59,737 - INFO  - [NUDE][TRAIN] Epoch 72/120 Iter 120/390 Loss 0.0238 Top1 99.13 Top5 100.00
2025-12-19 09:39:03,519 - INFO  - [NUDE][TRAIN] Epoch 72/120 Iter 140/390 Loss 0.0232 Top1 99.17 Top5 100.00
2025-12-19 09:39:07,276 - INFO  - [NUDE][TRAIN] Epoch 72/120 Iter 160/390 Loss 0.0223 Top1 99.21 Top5 100.00
2025-12-19 09:39:11,725 - INFO  - [NUDE][TRAIN] Epoch 72/120 Iter 180/390 Loss 0.0218 Top1 99.24 Top5 100.00
2025-12-19 09:39:16,423 - INFO  - [NUDE][TRAIN] Epoch 72/120 Iter 200/390 Loss 0.0214 Top1 99.25 Top5 100.00
2025-12-19 09:39:19,969 - INFO  - [NUDE][TRAIN] Epoch 72/120 Iter 220/390 Loss 0.0212 Top1 99.25 Top5 100.00
2025-12-19 09:39:23,888 - INFO  - [NUDE][TRAIN] Epoch 72/120 Iter 240/390 Loss 0.0209 Top1 99.27 Top5 100.00
2025-12-19 09:39:28,240 - INFO  - [NUDE][TRAIN] Epoch 72/120 Iter 260/390 Loss 0.0210 Top1 99.27 Top5 100.00
2025-12-19 09:39:31,950 - INFO  - [NUDE][TRAIN] Epoch 72/120 Iter 280/390 Loss 0.0213 Top1 99.24 Top5 100.00
2025-12-19 09:39:35,941 - INFO  - [NUDE][TRAIN] Epoch 72/120 Iter 300/390 Loss 0.0215 Top1 99.24 Top5 100.00
2025-12-19 09:39:40,651 - INFO  - [NUDE][TRAIN] Epoch 72/120 Iter 320/390 Loss 0.0211 Top1 99.26 Top5 100.00
2025-12-19 09:39:44,885 - INFO  - [NUDE][TRAIN] Epoch 72/120 Iter 340/390 Loss 0.0212 Top1 99.25 Top5 100.00
2025-12-19 09:39:48,593 - INFO  - [NUDE][TRAIN] Epoch 72/120 Iter 360/390 Loss 0.0213 Top1 99.26 Top5 100.00
2025-12-19 09:39:52,880 - INFO  - [NUDE][TRAIN] Epoch 72/120 Iter 380/390 Loss 0.0217 Top1 99.24 Top5 100.00
2025-12-19 09:39:55,321 - INFO  - [NUDE] Validate: force max bit-width W/A = 6
2025-12-19 09:39:59,032 - INFO  - [NUDE][EPOCH] 72/120 Train: Top1=99.24 Top5=100.00 Loss=0.0220 | Val(EMA): Top1=94.13
2025-12-19 09:39:59,642 - INFO  - ([73] Epoch) Saving checkpoint to:
             Current: /root/autodl-tmp/retraining-free-quantization/training/resnet18_cifar10_nude_srqat_ls1em04/resnet18_cifar10_nude_srqat_ls1em04_checkpoint.pth.tar

2025-12-19 09:39:59,653 - INFO  - [NUDE] Epoch 73: force max bit-width W/A = 6
2025-12-19 09:40:03,749 - INFO  - [NUDE][TRAIN] Epoch 73/120 Iter 20/390 Loss 0.0292 Top1 98.91 Top5 100.00
2025-12-19 09:40:08,064 - INFO  - [NUDE][TRAIN] Epoch 73/120 Iter 40/390 Loss 0.0260 Top1 99.04 Top5 100.00
2025-12-19 09:40:12,985 - INFO  - [NUDE][TRAIN] Epoch 73/120 Iter 60/390 Loss 0.0250 Top1 99.13 Top5 100.00
2025-12-19 09:40:16,567 - INFO  - [NUDE][TRAIN] Epoch 73/120 Iter 80/390 Loss 0.0266 Top1 99.12 Top5 100.00
2025-12-19 09:40:20,531 - INFO  - [NUDE][TRAIN] Epoch 73/120 Iter 100/390 Loss 0.0250 Top1 99.14 Top5 100.00
2025-12-19 09:40:25,260 - INFO  - [NUDE][TRAIN] Epoch 73/120 Iter 120/390 Loss 0.0251 Top1 99.14 Top5 100.00
2025-12-19 09:40:29,434 - INFO  - [NUDE][TRAIN] Epoch 73/120 Iter 140/390 Loss 0.0243 Top1 99.20 Top5 100.00
2025-12-19 09:40:33,223 - INFO  - [NUDE][TRAIN] Epoch 73/120 Iter 160/390 Loss 0.0241 Top1 99.21 Top5 100.00
2025-12-19 09:40:37,451 - INFO  - [NUDE][TRAIN] Epoch 73/120 Iter 180/390 Loss 0.0234 Top1 99.24 Top5 100.00
2025-12-19 09:40:42,452 - INFO  - [NUDE][TRAIN] Epoch 73/120 Iter 200/390 Loss 0.0231 Top1 99.24 Top5 100.00
2025-12-19 09:40:46,009 - INFO  - [NUDE][TRAIN] Epoch 73/120 Iter 220/390 Loss 0.0228 Top1 99.25 Top5 100.00
2025-12-19 09:40:49,865 - INFO  - [NUDE][TRAIN] Epoch 73/120 Iter 240/390 Loss 0.0224 Top1 99.27 Top5 100.00
2025-12-19 09:40:54,668 - INFO  - [NUDE][TRAIN] Epoch 73/120 Iter 260/390 Loss 0.0224 Top1 99.28 Top5 100.00
2025-12-19 09:40:58,999 - INFO  - [NUDE][TRAIN] Epoch 73/120 Iter 280/390 Loss 0.0221 Top1 99.30 Top5 100.00
2025-12-19 09:41:02,655 - INFO  - [NUDE][TRAIN] Epoch 73/120 Iter 300/390 Loss 0.0226 Top1 99.27 Top5 100.00
2025-12-19 09:41:07,663 - INFO  - [NUDE][TRAIN] Epoch 73/120 Iter 320/390 Loss 0.0225 Top1 99.27 Top5 100.00
2025-12-19 09:41:12,469 - INFO  - [NUDE][TRAIN] Epoch 73/120 Iter 340/390 Loss 0.0221 Top1 99.28 Top5 100.00
2025-12-19 09:41:16,144 - INFO  - [NUDE][TRAIN] Epoch 73/120 Iter 360/390 Loss 0.0227 Top1 99.26 Top5 100.00
2025-12-19 09:41:20,082 - INFO  - [NUDE][TRAIN] Epoch 73/120 Iter 380/390 Loss 0.0231 Top1 99.24 Top5 100.00
2025-12-19 09:41:22,295 - INFO  - [NUDE] Validate: force max bit-width W/A = 6
2025-12-19 09:41:25,516 - INFO  - [NUDE][EPOCH] 73/120 Train: Top1=99.25 Top5=100.00 Loss=0.0229 | Val(EMA): Top1=94.12
2025-12-19 09:41:26,180 - INFO  - ([74] Epoch) Saving checkpoint to:
             Current: /root/autodl-tmp/retraining-free-quantization/training/resnet18_cifar10_nude_srqat_ls1em04/resnet18_cifar10_nude_srqat_ls1em04_checkpoint.pth.tar

2025-12-19 09:41:26,193 - INFO  - [NUDE] Epoch 74: force max bit-width W/A = 6
2025-12-19 09:41:30,215 - INFO  - [NUDE][TRAIN] Epoch 74/120 Iter 20/390 Loss 0.0249 Top1 99.06 Top5 100.00
2025-12-19 09:41:34,464 - INFO  - [NUDE][TRAIN] Epoch 74/120 Iter 40/390 Loss 0.0223 Top1 99.30 Top5 100.00
2025-12-19 09:41:39,254 - INFO  - [NUDE][TRAIN] Epoch 74/120 Iter 60/390 Loss 0.0207 Top1 99.35 Top5 100.00
2025-12-19 09:41:42,861 - INFO  - [NUDE][TRAIN] Epoch 74/120 Iter 80/390 Loss 0.0196 Top1 99.42 Top5 100.00
2025-12-19 09:41:46,862 - INFO  - [NUDE][TRAIN] Epoch 74/120 Iter 100/390 Loss 0.0193 Top1 99.40 Top5 100.00
2025-12-19 09:41:51,645 - INFO  - [NUDE][TRAIN] Epoch 74/120 Iter 120/390 Loss 0.0186 Top1 99.41 Top5 100.00
2025-12-19 09:41:55,721 - INFO  - [NUDE][TRAIN] Epoch 74/120 Iter 140/390 Loss 0.0189 Top1 99.41 Top5 99.99
2025-12-19 09:41:59,520 - INFO  - [NUDE][TRAIN] Epoch 74/120 Iter 160/390 Loss 0.0187 Top1 99.40 Top5 100.00
2025-12-19 09:42:03,884 - INFO  - [NUDE][TRAIN] Epoch 74/120 Iter 180/390 Loss 0.0180 Top1 99.42 Top5 100.00
2025-12-19 09:42:08,663 - INFO  - [NUDE][TRAIN] Epoch 74/120 Iter 200/390 Loss 0.0173 Top1 99.45 Top5 100.00
2025-12-19 09:42:12,267 - INFO  - [NUDE][TRAIN] Epoch 74/120 Iter 220/390 Loss 0.0167 Top1 99.47 Top5 100.00
2025-12-19 09:42:16,332 - INFO  - [NUDE][TRAIN] Epoch 74/120 Iter 240/390 Loss 0.0165 Top1 99.49 Top5 100.00
2025-12-19 09:42:21,126 - INFO  - [NUDE][TRAIN] Epoch 74/120 Iter 260/390 Loss 0.0163 Top1 99.50 Top5 100.00
2025-12-19 09:42:25,290 - INFO  - [NUDE][TRAIN] Epoch 74/120 Iter 280/390 Loss 0.0163 Top1 99.51 Top5 100.00
2025-12-19 09:42:28,911 - INFO  - [NUDE][TRAIN] Epoch 74/120 Iter 300/390 Loss 0.0163 Top1 99.51 Top5 100.00
2025-12-19 09:42:33,203 - INFO  - [NUDE][TRAIN] Epoch 74/120 Iter 320/390 Loss 0.0160 Top1 99.51 Top5 100.00
2025-12-19 09:42:38,068 - INFO  - [NUDE][TRAIN] Epoch 74/120 Iter 340/390 Loss 0.0164 Top1 99.50 Top5 100.00
2025-12-19 09:42:41,855 - INFO  - [NUDE][TRAIN] Epoch 74/120 Iter 360/390 Loss 0.0160 Top1 99.51 Top5 100.00
2025-12-19 09:42:45,576 - INFO  - [NUDE][TRAIN] Epoch 74/120 Iter 380/390 Loss 0.0161 Top1 99.50 Top5 100.00
2025-12-19 09:42:47,946 - INFO  - [NUDE] Validate: force max bit-width W/A = 6
2025-12-19 09:42:52,953 - INFO  - [NUDE][EPOCH] 74/120 Train: Top1=99.49 Top5=100.00 Loss=0.0163 | Val(EMA): Top1=94.12
2025-12-19 09:42:53,632 - INFO  - ([75] Epoch) Saving checkpoint to:
             Current: /root/autodl-tmp/retraining-free-quantization/training/resnet18_cifar10_nude_srqat_ls1em04/resnet18_cifar10_nude_srqat_ls1em04_checkpoint.pth.tar

2025-12-19 09:42:53,643 - INFO  - [NUDE] Epoch 75: force max bit-width W/A = 6
2025-12-19 09:42:57,564 - INFO  - [NUDE][TRAIN] Epoch 75/120 Iter 20/390 Loss 0.0141 Top1 99.45 Top5 100.00
2025-12-19 09:43:01,555 - INFO  - [NUDE][TRAIN] Epoch 75/120 Iter 40/390 Loss 0.0131 Top1 99.47 Top5 100.00
2025-12-19 09:43:06,574 - INFO  - [NUDE][TRAIN] Epoch 75/120 Iter 60/390 Loss 0.0129 Top1 99.51 Top5 100.00
2025-12-19 09:43:10,407 - INFO  - [NUDE][TRAIN] Epoch 75/120 Iter 80/390 Loss 0.0142 Top1 99.48 Top5 100.00
2025-12-19 09:43:14,176 - INFO  - [NUDE][TRAIN] Epoch 75/120 Iter 100/390 Loss 0.0161 Top1 99.47 Top5 100.00
2025-12-19 09:43:18,511 - INFO  - [NUDE][TRAIN] Epoch 75/120 Iter 120/390 Loss 0.0158 Top1 99.47 Top5 100.00
2025-12-19 09:43:22,411 - INFO  - [NUDE][TRAIN] Epoch 75/120 Iter 140/390 Loss 0.0158 Top1 99.49 Top5 100.00
2025-12-19 09:43:26,127 - INFO  - [NUDE][TRAIN] Epoch 75/120 Iter 160/390 Loss 0.0160 Top1 99.48 Top5 100.00
2025-12-19 09:43:30,810 - INFO  - [NUDE][TRAIN] Epoch 75/120 Iter 180/390 Loss 0.0164 Top1 99.46 Top5 100.00
2025-12-19 09:43:35,345 - INFO  - [NUDE][TRAIN] Epoch 75/120 Iter 200/390 Loss 0.0162 Top1 99.46 Top5 100.00
2025-12-19 09:43:38,929 - INFO  - [NUDE][TRAIN] Epoch 75/120 Iter 220/390 Loss 0.0166 Top1 99.46 Top5 100.00
2025-12-19 09:43:43,164 - INFO  - [NUDE][TRAIN] Epoch 75/120 Iter 240/390 Loss 0.0167 Top1 99.45 Top5 100.00
2025-12-19 09:43:48,004 - INFO  - [NUDE][TRAIN] Epoch 75/120 Iter 260/390 Loss 0.0165 Top1 99.46 Top5 100.00
2025-12-19 09:43:51,800 - INFO  - [NUDE][TRAIN] Epoch 75/120 Iter 280/390 Loss 0.0161 Top1 99.47 Top5 100.00
2025-12-19 09:43:55,409 - INFO  - [NUDE][TRAIN] Epoch 75/120 Iter 300/390 Loss 0.0159 Top1 99.48 Top5 100.00
2025-12-19 09:44:00,041 - INFO  - [NUDE][TRAIN] Epoch 75/120 Iter 320/390 Loss 0.0162 Top1 99.48 Top5 100.00
2025-12-19 09:44:04,551 - INFO  - [NUDE][TRAIN] Epoch 75/120 Iter 340/390 Loss 0.0158 Top1 99.49 Top5 100.00
2025-12-19 09:44:08,250 - INFO  - [NUDE][TRAIN] Epoch 75/120 Iter 360/390 Loss 0.0154 Top1 99.51 Top5 100.00
2025-12-19 09:44:12,216 - INFO  - [NUDE][TRAIN] Epoch 75/120 Iter 380/390 Loss 0.0154 Top1 99.50 Top5 100.00
2025-12-19 09:44:14,678 - INFO  - [NUDE] Validate: force max bit-width W/A = 6
2025-12-19 09:44:18,849 - INFO  - [NUDE][EPOCH] 75/120 Train: Top1=99.50 Top5=100.00 Loss=0.0156 | Val(EMA): Top1=94.06
2025-12-19 09:44:19,495 - INFO  - ([76] Epoch) Saving checkpoint to:
             Current: /root/autodl-tmp/retraining-free-quantization/training/resnet18_cifar10_nude_srqat_ls1em04/resnet18_cifar10_nude_srqat_ls1em04_checkpoint.pth.tar

2025-12-19 09:44:19,508 - INFO  - [NUDE] Epoch 76: force max bit-width W/A = 6
2025-12-19 09:44:23,531 - INFO  - [NUDE][TRAIN] Epoch 76/120 Iter 20/390 Loss 0.0103 Top1 99.73 Top5 100.00
2025-12-19 09:44:27,934 - INFO  - [NUDE][TRAIN] Epoch 76/120 Iter 40/390 Loss 0.0126 Top1 99.63 Top5 100.00
2025-12-19 09:44:32,755 - INFO  - [NUDE][TRAIN] Epoch 76/120 Iter 60/390 Loss 0.0134 Top1 99.61 Top5 100.00
2025-12-19 09:44:36,292 - INFO  - [NUDE][TRAIN] Epoch 76/120 Iter 80/390 Loss 0.0142 Top1 99.56 Top5 100.00
2025-12-19 09:44:40,057 - INFO  - [NUDE][TRAIN] Epoch 76/120 Iter 100/390 Loss 0.0147 Top1 99.55 Top5 100.00
2025-12-19 09:44:45,111 - INFO  - [NUDE][TRAIN] Epoch 76/120 Iter 120/390 Loss 0.0152 Top1 99.51 Top5 100.00
2025-12-19 09:44:49,380 - INFO  - [NUDE][TRAIN] Epoch 76/120 Iter 140/390 Loss 0.0148 Top1 99.51 Top5 100.00
2025-12-19 09:44:53,005 - INFO  - [NUDE][TRAIN] Epoch 76/120 Iter 160/390 Loss 0.0148 Top1 99.51 Top5 100.00
2025-12-19 09:44:57,179 - INFO  - [NUDE][TRAIN] Epoch 76/120 Iter 180/390 Loss 0.0145 Top1 99.51 Top5 100.00
2025-12-19 09:45:02,175 - INFO  - [NUDE][TRAIN] Epoch 76/120 Iter 200/390 Loss 0.0149 Top1 99.51 Top5 100.00
2025-12-19 09:45:05,922 - INFO  - [NUDE][TRAIN] Epoch 76/120 Iter 220/390 Loss 0.0148 Top1 99.52 Top5 100.00
2025-12-19 09:45:09,621 - INFO  - [NUDE][TRAIN] Epoch 76/120 Iter 240/390 Loss 0.0148 Top1 99.52 Top5 100.00
2025-12-19 09:45:13,222 - INFO  - [NUDE][TRAIN] Epoch 76/120 Iter 260/390 Loss 0.0145 Top1 99.53 Top5 100.00
2025-12-19 09:45:16,909 - INFO  - [NUDE][TRAIN] Epoch 76/120 Iter 280/390 Loss 0.0147 Top1 99.52 Top5 100.00
2025-12-19 09:45:20,528 - INFO  - [NUDE][TRAIN] Epoch 76/120 Iter 300/390 Loss 0.0147 Top1 99.53 Top5 100.00
2025-12-19 09:45:24,254 - INFO  - [NUDE][TRAIN] Epoch 76/120 Iter 320/390 Loss 0.0145 Top1 99.53 Top5 100.00
2025-12-19 09:45:27,921 - INFO  - [NUDE][TRAIN] Epoch 76/120 Iter 340/390 Loss 0.0144 Top1 99.54 Top5 100.00
2025-12-19 09:45:31,648 - INFO  - [NUDE][TRAIN] Epoch 76/120 Iter 360/390 Loss 0.0142 Top1 99.54 Top5 100.00
2025-12-19 09:45:35,333 - INFO  - [NUDE][TRAIN] Epoch 76/120 Iter 380/390 Loss 0.0141 Top1 99.54 Top5 100.00
2025-12-19 09:45:37,200 - INFO  - [NUDE] Validate: force max bit-width W/A = 6
2025-12-19 09:45:39,526 - INFO  - [NUDE][EPOCH] 76/120 Train: Top1=99.54 Top5=100.00 Loss=0.0141 | Val(EMA): Top1=94.02
2025-12-19 09:45:40,234 - INFO  - ([77] Epoch) Saving checkpoint to:
             Current: /root/autodl-tmp/retraining-free-quantization/training/resnet18_cifar10_nude_srqat_ls1em04/resnet18_cifar10_nude_srqat_ls1em04_checkpoint.pth.tar

2025-12-19 09:45:40,245 - INFO  - [NUDE] Epoch 77: force max bit-width W/A = 6
2025-12-19 09:45:44,225 - INFO  - [NUDE][TRAIN] Epoch 77/120 Iter 20/390 Loss 0.0083 Top1 99.77 Top5 100.00
2025-12-19 09:45:47,882 - INFO  - [NUDE][TRAIN] Epoch 77/120 Iter 40/390 Loss 0.0111 Top1 99.65 Top5 100.00
2025-12-19 09:45:51,613 - INFO  - [NUDE][TRAIN] Epoch 77/120 Iter 60/390 Loss 0.0107 Top1 99.65 Top5 100.00
2025-12-19 09:45:55,222 - INFO  - [NUDE][TRAIN] Epoch 77/120 Iter 80/390 Loss 0.0101 Top1 99.68 Top5 100.00
2025-12-19 09:45:59,034 - INFO  - [NUDE][TRAIN] Epoch 77/120 Iter 100/390 Loss 0.0098 Top1 99.69 Top5 100.00
2025-12-19 09:46:02,751 - INFO  - [NUDE][TRAIN] Epoch 77/120 Iter 120/390 Loss 0.0104 Top1 99.67 Top5 100.00
2025-12-19 09:46:06,367 - INFO  - [NUDE][TRAIN] Epoch 77/120 Iter 140/390 Loss 0.0110 Top1 99.65 Top5 100.00
2025-12-19 09:46:10,093 - INFO  - [NUDE][TRAIN] Epoch 77/120 Iter 160/390 Loss 0.0112 Top1 99.65 Top5 100.00
2025-12-19 09:46:13,688 - INFO  - [NUDE][TRAIN] Epoch 77/120 Iter 180/390 Loss 0.0120 Top1 99.62 Top5 100.00
2025-12-19 09:46:17,393 - INFO  - [NUDE][TRAIN] Epoch 77/120 Iter 200/390 Loss 0.0123 Top1 99.61 Top5 100.00
2025-12-19 09:46:20,983 - INFO  - [NUDE][TRAIN] Epoch 77/120 Iter 220/390 Loss 0.0128 Top1 99.58 Top5 100.00
2025-12-19 09:46:24,757 - INFO  - [NUDE][TRAIN] Epoch 77/120 Iter 240/390 Loss 0.0135 Top1 99.55 Top5 100.00
2025-12-19 09:46:28,747 - INFO  - [NUDE][TRAIN] Epoch 77/120 Iter 260/390 Loss 0.0139 Top1 99.55 Top5 100.00
2025-12-19 09:46:32,420 - INFO  - [NUDE][TRAIN] Epoch 77/120 Iter 280/390 Loss 0.0142 Top1 99.54 Top5 100.00
2025-12-19 09:46:36,045 - INFO  - [NUDE][TRAIN] Epoch 77/120 Iter 300/390 Loss 0.0146 Top1 99.52 Top5 100.00
2025-12-19 09:46:39,744 - INFO  - [NUDE][TRAIN] Epoch 77/120 Iter 320/390 Loss 0.0151 Top1 99.50 Top5 100.00
2025-12-19 09:46:43,346 - INFO  - [NUDE][TRAIN] Epoch 77/120 Iter 340/390 Loss 0.0151 Top1 99.49 Top5 100.00
2025-12-19 09:46:47,001 - INFO  - [NUDE][TRAIN] Epoch 77/120 Iter 360/390 Loss 0.0152 Top1 99.48 Top5 100.00
2025-12-19 09:46:50,704 - INFO  - [NUDE][TRAIN] Epoch 77/120 Iter 380/390 Loss 0.0157 Top1 99.46 Top5 100.00
2025-12-19 09:46:52,551 - INFO  - [NUDE] Validate: force max bit-width W/A = 6
2025-12-19 09:46:54,879 - INFO  - [NUDE][EPOCH] 77/120 Train: Top1=99.46 Top5=100.00 Loss=0.0158 | Val(EMA): Top1=94.12
2025-12-19 09:46:55,585 - INFO  - ([78] Epoch) Saving checkpoint to:
             Current: /root/autodl-tmp/retraining-free-quantization/training/resnet18_cifar10_nude_srqat_ls1em04/resnet18_cifar10_nude_srqat_ls1em04_checkpoint.pth.tar

2025-12-19 09:46:55,596 - INFO  - [NUDE] Epoch 78: force max bit-width W/A = 6
2025-12-19 09:46:59,561 - INFO  - [NUDE][TRAIN] Epoch 78/120 Iter 20/390 Loss 0.0131 Top1 99.53 Top5 100.00
2025-12-19 09:47:03,163 - INFO  - [NUDE][TRAIN] Epoch 78/120 Iter 40/390 Loss 0.0159 Top1 99.41 Top5 100.00
2025-12-19 09:47:06,810 - INFO  - [NUDE][TRAIN] Epoch 78/120 Iter 60/390 Loss 0.0158 Top1 99.40 Top5 100.00
2025-12-19 09:47:10,387 - INFO  - [NUDE][TRAIN] Epoch 78/120 Iter 80/390 Loss 0.0156 Top1 99.42 Top5 100.00
2025-12-19 09:47:14,067 - INFO  - [NUDE][TRAIN] Epoch 78/120 Iter 100/390 Loss 0.0161 Top1 99.41 Top5 100.00
2025-12-19 09:47:17,636 - INFO  - [NUDE][TRAIN] Epoch 78/120 Iter 120/390 Loss 0.0152 Top1 99.44 Top5 100.00
2025-12-19 09:47:21,503 - INFO  - [NUDE][TRAIN] Epoch 78/120 Iter 140/390 Loss 0.0150 Top1 99.45 Top5 100.00
2025-12-19 09:47:25,206 - INFO  - [NUDE][TRAIN] Epoch 78/120 Iter 160/390 Loss 0.0152 Top1 99.44 Top5 100.00
2025-12-19 09:47:28,790 - INFO  - [NUDE][TRAIN] Epoch 78/120 Iter 180/390 Loss 0.0152 Top1 99.44 Top5 100.00
2025-12-19 09:47:32,567 - INFO  - [NUDE][TRAIN] Epoch 78/120 Iter 200/390 Loss 0.0157 Top1 99.43 Top5 100.00
2025-12-19 09:47:36,187 - INFO  - [NUDE][TRAIN] Epoch 78/120 Iter 220/390 Loss 0.0152 Top1 99.45 Top5 100.00
2025-12-19 09:47:39,908 - INFO  - [NUDE][TRAIN] Epoch 78/120 Iter 240/390 Loss 0.0155 Top1 99.44 Top5 100.00
2025-12-19 09:47:43,522 - INFO  - [NUDE][TRAIN] Epoch 78/120 Iter 260/390 Loss 0.0152 Top1 99.45 Top5 100.00
2025-12-19 09:47:47,212 - INFO  - [NUDE][TRAIN] Epoch 78/120 Iter 280/390 Loss 0.0155 Top1 99.43 Top5 100.00
2025-12-19 09:47:50,854 - INFO  - [NUDE][TRAIN] Epoch 78/120 Iter 300/390 Loss 0.0159 Top1 99.41 Top5 100.00
2025-12-19 09:47:54,459 - INFO  - [NUDE][TRAIN] Epoch 78/120 Iter 320/390 Loss 0.0159 Top1 99.42 Top5 100.00
2025-12-19 09:47:57,946 - INFO  - [NUDE][TRAIN] Epoch 78/120 Iter 340/390 Loss 0.0160 Top1 99.42 Top5 100.00
2025-12-19 09:48:01,586 - INFO  - [NUDE][TRAIN] Epoch 78/120 Iter 360/390 Loss 0.0160 Top1 99.42 Top5 100.00
2025-12-19 09:48:05,205 - INFO  - [NUDE][TRAIN] Epoch 78/120 Iter 380/390 Loss 0.0159 Top1 99.42 Top5 100.00
2025-12-19 09:48:07,008 - INFO  - [NUDE] Validate: force max bit-width W/A = 6
2025-12-19 09:48:09,323 - INFO  - [NUDE][EPOCH] 78/120 Train: Top1=99.41 Top5=100.00 Loss=0.0160 | Val(EMA): Top1=94.10
2025-12-19 09:48:09,950 - INFO  - ([79] Epoch) Saving checkpoint to:
             Current: /root/autodl-tmp/retraining-free-quantization/training/resnet18_cifar10_nude_srqat_ls1em04/resnet18_cifar10_nude_srqat_ls1em04_checkpoint.pth.tar

2025-12-19 09:48:09,962 - INFO  - [NUDE] Epoch 79: force max bit-width W/A = 6
2025-12-19 09:48:13,925 - INFO  - [NUDE][TRAIN] Epoch 79/120 Iter 20/390 Loss 0.0171 Top1 99.57 Top5 100.00
2025-12-19 09:48:17,555 - INFO  - [NUDE][TRAIN] Epoch 79/120 Iter 40/390 Loss 0.0139 Top1 99.63 Top5 100.00
2025-12-19 09:48:21,283 - INFO  - [NUDE][TRAIN] Epoch 79/120 Iter 60/390 Loss 0.0140 Top1 99.57 Top5 100.00
2025-12-19 09:48:24,892 - INFO  - [NUDE][TRAIN] Epoch 79/120 Iter 80/390 Loss 0.0121 Top1 99.63 Top5 100.00
2025-12-19 09:48:28,474 - INFO  - [NUDE][TRAIN] Epoch 79/120 Iter 100/390 Loss 0.0121 Top1 99.62 Top5 100.00
2025-12-19 09:48:31,935 - INFO  - [NUDE][TRAIN] Epoch 79/120 Iter 120/390 Loss 0.0122 Top1 99.62 Top5 100.00
2025-12-19 09:48:35,506 - INFO  - [NUDE][TRAIN] Epoch 79/120 Iter 140/390 Loss 0.0119 Top1 99.64 Top5 100.00
2025-12-19 09:48:39,088 - INFO  - [NUDE][TRAIN] Epoch 79/120 Iter 160/390 Loss 0.0115 Top1 99.66 Top5 100.00
2025-12-19 09:48:42,672 - INFO  - [NUDE][TRAIN] Epoch 79/120 Iter 180/390 Loss 0.0116 Top1 99.64 Top5 100.00
2025-12-19 09:48:46,309 - INFO  - [NUDE][TRAIN] Epoch 79/120 Iter 200/390 Loss 0.0123 Top1 99.63 Top5 100.00
2025-12-19 09:48:49,855 - INFO  - [NUDE][TRAIN] Epoch 79/120 Iter 220/390 Loss 0.0120 Top1 99.63 Top5 100.00
2025-12-19 09:48:53,455 - INFO  - [NUDE][TRAIN] Epoch 79/120 Iter 240/390 Loss 0.0121 Top1 99.63 Top5 100.00
2025-12-19 09:48:57,027 - INFO  - [NUDE][TRAIN] Epoch 79/120 Iter 260/390 Loss 0.0117 Top1 99.64 Top5 100.00
2025-12-19 09:49:00,626 - INFO  - [NUDE][TRAIN] Epoch 79/120 Iter 280/390 Loss 0.0113 Top1 99.65 Top5 100.00
2025-12-19 09:49:04,205 - INFO  - [NUDE][TRAIN] Epoch 79/120 Iter 300/390 Loss 0.0112 Top1 99.65 Top5 100.00
2025-12-19 09:49:07,800 - INFO  - [NUDE][TRAIN] Epoch 79/120 Iter 320/390 Loss 0.0110 Top1 99.66 Top5 100.00
2025-12-19 09:49:11,370 - INFO  - [NUDE][TRAIN] Epoch 79/120 Iter 340/390 Loss 0.0109 Top1 99.67 Top5 100.00
2025-12-19 09:49:14,995 - INFO  - [NUDE][TRAIN] Epoch 79/120 Iter 360/390 Loss 0.0108 Top1 99.67 Top5 100.00
2025-12-19 09:49:18,659 - INFO  - [NUDE][TRAIN] Epoch 79/120 Iter 380/390 Loss 0.0109 Top1 99.66 Top5 100.00
2025-12-19 09:49:20,521 - INFO  - [NUDE] Validate: force max bit-width W/A = 6
2025-12-19 09:49:22,836 - INFO  - [NUDE][EPOCH] 79/120 Train: Top1=99.65 Top5=100.00 Loss=0.0113 | Val(EMA): Top1=94.15
2025-12-19 09:49:23,464 - INFO  - ([80] Epoch) Saving checkpoint to:
             Current: /root/autodl-tmp/retraining-free-quantization/training/resnet18_cifar10_nude_srqat_ls1em04/resnet18_cifar10_nude_srqat_ls1em04_checkpoint.pth.tar

2025-12-19 09:49:23,475 - INFO  - [NUDE] Epoch 80: force max bit-width W/A = 6
2025-12-19 09:49:27,353 - INFO  - [NUDE][TRAIN] Epoch 80/120 Iter 20/390 Loss 0.0238 Top1 99.06 Top5 100.00
2025-12-19 09:49:30,968 - INFO  - [NUDE][TRAIN] Epoch 80/120 Iter 40/390 Loss 0.0159 Top1 99.39 Top5 100.00
2025-12-19 09:49:34,506 - INFO  - [NUDE][TRAIN] Epoch 80/120 Iter 60/390 Loss 0.0142 Top1 99.49 Top5 100.00
2025-12-19 09:49:38,061 - INFO  - [NUDE][TRAIN] Epoch 80/120 Iter 80/390 Loss 0.0138 Top1 99.52 Top5 100.00
2025-12-19 09:49:41,718 - INFO  - [NUDE][TRAIN] Epoch 80/120 Iter 100/390 Loss 0.0139 Top1 99.50 Top5 100.00
2025-12-19 09:49:45,375 - INFO  - [NUDE][TRAIN] Epoch 80/120 Iter 120/390 Loss 0.0153 Top1 99.49 Top5 100.00
2025-12-19 09:49:48,903 - INFO  - [NUDE][TRAIN] Epoch 80/120 Iter 140/390 Loss 0.0152 Top1 99.50 Top5 100.00
2025-12-19 09:49:52,544 - INFO  - [NUDE][TRAIN] Epoch 80/120 Iter 160/390 Loss 0.0144 Top1 99.52 Top5 100.00
2025-12-19 09:49:56,033 - INFO  - [NUDE][TRAIN] Epoch 80/120 Iter 180/390 Loss 0.0139 Top1 99.54 Top5 100.00
2025-12-19 09:49:59,741 - INFO  - [NUDE][TRAIN] Epoch 80/120 Iter 200/390 Loss 0.0140 Top1 99.56 Top5 100.00
2025-12-19 09:50:03,306 - INFO  - [NUDE][TRAIN] Epoch 80/120 Iter 220/390 Loss 0.0136 Top1 99.57 Top5 100.00
2025-12-19 09:50:06,915 - INFO  - [NUDE][TRAIN] Epoch 80/120 Iter 240/390 Loss 0.0133 Top1 99.56 Top5 100.00
2025-12-19 09:50:10,524 - INFO  - [NUDE][TRAIN] Epoch 80/120 Iter 260/390 Loss 0.0129 Top1 99.58 Top5 100.00
2025-12-19 09:50:14,269 - INFO  - [NUDE][TRAIN] Epoch 80/120 Iter 280/390 Loss 0.0131 Top1 99.57 Top5 100.00
2025-12-19 09:50:17,788 - INFO  - [NUDE][TRAIN] Epoch 80/120 Iter 300/390 Loss 0.0129 Top1 99.57 Top5 100.00
2025-12-19 09:50:21,450 - INFO  - [NUDE][TRAIN] Epoch 80/120 Iter 320/390 Loss 0.0129 Top1 99.57 Top5 100.00
2025-12-19 09:50:25,155 - INFO  - [NUDE][TRAIN] Epoch 80/120 Iter 340/390 Loss 0.0127 Top1 99.58 Top5 100.00
2025-12-19 09:50:28,738 - INFO  - [NUDE][TRAIN] Epoch 80/120 Iter 360/390 Loss 0.0125 Top1 99.58 Top5 100.00
2025-12-19 09:50:32,429 - INFO  - [NUDE][TRAIN] Epoch 80/120 Iter 380/390 Loss 0.0125 Top1 99.58 Top5 100.00
2025-12-19 09:50:34,254 - INFO  - [NUDE] Validate: force max bit-width W/A = 6
2025-12-19 09:50:36,692 - INFO  - [NUDE][EPOCH] 80/120 Train: Top1=99.57 Top5=100.00 Loss=0.0126 | Val(EMA): Top1=94.08
2025-12-19 09:50:37,387 - INFO  - ([81] Epoch) Saving checkpoint to:
             Current: /root/autodl-tmp/retraining-free-quantization/training/resnet18_cifar10_nude_srqat_ls1em04/resnet18_cifar10_nude_srqat_ls1em04_checkpoint.pth.tar

2025-12-19 09:50:37,398 - INFO  - [NUDE] Epoch 81: force max bit-width W/A = 6
2025-12-19 09:50:41,321 - INFO  - [NUDE][TRAIN] Epoch 81/120 Iter 20/390 Loss 0.0067 Top1 99.69 Top5 100.00
2025-12-19 09:50:44,909 - INFO  - [NUDE][TRAIN] Epoch 81/120 Iter 40/390 Loss 0.0075 Top1 99.71 Top5 100.00
2025-12-19 09:50:48,671 - INFO  - [NUDE][TRAIN] Epoch 81/120 Iter 60/390 Loss 0.0077 Top1 99.70 Top5 100.00
2025-12-19 09:50:52,203 - INFO  - [NUDE][TRAIN] Epoch 81/120 Iter 80/390 Loss 0.0088 Top1 99.73 Top5 99.99
2025-12-19 09:50:55,851 - INFO  - [NUDE][TRAIN] Epoch 81/120 Iter 100/390 Loss 0.0094 Top1 99.71 Top5 99.99
2025-12-19 09:50:59,527 - INFO  - [NUDE][TRAIN] Epoch 81/120 Iter 120/390 Loss 0.0098 Top1 99.68 Top5 99.99
2025-12-19 09:51:03,048 - INFO  - [NUDE][TRAIN] Epoch 81/120 Iter 140/390 Loss 0.0092 Top1 99.72 Top5 99.99
2025-12-19 09:51:06,673 - INFO  - [NUDE][TRAIN] Epoch 81/120 Iter 160/390 Loss 0.0094 Top1 99.71 Top5 100.00
2025-12-19 09:51:10,222 - INFO  - [NUDE][TRAIN] Epoch 81/120 Iter 180/390 Loss 0.0095 Top1 99.70 Top5 100.00
2025-12-19 09:51:13,913 - INFO  - [NUDE][TRAIN] Epoch 81/120 Iter 200/390 Loss 0.0090 Top1 99.72 Top5 100.00
2025-12-19 09:51:17,495 - INFO  - [NUDE][TRAIN] Epoch 81/120 Iter 220/390 Loss 0.0091 Top1 99.72 Top5 100.00
2025-12-19 09:51:21,203 - INFO  - [NUDE][TRAIN] Epoch 81/120 Iter 240/390 Loss 0.0092 Top1 99.71 Top5 100.00
2025-12-19 09:51:24,830 - INFO  - [NUDE][TRAIN] Epoch 81/120 Iter 260/390 Loss 0.0089 Top1 99.72 Top5 100.00
2025-12-19 09:51:28,542 - INFO  - [NUDE][TRAIN] Epoch 81/120 Iter 280/390 Loss 0.0092 Top1 99.71 Top5 100.00
2025-12-19 09:51:32,143 - INFO  - [NUDE][TRAIN] Epoch 81/120 Iter 300/390 Loss 0.0092 Top1 99.71 Top5 100.00
2025-12-19 09:51:35,871 - INFO  - [NUDE][TRAIN] Epoch 81/120 Iter 320/390 Loss 0.0092 Top1 99.71 Top5 100.00
2025-12-19 09:51:39,481 - INFO  - [NUDE][TRAIN] Epoch 81/120 Iter 340/390 Loss 0.0090 Top1 99.72 Top5 100.00
2025-12-19 09:51:43,232 - INFO  - [NUDE][TRAIN] Epoch 81/120 Iter 360/390 Loss 0.0089 Top1 99.72 Top5 100.00
2025-12-19 09:51:46,930 - INFO  - [NUDE][TRAIN] Epoch 81/120 Iter 380/390 Loss 0.0089 Top1 99.72 Top5 100.00
2025-12-19 09:51:48,764 - INFO  - [NUDE] Validate: force max bit-width W/A = 6
2025-12-19 09:51:51,112 - INFO  - [NUDE][EPOCH] 81/120 Train: Top1=99.72 Top5=100.00 Loss=0.0089 | Val(EMA): Top1=94.19
2025-12-19 09:51:51,739 - INFO  - ([82] Epoch) Saving checkpoint to:
             Current: /root/autodl-tmp/retraining-free-quantization/training/resnet18_cifar10_nude_srqat_ls1em04/resnet18_cifar10_nude_srqat_ls1em04_checkpoint.pth.tar

2025-12-19 09:51:51,750 - INFO  - [NUDE] Epoch 82: force max bit-width W/A = 6
2025-12-19 09:51:55,857 - INFO  - [NUDE][TRAIN] Epoch 82/120 Iter 20/390 Loss 0.0063 Top1 99.73 Top5 100.00
2025-12-19 09:51:59,441 - INFO  - [NUDE][TRAIN] Epoch 82/120 Iter 40/390 Loss 0.0048 Top1 99.80 Top5 100.00
2025-12-19 09:52:03,086 - INFO  - [NUDE][TRAIN] Epoch 82/120 Iter 60/390 Loss 0.0049 Top1 99.82 Top5 100.00
2025-12-19 09:52:06,919 - INFO  - [NUDE][TRAIN] Epoch 82/120 Iter 80/390 Loss 0.0054 Top1 99.82 Top5 100.00
2025-12-19 09:52:11,647 - INFO  - [NUDE][TRAIN] Epoch 82/120 Iter 100/390 Loss 0.0064 Top1 99.79 Top5 100.00
2025-12-19 09:52:15,644 - INFO  - [NUDE][TRAIN] Epoch 82/120 Iter 120/390 Loss 0.0063 Top1 99.79 Top5 100.00
2025-12-19 09:52:19,325 - INFO  - [NUDE][TRAIN] Epoch 82/120 Iter 140/390 Loss 0.0070 Top1 99.76 Top5 100.00
2025-12-19 09:52:23,114 - INFO  - [NUDE][TRAIN] Epoch 82/120 Iter 160/390 Loss 0.0074 Top1 99.74 Top5 100.00
2025-12-19 09:52:26,793 - INFO  - [NUDE][TRAIN] Epoch 82/120 Iter 180/390 Loss 0.0076 Top1 99.74 Top5 100.00
2025-12-19 09:52:30,526 - INFO  - [NUDE][TRAIN] Epoch 82/120 Iter 200/390 Loss 0.0073 Top1 99.76 Top5 100.00
2025-12-19 09:52:34,164 - INFO  - [NUDE][TRAIN] Epoch 82/120 Iter 220/390 Loss 0.0073 Top1 99.75 Top5 100.00
2025-12-19 09:52:37,872 - INFO  - [NUDE][TRAIN] Epoch 82/120 Iter 240/390 Loss 0.0069 Top1 99.77 Top5 100.00
2025-12-19 09:52:41,547 - INFO  - [NUDE][TRAIN] Epoch 82/120 Iter 260/390 Loss 0.0071 Top1 99.75 Top5 100.00
2025-12-19 09:52:45,249 - INFO  - [NUDE][TRAIN] Epoch 82/120 Iter 280/390 Loss 0.0072 Top1 99.75 Top5 100.00
2025-12-19 09:52:48,821 - INFO  - [NUDE][TRAIN] Epoch 82/120 Iter 300/390 Loss 0.0072 Top1 99.75 Top5 100.00
2025-12-19 09:52:52,490 - INFO  - [NUDE][TRAIN] Epoch 82/120 Iter 320/390 Loss 0.0072 Top1 99.75 Top5 100.00
2025-12-19 09:52:56,097 - INFO  - [NUDE][TRAIN] Epoch 82/120 Iter 340/390 Loss 0.0072 Top1 99.75 Top5 100.00
2025-12-19 09:52:59,779 - INFO  - [NUDE][TRAIN] Epoch 82/120 Iter 360/390 Loss 0.0073 Top1 99.75 Top5 100.00
2025-12-19 09:53:03,496 - INFO  - [NUDE][TRAIN] Epoch 82/120 Iter 380/390 Loss 0.0073 Top1 99.75 Top5 100.00
2025-12-19 09:53:05,355 - INFO  - [NUDE] Validate: force max bit-width W/A = 6
2025-12-19 09:53:07,772 - INFO  - [NUDE][EPOCH] 82/120 Train: Top1=99.75 Top5=100.00 Loss=0.0073 | Val(EMA): Top1=94.13
2025-12-19 09:53:08,405 - INFO  - ([83] Epoch) Saving checkpoint to:
             Current: /root/autodl-tmp/retraining-free-quantization/training/resnet18_cifar10_nude_srqat_ls1em04/resnet18_cifar10_nude_srqat_ls1em04_checkpoint.pth.tar

2025-12-19 09:53:08,415 - INFO  - [NUDE] Epoch 83: force max bit-width W/A = 6
2025-12-19 09:53:12,369 - INFO  - [NUDE][TRAIN] Epoch 83/120 Iter 20/390 Loss 0.0060 Top1 99.77 Top5 100.00
2025-12-19 09:53:15,975 - INFO  - [NUDE][TRAIN] Epoch 83/120 Iter 40/390 Loss 0.0063 Top1 99.77 Top5 100.00
2025-12-19 09:53:19,615 - INFO  - [NUDE][TRAIN] Epoch 83/120 Iter 60/390 Loss 0.0065 Top1 99.78 Top5 100.00
2025-12-19 09:53:23,177 - INFO  - [NUDE][TRAIN] Epoch 83/120 Iter 80/390 Loss 0.0063 Top1 99.79 Top5 100.00
2025-12-19 09:53:26,952 - INFO  - [NUDE][TRAIN] Epoch 83/120 Iter 100/390 Loss 0.0060 Top1 99.80 Top5 100.00
2025-12-19 09:53:30,633 - INFO  - [NUDE][TRAIN] Epoch 83/120 Iter 120/390 Loss 0.0059 Top1 99.81 Top5 100.00
2025-12-19 09:53:34,345 - INFO  - [NUDE][TRAIN] Epoch 83/120 Iter 140/390 Loss 0.0061 Top1 99.79 Top5 100.00
2025-12-19 09:53:38,044 - INFO  - [NUDE][TRAIN] Epoch 83/120 Iter 160/390 Loss 0.0058 Top1 99.81 Top5 100.00
2025-12-19 09:53:41,615 - INFO  - [NUDE][TRAIN] Epoch 83/120 Iter 180/390 Loss 0.0056 Top1 99.82 Top5 100.00
2025-12-19 09:53:45,522 - INFO  - [NUDE][TRAIN] Epoch 83/120 Iter 200/390 Loss 0.0055 Top1 99.82 Top5 100.00
2025-12-19 09:53:49,036 - INFO  - [NUDE][TRAIN] Epoch 83/120 Iter 220/390 Loss 0.0054 Top1 99.82 Top5 100.00
2025-12-19 09:53:52,673 - INFO  - [NUDE][TRAIN] Epoch 83/120 Iter 240/390 Loss 0.0057 Top1 99.82 Top5 100.00
2025-12-19 09:53:56,131 - INFO  - [NUDE][TRAIN] Epoch 83/120 Iter 260/390 Loss 0.0056 Top1 99.83 Top5 100.00
2025-12-19 09:53:59,671 - INFO  - [NUDE][TRAIN] Epoch 83/120 Iter 280/390 Loss 0.0057 Top1 99.82 Top5 100.00
2025-12-19 09:54:03,239 - INFO  - [NUDE][TRAIN] Epoch 83/120 Iter 300/390 Loss 0.0059 Top1 99.82 Top5 100.00
2025-12-19 09:54:06,835 - INFO  - [NUDE][TRAIN] Epoch 83/120 Iter 320/390 Loss 0.0058 Top1 99.82 Top5 100.00
2025-12-19 09:54:10,647 - INFO  - [NUDE][TRAIN] Epoch 83/120 Iter 340/390 Loss 0.0059 Top1 99.81 Top5 100.00
2025-12-19 09:54:14,261 - INFO  - [NUDE][TRAIN] Epoch 83/120 Iter 360/390 Loss 0.0059 Top1 99.81 Top5 100.00
2025-12-19 09:54:17,870 - INFO  - [NUDE][TRAIN] Epoch 83/120 Iter 380/390 Loss 0.0059 Top1 99.82 Top5 100.00
2025-12-19 09:54:19,659 - INFO  - [NUDE] Validate: force max bit-width W/A = 6
2025-12-19 09:54:22,018 - INFO  - [NUDE][EPOCH] 83/120 Train: Top1=99.82 Top5=100.00 Loss=0.0058 | Val(EMA): Top1=94.24
2025-12-19 09:54:22,656 - INFO  - ([84] Epoch) Saving checkpoint to:
             Current: /root/autodl-tmp/retraining-free-quantization/training/resnet18_cifar10_nude_srqat_ls1em04/resnet18_cifar10_nude_srqat_ls1em04_checkpoint.pth.tar

2025-12-19 09:54:22,667 - INFO  - [NUDE] Epoch 84: force max bit-width W/A = 6
2025-12-19 09:54:26,545 - INFO  - [NUDE][TRAIN] Epoch 84/120 Iter 20/390 Loss 0.0035 Top1 99.92 Top5 100.00
2025-12-19 09:54:30,855 - INFO  - [NUDE][TRAIN] Epoch 84/120 Iter 40/390 Loss 0.0042 Top1 99.86 Top5 100.00
2025-12-19 09:54:34,408 - INFO  - [NUDE][TRAIN] Epoch 84/120 Iter 60/390 Loss 0.0038 Top1 99.90 Top5 100.00
2025-12-19 09:54:37,931 - INFO  - [NUDE][TRAIN] Epoch 84/120 Iter 80/390 Loss 0.0041 Top1 99.87 Top5 100.00
2025-12-19 09:54:41,553 - INFO  - [NUDE][TRAIN] Epoch 84/120 Iter 100/390 Loss 0.0038 Top1 99.89 Top5 100.00
2025-12-19 09:54:45,188 - INFO  - [NUDE][TRAIN] Epoch 84/120 Iter 120/390 Loss 0.0042 Top1 99.87 Top5 100.00
2025-12-19 09:54:48,740 - INFO  - [NUDE][TRAIN] Epoch 84/120 Iter 140/390 Loss 0.0042 Top1 99.87 Top5 100.00
2025-12-19 09:54:52,332 - INFO  - [NUDE][TRAIN] Epoch 84/120 Iter 160/390 Loss 0.0045 Top1 99.86 Top5 100.00
2025-12-19 09:54:55,898 - INFO  - [NUDE][TRAIN] Epoch 84/120 Iter 180/390 Loss 0.0044 Top1 99.87 Top5 100.00
2025-12-19 09:54:59,500 - INFO  - [NUDE][TRAIN] Epoch 84/120 Iter 200/390 Loss 0.0045 Top1 99.86 Top5 100.00
2025-12-19 09:55:02,996 - INFO  - [NUDE][TRAIN] Epoch 84/120 Iter 220/390 Loss 0.0046 Top1 99.87 Top5 100.00
2025-12-19 09:55:06,641 - INFO  - [NUDE][TRAIN] Epoch 84/120 Iter 240/390 Loss 0.0046 Top1 99.87 Top5 100.00
2025-12-19 09:55:10,172 - INFO  - [NUDE][TRAIN] Epoch 84/120 Iter 260/390 Loss 0.0047 Top1 99.86 Top5 100.00
2025-12-19 09:55:13,795 - INFO  - [NUDE][TRAIN] Epoch 84/120 Iter 280/390 Loss 0.0047 Top1 99.86 Top5 100.00
2025-12-19 09:55:17,311 - INFO  - [NUDE][TRAIN] Epoch 84/120 Iter 300/390 Loss 0.0049 Top1 99.85 Top5 100.00
2025-12-19 09:55:20,920 - INFO  - [NUDE][TRAIN] Epoch 84/120 Iter 320/390 Loss 0.0051 Top1 99.85 Top5 100.00
2025-12-19 09:55:24,447 - INFO  - [NUDE][TRAIN] Epoch 84/120 Iter 340/390 Loss 0.0051 Top1 99.85 Top5 100.00
2025-12-19 09:55:28,068 - INFO  - [NUDE][TRAIN] Epoch 84/120 Iter 360/390 Loss 0.0054 Top1 99.85 Top5 100.00
2025-12-19 09:55:31,689 - INFO  - [NUDE][TRAIN] Epoch 84/120 Iter 380/390 Loss 0.0055 Top1 99.84 Top5 100.00
2025-12-19 09:55:33,483 - INFO  - [NUDE] Validate: force max bit-width W/A = 6
2025-12-19 09:55:35,780 - INFO  - [NUDE][EPOCH] 84/120 Train: Top1=99.84 Top5=100.00 Loss=0.0056 | Val(EMA): Top1=94.21
2025-12-19 09:55:36,394 - INFO  - ([85] Epoch) Saving checkpoint to:
             Current: /root/autodl-tmp/retraining-free-quantization/training/resnet18_cifar10_nude_srqat_ls1em04/resnet18_cifar10_nude_srqat_ls1em04_checkpoint.pth.tar

2025-12-19 09:55:36,405 - INFO  - [NUDE] Epoch 85: force max bit-width W/A = 6
2025-12-19 09:55:40,194 - INFO  - [NUDE][TRAIN] Epoch 85/120 Iter 20/390 Loss 0.0089 Top1 99.65 Top5 100.00
2025-12-19 09:55:43,740 - INFO  - [NUDE][TRAIN] Epoch 85/120 Iter 40/390 Loss 0.0063 Top1 99.79 Top5 100.00
2025-12-19 09:55:47,319 - INFO  - [NUDE][TRAIN] Epoch 85/120 Iter 60/390 Loss 0.0053 Top1 99.83 Top5 100.00
2025-12-19 09:55:50,804 - INFO  - [NUDE][TRAIN] Epoch 85/120 Iter 80/390 Loss 0.0060 Top1 99.82 Top5 100.00
2025-12-19 09:55:54,413 - INFO  - [NUDE][TRAIN] Epoch 85/120 Iter 100/390 Loss 0.0054 Top1 99.84 Top5 100.00
2025-12-19 09:55:58,108 - INFO  - [NUDE][TRAIN] Epoch 85/120 Iter 120/390 Loss 0.0055 Top1 99.84 Top5 100.00
2025-12-19 09:56:01,694 - INFO  - [NUDE][TRAIN] Epoch 85/120 Iter 140/390 Loss 0.0051 Top1 99.84 Top5 100.00
2025-12-19 09:56:05,340 - INFO  - [NUDE][TRAIN] Epoch 85/120 Iter 160/390 Loss 0.0050 Top1 99.85 Top5 100.00
2025-12-19 09:56:08,839 - INFO  - [NUDE][TRAIN] Epoch 85/120 Iter 180/390 Loss 0.0050 Top1 99.84 Top5 100.00
2025-12-19 09:56:12,522 - INFO  - [NUDE][TRAIN] Epoch 85/120 Iter 200/390 Loss 0.0052 Top1 99.84 Top5 100.00
2025-12-19 09:56:16,089 - INFO  - [NUDE][TRAIN] Epoch 85/120 Iter 220/390 Loss 0.0053 Top1 99.84 Top5 100.00
2025-12-19 09:56:19,818 - INFO  - [NUDE][TRAIN] Epoch 85/120 Iter 240/390 Loss 0.0053 Top1 99.85 Top5 100.00
2025-12-19 09:56:23,430 - INFO  - [NUDE][TRAIN] Epoch 85/120 Iter 260/390 Loss 0.0052 Top1 99.84 Top5 100.00
2025-12-19 09:56:27,211 - INFO  - [NUDE][TRAIN] Epoch 85/120 Iter 280/390 Loss 0.0053 Top1 99.84 Top5 100.00
2025-12-19 09:56:30,787 - INFO  - [NUDE][TRAIN] Epoch 85/120 Iter 300/390 Loss 0.0053 Top1 99.84 Top5 100.00
2025-12-19 09:56:34,505 - INFO  - [NUDE][TRAIN] Epoch 85/120 Iter 320/390 Loss 0.0053 Top1 99.84 Top5 100.00
2025-12-19 09:56:38,143 - INFO  - [NUDE][TRAIN] Epoch 85/120 Iter 340/390 Loss 0.0055 Top1 99.83 Top5 100.00
2025-12-19 09:56:41,971 - INFO  - [NUDE][TRAIN] Epoch 85/120 Iter 360/390 Loss 0.0053 Top1 99.84 Top5 100.00
2025-12-19 09:56:45,686 - INFO  - [NUDE][TRAIN] Epoch 85/120 Iter 380/390 Loss 0.0052 Top1 99.84 Top5 100.00
2025-12-19 09:56:47,495 - INFO  - [NUDE] Validate: force max bit-width W/A = 6
2025-12-19 09:56:50,046 - INFO  - [NUDE][EPOCH] 85/120 Train: Top1=99.85 Top5=100.00 Loss=0.0053 | Val(EMA): Top1=94.22
2025-12-19 09:56:50,652 - INFO  - ([86] Epoch) Saving checkpoint to:
             Current: /root/autodl-tmp/retraining-free-quantization/training/resnet18_cifar10_nude_srqat_ls1em04/resnet18_cifar10_nude_srqat_ls1em04_checkpoint.pth.tar

2025-12-19 09:56:50,662 - INFO  - [NUDE] Epoch 86: force max bit-width W/A = 6
2025-12-19 09:56:54,613 - INFO  - [NUDE][TRAIN] Epoch 86/120 Iter 20/390 Loss 0.0053 Top1 99.84 Top5 100.00
2025-12-19 09:56:58,222 - INFO  - [NUDE][TRAIN] Epoch 86/120 Iter 40/390 Loss 0.0057 Top1 99.84 Top5 100.00
2025-12-19 09:57:01,923 - INFO  - [NUDE][TRAIN] Epoch 86/120 Iter 60/390 Loss 0.0045 Top1 99.88 Top5 100.00
2025-12-19 09:57:05,506 - INFO  - [NUDE][TRAIN] Epoch 86/120 Iter 80/390 Loss 0.0043 Top1 99.88 Top5 100.00
2025-12-19 09:57:09,198 - INFO  - [NUDE][TRAIN] Epoch 86/120 Iter 100/390 Loss 0.0042 Top1 99.88 Top5 100.00
2025-12-19 09:57:12,760 - INFO  - [NUDE][TRAIN] Epoch 86/120 Iter 120/390 Loss 0.0040 Top1 99.89 Top5 100.00
2025-12-19 09:57:16,755 - INFO  - [NUDE][TRAIN] Epoch 86/120 Iter 140/390 Loss 0.0050 Top1 99.87 Top5 100.00
2025-12-19 09:57:20,468 - INFO  - [NUDE][TRAIN] Epoch 86/120 Iter 160/390 Loss 0.0046 Top1 99.88 Top5 100.00
2025-12-19 09:57:24,110 - INFO  - [NUDE][TRAIN] Epoch 86/120 Iter 180/390 Loss 0.0046 Top1 99.89 Top5 100.00
2025-12-19 09:57:27,774 - INFO  - [NUDE][TRAIN] Epoch 86/120 Iter 200/390 Loss 0.0047 Top1 99.88 Top5 100.00
2025-12-19 09:57:31,364 - INFO  - [NUDE][TRAIN] Epoch 86/120 Iter 220/390 Loss 0.0045 Top1 99.89 Top5 100.00
2025-12-19 09:57:35,083 - INFO  - [NUDE][TRAIN] Epoch 86/120 Iter 240/390 Loss 0.0043 Top1 99.89 Top5 100.00
2025-12-19 09:57:38,701 - INFO  - [NUDE][TRAIN] Epoch 86/120 Iter 260/390 Loss 0.0042 Top1 99.89 Top5 100.00
2025-12-19 09:57:42,420 - INFO  - [NUDE][TRAIN] Epoch 86/120 Iter 280/390 Loss 0.0041 Top1 99.90 Top5 100.00
2025-12-19 09:57:45,996 - INFO  - [NUDE][TRAIN] Epoch 86/120 Iter 300/390 Loss 0.0041 Top1 99.90 Top5 100.00
2025-12-19 09:57:49,690 - INFO  - [NUDE][TRAIN] Epoch 86/120 Iter 320/390 Loss 0.0041 Top1 99.90 Top5 100.00
2025-12-19 09:57:53,233 - INFO  - [NUDE][TRAIN] Epoch 86/120 Iter 340/390 Loss 0.0041 Top1 99.90 Top5 100.00
2025-12-19 09:57:56,869 - INFO  - [NUDE][TRAIN] Epoch 86/120 Iter 360/390 Loss 0.0042 Top1 99.90 Top5 100.00
2025-12-19 09:58:00,504 - INFO  - [NUDE][TRAIN] Epoch 86/120 Iter 380/390 Loss 0.0042 Top1 99.89 Top5 100.00
2025-12-19 09:58:02,290 - INFO  - [NUDE] Validate: force max bit-width W/A = 6
2025-12-19 09:58:04,693 - INFO  - [NUDE][EPOCH] 86/120 Train: Top1=99.89 Top5=100.00 Loss=0.0042 | Val(EMA): Top1=94.20
2025-12-19 09:58:05,393 - INFO  - ([87] Epoch) Saving checkpoint to:
             Current: /root/autodl-tmp/retraining-free-quantization/training/resnet18_cifar10_nude_srqat_ls1em04/resnet18_cifar10_nude_srqat_ls1em04_checkpoint.pth.tar

2025-12-19 09:58:05,407 - INFO  - [NUDE] Epoch 87: force max bit-width W/A = 6
2025-12-19 09:58:09,362 - INFO  - [NUDE][TRAIN] Epoch 87/120 Iter 20/390 Loss 0.0038 Top1 99.84 Top5 100.00
2025-12-19 09:58:12,950 - INFO  - [NUDE][TRAIN] Epoch 87/120 Iter 40/390 Loss 0.0047 Top1 99.80 Top5 100.00
2025-12-19 09:58:16,701 - INFO  - [NUDE][TRAIN] Epoch 87/120 Iter 60/390 Loss 0.0052 Top1 99.79 Top5 100.00
2025-12-19 09:58:20,309 - INFO  - [NUDE][TRAIN] Epoch 87/120 Iter 80/390 Loss 0.0049 Top1 99.80 Top5 100.00
2025-12-19 09:58:24,112 - INFO  - [NUDE][TRAIN] Epoch 87/120 Iter 100/390 Loss 0.0050 Top1 99.81 Top5 100.00
2025-12-19 09:58:27,761 - INFO  - [NUDE][TRAIN] Epoch 87/120 Iter 120/390 Loss 0.0046 Top1 99.83 Top5 100.00
2025-12-19 09:58:31,495 - INFO  - [NUDE][TRAIN] Epoch 87/120 Iter 140/390 Loss 0.0044 Top1 99.83 Top5 100.00
2025-12-19 09:58:35,188 - INFO  - [NUDE][TRAIN] Epoch 87/120 Iter 160/390 Loss 0.0042 Top1 99.84 Top5 100.00
2025-12-19 09:58:38,721 - INFO  - [NUDE][TRAIN] Epoch 87/120 Iter 180/390 Loss 0.0040 Top1 99.85 Top5 100.00
2025-12-19 09:58:42,385 - INFO  - [NUDE][TRAIN] Epoch 87/120 Iter 200/390 Loss 0.0041 Top1 99.84 Top5 100.00
2025-12-19 09:58:45,892 - INFO  - [NUDE][TRAIN] Epoch 87/120 Iter 220/390 Loss 0.0039 Top1 99.85 Top5 100.00
2025-12-19 09:58:49,592 - INFO  - [NUDE][TRAIN] Epoch 87/120 Iter 240/390 Loss 0.0038 Top1 99.87 Top5 100.00
2025-12-19 09:58:53,167 - INFO  - [NUDE][TRAIN] Epoch 87/120 Iter 260/390 Loss 0.0037 Top1 99.86 Top5 100.00
2025-12-19 09:58:56,869 - INFO  - [NUDE][TRAIN] Epoch 87/120 Iter 280/390 Loss 0.0037 Top1 99.87 Top5 100.00
2025-12-19 09:59:00,444 - INFO  - [NUDE][TRAIN] Epoch 87/120 Iter 300/390 Loss 0.0038 Top1 99.86 Top5 100.00
2025-12-19 09:59:04,261 - INFO  - [NUDE][TRAIN] Epoch 87/120 Iter 320/390 Loss 0.0036 Top1 99.87 Top5 100.00
2025-12-19 09:59:07,806 - INFO  - [NUDE][TRAIN] Epoch 87/120 Iter 340/390 Loss 0.0035 Top1 99.88 Top5 100.00
2025-12-19 09:59:11,486 - INFO  - [NUDE][TRAIN] Epoch 87/120 Iter 360/390 Loss 0.0036 Top1 99.88 Top5 100.00
2025-12-19 09:59:15,130 - INFO  - [NUDE][TRAIN] Epoch 87/120 Iter 380/390 Loss 0.0036 Top1 99.88 Top5 100.00
2025-12-19 09:59:16,925 - INFO  - [NUDE] Validate: force max bit-width W/A = 6
2025-12-19 09:59:19,278 - INFO  - [NUDE][EPOCH] 87/120 Train: Top1=99.88 Top5=100.00 Loss=0.0036 | Val(EMA): Top1=94.18
2025-12-19 09:59:19,905 - INFO  - ([88] Epoch) Saving checkpoint to:
             Current: /root/autodl-tmp/retraining-free-quantization/training/resnet18_cifar10_nude_srqat_ls1em04/resnet18_cifar10_nude_srqat_ls1em04_checkpoint.pth.tar

2025-12-19 09:59:19,916 - INFO  - [NUDE] Epoch 88: force max bit-width W/A = 6
2025-12-19 09:59:23,976 - INFO  - [NUDE][TRAIN] Epoch 88/120 Iter 20/390 Loss 0.0033 Top1 99.92 Top5 100.00
2025-12-19 09:59:27,751 - INFO  - [NUDE][TRAIN] Epoch 88/120 Iter 40/390 Loss 0.0027 Top1 99.94 Top5 100.00
2025-12-19 09:59:31,356 - INFO  - [NUDE][TRAIN] Epoch 88/120 Iter 60/390 Loss 0.0026 Top1 99.93 Top5 100.00
2025-12-19 09:59:34,952 - INFO  - [NUDE][TRAIN] Epoch 88/120 Iter 80/390 Loss 0.0024 Top1 99.94 Top5 100.00
2025-12-19 09:59:38,592 - INFO  - [NUDE][TRAIN] Epoch 88/120 Iter 100/390 Loss 0.0024 Top1 99.95 Top5 100.00
2025-12-19 09:59:42,240 - INFO  - [NUDE][TRAIN] Epoch 88/120 Iter 120/390 Loss 0.0024 Top1 99.95 Top5 100.00
2025-12-19 09:59:45,848 - INFO  - [NUDE][TRAIN] Epoch 88/120 Iter 140/390 Loss 0.0023 Top1 99.95 Top5 100.00
2025-12-19 09:59:49,594 - INFO  - [NUDE][TRAIN] Epoch 88/120 Iter 160/390 Loss 0.0023 Top1 99.95 Top5 100.00
2025-12-19 09:59:53,158 - INFO  - [NUDE][TRAIN] Epoch 88/120 Iter 180/390 Loss 0.0022 Top1 99.94 Top5 100.00
2025-12-19 09:59:56,748 - INFO  - [NUDE][TRAIN] Epoch 88/120 Iter 200/390 Loss 0.0022 Top1 99.95 Top5 100.00
2025-12-19 10:00:00,269 - INFO  - [NUDE][TRAIN] Epoch 88/120 Iter 220/390 Loss 0.0021 Top1 99.95 Top5 100.00
2025-12-19 10:00:04,023 - INFO  - [NUDE][TRAIN] Epoch 88/120 Iter 240/390 Loss 0.0021 Top1 99.95 Top5 100.00
2025-12-19 10:00:07,546 - INFO  - [NUDE][TRAIN] Epoch 88/120 Iter 260/390 Loss 0.0022 Top1 99.94 Top5 100.00
2025-12-19 10:00:11,162 - INFO  - [NUDE][TRAIN] Epoch 88/120 Iter 280/390 Loss 0.0022 Top1 99.94 Top5 100.00
2025-12-19 10:00:14,696 - INFO  - [NUDE][TRAIN] Epoch 88/120 Iter 300/390 Loss 0.0024 Top1 99.93 Top5 100.00
2025-12-19 10:00:18,358 - INFO  - [NUDE][TRAIN] Epoch 88/120 Iter 320/390 Loss 0.0024 Top1 99.93 Top5 100.00
2025-12-19 10:00:22,049 - INFO  - [NUDE][TRAIN] Epoch 88/120 Iter 340/390 Loss 0.0025 Top1 99.93 Top5 100.00
2025-12-19 10:00:25,676 - INFO  - [NUDE][TRAIN] Epoch 88/120 Iter 360/390 Loss 0.0025 Top1 99.93 Top5 100.00
2025-12-19 10:00:29,290 - INFO  - [NUDE][TRAIN] Epoch 88/120 Iter 380/390 Loss 0.0025 Top1 99.93 Top5 100.00
2025-12-19 10:00:31,092 - INFO  - [NUDE] Validate: force max bit-width W/A = 6
2025-12-19 10:00:33,415 - INFO  - [NUDE][EPOCH] 88/120 Train: Top1=99.93 Top5=100.00 Loss=0.0026 | Val(EMA): Top1=94.23
2025-12-19 10:00:33,991 - INFO  - ([89] Epoch) Saving checkpoint to:
             Current: /root/autodl-tmp/retraining-free-quantization/training/resnet18_cifar10_nude_srqat_ls1em04/resnet18_cifar10_nude_srqat_ls1em04_checkpoint.pth.tar

2025-12-19 10:00:34,002 - INFO  - [NUDE] Epoch 89: force max bit-width W/A = 6
2025-12-19 10:00:37,919 - INFO  - [NUDE][TRAIN] Epoch 89/120 Iter 20/390 Loss 0.0029 Top1 99.92 Top5 100.00
2025-12-19 10:00:41,559 - INFO  - [NUDE][TRAIN] Epoch 89/120 Iter 40/390 Loss 0.0032 Top1 99.92 Top5 100.00
2025-12-19 10:00:45,164 - INFO  - [NUDE][TRAIN] Epoch 89/120 Iter 60/390 Loss 0.0030 Top1 99.92 Top5 100.00
2025-12-19 10:00:48,646 - INFO  - [NUDE][TRAIN] Epoch 89/120 Iter 80/390 Loss 0.0029 Top1 99.91 Top5 100.00
2025-12-19 10:00:52,228 - INFO  - [NUDE][TRAIN] Epoch 89/120 Iter 100/390 Loss 0.0029 Top1 99.91 Top5 100.00
2025-12-19 10:00:55,780 - INFO  - [NUDE][TRAIN] Epoch 89/120 Iter 120/390 Loss 0.0030 Top1 99.90 Top5 100.00
2025-12-19 10:00:59,318 - INFO  - [NUDE][TRAIN] Epoch 89/120 Iter 140/390 Loss 0.0029 Top1 99.91 Top5 100.00
2025-12-19 10:01:02,917 - INFO  - [NUDE][TRAIN] Epoch 89/120 Iter 160/390 Loss 0.0031 Top1 99.90 Top5 100.00
2025-12-19 10:01:06,437 - INFO  - [NUDE][TRAIN] Epoch 89/120 Iter 180/390 Loss 0.0032 Top1 99.90 Top5 100.00
2025-12-19 10:01:10,383 - INFO  - [NUDE][TRAIN] Epoch 89/120 Iter 200/390 Loss 0.0032 Top1 99.91 Top5 100.00
2025-12-19 10:01:13,875 - INFO  - [NUDE][TRAIN] Epoch 89/120 Iter 220/390 Loss 0.0033 Top1 99.90 Top5 100.00
2025-12-19 10:01:17,501 - INFO  - [NUDE][TRAIN] Epoch 89/120 Iter 240/390 Loss 0.0032 Top1 99.90 Top5 100.00
2025-12-19 10:01:21,022 - INFO  - [NUDE][TRAIN] Epoch 89/120 Iter 260/390 Loss 0.0030 Top1 99.91 Top5 100.00
2025-12-19 10:01:24,631 - INFO  - [NUDE][TRAIN] Epoch 89/120 Iter 280/390 Loss 0.0029 Top1 99.91 Top5 100.00
2025-12-19 10:01:28,193 - INFO  - [NUDE][TRAIN] Epoch 89/120 Iter 300/390 Loss 0.0028 Top1 99.92 Top5 100.00
2025-12-19 10:01:31,852 - INFO  - [NUDE][TRAIN] Epoch 89/120 Iter 320/390 Loss 0.0028 Top1 99.92 Top5 100.00
2025-12-19 10:01:35,364 - INFO  - [NUDE][TRAIN] Epoch 89/120 Iter 340/390 Loss 0.0029 Top1 99.92 Top5 100.00
2025-12-19 10:01:38,993 - INFO  - [NUDE][TRAIN] Epoch 89/120 Iter 360/390 Loss 0.0028 Top1 99.92 Top5 100.00
2025-12-19 10:01:42,608 - INFO  - [NUDE][TRAIN] Epoch 89/120 Iter 380/390 Loss 0.0028 Top1 99.92 Top5 100.00
2025-12-19 10:01:44,386 - INFO  - [NUDE] Validate: force max bit-width W/A = 6
2025-12-19 10:01:46,702 - INFO  - [NUDE][EPOCH] 89/120 Train: Top1=99.93 Top5=100.00 Loss=0.0028 | Val(EMA): Top1=94.21
2025-12-19 10:01:47,430 - INFO  - ([90] Epoch) Saving checkpoint to:
             Current: /root/autodl-tmp/retraining-free-quantization/training/resnet18_cifar10_nude_srqat_ls1em04/resnet18_cifar10_nude_srqat_ls1em04_checkpoint.pth.tar

2025-12-19 10:01:47,440 - INFO  - [NUDE] Epoch 90: force max bit-width W/A = 6
2025-12-19 10:01:51,308 - INFO  - [NUDE][TRAIN] Epoch 90/120 Iter 20/390 Loss 0.0020 Top1 99.96 Top5 100.00
2025-12-19 10:01:54,847 - INFO  - [NUDE][TRAIN] Epoch 90/120 Iter 40/390 Loss 0.0033 Top1 99.90 Top5 100.00
2025-12-19 10:01:58,546 - INFO  - [NUDE][TRAIN] Epoch 90/120 Iter 60/390 Loss 0.0027 Top1 99.92 Top5 100.00
2025-12-19 10:02:02,112 - INFO  - [NUDE][TRAIN] Epoch 90/120 Iter 80/390 Loss 0.0023 Top1 99.94 Top5 100.00
2025-12-19 10:02:05,737 - INFO  - [NUDE][TRAIN] Epoch 90/120 Iter 100/390 Loss 0.0021 Top1 99.95 Top5 100.00
2025-12-19 10:02:09,342 - INFO  - [NUDE][TRAIN] Epoch 90/120 Iter 120/390 Loss 0.0020 Top1 99.95 Top5 100.00
2025-12-19 10:02:12,979 - INFO  - [NUDE][TRAIN] Epoch 90/120 Iter 140/390 Loss 0.0020 Top1 99.95 Top5 100.00
2025-12-19 10:02:16,638 - INFO  - [NUDE][TRAIN] Epoch 90/120 Iter 160/390 Loss 0.0019 Top1 99.96 Top5 100.00
2025-12-19 10:02:20,302 - INFO  - [NUDE][TRAIN] Epoch 90/120 Iter 180/390 Loss 0.0018 Top1 99.96 Top5 100.00
2025-12-19 10:02:24,023 - INFO  - [NUDE][TRAIN] Epoch 90/120 Iter 200/390 Loss 0.0018 Top1 99.96 Top5 100.00
2025-12-19 10:02:27,644 - INFO  - [NUDE][TRAIN] Epoch 90/120 Iter 220/390 Loss 0.0017 Top1 99.96 Top5 100.00
2025-12-19 10:02:31,400 - INFO  - [NUDE][TRAIN] Epoch 90/120 Iter 240/390 Loss 0.0017 Top1 99.96 Top5 100.00
2025-12-19 10:02:34,983 - INFO  - [NUDE][TRAIN] Epoch 90/120 Iter 260/390 Loss 0.0017 Top1 99.96 Top5 100.00
2025-12-19 10:02:38,618 - INFO  - [NUDE][TRAIN] Epoch 90/120 Iter 280/390 Loss 0.0017 Top1 99.96 Top5 100.00
2025-12-19 10:02:42,110 - INFO  - [NUDE][TRAIN] Epoch 90/120 Iter 300/390 Loss 0.0018 Top1 99.96 Top5 100.00
2025-12-19 10:02:45,825 - INFO  - [NUDE][TRAIN] Epoch 90/120 Iter 320/390 Loss 0.0017 Top1 99.96 Top5 100.00
2025-12-19 10:02:49,437 - INFO  - [NUDE][TRAIN] Epoch 90/120 Iter 340/390 Loss 0.0017 Top1 99.96 Top5 100.00
2025-12-19 10:02:53,092 - INFO  - [NUDE][TRAIN] Epoch 90/120 Iter 360/390 Loss 0.0017 Top1 99.96 Top5 100.00
2025-12-19 10:02:56,792 - INFO  - [NUDE][TRAIN] Epoch 90/120 Iter 380/390 Loss 0.0018 Top1 99.95 Top5 100.00
2025-12-19 10:02:58,674 - INFO  - [NUDE] Validate: force max bit-width W/A = 6
2025-12-19 10:03:00,992 - INFO  - [NUDE][EPOCH] 90/120 Train: Top1=99.95 Top5=100.00 Loss=0.0018 | Val(EMA): Top1=94.19
2025-12-19 10:03:01,635 - INFO  - ([91] Epoch) Saving checkpoint to:
             Current: /root/autodl-tmp/retraining-free-quantization/training/resnet18_cifar10_nude_srqat_ls1em04/resnet18_cifar10_nude_srqat_ls1em04_checkpoint.pth.tar

2025-12-19 10:03:01,646 - INFO  - [NUDE] Epoch 91: force max bit-width W/A = 6
2025-12-19 10:03:05,560 - INFO  - [NUDE][TRAIN] Epoch 91/120 Iter 20/390 Loss 0.0040 Top1 99.84 Top5 100.00
2025-12-19 10:03:09,138 - INFO  - [NUDE][TRAIN] Epoch 91/120 Iter 40/390 Loss 0.0031 Top1 99.90 Top5 100.00
2025-12-19 10:03:12,829 - INFO  - [NUDE][TRAIN] Epoch 91/120 Iter 60/390 Loss 0.0028 Top1 99.92 Top5 100.00
2025-12-19 10:03:16,364 - INFO  - [NUDE][TRAIN] Epoch 91/120 Iter 80/390 Loss 0.0024 Top1 99.92 Top5 100.00
2025-12-19 10:03:20,029 - INFO  - [NUDE][TRAIN] Epoch 91/120 Iter 100/390 Loss 0.0022 Top1 99.92 Top5 100.00
2025-12-19 10:03:23,539 - INFO  - [NUDE][TRAIN] Epoch 91/120 Iter 120/390 Loss 0.0022 Top1 99.92 Top5 100.00
2025-12-19 10:03:28,018 - INFO  - [NUDE][TRAIN] Epoch 91/120 Iter 140/390 Loss 0.0021 Top1 99.92 Top5 100.00
2025-12-19 10:03:32,894 - INFO  - [NUDE][TRAIN] Epoch 91/120 Iter 160/390 Loss 0.0021 Top1 99.93 Top5 100.00
2025-12-19 10:03:36,867 - INFO  - [NUDE][TRAIN] Epoch 91/120 Iter 180/390 Loss 0.0019 Top1 99.93 Top5 100.00
2025-12-19 10:03:40,606 - INFO  - [NUDE][TRAIN] Epoch 91/120 Iter 200/390 Loss 0.0018 Top1 99.94 Top5 100.00
2025-12-19 10:03:44,163 - INFO  - [NUDE][TRAIN] Epoch 91/120 Iter 220/390 Loss 0.0018 Top1 99.95 Top5 100.00
2025-12-19 10:03:47,822 - INFO  - [NUDE][TRAIN] Epoch 91/120 Iter 240/390 Loss 0.0017 Top1 99.95 Top5 100.00
2025-12-19 10:03:51,287 - INFO  - [NUDE][TRAIN] Epoch 91/120 Iter 260/390 Loss 0.0016 Top1 99.95 Top5 100.00
2025-12-19 10:03:54,889 - INFO  - [NUDE][TRAIN] Epoch 91/120 Iter 280/390 Loss 0.0016 Top1 99.95 Top5 100.00
2025-12-19 10:03:58,382 - INFO  - [NUDE][TRAIN] Epoch 91/120 Iter 300/390 Loss 0.0016 Top1 99.95 Top5 100.00
2025-12-19 10:04:02,007 - INFO  - [NUDE][TRAIN] Epoch 91/120 Iter 320/390 Loss 0.0015 Top1 99.96 Top5 100.00
2025-12-19 10:04:05,521 - INFO  - [NUDE][TRAIN] Epoch 91/120 Iter 340/390 Loss 0.0015 Top1 99.96 Top5 100.00
2025-12-19 10:04:09,197 - INFO  - [NUDE][TRAIN] Epoch 91/120 Iter 360/390 Loss 0.0015 Top1 99.96 Top5 100.00
2025-12-19 10:04:12,775 - INFO  - [NUDE][TRAIN] Epoch 91/120 Iter 380/390 Loss 0.0016 Top1 99.95 Top5 100.00
2025-12-19 10:04:14,563 - INFO  - [NUDE] Validate: force max bit-width W/A = 6
2025-12-19 10:04:16,888 - INFO  - [NUDE][EPOCH] 91/120 Train: Top1=99.95 Top5=100.00 Loss=0.0016 | Val(EMA): Top1=94.19
2025-12-19 10:04:17,537 - INFO  - ([92] Epoch) Saving checkpoint to:
             Current: /root/autodl-tmp/retraining-free-quantization/training/resnet18_cifar10_nude_srqat_ls1em04/resnet18_cifar10_nude_srqat_ls1em04_checkpoint.pth.tar

2025-12-19 10:04:17,548 - INFO  - [NUDE] Epoch 92: force max bit-width W/A = 6
2025-12-19 10:04:21,375 - INFO  - [NUDE][TRAIN] Epoch 92/120 Iter 20/390 Loss 0.0012 Top1 99.96 Top5 100.00
2025-12-19 10:04:25,001 - INFO  - [NUDE][TRAIN] Epoch 92/120 Iter 40/390 Loss 0.0011 Top1 99.96 Top5 100.00
2025-12-19 10:04:28,568 - INFO  - [NUDE][TRAIN] Epoch 92/120 Iter 60/390 Loss 0.0010 Top1 99.97 Top5 100.00
2025-12-19 10:04:32,061 - INFO  - [NUDE][TRAIN] Epoch 92/120 Iter 80/390 Loss 0.0011 Top1 99.97 Top5 100.00
2025-12-19 10:04:35,687 - INFO  - [NUDE][TRAIN] Epoch 92/120 Iter 100/390 Loss 0.0014 Top1 99.97 Top5 100.00
2025-12-19 10:04:39,276 - INFO  - [NUDE][TRAIN] Epoch 92/120 Iter 120/390 Loss 0.0015 Top1 99.97 Top5 100.00
2025-12-19 10:04:42,770 - INFO  - [NUDE][TRAIN] Epoch 92/120 Iter 140/390 Loss 0.0014 Top1 99.98 Top5 100.00
2025-12-19 10:04:46,381 - INFO  - [NUDE][TRAIN] Epoch 92/120 Iter 160/390 Loss 0.0014 Top1 99.98 Top5 100.00
2025-12-19 10:04:49,889 - INFO  - [NUDE][TRAIN] Epoch 92/120 Iter 180/390 Loss 0.0013 Top1 99.98 Top5 100.00
2025-12-19 10:04:53,471 - INFO  - [NUDE][TRAIN] Epoch 92/120 Iter 200/390 Loss 0.0013 Top1 99.98 Top5 100.00
2025-12-19 10:04:56,954 - INFO  - [NUDE][TRAIN] Epoch 92/120 Iter 220/390 Loss 0.0013 Top1 99.98 Top5 100.00
2025-12-19 10:05:00,638 - INFO  - [NUDE][TRAIN] Epoch 92/120 Iter 240/390 Loss 0.0012 Top1 99.98 Top5 100.00
2025-12-19 10:05:04,125 - INFO  - [NUDE][TRAIN] Epoch 92/120 Iter 260/390 Loss 0.0012 Top1 99.98 Top5 100.00
2025-12-19 10:05:07,704 - INFO  - [NUDE][TRAIN] Epoch 92/120 Iter 280/390 Loss 0.0012 Top1 99.98 Top5 100.00
2025-12-19 10:05:11,199 - INFO  - [NUDE][TRAIN] Epoch 92/120 Iter 300/390 Loss 0.0013 Top1 99.98 Top5 100.00
2025-12-19 10:05:14,789 - INFO  - [NUDE][TRAIN] Epoch 92/120 Iter 320/390 Loss 0.0013 Top1 99.98 Top5 100.00
2025-12-19 10:05:18,314 - INFO  - [NUDE][TRAIN] Epoch 92/120 Iter 340/390 Loss 0.0013 Top1 99.98 Top5 100.00
2025-12-19 10:05:21,914 - INFO  - [NUDE][TRAIN] Epoch 92/120 Iter 360/390 Loss 0.0013 Top1 99.98 Top5 100.00
2025-12-19 10:05:25,484 - INFO  - [NUDE][TRAIN] Epoch 92/120 Iter 380/390 Loss 0.0013 Top1 99.98 Top5 100.00
2025-12-19 10:05:27,279 - INFO  - [NUDE] Validate: force max bit-width W/A = 6
2025-12-19 10:05:29,662 - INFO  - [NUDE][EPOCH] 92/120 Train: Top1=99.98 Top5=100.00 Loss=0.0013 | Val(EMA): Top1=94.08
2025-12-19 10:05:30,271 - INFO  - ([93] Epoch) Saving checkpoint to:
             Current: /root/autodl-tmp/retraining-free-quantization/training/resnet18_cifar10_nude_srqat_ls1em04/resnet18_cifar10_nude_srqat_ls1em04_checkpoint.pth.tar

2025-12-19 10:05:30,282 - INFO  - [NUDE] Epoch 93: force max bit-width W/A = 6
2025-12-19 10:05:34,182 - INFO  - [NUDE][TRAIN] Epoch 93/120 Iter 20/390 Loss 0.0010 Top1 100.00 Top5 100.00
2025-12-19 10:05:37,696 - INFO  - [NUDE][TRAIN] Epoch 93/120 Iter 40/390 Loss 0.0008 Top1 100.00 Top5 100.00
2025-12-19 10:05:41,318 - INFO  - [NUDE][TRAIN] Epoch 93/120 Iter 60/390 Loss 0.0012 Top1 99.97 Top5 100.00
2025-12-19 10:05:44,771 - INFO  - [NUDE][TRAIN] Epoch 93/120 Iter 80/390 Loss 0.0014 Top1 99.97 Top5 100.00
2025-12-19 10:05:48,381 - INFO  - [NUDE][TRAIN] Epoch 93/120 Iter 100/390 Loss 0.0014 Top1 99.98 Top5 100.00
2025-12-19 10:05:51,992 - INFO  - [NUDE][TRAIN] Epoch 93/120 Iter 120/390 Loss 0.0014 Top1 99.98 Top5 100.00
2025-12-19 10:05:55,520 - INFO  - [NUDE][TRAIN] Epoch 93/120 Iter 140/390 Loss 0.0016 Top1 99.98 Top5 100.00
2025-12-19 10:05:59,798 - INFO  - [NUDE][TRAIN] Epoch 93/120 Iter 160/390 Loss 0.0016 Top1 99.98 Top5 100.00
2025-12-19 10:06:03,291 - INFO  - [NUDE][TRAIN] Epoch 93/120 Iter 180/390 Loss 0.0016 Top1 99.97 Top5 100.00
2025-12-19 10:06:06,799 - INFO  - [NUDE][TRAIN] Epoch 93/120 Iter 200/390 Loss 0.0015 Top1 99.97 Top5 100.00
2025-12-19 10:06:10,294 - INFO  - [NUDE][TRAIN] Epoch 93/120 Iter 220/390 Loss 0.0016 Top1 99.97 Top5 100.00
2025-12-19 10:06:13,934 - INFO  - [NUDE][TRAIN] Epoch 93/120 Iter 240/390 Loss 0.0016 Top1 99.97 Top5 100.00
2025-12-19 10:06:17,495 - INFO  - [NUDE][TRAIN] Epoch 93/120 Iter 260/390 Loss 0.0016 Top1 99.97 Top5 100.00
2025-12-19 10:06:21,218 - INFO  - [NUDE][TRAIN] Epoch 93/120 Iter 280/390 Loss 0.0016 Top1 99.97 Top5 100.00
2025-12-19 10:06:24,769 - INFO  - [NUDE][TRAIN] Epoch 93/120 Iter 300/390 Loss 0.0016 Top1 99.97 Top5 100.00
2025-12-19 10:06:28,397 - INFO  - [NUDE][TRAIN] Epoch 93/120 Iter 320/390 Loss 0.0017 Top1 99.96 Top5 100.00
2025-12-19 10:06:31,956 - INFO  - [NUDE][TRAIN] Epoch 93/120 Iter 340/390 Loss 0.0016 Top1 99.96 Top5 100.00
2025-12-19 10:06:35,562 - INFO  - [NUDE][TRAIN] Epoch 93/120 Iter 360/390 Loss 0.0017 Top1 99.96 Top5 100.00
2025-12-19 10:06:39,171 - INFO  - [NUDE][TRAIN] Epoch 93/120 Iter 380/390 Loss 0.0016 Top1 99.96 Top5 100.00
2025-12-19 10:06:40,993 - INFO  - [NUDE] Validate: force max bit-width W/A = 6
2025-12-19 10:06:43,336 - INFO  - [NUDE][EPOCH] 93/120 Train: Top1=99.95 Top5=100.00 Loss=0.0017 | Val(EMA): Top1=94.07
2025-12-19 10:06:43,920 - INFO  - ([94] Epoch) Saving checkpoint to:
             Current: /root/autodl-tmp/retraining-free-quantization/training/resnet18_cifar10_nude_srqat_ls1em04/resnet18_cifar10_nude_srqat_ls1em04_checkpoint.pth.tar

2025-12-19 10:06:43,931 - INFO  - [NUDE] Epoch 94: force max bit-width W/A = 6
2025-12-19 10:06:47,843 - INFO  - [NUDE][TRAIN] Epoch 94/120 Iter 20/390 Loss 0.0017 Top1 99.88 Top5 100.00
2025-12-19 10:06:51,375 - INFO  - [NUDE][TRAIN] Epoch 94/120 Iter 40/390 Loss 0.0013 Top1 99.94 Top5 100.00
2025-12-19 10:06:54,998 - INFO  - [NUDE][TRAIN] Epoch 94/120 Iter 60/390 Loss 0.0012 Top1 99.95 Top5 100.00
2025-12-19 10:06:58,498 - INFO  - [NUDE][TRAIN] Epoch 94/120 Iter 80/390 Loss 0.0011 Top1 99.96 Top5 100.00
2025-12-19 10:07:02,143 - INFO  - [NUDE][TRAIN] Epoch 94/120 Iter 100/390 Loss 0.0011 Top1 99.97 Top5 100.00
2025-12-19 10:07:05,675 - INFO  - [NUDE][TRAIN] Epoch 94/120 Iter 120/390 Loss 0.0011 Top1 99.97 Top5 100.00
2025-12-19 10:07:09,288 - INFO  - [NUDE][TRAIN] Epoch 94/120 Iter 140/390 Loss 0.0011 Top1 99.97 Top5 100.00
2025-12-19 10:07:12,944 - INFO  - [NUDE][TRAIN] Epoch 94/120 Iter 160/390 Loss 0.0011 Top1 99.97 Top5 100.00
2025-12-19 10:07:16,440 - INFO  - [NUDE][TRAIN] Epoch 94/120 Iter 180/390 Loss 0.0013 Top1 99.96 Top5 100.00
2025-12-19 10:07:20,052 - INFO  - [NUDE][TRAIN] Epoch 94/120 Iter 200/390 Loss 0.0013 Top1 99.96 Top5 100.00
2025-12-19 10:07:23,569 - INFO  - [NUDE][TRAIN] Epoch 94/120 Iter 220/390 Loss 0.0012 Top1 99.97 Top5 100.00
2025-12-19 10:07:27,214 - INFO  - [NUDE][TRAIN] Epoch 94/120 Iter 240/390 Loss 0.0012 Top1 99.97 Top5 100.00
2025-12-19 10:07:30,729 - INFO  - [NUDE][TRAIN] Epoch 94/120 Iter 260/390 Loss 0.0012 Top1 99.97 Top5 100.00
2025-12-19 10:07:34,329 - INFO  - [NUDE][TRAIN] Epoch 94/120 Iter 280/390 Loss 0.0012 Top1 99.97 Top5 100.00
2025-12-19 10:07:37,861 - INFO  - [NUDE][TRAIN] Epoch 94/120 Iter 300/390 Loss 0.0011 Top1 99.98 Top5 100.00
2025-12-19 10:07:41,473 - INFO  - [NUDE][TRAIN] Epoch 94/120 Iter 320/390 Loss 0.0012 Top1 99.97 Top5 100.00
2025-12-19 10:07:44,982 - INFO  - [NUDE][TRAIN] Epoch 94/120 Iter 340/390 Loss 0.0012 Top1 99.97 Top5 100.00
2025-12-19 10:07:48,574 - INFO  - [NUDE][TRAIN] Epoch 94/120 Iter 360/390 Loss 0.0011 Top1 99.97 Top5 100.00
2025-12-19 10:07:52,120 - INFO  - [NUDE][TRAIN] Epoch 94/120 Iter 380/390 Loss 0.0012 Top1 99.97 Top5 100.00
2025-12-19 10:07:53,900 - INFO  - [NUDE] Validate: force max bit-width W/A = 6
2025-12-19 10:07:56,212 - INFO  - [NUDE][EPOCH] 94/120 Train: Top1=99.97 Top5=100.00 Loss=0.0012 | Val(EMA): Top1=94.05
2025-12-19 10:07:56,839 - INFO  - ([95] Epoch) Saving checkpoint to:
             Current: /root/autodl-tmp/retraining-free-quantization/training/resnet18_cifar10_nude_srqat_ls1em04/resnet18_cifar10_nude_srqat_ls1em04_checkpoint.pth.tar

2025-12-19 10:07:56,851 - INFO  - [NUDE] Epoch 95: force max bit-width W/A = 6
2025-12-19 10:08:00,661 - INFO  - [NUDE][TRAIN] Epoch 95/120 Iter 20/390 Loss 0.0017 Top1 99.96 Top5 100.00
2025-12-19 10:08:04,205 - INFO  - [NUDE][TRAIN] Epoch 95/120 Iter 40/390 Loss 0.0015 Top1 99.94 Top5 100.00
2025-12-19 10:08:07,812 - INFO  - [NUDE][TRAIN] Epoch 95/120 Iter 60/390 Loss 0.0015 Top1 99.95 Top5 100.00
2025-12-19 10:08:11,319 - INFO  - [NUDE][TRAIN] Epoch 95/120 Iter 80/390 Loss 0.0014 Top1 99.94 Top5 100.00
2025-12-19 10:08:14,976 - INFO  - [NUDE][TRAIN] Epoch 95/120 Iter 100/390 Loss 0.0014 Top1 99.95 Top5 100.00
2025-12-19 10:08:18,422 - INFO  - [NUDE][TRAIN] Epoch 95/120 Iter 120/390 Loss 0.0013 Top1 99.95 Top5 100.00
2025-12-19 10:08:21,969 - INFO  - [NUDE][TRAIN] Epoch 95/120 Iter 140/390 Loss 0.0013 Top1 99.96 Top5 100.00
2025-12-19 10:08:25,538 - INFO  - [NUDE][TRAIN] Epoch 95/120 Iter 160/390 Loss 0.0013 Top1 99.96 Top5 100.00
2025-12-19 10:08:29,001 - INFO  - [NUDE][TRAIN] Epoch 95/120 Iter 180/390 Loss 0.0013 Top1 99.96 Top5 100.00
2025-12-19 10:08:32,563 - INFO  - [NUDE][TRAIN] Epoch 95/120 Iter 200/390 Loss 0.0013 Top1 99.95 Top5 100.00
2025-12-19 10:08:36,007 - INFO  - [NUDE][TRAIN] Epoch 95/120 Iter 220/390 Loss 0.0013 Top1 99.95 Top5 100.00
2025-12-19 10:08:39,588 - INFO  - [NUDE][TRAIN] Epoch 95/120 Iter 240/390 Loss 0.0015 Top1 99.94 Top5 100.00
2025-12-19 10:08:43,059 - INFO  - [NUDE][TRAIN] Epoch 95/120 Iter 260/390 Loss 0.0014 Top1 99.94 Top5 100.00
2025-12-19 10:08:46,601 - INFO  - [NUDE][TRAIN] Epoch 95/120 Iter 280/390 Loss 0.0014 Top1 99.95 Top5 100.00
2025-12-19 10:08:50,055 - INFO  - [NUDE][TRAIN] Epoch 95/120 Iter 300/390 Loss 0.0014 Top1 99.95 Top5 100.00
2025-12-19 10:08:53,623 - INFO  - [NUDE][TRAIN] Epoch 95/120 Iter 320/390 Loss 0.0013 Top1 99.95 Top5 100.00
2025-12-19 10:08:57,119 - INFO  - [NUDE][TRAIN] Epoch 95/120 Iter 340/390 Loss 0.0014 Top1 99.95 Top5 100.00
2025-12-19 10:09:00,666 - INFO  - [NUDE][TRAIN] Epoch 95/120 Iter 360/390 Loss 0.0014 Top1 99.95 Top5 100.00
2025-12-19 10:09:04,231 - INFO  - [NUDE][TRAIN] Epoch 95/120 Iter 380/390 Loss 0.0013 Top1 99.96 Top5 100.00
2025-12-19 10:09:06,022 - INFO  - [NUDE] Validate: force max bit-width W/A = 6
2025-12-19 10:09:08,285 - INFO  - [NUDE][EPOCH] 95/120 Train: Top1=99.96 Top5=100.00 Loss=0.0013 | Val(EMA): Top1=94.02
2025-12-19 10:09:08,897 - INFO  - ([96] Epoch) Saving checkpoint to:
             Current: /root/autodl-tmp/retraining-free-quantization/training/resnet18_cifar10_nude_srqat_ls1em04/resnet18_cifar10_nude_srqat_ls1em04_checkpoint.pth.tar

2025-12-19 10:09:08,908 - INFO  - [NUDE] Epoch 96: force max bit-width W/A = 6
2025-12-19 10:09:12,721 - INFO  - [NUDE][TRAIN] Epoch 96/120 Iter 20/390 Loss 0.0015 Top1 99.96 Top5 100.00
2025-12-19 10:09:16,293 - INFO  - [NUDE][TRAIN] Epoch 96/120 Iter 40/390 Loss 0.0020 Top1 99.90 Top5 100.00
2025-12-19 10:09:19,727 - INFO  - [NUDE][TRAIN] Epoch 96/120 Iter 60/390 Loss 0.0015 Top1 99.93 Top5 100.00
2025-12-19 10:09:23,183 - INFO  - [NUDE][TRAIN] Epoch 96/120 Iter 80/390 Loss 0.0012 Top1 99.95 Top5 100.00
2025-12-19 10:09:26,705 - INFO  - [NUDE][TRAIN] Epoch 96/120 Iter 100/390 Loss 0.0012 Top1 99.96 Top5 100.00
2025-12-19 10:09:30,242 - INFO  - [NUDE][TRAIN] Epoch 96/120 Iter 120/390 Loss 0.0015 Top1 99.95 Top5 100.00
2025-12-19 10:09:33,653 - INFO  - [NUDE][TRAIN] Epoch 96/120 Iter 140/390 Loss 0.0015 Top1 99.96 Top5 100.00
2025-12-19 10:09:37,129 - INFO  - [NUDE][TRAIN] Epoch 96/120 Iter 160/390 Loss 0.0016 Top1 99.95 Top5 100.00
2025-12-19 10:09:40,520 - INFO  - [NUDE][TRAIN] Epoch 96/120 Iter 180/390 Loss 0.0015 Top1 99.95 Top5 100.00
2025-12-19 10:09:44,050 - INFO  - [NUDE][TRAIN] Epoch 96/120 Iter 200/390 Loss 0.0016 Top1 99.95 Top5 100.00
2025-12-19 10:09:47,497 - INFO  - [NUDE][TRAIN] Epoch 96/120 Iter 220/390 Loss 0.0015 Top1 99.95 Top5 100.00
2025-12-19 10:09:51,043 - INFO  - [NUDE][TRAIN] Epoch 96/120 Iter 240/390 Loss 0.0015 Top1 99.95 Top5 100.00
2025-12-19 10:09:54,483 - INFO  - [NUDE][TRAIN] Epoch 96/120 Iter 260/390 Loss 0.0014 Top1 99.96 Top5 100.00
2025-12-19 10:09:58,046 - INFO  - [NUDE][TRAIN] Epoch 96/120 Iter 280/390 Loss 0.0014 Top1 99.96 Top5 100.00
2025-12-19 10:10:01,486 - INFO  - [NUDE][TRAIN] Epoch 96/120 Iter 300/390 Loss 0.0014 Top1 99.96 Top5 100.00
2025-12-19 10:10:05,036 - INFO  - [NUDE][TRAIN] Epoch 96/120 Iter 320/390 Loss 0.0015 Top1 99.95 Top5 100.00
2025-12-19 10:10:08,519 - INFO  - [NUDE][TRAIN] Epoch 96/120 Iter 340/390 Loss 0.0015 Top1 99.95 Top5 100.00
2025-12-19 10:10:12,128 - INFO  - [NUDE][TRAIN] Epoch 96/120 Iter 360/390 Loss 0.0015 Top1 99.95 Top5 100.00
2025-12-19 10:10:15,687 - INFO  - [NUDE][TRAIN] Epoch 96/120 Iter 380/390 Loss 0.0014 Top1 99.95 Top5 100.00
2025-12-19 10:10:17,456 - INFO  - [NUDE] Validate: force max bit-width W/A = 6
2025-12-19 10:10:19,706 - INFO  - [NUDE][EPOCH] 96/120 Train: Top1=99.96 Top5=100.00 Loss=0.0014 | Val(EMA): Top1=93.96
2025-12-19 10:10:20,298 - INFO  - ([97] Epoch) Saving checkpoint to:
             Current: /root/autodl-tmp/retraining-free-quantization/training/resnet18_cifar10_nude_srqat_ls1em04/resnet18_cifar10_nude_srqat_ls1em04_checkpoint.pth.tar

2025-12-19 10:10:20,312 - INFO  - [NUDE] Epoch 97: force max bit-width W/A = 6
2025-12-19 10:10:24,103 - INFO  - [NUDE][TRAIN] Epoch 97/120 Iter 20/390 Loss 0.0007 Top1 100.00 Top5 100.00
2025-12-19 10:10:27,544 - INFO  - [NUDE][TRAIN] Epoch 97/120 Iter 40/390 Loss 0.0006 Top1 100.00 Top5 100.00
2025-12-19 10:10:31,096 - INFO  - [NUDE][TRAIN] Epoch 97/120 Iter 60/390 Loss 0.0005 Top1 100.00 Top5 100.00
2025-12-19 10:10:34,606 - INFO  - [NUDE][TRAIN] Epoch 97/120 Iter 80/390 Loss 0.0008 Top1 99.98 Top5 100.00
2025-12-19 10:10:38,147 - INFO  - [NUDE][TRAIN] Epoch 97/120 Iter 100/390 Loss 0.0008 Top1 99.98 Top5 100.00
2025-12-19 10:10:41,692 - INFO  - [NUDE][TRAIN] Epoch 97/120 Iter 120/390 Loss 0.0008 Top1 99.98 Top5 100.00
2025-12-19 10:10:45,154 - INFO  - [NUDE][TRAIN] Epoch 97/120 Iter 140/390 Loss 0.0007 Top1 99.98 Top5 100.00
2025-12-19 10:10:48,688 - INFO  - [NUDE][TRAIN] Epoch 97/120 Iter 160/390 Loss 0.0010 Top1 99.98 Top5 100.00
2025-12-19 10:10:52,192 - INFO  - [NUDE][TRAIN] Epoch 97/120 Iter 180/390 Loss 0.0009 Top1 99.98 Top5 100.00
2025-12-19 10:10:55,727 - INFO  - [NUDE][TRAIN] Epoch 97/120 Iter 200/390 Loss 0.0009 Top1 99.98 Top5 100.00
2025-12-19 10:10:59,219 - INFO  - [NUDE][TRAIN] Epoch 97/120 Iter 220/390 Loss 0.0010 Top1 99.98 Top5 100.00
2025-12-19 10:11:02,786 - INFO  - [NUDE][TRAIN] Epoch 97/120 Iter 240/390 Loss 0.0010 Top1 99.97 Top5 100.00
2025-12-19 10:11:06,298 - INFO  - [NUDE][TRAIN] Epoch 97/120 Iter 260/390 Loss 0.0010 Top1 99.98 Top5 100.00
2025-12-19 10:11:09,850 - INFO  - [NUDE][TRAIN] Epoch 97/120 Iter 280/390 Loss 0.0010 Top1 99.97 Top5 100.00
2025-12-19 10:11:13,311 - INFO  - [NUDE][TRAIN] Epoch 97/120 Iter 300/390 Loss 0.0010 Top1 99.97 Top5 100.00
2025-12-19 10:11:16,876 - INFO  - [NUDE][TRAIN] Epoch 97/120 Iter 320/390 Loss 0.0011 Top1 99.97 Top5 100.00
2025-12-19 10:11:20,302 - INFO  - [NUDE][TRAIN] Epoch 97/120 Iter 340/390 Loss 0.0010 Top1 99.97 Top5 100.00
2025-12-19 10:11:23,816 - INFO  - [NUDE][TRAIN] Epoch 97/120 Iter 360/390 Loss 0.0010 Top1 99.97 Top5 100.00
2025-12-19 10:11:27,349 - INFO  - [NUDE][TRAIN] Epoch 97/120 Iter 380/390 Loss 0.0010 Top1 99.97 Top5 100.00
2025-12-19 10:11:29,163 - INFO  - [NUDE] Validate: force max bit-width W/A = 6
2025-12-19 10:11:31,486 - INFO  - [NUDE][EPOCH] 97/120 Train: Top1=99.97 Top5=100.00 Loss=0.0010 | Val(EMA): Top1=93.95
2025-12-19 10:11:32,121 - INFO  - ([98] Epoch) Saving checkpoint to:
             Current: /root/autodl-tmp/retraining-free-quantization/training/resnet18_cifar10_nude_srqat_ls1em04/resnet18_cifar10_nude_srqat_ls1em04_checkpoint.pth.tar

2025-12-19 10:11:32,137 - INFO  - [NUDE] Epoch 98: force max bit-width W/A = 6
2025-12-19 10:11:35,997 - INFO  - [NUDE][TRAIN] Epoch 98/120 Iter 20/390 Loss 0.0004 Top1 100.00 Top5 100.00
2025-12-19 10:11:39,497 - INFO  - [NUDE][TRAIN] Epoch 98/120 Iter 40/390 Loss 0.0011 Top1 99.98 Top5 100.00
2025-12-19 10:11:43,113 - INFO  - [NUDE][TRAIN] Epoch 98/120 Iter 60/390 Loss 0.0010 Top1 99.99 Top5 100.00
2025-12-19 10:11:46,665 - INFO  - [NUDE][TRAIN] Epoch 98/120 Iter 80/390 Loss 0.0015 Top1 99.95 Top5 100.00
2025-12-19 10:11:50,371 - INFO  - [NUDE][TRAIN] Epoch 98/120 Iter 100/390 Loss 0.0015 Top1 99.95 Top5 100.00
2025-12-19 10:11:53,999 - INFO  - [NUDE][TRAIN] Epoch 98/120 Iter 120/390 Loss 0.0014 Top1 99.95 Top5 100.00
2025-12-19 10:11:57,620 - INFO  - [NUDE][TRAIN] Epoch 98/120 Iter 140/390 Loss 0.0015 Top1 99.94 Top5 100.00
2025-12-19 10:12:01,205 - INFO  - [NUDE][TRAIN] Epoch 98/120 Iter 160/390 Loss 0.0014 Top1 99.95 Top5 100.00
2025-12-19 10:12:04,777 - INFO  - [NUDE][TRAIN] Epoch 98/120 Iter 180/390 Loss 0.0013 Top1 99.96 Top5 100.00
2025-12-19 10:12:08,521 - INFO  - [NUDE][TRAIN] Epoch 98/120 Iter 200/390 Loss 0.0012 Top1 99.96 Top5 100.00
2025-12-19 10:12:12,019 - INFO  - [NUDE][TRAIN] Epoch 98/120 Iter 220/390 Loss 0.0014 Top1 99.95 Top5 100.00
2025-12-19 10:12:15,640 - INFO  - [NUDE][TRAIN] Epoch 98/120 Iter 240/390 Loss 0.0014 Top1 99.95 Top5 100.00
2025-12-19 10:12:19,138 - INFO  - [NUDE][TRAIN] Epoch 98/120 Iter 260/390 Loss 0.0014 Top1 99.95 Top5 100.00
2025-12-19 10:12:22,701 - INFO  - [NUDE][TRAIN] Epoch 98/120 Iter 280/390 Loss 0.0014 Top1 99.95 Top5 100.00
2025-12-19 10:12:26,191 - INFO  - [NUDE][TRAIN] Epoch 98/120 Iter 300/390 Loss 0.0013 Top1 99.95 Top5 100.00
2025-12-19 10:12:29,736 - INFO  - [NUDE][TRAIN] Epoch 98/120 Iter 320/390 Loss 0.0014 Top1 99.95 Top5 100.00
2025-12-19 10:12:33,239 - INFO  - [NUDE][TRAIN] Epoch 98/120 Iter 340/390 Loss 0.0014 Top1 99.95 Top5 100.00
2025-12-19 10:12:36,807 - INFO  - [NUDE][TRAIN] Epoch 98/120 Iter 360/390 Loss 0.0014 Top1 99.95 Top5 100.00
2025-12-19 10:12:40,430 - INFO  - [NUDE][TRAIN] Epoch 98/120 Iter 380/390 Loss 0.0014 Top1 99.96 Top5 100.00
2025-12-19 10:12:42,217 - INFO  - [NUDE] Validate: force max bit-width W/A = 6
2025-12-19 10:12:44,510 - INFO  - [NUDE][EPOCH] 98/120 Train: Top1=99.96 Top5=100.00 Loss=0.0014 | Val(EMA): Top1=93.92
2025-12-19 10:12:45,233 - INFO  - ([99] Epoch) Saving checkpoint to:
             Current: /root/autodl-tmp/retraining-free-quantization/training/resnet18_cifar10_nude_srqat_ls1em04/resnet18_cifar10_nude_srqat_ls1em04_checkpoint.pth.tar

2025-12-19 10:12:45,243 - INFO  - [NUDE] Epoch 99: force max bit-width W/A = 6
2025-12-19 10:12:49,128 - INFO  - [NUDE][TRAIN] Epoch 99/120 Iter 20/390 Loss 0.0004 Top1 100.00 Top5 100.00
2025-12-19 10:12:52,656 - INFO  - [NUDE][TRAIN] Epoch 99/120 Iter 40/390 Loss 0.0004 Top1 100.00 Top5 100.00
2025-12-19 10:12:56,556 - INFO  - [NUDE][TRAIN] Epoch 99/120 Iter 60/390 Loss 0.0003 Top1 100.00 Top5 100.00
2025-12-19 10:13:00,361 - INFO  - [NUDE][TRAIN] Epoch 99/120 Iter 80/390 Loss 0.0003 Top1 100.00 Top5 100.00
2025-12-19 10:13:04,021 - INFO  - [NUDE][TRAIN] Epoch 99/120 Iter 100/390 Loss 0.0004 Top1 100.00 Top5 100.00
2025-12-19 10:13:07,491 - INFO  - [NUDE][TRAIN] Epoch 99/120 Iter 120/390 Loss 0.0005 Top1 99.99 Top5 100.00
2025-12-19 10:13:11,102 - INFO  - [NUDE][TRAIN] Epoch 99/120 Iter 140/390 Loss 0.0005 Top1 99.99 Top5 100.00
2025-12-19 10:13:14,696 - INFO  - [NUDE][TRAIN] Epoch 99/120 Iter 160/390 Loss 0.0005 Top1 100.00 Top5 100.00
2025-12-19 10:13:18,218 - INFO  - [NUDE][TRAIN] Epoch 99/120 Iter 180/390 Loss 0.0006 Top1 100.00 Top5 100.00
2025-12-19 10:13:21,840 - INFO  - [NUDE][TRAIN] Epoch 99/120 Iter 200/390 Loss 0.0010 Top1 99.99 Top5 100.00
2025-12-19 10:13:25,368 - INFO  - [NUDE][TRAIN] Epoch 99/120 Iter 220/390 Loss 0.0010 Top1 99.99 Top5 100.00
2025-12-19 10:13:29,022 - INFO  - [NUDE][TRAIN] Epoch 99/120 Iter 240/390 Loss 0.0010 Top1 99.99 Top5 100.00
2025-12-19 10:13:32,490 - INFO  - [NUDE][TRAIN] Epoch 99/120 Iter 260/390 Loss 0.0010 Top1 99.99 Top5 100.00
2025-12-19 10:13:36,135 - INFO  - [NUDE][TRAIN] Epoch 99/120 Iter 280/390 Loss 0.0010 Top1 99.99 Top5 100.00
2025-12-19 10:13:39,618 - INFO  - [NUDE][TRAIN] Epoch 99/120 Iter 300/390 Loss 0.0011 Top1 99.98 Top5 100.00
2025-12-19 10:13:43,206 - INFO  - [NUDE][TRAIN] Epoch 99/120 Iter 320/390 Loss 0.0011 Top1 99.99 Top5 100.00
2025-12-19 10:13:46,695 - INFO  - [NUDE][TRAIN] Epoch 99/120 Iter 340/390 Loss 0.0011 Top1 99.98 Top5 100.00
2025-12-19 10:13:50,310 - INFO  - [NUDE][TRAIN] Epoch 99/120 Iter 360/390 Loss 0.0010 Top1 99.98 Top5 100.00
2025-12-19 10:13:53,933 - INFO  - [NUDE][TRAIN] Epoch 99/120 Iter 380/390 Loss 0.0010 Top1 99.99 Top5 100.00
2025-12-19 10:13:55,731 - INFO  - [NUDE] Validate: force max bit-width W/A = 6
2025-12-19 10:13:58,033 - INFO  - [NUDE][EPOCH] 99/120 Train: Top1=99.99 Top5=100.00 Loss=0.0010 | Val(EMA): Top1=93.93
2025-12-19 10:13:58,638 - INFO  - ([100] Epoch) Saving checkpoint to:
             Current: /root/autodl-tmp/retraining-free-quantization/training/resnet18_cifar10_nude_srqat_ls1em04/resnet18_cifar10_nude_srqat_ls1em04_checkpoint.pth.tar

2025-12-19 10:13:58,649 - INFO  - [NUDE] Epoch 100: force max bit-width W/A = 6
2025-12-19 10:14:02,555 - INFO  - [NUDE][TRAIN] Epoch 100/120 Iter 20/390 Loss 0.0009 Top1 99.96 Top5 100.00
2025-12-19 10:14:06,237 - INFO  - [NUDE][TRAIN] Epoch 100/120 Iter 40/390 Loss 0.0007 Top1 99.98 Top5 100.00
2025-12-19 10:14:09,770 - INFO  - [NUDE][TRAIN] Epoch 100/120 Iter 60/390 Loss 0.0007 Top1 99.99 Top5 100.00
2025-12-19 10:14:13,349 - INFO  - [NUDE][TRAIN] Epoch 100/120 Iter 80/390 Loss 0.0006 Top1 99.99 Top5 100.00
2025-12-19 10:14:17,034 - INFO  - [NUDE][TRAIN] Epoch 100/120 Iter 100/390 Loss 0.0006 Top1 99.99 Top5 100.00
2025-12-19 10:14:20,651 - INFO  - [NUDE][TRAIN] Epoch 100/120 Iter 120/390 Loss 0.0006 Top1 99.99 Top5 100.00
2025-12-19 10:14:24,156 - INFO  - [NUDE][TRAIN] Epoch 100/120 Iter 140/390 Loss 0.0009 Top1 99.98 Top5 100.00
2025-12-19 10:14:27,839 - INFO  - [NUDE][TRAIN] Epoch 100/120 Iter 160/390 Loss 0.0009 Top1 99.99 Top5 100.00
2025-12-19 10:14:31,397 - INFO  - [NUDE][TRAIN] Epoch 100/120 Iter 180/390 Loss 0.0008 Top1 99.99 Top5 100.00
2025-12-19 10:14:34,998 - INFO  - [NUDE][TRAIN] Epoch 100/120 Iter 200/390 Loss 0.0008 Top1 99.99 Top5 100.00
2025-12-19 10:14:38,493 - INFO  - [NUDE][TRAIN] Epoch 100/120 Iter 220/390 Loss 0.0008 Top1 99.99 Top5 100.00
2025-12-19 10:14:42,124 - INFO  - [NUDE][TRAIN] Epoch 100/120 Iter 240/390 Loss 0.0008 Top1 99.99 Top5 100.00
2025-12-19 10:14:45,646 - INFO  - [NUDE][TRAIN] Epoch 100/120 Iter 260/390 Loss 0.0008 Top1 99.99 Top5 100.00
2025-12-19 10:14:49,220 - INFO  - [NUDE][TRAIN] Epoch 100/120 Iter 280/390 Loss 0.0008 Top1 99.99 Top5 100.00
2025-12-19 10:14:52,658 - INFO  - [NUDE][TRAIN] Epoch 100/120 Iter 300/390 Loss 0.0008 Top1 99.99 Top5 100.00
2025-12-19 10:14:56,277 - INFO  - [NUDE][TRAIN] Epoch 100/120 Iter 320/390 Loss 0.0008 Top1 99.99 Top5 100.00
2025-12-19 10:14:59,801 - INFO  - [NUDE][TRAIN] Epoch 100/120 Iter 340/390 Loss 0.0008 Top1 99.99 Top5 100.00
2025-12-19 10:15:03,411 - INFO  - [NUDE][TRAIN] Epoch 100/120 Iter 360/390 Loss 0.0008 Top1 99.98 Top5 100.00
2025-12-19 10:15:06,996 - INFO  - [NUDE][TRAIN] Epoch 100/120 Iter 380/390 Loss 0.0008 Top1 99.98 Top5 100.00
2025-12-19 10:15:08,772 - INFO  - [NUDE] Validate: force max bit-width W/A = 6
2025-12-19 10:15:11,067 - INFO  - [NUDE][EPOCH] 100/120 Train: Top1=99.98 Top5=100.00 Loss=0.0008 | Val(EMA): Top1=93.90
2025-12-19 10:15:11,680 - INFO  - ([101] Epoch) Saving checkpoint to:
             Current: /root/autodl-tmp/retraining-free-quantization/training/resnet18_cifar10_nude_srqat_ls1em04/resnet18_cifar10_nude_srqat_ls1em04_checkpoint.pth.tar

2025-12-19 10:15:11,691 - INFO  - [NUDE] Epoch 101: force max bit-width W/A = 6
2025-12-19 10:15:15,553 - INFO  - [NUDE][TRAIN] Epoch 101/120 Iter 20/390 Loss 0.0004 Top1 100.00 Top5 100.00
2025-12-19 10:15:19,043 - INFO  - [NUDE][TRAIN] Epoch 101/120 Iter 40/390 Loss 0.0005 Top1 99.98 Top5 100.00
2025-12-19 10:15:22,635 - INFO  - [NUDE][TRAIN] Epoch 101/120 Iter 60/390 Loss 0.0006 Top1 99.99 Top5 100.00
2025-12-19 10:15:26,164 - INFO  - [NUDE][TRAIN] Epoch 101/120 Iter 80/390 Loss 0.0007 Top1 99.98 Top5 100.00
2025-12-19 10:15:29,751 - INFO  - [NUDE][TRAIN] Epoch 101/120 Iter 100/390 Loss 0.0008 Top1 99.97 Top5 100.00
2025-12-19 10:15:33,412 - INFO  - [NUDE][TRAIN] Epoch 101/120 Iter 120/390 Loss 0.0007 Top1 99.97 Top5 100.00
2025-12-19 10:15:36,924 - INFO  - [NUDE][TRAIN] Epoch 101/120 Iter 140/390 Loss 0.0007 Top1 99.98 Top5 100.00
2025-12-19 10:15:40,538 - INFO  - [NUDE][TRAIN] Epoch 101/120 Iter 160/390 Loss 0.0009 Top1 99.98 Top5 100.00
2025-12-19 10:15:44,039 - INFO  - [NUDE][TRAIN] Epoch 101/120 Iter 180/390 Loss 0.0009 Top1 99.97 Top5 100.00
2025-12-19 10:15:47,659 - INFO  - [NUDE][TRAIN] Epoch 101/120 Iter 200/390 Loss 0.0009 Top1 99.97 Top5 100.00
2025-12-19 10:15:51,142 - INFO  - [NUDE][TRAIN] Epoch 101/120 Iter 220/390 Loss 0.0009 Top1 99.97 Top5 100.00
2025-12-19 10:15:54,746 - INFO  - [NUDE][TRAIN] Epoch 101/120 Iter 240/390 Loss 0.0009 Top1 99.97 Top5 100.00
2025-12-19 10:15:58,233 - INFO  - [NUDE][TRAIN] Epoch 101/120 Iter 260/390 Loss 0.0009 Top1 99.98 Top5 100.00
2025-12-19 10:16:01,826 - INFO  - [NUDE][TRAIN] Epoch 101/120 Iter 280/390 Loss 0.0009 Top1 99.98 Top5 100.00
2025-12-19 10:16:05,320 - INFO  - [NUDE][TRAIN] Epoch 101/120 Iter 300/390 Loss 0.0008 Top1 99.98 Top5 100.00
2025-12-19 10:16:08,905 - INFO  - [NUDE][TRAIN] Epoch 101/120 Iter 320/390 Loss 0.0009 Top1 99.98 Top5 100.00
2025-12-19 10:16:12,439 - INFO  - [NUDE][TRAIN] Epoch 101/120 Iter 340/390 Loss 0.0009 Top1 99.98 Top5 100.00
2025-12-19 10:16:16,054 - INFO  - [NUDE][TRAIN] Epoch 101/120 Iter 360/390 Loss 0.0009 Top1 99.98 Top5 100.00
2025-12-19 10:16:19,682 - INFO  - [NUDE][TRAIN] Epoch 101/120 Iter 380/390 Loss 0.0009 Top1 99.98 Top5 100.00
2025-12-19 10:16:21,492 - INFO  - [NUDE] Validate: force max bit-width W/A = 6
2025-12-19 10:16:23,787 - INFO  - [NUDE][EPOCH] 101/120 Train: Top1=99.98 Top5=100.00 Loss=0.0009 | Val(EMA): Top1=93.96
2025-12-19 10:16:24,420 - INFO  - ([102] Epoch) Saving checkpoint to:
             Current: /root/autodl-tmp/retraining-free-quantization/training/resnet18_cifar10_nude_srqat_ls1em04/resnet18_cifar10_nude_srqat_ls1em04_checkpoint.pth.tar

2025-12-19 10:16:24,430 - INFO  - [NUDE] Epoch 102: force max bit-width W/A = 6
2025-12-19 10:16:28,323 - INFO  - [NUDE][TRAIN] Epoch 102/120 Iter 20/390 Loss 0.0005 Top1 100.00 Top5 100.00
2025-12-19 10:16:31,792 - INFO  - [NUDE][TRAIN] Epoch 102/120 Iter 40/390 Loss 0.0005 Top1 100.00 Top5 100.00
2025-12-19 10:16:35,362 - INFO  - [NUDE][TRAIN] Epoch 102/120 Iter 60/390 Loss 0.0004 Top1 100.00 Top5 100.00
2025-12-19 10:16:38,831 - INFO  - [NUDE][TRAIN] Epoch 102/120 Iter 80/390 Loss 0.0004 Top1 100.00 Top5 100.00
2025-12-19 10:16:42,346 - INFO  - [NUDE][TRAIN] Epoch 102/120 Iter 100/390 Loss 0.0004 Top1 100.00 Top5 100.00
2025-12-19 10:16:45,774 - INFO  - [NUDE][TRAIN] Epoch 102/120 Iter 120/390 Loss 0.0004 Top1 100.00 Top5 100.00
2025-12-19 10:16:49,332 - INFO  - [NUDE][TRAIN] Epoch 102/120 Iter 140/390 Loss 0.0004 Top1 99.99 Top5 100.00
2025-12-19 10:16:52,906 - INFO  - [NUDE][TRAIN] Epoch 102/120 Iter 160/390 Loss 0.0004 Top1 100.00 Top5 100.00
2025-12-19 10:16:56,468 - INFO  - [NUDE][TRAIN] Epoch 102/120 Iter 180/390 Loss 0.0004 Top1 100.00 Top5 100.00
2025-12-19 10:17:00,130 - INFO  - [NUDE][TRAIN] Epoch 102/120 Iter 200/390 Loss 0.0004 Top1 100.00 Top5 100.00
2025-12-19 10:17:03,660 - INFO  - [NUDE][TRAIN] Epoch 102/120 Iter 220/390 Loss 0.0005 Top1 99.99 Top5 100.00
2025-12-19 10:17:07,270 - INFO  - [NUDE][TRAIN] Epoch 102/120 Iter 240/390 Loss 0.0005 Top1 99.99 Top5 100.00
2025-12-19 10:17:10,776 - INFO  - [NUDE][TRAIN] Epoch 102/120 Iter 260/390 Loss 0.0005 Top1 99.99 Top5 100.00
2025-12-19 10:17:14,397 - INFO  - [NUDE][TRAIN] Epoch 102/120 Iter 280/390 Loss 0.0005 Top1 99.99 Top5 100.00
2025-12-19 10:17:17,902 - INFO  - [NUDE][TRAIN] Epoch 102/120 Iter 300/390 Loss 0.0005 Top1 99.99 Top5 100.00
2025-12-19 10:17:21,497 - INFO  - [NUDE][TRAIN] Epoch 102/120 Iter 320/390 Loss 0.0006 Top1 99.99 Top5 100.00
2025-12-19 10:17:24,991 - INFO  - [NUDE][TRAIN] Epoch 102/120 Iter 340/390 Loss 0.0006 Top1 99.99 Top5 100.00
2025-12-19 10:17:28,600 - INFO  - [NUDE][TRAIN] Epoch 102/120 Iter 360/390 Loss 0.0006 Top1 99.99 Top5 100.00
2025-12-19 10:17:32,184 - INFO  - [NUDE][TRAIN] Epoch 102/120 Iter 380/390 Loss 0.0006 Top1 99.99 Top5 100.00
2025-12-19 10:17:33,984 - INFO  - [NUDE] Validate: force max bit-width W/A = 6
2025-12-19 10:17:36,261 - INFO  - [NUDE][EPOCH] 102/120 Train: Top1=99.99 Top5=100.00 Loss=0.0006 | Val(EMA): Top1=93.95
2025-12-19 10:17:36,847 - INFO  - ([103] Epoch) Saving checkpoint to:
             Current: /root/autodl-tmp/retraining-free-quantization/training/resnet18_cifar10_nude_srqat_ls1em04/resnet18_cifar10_nude_srqat_ls1em04_checkpoint.pth.tar

2025-12-19 10:17:36,858 - INFO  - [NUDE] Epoch 103: force max bit-width W/A = 6
2025-12-19 10:17:40,711 - INFO  - [NUDE][TRAIN] Epoch 103/120 Iter 20/390 Loss 0.0012 Top1 99.96 Top5 100.00
2025-12-19 10:17:44,268 - INFO  - [NUDE][TRAIN] Epoch 103/120 Iter 40/390 Loss 0.0008 Top1 99.98 Top5 100.00
2025-12-19 10:17:47,926 - INFO  - [NUDE][TRAIN] Epoch 103/120 Iter 60/390 Loss 0.0008 Top1 99.97 Top5 100.00
2025-12-19 10:17:51,432 - INFO  - [NUDE][TRAIN] Epoch 103/120 Iter 80/390 Loss 0.0008 Top1 99.98 Top5 100.00
2025-12-19 10:17:55,029 - INFO  - [NUDE][TRAIN] Epoch 103/120 Iter 100/390 Loss 0.0008 Top1 99.98 Top5 100.00
2025-12-19 10:17:58,566 - INFO  - [NUDE][TRAIN] Epoch 103/120 Iter 120/390 Loss 0.0008 Top1 99.98 Top5 100.00
2025-12-19 10:18:02,166 - INFO  - [NUDE][TRAIN] Epoch 103/120 Iter 140/390 Loss 0.0007 Top1 99.98 Top5 100.00
2025-12-19 10:18:05,755 - INFO  - [NUDE][TRAIN] Epoch 103/120 Iter 160/390 Loss 0.0007 Top1 99.98 Top5 100.00
2025-12-19 10:18:09,252 - INFO  - [NUDE][TRAIN] Epoch 103/120 Iter 180/390 Loss 0.0007 Top1 99.98 Top5 100.00
2025-12-19 10:18:12,829 - INFO  - [NUDE][TRAIN] Epoch 103/120 Iter 200/390 Loss 0.0007 Top1 99.98 Top5 100.00
2025-12-19 10:18:16,364 - INFO  - [NUDE][TRAIN] Epoch 103/120 Iter 220/390 Loss 0.0007 Top1 99.99 Top5 100.00
2025-12-19 10:18:19,958 - INFO  - [NUDE][TRAIN] Epoch 103/120 Iter 240/390 Loss 0.0007 Top1 99.99 Top5 100.00
2025-12-19 10:18:23,526 - INFO  - [NUDE][TRAIN] Epoch 103/120 Iter 260/390 Loss 0.0008 Top1 99.98 Top5 100.00
2025-12-19 10:18:27,052 - INFO  - [NUDE][TRAIN] Epoch 103/120 Iter 280/390 Loss 0.0007 Top1 99.99 Top5 100.00
2025-12-19 10:18:30,488 - INFO  - [NUDE][TRAIN] Epoch 103/120 Iter 300/390 Loss 0.0007 Top1 99.98 Top5 100.00
2025-12-19 10:18:34,014 - INFO  - [NUDE][TRAIN] Epoch 103/120 Iter 320/390 Loss 0.0007 Top1 99.98 Top5 100.00
2025-12-19 10:18:37,485 - INFO  - [NUDE][TRAIN] Epoch 103/120 Iter 340/390 Loss 0.0008 Top1 99.98 Top5 100.00
2025-12-19 10:18:41,067 - INFO  - [NUDE][TRAIN] Epoch 103/120 Iter 360/390 Loss 0.0007 Top1 99.98 Top5 100.00
2025-12-19 10:18:44,639 - INFO  - [NUDE][TRAIN] Epoch 103/120 Iter 380/390 Loss 0.0007 Top1 99.98 Top5 100.00
2025-12-19 10:18:46,424 - INFO  - [NUDE] Validate: force max bit-width W/A = 6
2025-12-19 10:18:48,707 - INFO  - [NUDE][EPOCH] 103/120 Train: Top1=99.98 Top5=100.00 Loss=0.0007 | Val(EMA): Top1=94.08
2025-12-19 10:18:49,300 - INFO  - ([104] Epoch) Saving checkpoint to:
             Current: /root/autodl-tmp/retraining-free-quantization/training/resnet18_cifar10_nude_srqat_ls1em04/resnet18_cifar10_nude_srqat_ls1em04_checkpoint.pth.tar

2025-12-19 10:18:49,311 - INFO  - [NUDE] Epoch 104: force max bit-width W/A = 6
2025-12-19 10:18:53,273 - INFO  - [NUDE][TRAIN] Epoch 104/120 Iter 20/390 Loss 0.0004 Top1 100.00 Top5 100.00
2025-12-19 10:18:56,902 - INFO  - [NUDE][TRAIN] Epoch 104/120 Iter 40/390 Loss 0.0005 Top1 100.00 Top5 100.00
2025-12-19 10:19:00,430 - INFO  - [NUDE][TRAIN] Epoch 104/120 Iter 60/390 Loss 0.0005 Top1 100.00 Top5 100.00
2025-12-19 10:19:03,941 - INFO  - [NUDE][TRAIN] Epoch 104/120 Iter 80/390 Loss 0.0005 Top1 100.00 Top5 100.00
2025-12-19 10:19:07,563 - INFO  - [NUDE][TRAIN] Epoch 104/120 Iter 100/390 Loss 0.0007 Top1 99.98 Top5 100.00
2025-12-19 10:19:11,198 - INFO  - [NUDE][TRAIN] Epoch 104/120 Iter 120/390 Loss 0.0006 Top1 99.99 Top5 100.00
2025-12-19 10:19:14,716 - INFO  - [NUDE][TRAIN] Epoch 104/120 Iter 140/390 Loss 0.0007 Top1 99.98 Top5 100.00
2025-12-19 10:19:18,311 - INFO  - [NUDE][TRAIN] Epoch 104/120 Iter 160/390 Loss 0.0007 Top1 99.99 Top5 100.00
2025-12-19 10:19:21,878 - INFO  - [NUDE][TRAIN] Epoch 104/120 Iter 180/390 Loss 0.0007 Top1 99.99 Top5 100.00
2025-12-19 10:19:25,463 - INFO  - [NUDE][TRAIN] Epoch 104/120 Iter 200/390 Loss 0.0006 Top1 99.99 Top5 100.00
2025-12-19 10:19:28,970 - INFO  - [NUDE][TRAIN] Epoch 104/120 Iter 220/390 Loss 0.0006 Top1 99.99 Top5 100.00
2025-12-19 10:19:32,581 - INFO  - [NUDE][TRAIN] Epoch 104/120 Iter 240/390 Loss 0.0008 Top1 99.98 Top5 100.00
2025-12-19 10:19:36,094 - INFO  - [NUDE][TRAIN] Epoch 104/120 Iter 260/390 Loss 0.0007 Top1 99.98 Top5 100.00
2025-12-19 10:19:39,679 - INFO  - [NUDE][TRAIN] Epoch 104/120 Iter 280/390 Loss 0.0007 Top1 99.98 Top5 100.00
2025-12-19 10:19:43,234 - INFO  - [NUDE][TRAIN] Epoch 104/120 Iter 300/390 Loss 0.0007 Top1 99.98 Top5 100.00
2025-12-19 10:19:46,833 - INFO  - [NUDE][TRAIN] Epoch 104/120 Iter 320/390 Loss 0.0007 Top1 99.98 Top5 100.00
2025-12-19 10:19:50,346 - INFO  - [NUDE][TRAIN] Epoch 104/120 Iter 340/390 Loss 0.0007 Top1 99.98 Top5 100.00
2025-12-19 10:19:53,947 - INFO  - [NUDE][TRAIN] Epoch 104/120 Iter 360/390 Loss 0.0007 Top1 99.98 Top5 100.00
2025-12-19 10:19:57,529 - INFO  - [NUDE][TRAIN] Epoch 104/120 Iter 380/390 Loss 0.0007 Top1 99.98 Top5 100.00
2025-12-19 10:19:59,315 - INFO  - [NUDE] Validate: force max bit-width W/A = 6
2025-12-19 10:20:01,593 - INFO  - [NUDE][EPOCH] 104/120 Train: Top1=99.98 Top5=100.00 Loss=0.0007 | Val(EMA): Top1=93.94
2025-12-19 10:20:02,187 - INFO  - ([105] Epoch) Saving checkpoint to:
             Current: /root/autodl-tmp/retraining-free-quantization/training/resnet18_cifar10_nude_srqat_ls1em04/resnet18_cifar10_nude_srqat_ls1em04_checkpoint.pth.tar

2025-12-19 10:20:02,198 - INFO  - [NUDE] Epoch 105: force max bit-width W/A = 6
2025-12-19 10:20:06,042 - INFO  - [NUDE][TRAIN] Epoch 105/120 Iter 20/390 Loss 0.0006 Top1 100.00 Top5 100.00
2025-12-19 10:20:09,545 - INFO  - [NUDE][TRAIN] Epoch 105/120 Iter 40/390 Loss 0.0005 Top1 100.00 Top5 100.00
2025-12-19 10:20:13,080 - INFO  - [NUDE][TRAIN] Epoch 105/120 Iter 60/390 Loss 0.0005 Top1 100.00 Top5 100.00
2025-12-19 10:20:16,523 - INFO  - [NUDE][TRAIN] Epoch 105/120 Iter 80/390 Loss 0.0005 Top1 100.00 Top5 100.00
2025-12-19 10:20:20,051 - INFO  - [NUDE][TRAIN] Epoch 105/120 Iter 100/390 Loss 0.0006 Top1 99.99 Top5 100.00
2025-12-19 10:20:23,604 - INFO  - [NUDE][TRAIN] Epoch 105/120 Iter 120/390 Loss 0.0005 Top1 99.99 Top5 100.00
2025-12-19 10:20:27,121 - INFO  - [NUDE][TRAIN] Epoch 105/120 Iter 140/390 Loss 0.0005 Top1 99.99 Top5 100.00
2025-12-19 10:20:30,728 - INFO  - [NUDE][TRAIN] Epoch 105/120 Iter 160/390 Loss 0.0005 Top1 100.00 Top5 100.00
2025-12-19 10:20:34,258 - INFO  - [NUDE][TRAIN] Epoch 105/120 Iter 180/390 Loss 0.0005 Top1 100.00 Top5 100.00
2025-12-19 10:20:37,844 - INFO  - [NUDE][TRAIN] Epoch 105/120 Iter 200/390 Loss 0.0005 Top1 100.00 Top5 100.00
2025-12-19 10:20:41,315 - INFO  - [NUDE][TRAIN] Epoch 105/120 Iter 220/390 Loss 0.0005 Top1 100.00 Top5 100.00
2025-12-19 10:20:44,912 - INFO  - [NUDE][TRAIN] Epoch 105/120 Iter 240/390 Loss 0.0005 Top1 100.00 Top5 100.00
2025-12-19 10:20:48,406 - INFO  - [NUDE][TRAIN] Epoch 105/120 Iter 260/390 Loss 0.0005 Top1 100.00 Top5 100.00
2025-12-19 10:20:52,073 - INFO  - [NUDE][TRAIN] Epoch 105/120 Iter 280/390 Loss 0.0005 Top1 100.00 Top5 100.00
2025-12-19 10:20:55,597 - INFO  - [NUDE][TRAIN] Epoch 105/120 Iter 300/390 Loss 0.0005 Top1 100.00 Top5 100.00
2025-12-19 10:20:59,227 - INFO  - [NUDE][TRAIN] Epoch 105/120 Iter 320/390 Loss 0.0005 Top1 100.00 Top5 100.00
2025-12-19 10:21:02,744 - INFO  - [NUDE][TRAIN] Epoch 105/120 Iter 340/390 Loss 0.0005 Top1 100.00 Top5 100.00
2025-12-19 10:21:06,381 - INFO  - [NUDE][TRAIN] Epoch 105/120 Iter 360/390 Loss 0.0005 Top1 100.00 Top5 100.00
2025-12-19 10:21:10,029 - INFO  - [NUDE][TRAIN] Epoch 105/120 Iter 380/390 Loss 0.0005 Top1 100.00 Top5 100.00
2025-12-19 10:21:11,837 - INFO  - [NUDE] Validate: force max bit-width W/A = 6
2025-12-19 10:21:14,108 - INFO  - [NUDE][EPOCH] 105/120 Train: Top1=100.00 Top5=100.00 Loss=0.0005 | Val(EMA): Top1=93.90
2025-12-19 10:21:14,727 - INFO  - ([106] Epoch) Saving checkpoint to:
             Current: /root/autodl-tmp/retraining-free-quantization/training/resnet18_cifar10_nude_srqat_ls1em04/resnet18_cifar10_nude_srqat_ls1em04_checkpoint.pth.tar

2025-12-19 10:21:14,740 - INFO  - [NUDE] Epoch 106: force max bit-width W/A = 6
2025-12-19 10:21:18,596 - INFO  - [NUDE][TRAIN] Epoch 106/120 Iter 20/390 Loss 0.0004 Top1 100.00 Top5 100.00
2025-12-19 10:21:22,091 - INFO  - [NUDE][TRAIN] Epoch 106/120 Iter 40/390 Loss 0.0004 Top1 100.00 Top5 100.00
2025-12-19 10:21:25,683 - INFO  - [NUDE][TRAIN] Epoch 106/120 Iter 60/390 Loss 0.0005 Top1 100.00 Top5 100.00
2025-12-19 10:21:29,216 - INFO  - [NUDE][TRAIN] Epoch 106/120 Iter 80/390 Loss 0.0005 Top1 100.00 Top5 100.00
2025-12-19 10:21:32,860 - INFO  - [NUDE][TRAIN] Epoch 106/120 Iter 100/390 Loss 0.0005 Top1 100.00 Top5 100.00
2025-12-19 10:21:36,358 - INFO  - [NUDE][TRAIN] Epoch 106/120 Iter 120/390 Loss 0.0006 Top1 99.99 Top5 100.00
2025-12-19 10:21:39,960 - INFO  - [NUDE][TRAIN] Epoch 106/120 Iter 140/390 Loss 0.0005 Top1 99.99 Top5 100.00
2025-12-19 10:21:43,591 - INFO  - [NUDE][TRAIN] Epoch 106/120 Iter 160/390 Loss 0.0005 Top1 100.00 Top5 100.00
2025-12-19 10:21:47,142 - INFO  - [NUDE][TRAIN] Epoch 106/120 Iter 180/390 Loss 0.0006 Top1 99.99 Top5 100.00
2025-12-19 10:21:50,735 - INFO  - [NUDE][TRAIN] Epoch 106/120 Iter 200/390 Loss 0.0007 Top1 99.98 Top5 100.00
2025-12-19 10:21:54,271 - INFO  - [NUDE][TRAIN] Epoch 106/120 Iter 220/390 Loss 0.0007 Top1 99.99 Top5 100.00
2025-12-19 10:21:57,873 - INFO  - [NUDE][TRAIN] Epoch 106/120 Iter 240/390 Loss 0.0007 Top1 99.98 Top5 100.00
2025-12-19 10:22:01,324 - INFO  - [NUDE][TRAIN] Epoch 106/120 Iter 260/390 Loss 0.0007 Top1 99.98 Top5 100.00
2025-12-19 10:22:04,868 - INFO  - [NUDE][TRAIN] Epoch 106/120 Iter 280/390 Loss 0.0006 Top1 99.99 Top5 100.00
2025-12-19 10:22:08,311 - INFO  - [NUDE][TRAIN] Epoch 106/120 Iter 300/390 Loss 0.0006 Top1 99.99 Top5 100.00
2025-12-19 10:22:11,913 - INFO  - [NUDE][TRAIN] Epoch 106/120 Iter 320/390 Loss 0.0006 Top1 99.99 Top5 100.00
2025-12-19 10:22:15,394 - INFO  - [NUDE][TRAIN] Epoch 106/120 Iter 340/390 Loss 0.0006 Top1 99.99 Top5 100.00
2025-12-19 10:22:19,060 - INFO  - [NUDE][TRAIN] Epoch 106/120 Iter 360/390 Loss 0.0006 Top1 99.99 Top5 100.00
2025-12-19 10:22:22,664 - INFO  - [NUDE][TRAIN] Epoch 106/120 Iter 380/390 Loss 0.0006 Top1 99.99 Top5 100.00
2025-12-19 10:22:24,447 - INFO  - [NUDE] Validate: force max bit-width W/A = 6
2025-12-19 10:22:26,729 - INFO  - [NUDE][EPOCH] 106/120 Train: Top1=99.99 Top5=100.00 Loss=0.0006 | Val(EMA): Top1=93.90
2025-12-19 10:22:27,326 - INFO  - ([107] Epoch) Saving checkpoint to:
             Current: /root/autodl-tmp/retraining-free-quantization/training/resnet18_cifar10_nude_srqat_ls1em04/resnet18_cifar10_nude_srqat_ls1em04_checkpoint.pth.tar

2025-12-19 10:22:27,337 - INFO  - [NUDE] Epoch 107: force max bit-width W/A = 6
2025-12-19 10:22:31,178 - INFO  - [NUDE][TRAIN] Epoch 107/120 Iter 20/390 Loss 0.0011 Top1 99.96 Top5 100.00
2025-12-19 10:22:34,704 - INFO  - [NUDE][TRAIN] Epoch 107/120 Iter 40/390 Loss 0.0007 Top1 99.98 Top5 100.00
2025-12-19 10:22:38,317 - INFO  - [NUDE][TRAIN] Epoch 107/120 Iter 60/390 Loss 0.0006 Top1 99.99 Top5 100.00
2025-12-19 10:22:41,892 - INFO  - [NUDE][TRAIN] Epoch 107/120 Iter 80/390 Loss 0.0005 Top1 99.99 Top5 100.00
2025-12-19 10:22:45,473 - INFO  - [NUDE][TRAIN] Epoch 107/120 Iter 100/390 Loss 0.0005 Top1 99.99 Top5 100.00
2025-12-19 10:22:48,968 - INFO  - [NUDE][TRAIN] Epoch 107/120 Iter 120/390 Loss 0.0007 Top1 99.99 Top5 100.00
2025-12-19 10:22:52,582 - INFO  - [NUDE][TRAIN] Epoch 107/120 Iter 140/390 Loss 0.0007 Top1 99.99 Top5 100.00
2025-12-19 10:22:56,176 - INFO  - [NUDE][TRAIN] Epoch 107/120 Iter 160/390 Loss 0.0007 Top1 99.99 Top5 100.00
2025-12-19 10:22:59,695 - INFO  - [NUDE][TRAIN] Epoch 107/120 Iter 180/390 Loss 0.0006 Top1 99.99 Top5 100.00
2025-12-19 10:23:03,307 - INFO  - [NUDE][TRAIN] Epoch 107/120 Iter 200/390 Loss 0.0006 Top1 99.99 Top5 100.00
2025-12-19 10:23:06,836 - INFO  - [NUDE][TRAIN] Epoch 107/120 Iter 220/390 Loss 0.0006 Top1 99.99 Top5 100.00
2025-12-19 10:23:10,416 - INFO  - [NUDE][TRAIN] Epoch 107/120 Iter 240/390 Loss 0.0005 Top1 99.99 Top5 100.00
2025-12-19 10:23:13,945 - INFO  - [NUDE][TRAIN] Epoch 107/120 Iter 260/390 Loss 0.0005 Top1 99.99 Top5 100.00
2025-12-19 10:23:17,522 - INFO  - [NUDE][TRAIN] Epoch 107/120 Iter 280/390 Loss 0.0005 Top1 99.99 Top5 100.00
2025-12-19 10:23:21,029 - INFO  - [NUDE][TRAIN] Epoch 107/120 Iter 300/390 Loss 0.0005 Top1 99.99 Top5 100.00
2025-12-19 10:23:24,617 - INFO  - [NUDE][TRAIN] Epoch 107/120 Iter 320/390 Loss 0.0005 Top1 99.99 Top5 100.00
2025-12-19 10:23:28,125 - INFO  - [NUDE][TRAIN] Epoch 107/120 Iter 340/390 Loss 0.0005 Top1 99.99 Top5 100.00
2025-12-19 10:23:31,712 - INFO  - [NUDE][TRAIN] Epoch 107/120 Iter 360/390 Loss 0.0005 Top1 99.99 Top5 100.00
2025-12-19 10:23:35,290 - INFO  - [NUDE][TRAIN] Epoch 107/120 Iter 380/390 Loss 0.0005 Top1 99.99 Top5 100.00
2025-12-19 10:23:37,088 - INFO  - [NUDE] Validate: force max bit-width W/A = 6
2025-12-19 10:23:39,376 - INFO  - [NUDE][EPOCH] 107/120 Train: Top1=99.99 Top5=100.00 Loss=0.0005 | Val(EMA): Top1=93.91
2025-12-19 10:23:40,152 - INFO  - ([108] Epoch) Saving checkpoint to:
             Current: /root/autodl-tmp/retraining-free-quantization/training/resnet18_cifar10_nude_srqat_ls1em04/resnet18_cifar10_nude_srqat_ls1em04_checkpoint.pth.tar

2025-12-19 10:23:40,162 - INFO  - [NUDE] Epoch 108: force max bit-width W/A = 6
2025-12-19 10:23:44,013 - INFO  - [NUDE][TRAIN] Epoch 108/120 Iter 20/390 Loss 0.0007 Top1 99.96 Top5 100.00
2025-12-19 10:23:47,542 - INFO  - [NUDE][TRAIN] Epoch 108/120 Iter 40/390 Loss 0.0005 Top1 99.98 Top5 100.00
2025-12-19 10:23:51,013 - INFO  - [NUDE][TRAIN] Epoch 108/120 Iter 60/390 Loss 0.0004 Top1 99.99 Top5 100.00
2025-12-19 10:23:54,440 - INFO  - [NUDE][TRAIN] Epoch 108/120 Iter 80/390 Loss 0.0004 Top1 99.99 Top5 100.00
2025-12-19 10:23:58,003 - INFO  - [NUDE][TRAIN] Epoch 108/120 Iter 100/390 Loss 0.0005 Top1 99.99 Top5 100.00
2025-12-19 10:24:01,630 - INFO  - [NUDE][TRAIN] Epoch 108/120 Iter 120/390 Loss 0.0004 Top1 99.99 Top5 100.00
2025-12-19 10:24:05,143 - INFO  - [NUDE][TRAIN] Epoch 108/120 Iter 140/390 Loss 0.0004 Top1 99.99 Top5 100.00
2025-12-19 10:24:08,740 - INFO  - [NUDE][TRAIN] Epoch 108/120 Iter 160/390 Loss 0.0004 Top1 100.00 Top5 100.00
2025-12-19 10:24:12,216 - INFO  - [NUDE][TRAIN] Epoch 108/120 Iter 180/390 Loss 0.0004 Top1 100.00 Top5 100.00
2025-12-19 10:24:15,810 - INFO  - [NUDE][TRAIN] Epoch 108/120 Iter 200/390 Loss 0.0004 Top1 100.00 Top5 100.00
2025-12-19 10:24:19,324 - INFO  - [NUDE][TRAIN] Epoch 108/120 Iter 220/390 Loss 0.0004 Top1 100.00 Top5 100.00
2025-12-19 10:24:22,878 - INFO  - [NUDE][TRAIN] Epoch 108/120 Iter 240/390 Loss 0.0004 Top1 100.00 Top5 100.00
2025-12-19 10:24:26,380 - INFO  - [NUDE][TRAIN] Epoch 108/120 Iter 260/390 Loss 0.0004 Top1 100.00 Top5 100.00
2025-12-19 10:24:29,948 - INFO  - [NUDE][TRAIN] Epoch 108/120 Iter 280/390 Loss 0.0004 Top1 100.00 Top5 100.00
2025-12-19 10:24:33,460 - INFO  - [NUDE][TRAIN] Epoch 108/120 Iter 300/390 Loss 0.0004 Top1 100.00 Top5 100.00
2025-12-19 10:24:37,026 - INFO  - [NUDE][TRAIN] Epoch 108/120 Iter 320/390 Loss 0.0004 Top1 100.00 Top5 100.00
2025-12-19 10:24:40,593 - INFO  - [NUDE][TRAIN] Epoch 108/120 Iter 340/390 Loss 0.0004 Top1 100.00 Top5 100.00
2025-12-19 10:24:44,195 - INFO  - [NUDE][TRAIN] Epoch 108/120 Iter 360/390 Loss 0.0004 Top1 100.00 Top5 100.00
2025-12-19 10:24:47,812 - INFO  - [NUDE][TRAIN] Epoch 108/120 Iter 380/390 Loss 0.0004 Top1 100.00 Top5 100.00
2025-12-19 10:24:49,597 - INFO  - [NUDE] Validate: force max bit-width W/A = 6
2025-12-19 10:24:51,879 - INFO  - [NUDE][EPOCH] 108/120 Train: Top1=100.00 Top5=100.00 Loss=0.0004 | Val(EMA): Top1=94.04
2025-12-19 10:24:52,493 - INFO  - ([109] Epoch) Saving checkpoint to:
             Current: /root/autodl-tmp/retraining-free-quantization/training/resnet18_cifar10_nude_srqat_ls1em04/resnet18_cifar10_nude_srqat_ls1em04_checkpoint.pth.tar

2025-12-19 10:24:52,504 - INFO  - [NUDE] Epoch 109: force max bit-width W/A = 6
2025-12-19 10:24:56,398 - INFO  - [NUDE][TRAIN] Epoch 109/120 Iter 20/390 Loss 0.0003 Top1 100.00 Top5 100.00
2025-12-19 10:24:59,883 - INFO  - [NUDE][TRAIN] Epoch 109/120 Iter 40/390 Loss 0.0003 Top1 100.00 Top5 100.00
2025-12-19 10:25:03,496 - INFO  - [NUDE][TRAIN] Epoch 109/120 Iter 60/390 Loss 0.0008 Top1 99.96 Top5 100.00
2025-12-19 10:25:06,997 - INFO  - [NUDE][TRAIN] Epoch 109/120 Iter 80/390 Loss 0.0006 Top1 99.97 Top5 100.00
2025-12-19 10:25:10,568 - INFO  - [NUDE][TRAIN] Epoch 109/120 Iter 100/390 Loss 0.0006 Top1 99.98 Top5 100.00
2025-12-19 10:25:14,178 - INFO  - [NUDE][TRAIN] Epoch 109/120 Iter 120/390 Loss 0.0006 Top1 99.98 Top5 100.00
2025-12-19 10:25:17,687 - INFO  - [NUDE][TRAIN] Epoch 109/120 Iter 140/390 Loss 0.0006 Top1 99.98 Top5 100.00
2025-12-19 10:25:21,259 - INFO  - [NUDE][TRAIN] Epoch 109/120 Iter 160/390 Loss 0.0005 Top1 99.99 Top5 100.00
2025-12-19 10:25:24,756 - INFO  - [NUDE][TRAIN] Epoch 109/120 Iter 180/390 Loss 0.0005 Top1 99.99 Top5 100.00
2025-12-19 10:25:28,343 - INFO  - [NUDE][TRAIN] Epoch 109/120 Iter 200/390 Loss 0.0006 Top1 99.98 Top5 100.00
2025-12-19 10:25:31,808 - INFO  - [NUDE][TRAIN] Epoch 109/120 Iter 220/390 Loss 0.0005 Top1 99.99 Top5 100.00
2025-12-19 10:25:35,366 - INFO  - [NUDE][TRAIN] Epoch 109/120 Iter 240/390 Loss 0.0005 Top1 99.99 Top5 100.00
2025-12-19 10:25:38,801 - INFO  - [NUDE][TRAIN] Epoch 109/120 Iter 260/390 Loss 0.0005 Top1 99.99 Top5 100.00
2025-12-19 10:25:42,363 - INFO  - [NUDE][TRAIN] Epoch 109/120 Iter 280/390 Loss 0.0005 Top1 99.99 Top5 100.00
2025-12-19 10:25:45,911 - INFO  - [NUDE][TRAIN] Epoch 109/120 Iter 300/390 Loss 0.0006 Top1 99.99 Top5 100.00
2025-12-19 10:25:49,500 - INFO  - [NUDE][TRAIN] Epoch 109/120 Iter 320/390 Loss 0.0006 Top1 99.99 Top5 100.00
2025-12-19 10:25:53,044 - INFO  - [NUDE][TRAIN] Epoch 109/120 Iter 340/390 Loss 0.0005 Top1 99.99 Top5 100.00
2025-12-19 10:25:56,655 - INFO  - [NUDE][TRAIN] Epoch 109/120 Iter 360/390 Loss 0.0005 Top1 99.99 Top5 100.00
2025-12-19 10:26:00,225 - INFO  - [NUDE][TRAIN] Epoch 109/120 Iter 380/390 Loss 0.0005 Top1 99.99 Top5 100.00
2025-12-19 10:26:02,021 - INFO  - [NUDE] Validate: force max bit-width W/A = 6
2025-12-19 10:26:04,307 - INFO  - [NUDE][EPOCH] 109/120 Train: Top1=99.99 Top5=100.00 Loss=0.0006 | Val(EMA): Top1=93.90
2025-12-19 10:26:05,009 - INFO  - ([110] Epoch) Saving checkpoint to:
             Current: /root/autodl-tmp/retraining-free-quantization/training/resnet18_cifar10_nude_srqat_ls1em04/resnet18_cifar10_nude_srqat_ls1em04_checkpoint.pth.tar

2025-12-19 10:26:05,019 - INFO  - [NUDE] Epoch 110: force max bit-width W/A = 6
2025-12-19 10:26:08,901 - INFO  - [NUDE][TRAIN] Epoch 110/120 Iter 20/390 Loss 0.0008 Top1 99.96 Top5 100.00
2025-12-19 10:26:12,466 - INFO  - [NUDE][TRAIN] Epoch 110/120 Iter 40/390 Loss 0.0010 Top1 99.94 Top5 100.00
2025-12-19 10:26:16,097 - INFO  - [NUDE][TRAIN] Epoch 110/120 Iter 60/390 Loss 0.0007 Top1 99.96 Top5 100.00
2025-12-19 10:26:19,572 - INFO  - [NUDE][TRAIN] Epoch 110/120 Iter 80/390 Loss 0.0006 Top1 99.97 Top5 100.00
2025-12-19 10:26:23,173 - INFO  - [NUDE][TRAIN] Epoch 110/120 Iter 100/390 Loss 0.0005 Top1 99.98 Top5 100.00
2025-12-19 10:26:26,655 - INFO  - [NUDE][TRAIN] Epoch 110/120 Iter 120/390 Loss 0.0005 Top1 99.98 Top5 100.00
2025-12-19 10:26:30,263 - INFO  - [NUDE][TRAIN] Epoch 110/120 Iter 140/390 Loss 0.0005 Top1 99.98 Top5 100.00
2025-12-19 10:26:33,897 - INFO  - [NUDE][TRAIN] Epoch 110/120 Iter 160/390 Loss 0.0005 Top1 99.99 Top5 100.00
2025-12-19 10:26:37,426 - INFO  - [NUDE][TRAIN] Epoch 110/120 Iter 180/390 Loss 0.0005 Top1 99.99 Top5 100.00
2025-12-19 10:26:41,013 - INFO  - [NUDE][TRAIN] Epoch 110/120 Iter 200/390 Loss 0.0005 Top1 99.99 Top5 100.00
2025-12-19 10:26:44,485 - INFO  - [NUDE][TRAIN] Epoch 110/120 Iter 220/390 Loss 0.0004 Top1 99.99 Top5 100.00
2025-12-19 10:26:48,079 - INFO  - [NUDE][TRAIN] Epoch 110/120 Iter 240/390 Loss 0.0004 Top1 99.99 Top5 100.00
2025-12-19 10:26:51,562 - INFO  - [NUDE][TRAIN] Epoch 110/120 Iter 260/390 Loss 0.0005 Top1 99.99 Top5 100.00
2025-12-19 10:26:55,189 - INFO  - [NUDE][TRAIN] Epoch 110/120 Iter 280/390 Loss 0.0006 Top1 99.99 Top5 100.00
2025-12-19 10:26:58,702 - INFO  - [NUDE][TRAIN] Epoch 110/120 Iter 300/390 Loss 0.0005 Top1 99.99 Top5 100.00
2025-12-19 10:27:02,306 - INFO  - [NUDE][TRAIN] Epoch 110/120 Iter 320/390 Loss 0.0005 Top1 99.99 Top5 100.00
2025-12-19 10:27:05,878 - INFO  - [NUDE][TRAIN] Epoch 110/120 Iter 340/390 Loss 0.0006 Top1 99.99 Top5 100.00
2025-12-19 10:27:09,489 - INFO  - [NUDE][TRAIN] Epoch 110/120 Iter 360/390 Loss 0.0006 Top1 99.99 Top5 100.00
2025-12-19 10:27:13,048 - INFO  - [NUDE][TRAIN] Epoch 110/120 Iter 380/390 Loss 0.0006 Top1 99.99 Top5 100.00
2025-12-19 10:27:14,842 - INFO  - [NUDE] Validate: force max bit-width W/A = 6
2025-12-19 10:27:17,093 - INFO  - [NUDE][EPOCH] 110/120 Train: Top1=99.99 Top5=100.00 Loss=0.0006 | Val(EMA): Top1=93.92
2025-12-19 10:27:17,807 - INFO  - ([111] Epoch) Saving checkpoint to:
             Current: /root/autodl-tmp/retraining-free-quantization/training/resnet18_cifar10_nude_srqat_ls1em04/resnet18_cifar10_nude_srqat_ls1em04_checkpoint.pth.tar

2025-12-19 10:27:17,818 - INFO  - [NUDE] Epoch 111: force max bit-width W/A = 6
2025-12-19 10:27:21,563 - INFO  - [NUDE][TRAIN] Epoch 111/120 Iter 20/390 Loss 0.0010 Top1 99.96 Top5 100.00
2025-12-19 10:27:24,980 - INFO  - [NUDE][TRAIN] Epoch 111/120 Iter 40/390 Loss 0.0006 Top1 99.98 Top5 100.00
2025-12-19 10:27:28,510 - INFO  - [NUDE][TRAIN] Epoch 111/120 Iter 60/390 Loss 0.0006 Top1 99.99 Top5 100.00
2025-12-19 10:27:31,996 - INFO  - [NUDE][TRAIN] Epoch 111/120 Iter 80/390 Loss 0.0005 Top1 99.99 Top5 100.00
2025-12-19 10:27:35,630 - INFO  - [NUDE][TRAIN] Epoch 111/120 Iter 100/390 Loss 0.0006 Top1 99.99 Top5 100.00
2025-12-19 10:27:39,210 - INFO  - [NUDE][TRAIN] Epoch 111/120 Iter 120/390 Loss 0.0005 Top1 99.99 Top5 100.00
2025-12-19 10:27:42,858 - INFO  - [NUDE][TRAIN] Epoch 111/120 Iter 140/390 Loss 0.0005 Top1 99.99 Top5 100.00
2025-12-19 10:27:46,446 - INFO  - [NUDE][TRAIN] Epoch 111/120 Iter 160/390 Loss 0.0005 Top1 100.00 Top5 100.00
2025-12-19 10:27:49,953 - INFO  - [NUDE][TRAIN] Epoch 111/120 Iter 180/390 Loss 0.0005 Top1 100.00 Top5 100.00
2025-12-19 10:27:53,606 - INFO  - [NUDE][TRAIN] Epoch 111/120 Iter 200/390 Loss 0.0005 Top1 100.00 Top5 100.00
2025-12-19 10:27:57,115 - INFO  - [NUDE][TRAIN] Epoch 111/120 Iter 220/390 Loss 0.0005 Top1 100.00 Top5 100.00
2025-12-19 10:28:00,757 - INFO  - [NUDE][TRAIN] Epoch 111/120 Iter 240/390 Loss 0.0005 Top1 100.00 Top5 100.00
2025-12-19 10:28:04,307 - INFO  - [NUDE][TRAIN] Epoch 111/120 Iter 260/390 Loss 0.0004 Top1 100.00 Top5 100.00
2025-12-19 10:28:07,980 - INFO  - [NUDE][TRAIN] Epoch 111/120 Iter 280/390 Loss 0.0004 Top1 100.00 Top5 100.00
2025-12-19 10:28:11,569 - INFO  - [NUDE][TRAIN] Epoch 111/120 Iter 300/390 Loss 0.0005 Top1 99.99 Top5 100.00
2025-12-19 10:28:15,190 - INFO  - [NUDE][TRAIN] Epoch 111/120 Iter 320/390 Loss 0.0004 Top1 100.00 Top5 100.00
2025-12-19 10:28:18,684 - INFO  - [NUDE][TRAIN] Epoch 111/120 Iter 340/390 Loss 0.0004 Top1 100.00 Top5 100.00
2025-12-19 10:28:22,309 - INFO  - [NUDE][TRAIN] Epoch 111/120 Iter 360/390 Loss 0.0004 Top1 100.00 Top5 100.00
2025-12-19 10:28:25,941 - INFO  - [NUDE][TRAIN] Epoch 111/120 Iter 380/390 Loss 0.0004 Top1 100.00 Top5 100.00
2025-12-19 10:28:27,739 - INFO  - [NUDE] Validate: force max bit-width W/A = 6
2025-12-19 10:28:30,035 - INFO  - [NUDE][EPOCH] 111/120 Train: Top1=100.00 Top5=100.00 Loss=0.0004 | Val(EMA): Top1=94.02
2025-12-19 10:28:30,710 - INFO  - ([112] Epoch) Saving checkpoint to:
             Current: /root/autodl-tmp/retraining-free-quantization/training/resnet18_cifar10_nude_srqat_ls1em04/resnet18_cifar10_nude_srqat_ls1em04_checkpoint.pth.tar

2025-12-19 10:28:30,720 - INFO  - [NUDE] Epoch 112: force max bit-width W/A = 6
2025-12-19 10:28:34,561 - INFO  - [NUDE][TRAIN] Epoch 112/120 Iter 20/390 Loss 0.0007 Top1 100.00 Top5 100.00
2025-12-19 10:28:38,159 - INFO  - [NUDE][TRAIN] Epoch 112/120 Iter 40/390 Loss 0.0005 Top1 100.00 Top5 100.00
2025-12-19 10:28:41,688 - INFO  - [NUDE][TRAIN] Epoch 112/120 Iter 60/390 Loss 0.0004 Top1 100.00 Top5 100.00
2025-12-19 10:28:45,371 - INFO  - [NUDE][TRAIN] Epoch 112/120 Iter 80/390 Loss 0.0004 Top1 100.00 Top5 100.00
2025-12-19 10:28:49,003 - INFO  - [NUDE][TRAIN] Epoch 112/120 Iter 100/390 Loss 0.0004 Top1 100.00 Top5 100.00
2025-12-19 10:28:52,577 - INFO  - [NUDE][TRAIN] Epoch 112/120 Iter 120/390 Loss 0.0003 Top1 100.00 Top5 100.00
2025-12-19 10:28:56,089 - INFO  - [NUDE][TRAIN] Epoch 112/120 Iter 140/390 Loss 0.0003 Top1 100.00 Top5 100.00
2025-12-19 10:28:59,723 - INFO  - [NUDE][TRAIN] Epoch 112/120 Iter 160/390 Loss 0.0003 Top1 100.00 Top5 100.00
2025-12-19 10:29:03,310 - INFO  - [NUDE][TRAIN] Epoch 112/120 Iter 180/390 Loss 0.0003 Top1 100.00 Top5 100.00
2025-12-19 10:29:06,870 - INFO  - [NUDE][TRAIN] Epoch 112/120 Iter 200/390 Loss 0.0003 Top1 100.00 Top5 100.00
2025-12-19 10:29:10,313 - INFO  - [NUDE][TRAIN] Epoch 112/120 Iter 220/390 Loss 0.0004 Top1 100.00 Top5 100.00
2025-12-19 10:29:13,874 - INFO  - [NUDE][TRAIN] Epoch 112/120 Iter 240/390 Loss 0.0003 Top1 100.00 Top5 100.00
2025-12-19 10:29:17,367 - INFO  - [NUDE][TRAIN] Epoch 112/120 Iter 260/390 Loss 0.0003 Top1 100.00 Top5 100.00
2025-12-19 10:29:20,961 - INFO  - [NUDE][TRAIN] Epoch 112/120 Iter 280/390 Loss 0.0003 Top1 100.00 Top5 100.00
2025-12-19 10:29:24,464 - INFO  - [NUDE][TRAIN] Epoch 112/120 Iter 300/390 Loss 0.0003 Top1 100.00 Top5 100.00
2025-12-19 10:29:28,149 - INFO  - [NUDE][TRAIN] Epoch 112/120 Iter 320/390 Loss 0.0003 Top1 100.00 Top5 100.00
2025-12-19 10:29:31,711 - INFO  - [NUDE][TRAIN] Epoch 112/120 Iter 340/390 Loss 0.0004 Top1 100.00 Top5 100.00
2025-12-19 10:29:35,332 - INFO  - [NUDE][TRAIN] Epoch 112/120 Iter 360/390 Loss 0.0004 Top1 99.99 Top5 100.00
2025-12-19 10:29:39,026 - INFO  - [NUDE][TRAIN] Epoch 112/120 Iter 380/390 Loss 0.0004 Top1 99.99 Top5 100.00
2025-12-19 10:29:40,820 - INFO  - [NUDE] Validate: force max bit-width W/A = 6
2025-12-19 10:29:43,104 - INFO  - [NUDE][EPOCH] 112/120 Train: Top1=99.99 Top5=100.00 Loss=0.0004 | Val(EMA): Top1=93.96
2025-12-19 10:29:43,728 - INFO  - ([113] Epoch) Saving checkpoint to:
             Current: /root/autodl-tmp/retraining-free-quantization/training/resnet18_cifar10_nude_srqat_ls1em04/resnet18_cifar10_nude_srqat_ls1em04_checkpoint.pth.tar

2025-12-19 10:29:43,739 - INFO  - [NUDE] Epoch 113: force max bit-width W/A = 6
2025-12-19 10:29:47,633 - INFO  - [NUDE][TRAIN] Epoch 113/120 Iter 20/390 Loss 0.0001 Top1 100.00 Top5 100.00
2025-12-19 10:29:51,177 - INFO  - [NUDE][TRAIN] Epoch 113/120 Iter 40/390 Loss 0.0002 Top1 100.00 Top5 100.00
2025-12-19 10:29:54,790 - INFO  - [NUDE][TRAIN] Epoch 113/120 Iter 60/390 Loss 0.0002 Top1 100.00 Top5 100.00
2025-12-19 10:29:58,312 - INFO  - [NUDE][TRAIN] Epoch 113/120 Iter 80/390 Loss 0.0003 Top1 100.00 Top5 100.00
2025-12-19 10:30:01,942 - INFO  - [NUDE][TRAIN] Epoch 113/120 Iter 100/390 Loss 0.0004 Top1 99.99 Top5 100.00
2025-12-19 10:30:05,620 - INFO  - [NUDE][TRAIN] Epoch 113/120 Iter 120/390 Loss 0.0006 Top1 99.98 Top5 100.00
2025-12-19 10:30:09,150 - INFO  - [NUDE][TRAIN] Epoch 113/120 Iter 140/390 Loss 0.0006 Top1 99.98 Top5 100.00
2025-12-19 10:30:12,763 - INFO  - [NUDE][TRAIN] Epoch 113/120 Iter 160/390 Loss 0.0006 Top1 99.98 Top5 100.00
2025-12-19 10:30:16,411 - INFO  - [NUDE][TRAIN] Epoch 113/120 Iter 180/390 Loss 0.0005 Top1 99.98 Top5 100.00
2025-12-19 10:30:20,073 - INFO  - [NUDE][TRAIN] Epoch 113/120 Iter 200/390 Loss 0.0005 Top1 99.98 Top5 100.00
2025-12-19 10:30:23,669 - INFO  - [NUDE][TRAIN] Epoch 113/120 Iter 220/390 Loss 0.0005 Top1 99.99 Top5 100.00
2025-12-19 10:30:27,296 - INFO  - [NUDE][TRAIN] Epoch 113/120 Iter 240/390 Loss 0.0005 Top1 99.99 Top5 100.00
2025-12-19 10:30:30,859 - INFO  - [NUDE][TRAIN] Epoch 113/120 Iter 260/390 Loss 0.0005 Top1 99.99 Top5 100.00
2025-12-19 10:30:34,462 - INFO  - [NUDE][TRAIN] Epoch 113/120 Iter 280/390 Loss 0.0005 Top1 99.99 Top5 100.00
2025-12-19 10:30:37,951 - INFO  - [NUDE][TRAIN] Epoch 113/120 Iter 300/390 Loss 0.0004 Top1 99.99 Top5 100.00
2025-12-19 10:30:41,567 - INFO  - [NUDE][TRAIN] Epoch 113/120 Iter 320/390 Loss 0.0004 Top1 99.99 Top5 100.00
2025-12-19 10:30:45,072 - INFO  - [NUDE][TRAIN] Epoch 113/120 Iter 340/390 Loss 0.0005 Top1 99.99 Top5 100.00
2025-12-19 10:30:48,669 - INFO  - [NUDE][TRAIN] Epoch 113/120 Iter 360/390 Loss 0.0005 Top1 99.99 Top5 100.00
2025-12-19 10:30:52,243 - INFO  - [NUDE][TRAIN] Epoch 113/120 Iter 380/390 Loss 0.0005 Top1 99.99 Top5 100.00
2025-12-19 10:30:54,012 - INFO  - [NUDE] Validate: force max bit-width W/A = 6
2025-12-19 10:30:56,299 - INFO  - [NUDE][EPOCH] 113/120 Train: Top1=99.99 Top5=100.00 Loss=0.0005 | Val(EMA): Top1=93.91
2025-12-19 10:30:57,009 - INFO  - ([114] Epoch) Saving checkpoint to:
             Current: /root/autodl-tmp/retraining-free-quantization/training/resnet18_cifar10_nude_srqat_ls1em04/resnet18_cifar10_nude_srqat_ls1em04_checkpoint.pth.tar

2025-12-19 10:30:57,022 - INFO  - [NUDE] Epoch 114: force max bit-width W/A = 6
2025-12-19 10:31:00,983 - INFO  - [NUDE][TRAIN] Epoch 114/120 Iter 20/390 Loss 0.0007 Top1 99.96 Top5 100.00
2025-12-19 10:31:04,550 - INFO  - [NUDE][TRAIN] Epoch 114/120 Iter 40/390 Loss 0.0007 Top1 99.96 Top5 100.00
2025-12-19 10:31:08,253 - INFO  - [NUDE][TRAIN] Epoch 114/120 Iter 60/390 Loss 0.0008 Top1 99.96 Top5 100.00
2025-12-19 10:31:11,783 - INFO  - [NUDE][TRAIN] Epoch 114/120 Iter 80/390 Loss 0.0007 Top1 99.97 Top5 100.00
2025-12-19 10:31:15,413 - INFO  - [NUDE][TRAIN] Epoch 114/120 Iter 100/390 Loss 0.0006 Top1 99.98 Top5 100.00
2025-12-19 10:31:18,952 - INFO  - [NUDE][TRAIN] Epoch 114/120 Iter 120/390 Loss 0.0006 Top1 99.98 Top5 100.00
2025-12-19 10:31:22,529 - INFO  - [NUDE][TRAIN] Epoch 114/120 Iter 140/390 Loss 0.0008 Top1 99.98 Top5 100.00
2025-12-19 10:31:26,134 - INFO  - [NUDE][TRAIN] Epoch 114/120 Iter 160/390 Loss 0.0008 Top1 99.98 Top5 100.00
2025-12-19 10:31:29,641 - INFO  - [NUDE][TRAIN] Epoch 114/120 Iter 180/390 Loss 0.0009 Top1 99.98 Top5 100.00
2025-12-19 10:31:33,250 - INFO  - [NUDE][TRAIN] Epoch 114/120 Iter 200/390 Loss 0.0009 Top1 99.98 Top5 100.00
2025-12-19 10:31:36,796 - INFO  - [NUDE][TRAIN] Epoch 114/120 Iter 220/390 Loss 0.0008 Top1 99.98 Top5 100.00
2025-12-19 10:31:40,420 - INFO  - [NUDE][TRAIN] Epoch 114/120 Iter 240/390 Loss 0.0008 Top1 99.98 Top5 100.00
2025-12-19 10:31:43,916 - INFO  - [NUDE][TRAIN] Epoch 114/120 Iter 260/390 Loss 0.0007 Top1 99.98 Top5 100.00
2025-12-19 10:31:47,514 - INFO  - [NUDE][TRAIN] Epoch 114/120 Iter 280/390 Loss 0.0007 Top1 99.99 Top5 100.00
2025-12-19 10:31:50,997 - INFO  - [NUDE][TRAIN] Epoch 114/120 Iter 300/390 Loss 0.0007 Top1 99.99 Top5 100.00
2025-12-19 10:31:54,592 - INFO  - [NUDE][TRAIN] Epoch 114/120 Iter 320/390 Loss 0.0006 Top1 99.99 Top5 100.00
2025-12-19 10:31:58,137 - INFO  - [NUDE][TRAIN] Epoch 114/120 Iter 340/390 Loss 0.0006 Top1 99.99 Top5 100.00
2025-12-19 10:32:02,255 - INFO  - [NUDE][TRAIN] Epoch 114/120 Iter 360/390 Loss 0.0006 Top1 99.99 Top5 100.00
2025-12-19 10:32:05,895 - INFO  - [NUDE][TRAIN] Epoch 114/120 Iter 380/390 Loss 0.0006 Top1 99.99 Top5 100.00
2025-12-19 10:32:07,727 - INFO  - [NUDE] Validate: force max bit-width W/A = 6
2025-12-19 10:32:10,020 - INFO  - [NUDE][EPOCH] 114/120 Train: Top1=99.99 Top5=100.00 Loss=0.0006 | Val(EMA): Top1=93.95
2025-12-19 10:32:10,502 - INFO  - ([115] Epoch) Saving checkpoint to:
             Current: /root/autodl-tmp/retraining-free-quantization/training/resnet18_cifar10_nude_srqat_ls1em04/resnet18_cifar10_nude_srqat_ls1em04_checkpoint.pth.tar

2025-12-19 10:32:10,512 - INFO  - [NUDE] Epoch 115: force max bit-width W/A = 6
2025-12-19 10:32:14,370 - INFO  - [NUDE][TRAIN] Epoch 115/120 Iter 20/390 Loss 0.0003 Top1 100.00 Top5 100.00
2025-12-19 10:32:17,870 - INFO  - [NUDE][TRAIN] Epoch 115/120 Iter 40/390 Loss 0.0002 Top1 100.00 Top5 100.00
2025-12-19 10:32:21,510 - INFO  - [NUDE][TRAIN] Epoch 115/120 Iter 60/390 Loss 0.0002 Top1 100.00 Top5 100.00
2025-12-19 10:32:25,028 - INFO  - [NUDE][TRAIN] Epoch 115/120 Iter 80/390 Loss 0.0003 Top1 100.00 Top5 100.00
2025-12-19 10:32:28,664 - INFO  - [NUDE][TRAIN] Epoch 115/120 Iter 100/390 Loss 0.0003 Top1 100.00 Top5 100.00
2025-12-19 10:32:32,284 - INFO  - [NUDE][TRAIN] Epoch 115/120 Iter 120/390 Loss 0.0003 Top1 99.99 Top5 100.00
2025-12-19 10:32:35,942 - INFO  - [NUDE][TRAIN] Epoch 115/120 Iter 140/390 Loss 0.0003 Top1 99.99 Top5 100.00
2025-12-19 10:32:39,601 - INFO  - [NUDE][TRAIN] Epoch 115/120 Iter 160/390 Loss 0.0003 Top1 100.00 Top5 100.00
2025-12-19 10:32:43,082 - INFO  - [NUDE][TRAIN] Epoch 115/120 Iter 180/390 Loss 0.0003 Top1 100.00 Top5 100.00
2025-12-19 10:32:46,711 - INFO  - [NUDE][TRAIN] Epoch 115/120 Iter 200/390 Loss 0.0003 Top1 100.00 Top5 100.00
2025-12-19 10:32:50,308 - INFO  - [NUDE][TRAIN] Epoch 115/120 Iter 220/390 Loss 0.0003 Top1 100.00 Top5 100.00
2025-12-19 10:32:53,915 - INFO  - [NUDE][TRAIN] Epoch 115/120 Iter 240/390 Loss 0.0003 Top1 100.00 Top5 100.00
2025-12-19 10:32:57,404 - INFO  - [NUDE][TRAIN] Epoch 115/120 Iter 260/390 Loss 0.0004 Top1 99.99 Top5 100.00
2025-12-19 10:33:01,013 - INFO  - [NUDE][TRAIN] Epoch 115/120 Iter 280/390 Loss 0.0004 Top1 99.99 Top5 100.00
2025-12-19 10:33:04,517 - INFO  - [NUDE][TRAIN] Epoch 115/120 Iter 300/390 Loss 0.0004 Top1 99.99 Top5 100.00
2025-12-19 10:33:08,155 - INFO  - [NUDE][TRAIN] Epoch 115/120 Iter 320/390 Loss 0.0004 Top1 100.00 Top5 100.00
2025-12-19 10:33:11,678 - INFO  - [NUDE][TRAIN] Epoch 115/120 Iter 340/390 Loss 0.0004 Top1 100.00 Top5 100.00
2025-12-19 10:33:15,354 - INFO  - [NUDE][TRAIN] Epoch 115/120 Iter 360/390 Loss 0.0004 Top1 99.99 Top5 100.00
2025-12-19 10:33:18,971 - INFO  - [NUDE][TRAIN] Epoch 115/120 Iter 380/390 Loss 0.0004 Top1 99.99 Top5 100.00
2025-12-19 10:33:20,790 - INFO  - [NUDE] Validate: force max bit-width W/A = 6
2025-12-19 10:33:23,090 - INFO  - [NUDE][EPOCH] 115/120 Train: Top1=99.99 Top5=100.00 Loss=0.0004 | Val(EMA): Top1=93.91
2025-12-19 10:33:23,714 - INFO  - ([116] Epoch) Saving checkpoint to:
             Current: /root/autodl-tmp/retraining-free-quantization/training/resnet18_cifar10_nude_srqat_ls1em04/resnet18_cifar10_nude_srqat_ls1em04_checkpoint.pth.tar

2025-12-19 10:33:23,724 - INFO  - [NUDE] Epoch 116: force max bit-width W/A = 6
2025-12-19 10:33:27,574 - INFO  - [NUDE][TRAIN] Epoch 116/120 Iter 20/390 Loss 0.0010 Top1 99.96 Top5 100.00
2025-12-19 10:33:31,152 - INFO  - [NUDE][TRAIN] Epoch 116/120 Iter 40/390 Loss 0.0010 Top1 99.96 Top5 100.00
2025-12-19 10:33:34,650 - INFO  - [NUDE][TRAIN] Epoch 116/120 Iter 60/390 Loss 0.0010 Top1 99.96 Top5 100.00
2025-12-19 10:33:38,156 - INFO  - [NUDE][TRAIN] Epoch 116/120 Iter 80/390 Loss 0.0009 Top1 99.97 Top5 100.00
2025-12-19 10:33:41,777 - INFO  - [NUDE][TRAIN] Epoch 116/120 Iter 100/390 Loss 0.0007 Top1 99.98 Top5 100.00
2025-12-19 10:33:45,390 - INFO  - [NUDE][TRAIN] Epoch 116/120 Iter 120/390 Loss 0.0007 Top1 99.98 Top5 100.00
2025-12-19 10:33:48,962 - INFO  - [NUDE][TRAIN] Epoch 116/120 Iter 140/390 Loss 0.0006 Top1 99.98 Top5 100.00
2025-12-19 10:33:52,592 - INFO  - [NUDE][TRAIN] Epoch 116/120 Iter 160/390 Loss 0.0006 Top1 99.99 Top5 100.00
2025-12-19 10:33:56,105 - INFO  - [NUDE][TRAIN] Epoch 116/120 Iter 180/390 Loss 0.0005 Top1 99.99 Top5 100.00
2025-12-19 10:33:59,739 - INFO  - [NUDE][TRAIN] Epoch 116/120 Iter 200/390 Loss 0.0007 Top1 99.98 Top5 100.00
2025-12-19 10:34:03,245 - INFO  - [NUDE][TRAIN] Epoch 116/120 Iter 220/390 Loss 0.0006 Top1 99.99 Top5 100.00
2025-12-19 10:34:06,862 - INFO  - [NUDE][TRAIN] Epoch 116/120 Iter 240/390 Loss 0.0006 Top1 99.99 Top5 100.00
2025-12-19 10:34:10,423 - INFO  - [NUDE][TRAIN] Epoch 116/120 Iter 260/390 Loss 0.0006 Top1 99.99 Top5 100.00
2025-12-19 10:34:14,076 - INFO  - [NUDE][TRAIN] Epoch 116/120 Iter 280/390 Loss 0.0007 Top1 99.99 Top5 100.00
2025-12-19 10:34:17,587 - INFO  - [NUDE][TRAIN] Epoch 116/120 Iter 300/390 Loss 0.0006 Top1 99.99 Top5 100.00
2025-12-19 10:34:21,252 - INFO  - [NUDE][TRAIN] Epoch 116/120 Iter 320/390 Loss 0.0006 Top1 99.99 Top5 100.00
2025-12-19 10:34:24,765 - INFO  - [NUDE][TRAIN] Epoch 116/120 Iter 340/390 Loss 0.0006 Top1 99.99 Top5 100.00
2025-12-19 10:34:28,416 - INFO  - [NUDE][TRAIN] Epoch 116/120 Iter 360/390 Loss 0.0006 Top1 99.99 Top5 100.00
2025-12-19 10:34:31,947 - INFO  - [NUDE][TRAIN] Epoch 116/120 Iter 380/390 Loss 0.0006 Top1 99.99 Top5 100.00
2025-12-19 10:34:33,713 - INFO  - [NUDE] Validate: force max bit-width W/A = 6
2025-12-19 10:34:35,979 - INFO  - [NUDE][EPOCH] 116/120 Train: Top1=99.99 Top5=100.00 Loss=0.0006 | Val(EMA): Top1=93.92
2025-12-19 10:34:36,568 - INFO  - ([117] Epoch) Saving checkpoint to:
             Current: /root/autodl-tmp/retraining-free-quantization/training/resnet18_cifar10_nude_srqat_ls1em04/resnet18_cifar10_nude_srqat_ls1em04_checkpoint.pth.tar

2025-12-19 10:34:36,578 - INFO  - [NUDE] Epoch 117: force max bit-width W/A = 6
2025-12-19 10:34:40,384 - INFO  - [NUDE][TRAIN] Epoch 117/120 Iter 20/390 Loss 0.0015 Top1 99.96 Top5 100.00
2025-12-19 10:34:43,898 - INFO  - [NUDE][TRAIN] Epoch 117/120 Iter 40/390 Loss 0.0009 Top1 99.98 Top5 100.00
2025-12-19 10:34:47,669 - INFO  - [NUDE][TRAIN] Epoch 117/120 Iter 60/390 Loss 0.0008 Top1 99.99 Top5 100.00
2025-12-19 10:34:51,252 - INFO  - [NUDE][TRAIN] Epoch 117/120 Iter 80/390 Loss 0.0007 Top1 99.99 Top5 100.00
2025-12-19 10:34:54,936 - INFO  - [NUDE][TRAIN] Epoch 117/120 Iter 100/390 Loss 0.0006 Top1 99.99 Top5 100.00
2025-12-19 10:34:58,543 - INFO  - [NUDE][TRAIN] Epoch 117/120 Iter 120/390 Loss 0.0005 Top1 99.99 Top5 100.00
2025-12-19 10:35:02,061 - INFO  - [NUDE][TRAIN] Epoch 117/120 Iter 140/390 Loss 0.0006 Top1 99.99 Top5 100.00
2025-12-19 10:35:05,718 - INFO  - [NUDE][TRAIN] Epoch 117/120 Iter 160/390 Loss 0.0006 Top1 99.99 Top5 100.00
2025-12-19 10:35:09,258 - INFO  - [NUDE][TRAIN] Epoch 117/120 Iter 180/390 Loss 0.0006 Top1 99.99 Top5 100.00
2025-12-19 10:35:12,906 - INFO  - [NUDE][TRAIN] Epoch 117/120 Iter 200/390 Loss 0.0005 Top1 99.99 Top5 100.00
2025-12-19 10:35:16,431 - INFO  - [NUDE][TRAIN] Epoch 117/120 Iter 220/390 Loss 0.0005 Top1 99.99 Top5 100.00
2025-12-19 10:35:20,021 - INFO  - [NUDE][TRAIN] Epoch 117/120 Iter 240/390 Loss 0.0005 Top1 99.99 Top5 100.00
2025-12-19 10:35:23,515 - INFO  - [NUDE][TRAIN] Epoch 117/120 Iter 260/390 Loss 0.0005 Top1 99.99 Top5 100.00
2025-12-19 10:35:27,159 - INFO  - [NUDE][TRAIN] Epoch 117/120 Iter 280/390 Loss 0.0005 Top1 99.99 Top5 100.00
2025-12-19 10:35:30,746 - INFO  - [NUDE][TRAIN] Epoch 117/120 Iter 300/390 Loss 0.0005 Top1 99.99 Top5 100.00
2025-12-19 10:35:34,371 - INFO  - [NUDE][TRAIN] Epoch 117/120 Iter 320/390 Loss 0.0005 Top1 99.99 Top5 100.00
2025-12-19 10:35:37,910 - INFO  - [NUDE][TRAIN] Epoch 117/120 Iter 340/390 Loss 0.0005 Top1 99.99 Top5 100.00
2025-12-19 10:35:41,549 - INFO  - [NUDE][TRAIN] Epoch 117/120 Iter 360/390 Loss 0.0004 Top1 99.99 Top5 100.00
2025-12-19 10:35:45,194 - INFO  - [NUDE][TRAIN] Epoch 117/120 Iter 380/390 Loss 0.0004 Top1 99.99 Top5 100.00
2025-12-19 10:35:47,012 - INFO  - [NUDE] Validate: force max bit-width W/A = 6
2025-12-19 10:35:49,330 - INFO  - [NUDE][EPOCH] 117/120 Train: Top1=99.99 Top5=100.00 Loss=0.0005 | Val(EMA): Top1=93.92
2025-12-19 10:35:49,909 - INFO  - ([118] Epoch) Saving checkpoint to:
             Current: /root/autodl-tmp/retraining-free-quantization/training/resnet18_cifar10_nude_srqat_ls1em04/resnet18_cifar10_nude_srqat_ls1em04_checkpoint.pth.tar

2025-12-19 10:35:49,924 - INFO  - [NUDE] Epoch 118: force max bit-width W/A = 6
2025-12-19 10:35:53,804 - INFO  - [NUDE][TRAIN] Epoch 118/120 Iter 20/390 Loss 0.0002 Top1 100.00 Top5 100.00
2025-12-19 10:35:57,389 - INFO  - [NUDE][TRAIN] Epoch 118/120 Iter 40/390 Loss 0.0003 Top1 100.00 Top5 100.00
2025-12-19 10:36:01,008 - INFO  - [NUDE][TRAIN] Epoch 118/120 Iter 60/390 Loss 0.0003 Top1 100.00 Top5 100.00
2025-12-19 10:36:04,553 - INFO  - [NUDE][TRAIN] Epoch 118/120 Iter 80/390 Loss 0.0003 Top1 100.00 Top5 100.00
2025-12-19 10:36:08,207 - INFO  - [NUDE][TRAIN] Epoch 118/120 Iter 100/390 Loss 0.0003 Top1 100.00 Top5 100.00
2025-12-19 10:36:11,715 - INFO  - [NUDE][TRAIN] Epoch 118/120 Iter 120/390 Loss 0.0003 Top1 100.00 Top5 100.00
2025-12-19 10:36:15,316 - INFO  - [NUDE][TRAIN] Epoch 118/120 Iter 140/390 Loss 0.0003 Top1 100.00 Top5 100.00
2025-12-19 10:36:18,860 - INFO  - [NUDE][TRAIN] Epoch 118/120 Iter 160/390 Loss 0.0003 Top1 100.00 Top5 100.00
2025-12-19 10:36:22,306 - INFO  - [NUDE][TRAIN] Epoch 118/120 Iter 180/390 Loss 0.0003 Top1 100.00 Top5 100.00
2025-12-19 10:36:25,856 - INFO  - [NUDE][TRAIN] Epoch 118/120 Iter 200/390 Loss 0.0003 Top1 100.00 Top5 100.00
2025-12-19 10:36:29,357 - INFO  - [NUDE][TRAIN] Epoch 118/120 Iter 220/390 Loss 0.0003 Top1 100.00 Top5 100.00
2025-12-19 10:36:32,987 - INFO  - [NUDE][TRAIN] Epoch 118/120 Iter 240/390 Loss 0.0003 Top1 100.00 Top5 100.00
2025-12-19 10:36:36,500 - INFO  - [NUDE][TRAIN] Epoch 118/120 Iter 260/390 Loss 0.0003 Top1 100.00 Top5 100.00
2025-12-19 10:36:40,198 - INFO  - [NUDE][TRAIN] Epoch 118/120 Iter 280/390 Loss 0.0003 Top1 100.00 Top5 100.00
2025-12-19 10:36:43,726 - INFO  - [NUDE][TRAIN] Epoch 118/120 Iter 300/390 Loss 0.0003 Top1 100.00 Top5 100.00
2025-12-19 10:36:47,354 - INFO  - [NUDE][TRAIN] Epoch 118/120 Iter 320/390 Loss 0.0003 Top1 100.00 Top5 100.00
2025-12-19 10:36:50,857 - INFO  - [NUDE][TRAIN] Epoch 118/120 Iter 340/390 Loss 0.0003 Top1 100.00 Top5 100.00
2025-12-19 10:36:54,546 - INFO  - [NUDE][TRAIN] Epoch 118/120 Iter 360/390 Loss 0.0003 Top1 100.00 Top5 100.00
2025-12-19 10:36:58,137 - INFO  - [NUDE][TRAIN] Epoch 118/120 Iter 380/390 Loss 0.0003 Top1 100.00 Top5 100.00
2025-12-19 10:36:59,935 - INFO  - [NUDE] Validate: force max bit-width W/A = 6
2025-12-19 10:37:02,251 - INFO  - [NUDE][EPOCH] 118/120 Train: Top1=100.00 Top5=100.00 Loss=0.0003 | Val(EMA): Top1=93.85
2025-12-19 10:37:03,017 - INFO  - ([119] Epoch) Saving checkpoint to:
             Current: /root/autodl-tmp/retraining-free-quantization/training/resnet18_cifar10_nude_srqat_ls1em04/resnet18_cifar10_nude_srqat_ls1em04_checkpoint.pth.tar

2025-12-19 10:37:03,027 - INFO  - [NUDE] Epoch 119: force max bit-width W/A = 6
2025-12-19 10:37:06,911 - INFO  - [NUDE][TRAIN] Epoch 119/120 Iter 20/390 Loss 0.0003 Top1 100.00 Top5 100.00
2025-12-19 10:37:10,415 - INFO  - [NUDE][TRAIN] Epoch 119/120 Iter 40/390 Loss 0.0004 Top1 100.00 Top5 100.00
2025-12-19 10:37:14,029 - INFO  - [NUDE][TRAIN] Epoch 119/120 Iter 60/390 Loss 0.0003 Top1 100.00 Top5 100.00
2025-12-19 10:37:17,559 - INFO  - [NUDE][TRAIN] Epoch 119/120 Iter 80/390 Loss 0.0003 Top1 100.00 Top5 100.00
2025-12-19 10:37:21,221 - INFO  - [NUDE][TRAIN] Epoch 119/120 Iter 100/390 Loss 0.0003 Top1 100.00 Top5 100.00
2025-12-19 10:37:24,730 - INFO  - [NUDE][TRAIN] Epoch 119/120 Iter 120/390 Loss 0.0003 Top1 100.00 Top5 100.00
2025-12-19 10:37:28,363 - INFO  - [NUDE][TRAIN] Epoch 119/120 Iter 140/390 Loss 0.0003 Top1 100.00 Top5 100.00
2025-12-19 10:37:32,449 - INFO  - [NUDE][TRAIN] Epoch 119/120 Iter 160/390 Loss 0.0003 Top1 100.00 Top5 100.00
2025-12-19 10:37:36,131 - INFO  - [NUDE][TRAIN] Epoch 119/120 Iter 180/390 Loss 0.0004 Top1 99.99 Top5 100.00
2025-12-19 10:37:39,808 - INFO  - [NUDE][TRAIN] Epoch 119/120 Iter 200/390 Loss 0.0003 Top1 99.99 Top5 100.00
2025-12-19 10:37:43,356 - INFO  - [NUDE][TRAIN] Epoch 119/120 Iter 220/390 Loss 0.0004 Top1 99.99 Top5 100.00
2025-12-19 10:37:47,039 - INFO  - [NUDE][TRAIN] Epoch 119/120 Iter 240/390 Loss 0.0004 Top1 99.99 Top5 100.00
2025-12-19 10:37:50,636 - INFO  - [NUDE][TRAIN] Epoch 119/120 Iter 260/390 Loss 0.0003 Top1 99.99 Top5 100.00
2025-12-19 10:37:54,228 - INFO  - [NUDE][TRAIN] Epoch 119/120 Iter 280/390 Loss 0.0003 Top1 99.99 Top5 100.00
2025-12-19 10:37:57,719 - INFO  - [NUDE][TRAIN] Epoch 119/120 Iter 300/390 Loss 0.0003 Top1 99.99 Top5 100.00
2025-12-19 10:38:01,411 - INFO  - [NUDE][TRAIN] Epoch 119/120 Iter 320/390 Loss 0.0003 Top1 100.00 Top5 100.00
2025-12-19 10:38:04,979 - INFO  - [NUDE][TRAIN] Epoch 119/120 Iter 340/390 Loss 0.0004 Top1 99.99 Top5 100.00
2025-12-19 10:38:08,535 - INFO  - [NUDE][TRAIN] Epoch 119/120 Iter 360/390 Loss 0.0004 Top1 99.99 Top5 100.00
2025-12-19 10:38:12,102 - INFO  - [NUDE][TRAIN] Epoch 119/120 Iter 380/390 Loss 0.0004 Top1 99.99 Top5 100.00
2025-12-19 10:38:13,926 - INFO  - [NUDE] Validate: force max bit-width W/A = 6
2025-12-19 10:38:16,177 - INFO  - [NUDE][EPOCH] 119/120 Train: Top1=99.99 Top5=100.00 Loss=0.0004 | Val(EMA): Top1=93.97
2025-12-19 10:38:16,647 - INFO  - ([120] Epoch) Saving checkpoint to:
             Current: /root/autodl-tmp/retraining-free-quantization/training/resnet18_cifar10_nude_srqat_ls1em04/resnet18_cifar10_nude_srqat_ls1em04_checkpoint.pth.tar

