2025-12-27 20:57:26,590 - INFO  - Log file for this run: /root/autodl-tmp/retraining-free-quantization/training/r18_c10_nude_0.02_wrnorm_0.5/r18_c10_nude_0.02_wrnorm_0.5.log
2025-12-27 20:57:26,595 - INFO  - TensorBoard data directory: /root/autodl-tmp/retraining-free-quantization/training/r18_c10_nude_0.02_wrnorm_0.5/tb_runs
2025-12-27 20:57:26,595 - INFO  - Code backup completed. Code saved to: /root/autodl-tmp/retraining-free-quantization/training/r18_c10_nude_0.02_wrnorm_0.5/code/.cursor
2025-12-27 20:57:26,595 - INFO  - Code backup completed. Code saved to: /root/autodl-tmp/retraining-free-quantization/training/r18_c10_nude_0.02_wrnorm_0.5/code/.vscode
2025-12-27 20:57:26,595 - INFO  - Code backup completed. Code saved to: /root/autodl-tmp/retraining-free-quantization/training/r18_c10_nude_0.02_wrnorm_0.5/code/activation_dumps/denoise_restorer/clean/clean
2025-12-27 20:57:26,595 - INFO  - Code backup completed. Code saved to: /root/autodl-tmp/retraining-free-quantization/training/r18_c10_nude_0.02_wrnorm_0.5/code/activation_dumps/denoise_restorer/clean
2025-12-27 20:57:26,595 - INFO  - Code backup completed. Code saved to: /root/autodl-tmp/retraining-free-quantization/training/r18_c10_nude_0.02_wrnorm_0.5/code/activation_dumps/denoise_restorer/fault/fault
2025-12-27 20:57:26,595 - INFO  - Code backup completed. Code saved to: /root/autodl-tmp/retraining-free-quantization/training/r18_c10_nude_0.02_wrnorm_0.5/code/activation_dumps/denoise_restorer/fault
2025-12-27 20:57:26,595 - INFO  - Code backup completed. Code saved to: /root/autodl-tmp/retraining-free-quantization/training/r18_c10_nude_0.02_wrnorm_0.5/code/activation_dumps/denoise_restorer
2025-12-27 20:57:26,596 - INFO  - Code backup completed. Code saved to: /root/autodl-tmp/retraining-free-quantization/training/r18_c10_nude_0.02_wrnorm_0.5/code/activation_dumps
2025-12-27 20:57:26,596 - INFO  - Code backup completed. Code saved to: /root/autodl-tmp/retraining-free-quantization/training/r18_c10_nude_0.02_wrnorm_0.5/code/checkpoints
2025-12-27 20:57:26,596 - INFO  - Code backup completed. Code saved to: /root/autodl-tmp/retraining-free-quantization/training/r18_c10_nude_0.02_wrnorm_0.5/code/configs/restorer
2025-12-27 20:57:26,596 - INFO  - Code backup completed. Code saved to: /root/autodl-tmp/retraining-free-quantization/training/r18_c10_nude_0.02_wrnorm_0.5/code/configs
2025-12-27 20:57:26,596 - INFO  - Code backup completed. Code saved to: /root/autodl-tmp/retraining-free-quantization/training/r18_c10_nude_0.02_wrnorm_0.5/code/docs
2025-12-27 20:57:26,596 - INFO  - Code backup completed. Code saved to: /root/autodl-tmp/retraining-free-quantization/training/r18_c10_nude_0.02_wrnorm_0.5/code/layer_profiles
2025-12-27 20:57:26,596 - INFO  - Code backup completed. Code saved to: /root/autodl-tmp/retraining-free-quantization/training/r18_c10_nude_0.02_wrnorm_0.5/code/learning_heads
2025-12-27 20:57:26,596 - INFO  - Code backup completed. Code saved to: /root/autodl-tmp/retraining-free-quantization/training/r18_c10_nude_0.02_wrnorm_0.5/code/logs/restorer_pipeline
2025-12-27 20:57:26,597 - INFO  - Code backup completed. Code saved to: /root/autodl-tmp/retraining-free-quantization/training/r18_c10_nude_0.02_wrnorm_0.5/code/logs/sensitive_layer_sets
2025-12-27 20:57:26,597 - INFO  - Code backup completed. Code saved to: /root/autodl-tmp/retraining-free-quantization/training/r18_c10_nude_0.02_wrnorm_0.5/code/logs
2025-12-27 20:57:26,597 - INFO  - Copied code file: __init__.py
2025-12-27 20:57:26,597 - INFO  - Copied code file: alexnet_cifar.py
2025-12-27 20:57:26,597 - INFO  - Copied code file: mobilenetv2.py
2025-12-27 20:57:26,597 - INFO  - Copied code file: model.py
2025-12-27 20:57:26,598 - INFO  - Copied code file: resnet_cifar.py
2025-12-27 20:57:26,598 - INFO  - Code backup completed. Code saved to: /root/autodl-tmp/retraining-free-quantization/training/r18_c10_nude_0.02_wrnorm_0.5/code/model
2025-12-27 20:57:26,598 - INFO  - Copied code file: __init__.py
2025-12-27 20:57:26,598 - INFO  - Copied code file: lsq.py
2025-12-27 20:57:26,598 - INFO  - Copied code file: quantizer.py
2025-12-27 20:57:26,598 - INFO  - Code backup completed. Code saved to: /root/autodl-tmp/retraining-free-quantization/training/r18_c10_nude_0.02_wrnorm_0.5/code/quan/quantizer
2025-12-27 20:57:26,598 - INFO  - Copied code file: __init__.py
2025-12-27 20:57:26,598 - INFO  - Copied code file: func.py
2025-12-27 20:57:26,599 - INFO  - Copied code file: utils.py
2025-12-27 20:57:26,599 - INFO  - Code backup completed. Code saved to: /root/autodl-tmp/retraining-free-quantization/training/r18_c10_nude_0.02_wrnorm_0.5/code/quan
2025-12-27 20:57:26,599 - INFO  - Code backup completed. Code saved to: /root/autodl-tmp/retraining-free-quantization/training/r18_c10_nude_0.02_wrnorm_0.5/code/sensitive_training/alexnet_cifar10_sensitive_stage2/tb_runs
2025-12-27 20:57:26,599 - INFO  - Code backup completed. Code saved to: /root/autodl-tmp/retraining-free-quantization/training/r18_c10_nude_0.02_wrnorm_0.5/code/sensitive_training/alexnet_cifar10_sensitive_stage2
2025-12-27 20:57:26,599 - INFO  - Code backup completed. Code saved to: /root/autodl-tmp/retraining-free-quantization/training/r18_c10_nude_0.02_wrnorm_0.5/code/sensitive_training/alexnet_cifar10_sensitive_stage2_transformer/tb_runs
2025-12-27 20:57:26,599 - INFO  - Code backup completed. Code saved to: /root/autodl-tmp/retraining-free-quantization/training/r18_c10_nude_0.02_wrnorm_0.5/code/sensitive_training/alexnet_cifar10_sensitive_stage2_transformer
2025-12-27 20:57:26,599 - INFO  - Code backup completed. Code saved to: /root/autodl-tmp/retraining-free-quantization/training/r18_c10_nude_0.02_wrnorm_0.5/code/sensitive_training
2025-12-27 20:57:26,599 - INFO  - Copied code file: analyze_corrector_logits.py
2025-12-27 20:57:26,599 - INFO  - Copied code file: analyze_fault_propagation.py
2025-12-27 20:57:26,600 - INFO  - Copied code file: analyze_layer_sensitivity.py
2025-12-27 20:57:26,600 - INFO  - Copied code file: test_fault_injection_baseline_resnet18.py
2025-12-27 20:57:26,600 - INFO  - Copied code file: analyze_multi_bit_sensitivity.py
2025-12-27 20:57:26,600 - INFO  - Copied code file: analyze_single_layer_fault_impact.py
2025-12-27 20:57:26,600 - INFO  - Copied code file: calculate_weight_flip_probability.py
2025-12-27 20:57:26,600 - INFO  - Copied code file: collect_layer_statistics.py
2025-12-27 20:57:26,601 - INFO  - Copied code file: diagnose_corrector_gap.py
2025-12-27 20:57:26,601 - INFO  - Copied code file: sweep_srqat.py
2025-12-27 20:57:26,601 - INFO  - Copied code file: eval_gradient_statistics_restorer.py
2025-12-27 20:57:26,601 - INFO  - Copied code file: eval_sensitive_layer_sets.py
2025-12-27 20:57:26,601 - INFO  - Copied code file: eval_sensitive_restorer.py
2025-12-27 20:57:26,601 - INFO  - Copied code file: eval_with_fault_injection.py
2025-12-27 20:57:26,602 - INFO  - Copied code file: compare_lsq_scales_with_checkpoint.py
2025-12-27 20:57:26,602 - INFO  - Copied code file: test_fault_injector.py
2025-12-27 20:57:26,602 - INFO  - Copied code file: analyze_srqat_scale_weight_norms.py
2025-12-27 20:57:26,602 - INFO  - Copied code file: test_gray_code_fault_injection.py
2025-12-27 20:57:26,602 - INFO  - Copied code file: test_olm_fault_injection.py
2025-12-27 20:57:26,602 - INFO  - Copied code file: export_srqat_penalty_stats.py
2025-12-27 20:57:26,602 - INFO  - Copied code file: train_learning_repair_head.py
2025-12-27 20:57:26,603 - INFO  - Copied code file: train_olm_encoder.py
2025-12-27 20:57:26,603 - INFO  - Copied code file: plot_weight_distribution_violin.py
2025-12-27 20:57:26,603 - INFO  - Copied code file: train_sensitive_repair_head.py
2025-12-27 20:57:26,603 - INFO  - Copied code file: visualize_fault_activation.py
2025-12-27 20:57:26,603 - INFO  - Copied code file: test_learnable_olm_vs_traditional_olm.py
2025-12-27 20:57:26,603 - INFO  - Copied code file: test_fault_injection_baseline.py
2025-12-27 20:57:26,604 - INFO  - Copied code file: analyze_olm_differences.py
2025-12-27 20:57:26,604 - INFO  - Copied code file: test_learnable_olm_consistency.py
2025-12-27 20:57:26,604 - INFO  - Copied code file: test_search_olm_from_checkpoint.py
2025-12-27 20:57:26,604 - INFO  - Copied code file: test_olm_layer_name_check.py
2025-12-27 20:57:26,604 - INFO  - Copied code file: compare_old_new_fault_injector.py
2025-12-27 20:57:26,604 - INFO  - Copied code file: verify_dec2_fault_injector.py
2025-12-27 20:57:26,605 - INFO  - Copied code file: verify_dec2_olm_fault_injection.py
2025-12-27 20:57:26,605 - INFO  - Copied code file: train_olm_encoder_improved.py
2025-12-27 20:57:26,605 - INFO  - Copied code file: train_olm_encoder_improved_v2.py
2025-12-27 20:57:26,605 - INFO  - Copied code file: train_olm_encoder_enhanced.py
2025-12-27 20:57:26,605 - INFO  - Copied code file: compare_olm_vs_gray_code.py
2025-12-27 20:57:26,605 - INFO  - Copied code file: test_bit_range_fault_injection.py
2025-12-27 20:57:26,605 - INFO  - Copied code file: train_olm_encoder_partial_bits.py
2025-12-27 20:57:26,606 - INFO  - Copied code file: test_bit7_flip_direction.py
2025-12-27 20:57:26,606 - INFO  - Copied code file: train_olm_encoder_hybrid.py
2025-12-27 20:57:26,606 - INFO  - Copied code file: train_olm_encoder_hybrid_v2.py
2025-12-27 20:57:26,606 - INFO  - Copied code file: test_hybrid_olm_fault_injection.py
2025-12-27 20:57:26,606 - INFO  - Copied code file: analyze_layerwise_activation_drift.py
2025-12-27 20:57:26,606 - INFO  - Copied code file: compare_models_activation_drift.py
2025-12-27 20:57:26,607 - INFO  - Copied code file: sweep_resnet18_srqat.py
2025-12-27 20:57:26,607 - INFO  - Copied code file: plot_activation_drift_paper.py
2025-12-27 20:57:26,607 - INFO  - Code backup completed. Code saved to: /root/autodl-tmp/retraining-free-quantization/training/r18_c10_nude_0.02_wrnorm_0.5/code/tools
2025-12-27 20:57:26,607 - INFO  - Copied code file: __init__.py
2025-12-27 20:57:26,607 - INFO  - Copied code file: bsam.py
2025-12-27 20:57:26,607 - INFO  - Copied code file: checkpoint.py
2025-12-27 20:57:26,607 - INFO  - Copied code file: config.py
2025-12-27 20:57:26,608 - INFO  - Copied code file: data_loader.py
2025-12-27 20:57:26,608 - INFO  - Copied code file: dist.py
2025-12-27 20:57:26,608 - INFO  - Copied code file: enhanced_feature_extractor.py
2025-12-27 20:57:26,608 - INFO  - Copied code file: olm_encoder_enhanced.py
2025-12-27 20:57:26,608 - INFO  - Copied code file: gradient_statistics_restorer.py
2025-12-27 20:57:26,608 - INFO  - Copied code file: greedy_search.py
2025-12-27 20:57:26,608 - INFO  - Copied code file: intermediate_layer_restorer.py
2025-12-27 20:57:26,609 - INFO  - Copied code file: intermediate_restorer_integration.py
2025-12-27 20:57:26,609 - INFO  - Copied code file: intermediate_restorer_trainer.py
2025-12-27 20:57:26,609 - INFO  - Copied code file: layerwise_rl_restorer.py
2025-12-27 20:57:26,609 - INFO  - Copied code file: loss_ops.py
2025-12-27 20:57:26,609 - INFO  - Copied code file: lsq_sam.py
2025-12-27 20:57:26,609 - INFO  - Copied code file: model_ema.py
2025-12-27 20:57:26,610 - INFO  - Copied code file: monitor.py
2025-12-27 20:57:26,610 - INFO  - Copied code file: mpq.py
2025-12-27 20:57:26,610 - INFO  - Copied code file: olm_encoder.py
2025-12-27 20:57:26,610 - INFO  - Copied code file: output_corrector.py
2025-12-27 20:57:26,610 - INFO  - Copied code file: progressive_ber_scheduler.py
2025-12-27 20:57:26,610 - INFO  - Copied code file: qat.py
2025-12-27 20:57:26,610 - INFO  - Copied code file: random_search.py
2025-12-27 20:57:26,611 - INFO  - Copied code file: rl_intermediate_layer_restorer.py
2025-12-27 20:57:26,611 - INFO  - Copied code file: rl_intermediate_restorer_integration.py
2025-12-27 20:57:26,611 - INFO  - Copied code file: rl_restorer.py
2025-12-27 20:57:26,611 - INFO  - Copied code file: rl_restorer_integration.py
2025-12-27 20:57:26,611 - INFO  - Copied code file: rl_restorer_lightweight.py
2025-12-27 20:57:26,611 - INFO  - Copied code file: rl_restorer_trainer.py
2025-12-27 20:57:26,611 - INFO  - Copied code file: searcher.py
2025-12-27 20:57:26,612 - INFO  - Copied code file: sensitive_features.py
2025-12-27 20:57:26,612 - INFO  - Copied code file: sensitive_layer_restorer.py
2025-12-27 20:57:26,612 - INFO  - Copied code file: sensitive_restorer.py
2025-12-27 20:57:26,612 - INFO  - Copied code file: sensitive_restorer_transformer.py
2025-12-27 20:57:26,612 - INFO  - Copied code file: sensitive_restorer_v2.py
2025-12-27 20:57:26,612 - INFO  - Copied code file: utils.py
2025-12-27 20:57:26,613 - INFO  - Copied code file: weight_schd.py
2025-12-27 20:57:26,613 - INFO  - Copied code file: learnable_olm.py
2025-12-27 20:57:26,613 - INFO  - Copied code file: integer_inn_encoder.py
2025-12-27 20:57:26,613 - INFO  - Copied code file: search_olm_manager.py
2025-12-27 20:57:26,613 - INFO  - Copied code file: hybrid_olm_optimizer.py
2025-12-27 20:57:26,613 - INFO  - Copied code file: efficient_hybrid_olm_optimizer.py
2025-12-27 20:57:26,613 - INFO  - Copied code file: fault_injector_question.py
2025-12-27 20:57:26,614 - INFO  - Copied code file: improved_olm_encoder.py
2025-12-27 20:57:26,614 - INFO  - Copied code file: improved_olm_encoder_v2.py
2025-12-27 20:57:26,614 - INFO  - Copied code file: improved_olm_encoder_genetic.py
2025-12-27 20:57:26,614 - INFO  - Copied code file: fault_injector.py
2025-12-27 20:57:26,614 - INFO  - Code backup completed. Code saved to: /root/autodl-tmp/retraining-free-quantization/training/r18_c10_nude_0.02_wrnorm_0.5/code/util
2025-12-27 20:57:26,614 - INFO  - Code backup completed. Code saved to: /root/autodl-tmp/retraining-free-quantization/training/r18_c10_nude_0.02_wrnorm_0.5/code/visualizations/fault_activation_features_0
2025-12-27 20:57:26,614 - INFO  - Code backup completed. Code saved to: /root/autodl-tmp/retraining-free-quantization/training/r18_c10_nude_0.02_wrnorm_0.5/code/visualizations/fault_activation_features_0_ber1e1
2025-12-27 20:57:26,614 - INFO  - Code backup completed. Code saved to: /root/autodl-tmp/retraining-free-quantization/training/r18_c10_nude_0.02_wrnorm_0.5/code/visualizations
2025-12-27 20:57:26,615 - INFO  - Copied code file: main.py
2025-12-27 20:57:26,615 - INFO  - Copied code file: policy.py
2025-12-27 20:57:26,615 - INFO  - Copied code file: compare_scripts.py
2025-12-27 20:57:26,615 - INFO  - Code backup completed. Code saved to: /root/autodl-tmp/retraining-free-quantization/training/r18_c10_nude_0.02_wrnorm_0.5/code/chat
2025-12-27 20:57:26,615 - INFO  - Copied code file: process_sam.py
2025-12-27 20:57:26,616 - INFO  - Copied code file: process.py
2025-12-27 20:57:26,616 - INFO  - Copied code file: FAULT_INJECTION_SIMPLE_EXAMPLE.py
2025-12-27 20:57:26,616 - INFO  - Copied code file: analyze_bit_width_impact.py
2025-12-27 20:57:26,616 - INFO  - Copied code file: evolution_search.py
2025-12-27 20:57:26,616 - INFO  - Copied code file: analyze_w2a6_real_reason.py
2025-12-27 20:57:26,617 - INFO  - Copied code file: analyze_w2a6_slowdown.py
2025-12-27 20:57:26,617 - INFO  - Copied code file: debug_fault_injection_detailed.py
2025-12-27 20:57:26,617 - INFO  - Copied code file: example_enhanced_features.py
2025-12-27 20:57:26,617 - INFO  - Copied code file: example_rl_restorer.py
2025-12-27 20:57:26,617 - INFO  - Copied code file: example_rl_restorer_integration.py
2025-12-27 20:57:26,617 - INFO  - Copied code file: quick_test_gradient_restorer.py
2025-12-27 20:57:26,618 - INFO  - Copied code file: process_olm_fat.py
2025-12-27 20:57:26,618 - INFO  - Copied code file: process_normal.py
2025-12-27 20:57:26,618 - INFO  - Copied code file: main_normal.py
2025-12-27 20:57:26,618 - INFO  - Copied code file: test_ber_verification.py
2025-12-27 20:57:26,618 - INFO  - Copied code file: test_fault_injection_debug.py
2025-12-27 20:57:26,619 - INFO  - Copied code file: test_fault_injection_seed_logic.py
2025-12-27 20:57:26,619 - INFO  - Copied code file: test_fault_injection_verbose.py
2025-12-27 20:57:26,619 - INFO  - Copied code file: test_gradient_preservation.py
2025-12-27 20:57:26,619 - INFO  - Copied code file: test_json_config_loading.py
2025-12-27 20:57:26,619 - INFO  - Copied code file: main_olm_fat.py
2025-12-27 20:57:26,619 - INFO  - Copied code file: train_rl_restorer_with_enhanced_features.py
2025-12-27 20:57:26,620 - INFO  - Copied code file: train_sensitive_restorer.py
2025-12-27 20:57:26,620 - INFO  - Copied code file: train_sensitive_restorer_distill.py
2025-12-27 20:57:26,620 - INFO  - Code backup completed. Code saved to: /root/autodl-tmp/retraining-free-quantization/training/r18_c10_nude_0.02_wrnorm_0.5/code/analysis/clean120_drift
2025-12-27 20:57:26,620 - INFO  - Code backup completed. Code saved to: /root/autodl-tmp/retraining-free-quantization/training/r18_c10_nude_0.02_wrnorm_0.5/code/analysis/srqat_drift
2025-12-27 20:57:26,620 - INFO  - Code backup completed. Code saved to: /root/autodl-tmp/retraining-free-quantization/training/r18_c10_nude_0.02_wrnorm_0.5/code/analysis/comparison
2025-12-27 20:57:26,620 - INFO  - Code backup completed. Code saved to: /root/autodl-tmp/retraining-free-quantization/training/r18_c10_nude_0.02_wrnorm_0.5/code/analysis/srqat_ls0_drift
2025-12-27 20:57:26,620 - INFO  - Code backup completed. Code saved to: /root/autodl-tmp/retraining-free-quantization/training/r18_c10_nude_0.02_wrnorm_0.5/code/analysis/comparison_srqat
2025-12-27 20:57:26,620 - INFO  - Code backup completed. Code saved to: /root/autodl-tmp/retraining-free-quantization/training/r18_c10_nude_0.02_wrnorm_0.5/code/analysis/paper_figs
2025-12-27 20:57:26,620 - INFO  - Code backup completed. Code saved to: /root/autodl-tmp/retraining-free-quantization/training/r18_c10_nude_0.02_wrnorm_0.5/code/analysis/resnet18_ls0_drift_ber3e2
2025-12-27 20:57:26,621 - INFO  - Code backup completed. Code saved to: /root/autodl-tmp/retraining-free-quantization/training/r18_c10_nude_0.02_wrnorm_0.5/code/analysis/resnet18_ls1e7_drift_ber3e2
2025-12-27 20:57:26,621 - INFO  - Code backup completed. Code saved to: /root/autodl-tmp/retraining-free-quantization/training/r18_c10_nude_0.02_wrnorm_0.5/code/analysis/resnet18_drift_compare_ber3e2
2025-12-27 20:57:26,621 - INFO  - Code backup completed. Code saved to: /root/autodl-tmp/retraining-free-quantization/training/r18_c10_nude_0.02_wrnorm_0.5/code/analysis/resnet18_paper_figs
2025-12-27 20:57:26,621 - INFO  - Code backup completed. Code saved to: /root/autodl-tmp/retraining-free-quantization/training/r18_c10_nude_0.02_wrnorm_0.5/code/analysis
2025-12-27 20:57:26,621 - INFO  - Copied code file: run_fault_tolerance_test.py
2025-12-27 20:57:26,621 - INFO  - Copied code file: resnet18_ber_sweep_msb.py
2025-12-27 20:57:26,621 - INFO  - Code backup completed. Code saved to: /root/autodl-tmp/retraining-free-quantization/training/r18_c10_nude_0.02_wrnorm_0.5/code/scripts
2025-12-27 20:57:26,621 - INFO  - Copied code file: test_resnet18_skip_msb.py
2025-12-27 20:57:26,621 - INFO  - Copied code file: test_baseline_fault_tolerance.py
2025-12-27 20:57:26,622 - INFO  - Copied code file: test_baseline_fault_tolerance_simple.py
2025-12-27 20:57:26,622 - INFO  - Copied code file: debug_baseline_test.py
2025-12-27 20:57:26,622 - INFO  - Copied code file: evolution_search.py
2025-12-27 20:57:26,622 - INFO  - Copied code file: fi.py
2025-12-27 20:57:26,622 - INFO  - Copied code file: main.py
2025-12-27 20:57:26,622 - INFO  - Copied code file: mainalex.py
2025-12-27 20:57:26,623 - INFO  - Copied code file: policy.py
2025-12-27 20:57:26,623 - INFO  - Copied code file: process.py
2025-12-27 20:57:26,623 - INFO  - Code backup completed. Code saved to: /root/autodl-tmp/retraining-free-quantization/training/r18_c10_nude_0.02_wrnorm_0.5/code/error_find/.idea/inspectionProfiles
2025-12-27 20:57:26,623 - INFO  - Code backup completed. Code saved to: /root/autodl-tmp/retraining-free-quantization/training/r18_c10_nude_0.02_wrnorm_0.5/code/error_find/.idea
2025-12-27 20:57:26,623 - INFO  - Copied code file: bsam.py
2025-12-27 20:57:26,623 - INFO  - Copied code file: ctl_factory.py
2025-12-27 20:57:26,623 - INFO  - Copied code file: scheduler.py
2025-12-27 20:57:26,624 - INFO  - Copied code file: traincube.py
2025-12-27 20:57:26,624 - INFO  - Copied code file: __init__.py
2025-12-27 20:57:26,624 - INFO  - Copied code file: train_bsam_quan.py
2025-12-27 20:57:26,624 - INFO  - Copied code file: train_epoch_bsam.py
2025-12-27 20:57:26,624 - INFO  - Code backup completed. Code saved to: /root/autodl-tmp/retraining-free-quantization/training/r18_c10_nude_0.02_wrnorm_0.5/code/error_find/bsam_quan_src
2025-12-27 20:57:26,624 - INFO  - Code backup completed. Code saved to: /root/autodl-tmp/retraining-free-quantization/training/r18_c10_nude_0.02_wrnorm_0.5/code/error_find/configs
2025-12-27 20:57:26,624 - INFO  - Code backup completed. Code saved to: /root/autodl-tmp/retraining-free-quantization/training/r18_c10_nude_0.02_wrnorm_0.5/code/error_find/logs
2025-12-27 20:57:26,624 - INFO  - Copied code file: alexnet.py
2025-12-27 20:57:26,625 - INFO  - Copied code file: mobilenetv2.py
2025-12-27 20:57:26,625 - INFO  - Copied code file: model.py
2025-12-27 20:57:26,625 - INFO  - Copied code file: resnet.py
2025-12-27 20:57:26,625 - INFO  - Copied code file: __init__.py
2025-12-27 20:57:26,625 - INFO  - Code backup completed. Code saved to: /root/autodl-tmp/retraining-free-quantization/training/r18_c10_nude_0.02_wrnorm_0.5/code/error_find/model
2025-12-27 20:57:26,625 - INFO  - Copied code file: func.py
2025-12-27 20:57:26,625 - INFO  - Copied code file: utils.py
2025-12-27 20:57:26,626 - INFO  - Copied code file: __init__.py
2025-12-27 20:57:26,626 - INFO  - Copied code file: lsq.py
2025-12-27 20:57:26,626 - INFO  - Copied code file: __init__.py
2025-12-27 20:57:26,626 - INFO  - Copied code file: quantizer.py
2025-12-27 20:57:26,626 - INFO  - Code backup completed. Code saved to: /root/autodl-tmp/retraining-free-quantization/training/r18_c10_nude_0.02_wrnorm_0.5/code/error_find/quan/quantizer
2025-12-27 20:57:26,626 - INFO  - Code backup completed. Code saved to: /root/autodl-tmp/retraining-free-quantization/training/r18_c10_nude_0.02_wrnorm_0.5/code/error_find/quan
2025-12-27 20:57:26,626 - INFO  - Copied code file: __init__.py
2025-12-27 20:57:26,626 - INFO  - Copied code file: cubesam.py
2025-12-27 20:57:26,627 - INFO  - Copied code file: qbsam.py
2025-12-27 20:57:26,627 - INFO  - Code backup completed. Code saved to: /root/autodl-tmp/retraining-free-quantization/training/r18_c10_nude_0.02_wrnorm_0.5/code/error_find/scalablewp
2025-12-27 20:57:26,627 - INFO  - Code backup completed. Code saved to: /root/autodl-tmp/retraining-free-quantization/training/r18_c10_nude_0.02_wrnorm_0.5/code/error_find/trained_models/cube
2025-12-27 20:57:26,627 - INFO  - Code backup completed. Code saved to: /root/autodl-tmp/retraining-free-quantization/training/r18_c10_nude_0.02_wrnorm_0.5/code/error_find/trained_models/qsam
2025-12-27 20:57:26,627 - INFO  - Code backup completed. Code saved to: /root/autodl-tmp/retraining-free-quantization/training/r18_c10_nude_0.02_wrnorm_0.5/code/error_find/trained_models/qwsam
2025-12-27 20:57:26,627 - INFO  - Code backup completed. Code saved to: /root/autodl-tmp/retraining-free-quantization/training/r18_c10_nude_0.02_wrnorm_0.5/code/error_find/trained_models
2025-12-27 20:57:26,627 - INFO  - Copied code file: config.py
2025-12-27 20:57:26,627 - INFO  - Copied code file: checkpoint.py
2025-12-27 20:57:26,627 - INFO  - Copied code file: data_loader.py
2025-12-27 20:57:26,627 - INFO  - Copied code file: dist.py
2025-12-27 20:57:26,628 - INFO  - Copied code file: loss_ops.py
2025-12-27 20:57:26,628 - INFO  - Copied code file: greedy_search.py
2025-12-27 20:57:26,628 - INFO  - Copied code file: model_ema.py
2025-12-27 20:57:26,628 - INFO  - Copied code file: monitor.py
2025-12-27 20:57:26,628 - INFO  - Copied code file: mpq.py
2025-12-27 20:57:26,628 - INFO  - Copied code file: qat.py
2025-12-27 20:57:26,628 - INFO  - Copied code file: random_search.py
2025-12-27 20:57:26,629 - INFO  - Copied code file: searcher.py
2025-12-27 20:57:26,629 - INFO  - Copied code file: __init__.py
2025-12-27 20:57:26,629 - INFO  - Copied code file: weight_schd.py
2025-12-27 20:57:26,629 - INFO  - Copied code file: utils.py
2025-12-27 20:57:26,629 - INFO  - Code backup completed. Code saved to: /root/autodl-tmp/retraining-free-quantization/training/r18_c10_nude_0.02_wrnorm_0.5/code/error_find/util
2025-12-27 20:57:26,629 - INFO  - Copied code file: ver_test.py
2025-12-27 20:57:26,629 - INFO  - Code backup completed. Code saved to: /root/autodl-tmp/retraining-free-quantization/training/r18_c10_nude_0.02_wrnorm_0.5/code/error_find
2025-12-27 20:57:26,629 - INFO  - Copied code file: main_nude.py
2025-12-27 20:57:26,630 - INFO  - Copied code file: process_nude.py
2025-12-27 20:57:26,630 - INFO  - Code backup completed. Code saved to: /root/autodl-tmp/retraining-free-quantization/training/r18_c10_nude_0.02_wrnorm_0.5/code
2025-12-27 20:57:26,825 - INFO  - Created `resnet18` model for `cifar10` dataset (num_classes=10)
          Use pre-trained model = False
2025-12-27 20:57:27,074 - INFO  - ================================================================================
2025-12-27 20:57:27,075 - INFO  - 🚀 [NUDE] BFAT ENABLED
2025-12-27 20:57:27,075 - INFO  - ================================================================================
2025-12-27 20:57:27,075 - INFO  -   ✅ FaultInjector initialized for BFAT
2025-12-27 20:57:29,408 - INFO  - [NUDE] Force training only max(target_bits)=6 (no nr_random_sample)
2025-12-27 20:57:29,412 - INFO  - 🎲 Epoch 0: FaultInjector seed rotated to 42
2025-12-27 20:57:29,419 - INFO  - [NUDE] Epoch 0: force max bit-width W/A = 6
2025-12-27 20:57:29,419 - INFO  - ================================================================================
2025-12-27 20:57:29,419 - INFO  - 🔥 [NUDE] BFAT ACTIVE
2025-12-27 20:57:29,419 - INFO  -    Loss Type: direct_ce
2025-12-27 20:57:29,420 - INFO  -    Proj Mode: direction
2025-12-27 20:57:29,420 - INFO  -    Injection: All Bits
2025-12-27 20:57:29,420 - INFO  - ================================================================================
2025-12-27 20:57:36,755 - INFO  - [NUDE][TRAIN] Epoch 0/100 Iter 20/390 Loss 5.0469 Top1 13.71 Top5 55.23
2025-12-27 20:57:43,162 - INFO  - [NUDE][TRAIN] Epoch 0/100 Iter 40/390 Loss 3.6802 Top1 14.14 Top5 58.09
2025-12-27 20:57:49,618 - INFO  - [NUDE][TRAIN] Epoch 0/100 Iter 60/390 Loss 3.1799 Top1 14.67 Top5 61.73
2025-12-27 20:57:56,132 - INFO  - [NUDE][TRAIN] Epoch 0/100 Iter 80/390 Loss 2.9151 Top1 15.78 Top5 64.89
2025-12-27 20:58:02,549 - INFO  - [NUDE][TRAIN] Epoch 0/100 Iter 100/390 Loss 2.7510 Top1 17.04 Top5 66.59
2025-12-27 20:58:08,853 - INFO  - [NUDE][TRAIN] Epoch 0/100 Iter 120/390 Loss 2.6273 Top1 18.08 Top5 68.48
2025-12-27 20:58:15,266 - INFO  - [NUDE][TRAIN] Epoch 0/100 Iter 140/390 Loss 2.5360 Top1 18.79 Top5 70.08
2025-12-27 20:58:21,675 - INFO  - [NUDE][TRAIN] Epoch 0/100 Iter 160/390 Loss 2.4572 Top1 19.79 Top5 71.71
2025-12-27 20:58:28,173 - INFO  - [NUDE][TRAIN] Epoch 0/100 Iter 180/390 Loss 2.3935 Top1 20.90 Top5 73.00
2025-12-27 20:58:34,542 - INFO  - [NUDE][TRAIN] Epoch 0/100 Iter 200/390 Loss 2.3407 Top1 21.95 Top5 74.17
2025-12-27 20:58:40,782 - INFO  - [NUDE][TRAIN] Epoch 0/100 Iter 220/390 Loss 2.2949 Top1 22.78 Top5 75.16
2025-12-27 20:58:47,243 - INFO  - [NUDE][TRAIN] Epoch 0/100 Iter 240/390 Loss 2.2508 Top1 23.74 Top5 76.16
2025-12-27 20:58:53,665 - INFO  - [NUDE][TRAIN] Epoch 0/100 Iter 260/390 Loss 2.2140 Top1 24.53 Top5 76.97
2025-12-27 20:59:00,024 - INFO  - [NUDE][TRAIN] Epoch 0/100 Iter 280/390 Loss 2.1823 Top1 25.19 Top5 77.71
2025-12-27 20:59:06,597 - INFO  - [NUDE][TRAIN] Epoch 0/100 Iter 300/390 Loss 2.1531 Top1 25.81 Top5 78.38
2025-12-27 20:59:12,968 - INFO  - [NUDE][TRAIN] Epoch 0/100 Iter 320/390 Loss 2.1234 Top1 26.50 Top5 79.00
2025-12-27 20:59:19,372 - INFO  - [NUDE][TRAIN] Epoch 0/100 Iter 340/390 Loss 2.0988 Top1 27.07 Top5 79.53
2025-12-27 20:59:25,832 - INFO  - [NUDE][TRAIN] Epoch 0/100 Iter 360/390 Loss 2.0752 Top1 27.72 Top5 80.08
2025-12-27 20:59:32,141 - INFO  - [NUDE][TRAIN] Epoch 0/100 Iter 380/390 Loss 2.0520 Top1 28.32 Top5 80.57
2025-12-27 20:59:35,371 - INFO  - [NUDE] Validate: force max bit-width W/A = 6
2025-12-27 20:59:37,716 - INFO  - [NUDE][EPOCH] 0/100 Train: Top1=28.52 Top5=80.79 Loss=2.0429 | Val(EMA): Top1=10.08
2025-12-27 20:59:37,716 - INFO  -   ⏱️  本Epoch耗时: 2分8秒 | 平均Epoch耗时: 2分8秒 | 剩余Epoch数: 99
2025-12-27 20:59:37,716 - INFO  -   📅 预估剩余时间: 3小时31分42秒 | 预估完成时间: 2025-12-28 00:31:19
2025-12-27 20:59:38,296 - INFO  - ([1] Epoch) Saving checkpoint to:
             Current: /root/autodl-tmp/retraining-free-quantization/training/r18_c10_nude_0.02_wrnorm_0.5/r18_c10_nude_0.02_wrnorm_0.5_checkpoint.pth.tar

2025-12-27 20:59:38,298 - INFO  - 🎲 Epoch 1: FaultInjector seed rotated to 43
2025-12-27 20:59:38,306 - INFO  - [NUDE] Epoch 1: force max bit-width W/A = 6
2025-12-27 20:59:38,306 - INFO  - ================================================================================
2025-12-27 20:59:38,306 - INFO  - 🔥 [NUDE] BFAT ACTIVE
2025-12-27 20:59:38,306 - INFO  -    Loss Type: direct_ce
2025-12-27 20:59:38,306 - INFO  -    Proj Mode: direction
2025-12-27 20:59:38,306 - INFO  -    Injection: All Bits
2025-12-27 20:59:38,306 - INFO  - ================================================================================
2025-12-27 20:59:44,797 - INFO  - [NUDE][TRAIN] Epoch 1/100 Iter 20/390 Loss 1.6304 Top1 40.23 Top5 89.65
2025-12-27 20:59:51,245 - INFO  - [NUDE][TRAIN] Epoch 1/100 Iter 40/390 Loss 1.6106 Top1 41.00 Top5 89.92
2025-12-27 20:59:57,558 - INFO  - [NUDE][TRAIN] Epoch 1/100 Iter 60/390 Loss 1.6031 Top1 41.07 Top5 89.91
2025-12-27 21:00:03,871 - INFO  - [NUDE][TRAIN] Epoch 1/100 Iter 80/390 Loss 1.5944 Top1 41.19 Top5 90.13
2025-12-27 21:00:10,334 - INFO  - [NUDE][TRAIN] Epoch 1/100 Iter 100/390 Loss 1.5889 Top1 41.55 Top5 90.27
2025-12-27 21:00:16,885 - INFO  - [NUDE][TRAIN] Epoch 1/100 Iter 120/390 Loss 1.5831 Top1 41.86 Top5 90.40
2025-12-27 21:00:23,375 - INFO  - [NUDE][TRAIN] Epoch 1/100 Iter 140/390 Loss 1.5745 Top1 42.08 Top5 90.46
2025-12-27 21:00:29,710 - INFO  - [NUDE][TRAIN] Epoch 1/100 Iter 160/390 Loss 1.5720 Top1 42.12 Top5 90.49
2025-12-27 21:00:36,199 - INFO  - [NUDE][TRAIN] Epoch 1/100 Iter 180/390 Loss 1.5646 Top1 42.32 Top5 90.66
2025-12-27 21:00:42,658 - INFO  - [NUDE][TRAIN] Epoch 1/100 Iter 200/390 Loss 1.5576 Top1 42.52 Top5 90.80
2025-12-27 21:00:48,972 - INFO  - [NUDE][TRAIN] Epoch 1/100 Iter 220/390 Loss 1.5489 Top1 42.87 Top5 90.96
2025-12-27 21:00:55,418 - INFO  - [NUDE][TRAIN] Epoch 1/100 Iter 240/390 Loss 1.5418 Top1 43.10 Top5 91.08
2025-12-27 21:01:01,734 - INFO  - [NUDE][TRAIN] Epoch 1/100 Iter 260/390 Loss 1.5344 Top1 43.39 Top5 91.22
2025-12-27 21:01:08,322 - INFO  - [NUDE][TRAIN] Epoch 1/100 Iter 280/390 Loss 1.5295 Top1 43.58 Top5 91.32
2025-12-27 21:01:14,794 - INFO  - [NUDE][TRAIN] Epoch 1/100 Iter 300/390 Loss 1.5237 Top1 43.84 Top5 91.38
2025-12-27 21:01:21,151 - INFO  - [NUDE][TRAIN] Epoch 1/100 Iter 320/390 Loss 1.5172 Top1 44.08 Top5 91.47
2025-12-27 21:01:27,559 - INFO  - [NUDE][TRAIN] Epoch 1/100 Iter 340/390 Loss 1.5103 Top1 44.34 Top5 91.57
2025-12-27 21:01:33,857 - INFO  - [NUDE][TRAIN] Epoch 1/100 Iter 360/390 Loss 1.5035 Top1 44.58 Top5 91.65
2025-12-27 21:01:40,350 - INFO  - [NUDE][TRAIN] Epoch 1/100 Iter 380/390 Loss 1.4973 Top1 44.80 Top5 91.74
2025-12-27 21:01:43,555 - INFO  - [NUDE] Validate: force max bit-width W/A = 6
2025-12-27 21:01:45,873 - INFO  - [NUDE][EPOCH] 1/100 Train: Top1=44.98 Top5=91.80 Loss=1.4928 | Val(EMA): Top1=9.99
2025-12-27 21:01:45,873 - INFO  -   ⏱️  本Epoch耗时: 2分7秒 | 平均Epoch耗时: 2分7秒 | 剩余Epoch数: 98
2025-12-27 21:01:45,873 - INFO  -   📅 预估剩余时间: 3小时28分58秒 | 预估完成时间: 2025-12-28 00:30:43
2025-12-27 21:01:46,779 - INFO  - ([2] Epoch) Saving checkpoint to:
             Current: /root/autodl-tmp/retraining-free-quantization/training/r18_c10_nude_0.02_wrnorm_0.5/r18_c10_nude_0.02_wrnorm_0.5_checkpoint.pth.tar

2025-12-27 21:01:46,782 - INFO  - 🎲 Epoch 2: FaultInjector seed rotated to 44
2025-12-27 21:01:46,790 - INFO  - [NUDE] Epoch 2: force max bit-width W/A = 6
2025-12-27 21:01:46,790 - INFO  - ================================================================================
2025-12-27 21:01:46,790 - INFO  - 🔥 [NUDE] BFAT ACTIVE
2025-12-27 21:01:46,790 - INFO  -    Loss Type: direct_ce
2025-12-27 21:01:46,790 - INFO  -    Proj Mode: direction
2025-12-27 21:01:46,790 - INFO  -    Injection: All Bits
2025-12-27 21:01:46,790 - INFO  - ================================================================================
2025-12-27 21:01:53,363 - INFO  - [NUDE][TRAIN] Epoch 2/100 Iter 20/390 Loss 1.3482 Top1 50.55 Top5 93.24
2025-12-27 21:01:59,771 - INFO  - [NUDE][TRAIN] Epoch 2/100 Iter 40/390 Loss 1.3339 Top1 51.64 Top5 93.38
2025-12-27 21:02:06,049 - INFO  - [NUDE][TRAIN] Epoch 2/100 Iter 60/390 Loss 1.3229 Top1 51.84 Top5 93.80
2025-12-27 21:02:12,453 - INFO  - [NUDE][TRAIN] Epoch 2/100 Iter 80/390 Loss 1.3201 Top1 52.29 Top5 93.81
2025-12-27 21:02:18,872 - INFO  - [NUDE][TRAIN] Epoch 2/100 Iter 100/390 Loss 1.3199 Top1 52.35 Top5 93.89
2025-12-27 21:02:25,221 - INFO  - [NUDE][TRAIN] Epoch 2/100 Iter 120/390 Loss 1.3122 Top1 52.60 Top5 93.91
2025-12-27 21:02:31,647 - INFO  - [NUDE][TRAIN] Epoch 2/100 Iter 140/390 Loss 1.3081 Top1 52.76 Top5 93.87
2025-12-27 21:02:37,988 - INFO  - [NUDE][TRAIN] Epoch 2/100 Iter 160/390 Loss 1.2992 Top1 53.12 Top5 93.99
2025-12-27 21:02:44,388 - INFO  - [NUDE][TRAIN] Epoch 2/100 Iter 180/390 Loss 1.2937 Top1 53.35 Top5 94.05
2025-12-27 21:02:50,856 - INFO  - [NUDE][TRAIN] Epoch 2/100 Iter 200/390 Loss 1.2869 Top1 53.46 Top5 94.14
2025-12-27 21:02:57,201 - INFO  - [NUDE][TRAIN] Epoch 2/100 Iter 220/390 Loss 1.2835 Top1 53.81 Top5 94.21
2025-12-27 21:03:03,640 - INFO  - [NUDE][TRAIN] Epoch 2/100 Iter 240/390 Loss 1.2771 Top1 54.06 Top5 94.30
2025-12-27 21:03:09,960 - INFO  - [NUDE][TRAIN] Epoch 2/100 Iter 260/390 Loss 1.2697 Top1 54.28 Top5 94.41
2025-12-27 21:03:16,382 - INFO  - [NUDE][TRAIN] Epoch 2/100 Iter 280/390 Loss 1.2641 Top1 54.54 Top5 94.43
2025-12-27 21:03:22,837 - INFO  - [NUDE][TRAIN] Epoch 2/100 Iter 300/390 Loss 1.2584 Top1 54.69 Top5 94.47
2025-12-27 21:03:29,163 - INFO  - [NUDE][TRAIN] Epoch 2/100 Iter 320/390 Loss 1.2524 Top1 54.87 Top5 94.55
2025-12-27 21:03:35,570 - INFO  - [NUDE][TRAIN] Epoch 2/100 Iter 340/390 Loss 1.2477 Top1 55.11 Top5 94.57
2025-12-27 21:03:41,925 - INFO  - [NUDE][TRAIN] Epoch 2/100 Iter 360/390 Loss 1.2416 Top1 55.31 Top5 94.62
2025-12-27 21:03:48,169 - INFO  - [NUDE][TRAIN] Epoch 2/100 Iter 380/390 Loss 1.2348 Top1 55.53 Top5 94.69
2025-12-27 21:03:51,479 - INFO  - [NUDE] Validate: force max bit-width W/A = 6
2025-12-27 21:03:53,804 - INFO  - [NUDE][EPOCH] 2/100 Train: Top1=55.62 Top5=94.74 Loss=1.2315 | Val(EMA): Top1=10.00
2025-12-27 21:03:53,805 - INFO  -   ⏱️  本Epoch耗时: 2分7秒 | 平均Epoch耗时: 2分7秒 | 剩余Epoch数: 97
2025-12-27 21:03:53,805 - INFO  -   📅 预估剩余时间: 3小时26分20秒 | 预估完成时间: 2025-12-28 00:30:14
2025-12-27 21:03:54,494 - INFO  - ([3] Epoch) Saving checkpoint to:
             Current: /root/autodl-tmp/retraining-free-quantization/training/r18_c10_nude_0.02_wrnorm_0.5/r18_c10_nude_0.02_wrnorm_0.5_checkpoint.pth.tar

2025-12-27 21:03:54,497 - INFO  - 🎲 Epoch 3: FaultInjector seed rotated to 45
2025-12-27 21:03:54,505 - INFO  - [NUDE] Epoch 3: force max bit-width W/A = 6
2025-12-27 21:03:54,505 - INFO  - ================================================================================
2025-12-27 21:03:54,505 - INFO  - 🔥 [NUDE] BFAT ACTIVE
2025-12-27 21:03:54,505 - INFO  -    Loss Type: direct_ce
2025-12-27 21:03:54,506 - INFO  -    Proj Mode: direction
2025-12-27 21:03:54,506 - INFO  -    Injection: All Bits
2025-12-27 21:03:54,506 - INFO  - ================================================================================
2025-12-27 21:04:00,973 - INFO  - [NUDE][TRAIN] Epoch 3/100 Iter 20/390 Loss 1.0861 Top1 59.96 Top5 96.52
2025-12-27 21:04:07,479 - INFO  - [NUDE][TRAIN] Epoch 3/100 Iter 40/390 Loss 1.0987 Top1 60.00 Top5 96.33
2025-12-27 21:04:13,951 - INFO  - [NUDE][TRAIN] Epoch 3/100 Iter 60/390 Loss 1.0918 Top1 60.56 Top5 96.30
2025-12-27 21:04:20,338 - INFO  - [NUDE][TRAIN] Epoch 3/100 Iter 80/390 Loss 1.0962 Top1 60.33 Top5 96.08
2025-12-27 21:04:26,819 - INFO  - [NUDE][TRAIN] Epoch 3/100 Iter 100/390 Loss 1.0919 Top1 60.66 Top5 96.12
2025-12-27 21:04:33,250 - INFO  - [NUDE][TRAIN] Epoch 3/100 Iter 120/390 Loss 1.0849 Top1 60.90 Top5 96.11
2025-12-27 21:04:39,666 - INFO  - [NUDE][TRAIN] Epoch 3/100 Iter 140/390 Loss 1.0740 Top1 61.35 Top5 96.18
2025-12-27 21:04:46,082 - INFO  - [NUDE][TRAIN] Epoch 3/100 Iter 160/390 Loss 1.0682 Top1 61.71 Top5 96.26
2025-12-27 21:04:52,439 - INFO  - [NUDE][TRAIN] Epoch 3/100 Iter 180/390 Loss 1.0616 Top1 61.97 Top5 96.29
2025-12-27 21:04:58,908 - INFO  - [NUDE][TRAIN] Epoch 3/100 Iter 200/390 Loss 1.0593 Top1 62.14 Top5 96.29
2025-12-27 21:05:05,186 - INFO  - [NUDE][TRAIN] Epoch 3/100 Iter 220/390 Loss 1.0572 Top1 62.27 Top5 96.34
2025-12-27 21:05:11,622 - INFO  - [NUDE][TRAIN] Epoch 3/100 Iter 240/390 Loss 1.0543 Top1 62.52 Top5 96.31
2025-12-27 21:05:18,045 - INFO  - [NUDE][TRAIN] Epoch 3/100 Iter 260/390 Loss 1.0492 Top1 62.75 Top5 96.33
2025-12-27 21:05:24,390 - INFO  - [NUDE][TRAIN] Epoch 3/100 Iter 280/390 Loss 1.0445 Top1 62.93 Top5 96.36
2025-12-27 21:05:30,763 - INFO  - [NUDE][TRAIN] Epoch 3/100 Iter 300/390 Loss 1.0371 Top1 63.14 Top5 96.41
2025-12-27 21:05:37,068 - INFO  - [NUDE][TRAIN] Epoch 3/100 Iter 320/390 Loss 1.0342 Top1 63.26 Top5 96.43
2025-12-27 21:05:43,535 - INFO  - [NUDE][TRAIN] Epoch 3/100 Iter 340/390 Loss 1.0292 Top1 63.45 Top5 96.48
2025-12-27 21:05:49,974 - INFO  - [NUDE][TRAIN] Epoch 3/100 Iter 360/390 Loss 1.0253 Top1 63.63 Top5 96.47
2025-12-27 21:05:56,343 - INFO  - [NUDE][TRAIN] Epoch 3/100 Iter 380/390 Loss 1.0201 Top1 63.77 Top5 96.50
2025-12-27 21:05:59,681 - INFO  - [NUDE] Validate: force max bit-width W/A = 6
2025-12-27 21:06:02,056 - INFO  - [NUDE][EPOCH] 3/100 Train: Top1=63.86 Top5=96.51 Loss=1.0183 | Val(EMA): Top1=10.00
2025-12-27 21:06:02,057 - INFO  -   ⏱️  本Epoch耗时: 2分7秒 | 平均Epoch耗时: 2分7秒 | 剩余Epoch数: 96
2025-12-27 21:06:02,057 - INFO  -   📅 预估剩余时间: 3小时24分11秒 | 预估完成时间: 2025-12-28 00:30:13
2025-12-27 21:06:02,747 - INFO  - ([4] Epoch) Saving checkpoint to:
             Current: /root/autodl-tmp/retraining-free-quantization/training/r18_c10_nude_0.02_wrnorm_0.5/r18_c10_nude_0.02_wrnorm_0.5_checkpoint.pth.tar

2025-12-27 21:06:02,750 - INFO  - 🎲 Epoch 4: FaultInjector seed rotated to 46
2025-12-27 21:06:02,761 - INFO  - [NUDE] Epoch 4: force max bit-width W/A = 6
2025-12-27 21:06:02,761 - INFO  - ================================================================================
2025-12-27 21:06:02,761 - INFO  - 🔥 [NUDE] BFAT ACTIVE
2025-12-27 21:06:02,761 - INFO  -    Loss Type: direct_ce
2025-12-27 21:06:02,761 - INFO  -    Proj Mode: direction
2025-12-27 21:06:02,761 - INFO  -    Injection: All Bits
2025-12-27 21:06:02,761 - INFO  - ================================================================================
2025-12-27 21:06:09,423 - INFO  - [NUDE][TRAIN] Epoch 4/100 Iter 20/390 Loss 0.9354 Top1 67.03 Top5 97.58
2025-12-27 21:06:15,736 - INFO  - [NUDE][TRAIN] Epoch 4/100 Iter 40/390 Loss 0.9430 Top1 66.82 Top5 97.21
2025-12-27 21:06:22,167 - INFO  - [NUDE][TRAIN] Epoch 4/100 Iter 60/390 Loss 0.9222 Top1 67.50 Top5 97.19
2025-12-27 21:06:28,596 - INFO  - [NUDE][TRAIN] Epoch 4/100 Iter 80/390 Loss 0.9199 Top1 67.64 Top5 97.13
2025-12-27 21:06:34,936 - INFO  - [NUDE][TRAIN] Epoch 4/100 Iter 100/390 Loss 0.9137 Top1 67.66 Top5 97.15
2025-12-27 21:06:41,363 - INFO  - [NUDE][TRAIN] Epoch 4/100 Iter 120/390 Loss 0.9051 Top1 68.03 Top5 97.23
2025-12-27 21:06:47,717 - INFO  - [NUDE][TRAIN] Epoch 4/100 Iter 140/390 Loss 0.9035 Top1 67.95 Top5 97.30
2025-12-27 21:06:54,108 - INFO  - [NUDE][TRAIN] Epoch 4/100 Iter 160/390 Loss 0.8975 Top1 68.18 Top5 97.32
2025-12-27 21:07:00,448 - INFO  - [NUDE][TRAIN] Epoch 4/100 Iter 180/390 Loss 0.8949 Top1 68.28 Top5 97.37
2025-12-27 21:07:06,742 - INFO  - [NUDE][TRAIN] Epoch 4/100 Iter 200/390 Loss 0.8975 Top1 68.13 Top5 97.33
2025-12-27 21:07:13,092 - INFO  - [NUDE][TRAIN] Epoch 4/100 Iter 220/390 Loss 0.8958 Top1 68.16 Top5 97.34
2025-12-27 21:07:19,370 - INFO  - [NUDE][TRAIN] Epoch 4/100 Iter 240/390 Loss 0.8931 Top1 68.29 Top5 97.38
2025-12-27 21:07:25,750 - INFO  - [NUDE][TRAIN] Epoch 4/100 Iter 260/390 Loss 0.8895 Top1 68.46 Top5 97.43
2025-12-27 21:07:32,127 - INFO  - [NUDE][TRAIN] Epoch 4/100 Iter 280/390 Loss 0.8860 Top1 68.59 Top5 97.46
2025-12-27 21:07:38,414 - INFO  - [NUDE][TRAIN] Epoch 4/100 Iter 300/390 Loss 0.8809 Top1 68.78 Top5 97.49
2025-12-27 21:07:44,861 - INFO  - [NUDE][TRAIN] Epoch 4/100 Iter 320/390 Loss 0.8777 Top1 68.81 Top5 97.52
2025-12-27 21:07:51,269 - INFO  - [NUDE][TRAIN] Epoch 4/100 Iter 340/390 Loss 0.8753 Top1 68.99 Top5 97.50
2025-12-27 21:07:57,646 - INFO  - [NUDE][TRAIN] Epoch 4/100 Iter 360/390 Loss 0.8716 Top1 69.10 Top5 97.52
2025-12-27 21:08:04,059 - INFO  - [NUDE][TRAIN] Epoch 4/100 Iter 380/390 Loss 0.8673 Top1 69.28 Top5 97.55
2025-12-27 21:08:07,253 - INFO  - [NUDE] Validate: force max bit-width W/A = 6
2025-12-27 21:08:09,543 - INFO  - [NUDE][EPOCH] 4/100 Train: Top1=69.30 Top5=97.58 Loss=0.8664 | Val(EMA): Top1=10.29
2025-12-27 21:08:09,543 - INFO  -   ⏱️  本Epoch耗时: 2分6秒 | 平均Epoch耗时: 2分7秒 | 剩余Epoch数: 95
2025-12-27 21:08:09,543 - INFO  -   📅 预估剩余时间: 3小时21分47秒 | 预估完成时间: 2025-12-28 00:29:57
2025-12-27 21:08:10,401 - INFO  - ([5] Epoch) Saving checkpoint to:
             Current: /root/autodl-tmp/retraining-free-quantization/training/r18_c10_nude_0.02_wrnorm_0.5/r18_c10_nude_0.02_wrnorm_0.5_checkpoint.pth.tar

2025-12-27 21:08:10,406 - INFO  - 🎲 Epoch 5: FaultInjector seed rotated to 47
2025-12-27 21:08:10,416 - INFO  - [NUDE] Epoch 5: force max bit-width W/A = 6
2025-12-27 21:08:10,417 - INFO  - ================================================================================
2025-12-27 21:08:10,417 - INFO  - 🔥 [NUDE] BFAT ACTIVE
2025-12-27 21:08:10,417 - INFO  -    Loss Type: direct_ce
2025-12-27 21:08:10,417 - INFO  -    Proj Mode: direction
2025-12-27 21:08:10,417 - INFO  -    Injection: All Bits
2025-12-27 21:08:10,417 - INFO  - ================================================================================
2025-12-27 21:08:17,041 - INFO  - [NUDE][TRAIN] Epoch 5/100 Iter 20/390 Loss 0.7413 Top1 74.65 Top5 98.24
2025-12-27 21:08:23,352 - INFO  - [NUDE][TRAIN] Epoch 5/100 Iter 40/390 Loss 0.7674 Top1 73.20 Top5 98.22
2025-12-27 21:08:29,762 - INFO  - [NUDE][TRAIN] Epoch 5/100 Iter 60/390 Loss 0.7730 Top1 73.03 Top5 98.09
2025-12-27 21:08:36,172 - INFO  - [NUDE][TRAIN] Epoch 5/100 Iter 80/390 Loss 0.7760 Top1 72.80 Top5 98.12
2025-12-27 21:08:42,384 - INFO  - [NUDE][TRAIN] Epoch 5/100 Iter 100/390 Loss 0.7681 Top1 72.97 Top5 98.12
2025-12-27 21:08:48,710 - INFO  - [NUDE][TRAIN] Epoch 5/100 Iter 120/390 Loss 0.7717 Top1 72.90 Top5 98.06
2025-12-27 21:08:54,967 - INFO  - [NUDE][TRAIN] Epoch 5/100 Iter 140/390 Loss 0.7720 Top1 72.82 Top5 98.10
2025-12-27 21:09:01,342 - INFO  - [NUDE][TRAIN] Epoch 5/100 Iter 160/390 Loss 0.7676 Top1 72.98 Top5 98.09
2025-12-27 21:09:07,738 - INFO  - [NUDE][TRAIN] Epoch 5/100 Iter 180/390 Loss 0.7660 Top1 72.90 Top5 98.18
2025-12-27 21:09:13,986 - INFO  - [NUDE][TRAIN] Epoch 5/100 Iter 200/390 Loss 0.7592 Top1 73.16 Top5 98.25
2025-12-27 21:09:20,350 - INFO  - [NUDE][TRAIN] Epoch 5/100 Iter 220/390 Loss 0.7599 Top1 73.15 Top5 98.24
2025-12-27 21:09:26,631 - INFO  - [NUDE][TRAIN] Epoch 5/100 Iter 240/390 Loss 0.7563 Top1 73.27 Top5 98.26
2025-12-27 21:09:32,983 - INFO  - [NUDE][TRAIN] Epoch 5/100 Iter 260/390 Loss 0.7526 Top1 73.43 Top5 98.29
2025-12-27 21:09:39,337 - INFO  - [NUDE][TRAIN] Epoch 5/100 Iter 280/390 Loss 0.7495 Top1 73.55 Top5 98.28
2025-12-27 21:09:45,595 - INFO  - [NUDE][TRAIN] Epoch 5/100 Iter 300/390 Loss 0.7460 Top1 73.72 Top5 98.28
2025-12-27 21:09:51,955 - INFO  - [NUDE][TRAIN] Epoch 5/100 Iter 320/390 Loss 0.7443 Top1 73.80 Top5 98.28
2025-12-27 21:09:58,263 - INFO  - [NUDE][TRAIN] Epoch 5/100 Iter 340/390 Loss 0.7431 Top1 73.84 Top5 98.27
2025-12-27 21:10:04,609 - INFO  - [NUDE][TRAIN] Epoch 5/100 Iter 360/390 Loss 0.7396 Top1 73.98 Top5 98.26
2025-12-27 21:10:11,012 - INFO  - [NUDE][TRAIN] Epoch 5/100 Iter 380/390 Loss 0.7362 Top1 74.14 Top5 98.29
2025-12-27 21:10:14,205 - INFO  - [NUDE] Validate: force max bit-width W/A = 6
2025-12-27 21:10:16,488 - INFO  - [NUDE][EPOCH] 5/100 Train: Top1=74.16 Top5=98.29 Loss=0.7355 | Val(EMA): Top1=11.64
2025-12-27 21:10:16,488 - INFO  -   ⏱️  本Epoch耗时: 2分6秒 | 平均Epoch耗时: 2分7秒 | 剩余Epoch数: 94
2025-12-27 21:10:16,488 - INFO  -   📅 预估剩余时间: 3小时18分58秒 | 预估完成时间: 2025-12-28 00:29:15
2025-12-27 21:10:17,083 - INFO  - ([6] Epoch) Saving checkpoint to:
             Current: /root/autodl-tmp/retraining-free-quantization/training/r18_c10_nude_0.02_wrnorm_0.5/r18_c10_nude_0.02_wrnorm_0.5_checkpoint.pth.tar

2025-12-27 21:10:17,087 - INFO  - 🎲 Epoch 6: FaultInjector seed rotated to 48
2025-12-27 21:10:17,094 - INFO  - [NUDE] Epoch 6: force max bit-width W/A = 6
2025-12-27 21:10:17,095 - INFO  - ================================================================================
2025-12-27 21:10:17,095 - INFO  - 🔥 [NUDE] BFAT ACTIVE
2025-12-27 21:10:17,095 - INFO  -    Loss Type: direct_ce
2025-12-27 21:10:17,095 - INFO  -    Proj Mode: direction
2025-12-27 21:10:17,095 - INFO  -    Injection: All Bits
2025-12-27 21:10:17,095 - INFO  - ================================================================================
2025-12-27 21:10:23,708 - INFO  - [NUDE][TRAIN] Epoch 6/100 Iter 20/390 Loss 0.6704 Top1 76.64 Top5 98.87
2025-12-27 21:10:30,026 - INFO  - [NUDE][TRAIN] Epoch 6/100 Iter 40/390 Loss 0.6730 Top1 76.60 Top5 98.73
2025-12-27 21:10:36,269 - INFO  - [NUDE][TRAIN] Epoch 6/100 Iter 60/390 Loss 0.6621 Top1 76.90 Top5 98.76
2025-12-27 21:10:42,676 - INFO  - [NUDE][TRAIN] Epoch 6/100 Iter 80/390 Loss 0.6518 Top1 76.96 Top5 98.83
2025-12-27 21:10:48,976 - INFO  - [NUDE][TRAIN] Epoch 6/100 Iter 100/390 Loss 0.6557 Top1 76.97 Top5 98.85
2025-12-27 21:10:55,451 - INFO  - [NUDE][TRAIN] Epoch 6/100 Iter 120/390 Loss 0.6537 Top1 77.02 Top5 98.75
2025-12-27 21:11:01,866 - INFO  - [NUDE][TRAIN] Epoch 6/100 Iter 140/390 Loss 0.6450 Top1 77.39 Top5 98.80
2025-12-27 21:11:08,132 - INFO  - [NUDE][TRAIN] Epoch 6/100 Iter 160/390 Loss 0.6455 Top1 77.37 Top5 98.80
2025-12-27 21:11:14,488 - INFO  - [NUDE][TRAIN] Epoch 6/100 Iter 180/390 Loss 0.6449 Top1 77.45 Top5 98.76
2025-12-27 21:11:20,809 - INFO  - [NUDE][TRAIN] Epoch 6/100 Iter 200/390 Loss 0.6446 Top1 77.41 Top5 98.79
2025-12-27 21:11:27,202 - INFO  - [NUDE][TRAIN] Epoch 6/100 Iter 220/390 Loss 0.6436 Top1 77.49 Top5 98.79
2025-12-27 21:11:33,605 - INFO  - [NUDE][TRAIN] Epoch 6/100 Iter 240/390 Loss 0.6452 Top1 77.38 Top5 98.77
2025-12-27 21:11:39,933 - INFO  - [NUDE][TRAIN] Epoch 6/100 Iter 260/390 Loss 0.6430 Top1 77.42 Top5 98.77
2025-12-27 21:11:46,325 - INFO  - [NUDE][TRAIN] Epoch 6/100 Iter 280/390 Loss 0.6431 Top1 77.42 Top5 98.76
2025-12-27 21:11:52,600 - INFO  - [NUDE][TRAIN] Epoch 6/100 Iter 300/390 Loss 0.6422 Top1 77.49 Top5 98.75
2025-12-27 21:11:58,979 - INFO  - [NUDE][TRAIN] Epoch 6/100 Iter 320/390 Loss 0.6405 Top1 77.54 Top5 98.73
2025-12-27 21:12:05,312 - INFO  - [NUDE][TRAIN] Epoch 6/100 Iter 340/390 Loss 0.6399 Top1 77.55 Top5 98.73
2025-12-27 21:12:11,526 - INFO  - [NUDE][TRAIN] Epoch 6/100 Iter 360/390 Loss 0.6381 Top1 77.60 Top5 98.73
2025-12-27 21:12:17,850 - INFO  - [NUDE][TRAIN] Epoch 6/100 Iter 380/390 Loss 0.6372 Top1 77.65 Top5 98.75
2025-12-27 21:12:21,072 - INFO  - [NUDE] Validate: force max bit-width W/A = 6
2025-12-27 21:12:23,366 - INFO  - [NUDE][EPOCH] 6/100 Train: Top1=77.67 Top5=98.75 Loss=0.6366 | Val(EMA): Top1=14.12
2025-12-27 21:12:23,366 - INFO  -   ⏱️  本Epoch耗时: 2分6秒 | 平均Epoch耗时: 2分6秒 | 剩余Epoch数: 93
2025-12-27 21:12:23,366 - INFO  -   📅 预估剩余时间: 3小时16分27秒 | 预估完成时间: 2025-12-28 00:28:50
2025-12-27 21:12:24,048 - INFO  - ([7] Epoch) Saving checkpoint to:
             Current: /root/autodl-tmp/retraining-free-quantization/training/r18_c10_nude_0.02_wrnorm_0.5/r18_c10_nude_0.02_wrnorm_0.5_checkpoint.pth.tar

2025-12-27 21:12:24,051 - INFO  - 🎲 Epoch 7: FaultInjector seed rotated to 49
2025-12-27 21:12:24,059 - INFO  - [NUDE] Epoch 7: force max bit-width W/A = 6
2025-12-27 21:12:24,059 - INFO  - ================================================================================
2025-12-27 21:12:24,059 - INFO  - 🔥 [NUDE] BFAT ACTIVE
2025-12-27 21:12:24,059 - INFO  -    Loss Type: direct_ce
2025-12-27 21:12:24,059 - INFO  -    Proj Mode: direction
2025-12-27 21:12:24,059 - INFO  -    Injection: All Bits
2025-12-27 21:12:24,059 - INFO  - ================================================================================
2025-12-27 21:12:30,702 - INFO  - [NUDE][TRAIN] Epoch 7/100 Iter 20/390 Loss 0.5836 Top1 79.96 Top5 98.98
2025-12-27 21:12:37,066 - INFO  - [NUDE][TRAIN] Epoch 7/100 Iter 40/390 Loss 0.5963 Top1 79.30 Top5 98.89
2025-12-27 21:12:43,346 - INFO  - [NUDE][TRAIN] Epoch 7/100 Iter 60/390 Loss 0.5865 Top1 79.60 Top5 99.06
2025-12-27 21:12:49,694 - INFO  - [NUDE][TRAIN] Epoch 7/100 Iter 80/390 Loss 0.5814 Top1 79.73 Top5 99.11
2025-12-27 21:12:55,980 - INFO  - [NUDE][TRAIN] Epoch 7/100 Iter 100/390 Loss 0.5847 Top1 79.48 Top5 99.09
2025-12-27 21:13:02,357 - INFO  - [NUDE][TRAIN] Epoch 7/100 Iter 120/390 Loss 0.5909 Top1 79.39 Top5 99.00
2025-12-27 21:13:08,819 - INFO  - [NUDE][TRAIN] Epoch 7/100 Iter 140/390 Loss 0.5876 Top1 79.44 Top5 99.02
2025-12-27 21:13:15,142 - INFO  - [NUDE][TRAIN] Epoch 7/100 Iter 160/390 Loss 0.5827 Top1 79.58 Top5 99.02
2025-12-27 21:13:21,550 - INFO  - [NUDE][TRAIN] Epoch 7/100 Iter 180/390 Loss 0.5843 Top1 79.55 Top5 99.02
2025-12-27 21:13:27,966 - INFO  - [NUDE][TRAIN] Epoch 7/100 Iter 200/390 Loss 0.5811 Top1 79.68 Top5 99.04
2025-12-27 21:13:34,269 - INFO  - [NUDE][TRAIN] Epoch 7/100 Iter 220/390 Loss 0.5769 Top1 79.77 Top5 99.07
2025-12-27 21:13:40,721 - INFO  - [NUDE][TRAIN] Epoch 7/100 Iter 240/390 Loss 0.5735 Top1 79.94 Top5 99.06
2025-12-27 21:13:46,947 - INFO  - [NUDE][TRAIN] Epoch 7/100 Iter 260/390 Loss 0.5724 Top1 79.99 Top5 99.07
2025-12-27 21:13:53,240 - INFO  - [NUDE][TRAIN] Epoch 7/100 Iter 280/390 Loss 0.5708 Top1 80.09 Top5 99.06
2025-12-27 21:13:59,584 - INFO  - [NUDE][TRAIN] Epoch 7/100 Iter 300/390 Loss 0.5686 Top1 80.17 Top5 99.08
2025-12-27 21:14:05,869 - INFO  - [NUDE][TRAIN] Epoch 7/100 Iter 320/390 Loss 0.5674 Top1 80.20 Top5 99.07
2025-12-27 21:14:12,246 - INFO  - [NUDE][TRAIN] Epoch 7/100 Iter 340/390 Loss 0.5670 Top1 80.18 Top5 99.06
2025-12-27 21:14:18,620 - INFO  - [NUDE][TRAIN] Epoch 7/100 Iter 360/390 Loss 0.5660 Top1 80.26 Top5 99.06
2025-12-27 21:14:24,899 - INFO  - [NUDE][TRAIN] Epoch 7/100 Iter 380/390 Loss 0.5657 Top1 80.27 Top5 99.05
2025-12-27 21:14:28,092 - INFO  - [NUDE] Validate: force max bit-width W/A = 6
2025-12-27 21:14:30,381 - INFO  - [NUDE][EPOCH] 7/100 Train: Top1=80.30 Top5=99.05 Loss=0.5643 | Val(EMA): Top1=18.78
2025-12-27 21:14:30,381 - INFO  -   ⏱️  本Epoch耗时: 2分6秒 | 平均Epoch耗时: 2分6秒 | 剩余Epoch数: 92
2025-12-27 21:14:30,381 - INFO  -   📅 预估剩余时间: 3小时14分7秒 | 预估完成时间: 2025-12-28 00:28:38
2025-12-27 21:14:31,162 - INFO  - ([8] Epoch) Saving checkpoint to:
             Current: /root/autodl-tmp/retraining-free-quantization/training/r18_c10_nude_0.02_wrnorm_0.5/r18_c10_nude_0.02_wrnorm_0.5_checkpoint.pth.tar

2025-12-27 21:14:31,165 - INFO  - 🎲 Epoch 8: FaultInjector seed rotated to 50
2025-12-27 21:14:31,173 - INFO  - [NUDE] Epoch 8: force max bit-width W/A = 6
2025-12-27 21:14:31,173 - INFO  - ================================================================================
2025-12-27 21:14:31,173 - INFO  - 🔥 [NUDE] BFAT ACTIVE
2025-12-27 21:14:31,173 - INFO  -    Loss Type: direct_ce
2025-12-27 21:14:31,173 - INFO  -    Proj Mode: direction
2025-12-27 21:14:31,173 - INFO  -    Injection: All Bits
2025-12-27 21:14:31,173 - INFO  - ================================================================================
2025-12-27 21:14:37,692 - INFO  - [NUDE][TRAIN] Epoch 8/100 Iter 20/390 Loss 0.5241 Top1 82.27 Top5 99.14
2025-12-27 21:14:44,135 - INFO  - [NUDE][TRAIN] Epoch 8/100 Iter 40/390 Loss 0.5130 Top1 82.46 Top5 99.16
2025-12-27 21:14:50,555 - INFO  - [NUDE][TRAIN] Epoch 8/100 Iter 60/390 Loss 0.5152 Top1 82.45 Top5 99.15
2025-12-27 21:14:56,826 - INFO  - [NUDE][TRAIN] Epoch 8/100 Iter 80/390 Loss 0.5150 Top1 82.46 Top5 99.21
2025-12-27 21:15:03,237 - INFO  - [NUDE][TRAIN] Epoch 8/100 Iter 100/390 Loss 0.5110 Top1 82.59 Top5 99.18
2025-12-27 21:15:09,520 - INFO  - [NUDE][TRAIN] Epoch 8/100 Iter 120/390 Loss 0.5087 Top1 82.53 Top5 99.19
2025-12-27 21:15:15,898 - INFO  - [NUDE][TRAIN] Epoch 8/100 Iter 140/390 Loss 0.5118 Top1 82.49 Top5 99.17
2025-12-27 21:15:22,379 - INFO  - [NUDE][TRAIN] Epoch 8/100 Iter 160/390 Loss 0.5108 Top1 82.41 Top5 99.20
2025-12-27 21:15:28,608 - INFO  - [NUDE][TRAIN] Epoch 8/100 Iter 180/390 Loss 0.5120 Top1 82.31 Top5 99.21
2025-12-27 21:15:34,912 - INFO  - [NUDE][TRAIN] Epoch 8/100 Iter 200/390 Loss 0.5119 Top1 82.23 Top5 99.23
2025-12-27 21:15:41,139 - INFO  - [NUDE][TRAIN] Epoch 8/100 Iter 220/390 Loss 0.5120 Top1 82.23 Top5 99.23
2025-12-27 21:15:47,518 - INFO  - [NUDE][TRAIN] Epoch 8/100 Iter 240/390 Loss 0.5138 Top1 82.18 Top5 99.22
2025-12-27 21:15:53,906 - INFO  - [NUDE][TRAIN] Epoch 8/100 Iter 260/390 Loss 0.5108 Top1 82.26 Top5 99.24
2025-12-27 21:16:00,198 - INFO  - [NUDE][TRAIN] Epoch 8/100 Iter 280/390 Loss 0.5081 Top1 82.37 Top5 99.25
2025-12-27 21:16:06,555 - INFO  - [NUDE][TRAIN] Epoch 8/100 Iter 300/390 Loss 0.5075 Top1 82.40 Top5 99.24
2025-12-27 21:16:12,859 - INFO  - [NUDE][TRAIN] Epoch 8/100 Iter 320/390 Loss 0.5062 Top1 82.42 Top5 99.24
2025-12-27 21:16:19,312 - INFO  - [NUDE][TRAIN] Epoch 8/100 Iter 340/390 Loss 0.5043 Top1 82.46 Top5 99.24
2025-12-27 21:16:25,682 - INFO  - [NUDE][TRAIN] Epoch 8/100 Iter 360/390 Loss 0.5047 Top1 82.45 Top5 99.24
2025-12-27 21:16:31,934 - INFO  - [NUDE][TRAIN] Epoch 8/100 Iter 380/390 Loss 0.5053 Top1 82.43 Top5 99.24
2025-12-27 21:16:35,116 - INFO  - [NUDE] Validate: force max bit-width W/A = 6
2025-12-27 21:16:37,404 - INFO  - [NUDE][EPOCH] 8/100 Train: Top1=82.39 Top5=99.23 Loss=0.5065 | Val(EMA): Top1=25.60
2025-12-27 21:16:37,404 - INFO  -   ⏱️  本Epoch耗时: 2分6秒 | 平均Epoch耗时: 2分6秒 | 剩余Epoch数: 91
2025-12-27 21:16:37,404 - INFO  -   📅 预估剩余时间: 3小时11分37秒 | 预估完成时间: 2025-12-28 00:28:14
2025-12-27 21:16:38,198 - INFO  - ([9] Epoch) Saving checkpoint to:
             Current: /root/autodl-tmp/retraining-free-quantization/training/r18_c10_nude_0.02_wrnorm_0.5/r18_c10_nude_0.02_wrnorm_0.5_checkpoint.pth.tar

2025-12-27 21:16:38,201 - INFO  - 🎲 Epoch 9: FaultInjector seed rotated to 51
2025-12-27 21:16:38,209 - INFO  - [NUDE] Epoch 9: force max bit-width W/A = 6
2025-12-27 21:16:38,209 - INFO  - ================================================================================
2025-12-27 21:16:38,209 - INFO  - 🔥 [NUDE] BFAT ACTIVE
2025-12-27 21:16:38,209 - INFO  -    Loss Type: direct_ce
2025-12-27 21:16:38,209 - INFO  -    Proj Mode: direction
2025-12-27 21:16:38,209 - INFO  -    Injection: All Bits
2025-12-27 21:16:38,209 - INFO  - ================================================================================
2025-12-27 21:16:44,644 - INFO  - [NUDE][TRAIN] Epoch 9/100 Iter 20/390 Loss 0.4662 Top1 83.91 Top5 99.34
2025-12-27 21:16:51,089 - INFO  - [NUDE][TRAIN] Epoch 9/100 Iter 40/390 Loss 0.4513 Top1 84.12 Top5 99.38
2025-12-27 21:16:57,449 - INFO  - [NUDE][TRAIN] Epoch 9/100 Iter 60/390 Loss 0.4547 Top1 84.02 Top5 99.40
2025-12-27 21:17:03,716 - INFO  - [NUDE][TRAIN] Epoch 9/100 Iter 80/390 Loss 0.4594 Top1 83.84 Top5 99.42
2025-12-27 21:17:10,038 - INFO  - [NUDE][TRAIN] Epoch 9/100 Iter 100/390 Loss 0.4604 Top1 83.82 Top5 99.35
2025-12-27 21:17:16,248 - INFO  - [NUDE][TRAIN] Epoch 9/100 Iter 120/390 Loss 0.4646 Top1 83.82 Top5 99.32
2025-12-27 21:17:22,589 - INFO  - [NUDE][TRAIN] Epoch 9/100 Iter 140/390 Loss 0.4605 Top1 84.07 Top5 99.30
2025-12-27 21:17:28,975 - INFO  - [NUDE][TRAIN] Epoch 9/100 Iter 160/390 Loss 0.4609 Top1 83.98 Top5 99.33
2025-12-27 21:17:35,264 - INFO  - [NUDE][TRAIN] Epoch 9/100 Iter 180/390 Loss 0.4611 Top1 83.99 Top5 99.32
2025-12-27 21:17:41,653 - INFO  - [NUDE][TRAIN] Epoch 9/100 Iter 200/390 Loss 0.4598 Top1 84.03 Top5 99.34
2025-12-27 21:17:47,935 - INFO  - [NUDE][TRAIN] Epoch 9/100 Iter 220/390 Loss 0.4623 Top1 83.92 Top5 99.34
2025-12-27 21:17:54,311 - INFO  - [NUDE][TRAIN] Epoch 9/100 Iter 240/390 Loss 0.4629 Top1 83.94 Top5 99.34
2025-12-27 21:18:00,668 - INFO  - [NUDE][TRAIN] Epoch 9/100 Iter 260/390 Loss 0.4628 Top1 83.93 Top5 99.34
2025-12-27 21:18:06,913 - INFO  - [NUDE][TRAIN] Epoch 9/100 Iter 280/390 Loss 0.4625 Top1 83.92 Top5 99.34
2025-12-27 21:18:13,265 - INFO  - [NUDE][TRAIN] Epoch 9/100 Iter 300/390 Loss 0.4638 Top1 83.91 Top5 99.33
2025-12-27 21:18:19,565 - INFO  - [NUDE][TRAIN] Epoch 9/100 Iter 320/390 Loss 0.4643 Top1 83.92 Top5 99.34
2025-12-27 21:18:25,958 - INFO  - [NUDE][TRAIN] Epoch 9/100 Iter 340/390 Loss 0.4635 Top1 83.95 Top5 99.34
2025-12-27 21:18:32,327 - INFO  - [NUDE][TRAIN] Epoch 9/100 Iter 360/390 Loss 0.4620 Top1 83.98 Top5 99.34
2025-12-27 21:18:38,623 - INFO  - [NUDE][TRAIN] Epoch 9/100 Iter 380/390 Loss 0.4610 Top1 84.03 Top5 99.35
2025-12-27 21:18:41,920 - INFO  - [NUDE] Validate: force max bit-width W/A = 6
2025-12-27 21:18:44,209 - INFO  - [NUDE][EPOCH] 9/100 Train: Top1=84.05 Top5=99.33 Loss=0.4615 | Val(EMA): Top1=33.07
2025-12-27 21:18:44,209 - INFO  -   ⏱️  本Epoch耗时: 2分6秒 | 平均Epoch耗时: 2分6秒 | 剩余Epoch数: 90
2025-12-27 21:18:44,210 - INFO  -   📅 预估剩余时间: 3小时9分16秒 | 预估完成时间: 2025-12-28 00:28:01
2025-12-27 21:18:44,782 - INFO  - ([10] Epoch) Saving checkpoint to:
             Current: /root/autodl-tmp/retraining-free-quantization/training/r18_c10_nude_0.02_wrnorm_0.5/r18_c10_nude_0.02_wrnorm_0.5_checkpoint.pth.tar

2025-12-27 21:18:44,785 - INFO  - 🎲 Epoch 10: FaultInjector seed rotated to 52
2025-12-27 21:18:44,793 - INFO  - [NUDE] Epoch 10: force max bit-width W/A = 6
2025-12-27 21:18:44,793 - INFO  - ================================================================================
2025-12-27 21:18:44,793 - INFO  - 🔥 [NUDE] BFAT ACTIVE
2025-12-27 21:18:44,793 - INFO  -    Loss Type: direct_ce
2025-12-27 21:18:44,793 - INFO  -    Proj Mode: direction
2025-12-27 21:18:44,793 - INFO  -    Injection: All Bits
2025-12-27 21:18:44,793 - INFO  - ================================================================================
2025-12-27 21:18:51,348 - INFO  - [NUDE][TRAIN] Epoch 10/100 Iter 20/390 Loss 0.4472 Top1 84.30 Top5 99.53
2025-12-27 21:18:57,572 - INFO  - [NUDE][TRAIN] Epoch 10/100 Iter 40/390 Loss 0.4301 Top1 85.16 Top5 99.55
2025-12-27 21:19:03,943 - INFO  - [NUDE][TRAIN] Epoch 10/100 Iter 60/390 Loss 0.4291 Top1 85.26 Top5 99.52
2025-12-27 21:19:10,223 - INFO  - [NUDE][TRAIN] Epoch 10/100 Iter 80/390 Loss 0.4296 Top1 85.44 Top5 99.51
2025-12-27 21:19:16,601 - INFO  - [NUDE][TRAIN] Epoch 10/100 Iter 100/390 Loss 0.4265 Top1 85.51 Top5 99.50
2025-12-27 21:19:22,965 - INFO  - [NUDE][TRAIN] Epoch 10/100 Iter 120/390 Loss 0.4217 Top1 85.50 Top5 99.49
2025-12-27 21:19:29,244 - INFO  - [NUDE][TRAIN] Epoch 10/100 Iter 140/390 Loss 0.4268 Top1 85.37 Top5 99.52
2025-12-27 21:19:35,645 - INFO  - [NUDE][TRAIN] Epoch 10/100 Iter 160/390 Loss 0.4265 Top1 85.43 Top5 99.49
2025-12-27 21:19:41,940 - INFO  - [NUDE][TRAIN] Epoch 10/100 Iter 180/390 Loss 0.4274 Top1 85.27 Top5 99.49
2025-12-27 21:19:48,351 - INFO  - [NUDE][TRAIN] Epoch 10/100 Iter 200/390 Loss 0.4271 Top1 85.30 Top5 99.49
2025-12-27 21:19:54,686 - INFO  - [NUDE][TRAIN] Epoch 10/100 Iter 220/390 Loss 0.4284 Top1 85.20 Top5 99.48
2025-12-27 21:20:00,930 - INFO  - [NUDE][TRAIN] Epoch 10/100 Iter 240/390 Loss 0.4292 Top1 85.21 Top5 99.47
2025-12-27 21:20:07,296 - INFO  - [NUDE][TRAIN] Epoch 10/100 Iter 260/390 Loss 0.4286 Top1 85.20 Top5 99.45
2025-12-27 21:20:13,574 - INFO  - [NUDE][TRAIN] Epoch 10/100 Iter 280/390 Loss 0.4290 Top1 85.20 Top5 99.45
2025-12-27 21:20:19,983 - INFO  - [NUDE][TRAIN] Epoch 10/100 Iter 300/390 Loss 0.4288 Top1 85.19 Top5 99.46
2025-12-27 21:20:26,355 - INFO  - [NUDE][TRAIN] Epoch 10/100 Iter 320/390 Loss 0.4303 Top1 85.14 Top5 99.43
2025-12-27 21:20:32,545 - INFO  - [NUDE][TRAIN] Epoch 10/100 Iter 340/390 Loss 0.4292 Top1 85.16 Top5 99.45
2025-12-27 21:20:38,834 - INFO  - [NUDE][TRAIN] Epoch 10/100 Iter 360/390 Loss 0.4286 Top1 85.18 Top5 99.45
2025-12-27 21:20:45,079 - INFO  - [NUDE][TRAIN] Epoch 10/100 Iter 380/390 Loss 0.4288 Top1 85.15 Top5 99.45
2025-12-27 21:20:48,364 - INFO  - [NUDE] Validate: force max bit-width W/A = 6
2025-12-27 21:20:50,641 - INFO  - [NUDE][EPOCH] 10/100 Train: Top1=85.17 Top5=99.44 Loss=0.4280 | Val(EMA): Top1=37.79
2025-12-27 21:20:50,641 - INFO  -   ⏱️  本Epoch耗时: 2分5秒 | 平均Epoch耗时: 2分6秒 | 剩余Epoch数: 89
2025-12-27 21:20:50,641 - INFO  -   📅 预估剩余时间: 3小时7分6秒 | 预估完成时间: 2025-12-28 00:27:57
2025-12-27 21:20:51,241 - INFO  - ([11] Epoch) Saving checkpoint to:
             Current: /root/autodl-tmp/retraining-free-quantization/training/r18_c10_nude_0.02_wrnorm_0.5/r18_c10_nude_0.02_wrnorm_0.5_checkpoint.pth.tar

2025-12-27 21:20:51,244 - INFO  - 🎲 Epoch 11: FaultInjector seed rotated to 53
2025-12-27 21:20:51,251 - INFO  - [NUDE] Epoch 11: force max bit-width W/A = 6
2025-12-27 21:20:51,252 - INFO  - ================================================================================
2025-12-27 21:20:51,252 - INFO  - 🔥 [NUDE] BFAT ACTIVE
2025-12-27 21:20:51,252 - INFO  -    Loss Type: direct_ce
2025-12-27 21:20:51,252 - INFO  -    Proj Mode: direction
2025-12-27 21:20:51,252 - INFO  -    Injection: All Bits
2025-12-27 21:20:51,252 - INFO  - ================================================================================
2025-12-27 21:20:57,961 - INFO  - [NUDE][TRAIN] Epoch 11/100 Iter 20/390 Loss 0.4004 Top1 85.78 Top5 99.57
2025-12-27 21:21:04,254 - INFO  - [NUDE][TRAIN] Epoch 11/100 Iter 40/390 Loss 0.3909 Top1 86.35 Top5 99.67
2025-12-27 21:21:10,677 - INFO  - [NUDE][TRAIN] Epoch 11/100 Iter 60/390 Loss 0.3976 Top1 86.32 Top5 99.56
2025-12-27 21:21:16,951 - INFO  - [NUDE][TRAIN] Epoch 11/100 Iter 80/390 Loss 0.4014 Top1 86.25 Top5 99.49
2025-12-27 21:21:23,348 - INFO  - [NUDE][TRAIN] Epoch 11/100 Iter 100/390 Loss 0.3979 Top1 86.34 Top5 99.54
2025-12-27 21:21:29,693 - INFO  - [NUDE][TRAIN] Epoch 11/100 Iter 120/390 Loss 0.3952 Top1 86.52 Top5 99.54
2025-12-27 21:21:35,967 - INFO  - [NUDE][TRAIN] Epoch 11/100 Iter 140/390 Loss 0.3928 Top1 86.50 Top5 99.51
2025-12-27 21:21:42,359 - INFO  - [NUDE][TRAIN] Epoch 11/100 Iter 160/390 Loss 0.3941 Top1 86.38 Top5 99.53
2025-12-27 21:21:48,685 - INFO  - [NUDE][TRAIN] Epoch 11/100 Iter 180/390 Loss 0.3913 Top1 86.47 Top5 99.55
2025-12-27 21:21:55,115 - INFO  - [NUDE][TRAIN] Epoch 11/100 Iter 200/390 Loss 0.3931 Top1 86.44 Top5 99.55
2025-12-27 21:22:01,533 - INFO  - [NUDE][TRAIN] Epoch 11/100 Iter 220/390 Loss 0.3952 Top1 86.32 Top5 99.57
2025-12-27 21:22:07,846 - INFO  - [NUDE][TRAIN] Epoch 11/100 Iter 240/390 Loss 0.3936 Top1 86.39 Top5 99.55
2025-12-27 21:22:14,159 - INFO  - [NUDE][TRAIN] Epoch 11/100 Iter 260/390 Loss 0.3921 Top1 86.46 Top5 99.55
2025-12-27 21:22:20,371 - INFO  - [NUDE][TRAIN] Epoch 11/100 Iter 280/390 Loss 0.3947 Top1 86.35 Top5 99.53
2025-12-27 21:22:26,743 - INFO  - [NUDE][TRAIN] Epoch 11/100 Iter 300/390 Loss 0.3939 Top1 86.39 Top5 99.54
2025-12-27 21:22:33,137 - INFO  - [NUDE][TRAIN] Epoch 11/100 Iter 320/390 Loss 0.3932 Top1 86.36 Top5 99.53
2025-12-27 21:22:39,502 - INFO  - [NUDE][TRAIN] Epoch 11/100 Iter 340/390 Loss 0.3936 Top1 86.36 Top5 99.53
2025-12-27 21:22:45,892 - INFO  - [NUDE][TRAIN] Epoch 11/100 Iter 360/390 Loss 0.3926 Top1 86.41 Top5 99.54
2025-12-27 21:22:52,152 - INFO  - [NUDE][TRAIN] Epoch 11/100 Iter 380/390 Loss 0.3921 Top1 86.48 Top5 99.55
2025-12-27 21:22:55,440 - INFO  - [NUDE] Validate: force max bit-width W/A = 6
2025-12-27 21:22:57,717 - INFO  - [NUDE][EPOCH] 11/100 Train: Top1=86.47 Top5=99.54 Loss=0.3927 | Val(EMA): Top1=42.67
2025-12-27 21:22:57,717 - INFO  -   ⏱️  本Epoch耗时: 2分6秒 | 平均Epoch耗时: 2分6秒 | 剩余Epoch数: 88
2025-12-27 21:22:57,717 - INFO  -   📅 预估剩余时间: 3小时5分3秒 | 预估完成时间: 2025-12-28 00:28:01
2025-12-27 21:22:58,378 - INFO  - ([12] Epoch) Saving checkpoint to:
             Current: /root/autodl-tmp/retraining-free-quantization/training/r18_c10_nude_0.02_wrnorm_0.5/r18_c10_nude_0.02_wrnorm_0.5_checkpoint.pth.tar

2025-12-27 21:22:58,381 - INFO  - 🎲 Epoch 12: FaultInjector seed rotated to 54
2025-12-27 21:22:58,389 - INFO  - [NUDE] Epoch 12: force max bit-width W/A = 6
2025-12-27 21:22:58,389 - INFO  - ================================================================================
2025-12-27 21:22:58,389 - INFO  - 🔥 [NUDE] BFAT ACTIVE
2025-12-27 21:22:58,389 - INFO  -    Loss Type: direct_ce
2025-12-27 21:22:58,389 - INFO  -    Proj Mode: direction
2025-12-27 21:22:58,389 - INFO  -    Injection: All Bits
2025-12-27 21:22:58,389 - INFO  - ================================================================================
2025-12-27 21:23:04,992 - INFO  - [NUDE][TRAIN] Epoch 12/100 Iter 20/390 Loss 0.3670 Top1 87.03 Top5 99.61
2025-12-27 21:23:11,299 - INFO  - [NUDE][TRAIN] Epoch 12/100 Iter 40/390 Loss 0.3763 Top1 86.66 Top5 99.59
2025-12-27 21:23:17,655 - INFO  - [NUDE][TRAIN] Epoch 12/100 Iter 60/390 Loss 0.3729 Top1 86.81 Top5 99.65
2025-12-27 21:23:23,950 - INFO  - [NUDE][TRAIN] Epoch 12/100 Iter 80/390 Loss 0.3680 Top1 87.13 Top5 99.62
2025-12-27 21:23:30,451 - INFO  - [NUDE][TRAIN] Epoch 12/100 Iter 100/390 Loss 0.3708 Top1 87.09 Top5 99.58
2025-12-27 21:23:36,885 - INFO  - [NUDE][TRAIN] Epoch 12/100 Iter 120/390 Loss 0.3773 Top1 86.91 Top5 99.54
2025-12-27 21:23:43,129 - INFO  - [NUDE][TRAIN] Epoch 12/100 Iter 140/390 Loss 0.3750 Top1 87.00 Top5 99.51
2025-12-27 21:23:49,423 - INFO  - [NUDE][TRAIN] Epoch 12/100 Iter 160/390 Loss 0.3765 Top1 87.01 Top5 99.50
2025-12-27 21:23:55,622 - INFO  - [NUDE][TRAIN] Epoch 12/100 Iter 180/390 Loss 0.3781 Top1 86.90 Top5 99.50
2025-12-27 21:24:02,034 - INFO  - [NUDE][TRAIN] Epoch 12/100 Iter 200/390 Loss 0.3739 Top1 87.05 Top5 99.52
2025-12-27 21:24:08,445 - INFO  - [NUDE][TRAIN] Epoch 12/100 Iter 220/390 Loss 0.3726 Top1 87.11 Top5 99.52
2025-12-27 21:24:14,710 - INFO  - [NUDE][TRAIN] Epoch 12/100 Iter 240/390 Loss 0.3706 Top1 87.21 Top5 99.53
2025-12-27 21:24:21,091 - INFO  - [NUDE][TRAIN] Epoch 12/100 Iter 260/390 Loss 0.3704 Top1 87.24 Top5 99.53
2025-12-27 21:24:27,346 - INFO  - [NUDE][TRAIN] Epoch 12/100 Iter 280/390 Loss 0.3709 Top1 87.20 Top5 99.54
2025-12-27 21:24:33,728 - INFO  - [NUDE][TRAIN] Epoch 12/100 Iter 300/390 Loss 0.3703 Top1 87.24 Top5 99.54
2025-12-27 21:24:40,123 - INFO  - [NUDE][TRAIN] Epoch 12/100 Iter 320/390 Loss 0.3691 Top1 87.26 Top5 99.56
2025-12-27 21:24:46,387 - INFO  - [NUDE][TRAIN] Epoch 12/100 Iter 340/390 Loss 0.3681 Top1 87.28 Top5 99.57
2025-12-27 21:24:52,754 - INFO  - [NUDE][TRAIN] Epoch 12/100 Iter 360/390 Loss 0.3697 Top1 87.21 Top5 99.55
2025-12-27 21:24:59,039 - INFO  - [NUDE][TRAIN] Epoch 12/100 Iter 380/390 Loss 0.3692 Top1 87.27 Top5 99.56
2025-12-27 21:25:02,329 - INFO  - [NUDE] Validate: force max bit-width W/A = 6
2025-12-27 21:25:04,607 - INFO  - [NUDE][EPOCH] 12/100 Train: Top1=87.28 Top5=99.55 Loss=0.3695 | Val(EMA): Top1=48.59
2025-12-27 21:25:04,607 - INFO  -   ⏱️  本Epoch耗时: 2分6秒 | 平均Epoch耗时: 2分6秒 | 剩余Epoch数: 87
2025-12-27 21:25:04,608 - INFO  -   📅 预估剩余时间: 3小时2分55秒 | 预估完成时间: 2025-12-28 00:28:00
2025-12-27 21:25:05,241 - INFO  - ([13] Epoch) Saving checkpoint to:
             Current: /root/autodl-tmp/retraining-free-quantization/training/r18_c10_nude_0.02_wrnorm_0.5/r18_c10_nude_0.02_wrnorm_0.5_checkpoint.pth.tar

2025-12-27 21:25:05,247 - INFO  - 🎲 Epoch 13: FaultInjector seed rotated to 55
2025-12-27 21:25:05,254 - INFO  - [NUDE] Epoch 13: force max bit-width W/A = 6
2025-12-27 21:25:05,255 - INFO  - ================================================================================
2025-12-27 21:25:05,255 - INFO  - 🔥 [NUDE] BFAT ACTIVE
2025-12-27 21:25:05,255 - INFO  -    Loss Type: direct_ce
2025-12-27 21:25:05,255 - INFO  -    Proj Mode: direction
2025-12-27 21:25:05,255 - INFO  -    Injection: All Bits
2025-12-27 21:25:05,255 - INFO  - ================================================================================
2025-12-27 21:25:11,907 - INFO  - [NUDE][TRAIN] Epoch 13/100 Iter 20/390 Loss 0.3369 Top1 87.89 Top5 99.73
2025-12-27 21:25:18,156 - INFO  - [NUDE][TRAIN] Epoch 13/100 Iter 40/390 Loss 0.3267 Top1 88.38 Top5 99.75
2025-12-27 21:25:24,489 - INFO  - [NUDE][TRAIN] Epoch 13/100 Iter 60/390 Loss 0.3421 Top1 88.01 Top5 99.66
2025-12-27 21:25:30,667 - INFO  - [NUDE][TRAIN] Epoch 13/100 Iter 80/390 Loss 0.3384 Top1 88.23 Top5 99.68
2025-12-27 21:25:36,967 - INFO  - [NUDE][TRAIN] Epoch 13/100 Iter 100/390 Loss 0.3380 Top1 88.22 Top5 99.63
2025-12-27 21:25:43,295 - INFO  - [NUDE][TRAIN] Epoch 13/100 Iter 120/390 Loss 0.3420 Top1 88.01 Top5 99.65
2025-12-27 21:25:49,567 - INFO  - [NUDE][TRAIN] Epoch 13/100 Iter 140/390 Loss 0.3457 Top1 87.97 Top5 99.62
2025-12-27 21:25:55,953 - INFO  - [NUDE][TRAIN] Epoch 13/100 Iter 160/390 Loss 0.3440 Top1 87.99 Top5 99.65
2025-12-27 21:26:02,270 - INFO  - [NUDE][TRAIN] Epoch 13/100 Iter 180/390 Loss 0.3458 Top1 87.90 Top5 99.66
2025-12-27 21:26:08,619 - INFO  - [NUDE][TRAIN] Epoch 13/100 Iter 200/390 Loss 0.3438 Top1 87.91 Top5 99.67
2025-12-27 21:26:15,037 - INFO  - [NUDE][TRAIN] Epoch 13/100 Iter 220/390 Loss 0.3442 Top1 87.94 Top5 99.66
2025-12-27 21:26:21,323 - INFO  - [NUDE][TRAIN] Epoch 13/100 Iter 240/390 Loss 0.3443 Top1 87.90 Top5 99.67
2025-12-27 21:26:27,755 - INFO  - [NUDE][TRAIN] Epoch 13/100 Iter 260/390 Loss 0.3456 Top1 87.90 Top5 99.66
2025-12-27 21:26:34,021 - INFO  - [NUDE][TRAIN] Epoch 13/100 Iter 280/390 Loss 0.3457 Top1 87.88 Top5 99.65
2025-12-27 21:26:40,424 - INFO  - [NUDE][TRAIN] Epoch 13/100 Iter 300/390 Loss 0.3454 Top1 87.85 Top5 99.65
2025-12-27 21:26:46,811 - INFO  - [NUDE][TRAIN] Epoch 13/100 Iter 320/390 Loss 0.3455 Top1 87.87 Top5 99.64
2025-12-27 21:26:53,060 - INFO  - [NUDE][TRAIN] Epoch 13/100 Iter 340/390 Loss 0.3441 Top1 87.92 Top5 99.63
2025-12-27 21:26:59,454 - INFO  - [NUDE][TRAIN] Epoch 13/100 Iter 360/390 Loss 0.3429 Top1 87.98 Top5 99.64
2025-12-27 21:27:05,808 - INFO  - [NUDE][TRAIN] Epoch 13/100 Iter 380/390 Loss 0.3410 Top1 88.04 Top5 99.65
2025-12-27 21:27:09,052 - INFO  - [NUDE] Validate: force max bit-width W/A = 6
2025-12-27 21:27:11,330 - INFO  - [NUDE][EPOCH] 13/100 Train: Top1=88.02 Top5=99.64 Loss=0.3419 | Val(EMA): Top1=56.44
2025-12-27 21:27:11,330 - INFO  -   ⏱️  本Epoch耗时: 2分6秒 | 平均Epoch耗时: 2分6秒 | 剩余Epoch数: 86
2025-12-27 21:27:11,330 - INFO  -   📅 预估剩余时间: 3小时0分47秒 | 预估完成时间: 2025-12-28 00:27:58
2025-12-27 21:27:12,024 - INFO  - ([14] Epoch) Saving checkpoint to:
             Current: /root/autodl-tmp/retraining-free-quantization/training/r18_c10_nude_0.02_wrnorm_0.5/r18_c10_nude_0.02_wrnorm_0.5_checkpoint.pth.tar

2025-12-27 21:27:12,030 - INFO  - 🎲 Epoch 14: FaultInjector seed rotated to 56
2025-12-27 21:27:12,038 - INFO  - [NUDE] Epoch 14: force max bit-width W/A = 6
2025-12-27 21:27:12,038 - INFO  - ================================================================================
2025-12-27 21:27:12,038 - INFO  - 🔥 [NUDE] BFAT ACTIVE
2025-12-27 21:27:12,038 - INFO  -    Loss Type: direct_ce
2025-12-27 21:27:12,038 - INFO  -    Proj Mode: direction
2025-12-27 21:27:12,038 - INFO  -    Injection: All Bits
2025-12-27 21:27:12,038 - INFO  - ================================================================================
2025-12-27 21:27:18,669 - INFO  - [NUDE][TRAIN] Epoch 14/100 Iter 20/390 Loss 0.2805 Top1 91.02 Top5 99.77
2025-12-27 21:27:24,908 - INFO  - [NUDE][TRAIN] Epoch 14/100 Iter 40/390 Loss 0.2953 Top1 90.29 Top5 99.75
2025-12-27 21:27:31,298 - INFO  - [NUDE][TRAIN] Epoch 14/100 Iter 60/390 Loss 0.3073 Top1 89.79 Top5 99.66
2025-12-27 21:27:37,580 - INFO  - [NUDE][TRAIN] Epoch 14/100 Iter 80/390 Loss 0.3084 Top1 89.63 Top5 99.69
2025-12-27 21:27:43,962 - INFO  - [NUDE][TRAIN] Epoch 14/100 Iter 100/390 Loss 0.3065 Top1 89.67 Top5 99.66
2025-12-27 21:27:50,329 - INFO  - [NUDE][TRAIN] Epoch 14/100 Iter 120/390 Loss 0.3064 Top1 89.57 Top5 99.68
2025-12-27 21:27:56,617 - INFO  - [NUDE][TRAIN] Epoch 14/100 Iter 140/390 Loss 0.3030 Top1 89.64 Top5 99.71
2025-12-27 21:28:03,176 - INFO  - [NUDE][TRAIN] Epoch 14/100 Iter 160/390 Loss 0.3051 Top1 89.52 Top5 99.71
2025-12-27 21:28:09,412 - INFO  - [NUDE][TRAIN] Epoch 14/100 Iter 180/390 Loss 0.3068 Top1 89.51 Top5 99.69
2025-12-27 21:28:15,842 - INFO  - [NUDE][TRAIN] Epoch 14/100 Iter 200/390 Loss 0.3096 Top1 89.45 Top5 99.69
2025-12-27 21:28:22,224 - INFO  - [NUDE][TRAIN] Epoch 14/100 Iter 220/390 Loss 0.3110 Top1 89.34 Top5 99.69
2025-12-27 21:28:28,549 - INFO  - [NUDE][TRAIN] Epoch 14/100 Iter 240/390 Loss 0.3150 Top1 89.24 Top5 99.67
2025-12-27 21:28:34,974 - INFO  - [NUDE][TRAIN] Epoch 14/100 Iter 260/390 Loss 0.3171 Top1 89.18 Top5 99.66
2025-12-27 21:28:41,329 - INFO  - [NUDE][TRAIN] Epoch 14/100 Iter 280/390 Loss 0.3173 Top1 89.16 Top5 99.66
2025-12-27 21:28:47,724 - INFO  - [NUDE][TRAIN] Epoch 14/100 Iter 300/390 Loss 0.3172 Top1 89.14 Top5 99.68
2025-12-27 21:28:54,009 - INFO  - [NUDE][TRAIN] Epoch 14/100 Iter 320/390 Loss 0.3188 Top1 89.07 Top5 99.67
2025-12-27 21:29:00,204 - INFO  - [NUDE][TRAIN] Epoch 14/100 Iter 340/390 Loss 0.3191 Top1 89.07 Top5 99.66
2025-12-27 21:29:06,543 - INFO  - [NUDE][TRAIN] Epoch 14/100 Iter 360/390 Loss 0.3182 Top1 89.08 Top5 99.67
2025-12-27 21:29:12,808 - INFO  - [NUDE][TRAIN] Epoch 14/100 Iter 380/390 Loss 0.3186 Top1 89.06 Top5 99.67
2025-12-27 21:29:16,108 - INFO  - [NUDE] Validate: force max bit-width W/A = 6
2025-12-27 21:29:18,423 - INFO  - [NUDE][EPOCH] 14/100 Train: Top1=89.09 Top5=99.68 Loss=0.3178 | Val(EMA): Top1=63.72
2025-12-27 21:29:18,423 - INFO  -   ⏱️  本Epoch耗时: 2分6秒 | 平均Epoch耗时: 2分6秒 | 剩余Epoch数: 85
2025-12-27 21:29:18,423 - INFO  -   📅 预估剩余时间: 2小时58分47秒 | 预估完成时间: 2025-12-28 00:28:05
2025-12-27 21:29:19,144 - INFO  - ([15] Epoch) Saving checkpoint to:
             Current: /root/autodl-tmp/retraining-free-quantization/training/r18_c10_nude_0.02_wrnorm_0.5/r18_c10_nude_0.02_wrnorm_0.5_checkpoint.pth.tar

2025-12-27 21:29:19,147 - INFO  - 🎲 Epoch 15: FaultInjector seed rotated to 57
2025-12-27 21:29:19,155 - INFO  - [NUDE] Epoch 15: force max bit-width W/A = 6
2025-12-27 21:29:19,155 - INFO  - ================================================================================
2025-12-27 21:29:19,155 - INFO  - 🔥 [NUDE] BFAT ACTIVE
2025-12-27 21:29:19,155 - INFO  -    Loss Type: direct_ce
2025-12-27 21:29:19,155 - INFO  -    Proj Mode: direction
2025-12-27 21:29:19,155 - INFO  -    Injection: All Bits
2025-12-27 21:29:19,155 - INFO  - ================================================================================
2025-12-27 21:29:25,762 - INFO  - [NUDE][TRAIN] Epoch 15/100 Iter 20/390 Loss 0.2732 Top1 91.02 Top5 99.77
2025-12-27 21:29:32,019 - INFO  - [NUDE][TRAIN] Epoch 15/100 Iter 40/390 Loss 0.2910 Top1 90.18 Top5 99.69
2025-12-27 21:29:38,424 - INFO  - [NUDE][TRAIN] Epoch 15/100 Iter 60/390 Loss 0.2980 Top1 89.92 Top5 99.70
2025-12-27 21:29:44,794 - INFO  - [NUDE][TRAIN] Epoch 15/100 Iter 80/390 Loss 0.3022 Top1 89.68 Top5 99.70
2025-12-27 21:29:51,068 - INFO  - [NUDE][TRAIN] Epoch 15/100 Iter 100/390 Loss 0.2993 Top1 89.88 Top5 99.70
2025-12-27 21:29:57,435 - INFO  - [NUDE][TRAIN] Epoch 15/100 Iter 120/390 Loss 0.2998 Top1 89.70 Top5 99.69
2025-12-27 21:30:03,684 - INFO  - [NUDE][TRAIN] Epoch 15/100 Iter 140/390 Loss 0.2970 Top1 89.75 Top5 99.67
2025-12-27 21:30:10,109 - INFO  - [NUDE][TRAIN] Epoch 15/100 Iter 160/390 Loss 0.2983 Top1 89.57 Top5 99.70
2025-12-27 21:30:16,444 - INFO  - [NUDE][TRAIN] Epoch 15/100 Iter 180/390 Loss 0.2959 Top1 89.70 Top5 99.70
2025-12-27 21:30:22,715 - INFO  - [NUDE][TRAIN] Epoch 15/100 Iter 200/390 Loss 0.2966 Top1 89.66 Top5 99.70
2025-12-27 21:30:29,108 - INFO  - [NUDE][TRAIN] Epoch 15/100 Iter 220/390 Loss 0.2971 Top1 89.60 Top5 99.72
2025-12-27 21:30:35,346 - INFO  - [NUDE][TRAIN] Epoch 15/100 Iter 240/390 Loss 0.2983 Top1 89.56 Top5 99.71
2025-12-27 21:30:41,651 - INFO  - [NUDE][TRAIN] Epoch 15/100 Iter 260/390 Loss 0.2984 Top1 89.55 Top5 99.71
2025-12-27 21:30:47,969 - INFO  - [NUDE][TRAIN] Epoch 15/100 Iter 280/390 Loss 0.2989 Top1 89.53 Top5 99.72
2025-12-27 21:30:54,299 - INFO  - [NUDE][TRAIN] Epoch 15/100 Iter 300/390 Loss 0.2985 Top1 89.56 Top5 99.72
2025-12-27 21:31:00,674 - INFO  - [NUDE][TRAIN] Epoch 15/100 Iter 320/390 Loss 0.2988 Top1 89.59 Top5 99.72
2025-12-27 21:31:06,995 - INFO  - [NUDE][TRAIN] Epoch 15/100 Iter 340/390 Loss 0.2992 Top1 89.57 Top5 99.72
2025-12-27 21:31:13,454 - INFO  - [NUDE][TRAIN] Epoch 15/100 Iter 360/390 Loss 0.2995 Top1 89.56 Top5 99.72
2025-12-27 21:31:19,841 - INFO  - [NUDE][TRAIN] Epoch 15/100 Iter 380/390 Loss 0.3007 Top1 89.53 Top5 99.72
2025-12-27 21:31:23,062 - INFO  - [NUDE] Validate: force max bit-width W/A = 6
2025-12-27 21:31:25,353 - INFO  - [NUDE][EPOCH] 15/100 Train: Top1=89.51 Top5=99.71 Loss=0.3009 | Val(EMA): Top1=69.22
2025-12-27 21:31:25,353 - INFO  -   ⏱️  本Epoch耗时: 2分6秒 | 平均Epoch耗时: 2分6秒 | 剩余Epoch数: 84
2025-12-27 21:31:25,353 - INFO  -   📅 预估剩余时间: 2小时56分47秒 | 预估完成时间: 2025-12-28 00:28:12
2025-12-27 21:31:25,957 - INFO  - ([16] Epoch) Saving checkpoint to:
             Current: /root/autodl-tmp/retraining-free-quantization/training/r18_c10_nude_0.02_wrnorm_0.5/r18_c10_nude_0.02_wrnorm_0.5_checkpoint.pth.tar

2025-12-27 21:31:25,960 - INFO  - 🎲 Epoch 16: FaultInjector seed rotated to 58
2025-12-27 21:31:25,968 - INFO  - [NUDE] Epoch 16: force max bit-width W/A = 6
2025-12-27 21:31:25,968 - INFO  - ================================================================================
2025-12-27 21:31:25,968 - INFO  - 🔥 [NUDE] BFAT ACTIVE
2025-12-27 21:31:25,968 - INFO  -    Loss Type: direct_ce
2025-12-27 21:31:25,969 - INFO  -    Proj Mode: direction
2025-12-27 21:31:25,969 - INFO  -    Injection: All Bits
2025-12-27 21:31:25,969 - INFO  - ================================================================================
2025-12-27 21:31:32,570 - INFO  - [NUDE][TRAIN] Epoch 16/100 Iter 20/390 Loss 0.2717 Top1 90.23 Top5 99.73
2025-12-27 21:31:38,857 - INFO  - [NUDE][TRAIN] Epoch 16/100 Iter 40/390 Loss 0.2685 Top1 90.53 Top5 99.79
2025-12-27 21:31:45,262 - INFO  - [NUDE][TRAIN] Epoch 16/100 Iter 60/390 Loss 0.2727 Top1 90.55 Top5 99.70
2025-12-27 21:31:51,598 - INFO  - [NUDE][TRAIN] Epoch 16/100 Iter 80/390 Loss 0.2739 Top1 90.61 Top5 99.78
2025-12-27 21:31:57,950 - INFO  - [NUDE][TRAIN] Epoch 16/100 Iter 100/390 Loss 0.2695 Top1 90.71 Top5 99.78
2025-12-27 21:32:04,413 - INFO  - [NUDE][TRAIN] Epoch 16/100 Iter 120/390 Loss 0.2748 Top1 90.46 Top5 99.77
2025-12-27 21:32:10,726 - INFO  - [NUDE][TRAIN] Epoch 16/100 Iter 140/390 Loss 0.2786 Top1 90.32 Top5 99.74
2025-12-27 21:32:17,053 - INFO  - [NUDE][TRAIN] Epoch 16/100 Iter 160/390 Loss 0.2798 Top1 90.29 Top5 99.73
2025-12-27 21:32:23,353 - INFO  - [NUDE][TRAIN] Epoch 16/100 Iter 180/390 Loss 0.2816 Top1 90.21 Top5 99.72
2025-12-27 21:32:29,540 - INFO  - [NUDE][TRAIN] Epoch 16/100 Iter 200/390 Loss 0.2804 Top1 90.21 Top5 99.74
2025-12-27 21:32:35,895 - INFO  - [NUDE][TRAIN] Epoch 16/100 Iter 220/390 Loss 0.2815 Top1 90.13 Top5 99.75
2025-12-27 21:32:42,150 - INFO  - [NUDE][TRAIN] Epoch 16/100 Iter 240/390 Loss 0.2819 Top1 90.13 Top5 99.75
2025-12-27 21:32:48,544 - INFO  - [NUDE][TRAIN] Epoch 16/100 Iter 260/390 Loss 0.2812 Top1 90.14 Top5 99.75
2025-12-27 21:32:54,913 - INFO  - [NUDE][TRAIN] Epoch 16/100 Iter 280/390 Loss 0.2817 Top1 90.10 Top5 99.74
2025-12-27 21:33:01,191 - INFO  - [NUDE][TRAIN] Epoch 16/100 Iter 300/390 Loss 0.2830 Top1 90.05 Top5 99.74
2025-12-27 21:33:07,596 - INFO  - [NUDE][TRAIN] Epoch 16/100 Iter 320/390 Loss 0.2846 Top1 90.02 Top5 99.74
2025-12-27 21:33:13,856 - INFO  - [NUDE][TRAIN] Epoch 16/100 Iter 340/390 Loss 0.2866 Top1 89.96 Top5 99.74
2025-12-27 21:33:20,237 - INFO  - [NUDE][TRAIN] Epoch 16/100 Iter 360/390 Loss 0.2864 Top1 89.96 Top5 99.75
2025-12-27 21:33:26,593 - INFO  - [NUDE][TRAIN] Epoch 16/100 Iter 380/390 Loss 0.2859 Top1 89.98 Top5 99.74
2025-12-27 21:33:29,771 - INFO  - [NUDE] Validate: force max bit-width W/A = 6
2025-12-27 21:33:32,072 - INFO  - [NUDE][EPOCH] 16/100 Train: Top1=89.98 Top5=99.74 Loss=0.2858 | Val(EMA): Top1=74.14
2025-12-27 21:33:32,072 - INFO  -   ⏱️  本Epoch耗时: 2分6秒 | 平均Epoch耗时: 2分6秒 | 剩余Epoch数: 83
2025-12-27 21:33:32,072 - INFO  -   📅 预估剩余时间: 2小时54分34秒 | 预估完成时间: 2025-12-28 00:28:06
2025-12-27 21:33:32,677 - INFO  - ([17] Epoch) Saving checkpoint to:
             Current: /root/autodl-tmp/retraining-free-quantization/training/r18_c10_nude_0.02_wrnorm_0.5/r18_c10_nude_0.02_wrnorm_0.5_checkpoint.pth.tar

2025-12-27 21:33:32,680 - INFO  - 🎲 Epoch 17: FaultInjector seed rotated to 59
2025-12-27 21:33:32,688 - INFO  - [NUDE] Epoch 17: force max bit-width W/A = 6
2025-12-27 21:33:32,688 - INFO  - ================================================================================
2025-12-27 21:33:32,688 - INFO  - 🔥 [NUDE] BFAT ACTIVE
2025-12-27 21:33:32,688 - INFO  -    Loss Type: direct_ce
2025-12-27 21:33:32,688 - INFO  -    Proj Mode: direction
2025-12-27 21:33:32,688 - INFO  -    Injection: All Bits
2025-12-27 21:33:32,688 - INFO  - ================================================================================
2025-12-27 21:33:39,304 - INFO  - [NUDE][TRAIN] Epoch 17/100 Iter 20/390 Loss 0.2464 Top1 91.84 Top5 99.88
2025-12-27 21:33:45,607 - INFO  - [NUDE][TRAIN] Epoch 17/100 Iter 40/390 Loss 0.2517 Top1 91.29 Top5 99.86
2025-12-27 21:33:52,059 - INFO  - [NUDE][TRAIN] Epoch 17/100 Iter 60/390 Loss 0.2522 Top1 91.28 Top5 99.83
2025-12-27 21:33:58,444 - INFO  - [NUDE][TRAIN] Epoch 17/100 Iter 80/390 Loss 0.2513 Top1 91.35 Top5 99.82
2025-12-27 21:34:04,664 - INFO  - [NUDE][TRAIN] Epoch 17/100 Iter 100/390 Loss 0.2538 Top1 91.26 Top5 99.81
2025-12-27 21:34:10,973 - INFO  - [NUDE][TRAIN] Epoch 17/100 Iter 120/390 Loss 0.2570 Top1 91.17 Top5 99.80
2025-12-27 21:34:17,306 - INFO  - [NUDE][TRAIN] Epoch 17/100 Iter 140/390 Loss 0.2594 Top1 91.07 Top5 99.80
2025-12-27 21:34:23,577 - INFO  - [NUDE][TRAIN] Epoch 17/100 Iter 160/390 Loss 0.2611 Top1 91.01 Top5 99.79
2025-12-27 21:34:29,966 - INFO  - [NUDE][TRAIN] Epoch 17/100 Iter 180/390 Loss 0.2636 Top1 90.88 Top5 99.80
2025-12-27 21:34:36,228 - INFO  - [NUDE][TRAIN] Epoch 17/100 Iter 200/390 Loss 0.2654 Top1 90.84 Top5 99.79
2025-12-27 21:34:42,583 - INFO  - [NUDE][TRAIN] Epoch 17/100 Iter 220/390 Loss 0.2658 Top1 90.81 Top5 99.79
2025-12-27 21:34:48,969 - INFO  - [NUDE][TRAIN] Epoch 17/100 Iter 240/390 Loss 0.2664 Top1 90.81 Top5 99.79
2025-12-27 21:34:55,221 - INFO  - [NUDE][TRAIN] Epoch 17/100 Iter 260/390 Loss 0.2669 Top1 90.78 Top5 99.78
2025-12-27 21:35:01,639 - INFO  - [NUDE][TRAIN] Epoch 17/100 Iter 280/390 Loss 0.2684 Top1 90.70 Top5 99.79
2025-12-27 21:35:07,916 - INFO  - [NUDE][TRAIN] Epoch 17/100 Iter 300/390 Loss 0.2675 Top1 90.73 Top5 99.79
2025-12-27 21:35:14,314 - INFO  - [NUDE][TRAIN] Epoch 17/100 Iter 320/390 Loss 0.2679 Top1 90.72 Top5 99.79
2025-12-27 21:35:20,639 - INFO  - [NUDE][TRAIN] Epoch 17/100 Iter 340/390 Loss 0.2682 Top1 90.71 Top5 99.79
2025-12-27 21:35:26,918 - INFO  - [NUDE][TRAIN] Epoch 17/100 Iter 360/390 Loss 0.2680 Top1 90.72 Top5 99.77
2025-12-27 21:35:33,274 - INFO  - [NUDE][TRAIN] Epoch 17/100 Iter 380/390 Loss 0.2682 Top1 90.72 Top5 99.78
2025-12-27 21:35:36,447 - INFO  - [NUDE] Validate: force max bit-width W/A = 6
2025-12-27 21:35:38,814 - INFO  - [NUDE][EPOCH] 17/100 Train: Top1=90.71 Top5=99.77 Loss=0.2687 | Val(EMA): Top1=77.93
2025-12-27 21:35:38,815 - INFO  -   ⏱️  本Epoch耗时: 2分6秒 | 平均Epoch耗时: 2分6秒 | 剩余Epoch数: 82
2025-12-27 21:35:38,815 - INFO  -   📅 预估剩余时间: 2小时52分27秒 | 预估完成时间: 2025-12-28 00:28:06
2025-12-27 21:35:39,469 - INFO  - ([18] Epoch) Saving checkpoint to:
             Current: /root/autodl-tmp/retraining-free-quantization/training/r18_c10_nude_0.02_wrnorm_0.5/r18_c10_nude_0.02_wrnorm_0.5_checkpoint.pth.tar

2025-12-27 21:35:39,472 - INFO  - 🎲 Epoch 18: FaultInjector seed rotated to 60
2025-12-27 21:35:39,480 - INFO  - [NUDE] Epoch 18: force max bit-width W/A = 6
2025-12-27 21:35:39,480 - INFO  - ================================================================================
2025-12-27 21:35:39,480 - INFO  - 🔥 [NUDE] BFAT ACTIVE
2025-12-27 21:35:39,480 - INFO  -    Loss Type: direct_ce
2025-12-27 21:35:39,480 - INFO  -    Proj Mode: direction
2025-12-27 21:35:39,480 - INFO  -    Injection: All Bits
2025-12-27 21:35:39,480 - INFO  - ================================================================================
2025-12-27 21:35:46,014 - INFO  - [NUDE][TRAIN] Epoch 18/100 Iter 20/390 Loss 0.2150 Top1 91.95 Top5 99.92
2025-12-27 21:35:52,311 - INFO  - [NUDE][TRAIN] Epoch 18/100 Iter 40/390 Loss 0.2241 Top1 91.99 Top5 99.90
2025-12-27 21:35:58,531 - INFO  - [NUDE][TRAIN] Epoch 18/100 Iter 60/390 Loss 0.2322 Top1 91.94 Top5 99.88
2025-12-27 21:36:04,957 - INFO  - [NUDE][TRAIN] Epoch 18/100 Iter 80/390 Loss 0.2350 Top1 91.84 Top5 99.86
2025-12-27 21:36:11,223 - INFO  - [NUDE][TRAIN] Epoch 18/100 Iter 100/390 Loss 0.2393 Top1 91.65 Top5 99.84
2025-12-27 21:36:17,612 - INFO  - [NUDE][TRAIN] Epoch 18/100 Iter 120/390 Loss 0.2394 Top1 91.69 Top5 99.84
2025-12-27 21:36:24,011 - INFO  - [NUDE][TRAIN] Epoch 18/100 Iter 140/390 Loss 0.2411 Top1 91.60 Top5 99.83
2025-12-27 21:36:30,322 - INFO  - [NUDE][TRAIN] Epoch 18/100 Iter 160/390 Loss 0.2436 Top1 91.56 Top5 99.82
2025-12-27 21:36:36,694 - INFO  - [NUDE][TRAIN] Epoch 18/100 Iter 180/390 Loss 0.2445 Top1 91.60 Top5 99.83
2025-12-27 21:36:43,103 - INFO  - [NUDE][TRAIN] Epoch 18/100 Iter 200/390 Loss 0.2464 Top1 91.54 Top5 99.83
2025-12-27 21:36:49,361 - INFO  - [NUDE][TRAIN] Epoch 18/100 Iter 220/390 Loss 0.2473 Top1 91.49 Top5 99.83
2025-12-27 21:36:55,722 - INFO  - [NUDE][TRAIN] Epoch 18/100 Iter 240/390 Loss 0.2487 Top1 91.42 Top5 99.82
2025-12-27 21:37:01,974 - INFO  - [NUDE][TRAIN] Epoch 18/100 Iter 260/390 Loss 0.2461 Top1 91.47 Top5 99.83
2025-12-27 21:37:08,316 - INFO  - [NUDE][TRAIN] Epoch 18/100 Iter 280/390 Loss 0.2462 Top1 91.46 Top5 99.82
2025-12-27 21:37:14,678 - INFO  - [NUDE][TRAIN] Epoch 18/100 Iter 300/390 Loss 0.2471 Top1 91.45 Top5 99.82
2025-12-27 21:37:20,994 - INFO  - [NUDE][TRAIN] Epoch 18/100 Iter 320/390 Loss 0.2493 Top1 91.39 Top5 99.82
2025-12-27 21:37:27,332 - INFO  - [NUDE][TRAIN] Epoch 18/100 Iter 340/390 Loss 0.2494 Top1 91.41 Top5 99.82
2025-12-27 21:37:33,648 - INFO  - [NUDE][TRAIN] Epoch 18/100 Iter 360/390 Loss 0.2510 Top1 91.32 Top5 99.82
2025-12-27 21:37:39,879 - INFO  - [NUDE][TRAIN] Epoch 18/100 Iter 380/390 Loss 0.2522 Top1 91.29 Top5 99.81
2025-12-27 21:37:43,047 - INFO  - [NUDE] Validate: force max bit-width W/A = 6
2025-12-27 21:37:45,319 - INFO  - [NUDE][EPOCH] 18/100 Train: Top1=91.28 Top5=99.81 Loss=0.2530 | Val(EMA): Top1=81.17
2025-12-27 21:37:45,319 - INFO  -   ⏱️  本Epoch耗时: 2分5秒 | 平均Epoch耗时: 2分6秒 | 剩余Epoch数: 81
2025-12-27 21:37:45,319 - INFO  -   📅 预估剩余时间: 2小时50分17秒 | 预估完成时间: 2025-12-28 00:28:02
2025-12-27 21:37:46,121 - INFO  - ([19] Epoch) Saving checkpoint to:
             Current: /root/autodl-tmp/retraining-free-quantization/training/r18_c10_nude_0.02_wrnorm_0.5/r18_c10_nude_0.02_wrnorm_0.5_checkpoint.pth.tar

2025-12-27 21:37:46,125 - INFO  - 🎲 Epoch 19: FaultInjector seed rotated to 61
2025-12-27 21:37:46,137 - INFO  - [NUDE] Epoch 19: force max bit-width W/A = 6
2025-12-27 21:37:46,137 - INFO  - ================================================================================
2025-12-27 21:37:46,137 - INFO  - 🔥 [NUDE] BFAT ACTIVE
2025-12-27 21:37:46,137 - INFO  -    Loss Type: direct_ce
2025-12-27 21:37:46,137 - INFO  -    Proj Mode: direction
2025-12-27 21:37:46,137 - INFO  -    Injection: All Bits
2025-12-27 21:37:46,137 - INFO  - ================================================================================
2025-12-27 21:37:52,667 - INFO  - [NUDE][TRAIN] Epoch 19/100 Iter 20/390 Loss 0.2119 Top1 92.34 Top5 99.84
2025-12-27 21:37:59,079 - INFO  - [NUDE][TRAIN] Epoch 19/100 Iter 40/390 Loss 0.2128 Top1 92.58 Top5 99.86
2025-12-27 21:38:05,430 - INFO  - [NUDE][TRAIN] Epoch 19/100 Iter 60/390 Loss 0.2256 Top1 92.02 Top5 99.88
2025-12-27 21:38:11,692 - INFO  - [NUDE][TRAIN] Epoch 19/100 Iter 80/390 Loss 0.2227 Top1 92.06 Top5 99.86
2025-12-27 21:38:18,040 - INFO  - [NUDE][TRAIN] Epoch 19/100 Iter 100/390 Loss 0.2256 Top1 91.91 Top5 99.88
2025-12-27 21:38:24,328 - INFO  - [NUDE][TRAIN] Epoch 19/100 Iter 120/390 Loss 0.2258 Top1 91.92 Top5 99.88
2025-12-27 21:38:30,724 - INFO  - [NUDE][TRAIN] Epoch 19/100 Iter 140/390 Loss 0.2274 Top1 91.90 Top5 99.87
2025-12-27 21:38:36,999 - INFO  - [NUDE][TRAIN] Epoch 19/100 Iter 160/390 Loss 0.2287 Top1 91.89 Top5 99.87
2025-12-27 21:38:43,405 - INFO  - [NUDE][TRAIN] Epoch 19/100 Iter 180/390 Loss 0.2279 Top1 91.92 Top5 99.86
2025-12-27 21:38:49,765 - INFO  - [NUDE][TRAIN] Epoch 19/100 Iter 200/390 Loss 0.2317 Top1 91.82 Top5 99.86
2025-12-27 21:38:56,015 - INFO  - [NUDE][TRAIN] Epoch 19/100 Iter 220/390 Loss 0.2319 Top1 91.77 Top5 99.87
2025-12-27 21:39:02,375 - INFO  - [NUDE][TRAIN] Epoch 19/100 Iter 240/390 Loss 0.2319 Top1 91.81 Top5 99.86
2025-12-27 21:39:08,737 - INFO  - [NUDE][TRAIN] Epoch 19/100 Iter 260/390 Loss 0.2324 Top1 91.80 Top5 99.85
2025-12-27 21:39:14,909 - INFO  - [NUDE][TRAIN] Epoch 19/100 Iter 280/390 Loss 0.2340 Top1 91.74 Top5 99.84
2025-12-27 21:39:21,184 - INFO  - [NUDE][TRAIN] Epoch 19/100 Iter 300/390 Loss 0.2348 Top1 91.72 Top5 99.84
2025-12-27 21:39:27,415 - INFO  - [NUDE][TRAIN] Epoch 19/100 Iter 320/390 Loss 0.2356 Top1 91.69 Top5 99.83
2025-12-27 21:39:33,796 - INFO  - [NUDE][TRAIN] Epoch 19/100 Iter 340/390 Loss 0.2352 Top1 91.70 Top5 99.84
2025-12-27 21:39:40,194 - INFO  - [NUDE][TRAIN] Epoch 19/100 Iter 360/390 Loss 0.2357 Top1 91.67 Top5 99.84
2025-12-27 21:39:46,494 - INFO  - [NUDE][TRAIN] Epoch 19/100 Iter 380/390 Loss 0.2364 Top1 91.64 Top5 99.84
2025-12-27 21:39:49,666 - INFO  - [NUDE] Validate: force max bit-width W/A = 6
2025-12-27 21:39:51,961 - INFO  - [NUDE][EPOCH] 19/100 Train: Top1=91.60 Top5=99.84 Loss=0.2369 | Val(EMA): Top1=83.31
2025-12-27 21:39:51,961 - INFO  -   ⏱️  本Epoch耗时: 2分5秒 | 平均Epoch耗时: 2分6秒 | 剩余Epoch数: 80
2025-12-27 21:39:51,961 - INFO  -   📅 预估剩余时间: 2小时48分2秒 | 预估完成时间: 2025-12-28 00:27:54
2025-12-27 21:39:52,773 - INFO  - ([20] Epoch) Saving checkpoint to:
             Current: /root/autodl-tmp/retraining-free-quantization/training/r18_c10_nude_0.02_wrnorm_0.5/r18_c10_nude_0.02_wrnorm_0.5_checkpoint.pth.tar

2025-12-27 21:39:52,776 - INFO  - 🎲 Epoch 20: FaultInjector seed rotated to 62
2025-12-27 21:39:52,784 - INFO  - [NUDE] Epoch 20: force max bit-width W/A = 6
2025-12-27 21:39:52,784 - INFO  - ================================================================================
2025-12-27 21:39:52,784 - INFO  - 🔥 [NUDE] BFAT ACTIVE
2025-12-27 21:39:52,785 - INFO  -    Loss Type: direct_ce
2025-12-27 21:39:52,785 - INFO  -    Proj Mode: direction
2025-12-27 21:39:52,785 - INFO  -    Injection: All Bits
2025-12-27 21:39:52,785 - INFO  - ================================================================================
2025-12-27 21:39:59,284 - INFO  - [NUDE][TRAIN] Epoch 20/100 Iter 20/390 Loss 0.2323 Top1 91.72 Top5 99.88
2025-12-27 21:40:05,719 - INFO  - [NUDE][TRAIN] Epoch 20/100 Iter 40/390 Loss 0.2265 Top1 92.09 Top5 99.92
2025-12-27 21:40:11,972 - INFO  - [NUDE][TRAIN] Epoch 20/100 Iter 60/390 Loss 0.2250 Top1 92.10 Top5 99.92
2025-12-27 21:40:18,363 - INFO  - [NUDE][TRAIN] Epoch 20/100 Iter 80/390 Loss 0.2245 Top1 92.08 Top5 99.92
2025-12-27 21:40:24,745 - INFO  - [NUDE][TRAIN] Epoch 20/100 Iter 100/390 Loss 0.2296 Top1 91.96 Top5 99.88
2025-12-27 21:40:31,064 - INFO  - [NUDE][TRAIN] Epoch 20/100 Iter 120/390 Loss 0.2295 Top1 91.93 Top5 99.88
2025-12-27 21:40:37,429 - INFO  - [NUDE][TRAIN] Epoch 20/100 Iter 140/390 Loss 0.2258 Top1 92.01 Top5 99.89
2025-12-27 21:40:43,786 - INFO  - [NUDE][TRAIN] Epoch 20/100 Iter 160/390 Loss 0.2222 Top1 92.18 Top5 99.89
2025-12-27 21:40:50,091 - INFO  - [NUDE][TRAIN] Epoch 20/100 Iter 180/390 Loss 0.2240 Top1 92.13 Top5 99.89
2025-12-27 21:40:56,390 - INFO  - [NUDE][TRAIN] Epoch 20/100 Iter 200/390 Loss 0.2252 Top1 92.12 Top5 99.88
2025-12-27 21:41:02,585 - INFO  - [NUDE][TRAIN] Epoch 20/100 Iter 220/390 Loss 0.2220 Top1 92.24 Top5 99.88
2025-12-27 21:41:08,911 - INFO  - [NUDE][TRAIN] Epoch 20/100 Iter 240/390 Loss 0.2223 Top1 92.17 Top5 99.88
2025-12-27 21:41:15,306 - INFO  - [NUDE][TRAIN] Epoch 20/100 Iter 260/390 Loss 0.2243 Top1 92.14 Top5 99.87
2025-12-27 21:41:21,614 - INFO  - [NUDE][TRAIN] Epoch 20/100 Iter 280/390 Loss 0.2252 Top1 92.13 Top5 99.87
2025-12-27 21:41:28,014 - INFO  - [NUDE][TRAIN] Epoch 20/100 Iter 300/390 Loss 0.2269 Top1 92.06 Top5 99.87
2025-12-27 21:41:34,329 - INFO  - [NUDE][TRAIN] Epoch 20/100 Iter 320/390 Loss 0.2267 Top1 92.03 Top5 99.87
2025-12-27 21:41:40,752 - INFO  - [NUDE][TRAIN] Epoch 20/100 Iter 340/390 Loss 0.2275 Top1 92.00 Top5 99.87
2025-12-27 21:41:47,180 - INFO  - [NUDE][TRAIN] Epoch 20/100 Iter 360/390 Loss 0.2290 Top1 91.90 Top5 99.87
2025-12-27 21:41:53,434 - INFO  - [NUDE][TRAIN] Epoch 20/100 Iter 380/390 Loss 0.2292 Top1 91.90 Top5 99.87
2025-12-27 21:41:56,610 - INFO  - [NUDE] Validate: force max bit-width W/A = 6
2025-12-27 21:41:58,969 - INFO  - [NUDE][EPOCH] 20/100 Train: Top1=91.91 Top5=99.87 Loss=0.2291 | Val(EMA): Top1=85.26
2025-12-27 21:41:58,970 - INFO  -   ⏱️  本Epoch耗时: 2分6秒 | 平均Epoch耗时: 2分6秒 | 剩余Epoch数: 79
2025-12-27 21:41:58,970 - INFO  -   📅 预估剩余时间: 2小时45分55秒 | 预估完成时间: 2025-12-28 00:27:54
2025-12-27 21:41:59,746 - INFO  - ([21] Epoch) Saving checkpoint to:
             Current: /root/autodl-tmp/retraining-free-quantization/training/r18_c10_nude_0.02_wrnorm_0.5/r18_c10_nude_0.02_wrnorm_0.5_checkpoint.pth.tar

2025-12-27 21:41:59,749 - INFO  - 🎲 Epoch 21: FaultInjector seed rotated to 63
2025-12-27 21:41:59,756 - INFO  - [NUDE] Epoch 21: force max bit-width W/A = 6
2025-12-27 21:41:59,756 - INFO  - ================================================================================
2025-12-27 21:41:59,756 - INFO  - 🔥 [NUDE] BFAT ACTIVE
2025-12-27 21:41:59,756 - INFO  -    Loss Type: direct_ce
2025-12-27 21:41:59,756 - INFO  -    Proj Mode: direction
2025-12-27 21:41:59,756 - INFO  -    Injection: All Bits
2025-12-27 21:41:59,756 - INFO  - ================================================================================
2025-12-27 21:42:06,265 - INFO  - [NUDE][TRAIN] Epoch 21/100 Iter 20/390 Loss 0.2161 Top1 92.85 Top5 99.84
2025-12-27 21:42:12,723 - INFO  - [NUDE][TRAIN] Epoch 21/100 Iter 40/390 Loss 0.2179 Top1 92.64 Top5 99.86
2025-12-27 21:42:19,069 - INFO  - [NUDE][TRAIN] Epoch 21/100 Iter 60/390 Loss 0.2164 Top1 92.76 Top5 99.86
2025-12-27 21:42:25,341 - INFO  - [NUDE][TRAIN] Epoch 21/100 Iter 80/390 Loss 0.2160 Top1 92.67 Top5 99.86
2025-12-27 21:42:31,689 - INFO  - [NUDE][TRAIN] Epoch 21/100 Iter 100/390 Loss 0.2166 Top1 92.51 Top5 99.85
2025-12-27 21:42:37,886 - INFO  - [NUDE][TRAIN] Epoch 21/100 Iter 120/390 Loss 0.2147 Top1 92.51 Top5 99.88
2025-12-27 21:42:44,170 - INFO  - [NUDE][TRAIN] Epoch 21/100 Iter 140/390 Loss 0.2140 Top1 92.57 Top5 99.88
2025-12-27 21:42:50,470 - INFO  - [NUDE][TRAIN] Epoch 21/100 Iter 160/390 Loss 0.2144 Top1 92.59 Top5 99.87
2025-12-27 21:42:56,754 - INFO  - [NUDE][TRAIN] Epoch 21/100 Iter 180/390 Loss 0.2122 Top1 92.63 Top5 99.87
2025-12-27 21:43:03,123 - INFO  - [NUDE][TRAIN] Epoch 21/100 Iter 200/390 Loss 0.2121 Top1 92.64 Top5 99.88
2025-12-27 21:43:09,373 - INFO  - [NUDE][TRAIN] Epoch 21/100 Iter 220/390 Loss 0.2099 Top1 92.72 Top5 99.88
2025-12-27 21:43:15,782 - INFO  - [NUDE][TRAIN] Epoch 21/100 Iter 240/390 Loss 0.2127 Top1 92.62 Top5 99.87
2025-12-27 21:43:22,233 - INFO  - [NUDE][TRAIN] Epoch 21/100 Iter 260/390 Loss 0.2120 Top1 92.61 Top5 99.87
2025-12-27 21:43:28,486 - INFO  - [NUDE][TRAIN] Epoch 21/100 Iter 280/390 Loss 0.2136 Top1 92.55 Top5 99.87
2025-12-27 21:43:34,867 - INFO  - [NUDE][TRAIN] Epoch 21/100 Iter 300/390 Loss 0.2157 Top1 92.49 Top5 99.87
2025-12-27 21:43:41,122 - INFO  - [NUDE][TRAIN] Epoch 21/100 Iter 320/390 Loss 0.2144 Top1 92.53 Top5 99.87
2025-12-27 21:43:47,521 - INFO  - [NUDE][TRAIN] Epoch 21/100 Iter 340/390 Loss 0.2143 Top1 92.53 Top5 99.87
2025-12-27 21:43:53,884 - INFO  - [NUDE][TRAIN] Epoch 21/100 Iter 360/390 Loss 0.2145 Top1 92.52 Top5 99.87
2025-12-27 21:44:00,208 - INFO  - [NUDE][TRAIN] Epoch 21/100 Iter 380/390 Loss 0.2154 Top1 92.48 Top5 99.88
2025-12-27 21:44:03,394 - INFO  - [NUDE] Validate: force max bit-width W/A = 6
2025-12-27 21:44:05,671 - INFO  - [NUDE][EPOCH] 21/100 Train: Top1=92.48 Top5=99.88 Loss=0.2155 | Val(EMA): Top1=86.32
2025-12-27 21:44:05,671 - INFO  -   ⏱️  本Epoch耗时: 2分5秒 | 平均Epoch耗时: 2分5秒 | 剩余Epoch数: 78
2025-12-27 21:44:05,671 - INFO  -   📅 预估剩余时间: 2小时43分46秒 | 预估完成时间: 2025-12-28 00:27:52
2025-12-27 21:44:06,487 - INFO  - ([22] Epoch) Saving checkpoint to:
             Current: /root/autodl-tmp/retraining-free-quantization/training/r18_c10_nude_0.02_wrnorm_0.5/r18_c10_nude_0.02_wrnorm_0.5_checkpoint.pth.tar

2025-12-27 21:44:06,490 - INFO  - 🎲 Epoch 22: FaultInjector seed rotated to 64
2025-12-27 21:44:06,498 - INFO  - [NUDE] Epoch 22: force max bit-width W/A = 6
2025-12-27 21:44:06,498 - INFO  - ================================================================================
2025-12-27 21:44:06,498 - INFO  - 🔥 [NUDE] BFAT ACTIVE
2025-12-27 21:44:06,498 - INFO  -    Loss Type: direct_ce
2025-12-27 21:44:06,498 - INFO  -    Proj Mode: direction
2025-12-27 21:44:06,498 - INFO  -    Injection: All Bits
2025-12-27 21:44:06,498 - INFO  - ================================================================================
2025-12-27 21:44:12,982 - INFO  - [NUDE][TRAIN] Epoch 22/100 Iter 20/390 Loss 0.2019 Top1 93.28 Top5 99.92
2025-12-27 21:44:19,387 - INFO  - [NUDE][TRAIN] Epoch 22/100 Iter 40/390 Loss 0.1880 Top1 93.57 Top5 99.92
2025-12-27 21:44:25,668 - INFO  - [NUDE][TRAIN] Epoch 22/100 Iter 60/390 Loss 0.1937 Top1 93.33 Top5 99.88
2025-12-27 21:44:31,868 - INFO  - [NUDE][TRAIN] Epoch 22/100 Iter 80/390 Loss 0.1898 Top1 93.39 Top5 99.86
2025-12-27 21:44:38,260 - INFO  - [NUDE][TRAIN] Epoch 22/100 Iter 100/390 Loss 0.1896 Top1 93.45 Top5 99.88
2025-12-27 21:44:44,566 - INFO  - [NUDE][TRAIN] Epoch 22/100 Iter 120/390 Loss 0.1889 Top1 93.40 Top5 99.88
2025-12-27 21:44:50,971 - INFO  - [NUDE][TRAIN] Epoch 22/100 Iter 140/390 Loss 0.1916 Top1 93.31 Top5 99.89
2025-12-27 21:44:57,420 - INFO  - [NUDE][TRAIN] Epoch 22/100 Iter 160/390 Loss 0.1919 Top1 93.23 Top5 99.90
2025-12-27 21:45:03,701 - INFO  - [NUDE][TRAIN] Epoch 22/100 Iter 180/390 Loss 0.1944 Top1 93.15 Top5 99.90
2025-12-27 21:45:10,049 - INFO  - [NUDE][TRAIN] Epoch 22/100 Iter 200/390 Loss 0.1958 Top1 93.04 Top5 99.91
2025-12-27 21:45:16,290 - INFO  - [NUDE][TRAIN] Epoch 22/100 Iter 220/390 Loss 0.1966 Top1 93.00 Top5 99.91
2025-12-27 21:45:22,637 - INFO  - [NUDE][TRAIN] Epoch 22/100 Iter 240/390 Loss 0.1983 Top1 92.96 Top5 99.90
2025-12-27 21:45:28,966 - INFO  - [NUDE][TRAIN] Epoch 22/100 Iter 260/390 Loss 0.1991 Top1 92.96 Top5 99.90
2025-12-27 21:45:35,231 - INFO  - [NUDE][TRAIN] Epoch 22/100 Iter 280/390 Loss 0.2002 Top1 92.96 Top5 99.90
2025-12-27 21:45:41,614 - INFO  - [NUDE][TRAIN] Epoch 22/100 Iter 300/390 Loss 0.2013 Top1 92.92 Top5 99.90
2025-12-27 21:45:47,867 - INFO  - [NUDE][TRAIN] Epoch 22/100 Iter 320/390 Loss 0.2003 Top1 92.92 Top5 99.90
2025-12-27 21:45:54,262 - INFO  - [NUDE][TRAIN] Epoch 22/100 Iter 340/390 Loss 0.2012 Top1 92.89 Top5 99.90
2025-12-27 21:46:00,640 - INFO  - [NUDE][TRAIN] Epoch 22/100 Iter 360/390 Loss 0.2015 Top1 92.86 Top5 99.89
2025-12-27 21:46:06,830 - INFO  - [NUDE][TRAIN] Epoch 22/100 Iter 380/390 Loss 0.2016 Top1 92.83 Top5 99.89
2025-12-27 21:46:09,972 - INFO  - [NUDE] Validate: force max bit-width W/A = 6
2025-12-27 21:46:12,258 - INFO  - [NUDE][EPOCH] 22/100 Train: Top1=92.80 Top5=99.89 Loss=0.2026 | Val(EMA): Top1=87.22
2025-12-27 21:46:12,258 - INFO  -   ⏱️  本Epoch耗时: 2分5秒 | 平均Epoch耗时: 2分5秒 | 剩余Epoch数: 77
2025-12-27 21:46:12,258 - INFO  -   📅 预估剩余时间: 2小时41分35秒 | 预估完成时间: 2025-12-28 00:27:47
2025-12-27 21:46:13,019 - INFO  - ([23] Epoch) Saving checkpoint to:
             Current: /root/autodl-tmp/retraining-free-quantization/training/r18_c10_nude_0.02_wrnorm_0.5/r18_c10_nude_0.02_wrnorm_0.5_checkpoint.pth.tar

2025-12-27 21:46:13,022 - INFO  - 🎲 Epoch 23: FaultInjector seed rotated to 65
2025-12-27 21:46:13,030 - INFO  - [NUDE] Epoch 23: force max bit-width W/A = 6
2025-12-27 21:46:13,030 - INFO  - ================================================================================
2025-12-27 21:46:13,030 - INFO  - 🔥 [NUDE] BFAT ACTIVE
2025-12-27 21:46:13,030 - INFO  -    Loss Type: direct_ce
2025-12-27 21:46:13,030 - INFO  -    Proj Mode: direction
2025-12-27 21:46:13,030 - INFO  -    Injection: All Bits
2025-12-27 21:46:13,030 - INFO  - ================================================================================
2025-12-27 21:46:19,513 - INFO  - [NUDE][TRAIN] Epoch 23/100 Iter 20/390 Loss 0.1923 Top1 93.16 Top5 99.96
2025-12-27 21:46:25,954 - INFO  - [NUDE][TRAIN] Epoch 23/100 Iter 40/390 Loss 0.1944 Top1 93.01 Top5 99.96
2025-12-27 21:46:32,333 - INFO  - [NUDE][TRAIN] Epoch 23/100 Iter 60/390 Loss 0.1861 Top1 93.46 Top5 99.96
2025-12-27 21:46:38,627 - INFO  - [NUDE][TRAIN] Epoch 23/100 Iter 80/390 Loss 0.1872 Top1 93.50 Top5 99.96
2025-12-27 21:46:45,019 - INFO  - [NUDE][TRAIN] Epoch 23/100 Iter 100/390 Loss 0.1890 Top1 93.52 Top5 99.95
2025-12-27 21:46:51,330 - INFO  - [NUDE][TRAIN] Epoch 23/100 Iter 120/390 Loss 0.1886 Top1 93.44 Top5 99.95
2025-12-27 21:46:57,716 - INFO  - [NUDE][TRAIN] Epoch 23/100 Iter 140/390 Loss 0.1893 Top1 93.42 Top5 99.95
2025-12-27 21:47:04,102 - INFO  - [NUDE][TRAIN] Epoch 23/100 Iter 160/390 Loss 0.1896 Top1 93.43 Top5 99.95
2025-12-27 21:47:10,374 - INFO  - [NUDE][TRAIN] Epoch 23/100 Iter 180/390 Loss 0.1899 Top1 93.42 Top5 99.93
2025-12-27 21:47:16,718 - INFO  - [NUDE][TRAIN] Epoch 23/100 Iter 200/390 Loss 0.1902 Top1 93.36 Top5 99.93
2025-12-27 21:47:22,980 - INFO  - [NUDE][TRAIN] Epoch 23/100 Iter 220/390 Loss 0.1895 Top1 93.40 Top5 99.94
2025-12-27 21:47:29,310 - INFO  - [NUDE][TRAIN] Epoch 23/100 Iter 240/390 Loss 0.1883 Top1 93.47 Top5 99.93
2025-12-27 21:47:35,661 - INFO  - [NUDE][TRAIN] Epoch 23/100 Iter 260/390 Loss 0.1894 Top1 93.41 Top5 99.93
2025-12-27 21:47:41,928 - INFO  - [NUDE][TRAIN] Epoch 23/100 Iter 280/390 Loss 0.1907 Top1 93.34 Top5 99.92
2025-12-27 21:47:48,229 - INFO  - [NUDE][TRAIN] Epoch 23/100 Iter 300/390 Loss 0.1910 Top1 93.34 Top5 99.93
2025-12-27 21:47:54,456 - INFO  - [NUDE][TRAIN] Epoch 23/100 Iter 320/390 Loss 0.1909 Top1 93.36 Top5 99.93
2025-12-27 21:48:00,790 - INFO  - [NUDE][TRAIN] Epoch 23/100 Iter 340/390 Loss 0.1908 Top1 93.38 Top5 99.93
2025-12-27 21:48:07,162 - INFO  - [NUDE][TRAIN] Epoch 23/100 Iter 360/390 Loss 0.1913 Top1 93.36 Top5 99.93
2025-12-27 21:48:13,436 - INFO  - [NUDE][TRAIN] Epoch 23/100 Iter 380/390 Loss 0.1923 Top1 93.34 Top5 99.93
2025-12-27 21:48:16,649 - INFO  - [NUDE] Validate: force max bit-width W/A = 6
2025-12-27 21:48:18,948 - INFO  - [NUDE][EPOCH] 23/100 Train: Top1=93.30 Top5=99.93 Loss=0.1936 | Val(EMA): Top1=87.97
2025-12-27 21:48:18,948 - INFO  -   ⏱️  本Epoch耗时: 2分5秒 | 平均Epoch耗时: 2分5秒 | 剩余Epoch数: 76
2025-12-27 21:48:18,948 - INFO  -   📅 预估剩余时间: 2小时39分30秒 | 预估完成时间: 2025-12-28 00:27:49
2025-12-27 21:48:19,644 - INFO  - ([24] Epoch) Saving checkpoint to:
             Current: /root/autodl-tmp/retraining-free-quantization/training/r18_c10_nude_0.02_wrnorm_0.5/r18_c10_nude_0.02_wrnorm_0.5_checkpoint.pth.tar

2025-12-27 21:48:19,647 - INFO  - 🎲 Epoch 24: FaultInjector seed rotated to 66
2025-12-27 21:48:19,655 - INFO  - [NUDE] Epoch 24: force max bit-width W/A = 6
2025-12-27 21:48:19,655 - INFO  - ================================================================================
2025-12-27 21:48:19,655 - INFO  - 🔥 [NUDE] BFAT ACTIVE
2025-12-27 21:48:19,655 - INFO  -    Loss Type: direct_ce
2025-12-27 21:48:19,655 - INFO  -    Proj Mode: direction
2025-12-27 21:48:19,655 - INFO  -    Injection: All Bits
2025-12-27 21:48:19,655 - INFO  - ================================================================================
2025-12-27 21:48:26,153 - INFO  - [NUDE][TRAIN] Epoch 24/100 Iter 20/390 Loss 0.1887 Top1 93.48 Top5 99.92
2025-12-27 21:48:32,622 - INFO  - [NUDE][TRAIN] Epoch 24/100 Iter 40/390 Loss 0.1717 Top1 94.16 Top5 99.92
2025-12-27 21:48:39,024 - INFO  - [NUDE][TRAIN] Epoch 24/100 Iter 60/390 Loss 0.1749 Top1 93.97 Top5 99.92
2025-12-27 21:48:45,306 - INFO  - [NUDE][TRAIN] Epoch 24/100 Iter 80/390 Loss 0.1760 Top1 93.88 Top5 99.94
2025-12-27 21:48:51,684 - INFO  - [NUDE][TRAIN] Epoch 24/100 Iter 100/390 Loss 0.1800 Top1 93.72 Top5 99.93
2025-12-27 21:48:58,001 - INFO  - [NUDE][TRAIN] Epoch 24/100 Iter 120/390 Loss 0.1801 Top1 93.76 Top5 99.94
2025-12-27 21:49:04,457 - INFO  - [NUDE][TRAIN] Epoch 24/100 Iter 140/390 Loss 0.1816 Top1 93.77 Top5 99.93
2025-12-27 21:49:10,829 - INFO  - [NUDE][TRAIN] Epoch 24/100 Iter 160/390 Loss 0.1802 Top1 93.83 Top5 99.93
2025-12-27 21:49:17,112 - INFO  - [NUDE][TRAIN] Epoch 24/100 Iter 180/390 Loss 0.1803 Top1 93.80 Top5 99.94
2025-12-27 21:49:23,518 - INFO  - [NUDE][TRAIN] Epoch 24/100 Iter 200/390 Loss 0.1807 Top1 93.79 Top5 99.94
2025-12-27 21:49:29,760 - INFO  - [NUDE][TRAIN] Epoch 24/100 Iter 220/390 Loss 0.1810 Top1 93.77 Top5 99.94
2025-12-27 21:49:36,051 - INFO  - [NUDE][TRAIN] Epoch 24/100 Iter 240/390 Loss 0.1821 Top1 93.70 Top5 99.94
2025-12-27 21:49:42,353 - INFO  - [NUDE][TRAIN] Epoch 24/100 Iter 260/390 Loss 0.1831 Top1 93.63 Top5 99.94
2025-12-27 21:49:48,643 - INFO  - [NUDE][TRAIN] Epoch 24/100 Iter 280/390 Loss 0.1837 Top1 93.64 Top5 99.94
2025-12-27 21:49:54,984 - INFO  - [NUDE][TRAIN] Epoch 24/100 Iter 300/390 Loss 0.1853 Top1 93.58 Top5 99.94
2025-12-27 21:50:01,286 - INFO  - [NUDE][TRAIN] Epoch 24/100 Iter 320/390 Loss 0.1850 Top1 93.56 Top5 99.93
2025-12-27 21:50:07,701 - INFO  - [NUDE][TRAIN] Epoch 24/100 Iter 340/390 Loss 0.1851 Top1 93.58 Top5 99.93
2025-12-27 21:50:14,094 - INFO  - [NUDE][TRAIN] Epoch 24/100 Iter 360/390 Loss 0.1854 Top1 93.55 Top5 99.93
2025-12-27 21:50:20,370 - INFO  - [NUDE][TRAIN] Epoch 24/100 Iter 380/390 Loss 0.1867 Top1 93.52 Top5 99.94
2025-12-27 21:50:23,676 - INFO  - [NUDE] Validate: force max bit-width W/A = 6
2025-12-27 21:50:25,977 - INFO  - [NUDE][EPOCH] 24/100 Train: Top1=93.50 Top5=99.94 Loss=0.1871 | Val(EMA): Top1=88.96
2025-12-27 21:50:25,977 - INFO  -   ⏱️  本Epoch耗时: 2分6秒 | 平均Epoch耗时: 2分6秒 | 剩余Epoch数: 75
2025-12-27 21:50:25,977 - INFO  -   📅 预估剩余时间: 2小时37分32秒 | 预估完成时间: 2025-12-28 00:27:58
2025-12-27 21:50:26,591 - INFO  - ([25] Epoch) Saving checkpoint to:
             Current: /root/autodl-tmp/retraining-free-quantization/training/r18_c10_nude_0.02_wrnorm_0.5/r18_c10_nude_0.02_wrnorm_0.5_checkpoint.pth.tar

2025-12-27 21:50:26,594 - INFO  - 🎲 Epoch 25: FaultInjector seed rotated to 67
2025-12-27 21:50:26,602 - INFO  - [NUDE] Epoch 25: force max bit-width W/A = 6
2025-12-27 21:50:26,602 - INFO  - ================================================================================
2025-12-27 21:50:26,602 - INFO  - 🔥 [NUDE] BFAT ACTIVE
2025-12-27 21:50:26,602 - INFO  -    Loss Type: direct_ce
2025-12-27 21:50:26,602 - INFO  -    Proj Mode: direction
2025-12-27 21:50:26,602 - INFO  -    Injection: All Bits
2025-12-27 21:50:26,602 - INFO  - ================================================================================
2025-12-27 21:50:33,208 - INFO  - [NUDE][TRAIN] Epoch 25/100 Iter 20/390 Loss 0.1680 Top1 93.71 Top5 100.00
2025-12-27 21:50:39,519 - INFO  - [NUDE][TRAIN] Epoch 25/100 Iter 40/390 Loss 0.1770 Top1 93.44 Top5 99.96
2025-12-27 21:50:45,861 - INFO  - [NUDE][TRAIN] Epoch 25/100 Iter 60/390 Loss 0.1703 Top1 93.87 Top5 99.92
2025-12-27 21:50:52,175 - INFO  - [NUDE][TRAIN] Epoch 25/100 Iter 80/390 Loss 0.1721 Top1 93.85 Top5 99.94
2025-12-27 21:50:58,559 - INFO  - [NUDE][TRAIN] Epoch 25/100 Iter 100/390 Loss 0.1703 Top1 93.91 Top5 99.94
2025-12-27 21:51:04,940 - INFO  - [NUDE][TRAIN] Epoch 25/100 Iter 120/390 Loss 0.1706 Top1 93.85 Top5 99.93
2025-12-27 21:51:11,193 - INFO  - [NUDE][TRAIN] Epoch 25/100 Iter 140/390 Loss 0.1704 Top1 93.88 Top5 99.94
2025-12-27 21:51:17,518 - INFO  - [NUDE][TRAIN] Epoch 25/100 Iter 160/390 Loss 0.1690 Top1 93.94 Top5 99.94
2025-12-27 21:51:23,717 - INFO  - [NUDE][TRAIN] Epoch 25/100 Iter 180/390 Loss 0.1695 Top1 93.95 Top5 99.94
2025-12-27 21:51:30,081 - INFO  - [NUDE][TRAIN] Epoch 25/100 Iter 200/390 Loss 0.1695 Top1 93.98 Top5 99.94
2025-12-27 21:51:36,443 - INFO  - [NUDE][TRAIN] Epoch 25/100 Iter 220/390 Loss 0.1719 Top1 93.86 Top5 99.94
2025-12-27 21:51:42,766 - INFO  - [NUDE][TRAIN] Epoch 25/100 Iter 240/390 Loss 0.1712 Top1 93.93 Top5 99.94
2025-12-27 21:51:49,109 - INFO  - [NUDE][TRAIN] Epoch 25/100 Iter 260/390 Loss 0.1706 Top1 93.92 Top5 99.94
2025-12-27 21:51:55,361 - INFO  - [NUDE][TRAIN] Epoch 25/100 Iter 280/390 Loss 0.1712 Top1 93.90 Top5 99.94
2025-12-27 21:52:01,710 - INFO  - [NUDE][TRAIN] Epoch 25/100 Iter 300/390 Loss 0.1736 Top1 93.78 Top5 99.93
2025-12-27 21:52:08,073 - INFO  - [NUDE][TRAIN] Epoch 25/100 Iter 320/390 Loss 0.1742 Top1 93.81 Top5 99.93
2025-12-27 21:52:14,318 - INFO  - [NUDE][TRAIN] Epoch 25/100 Iter 340/390 Loss 0.1742 Top1 93.81 Top5 99.93
2025-12-27 21:52:20,743 - INFO  - [NUDE][TRAIN] Epoch 25/100 Iter 360/390 Loss 0.1746 Top1 93.78 Top5 99.92
2025-12-27 21:52:26,990 - INFO  - [NUDE][TRAIN] Epoch 25/100 Iter 380/390 Loss 0.1752 Top1 93.76 Top5 99.92
2025-12-27 21:52:30,246 - INFO  - [NUDE] Validate: force max bit-width W/A = 6
2025-12-27 21:52:32,519 - INFO  - [NUDE][EPOCH] 25/100 Train: Top1=93.73 Top5=99.92 Loss=0.1759 | Val(EMA): Top1=89.77
2025-12-27 21:52:32,519 - INFO  -   ⏱️  本Epoch耗时: 2分5秒 | 平均Epoch耗时: 2分5秒 | 剩余Epoch数: 74
2025-12-27 21:52:32,519 - INFO  -   📅 预估剩余时间: 2小时35分22秒 | 预估完成时间: 2025-12-28 00:27:54
2025-12-27 21:52:33,101 - INFO  - ([26] Epoch) Saving checkpoint to:
             Current: /root/autodl-tmp/retraining-free-quantization/training/r18_c10_nude_0.02_wrnorm_0.5/r18_c10_nude_0.02_wrnorm_0.5_checkpoint.pth.tar

2025-12-27 21:52:33,104 - INFO  - 🎲 Epoch 26: FaultInjector seed rotated to 68
2025-12-27 21:52:33,113 - INFO  - [NUDE] Epoch 26: force max bit-width W/A = 6
2025-12-27 21:52:33,113 - INFO  - ================================================================================
2025-12-27 21:52:33,113 - INFO  - 🔥 [NUDE] BFAT ACTIVE
2025-12-27 21:52:33,113 - INFO  -    Loss Type: direct_ce
2025-12-27 21:52:33,113 - INFO  -    Proj Mode: direction
2025-12-27 21:52:33,113 - INFO  -    Injection: All Bits
2025-12-27 21:52:33,113 - INFO  - ================================================================================
2025-12-27 21:52:39,724 - INFO  - [NUDE][TRAIN] Epoch 26/100 Iter 20/390 Loss 0.1378 Top1 95.74 Top5 99.96
2025-12-27 21:52:45,997 - INFO  - [NUDE][TRAIN] Epoch 26/100 Iter 40/390 Loss 0.1557 Top1 94.65 Top5 99.98
2025-12-27 21:52:52,359 - INFO  - [NUDE][TRAIN] Epoch 26/100 Iter 60/390 Loss 0.1623 Top1 94.43 Top5 99.97
2025-12-27 21:52:58,537 - INFO  - [NUDE][TRAIN] Epoch 26/100 Iter 80/390 Loss 0.1590 Top1 94.53 Top5 99.98
2025-12-27 21:53:04,814 - INFO  - [NUDE][TRAIN] Epoch 26/100 Iter 100/390 Loss 0.1525 Top1 94.73 Top5 99.98
2025-12-27 21:53:11,126 - INFO  - [NUDE][TRAIN] Epoch 26/100 Iter 120/390 Loss 0.1571 Top1 94.54 Top5 99.97
2025-12-27 21:53:17,355 - INFO  - [NUDE][TRAIN] Epoch 26/100 Iter 140/390 Loss 0.1577 Top1 94.54 Top5 99.97
2025-12-27 21:53:23,770 - INFO  - [NUDE][TRAIN] Epoch 26/100 Iter 160/390 Loss 0.1584 Top1 94.52 Top5 99.96
2025-12-27 21:53:30,029 - INFO  - [NUDE][TRAIN] Epoch 26/100 Iter 180/390 Loss 0.1603 Top1 94.41 Top5 99.96
2025-12-27 21:53:36,383 - INFO  - [NUDE][TRAIN] Epoch 26/100 Iter 200/390 Loss 0.1619 Top1 94.32 Top5 99.96
2025-12-27 21:53:42,762 - INFO  - [NUDE][TRAIN] Epoch 26/100 Iter 220/390 Loss 0.1628 Top1 94.30 Top5 99.96
2025-12-27 21:53:49,076 - INFO  - [NUDE][TRAIN] Epoch 26/100 Iter 240/390 Loss 0.1631 Top1 94.24 Top5 99.95
2025-12-27 21:53:55,435 - INFO  - [NUDE][TRAIN] Epoch 26/100 Iter 260/390 Loss 0.1638 Top1 94.25 Top5 99.95
2025-12-27 21:54:01,663 - INFO  - [NUDE][TRAIN] Epoch 26/100 Iter 280/390 Loss 0.1636 Top1 94.20 Top5 99.95
2025-12-27 21:54:08,012 - INFO  - [NUDE][TRAIN] Epoch 26/100 Iter 300/390 Loss 0.1633 Top1 94.22 Top5 99.94
2025-12-27 21:54:14,378 - INFO  - [NUDE][TRAIN] Epoch 26/100 Iter 320/390 Loss 0.1633 Top1 94.23 Top5 99.94
2025-12-27 21:54:20,642 - INFO  - [NUDE][TRAIN] Epoch 26/100 Iter 340/390 Loss 0.1638 Top1 94.21 Top5 99.93
2025-12-27 21:54:27,117 - INFO  - [NUDE][TRAIN] Epoch 26/100 Iter 360/390 Loss 0.1647 Top1 94.19 Top5 99.92
2025-12-27 21:54:33,418 - INFO  - [NUDE][TRAIN] Epoch 26/100 Iter 380/390 Loss 0.1648 Top1 94.20 Top5 99.93
2025-12-27 21:54:36,769 - INFO  - [NUDE] Validate: force max bit-width W/A = 6
2025-12-27 21:54:39,056 - INFO  - [NUDE][EPOCH] 26/100 Train: Top1=94.19 Top5=99.93 Loss=0.1648 | Val(EMA): Top1=90.28
2025-12-27 21:54:39,056 - INFO  -   ⏱️  本Epoch耗时: 2分5秒 | 平均Epoch耗时: 2分5秒 | 剩余Epoch数: 73
2025-12-27 21:54:39,056 - INFO  -   📅 预估剩余时间: 2小时33分16秒 | 预估完成时间: 2025-12-28 00:27:55
2025-12-27 21:54:39,664 - INFO  - ([27] Epoch) Saving checkpoint to:
             Current: /root/autodl-tmp/retraining-free-quantization/training/r18_c10_nude_0.02_wrnorm_0.5/r18_c10_nude_0.02_wrnorm_0.5_checkpoint.pth.tar

2025-12-27 21:54:39,667 - INFO  - 🎲 Epoch 27: FaultInjector seed rotated to 69
2025-12-27 21:54:39,674 - INFO  - [NUDE] Epoch 27: force max bit-width W/A = 6
2025-12-27 21:54:39,675 - INFO  - ================================================================================
2025-12-27 21:54:39,675 - INFO  - 🔥 [NUDE] BFAT ACTIVE
2025-12-27 21:54:39,675 - INFO  -    Loss Type: direct_ce
2025-12-27 21:54:39,675 - INFO  -    Proj Mode: direction
2025-12-27 21:54:39,675 - INFO  -    Injection: All Bits
2025-12-27 21:54:39,675 - INFO  - ================================================================================
2025-12-27 21:54:46,281 - INFO  - [NUDE][TRAIN] Epoch 27/100 Iter 20/390 Loss 0.1379 Top1 95.04 Top5 99.96
2025-12-27 21:54:52,546 - INFO  - [NUDE][TRAIN] Epoch 27/100 Iter 40/390 Loss 0.1439 Top1 94.92 Top5 99.94
2025-12-27 21:54:58,980 - INFO  - [NUDE][TRAIN] Epoch 27/100 Iter 60/390 Loss 0.1438 Top1 94.82 Top5 99.96
2025-12-27 21:55:05,357 - INFO  - [NUDE][TRAIN] Epoch 27/100 Iter 80/390 Loss 0.1433 Top1 94.86 Top5 99.96
2025-12-27 21:55:11,809 - INFO  - [NUDE][TRAIN] Epoch 27/100 Iter 100/390 Loss 0.1457 Top1 94.80 Top5 99.95
2025-12-27 21:55:18,177 - INFO  - [NUDE][TRAIN] Epoch 27/100 Iter 120/390 Loss 0.1475 Top1 94.77 Top5 99.95
2025-12-27 21:55:24,450 - INFO  - [NUDE][TRAIN] Epoch 27/100 Iter 140/390 Loss 0.1493 Top1 94.67 Top5 99.94
2025-12-27 21:55:30,828 - INFO  - [NUDE][TRAIN] Epoch 27/100 Iter 160/390 Loss 0.1492 Top1 94.70 Top5 99.94
2025-12-27 21:55:37,125 - INFO  - [NUDE][TRAIN] Epoch 27/100 Iter 180/390 Loss 0.1510 Top1 94.67 Top5 99.93
2025-12-27 21:55:43,490 - INFO  - [NUDE][TRAIN] Epoch 27/100 Iter 200/390 Loss 0.1523 Top1 94.57 Top5 99.94
2025-12-27 21:55:49,840 - INFO  - [NUDE][TRAIN] Epoch 27/100 Iter 220/390 Loss 0.1534 Top1 94.52 Top5 99.93
2025-12-27 21:55:56,135 - INFO  - [NUDE][TRAIN] Epoch 27/100 Iter 240/390 Loss 0.1545 Top1 94.45 Top5 99.93
2025-12-27 21:56:02,515 - INFO  - [NUDE][TRAIN] Epoch 27/100 Iter 260/390 Loss 0.1545 Top1 94.46 Top5 99.93
2025-12-27 21:56:08,756 - INFO  - [NUDE][TRAIN] Epoch 27/100 Iter 280/390 Loss 0.1551 Top1 94.45 Top5 99.92
2025-12-27 21:56:15,102 - INFO  - [NUDE][TRAIN] Epoch 27/100 Iter 300/390 Loss 0.1557 Top1 94.45 Top5 99.93
2025-12-27 21:56:21,526 - INFO  - [NUDE][TRAIN] Epoch 27/100 Iter 320/390 Loss 0.1561 Top1 94.45 Top5 99.93
2025-12-27 21:56:27,731 - INFO  - [NUDE][TRAIN] Epoch 27/100 Iter 340/390 Loss 0.1563 Top1 94.46 Top5 99.93
2025-12-27 21:56:34,042 - INFO  - [NUDE][TRAIN] Epoch 27/100 Iter 360/390 Loss 0.1569 Top1 94.42 Top5 99.93
2025-12-27 21:56:40,284 - INFO  - [NUDE][TRAIN] Epoch 27/100 Iter 380/390 Loss 0.1562 Top1 94.46 Top5 99.93
2025-12-27 21:56:43,579 - INFO  - [NUDE] Validate: force max bit-width W/A = 6
2025-12-27 21:56:45,856 - INFO  - [NUDE][EPOCH] 27/100 Train: Top1=94.48 Top5=99.93 Loss=0.1560 | Val(EMA): Top1=90.62
2025-12-27 21:56:45,857 - INFO  -   ⏱️  本Epoch耗时: 2分6秒 | 平均Epoch耗时: 2分6秒 | 剩余Epoch数: 72
2025-12-27 21:56:45,857 - INFO  -   📅 预估剩余时间: 2小时31分16秒 | 预估完成时间: 2025-12-28 00:28:02
2025-12-27 21:56:46,446 - INFO  - ([28] Epoch) Saving checkpoint to:
             Current: /root/autodl-tmp/retraining-free-quantization/training/r18_c10_nude_0.02_wrnorm_0.5/r18_c10_nude_0.02_wrnorm_0.5_checkpoint.pth.tar

2025-12-27 21:56:46,450 - INFO  - 🎲 Epoch 28: FaultInjector seed rotated to 70
2025-12-27 21:56:46,458 - INFO  - [NUDE] Epoch 28: force max bit-width W/A = 6
2025-12-27 21:56:46,458 - INFO  - ================================================================================
2025-12-27 21:56:46,458 - INFO  - 🔥 [NUDE] BFAT ACTIVE
2025-12-27 21:56:46,458 - INFO  -    Loss Type: direct_ce
2025-12-27 21:56:46,458 - INFO  -    Proj Mode: direction
2025-12-27 21:56:46,458 - INFO  -    Injection: All Bits
2025-12-27 21:56:46,458 - INFO  - ================================================================================
2025-12-27 21:56:53,118 - INFO  - [NUDE][TRAIN] Epoch 28/100 Iter 20/390 Loss 0.1335 Top1 95.27 Top5 99.96
2025-12-27 21:56:59,392 - INFO  - [NUDE][TRAIN] Epoch 28/100 Iter 40/390 Loss 0.1309 Top1 95.31 Top5 99.98
2025-12-27 21:57:05,733 - INFO  - [NUDE][TRAIN] Epoch 28/100 Iter 60/390 Loss 0.1338 Top1 95.16 Top5 99.99
2025-12-27 21:57:11,992 - INFO  - [NUDE][TRAIN] Epoch 28/100 Iter 80/390 Loss 0.1385 Top1 95.21 Top5 99.99
2025-12-27 21:57:18,359 - INFO  - [NUDE][TRAIN] Epoch 28/100 Iter 100/390 Loss 0.1388 Top1 95.24 Top5 99.98
2025-12-27 21:57:24,698 - INFO  - [NUDE][TRAIN] Epoch 28/100 Iter 120/390 Loss 0.1396 Top1 95.21 Top5 99.96
2025-12-27 21:57:31,030 - INFO  - [NUDE][TRAIN] Epoch 28/100 Iter 140/390 Loss 0.1393 Top1 95.21 Top5 99.97
2025-12-27 21:57:37,452 - INFO  - [NUDE][TRAIN] Epoch 28/100 Iter 160/390 Loss 0.1406 Top1 95.13 Top5 99.97
2025-12-27 21:57:43,708 - INFO  - [NUDE][TRAIN] Epoch 28/100 Iter 180/390 Loss 0.1405 Top1 95.11 Top5 99.97
2025-12-27 21:57:50,069 - INFO  - [NUDE][TRAIN] Epoch 28/100 Iter 200/390 Loss 0.1427 Top1 95.08 Top5 99.95
2025-12-27 21:57:56,404 - INFO  - [NUDE][TRAIN] Epoch 28/100 Iter 220/390 Loss 0.1433 Top1 95.07 Top5 99.95
2025-12-27 21:58:02,643 - INFO  - [NUDE][TRAIN] Epoch 28/100 Iter 240/390 Loss 0.1430 Top1 95.07 Top5 99.96
2025-12-27 21:58:08,920 - INFO  - [NUDE][TRAIN] Epoch 28/100 Iter 260/390 Loss 0.1440 Top1 95.02 Top5 99.96
2025-12-27 21:58:15,109 - INFO  - [NUDE][TRAIN] Epoch 28/100 Iter 280/390 Loss 0.1438 Top1 95.03 Top5 99.95
2025-12-27 21:58:21,435 - INFO  - [NUDE][TRAIN] Epoch 28/100 Iter 300/390 Loss 0.1452 Top1 94.98 Top5 99.95
2025-12-27 21:58:27,767 - INFO  - [NUDE][TRAIN] Epoch 28/100 Iter 320/390 Loss 0.1448 Top1 94.99 Top5 99.95
2025-12-27 21:58:34,062 - INFO  - [NUDE][TRAIN] Epoch 28/100 Iter 340/390 Loss 0.1453 Top1 94.97 Top5 99.95
2025-12-27 21:58:40,432 - INFO  - [NUDE][TRAIN] Epoch 28/100 Iter 360/390 Loss 0.1464 Top1 94.93 Top5 99.95
2025-12-27 21:58:46,680 - INFO  - [NUDE][TRAIN] Epoch 28/100 Iter 380/390 Loss 0.1463 Top1 94.93 Top5 99.95
2025-12-27 21:58:49,942 - INFO  - [NUDE] Validate: force max bit-width W/A = 6
2025-12-27 21:58:52,253 - INFO  - [NUDE][EPOCH] 28/100 Train: Top1=94.94 Top5=99.95 Loss=0.1460 | Val(EMA): Top1=90.73
2025-12-27 21:58:52,253 - INFO  -   ⏱️  本Epoch耗时: 2分5秒 | 平均Epoch耗时: 2分6秒 | 剩余Epoch数: 71
2025-12-27 21:58:52,254 - INFO  -   📅 预估剩余时间: 2小时29分8秒 | 预估完成时间: 2025-12-28 00:28:01
2025-12-27 21:58:52,860 - INFO  - ([29] Epoch) Saving checkpoint to:
             Current: /root/autodl-tmp/retraining-free-quantization/training/r18_c10_nude_0.02_wrnorm_0.5/r18_c10_nude_0.02_wrnorm_0.5_checkpoint.pth.tar

2025-12-27 21:58:52,863 - INFO  - 🎲 Epoch 29: FaultInjector seed rotated to 71
2025-12-27 21:58:52,871 - INFO  - [NUDE] Epoch 29: force max bit-width W/A = 6
2025-12-27 21:58:52,872 - INFO  - ================================================================================
2025-12-27 21:58:52,872 - INFO  - 🔥 [NUDE] BFAT ACTIVE
2025-12-27 21:58:52,872 - INFO  -    Loss Type: direct_ce
2025-12-27 21:58:52,872 - INFO  -    Proj Mode: direction
2025-12-27 21:58:52,872 - INFO  -    Injection: All Bits
2025-12-27 21:58:52,872 - INFO  - ================================================================================
2025-12-27 21:58:59,354 - INFO  - [NUDE][TRAIN] Epoch 29/100 Iter 20/390 Loss 0.1244 Top1 95.59 Top5 99.96
2025-12-27 21:59:05,763 - INFO  - [NUDE][TRAIN] Epoch 29/100 Iter 40/390 Loss 0.1207 Top1 95.61 Top5 99.98
2025-12-27 21:59:12,138 - INFO  - [NUDE][TRAIN] Epoch 29/100 Iter 60/390 Loss 0.1279 Top1 95.43 Top5 99.96
2025-12-27 21:59:18,406 - INFO  - [NUDE][TRAIN] Epoch 29/100 Iter 80/390 Loss 0.1291 Top1 95.50 Top5 99.96
2025-12-27 21:59:24,762 - INFO  - [NUDE][TRAIN] Epoch 29/100 Iter 100/390 Loss 0.1269 Top1 95.56 Top5 99.97
2025-12-27 21:59:31,010 - INFO  - [NUDE][TRAIN] Epoch 29/100 Iter 120/390 Loss 0.1293 Top1 95.52 Top5 99.97
2025-12-27 21:59:37,371 - INFO  - [NUDE][TRAIN] Epoch 29/100 Iter 140/390 Loss 0.1287 Top1 95.51 Top5 99.97
2025-12-27 21:59:43,745 - INFO  - [NUDE][TRAIN] Epoch 29/100 Iter 160/390 Loss 0.1341 Top1 95.38 Top5 99.97
2025-12-27 21:59:49,997 - INFO  - [NUDE][TRAIN] Epoch 29/100 Iter 180/390 Loss 0.1360 Top1 95.33 Top5 99.97
2025-12-27 21:59:56,307 - INFO  - [NUDE][TRAIN] Epoch 29/100 Iter 200/390 Loss 0.1355 Top1 95.33 Top5 99.97
2025-12-27 22:00:01,711 - INFO  - [NUDE][TRAIN] Epoch 29/100 Iter 220/390 Loss 0.1348 Top1 95.34 Top5 99.97
2025-12-27 22:00:08,095 - INFO  - [NUDE][TRAIN] Epoch 29/100 Iter 240/390 Loss 0.1364 Top1 95.26 Top5 99.97
2025-12-27 22:00:14,456 - INFO  - [NUDE][TRAIN] Epoch 29/100 Iter 260/390 Loss 0.1370 Top1 95.24 Top5 99.97
2025-12-27 22:00:20,742 - INFO  - [NUDE][TRAIN] Epoch 29/100 Iter 280/390 Loss 0.1365 Top1 95.25 Top5 99.97
2025-12-27 22:00:27,134 - INFO  - [NUDE][TRAIN] Epoch 29/100 Iter 300/390 Loss 0.1360 Top1 95.27 Top5 99.97
2025-12-27 22:00:33,394 - INFO  - [NUDE][TRAIN] Epoch 29/100 Iter 320/390 Loss 0.1370 Top1 95.22 Top5 99.97
2025-12-27 22:00:39,761 - INFO  - [NUDE][TRAIN] Epoch 29/100 Iter 340/390 Loss 0.1373 Top1 95.21 Top5 99.97
2025-12-27 22:00:46,113 - INFO  - [NUDE][TRAIN] Epoch 29/100 Iter 360/390 Loss 0.1377 Top1 95.20 Top5 99.97
2025-12-27 22:00:52,337 - INFO  - [NUDE][TRAIN] Epoch 29/100 Iter 380/390 Loss 0.1381 Top1 95.19 Top5 99.97
2025-12-27 22:00:55,500 - INFO  - [NUDE] Validate: force max bit-width W/A = 6
2025-12-27 22:00:57,797 - INFO  - [NUDE][EPOCH] 29/100 Train: Top1=95.20 Top5=99.97 Loss=0.1382 | Val(EMA): Top1=91.14
2025-12-27 22:00:57,797 - INFO  -   ⏱️  本Epoch耗时: 2分4秒 | 平均Epoch耗时: 2分5秒 | 剩余Epoch数: 70
2025-12-27 22:00:57,797 - INFO  -   📅 预估剩余时间: 2小时26分43秒 | 预估完成时间: 2025-12-28 00:27:41
2025-12-27 22:00:58,596 - INFO  - ([30] Epoch) Saving checkpoint to:
             Current: /root/autodl-tmp/retraining-free-quantization/training/r18_c10_nude_0.02_wrnorm_0.5/r18_c10_nude_0.02_wrnorm_0.5_checkpoint.pth.tar

2025-12-27 22:00:58,599 - INFO  - 🎲 Epoch 30: FaultInjector seed rotated to 72
2025-12-27 22:00:58,606 - INFO  - [NUDE] Epoch 30: force max bit-width W/A = 6
2025-12-27 22:00:58,606 - INFO  - ================================================================================
2025-12-27 22:00:58,607 - INFO  - 🔥 [NUDE] BFAT ACTIVE
2025-12-27 22:00:58,607 - INFO  -    Loss Type: direct_ce
2025-12-27 22:00:58,607 - INFO  -    Proj Mode: direction
2025-12-27 22:00:58,607 - INFO  -    Injection: All Bits
2025-12-27 22:00:58,607 - INFO  - ================================================================================
2025-12-27 22:01:05,065 - INFO  - [NUDE][TRAIN] Epoch 30/100 Iter 20/390 Loss 0.1276 Top1 95.59 Top5 100.00
2025-12-27 22:01:11,566 - INFO  - [NUDE][TRAIN] Epoch 30/100 Iter 40/390 Loss 0.1235 Top1 95.62 Top5 99.98
2025-12-27 22:01:17,935 - INFO  - [NUDE][TRAIN] Epoch 30/100 Iter 60/390 Loss 0.1219 Top1 95.57 Top5 99.97
2025-12-27 22:01:24,201 - INFO  - [NUDE][TRAIN] Epoch 30/100 Iter 80/390 Loss 0.1229 Top1 95.51 Top5 99.98
2025-12-27 22:01:30,529 - INFO  - [NUDE][TRAIN] Epoch 30/100 Iter 100/390 Loss 0.1198 Top1 95.63 Top5 99.98
2025-12-27 22:01:36,741 - INFO  - [NUDE][TRAIN] Epoch 30/100 Iter 120/390 Loss 0.1208 Top1 95.66 Top5 99.97
2025-12-27 22:01:43,058 - INFO  - [NUDE][TRAIN] Epoch 30/100 Iter 140/390 Loss 0.1227 Top1 95.56 Top5 99.98
2025-12-27 22:01:49,475 - INFO  - [NUDE][TRAIN] Epoch 30/100 Iter 160/390 Loss 0.1251 Top1 95.50 Top5 99.98
2025-12-27 22:01:55,880 - INFO  - [NUDE][TRAIN] Epoch 30/100 Iter 180/390 Loss 0.1248 Top1 95.52 Top5 99.98
2025-12-27 22:02:02,240 - INFO  - [NUDE][TRAIN] Epoch 30/100 Iter 200/390 Loss 0.1272 Top1 95.48 Top5 99.98
2025-12-27 22:02:08,519 - INFO  - [NUDE][TRAIN] Epoch 30/100 Iter 220/390 Loss 0.1296 Top1 95.41 Top5 99.98
2025-12-27 22:02:14,871 - INFO  - [NUDE][TRAIN] Epoch 30/100 Iter 240/390 Loss 0.1314 Top1 95.35 Top5 99.97
2025-12-27 22:02:21,223 - INFO  - [NUDE][TRAIN] Epoch 30/100 Iter 260/390 Loss 0.1329 Top1 95.29 Top5 99.97
2025-12-27 22:02:27,509 - INFO  - [NUDE][TRAIN] Epoch 30/100 Iter 280/390 Loss 0.1336 Top1 95.24 Top5 99.96
2025-12-27 22:02:33,863 - INFO  - [NUDE][TRAIN] Epoch 30/100 Iter 300/390 Loss 0.1349 Top1 95.21 Top5 99.96
2025-12-27 22:02:40,111 - INFO  - [NUDE][TRAIN] Epoch 30/100 Iter 320/390 Loss 0.1348 Top1 95.23 Top5 99.96
2025-12-27 22:02:46,462 - INFO  - [NUDE][TRAIN] Epoch 30/100 Iter 340/390 Loss 0.1352 Top1 95.22 Top5 99.96
2025-12-27 22:02:52,821 - INFO  - [NUDE][TRAIN] Epoch 30/100 Iter 360/390 Loss 0.1352 Top1 95.20 Top5 99.96
2025-12-27 22:02:59,049 - INFO  - [NUDE][TRAIN] Epoch 30/100 Iter 380/390 Loss 0.1354 Top1 95.21 Top5 99.96
2025-12-27 22:03:02,220 - INFO  - [NUDE] Validate: force max bit-width W/A = 6
2025-12-27 22:03:04,526 - INFO  - [NUDE][EPOCH] 30/100 Train: Top1=95.19 Top5=99.96 Loss=0.1357 | Val(EMA): Top1=91.36
2025-12-27 22:03:04,526 - INFO  -   ⏱️  本Epoch耗时: 2分5秒 | 平均Epoch耗时: 2分5秒 | 剩余Epoch数: 69
2025-12-27 22:03:04,526 - INFO  -   📅 预估剩余时间: 2小时24分37秒 | 预估完成时间: 2025-12-28 00:27:42
2025-12-27 22:03:05,146 - INFO  - ([31] Epoch) Saving checkpoint to:
             Current: /root/autodl-tmp/retraining-free-quantization/training/r18_c10_nude_0.02_wrnorm_0.5/r18_c10_nude_0.02_wrnorm_0.5_checkpoint.pth.tar

2025-12-27 22:03:05,148 - INFO  - 🎲 Epoch 31: FaultInjector seed rotated to 73
2025-12-27 22:03:05,156 - INFO  - [NUDE] Epoch 31: force max bit-width W/A = 6
2025-12-27 22:03:05,156 - INFO  - ================================================================================
2025-12-27 22:03:05,156 - INFO  - 🔥 [NUDE] BFAT ACTIVE
2025-12-27 22:03:05,156 - INFO  -    Loss Type: direct_ce
2025-12-27 22:03:05,156 - INFO  -    Proj Mode: direction
2025-12-27 22:03:05,156 - INFO  -    Injection: All Bits
2025-12-27 22:03:05,156 - INFO  - ================================================================================
2025-12-27 22:03:11,607 - INFO  - [NUDE][TRAIN] Epoch 31/100 Iter 20/390 Loss 0.1228 Top1 95.51 Top5 100.00
2025-12-27 22:03:17,931 - INFO  - [NUDE][TRAIN] Epoch 31/100 Iter 40/390 Loss 0.1220 Top1 95.57 Top5 99.98
2025-12-27 22:03:24,202 - INFO  - [NUDE][TRAIN] Epoch 31/100 Iter 60/390 Loss 0.1255 Top1 95.39 Top5 99.97
2025-12-27 22:03:30,460 - INFO  - [NUDE][TRAIN] Epoch 31/100 Iter 80/390 Loss 0.1203 Top1 95.56 Top5 99.97
2025-12-27 22:03:36,803 - INFO  - [NUDE][TRAIN] Epoch 31/100 Iter 100/390 Loss 0.1202 Top1 95.62 Top5 99.96
2025-12-27 22:03:43,093 - INFO  - [NUDE][TRAIN] Epoch 31/100 Iter 120/390 Loss 0.1192 Top1 95.59 Top5 99.97
2025-12-27 22:03:49,469 - INFO  - [NUDE][TRAIN] Epoch 31/100 Iter 140/390 Loss 0.1197 Top1 95.56 Top5 99.97
2025-12-27 22:03:55,811 - INFO  - [NUDE][TRAIN] Epoch 31/100 Iter 160/390 Loss 0.1177 Top1 95.64 Top5 99.98
2025-12-27 22:04:02,072 - INFO  - [NUDE][TRAIN] Epoch 31/100 Iter 180/390 Loss 0.1174 Top1 95.69 Top5 99.97
2025-12-27 22:04:08,406 - INFO  - [NUDE][TRAIN] Epoch 31/100 Iter 200/390 Loss 0.1198 Top1 95.63 Top5 99.97
2025-12-27 22:04:14,677 - INFO  - [NUDE][TRAIN] Epoch 31/100 Iter 220/390 Loss 0.1225 Top1 95.54 Top5 99.97
2025-12-27 22:04:21,024 - INFO  - [NUDE][TRAIN] Epoch 31/100 Iter 240/390 Loss 0.1230 Top1 95.56 Top5 99.97
2025-12-27 22:04:27,357 - INFO  - [NUDE][TRAIN] Epoch 31/100 Iter 260/390 Loss 0.1230 Top1 95.57 Top5 99.97
2025-12-27 22:04:33,597 - INFO  - [NUDE][TRAIN] Epoch 31/100 Iter 280/390 Loss 0.1229 Top1 95.59 Top5 99.97
2025-12-27 22:04:39,987 - INFO  - [NUDE][TRAIN] Epoch 31/100 Iter 300/390 Loss 0.1224 Top1 95.59 Top5 99.98
2025-12-27 22:04:46,241 - INFO  - [NUDE][TRAIN] Epoch 31/100 Iter 320/390 Loss 0.1238 Top1 95.57 Top5 99.97
2025-12-27 22:04:52,593 - INFO  - [NUDE][TRAIN] Epoch 31/100 Iter 340/390 Loss 0.1234 Top1 95.60 Top5 99.97
2025-12-27 22:04:58,892 - INFO  - [NUDE][TRAIN] Epoch 31/100 Iter 360/390 Loss 0.1235 Top1 95.59 Top5 99.97
2025-12-27 22:05:05,070 - INFO  - [NUDE][TRAIN] Epoch 31/100 Iter 380/390 Loss 0.1240 Top1 95.56 Top5 99.97
2025-12-27 22:05:08,240 - INFO  - [NUDE] Validate: force max bit-width W/A = 6
2025-12-27 22:05:10,523 - INFO  - [NUDE][EPOCH] 31/100 Train: Top1=95.53 Top5=99.97 Loss=0.1247 | Val(EMA): Top1=91.60
2025-12-27 22:05:10,523 - INFO  -   ⏱️  本Epoch耗时: 2分5秒 | 平均Epoch耗时: 2分5秒 | 剩余Epoch数: 68
2025-12-27 22:05:10,523 - INFO  -   📅 预估剩余时间: 2小时22分23秒 | 预估完成时间: 2025-12-28 00:27:34
2025-12-27 22:05:11,231 - INFO  - ([32] Epoch) Saving checkpoint to:
             Current: /root/autodl-tmp/retraining-free-quantization/training/r18_c10_nude_0.02_wrnorm_0.5/r18_c10_nude_0.02_wrnorm_0.5_checkpoint.pth.tar

2025-12-27 22:05:11,234 - INFO  - 🎲 Epoch 32: FaultInjector seed rotated to 74
2025-12-27 22:05:11,244 - INFO  - [NUDE] Epoch 32: force max bit-width W/A = 6
2025-12-27 22:05:11,245 - INFO  - ================================================================================
2025-12-27 22:05:11,245 - INFO  - 🔥 [NUDE] BFAT ACTIVE
2025-12-27 22:05:11,245 - INFO  -    Loss Type: direct_ce
2025-12-27 22:05:11,245 - INFO  -    Proj Mode: direction
2025-12-27 22:05:11,245 - INFO  -    Injection: All Bits
2025-12-27 22:05:11,245 - INFO  - ================================================================================
2025-12-27 22:05:17,730 - INFO  - [NUDE][TRAIN] Epoch 32/100 Iter 20/390 Loss 0.1138 Top1 96.05 Top5 99.92
2025-12-27 22:05:24,134 - INFO  - [NUDE][TRAIN] Epoch 32/100 Iter 40/390 Loss 0.1048 Top1 96.35 Top5 99.96
2025-12-27 22:05:30,454 - INFO  - [NUDE][TRAIN] Epoch 32/100 Iter 60/390 Loss 0.1071 Top1 96.24 Top5 99.96
2025-12-27 22:05:36,789 - INFO  - [NUDE][TRAIN] Epoch 32/100 Iter 80/390 Loss 0.1125 Top1 96.06 Top5 99.96
2025-12-27 22:05:43,125 - INFO  - [NUDE][TRAIN] Epoch 32/100 Iter 100/390 Loss 0.1103 Top1 96.11 Top5 99.97
2025-12-27 22:05:49,384 - INFO  - [NUDE][TRAIN] Epoch 32/100 Iter 120/390 Loss 0.1116 Top1 96.06 Top5 99.97
2025-12-27 22:05:55,748 - INFO  - [NUDE][TRAIN] Epoch 32/100 Iter 140/390 Loss 0.1107 Top1 96.03 Top5 99.98
2025-12-27 22:06:02,109 - INFO  - [NUDE][TRAIN] Epoch 32/100 Iter 160/390 Loss 0.1097 Top1 96.06 Top5 99.98
2025-12-27 22:06:08,383 - INFO  - [NUDE][TRAIN] Epoch 32/100 Iter 180/390 Loss 0.1107 Top1 96.04 Top5 99.97
2025-12-27 22:06:14,789 - INFO  - [NUDE][TRAIN] Epoch 32/100 Iter 200/390 Loss 0.1122 Top1 95.98 Top5 99.97
2025-12-27 22:06:21,096 - INFO  - [NUDE][TRAIN] Epoch 32/100 Iter 220/390 Loss 0.1124 Top1 95.99 Top5 99.98
2025-12-27 22:06:27,446 - INFO  - [NUDE][TRAIN] Epoch 32/100 Iter 240/390 Loss 0.1128 Top1 95.96 Top5 99.98
2025-12-27 22:06:33,878 - INFO  - [NUDE][TRAIN] Epoch 32/100 Iter 260/390 Loss 0.1123 Top1 95.95 Top5 99.98
2025-12-27 22:06:40,131 - INFO  - [NUDE][TRAIN] Epoch 32/100 Iter 280/390 Loss 0.1140 Top1 95.91 Top5 99.97
2025-12-27 22:06:46,406 - INFO  - [NUDE][TRAIN] Epoch 32/100 Iter 300/390 Loss 0.1151 Top1 95.87 Top5 99.97
2025-12-27 22:06:52,623 - INFO  - [NUDE][TRAIN] Epoch 32/100 Iter 320/390 Loss 0.1154 Top1 95.85 Top5 99.97
2025-12-27 22:06:59,011 - INFO  - [NUDE][TRAIN] Epoch 32/100 Iter 340/390 Loss 0.1161 Top1 95.83 Top5 99.97
2025-12-27 22:07:05,274 - INFO  - [NUDE][TRAIN] Epoch 32/100 Iter 360/390 Loss 0.1162 Top1 95.79 Top5 99.97
2025-12-27 22:07:11,668 - INFO  - [NUDE][TRAIN] Epoch 32/100 Iter 380/390 Loss 0.1164 Top1 95.78 Top5 99.97
2025-12-27 22:07:14,819 - INFO  - [NUDE] Validate: force max bit-width W/A = 6
2025-12-27 22:07:17,105 - INFO  - [NUDE][EPOCH] 32/100 Train: Top1=95.77 Top5=99.97 Loss=0.1166 | Val(EMA): Top1=91.71
2025-12-27 22:07:17,105 - INFO  -   ⏱️  本Epoch耗时: 2分5秒 | 平均Epoch耗时: 2分5秒 | 剩余Epoch数: 67
2025-12-27 22:07:17,105 - INFO  -   📅 预估剩余时间: 2小时20分13秒 | 预估完成时间: 2025-12-28 00:27:31
2025-12-27 22:07:17,581 - INFO  - ([33] Epoch) Saving checkpoint to:
             Current: /root/autodl-tmp/retraining-free-quantization/training/r18_c10_nude_0.02_wrnorm_0.5/r18_c10_nude_0.02_wrnorm_0.5_checkpoint.pth.tar

2025-12-27 22:07:17,584 - INFO  - 🎲 Epoch 33: FaultInjector seed rotated to 75
2025-12-27 22:07:17,592 - INFO  - [NUDE] Epoch 33: force max bit-width W/A = 6
2025-12-27 22:07:17,592 - INFO  - ================================================================================
2025-12-27 22:07:17,592 - INFO  - 🔥 [NUDE] BFAT ACTIVE
2025-12-27 22:07:17,592 - INFO  -    Loss Type: direct_ce
2025-12-27 22:07:17,592 - INFO  -    Proj Mode: direction
2025-12-27 22:07:17,592 - INFO  -    Injection: All Bits
2025-12-27 22:07:17,592 - INFO  - ================================================================================
2025-12-27 22:07:24,167 - INFO  - [NUDE][TRAIN] Epoch 33/100 Iter 20/390 Loss 0.0915 Top1 96.68 Top5 100.00
2025-12-27 22:07:30,524 - INFO  - [NUDE][TRAIN] Epoch 33/100 Iter 40/390 Loss 0.0941 Top1 96.62 Top5 100.00
2025-12-27 22:07:36,795 - INFO  - [NUDE][TRAIN] Epoch 33/100 Iter 60/390 Loss 0.0984 Top1 96.46 Top5 100.00
2025-12-27 22:07:43,148 - INFO  - [NUDE][TRAIN] Epoch 33/100 Iter 80/390 Loss 0.1032 Top1 96.28 Top5 100.00
2025-12-27 22:07:49,464 - INFO  - [NUDE][TRAIN] Epoch 33/100 Iter 100/390 Loss 0.1053 Top1 96.30 Top5 99.98
2025-12-27 22:07:55,799 - INFO  - [NUDE][TRAIN] Epoch 33/100 Iter 120/390 Loss 0.1056 Top1 96.24 Top5 99.99
2025-12-27 22:08:02,157 - INFO  - [NUDE][TRAIN] Epoch 33/100 Iter 140/390 Loss 0.1088 Top1 96.13 Top5 99.99
2025-12-27 22:08:08,409 - INFO  - [NUDE][TRAIN] Epoch 33/100 Iter 160/390 Loss 0.1083 Top1 96.16 Top5 99.99
2025-12-27 22:08:14,759 - INFO  - [NUDE][TRAIN] Epoch 33/100 Iter 180/390 Loss 0.1087 Top1 96.15 Top5 99.99
2025-12-27 22:08:21,011 - INFO  - [NUDE][TRAIN] Epoch 33/100 Iter 200/390 Loss 0.1084 Top1 96.18 Top5 99.98
2025-12-27 22:08:27,295 - INFO  - [NUDE][TRAIN] Epoch 33/100 Iter 220/390 Loss 0.1098 Top1 96.15 Top5 99.98
2025-12-27 22:08:33,599 - INFO  - [NUDE][TRAIN] Epoch 33/100 Iter 240/390 Loss 0.1109 Top1 96.12 Top5 99.98
2025-12-27 22:08:39,851 - INFO  - [NUDE][TRAIN] Epoch 33/100 Iter 260/390 Loss 0.1114 Top1 96.10 Top5 99.97
2025-12-27 22:08:46,210 - INFO  - [NUDE][TRAIN] Epoch 33/100 Iter 280/390 Loss 0.1122 Top1 96.05 Top5 99.97
2025-12-27 22:08:52,505 - INFO  - [NUDE][TRAIN] Epoch 33/100 Iter 300/390 Loss 0.1116 Top1 96.04 Top5 99.97
2025-12-27 22:08:58,898 - INFO  - [NUDE][TRAIN] Epoch 33/100 Iter 320/390 Loss 0.1114 Top1 96.04 Top5 99.97
2025-12-27 22:09:05,297 - INFO  - [NUDE][TRAIN] Epoch 33/100 Iter 340/390 Loss 0.1109 Top1 96.07 Top5 99.97
2025-12-27 22:09:11,555 - INFO  - [NUDE][TRAIN] Epoch 33/100 Iter 360/390 Loss 0.1120 Top1 96.04 Top5 99.97
2025-12-27 22:09:18,000 - INFO  - [NUDE][TRAIN] Epoch 33/100 Iter 380/390 Loss 0.1125 Top1 96.01 Top5 99.98
2025-12-27 22:09:21,176 - INFO  - [NUDE] Validate: force max bit-width W/A = 6
2025-12-27 22:09:23,481 - INFO  - [NUDE][EPOCH] 33/100 Train: Top1=96.00 Top5=99.98 Loss=0.1129 | Val(EMA): Top1=92.15
2025-12-27 22:09:23,481 - INFO  -   ⏱️  本Epoch耗时: 2分5秒 | 平均Epoch耗时: 2分5秒 | 剩余Epoch数: 66
2025-12-27 22:09:23,481 - INFO  -   📅 预估剩余时间: 2小时18分9秒 | 预估完成时间: 2025-12-28 00:27:33
2025-12-27 22:09:24,145 - INFO  - ([34] Epoch) Saving checkpoint to:
             Current: /root/autodl-tmp/retraining-free-quantization/training/r18_c10_nude_0.02_wrnorm_0.5/r18_c10_nude_0.02_wrnorm_0.5_checkpoint.pth.tar

2025-12-27 22:09:24,148 - INFO  - 🎲 Epoch 34: FaultInjector seed rotated to 76
2025-12-27 22:09:24,156 - INFO  - [NUDE] Epoch 34: force max bit-width W/A = 6
2025-12-27 22:09:24,156 - INFO  - ================================================================================
2025-12-27 22:09:24,156 - INFO  - 🔥 [NUDE] BFAT ACTIVE
2025-12-27 22:09:24,156 - INFO  -    Loss Type: direct_ce
2025-12-27 22:09:24,156 - INFO  -    Proj Mode: direction
2025-12-27 22:09:24,156 - INFO  -    Injection: All Bits
2025-12-27 22:09:24,156 - INFO  - ================================================================================
2025-12-27 22:09:30,778 - INFO  - [NUDE][TRAIN] Epoch 34/100 Iter 20/390 Loss 0.0969 Top1 96.91 Top5 99.96
2025-12-27 22:09:37,057 - INFO  - [NUDE][TRAIN] Epoch 34/100 Iter 40/390 Loss 0.0966 Top1 96.58 Top5 99.96
2025-12-27 22:09:43,423 - INFO  - [NUDE][TRAIN] Epoch 34/100 Iter 60/390 Loss 0.0998 Top1 96.48 Top5 99.96
2025-12-27 22:09:49,853 - INFO  - [NUDE][TRAIN] Epoch 34/100 Iter 80/390 Loss 0.0976 Top1 96.56 Top5 99.97
2025-12-27 22:09:56,088 - INFO  - [NUDE][TRAIN] Epoch 34/100 Iter 100/390 Loss 0.0970 Top1 96.57 Top5 99.98
2025-12-27 22:10:02,446 - INFO  - [NUDE][TRAIN] Epoch 34/100 Iter 120/390 Loss 0.1019 Top1 96.37 Top5 99.98
2025-12-27 22:10:08,655 - INFO  - [NUDE][TRAIN] Epoch 34/100 Iter 140/390 Loss 0.1023 Top1 96.34 Top5 99.98
2025-12-27 22:10:14,947 - INFO  - [NUDE][TRAIN] Epoch 34/100 Iter 160/390 Loss 0.1036 Top1 96.25 Top5 99.99
2025-12-27 22:10:21,312 - INFO  - [NUDE][TRAIN] Epoch 34/100 Iter 180/390 Loss 0.1032 Top1 96.28 Top5 99.99
2025-12-27 22:10:27,551 - INFO  - [NUDE][TRAIN] Epoch 34/100 Iter 200/390 Loss 0.1024 Top1 96.32 Top5 99.99
2025-12-27 22:10:33,906 - INFO  - [NUDE][TRAIN] Epoch 34/100 Iter 220/390 Loss 0.1034 Top1 96.32 Top5 99.99
2025-12-27 22:10:40,136 - INFO  - [NUDE][TRAIN] Epoch 34/100 Iter 240/390 Loss 0.1047 Top1 96.28 Top5 99.99
2025-12-27 22:10:46,473 - INFO  - [NUDE][TRAIN] Epoch 34/100 Iter 260/390 Loss 0.1061 Top1 96.23 Top5 99.99
2025-12-27 22:10:52,911 - INFO  - [NUDE][TRAIN] Epoch 34/100 Iter 280/390 Loss 0.1069 Top1 96.22 Top5 99.98
2025-12-27 22:10:59,190 - INFO  - [NUDE][TRAIN] Epoch 34/100 Iter 300/390 Loss 0.1068 Top1 96.23 Top5 99.98
2025-12-27 22:11:05,544 - INFO  - [NUDE][TRAIN] Epoch 34/100 Iter 320/390 Loss 0.1068 Top1 96.22 Top5 99.98
2025-12-27 22:11:11,775 - INFO  - [NUDE][TRAIN] Epoch 34/100 Iter 340/390 Loss 0.1069 Top1 96.22 Top5 99.98
2025-12-27 22:11:18,115 - INFO  - [NUDE][TRAIN] Epoch 34/100 Iter 360/390 Loss 0.1074 Top1 96.24 Top5 99.98
2025-12-27 22:11:24,488 - INFO  - [NUDE][TRAIN] Epoch 34/100 Iter 380/390 Loss 0.1068 Top1 96.26 Top5 99.98
2025-12-27 22:11:27,668 - INFO  - [NUDE] Validate: force max bit-width W/A = 6
2025-12-27 22:11:29,959 - INFO  - [NUDE][EPOCH] 34/100 Train: Top1=96.26 Top5=99.98 Loss=0.1074 | Val(EMA): Top1=92.37
2025-12-27 22:11:29,959 - INFO  -   ⏱️  本Epoch耗时: 2分5秒 | 平均Epoch耗时: 2分5秒 | 剩余Epoch数: 65
2025-12-27 22:11:29,959 - INFO  -   📅 预估剩余时间: 2小时16分15秒 | 预估完成时间: 2025-12-28 00:27:45
2025-12-27 22:11:30,442 - INFO  - ([35] Epoch) Saving checkpoint to:
             Current: /root/autodl-tmp/retraining-free-quantization/training/r18_c10_nude_0.02_wrnorm_0.5/r18_c10_nude_0.02_wrnorm_0.5_checkpoint.pth.tar

2025-12-27 22:11:30,444 - INFO  - 🎲 Epoch 35: FaultInjector seed rotated to 77
2025-12-27 22:11:30,452 - INFO  - [NUDE] Epoch 35: force max bit-width W/A = 6
2025-12-27 22:11:30,452 - INFO  - ================================================================================
2025-12-27 22:11:30,452 - INFO  - 🔥 [NUDE] BFAT ACTIVE
2025-12-27 22:11:30,452 - INFO  -    Loss Type: direct_ce
2025-12-27 22:11:30,452 - INFO  -    Proj Mode: direction
2025-12-27 22:11:30,452 - INFO  -    Injection: All Bits
2025-12-27 22:11:30,452 - INFO  - ================================================================================
2025-12-27 22:11:37,068 - INFO  - [NUDE][TRAIN] Epoch 35/100 Iter 20/390 Loss 0.0893 Top1 96.84 Top5 100.00
2025-12-27 22:11:43,355 - INFO  - [NUDE][TRAIN] Epoch 35/100 Iter 40/390 Loss 0.0882 Top1 97.01 Top5 99.98
2025-12-27 22:11:49,658 - INFO  - [NUDE][TRAIN] Epoch 35/100 Iter 60/390 Loss 0.0886 Top1 97.01 Top5 99.99
2025-12-27 22:11:55,969 - INFO  - [NUDE][TRAIN] Epoch 35/100 Iter 80/390 Loss 0.0916 Top1 96.87 Top5 99.98
2025-12-27 22:12:02,208 - INFO  - [NUDE][TRAIN] Epoch 35/100 Iter 100/390 Loss 0.0925 Top1 96.84 Top5 99.98
2025-12-27 22:12:08,580 - INFO  - [NUDE][TRAIN] Epoch 35/100 Iter 120/390 Loss 0.0928 Top1 96.81 Top5 99.99
2025-12-27 22:12:14,858 - INFO  - [NUDE][TRAIN] Epoch 35/100 Iter 140/390 Loss 0.0950 Top1 96.70 Top5 99.99
2025-12-27 22:12:21,233 - INFO  - [NUDE][TRAIN] Epoch 35/100 Iter 160/390 Loss 0.0966 Top1 96.63 Top5 99.98
2025-12-27 22:12:27,617 - INFO  - [NUDE][TRAIN] Epoch 35/100 Iter 180/390 Loss 0.0965 Top1 96.60 Top5 99.97
2025-12-27 22:12:33,954 - INFO  - [NUDE][TRAIN] Epoch 35/100 Iter 200/390 Loss 0.0971 Top1 96.59 Top5 99.98
2025-12-27 22:12:40,287 - INFO  - [NUDE][TRAIN] Epoch 35/100 Iter 220/390 Loss 0.0973 Top1 96.58 Top5 99.98
2025-12-27 22:12:46,563 - INFO  - [NUDE][TRAIN] Epoch 35/100 Iter 240/390 Loss 0.0979 Top1 96.57 Top5 99.98
2025-12-27 22:12:52,977 - INFO  - [NUDE][TRAIN] Epoch 35/100 Iter 260/390 Loss 0.0994 Top1 96.53 Top5 99.98
2025-12-27 22:12:59,322 - INFO  - [NUDE][TRAIN] Epoch 35/100 Iter 280/390 Loss 0.0992 Top1 96.52 Top5 99.98
2025-12-27 22:13:05,593 - INFO  - [NUDE][TRAIN] Epoch 35/100 Iter 300/390 Loss 0.0992 Top1 96.49 Top5 99.98
2025-12-27 22:13:11,987 - INFO  - [NUDE][TRAIN] Epoch 35/100 Iter 320/390 Loss 0.1006 Top1 96.42 Top5 99.98
2025-12-27 22:13:18,285 - INFO  - [NUDE][TRAIN] Epoch 35/100 Iter 340/390 Loss 0.1009 Top1 96.40 Top5 99.98
2025-12-27 22:13:24,708 - INFO  - [NUDE][TRAIN] Epoch 35/100 Iter 360/390 Loss 0.1017 Top1 96.39 Top5 99.98
2025-12-27 22:13:31,044 - INFO  - [NUDE][TRAIN] Epoch 35/100 Iter 380/390 Loss 0.1026 Top1 96.36 Top5 99.98
2025-12-27 22:13:34,190 - INFO  - [NUDE] Validate: force max bit-width W/A = 6
2025-12-27 22:13:36,480 - INFO  - [NUDE][EPOCH] 35/100 Train: Top1=96.36 Top5=99.98 Loss=0.1026 | Val(EMA): Top1=92.32
2025-12-27 22:13:36,480 - INFO  -   ⏱️  本Epoch耗时: 2分6秒 | 平均Epoch耗时: 2分5秒 | 剩余Epoch数: 64
2025-12-27 22:13:36,480 - INFO  -   📅 预估剩余时间: 2小时14分11秒 | 预估完成时间: 2025-12-28 00:27:47
2025-12-27 22:13:37,061 - INFO  - ([36] Epoch) Saving checkpoint to:
             Current: /root/autodl-tmp/retraining-free-quantization/training/r18_c10_nude_0.02_wrnorm_0.5/r18_c10_nude_0.02_wrnorm_0.5_checkpoint.pth.tar

2025-12-27 22:13:37,064 - INFO  - 🎲 Epoch 36: FaultInjector seed rotated to 78
2025-12-27 22:13:37,072 - INFO  - [NUDE] Epoch 36: force max bit-width W/A = 6
2025-12-27 22:13:37,072 - INFO  - ================================================================================
2025-12-27 22:13:37,072 - INFO  - 🔥 [NUDE] BFAT ACTIVE
2025-12-27 22:13:37,072 - INFO  -    Loss Type: direct_ce
2025-12-27 22:13:37,072 - INFO  -    Proj Mode: direction
2025-12-27 22:13:37,072 - INFO  -    Injection: All Bits
2025-12-27 22:13:37,072 - INFO  - ================================================================================
2025-12-27 22:13:43,617 - INFO  - [NUDE][TRAIN] Epoch 36/100 Iter 20/390 Loss 0.0956 Top1 96.52 Top5 100.00
2025-12-27 22:13:49,914 - INFO  - [NUDE][TRAIN] Epoch 36/100 Iter 40/390 Loss 0.0909 Top1 96.74 Top5 99.98
2025-12-27 22:13:56,307 - INFO  - [NUDE][TRAIN] Epoch 36/100 Iter 60/390 Loss 0.0890 Top1 96.80 Top5 99.99
2025-12-27 22:14:02,686 - INFO  - [NUDE][TRAIN] Epoch 36/100 Iter 80/390 Loss 0.0907 Top1 96.71 Top5 99.99
2025-12-27 22:14:09,000 - INFO  - [NUDE][TRAIN] Epoch 36/100 Iter 100/390 Loss 0.0907 Top1 96.67 Top5 99.99
2025-12-27 22:14:15,403 - INFO  - [NUDE][TRAIN] Epoch 36/100 Iter 120/390 Loss 0.0886 Top1 96.85 Top5 99.98
2025-12-27 22:14:21,735 - INFO  - [NUDE][TRAIN] Epoch 36/100 Iter 140/390 Loss 0.0888 Top1 96.82 Top5 99.98
2025-12-27 22:14:28,138 - INFO  - [NUDE][TRAIN] Epoch 36/100 Iter 160/390 Loss 0.0905 Top1 96.77 Top5 99.98
2025-12-27 22:14:34,407 - INFO  - [NUDE][TRAIN] Epoch 36/100 Iter 180/390 Loss 0.0911 Top1 96.71 Top5 99.98
2025-12-27 22:14:40,822 - INFO  - [NUDE][TRAIN] Epoch 36/100 Iter 200/390 Loss 0.0915 Top1 96.72 Top5 99.98
2025-12-27 22:14:47,097 - INFO  - [NUDE][TRAIN] Epoch 36/100 Iter 220/390 Loss 0.0914 Top1 96.76 Top5 99.98
2025-12-27 22:14:53,498 - INFO  - [NUDE][TRAIN] Epoch 36/100 Iter 240/390 Loss 0.0928 Top1 96.70 Top5 99.98
2025-12-27 22:14:59,834 - INFO  - [NUDE][TRAIN] Epoch 36/100 Iter 260/390 Loss 0.0934 Top1 96.70 Top5 99.98
2025-12-27 22:15:06,099 - INFO  - [NUDE][TRAIN] Epoch 36/100 Iter 280/390 Loss 0.0939 Top1 96.68 Top5 99.98
2025-12-27 22:15:12,433 - INFO  - [NUDE][TRAIN] Epoch 36/100 Iter 300/390 Loss 0.0941 Top1 96.67 Top5 99.98
2025-12-27 22:15:18,643 - INFO  - [NUDE][TRAIN] Epoch 36/100 Iter 320/390 Loss 0.0946 Top1 96.64 Top5 99.98
2025-12-27 22:15:24,959 - INFO  - [NUDE][TRAIN] Epoch 36/100 Iter 340/390 Loss 0.0950 Top1 96.63 Top5 99.98
2025-12-27 22:15:31,319 - INFO  - [NUDE][TRAIN] Epoch 36/100 Iter 360/390 Loss 0.0954 Top1 96.62 Top5 99.98
2025-12-27 22:15:37,593 - INFO  - [NUDE][TRAIN] Epoch 36/100 Iter 380/390 Loss 0.0963 Top1 96.61 Top5 99.98
2025-12-27 22:15:40,892 - INFO  - [NUDE] Validate: force max bit-width W/A = 6
2025-12-27 22:15:43,214 - INFO  - [NUDE][EPOCH] 36/100 Train: Top1=96.58 Top5=99.98 Loss=0.0969 | Val(EMA): Top1=92.40
2025-12-27 22:15:43,214 - INFO  -   ⏱️  本Epoch耗时: 2分6秒 | 平均Epoch耗时: 2分5秒 | 剩余Epoch数: 63
2025-12-27 22:15:43,214 - INFO  -   📅 预估剩余时间: 2小时12分15秒 | 预估完成时间: 2025-12-28 00:27:58
2025-12-27 22:15:43,799 - INFO  - ([37] Epoch) Saving checkpoint to:
             Current: /root/autodl-tmp/retraining-free-quantization/training/r18_c10_nude_0.02_wrnorm_0.5/r18_c10_nude_0.02_wrnorm_0.5_checkpoint.pth.tar

2025-12-27 22:15:43,802 - INFO  - 🎲 Epoch 37: FaultInjector seed rotated to 79
2025-12-27 22:15:43,810 - INFO  - [NUDE] Epoch 37: force max bit-width W/A = 6
2025-12-27 22:15:43,810 - INFO  - ================================================================================
2025-12-27 22:15:43,810 - INFO  - 🔥 [NUDE] BFAT ACTIVE
2025-12-27 22:15:43,810 - INFO  -    Loss Type: direct_ce
2025-12-27 22:15:43,810 - INFO  -    Proj Mode: direction
2025-12-27 22:15:43,810 - INFO  -    Injection: All Bits
2025-12-27 22:15:43,810 - INFO  - ================================================================================
2025-12-27 22:15:50,276 - INFO  - [NUDE][TRAIN] Epoch 37/100 Iter 20/390 Loss 0.0857 Top1 97.03 Top5 100.00
2025-12-27 22:15:56,728 - INFO  - [NUDE][TRAIN] Epoch 37/100 Iter 40/390 Loss 0.0910 Top1 96.86 Top5 100.00
2025-12-27 22:16:03,083 - INFO  - [NUDE][TRAIN] Epoch 37/100 Iter 60/390 Loss 0.0887 Top1 96.94 Top5 100.00
2025-12-27 22:16:09,456 - INFO  - [NUDE][TRAIN] Epoch 37/100 Iter 80/390 Loss 0.0865 Top1 97.07 Top5 99.98
2025-12-27 22:16:15,890 - INFO  - [NUDE][TRAIN] Epoch 37/100 Iter 100/390 Loss 0.0864 Top1 97.04 Top5 99.98
2025-12-27 22:16:22,179 - INFO  - [NUDE][TRAIN] Epoch 37/100 Iter 120/390 Loss 0.0879 Top1 96.97 Top5 99.99
2025-12-27 22:16:28,611 - INFO  - [NUDE][TRAIN] Epoch 37/100 Iter 140/390 Loss 0.0869 Top1 96.99 Top5 99.99
2025-12-27 22:16:34,859 - INFO  - [NUDE][TRAIN] Epoch 37/100 Iter 160/390 Loss 0.0872 Top1 96.97 Top5 99.99
2025-12-27 22:16:41,266 - INFO  - [NUDE][TRAIN] Epoch 37/100 Iter 180/390 Loss 0.0864 Top1 96.97 Top5 99.98
2025-12-27 22:16:47,602 - INFO  - [NUDE][TRAIN] Epoch 37/100 Iter 200/390 Loss 0.0863 Top1 96.94 Top5 99.98
2025-12-27 22:16:53,904 - INFO  - [NUDE][TRAIN] Epoch 37/100 Iter 220/390 Loss 0.0859 Top1 96.96 Top5 99.99
2025-12-27 22:17:00,190 - INFO  - [NUDE][TRAIN] Epoch 37/100 Iter 240/390 Loss 0.0853 Top1 96.95 Top5 99.98
2025-12-27 22:17:06,409 - INFO  - [NUDE][TRAIN] Epoch 37/100 Iter 260/390 Loss 0.0856 Top1 96.93 Top5 99.98
2025-12-27 22:17:12,821 - INFO  - [NUDE][TRAIN] Epoch 37/100 Iter 280/390 Loss 0.0863 Top1 96.92 Top5 99.98
2025-12-27 22:17:19,190 - INFO  - [NUDE][TRAIN] Epoch 37/100 Iter 300/390 Loss 0.0868 Top1 96.91 Top5 99.98
2025-12-27 22:17:25,462 - INFO  - [NUDE][TRAIN] Epoch 37/100 Iter 320/390 Loss 0.0869 Top1 96.92 Top5 99.98
2025-12-27 22:17:31,800 - INFO  - [NUDE][TRAIN] Epoch 37/100 Iter 340/390 Loss 0.0878 Top1 96.91 Top5 99.98
2025-12-27 22:17:38,083 - INFO  - [NUDE][TRAIN] Epoch 37/100 Iter 360/390 Loss 0.0878 Top1 96.92 Top5 99.98
2025-12-27 22:17:44,476 - INFO  - [NUDE][TRAIN] Epoch 37/100 Iter 380/390 Loss 0.0884 Top1 96.91 Top5 99.98
2025-12-27 22:17:47,639 - INFO  - [NUDE] Validate: force max bit-width W/A = 6
2025-12-27 22:17:49,926 - INFO  - [NUDE][EPOCH] 37/100 Train: Top1=96.90 Top5=99.98 Loss=0.0886 | Val(EMA): Top1=92.51
2025-12-27 22:17:49,926 - INFO  -   ⏱️  本Epoch耗时: 2分6秒 | 平均Epoch耗时: 2分6秒 | 剩余Epoch数: 62
2025-12-27 22:17:49,927 - INFO  -   📅 预估剩余时间: 2小时10分12秒 | 预估完成时间: 2025-12-28 00:28:02
2025-12-27 22:17:50,633 - INFO  - ([38] Epoch) Saving checkpoint to:
             Current: /root/autodl-tmp/retraining-free-quantization/training/r18_c10_nude_0.02_wrnorm_0.5/r18_c10_nude_0.02_wrnorm_0.5_checkpoint.pth.tar

2025-12-27 22:17:50,636 - INFO  - 🎲 Epoch 38: FaultInjector seed rotated to 80
2025-12-27 22:17:50,644 - INFO  - [NUDE] Epoch 38: force max bit-width W/A = 6
2025-12-27 22:17:50,644 - INFO  - ================================================================================
2025-12-27 22:17:50,644 - INFO  - 🔥 [NUDE] BFAT ACTIVE
2025-12-27 22:17:50,644 - INFO  -    Loss Type: direct_ce
2025-12-27 22:17:50,644 - INFO  -    Proj Mode: direction
2025-12-27 22:17:50,644 - INFO  -    Injection: All Bits
2025-12-27 22:17:50,644 - INFO  - ================================================================================
2025-12-27 22:17:57,085 - INFO  - [NUDE][TRAIN] Epoch 38/100 Iter 20/390 Loss 0.0716 Top1 97.27 Top5 100.00
2025-12-27 22:18:03,501 - INFO  - [NUDE][TRAIN] Epoch 38/100 Iter 40/390 Loss 0.0705 Top1 97.27 Top5 99.98
2025-12-27 22:18:09,773 - INFO  - [NUDE][TRAIN] Epoch 38/100 Iter 60/390 Loss 0.0703 Top1 97.32 Top5 99.99
2025-12-27 22:18:16,204 - INFO  - [NUDE][TRAIN] Epoch 38/100 Iter 80/390 Loss 0.0713 Top1 97.32 Top5 99.99
2025-12-27 22:18:22,575 - INFO  - [NUDE][TRAIN] Epoch 38/100 Iter 100/390 Loss 0.0700 Top1 97.36 Top5 99.98
2025-12-27 22:18:28,807 - INFO  - [NUDE][TRAIN] Epoch 38/100 Iter 120/390 Loss 0.0701 Top1 97.38 Top5 99.99
2025-12-27 22:18:35,255 - INFO  - [NUDE][TRAIN] Epoch 38/100 Iter 140/390 Loss 0.0723 Top1 97.35 Top5 99.98
2025-12-27 22:18:41,450 - INFO  - [NUDE][TRAIN] Epoch 38/100 Iter 160/390 Loss 0.0734 Top1 97.31 Top5 99.99
2025-12-27 22:18:47,757 - INFO  - [NUDE][TRAIN] Epoch 38/100 Iter 180/390 Loss 0.0736 Top1 97.28 Top5 99.99
2025-12-27 22:18:54,088 - INFO  - [NUDE][TRAIN] Epoch 38/100 Iter 200/390 Loss 0.0751 Top1 97.27 Top5 99.99
2025-12-27 22:19:00,355 - INFO  - [NUDE][TRAIN] Epoch 38/100 Iter 220/390 Loss 0.0775 Top1 97.20 Top5 99.99
2025-12-27 22:19:06,824 - INFO  - [NUDE][TRAIN] Epoch 38/100 Iter 240/390 Loss 0.0774 Top1 97.19 Top5 99.98
2025-12-27 22:19:13,118 - INFO  - [NUDE][TRAIN] Epoch 38/100 Iter 260/390 Loss 0.0771 Top1 97.20 Top5 99.98
2025-12-27 22:19:19,484 - INFO  - [NUDE][TRAIN] Epoch 38/100 Iter 280/390 Loss 0.0782 Top1 97.16 Top5 99.98
2025-12-27 22:19:25,725 - INFO  - [NUDE][TRAIN] Epoch 38/100 Iter 300/390 Loss 0.0784 Top1 97.15 Top5 99.98
2025-12-27 22:19:32,047 - INFO  - [NUDE][TRAIN] Epoch 38/100 Iter 320/390 Loss 0.0800 Top1 97.09 Top5 99.99
2025-12-27 22:19:38,317 - INFO  - [NUDE][TRAIN] Epoch 38/100 Iter 340/390 Loss 0.0807 Top1 97.09 Top5 99.99
2025-12-27 22:19:44,729 - INFO  - [NUDE][TRAIN] Epoch 38/100 Iter 360/390 Loss 0.0823 Top1 97.03 Top5 99.99
2025-12-27 22:19:51,082 - INFO  - [NUDE][TRAIN] Epoch 38/100 Iter 380/390 Loss 0.0830 Top1 97.02 Top5 99.99
2025-12-27 22:19:54,246 - INFO  - [NUDE] Validate: force max bit-width W/A = 6
2025-12-27 22:19:56,551 - INFO  - [NUDE][EPOCH] 38/100 Train: Top1=97.00 Top5=99.99 Loss=0.0839 | Val(EMA): Top1=92.75
2025-12-27 22:19:56,551 - INFO  -   ⏱️  本Epoch耗时: 2分5秒 | 平均Epoch耗时: 2分6秒 | 剩余Epoch数: 61
2025-12-27 22:19:56,551 - INFO  -   📅 预估剩余时间: 2小时8分6秒 | 预估完成时间: 2025-12-28 00:28:02
2025-12-27 22:19:57,143 - INFO  - ([39] Epoch) Saving checkpoint to:
             Current: /root/autodl-tmp/retraining-free-quantization/training/r18_c10_nude_0.02_wrnorm_0.5/r18_c10_nude_0.02_wrnorm_0.5_checkpoint.pth.tar

2025-12-27 22:19:57,147 - INFO  - 🎲 Epoch 39: FaultInjector seed rotated to 81
2025-12-27 22:19:57,154 - INFO  - [NUDE] Epoch 39: force max bit-width W/A = 6
2025-12-27 22:19:57,155 - INFO  - ================================================================================
2025-12-27 22:19:57,155 - INFO  - 🔥 [NUDE] BFAT ACTIVE
2025-12-27 22:19:57,155 - INFO  -    Loss Type: direct_ce
2025-12-27 22:19:57,155 - INFO  -    Proj Mode: direction
2025-12-27 22:19:57,155 - INFO  -    Injection: All Bits
2025-12-27 22:19:57,155 - INFO  - ================================================================================
2025-12-27 22:20:03,749 - INFO  - [NUDE][TRAIN] Epoch 39/100 Iter 20/390 Loss 0.0756 Top1 97.19 Top5 100.00
2025-12-27 22:20:10,025 - INFO  - [NUDE][TRAIN] Epoch 39/100 Iter 40/390 Loss 0.0761 Top1 97.17 Top5 100.00
2025-12-27 22:20:16,370 - INFO  - [NUDE][TRAIN] Epoch 39/100 Iter 60/390 Loss 0.0751 Top1 97.07 Top5 100.00
2025-12-27 22:20:22,690 - INFO  - [NUDE][TRAIN] Epoch 39/100 Iter 80/390 Loss 0.0790 Top1 97.00 Top5 100.00
2025-12-27 22:20:28,892 - INFO  - [NUDE][TRAIN] Epoch 39/100 Iter 100/390 Loss 0.0779 Top1 97.06 Top5 99.99
2025-12-27 22:20:35,206 - INFO  - [NUDE][TRAIN] Epoch 39/100 Iter 120/390 Loss 0.0765 Top1 97.14 Top5 99.99
2025-12-27 22:20:41,498 - INFO  - [NUDE][TRAIN] Epoch 39/100 Iter 140/390 Loss 0.0765 Top1 97.20 Top5 99.99
2025-12-27 22:20:47,843 - INFO  - [NUDE][TRAIN] Epoch 39/100 Iter 160/390 Loss 0.0753 Top1 97.24 Top5 100.00
2025-12-27 22:20:54,199 - INFO  - [NUDE][TRAIN] Epoch 39/100 Iter 180/390 Loss 0.0755 Top1 97.24 Top5 100.00
2025-12-27 22:21:00,455 - INFO  - [NUDE][TRAIN] Epoch 39/100 Iter 200/390 Loss 0.0765 Top1 97.20 Top5 99.99
2025-12-27 22:21:06,811 - INFO  - [NUDE][TRAIN] Epoch 39/100 Iter 220/390 Loss 0.0762 Top1 97.23 Top5 99.99
2025-12-27 22:21:13,114 - INFO  - [NUDE][TRAIN] Epoch 39/100 Iter 240/390 Loss 0.0771 Top1 97.21 Top5 99.99
2025-12-27 22:21:19,524 - INFO  - [NUDE][TRAIN] Epoch 39/100 Iter 260/390 Loss 0.0773 Top1 97.23 Top5 99.99
2025-12-27 22:21:25,793 - INFO  - [NUDE][TRAIN] Epoch 39/100 Iter 280/390 Loss 0.0772 Top1 97.22 Top5 99.99
2025-12-27 22:21:32,199 - INFO  - [NUDE][TRAIN] Epoch 39/100 Iter 300/390 Loss 0.0773 Top1 97.23 Top5 99.99
2025-12-27 22:21:38,622 - INFO  - [NUDE][TRAIN] Epoch 39/100 Iter 320/390 Loss 0.0775 Top1 97.23 Top5 99.99
2025-12-27 22:21:44,854 - INFO  - [NUDE][TRAIN] Epoch 39/100 Iter 340/390 Loss 0.0785 Top1 97.20 Top5 99.99
2025-12-27 22:21:51,203 - INFO  - [NUDE][TRAIN] Epoch 39/100 Iter 360/390 Loss 0.0779 Top1 97.23 Top5 99.99
2025-12-27 22:21:57,411 - INFO  - [NUDE][TRAIN] Epoch 39/100 Iter 380/390 Loss 0.0784 Top1 97.20 Top5 99.99
2025-12-27 22:22:00,679 - INFO  - [NUDE] Validate: force max bit-width W/A = 6
2025-12-27 22:22:02,958 - INFO  - [NUDE][EPOCH] 39/100 Train: Top1=97.19 Top5=99.99 Loss=0.0789 | Val(EMA): Top1=92.89
2025-12-27 22:22:02,958 - INFO  -   ⏱️  本Epoch耗时: 2分5秒 | 平均Epoch耗时: 2分6秒 | 剩余Epoch数: 60
2025-12-27 22:22:02,958 - INFO  -   📅 预估剩余时间: 2小时6分0秒 | 预估完成时间: 2025-12-28 00:28:03
2025-12-27 22:22:03,533 - INFO  - ([40] Epoch) Saving checkpoint to:
             Current: /root/autodl-tmp/retraining-free-quantization/training/r18_c10_nude_0.02_wrnorm_0.5/r18_c10_nude_0.02_wrnorm_0.5_checkpoint.pth.tar

2025-12-27 22:22:03,536 - INFO  - 🎲 Epoch 40: FaultInjector seed rotated to 82
2025-12-27 22:22:03,544 - INFO  - [NUDE] Epoch 40: force max bit-width W/A = 6
2025-12-27 22:22:03,544 - INFO  - ================================================================================
2025-12-27 22:22:03,544 - INFO  - 🔥 [NUDE] BFAT ACTIVE
2025-12-27 22:22:03,544 - INFO  -    Loss Type: direct_ce
2025-12-27 22:22:03,544 - INFO  -    Proj Mode: direction
2025-12-27 22:22:03,544 - INFO  -    Injection: All Bits
2025-12-27 22:22:03,544 - INFO  - ================================================================================
2025-12-27 22:22:10,026 - INFO  - [NUDE][TRAIN] Epoch 40/100 Iter 20/390 Loss 0.0598 Top1 97.89 Top5 100.00
2025-12-27 22:22:16,197 - INFO  - [NUDE][TRAIN] Epoch 40/100 Iter 40/390 Loss 0.0669 Top1 97.52 Top5 100.00
2025-12-27 22:22:22,548 - INFO  - [NUDE][TRAIN] Epoch 40/100 Iter 60/390 Loss 0.0670 Top1 97.58 Top5 100.00
2025-12-27 22:22:28,819 - INFO  - [NUDE][TRAIN] Epoch 40/100 Iter 80/390 Loss 0.0683 Top1 97.54 Top5 100.00
2025-12-27 22:22:35,211 - INFO  - [NUDE][TRAIN] Epoch 40/100 Iter 100/390 Loss 0.0695 Top1 97.52 Top5 100.00
2025-12-27 22:22:41,590 - INFO  - [NUDE][TRAIN] Epoch 40/100 Iter 120/390 Loss 0.0696 Top1 97.47 Top5 100.00
2025-12-27 22:22:47,907 - INFO  - [NUDE][TRAIN] Epoch 40/100 Iter 140/390 Loss 0.0705 Top1 97.44 Top5 100.00
2025-12-27 22:22:54,379 - INFO  - [NUDE][TRAIN] Epoch 40/100 Iter 160/390 Loss 0.0703 Top1 97.47 Top5 100.00
2025-12-27 22:23:00,737 - INFO  - [NUDE][TRAIN] Epoch 40/100 Iter 180/390 Loss 0.0735 Top1 97.36 Top5 99.99
2025-12-27 22:23:07,090 - INFO  - [NUDE][TRAIN] Epoch 40/100 Iter 200/390 Loss 0.0726 Top1 97.39 Top5 99.99
2025-12-27 22:23:13,444 - INFO  - [NUDE][TRAIN] Epoch 40/100 Iter 220/390 Loss 0.0741 Top1 97.35 Top5 99.99
2025-12-27 22:23:19,747 - INFO  - [NUDE][TRAIN] Epoch 40/100 Iter 240/390 Loss 0.0733 Top1 97.36 Top5 99.99
2025-12-27 22:23:26,072 - INFO  - [NUDE][TRAIN] Epoch 40/100 Iter 260/390 Loss 0.0731 Top1 97.40 Top5 99.99
2025-12-27 22:23:32,429 - INFO  - [NUDE][TRAIN] Epoch 40/100 Iter 280/390 Loss 0.0730 Top1 97.42 Top5 99.99
2025-12-27 22:23:38,838 - INFO  - [NUDE][TRAIN] Epoch 40/100 Iter 300/390 Loss 0.0732 Top1 97.42 Top5 99.99
2025-12-27 22:23:45,239 - INFO  - [NUDE][TRAIN] Epoch 40/100 Iter 320/390 Loss 0.0731 Top1 97.43 Top5 99.99
2025-12-27 22:23:51,431 - INFO  - [NUDE][TRAIN] Epoch 40/100 Iter 340/390 Loss 0.0744 Top1 97.38 Top5 99.99
2025-12-27 22:23:57,763 - INFO  - [NUDE][TRAIN] Epoch 40/100 Iter 360/390 Loss 0.0740 Top1 97.40 Top5 99.99
2025-12-27 22:24:04,015 - INFO  - [NUDE][TRAIN] Epoch 40/100 Iter 380/390 Loss 0.0740 Top1 97.39 Top5 99.99
2025-12-27 22:24:07,308 - INFO  - [NUDE] Validate: force max bit-width W/A = 6
2025-12-27 22:24:09,612 - INFO  - [NUDE][EPOCH] 40/100 Train: Top1=97.38 Top5=99.99 Loss=0.0740 | Val(EMA): Top1=92.72
2025-12-27 22:24:09,612 - INFO  -   ⏱️  本Epoch耗时: 2分6秒 | 平均Epoch耗时: 2分6秒 | 剩余Epoch数: 59
2025-12-27 22:24:09,612 - INFO  -   📅 预估剩余时间: 2小时3分54秒 | 预估完成时间: 2025-12-28 00:28:04
2025-12-27 22:24:10,210 - INFO  - ([41] Epoch) Saving checkpoint to:
             Current: /root/autodl-tmp/retraining-free-quantization/training/r18_c10_nude_0.02_wrnorm_0.5/r18_c10_nude_0.02_wrnorm_0.5_checkpoint.pth.tar

2025-12-27 22:24:10,213 - INFO  - 🎲 Epoch 41: FaultInjector seed rotated to 83
2025-12-27 22:24:10,221 - INFO  - [NUDE] Epoch 41: force max bit-width W/A = 6
2025-12-27 22:24:10,221 - INFO  - ================================================================================
2025-12-27 22:24:10,221 - INFO  - 🔥 [NUDE] BFAT ACTIVE
2025-12-27 22:24:10,221 - INFO  -    Loss Type: direct_ce
2025-12-27 22:24:10,221 - INFO  -    Proj Mode: direction
2025-12-27 22:24:10,221 - INFO  -    Injection: All Bits
2025-12-27 22:24:10,221 - INFO  - ================================================================================
2025-12-27 22:24:16,880 - INFO  - [NUDE][TRAIN] Epoch 41/100 Iter 20/390 Loss 0.0563 Top1 98.12 Top5 100.00
2025-12-27 22:24:23,194 - INFO  - [NUDE][TRAIN] Epoch 41/100 Iter 40/390 Loss 0.0604 Top1 97.97 Top5 100.00
2025-12-27 22:24:29,592 - INFO  - [NUDE][TRAIN] Epoch 41/100 Iter 60/390 Loss 0.0611 Top1 97.89 Top5 100.00
2025-12-27 22:24:35,877 - INFO  - [NUDE][TRAIN] Epoch 41/100 Iter 80/390 Loss 0.0645 Top1 97.71 Top5 100.00
2025-12-27 22:24:42,297 - INFO  - [NUDE][TRAIN] Epoch 41/100 Iter 100/390 Loss 0.0646 Top1 97.70 Top5 100.00
2025-12-27 22:24:48,664 - INFO  - [NUDE][TRAIN] Epoch 41/100 Iter 120/390 Loss 0.0651 Top1 97.63 Top5 100.00
2025-12-27 22:24:54,990 - INFO  - [NUDE][TRAIN] Epoch 41/100 Iter 140/390 Loss 0.0666 Top1 97.63 Top5 100.00
2025-12-27 22:25:01,382 - INFO  - [NUDE][TRAIN] Epoch 41/100 Iter 160/390 Loss 0.0654 Top1 97.69 Top5 100.00
2025-12-27 22:25:07,701 - INFO  - [NUDE][TRAIN] Epoch 41/100 Iter 180/390 Loss 0.0660 Top1 97.65 Top5 100.00
2025-12-27 22:25:14,089 - INFO  - [NUDE][TRAIN] Epoch 41/100 Iter 200/390 Loss 0.0669 Top1 97.61 Top5 100.00
2025-12-27 22:25:20,367 - INFO  - [NUDE][TRAIN] Epoch 41/100 Iter 220/390 Loss 0.0668 Top1 97.62 Top5 100.00
2025-12-27 22:25:26,714 - INFO  - [NUDE][TRAIN] Epoch 41/100 Iter 240/390 Loss 0.0676 Top1 97.60 Top5 100.00
2025-12-27 22:25:32,936 - INFO  - [NUDE][TRAIN] Epoch 41/100 Iter 260/390 Loss 0.0680 Top1 97.58 Top5 100.00
2025-12-27 22:25:39,246 - INFO  - [NUDE][TRAIN] Epoch 41/100 Iter 280/390 Loss 0.0688 Top1 97.58 Top5 100.00
2025-12-27 22:25:45,622 - INFO  - [NUDE][TRAIN] Epoch 41/100 Iter 300/390 Loss 0.0692 Top1 97.56 Top5 100.00
2025-12-27 22:25:51,896 - INFO  - [NUDE][TRAIN] Epoch 41/100 Iter 320/390 Loss 0.0696 Top1 97.57 Top5 100.00
2025-12-27 22:25:58,258 - INFO  - [NUDE][TRAIN] Epoch 41/100 Iter 340/390 Loss 0.0693 Top1 97.58 Top5 100.00
2025-12-27 22:26:04,483 - INFO  - [NUDE][TRAIN] Epoch 41/100 Iter 360/390 Loss 0.0690 Top1 97.59 Top5 100.00
2025-12-27 22:26:10,889 - INFO  - [NUDE][TRAIN] Epoch 41/100 Iter 380/390 Loss 0.0700 Top1 97.55 Top5 100.00
2025-12-27 22:26:14,053 - INFO  - [NUDE] Validate: force max bit-width W/A = 6
2025-12-27 22:26:16,362 - INFO  - [NUDE][EPOCH] 41/100 Train: Top1=97.51 Top5=100.00 Loss=0.0710 | Val(EMA): Top1=92.81
2025-12-27 22:26:16,362 - INFO  -   ⏱️  本Epoch耗时: 2分6秒 | 平均Epoch耗时: 2分6秒 | 剩余Epoch数: 58
2025-12-27 22:26:16,362 - INFO  -   📅 预估剩余时间: 2小时1分48秒 | 预估完成时间: 2025-12-28 00:28:05
2025-12-27 22:26:17,093 - INFO  - ([42] Epoch) Saving checkpoint to:
             Current: /root/autodl-tmp/retraining-free-quantization/training/r18_c10_nude_0.02_wrnorm_0.5/r18_c10_nude_0.02_wrnorm_0.5_checkpoint.pth.tar

2025-12-27 22:26:17,096 - INFO  - 🎲 Epoch 42: FaultInjector seed rotated to 84
2025-12-27 22:26:17,104 - INFO  - [NUDE] Epoch 42: force max bit-width W/A = 6
2025-12-27 22:26:17,104 - INFO  - ================================================================================
2025-12-27 22:26:17,104 - INFO  - 🔥 [NUDE] BFAT ACTIVE
2025-12-27 22:26:17,104 - INFO  -    Loss Type: direct_ce
2025-12-27 22:26:17,104 - INFO  -    Proj Mode: direction
2025-12-27 22:26:17,104 - INFO  -    Injection: All Bits
2025-12-27 22:26:17,105 - INFO  - ================================================================================
2025-12-27 22:26:23,604 - INFO  - [NUDE][TRAIN] Epoch 42/100 Iter 20/390 Loss 0.0579 Top1 97.85 Top5 100.00
2025-12-27 22:26:29,997 - INFO  - [NUDE][TRAIN] Epoch 42/100 Iter 40/390 Loss 0.0578 Top1 98.01 Top5 99.98
2025-12-27 22:26:36,259 - INFO  - [NUDE][TRAIN] Epoch 42/100 Iter 60/390 Loss 0.0603 Top1 97.98 Top5 99.99
2025-12-27 22:26:42,631 - INFO  - [NUDE][TRAIN] Epoch 42/100 Iter 80/390 Loss 0.0606 Top1 97.96 Top5 99.99
2025-12-27 22:26:48,852 - INFO  - [NUDE][TRAIN] Epoch 42/100 Iter 100/390 Loss 0.0607 Top1 97.94 Top5 99.99
2025-12-27 22:26:55,316 - INFO  - [NUDE][TRAIN] Epoch 42/100 Iter 120/390 Loss 0.0602 Top1 97.96 Top5 99.99
2025-12-27 22:27:01,647 - INFO  - [NUDE][TRAIN] Epoch 42/100 Iter 140/390 Loss 0.0604 Top1 97.94 Top5 99.99
2025-12-27 22:27:07,869 - INFO  - [NUDE][TRAIN] Epoch 42/100 Iter 160/390 Loss 0.0599 Top1 97.93 Top5 100.00
2025-12-27 22:27:14,287 - INFO  - [NUDE][TRAIN] Epoch 42/100 Iter 180/390 Loss 0.0610 Top1 97.91 Top5 100.00
2025-12-27 22:27:20,465 - INFO  - [NUDE][TRAIN] Epoch 42/100 Iter 200/390 Loss 0.0622 Top1 97.89 Top5 100.00
2025-12-27 22:27:26,763 - INFO  - [NUDE][TRAIN] Epoch 42/100 Iter 220/390 Loss 0.0639 Top1 97.81 Top5 100.00
2025-12-27 22:27:33,145 - INFO  - [NUDE][TRAIN] Epoch 42/100 Iter 240/390 Loss 0.0652 Top1 97.77 Top5 100.00
2025-12-27 22:27:39,386 - INFO  - [NUDE][TRAIN] Epoch 42/100 Iter 260/390 Loss 0.0660 Top1 97.76 Top5 99.99
2025-12-27 22:27:45,806 - INFO  - [NUDE][TRAIN] Epoch 42/100 Iter 280/390 Loss 0.0660 Top1 97.77 Top5 99.99
2025-12-27 22:27:52,041 - INFO  - [NUDE][TRAIN] Epoch 42/100 Iter 300/390 Loss 0.0658 Top1 97.75 Top5 99.99
2025-12-27 22:27:58,421 - INFO  - [NUDE][TRAIN] Epoch 42/100 Iter 320/390 Loss 0.0660 Top1 97.76 Top5 99.99
2025-12-27 22:28:04,835 - INFO  - [NUDE][TRAIN] Epoch 42/100 Iter 340/390 Loss 0.0669 Top1 97.73 Top5 99.99
2025-12-27 22:28:11,117 - INFO  - [NUDE][TRAIN] Epoch 42/100 Iter 360/390 Loss 0.0672 Top1 97.71 Top5 99.99
2025-12-27 22:28:17,535 - INFO  - [NUDE][TRAIN] Epoch 42/100 Iter 380/390 Loss 0.0677 Top1 97.69 Top5 99.99
2025-12-27 22:28:20,694 - INFO  - [NUDE] Validate: force max bit-width W/A = 6
2025-12-27 22:28:22,976 - INFO  - [NUDE][EPOCH] 42/100 Train: Top1=97.67 Top5=99.99 Loss=0.0678 | Val(EMA): Top1=92.93
2025-12-27 22:28:22,977 - INFO  -   ⏱️  本Epoch耗时: 2分5秒 | 平均Epoch耗时: 2分5秒 | 剩余Epoch数: 57
2025-12-27 22:28:22,977 - INFO  -   📅 预估剩余时间: 1小时59分40秒 | 预估完成时间: 2025-12-28 00:28:03
2025-12-27 22:28:23,561 - INFO  - ([43] Epoch) Saving checkpoint to:
             Current: /root/autodl-tmp/retraining-free-quantization/training/r18_c10_nude_0.02_wrnorm_0.5/r18_c10_nude_0.02_wrnorm_0.5_checkpoint.pth.tar

2025-12-27 22:28:23,565 - INFO  - 🎲 Epoch 43: FaultInjector seed rotated to 85
2025-12-27 22:28:23,573 - INFO  - [NUDE] Epoch 43: force max bit-width W/A = 6
2025-12-27 22:28:23,573 - INFO  - ================================================================================
2025-12-27 22:28:23,573 - INFO  - 🔥 [NUDE] BFAT ACTIVE
2025-12-27 22:28:23,573 - INFO  -    Loss Type: direct_ce
2025-12-27 22:28:23,573 - INFO  -    Proj Mode: direction
2025-12-27 22:28:23,573 - INFO  -    Injection: All Bits
2025-12-27 22:28:23,573 - INFO  - ================================================================================
2025-12-27 22:28:30,111 - INFO  - [NUDE][TRAIN] Epoch 43/100 Iter 20/390 Loss 0.0626 Top1 97.77 Top5 100.00
2025-12-27 22:28:36,520 - INFO  - [NUDE][TRAIN] Epoch 43/100 Iter 40/390 Loss 0.0654 Top1 97.77 Top5 100.00
2025-12-27 22:28:42,785 - INFO  - [NUDE][TRAIN] Epoch 43/100 Iter 60/390 Loss 0.0593 Top1 97.99 Top5 100.00
2025-12-27 22:28:49,183 - INFO  - [NUDE][TRAIN] Epoch 43/100 Iter 80/390 Loss 0.0568 Top1 98.11 Top5 100.00
2025-12-27 22:28:55,450 - INFO  - [NUDE][TRAIN] Epoch 43/100 Iter 100/390 Loss 0.0570 Top1 98.08 Top5 100.00
2025-12-27 22:29:01,732 - INFO  - [NUDE][TRAIN] Epoch 43/100 Iter 120/390 Loss 0.0558 Top1 98.12 Top5 99.99
2025-12-27 22:29:08,066 - INFO  - [NUDE][TRAIN] Epoch 43/100 Iter 140/390 Loss 0.0560 Top1 98.10 Top5 99.99
2025-12-27 22:29:14,315 - INFO  - [NUDE][TRAIN] Epoch 43/100 Iter 160/390 Loss 0.0578 Top1 98.05 Top5 99.99
2025-12-27 22:29:20,673 - INFO  - [NUDE][TRAIN] Epoch 43/100 Iter 180/390 Loss 0.0585 Top1 98.02 Top5 99.99
2025-12-27 22:29:26,938 - INFO  - [NUDE][TRAIN] Epoch 43/100 Iter 200/390 Loss 0.0602 Top1 97.96 Top5 99.99
2025-12-27 22:29:33,316 - INFO  - [NUDE][TRAIN] Epoch 43/100 Iter 220/390 Loss 0.0609 Top1 97.94 Top5 99.99
2025-12-27 22:29:39,599 - INFO  - [NUDE][TRAIN] Epoch 43/100 Iter 240/390 Loss 0.0617 Top1 97.91 Top5 99.99
2025-12-27 22:29:45,990 - INFO  - [NUDE][TRAIN] Epoch 43/100 Iter 260/390 Loss 0.0616 Top1 97.92 Top5 99.99
2025-12-27 22:29:52,253 - INFO  - [NUDE][TRAIN] Epoch 43/100 Iter 280/390 Loss 0.0615 Top1 97.91 Top5 99.99
2025-12-27 22:29:58,640 - INFO  - [NUDE][TRAIN] Epoch 43/100 Iter 300/390 Loss 0.0621 Top1 97.88 Top5 99.99
2025-12-27 22:30:04,999 - INFO  - [NUDE][TRAIN] Epoch 43/100 Iter 320/390 Loss 0.0626 Top1 97.86 Top5 99.99
2025-12-27 22:30:11,228 - INFO  - [NUDE][TRAIN] Epoch 43/100 Iter 340/390 Loss 0.0632 Top1 97.83 Top5 99.99
2025-12-27 22:30:17,548 - INFO  - [NUDE][TRAIN] Epoch 43/100 Iter 360/390 Loss 0.0630 Top1 97.83 Top5 99.99
2025-12-27 22:30:23,787 - INFO  - [NUDE][TRAIN] Epoch 43/100 Iter 380/390 Loss 0.0627 Top1 97.84 Top5 99.99
2025-12-27 22:30:27,092 - INFO  - [NUDE] Validate: force max bit-width W/A = 6
2025-12-27 22:30:29,385 - INFO  - [NUDE][EPOCH] 43/100 Train: Top1=97.86 Top5=99.99 Loss=0.0624 | Val(EMA): Top1=92.95
2025-12-27 22:30:29,385 - INFO  -   ⏱️  本Epoch耗时: 2分5秒 | 平均Epoch耗时: 2分5秒 | 剩余Epoch数: 56
2025-12-27 22:30:29,385 - INFO  -   📅 预估剩余时间: 1小时57分33秒 | 预估完成时间: 2025-12-28 00:28:02
2025-12-27 22:30:29,995 - INFO  - ([44] Epoch) Saving checkpoint to:
             Current: /root/autodl-tmp/retraining-free-quantization/training/r18_c10_nude_0.02_wrnorm_0.5/r18_c10_nude_0.02_wrnorm_0.5_checkpoint.pth.tar

2025-12-27 22:30:29,998 - INFO  - 🎲 Epoch 44: FaultInjector seed rotated to 86
2025-12-27 22:30:30,006 - INFO  - [NUDE] Epoch 44: force max bit-width W/A = 6
2025-12-27 22:30:30,006 - INFO  - ================================================================================
2025-12-27 22:30:30,006 - INFO  - 🔥 [NUDE] BFAT ACTIVE
2025-12-27 22:30:30,006 - INFO  -    Loss Type: direct_ce
2025-12-27 22:30:30,006 - INFO  -    Proj Mode: direction
2025-12-27 22:30:30,006 - INFO  -    Injection: All Bits
2025-12-27 22:30:30,006 - INFO  - ================================================================================
2025-12-27 22:30:36,648 - INFO  - [NUDE][TRAIN] Epoch 44/100 Iter 20/390 Loss 0.0560 Top1 98.01 Top5 100.00
2025-12-27 22:30:42,944 - INFO  - [NUDE][TRAIN] Epoch 44/100 Iter 40/390 Loss 0.0578 Top1 98.01 Top5 100.00
2025-12-27 22:30:49,247 - INFO  - [NUDE][TRAIN] Epoch 44/100 Iter 60/390 Loss 0.0546 Top1 98.12 Top5 100.00
2025-12-27 22:30:55,431 - INFO  - [NUDE][TRAIN] Epoch 44/100 Iter 80/390 Loss 0.0561 Top1 98.12 Top5 100.00
2025-12-27 22:31:01,798 - INFO  - [NUDE][TRAIN] Epoch 44/100 Iter 100/390 Loss 0.0561 Top1 98.02 Top5 100.00
2025-12-27 22:31:08,155 - INFO  - [NUDE][TRAIN] Epoch 44/100 Iter 120/390 Loss 0.0558 Top1 98.00 Top5 99.99
2025-12-27 22:31:14,397 - INFO  - [NUDE][TRAIN] Epoch 44/100 Iter 140/390 Loss 0.0568 Top1 97.97 Top5 99.99
2025-12-27 22:31:20,723 - INFO  - [NUDE][TRAIN] Epoch 44/100 Iter 160/390 Loss 0.0568 Top1 97.99 Top5 99.99
2025-12-27 22:31:26,948 - INFO  - [NUDE][TRAIN] Epoch 44/100 Iter 180/390 Loss 0.0573 Top1 97.95 Top5 99.99
2025-12-27 22:31:33,298 - INFO  - [NUDE][TRAIN] Epoch 44/100 Iter 200/390 Loss 0.0579 Top1 97.95 Top5 99.99
2025-12-27 22:31:39,672 - INFO  - [NUDE][TRAIN] Epoch 44/100 Iter 220/390 Loss 0.0583 Top1 97.97 Top5 99.99
2025-12-27 22:31:45,976 - INFO  - [NUDE][TRAIN] Epoch 44/100 Iter 240/390 Loss 0.0582 Top1 97.98 Top5 99.99
2025-12-27 22:31:52,314 - INFO  - [NUDE][TRAIN] Epoch 44/100 Iter 260/390 Loss 0.0585 Top1 97.96 Top5 99.99
2025-12-27 22:31:58,568 - INFO  - [NUDE][TRAIN] Epoch 44/100 Iter 280/390 Loss 0.0592 Top1 97.95 Top5 99.99
2025-12-27 22:32:04,938 - INFO  - [NUDE][TRAIN] Epoch 44/100 Iter 300/390 Loss 0.0591 Top1 97.93 Top5 99.99
2025-12-27 22:32:11,175 - INFO  - [NUDE][TRAIN] Epoch 44/100 Iter 320/390 Loss 0.0589 Top1 97.92 Top5 99.99
2025-12-27 22:32:17,537 - INFO  - [NUDE][TRAIN] Epoch 44/100 Iter 340/390 Loss 0.0590 Top1 97.91 Top5 99.99
2025-12-27 22:32:23,892 - INFO  - [NUDE][TRAIN] Epoch 44/100 Iter 360/390 Loss 0.0595 Top1 97.89 Top5 99.99
2025-12-27 22:32:30,084 - INFO  - [NUDE][TRAIN] Epoch 44/100 Iter 380/390 Loss 0.0595 Top1 97.90 Top5 99.99
2025-12-27 22:32:33,231 - INFO  - [NUDE] Validate: force max bit-width W/A = 6
2025-12-27 22:32:35,528 - INFO  - [NUDE][EPOCH] 44/100 Train: Top1=97.91 Top5=99.99 Loss=0.0594 | Val(EMA): Top1=93.02
2025-12-27 22:32:35,528 - INFO  -   ⏱️  本Epoch耗时: 2分5秒 | 平均Epoch耗时: 2分5秒 | 剩余Epoch数: 55
2025-12-27 22:32:35,528 - INFO  -   📅 预估剩余时间: 1小时55分24秒 | 预估完成时间: 2025-12-28 00:27:59
2025-12-27 22:32:36,223 - INFO  - ([45] Epoch) Saving checkpoint to:
             Current: /root/autodl-tmp/retraining-free-quantization/training/r18_c10_nude_0.02_wrnorm_0.5/r18_c10_nude_0.02_wrnorm_0.5_checkpoint.pth.tar

2025-12-27 22:32:36,226 - INFO  - 🎲 Epoch 45: FaultInjector seed rotated to 87
2025-12-27 22:32:36,234 - INFO  - [NUDE] Epoch 45: force max bit-width W/A = 6
2025-12-27 22:32:36,234 - INFO  - ================================================================================
2025-12-27 22:32:36,234 - INFO  - 🔥 [NUDE] BFAT ACTIVE
2025-12-27 22:32:36,234 - INFO  -    Loss Type: direct_ce
2025-12-27 22:32:36,234 - INFO  -    Proj Mode: direction
2025-12-27 22:32:36,234 - INFO  -    Injection: All Bits
2025-12-27 22:32:36,234 - INFO  - ================================================================================
2025-12-27 22:32:42,667 - INFO  - [NUDE][TRAIN] Epoch 45/100 Iter 20/390 Loss 0.0441 Top1 98.75 Top5 100.00
2025-12-27 22:32:49,116 - INFO  - [NUDE][TRAIN] Epoch 45/100 Iter 40/390 Loss 0.0539 Top1 98.42 Top5 100.00
2025-12-27 22:32:55,501 - INFO  - [NUDE][TRAIN] Epoch 45/100 Iter 60/390 Loss 0.0558 Top1 98.31 Top5 100.00
2025-12-27 22:33:01,744 - INFO  - [NUDE][TRAIN] Epoch 45/100 Iter 80/390 Loss 0.0564 Top1 98.17 Top5 99.98
2025-12-27 22:33:08,105 - INFO  - [NUDE][TRAIN] Epoch 45/100 Iter 100/390 Loss 0.0592 Top1 98.01 Top5 99.98
2025-12-27 22:33:14,361 - INFO  - [NUDE][TRAIN] Epoch 45/100 Iter 120/390 Loss 0.0589 Top1 98.05 Top5 99.99
2025-12-27 22:33:20,768 - INFO  - [NUDE][TRAIN] Epoch 45/100 Iter 140/390 Loss 0.0589 Top1 98.02 Top5 99.99
2025-12-27 22:33:27,192 - INFO  - [NUDE][TRAIN] Epoch 45/100 Iter 160/390 Loss 0.0581 Top1 98.02 Top5 99.99
2025-12-27 22:33:33,500 - INFO  - [NUDE][TRAIN] Epoch 45/100 Iter 180/390 Loss 0.0575 Top1 98.06 Top5 99.99
2025-12-27 22:33:39,921 - INFO  - [NUDE][TRAIN] Epoch 45/100 Iter 200/390 Loss 0.0580 Top1 98.02 Top5 99.99
2025-12-27 22:33:46,167 - INFO  - [NUDE][TRAIN] Epoch 45/100 Iter 220/390 Loss 0.0582 Top1 97.99 Top5 99.99
2025-12-27 22:33:52,584 - INFO  - [NUDE][TRAIN] Epoch 45/100 Iter 240/390 Loss 0.0591 Top1 97.98 Top5 99.99
2025-12-27 22:33:58,962 - INFO  - [NUDE][TRAIN] Epoch 45/100 Iter 260/390 Loss 0.0596 Top1 97.95 Top5 99.99
2025-12-27 22:34:05,193 - INFO  - [NUDE][TRAIN] Epoch 45/100 Iter 280/390 Loss 0.0601 Top1 97.94 Top5 99.99
2025-12-27 22:34:11,478 - INFO  - [NUDE][TRAIN] Epoch 45/100 Iter 300/390 Loss 0.0602 Top1 97.93 Top5 99.99
2025-12-27 22:34:17,661 - INFO  - [NUDE][TRAIN] Epoch 45/100 Iter 320/390 Loss 0.0602 Top1 97.94 Top5 100.00
2025-12-27 22:34:24,069 - INFO  - [NUDE][TRAIN] Epoch 45/100 Iter 340/390 Loss 0.0611 Top1 97.88 Top5 100.00
2025-12-27 22:34:30,442 - INFO  - [NUDE][TRAIN] Epoch 45/100 Iter 360/390 Loss 0.0608 Top1 97.88 Top5 100.00
2025-12-27 22:34:36,743 - INFO  - [NUDE][TRAIN] Epoch 45/100 Iter 380/390 Loss 0.0616 Top1 97.85 Top5 100.00
2025-12-27 22:34:39,912 - INFO  - [NUDE] Validate: force max bit-width W/A = 6
2025-12-27 22:34:42,184 - INFO  - [NUDE][EPOCH] 45/100 Train: Top1=97.86 Top5=100.00 Loss=0.0615 | Val(EMA): Top1=93.13
2025-12-27 22:34:42,184 - INFO  -   ⏱️  本Epoch耗时: 2分5秒 | 平均Epoch耗时: 2分5秒 | 剩余Epoch数: 54
2025-12-27 22:34:42,184 - INFO  -   📅 预估剩余时间: 1小时53分16秒 | 预估完成时间: 2025-12-28 00:27:59
2025-12-27 22:34:42,880 - INFO  - ([46] Epoch) Saving checkpoint to:
             Current: /root/autodl-tmp/retraining-free-quantization/training/r18_c10_nude_0.02_wrnorm_0.5/r18_c10_nude_0.02_wrnorm_0.5_checkpoint.pth.tar

2025-12-27 22:34:42,884 - INFO  - 🎲 Epoch 46: FaultInjector seed rotated to 88
2025-12-27 22:34:42,891 - INFO  - [NUDE] Epoch 46: force max bit-width W/A = 6
2025-12-27 22:34:42,892 - INFO  - ================================================================================
2025-12-27 22:34:42,892 - INFO  - 🔥 [NUDE] BFAT ACTIVE
2025-12-27 22:34:42,892 - INFO  -    Loss Type: direct_ce
2025-12-27 22:34:42,892 - INFO  -    Proj Mode: direction
2025-12-27 22:34:42,892 - INFO  -    Injection: All Bits
2025-12-27 22:34:42,892 - INFO  - ================================================================================
2025-12-27 22:34:49,369 - INFO  - [NUDE][TRAIN] Epoch 46/100 Iter 20/390 Loss 0.0416 Top1 98.44 Top5 100.00
2025-12-27 22:34:55,784 - INFO  - [NUDE][TRAIN] Epoch 46/100 Iter 40/390 Loss 0.0443 Top1 98.36 Top5 100.00
2025-12-27 22:35:02,176 - INFO  - [NUDE][TRAIN] Epoch 46/100 Iter 60/390 Loss 0.0433 Top1 98.42 Top5 100.00
2025-12-27 22:35:08,442 - INFO  - [NUDE][TRAIN] Epoch 46/100 Iter 80/390 Loss 0.0471 Top1 98.31 Top5 100.00
2025-12-27 22:35:14,802 - INFO  - [NUDE][TRAIN] Epoch 46/100 Iter 100/390 Loss 0.0468 Top1 98.34 Top5 100.00
2025-12-27 22:35:21,101 - INFO  - [NUDE][TRAIN] Epoch 46/100 Iter 120/390 Loss 0.0479 Top1 98.33 Top5 99.99
2025-12-27 22:35:27,498 - INFO  - [NUDE][TRAIN] Epoch 46/100 Iter 140/390 Loss 0.0496 Top1 98.29 Top5 99.99
2025-12-27 22:35:33,922 - INFO  - [NUDE][TRAIN] Epoch 46/100 Iter 160/390 Loss 0.0498 Top1 98.30 Top5 100.00
2025-12-27 22:35:40,232 - INFO  - [NUDE][TRAIN] Epoch 46/100 Iter 180/390 Loss 0.0497 Top1 98.29 Top5 100.00
2025-12-27 22:35:46,560 - INFO  - [NUDE][TRAIN] Epoch 46/100 Iter 200/390 Loss 0.0504 Top1 98.26 Top5 100.00
2025-12-27 22:35:52,754 - INFO  - [NUDE][TRAIN] Epoch 46/100 Iter 220/390 Loss 0.0508 Top1 98.26 Top5 100.00
2025-12-27 22:35:59,041 - INFO  - [NUDE][TRAIN] Epoch 46/100 Iter 240/390 Loss 0.0501 Top1 98.29 Top5 100.00
2025-12-27 22:36:05,353 - INFO  - [NUDE][TRAIN] Epoch 46/100 Iter 260/390 Loss 0.0503 Top1 98.29 Top5 99.99
2025-12-27 22:36:11,621 - INFO  - [NUDE][TRAIN] Epoch 46/100 Iter 280/390 Loss 0.0506 Top1 98.29 Top5 99.99
2025-12-27 22:36:18,023 - INFO  - [NUDE][TRAIN] Epoch 46/100 Iter 300/390 Loss 0.0509 Top1 98.28 Top5 99.99
2025-12-27 22:36:24,280 - INFO  - [NUDE][TRAIN] Epoch 46/100 Iter 320/390 Loss 0.0516 Top1 98.25 Top5 100.00
2025-12-27 22:36:30,658 - INFO  - [NUDE][TRAIN] Epoch 46/100 Iter 340/390 Loss 0.0517 Top1 98.25 Top5 100.00
2025-12-27 22:36:37,032 - INFO  - [NUDE][TRAIN] Epoch 46/100 Iter 360/390 Loss 0.0522 Top1 98.22 Top5 100.00
2025-12-27 22:36:43,401 - INFO  - [NUDE][TRAIN] Epoch 46/100 Iter 380/390 Loss 0.0522 Top1 98.22 Top5 100.00
2025-12-27 22:36:46,613 - INFO  - [NUDE] Validate: force max bit-width W/A = 6
2025-12-27 22:36:48,909 - INFO  - [NUDE][EPOCH] 46/100 Train: Top1=98.21 Top5=100.00 Loss=0.0522 | Val(EMA): Top1=93.17
2025-12-27 22:36:48,909 - INFO  -   ⏱️  本Epoch耗时: 2分6秒 | 平均Epoch耗时: 2分5秒 | 剩余Epoch数: 53
2025-12-27 22:36:48,909 - INFO  -   📅 预估剩余时间: 1小时51分9秒 | 预估完成时间: 2025-12-28 00:27:58
2025-12-27 22:36:49,625 - INFO  - ([47] Epoch) Saving checkpoint to:
             Current: /root/autodl-tmp/retraining-free-quantization/training/r18_c10_nude_0.02_wrnorm_0.5/r18_c10_nude_0.02_wrnorm_0.5_checkpoint.pth.tar

2025-12-27 22:36:49,628 - INFO  - 🎲 Epoch 47: FaultInjector seed rotated to 89
2025-12-27 22:36:49,636 - INFO  - [NUDE] Epoch 47: force max bit-width W/A = 6
2025-12-27 22:36:49,636 - INFO  - ================================================================================
2025-12-27 22:36:49,636 - INFO  - 🔥 [NUDE] BFAT ACTIVE
2025-12-27 22:36:49,636 - INFO  -    Loss Type: direct_ce
2025-12-27 22:36:49,636 - INFO  -    Proj Mode: direction
2025-12-27 22:36:49,636 - INFO  -    Injection: All Bits
2025-12-27 22:36:49,636 - INFO  - ================================================================================
2025-12-27 22:36:56,103 - INFO  - [NUDE][TRAIN] Epoch 47/100 Iter 20/390 Loss 0.0433 Top1 98.52 Top5 100.00
2025-12-27 22:37:02,478 - INFO  - [NUDE][TRAIN] Epoch 47/100 Iter 40/390 Loss 0.0430 Top1 98.46 Top5 100.00
2025-12-27 22:37:08,730 - INFO  - [NUDE][TRAIN] Epoch 47/100 Iter 60/390 Loss 0.0417 Top1 98.50 Top5 100.00
2025-12-27 22:37:15,068 - INFO  - [NUDE][TRAIN] Epoch 47/100 Iter 80/390 Loss 0.0445 Top1 98.42 Top5 100.00
2025-12-27 22:37:21,310 - INFO  - [NUDE][TRAIN] Epoch 47/100 Iter 100/390 Loss 0.0480 Top1 98.26 Top5 100.00
2025-12-27 22:37:27,669 - INFO  - [NUDE][TRAIN] Epoch 47/100 Iter 120/390 Loss 0.0517 Top1 98.11 Top5 100.00
2025-12-27 22:37:34,060 - INFO  - [NUDE][TRAIN] Epoch 47/100 Iter 140/390 Loss 0.0529 Top1 98.07 Top5 100.00
2025-12-27 22:37:40,237 - INFO  - [NUDE][TRAIN] Epoch 47/100 Iter 160/390 Loss 0.0521 Top1 98.13 Top5 100.00
2025-12-27 22:37:46,542 - INFO  - [NUDE][TRAIN] Epoch 47/100 Iter 180/390 Loss 0.0518 Top1 98.14 Top5 100.00
2025-12-27 22:37:52,787 - INFO  - [NUDE][TRAIN] Epoch 47/100 Iter 200/390 Loss 0.0522 Top1 98.14 Top5 100.00
2025-12-27 22:37:59,197 - INFO  - [NUDE][TRAIN] Epoch 47/100 Iter 220/390 Loss 0.0515 Top1 98.17 Top5 100.00
2025-12-27 22:38:05,617 - INFO  - [NUDE][TRAIN] Epoch 47/100 Iter 240/390 Loss 0.0520 Top1 98.15 Top5 100.00
2025-12-27 22:38:11,829 - INFO  - [NUDE][TRAIN] Epoch 47/100 Iter 260/390 Loss 0.0523 Top1 98.13 Top5 100.00
2025-12-27 22:38:18,241 - INFO  - [NUDE][TRAIN] Epoch 47/100 Iter 280/390 Loss 0.0521 Top1 98.15 Top5 100.00
2025-12-27 22:38:24,511 - INFO  - [NUDE][TRAIN] Epoch 47/100 Iter 300/390 Loss 0.0519 Top1 98.15 Top5 100.00
2025-12-27 22:38:30,841 - INFO  - [NUDE][TRAIN] Epoch 47/100 Iter 320/390 Loss 0.0528 Top1 98.09 Top5 100.00
2025-12-27 22:38:37,122 - INFO  - [NUDE][TRAIN] Epoch 47/100 Iter 340/390 Loss 0.0531 Top1 98.09 Top5 100.00
2025-12-27 22:38:43,310 - INFO  - [NUDE][TRAIN] Epoch 47/100 Iter 360/390 Loss 0.0537 Top1 98.08 Top5 100.00
2025-12-27 22:38:49,607 - INFO  - [NUDE][TRAIN] Epoch 47/100 Iter 380/390 Loss 0.0538 Top1 98.08 Top5 100.00
2025-12-27 22:38:52,763 - INFO  - [NUDE] Validate: force max bit-width W/A = 6
2025-12-27 22:38:55,041 - INFO  - [NUDE][EPOCH] 47/100 Train: Top1=98.07 Top5=100.00 Loss=0.0542 | Val(EMA): Top1=93.16
2025-12-27 22:38:55,042 - INFO  -   ⏱️  本Epoch耗时: 2分5秒 | 平均Epoch耗时: 2分5秒 | 剩余Epoch数: 52
2025-12-27 22:38:55,042 - INFO  -   📅 预估剩余时间: 1小时48分58秒 | 预估完成时间: 2025-12-28 00:27:54
2025-12-27 22:38:55,725 - INFO  - ([48] Epoch) Saving checkpoint to:
             Current: /root/autodl-tmp/retraining-free-quantization/training/r18_c10_nude_0.02_wrnorm_0.5/r18_c10_nude_0.02_wrnorm_0.5_checkpoint.pth.tar

2025-12-27 22:38:55,728 - INFO  - 🎲 Epoch 48: FaultInjector seed rotated to 90
2025-12-27 22:38:55,736 - INFO  - [NUDE] Epoch 48: force max bit-width W/A = 6
2025-12-27 22:38:55,736 - INFO  - ================================================================================
2025-12-27 22:38:55,736 - INFO  - 🔥 [NUDE] BFAT ACTIVE
2025-12-27 22:38:55,736 - INFO  -    Loss Type: direct_ce
2025-12-27 22:38:55,736 - INFO  -    Proj Mode: direction
2025-12-27 22:38:55,736 - INFO  -    Injection: All Bits
2025-12-27 22:38:55,736 - INFO  - ================================================================================
2025-12-27 22:39:02,128 - INFO  - [NUDE][TRAIN] Epoch 48/100 Iter 20/390 Loss 0.0380 Top1 98.71 Top5 100.00
2025-12-27 22:39:08,544 - INFO  - [NUDE][TRAIN] Epoch 48/100 Iter 40/390 Loss 0.0455 Top1 98.57 Top5 100.00
2025-12-27 22:39:14,743 - INFO  - [NUDE][TRAIN] Epoch 48/100 Iter 60/390 Loss 0.0417 Top1 98.74 Top5 100.00
2025-12-27 22:39:21,008 - INFO  - [NUDE][TRAIN] Epoch 48/100 Iter 80/390 Loss 0.0442 Top1 98.56 Top5 100.00
2025-12-27 22:39:27,312 - INFO  - [NUDE][TRAIN] Epoch 48/100 Iter 100/390 Loss 0.0429 Top1 98.58 Top5 100.00
2025-12-27 22:39:33,526 - INFO  - [NUDE][TRAIN] Epoch 48/100 Iter 120/390 Loss 0.0433 Top1 98.53 Top5 100.00
2025-12-27 22:39:39,826 - INFO  - [NUDE][TRAIN] Epoch 48/100 Iter 140/390 Loss 0.0455 Top1 98.39 Top5 100.00
2025-12-27 22:39:46,031 - INFO  - [NUDE][TRAIN] Epoch 48/100 Iter 160/390 Loss 0.0448 Top1 98.42 Top5 100.00
2025-12-27 22:39:52,322 - INFO  - [NUDE][TRAIN] Epoch 48/100 Iter 180/390 Loss 0.0449 Top1 98.43 Top5 100.00
2025-12-27 22:39:58,622 - INFO  - [NUDE][TRAIN] Epoch 48/100 Iter 200/390 Loss 0.0456 Top1 98.43 Top5 100.00
2025-12-27 22:40:04,866 - INFO  - [NUDE][TRAIN] Epoch 48/100 Iter 220/390 Loss 0.0457 Top1 98.44 Top5 100.00
2025-12-27 22:40:11,227 - INFO  - [NUDE][TRAIN] Epoch 48/100 Iter 240/390 Loss 0.0448 Top1 98.48 Top5 100.00
2025-12-27 22:40:17,524 - INFO  - [NUDE][TRAIN] Epoch 48/100 Iter 260/390 Loss 0.0447 Top1 98.47 Top5 100.00
2025-12-27 22:40:23,802 - INFO  - [NUDE][TRAIN] Epoch 48/100 Iter 280/390 Loss 0.0450 Top1 98.47 Top5 100.00
2025-12-27 22:40:29,985 - INFO  - [NUDE][TRAIN] Epoch 48/100 Iter 300/390 Loss 0.0453 Top1 98.47 Top5 100.00
2025-12-27 22:40:36,298 - INFO  - [NUDE][TRAIN] Epoch 48/100 Iter 320/390 Loss 0.0453 Top1 98.46 Top5 100.00
2025-12-27 22:40:42,603 - INFO  - [NUDE][TRAIN] Epoch 48/100 Iter 340/390 Loss 0.0453 Top1 98.47 Top5 100.00
2025-12-27 22:40:48,803 - INFO  - [NUDE][TRAIN] Epoch 48/100 Iter 360/390 Loss 0.0455 Top1 98.46 Top5 100.00
2025-12-27 22:40:55,105 - INFO  - [NUDE][TRAIN] Epoch 48/100 Iter 380/390 Loss 0.0457 Top1 98.45 Top5 100.00
2025-12-27 22:40:58,209 - INFO  - [NUDE] Validate: force max bit-width W/A = 6
2025-12-27 22:41:00,428 - INFO  - [NUDE][EPOCH] 48/100 Train: Top1=98.45 Top5=100.00 Loss=0.0459 | Val(EMA): Top1=93.15
2025-12-27 22:41:00,428 - INFO  -   ⏱️  本Epoch耗时: 2分4秒 | 平均Epoch耗时: 2分5秒 | 剩余Epoch数: 51
2025-12-27 22:41:00,428 - INFO  -   📅 预估剩余时间: 1小时46分41秒 | 预估完成时间: 2025-12-28 00:27:42
2025-12-27 22:41:01,095 - INFO  - ([49] Epoch) Saving checkpoint to:
             Current: /root/autodl-tmp/retraining-free-quantization/training/r18_c10_nude_0.02_wrnorm_0.5/r18_c10_nude_0.02_wrnorm_0.5_checkpoint.pth.tar

2025-12-27 22:41:01,098 - INFO  - 🎲 Epoch 49: FaultInjector seed rotated to 91
2025-12-27 22:41:01,106 - INFO  - [NUDE] Epoch 49: force max bit-width W/A = 6
2025-12-27 22:41:01,106 - INFO  - ================================================================================
2025-12-27 22:41:01,106 - INFO  - 🔥 [NUDE] BFAT ACTIVE
2025-12-27 22:41:01,106 - INFO  -    Loss Type: direct_ce
2025-12-27 22:41:01,106 - INFO  -    Proj Mode: direction
2025-12-27 22:41:01,106 - INFO  -    Injection: All Bits
2025-12-27 22:41:01,106 - INFO  - ================================================================================
2025-12-27 22:41:07,419 - INFO  - [NUDE][TRAIN] Epoch 49/100 Iter 20/390 Loss 0.0376 Top1 98.63 Top5 100.00
2025-12-27 22:41:13,786 - INFO  - [NUDE][TRAIN] Epoch 49/100 Iter 40/390 Loss 0.0418 Top1 98.44 Top5 100.00
2025-12-27 22:41:20,012 - INFO  - [NUDE][TRAIN] Epoch 49/100 Iter 60/390 Loss 0.0430 Top1 98.44 Top5 100.00
2025-12-27 22:41:26,374 - INFO  - [NUDE][TRAIN] Epoch 49/100 Iter 80/390 Loss 0.0418 Top1 98.48 Top5 100.00
2025-12-27 22:41:32,612 - INFO  - [NUDE][TRAIN] Epoch 49/100 Iter 100/390 Loss 0.0407 Top1 98.55 Top5 100.00
2025-12-27 22:41:38,985 - INFO  - [NUDE][TRAIN] Epoch 49/100 Iter 120/390 Loss 0.0412 Top1 98.49 Top5 100.00
2025-12-27 22:41:45,364 - INFO  - [NUDE][TRAIN] Epoch 49/100 Iter 140/390 Loss 0.0403 Top1 98.53 Top5 100.00
2025-12-27 22:41:51,604 - INFO  - [NUDE][TRAIN] Epoch 49/100 Iter 160/390 Loss 0.0398 Top1 98.56 Top5 100.00
2025-12-27 22:41:57,887 - INFO  - [NUDE][TRAIN] Epoch 49/100 Iter 180/390 Loss 0.0400 Top1 98.55 Top5 100.00
2025-12-27 22:42:04,076 - INFO  - [NUDE][TRAIN] Epoch 49/100 Iter 200/390 Loss 0.0406 Top1 98.53 Top5 100.00
2025-12-27 22:42:10,469 - INFO  - [NUDE][TRAIN] Epoch 49/100 Iter 220/390 Loss 0.0406 Top1 98.54 Top5 100.00
2025-12-27 22:42:16,792 - INFO  - [NUDE][TRAIN] Epoch 49/100 Iter 240/390 Loss 0.0407 Top1 98.54 Top5 100.00
2025-12-27 22:42:22,978 - INFO  - [NUDE][TRAIN] Epoch 49/100 Iter 260/390 Loss 0.0412 Top1 98.52 Top5 100.00
2025-12-27 22:42:29,260 - INFO  - [NUDE][TRAIN] Epoch 49/100 Iter 280/390 Loss 0.0409 Top1 98.52 Top5 100.00
2025-12-27 22:42:35,443 - INFO  - [NUDE][TRAIN] Epoch 49/100 Iter 300/390 Loss 0.0418 Top1 98.52 Top5 100.00
2025-12-27 22:42:41,653 - INFO  - [NUDE][TRAIN] Epoch 49/100 Iter 320/390 Loss 0.0413 Top1 98.53 Top5 100.00
2025-12-27 22:42:47,826 - INFO  - [NUDE][TRAIN] Epoch 49/100 Iter 340/390 Loss 0.0413 Top1 98.54 Top5 100.00
2025-12-27 22:42:53,944 - INFO  - [NUDE][TRAIN] Epoch 49/100 Iter 360/390 Loss 0.0418 Top1 98.54 Top5 100.00
2025-12-27 22:43:00,217 - INFO  - [NUDE][TRAIN] Epoch 49/100 Iter 380/390 Loss 0.0421 Top1 98.53 Top5 100.00
2025-12-27 22:43:03,349 - INFO  - [NUDE] Validate: force max bit-width W/A = 6
2025-12-27 22:43:05,594 - INFO  - [NUDE][EPOCH] 49/100 Train: Top1=98.53 Top5=100.00 Loss=0.0421 | Val(EMA): Top1=93.30
2025-12-27 22:43:05,594 - INFO  -   ⏱️  本Epoch耗时: 2分4秒 | 平均Epoch耗时: 2分5秒 | 剩余Epoch数: 50
2025-12-27 22:43:05,594 - INFO  -   📅 预估剩余时间: 1小时44分25秒 | 预估完成时间: 2025-12-28 00:27:31
2025-12-27 22:43:06,151 - INFO  - ([50] Epoch) Saving checkpoint to:
             Current: /root/autodl-tmp/retraining-free-quantization/training/r18_c10_nude_0.02_wrnorm_0.5/r18_c10_nude_0.02_wrnorm_0.5_checkpoint.pth.tar

2025-12-27 22:43:06,155 - INFO  - 🎲 Epoch 50: FaultInjector seed rotated to 92
2025-12-27 22:43:06,162 - INFO  - [NUDE] Epoch 50: force max bit-width W/A = 6
2025-12-27 22:43:06,163 - INFO  - ================================================================================
2025-12-27 22:43:06,163 - INFO  - 🔥 [NUDE] BFAT ACTIVE
2025-12-27 22:43:06,163 - INFO  -    Loss Type: direct_ce
2025-12-27 22:43:06,163 - INFO  -    Proj Mode: direction
2025-12-27 22:43:06,163 - INFO  -    Injection: All Bits
2025-12-27 22:43:06,163 - INFO  - ================================================================================
2025-12-27 22:43:12,673 - INFO  - [NUDE][TRAIN] Epoch 50/100 Iter 20/390 Loss 0.0420 Top1 98.55 Top5 100.00
2025-12-27 22:43:19,019 - INFO  - [NUDE][TRAIN] Epoch 50/100 Iter 40/390 Loss 0.0428 Top1 98.52 Top5 100.00
2025-12-27 22:43:25,247 - INFO  - [NUDE][TRAIN] Epoch 50/100 Iter 60/390 Loss 0.0435 Top1 98.49 Top5 100.00
2025-12-27 22:43:31,513 - INFO  - [NUDE][TRAIN] Epoch 50/100 Iter 80/390 Loss 0.0444 Top1 98.42 Top5 100.00
2025-12-27 22:43:37,671 - INFO  - [NUDE][TRAIN] Epoch 50/100 Iter 100/390 Loss 0.0422 Top1 98.51 Top5 100.00
2025-12-27 22:43:43,985 - INFO  - [NUDE][TRAIN] Epoch 50/100 Iter 120/390 Loss 0.0417 Top1 98.55 Top5 100.00
2025-12-27 22:43:50,293 - INFO  - [NUDE][TRAIN] Epoch 50/100 Iter 140/390 Loss 0.0407 Top1 98.57 Top5 100.00
2025-12-27 22:43:56,482 - INFO  - [NUDE][TRAIN] Epoch 50/100 Iter 160/390 Loss 0.0410 Top1 98.56 Top5 100.00
2025-12-27 22:44:02,754 - INFO  - [NUDE][TRAIN] Epoch 50/100 Iter 180/390 Loss 0.0405 Top1 98.57 Top5 100.00
2025-12-27 22:44:09,008 - INFO  - [NUDE][TRAIN] Epoch 50/100 Iter 200/390 Loss 0.0407 Top1 98.55 Top5 100.00
2025-12-27 22:44:15,317 - INFO  - [NUDE][TRAIN] Epoch 50/100 Iter 220/390 Loss 0.0402 Top1 98.56 Top5 100.00
2025-12-27 22:44:21,578 - INFO  - [NUDE][TRAIN] Epoch 50/100 Iter 240/390 Loss 0.0397 Top1 98.59 Top5 100.00
2025-12-27 22:44:27,663 - INFO  - [NUDE][TRAIN] Epoch 50/100 Iter 260/390 Loss 0.0399 Top1 98.58 Top5 100.00
2025-12-27 22:44:33,835 - INFO  - [NUDE][TRAIN] Epoch 50/100 Iter 280/390 Loss 0.0403 Top1 98.59 Top5 100.00
2025-12-27 22:44:39,989 - INFO  - [NUDE][TRAIN] Epoch 50/100 Iter 300/390 Loss 0.0410 Top1 98.56 Top5 100.00
2025-12-27 22:44:46,353 - INFO  - [NUDE][TRAIN] Epoch 50/100 Iter 320/390 Loss 0.0412 Top1 98.54 Top5 100.00
2025-12-27 22:44:52,622 - INFO  - [NUDE][TRAIN] Epoch 50/100 Iter 340/390 Loss 0.0408 Top1 98.56 Top5 100.00
2025-12-27 22:44:58,789 - INFO  - [NUDE][TRAIN] Epoch 50/100 Iter 360/390 Loss 0.0408 Top1 98.56 Top5 100.00
2025-12-27 22:45:05,097 - INFO  - [NUDE][TRAIN] Epoch 50/100 Iter 380/390 Loss 0.0411 Top1 98.57 Top5 100.00
2025-12-27 22:45:08,219 - INFO  - [NUDE] Validate: force max bit-width W/A = 6
2025-12-27 22:45:10,458 - INFO  - [NUDE][EPOCH] 50/100 Train: Top1=98.57 Top5=100.00 Loss=0.0411 | Val(EMA): Top1=93.26
2025-12-27 22:45:10,458 - INFO  -   ⏱️  本Epoch耗时: 2分4秒 | 平均Epoch耗时: 2分4秒 | 剩余Epoch数: 49
2025-12-27 22:45:10,458 - INFO  -   📅 预估剩余时间: 1小时42分4秒 | 预估完成时间: 2025-12-28 00:27:14
2025-12-27 22:45:11,016 - INFO  - ([51] Epoch) Saving checkpoint to:
             Current: /root/autodl-tmp/retraining-free-quantization/training/r18_c10_nude_0.02_wrnorm_0.5/r18_c10_nude_0.02_wrnorm_0.5_checkpoint.pth.tar

2025-12-27 22:45:11,019 - INFO  - 🎲 Epoch 51: FaultInjector seed rotated to 93
2025-12-27 22:45:11,027 - INFO  - [NUDE] Epoch 51: force max bit-width W/A = 6
2025-12-27 22:45:11,027 - INFO  - ================================================================================
2025-12-27 22:45:11,027 - INFO  - 🔥 [NUDE] BFAT ACTIVE
2025-12-27 22:45:11,027 - INFO  -    Loss Type: direct_ce
2025-12-27 22:45:11,027 - INFO  -    Proj Mode: direction
2025-12-27 22:45:11,027 - INFO  -    Injection: All Bits
2025-12-27 22:45:11,027 - INFO  - ================================================================================
2025-12-27 22:45:17,525 - INFO  - [NUDE][TRAIN] Epoch 51/100 Iter 20/390 Loss 0.0355 Top1 98.95 Top5 100.00
2025-12-27 22:45:23,869 - INFO  - [NUDE][TRAIN] Epoch 51/100 Iter 40/390 Loss 0.0390 Top1 98.79 Top5 100.00
2025-12-27 22:45:30,090 - INFO  - [NUDE][TRAIN] Epoch 51/100 Iter 60/390 Loss 0.0377 Top1 98.88 Top5 100.00
2025-12-27 22:45:36,372 - INFO  - [NUDE][TRAIN] Epoch 51/100 Iter 80/390 Loss 0.0385 Top1 98.81 Top5 100.00
2025-12-27 22:45:42,544 - INFO  - [NUDE][TRAIN] Epoch 51/100 Iter 100/390 Loss 0.0374 Top1 98.81 Top5 100.00
2025-12-27 22:45:48,821 - INFO  - [NUDE][TRAIN] Epoch 51/100 Iter 120/390 Loss 0.0368 Top1 98.80 Top5 100.00
2025-12-27 22:45:55,088 - INFO  - [NUDE][TRAIN] Epoch 51/100 Iter 140/390 Loss 0.0371 Top1 98.79 Top5 100.00
2025-12-27 22:46:01,252 - INFO  - [NUDE][TRAIN] Epoch 51/100 Iter 160/390 Loss 0.0380 Top1 98.75 Top5 100.00
2025-12-27 22:46:07,426 - INFO  - [NUDE][TRAIN] Epoch 51/100 Iter 180/390 Loss 0.0382 Top1 98.75 Top5 100.00
2025-12-27 22:46:13,503 - INFO  - [NUDE][TRAIN] Epoch 51/100 Iter 200/390 Loss 0.0380 Top1 98.76 Top5 100.00
2025-12-27 22:46:19,759 - INFO  - [NUDE][TRAIN] Epoch 51/100 Iter 220/390 Loss 0.0387 Top1 98.74 Top5 100.00
2025-12-27 22:46:26,016 - INFO  - [NUDE][TRAIN] Epoch 51/100 Iter 240/390 Loss 0.0397 Top1 98.69 Top5 100.00
2025-12-27 22:46:32,214 - INFO  - [NUDE][TRAIN] Epoch 51/100 Iter 260/390 Loss 0.0404 Top1 98.67 Top5 100.00
2025-12-27 22:46:38,486 - INFO  - [NUDE][TRAIN] Epoch 51/100 Iter 280/390 Loss 0.0405 Top1 98.67 Top5 100.00
2025-12-27 22:46:44,701 - INFO  - [NUDE][TRAIN] Epoch 51/100 Iter 300/390 Loss 0.0405 Top1 98.65 Top5 100.00
2025-12-27 22:46:50,994 - INFO  - [NUDE][TRAIN] Epoch 51/100 Iter 320/390 Loss 0.0404 Top1 98.66 Top5 100.00
2025-12-27 22:46:57,278 - INFO  - [NUDE][TRAIN] Epoch 51/100 Iter 340/390 Loss 0.0403 Top1 98.66 Top5 100.00
2025-12-27 22:47:03,443 - INFO  - [NUDE][TRAIN] Epoch 51/100 Iter 360/390 Loss 0.0403 Top1 98.66 Top5 100.00
2025-12-27 22:47:09,717 - INFO  - [NUDE][TRAIN] Epoch 51/100 Iter 380/390 Loss 0.0405 Top1 98.64 Top5 100.00
2025-12-27 22:47:12,855 - INFO  - [NUDE] Validate: force max bit-width W/A = 6
2025-12-27 22:47:15,108 - INFO  - [NUDE][EPOCH] 51/100 Train: Top1=98.64 Top5=100.00 Loss=0.0406 | Val(EMA): Top1=93.31
2025-12-27 22:47:15,108 - INFO  -   ⏱️  本Epoch耗时: 2分4秒 | 平均Epoch耗时: 2分4秒 | 剩余Epoch数: 48
2025-12-27 22:47:15,108 - INFO  -   📅 预估剩余时间: 1小时39分40秒 | 预估完成时间: 2025-12-28 00:26:55
2025-12-27 22:47:15,796 - INFO  - ([52] Epoch) Saving checkpoint to:
             Current: /root/autodl-tmp/retraining-free-quantization/training/r18_c10_nude_0.02_wrnorm_0.5/r18_c10_nude_0.02_wrnorm_0.5_checkpoint.pth.tar

2025-12-27 22:47:15,799 - INFO  - 🎲 Epoch 52: FaultInjector seed rotated to 94
2025-12-27 22:47:15,807 - INFO  - [NUDE] Epoch 52: force max bit-width W/A = 6
2025-12-27 22:47:15,807 - INFO  - ================================================================================
2025-12-27 22:47:15,807 - INFO  - 🔥 [NUDE] BFAT ACTIVE
2025-12-27 22:47:15,808 - INFO  -    Loss Type: direct_ce
2025-12-27 22:47:15,808 - INFO  -    Proj Mode: direction
2025-12-27 22:47:15,808 - INFO  -    Injection: All Bits
2025-12-27 22:47:15,808 - INFO  - ================================================================================
2025-12-27 22:47:22,190 - INFO  - [NUDE][TRAIN] Epoch 52/100 Iter 20/390 Loss 0.0320 Top1 99.02 Top5 100.00
2025-12-27 22:47:28,500 - INFO  - [NUDE][TRAIN] Epoch 52/100 Iter 40/390 Loss 0.0309 Top1 99.02 Top5 100.00
2025-12-27 22:47:34,729 - INFO  - [NUDE][TRAIN] Epoch 52/100 Iter 60/390 Loss 0.0281 Top1 99.09 Top5 100.00
2025-12-27 22:47:41,013 - INFO  - [NUDE][TRAIN] Epoch 52/100 Iter 80/390 Loss 0.0291 Top1 99.06 Top5 100.00
2025-12-27 22:47:47,250 - INFO  - [NUDE][TRAIN] Epoch 52/100 Iter 100/390 Loss 0.0302 Top1 99.05 Top5 100.00
2025-12-27 22:47:53,330 - INFO  - [NUDE][TRAIN] Epoch 52/100 Iter 120/390 Loss 0.0306 Top1 99.03 Top5 100.00
2025-12-27 22:47:59,576 - INFO  - [NUDE][TRAIN] Epoch 52/100 Iter 140/390 Loss 0.0310 Top1 98.98 Top5 100.00
2025-12-27 22:48:05,782 - INFO  - [NUDE][TRAIN] Epoch 52/100 Iter 160/390 Loss 0.0308 Top1 98.99 Top5 100.00
2025-12-27 22:48:12,052 - INFO  - [NUDE][TRAIN] Epoch 52/100 Iter 180/390 Loss 0.0304 Top1 98.99 Top5 100.00
2025-12-27 22:48:18,375 - INFO  - [NUDE][TRAIN] Epoch 52/100 Iter 200/390 Loss 0.0296 Top1 99.02 Top5 100.00
2025-12-27 22:48:24,599 - INFO  - [NUDE][TRAIN] Epoch 52/100 Iter 220/390 Loss 0.0302 Top1 98.99 Top5 100.00
2025-12-27 22:48:30,910 - INFO  - [NUDE][TRAIN] Epoch 52/100 Iter 240/390 Loss 0.0311 Top1 98.95 Top5 100.00
2025-12-27 22:48:37,193 - INFO  - [NUDE][TRAIN] Epoch 52/100 Iter 260/390 Loss 0.0308 Top1 98.96 Top5 100.00
2025-12-27 22:48:43,356 - INFO  - [NUDE][TRAIN] Epoch 52/100 Iter 280/390 Loss 0.0318 Top1 98.91 Top5 100.00
2025-12-27 22:48:49,650 - INFO  - [NUDE][TRAIN] Epoch 52/100 Iter 300/390 Loss 0.0317 Top1 98.91 Top5 100.00
2025-12-27 22:48:55,883 - INFO  - [NUDE][TRAIN] Epoch 52/100 Iter 320/390 Loss 0.0315 Top1 98.93 Top5 100.00
2025-12-27 22:49:02,169 - INFO  - [NUDE][TRAIN] Epoch 52/100 Iter 340/390 Loss 0.0314 Top1 98.93 Top5 100.00
2025-12-27 22:49:08,426 - INFO  - [NUDE][TRAIN] Epoch 52/100 Iter 360/390 Loss 0.0314 Top1 98.93 Top5 100.00
2025-12-27 22:49:14,623 - INFO  - [NUDE][TRAIN] Epoch 52/100 Iter 380/390 Loss 0.0323 Top1 98.89 Top5 100.00
2025-12-27 22:49:17,771 - INFO  - [NUDE] Validate: force max bit-width W/A = 6
2025-12-27 22:49:20,015 - INFO  - [NUDE][EPOCH] 52/100 Train: Top1=98.88 Top5=100.00 Loss=0.0326 | Val(EMA): Top1=93.44
2025-12-27 22:49:20,015 - INFO  -   ⏱️  本Epoch耗时: 2分4秒 | 平均Epoch耗时: 2分4秒 | 剩余Epoch数: 47
2025-12-27 22:49:20,015 - INFO  -   📅 预估剩余时间: 1小时37分24秒 | 预估完成时间: 2025-12-28 00:26:44
2025-12-27 22:49:20,727 - INFO  - ([53] Epoch) Saving checkpoint to:
             Current: /root/autodl-tmp/retraining-free-quantization/training/r18_c10_nude_0.02_wrnorm_0.5/r18_c10_nude_0.02_wrnorm_0.5_checkpoint.pth.tar

2025-12-27 22:49:20,730 - INFO  - 🎲 Epoch 53: FaultInjector seed rotated to 95
2025-12-27 22:49:20,738 - INFO  - [NUDE] Epoch 53: force max bit-width W/A = 6
2025-12-27 22:49:20,738 - INFO  - ================================================================================
2025-12-27 22:49:20,738 - INFO  - 🔥 [NUDE] BFAT ACTIVE
2025-12-27 22:49:20,738 - INFO  -    Loss Type: direct_ce
2025-12-27 22:49:20,738 - INFO  -    Proj Mode: direction
2025-12-27 22:49:20,738 - INFO  -    Injection: All Bits
2025-12-27 22:49:20,738 - INFO  - ================================================================================
2025-12-27 22:49:27,105 - INFO  - [NUDE][TRAIN] Epoch 53/100 Iter 20/390 Loss 0.0334 Top1 98.95 Top5 100.00
2025-12-27 22:49:33,343 - INFO  - [NUDE][TRAIN] Epoch 53/100 Iter 40/390 Loss 0.0334 Top1 98.87 Top5 100.00
2025-12-27 22:49:39,464 - INFO  - [NUDE][TRAIN] Epoch 53/100 Iter 60/390 Loss 0.0312 Top1 98.98 Top5 100.00
2025-12-27 22:49:45,765 - INFO  - [NUDE][TRAIN] Epoch 53/100 Iter 80/390 Loss 0.0307 Top1 98.96 Top5 100.00
2025-12-27 22:49:52,088 - INFO  - [NUDE][TRAIN] Epoch 53/100 Iter 100/390 Loss 0.0315 Top1 98.94 Top5 100.00
2025-12-27 22:49:58,358 - INFO  - [NUDE][TRAIN] Epoch 53/100 Iter 120/390 Loss 0.0317 Top1 98.91 Top5 100.00
2025-12-27 22:50:04,689 - INFO  - [NUDE][TRAIN] Epoch 53/100 Iter 140/390 Loss 0.0318 Top1 98.91 Top5 100.00
2025-12-27 22:50:10,912 - INFO  - [NUDE][TRAIN] Epoch 53/100 Iter 160/390 Loss 0.0319 Top1 98.91 Top5 100.00
2025-12-27 22:50:17,206 - INFO  - [NUDE][TRAIN] Epoch 53/100 Iter 180/390 Loss 0.0321 Top1 98.91 Top5 100.00
2025-12-27 22:50:23,395 - INFO  - [NUDE][TRAIN] Epoch 53/100 Iter 200/390 Loss 0.0327 Top1 98.87 Top5 100.00
2025-12-27 22:50:29,684 - INFO  - [NUDE][TRAIN] Epoch 53/100 Iter 220/390 Loss 0.0329 Top1 98.87 Top5 100.00
2025-12-27 22:50:35,998 - INFO  - [NUDE][TRAIN] Epoch 53/100 Iter 240/390 Loss 0.0328 Top1 98.88 Top5 100.00
2025-12-27 22:50:42,216 - INFO  - [NUDE][TRAIN] Epoch 53/100 Iter 260/390 Loss 0.0333 Top1 98.85 Top5 100.00
2025-12-27 22:50:48,483 - INFO  - [NUDE][TRAIN] Epoch 53/100 Iter 280/390 Loss 0.0335 Top1 98.85 Top5 100.00
2025-12-27 22:50:54,703 - INFO  - [NUDE][TRAIN] Epoch 53/100 Iter 300/390 Loss 0.0337 Top1 98.84 Top5 100.00
2025-12-27 22:51:01,079 - INFO  - [NUDE][TRAIN] Epoch 53/100 Iter 320/390 Loss 0.0337 Top1 98.83 Top5 100.00
2025-12-27 22:51:07,368 - INFO  - [NUDE][TRAIN] Epoch 53/100 Iter 340/390 Loss 0.0342 Top1 98.81 Top5 100.00
2025-12-27 22:51:13,516 - INFO  - [NUDE][TRAIN] Epoch 53/100 Iter 360/390 Loss 0.0343 Top1 98.80 Top5 100.00
2025-12-27 22:51:19,765 - INFO  - [NUDE][TRAIN] Epoch 53/100 Iter 380/390 Loss 0.0345 Top1 98.80 Top5 100.00
2025-12-27 22:51:22,905 - INFO  - [NUDE] Validate: force max bit-width W/A = 6
2025-12-27 22:51:25,165 - INFO  - [NUDE][EPOCH] 53/100 Train: Top1=98.80 Top5=100.00 Loss=0.0344 | Val(EMA): Top1=93.50
2025-12-27 22:51:25,165 - INFO  -   ⏱️  本Epoch耗时: 2分4秒 | 平均Epoch耗时: 2分4秒 | 剩余Epoch数: 46
2025-12-27 22:51:25,165 - INFO  -   📅 预估剩余时间: 1小时35分18秒 | 预估完成时间: 2025-12-28 00:26:43
2025-12-27 22:51:25,655 - INFO  - ([54] Epoch) Saving checkpoint to:
             Current: /root/autodl-tmp/retraining-free-quantization/training/r18_c10_nude_0.02_wrnorm_0.5/r18_c10_nude_0.02_wrnorm_0.5_checkpoint.pth.tar

2025-12-27 22:51:25,657 - INFO  - 🎲 Epoch 54: FaultInjector seed rotated to 96
2025-12-27 22:51:25,665 - INFO  - [NUDE] Epoch 54: force max bit-width W/A = 6
2025-12-27 22:51:25,665 - INFO  - ================================================================================
2025-12-27 22:51:25,665 - INFO  - 🔥 [NUDE] BFAT ACTIVE
2025-12-27 22:51:25,665 - INFO  -    Loss Type: direct_ce
2025-12-27 22:51:25,665 - INFO  -    Proj Mode: direction
2025-12-27 22:51:25,665 - INFO  -    Injection: All Bits
2025-12-27 22:51:25,665 - INFO  - ================================================================================
2025-12-27 22:51:32,227 - INFO  - [NUDE][TRAIN] Epoch 54/100 Iter 20/390 Loss 0.0331 Top1 99.06 Top5 100.00
2025-12-27 22:51:38,587 - INFO  - [NUDE][TRAIN] Epoch 54/100 Iter 40/390 Loss 0.0279 Top1 99.14 Top5 100.00
2025-12-27 22:51:44,791 - INFO  - [NUDE][TRAIN] Epoch 54/100 Iter 60/390 Loss 0.0308 Top1 98.98 Top5 100.00
2025-12-27 22:51:51,057 - INFO  - [NUDE][TRAIN] Epoch 54/100 Iter 80/390 Loss 0.0292 Top1 99.02 Top5 100.00
2025-12-27 22:51:57,223 - INFO  - [NUDE][TRAIN] Epoch 54/100 Iter 100/390 Loss 0.0300 Top1 98.98 Top5 100.00
2025-12-27 22:52:03,523 - INFO  - [NUDE][TRAIN] Epoch 54/100 Iter 120/390 Loss 0.0289 Top1 99.03 Top5 100.00
2025-12-27 22:52:09,807 - INFO  - [NUDE][TRAIN] Epoch 54/100 Iter 140/390 Loss 0.0297 Top1 99.01 Top5 100.00
2025-12-27 22:52:15,994 - INFO  - [NUDE][TRAIN] Epoch 54/100 Iter 160/390 Loss 0.0290 Top1 99.02 Top5 100.00
2025-12-27 22:52:22,284 - INFO  - [NUDE][TRAIN] Epoch 54/100 Iter 180/390 Loss 0.0285 Top1 99.02 Top5 100.00
2025-12-27 22:52:28,479 - INFO  - [NUDE][TRAIN] Epoch 54/100 Iter 200/390 Loss 0.0288 Top1 99.02 Top5 100.00
2025-12-27 22:52:34,794 - INFO  - [NUDE][TRAIN] Epoch 54/100 Iter 220/390 Loss 0.0287 Top1 99.02 Top5 100.00
2025-12-27 22:52:41,057 - INFO  - [NUDE][TRAIN] Epoch 54/100 Iter 240/390 Loss 0.0287 Top1 99.03 Top5 100.00
2025-12-27 22:52:47,276 - INFO  - [NUDE][TRAIN] Epoch 54/100 Iter 260/390 Loss 0.0285 Top1 99.03 Top5 100.00
2025-12-27 22:52:53,463 - INFO  - [NUDE][TRAIN] Epoch 54/100 Iter 280/390 Loss 0.0287 Top1 99.02 Top5 100.00
2025-12-27 22:52:59,553 - INFO  - [NUDE][TRAIN] Epoch 54/100 Iter 300/390 Loss 0.0286 Top1 99.02 Top5 100.00
2025-12-27 22:53:05,864 - INFO  - [NUDE][TRAIN] Epoch 54/100 Iter 320/390 Loss 0.0293 Top1 99.00 Top5 100.00
2025-12-27 22:53:12,186 - INFO  - [NUDE][TRAIN] Epoch 54/100 Iter 340/390 Loss 0.0296 Top1 99.00 Top5 100.00
2025-12-27 22:53:18,373 - INFO  - [NUDE][TRAIN] Epoch 54/100 Iter 360/390 Loss 0.0294 Top1 99.00 Top5 100.00
2025-12-27 22:53:24,650 - INFO  - [NUDE][TRAIN] Epoch 54/100 Iter 380/390 Loss 0.0298 Top1 98.98 Top5 100.00
2025-12-27 22:53:27,830 - INFO  - [NUDE] Validate: force max bit-width W/A = 6
2025-12-27 22:53:30,125 - INFO  - [NUDE][EPOCH] 54/100 Train: Top1=98.98 Top5=100.00 Loss=0.0297 | Val(EMA): Top1=93.31
2025-12-27 22:53:30,125 - INFO  -   ⏱️  本Epoch耗时: 2分4秒 | 平均Epoch耗时: 2分4秒 | 剩余Epoch数: 45
2025-12-27 22:53:30,125 - INFO  -   📅 预估剩余时间: 1小时33分13秒 | 预估完成时间: 2025-12-28 00:26:43
2025-12-27 22:53:30,784 - INFO  - ([55] Epoch) Saving checkpoint to:
             Current: /root/autodl-tmp/retraining-free-quantization/training/r18_c10_nude_0.02_wrnorm_0.5/r18_c10_nude_0.02_wrnorm_0.5_checkpoint.pth.tar

2025-12-27 22:53:30,787 - INFO  - 🎲 Epoch 55: FaultInjector seed rotated to 97
2025-12-27 22:53:30,795 - INFO  - [NUDE] Epoch 55: force max bit-width W/A = 6
2025-12-27 22:53:30,795 - INFO  - ================================================================================
2025-12-27 22:53:30,795 - INFO  - 🔥 [NUDE] BFAT ACTIVE
2025-12-27 22:53:30,795 - INFO  -    Loss Type: direct_ce
2025-12-27 22:53:30,795 - INFO  -    Proj Mode: direction
2025-12-27 22:53:30,795 - INFO  -    Injection: All Bits
2025-12-27 22:53:30,795 - INFO  - ================================================================================
2025-12-27 22:53:37,355 - INFO  - [NUDE][TRAIN] Epoch 55/100 Iter 20/390 Loss 0.0174 Top1 99.45 Top5 100.00
2025-12-27 22:53:43,680 - INFO  - [NUDE][TRAIN] Epoch 55/100 Iter 40/390 Loss 0.0224 Top1 99.20 Top5 100.00
2025-12-27 22:53:49,909 - INFO  - [NUDE][TRAIN] Epoch 55/100 Iter 60/390 Loss 0.0225 Top1 99.23 Top5 100.00
2025-12-27 22:53:56,199 - INFO  - [NUDE][TRAIN] Epoch 55/100 Iter 80/390 Loss 0.0245 Top1 99.16 Top5 100.00
2025-12-27 22:54:02,397 - INFO  - [NUDE][TRAIN] Epoch 55/100 Iter 100/390 Loss 0.0256 Top1 99.13 Top5 100.00
2025-12-27 22:54:08,716 - INFO  - [NUDE][TRAIN] Epoch 55/100 Iter 120/390 Loss 0.0270 Top1 99.08 Top5 100.00
2025-12-27 22:54:15,013 - INFO  - [NUDE][TRAIN] Epoch 55/100 Iter 140/390 Loss 0.0254 Top1 99.15 Top5 100.00
2025-12-27 22:54:21,189 - INFO  - [NUDE][TRAIN] Epoch 55/100 Iter 160/390 Loss 0.0251 Top1 99.17 Top5 100.00
2025-12-27 22:54:27,473 - INFO  - [NUDE][TRAIN] Epoch 55/100 Iter 180/390 Loss 0.0259 Top1 99.14 Top5 100.00
2025-12-27 22:54:33,670 - INFO  - [NUDE][TRAIN] Epoch 55/100 Iter 200/390 Loss 0.0262 Top1 99.12 Top5 100.00
2025-12-27 22:54:39,787 - INFO  - [NUDE][TRAIN] Epoch 55/100 Iter 220/390 Loss 0.0272 Top1 99.08 Top5 100.00
2025-12-27 22:54:46,070 - INFO  - [NUDE][TRAIN] Epoch 55/100 Iter 240/390 Loss 0.0273 Top1 99.07 Top5 100.00
2025-12-27 22:54:52,256 - INFO  - [NUDE][TRAIN] Epoch 55/100 Iter 260/390 Loss 0.0272 Top1 99.07 Top5 100.00
2025-12-27 22:54:58,541 - INFO  - [NUDE][TRAIN] Epoch 55/100 Iter 280/390 Loss 0.0270 Top1 99.08 Top5 100.00
2025-12-27 22:55:04,824 - INFO  - [NUDE][TRAIN] Epoch 55/100 Iter 300/390 Loss 0.0274 Top1 99.07 Top5 100.00
2025-12-27 22:55:11,086 - INFO  - [NUDE][TRAIN] Epoch 55/100 Iter 320/390 Loss 0.0278 Top1 99.04 Top5 100.00
2025-12-27 22:55:17,363 - INFO  - [NUDE][TRAIN] Epoch 55/100 Iter 340/390 Loss 0.0280 Top1 99.05 Top5 100.00
2025-12-27 22:55:23,671 - INFO  - [NUDE][TRAIN] Epoch 55/100 Iter 360/390 Loss 0.0278 Top1 99.06 Top5 100.00
2025-12-27 22:55:29,862 - INFO  - [NUDE][TRAIN] Epoch 55/100 Iter 380/390 Loss 0.0281 Top1 99.04 Top5 100.00
2025-12-27 22:55:33,003 - INFO  - [NUDE] Validate: force max bit-width W/A = 6
2025-12-27 22:55:35,255 - INFO  - [NUDE][EPOCH] 55/100 Train: Top1=99.03 Top5=100.00 Loss=0.0284 | Val(EMA): Top1=93.32
2025-12-27 22:55:35,255 - INFO  -   ⏱️  本Epoch耗时: 2分4秒 | 平均Epoch耗时: 2分4秒 | 剩余Epoch数: 44
2025-12-27 22:55:35,256 - INFO  -   📅 预估剩余时间: 1小时31分10秒 | 预估完成时间: 2025-12-28 00:26:45
2025-12-27 22:55:35,972 - INFO  - ([56] Epoch) Saving checkpoint to:
             Current: /root/autodl-tmp/retraining-free-quantization/training/r18_c10_nude_0.02_wrnorm_0.5/r18_c10_nude_0.02_wrnorm_0.5_checkpoint.pth.tar

2025-12-27 22:55:35,975 - INFO  - 🎲 Epoch 56: FaultInjector seed rotated to 98
2025-12-27 22:55:35,983 - INFO  - [NUDE] Epoch 56: force max bit-width W/A = 6
2025-12-27 22:55:35,983 - INFO  - ================================================================================
2025-12-27 22:55:35,983 - INFO  - 🔥 [NUDE] BFAT ACTIVE
2025-12-27 22:55:35,983 - INFO  -    Loss Type: direct_ce
2025-12-27 22:55:35,983 - INFO  -    Proj Mode: direction
2025-12-27 22:55:35,983 - INFO  -    Injection: All Bits
2025-12-27 22:55:35,983 - INFO  - ================================================================================
2025-12-27 22:55:42,366 - INFO  - [NUDE][TRAIN] Epoch 56/100 Iter 20/390 Loss 0.0252 Top1 99.02 Top5 100.00
2025-12-27 22:55:48,688 - INFO  - [NUDE][TRAIN] Epoch 56/100 Iter 40/390 Loss 0.0262 Top1 99.14 Top5 100.00
2025-12-27 22:55:55,013 - INFO  - [NUDE][TRAIN] Epoch 56/100 Iter 60/390 Loss 0.0253 Top1 99.22 Top5 100.00
2025-12-27 22:56:01,265 - INFO  - [NUDE][TRAIN] Epoch 56/100 Iter 80/390 Loss 0.0245 Top1 99.26 Top5 100.00
2025-12-27 22:56:07,557 - INFO  - [NUDE][TRAIN] Epoch 56/100 Iter 100/390 Loss 0.0250 Top1 99.23 Top5 100.00
2025-12-27 22:56:13,736 - INFO  - [NUDE][TRAIN] Epoch 56/100 Iter 120/390 Loss 0.0241 Top1 99.24 Top5 100.00
2025-12-27 22:56:19,944 - INFO  - [NUDE][TRAIN] Epoch 56/100 Iter 140/390 Loss 0.0243 Top1 99.21 Top5 100.00
2025-12-27 22:56:26,061 - INFO  - [NUDE][TRAIN] Epoch 56/100 Iter 160/390 Loss 0.0241 Top1 99.20 Top5 100.00
2025-12-27 22:56:32,386 - INFO  - [NUDE][TRAIN] Epoch 56/100 Iter 180/390 Loss 0.0238 Top1 99.22 Top5 100.00
2025-12-27 22:56:38,724 - INFO  - [NUDE][TRAIN] Epoch 56/100 Iter 200/390 Loss 0.0240 Top1 99.21 Top5 100.00
2025-12-27 22:56:44,937 - INFO  - [NUDE][TRAIN] Epoch 56/100 Iter 220/390 Loss 0.0241 Top1 99.22 Top5 100.00
2025-12-27 22:56:51,218 - INFO  - [NUDE][TRAIN] Epoch 56/100 Iter 240/390 Loss 0.0244 Top1 99.19 Top5 100.00
2025-12-27 22:56:57,470 - INFO  - [NUDE][TRAIN] Epoch 56/100 Iter 260/390 Loss 0.0242 Top1 99.19 Top5 100.00
2025-12-27 22:57:03,672 - INFO  - [NUDE][TRAIN] Epoch 56/100 Iter 280/390 Loss 0.0242 Top1 99.18 Top5 100.00
2025-12-27 22:57:09,982 - INFO  - [NUDE][TRAIN] Epoch 56/100 Iter 300/390 Loss 0.0240 Top1 99.20 Top5 100.00
2025-12-27 22:57:16,181 - INFO  - [NUDE][TRAIN] Epoch 56/100 Iter 320/390 Loss 0.0242 Top1 99.19 Top5 100.00
2025-12-27 22:57:22,454 - INFO  - [NUDE][TRAIN] Epoch 56/100 Iter 340/390 Loss 0.0244 Top1 99.18 Top5 100.00
2025-12-27 22:57:28,696 - INFO  - [NUDE][TRAIN] Epoch 56/100 Iter 360/390 Loss 0.0245 Top1 99.17 Top5 100.00
2025-12-27 22:57:34,900 - INFO  - [NUDE][TRAIN] Epoch 56/100 Iter 380/390 Loss 0.0246 Top1 99.17 Top5 100.00
2025-12-27 22:57:38,064 - INFO  - [NUDE] Validate: force max bit-width W/A = 6
2025-12-27 22:57:40,311 - INFO  - [NUDE][EPOCH] 56/100 Train: Top1=99.18 Top5=100.00 Loss=0.0245 | Val(EMA): Top1=93.32
2025-12-27 22:57:40,311 - INFO  -   ⏱️  本Epoch耗时: 2分4秒 | 平均Epoch耗时: 2分4秒 | 剩余Epoch数: 43
2025-12-27 22:57:40,311 - INFO  -   📅 预估剩余时间: 1小时29分8秒 | 预估完成时间: 2025-12-28 00:26:48
2025-12-27 22:57:40,986 - INFO  - ([57] Epoch) Saving checkpoint to:
             Current: /root/autodl-tmp/retraining-free-quantization/training/r18_c10_nude_0.02_wrnorm_0.5/r18_c10_nude_0.02_wrnorm_0.5_checkpoint.pth.tar

2025-12-27 22:57:40,989 - INFO  - 🎲 Epoch 57: FaultInjector seed rotated to 99
2025-12-27 22:57:40,997 - INFO  - [NUDE] Epoch 57: force max bit-width W/A = 6
2025-12-27 22:57:40,997 - INFO  - ================================================================================
2025-12-27 22:57:40,997 - INFO  - 🔥 [NUDE] BFAT ACTIVE
2025-12-27 22:57:40,997 - INFO  -    Loss Type: direct_ce
2025-12-27 22:57:40,997 - INFO  -    Proj Mode: direction
2025-12-27 22:57:40,997 - INFO  -    Injection: All Bits
2025-12-27 22:57:40,997 - INFO  - ================================================================================
2025-12-27 22:57:47,349 - INFO  - [NUDE][TRAIN] Epoch 57/100 Iter 20/390 Loss 0.0197 Top1 99.49 Top5 100.00
2025-12-27 22:57:53,628 - INFO  - [NUDE][TRAIN] Epoch 57/100 Iter 40/390 Loss 0.0210 Top1 99.32 Top5 99.98
2025-12-27 22:57:59,699 - INFO  - [NUDE][TRAIN] Epoch 57/100 Iter 60/390 Loss 0.0214 Top1 99.34 Top5 99.99
2025-12-27 22:58:05,882 - INFO  - [NUDE][TRAIN] Epoch 57/100 Iter 80/390 Loss 0.0221 Top1 99.31 Top5 99.99
2025-12-27 22:58:12,164 - INFO  - [NUDE][TRAIN] Epoch 57/100 Iter 100/390 Loss 0.0222 Top1 99.29 Top5 99.99
2025-12-27 22:58:18,357 - INFO  - [NUDE][TRAIN] Epoch 57/100 Iter 120/390 Loss 0.0221 Top1 99.31 Top5 99.99
2025-12-27 22:58:24,627 - INFO  - [NUDE][TRAIN] Epoch 57/100 Iter 140/390 Loss 0.0213 Top1 99.32 Top5 99.99
2025-12-27 22:58:30,892 - INFO  - [NUDE][TRAIN] Epoch 57/100 Iter 160/390 Loss 0.0212 Top1 99.32 Top5 100.00
2025-12-27 22:58:37,127 - INFO  - [NUDE][TRAIN] Epoch 57/100 Iter 180/390 Loss 0.0214 Top1 99.30 Top5 100.00
2025-12-27 22:58:43,395 - INFO  - [NUDE][TRAIN] Epoch 57/100 Iter 200/390 Loss 0.0216 Top1 99.29 Top5 100.00
2025-12-27 22:58:49,595 - INFO  - [NUDE][TRAIN] Epoch 57/100 Iter 220/390 Loss 0.0216 Top1 99.28 Top5 100.00
2025-12-27 22:58:55,943 - INFO  - [NUDE][TRAIN] Epoch 57/100 Iter 240/390 Loss 0.0223 Top1 99.25 Top5 100.00
2025-12-27 22:59:02,258 - INFO  - [NUDE][TRAIN] Epoch 57/100 Iter 260/390 Loss 0.0220 Top1 99.25 Top5 100.00
2025-12-27 22:59:08,461 - INFO  - [NUDE][TRAIN] Epoch 57/100 Iter 280/390 Loss 0.0219 Top1 99.27 Top5 100.00
2025-12-27 22:59:14,749 - INFO  - [NUDE][TRAIN] Epoch 57/100 Iter 300/390 Loss 0.0220 Top1 99.26 Top5 100.00
2025-12-27 22:59:20,960 - INFO  - [NUDE][TRAIN] Epoch 57/100 Iter 320/390 Loss 0.0219 Top1 99.26 Top5 100.00
2025-12-27 22:59:27,268 - INFO  - [NUDE][TRAIN] Epoch 57/100 Iter 340/390 Loss 0.0222 Top1 99.25 Top5 100.00
2025-12-27 22:59:33,564 - INFO  - [NUDE][TRAIN] Epoch 57/100 Iter 360/390 Loss 0.0222 Top1 99.25 Top5 100.00
2025-12-27 22:59:39,693 - INFO  - [NUDE][TRAIN] Epoch 57/100 Iter 380/390 Loss 0.0224 Top1 99.25 Top5 100.00
2025-12-27 22:59:42,766 - INFO  - [NUDE] Validate: force max bit-width W/A = 6
2025-12-27 22:59:45,004 - INFO  - [NUDE][EPOCH] 57/100 Train: Top1=99.25 Top5=100.00 Loss=0.0226 | Val(EMA): Top1=93.43
2025-12-27 22:59:45,004 - INFO  -   ⏱️  本Epoch耗时: 2分4秒 | 平均Epoch耗时: 2分4秒 | 剩余Epoch数: 42
2025-12-27 22:59:45,004 - INFO  -   📅 预估剩余时间: 1小时27分2秒 | 预估完成时间: 2025-12-28 00:26:47
2025-12-27 22:59:45,677 - INFO  - ([58] Epoch) Saving checkpoint to:
             Current: /root/autodl-tmp/retraining-free-quantization/training/r18_c10_nude_0.02_wrnorm_0.5/r18_c10_nude_0.02_wrnorm_0.5_checkpoint.pth.tar

2025-12-27 22:59:45,680 - INFO  - 🎲 Epoch 58: FaultInjector seed rotated to 100
2025-12-27 22:59:45,688 - INFO  - [NUDE] Epoch 58: force max bit-width W/A = 6
2025-12-27 22:59:45,688 - INFO  - ================================================================================
2025-12-27 22:59:45,688 - INFO  - 🔥 [NUDE] BFAT ACTIVE
2025-12-27 22:59:45,688 - INFO  -    Loss Type: direct_ce
2025-12-27 22:59:45,688 - INFO  -    Proj Mode: direction
2025-12-27 22:59:45,688 - INFO  -    Injection: All Bits
2025-12-27 22:59:45,688 - INFO  - ================================================================================
2025-12-27 22:59:52,002 - INFO  - [NUDE][TRAIN] Epoch 58/100 Iter 20/390 Loss 0.0273 Top1 99.14 Top5 100.00
2025-12-27 22:59:58,323 - INFO  - [NUDE][TRAIN] Epoch 58/100 Iter 40/390 Loss 0.0253 Top1 99.16 Top5 100.00
2025-12-27 23:00:05,056 - INFO  - [NUDE][TRAIN] Epoch 58/100 Iter 60/390 Loss 0.0254 Top1 99.09 Top5 100.00
2025-12-27 23:00:11,262 - INFO  - [NUDE][TRAIN] Epoch 58/100 Iter 80/390 Loss 0.0239 Top1 99.22 Top5 100.00
2025-12-27 23:00:17,562 - INFO  - [NUDE][TRAIN] Epoch 58/100 Iter 100/390 Loss 0.0227 Top1 99.28 Top5 100.00
2025-12-27 23:00:23,796 - INFO  - [NUDE][TRAIN] Epoch 58/100 Iter 120/390 Loss 0.0217 Top1 99.29 Top5 100.00
2025-12-27 23:00:30,130 - INFO  - [NUDE][TRAIN] Epoch 58/100 Iter 140/390 Loss 0.0211 Top1 99.30 Top5 100.00
2025-12-27 23:00:36,433 - INFO  - [NUDE][TRAIN] Epoch 58/100 Iter 160/390 Loss 0.0208 Top1 99.33 Top5 100.00
2025-12-27 23:00:42,627 - INFO  - [NUDE][TRAIN] Epoch 58/100 Iter 180/390 Loss 0.0205 Top1 99.33 Top5 100.00
2025-12-27 23:00:48,903 - INFO  - [NUDE][TRAIN] Epoch 58/100 Iter 200/390 Loss 0.0199 Top1 99.36 Top5 100.00
2025-12-27 23:00:55,089 - INFO  - [NUDE][TRAIN] Epoch 58/100 Iter 220/390 Loss 0.0199 Top1 99.35 Top5 100.00
2025-12-27 23:01:01,373 - INFO  - [NUDE][TRAIN] Epoch 58/100 Iter 240/390 Loss 0.0196 Top1 99.35 Top5 100.00
2025-12-27 23:01:07,626 - INFO  - [NUDE][TRAIN] Epoch 58/100 Iter 260/390 Loss 0.0200 Top1 99.34 Top5 100.00
2025-12-27 23:01:13,837 - INFO  - [NUDE][TRAIN] Epoch 58/100 Iter 280/390 Loss 0.0198 Top1 99.36 Top5 100.00
2025-12-27 23:01:20,104 - INFO  - [NUDE][TRAIN] Epoch 58/100 Iter 300/390 Loss 0.0199 Top1 99.35 Top5 100.00
2025-12-27 23:01:26,179 - INFO  - [NUDE][TRAIN] Epoch 58/100 Iter 320/390 Loss 0.0202 Top1 99.34 Top5 100.00
2025-12-27 23:01:32,453 - INFO  - [NUDE][TRAIN] Epoch 58/100 Iter 340/390 Loss 0.0198 Top1 99.35 Top5 100.00
2025-12-27 23:01:38,724 - INFO  - [NUDE][TRAIN] Epoch 58/100 Iter 360/390 Loss 0.0198 Top1 99.35 Top5 100.00
2025-12-27 23:01:44,925 - INFO  - [NUDE][TRAIN] Epoch 58/100 Iter 380/390 Loss 0.0196 Top1 99.36 Top5 100.00
2025-12-27 23:01:48,050 - INFO  - [NUDE] Validate: force max bit-width W/A = 6
2025-12-27 23:01:50,321 - INFO  - [NUDE][EPOCH] 58/100 Train: Top1=99.36 Top5=100.00 Loss=0.0196 | Val(EMA): Top1=93.57
2025-12-27 23:01:50,321 - INFO  -   ⏱️  本Epoch耗时: 2分4秒 | 平均Epoch耗时: 2分4秒 | 剩余Epoch数: 41
2025-12-27 23:01:50,321 - INFO  -   📅 预估剩余时间: 1小时24分59秒 | 预估完成时间: 2025-12-28 00:26:50
2025-12-27 23:01:51,023 - INFO  - ([59] Epoch) Saving checkpoint to:
             Current: /root/autodl-tmp/retraining-free-quantization/training/r18_c10_nude_0.02_wrnorm_0.5/r18_c10_nude_0.02_wrnorm_0.5_checkpoint.pth.tar

2025-12-27 23:01:51,026 - INFO  - 🎲 Epoch 59: FaultInjector seed rotated to 101
2025-12-27 23:01:51,034 - INFO  - [NUDE] Epoch 59: force max bit-width W/A = 6
2025-12-27 23:01:51,034 - INFO  - ================================================================================
2025-12-27 23:01:51,034 - INFO  - 🔥 [NUDE] BFAT ACTIVE
2025-12-27 23:01:51,034 - INFO  -    Loss Type: direct_ce
2025-12-27 23:01:51,034 - INFO  -    Proj Mode: direction
2025-12-27 23:01:51,034 - INFO  -    Injection: All Bits
2025-12-27 23:01:51,035 - INFO  - ================================================================================
2025-12-27 23:01:57,479 - INFO  - [NUDE][TRAIN] Epoch 59/100 Iter 20/390 Loss 0.0143 Top1 99.49 Top5 100.00
2025-12-27 23:02:03,880 - INFO  - [NUDE][TRAIN] Epoch 59/100 Iter 40/390 Loss 0.0160 Top1 99.38 Top5 100.00
2025-12-27 23:02:10,182 - INFO  - [NUDE][TRAIN] Epoch 59/100 Iter 60/390 Loss 0.0180 Top1 99.36 Top5 100.00
2025-12-27 23:02:16,359 - INFO  - [NUDE][TRAIN] Epoch 59/100 Iter 80/390 Loss 0.0172 Top1 99.37 Top5 100.00
2025-12-27 23:02:22,677 - INFO  - [NUDE][TRAIN] Epoch 59/100 Iter 100/390 Loss 0.0169 Top1 99.38 Top5 100.00
2025-12-27 23:02:28,808 - INFO  - [NUDE][TRAIN] Epoch 59/100 Iter 120/390 Loss 0.0186 Top1 99.35 Top5 100.00
2025-12-27 23:02:35,054 - INFO  - [NUDE][TRAIN] Epoch 59/100 Iter 140/390 Loss 0.0184 Top1 99.36 Top5 100.00
2025-12-27 23:02:41,307 - INFO  - [NUDE][TRAIN] Epoch 59/100 Iter 160/390 Loss 0.0187 Top1 99.33 Top5 100.00
2025-12-27 23:02:47,510 - INFO  - [NUDE][TRAIN] Epoch 59/100 Iter 180/390 Loss 0.0187 Top1 99.35 Top5 100.00
2025-12-27 23:02:53,800 - INFO  - [NUDE][TRAIN] Epoch 59/100 Iter 200/390 Loss 0.0186 Top1 99.35 Top5 100.00
2025-12-27 23:02:59,915 - INFO  - [NUDE][TRAIN] Epoch 59/100 Iter 220/390 Loss 0.0188 Top1 99.34 Top5 100.00
2025-12-27 23:03:06,099 - INFO  - [NUDE][TRAIN] Epoch 59/100 Iter 240/390 Loss 0.0190 Top1 99.34 Top5 100.00
2025-12-27 23:03:12,288 - INFO  - [NUDE][TRAIN] Epoch 59/100 Iter 260/390 Loss 0.0188 Top1 99.35 Top5 100.00
2025-12-27 23:03:18,489 - INFO  - [NUDE][TRAIN] Epoch 59/100 Iter 280/390 Loss 0.0190 Top1 99.34 Top5 100.00
2025-12-27 23:03:24,744 - INFO  - [NUDE][TRAIN] Epoch 59/100 Iter 300/390 Loss 0.0190 Top1 99.35 Top5 100.00
2025-12-27 23:03:30,900 - INFO  - [NUDE][TRAIN] Epoch 59/100 Iter 320/390 Loss 0.0191 Top1 99.34 Top5 100.00
2025-12-27 23:03:37,177 - INFO  - [NUDE][TRAIN] Epoch 59/100 Iter 340/390 Loss 0.0190 Top1 99.35 Top5 100.00
2025-12-27 23:03:43,474 - INFO  - [NUDE][TRAIN] Epoch 59/100 Iter 360/390 Loss 0.0189 Top1 99.35 Top5 100.00
2025-12-27 23:03:49,657 - INFO  - [NUDE][TRAIN] Epoch 59/100 Iter 380/390 Loss 0.0189 Top1 99.35 Top5 100.00
2025-12-27 23:03:52,780 - INFO  - [NUDE] Validate: force max bit-width W/A = 6
2025-12-27 23:03:55,018 - INFO  - [NUDE][EPOCH] 59/100 Train: Top1=99.35 Top5=100.00 Loss=0.0189 | Val(EMA): Top1=93.47
2025-12-27 23:03:55,019 - INFO  -   ⏱️  本Epoch耗时: 2分3秒 | 平均Epoch耗时: 2分4秒 | 剩余Epoch数: 40
2025-12-27 23:03:55,019 - INFO  -   📅 预估剩余时间: 1小时22分51秒 | 预估完成时间: 2025-12-28 00:26:46
2025-12-27 23:03:55,699 - INFO  - ([60] Epoch) Saving checkpoint to:
             Current: /root/autodl-tmp/retraining-free-quantization/training/r18_c10_nude_0.02_wrnorm_0.5/r18_c10_nude_0.02_wrnorm_0.5_checkpoint.pth.tar

2025-12-27 23:03:55,703 - INFO  - 🎲 Epoch 60: FaultInjector seed rotated to 102
2025-12-27 23:03:55,710 - INFO  - [NUDE] Epoch 60: force max bit-width W/A = 6
2025-12-27 23:03:55,710 - INFO  - ================================================================================
2025-12-27 23:03:55,711 - INFO  - 🔥 [NUDE] BFAT ACTIVE
2025-12-27 23:03:55,711 - INFO  -    Loss Type: direct_ce
2025-12-27 23:03:55,711 - INFO  -    Proj Mode: direction
2025-12-27 23:03:55,711 - INFO  -    Injection: All Bits
2025-12-27 23:03:55,711 - INFO  - ================================================================================
2025-12-27 23:04:02,067 - INFO  - [NUDE][TRAIN] Epoch 60/100 Iter 20/390 Loss 0.0198 Top1 99.49 Top5 100.00
2025-12-27 23:04:08,408 - INFO  - [NUDE][TRAIN] Epoch 60/100 Iter 40/390 Loss 0.0188 Top1 99.43 Top5 100.00
2025-12-27 23:04:14,722 - INFO  - [NUDE][TRAIN] Epoch 60/100 Iter 60/390 Loss 0.0171 Top1 99.49 Top5 100.00
2025-12-27 23:04:20,921 - INFO  - [NUDE][TRAIN] Epoch 60/100 Iter 80/390 Loss 0.0174 Top1 99.42 Top5 100.00
2025-12-27 23:04:27,218 - INFO  - [NUDE][TRAIN] Epoch 60/100 Iter 100/390 Loss 0.0170 Top1 99.44 Top5 100.00
2025-12-27 23:04:33,416 - INFO  - [NUDE][TRAIN] Epoch 60/100 Iter 120/390 Loss 0.0160 Top1 99.47 Top5 100.00
2025-12-27 23:04:39,692 - INFO  - [NUDE][TRAIN] Epoch 60/100 Iter 140/390 Loss 0.0154 Top1 99.48 Top5 100.00
2025-12-27 23:04:45,896 - INFO  - [NUDE][TRAIN] Epoch 60/100 Iter 160/390 Loss 0.0153 Top1 99.47 Top5 100.00
2025-12-27 23:04:51,986 - INFO  - [NUDE][TRAIN] Epoch 60/100 Iter 180/390 Loss 0.0154 Top1 99.47 Top5 100.00
2025-12-27 23:04:58,268 - INFO  - [NUDE][TRAIN] Epoch 60/100 Iter 200/390 Loss 0.0158 Top1 99.46 Top5 100.00
2025-12-27 23:05:04,604 - INFO  - [NUDE][TRAIN] Epoch 60/100 Iter 220/390 Loss 0.0156 Top1 99.46 Top5 100.00
2025-12-27 23:05:10,930 - INFO  - [NUDE][TRAIN] Epoch 60/100 Iter 240/390 Loss 0.0153 Top1 99.49 Top5 100.00
2025-12-27 23:05:17,240 - INFO  - [NUDE][TRAIN] Epoch 60/100 Iter 260/390 Loss 0.0151 Top1 99.49 Top5 100.00
2025-12-27 23:05:23,428 - INFO  - [NUDE][TRAIN] Epoch 60/100 Iter 280/390 Loss 0.0154 Top1 99.48 Top5 100.00
2025-12-27 23:05:29,747 - INFO  - [NUDE][TRAIN] Epoch 60/100 Iter 300/390 Loss 0.0154 Top1 99.48 Top5 100.00
2025-12-27 23:05:35,960 - INFO  - [NUDE][TRAIN] Epoch 60/100 Iter 320/390 Loss 0.0155 Top1 99.48 Top5 100.00
2025-12-27 23:05:42,254 - INFO  - [NUDE][TRAIN] Epoch 60/100 Iter 340/390 Loss 0.0153 Top1 99.48 Top5 100.00
2025-12-27 23:05:48,558 - INFO  - [NUDE][TRAIN] Epoch 60/100 Iter 360/390 Loss 0.0153 Top1 99.48 Top5 100.00
2025-12-27 23:05:54,755 - INFO  - [NUDE][TRAIN] Epoch 60/100 Iter 380/390 Loss 0.0155 Top1 99.48 Top5 100.00
2025-12-27 23:05:57,895 - INFO  - [NUDE] Validate: force max bit-width W/A = 6
2025-12-27 23:06:00,180 - INFO  - [NUDE][EPOCH] 60/100 Train: Top1=99.48 Top5=100.00 Loss=0.0155 | Val(EMA): Top1=93.49
2025-12-27 23:06:00,180 - INFO  -   ⏱️  本Epoch耗时: 2分4秒 | 平均Epoch耗时: 2分4秒 | 剩余Epoch数: 39
2025-12-27 23:06:00,180 - INFO  -   📅 预估剩余时间: 1小时20分47秒 | 预估完成时间: 2025-12-28 00:26:47
2025-12-27 23:06:00,908 - INFO  - ([61] Epoch) Saving checkpoint to:
             Current: /root/autodl-tmp/retraining-free-quantization/training/r18_c10_nude_0.02_wrnorm_0.5/r18_c10_nude_0.02_wrnorm_0.5_checkpoint.pth.tar

2025-12-27 23:06:00,911 - INFO  - 🎲 Epoch 61: FaultInjector seed rotated to 103
2025-12-27 23:06:00,919 - INFO  - [NUDE] Epoch 61: force max bit-width W/A = 6
2025-12-27 23:06:00,919 - INFO  - ================================================================================
2025-12-27 23:06:00,919 - INFO  - 🔥 [NUDE] BFAT ACTIVE
2025-12-27 23:06:00,919 - INFO  -    Loss Type: direct_ce
2025-12-27 23:06:00,919 - INFO  -    Proj Mode: direction
2025-12-27 23:06:00,920 - INFO  -    Injection: All Bits
2025-12-27 23:06:00,920 - INFO  - ================================================================================
2025-12-27 23:06:07,434 - INFO  - [NUDE][TRAIN] Epoch 61/100 Iter 20/390 Loss 0.0124 Top1 99.77 Top5 100.00
2025-12-27 23:06:13,821 - INFO  - [NUDE][TRAIN] Epoch 61/100 Iter 40/390 Loss 0.0151 Top1 99.57 Top5 100.00
2025-12-27 23:06:20,083 - INFO  - [NUDE][TRAIN] Epoch 61/100 Iter 60/390 Loss 0.0156 Top1 99.58 Top5 100.00
2025-12-27 23:06:26,186 - INFO  - [NUDE][TRAIN] Epoch 61/100 Iter 80/390 Loss 0.0170 Top1 99.52 Top5 100.00
2025-12-27 23:06:32,393 - INFO  - [NUDE][TRAIN] Epoch 61/100 Iter 100/390 Loss 0.0160 Top1 99.55 Top5 100.00
2025-12-27 23:06:38,542 - INFO  - [NUDE][TRAIN] Epoch 61/100 Iter 120/390 Loss 0.0157 Top1 99.52 Top5 100.00
2025-12-27 23:06:44,885 - INFO  - [NUDE][TRAIN] Epoch 61/100 Iter 140/390 Loss 0.0168 Top1 99.47 Top5 100.00
2025-12-27 23:06:51,229 - INFO  - [NUDE][TRAIN] Epoch 61/100 Iter 160/390 Loss 0.0165 Top1 99.48 Top5 100.00
2025-12-27 23:06:57,404 - INFO  - [NUDE][TRAIN] Epoch 61/100 Iter 180/390 Loss 0.0162 Top1 99.48 Top5 100.00
2025-12-27 23:07:03,731 - INFO  - [NUDE][TRAIN] Epoch 61/100 Iter 200/390 Loss 0.0159 Top1 99.48 Top5 100.00
2025-12-27 23:07:09,930 - INFO  - [NUDE][TRAIN] Epoch 61/100 Iter 220/390 Loss 0.0160 Top1 99.49 Top5 100.00
2025-12-27 23:07:16,198 - INFO  - [NUDE][TRAIN] Epoch 61/100 Iter 240/390 Loss 0.0158 Top1 99.49 Top5 100.00
2025-12-27 23:07:22,543 - INFO  - [NUDE][TRAIN] Epoch 61/100 Iter 260/390 Loss 0.0157 Top1 99.50 Top5 100.00
2025-12-27 23:07:28,769 - INFO  - [NUDE][TRAIN] Epoch 61/100 Iter 280/390 Loss 0.0154 Top1 99.51 Top5 100.00
2025-12-27 23:07:35,095 - INFO  - [NUDE][TRAIN] Epoch 61/100 Iter 300/390 Loss 0.0153 Top1 99.51 Top5 100.00
2025-12-27 23:07:41,287 - INFO  - [NUDE][TRAIN] Epoch 61/100 Iter 320/390 Loss 0.0150 Top1 99.52 Top5 100.00
2025-12-27 23:07:47,622 - INFO  - [NUDE][TRAIN] Epoch 61/100 Iter 340/390 Loss 0.0149 Top1 99.52 Top5 100.00
2025-12-27 23:07:54,037 - INFO  - [NUDE][TRAIN] Epoch 61/100 Iter 360/390 Loss 0.0151 Top1 99.52 Top5 100.00
2025-12-27 23:08:00,293 - INFO  - [NUDE][TRAIN] Epoch 61/100 Iter 380/390 Loss 0.0149 Top1 99.52 Top5 100.00
2025-12-27 23:08:03,406 - INFO  - [NUDE] Validate: force max bit-width W/A = 6
2025-12-27 23:08:05,665 - INFO  - [NUDE][EPOCH] 61/100 Train: Top1=99.52 Top5=100.00 Loss=0.0151 | Val(EMA): Top1=93.48
2025-12-27 23:08:05,665 - INFO  -   ⏱️  本Epoch耗时: 2分4秒 | 平均Epoch耗时: 2分4秒 | 剩余Epoch数: 38
2025-12-27 23:08:05,665 - INFO  -   📅 预估剩余时间: 1小时18分46秒 | 预估完成时间: 2025-12-28 00:26:51
2025-12-27 23:08:06,324 - INFO  - ([62] Epoch) Saving checkpoint to:
             Current: /root/autodl-tmp/retraining-free-quantization/training/r18_c10_nude_0.02_wrnorm_0.5/r18_c10_nude_0.02_wrnorm_0.5_checkpoint.pth.tar

2025-12-27 23:08:06,327 - INFO  - 🎲 Epoch 62: FaultInjector seed rotated to 104
2025-12-27 23:08:06,334 - INFO  - [NUDE] Epoch 62: force max bit-width W/A = 6
2025-12-27 23:08:06,335 - INFO  - ================================================================================
2025-12-27 23:08:06,335 - INFO  - 🔥 [NUDE] BFAT ACTIVE
2025-12-27 23:08:06,335 - INFO  -    Loss Type: direct_ce
2025-12-27 23:08:06,335 - INFO  -    Proj Mode: direction
2025-12-27 23:08:06,335 - INFO  -    Injection: All Bits
2025-12-27 23:08:06,335 - INFO  - ================================================================================
2025-12-27 23:08:12,690 - INFO  - [NUDE][TRAIN] Epoch 62/100 Iter 20/390 Loss 0.0124 Top1 99.57 Top5 100.00
2025-12-27 23:08:18,996 - INFO  - [NUDE][TRAIN] Epoch 62/100 Iter 40/390 Loss 0.0141 Top1 99.47 Top5 100.00
2025-12-27 23:08:25,331 - INFO  - [NUDE][TRAIN] Epoch 62/100 Iter 60/390 Loss 0.0142 Top1 99.47 Top5 100.00
2025-12-27 23:08:31,567 - INFO  - [NUDE][TRAIN] Epoch 62/100 Iter 80/390 Loss 0.0133 Top1 99.55 Top5 100.00
2025-12-27 23:08:37,896 - INFO  - [NUDE][TRAIN] Epoch 62/100 Iter 100/390 Loss 0.0133 Top1 99.59 Top5 100.00
2025-12-27 23:08:44,122 - INFO  - [NUDE][TRAIN] Epoch 62/100 Iter 120/390 Loss 0.0138 Top1 99.54 Top5 100.00
2025-12-27 23:08:50,424 - INFO  - [NUDE][TRAIN] Epoch 62/100 Iter 140/390 Loss 0.0131 Top1 99.57 Top5 100.00
2025-12-27 23:08:56,723 - INFO  - [NUDE][TRAIN] Epoch 62/100 Iter 160/390 Loss 0.0132 Top1 99.58 Top5 100.00
2025-12-27 23:09:02,910 - INFO  - [NUDE][TRAIN] Epoch 62/100 Iter 180/390 Loss 0.0131 Top1 99.58 Top5 100.00
2025-12-27 23:09:09,260 - INFO  - [NUDE][TRAIN] Epoch 62/100 Iter 200/390 Loss 0.0133 Top1 99.57 Top5 100.00
2025-12-27 23:09:15,574 - INFO  - [NUDE][TRAIN] Epoch 62/100 Iter 220/390 Loss 0.0134 Top1 99.55 Top5 100.00
2025-12-27 23:09:21,888 - INFO  - [NUDE][TRAIN] Epoch 62/100 Iter 240/390 Loss 0.0138 Top1 99.54 Top5 100.00
2025-12-27 23:09:28,203 - INFO  - [NUDE][TRAIN] Epoch 62/100 Iter 260/390 Loss 0.0138 Top1 99.54 Top5 100.00
2025-12-27 23:09:34,448 - INFO  - [NUDE][TRAIN] Epoch 62/100 Iter 280/390 Loss 0.0139 Top1 99.53 Top5 100.00
2025-12-27 23:09:40,728 - INFO  - [NUDE][TRAIN] Epoch 62/100 Iter 300/390 Loss 0.0144 Top1 99.50 Top5 100.00
2025-12-27 23:09:46,840 - INFO  - [NUDE][TRAIN] Epoch 62/100 Iter 320/390 Loss 0.0145 Top1 99.50 Top5 100.00
2025-12-27 23:09:53,057 - INFO  - [NUDE][TRAIN] Epoch 62/100 Iter 340/390 Loss 0.0143 Top1 99.51 Top5 100.00
2025-12-27 23:09:59,366 - INFO  - [NUDE][TRAIN] Epoch 62/100 Iter 360/390 Loss 0.0144 Top1 99.51 Top5 100.00
2025-12-27 23:10:05,589 - INFO  - [NUDE][TRAIN] Epoch 62/100 Iter 380/390 Loss 0.0145 Top1 99.50 Top5 100.00
2025-12-27 23:10:08,727 - INFO  - [NUDE] Validate: force max bit-width W/A = 6
2025-12-27 23:10:11,003 - INFO  - [NUDE][EPOCH] 62/100 Train: Top1=99.51 Top5=100.00 Loss=0.0145 | Val(EMA): Top1=93.56
2025-12-27 23:10:11,003 - INFO  -   ⏱️  本Epoch耗时: 2分4秒 | 平均Epoch耗时: 2分4秒 | 剩余Epoch数: 37
2025-12-27 23:10:11,003 - INFO  -   📅 预估剩余时间: 1小时16分46秒 | 预估完成时间: 2025-12-28 00:26:57
2025-12-27 23:10:11,692 - INFO  - ([63] Epoch) Saving checkpoint to:
             Current: /root/autodl-tmp/retraining-free-quantization/training/r18_c10_nude_0.02_wrnorm_0.5/r18_c10_nude_0.02_wrnorm_0.5_checkpoint.pth.tar

2025-12-27 23:10:11,695 - INFO  - 🎲 Epoch 63: FaultInjector seed rotated to 105
2025-12-27 23:10:11,703 - INFO  - [NUDE] Epoch 63: force max bit-width W/A = 6
2025-12-27 23:10:11,703 - INFO  - ================================================================================
2025-12-27 23:10:11,703 - INFO  - 🔥 [NUDE] BFAT ACTIVE
2025-12-27 23:10:11,703 - INFO  -    Loss Type: direct_ce
2025-12-27 23:10:11,703 - INFO  -    Proj Mode: direction
2025-12-27 23:10:11,703 - INFO  -    Injection: All Bits
2025-12-27 23:10:11,703 - INFO  - ================================================================================
2025-12-27 23:10:18,105 - INFO  - [NUDE][TRAIN] Epoch 63/100 Iter 20/390 Loss 0.0085 Top1 99.77 Top5 100.00
2025-12-27 23:10:24,437 - INFO  - [NUDE][TRAIN] Epoch 63/100 Iter 40/390 Loss 0.0095 Top1 99.71 Top5 100.00
2025-12-27 23:10:30,723 - INFO  - [NUDE][TRAIN] Epoch 63/100 Iter 60/390 Loss 0.0107 Top1 99.64 Top5 100.00
2025-12-27 23:10:36,919 - INFO  - [NUDE][TRAIN] Epoch 63/100 Iter 80/390 Loss 0.0100 Top1 99.66 Top5 100.00
2025-12-27 23:10:43,189 - INFO  - [NUDE][TRAIN] Epoch 63/100 Iter 100/390 Loss 0.0108 Top1 99.64 Top5 100.00
2025-12-27 23:10:49,372 - INFO  - [NUDE][TRAIN] Epoch 63/100 Iter 120/390 Loss 0.0116 Top1 99.62 Top5 100.00
2025-12-27 23:10:55,699 - INFO  - [NUDE][TRAIN] Epoch 63/100 Iter 140/390 Loss 0.0123 Top1 99.57 Top5 100.00
2025-12-27 23:11:02,007 - INFO  - [NUDE][TRAIN] Epoch 63/100 Iter 160/390 Loss 0.0126 Top1 99.56 Top5 100.00
2025-12-27 23:11:08,267 - INFO  - [NUDE][TRAIN] Epoch 63/100 Iter 180/390 Loss 0.0126 Top1 99.56 Top5 100.00
2025-12-27 23:11:14,679 - INFO  - [NUDE][TRAIN] Epoch 63/100 Iter 200/390 Loss 0.0128 Top1 99.56 Top5 100.00
2025-12-27 23:11:20,884 - INFO  - [NUDE][TRAIN] Epoch 63/100 Iter 220/390 Loss 0.0131 Top1 99.55 Top5 100.00
2025-12-27 23:11:27,102 - INFO  - [NUDE][TRAIN] Epoch 63/100 Iter 240/390 Loss 0.0128 Top1 99.56 Top5 100.00
2025-12-27 23:11:33,285 - INFO  - [NUDE][TRAIN] Epoch 63/100 Iter 260/390 Loss 0.0130 Top1 99.56 Top5 100.00
2025-12-27 23:11:39,431 - INFO  - [NUDE][TRAIN] Epoch 63/100 Iter 280/390 Loss 0.0136 Top1 99.54 Top5 100.00
2025-12-27 23:11:45,742 - INFO  - [NUDE][TRAIN] Epoch 63/100 Iter 300/390 Loss 0.0137 Top1 99.55 Top5 100.00
2025-12-27 23:11:51,937 - INFO  - [NUDE][TRAIN] Epoch 63/100 Iter 320/390 Loss 0.0136 Top1 99.56 Top5 100.00
2025-12-27 23:11:58,228 - INFO  - [NUDE][TRAIN] Epoch 63/100 Iter 340/390 Loss 0.0137 Top1 99.55 Top5 100.00
2025-12-27 23:12:04,564 - INFO  - [NUDE][TRAIN] Epoch 63/100 Iter 360/390 Loss 0.0138 Top1 99.55 Top5 100.00
2025-12-27 23:12:10,769 - INFO  - [NUDE][TRAIN] Epoch 63/100 Iter 380/390 Loss 0.0140 Top1 99.54 Top5 100.00
2025-12-27 23:12:13,924 - INFO  - [NUDE] Validate: force max bit-width W/A = 6
2025-12-27 23:12:16,169 - INFO  - [NUDE][EPOCH] 63/100 Train: Top1=99.54 Top5=100.00 Loss=0.0140 | Val(EMA): Top1=93.46
2025-12-27 23:12:16,169 - INFO  -   ⏱️  本Epoch耗时: 2分4秒 | 平均Epoch耗时: 2分4秒 | 剩余Epoch数: 36
2025-12-27 23:12:16,169 - INFO  -   📅 预估剩余时间: 1小时14分41秒 | 预估完成时间: 2025-12-28 00:26:57
2025-12-27 23:12:16,856 - INFO  - ([64] Epoch) Saving checkpoint to:
             Current: /root/autodl-tmp/retraining-free-quantization/training/r18_c10_nude_0.02_wrnorm_0.5/r18_c10_nude_0.02_wrnorm_0.5_checkpoint.pth.tar

2025-12-27 23:12:16,859 - INFO  - 🎲 Epoch 64: FaultInjector seed rotated to 106
2025-12-27 23:12:16,866 - INFO  - [NUDE] Epoch 64: force max bit-width W/A = 6
2025-12-27 23:12:16,867 - INFO  - ================================================================================
2025-12-27 23:12:16,867 - INFO  - 🔥 [NUDE] BFAT ACTIVE
2025-12-27 23:12:16,867 - INFO  -    Loss Type: direct_ce
2025-12-27 23:12:16,867 - INFO  -    Proj Mode: direction
2025-12-27 23:12:16,867 - INFO  -    Injection: All Bits
2025-12-27 23:12:16,867 - INFO  - ================================================================================
2025-12-27 23:12:23,282 - INFO  - [NUDE][TRAIN] Epoch 64/100 Iter 20/390 Loss 0.0123 Top1 99.65 Top5 100.00
2025-12-27 23:12:29,643 - INFO  - [NUDE][TRAIN] Epoch 64/100 Iter 40/390 Loss 0.0104 Top1 99.65 Top5 100.00
2025-12-27 23:12:35,961 - INFO  - [NUDE][TRAIN] Epoch 64/100 Iter 60/390 Loss 0.0121 Top1 99.58 Top5 100.00
2025-12-27 23:12:42,168 - INFO  - [NUDE][TRAIN] Epoch 64/100 Iter 80/390 Loss 0.0109 Top1 99.63 Top5 100.00
2025-12-27 23:12:48,520 - INFO  - [NUDE][TRAIN] Epoch 64/100 Iter 100/390 Loss 0.0108 Top1 99.65 Top5 100.00
2025-12-27 23:12:54,861 - INFO  - [NUDE][TRAIN] Epoch 64/100 Iter 120/390 Loss 0.0107 Top1 99.67 Top5 100.00
2025-12-27 23:13:01,165 - INFO  - [NUDE][TRAIN] Epoch 64/100 Iter 140/390 Loss 0.0114 Top1 99.67 Top5 100.00
2025-12-27 23:13:07,473 - INFO  - [NUDE][TRAIN] Epoch 64/100 Iter 160/390 Loss 0.0111 Top1 99.67 Top5 100.00
2025-12-27 23:13:13,642 - INFO  - [NUDE][TRAIN] Epoch 64/100 Iter 180/390 Loss 0.0112 Top1 99.67 Top5 100.00
2025-12-27 23:13:19,940 - INFO  - [NUDE][TRAIN] Epoch 64/100 Iter 200/390 Loss 0.0115 Top1 99.66 Top5 100.00
2025-12-27 23:13:26,132 - INFO  - [NUDE][TRAIN] Epoch 64/100 Iter 220/390 Loss 0.0115 Top1 99.65 Top5 100.00
2025-12-27 23:13:32,471 - INFO  - [NUDE][TRAIN] Epoch 64/100 Iter 240/390 Loss 0.0113 Top1 99.66 Top5 100.00
2025-12-27 23:13:38,789 - INFO  - [NUDE][TRAIN] Epoch 64/100 Iter 260/390 Loss 0.0110 Top1 99.68 Top5 100.00
2025-12-27 23:13:44,968 - INFO  - [NUDE][TRAIN] Epoch 64/100 Iter 280/390 Loss 0.0110 Top1 99.67 Top5 100.00
2025-12-27 23:13:51,253 - INFO  - [NUDE][TRAIN] Epoch 64/100 Iter 300/390 Loss 0.0108 Top1 99.67 Top5 100.00
2025-12-27 23:13:57,447 - INFO  - [NUDE][TRAIN] Epoch 64/100 Iter 320/390 Loss 0.0110 Top1 99.67 Top5 100.00
2025-12-27 23:14:03,746 - INFO  - [NUDE][TRAIN] Epoch 64/100 Iter 340/390 Loss 0.0112 Top1 99.65 Top5 100.00
2025-12-27 23:14:10,073 - INFO  - [NUDE][TRAIN] Epoch 64/100 Iter 360/390 Loss 0.0110 Top1 99.66 Top5 100.00
2025-12-27 23:14:16,337 - INFO  - [NUDE][TRAIN] Epoch 64/100 Iter 380/390 Loss 0.0111 Top1 99.65 Top5 100.00
2025-12-27 23:14:19,646 - INFO  - [NUDE] Validate: force max bit-width W/A = 6
2025-12-27 23:14:21,916 - INFO  - [NUDE][EPOCH] 64/100 Train: Top1=99.66 Top5=100.00 Loss=0.0111 | Val(EMA): Top1=93.48
2025-12-27 23:14:21,916 - INFO  -   ⏱️  本Epoch耗时: 2分5秒 | 平均Epoch耗时: 2分4秒 | 剩余Epoch数: 35
2025-12-27 23:14:21,916 - INFO  -   📅 预估剩余时间: 1小时12分44秒 | 预估完成时间: 2025-12-28 00:27:05
2025-12-27 23:14:22,529 - INFO  - ([65] Epoch) Saving checkpoint to:
             Current: /root/autodl-tmp/retraining-free-quantization/training/r18_c10_nude_0.02_wrnorm_0.5/r18_c10_nude_0.02_wrnorm_0.5_checkpoint.pth.tar

2025-12-27 23:14:22,535 - INFO  - 🎲 Epoch 65: FaultInjector seed rotated to 107
2025-12-27 23:14:22,543 - INFO  - [NUDE] Epoch 65: force max bit-width W/A = 6
2025-12-27 23:14:22,543 - INFO  - ================================================================================
2025-12-27 23:14:22,543 - INFO  - 🔥 [NUDE] BFAT ACTIVE
2025-12-27 23:14:22,543 - INFO  -    Loss Type: direct_ce
2025-12-27 23:14:22,543 - INFO  -    Proj Mode: direction
2025-12-27 23:14:22,543 - INFO  -    Injection: All Bits
2025-12-27 23:14:22,543 - INFO  - ================================================================================
2025-12-27 23:14:28,934 - INFO  - [NUDE][TRAIN] Epoch 65/100 Iter 20/390 Loss 0.0094 Top1 99.73 Top5 100.00
2025-12-27 23:14:35,286 - INFO  - [NUDE][TRAIN] Epoch 65/100 Iter 40/390 Loss 0.0087 Top1 99.77 Top5 100.00
2025-12-27 23:14:41,593 - INFO  - [NUDE][TRAIN] Epoch 65/100 Iter 60/390 Loss 0.0077 Top1 99.79 Top5 100.00
2025-12-27 23:14:47,750 - INFO  - [NUDE][TRAIN] Epoch 65/100 Iter 80/390 Loss 0.0079 Top1 99.81 Top5 100.00
2025-12-27 23:14:53,966 - INFO  - [NUDE][TRAIN] Epoch 65/100 Iter 100/390 Loss 0.0083 Top1 99.78 Top5 100.00
2025-12-27 23:15:00,117 - INFO  - [NUDE][TRAIN] Epoch 65/100 Iter 120/390 Loss 0.0089 Top1 99.75 Top5 100.00
2025-12-27 23:15:06,440 - INFO  - [NUDE][TRAIN] Epoch 65/100 Iter 140/390 Loss 0.0088 Top1 99.76 Top5 100.00
2025-12-27 23:15:12,771 - INFO  - [NUDE][TRAIN] Epoch 65/100 Iter 160/390 Loss 0.0100 Top1 99.72 Top5 100.00
2025-12-27 23:15:19,025 - INFO  - [NUDE][TRAIN] Epoch 65/100 Iter 180/390 Loss 0.0101 Top1 99.69 Top5 100.00
2025-12-27 23:15:25,365 - INFO  - [NUDE][TRAIN] Epoch 65/100 Iter 200/390 Loss 0.0103 Top1 99.68 Top5 100.00
2025-12-27 23:15:31,644 - INFO  - [NUDE][TRAIN] Epoch 65/100 Iter 220/390 Loss 0.0106 Top1 99.66 Top5 100.00
2025-12-27 23:15:38,040 - INFO  - [NUDE][TRAIN] Epoch 65/100 Iter 240/390 Loss 0.0106 Top1 99.66 Top5 100.00
2025-12-27 23:15:44,362 - INFO  - [NUDE][TRAIN] Epoch 65/100 Iter 260/390 Loss 0.0105 Top1 99.66 Top5 100.00
2025-12-27 23:15:50,610 - INFO  - [NUDE][TRAIN] Epoch 65/100 Iter 280/390 Loss 0.0105 Top1 99.67 Top5 100.00
2025-12-27 23:15:56,967 - INFO  - [NUDE][TRAIN] Epoch 65/100 Iter 300/390 Loss 0.0105 Top1 99.67 Top5 100.00
2025-12-27 23:16:03,182 - INFO  - [NUDE][TRAIN] Epoch 65/100 Iter 320/390 Loss 0.0102 Top1 99.68 Top5 100.00
2025-12-27 23:16:09,504 - INFO  - [NUDE][TRAIN] Epoch 65/100 Iter 340/390 Loss 0.0100 Top1 99.69 Top5 100.00
2025-12-27 23:16:15,834 - INFO  - [NUDE][TRAIN] Epoch 65/100 Iter 360/390 Loss 0.0100 Top1 99.69 Top5 100.00
2025-12-27 23:16:22,116 - INFO  - [NUDE][TRAIN] Epoch 65/100 Iter 380/390 Loss 0.0099 Top1 99.69 Top5 100.00
2025-12-27 23:16:25,395 - INFO  - [NUDE] Validate: force max bit-width W/A = 6
2025-12-27 23:16:27,665 - INFO  - [NUDE][EPOCH] 65/100 Train: Top1=99.69 Top5=100.00 Loss=0.0099 | Val(EMA): Top1=93.47
2025-12-27 23:16:27,665 - INFO  -   ⏱️  本Epoch耗时: 2分5秒 | 平均Epoch耗时: 2分4秒 | 剩余Epoch数: 34
2025-12-27 23:16:27,665 - INFO  -   📅 预估剩余时间: 1小时10分43秒 | 预估完成时间: 2025-12-28 00:27:11
2025-12-27 23:16:28,287 - INFO  - ([66] Epoch) Saving checkpoint to:
             Current: /root/autodl-tmp/retraining-free-quantization/training/r18_c10_nude_0.02_wrnorm_0.5/r18_c10_nude_0.02_wrnorm_0.5_checkpoint.pth.tar

2025-12-27 23:16:28,290 - INFO  - 🎲 Epoch 66: FaultInjector seed rotated to 108
2025-12-27 23:16:28,298 - INFO  - [NUDE] Epoch 66: force max bit-width W/A = 6
2025-12-27 23:16:28,298 - INFO  - ================================================================================
2025-12-27 23:16:28,298 - INFO  - 🔥 [NUDE] BFAT ACTIVE
2025-12-27 23:16:28,298 - INFO  -    Loss Type: direct_ce
2025-12-27 23:16:28,298 - INFO  -    Proj Mode: direction
2025-12-27 23:16:28,298 - INFO  -    Injection: All Bits
2025-12-27 23:16:28,298 - INFO  - ================================================================================
2025-12-27 23:16:34,635 - INFO  - [NUDE][TRAIN] Epoch 66/100 Iter 20/390 Loss 0.0068 Top1 99.73 Top5 100.00
2025-12-27 23:16:40,974 - INFO  - [NUDE][TRAIN] Epoch 66/100 Iter 40/390 Loss 0.0054 Top1 99.84 Top5 100.00
2025-12-27 23:16:47,333 - INFO  - [NUDE][TRAIN] Epoch 66/100 Iter 60/390 Loss 0.0065 Top1 99.82 Top5 100.00
2025-12-27 23:16:53,627 - INFO  - [NUDE][TRAIN] Epoch 66/100 Iter 80/390 Loss 0.0070 Top1 99.81 Top5 100.00
2025-12-27 23:17:00,008 - INFO  - [NUDE][TRAIN] Epoch 66/100 Iter 100/390 Loss 0.0082 Top1 99.78 Top5 100.00
2025-12-27 23:17:06,258 - INFO  - [NUDE][TRAIN] Epoch 66/100 Iter 120/390 Loss 0.0084 Top1 99.76 Top5 100.00
2025-12-27 23:17:12,646 - INFO  - [NUDE][TRAIN] Epoch 66/100 Iter 140/390 Loss 0.0085 Top1 99.75 Top5 100.00
2025-12-27 23:17:18,970 - INFO  - [NUDE][TRAIN] Epoch 66/100 Iter 160/390 Loss 0.0084 Top1 99.76 Top5 100.00
2025-12-27 23:17:25,207 - INFO  - [NUDE][TRAIN] Epoch 66/100 Iter 180/390 Loss 0.0090 Top1 99.74 Top5 100.00
2025-12-27 23:17:31,543 - INFO  - [NUDE][TRAIN] Epoch 66/100 Iter 200/390 Loss 0.0092 Top1 99.73 Top5 100.00
2025-12-27 23:17:37,781 - INFO  - [NUDE][TRAIN] Epoch 66/100 Iter 220/390 Loss 0.0091 Top1 99.73 Top5 100.00
2025-12-27 23:17:44,113 - INFO  - [NUDE][TRAIN] Epoch 66/100 Iter 240/390 Loss 0.0090 Top1 99.73 Top5 100.00
2025-12-27 23:17:50,445 - INFO  - [NUDE][TRAIN] Epoch 66/100 Iter 260/390 Loss 0.0090 Top1 99.73 Top5 100.00
2025-12-27 23:17:56,695 - INFO  - [NUDE][TRAIN] Epoch 66/100 Iter 280/390 Loss 0.0092 Top1 99.73 Top5 100.00
2025-12-27 23:18:03,017 - INFO  - [NUDE][TRAIN] Epoch 66/100 Iter 300/390 Loss 0.0094 Top1 99.72 Top5 100.00
2025-12-27 23:18:09,227 - INFO  - [NUDE][TRAIN] Epoch 66/100 Iter 320/390 Loss 0.0092 Top1 99.73 Top5 100.00
2025-12-27 23:18:15,474 - INFO  - [NUDE][TRAIN] Epoch 66/100 Iter 340/390 Loss 0.0092 Top1 99.72 Top5 100.00
2025-12-27 23:18:21,758 - INFO  - [NUDE][TRAIN] Epoch 66/100 Iter 360/390 Loss 0.0094 Top1 99.72 Top5 100.00
2025-12-27 23:18:27,967 - INFO  - [NUDE][TRAIN] Epoch 66/100 Iter 380/390 Loss 0.0093 Top1 99.72 Top5 100.00
2025-12-27 23:18:31,213 - INFO  - [NUDE] Validate: force max bit-width W/A = 6
2025-12-27 23:18:33,471 - INFO  - [NUDE][EPOCH] 66/100 Train: Top1=99.71 Top5=100.00 Loss=0.0093 | Val(EMA): Top1=93.37
2025-12-27 23:18:33,472 - INFO  -   ⏱️  本Epoch耗时: 2分5秒 | 平均Epoch耗时: 2分4秒 | 剩余Epoch数: 33
2025-12-27 23:18:33,472 - INFO  -   📅 预估剩余时间: 1小时8分41秒 | 预估完成时间: 2025-12-28 00:27:15
2025-12-27 23:18:34,039 - INFO  - ([67] Epoch) Saving checkpoint to:
             Current: /root/autodl-tmp/retraining-free-quantization/training/r18_c10_nude_0.02_wrnorm_0.5/r18_c10_nude_0.02_wrnorm_0.5_checkpoint.pth.tar

2025-12-27 23:18:34,042 - INFO  - 🎲 Epoch 67: FaultInjector seed rotated to 109
2025-12-27 23:18:34,050 - INFO  - [NUDE] Epoch 67: force max bit-width W/A = 6
2025-12-27 23:18:34,050 - INFO  - ================================================================================
2025-12-27 23:18:34,050 - INFO  - 🔥 [NUDE] BFAT ACTIVE
2025-12-27 23:18:34,050 - INFO  -    Loss Type: direct_ce
2025-12-27 23:18:34,050 - INFO  -    Proj Mode: direction
2025-12-27 23:18:34,050 - INFO  -    Injection: All Bits
2025-12-27 23:18:34,050 - INFO  - ================================================================================
2025-12-27 23:18:40,408 - INFO  - [NUDE][TRAIN] Epoch 67/100 Iter 20/390 Loss 0.0092 Top1 99.69 Top5 100.00
2025-12-27 23:18:46,698 - INFO  - [NUDE][TRAIN] Epoch 67/100 Iter 40/390 Loss 0.0075 Top1 99.77 Top5 100.00
2025-12-27 23:18:53,000 - INFO  - [NUDE][TRAIN] Epoch 67/100 Iter 60/390 Loss 0.0081 Top1 99.74 Top5 100.00
2025-12-27 23:18:59,183 - INFO  - [NUDE][TRAIN] Epoch 67/100 Iter 80/390 Loss 0.0075 Top1 99.78 Top5 100.00
2025-12-27 23:19:05,431 - INFO  - [NUDE][TRAIN] Epoch 67/100 Iter 100/390 Loss 0.0084 Top1 99.76 Top5 100.00
2025-12-27 23:19:11,590 - INFO  - [NUDE][TRAIN] Epoch 67/100 Iter 120/390 Loss 0.0082 Top1 99.75 Top5 100.00
2025-12-27 23:19:17,887 - INFO  - [NUDE][TRAIN] Epoch 67/100 Iter 140/390 Loss 0.0079 Top1 99.75 Top5 100.00
2025-12-27 23:19:24,089 - INFO  - [NUDE][TRAIN] Epoch 67/100 Iter 160/390 Loss 0.0076 Top1 99.77 Top5 100.00
2025-12-27 23:19:30,273 - INFO  - [NUDE][TRAIN] Epoch 67/100 Iter 180/390 Loss 0.0076 Top1 99.77 Top5 100.00
2025-12-27 23:19:36,515 - INFO  - [NUDE][TRAIN] Epoch 67/100 Iter 200/390 Loss 0.0074 Top1 99.77 Top5 100.00
2025-12-27 23:19:42,839 - INFO  - [NUDE][TRAIN] Epoch 67/100 Iter 220/390 Loss 0.0077 Top1 99.76 Top5 100.00
2025-12-27 23:19:48,997 - INFO  - [NUDE][TRAIN] Epoch 67/100 Iter 240/390 Loss 0.0077 Top1 99.76 Top5 100.00
2025-12-27 23:19:55,133 - INFO  - [NUDE][TRAIN] Epoch 67/100 Iter 260/390 Loss 0.0076 Top1 99.77 Top5 100.00
2025-12-27 23:20:01,252 - INFO  - [NUDE][TRAIN] Epoch 67/100 Iter 280/390 Loss 0.0078 Top1 99.77 Top5 100.00
2025-12-27 23:20:07,546 - INFO  - [NUDE][TRAIN] Epoch 67/100 Iter 300/390 Loss 0.0077 Top1 99.77 Top5 100.00
2025-12-27 23:20:13,706 - INFO  - [NUDE][TRAIN] Epoch 67/100 Iter 320/390 Loss 0.0076 Top1 99.78 Top5 100.00
2025-12-27 23:20:20,015 - INFO  - [NUDE][TRAIN] Epoch 67/100 Iter 340/390 Loss 0.0076 Top1 99.78 Top5 100.00
2025-12-27 23:20:26,256 - INFO  - [NUDE][TRAIN] Epoch 67/100 Iter 360/390 Loss 0.0077 Top1 99.77 Top5 100.00
2025-12-27 23:20:32,408 - INFO  - [NUDE][TRAIN] Epoch 67/100 Iter 380/390 Loss 0.0078 Top1 99.77 Top5 100.00
2025-12-27 23:20:35,609 - INFO  - [NUDE] Validate: force max bit-width W/A = 6
2025-12-27 23:20:37,836 - INFO  - [NUDE][EPOCH] 67/100 Train: Top1=99.77 Top5=100.00 Loss=0.0078 | Val(EMA): Top1=93.42
2025-12-27 23:20:37,836 - INFO  -   ⏱️  本Epoch耗时: 2分3秒 | 平均Epoch耗时: 2分4秒 | 剩余Epoch数: 32
2025-12-27 23:20:37,836 - INFO  -   📅 预估剩余时间: 1小时6分31秒 | 预估完成时间: 2025-12-28 00:27:09
2025-12-27 23:20:38,439 - INFO  - ([68] Epoch) Saving checkpoint to:
             Current: /root/autodl-tmp/retraining-free-quantization/training/r18_c10_nude_0.02_wrnorm_0.5/r18_c10_nude_0.02_wrnorm_0.5_checkpoint.pth.tar

2025-12-27 23:20:38,442 - INFO  - 🎲 Epoch 68: FaultInjector seed rotated to 110
2025-12-27 23:20:38,450 - INFO  - [NUDE] Epoch 68: force max bit-width W/A = 6
2025-12-27 23:20:38,450 - INFO  - ================================================================================
2025-12-27 23:20:38,450 - INFO  - 🔥 [NUDE] BFAT ACTIVE
2025-12-27 23:20:38,450 - INFO  -    Loss Type: direct_ce
2025-12-27 23:20:38,450 - INFO  -    Proj Mode: direction
2025-12-27 23:20:38,450 - INFO  -    Injection: All Bits
2025-12-27 23:20:38,450 - INFO  - ================================================================================
2025-12-27 23:20:46,091 - INFO  - [NUDE][TRAIN] Epoch 68/100 Iter 20/390 Loss 0.0043 Top1 99.84 Top5 100.00
2025-12-27 23:20:52,321 - INFO  - [NUDE][TRAIN] Epoch 68/100 Iter 40/390 Loss 0.0059 Top1 99.79 Top5 100.00
2025-12-27 23:20:58,637 - INFO  - [NUDE][TRAIN] Epoch 68/100 Iter 60/390 Loss 0.0068 Top1 99.78 Top5 100.00
2025-12-27 23:21:04,823 - INFO  - [NUDE][TRAIN] Epoch 68/100 Iter 80/390 Loss 0.0071 Top1 99.77 Top5 100.00
2025-12-27 23:21:11,131 - INFO  - [NUDE][TRAIN] Epoch 68/100 Iter 100/390 Loss 0.0081 Top1 99.73 Top5 100.00
2025-12-27 23:21:17,359 - INFO  - [NUDE][TRAIN] Epoch 68/100 Iter 120/390 Loss 0.0081 Top1 99.74 Top5 100.00
2025-12-27 23:21:23,460 - INFO  - [NUDE][TRAIN] Epoch 68/100 Iter 140/390 Loss 0.0086 Top1 99.73 Top5 100.00
2025-12-27 23:21:29,611 - INFO  - [NUDE][TRAIN] Epoch 68/100 Iter 160/390 Loss 0.0087 Top1 99.73 Top5 100.00
2025-12-27 23:21:35,664 - INFO  - [NUDE][TRAIN] Epoch 68/100 Iter 180/390 Loss 0.0085 Top1 99.74 Top5 100.00
2025-12-27 23:21:41,910 - INFO  - [NUDE][TRAIN] Epoch 68/100 Iter 200/390 Loss 0.0085 Top1 99.74 Top5 100.00
2025-12-27 23:21:48,158 - INFO  - [NUDE][TRAIN] Epoch 68/100 Iter 220/390 Loss 0.0082 Top1 99.75 Top5 100.00
2025-12-27 23:21:54,308 - INFO  - [NUDE][TRAIN] Epoch 68/100 Iter 240/390 Loss 0.0081 Top1 99.76 Top5 100.00
2025-12-27 23:22:00,536 - INFO  - [NUDE][TRAIN] Epoch 68/100 Iter 260/390 Loss 0.0081 Top1 99.76 Top5 100.00
2025-12-27 23:22:06,683 - INFO  - [NUDE][TRAIN] Epoch 68/100 Iter 280/390 Loss 0.0080 Top1 99.75 Top5 100.00
2025-12-27 23:22:12,919 - INFO  - [NUDE][TRAIN] Epoch 68/100 Iter 300/390 Loss 0.0078 Top1 99.76 Top5 100.00
2025-12-27 23:22:19,158 - INFO  - [NUDE][TRAIN] Epoch 68/100 Iter 320/390 Loss 0.0078 Top1 99.75 Top5 100.00
2025-12-27 23:22:25,301 - INFO  - [NUDE][TRAIN] Epoch 68/100 Iter 340/390 Loss 0.0078 Top1 99.75 Top5 100.00
2025-12-27 23:22:31,546 - INFO  - [NUDE][TRAIN] Epoch 68/100 Iter 360/390 Loss 0.0080 Top1 99.75 Top5 100.00
2025-12-27 23:22:37,703 - INFO  - [NUDE][TRAIN] Epoch 68/100 Iter 380/390 Loss 0.0078 Top1 99.76 Top5 100.00
2025-12-27 23:22:40,901 - INFO  - [NUDE] Validate: force max bit-width W/A = 6
2025-12-27 23:22:43,131 - INFO  - [NUDE][EPOCH] 68/100 Train: Top1=99.76 Top5=100.00 Loss=0.0078 | Val(EMA): Top1=93.53
2025-12-27 23:22:43,131 - INFO  -   ⏱️  本Epoch耗时: 2分4秒 | 平均Epoch耗时: 2分4秒 | 剩余Epoch数: 31
2025-12-27 23:22:43,131 - INFO  -   📅 预估剩余时间: 1小时4分27秒 | 预估完成时间: 2025-12-28 00:27:11
2025-12-27 23:22:43,690 - INFO  - ([69] Epoch) Saving checkpoint to:
             Current: /root/autodl-tmp/retraining-free-quantization/training/r18_c10_nude_0.02_wrnorm_0.5/r18_c10_nude_0.02_wrnorm_0.5_checkpoint.pth.tar

2025-12-27 23:22:43,693 - INFO  - 🎲 Epoch 69: FaultInjector seed rotated to 111
2025-12-27 23:22:43,701 - INFO  - [NUDE] Epoch 69: force max bit-width W/A = 6
2025-12-27 23:22:43,701 - INFO  - ================================================================================
2025-12-27 23:22:43,701 - INFO  - 🔥 [NUDE] BFAT ACTIVE
2025-12-27 23:22:43,701 - INFO  -    Loss Type: direct_ce
2025-12-27 23:22:43,701 - INFO  -    Proj Mode: direction
2025-12-27 23:22:43,702 - INFO  -    Injection: All Bits
2025-12-27 23:22:43,702 - INFO  - ================================================================================
2025-12-27 23:22:50,197 - INFO  - [NUDE][TRAIN] Epoch 69/100 Iter 20/390 Loss 0.0053 Top1 99.80 Top5 100.00
2025-12-27 23:22:56,344 - INFO  - [NUDE][TRAIN] Epoch 69/100 Iter 40/390 Loss 0.0067 Top1 99.77 Top5 100.00
2025-12-27 23:23:02,520 - INFO  - [NUDE][TRAIN] Epoch 69/100 Iter 60/390 Loss 0.0068 Top1 99.74 Top5 100.00
2025-12-27 23:23:08,588 - INFO  - [NUDE][TRAIN] Epoch 69/100 Iter 80/390 Loss 0.0067 Top1 99.76 Top5 100.00
2025-12-27 23:23:14,938 - INFO  - [NUDE][TRAIN] Epoch 69/100 Iter 100/390 Loss 0.0072 Top1 99.76 Top5 100.00
2025-12-27 23:23:21,253 - INFO  - [NUDE][TRAIN] Epoch 69/100 Iter 120/390 Loss 0.0070 Top1 99.75 Top5 100.00
2025-12-27 23:23:27,462 - INFO  - [NUDE][TRAIN] Epoch 69/100 Iter 140/390 Loss 0.0067 Top1 99.76 Top5 100.00
2025-12-27 23:23:33,715 - INFO  - [NUDE][TRAIN] Epoch 69/100 Iter 160/390 Loss 0.0065 Top1 99.78 Top5 100.00
2025-12-27 23:23:39,856 - INFO  - [NUDE][TRAIN] Epoch 69/100 Iter 180/390 Loss 0.0062 Top1 99.79 Top5 100.00
2025-12-27 23:23:46,146 - INFO  - [NUDE][TRAIN] Epoch 69/100 Iter 200/390 Loss 0.0062 Top1 99.79 Top5 100.00
2025-12-27 23:23:52,546 - INFO  - [NUDE][TRAIN] Epoch 69/100 Iter 220/390 Loss 0.0061 Top1 99.79 Top5 100.00
2025-12-27 23:23:58,685 - INFO  - [NUDE][TRAIN] Epoch 69/100 Iter 240/390 Loss 0.0060 Top1 99.80 Top5 100.00
2025-12-27 23:24:04,935 - INFO  - [NUDE][TRAIN] Epoch 69/100 Iter 260/390 Loss 0.0060 Top1 99.80 Top5 100.00
2025-12-27 23:24:11,082 - INFO  - [NUDE][TRAIN] Epoch 69/100 Iter 280/390 Loss 0.0059 Top1 99.80 Top5 100.00
2025-12-27 23:24:17,352 - INFO  - [NUDE][TRAIN] Epoch 69/100 Iter 300/390 Loss 0.0058 Top1 99.81 Top5 100.00
2025-12-27 23:24:23,587 - INFO  - [NUDE][TRAIN] Epoch 69/100 Iter 320/390 Loss 0.0058 Top1 99.81 Top5 100.00
2025-12-27 23:24:29,739 - INFO  - [NUDE][TRAIN] Epoch 69/100 Iter 340/390 Loss 0.0058 Top1 99.81 Top5 100.00
2025-12-27 23:24:35,987 - INFO  - [NUDE][TRAIN] Epoch 69/100 Iter 360/390 Loss 0.0057 Top1 99.82 Top5 100.00
2025-12-27 23:24:42,138 - INFO  - [NUDE][TRAIN] Epoch 69/100 Iter 380/390 Loss 0.0059 Top1 99.82 Top5 100.00
2025-12-27 23:24:45,199 - INFO  - [NUDE] Validate: force max bit-width W/A = 6
2025-12-27 23:24:47,418 - INFO  - [NUDE][EPOCH] 69/100 Train: Top1=99.82 Top5=100.00 Loss=0.0059 | Val(EMA): Top1=93.35
2025-12-27 23:24:47,418 - INFO  -   ⏱️  本Epoch耗时: 2分3秒 | 平均Epoch耗时: 2分4秒 | 剩余Epoch数: 30
2025-12-27 23:24:47,418 - INFO  -   📅 预估剩余时间: 1小时2分15秒 | 预估完成时间: 2025-12-28 00:27:02
2025-12-27 23:24:48,019 - INFO  - ([70] Epoch) Saving checkpoint to:
             Current: /root/autodl-tmp/retraining-free-quantization/training/r18_c10_nude_0.02_wrnorm_0.5/r18_c10_nude_0.02_wrnorm_0.5_checkpoint.pth.tar

2025-12-27 23:24:48,022 - INFO  - 🎲 Epoch 70: FaultInjector seed rotated to 112
2025-12-27 23:24:48,029 - INFO  - [NUDE] Epoch 70: force max bit-width W/A = 6
2025-12-27 23:24:48,030 - INFO  - ================================================================================
2025-12-27 23:24:48,030 - INFO  - 🔥 [NUDE] BFAT ACTIVE
2025-12-27 23:24:48,030 - INFO  -    Loss Type: direct_ce
2025-12-27 23:24:48,030 - INFO  -    Proj Mode: direction
2025-12-27 23:24:48,030 - INFO  -    Injection: All Bits
2025-12-27 23:24:48,030 - INFO  - ================================================================================
2025-12-27 23:24:54,448 - INFO  - [NUDE][TRAIN] Epoch 70/100 Iter 20/390 Loss 0.0058 Top1 99.88 Top5 100.00
2025-12-27 23:25:00,592 - INFO  - [NUDE][TRAIN] Epoch 70/100 Iter 40/390 Loss 0.0061 Top1 99.82 Top5 100.00
2025-12-27 23:25:06,872 - INFO  - [NUDE][TRAIN] Epoch 70/100 Iter 60/390 Loss 0.0060 Top1 99.83 Top5 100.00
2025-12-27 23:25:13,025 - INFO  - [NUDE][TRAIN] Epoch 70/100 Iter 80/390 Loss 0.0056 Top1 99.84 Top5 100.00
2025-12-27 23:25:19,292 - INFO  - [NUDE][TRAIN] Epoch 70/100 Iter 100/390 Loss 0.0054 Top1 99.85 Top5 100.00
2025-12-27 23:25:25,581 - INFO  - [NUDE][TRAIN] Epoch 70/100 Iter 120/390 Loss 0.0056 Top1 99.83 Top5 100.00
2025-12-27 23:25:31,736 - INFO  - [NUDE][TRAIN] Epoch 70/100 Iter 140/390 Loss 0.0053 Top1 99.84 Top5 100.00
2025-12-27 23:25:37,967 - INFO  - [NUDE][TRAIN] Epoch 70/100 Iter 160/390 Loss 0.0055 Top1 99.84 Top5 100.00
2025-12-27 23:25:44,126 - INFO  - [NUDE][TRAIN] Epoch 70/100 Iter 180/390 Loss 0.0056 Top1 99.83 Top5 100.00
2025-12-27 23:25:50,334 - INFO  - [NUDE][TRAIN] Epoch 70/100 Iter 200/390 Loss 0.0056 Top1 99.84 Top5 100.00
2025-12-27 23:25:56,555 - INFO  - [NUDE][TRAIN] Epoch 70/100 Iter 220/390 Loss 0.0056 Top1 99.83 Top5 100.00
2025-12-27 23:26:02,717 - INFO  - [NUDE][TRAIN] Epoch 70/100 Iter 240/390 Loss 0.0058 Top1 99.82 Top5 100.00
2025-12-27 23:26:08,945 - INFO  - [NUDE][TRAIN] Epoch 70/100 Iter 260/390 Loss 0.0058 Top1 99.82 Top5 100.00
2025-12-27 23:26:15,153 - INFO  - [NUDE][TRAIN] Epoch 70/100 Iter 280/390 Loss 0.0060 Top1 99.82 Top5 100.00
2025-12-27 23:26:21,209 - INFO  - [NUDE][TRAIN] Epoch 70/100 Iter 300/390 Loss 0.0064 Top1 99.80 Top5 100.00
2025-12-27 23:26:27,348 - INFO  - [NUDE][TRAIN] Epoch 70/100 Iter 320/390 Loss 0.0064 Top1 99.79 Top5 100.00
2025-12-27 23:26:33,484 - INFO  - [NUDE][TRAIN] Epoch 70/100 Iter 340/390 Loss 0.0064 Top1 99.80 Top5 100.00
2025-12-27 23:26:39,736 - INFO  - [NUDE][TRAIN] Epoch 70/100 Iter 360/390 Loss 0.0063 Top1 99.80 Top5 100.00
2025-12-27 23:26:45,971 - INFO  - [NUDE][TRAIN] Epoch 70/100 Iter 380/390 Loss 0.0062 Top1 99.80 Top5 100.00
2025-12-27 23:26:49,084 - INFO  - [NUDE] Validate: force max bit-width W/A = 6
2025-12-27 23:26:51,320 - INFO  - [NUDE][EPOCH] 70/100 Train: Top1=99.80 Top5=100.00 Loss=0.0063 | Val(EMA): Top1=93.38
2025-12-27 23:26:51,320 - INFO  -   ⏱️  本Epoch耗时: 2分3秒 | 平均Epoch耗时: 2分4秒 | 剩余Epoch数: 29
2025-12-27 23:26:51,320 - INFO  -   📅 预估剩余时间: 59分59秒 | 预估完成时间: 2025-12-28 00:26:51
2025-12-27 23:26:52,001 - INFO  - ([71] Epoch) Saving checkpoint to:
             Current: /root/autodl-tmp/retraining-free-quantization/training/r18_c10_nude_0.02_wrnorm_0.5/r18_c10_nude_0.02_wrnorm_0.5_checkpoint.pth.tar

2025-12-27 23:26:52,004 - INFO  - 🎲 Epoch 71: FaultInjector seed rotated to 113
2025-12-27 23:26:52,012 - INFO  - [NUDE] Epoch 71: force max bit-width W/A = 6
2025-12-27 23:26:52,012 - INFO  - ================================================================================
2025-12-27 23:26:52,012 - INFO  - 🔥 [NUDE] BFAT ACTIVE
2025-12-27 23:26:52,012 - INFO  -    Loss Type: direct_ce
2025-12-27 23:26:52,012 - INFO  -    Proj Mode: direction
2025-12-27 23:26:52,012 - INFO  -    Injection: All Bits
2025-12-27 23:26:52,012 - INFO  - ================================================================================
2025-12-27 23:26:58,464 - INFO  - [NUDE][TRAIN] Epoch 71/100 Iter 20/390 Loss 0.0034 Top1 99.92 Top5 100.00
2025-12-27 23:27:04,616 - INFO  - [NUDE][TRAIN] Epoch 71/100 Iter 40/390 Loss 0.0057 Top1 99.77 Top5 100.00
2025-12-27 23:27:10,895 - INFO  - [NUDE][TRAIN] Epoch 71/100 Iter 60/390 Loss 0.0054 Top1 99.78 Top5 100.00
2025-12-27 23:27:17,030 - INFO  - [NUDE][TRAIN] Epoch 71/100 Iter 80/390 Loss 0.0055 Top1 99.78 Top5 100.00
2025-12-27 23:27:23,271 - INFO  - [NUDE][TRAIN] Epoch 71/100 Iter 100/390 Loss 0.0052 Top1 99.79 Top5 100.00
2025-12-27 23:27:29,518 - INFO  - [NUDE][TRAIN] Epoch 71/100 Iter 120/390 Loss 0.0048 Top1 99.82 Top5 100.00
2025-12-27 23:27:35,666 - INFO  - [NUDE][TRAIN] Epoch 71/100 Iter 140/390 Loss 0.0044 Top1 99.84 Top5 100.00
2025-12-27 23:27:41,928 - INFO  - [NUDE][TRAIN] Epoch 71/100 Iter 160/390 Loss 0.0048 Top1 99.82 Top5 100.00
2025-12-27 23:27:48,139 - INFO  - [NUDE][TRAIN] Epoch 71/100 Iter 180/390 Loss 0.0050 Top1 99.83 Top5 100.00
2025-12-27 23:27:54,470 - INFO  - [NUDE][TRAIN] Epoch 71/100 Iter 200/390 Loss 0.0049 Top1 99.84 Top5 100.00
2025-12-27 23:28:00,634 - INFO  - [NUDE][TRAIN] Epoch 71/100 Iter 220/390 Loss 0.0049 Top1 99.85 Top5 100.00
2025-12-27 23:28:06,731 - INFO  - [NUDE][TRAIN] Epoch 71/100 Iter 240/390 Loss 0.0047 Top1 99.85 Top5 100.00
2025-12-27 23:28:13,009 - INFO  - [NUDE][TRAIN] Epoch 71/100 Iter 260/390 Loss 0.0048 Top1 99.85 Top5 100.00
2025-12-27 23:28:19,245 - INFO  - [NUDE][TRAIN] Epoch 71/100 Iter 280/390 Loss 0.0048 Top1 99.85 Top5 100.00
2025-12-27 23:28:25,389 - INFO  - [NUDE][TRAIN] Epoch 71/100 Iter 300/390 Loss 0.0048 Top1 99.85 Top5 100.00
2025-12-27 23:28:31,637 - INFO  - [NUDE][TRAIN] Epoch 71/100 Iter 320/390 Loss 0.0047 Top1 99.85 Top5 100.00
2025-12-27 23:28:37,869 - INFO  - [NUDE][TRAIN] Epoch 71/100 Iter 340/390 Loss 0.0048 Top1 99.85 Top5 100.00
2025-12-27 23:28:43,993 - INFO  - [NUDE][TRAIN] Epoch 71/100 Iter 360/390 Loss 0.0048 Top1 99.85 Top5 100.00
2025-12-27 23:28:50,246 - INFO  - [NUDE][TRAIN] Epoch 71/100 Iter 380/390 Loss 0.0048 Top1 99.85 Top5 100.00
2025-12-27 23:28:53,386 - INFO  - [NUDE] Validate: force max bit-width W/A = 6
2025-12-27 23:28:55,629 - INFO  - [NUDE][EPOCH] 71/100 Train: Top1=99.85 Top5=100.00 Loss=0.0048 | Val(EMA): Top1=93.44
2025-12-27 23:28:55,629 - INFO  -   ⏱️  本Epoch耗时: 2分3秒 | 平均Epoch耗时: 2分3秒 | 剩余Epoch数: 28
2025-12-27 23:28:55,629 - INFO  -   📅 预估剩余时间: 57分47秒 | 预估完成时间: 2025-12-28 00:26:42
2025-12-27 23:28:56,249 - INFO  - ([72] Epoch) Saving checkpoint to:
             Current: /root/autodl-tmp/retraining-free-quantization/training/r18_c10_nude_0.02_wrnorm_0.5/r18_c10_nude_0.02_wrnorm_0.5_checkpoint.pth.tar

2025-12-27 23:28:56,252 - INFO  - 🎲 Epoch 72: FaultInjector seed rotated to 114
2025-12-27 23:28:56,259 - INFO  - [NUDE] Epoch 72: force max bit-width W/A = 6
2025-12-27 23:28:56,260 - INFO  - ================================================================================
2025-12-27 23:28:56,260 - INFO  - 🔥 [NUDE] BFAT ACTIVE
2025-12-27 23:28:56,260 - INFO  -    Loss Type: direct_ce
2025-12-27 23:28:56,260 - INFO  -    Proj Mode: direction
2025-12-27 23:28:56,260 - INFO  -    Injection: All Bits
2025-12-27 23:28:56,260 - INFO  - ================================================================================
2025-12-27 23:29:02,735 - INFO  - [NUDE][TRAIN] Epoch 72/100 Iter 20/390 Loss 0.0046 Top1 99.73 Top5 100.00
2025-12-27 23:29:09,027 - INFO  - [NUDE][TRAIN] Epoch 72/100 Iter 40/390 Loss 0.0066 Top1 99.79 Top5 100.00
2025-12-27 23:29:15,225 - INFO  - [NUDE][TRAIN] Epoch 72/100 Iter 60/390 Loss 0.0054 Top1 99.83 Top5 100.00
2025-12-27 23:29:21,518 - INFO  - [NUDE][TRAIN] Epoch 72/100 Iter 80/390 Loss 0.0045 Top1 99.87 Top5 100.00
2025-12-27 23:29:27,672 - INFO  - [NUDE][TRAIN] Epoch 72/100 Iter 100/390 Loss 0.0044 Top1 99.89 Top5 100.00
2025-12-27 23:29:33,791 - INFO  - [NUDE][TRAIN] Epoch 72/100 Iter 120/390 Loss 0.0044 Top1 99.89 Top5 100.00
2025-12-27 23:29:39,921 - INFO  - [NUDE][TRAIN] Epoch 72/100 Iter 140/390 Loss 0.0043 Top1 99.89 Top5 100.00
2025-12-27 23:29:46,066 - INFO  - [NUDE][TRAIN] Epoch 72/100 Iter 160/390 Loss 0.0041 Top1 99.89 Top5 100.00
2025-12-27 23:29:52,324 - INFO  - [NUDE][TRAIN] Epoch 72/100 Iter 180/390 Loss 0.0042 Top1 99.89 Top5 100.00
2025-12-27 23:29:58,447 - INFO  - [NUDE][TRAIN] Epoch 72/100 Iter 200/390 Loss 0.0043 Top1 99.89 Top5 100.00
2025-12-27 23:30:04,697 - INFO  - [NUDE][TRAIN] Epoch 72/100 Iter 220/390 Loss 0.0043 Top1 99.88 Top5 100.00
2025-12-27 23:30:10,940 - INFO  - [NUDE][TRAIN] Epoch 72/100 Iter 240/390 Loss 0.0043 Top1 99.88 Top5 100.00
2025-12-27 23:30:17,075 - INFO  - [NUDE][TRAIN] Epoch 72/100 Iter 260/390 Loss 0.0044 Top1 99.87 Top5 100.00
2025-12-27 23:30:23,348 - INFO  - [NUDE][TRAIN] Epoch 72/100 Iter 280/390 Loss 0.0047 Top1 99.86 Top5 100.00
2025-12-27 23:30:29,462 - INFO  - [NUDE][TRAIN] Epoch 72/100 Iter 300/390 Loss 0.0048 Top1 99.86 Top5 100.00
2025-12-27 23:30:35,689 - INFO  - [NUDE][TRAIN] Epoch 72/100 Iter 320/390 Loss 0.0048 Top1 99.86 Top5 100.00
2025-12-27 23:30:41,919 - INFO  - [NUDE][TRAIN] Epoch 72/100 Iter 340/390 Loss 0.0048 Top1 99.86 Top5 100.00
2025-12-27 23:30:48,036 - INFO  - [NUDE][TRAIN] Epoch 72/100 Iter 360/390 Loss 0.0048 Top1 99.86 Top5 100.00
2025-12-27 23:30:54,307 - INFO  - [NUDE][TRAIN] Epoch 72/100 Iter 380/390 Loss 0.0048 Top1 99.86 Top5 100.00
2025-12-27 23:30:57,416 - INFO  - [NUDE] Validate: force max bit-width W/A = 6
2025-12-27 23:30:59,657 - INFO  - [NUDE][EPOCH] 72/100 Train: Top1=99.86 Top5=100.00 Loss=0.0048 | Val(EMA): Top1=93.47
2025-12-27 23:30:59,657 - INFO  -   ⏱️  本Epoch耗时: 2分3秒 | 平均Epoch耗时: 2分3秒 | 剩余Epoch数: 27
2025-12-27 23:30:59,657 - INFO  -   📅 预估剩余时间: 55分41秒 | 预估完成时间: 2025-12-28 00:26:40
2025-12-27 23:31:00,260 - INFO  - ([73] Epoch) Saving checkpoint to:
             Current: /root/autodl-tmp/retraining-free-quantization/training/r18_c10_nude_0.02_wrnorm_0.5/r18_c10_nude_0.02_wrnorm_0.5_checkpoint.pth.tar

2025-12-27 23:31:00,263 - INFO  - 🎲 Epoch 73: FaultInjector seed rotated to 115
2025-12-27 23:31:00,271 - INFO  - [NUDE] Epoch 73: force max bit-width W/A = 6
2025-12-27 23:31:00,271 - INFO  - ================================================================================
2025-12-27 23:31:00,271 - INFO  - 🔥 [NUDE] BFAT ACTIVE
2025-12-27 23:31:00,271 - INFO  -    Loss Type: direct_ce
2025-12-27 23:31:00,271 - INFO  -    Proj Mode: direction
2025-12-27 23:31:00,271 - INFO  -    Injection: All Bits
2025-12-27 23:31:00,271 - INFO  - ================================================================================
2025-12-27 23:31:06,706 - INFO  - [NUDE][TRAIN] Epoch 73/100 Iter 20/390 Loss 0.0045 Top1 99.88 Top5 100.00
2025-12-27 23:31:12,838 - INFO  - [NUDE][TRAIN] Epoch 73/100 Iter 40/390 Loss 0.0053 Top1 99.82 Top5 100.00
2025-12-27 23:31:18,926 - INFO  - [NUDE][TRAIN] Epoch 73/100 Iter 60/390 Loss 0.0052 Top1 99.84 Top5 100.00
2025-12-27 23:31:25,170 - INFO  - [NUDE][TRAIN] Epoch 73/100 Iter 80/390 Loss 0.0046 Top1 99.86 Top5 100.00
2025-12-27 23:31:31,307 - INFO  - [NUDE][TRAIN] Epoch 73/100 Iter 100/390 Loss 0.0043 Top1 99.87 Top5 100.00
2025-12-27 23:31:37,559 - INFO  - [NUDE][TRAIN] Epoch 73/100 Iter 120/390 Loss 0.0041 Top1 99.88 Top5 100.00
2025-12-27 23:31:43,786 - INFO  - [NUDE][TRAIN] Epoch 73/100 Iter 140/390 Loss 0.0041 Top1 99.88 Top5 100.00
2025-12-27 23:31:49,934 - INFO  - [NUDE][TRAIN] Epoch 73/100 Iter 160/390 Loss 0.0043 Top1 99.88 Top5 100.00
2025-12-27 23:31:56,160 - INFO  - [NUDE][TRAIN] Epoch 73/100 Iter 180/390 Loss 0.0040 Top1 99.89 Top5 100.00
2025-12-27 23:32:02,309 - INFO  - [NUDE][TRAIN] Epoch 73/100 Iter 200/390 Loss 0.0043 Top1 99.89 Top5 100.00
2025-12-27 23:32:08,592 - INFO  - [NUDE][TRAIN] Epoch 73/100 Iter 220/390 Loss 0.0044 Top1 99.89 Top5 100.00
2025-12-27 23:32:14,865 - INFO  - [NUDE][TRAIN] Epoch 73/100 Iter 240/390 Loss 0.0042 Top1 99.90 Top5 100.00
2025-12-27 23:32:21,015 - INFO  - [NUDE][TRAIN] Epoch 73/100 Iter 260/390 Loss 0.0042 Top1 99.90 Top5 100.00
2025-12-27 23:32:27,275 - INFO  - [NUDE][TRAIN] Epoch 73/100 Iter 280/390 Loss 0.0041 Top1 99.90 Top5 100.00
2025-12-27 23:32:33,415 - INFO  - [NUDE][TRAIN] Epoch 73/100 Iter 300/390 Loss 0.0042 Top1 99.89 Top5 100.00
2025-12-27 23:32:39,665 - INFO  - [NUDE][TRAIN] Epoch 73/100 Iter 320/390 Loss 0.0042 Top1 99.89 Top5 100.00
2025-12-27 23:32:45,844 - INFO  - [NUDE][TRAIN] Epoch 73/100 Iter 340/390 Loss 0.0040 Top1 99.89 Top5 100.00
2025-12-27 23:32:51,906 - INFO  - [NUDE][TRAIN] Epoch 73/100 Iter 360/390 Loss 0.0041 Top1 99.89 Top5 100.00
2025-12-27 23:32:58,153 - INFO  - [NUDE][TRAIN] Epoch 73/100 Iter 380/390 Loss 0.0040 Top1 99.89 Top5 100.00
2025-12-27 23:33:01,268 - INFO  - [NUDE] Validate: force max bit-width W/A = 6
2025-12-27 23:33:03,506 - INFO  - [NUDE][EPOCH] 73/100 Train: Top1=99.89 Top5=100.00 Loss=0.0040 | Val(EMA): Top1=93.36
2025-12-27 23:33:03,507 - INFO  -   ⏱️  本Epoch耗时: 2分3秒 | 平均Epoch耗时: 2分3秒 | 剩余Epoch数: 26
2025-12-27 23:33:03,507 - INFO  -   📅 预估剩余时间: 53分29秒 | 预估完成时间: 2025-12-28 00:26:33
2025-12-27 23:33:04,125 - INFO  - ([74] Epoch) Saving checkpoint to:
             Current: /root/autodl-tmp/retraining-free-quantization/training/r18_c10_nude_0.02_wrnorm_0.5/r18_c10_nude_0.02_wrnorm_0.5_checkpoint.pth.tar

2025-12-27 23:33:04,128 - INFO  - 🎲 Epoch 74: FaultInjector seed rotated to 116
2025-12-27 23:33:04,136 - INFO  - [NUDE] Epoch 74: force max bit-width W/A = 6
2025-12-27 23:33:04,136 - INFO  - ================================================================================
2025-12-27 23:33:04,136 - INFO  - 🔥 [NUDE] BFAT ACTIVE
2025-12-27 23:33:04,136 - INFO  -    Loss Type: direct_ce
2025-12-27 23:33:04,136 - INFO  -    Proj Mode: direction
2025-12-27 23:33:04,136 - INFO  -    Injection: All Bits
2025-12-27 23:33:04,136 - INFO  - ================================================================================
2025-12-27 23:33:10,618 - INFO  - [NUDE][TRAIN] Epoch 74/100 Iter 20/390 Loss 0.0029 Top1 99.96 Top5 100.00
2025-12-27 23:33:16,914 - INFO  - [NUDE][TRAIN] Epoch 74/100 Iter 40/390 Loss 0.0039 Top1 99.92 Top5 100.00
2025-12-27 23:33:23,064 - INFO  - [NUDE][TRAIN] Epoch 74/100 Iter 60/390 Loss 0.0036 Top1 99.91 Top5 100.00
2025-12-27 23:33:29,310 - INFO  - [NUDE][TRAIN] Epoch 74/100 Iter 80/390 Loss 0.0032 Top1 99.92 Top5 100.00
2025-12-27 23:33:35,447 - INFO  - [NUDE][TRAIN] Epoch 74/100 Iter 100/390 Loss 0.0029 Top1 99.93 Top5 100.00
2025-12-27 23:33:41,651 - INFO  - [NUDE][TRAIN] Epoch 74/100 Iter 120/390 Loss 0.0030 Top1 99.92 Top5 100.00
2025-12-27 23:33:47,891 - INFO  - [NUDE][TRAIN] Epoch 74/100 Iter 140/390 Loss 0.0032 Top1 99.92 Top5 100.00
2025-12-27 23:33:54,024 - INFO  - [NUDE][TRAIN] Epoch 74/100 Iter 160/390 Loss 0.0033 Top1 99.92 Top5 100.00
2025-12-27 23:34:00,250 - INFO  - [NUDE][TRAIN] Epoch 74/100 Iter 180/390 Loss 0.0032 Top1 99.93 Top5 100.00
2025-12-27 23:34:06,425 - INFO  - [NUDE][TRAIN] Epoch 74/100 Iter 200/390 Loss 0.0030 Top1 99.94 Top5 100.00
2025-12-27 23:34:12,706 - INFO  - [NUDE][TRAIN] Epoch 74/100 Iter 220/390 Loss 0.0029 Top1 99.94 Top5 100.00
2025-12-27 23:34:18,965 - INFO  - [NUDE][TRAIN] Epoch 74/100 Iter 240/390 Loss 0.0029 Top1 99.94 Top5 100.00
2025-12-27 23:34:25,092 - INFO  - [NUDE][TRAIN] Epoch 74/100 Iter 260/390 Loss 0.0030 Top1 99.93 Top5 100.00
2025-12-27 23:34:31,245 - INFO  - [NUDE][TRAIN] Epoch 74/100 Iter 280/390 Loss 0.0030 Top1 99.93 Top5 100.00
2025-12-27 23:34:37,330 - INFO  - [NUDE][TRAIN] Epoch 74/100 Iter 300/390 Loss 0.0031 Top1 99.93 Top5 100.00
2025-12-27 23:34:43,570 - INFO  - [NUDE][TRAIN] Epoch 74/100 Iter 320/390 Loss 0.0030 Top1 99.93 Top5 100.00
2025-12-27 23:34:49,803 - INFO  - [NUDE][TRAIN] Epoch 74/100 Iter 340/390 Loss 0.0030 Top1 99.93 Top5 100.00
2025-12-27 23:34:55,947 - INFO  - [NUDE][TRAIN] Epoch 74/100 Iter 360/390 Loss 0.0030 Top1 99.93 Top5 100.00
2025-12-27 23:35:02,180 - INFO  - [NUDE][TRAIN] Epoch 74/100 Iter 380/390 Loss 0.0030 Top1 99.93 Top5 100.00
2025-12-27 23:35:05,301 - INFO  - [NUDE] Validate: force max bit-width W/A = 6
2025-12-27 23:35:07,538 - INFO  - [NUDE][EPOCH] 74/100 Train: Top1=99.92 Top5=100.00 Loss=0.0031 | Val(EMA): Top1=93.30
2025-12-27 23:35:07,538 - INFO  -   ⏱️  本Epoch耗时: 2分3秒 | 平均Epoch耗时: 2分3秒 | 剩余Epoch数: 25
2025-12-27 23:35:07,538 - INFO  -   📅 预估剩余时间: 51分24秒 | 预估完成时间: 2025-12-28 00:26:32
2025-12-27 23:35:08,254 - INFO  - ([75] Epoch) Saving checkpoint to:
             Current: /root/autodl-tmp/retraining-free-quantization/training/r18_c10_nude_0.02_wrnorm_0.5/r18_c10_nude_0.02_wrnorm_0.5_checkpoint.pth.tar

2025-12-27 23:35:08,257 - INFO  - 🎲 Epoch 75: FaultInjector seed rotated to 117
2025-12-27 23:35:08,265 - INFO  - [NUDE] Epoch 75: force max bit-width W/A = 6
2025-12-27 23:35:08,265 - INFO  - ================================================================================
2025-12-27 23:35:08,265 - INFO  - 🔥 [NUDE] BFAT ACTIVE
2025-12-27 23:35:08,265 - INFO  -    Loss Type: direct_ce
2025-12-27 23:35:08,265 - INFO  -    Proj Mode: direction
2025-12-27 23:35:08,265 - INFO  -    Injection: All Bits
2025-12-27 23:35:08,265 - INFO  - ================================================================================
2025-12-27 23:35:14,730 - INFO  - [NUDE][TRAIN] Epoch 75/100 Iter 20/390 Loss 0.0011 Top1 100.00 Top5 100.00
2025-12-27 23:35:20,987 - INFO  - [NUDE][TRAIN] Epoch 75/100 Iter 40/390 Loss 0.0017 Top1 99.96 Top5 100.00
2025-12-27 23:35:27,132 - INFO  - [NUDE][TRAIN] Epoch 75/100 Iter 60/390 Loss 0.0030 Top1 99.90 Top5 100.00
2025-12-27 23:35:33,367 - INFO  - [NUDE][TRAIN] Epoch 75/100 Iter 80/390 Loss 0.0032 Top1 99.88 Top5 100.00
2025-12-27 23:35:39,492 - INFO  - [NUDE][TRAIN] Epoch 75/100 Iter 100/390 Loss 0.0031 Top1 99.89 Top5 100.00
2025-12-27 23:35:45,708 - INFO  - [NUDE][TRAIN] Epoch 75/100 Iter 120/390 Loss 0.0029 Top1 99.91 Top5 100.00
2025-12-27 23:35:51,936 - INFO  - [NUDE][TRAIN] Epoch 75/100 Iter 140/390 Loss 0.0030 Top1 99.91 Top5 100.00
2025-12-27 23:35:58,097 - INFO  - [NUDE][TRAIN] Epoch 75/100 Iter 160/390 Loss 0.0029 Top1 99.91 Top5 100.00
2025-12-27 23:36:04,252 - INFO  - [NUDE][TRAIN] Epoch 75/100 Iter 180/390 Loss 0.0029 Top1 99.91 Top5 100.00
2025-12-27 23:36:10,271 - INFO  - [NUDE][TRAIN] Epoch 75/100 Iter 200/390 Loss 0.0029 Top1 99.91 Top5 100.00
2025-12-27 23:36:16,441 - INFO  - [NUDE][TRAIN] Epoch 75/100 Iter 220/390 Loss 0.0029 Top1 99.90 Top5 100.00
2025-12-27 23:36:22,682 - INFO  - [NUDE][TRAIN] Epoch 75/100 Iter 240/390 Loss 0.0029 Top1 99.90 Top5 100.00
2025-12-27 23:36:28,832 - INFO  - [NUDE][TRAIN] Epoch 75/100 Iter 260/390 Loss 0.0030 Top1 99.90 Top5 100.00
2025-12-27 23:36:35,076 - INFO  - [NUDE][TRAIN] Epoch 75/100 Iter 280/390 Loss 0.0030 Top1 99.90 Top5 100.00
2025-12-27 23:36:41,192 - INFO  - [NUDE][TRAIN] Epoch 75/100 Iter 300/390 Loss 0.0031 Top1 99.90 Top5 100.00
2025-12-27 23:36:47,408 - INFO  - [NUDE][TRAIN] Epoch 75/100 Iter 320/390 Loss 0.0031 Top1 99.90 Top5 100.00
2025-12-27 23:36:53,623 - INFO  - [NUDE][TRAIN] Epoch 75/100 Iter 340/390 Loss 0.0031 Top1 99.90 Top5 100.00
2025-12-27 23:36:59,757 - INFO  - [NUDE][TRAIN] Epoch 75/100 Iter 360/390 Loss 0.0030 Top1 99.91 Top5 100.00
2025-12-27 23:37:05,999 - INFO  - [NUDE][TRAIN] Epoch 75/100 Iter 380/390 Loss 0.0030 Top1 99.91 Top5 100.00
2025-12-27 23:37:09,107 - INFO  - [NUDE] Validate: force max bit-width W/A = 6
2025-12-27 23:37:11,341 - INFO  - [NUDE][EPOCH] 75/100 Train: Top1=99.91 Top5=100.00 Loss=0.0031 | Val(EMA): Top1=93.30
2025-12-27 23:37:11,341 - INFO  -   ⏱️  本Epoch耗时: 2分3秒 | 平均Epoch耗时: 2分3秒 | 剩余Epoch数: 24
2025-12-27 23:37:11,341 - INFO  -   📅 预估剩余时间: 49分20秒 | 预估完成时间: 2025-12-28 00:26:31
2025-12-27 23:37:11,955 - INFO  - ([76] Epoch) Saving checkpoint to:
             Current: /root/autodl-tmp/retraining-free-quantization/training/r18_c10_nude_0.02_wrnorm_0.5/r18_c10_nude_0.02_wrnorm_0.5_checkpoint.pth.tar

2025-12-27 23:37:11,958 - INFO  - 🎲 Epoch 76: FaultInjector seed rotated to 118
2025-12-27 23:37:11,966 - INFO  - [NUDE] Epoch 76: force max bit-width W/A = 6
2025-12-27 23:37:11,966 - INFO  - ================================================================================
2025-12-27 23:37:11,966 - INFO  - 🔥 [NUDE] BFAT ACTIVE
2025-12-27 23:37:11,966 - INFO  -    Loss Type: direct_ce
2025-12-27 23:37:11,967 - INFO  -    Proj Mode: direction
2025-12-27 23:37:11,967 - INFO  -    Injection: All Bits
2025-12-27 23:37:11,967 - INFO  - ================================================================================
2025-12-27 23:37:18,447 - INFO  - [NUDE][TRAIN] Epoch 76/100 Iter 20/390 Loss 0.0039 Top1 99.96 Top5 100.00
2025-12-27 23:37:24,686 - INFO  - [NUDE][TRAIN] Epoch 76/100 Iter 40/390 Loss 0.0026 Top1 99.98 Top5 100.00
2025-12-27 23:37:30,851 - INFO  - [NUDE][TRAIN] Epoch 76/100 Iter 60/390 Loss 0.0027 Top1 99.95 Top5 100.00
2025-12-27 23:37:37,102 - INFO  - [NUDE][TRAIN] Epoch 76/100 Iter 80/390 Loss 0.0027 Top1 99.93 Top5 100.00
2025-12-27 23:37:43,186 - INFO  - [NUDE][TRAIN] Epoch 76/100 Iter 100/390 Loss 0.0026 Top1 99.95 Top5 100.00
2025-12-27 23:37:49,330 - INFO  - [NUDE][TRAIN] Epoch 76/100 Iter 120/390 Loss 0.0026 Top1 99.93 Top5 100.00
2025-12-27 23:37:55,569 - INFO  - [NUDE][TRAIN] Epoch 76/100 Iter 140/390 Loss 0.0030 Top1 99.93 Top5 100.00
2025-12-27 23:38:01,754 - INFO  - [NUDE][TRAIN] Epoch 76/100 Iter 160/390 Loss 0.0028 Top1 99.93 Top5 100.00
2025-12-27 23:38:08,017 - INFO  - [NUDE][TRAIN] Epoch 76/100 Iter 180/390 Loss 0.0028 Top1 99.93 Top5 100.00
2025-12-27 23:38:14,159 - INFO  - [NUDE][TRAIN] Epoch 76/100 Iter 200/390 Loss 0.0030 Top1 99.93 Top5 100.00
2025-12-27 23:38:20,395 - INFO  - [NUDE][TRAIN] Epoch 76/100 Iter 220/390 Loss 0.0029 Top1 99.93 Top5 100.00
2025-12-27 23:38:26,666 - INFO  - [NUDE][TRAIN] Epoch 76/100 Iter 240/390 Loss 0.0028 Top1 99.93 Top5 100.00
2025-12-27 23:38:32,828 - INFO  - [NUDE][TRAIN] Epoch 76/100 Iter 260/390 Loss 0.0029 Top1 99.92 Top5 100.00
2025-12-27 23:38:39,055 - INFO  - [NUDE][TRAIN] Epoch 76/100 Iter 280/390 Loss 0.0031 Top1 99.91 Top5 100.00
2025-12-27 23:38:45,272 - INFO  - [NUDE][TRAIN] Epoch 76/100 Iter 300/390 Loss 0.0031 Top1 99.91 Top5 100.00
2025-12-27 23:38:51,439 - INFO  - [NUDE][TRAIN] Epoch 76/100 Iter 320/390 Loss 0.0030 Top1 99.91 Top5 100.00
2025-12-27 23:38:57,762 - INFO  - [NUDE][TRAIN] Epoch 76/100 Iter 340/390 Loss 0.0029 Top1 99.91 Top5 100.00
2025-12-27 23:39:03,892 - INFO  - [NUDE][TRAIN] Epoch 76/100 Iter 360/390 Loss 0.0029 Top1 99.91 Top5 100.00
2025-12-27 23:39:10,121 - INFO  - [NUDE][TRAIN] Epoch 76/100 Iter 380/390 Loss 0.0029 Top1 99.91 Top5 100.00
2025-12-27 23:39:13,220 - INFO  - [NUDE] Validate: force max bit-width W/A = 6
2025-12-27 23:39:15,451 - INFO  - [NUDE][EPOCH] 76/100 Train: Top1=99.91 Top5=100.00 Loss=0.0029 | Val(EMA): Top1=93.33
2025-12-27 23:39:15,451 - INFO  -   ⏱️  本Epoch耗时: 2分3秒 | 平均Epoch耗时: 2分3秒 | 剩余Epoch数: 23
2025-12-27 23:39:15,451 - INFO  -   📅 预估剩余时间: 47分16秒 | 预估完成时间: 2025-12-28 00:26:31
2025-12-27 23:39:16,171 - INFO  - ([77] Epoch) Saving checkpoint to:
             Current: /root/autodl-tmp/retraining-free-quantization/training/r18_c10_nude_0.02_wrnorm_0.5/r18_c10_nude_0.02_wrnorm_0.5_checkpoint.pth.tar

2025-12-27 23:39:16,175 - INFO  - 🎲 Epoch 77: FaultInjector seed rotated to 119
2025-12-27 23:39:16,182 - INFO  - [NUDE] Epoch 77: force max bit-width W/A = 6
2025-12-27 23:39:16,182 - INFO  - ================================================================================
2025-12-27 23:39:16,183 - INFO  - 🔥 [NUDE] BFAT ACTIVE
2025-12-27 23:39:16,183 - INFO  -    Loss Type: direct_ce
2025-12-27 23:39:16,183 - INFO  -    Proj Mode: direction
2025-12-27 23:39:16,183 - INFO  -    Injection: All Bits
2025-12-27 23:39:16,183 - INFO  - ================================================================================
2025-12-27 23:39:22,424 - INFO  - [NUDE][TRAIN] Epoch 77/100 Iter 20/390 Loss 0.0013 Top1 99.96 Top5 100.00
2025-12-27 23:39:28,587 - INFO  - [NUDE][TRAIN] Epoch 77/100 Iter 40/390 Loss 0.0016 Top1 99.96 Top5 100.00
2025-12-27 23:39:34,684 - INFO  - [NUDE][TRAIN] Epoch 77/100 Iter 60/390 Loss 0.0023 Top1 99.91 Top5 100.00
2025-12-27 23:39:40,910 - INFO  - [NUDE][TRAIN] Epoch 77/100 Iter 80/390 Loss 0.0021 Top1 99.93 Top5 100.00
2025-12-27 23:39:47,052 - INFO  - [NUDE][TRAIN] Epoch 77/100 Iter 100/390 Loss 0.0021 Top1 99.94 Top5 100.00
2025-12-27 23:39:53,298 - INFO  - [NUDE][TRAIN] Epoch 77/100 Iter 120/390 Loss 0.0022 Top1 99.93 Top5 100.00
2025-12-27 23:39:59,512 - INFO  - [NUDE][TRAIN] Epoch 77/100 Iter 140/390 Loss 0.0025 Top1 99.92 Top5 100.00
2025-12-27 23:40:05,661 - INFO  - [NUDE][TRAIN] Epoch 77/100 Iter 160/390 Loss 0.0027 Top1 99.92 Top5 100.00
2025-12-27 23:40:11,907 - INFO  - [NUDE][TRAIN] Epoch 77/100 Iter 180/390 Loss 0.0029 Top1 99.90 Top5 100.00
2025-12-27 23:40:18,025 - INFO  - [NUDE][TRAIN] Epoch 77/100 Iter 200/390 Loss 0.0030 Top1 99.90 Top5 100.00
2025-12-27 23:40:24,267 - INFO  - [NUDE][TRAIN] Epoch 77/100 Iter 220/390 Loss 0.0029 Top1 99.91 Top5 100.00
2025-12-27 23:40:30,497 - INFO  - [NUDE][TRAIN] Epoch 77/100 Iter 240/390 Loss 0.0028 Top1 99.91 Top5 100.00
2025-12-27 23:40:36,631 - INFO  - [NUDE][TRAIN] Epoch 77/100 Iter 260/390 Loss 0.0029 Top1 99.91 Top5 100.00
2025-12-27 23:40:42,881 - INFO  - [NUDE][TRAIN] Epoch 77/100 Iter 280/390 Loss 0.0027 Top1 99.92 Top5 100.00
2025-12-27 23:40:49,008 - INFO  - [NUDE][TRAIN] Epoch 77/100 Iter 300/390 Loss 0.0027 Top1 99.91 Top5 100.00
2025-12-27 23:40:55,235 - INFO  - [NUDE][TRAIN] Epoch 77/100 Iter 320/390 Loss 0.0027 Top1 99.91 Top5 100.00
2025-12-27 23:41:01,366 - INFO  - [NUDE][TRAIN] Epoch 77/100 Iter 340/390 Loss 0.0027 Top1 99.91 Top5 100.00
2025-12-27 23:41:07,414 - INFO  - [NUDE][TRAIN] Epoch 77/100 Iter 360/390 Loss 0.0028 Top1 99.91 Top5 100.00
2025-12-27 23:41:13,612 - INFO  - [NUDE][TRAIN] Epoch 77/100 Iter 380/390 Loss 0.0028 Top1 99.91 Top5 100.00
2025-12-27 23:41:16,735 - INFO  - [NUDE] Validate: force max bit-width W/A = 6
2025-12-27 23:41:18,967 - INFO  - [NUDE][EPOCH] 77/100 Train: Top1=99.91 Top5=100.00 Loss=0.0028 | Val(EMA): Top1=93.39
2025-12-27 23:41:18,967 - INFO  -   ⏱️  本Epoch耗时: 2分2秒 | 平均Epoch耗时: 2分3秒 | 剩余Epoch数: 22
2025-12-27 23:41:18,967 - INFO  -   📅 预估剩余时间: 45分10秒 | 预估完成时间: 2025-12-28 00:26:29
2025-12-27 23:41:19,438 - INFO  - ([78] Epoch) Saving checkpoint to:
             Current: /root/autodl-tmp/retraining-free-quantization/training/r18_c10_nude_0.02_wrnorm_0.5/r18_c10_nude_0.02_wrnorm_0.5_checkpoint.pth.tar

2025-12-27 23:41:19,440 - INFO  - 🎲 Epoch 78: FaultInjector seed rotated to 120
2025-12-27 23:41:19,448 - INFO  - [NUDE] Epoch 78: force max bit-width W/A = 6
2025-12-27 23:41:19,448 - INFO  - ================================================================================
2025-12-27 23:41:19,448 - INFO  - 🔥 [NUDE] BFAT ACTIVE
2025-12-27 23:41:19,448 - INFO  -    Loss Type: direct_ce
2025-12-27 23:41:19,448 - INFO  -    Proj Mode: direction
2025-12-27 23:41:19,448 - INFO  -    Injection: All Bits
2025-12-27 23:41:19,448 - INFO  - ================================================================================
2025-12-27 23:41:25,920 - INFO  - [NUDE][TRAIN] Epoch 78/100 Iter 20/390 Loss 0.0032 Top1 99.92 Top5 100.00
2025-12-27 23:41:32,172 - INFO  - [NUDE][TRAIN] Epoch 78/100 Iter 40/390 Loss 0.0035 Top1 99.90 Top5 100.00
2025-12-27 23:41:38,359 - INFO  - [NUDE][TRAIN] Epoch 78/100 Iter 60/390 Loss 0.0029 Top1 99.93 Top5 100.00
2025-12-27 23:41:44,597 - INFO  - [NUDE][TRAIN] Epoch 78/100 Iter 80/390 Loss 0.0029 Top1 99.94 Top5 100.00
2025-12-27 23:41:50,737 - INFO  - [NUDE][TRAIN] Epoch 78/100 Iter 100/390 Loss 0.0026 Top1 99.95 Top5 100.00
2025-12-27 23:41:56,959 - INFO  - [NUDE][TRAIN] Epoch 78/100 Iter 120/390 Loss 0.0024 Top1 99.95 Top5 100.00
2025-12-27 23:42:03,188 - INFO  - [NUDE][TRAIN] Epoch 78/100 Iter 140/390 Loss 0.0028 Top1 99.94 Top5 100.00
2025-12-27 23:42:09,352 - INFO  - [NUDE][TRAIN] Epoch 78/100 Iter 160/390 Loss 0.0027 Top1 99.95 Top5 100.00
2025-12-27 23:42:15,587 - INFO  - [NUDE][TRAIN] Epoch 78/100 Iter 180/390 Loss 0.0027 Top1 99.94 Top5 100.00
2025-12-27 23:42:21,719 - INFO  - [NUDE][TRAIN] Epoch 78/100 Iter 200/390 Loss 0.0026 Top1 99.95 Top5 100.00
2025-12-27 23:42:27,928 - INFO  - [NUDE][TRAIN] Epoch 78/100 Iter 220/390 Loss 0.0025 Top1 99.95 Top5 100.00
2025-12-27 23:42:34,121 - INFO  - [NUDE][TRAIN] Epoch 78/100 Iter 240/390 Loss 0.0024 Top1 99.95 Top5 100.00
2025-12-27 23:42:40,136 - INFO  - [NUDE][TRAIN] Epoch 78/100 Iter 260/390 Loss 0.0024 Top1 99.95 Top5 100.00
2025-12-27 23:42:46,268 - INFO  - [NUDE][TRAIN] Epoch 78/100 Iter 280/390 Loss 0.0024 Top1 99.95 Top5 100.00
2025-12-27 23:42:52,364 - INFO  - [NUDE][TRAIN] Epoch 78/100 Iter 300/390 Loss 0.0023 Top1 99.95 Top5 100.00
2025-12-27 23:42:58,628 - INFO  - [NUDE][TRAIN] Epoch 78/100 Iter 320/390 Loss 0.0024 Top1 99.95 Top5 100.00
2025-12-27 23:43:04,889 - INFO  - [NUDE][TRAIN] Epoch 78/100 Iter 340/390 Loss 0.0024 Top1 99.95 Top5 100.00
2025-12-27 23:43:11,023 - INFO  - [NUDE][TRAIN] Epoch 78/100 Iter 360/390 Loss 0.0025 Top1 99.95 Top5 100.00
2025-12-27 23:43:17,240 - INFO  - [NUDE][TRAIN] Epoch 78/100 Iter 380/390 Loss 0.0025 Top1 99.95 Top5 100.00
2025-12-27 23:43:20,348 - INFO  - [NUDE] Validate: force max bit-width W/A = 6
2025-12-27 23:43:22,602 - INFO  - [NUDE][EPOCH] 78/100 Train: Top1=99.95 Top5=100.00 Loss=0.0024 | Val(EMA): Top1=93.41
2025-12-27 23:43:22,602 - INFO  -   ⏱️  本Epoch耗时: 2分3秒 | 平均Epoch耗时: 2分3秒 | 剩余Epoch数: 21
2025-12-27 23:43:22,602 - INFO  -   📅 预估剩余时间: 43分6秒 | 预估完成时间: 2025-12-28 00:26:29
2025-12-27 23:43:23,209 - INFO  - ([79] Epoch) Saving checkpoint to:
             Current: /root/autodl-tmp/retraining-free-quantization/training/r18_c10_nude_0.02_wrnorm_0.5/r18_c10_nude_0.02_wrnorm_0.5_checkpoint.pth.tar

2025-12-27 23:43:23,212 - INFO  - 🎲 Epoch 79: FaultInjector seed rotated to 121
2025-12-27 23:43:23,220 - INFO  - [NUDE] Epoch 79: force max bit-width W/A = 6
2025-12-27 23:43:23,220 - INFO  - ================================================================================
2025-12-27 23:43:23,221 - INFO  - 🔥 [NUDE] BFAT ACTIVE
2025-12-27 23:43:23,221 - INFO  -    Loss Type: direct_ce
2025-12-27 23:43:23,221 - INFO  -    Proj Mode: direction
2025-12-27 23:43:23,221 - INFO  -    Injection: All Bits
2025-12-27 23:43:23,221 - INFO  - ================================================================================
2025-12-27 23:43:29,742 - INFO  - [NUDE][TRAIN] Epoch 79/100 Iter 20/390 Loss 0.0020 Top1 99.92 Top5 100.00
2025-12-27 23:43:36,050 - INFO  - [NUDE][TRAIN] Epoch 79/100 Iter 40/390 Loss 0.0022 Top1 99.92 Top5 100.00
2025-12-27 23:43:42,240 - INFO  - [NUDE][TRAIN] Epoch 79/100 Iter 60/390 Loss 0.0021 Top1 99.93 Top5 100.00
2025-12-27 23:43:48,452 - INFO  - [NUDE][TRAIN] Epoch 79/100 Iter 80/390 Loss 0.0019 Top1 99.94 Top5 100.00
2025-12-27 23:43:54,567 - INFO  - [NUDE][TRAIN] Epoch 79/100 Iter 100/390 Loss 0.0024 Top1 99.93 Top5 100.00
2025-12-27 23:44:00,793 - INFO  - [NUDE][TRAIN] Epoch 79/100 Iter 120/390 Loss 0.0025 Top1 99.92 Top5 100.00
2025-12-27 23:44:07,028 - INFO  - [NUDE][TRAIN] Epoch 79/100 Iter 140/390 Loss 0.0024 Top1 99.93 Top5 100.00
2025-12-27 23:44:13,187 - INFO  - [NUDE][TRAIN] Epoch 79/100 Iter 160/390 Loss 0.0025 Top1 99.93 Top5 100.00
2025-12-27 23:44:19,326 - INFO  - [NUDE][TRAIN] Epoch 79/100 Iter 180/390 Loss 0.0025 Top1 99.93 Top5 100.00
2025-12-27 23:44:25,354 - INFO  - [NUDE][TRAIN] Epoch 79/100 Iter 200/390 Loss 0.0025 Top1 99.93 Top5 100.00
2025-12-27 23:44:31,559 - INFO  - [NUDE][TRAIN] Epoch 79/100 Iter 220/390 Loss 0.0024 Top1 99.94 Top5 100.00
2025-12-27 23:44:37,779 - INFO  - [NUDE][TRAIN] Epoch 79/100 Iter 240/390 Loss 0.0024 Top1 99.93 Top5 100.00
2025-12-27 23:44:43,936 - INFO  - [NUDE][TRAIN] Epoch 79/100 Iter 260/390 Loss 0.0025 Top1 99.93 Top5 100.00
2025-12-27 23:44:50,183 - INFO  - [NUDE][TRAIN] Epoch 79/100 Iter 280/390 Loss 0.0024 Top1 99.93 Top5 100.00
2025-12-27 23:44:56,328 - INFO  - [NUDE][TRAIN] Epoch 79/100 Iter 300/390 Loss 0.0024 Top1 99.93 Top5 100.00
2025-12-27 23:45:02,564 - INFO  - [NUDE][TRAIN] Epoch 79/100 Iter 320/390 Loss 0.0023 Top1 99.94 Top5 100.00
2025-12-27 23:45:08,805 - INFO  - [NUDE][TRAIN] Epoch 79/100 Iter 340/390 Loss 0.0022 Top1 99.94 Top5 100.00
2025-12-27 23:45:14,937 - INFO  - [NUDE][TRAIN] Epoch 79/100 Iter 360/390 Loss 0.0022 Top1 99.94 Top5 100.00
2025-12-27 23:45:21,176 - INFO  - [NUDE][TRAIN] Epoch 79/100 Iter 380/390 Loss 0.0022 Top1 99.94 Top5 100.00
2025-12-27 23:45:24,265 - INFO  - [NUDE] Validate: force max bit-width W/A = 6
2025-12-27 23:45:26,495 - INFO  - [NUDE][EPOCH] 79/100 Train: Top1=99.94 Top5=100.00 Loss=0.0022 | Val(EMA): Top1=93.38
2025-12-27 23:45:26,495 - INFO  -   ⏱️  本Epoch耗时: 2分3秒 | 平均Epoch耗时: 2分3秒 | 剩余Epoch数: 20
2025-12-27 23:45:26,495 - INFO  -   📅 预估剩余时间: 41分3秒 | 预估完成时间: 2025-12-28 00:26:29
2025-12-27 23:45:27,300 - INFO  - ([80] Epoch) Saving checkpoint to:
             Current: /root/autodl-tmp/retraining-free-quantization/training/r18_c10_nude_0.02_wrnorm_0.5/r18_c10_nude_0.02_wrnorm_0.5_checkpoint.pth.tar

2025-12-27 23:45:27,303 - INFO  - 🎲 Epoch 80: FaultInjector seed rotated to 122
2025-12-27 23:45:27,311 - INFO  - [NUDE] Epoch 80: force max bit-width W/A = 6
2025-12-27 23:45:27,311 - INFO  - ================================================================================
2025-12-27 23:45:27,311 - INFO  - 🔥 [NUDE] BFAT ACTIVE
2025-12-27 23:45:27,311 - INFO  -    Loss Type: direct_ce
2025-12-27 23:45:27,311 - INFO  -    Proj Mode: direction
2025-12-27 23:45:27,311 - INFO  -    Injection: All Bits
2025-12-27 23:45:27,311 - INFO  - ================================================================================
2025-12-27 23:45:33,635 - INFO  - [NUDE][TRAIN] Epoch 80/100 Iter 20/390 Loss 0.0008 Top1 100.00 Top5 100.00
2025-12-27 23:45:39,925 - INFO  - [NUDE][TRAIN] Epoch 80/100 Iter 40/390 Loss 0.0010 Top1 99.98 Top5 100.00
2025-12-27 23:45:46,065 - INFO  - [NUDE][TRAIN] Epoch 80/100 Iter 60/390 Loss 0.0014 Top1 99.96 Top5 100.00
2025-12-27 23:45:52,307 - INFO  - [NUDE][TRAIN] Epoch 80/100 Iter 80/390 Loss 0.0018 Top1 99.95 Top5 100.00
2025-12-27 23:45:58,328 - INFO  - [NUDE][TRAIN] Epoch 80/100 Iter 100/390 Loss 0.0018 Top1 99.95 Top5 100.00
2025-12-27 23:46:04,515 - INFO  - [NUDE][TRAIN] Epoch 80/100 Iter 120/390 Loss 0.0020 Top1 99.94 Top5 100.00
2025-12-27 23:46:10,718 - INFO  - [NUDE][TRAIN] Epoch 80/100 Iter 140/390 Loss 0.0020 Top1 99.94 Top5 100.00
2025-12-27 23:46:16,873 - INFO  - [NUDE][TRAIN] Epoch 80/100 Iter 160/390 Loss 0.0020 Top1 99.94 Top5 100.00
2025-12-27 23:46:23,166 - INFO  - [NUDE][TRAIN] Epoch 80/100 Iter 180/390 Loss 0.0020 Top1 99.93 Top5 100.00
2025-12-27 23:46:29,299 - INFO  - [NUDE][TRAIN] Epoch 80/100 Iter 200/390 Loss 0.0022 Top1 99.93 Top5 100.00
2025-12-27 23:46:35,547 - INFO  - [NUDE][TRAIN] Epoch 80/100 Iter 220/390 Loss 0.0023 Top1 99.93 Top5 100.00
2025-12-27 23:46:41,839 - INFO  - [NUDE][TRAIN] Epoch 80/100 Iter 240/390 Loss 0.0022 Top1 99.93 Top5 100.00
2025-12-27 23:46:47,991 - INFO  - [NUDE][TRAIN] Epoch 80/100 Iter 260/390 Loss 0.0022 Top1 99.93 Top5 100.00
2025-12-27 23:46:54,220 - INFO  - [NUDE][TRAIN] Epoch 80/100 Iter 280/390 Loss 0.0022 Top1 99.94 Top5 100.00
2025-12-27 23:47:00,475 - INFO  - [NUDE][TRAIN] Epoch 80/100 Iter 300/390 Loss 0.0021 Top1 99.94 Top5 100.00
2025-12-27 23:47:06,607 - INFO  - [NUDE][TRAIN] Epoch 80/100 Iter 320/390 Loss 0.0022 Top1 99.93 Top5 100.00
2025-12-27 23:47:12,815 - INFO  - [NUDE][TRAIN] Epoch 80/100 Iter 340/390 Loss 0.0022 Top1 99.93 Top5 100.00
2025-12-27 23:47:18,945 - INFO  - [NUDE][TRAIN] Epoch 80/100 Iter 360/390 Loss 0.0021 Top1 99.93 Top5 100.00
2025-12-27 23:47:25,230 - INFO  - [NUDE][TRAIN] Epoch 80/100 Iter 380/390 Loss 0.0021 Top1 99.94 Top5 100.00
2025-12-27 23:47:28,357 - INFO  - [NUDE] Validate: force max bit-width W/A = 6
2025-12-27 23:47:30,577 - INFO  - [NUDE][EPOCH] 80/100 Train: Top1=99.94 Top5=100.00 Loss=0.0021 | Val(EMA): Top1=93.36
2025-12-27 23:47:30,577 - INFO  -   ⏱️  本Epoch耗时: 2分3秒 | 平均Epoch耗时: 2分3秒 | 剩余Epoch数: 19
2025-12-27 23:47:30,577 - INFO  -   📅 预估剩余时间: 39分0秒 | 预估完成时间: 2025-12-28 00:26:31
2025-12-27 23:47:31,273 - INFO  - ([81] Epoch) Saving checkpoint to:
             Current: /root/autodl-tmp/retraining-free-quantization/training/r18_c10_nude_0.02_wrnorm_0.5/r18_c10_nude_0.02_wrnorm_0.5_checkpoint.pth.tar

2025-12-27 23:47:31,276 - INFO  - 🎲 Epoch 81: FaultInjector seed rotated to 123
2025-12-27 23:47:31,283 - INFO  - [NUDE] Epoch 81: force max bit-width W/A = 6
2025-12-27 23:47:31,284 - INFO  - ================================================================================
2025-12-27 23:47:31,284 - INFO  - 🔥 [NUDE] BFAT ACTIVE
2025-12-27 23:47:31,284 - INFO  -    Loss Type: direct_ce
2025-12-27 23:47:31,284 - INFO  -    Proj Mode: direction
2025-12-27 23:47:31,284 - INFO  -    Injection: All Bits
2025-12-27 23:47:31,284 - INFO  - ================================================================================
2025-12-27 23:47:37,499 - INFO  - [NUDE][TRAIN] Epoch 81/100 Iter 20/390 Loss 0.0013 Top1 100.00 Top5 100.00
2025-12-27 23:47:43,663 - INFO  - [NUDE][TRAIN] Epoch 81/100 Iter 40/390 Loss 0.0026 Top1 99.94 Top5 100.00
2025-12-27 23:47:49,789 - INFO  - [NUDE][TRAIN] Epoch 81/100 Iter 60/390 Loss 0.0023 Top1 99.96 Top5 100.00
2025-12-27 23:47:56,022 - INFO  - [NUDE][TRAIN] Epoch 81/100 Iter 80/390 Loss 0.0019 Top1 99.97 Top5 100.00
2025-12-27 23:48:02,206 - INFO  - [NUDE][TRAIN] Epoch 81/100 Iter 100/390 Loss 0.0019 Top1 99.96 Top5 100.00
2025-12-27 23:48:08,466 - INFO  - [NUDE][TRAIN] Epoch 81/100 Iter 120/390 Loss 0.0020 Top1 99.95 Top5 100.00
2025-12-27 23:48:14,724 - INFO  - [NUDE][TRAIN] Epoch 81/100 Iter 140/390 Loss 0.0019 Top1 99.96 Top5 100.00
2025-12-27 23:48:20,910 - INFO  - [NUDE][TRAIN] Epoch 81/100 Iter 160/390 Loss 0.0019 Top1 99.95 Top5 100.00
2025-12-27 23:48:27,158 - INFO  - [NUDE][TRAIN] Epoch 81/100 Iter 180/390 Loss 0.0018 Top1 99.95 Top5 100.00
2025-12-27 23:48:33,358 - INFO  - [NUDE][TRAIN] Epoch 81/100 Iter 200/390 Loss 0.0018 Top1 99.95 Top5 100.00
2025-12-27 23:48:39,598 - INFO  - [NUDE][TRAIN] Epoch 81/100 Iter 220/390 Loss 0.0018 Top1 99.95 Top5 100.00
2025-12-27 23:48:45,865 - INFO  - [NUDE][TRAIN] Epoch 81/100 Iter 240/390 Loss 0.0017 Top1 99.96 Top5 100.00
2025-12-27 23:48:52,008 - INFO  - [NUDE][TRAIN] Epoch 81/100 Iter 260/390 Loss 0.0016 Top1 99.96 Top5 100.00
2025-12-27 23:48:58,272 - INFO  - [NUDE][TRAIN] Epoch 81/100 Iter 280/390 Loss 0.0016 Top1 99.96 Top5 100.00
2025-12-27 23:49:04,445 - INFO  - [NUDE][TRAIN] Epoch 81/100 Iter 300/390 Loss 0.0016 Top1 99.96 Top5 100.00
2025-12-27 23:49:10,666 - INFO  - [NUDE][TRAIN] Epoch 81/100 Iter 320/390 Loss 0.0016 Top1 99.97 Top5 100.00
2025-12-27 23:49:16,808 - INFO  - [NUDE][TRAIN] Epoch 81/100 Iter 340/390 Loss 0.0015 Top1 99.97 Top5 100.00
2025-12-27 23:49:22,851 - INFO  - [NUDE][TRAIN] Epoch 81/100 Iter 360/390 Loss 0.0015 Top1 99.97 Top5 100.00
2025-12-27 23:49:29,071 - INFO  - [NUDE][TRAIN] Epoch 81/100 Iter 380/390 Loss 0.0016 Top1 99.96 Top5 100.00
2025-12-27 23:49:32,174 - INFO  - [NUDE] Validate: force max bit-width W/A = 6
2025-12-27 23:49:34,406 - INFO  - [NUDE][EPOCH] 81/100 Train: Top1=99.96 Top5=100.00 Loss=0.0016 | Val(EMA): Top1=93.27
2025-12-27 23:49:34,406 - INFO  -   ⏱️  本Epoch耗时: 2分3秒 | 平均Epoch耗时: 2分3秒 | 剩余Epoch数: 18
2025-12-27 23:49:34,407 - INFO  -   📅 预估剩余时间: 36分56秒 | 预估完成时间: 2025-12-28 00:26:30
2025-12-27 23:49:35,216 - INFO  - ([82] Epoch) Saving checkpoint to:
             Current: /root/autodl-tmp/retraining-free-quantization/training/r18_c10_nude_0.02_wrnorm_0.5/r18_c10_nude_0.02_wrnorm_0.5_checkpoint.pth.tar

2025-12-27 23:49:35,220 - INFO  - 🎲 Epoch 82: FaultInjector seed rotated to 124
2025-12-27 23:49:35,227 - INFO  - [NUDE] Epoch 82: force max bit-width W/A = 6
2025-12-27 23:49:35,228 - INFO  - ================================================================================
2025-12-27 23:49:35,228 - INFO  - 🔥 [NUDE] BFAT ACTIVE
2025-12-27 23:49:35,228 - INFO  -    Loss Type: direct_ce
2025-12-27 23:49:35,228 - INFO  -    Proj Mode: direction
2025-12-27 23:49:35,228 - INFO  -    Injection: All Bits
2025-12-27 23:49:35,228 - INFO  - ================================================================================
2025-12-27 23:49:41,717 - INFO  - [NUDE][TRAIN] Epoch 82/100 Iter 20/390 Loss 0.0012 Top1 100.00 Top5 100.00
2025-12-27 23:49:47,968 - INFO  - [NUDE][TRAIN] Epoch 82/100 Iter 40/390 Loss 0.0011 Top1 99.98 Top5 100.00
2025-12-27 23:49:54,124 - INFO  - [NUDE][TRAIN] Epoch 82/100 Iter 60/390 Loss 0.0010 Top1 99.99 Top5 100.00
2025-12-27 23:50:00,368 - INFO  - [NUDE][TRAIN] Epoch 82/100 Iter 80/390 Loss 0.0010 Top1 99.99 Top5 100.00
2025-12-27 23:50:06,528 - INFO  - [NUDE][TRAIN] Epoch 82/100 Iter 100/390 Loss 0.0010 Top1 99.99 Top5 100.00
2025-12-27 23:50:12,790 - INFO  - [NUDE][TRAIN] Epoch 82/100 Iter 120/390 Loss 0.0012 Top1 99.97 Top5 100.00
2025-12-27 23:50:19,039 - INFO  - [NUDE][TRAIN] Epoch 82/100 Iter 140/390 Loss 0.0012 Top1 99.97 Top5 100.00
2025-12-27 23:50:25,196 - INFO  - [NUDE][TRAIN] Epoch 82/100 Iter 160/390 Loss 0.0013 Top1 99.98 Top5 100.00
2025-12-27 23:50:31,515 - INFO  - [NUDE][TRAIN] Epoch 82/100 Iter 180/390 Loss 0.0013 Top1 99.97 Top5 100.00
2025-12-27 23:50:37,654 - INFO  - [NUDE][TRAIN] Epoch 82/100 Iter 200/390 Loss 0.0012 Top1 99.98 Top5 100.00
2025-12-27 23:50:43,892 - INFO  - [NUDE][TRAIN] Epoch 82/100 Iter 220/390 Loss 0.0012 Top1 99.98 Top5 100.00
2025-12-27 23:50:50,060 - INFO  - [NUDE][TRAIN] Epoch 82/100 Iter 240/390 Loss 0.0012 Top1 99.98 Top5 100.00
2025-12-27 23:50:56,089 - INFO  - [NUDE][TRAIN] Epoch 82/100 Iter 260/390 Loss 0.0012 Top1 99.98 Top5 100.00
2025-12-27 23:51:02,275 - INFO  - [NUDE][TRAIN] Epoch 82/100 Iter 280/390 Loss 0.0012 Top1 99.98 Top5 100.00
2025-12-27 23:51:08,392 - INFO  - [NUDE][TRAIN] Epoch 82/100 Iter 300/390 Loss 0.0012 Top1 99.98 Top5 100.00
2025-12-27 23:51:14,638 - INFO  - [NUDE][TRAIN] Epoch 82/100 Iter 320/390 Loss 0.0013 Top1 99.98 Top5 100.00
2025-12-27 23:51:20,881 - INFO  - [NUDE][TRAIN] Epoch 82/100 Iter 340/390 Loss 0.0013 Top1 99.98 Top5 100.00
2025-12-27 23:51:27,007 - INFO  - [NUDE][TRAIN] Epoch 82/100 Iter 360/390 Loss 0.0014 Top1 99.97 Top5 100.00
2025-12-27 23:51:33,229 - INFO  - [NUDE][TRAIN] Epoch 82/100 Iter 380/390 Loss 0.0013 Top1 99.97 Top5 100.00
2025-12-27 23:51:36,339 - INFO  - [NUDE] Validate: force max bit-width W/A = 6
2025-12-27 23:51:38,581 - INFO  - [NUDE][EPOCH] 82/100 Train: Top1=99.97 Top5=100.00 Loss=0.0013 | Val(EMA): Top1=93.28
2025-12-27 23:51:38,581 - INFO  -   ⏱️  本Epoch耗时: 2分3秒 | 平均Epoch耗时: 2分3秒 | 剩余Epoch数: 17
2025-12-27 23:51:38,581 - INFO  -   📅 预估剩余时间: 34分55秒 | 预估完成时间: 2025-12-28 00:26:33
2025-12-27 23:51:39,180 - INFO  - ([83] Epoch) Saving checkpoint to:
             Current: /root/autodl-tmp/retraining-free-quantization/training/r18_c10_nude_0.02_wrnorm_0.5/r18_c10_nude_0.02_wrnorm_0.5_checkpoint.pth.tar

2025-12-27 23:51:39,183 - INFO  - 🎲 Epoch 83: FaultInjector seed rotated to 125
2025-12-27 23:51:39,191 - INFO  - [NUDE] Epoch 83: force max bit-width W/A = 6
2025-12-27 23:51:39,191 - INFO  - ================================================================================
2025-12-27 23:51:39,191 - INFO  - 🔥 [NUDE] BFAT ACTIVE
2025-12-27 23:51:39,191 - INFO  -    Loss Type: direct_ce
2025-12-27 23:51:39,191 - INFO  -    Proj Mode: direction
2025-12-27 23:51:39,191 - INFO  -    Injection: All Bits
2025-12-27 23:51:39,191 - INFO  - ================================================================================
2025-12-27 23:51:45,648 - INFO  - [NUDE][TRAIN] Epoch 83/100 Iter 20/390 Loss 0.0022 Top1 99.92 Top5 100.00
2025-12-27 23:51:51,868 - INFO  - [NUDE][TRAIN] Epoch 83/100 Iter 40/390 Loss 0.0015 Top1 99.96 Top5 100.00
2025-12-27 23:51:58,050 - INFO  - [NUDE][TRAIN] Epoch 83/100 Iter 60/390 Loss 0.0013 Top1 99.96 Top5 100.00
2025-12-27 23:52:04,279 - INFO  - [NUDE][TRAIN] Epoch 83/100 Iter 80/390 Loss 0.0011 Top1 99.97 Top5 100.00
2025-12-27 23:52:10,476 - INFO  - [NUDE][TRAIN] Epoch 83/100 Iter 100/390 Loss 0.0010 Top1 99.98 Top5 100.00
2025-12-27 23:52:16,756 - INFO  - [NUDE][TRAIN] Epoch 83/100 Iter 120/390 Loss 0.0010 Top1 99.97 Top5 100.00
2025-12-27 23:52:22,973 - INFO  - [NUDE][TRAIN] Epoch 83/100 Iter 140/390 Loss 0.0009 Top1 99.98 Top5 100.00
2025-12-27 23:52:29,048 - INFO  - [NUDE][TRAIN] Epoch 83/100 Iter 160/390 Loss 0.0010 Top1 99.98 Top5 100.00
2025-12-27 23:52:35,154 - INFO  - [NUDE][TRAIN] Epoch 83/100 Iter 180/390 Loss 0.0012 Top1 99.97 Top5 100.00
2025-12-27 23:52:41,194 - INFO  - [NUDE][TRAIN] Epoch 83/100 Iter 200/390 Loss 0.0012 Top1 99.98 Top5 100.00
2025-12-27 23:52:47,431 - INFO  - [NUDE][TRAIN] Epoch 83/100 Iter 220/390 Loss 0.0011 Top1 99.98 Top5 100.00
2025-12-27 23:52:53,662 - INFO  - [NUDE][TRAIN] Epoch 83/100 Iter 240/390 Loss 0.0011 Top1 99.98 Top5 100.00
2025-12-27 23:52:59,806 - INFO  - [NUDE][TRAIN] Epoch 83/100 Iter 260/390 Loss 0.0011 Top1 99.98 Top5 100.00
2025-12-27 23:53:06,060 - INFO  - [NUDE][TRAIN] Epoch 83/100 Iter 280/390 Loss 0.0011 Top1 99.98 Top5 100.00
2025-12-27 23:53:12,206 - INFO  - [NUDE][TRAIN] Epoch 83/100 Iter 300/390 Loss 0.0011 Top1 99.98 Top5 100.00
2025-12-27 23:53:18,441 - INFO  - [NUDE][TRAIN] Epoch 83/100 Iter 320/390 Loss 0.0011 Top1 99.98 Top5 100.00
2025-12-27 23:53:24,664 - INFO  - [NUDE][TRAIN] Epoch 83/100 Iter 340/390 Loss 0.0011 Top1 99.98 Top5 100.00
2025-12-27 23:53:30,765 - INFO  - [NUDE][TRAIN] Epoch 83/100 Iter 360/390 Loss 0.0011 Top1 99.97 Top5 100.00
2025-12-27 23:53:36,974 - INFO  - [NUDE][TRAIN] Epoch 83/100 Iter 380/390 Loss 0.0012 Top1 99.97 Top5 100.00
2025-12-27 23:53:40,066 - INFO  - [NUDE] Validate: force max bit-width W/A = 6
2025-12-27 23:53:42,296 - INFO  - [NUDE][EPOCH] 83/100 Train: Top1=99.97 Top5=100.00 Loss=0.0012 | Val(EMA): Top1=93.27
2025-12-27 23:53:42,296 - INFO  -   ⏱️  本Epoch耗时: 2分3秒 | 平均Epoch耗时: 2分3秒 | 剩余Epoch数: 16
2025-12-27 23:53:42,296 - INFO  -   📅 预估剩余时间: 32分51秒 | 预估完成时间: 2025-12-28 00:26:34
2025-12-27 23:53:43,097 - INFO  - ([84] Epoch) Saving checkpoint to:
             Current: /root/autodl-tmp/retraining-free-quantization/training/r18_c10_nude_0.02_wrnorm_0.5/r18_c10_nude_0.02_wrnorm_0.5_checkpoint.pth.tar

2025-12-27 23:53:43,100 - INFO  - 🎲 Epoch 84: FaultInjector seed rotated to 126
2025-12-27 23:53:43,108 - INFO  - [NUDE] Epoch 84: force max bit-width W/A = 6
2025-12-27 23:53:43,108 - INFO  - ================================================================================
2025-12-27 23:53:43,108 - INFO  - 🔥 [NUDE] BFAT ACTIVE
2025-12-27 23:53:43,108 - INFO  -    Loss Type: direct_ce
2025-12-27 23:53:43,108 - INFO  -    Proj Mode: direction
2025-12-27 23:53:43,108 - INFO  -    Injection: All Bits
2025-12-27 23:53:43,108 - INFO  - ================================================================================
2025-12-27 23:53:49,421 - INFO  - [NUDE][TRAIN] Epoch 84/100 Iter 20/390 Loss 0.0010 Top1 99.96 Top5 100.00
2025-12-27 23:53:55,707 - INFO  - [NUDE][TRAIN] Epoch 84/100 Iter 40/390 Loss 0.0014 Top1 99.96 Top5 100.00
2025-12-27 23:54:01,936 - INFO  - [NUDE][TRAIN] Epoch 84/100 Iter 60/390 Loss 0.0011 Top1 99.97 Top5 100.00
2025-12-27 23:54:08,085 - INFO  - [NUDE][TRAIN] Epoch 84/100 Iter 80/390 Loss 0.0010 Top1 99.98 Top5 100.00
2025-12-27 23:54:14,089 - INFO  - [NUDE][TRAIN] Epoch 84/100 Iter 100/390 Loss 0.0010 Top1 99.98 Top5 100.00
2025-12-27 23:54:20,220 - INFO  - [NUDE][TRAIN] Epoch 84/100 Iter 120/390 Loss 0.0012 Top1 99.97 Top5 100.00
2025-12-27 23:54:26,451 - INFO  - [NUDE][TRAIN] Epoch 84/100 Iter 140/390 Loss 0.0012 Top1 99.97 Top5 100.00
2025-12-27 23:54:32,640 - INFO  - [NUDE][TRAIN] Epoch 84/100 Iter 160/390 Loss 0.0012 Top1 99.97 Top5 100.00
2025-12-27 23:54:38,867 - INFO  - [NUDE][TRAIN] Epoch 84/100 Iter 180/390 Loss 0.0013 Top1 99.97 Top5 100.00
2025-12-27 23:54:45,016 - INFO  - [NUDE][TRAIN] Epoch 84/100 Iter 200/390 Loss 0.0012 Top1 99.97 Top5 100.00
2025-12-27 23:54:51,233 - INFO  - [NUDE][TRAIN] Epoch 84/100 Iter 220/390 Loss 0.0012 Top1 99.97 Top5 100.00
2025-12-27 23:54:57,457 - INFO  - [NUDE][TRAIN] Epoch 84/100 Iter 240/390 Loss 0.0011 Top1 99.97 Top5 100.00
2025-12-27 23:55:03,589 - INFO  - [NUDE][TRAIN] Epoch 84/100 Iter 260/390 Loss 0.0013 Top1 99.97 Top5 100.00
2025-12-27 23:55:09,809 - INFO  - [NUDE][TRAIN] Epoch 84/100 Iter 280/390 Loss 0.0013 Top1 99.97 Top5 100.00
2025-12-27 23:55:16,041 - INFO  - [NUDE][TRAIN] Epoch 84/100 Iter 300/390 Loss 0.0014 Top1 99.97 Top5 100.00
2025-12-27 23:55:22,169 - INFO  - [NUDE][TRAIN] Epoch 84/100 Iter 320/390 Loss 0.0015 Top1 99.96 Top5 100.00
2025-12-27 23:55:28,439 - INFO  - [NUDE][TRAIN] Epoch 84/100 Iter 340/390 Loss 0.0015 Top1 99.96 Top5 100.00
2025-12-27 23:55:34,566 - INFO  - [NUDE][TRAIN] Epoch 84/100 Iter 360/390 Loss 0.0015 Top1 99.97 Top5 100.00
2025-12-27 23:55:40,803 - INFO  - [NUDE][TRAIN] Epoch 84/100 Iter 380/390 Loss 0.0015 Top1 99.96 Top5 100.00
2025-12-27 23:55:43,887 - INFO  - [NUDE] Validate: force max bit-width W/A = 6
2025-12-27 23:55:46,092 - INFO  - [NUDE][EPOCH] 84/100 Train: Top1=99.96 Top5=100.00 Loss=0.0015 | Val(EMA): Top1=93.26
2025-12-27 23:55:46,092 - INFO  -   ⏱️  本Epoch耗时: 2分2秒 | 平均Epoch耗时: 2分3秒 | 剩余Epoch数: 15
2025-12-27 23:55:46,092 - INFO  -   📅 预估剩余时间: 30分47秒 | 预估完成时间: 2025-12-28 00:26:33
2025-12-27 23:55:46,789 - INFO  - ([85] Epoch) Saving checkpoint to:
             Current: /root/autodl-tmp/retraining-free-quantization/training/r18_c10_nude_0.02_wrnorm_0.5/r18_c10_nude_0.02_wrnorm_0.5_checkpoint.pth.tar

2025-12-27 23:55:46,792 - INFO  - 🎲 Epoch 85: FaultInjector seed rotated to 127
2025-12-27 23:55:46,800 - INFO  - [NUDE] Epoch 85: force max bit-width W/A = 6
2025-12-27 23:55:46,800 - INFO  - ================================================================================
2025-12-27 23:55:46,800 - INFO  - 🔥 [NUDE] BFAT ACTIVE
2025-12-27 23:55:46,800 - INFO  -    Loss Type: direct_ce
2025-12-27 23:55:46,800 - INFO  -    Proj Mode: direction
2025-12-27 23:55:46,800 - INFO  -    Injection: All Bits
2025-12-27 23:55:46,800 - INFO  - ================================================================================
2025-12-27 23:55:53,019 - INFO  - [NUDE][TRAIN] Epoch 85/100 Iter 20/390 Loss 0.0017 Top1 99.92 Top5 100.00
2025-12-27 23:55:59,212 - INFO  - [NUDE][TRAIN] Epoch 85/100 Iter 40/390 Loss 0.0016 Top1 99.92 Top5 100.00
2025-12-27 23:56:05,359 - INFO  - [NUDE][TRAIN] Epoch 85/100 Iter 60/390 Loss 0.0016 Top1 99.93 Top5 100.00
2025-12-27 23:56:11,624 - INFO  - [NUDE][TRAIN] Epoch 85/100 Iter 80/390 Loss 0.0015 Top1 99.94 Top5 100.00
2025-12-27 23:56:17,771 - INFO  - [NUDE][TRAIN] Epoch 85/100 Iter 100/390 Loss 0.0013 Top1 99.95 Top5 100.00
2025-12-27 23:56:24,027 - INFO  - [NUDE][TRAIN] Epoch 85/100 Iter 120/390 Loss 0.0012 Top1 99.96 Top5 100.00
2025-12-27 23:56:30,270 - INFO  - [NUDE][TRAIN] Epoch 85/100 Iter 140/390 Loss 0.0015 Top1 99.95 Top5 100.00
2025-12-27 23:56:36,469 - INFO  - [NUDE][TRAIN] Epoch 85/100 Iter 160/390 Loss 0.0014 Top1 99.96 Top5 100.00
2025-12-27 23:56:42,712 - INFO  - [NUDE][TRAIN] Epoch 85/100 Iter 180/390 Loss 0.0014 Top1 99.95 Top5 100.00
2025-12-27 23:56:48,834 - INFO  - [NUDE][TRAIN] Epoch 85/100 Iter 200/390 Loss 0.0014 Top1 99.95 Top5 100.00
2025-12-27 23:56:55,058 - INFO  - [NUDE][TRAIN] Epoch 85/100 Iter 220/390 Loss 0.0013 Top1 99.95 Top5 100.00
2025-12-27 23:57:01,270 - INFO  - [NUDE][TRAIN] Epoch 85/100 Iter 240/390 Loss 0.0013 Top1 99.95 Top5 100.00
2025-12-27 23:57:07,498 - INFO  - [NUDE][TRAIN] Epoch 85/100 Iter 260/390 Loss 0.0014 Top1 99.94 Top5 100.00
2025-12-27 23:57:13,757 - INFO  - [NUDE][TRAIN] Epoch 85/100 Iter 280/390 Loss 0.0014 Top1 99.94 Top5 100.00
2025-12-27 23:57:19,884 - INFO  - [NUDE][TRAIN] Epoch 85/100 Iter 300/390 Loss 0.0014 Top1 99.95 Top5 100.00
2025-12-27 23:57:26,051 - INFO  - [NUDE][TRAIN] Epoch 85/100 Iter 320/390 Loss 0.0014 Top1 99.95 Top5 100.00
2025-12-27 23:57:32,148 - INFO  - [NUDE][TRAIN] Epoch 85/100 Iter 340/390 Loss 0.0014 Top1 99.95 Top5 100.00
2025-12-27 23:57:38,215 - INFO  - [NUDE][TRAIN] Epoch 85/100 Iter 360/390 Loss 0.0013 Top1 99.96 Top5 100.00
2025-12-27 23:57:44,498 - INFO  - [NUDE][TRAIN] Epoch 85/100 Iter 380/390 Loss 0.0013 Top1 99.95 Top5 100.00
2025-12-27 23:57:47,612 - INFO  - [NUDE] Validate: force max bit-width W/A = 6
2025-12-27 23:57:49,846 - INFO  - [NUDE][EPOCH] 85/100 Train: Top1=99.96 Top5=100.00 Loss=0.0013 | Val(EMA): Top1=93.28
2025-12-27 23:57:49,847 - INFO  -   ⏱️  本Epoch耗时: 2分3秒 | 平均Epoch耗时: 2分3秒 | 剩余Epoch数: 14
2025-12-27 23:57:49,847 - INFO  -   📅 预估剩余时间: 28分43秒 | 预估完成时间: 2025-12-28 00:26:33
2025-12-27 23:57:50,437 - INFO  - ([86] Epoch) Saving checkpoint to:
             Current: /root/autodl-tmp/retraining-free-quantization/training/r18_c10_nude_0.02_wrnorm_0.5/r18_c10_nude_0.02_wrnorm_0.5_checkpoint.pth.tar

2025-12-27 23:57:50,440 - INFO  - 🎲 Epoch 86: FaultInjector seed rotated to 128
2025-12-27 23:57:50,448 - INFO  - [NUDE] Epoch 86: force max bit-width W/A = 6
2025-12-27 23:57:50,448 - INFO  - ================================================================================
2025-12-27 23:57:50,448 - INFO  - 🔥 [NUDE] BFAT ACTIVE
2025-12-27 23:57:50,448 - INFO  -    Loss Type: direct_ce
2025-12-27 23:57:50,448 - INFO  -    Proj Mode: direction
2025-12-27 23:57:50,448 - INFO  -    Injection: All Bits
2025-12-27 23:57:50,448 - INFO  - ================================================================================
2025-12-27 23:57:56,918 - INFO  - [NUDE][TRAIN] Epoch 86/100 Iter 20/390 Loss 0.0024 Top1 99.92 Top5 100.00
2025-12-27 23:58:03,165 - INFO  - [NUDE][TRAIN] Epoch 86/100 Iter 40/390 Loss 0.0016 Top1 99.94 Top5 100.00
2025-12-27 23:58:09,280 - INFO  - [NUDE][TRAIN] Epoch 86/100 Iter 60/390 Loss 0.0012 Top1 99.96 Top5 100.00
2025-12-27 23:58:15,560 - INFO  - [NUDE][TRAIN] Epoch 86/100 Iter 80/390 Loss 0.0011 Top1 99.97 Top5 100.00
2025-12-27 23:58:21,723 - INFO  - [NUDE][TRAIN] Epoch 86/100 Iter 100/390 Loss 0.0011 Top1 99.98 Top5 100.00
2025-12-27 23:58:28,012 - INFO  - [NUDE][TRAIN] Epoch 86/100 Iter 120/390 Loss 0.0011 Top1 99.98 Top5 100.00
2025-12-27 23:58:34,241 - INFO  - [NUDE][TRAIN] Epoch 86/100 Iter 140/390 Loss 0.0012 Top1 99.98 Top5 100.00
2025-12-27 23:58:40,397 - INFO  - [NUDE][TRAIN] Epoch 86/100 Iter 160/390 Loss 0.0011 Top1 99.98 Top5 100.00
2025-12-27 23:58:46,638 - INFO  - [NUDE][TRAIN] Epoch 86/100 Iter 180/390 Loss 0.0010 Top1 99.98 Top5 100.00
2025-12-27 23:58:52,776 - INFO  - [NUDE][TRAIN] Epoch 86/100 Iter 200/390 Loss 0.0011 Top1 99.98 Top5 100.00
2025-12-27 23:58:59,028 - INFO  - [NUDE][TRAIN] Epoch 86/100 Iter 220/390 Loss 0.0010 Top1 99.98 Top5 100.00
2025-12-27 23:59:05,203 - INFO  - [NUDE][TRAIN] Epoch 86/100 Iter 240/390 Loss 0.0011 Top1 99.98 Top5 100.00
2025-12-27 23:59:11,250 - INFO  - [NUDE][TRAIN] Epoch 86/100 Iter 260/390 Loss 0.0011 Top1 99.98 Top5 100.00
2025-12-27 23:59:17,456 - INFO  - [NUDE][TRAIN] Epoch 86/100 Iter 280/390 Loss 0.0011 Top1 99.98 Top5 100.00
2025-12-27 23:59:23,632 - INFO  - [NUDE][TRAIN] Epoch 86/100 Iter 300/390 Loss 0.0010 Top1 99.98 Top5 100.00
2025-12-27 23:59:29,935 - INFO  - [NUDE][TRAIN] Epoch 86/100 Iter 320/390 Loss 0.0010 Top1 99.98 Top5 100.00
2025-12-27 23:59:36,180 - INFO  - [NUDE][TRAIN] Epoch 86/100 Iter 340/390 Loss 0.0010 Top1 99.98 Top5 100.00
2025-12-27 23:59:42,316 - INFO  - [NUDE][TRAIN] Epoch 86/100 Iter 360/390 Loss 0.0010 Top1 99.98 Top5 100.00
2025-12-27 23:59:48,539 - INFO  - [NUDE][TRAIN] Epoch 86/100 Iter 380/390 Loss 0.0010 Top1 99.98 Top5 100.00
2025-12-27 23:59:51,631 - INFO  - [NUDE] Validate: force max bit-width W/A = 6
2025-12-27 23:59:53,875 - INFO  - [NUDE][EPOCH] 86/100 Train: Top1=99.98 Top5=100.00 Loss=0.0010 | Val(EMA): Top1=93.36
2025-12-27 23:59:53,875 - INFO  -   ⏱️  本Epoch耗时: 2分3秒 | 平均Epoch耗时: 2分3秒 | 剩余Epoch数: 13
2025-12-27 23:59:53,875 - INFO  -   📅 预估剩余时间: 26分41秒 | 预估完成时间: 2025-12-28 00:26:35
2025-12-27 23:59:54,547 - INFO  - ([87] Epoch) Saving checkpoint to:
             Current: /root/autodl-tmp/retraining-free-quantization/training/r18_c10_nude_0.02_wrnorm_0.5/r18_c10_nude_0.02_wrnorm_0.5_checkpoint.pth.tar

2025-12-27 23:59:54,550 - INFO  - 🎲 Epoch 87: FaultInjector seed rotated to 129
2025-12-27 23:59:54,558 - INFO  - [NUDE] Epoch 87: force max bit-width W/A = 6
2025-12-27 23:59:54,558 - INFO  - ================================================================================
2025-12-27 23:59:54,558 - INFO  - 🔥 [NUDE] BFAT ACTIVE
2025-12-27 23:59:54,558 - INFO  -    Loss Type: direct_ce
2025-12-27 23:59:54,558 - INFO  -    Proj Mode: direction
2025-12-27 23:59:54,558 - INFO  -    Injection: All Bits
2025-12-27 23:59:54,558 - INFO  - ================================================================================
2025-12-28 00:00:01,008 - INFO  - [NUDE][TRAIN] Epoch 87/100 Iter 20/390 Loss 0.0015 Top1 99.96 Top5 100.00
2025-12-28 00:00:07,213 - INFO  - [NUDE][TRAIN] Epoch 87/100 Iter 40/390 Loss 0.0010 Top1 99.98 Top5 100.00
2025-12-28 00:00:13,333 - INFO  - [NUDE][TRAIN] Epoch 87/100 Iter 60/390 Loss 0.0009 Top1 99.99 Top5 100.00
2025-12-28 00:00:19,582 - INFO  - [NUDE][TRAIN] Epoch 87/100 Iter 80/390 Loss 0.0010 Top1 99.98 Top5 100.00
2025-12-28 00:00:25,809 - INFO  - [NUDE][TRAIN] Epoch 87/100 Iter 100/390 Loss 0.0010 Top1 99.98 Top5 100.00
2025-12-28 00:00:32,058 - INFO  - [NUDE][TRAIN] Epoch 87/100 Iter 120/390 Loss 0.0009 Top1 99.98 Top5 100.00
2025-12-28 00:00:38,277 - INFO  - [NUDE][TRAIN] Epoch 87/100 Iter 140/390 Loss 0.0009 Top1 99.98 Top5 100.00
2025-12-28 00:00:44,346 - INFO  - [NUDE][TRAIN] Epoch 87/100 Iter 160/390 Loss 0.0010 Top1 99.98 Top5 100.00
2025-12-28 00:00:50,472 - INFO  - [NUDE][TRAIN] Epoch 87/100 Iter 180/390 Loss 0.0009 Top1 99.98 Top5 100.00
2025-12-28 00:00:56,551 - INFO  - [NUDE][TRAIN] Epoch 87/100 Iter 200/390 Loss 0.0010 Top1 99.98 Top5 100.00
2025-12-28 00:01:02,789 - INFO  - [NUDE][TRAIN] Epoch 87/100 Iter 220/390 Loss 0.0010 Top1 99.98 Top5 100.00
2025-12-28 00:01:09,005 - INFO  - [NUDE][TRAIN] Epoch 87/100 Iter 240/390 Loss 0.0009 Top1 99.98 Top5 100.00
2025-12-28 00:01:15,139 - INFO  - [NUDE][TRAIN] Epoch 87/100 Iter 260/390 Loss 0.0010 Top1 99.98 Top5 100.00
2025-12-28 00:01:21,367 - INFO  - [NUDE][TRAIN] Epoch 87/100 Iter 280/390 Loss 0.0010 Top1 99.98 Top5 100.00
2025-12-28 00:01:27,527 - INFO  - [NUDE][TRAIN] Epoch 87/100 Iter 300/390 Loss 0.0010 Top1 99.98 Top5 100.00
2025-12-28 00:01:33,772 - INFO  - [NUDE][TRAIN] Epoch 87/100 Iter 320/390 Loss 0.0009 Top1 99.98 Top5 100.00
2025-12-28 00:01:40,025 - INFO  - [NUDE][TRAIN] Epoch 87/100 Iter 340/390 Loss 0.0009 Top1 99.98 Top5 100.00
2025-12-28 00:01:46,172 - INFO  - [NUDE][TRAIN] Epoch 87/100 Iter 360/390 Loss 0.0009 Top1 99.98 Top5 100.00
2025-12-28 00:01:52,420 - INFO  - [NUDE][TRAIN] Epoch 87/100 Iter 380/390 Loss 0.0009 Top1 99.98 Top5 100.00
2025-12-28 00:01:55,521 - INFO  - [NUDE] Validate: force max bit-width W/A = 6
2025-12-28 00:01:57,753 - INFO  - [NUDE][EPOCH] 87/100 Train: Top1=99.98 Top5=100.00 Loss=0.0009 | Val(EMA): Top1=93.32
2025-12-28 00:01:57,754 - INFO  -   ⏱️  本Epoch耗时: 2分3秒 | 平均Epoch耗时: 2分3秒 | 剩余Epoch数: 12
2025-12-28 00:01:57,754 - INFO  -   📅 预估剩余时间: 24分37秒 | 预估完成时间: 2025-12-28 00:26:35
2025-12-28 00:01:58,484 - INFO  - ([88] Epoch) Saving checkpoint to:
             Current: /root/autodl-tmp/retraining-free-quantization/training/r18_c10_nude_0.02_wrnorm_0.5/r18_c10_nude_0.02_wrnorm_0.5_checkpoint.pth.tar

2025-12-28 00:01:58,487 - INFO  - 🎲 Epoch 88: FaultInjector seed rotated to 130
2025-12-28 00:01:58,495 - INFO  - [NUDE] Epoch 88: force max bit-width W/A = 6
2025-12-28 00:01:58,495 - INFO  - ================================================================================
2025-12-28 00:01:58,495 - INFO  - 🔥 [NUDE] BFAT ACTIVE
2025-12-28 00:01:58,495 - INFO  -    Loss Type: direct_ce
2025-12-28 00:01:58,495 - INFO  -    Proj Mode: direction
2025-12-28 00:01:58,495 - INFO  -    Injection: All Bits
2025-12-28 00:01:58,495 - INFO  - ================================================================================
2025-12-28 00:02:04,820 - INFO  - [NUDE][TRAIN] Epoch 88/100 Iter 20/390 Loss 0.0005 Top1 100.00 Top5 100.00
2025-12-28 00:02:11,110 - INFO  - [NUDE][TRAIN] Epoch 88/100 Iter 40/390 Loss 0.0008 Top1 99.98 Top5 100.00
2025-12-28 00:02:17,258 - INFO  - [NUDE][TRAIN] Epoch 88/100 Iter 60/390 Loss 0.0009 Top1 99.97 Top5 100.00
2025-12-28 00:02:23,386 - INFO  - [NUDE][TRAIN] Epoch 88/100 Iter 80/390 Loss 0.0009 Top1 99.98 Top5 100.00
2025-12-28 00:02:29,397 - INFO  - [NUDE][TRAIN] Epoch 88/100 Iter 100/390 Loss 0.0008 Top1 99.98 Top5 100.00
2025-12-28 00:02:35,570 - INFO  - [NUDE][TRAIN] Epoch 88/100 Iter 120/390 Loss 0.0008 Top1 99.99 Top5 100.00
2025-12-28 00:02:41,813 - INFO  - [NUDE][TRAIN] Epoch 88/100 Iter 140/390 Loss 0.0008 Top1 99.99 Top5 100.00
2025-12-28 00:02:47,991 - INFO  - [NUDE][TRAIN] Epoch 88/100 Iter 160/390 Loss 0.0007 Top1 99.99 Top5 100.00
2025-12-28 00:02:54,308 - INFO  - [NUDE][TRAIN] Epoch 88/100 Iter 180/390 Loss 0.0007 Top1 99.99 Top5 100.00
2025-12-28 00:03:00,507 - INFO  - [NUDE][TRAIN] Epoch 88/100 Iter 200/390 Loss 0.0008 Top1 99.98 Top5 100.00
2025-12-28 00:03:06,763 - INFO  - [NUDE][TRAIN] Epoch 88/100 Iter 220/390 Loss 0.0009 Top1 99.98 Top5 100.00
2025-12-28 00:03:12,998 - INFO  - [NUDE][TRAIN] Epoch 88/100 Iter 240/390 Loss 0.0010 Top1 99.98 Top5 100.00
2025-12-28 00:03:19,145 - INFO  - [NUDE][TRAIN] Epoch 88/100 Iter 260/390 Loss 0.0010 Top1 99.98 Top5 100.00
2025-12-28 00:03:25,394 - INFO  - [NUDE][TRAIN] Epoch 88/100 Iter 280/390 Loss 0.0010 Top1 99.98 Top5 100.00
2025-12-28 00:03:31,654 - INFO  - [NUDE][TRAIN] Epoch 88/100 Iter 300/390 Loss 0.0009 Top1 99.98 Top5 100.00
2025-12-28 00:03:37,781 - INFO  - [NUDE][TRAIN] Epoch 88/100 Iter 320/390 Loss 0.0010 Top1 99.98 Top5 100.00
2025-12-28 00:03:44,037 - INFO  - [NUDE][TRAIN] Epoch 88/100 Iter 340/390 Loss 0.0009 Top1 99.98 Top5 100.00
2025-12-28 00:03:50,171 - INFO  - [NUDE][TRAIN] Epoch 88/100 Iter 360/390 Loss 0.0009 Top1 99.98 Top5 100.00
2025-12-28 00:03:56,440 - INFO  - [NUDE][TRAIN] Epoch 88/100 Iter 380/390 Loss 0.0009 Top1 99.98 Top5 100.00
2025-12-28 00:03:59,502 - INFO  - [NUDE] Validate: force max bit-width W/A = 6
2025-12-28 00:04:01,704 - INFO  - [NUDE][EPOCH] 88/100 Train: Top1=99.98 Top5=100.00 Loss=0.0009 | Val(EMA): Top1=93.29
2025-12-28 00:04:01,705 - INFO  -   ⏱️  本Epoch耗时: 2分3秒 | 平均Epoch耗时: 2分3秒 | 剩余Epoch数: 11
2025-12-28 00:04:01,705 - INFO  -   📅 预估剩余时间: 22分34秒 | 预估完成时间: 2025-12-28 00:26:36
2025-12-28 00:04:02,550 - INFO  - ([89] Epoch) Saving checkpoint to:
             Current: /root/autodl-tmp/retraining-free-quantization/training/r18_c10_nude_0.02_wrnorm_0.5/r18_c10_nude_0.02_wrnorm_0.5_checkpoint.pth.tar

2025-12-28 00:04:02,553 - INFO  - 🎲 Epoch 89: FaultInjector seed rotated to 131
2025-12-28 00:04:02,561 - INFO  - [NUDE] Epoch 89: force max bit-width W/A = 6
2025-12-28 00:04:02,561 - INFO  - ================================================================================
2025-12-28 00:04:02,561 - INFO  - 🔥 [NUDE] BFAT ACTIVE
2025-12-28 00:04:02,561 - INFO  -    Loss Type: direct_ce
2025-12-28 00:04:02,561 - INFO  -    Proj Mode: direction
2025-12-28 00:04:02,561 - INFO  -    Injection: All Bits
2025-12-28 00:04:02,561 - INFO  - ================================================================================
2025-12-28 00:04:08,766 - INFO  - [NUDE][TRAIN] Epoch 89/100 Iter 20/390 Loss 0.0004 Top1 100.00 Top5 100.00
2025-12-28 00:04:14,993 - INFO  - [NUDE][TRAIN] Epoch 89/100 Iter 40/390 Loss 0.0005 Top1 100.00 Top5 100.00
2025-12-28 00:04:21,178 - INFO  - [NUDE][TRAIN] Epoch 89/100 Iter 60/390 Loss 0.0010 Top1 99.97 Top5 100.00
2025-12-28 00:04:27,418 - INFO  - [NUDE][TRAIN] Epoch 89/100 Iter 80/390 Loss 0.0009 Top1 99.98 Top5 100.00
2025-12-28 00:04:33,625 - INFO  - [NUDE][TRAIN] Epoch 89/100 Iter 100/390 Loss 0.0010 Top1 99.98 Top5 100.00
2025-12-28 00:04:39,858 - INFO  - [NUDE][TRAIN] Epoch 89/100 Iter 120/390 Loss 0.0009 Top1 99.99 Top5 100.00
2025-12-28 00:04:46,091 - INFO  - [NUDE][TRAIN] Epoch 89/100 Iter 140/390 Loss 0.0008 Top1 99.99 Top5 100.00
2025-12-28 00:04:52,205 - INFO  - [NUDE][TRAIN] Epoch 89/100 Iter 160/390 Loss 0.0007 Top1 99.99 Top5 100.00
2025-12-28 00:04:58,479 - INFO  - [NUDE][TRAIN] Epoch 89/100 Iter 180/390 Loss 0.0007 Top1 99.99 Top5 100.00
2025-12-28 00:05:04,596 - INFO  - [NUDE][TRAIN] Epoch 89/100 Iter 200/390 Loss 0.0007 Top1 99.99 Top5 100.00
2025-12-28 00:05:10,825 - INFO  - [NUDE][TRAIN] Epoch 89/100 Iter 220/390 Loss 0.0007 Top1 99.99 Top5 100.00
2025-12-28 00:05:17,066 - INFO  - [NUDE][TRAIN] Epoch 89/100 Iter 240/390 Loss 0.0007 Top1 99.99 Top5 100.00
2025-12-28 00:05:23,212 - INFO  - [NUDE][TRAIN] Epoch 89/100 Iter 260/390 Loss 0.0006 Top1 99.99 Top5 100.00
2025-12-28 00:05:29,440 - INFO  - [NUDE][TRAIN] Epoch 89/100 Iter 280/390 Loss 0.0006 Top1 99.99 Top5 100.00
2025-12-28 00:05:35,608 - INFO  - [NUDE][TRAIN] Epoch 89/100 Iter 300/390 Loss 0.0006 Top1 99.99 Top5 100.00
2025-12-28 00:05:41,733 - INFO  - [NUDE][TRAIN] Epoch 89/100 Iter 320/390 Loss 0.0007 Top1 99.99 Top5 100.00
2025-12-28 00:05:47,848 - INFO  - [NUDE][TRAIN] Epoch 89/100 Iter 340/390 Loss 0.0007 Top1 99.99 Top5 100.00
2025-12-28 00:05:53,918 - INFO  - [NUDE][TRAIN] Epoch 89/100 Iter 360/390 Loss 0.0007 Top1 99.99 Top5 100.00
2025-12-28 00:06:00,202 - INFO  - [NUDE][TRAIN] Epoch 89/100 Iter 380/390 Loss 0.0007 Top1 99.99 Top5 100.00
2025-12-28 00:06:03,312 - INFO  - [NUDE] Validate: force max bit-width W/A = 6
2025-12-28 00:06:05,546 - INFO  - [NUDE][EPOCH] 89/100 Train: Top1=99.99 Top5=100.00 Loss=0.0007 | Val(EMA): Top1=93.42
2025-12-28 00:06:05,546 - INFO  -   ⏱️  本Epoch耗时: 2分2秒 | 平均Epoch耗时: 2分3秒 | 剩余Epoch数: 10
2025-12-28 00:06:05,546 - INFO  -   📅 预估剩余时间: 20分31秒 | 预估完成时间: 2025-12-28 00:26:37
2025-12-28 00:06:06,171 - INFO  - ([90] Epoch) Saving checkpoint to:
             Current: /root/autodl-tmp/retraining-free-quantization/training/r18_c10_nude_0.02_wrnorm_0.5/r18_c10_nude_0.02_wrnorm_0.5_checkpoint.pth.tar

2025-12-28 00:06:06,174 - INFO  - 🎲 Epoch 90: FaultInjector seed rotated to 132
2025-12-28 00:06:06,181 - INFO  - [NUDE] Epoch 90: force max bit-width W/A = 6
2025-12-28 00:06:06,181 - INFO  - ================================================================================
2025-12-28 00:06:06,181 - INFO  - 🔥 [NUDE] BFAT ACTIVE
2025-12-28 00:06:06,181 - INFO  -    Loss Type: direct_ce
2025-12-28 00:06:06,181 - INFO  -    Proj Mode: direction
2025-12-28 00:06:06,181 - INFO  -    Injection: All Bits
2025-12-28 00:06:06,182 - INFO  - ================================================================================
2025-12-28 00:06:12,661 - INFO  - [NUDE][TRAIN] Epoch 90/100 Iter 20/390 Loss 0.0004 Top1 100.00 Top5 100.00
2025-12-28 00:06:18,882 - INFO  - [NUDE][TRAIN] Epoch 90/100 Iter 40/390 Loss 0.0007 Top1 99.98 Top5 100.00
2025-12-28 00:06:25,034 - INFO  - [NUDE][TRAIN] Epoch 90/100 Iter 60/390 Loss 0.0006 Top1 99.99 Top5 100.00
2025-12-28 00:06:31,323 - INFO  - [NUDE][TRAIN] Epoch 90/100 Iter 80/390 Loss 0.0006 Top1 99.99 Top5 100.00
2025-12-28 00:06:37,429 - INFO  - [NUDE][TRAIN] Epoch 90/100 Iter 100/390 Loss 0.0005 Top1 99.99 Top5 100.00
2025-12-28 00:06:43,654 - INFO  - [NUDE][TRAIN] Epoch 90/100 Iter 120/390 Loss 0.0005 Top1 99.99 Top5 100.00
2025-12-28 00:06:49,857 - INFO  - [NUDE][TRAIN] Epoch 90/100 Iter 140/390 Loss 0.0007 Top1 99.98 Top5 100.00
2025-12-28 00:06:55,981 - INFO  - [NUDE][TRAIN] Epoch 90/100 Iter 160/390 Loss 0.0007 Top1 99.98 Top5 100.00
2025-12-28 00:07:02,228 - INFO  - [NUDE][TRAIN] Epoch 90/100 Iter 180/390 Loss 0.0007 Top1 99.98 Top5 100.00
2025-12-28 00:07:08,355 - INFO  - [NUDE][TRAIN] Epoch 90/100 Iter 200/390 Loss 0.0007 Top1 99.98 Top5 100.00
2025-12-28 00:07:14,611 - INFO  - [NUDE][TRAIN] Epoch 90/100 Iter 220/390 Loss 0.0007 Top1 99.99 Top5 100.00
2025-12-28 00:07:20,751 - INFO  - [NUDE][TRAIN] Epoch 90/100 Iter 240/390 Loss 0.0007 Top1 99.99 Top5 100.00
2025-12-28 00:07:26,785 - INFO  - [NUDE][TRAIN] Epoch 90/100 Iter 260/390 Loss 0.0007 Top1 99.99 Top5 100.00
2025-12-28 00:07:32,985 - INFO  - [NUDE][TRAIN] Epoch 90/100 Iter 280/390 Loss 0.0006 Top1 99.99 Top5 100.00
2025-12-28 00:07:39,109 - INFO  - [NUDE][TRAIN] Epoch 90/100 Iter 300/390 Loss 0.0006 Top1 99.99 Top5 100.00
2025-12-28 00:07:45,365 - INFO  - [NUDE][TRAIN] Epoch 90/100 Iter 320/390 Loss 0.0006 Top1 99.99 Top5 100.00
2025-12-28 00:07:51,596 - INFO  - [NUDE][TRAIN] Epoch 90/100 Iter 340/390 Loss 0.0006 Top1 99.99 Top5 100.00
2025-12-28 00:07:57,738 - INFO  - [NUDE][TRAIN] Epoch 90/100 Iter 360/390 Loss 0.0006 Top1 99.99 Top5 100.00
2025-12-28 00:08:03,964 - INFO  - [NUDE][TRAIN] Epoch 90/100 Iter 380/390 Loss 0.0006 Top1 99.99 Top5 100.00
2025-12-28 00:08:07,098 - INFO  - [NUDE] Validate: force max bit-width W/A = 6
2025-12-28 00:08:09,327 - INFO  - [NUDE][EPOCH] 90/100 Train: Top1=99.99 Top5=100.00 Loss=0.0006 | Val(EMA): Top1=93.31
2025-12-28 00:08:09,327 - INFO  -   ⏱️  本Epoch耗时: 2分3秒 | 平均Epoch耗时: 2分3秒 | 剩余Epoch数: 9
2025-12-28 00:08:09,327 - INFO  -   📅 预估剩余时间: 18分28秒 | 预估完成时间: 2025-12-28 00:26:38
2025-12-28 00:08:10,025 - INFO  - ([91] Epoch) Saving checkpoint to:
             Current: /root/autodl-tmp/retraining-free-quantization/training/r18_c10_nude_0.02_wrnorm_0.5/r18_c10_nude_0.02_wrnorm_0.5_checkpoint.pth.tar

2025-12-28 00:08:10,028 - INFO  - 🎲 Epoch 91: FaultInjector seed rotated to 133
2025-12-28 00:08:10,036 - INFO  - [NUDE] Epoch 91: force max bit-width W/A = 6
2025-12-28 00:08:10,036 - INFO  - ================================================================================
2025-12-28 00:08:10,036 - INFO  - 🔥 [NUDE] BFAT ACTIVE
2025-12-28 00:08:10,036 - INFO  -    Loss Type: direct_ce
2025-12-28 00:08:10,036 - INFO  -    Proj Mode: direction
2025-12-28 00:08:10,036 - INFO  -    Injection: All Bits
2025-12-28 00:08:10,036 - INFO  - ================================================================================
2025-12-28 00:08:16,512 - INFO  - [NUDE][TRAIN] Epoch 91/100 Iter 20/390 Loss 0.0011 Top1 99.96 Top5 100.00
2025-12-28 00:08:22,811 - INFO  - [NUDE][TRAIN] Epoch 91/100 Iter 40/390 Loss 0.0009 Top1 99.98 Top5 100.00
2025-12-28 00:08:28,929 - INFO  - [NUDE][TRAIN] Epoch 91/100 Iter 60/390 Loss 0.0013 Top1 99.96 Top5 100.00
2025-12-28 00:08:35,201 - INFO  - [NUDE][TRAIN] Epoch 91/100 Iter 80/390 Loss 0.0011 Top1 99.97 Top5 100.00
2025-12-28 00:08:41,358 - INFO  - [NUDE][TRAIN] Epoch 91/100 Iter 100/390 Loss 0.0009 Top1 99.98 Top5 100.00
2025-12-28 00:08:47,604 - INFO  - [NUDE][TRAIN] Epoch 91/100 Iter 120/390 Loss 0.0009 Top1 99.98 Top5 100.00
2025-12-28 00:08:53,862 - INFO  - [NUDE][TRAIN] Epoch 91/100 Iter 140/390 Loss 0.0008 Top1 99.98 Top5 100.00
2025-12-28 00:08:59,894 - INFO  - [NUDE][TRAIN] Epoch 91/100 Iter 160/390 Loss 0.0008 Top1 99.99 Top5 100.00
2025-12-28 00:09:06,026 - INFO  - [NUDE][TRAIN] Epoch 91/100 Iter 180/390 Loss 0.0008 Top1 99.99 Top5 100.00
2025-12-28 00:09:12,141 - INFO  - [NUDE][TRAIN] Epoch 91/100 Iter 200/390 Loss 0.0007 Top1 99.99 Top5 100.00
2025-12-28 00:09:18,377 - INFO  - [NUDE][TRAIN] Epoch 91/100 Iter 220/390 Loss 0.0009 Top1 99.99 Top5 100.00
2025-12-28 00:09:24,605 - INFO  - [NUDE][TRAIN] Epoch 91/100 Iter 240/390 Loss 0.0009 Top1 99.99 Top5 100.00
2025-12-28 00:09:30,747 - INFO  - [NUDE][TRAIN] Epoch 91/100 Iter 260/390 Loss 0.0008 Top1 99.98 Top5 100.00
2025-12-28 00:09:36,974 - INFO  - [NUDE][TRAIN] Epoch 91/100 Iter 280/390 Loss 0.0008 Top1 99.99 Top5 100.00
2025-12-28 00:09:43,098 - INFO  - [NUDE][TRAIN] Epoch 91/100 Iter 300/390 Loss 0.0008 Top1 99.99 Top5 100.00
2025-12-28 00:09:49,337 - INFO  - [NUDE][TRAIN] Epoch 91/100 Iter 320/390 Loss 0.0008 Top1 99.99 Top5 100.00
2025-12-28 00:09:55,560 - INFO  - [NUDE][TRAIN] Epoch 91/100 Iter 340/390 Loss 0.0007 Top1 99.99 Top5 100.00
2025-12-28 00:10:01,687 - INFO  - [NUDE][TRAIN] Epoch 91/100 Iter 360/390 Loss 0.0007 Top1 99.99 Top5 100.00
2025-12-28 00:10:07,914 - INFO  - [NUDE][TRAIN] Epoch 91/100 Iter 380/390 Loss 0.0008 Top1 99.99 Top5 100.00
2025-12-28 00:10:11,016 - INFO  - [NUDE] Validate: force max bit-width W/A = 6
2025-12-28 00:10:13,270 - INFO  - [NUDE][EPOCH] 91/100 Train: Top1=99.99 Top5=100.00 Loss=0.0008 | Val(EMA): Top1=93.29
2025-12-28 00:10:13,271 - INFO  -   ⏱️  本Epoch耗时: 2分3秒 | 平均Epoch耗时: 2分3秒 | 剩余Epoch数: 8
2025-12-28 00:10:13,271 - INFO  -   📅 预估剩余时间: 16分25秒 | 预估完成时间: 2025-12-28 00:26:38
2025-12-28 00:10:13,992 - INFO  - ([92] Epoch) Saving checkpoint to:
             Current: /root/autodl-tmp/retraining-free-quantization/training/r18_c10_nude_0.02_wrnorm_0.5/r18_c10_nude_0.02_wrnorm_0.5_checkpoint.pth.tar

2025-12-28 00:10:13,995 - INFO  - 🎲 Epoch 92: FaultInjector seed rotated to 134
2025-12-28 00:10:14,006 - INFO  - [NUDE] Epoch 92: force max bit-width W/A = 6
2025-12-28 00:10:14,006 - INFO  - ================================================================================
2025-12-28 00:10:14,006 - INFO  - 🔥 [NUDE] BFAT ACTIVE
2025-12-28 00:10:14,006 - INFO  -    Loss Type: direct_ce
2025-12-28 00:10:14,006 - INFO  -    Proj Mode: direction
2025-12-28 00:10:14,006 - INFO  -    Injection: All Bits
2025-12-28 00:10:14,006 - INFO  - ================================================================================
2025-12-28 00:10:20,320 - INFO  - [NUDE][TRAIN] Epoch 92/100 Iter 20/390 Loss 0.0004 Top1 100.00 Top5 100.00
2025-12-28 00:10:26,578 - INFO  - [NUDE][TRAIN] Epoch 92/100 Iter 40/390 Loss 0.0004 Top1 100.00 Top5 100.00
2025-12-28 00:10:32,704 - INFO  - [NUDE][TRAIN] Epoch 92/100 Iter 60/390 Loss 0.0004 Top1 100.00 Top5 100.00
2025-12-28 00:10:38,868 - INFO  - [NUDE][TRAIN] Epoch 92/100 Iter 80/390 Loss 0.0005 Top1 99.99 Top5 100.00
2025-12-28 00:10:44,928 - INFO  - [NUDE][TRAIN] Epoch 92/100 Iter 100/390 Loss 0.0006 Top1 99.98 Top5 100.00
2025-12-28 00:10:51,222 - INFO  - [NUDE][TRAIN] Epoch 92/100 Iter 120/390 Loss 0.0006 Top1 99.99 Top5 100.00
2025-12-28 00:10:57,484 - INFO  - [NUDE][TRAIN] Epoch 92/100 Iter 140/390 Loss 0.0006 Top1 99.99 Top5 100.00
2025-12-28 00:11:03,605 - INFO  - [NUDE][TRAIN] Epoch 92/100 Iter 160/390 Loss 0.0007 Top1 99.99 Top5 100.00
2025-12-28 00:11:09,834 - INFO  - [NUDE][TRAIN] Epoch 92/100 Iter 180/390 Loss 0.0007 Top1 99.99 Top5 100.00
2025-12-28 00:11:16,011 - INFO  - [NUDE][TRAIN] Epoch 92/100 Iter 200/390 Loss 0.0007 Top1 99.99 Top5 100.00
2025-12-28 00:11:22,237 - INFO  - [NUDE][TRAIN] Epoch 92/100 Iter 220/390 Loss 0.0007 Top1 99.99 Top5 100.00
2025-12-28 00:11:28,505 - INFO  - [NUDE][TRAIN] Epoch 92/100 Iter 240/390 Loss 0.0006 Top1 99.99 Top5 100.00
2025-12-28 00:11:34,630 - INFO  - [NUDE][TRAIN] Epoch 92/100 Iter 260/390 Loss 0.0006 Top1 99.99 Top5 100.00
2025-12-28 00:11:40,876 - INFO  - [NUDE][TRAIN] Epoch 92/100 Iter 280/390 Loss 0.0006 Top1 99.99 Top5 100.00
2025-12-28 00:11:47,100 - INFO  - [NUDE][TRAIN] Epoch 92/100 Iter 300/390 Loss 0.0006 Top1 99.99 Top5 100.00
2025-12-28 00:11:53,241 - INFO  - [NUDE][TRAIN] Epoch 92/100 Iter 320/390 Loss 0.0006 Top1 99.99 Top5 100.00
2025-12-28 00:11:59,461 - INFO  - [NUDE][TRAIN] Epoch 92/100 Iter 340/390 Loss 0.0006 Top1 99.99 Top5 100.00
2025-12-28 00:12:05,584 - INFO  - [NUDE][TRAIN] Epoch 92/100 Iter 360/390 Loss 0.0006 Top1 99.99 Top5 100.00
2025-12-28 00:12:11,811 - INFO  - [NUDE][TRAIN] Epoch 92/100 Iter 380/390 Loss 0.0006 Top1 99.99 Top5 100.00
2025-12-28 00:12:14,856 - INFO  - [NUDE] Validate: force max bit-width W/A = 6
2025-12-28 00:12:17,059 - INFO  - [NUDE][EPOCH] 92/100 Train: Top1=99.99 Top5=100.00 Loss=0.0006 | Val(EMA): Top1=93.28
2025-12-28 00:12:17,059 - INFO  -   ⏱️  本Epoch耗时: 2分3秒 | 平均Epoch耗时: 2分3秒 | 剩余Epoch数: 7
2025-12-28 00:12:17,059 - INFO  -   📅 预估剩余时间: 14分21秒 | 预估完成时间: 2025-12-28 00:26:38
2025-12-28 00:12:17,878 - INFO  - ([93] Epoch) Saving checkpoint to:
             Current: /root/autodl-tmp/retraining-free-quantization/training/r18_c10_nude_0.02_wrnorm_0.5/r18_c10_nude_0.02_wrnorm_0.5_checkpoint.pth.tar

2025-12-28 00:12:17,881 - INFO  - 🎲 Epoch 93: FaultInjector seed rotated to 135
2025-12-28 00:12:17,888 - INFO  - [NUDE] Epoch 93: force max bit-width W/A = 6
2025-12-28 00:12:17,888 - INFO  - ================================================================================
2025-12-28 00:12:17,888 - INFO  - 🔥 [NUDE] BFAT ACTIVE
2025-12-28 00:12:17,888 - INFO  -    Loss Type: direct_ce
2025-12-28 00:12:17,889 - INFO  -    Proj Mode: direction
2025-12-28 00:12:17,889 - INFO  -    Injection: All Bits
2025-12-28 00:12:17,889 - INFO  - ================================================================================
2025-12-28 00:12:24,107 - INFO  - [NUDE][TRAIN] Epoch 93/100 Iter 20/390 Loss 0.0005 Top1 100.00 Top5 100.00
2025-12-28 00:12:30,356 - INFO  - [NUDE][TRAIN] Epoch 93/100 Iter 40/390 Loss 0.0010 Top1 99.96 Top5 100.00
2025-12-28 00:12:36,512 - INFO  - [NUDE][TRAIN] Epoch 93/100 Iter 60/390 Loss 0.0008 Top1 99.97 Top5 100.00
2025-12-28 00:12:42,755 - INFO  - [NUDE][TRAIN] Epoch 93/100 Iter 80/390 Loss 0.0007 Top1 99.97 Top5 100.00
2025-12-28 00:12:48,888 - INFO  - [NUDE][TRAIN] Epoch 93/100 Iter 100/390 Loss 0.0007 Top1 99.98 Top5 100.00
2025-12-28 00:12:55,152 - INFO  - [NUDE][TRAIN] Epoch 93/100 Iter 120/390 Loss 0.0006 Top1 99.98 Top5 100.00
2025-12-28 00:13:01,375 - INFO  - [NUDE][TRAIN] Epoch 93/100 Iter 140/390 Loss 0.0006 Top1 99.98 Top5 100.00
2025-12-28 00:13:07,541 - INFO  - [NUDE][TRAIN] Epoch 93/100 Iter 160/390 Loss 0.0006 Top1 99.98 Top5 100.00
2025-12-28 00:13:13,788 - INFO  - [NUDE][TRAIN] Epoch 93/100 Iter 180/390 Loss 0.0006 Top1 99.98 Top5 100.00
2025-12-28 00:13:19,941 - INFO  - [NUDE][TRAIN] Epoch 93/100 Iter 200/390 Loss 0.0006 Top1 99.98 Top5 100.00
2025-12-28 00:13:26,206 - INFO  - [NUDE][TRAIN] Epoch 93/100 Iter 220/390 Loss 0.0006 Top1 99.98 Top5 100.00
2025-12-28 00:13:32,424 - INFO  - [NUDE][TRAIN] Epoch 93/100 Iter 240/390 Loss 0.0006 Top1 99.98 Top5 100.00
2025-12-28 00:13:38,575 - INFO  - [NUDE][TRAIN] Epoch 93/100 Iter 260/390 Loss 0.0006 Top1 99.98 Top5 100.00
2025-12-28 00:13:44,783 - INFO  - [NUDE][TRAIN] Epoch 93/100 Iter 280/390 Loss 0.0006 Top1 99.98 Top5 100.00
2025-12-28 00:13:50,910 - INFO  - [NUDE][TRAIN] Epoch 93/100 Iter 300/390 Loss 0.0006 Top1 99.98 Top5 100.00
2025-12-28 00:13:57,047 - INFO  - [NUDE][TRAIN] Epoch 93/100 Iter 320/390 Loss 0.0006 Top1 99.99 Top5 100.00
2025-12-28 00:14:03,168 - INFO  - [NUDE][TRAIN] Epoch 93/100 Iter 340/390 Loss 0.0006 Top1 99.99 Top5 100.00
2025-12-28 00:14:09,299 - INFO  - [NUDE][TRAIN] Epoch 93/100 Iter 360/390 Loss 0.0006 Top1 99.98 Top5 100.00
2025-12-28 00:14:15,551 - INFO  - [NUDE][TRAIN] Epoch 93/100 Iter 380/390 Loss 0.0006 Top1 99.99 Top5 100.00
2025-12-28 00:14:18,662 - INFO  - [NUDE] Validate: force max bit-width W/A = 6
2025-12-28 00:14:20,894 - INFO  - [NUDE][EPOCH] 93/100 Train: Top1=99.98 Top5=100.00 Loss=0.0006 | Val(EMA): Top1=93.27
2025-12-28 00:14:20,895 - INFO  -   ⏱️  本Epoch耗时: 2分3秒 | 平均Epoch耗时: 2分3秒 | 剩余Epoch数: 6
2025-12-28 00:14:20,895 - INFO  -   📅 预估剩余时间: 12分18秒 | 预估完成时间: 2025-12-28 00:26:39
2025-12-28 00:14:21,494 - INFO  - ([94] Epoch) Saving checkpoint to:
             Current: /root/autodl-tmp/retraining-free-quantization/training/r18_c10_nude_0.02_wrnorm_0.5/r18_c10_nude_0.02_wrnorm_0.5_checkpoint.pth.tar

2025-12-28 00:14:21,498 - INFO  - 🎲 Epoch 94: FaultInjector seed rotated to 136
2025-12-28 00:14:21,505 - INFO  - [NUDE] Epoch 94: force max bit-width W/A = 6
2025-12-28 00:14:21,505 - INFO  - ================================================================================
2025-12-28 00:14:21,505 - INFO  - 🔥 [NUDE] BFAT ACTIVE
2025-12-28 00:14:21,505 - INFO  -    Loss Type: direct_ce
2025-12-28 00:14:21,505 - INFO  -    Proj Mode: direction
2025-12-28 00:14:21,506 - INFO  -    Injection: All Bits
2025-12-28 00:14:21,506 - INFO  - ================================================================================
2025-12-28 00:14:27,955 - INFO  - [NUDE][TRAIN] Epoch 94/100 Iter 20/390 Loss 0.0004 Top1 100.00 Top5 100.00
2025-12-28 00:14:34,223 - INFO  - [NUDE][TRAIN] Epoch 94/100 Iter 40/390 Loss 0.0003 Top1 100.00 Top5 100.00
2025-12-28 00:14:40,391 - INFO  - [NUDE][TRAIN] Epoch 94/100 Iter 60/390 Loss 0.0003 Top1 100.00 Top5 100.00
2025-12-28 00:14:46,688 - INFO  - [NUDE][TRAIN] Epoch 94/100 Iter 80/390 Loss 0.0004 Top1 100.00 Top5 100.00
2025-12-28 00:14:52,893 - INFO  - [NUDE][TRAIN] Epoch 94/100 Iter 100/390 Loss 0.0004 Top1 100.00 Top5 100.00
2025-12-28 00:14:59,160 - INFO  - [NUDE][TRAIN] Epoch 94/100 Iter 120/390 Loss 0.0004 Top1 99.99 Top5 100.00
2025-12-28 00:15:05,444 - INFO  - [NUDE][TRAIN] Epoch 94/100 Iter 140/390 Loss 0.0004 Top1 99.99 Top5 100.00
2025-12-28 00:15:11,581 - INFO  - [NUDE][TRAIN] Epoch 94/100 Iter 160/390 Loss 0.0004 Top1 100.00 Top5 100.00
2025-12-28 00:15:17,834 - INFO  - [NUDE][TRAIN] Epoch 94/100 Iter 180/390 Loss 0.0005 Top1 99.99 Top5 100.00
2025-12-28 00:15:23,959 - INFO  - [NUDE][TRAIN] Epoch 94/100 Iter 200/390 Loss 0.0005 Top1 99.99 Top5 100.00
2025-12-28 00:15:30,217 - INFO  - [NUDE][TRAIN] Epoch 94/100 Iter 220/390 Loss 0.0005 Top1 99.99 Top5 100.00
2025-12-28 00:15:36,331 - INFO  - [NUDE][TRAIN] Epoch 94/100 Iter 240/390 Loss 0.0005 Top1 99.99 Top5 100.00
2025-12-28 00:15:42,365 - INFO  - [NUDE][TRAIN] Epoch 94/100 Iter 260/390 Loss 0.0005 Top1 99.99 Top5 100.00
2025-12-28 00:15:48,679 - INFO  - [NUDE][TRAIN] Epoch 94/100 Iter 280/390 Loss 0.0005 Top1 99.99 Top5 100.00
2025-12-28 00:15:54,834 - INFO  - [NUDE][TRAIN] Epoch 94/100 Iter 300/390 Loss 0.0005 Top1 99.99 Top5 100.00
2025-12-28 00:16:01,145 - INFO  - [NUDE][TRAIN] Epoch 94/100 Iter 320/390 Loss 0.0005 Top1 99.99 Top5 100.00
2025-12-28 00:16:07,430 - INFO  - [NUDE][TRAIN] Epoch 94/100 Iter 340/390 Loss 0.0005 Top1 99.99 Top5 100.00
2025-12-28 00:16:13,589 - INFO  - [NUDE][TRAIN] Epoch 94/100 Iter 360/390 Loss 0.0005 Top1 99.99 Top5 100.00
2025-12-28 00:16:19,825 - INFO  - [NUDE][TRAIN] Epoch 94/100 Iter 380/390 Loss 0.0005 Top1 99.99 Top5 100.00
2025-12-28 00:16:22,935 - INFO  - [NUDE] Validate: force max bit-width W/A = 6
2025-12-28 00:16:25,183 - INFO  - [NUDE][EPOCH] 94/100 Train: Top1=99.99 Top5=100.00 Loss=0.0005 | Val(EMA): Top1=93.37
2025-12-28 00:16:25,183 - INFO  -   ⏱️  本Epoch耗时: 2分3秒 | 平均Epoch耗时: 2分3秒 | 剩余Epoch数: 5
2025-12-28 00:16:25,183 - INFO  -   📅 预估剩余时间: 10分16秒 | 预估完成时间: 2025-12-28 00:26:41
2025-12-28 00:16:25,790 - INFO  - ([95] Epoch) Saving checkpoint to:
             Current: /root/autodl-tmp/retraining-free-quantization/training/r18_c10_nude_0.02_wrnorm_0.5/r18_c10_nude_0.02_wrnorm_0.5_checkpoint.pth.tar

2025-12-28 00:16:25,793 - INFO  - 🎲 Epoch 95: FaultInjector seed rotated to 137
2025-12-28 00:16:25,801 - INFO  - [NUDE] Epoch 95: force max bit-width W/A = 6
2025-12-28 00:16:25,801 - INFO  - ================================================================================
2025-12-28 00:16:25,801 - INFO  - 🔥 [NUDE] BFAT ACTIVE
2025-12-28 00:16:25,801 - INFO  -    Loss Type: direct_ce
2025-12-28 00:16:25,801 - INFO  -    Proj Mode: direction
2025-12-28 00:16:25,801 - INFO  -    Injection: All Bits
2025-12-28 00:16:25,801 - INFO  - ================================================================================
2025-12-28 00:16:32,257 - INFO  - [NUDE][TRAIN] Epoch 95/100 Iter 20/390 Loss 0.0004 Top1 100.00 Top5 100.00
2025-12-28 00:16:38,542 - INFO  - [NUDE][TRAIN] Epoch 95/100 Iter 40/390 Loss 0.0004 Top1 100.00 Top5 100.00
2025-12-28 00:16:44,676 - INFO  - [NUDE][TRAIN] Epoch 95/100 Iter 60/390 Loss 0.0004 Top1 100.00 Top5 100.00
2025-12-28 00:16:50,971 - INFO  - [NUDE][TRAIN] Epoch 95/100 Iter 80/390 Loss 0.0004 Top1 100.00 Top5 100.00
2025-12-28 00:16:57,105 - INFO  - [NUDE][TRAIN] Epoch 95/100 Iter 100/390 Loss 0.0003 Top1 100.00 Top5 100.00
2025-12-28 00:17:03,333 - INFO  - [NUDE][TRAIN] Epoch 95/100 Iter 120/390 Loss 0.0004 Top1 100.00 Top5 100.00
2025-12-28 00:17:09,516 - INFO  - [NUDE][TRAIN] Epoch 95/100 Iter 140/390 Loss 0.0004 Top1 100.00 Top5 100.00
2025-12-28 00:17:15,548 - INFO  - [NUDE][TRAIN] Epoch 95/100 Iter 160/390 Loss 0.0004 Top1 100.00 Top5 100.00
2025-12-28 00:17:21,683 - INFO  - [NUDE][TRAIN] Epoch 95/100 Iter 180/390 Loss 0.0004 Top1 100.00 Top5 100.00
2025-12-28 00:17:27,811 - INFO  - [NUDE][TRAIN] Epoch 95/100 Iter 200/390 Loss 0.0004 Top1 100.00 Top5 100.00
2025-12-28 00:17:34,149 - INFO  - [NUDE][TRAIN] Epoch 95/100 Iter 220/390 Loss 0.0004 Top1 100.00 Top5 100.00
2025-12-28 00:17:40,393 - INFO  - [NUDE][TRAIN] Epoch 95/100 Iter 240/390 Loss 0.0005 Top1 100.00 Top5 100.00
2025-12-28 00:17:46,546 - INFO  - [NUDE][TRAIN] Epoch 95/100 Iter 260/390 Loss 0.0005 Top1 99.99 Top5 100.00
2025-12-28 00:17:52,822 - INFO  - [NUDE][TRAIN] Epoch 95/100 Iter 280/390 Loss 0.0005 Top1 99.99 Top5 100.00
2025-12-28 00:17:58,989 - INFO  - [NUDE][TRAIN] Epoch 95/100 Iter 300/390 Loss 0.0005 Top1 99.99 Top5 100.00
2025-12-28 00:18:05,237 - INFO  - [NUDE][TRAIN] Epoch 95/100 Iter 320/390 Loss 0.0006 Top1 99.99 Top5 100.00
2025-12-28 00:18:11,509 - INFO  - [NUDE][TRAIN] Epoch 95/100 Iter 340/390 Loss 0.0006 Top1 99.99 Top5 100.00
2025-12-28 00:18:17,657 - INFO  - [NUDE][TRAIN] Epoch 95/100 Iter 360/390 Loss 0.0005 Top1 99.99 Top5 100.00
2025-12-28 00:18:23,894 - INFO  - [NUDE][TRAIN] Epoch 95/100 Iter 380/390 Loss 0.0005 Top1 99.99 Top5 100.00
2025-12-28 00:18:27,018 - INFO  - [NUDE] Validate: force max bit-width W/A = 6
2025-12-28 00:18:29,292 - INFO  - [NUDE][EPOCH] 95/100 Train: Top1=99.99 Top5=100.00 Loss=0.0005 | Val(EMA): Top1=93.19
2025-12-28 00:18:29,293 - INFO  -   ⏱️  本Epoch耗时: 2分3秒 | 平均Epoch耗时: 2分3秒 | 剩余Epoch数: 4
2025-12-28 00:18:29,293 - INFO  -   📅 预估剩余时间: 8分13秒 | 预估完成时间: 2025-12-28 00:26:42
2025-12-28 00:18:30,088 - INFO  - ([96] Epoch) Saving checkpoint to:
             Current: /root/autodl-tmp/retraining-free-quantization/training/r18_c10_nude_0.02_wrnorm_0.5/r18_c10_nude_0.02_wrnorm_0.5_checkpoint.pth.tar

2025-12-28 00:18:30,091 - INFO  - 🎲 Epoch 96: FaultInjector seed rotated to 138
2025-12-28 00:18:30,099 - INFO  - [NUDE] Epoch 96: force max bit-width W/A = 6
2025-12-28 00:18:30,099 - INFO  - ================================================================================
2025-12-28 00:18:30,099 - INFO  - 🔥 [NUDE] BFAT ACTIVE
2025-12-28 00:18:30,099 - INFO  -    Loss Type: direct_ce
2025-12-28 00:18:30,099 - INFO  -    Proj Mode: direction
2025-12-28 00:18:30,099 - INFO  -    Injection: All Bits
2025-12-28 00:18:30,100 - INFO  - ================================================================================
2025-12-28 00:18:36,485 - INFO  - [NUDE][TRAIN] Epoch 96/100 Iter 20/390 Loss 0.0005 Top1 100.00 Top5 100.00
2025-12-28 00:18:42,744 - INFO  - [NUDE][TRAIN] Epoch 96/100 Iter 40/390 Loss 0.0006 Top1 100.00 Top5 100.00
2025-12-28 00:18:48,796 - INFO  - [NUDE][TRAIN] Epoch 96/100 Iter 60/390 Loss 0.0006 Top1 100.00 Top5 100.00
2025-12-28 00:18:54,918 - INFO  - [NUDE][TRAIN] Epoch 96/100 Iter 80/390 Loss 0.0005 Top1 100.00 Top5 100.00
2025-12-28 00:19:00,971 - INFO  - [NUDE][TRAIN] Epoch 96/100 Iter 100/390 Loss 0.0006 Top1 99.99 Top5 100.00
2025-12-28 00:19:07,195 - INFO  - [NUDE][TRAIN] Epoch 96/100 Iter 120/390 Loss 0.0005 Top1 99.99 Top5 100.00
2025-12-28 00:19:13,429 - INFO  - [NUDE][TRAIN] Epoch 96/100 Iter 140/390 Loss 0.0005 Top1 99.99 Top5 100.00
2025-12-28 00:19:19,577 - INFO  - [NUDE][TRAIN] Epoch 96/100 Iter 160/390 Loss 0.0006 Top1 99.99 Top5 100.00
2025-12-28 00:19:25,847 - INFO  - [NUDE][TRAIN] Epoch 96/100 Iter 180/390 Loss 0.0006 Top1 99.99 Top5 100.00
2025-12-28 00:19:31,977 - INFO  - [NUDE][TRAIN] Epoch 96/100 Iter 200/390 Loss 0.0006 Top1 99.98 Top5 100.00
2025-12-28 00:19:38,225 - INFO  - [NUDE][TRAIN] Epoch 96/100 Iter 220/390 Loss 0.0006 Top1 99.99 Top5 100.00
2025-12-28 00:19:44,437 - INFO  - [NUDE][TRAIN] Epoch 96/100 Iter 240/390 Loss 0.0006 Top1 99.99 Top5 100.00
2025-12-28 00:19:50,595 - INFO  - [NUDE][TRAIN] Epoch 96/100 Iter 260/390 Loss 0.0006 Top1 99.99 Top5 100.00
2025-12-28 00:19:56,823 - INFO  - [NUDE][TRAIN] Epoch 96/100 Iter 280/390 Loss 0.0005 Top1 99.99 Top5 100.00
2025-12-28 00:20:03,087 - INFO  - [NUDE][TRAIN] Epoch 96/100 Iter 300/390 Loss 0.0005 Top1 99.99 Top5 100.00
2025-12-28 00:20:09,235 - INFO  - [NUDE][TRAIN] Epoch 96/100 Iter 320/390 Loss 0.0005 Top1 99.99 Top5 100.00
2025-12-28 00:20:15,503 - INFO  - [NUDE][TRAIN] Epoch 96/100 Iter 340/390 Loss 0.0005 Top1 99.99 Top5 100.00
2025-12-28 00:20:21,671 - INFO  - [NUDE][TRAIN] Epoch 96/100 Iter 360/390 Loss 0.0005 Top1 99.99 Top5 100.00
2025-12-28 00:20:27,850 - INFO  - [NUDE][TRAIN] Epoch 96/100 Iter 380/390 Loss 0.0005 Top1 99.99 Top5 100.00
2025-12-28 00:20:30,902 - INFO  - [NUDE] Validate: force max bit-width W/A = 6
2025-12-28 00:20:33,109 - INFO  - [NUDE][EPOCH] 96/100 Train: Top1=99.99 Top5=100.00 Loss=0.0005 | Val(EMA): Top1=93.10
2025-12-28 00:20:33,110 - INFO  -   ⏱️  本Epoch耗时: 2分3秒 | 平均Epoch耗时: 2分3秒 | 剩余Epoch数: 3
2025-12-28 00:20:33,110 - INFO  -   📅 预估剩余时间: 6分9秒 | 预估完成时间: 2025-12-28 00:26:42
2025-12-28 00:20:33,821 - INFO  - ([97] Epoch) Saving checkpoint to:
             Current: /root/autodl-tmp/retraining-free-quantization/training/r18_c10_nude_0.02_wrnorm_0.5/r18_c10_nude_0.02_wrnorm_0.5_checkpoint.pth.tar

2025-12-28 00:20:33,824 - INFO  - 🎲 Epoch 97: FaultInjector seed rotated to 139
2025-12-28 00:20:33,832 - INFO  - [NUDE] Epoch 97: force max bit-width W/A = 6
2025-12-28 00:20:33,832 - INFO  - ================================================================================
2025-12-28 00:20:33,832 - INFO  - 🔥 [NUDE] BFAT ACTIVE
2025-12-28 00:20:33,832 - INFO  -    Loss Type: direct_ce
2025-12-28 00:20:33,832 - INFO  -    Proj Mode: direction
2025-12-28 00:20:33,832 - INFO  -    Injection: All Bits
2025-12-28 00:20:33,832 - INFO  - ================================================================================
2025-12-28 00:20:40,096 - INFO  - [NUDE][TRAIN] Epoch 97/100 Iter 20/390 Loss 0.0003 Top1 100.00 Top5 100.00
2025-12-28 00:20:46,394 - INFO  - [NUDE][TRAIN] Epoch 97/100 Iter 40/390 Loss 0.0005 Top1 99.98 Top5 100.00
2025-12-28 00:20:52,537 - INFO  - [NUDE][TRAIN] Epoch 97/100 Iter 60/390 Loss 0.0006 Top1 99.99 Top5 100.00
2025-12-28 00:20:58,790 - INFO  - [NUDE][TRAIN] Epoch 97/100 Iter 80/390 Loss 0.0006 Top1 99.99 Top5 100.00
2025-12-28 00:21:04,964 - INFO  - [NUDE][TRAIN] Epoch 97/100 Iter 100/390 Loss 0.0005 Top1 99.99 Top5 100.00
2025-12-28 00:21:11,221 - INFO  - [NUDE][TRAIN] Epoch 97/100 Iter 120/390 Loss 0.0005 Top1 99.99 Top5 100.00
2025-12-28 00:21:17,465 - INFO  - [NUDE][TRAIN] Epoch 97/100 Iter 140/390 Loss 0.0005 Top1 99.99 Top5 100.00
2025-12-28 00:21:23,611 - INFO  - [NUDE][TRAIN] Epoch 97/100 Iter 160/390 Loss 0.0004 Top1 100.00 Top5 100.00
2025-12-28 00:21:29,940 - INFO  - [NUDE][TRAIN] Epoch 97/100 Iter 180/390 Loss 0.0004 Top1 100.00 Top5 100.00
2025-12-28 00:21:36,165 - INFO  - [NUDE][TRAIN] Epoch 97/100 Iter 200/390 Loss 0.0004 Top1 100.00 Top5 100.00
2025-12-28 00:21:42,380 - INFO  - [NUDE][TRAIN] Epoch 97/100 Iter 220/390 Loss 0.0004 Top1 100.00 Top5 100.00
2025-12-28 00:21:48,621 - INFO  - [NUDE][TRAIN] Epoch 97/100 Iter 240/390 Loss 0.0004 Top1 100.00 Top5 100.00
2025-12-28 00:21:54,781 - INFO  - [NUDE][TRAIN] Epoch 97/100 Iter 260/390 Loss 0.0004 Top1 100.00 Top5 100.00
2025-12-28 00:22:01,087 - INFO  - [NUDE][TRAIN] Epoch 97/100 Iter 280/390 Loss 0.0004 Top1 99.99 Top5 100.00
2025-12-28 00:22:07,155 - INFO  - [NUDE][TRAIN] Epoch 97/100 Iter 300/390 Loss 0.0004 Top1 99.99 Top5 100.00
2025-12-28 00:22:13,308 - INFO  - [NUDE][TRAIN] Epoch 97/100 Iter 320/390 Loss 0.0004 Top1 100.00 Top5 100.00
2025-12-28 00:22:19,516 - INFO  - [NUDE][TRAIN] Epoch 97/100 Iter 340/390 Loss 0.0004 Top1 99.99 Top5 100.00
2025-12-28 00:22:25,688 - INFO  - [NUDE][TRAIN] Epoch 97/100 Iter 360/390 Loss 0.0004 Top1 99.99 Top5 100.00
2025-12-28 00:22:32,025 - INFO  - [NUDE][TRAIN] Epoch 97/100 Iter 380/390 Loss 0.0004 Top1 99.99 Top5 100.00
2025-12-28 00:22:35,124 - INFO  - [NUDE] Validate: force max bit-width W/A = 6
2025-12-28 00:22:37,378 - INFO  - [NUDE][EPOCH] 97/100 Train: Top1=99.99 Top5=100.00 Loss=0.0004 | Val(EMA): Top1=93.24
2025-12-28 00:22:37,378 - INFO  -   ⏱️  本Epoch耗时: 2分3秒 | 平均Epoch耗时: 2分3秒 | 剩余Epoch数: 2
2025-12-28 00:22:37,378 - INFO  -   📅 预估剩余时间: 4分6秒 | 预估完成时间: 2025-12-28 00:26:44
2025-12-28 00:22:38,102 - INFO  - ([98] Epoch) Saving checkpoint to:
             Current: /root/autodl-tmp/retraining-free-quantization/training/r18_c10_nude_0.02_wrnorm_0.5/r18_c10_nude_0.02_wrnorm_0.5_checkpoint.pth.tar

2025-12-28 00:22:38,105 - INFO  - 🎲 Epoch 98: FaultInjector seed rotated to 140
2025-12-28 00:22:38,113 - INFO  - [NUDE] Epoch 98: force max bit-width W/A = 6
2025-12-28 00:22:38,113 - INFO  - ================================================================================
2025-12-28 00:22:38,113 - INFO  - 🔥 [NUDE] BFAT ACTIVE
2025-12-28 00:22:38,113 - INFO  -    Loss Type: direct_ce
2025-12-28 00:22:38,114 - INFO  -    Proj Mode: direction
2025-12-28 00:22:38,114 - INFO  -    Injection: All Bits
2025-12-28 00:22:38,114 - INFO  - ================================================================================
2025-12-28 00:22:44,623 - INFO  - [NUDE][TRAIN] Epoch 98/100 Iter 20/390 Loss 0.0005 Top1 100.00 Top5 100.00
2025-12-28 00:22:50,890 - INFO  - [NUDE][TRAIN] Epoch 98/100 Iter 40/390 Loss 0.0005 Top1 100.00 Top5 100.00
2025-12-28 00:22:57,024 - INFO  - [NUDE][TRAIN] Epoch 98/100 Iter 60/390 Loss 0.0004 Top1 100.00 Top5 100.00
2025-12-28 00:23:03,244 - INFO  - [NUDE][TRAIN] Epoch 98/100 Iter 80/390 Loss 0.0004 Top1 100.00 Top5 100.00
2025-12-28 00:23:09,400 - INFO  - [NUDE][TRAIN] Epoch 98/100 Iter 100/390 Loss 0.0004 Top1 100.00 Top5 100.00
2025-12-28 00:23:15,660 - INFO  - [NUDE][TRAIN] Epoch 98/100 Iter 120/390 Loss 0.0004 Top1 100.00 Top5 100.00
2025-12-28 00:23:21,915 - INFO  - [NUDE][TRAIN] Epoch 98/100 Iter 140/390 Loss 0.0004 Top1 100.00 Top5 100.00
2025-12-28 00:23:28,079 - INFO  - [NUDE][TRAIN] Epoch 98/100 Iter 160/390 Loss 0.0004 Top1 100.00 Top5 100.00
2025-12-28 00:23:34,325 - INFO  - [NUDE][TRAIN] Epoch 98/100 Iter 180/390 Loss 0.0004 Top1 100.00 Top5 100.00
2025-12-28 00:23:40,483 - INFO  - [NUDE][TRAIN] Epoch 98/100 Iter 200/390 Loss 0.0004 Top1 100.00 Top5 100.00
2025-12-28 00:23:46,629 - INFO  - [NUDE][TRAIN] Epoch 98/100 Iter 220/390 Loss 0.0004 Top1 100.00 Top5 100.00
2025-12-28 00:23:52,742 - INFO  - [NUDE][TRAIN] Epoch 98/100 Iter 240/390 Loss 0.0004 Top1 100.00 Top5 100.00
2025-12-28 00:23:58,826 - INFO  - [NUDE][TRAIN] Epoch 98/100 Iter 260/390 Loss 0.0004 Top1 100.00 Top5 100.00
2025-12-28 00:24:05,066 - INFO  - [NUDE][TRAIN] Epoch 98/100 Iter 280/390 Loss 0.0004 Top1 100.00 Top5 100.00
2025-12-28 00:24:11,195 - INFO  - [NUDE][TRAIN] Epoch 98/100 Iter 300/390 Loss 0.0004 Top1 100.00 Top5 100.00
2025-12-28 00:24:17,422 - INFO  - [NUDE][TRAIN] Epoch 98/100 Iter 320/390 Loss 0.0004 Top1 100.00 Top5 100.00
2025-12-28 00:24:23,644 - INFO  - [NUDE][TRAIN] Epoch 98/100 Iter 340/390 Loss 0.0004 Top1 100.00 Top5 100.00
2025-12-28 00:24:29,795 - INFO  - [NUDE][TRAIN] Epoch 98/100 Iter 360/390 Loss 0.0004 Top1 100.00 Top5 100.00
2025-12-28 00:24:36,041 - INFO  - [NUDE][TRAIN] Epoch 98/100 Iter 380/390 Loss 0.0004 Top1 100.00 Top5 100.00
2025-12-28 00:24:39,158 - INFO  - [NUDE] Validate: force max bit-width W/A = 6
2025-12-28 00:24:41,391 - INFO  - [NUDE][EPOCH] 98/100 Train: Top1=100.00 Top5=100.00 Loss=0.0004 | Val(EMA): Top1=93.26
2025-12-28 00:24:41,391 - INFO  -   ⏱️  本Epoch耗时: 2分3秒 | 平均Epoch耗时: 2分3秒 | 剩余Epoch数: 1
2025-12-28 00:24:41,391 - INFO  -   📅 预估剩余时间: 2分3秒 | 预估完成时间: 2025-12-28 00:26:44
2025-12-28 00:24:41,993 - INFO  - ([99] Epoch) Saving checkpoint to:
             Current: /root/autodl-tmp/retraining-free-quantization/training/r18_c10_nude_0.02_wrnorm_0.5/r18_c10_nude_0.02_wrnorm_0.5_checkpoint.pth.tar

2025-12-28 00:24:41,996 - INFO  - 🎲 Epoch 99: FaultInjector seed rotated to 141
2025-12-28 00:24:42,003 - INFO  - [NUDE] Epoch 99: force max bit-width W/A = 6
2025-12-28 00:24:42,004 - INFO  - ================================================================================
2025-12-28 00:24:42,004 - INFO  - 🔥 [NUDE] BFAT ACTIVE
2025-12-28 00:24:42,004 - INFO  -    Loss Type: direct_ce
2025-12-28 00:24:42,004 - INFO  -    Proj Mode: direction
2025-12-28 00:24:42,004 - INFO  -    Injection: All Bits
2025-12-28 00:24:42,004 - INFO  - ================================================================================
2025-12-28 00:24:48,504 - INFO  - [NUDE][TRAIN] Epoch 99/100 Iter 20/390 Loss 0.0016 Top1 99.96 Top5 100.00
2025-12-28 00:24:54,771 - INFO  - [NUDE][TRAIN] Epoch 99/100 Iter 40/390 Loss 0.0010 Top1 99.98 Top5 100.00
2025-12-28 00:25:00,914 - INFO  - [NUDE][TRAIN] Epoch 99/100 Iter 60/390 Loss 0.0007 Top1 99.99 Top5 100.00
2025-12-28 00:25:07,224 - INFO  - [NUDE][TRAIN] Epoch 99/100 Iter 80/390 Loss 0.0006 Top1 99.99 Top5 100.00
2025-12-28 00:25:13,356 - INFO  - [NUDE][TRAIN] Epoch 99/100 Iter 100/390 Loss 0.0006 Top1 99.99 Top5 100.00
2025-12-28 00:25:19,632 - INFO  - [NUDE][TRAIN] Epoch 99/100 Iter 120/390 Loss 0.0007 Top1 99.98 Top5 100.00
2025-12-28 00:25:25,748 - INFO  - [NUDE][TRAIN] Epoch 99/100 Iter 140/390 Loss 0.0007 Top1 99.98 Top5 100.00
2025-12-28 00:25:31,776 - INFO  - [NUDE][TRAIN] Epoch 99/100 Iter 160/390 Loss 0.0007 Top1 99.98 Top5 100.00
2025-12-28 00:25:37,955 - INFO  - [NUDE][TRAIN] Epoch 99/100 Iter 180/390 Loss 0.0007 Top1 99.98 Top5 100.00
2025-12-28 00:25:44,092 - INFO  - [NUDE][TRAIN] Epoch 99/100 Iter 200/390 Loss 0.0007 Top1 99.98 Top5 100.00
2025-12-28 00:25:50,420 - INFO  - [NUDE][TRAIN] Epoch 99/100 Iter 220/390 Loss 0.0007 Top1 99.98 Top5 100.00
2025-12-28 00:25:56,736 - INFO  - [NUDE][TRAIN] Epoch 99/100 Iter 240/390 Loss 0.0007 Top1 99.98 Top5 100.00
2025-12-28 00:26:02,890 - INFO  - [NUDE][TRAIN] Epoch 99/100 Iter 260/390 Loss 0.0006 Top1 99.98 Top5 100.00
2025-12-28 00:26:09,143 - INFO  - [NUDE][TRAIN] Epoch 99/100 Iter 280/390 Loss 0.0006 Top1 99.98 Top5 100.00
2025-12-28 00:26:15,344 - INFO  - [NUDE][TRAIN] Epoch 99/100 Iter 300/390 Loss 0.0006 Top1 99.98 Top5 100.00
2025-12-28 00:26:21,585 - INFO  - [NUDE][TRAIN] Epoch 99/100 Iter 320/390 Loss 0.0006 Top1 99.99 Top5 100.00
2025-12-28 00:26:27,811 - INFO  - [NUDE][TRAIN] Epoch 99/100 Iter 340/390 Loss 0.0006 Top1 99.99 Top5 100.00
2025-12-28 00:26:33,970 - INFO  - [NUDE][TRAIN] Epoch 99/100 Iter 360/390 Loss 0.0006 Top1 99.99 Top5 100.00
2025-12-28 00:26:40,191 - INFO  - [NUDE][TRAIN] Epoch 99/100 Iter 380/390 Loss 0.0006 Top1 99.99 Top5 100.00
2025-12-28 00:26:43,308 - INFO  - [NUDE] Validate: force max bit-width W/A = 6
2025-12-28 00:26:45,540 - INFO  - [NUDE][EPOCH] 99/100 Train: Top1=99.99 Top5=100.00 Loss=0.0006 | Val(EMA): Top1=93.26
2025-12-28 00:26:45,540 - INFO  -   ⏱️  本Epoch耗时: 2分3秒 | 平均Epoch耗时: 2分3秒 | 剩余Epoch数: 0
2025-12-28 00:26:45,540 - INFO  -   ✅ 训练完成！总耗时: 3小时29分16秒
2025-12-28 00:26:46,143 - INFO  - ([100] Epoch) Saving checkpoint to:
             Current: /root/autodl-tmp/retraining-free-quantization/training/r18_c10_nude_0.02_wrnorm_0.5/r18_c10_nude_0.02_wrnorm_0.5_checkpoint.pth.tar

