2025-12-30 13:24:27,023 - INFO  - Log file for this run: /root/autodl-tmp/retraining-free-quantization/training/r18_c10_nude_0.02_all_bits_orth/r18_c10_nude_0.02_all_bits_orth.log
2025-12-30 13:24:27,028 - INFO  - TensorBoard data directory: /root/autodl-tmp/retraining-free-quantization/training/r18_c10_nude_0.02_all_bits_orth/tb_runs
2025-12-30 13:24:27,029 - INFO  - Code backup completed. Code saved to: /root/autodl-tmp/retraining-free-quantization/training/r18_c10_nude_0.02_all_bits_orth/code/.cursor
2025-12-30 13:24:27,029 - INFO  - Code backup completed. Code saved to: /root/autodl-tmp/retraining-free-quantization/training/r18_c10_nude_0.02_all_bits_orth/code/.vscode
2025-12-30 13:24:27,029 - INFO  - Code backup completed. Code saved to: /root/autodl-tmp/retraining-free-quantization/training/r18_c10_nude_0.02_all_bits_orth/code/activation_dumps/denoise_restorer/clean/clean
2025-12-30 13:24:27,029 - INFO  - Code backup completed. Code saved to: /root/autodl-tmp/retraining-free-quantization/training/r18_c10_nude_0.02_all_bits_orth/code/activation_dumps/denoise_restorer/clean
2025-12-30 13:24:27,029 - INFO  - Code backup completed. Code saved to: /root/autodl-tmp/retraining-free-quantization/training/r18_c10_nude_0.02_all_bits_orth/code/activation_dumps/denoise_restorer/fault/fault
2025-12-30 13:24:27,029 - INFO  - Code backup completed. Code saved to: /root/autodl-tmp/retraining-free-quantization/training/r18_c10_nude_0.02_all_bits_orth/code/activation_dumps/denoise_restorer/fault
2025-12-30 13:24:27,029 - INFO  - Code backup completed. Code saved to: /root/autodl-tmp/retraining-free-quantization/training/r18_c10_nude_0.02_all_bits_orth/code/activation_dumps/denoise_restorer
2025-12-30 13:24:27,029 - INFO  - Code backup completed. Code saved to: /root/autodl-tmp/retraining-free-quantization/training/r18_c10_nude_0.02_all_bits_orth/code/activation_dumps
2025-12-30 13:24:27,029 - INFO  - Code backup completed. Code saved to: /root/autodl-tmp/retraining-free-quantization/training/r18_c10_nude_0.02_all_bits_orth/code/checkpoints
2025-12-30 13:24:27,029 - INFO  - Code backup completed. Code saved to: /root/autodl-tmp/retraining-free-quantization/training/r18_c10_nude_0.02_all_bits_orth/code/configs/restorer
2025-12-30 13:24:27,029 - INFO  - Code backup completed. Code saved to: /root/autodl-tmp/retraining-free-quantization/training/r18_c10_nude_0.02_all_bits_orth/code/configs
2025-12-30 13:24:27,029 - INFO  - Code backup completed. Code saved to: /root/autodl-tmp/retraining-free-quantization/training/r18_c10_nude_0.02_all_bits_orth/code/docs
2025-12-30 13:24:27,029 - INFO  - Code backup completed. Code saved to: /root/autodl-tmp/retraining-free-quantization/training/r18_c10_nude_0.02_all_bits_orth/code/layer_profiles
2025-12-30 13:24:27,030 - INFO  - Code backup completed. Code saved to: /root/autodl-tmp/retraining-free-quantization/training/r18_c10_nude_0.02_all_bits_orth/code/learning_heads
2025-12-30 13:24:27,030 - INFO  - Code backup completed. Code saved to: /root/autodl-tmp/retraining-free-quantization/training/r18_c10_nude_0.02_all_bits_orth/code/logs/restorer_pipeline
2025-12-30 13:24:27,030 - INFO  - Code backup completed. Code saved to: /root/autodl-tmp/retraining-free-quantization/training/r18_c10_nude_0.02_all_bits_orth/code/logs/sensitive_layer_sets
2025-12-30 13:24:27,030 - INFO  - Code backup completed. Code saved to: /root/autodl-tmp/retraining-free-quantization/training/r18_c10_nude_0.02_all_bits_orth/code/logs
2025-12-30 13:24:27,030 - INFO  - Copied code file: __init__.py
2025-12-30 13:24:27,031 - INFO  - Copied code file: alexnet_cifar.py
2025-12-30 13:24:27,031 - INFO  - Copied code file: mobilenetv2.py
2025-12-30 13:24:27,031 - INFO  - Copied code file: model.py
2025-12-30 13:24:27,031 - INFO  - Copied code file: resnet_cifar.py
2025-12-30 13:24:27,031 - INFO  - Code backup completed. Code saved to: /root/autodl-tmp/retraining-free-quantization/training/r18_c10_nude_0.02_all_bits_orth/code/model
2025-12-30 13:24:27,031 - INFO  - Copied code file: __init__.py
2025-12-30 13:24:27,031 - INFO  - Copied code file: lsq.py
2025-12-30 13:24:27,032 - INFO  - Copied code file: quantizer.py
2025-12-30 13:24:27,032 - INFO  - Code backup completed. Code saved to: /root/autodl-tmp/retraining-free-quantization/training/r18_c10_nude_0.02_all_bits_orth/code/quan/quantizer
2025-12-30 13:24:27,032 - INFO  - Copied code file: __init__.py
2025-12-30 13:24:27,032 - INFO  - Copied code file: func.py
2025-12-30 13:24:27,032 - INFO  - Copied code file: utils.py
2025-12-30 13:24:27,032 - INFO  - Code backup completed. Code saved to: /root/autodl-tmp/retraining-free-quantization/training/r18_c10_nude_0.02_all_bits_orth/code/quan
2025-12-30 13:24:27,032 - INFO  - Code backup completed. Code saved to: /root/autodl-tmp/retraining-free-quantization/training/r18_c10_nude_0.02_all_bits_orth/code/sensitive_training/alexnet_cifar10_sensitive_stage2/tb_runs
2025-12-30 13:24:27,032 - INFO  - Code backup completed. Code saved to: /root/autodl-tmp/retraining-free-quantization/training/r18_c10_nude_0.02_all_bits_orth/code/sensitive_training/alexnet_cifar10_sensitive_stage2
2025-12-30 13:24:27,033 - INFO  - Code backup completed. Code saved to: /root/autodl-tmp/retraining-free-quantization/training/r18_c10_nude_0.02_all_bits_orth/code/sensitive_training/alexnet_cifar10_sensitive_stage2_transformer/tb_runs
2025-12-30 13:24:27,033 - INFO  - Code backup completed. Code saved to: /root/autodl-tmp/retraining-free-quantization/training/r18_c10_nude_0.02_all_bits_orth/code/sensitive_training/alexnet_cifar10_sensitive_stage2_transformer
2025-12-30 13:24:27,033 - INFO  - Code backup completed. Code saved to: /root/autodl-tmp/retraining-free-quantization/training/r18_c10_nude_0.02_all_bits_orth/code/sensitive_training
2025-12-30 13:24:27,033 - INFO  - Copied code file: analyze_corrector_logits.py
2025-12-30 13:24:27,033 - INFO  - Copied code file: analyze_fault_propagation.py
2025-12-30 13:24:27,033 - INFO  - Copied code file: analyze_layer_sensitivity.py
2025-12-30 13:24:27,033 - INFO  - Copied code file: test_fault_injection_baseline_resnet18.py
2025-12-30 13:24:27,033 - INFO  - Copied code file: analyze_multi_bit_sensitivity.py
2025-12-30 13:24:27,034 - INFO  - Copied code file: analyze_single_layer_fault_impact.py
2025-12-30 13:24:27,034 - INFO  - Copied code file: calculate_weight_flip_probability.py
2025-12-30 13:24:27,034 - INFO  - Copied code file: collect_layer_statistics.py
2025-12-30 13:24:27,034 - INFO  - Copied code file: diagnose_corrector_gap.py
2025-12-30 13:24:27,034 - INFO  - Copied code file: sweep_srqat.py
2025-12-30 13:24:27,034 - INFO  - Copied code file: eval_gradient_statistics_restorer.py
2025-12-30 13:24:27,035 - INFO  - Copied code file: eval_sensitive_layer_sets.py
2025-12-30 13:24:27,035 - INFO  - Copied code file: eval_sensitive_restorer.py
2025-12-30 13:24:27,035 - INFO  - Copied code file: eval_with_fault_injection.py
2025-12-30 13:24:27,035 - INFO  - Copied code file: compare_lsq_scales_with_checkpoint.py
2025-12-30 13:24:27,035 - INFO  - Copied code file: test_fault_injector.py
2025-12-30 13:24:27,035 - INFO  - Copied code file: analyze_srqat_scale_weight_norms.py
2025-12-30 13:24:27,035 - INFO  - Copied code file: test_gray_code_fault_injection.py
2025-12-30 13:24:27,036 - INFO  - Copied code file: test_olm_fault_injection.py
2025-12-30 13:24:27,036 - INFO  - Copied code file: export_srqat_penalty_stats.py
2025-12-30 13:24:27,036 - INFO  - Copied code file: train_learning_repair_head.py
2025-12-30 13:24:27,036 - INFO  - Copied code file: train_olm_encoder.py
2025-12-30 13:24:27,036 - INFO  - Copied code file: plot_weight_distribution_violin.py
2025-12-30 13:24:27,036 - INFO  - Copied code file: train_sensitive_repair_head.py
2025-12-30 13:24:27,036 - INFO  - Copied code file: visualize_fault_activation.py
2025-12-30 13:24:27,037 - INFO  - Copied code file: test_learnable_olm_vs_traditional_olm.py
2025-12-30 13:24:27,037 - INFO  - Copied code file: test_fault_injection_baseline.py
2025-12-30 13:24:27,037 - INFO  - Copied code file: analyze_olm_differences.py
2025-12-30 13:24:27,037 - INFO  - Copied code file: test_learnable_olm_consistency.py
2025-12-30 13:24:27,037 - INFO  - Copied code file: test_search_olm_from_checkpoint.py
2025-12-30 13:24:27,037 - INFO  - Copied code file: test_olm_layer_name_check.py
2025-12-30 13:24:27,038 - INFO  - Copied code file: compare_old_new_fault_injector.py
2025-12-30 13:24:27,038 - INFO  - Copied code file: verify_dec2_fault_injector.py
2025-12-30 13:24:27,038 - INFO  - Copied code file: verify_dec2_olm_fault_injection.py
2025-12-30 13:24:27,038 - INFO  - Copied code file: train_olm_encoder_improved.py
2025-12-30 13:24:27,038 - INFO  - Copied code file: train_olm_encoder_improved_v2.py
2025-12-30 13:24:27,038 - INFO  - Copied code file: train_olm_encoder_enhanced.py
2025-12-30 13:24:27,039 - INFO  - Copied code file: compare_olm_vs_gray_code.py
2025-12-30 13:24:27,039 - INFO  - Copied code file: test_bit_range_fault_injection.py
2025-12-30 13:24:27,039 - INFO  - Copied code file: train_olm_encoder_partial_bits.py
2025-12-30 13:24:27,039 - INFO  - Copied code file: test_bit7_flip_direction.py
2025-12-30 13:24:27,039 - INFO  - Copied code file: train_olm_encoder_hybrid.py
2025-12-30 13:24:27,039 - INFO  - Copied code file: train_olm_encoder_hybrid_v2.py
2025-12-30 13:24:27,039 - INFO  - Copied code file: test_hybrid_olm_fault_injection.py
2025-12-30 13:24:27,040 - INFO  - Copied code file: analyze_layerwise_activation_drift.py
2025-12-30 13:24:27,040 - INFO  - Copied code file: compare_models_activation_drift.py
2025-12-30 13:24:27,040 - INFO  - Copied code file: sweep_resnet18_srqat.py
2025-12-30 13:24:27,040 - INFO  - Copied code file: plot_activation_drift_paper.py
2025-12-30 13:24:27,040 - INFO  - Code backup completed. Code saved to: /root/autodl-tmp/retraining-free-quantization/training/r18_c10_nude_0.02_all_bits_orth/code/tools
2025-12-30 13:24:27,040 - INFO  - Copied code file: __init__.py
2025-12-30 13:24:27,040 - INFO  - Copied code file: bsam.py
2025-12-30 13:24:27,041 - INFO  - Copied code file: checkpoint.py
2025-12-30 13:24:27,041 - INFO  - Copied code file: config.py
2025-12-30 13:24:27,041 - INFO  - Copied code file: data_loader.py
2025-12-30 13:24:27,041 - INFO  - Copied code file: dist.py
2025-12-30 13:24:27,041 - INFO  - Copied code file: enhanced_feature_extractor.py
2025-12-30 13:24:27,041 - INFO  - Copied code file: olm_encoder_enhanced.py
2025-12-30 13:24:27,041 - INFO  - Copied code file: gradient_statistics_restorer.py
2025-12-30 13:24:27,042 - INFO  - Copied code file: greedy_search.py
2025-12-30 13:24:27,042 - INFO  - Copied code file: intermediate_layer_restorer.py
2025-12-30 13:24:27,042 - INFO  - Copied code file: intermediate_restorer_integration.py
2025-12-30 13:24:27,042 - INFO  - Copied code file: intermediate_restorer_trainer.py
2025-12-30 13:24:27,042 - INFO  - Copied code file: layerwise_rl_restorer.py
2025-12-30 13:24:27,042 - INFO  - Copied code file: loss_ops.py
2025-12-30 13:24:27,043 - INFO  - Copied code file: lsq_sam.py
2025-12-30 13:24:27,043 - INFO  - Copied code file: model_ema.py
2025-12-30 13:24:27,043 - INFO  - Copied code file: monitor.py
2025-12-30 13:24:27,043 - INFO  - Copied code file: mpq.py
2025-12-30 13:24:27,043 - INFO  - Copied code file: olm_encoder.py
2025-12-30 13:24:27,043 - INFO  - Copied code file: output_corrector.py
2025-12-30 13:24:27,043 - INFO  - Copied code file: progressive_ber_scheduler.py
2025-12-30 13:24:27,044 - INFO  - Copied code file: qat.py
2025-12-30 13:24:27,044 - INFO  - Copied code file: random_search.py
2025-12-30 13:24:27,044 - INFO  - Copied code file: rl_intermediate_layer_restorer.py
2025-12-30 13:24:27,044 - INFO  - Copied code file: rl_intermediate_restorer_integration.py
2025-12-30 13:24:27,044 - INFO  - Copied code file: rl_restorer.py
2025-12-30 13:24:27,044 - INFO  - Copied code file: rl_restorer_integration.py
2025-12-30 13:24:27,044 - INFO  - Copied code file: rl_restorer_lightweight.py
2025-12-30 13:24:27,045 - INFO  - Copied code file: rl_restorer_trainer.py
2025-12-30 13:24:27,045 - INFO  - Copied code file: searcher.py
2025-12-30 13:24:27,045 - INFO  - Copied code file: sensitive_features.py
2025-12-30 13:24:27,045 - INFO  - Copied code file: sensitive_layer_restorer.py
2025-12-30 13:24:27,045 - INFO  - Copied code file: sensitive_restorer.py
2025-12-30 13:24:27,045 - INFO  - Copied code file: sensitive_restorer_transformer.py
2025-12-30 13:24:27,045 - INFO  - Copied code file: sensitive_restorer_v2.py
2025-12-30 13:24:27,046 - INFO  - Copied code file: utils.py
2025-12-30 13:24:27,046 - INFO  - Copied code file: weight_schd.py
2025-12-30 13:24:27,046 - INFO  - Copied code file: learnable_olm.py
2025-12-30 13:24:27,046 - INFO  - Copied code file: integer_inn_encoder.py
2025-12-30 13:24:27,046 - INFO  - Copied code file: search_olm_manager.py
2025-12-30 13:24:27,046 - INFO  - Copied code file: hybrid_olm_optimizer.py
2025-12-30 13:24:27,046 - INFO  - Copied code file: efficient_hybrid_olm_optimizer.py
2025-12-30 13:24:27,047 - INFO  - Copied code file: fault_injector_question.py
2025-12-30 13:24:27,047 - INFO  - Copied code file: improved_olm_encoder.py
2025-12-30 13:24:27,047 - INFO  - Copied code file: improved_olm_encoder_v2.py
2025-12-30 13:24:27,047 - INFO  - Copied code file: improved_olm_encoder_genetic.py
2025-12-30 13:24:27,047 - INFO  - Copied code file: fault_injector.py
2025-12-30 13:24:27,047 - INFO  - Code backup completed. Code saved to: /root/autodl-tmp/retraining-free-quantization/training/r18_c10_nude_0.02_all_bits_orth/code/util
2025-12-30 13:24:27,047 - INFO  - Code backup completed. Code saved to: /root/autodl-tmp/retraining-free-quantization/training/r18_c10_nude_0.02_all_bits_orth/code/visualizations/fault_activation_features_0
2025-12-30 13:24:27,048 - INFO  - Code backup completed. Code saved to: /root/autodl-tmp/retraining-free-quantization/training/r18_c10_nude_0.02_all_bits_orth/code/visualizations/fault_activation_features_0_ber1e1
2025-12-30 13:24:27,048 - INFO  - Code backup completed. Code saved to: /root/autodl-tmp/retraining-free-quantization/training/r18_c10_nude_0.02_all_bits_orth/code/visualizations
2025-12-30 13:24:27,048 - INFO  - Copied code file: main.py
2025-12-30 13:24:27,048 - INFO  - Copied code file: policy.py
2025-12-30 13:24:27,048 - INFO  - Copied code file: compare_scripts.py
2025-12-30 13:24:27,048 - INFO  - Code backup completed. Code saved to: /root/autodl-tmp/retraining-free-quantization/training/r18_c10_nude_0.02_all_bits_orth/code/chat
2025-12-30 13:24:27,048 - INFO  - Copied code file: process_sam.py
2025-12-30 13:24:27,049 - INFO  - Copied code file: process.py
2025-12-30 13:24:27,049 - INFO  - Copied code file: FAULT_INJECTION_SIMPLE_EXAMPLE.py
2025-12-30 13:24:27,049 - INFO  - Copied code file: analyze_bit_width_impact.py
2025-12-30 13:24:27,049 - INFO  - Copied code file: evolution_search.py
2025-12-30 13:24:27,050 - INFO  - Copied code file: analyze_w2a6_real_reason.py
2025-12-30 13:24:27,050 - INFO  - Copied code file: analyze_w2a6_slowdown.py
2025-12-30 13:24:27,050 - INFO  - Copied code file: debug_fault_injection_detailed.py
2025-12-30 13:24:27,050 - INFO  - Copied code file: example_enhanced_features.py
2025-12-30 13:24:27,050 - INFO  - Copied code file: example_rl_restorer.py
2025-12-30 13:24:27,050 - INFO  - Copied code file: example_rl_restorer_integration.py
2025-12-30 13:24:27,050 - INFO  - Copied code file: quick_test_gradient_restorer.py
2025-12-30 13:24:27,051 - INFO  - Copied code file: process_olm_fat.py
2025-12-30 13:24:27,051 - INFO  - Copied code file: process_normal.py
2025-12-30 13:24:27,051 - INFO  - Copied code file: main_normal.py
2025-12-30 13:24:27,051 - INFO  - Copied code file: test_ber_verification.py
2025-12-30 13:24:27,052 - INFO  - Copied code file: test_fault_injection_debug.py
2025-12-30 13:24:27,052 - INFO  - Copied code file: test_fault_injection_seed_logic.py
2025-12-30 13:24:27,052 - INFO  - Copied code file: test_fault_injection_verbose.py
2025-12-30 13:24:27,052 - INFO  - Copied code file: test_gradient_preservation.py
2025-12-30 13:24:27,052 - INFO  - Copied code file: test_json_config_loading.py
2025-12-30 13:24:27,052 - INFO  - Copied code file: main_olm_fat.py
2025-12-30 13:24:27,053 - INFO  - Copied code file: train_rl_restorer_with_enhanced_features.py
2025-12-30 13:24:27,053 - INFO  - Copied code file: train_sensitive_restorer.py
2025-12-30 13:24:27,053 - INFO  - Copied code file: train_sensitive_restorer_distill.py
2025-12-30 13:24:27,053 - INFO  - Code backup completed. Code saved to: /root/autodl-tmp/retraining-free-quantization/training/r18_c10_nude_0.02_all_bits_orth/code/analysis/clean120_drift
2025-12-30 13:24:27,053 - INFO  - Code backup completed. Code saved to: /root/autodl-tmp/retraining-free-quantization/training/r18_c10_nude_0.02_all_bits_orth/code/analysis/srqat_drift
2025-12-30 13:24:27,053 - INFO  - Code backup completed. Code saved to: /root/autodl-tmp/retraining-free-quantization/training/r18_c10_nude_0.02_all_bits_orth/code/analysis/comparison
2025-12-30 13:24:27,053 - INFO  - Code backup completed. Code saved to: /root/autodl-tmp/retraining-free-quantization/training/r18_c10_nude_0.02_all_bits_orth/code/analysis/srqat_ls0_drift
2025-12-30 13:24:27,053 - INFO  - Code backup completed. Code saved to: /root/autodl-tmp/retraining-free-quantization/training/r18_c10_nude_0.02_all_bits_orth/code/analysis/comparison_srqat
2025-12-30 13:24:27,054 - INFO  - Code backup completed. Code saved to: /root/autodl-tmp/retraining-free-quantization/training/r18_c10_nude_0.02_all_bits_orth/code/analysis/paper_figs
2025-12-30 13:24:27,054 - INFO  - Code backup completed. Code saved to: /root/autodl-tmp/retraining-free-quantization/training/r18_c10_nude_0.02_all_bits_orth/code/analysis/resnet18_ls0_drift_ber3e2
2025-12-30 13:24:27,054 - INFO  - Code backup completed. Code saved to: /root/autodl-tmp/retraining-free-quantization/training/r18_c10_nude_0.02_all_bits_orth/code/analysis/resnet18_ls1e7_drift_ber3e2
2025-12-30 13:24:27,054 - INFO  - Code backup completed. Code saved to: /root/autodl-tmp/retraining-free-quantization/training/r18_c10_nude_0.02_all_bits_orth/code/analysis/resnet18_drift_compare_ber3e2
2025-12-30 13:24:27,054 - INFO  - Code backup completed. Code saved to: /root/autodl-tmp/retraining-free-quantization/training/r18_c10_nude_0.02_all_bits_orth/code/analysis/resnet18_paper_figs
2025-12-30 13:24:27,054 - INFO  - Code backup completed. Code saved to: /root/autodl-tmp/retraining-free-quantization/training/r18_c10_nude_0.02_all_bits_orth/code/analysis
2025-12-30 13:24:27,054 - INFO  - Copied code file: run_fault_tolerance_test.py
2025-12-30 13:24:27,054 - INFO  - Copied code file: resnet18_ber_sweep_msb.py
2025-12-30 13:24:27,054 - INFO  - Copied code file: resnet18_ber_sweep_msb-checkpoint.py
2025-12-30 13:24:27,055 - INFO  - Code backup completed. Code saved to: /root/autodl-tmp/retraining-free-quantization/training/r18_c10_nude_0.02_all_bits_orth/code/scripts/.ipynb_checkpoints
2025-12-30 13:24:27,055 - INFO  - Code backup completed. Code saved to: /root/autodl-tmp/retraining-free-quantization/training/r18_c10_nude_0.02_all_bits_orth/code/scripts
2025-12-30 13:24:27,055 - INFO  - Copied code file: test_resnet18_skip_msb.py
2025-12-30 13:24:27,055 - INFO  - Copied code file: test_baseline_fault_tolerance.py
2025-12-30 13:24:27,055 - INFO  - Copied code file: test_baseline_fault_tolerance_simple.py
2025-12-30 13:24:27,055 - INFO  - Copied code file: debug_baseline_test.py
2025-12-30 13:24:27,055 - INFO  - Copied code file: evolution_search.py
2025-12-30 13:24:27,056 - INFO  - Copied code file: fi.py
2025-12-30 13:24:27,056 - INFO  - Copied code file: main.py
2025-12-30 13:24:27,056 - INFO  - Copied code file: mainalex.py
2025-12-30 13:24:27,056 - INFO  - Copied code file: policy.py
2025-12-30 13:24:27,056 - INFO  - Copied code file: process.py
2025-12-30 13:24:27,056 - INFO  - Code backup completed. Code saved to: /root/autodl-tmp/retraining-free-quantization/training/r18_c10_nude_0.02_all_bits_orth/code/error_find/.idea/inspectionProfiles
2025-12-30 13:24:27,056 - INFO  - Code backup completed. Code saved to: /root/autodl-tmp/retraining-free-quantization/training/r18_c10_nude_0.02_all_bits_orth/code/error_find/.idea
2025-12-30 13:24:27,057 - INFO  - Copied code file: bsam.py
2025-12-30 13:24:27,057 - INFO  - Copied code file: ctl_factory.py
2025-12-30 13:24:27,057 - INFO  - Copied code file: scheduler.py
2025-12-30 13:24:27,057 - INFO  - Copied code file: traincube.py
2025-12-30 13:24:27,057 - INFO  - Copied code file: __init__.py
2025-12-30 13:24:27,057 - INFO  - Copied code file: train_bsam_quan.py
2025-12-30 13:24:27,057 - INFO  - Copied code file: train_epoch_bsam.py
2025-12-30 13:24:27,058 - INFO  - Code backup completed. Code saved to: /root/autodl-tmp/retraining-free-quantization/training/r18_c10_nude_0.02_all_bits_orth/code/error_find/bsam_quan_src
2025-12-30 13:24:27,058 - INFO  - Code backup completed. Code saved to: /root/autodl-tmp/retraining-free-quantization/training/r18_c10_nude_0.02_all_bits_orth/code/error_find/configs
2025-12-30 13:24:27,058 - INFO  - Code backup completed. Code saved to: /root/autodl-tmp/retraining-free-quantization/training/r18_c10_nude_0.02_all_bits_orth/code/error_find/logs
2025-12-30 13:24:27,058 - INFO  - Copied code file: alexnet.py
2025-12-30 13:24:27,058 - INFO  - Copied code file: mobilenetv2.py
2025-12-30 13:24:27,058 - INFO  - Copied code file: model.py
2025-12-30 13:24:27,058 - INFO  - Copied code file: resnet.py
2025-12-30 13:24:27,058 - INFO  - Copied code file: __init__.py
2025-12-30 13:24:27,058 - INFO  - Code backup completed. Code saved to: /root/autodl-tmp/retraining-free-quantization/training/r18_c10_nude_0.02_all_bits_orth/code/error_find/model
2025-12-30 13:24:27,059 - INFO  - Copied code file: func.py
2025-12-30 13:24:27,059 - INFO  - Copied code file: utils.py
2025-12-30 13:24:27,059 - INFO  - Copied code file: __init__.py
2025-12-30 13:24:27,059 - INFO  - Copied code file: lsq.py
2025-12-30 13:24:27,059 - INFO  - Copied code file: __init__.py
2025-12-30 13:24:27,059 - INFO  - Copied code file: quantizer.py
2025-12-30 13:24:27,060 - INFO  - Code backup completed. Code saved to: /root/autodl-tmp/retraining-free-quantization/training/r18_c10_nude_0.02_all_bits_orth/code/error_find/quan/quantizer
2025-12-30 13:24:27,060 - INFO  - Code backup completed. Code saved to: /root/autodl-tmp/retraining-free-quantization/training/r18_c10_nude_0.02_all_bits_orth/code/error_find/quan
2025-12-30 13:24:27,060 - INFO  - Copied code file: __init__.py
2025-12-30 13:24:27,060 - INFO  - Copied code file: cubesam.py
2025-12-30 13:24:27,060 - INFO  - Copied code file: qbsam.py
2025-12-30 13:24:27,060 - INFO  - Code backup completed. Code saved to: /root/autodl-tmp/retraining-free-quantization/training/r18_c10_nude_0.02_all_bits_orth/code/error_find/scalablewp
2025-12-30 13:24:27,060 - INFO  - Code backup completed. Code saved to: /root/autodl-tmp/retraining-free-quantization/training/r18_c10_nude_0.02_all_bits_orth/code/error_find/trained_models/cube
2025-12-30 13:24:27,060 - INFO  - Code backup completed. Code saved to: /root/autodl-tmp/retraining-free-quantization/training/r18_c10_nude_0.02_all_bits_orth/code/error_find/trained_models/qsam
2025-12-30 13:24:27,060 - INFO  - Code backup completed. Code saved to: /root/autodl-tmp/retraining-free-quantization/training/r18_c10_nude_0.02_all_bits_orth/code/error_find/trained_models/qwsam
2025-12-30 13:24:27,060 - INFO  - Code backup completed. Code saved to: /root/autodl-tmp/retraining-free-quantization/training/r18_c10_nude_0.02_all_bits_orth/code/error_find/trained_models
2025-12-30 13:24:27,060 - INFO  - Copied code file: config.py
2025-12-30 13:24:27,061 - INFO  - Copied code file: checkpoint.py
2025-12-30 13:24:27,061 - INFO  - Copied code file: data_loader.py
2025-12-30 13:24:27,061 - INFO  - Copied code file: dist.py
2025-12-30 13:24:27,061 - INFO  - Copied code file: loss_ops.py
2025-12-30 13:24:27,061 - INFO  - Copied code file: greedy_search.py
2025-12-30 13:24:27,061 - INFO  - Copied code file: model_ema.py
2025-12-30 13:24:27,061 - INFO  - Copied code file: monitor.py
2025-12-30 13:24:27,062 - INFO  - Copied code file: mpq.py
2025-12-30 13:24:27,062 - INFO  - Copied code file: qat.py
2025-12-30 13:24:27,062 - INFO  - Copied code file: random_search.py
2025-12-30 13:24:27,062 - INFO  - Copied code file: searcher.py
2025-12-30 13:24:27,062 - INFO  - Copied code file: __init__.py
2025-12-30 13:24:27,062 - INFO  - Copied code file: weight_schd.py
2025-12-30 13:24:27,062 - INFO  - Copied code file: utils.py
2025-12-30 13:24:27,062 - INFO  - Code backup completed. Code saved to: /root/autodl-tmp/retraining-free-quantization/training/r18_c10_nude_0.02_all_bits_orth/code/error_find/util
2025-12-30 13:24:27,063 - INFO  - Copied code file: ver_test.py
2025-12-30 13:24:27,063 - INFO  - Code backup completed. Code saved to: /root/autodl-tmp/retraining-free-quantization/training/r18_c10_nude_0.02_all_bits_orth/code/error_find
2025-12-30 13:24:27,063 - INFO  - Copied code file: main_nude.py
2025-12-30 13:24:27,063 - INFO  - Copied code file: process_nude.py
2025-12-30 13:24:27,063 - INFO  - Code backup completed. Code saved to: /root/autodl-tmp/retraining-free-quantization/training/r18_c10_nude_0.02_all_bits_orth/code
2025-12-30 13:24:27,253 - INFO  - Created `resnet18` model for `cifar10` dataset (num_classes=10)
          Use pre-trained model = False
2025-12-30 13:24:27,502 - INFO  - ================================================================================
2025-12-30 13:24:27,502 - INFO  - 🚀 [NUDE] BFAT ENABLED
2025-12-30 13:24:27,502 - INFO  - ================================================================================
2025-12-30 13:24:27,502 - INFO  -   ✅ FaultInjector initialized for BFAT
2025-12-30 13:24:30,495 - INFO  - [NUDE] Force training only max(target_bits)=6 (no nr_random_sample)
2025-12-30 13:24:30,499 - INFO  - 🎲 Epoch 0: FaultInjector seed rotated to 42
2025-12-30 13:24:30,506 - INFO  - [NUDE] Epoch 0: force max bit-width W/A = 6
2025-12-30 13:24:30,507 - INFO  - ================================================================================
2025-12-30 13:24:30,507 - INFO  - 🔥 [NUDE] BFAT ACTIVE
2025-12-30 13:24:30,507 - INFO  -    Loss Type: direct_ce
2025-12-30 13:24:30,507 - INFO  -    Proj Mode: orthogonal
2025-12-30 13:24:30,507 - INFO  -    Injection: All Bits
2025-12-30 13:24:30,507 - INFO  - ================================================================================
2025-12-30 13:24:37,802 - INFO  - [NUDE][TRAIN] Epoch 0/100 Iter 20/390 Loss 5.4774 Top1 11.91 Top5 54.49
2025-12-30 13:24:45,277 - INFO  - [NUDE][TRAIN] Epoch 0/100 Iter 40/390 Loss 3.8872 Top1 12.36 Top5 57.40
2025-12-30 13:24:52,410 - INFO  - [NUDE][TRAIN] Epoch 0/100 Iter 60/390 Loss 3.3192 Top1 13.53 Top5 60.70
2025-12-30 13:24:58,954 - INFO  - [NUDE][TRAIN] Epoch 0/100 Iter 80/390 Loss 3.0255 Top1 14.25 Top5 63.42
2025-12-30 13:25:07,018 - INFO  - [NUDE][TRAIN] Epoch 0/100 Iter 100/390 Loss 2.8459 Top1 14.98 Top5 65.23
2025-12-30 13:25:13,090 - INFO  - [NUDE][TRAIN] Epoch 0/100 Iter 120/390 Loss 2.7117 Top1 16.04 Top5 67.20
2025-12-30 13:25:21,511 - INFO  - [NUDE][TRAIN] Epoch 0/100 Iter 140/390 Loss 2.6092 Top1 16.81 Top5 68.97
2025-12-30 13:25:27,506 - INFO  - [NUDE][TRAIN] Epoch 0/100 Iter 160/390 Loss 2.5230 Top1 17.70 Top5 70.71
2025-12-30 13:25:35,321 - INFO  - [NUDE][TRAIN] Epoch 0/100 Iter 180/390 Loss 2.4553 Top1 18.78 Top5 72.08
2025-12-30 13:25:41,938 - INFO  - [NUDE][TRAIN] Epoch 0/100 Iter 200/390 Loss 2.3982 Top1 19.71 Top5 73.26
2025-12-30 13:25:49,271 - INFO  - [NUDE][TRAIN] Epoch 0/100 Iter 220/390 Loss 2.3499 Top1 20.48 Top5 74.33
2025-12-30 13:25:56,464 - INFO  - [NUDE][TRAIN] Epoch 0/100 Iter 240/390 Loss 2.3036 Top1 21.39 Top5 75.37
2025-12-30 13:26:03,421 - INFO  - [NUDE][TRAIN] Epoch 0/100 Iter 260/390 Loss 2.2641 Top1 22.21 Top5 76.24
2025-12-30 13:26:11,068 - INFO  - [NUDE][TRAIN] Epoch 0/100 Iter 280/390 Loss 2.2285 Top1 22.95 Top5 77.04
2025-12-30 13:26:17,446 - INFO  - [NUDE][TRAIN] Epoch 0/100 Iter 300/390 Loss 2.1945 Top1 23.76 Top5 77.79
2025-12-30 13:26:25,669 - INFO  - [NUDE][TRAIN] Epoch 0/100 Iter 320/390 Loss 2.1628 Top1 24.54 Top5 78.46
2025-12-30 13:26:31,632 - INFO  - [NUDE][TRAIN] Epoch 0/100 Iter 340/390 Loss 2.1355 Top1 25.23 Top5 79.05
2025-12-30 13:26:40,102 - INFO  - [NUDE][TRAIN] Epoch 0/100 Iter 360/390 Loss 2.1098 Top1 25.91 Top5 79.63
2025-12-30 13:26:47,396 - INFO  - [NUDE][TRAIN] Epoch 0/100 Iter 380/390 Loss 2.0869 Top1 26.50 Top5 80.07
2025-12-30 13:26:51,538 - INFO  - [NUDE] Validate: force max bit-width W/A = 6
2025-12-30 13:26:56,197 - INFO  - [NUDE][EPOCH] 0/100 Train: Top1=26.75 Top5=80.32 Loss=2.0766 | Val(EMA): Top1=10.08
2025-12-30 13:26:56,197 - INFO  -   ⏱️  本Epoch耗时: 2分25秒 | 平均Epoch耗时: 2分25秒 | 剩余Epoch数: 99
2025-12-30 13:26:56,197 - INFO  -   📅 预估剩余时间: 4小时0分24秒 | 预估完成时间: 2025-12-30 17:27:20
2025-12-30 13:26:56,821 - INFO  - ([1] Epoch) Saving checkpoint to:
             Current: /root/autodl-tmp/retraining-free-quantization/training/r18_c10_nude_0.02_all_bits_orth/r18_c10_nude_0.02_all_bits_orth_checkpoint.pth.tar

2025-12-30 13:26:56,823 - INFO  - 🎲 Epoch 1: FaultInjector seed rotated to 43
2025-12-30 13:26:56,830 - INFO  - [NUDE] Epoch 1: force max bit-width W/A = 6
2025-12-30 13:26:56,830 - INFO  - ================================================================================
2025-12-30 13:26:56,831 - INFO  - 🔥 [NUDE] BFAT ACTIVE
2025-12-30 13:26:56,831 - INFO  -    Loss Type: direct_ce
2025-12-30 13:26:56,831 - INFO  -    Proj Mode: orthogonal
2025-12-30 13:26:56,831 - INFO  -    Injection: All Bits
2025-12-30 13:26:56,831 - INFO  - ================================================================================
2025-12-30 13:27:03,233 - INFO  - [NUDE][TRAIN] Epoch 1/100 Iter 20/390 Loss 1.6195 Top1 39.77 Top5 89.57
2025-12-30 13:27:11,855 - INFO  - [NUDE][TRAIN] Epoch 1/100 Iter 40/390 Loss 1.6066 Top1 39.84 Top5 90.00
2025-12-30 13:27:17,793 - INFO  - [NUDE][TRAIN] Epoch 1/100 Iter 60/390 Loss 1.6048 Top1 40.18 Top5 90.05
2025-12-30 13:27:26,227 - INFO  - [NUDE][TRAIN] Epoch 1/100 Iter 80/390 Loss 1.5988 Top1 40.21 Top5 90.33
2025-12-30 13:27:32,551 - INFO  - [NUDE][TRAIN] Epoch 1/100 Iter 100/390 Loss 1.5963 Top1 40.56 Top5 90.49
2025-12-30 13:27:40,158 - INFO  - [NUDE][TRAIN] Epoch 1/100 Iter 120/390 Loss 1.5889 Top1 40.81 Top5 90.62
2025-12-30 13:27:47,028 - INFO  - [NUDE][TRAIN] Epoch 1/100 Iter 140/390 Loss 1.5824 Top1 41.06 Top5 90.71
2025-12-30 13:27:54,277 - INFO  - [NUDE][TRAIN] Epoch 1/100 Iter 160/390 Loss 1.5788 Top1 41.21 Top5 90.76
2025-12-30 13:28:01,488 - INFO  - [NUDE][TRAIN] Epoch 1/100 Iter 180/390 Loss 1.5741 Top1 41.37 Top5 90.85
2025-12-30 13:28:08,355 - INFO  - [NUDE][TRAIN] Epoch 1/100 Iter 200/390 Loss 1.5682 Top1 41.65 Top5 91.01
2025-12-30 13:28:15,959 - INFO  - [NUDE][TRAIN] Epoch 1/100 Iter 220/390 Loss 1.5621 Top1 41.95 Top5 91.05
2025-12-30 13:28:22,060 - INFO  - [NUDE][TRAIN] Epoch 1/100 Iter 240/390 Loss 1.5553 Top1 42.23 Top5 91.13
2025-12-30 13:28:30,359 - INFO  - [NUDE][TRAIN] Epoch 1/100 Iter 260/390 Loss 1.5489 Top1 42.55 Top5 91.14
2025-12-30 13:28:36,435 - INFO  - [NUDE][TRAIN] Epoch 1/100 Iter 280/390 Loss 1.5444 Top1 42.78 Top5 91.25
2025-12-30 13:28:44,576 - INFO  - [NUDE][TRAIN] Epoch 1/100 Iter 300/390 Loss 1.5372 Top1 43.12 Top5 91.33
2025-12-30 13:28:50,913 - INFO  - [NUDE][TRAIN] Epoch 1/100 Iter 320/390 Loss 1.5306 Top1 43.37 Top5 91.45
2025-12-30 13:28:58,608 - INFO  - [NUDE][TRAIN] Epoch 1/100 Iter 340/390 Loss 1.5228 Top1 43.66 Top5 91.56
2025-12-30 13:29:05,406 - INFO  - [NUDE][TRAIN] Epoch 1/100 Iter 360/390 Loss 1.5171 Top1 43.93 Top5 91.60
2025-12-30 13:29:12,491 - INFO  - [NUDE][TRAIN] Epoch 1/100 Iter 380/390 Loss 1.5117 Top1 44.20 Top5 91.63
2025-12-30 13:29:16,828 - INFO  - [NUDE] Validate: force max bit-width W/A = 6
2025-12-30 13:29:19,347 - INFO  - [NUDE][EPOCH] 1/100 Train: Top1=44.40 Top5=91.68 Loss=1.5071 | Val(EMA): Top1=11.22
2025-12-30 13:29:19,348 - INFO  -   ⏱️  本Epoch耗时: 2分22秒 | 平均Epoch耗时: 2分24秒 | 剩余Epoch数: 98
2025-12-30 13:29:19,348 - INFO  -   📅 预估剩余时间: 3小时55分22秒 | 预估完成时间: 2025-12-30 17:24:42
2025-12-30 13:29:20,065 - INFO  - ([2] Epoch) Saving checkpoint to:
             Current: /root/autodl-tmp/retraining-free-quantization/training/r18_c10_nude_0.02_all_bits_orth/r18_c10_nude_0.02_all_bits_orth_checkpoint.pth.tar

2025-12-30 13:29:20,068 - INFO  - 🎲 Epoch 2: FaultInjector seed rotated to 44
2025-12-30 13:29:20,076 - INFO  - [NUDE] Epoch 2: force max bit-width W/A = 6
2025-12-30 13:29:20,076 - INFO  - ================================================================================
2025-12-30 13:29:20,076 - INFO  - 🔥 [NUDE] BFAT ACTIVE
2025-12-30 13:29:20,076 - INFO  -    Loss Type: direct_ce
2025-12-30 13:29:20,076 - INFO  -    Proj Mode: orthogonal
2025-12-30 13:29:20,076 - INFO  -    Injection: All Bits
2025-12-30 13:29:20,076 - INFO  - ================================================================================
2025-12-30 13:29:26,923 - INFO  - [NUDE][TRAIN] Epoch 2/100 Iter 20/390 Loss 1.3671 Top1 49.84 Top5 93.71
2025-12-30 13:29:34,845 - INFO  - [NUDE][TRAIN] Epoch 2/100 Iter 40/390 Loss 1.3746 Top1 49.98 Top5 92.97
2025-12-30 13:29:40,941 - INFO  - [NUDE][TRAIN] Epoch 2/100 Iter 60/390 Loss 1.3620 Top1 50.04 Top5 93.24
2025-12-30 13:29:49,388 - INFO  - [NUDE][TRAIN] Epoch 2/100 Iter 80/390 Loss 1.3592 Top1 50.21 Top5 93.12
2025-12-30 13:29:55,162 - INFO  - [NUDE][TRAIN] Epoch 2/100 Iter 100/390 Loss 1.3590 Top1 50.50 Top5 93.03
2025-12-30 13:30:00,888 - INFO  - [NUDE][TRAIN] Epoch 2/100 Iter 120/390 Loss 1.3487 Top1 50.91 Top5 93.27
2025-12-30 13:30:06,860 - INFO  - [NUDE][TRAIN] Epoch 2/100 Iter 140/390 Loss 1.3463 Top1 51.07 Top5 93.34
2025-12-30 13:30:12,658 - INFO  - [NUDE][TRAIN] Epoch 2/100 Iter 160/390 Loss 1.3394 Top1 51.34 Top5 93.41
2025-12-30 13:30:18,581 - INFO  - [NUDE][TRAIN] Epoch 2/100 Iter 180/390 Loss 1.3326 Top1 51.64 Top5 93.53
2025-12-30 13:30:24,502 - INFO  - [NUDE][TRAIN] Epoch 2/100 Iter 200/390 Loss 1.3273 Top1 51.78 Top5 93.69
2025-12-30 13:30:30,297 - INFO  - [NUDE][TRAIN] Epoch 2/100 Iter 220/390 Loss 1.3218 Top1 52.01 Top5 93.74
2025-12-30 13:30:36,179 - INFO  - [NUDE][TRAIN] Epoch 2/100 Iter 240/390 Loss 1.3144 Top1 52.34 Top5 93.83
2025-12-30 13:30:41,999 - INFO  - [NUDE][TRAIN] Epoch 2/100 Iter 260/390 Loss 1.3094 Top1 52.58 Top5 93.95
2025-12-30 13:30:47,955 - INFO  - [NUDE][TRAIN] Epoch 2/100 Iter 280/390 Loss 1.3065 Top1 52.67 Top5 93.98
2025-12-30 13:30:53,937 - INFO  - [NUDE][TRAIN] Epoch 2/100 Iter 300/390 Loss 1.3016 Top1 52.85 Top5 94.03
2025-12-30 13:30:59,746 - INFO  - [NUDE][TRAIN] Epoch 2/100 Iter 320/390 Loss 1.2955 Top1 53.13 Top5 94.11
2025-12-30 13:31:05,662 - INFO  - [NUDE][TRAIN] Epoch 2/100 Iter 340/390 Loss 1.2921 Top1 53.31 Top5 94.14
2025-12-30 13:31:11,570 - INFO  - [NUDE][TRAIN] Epoch 2/100 Iter 360/390 Loss 1.2865 Top1 53.52 Top5 94.21
2025-12-30 13:31:17,351 - INFO  - [NUDE][TRAIN] Epoch 2/100 Iter 380/390 Loss 1.2801 Top1 53.75 Top5 94.28
2025-12-30 13:31:20,417 - INFO  - [NUDE] Validate: force max bit-width W/A = 6
2025-12-30 13:31:22,693 - INFO  - [NUDE][EPOCH] 2/100 Train: Top1=53.83 Top5=94.35 Loss=1.2769 | Val(EMA): Top1=17.59
2025-12-30 13:31:22,693 - INFO  -   ⏱️  本Epoch耗时: 2分2秒 | 平均Epoch耗时: 2分16秒 | 剩余Epoch数: 97
2025-12-30 13:31:22,693 - INFO  -   📅 预估剩余时间: 3小时41分24秒 | 预估完成时间: 2025-12-30 17:12:46
2025-12-30 13:31:23,329 - INFO  - ([3] Epoch) Saving checkpoint to:
             Current: /root/autodl-tmp/retraining-free-quantization/training/r18_c10_nude_0.02_all_bits_orth/r18_c10_nude_0.02_all_bits_orth_checkpoint.pth.tar

2025-12-30 13:31:23,333 - INFO  - 🎲 Epoch 3: FaultInjector seed rotated to 45
2025-12-30 13:31:23,340 - INFO  - [NUDE] Epoch 3: force max bit-width W/A = 6
2025-12-30 13:31:23,340 - INFO  - ================================================================================
2025-12-30 13:31:23,340 - INFO  - 🔥 [NUDE] BFAT ACTIVE
2025-12-30 13:31:23,340 - INFO  -    Loss Type: direct_ce
2025-12-30 13:31:23,341 - INFO  -    Proj Mode: orthogonal
2025-12-30 13:31:23,341 - INFO  -    Injection: All Bits
2025-12-30 13:31:23,341 - INFO  - ================================================================================
2025-12-30 13:31:29,256 - INFO  - [NUDE][TRAIN] Epoch 3/100 Iter 20/390 Loss 1.1679 Top1 56.64 Top5 95.78
2025-12-30 13:31:35,106 - INFO  - [NUDE][TRAIN] Epoch 3/100 Iter 40/390 Loss 1.1822 Top1 56.23 Top5 95.82
2025-12-30 13:31:40,980 - INFO  - [NUDE][TRAIN] Epoch 3/100 Iter 60/390 Loss 1.1742 Top1 56.50 Top5 95.65
2025-12-30 13:31:46,772 - INFO  - [NUDE][TRAIN] Epoch 3/100 Iter 80/390 Loss 1.1798 Top1 56.53 Top5 95.43
2025-12-30 13:31:52,721 - INFO  - [NUDE][TRAIN] Epoch 3/100 Iter 100/390 Loss 1.1773 Top1 56.83 Top5 95.48
2025-12-30 13:31:58,525 - INFO  - [NUDE][TRAIN] Epoch 3/100 Iter 120/390 Loss 1.1667 Top1 57.05 Top5 95.58
2025-12-30 13:32:04,436 - INFO  - [NUDE][TRAIN] Epoch 3/100 Iter 140/390 Loss 1.1584 Top1 57.56 Top5 95.54
2025-12-30 13:32:10,340 - INFO  - [NUDE][TRAIN] Epoch 3/100 Iter 160/390 Loss 1.1491 Top1 58.07 Top5 95.65
2025-12-30 13:32:16,124 - INFO  - [NUDE][TRAIN] Epoch 3/100 Iter 180/390 Loss 1.1436 Top1 58.30 Top5 95.66
2025-12-30 13:32:22,031 - INFO  - [NUDE][TRAIN] Epoch 3/100 Iter 200/390 Loss 1.1425 Top1 58.42 Top5 95.64
2025-12-30 13:32:27,889 - INFO  - [NUDE][TRAIN] Epoch 3/100 Iter 220/390 Loss 1.1365 Top1 58.62 Top5 95.71
2025-12-30 13:32:33,808 - INFO  - [NUDE][TRAIN] Epoch 3/100 Iter 240/390 Loss 1.1324 Top1 58.82 Top5 95.76
2025-12-30 13:32:39,713 - INFO  - [NUDE][TRAIN] Epoch 3/100 Iter 260/390 Loss 1.1282 Top1 58.99 Top5 95.76
2025-12-30 13:32:45,507 - INFO  - [NUDE][TRAIN] Epoch 3/100 Iter 280/390 Loss 1.1215 Top1 59.30 Top5 95.82
2025-12-30 13:32:51,438 - INFO  - [NUDE][TRAIN] Epoch 3/100 Iter 300/390 Loss 1.1147 Top1 59.52 Top5 95.89
2025-12-30 13:32:57,228 - INFO  - [NUDE][TRAIN] Epoch 3/100 Iter 320/390 Loss 1.1107 Top1 59.78 Top5 95.90
2025-12-30 13:33:03,149 - INFO  - [NUDE][TRAIN] Epoch 3/100 Iter 340/390 Loss 1.1050 Top1 60.04 Top5 95.97
2025-12-30 13:33:08,946 - INFO  - [NUDE][TRAIN] Epoch 3/100 Iter 360/390 Loss 1.1009 Top1 60.20 Top5 95.99
2025-12-30 13:33:14,840 - INFO  - [NUDE][TRAIN] Epoch 3/100 Iter 380/390 Loss 1.0960 Top1 60.40 Top5 96.01
2025-12-30 13:33:17,931 - INFO  - [NUDE] Validate: force max bit-width W/A = 6
2025-12-30 13:33:20,290 - INFO  - [NUDE][EPOCH] 3/100 Train: Top1=60.53 Top5=96.02 Loss=1.0935 | Val(EMA): Top1=18.65
2025-12-30 13:33:20,290 - INFO  -   ⏱️  本Epoch耗时: 1分56秒 | 平均Epoch耗时: 2分11秒 | 剩余Epoch数: 96
2025-12-30 13:33:20,290 - INFO  -   📅 预估剩余时间: 3小时31分7秒 | 预估完成时间: 2025-12-30 17:04:27
2025-12-30 13:33:20,870 - INFO  - ([4] Epoch) Saving checkpoint to:
             Current: /root/autodl-tmp/retraining-free-quantization/training/r18_c10_nude_0.02_all_bits_orth/r18_c10_nude_0.02_all_bits_orth_checkpoint.pth.tar

2025-12-30 13:33:20,873 - INFO  - 🎲 Epoch 4: FaultInjector seed rotated to 46
2025-12-30 13:33:20,881 - INFO  - [NUDE] Epoch 4: force max bit-width W/A = 6
2025-12-30 13:33:20,882 - INFO  - ================================================================================
2025-12-30 13:33:20,882 - INFO  - 🔥 [NUDE] BFAT ACTIVE
2025-12-30 13:33:20,882 - INFO  -    Loss Type: direct_ce
2025-12-30 13:33:20,882 - INFO  -    Proj Mode: orthogonal
2025-12-30 13:33:20,882 - INFO  -    Injection: All Bits
2025-12-30 13:33:20,882 - INFO  - ================================================================================
2025-12-30 13:33:27,157 - INFO  - [NUDE][TRAIN] Epoch 4/100 Iter 20/390 Loss 1.0068 Top1 64.26 Top5 96.88
2025-12-30 13:33:33,129 - INFO  - [NUDE][TRAIN] Epoch 4/100 Iter 40/390 Loss 1.0056 Top1 64.22 Top5 96.74
2025-12-30 13:33:39,224 - INFO  - [NUDE][TRAIN] Epoch 4/100 Iter 60/390 Loss 0.9918 Top1 64.77 Top5 96.59
2025-12-30 13:33:45,218 - INFO  - [NUDE][TRAIN] Epoch 4/100 Iter 80/390 Loss 0.9831 Top1 65.11 Top5 96.60
2025-12-30 13:33:51,074 - INFO  - [NUDE][TRAIN] Epoch 4/100 Iter 100/390 Loss 0.9773 Top1 65.22 Top5 96.71
2025-12-30 13:33:57,044 - INFO  - [NUDE][TRAIN] Epoch 4/100 Iter 120/390 Loss 0.9683 Top1 65.66 Top5 96.84
2025-12-30 13:34:02,876 - INFO  - [NUDE][TRAIN] Epoch 4/100 Iter 140/390 Loss 0.9698 Top1 65.54 Top5 96.88
2025-12-30 13:34:08,797 - INFO  - [NUDE][TRAIN] Epoch 4/100 Iter 160/390 Loss 0.9673 Top1 65.51 Top5 96.88
2025-12-30 13:34:14,725 - INFO  - [NUDE][TRAIN] Epoch 4/100 Iter 180/390 Loss 0.9652 Top1 65.61 Top5 96.89
2025-12-30 13:34:20,515 - INFO  - [NUDE][TRAIN] Epoch 4/100 Iter 200/390 Loss 0.9637 Top1 65.73 Top5 96.87
2025-12-30 13:34:26,413 - INFO  - [NUDE][TRAIN] Epoch 4/100 Iter 220/390 Loss 0.9603 Top1 65.82 Top5 96.88
2025-12-30 13:34:32,223 - INFO  - [NUDE][TRAIN] Epoch 4/100 Iter 240/390 Loss 0.9597 Top1 65.79 Top5 96.90
2025-12-30 13:34:38,139 - INFO  - [NUDE][TRAIN] Epoch 4/100 Iter 260/390 Loss 0.9561 Top1 65.94 Top5 96.94
2025-12-30 13:34:44,016 - INFO  - [NUDE][TRAIN] Epoch 4/100 Iter 280/390 Loss 0.9531 Top1 66.11 Top5 96.98
2025-12-30 13:34:49,700 - INFO  - [NUDE][TRAIN] Epoch 4/100 Iter 300/390 Loss 0.9473 Top1 66.36 Top5 97.02
2025-12-30 13:34:55,574 - INFO  - [NUDE][TRAIN] Epoch 4/100 Iter 320/390 Loss 0.9449 Top1 66.44 Top5 97.03
2025-12-30 13:35:01,380 - INFO  - [NUDE][TRAIN] Epoch 4/100 Iter 340/390 Loss 0.9415 Top1 66.56 Top5 97.04
2025-12-30 13:35:07,441 - INFO  - [NUDE][TRAIN] Epoch 4/100 Iter 360/390 Loss 0.9373 Top1 66.70 Top5 97.07
2025-12-30 13:35:13,387 - INFO  - [NUDE][TRAIN] Epoch 4/100 Iter 380/390 Loss 0.9328 Top1 66.84 Top5 97.12
2025-12-30 13:35:16,339 - INFO  - [NUDE] Validate: force max bit-width W/A = 6
2025-12-30 13:35:18,646 - INFO  - [NUDE][EPOCH] 4/100 Train: Top1=66.88 Top5=97.14 Loss=0.9322 | Val(EMA): Top1=17.61
2025-12-30 13:35:18,646 - INFO  -   ⏱️  本Epoch耗时: 1分57秒 | 平均Epoch耗时: 2分9秒 | 剩余Epoch数: 95
2025-12-30 13:35:18,646 - INFO  -   📅 预估剩余时间: 3小时24分25秒 | 预估完成时间: 2025-12-30 16:59:44
2025-12-30 13:35:19,296 - INFO  - ([5] Epoch) Saving checkpoint to:
             Current: /root/autodl-tmp/retraining-free-quantization/training/r18_c10_nude_0.02_all_bits_orth/r18_c10_nude_0.02_all_bits_orth_checkpoint.pth.tar

2025-12-30 13:35:19,299 - INFO  - 🎲 Epoch 5: FaultInjector seed rotated to 47
2025-12-30 13:35:19,307 - INFO  - [NUDE] Epoch 5: force max bit-width W/A = 6
2025-12-30 13:35:19,307 - INFO  - ================================================================================
2025-12-30 13:35:19,307 - INFO  - 🔥 [NUDE] BFAT ACTIVE
2025-12-30 13:35:19,307 - INFO  -    Loss Type: direct_ce
2025-12-30 13:35:19,307 - INFO  -    Proj Mode: orthogonal
2025-12-30 13:35:19,307 - INFO  -    Injection: All Bits
2025-12-30 13:35:19,307 - INFO  - ================================================================================
2025-12-30 13:35:25,453 - INFO  - [NUDE][TRAIN] Epoch 5/100 Iter 20/390 Loss 0.8215 Top1 70.86 Top5 98.20
2025-12-30 13:35:31,223 - INFO  - [NUDE][TRAIN] Epoch 5/100 Iter 40/390 Loss 0.8371 Top1 70.57 Top5 97.99
2025-12-30 13:35:37,109 - INFO  - [NUDE][TRAIN] Epoch 5/100 Iter 60/390 Loss 0.8421 Top1 70.53 Top5 97.86
2025-12-30 13:35:42,979 - INFO  - [NUDE][TRAIN] Epoch 5/100 Iter 80/390 Loss 0.8388 Top1 70.56 Top5 97.90
2025-12-30 13:35:48,794 - INFO  - [NUDE][TRAIN] Epoch 5/100 Iter 100/390 Loss 0.8357 Top1 70.41 Top5 97.92
2025-12-30 13:35:54,718 - INFO  - [NUDE][TRAIN] Epoch 5/100 Iter 120/390 Loss 0.8370 Top1 70.44 Top5 97.86
2025-12-30 13:36:00,574 - INFO  - [NUDE][TRAIN] Epoch 5/100 Iter 140/390 Loss 0.8400 Top1 70.26 Top5 97.87
2025-12-30 13:36:06,505 - INFO  - [NUDE][TRAIN] Epoch 5/100 Iter 160/390 Loss 0.8392 Top1 70.29 Top5 97.87
2025-12-30 13:36:12,433 - INFO  - [NUDE][TRAIN] Epoch 5/100 Iter 180/390 Loss 0.8389 Top1 70.25 Top5 97.91
2025-12-30 13:36:18,233 - INFO  - [NUDE][TRAIN] Epoch 5/100 Iter 200/390 Loss 0.8334 Top1 70.44 Top5 97.91
2025-12-30 13:36:24,053 - INFO  - [NUDE][TRAIN] Epoch 5/100 Iter 220/390 Loss 0.8348 Top1 70.53 Top5 97.88
2025-12-30 13:36:29,935 - INFO  - [NUDE][TRAIN] Epoch 5/100 Iter 240/390 Loss 0.8310 Top1 70.66 Top5 97.91
2025-12-30 13:36:36,584 - INFO  - [NUDE][TRAIN] Epoch 5/100 Iter 260/390 Loss 0.8279 Top1 70.80 Top5 97.94
2025-12-30 13:36:42,479 - INFO  - [NUDE][TRAIN] Epoch 5/100 Iter 280/390 Loss 0.8269 Top1 70.85 Top5 97.90
2025-12-30 13:36:48,314 - INFO  - [NUDE][TRAIN] Epoch 5/100 Iter 300/390 Loss 0.8235 Top1 71.00 Top5 97.93
2025-12-30 13:36:54,227 - INFO  - [NUDE][TRAIN] Epoch 5/100 Iter 320/390 Loss 0.8235 Top1 71.03 Top5 97.92
2025-12-30 13:37:00,013 - INFO  - [NUDE][TRAIN] Epoch 5/100 Iter 340/390 Loss 0.8222 Top1 71.14 Top5 97.91
2025-12-30 13:37:05,897 - INFO  - [NUDE][TRAIN] Epoch 5/100 Iter 360/390 Loss 0.8192 Top1 71.22 Top5 97.91
2025-12-30 13:37:11,864 - INFO  - [NUDE][TRAIN] Epoch 5/100 Iter 380/390 Loss 0.8164 Top1 71.35 Top5 97.94
2025-12-30 13:37:14,805 - INFO  - [NUDE] Validate: force max bit-width W/A = 6
2025-12-30 13:37:17,072 - INFO  - [NUDE][EPOCH] 5/100 Train: Top1=71.39 Top5=97.94 Loss=0.8152 | Val(EMA): Top1=19.93
2025-12-30 13:37:17,073 - INFO  -   ⏱️  本Epoch耗时: 1分57秒 | 平均Epoch耗时: 2分3秒 | 剩余Epoch数: 94
2025-12-30 13:37:17,073 - INFO  -   📅 预估剩余时间: 3小时13分31秒 | 预估完成时间: 2025-12-30 16:50:48
2025-12-30 13:37:17,668 - INFO  - ([6] Epoch) Saving checkpoint to:
             Current: /root/autodl-tmp/retraining-free-quantization/training/r18_c10_nude_0.02_all_bits_orth/r18_c10_nude_0.02_all_bits_orth_checkpoint.pth.tar

2025-12-30 13:37:17,671 - INFO  - 🎲 Epoch 6: FaultInjector seed rotated to 48
2025-12-30 13:37:17,679 - INFO  - [NUDE] Epoch 6: force max bit-width W/A = 6
2025-12-30 13:37:17,679 - INFO  - ================================================================================
2025-12-30 13:37:17,679 - INFO  - 🔥 [NUDE] BFAT ACTIVE
2025-12-30 13:37:17,679 - INFO  -    Loss Type: direct_ce
2025-12-30 13:37:17,679 - INFO  -    Proj Mode: orthogonal
2025-12-30 13:37:17,679 - INFO  -    Injection: All Bits
2025-12-30 13:37:17,679 - INFO  - ================================================================================
2025-12-30 13:37:23,817 - INFO  - [NUDE][TRAIN] Epoch 6/100 Iter 20/390 Loss 0.7880 Top1 72.42 Top5 98.05
2025-12-30 13:37:29,705 - INFO  - [NUDE][TRAIN] Epoch 6/100 Iter 40/390 Loss 0.7760 Top1 72.85 Top5 98.20
2025-12-30 13:37:35,463 - INFO  - [NUDE][TRAIN] Epoch 6/100 Iter 60/390 Loss 0.7535 Top1 73.76 Top5 98.28
2025-12-30 13:37:41,353 - INFO  - [NUDE][TRAIN] Epoch 6/100 Iter 80/390 Loss 0.7457 Top1 73.81 Top5 98.40
2025-12-30 13:37:47,190 - INFO  - [NUDE][TRAIN] Epoch 6/100 Iter 100/390 Loss 0.7405 Top1 73.84 Top5 98.46
2025-12-30 13:37:53,103 - INFO  - [NUDE][TRAIN] Epoch 6/100 Iter 120/390 Loss 0.7385 Top1 73.95 Top5 98.38
2025-12-30 13:37:58,967 - INFO  - [NUDE][TRAIN] Epoch 6/100 Iter 140/390 Loss 0.7322 Top1 74.17 Top5 98.42
2025-12-30 13:38:04,733 - INFO  - [NUDE][TRAIN] Epoch 6/100 Iter 160/390 Loss 0.7287 Top1 74.46 Top5 98.42
2025-12-30 13:38:10,541 - INFO  - [NUDE][TRAIN] Epoch 6/100 Iter 180/390 Loss 0.7287 Top1 74.50 Top5 98.43
2025-12-30 13:38:16,345 - INFO  - [NUDE][TRAIN] Epoch 6/100 Iter 200/390 Loss 0.7293 Top1 74.52 Top5 98.46
2025-12-30 13:38:22,373 - INFO  - [NUDE][TRAIN] Epoch 6/100 Iter 220/390 Loss 0.7286 Top1 74.57 Top5 98.45
2025-12-30 13:38:28,322 - INFO  - [NUDE][TRAIN] Epoch 6/100 Iter 240/390 Loss 0.7271 Top1 74.61 Top5 98.46
2025-12-30 13:38:34,153 - INFO  - [NUDE][TRAIN] Epoch 6/100 Iter 260/390 Loss 0.7249 Top1 74.67 Top5 98.47
2025-12-30 13:38:40,031 - INFO  - [NUDE][TRAIN] Epoch 6/100 Iter 280/390 Loss 0.7242 Top1 74.64 Top5 98.47
2025-12-30 13:38:46,009 - INFO  - [NUDE][TRAIN] Epoch 6/100 Iter 300/390 Loss 0.7234 Top1 74.67 Top5 98.46
2025-12-30 13:38:51,937 - INFO  - [NUDE][TRAIN] Epoch 6/100 Iter 320/390 Loss 0.7220 Top1 74.70 Top5 98.46
2025-12-30 13:38:57,849 - INFO  - [NUDE][TRAIN] Epoch 6/100 Iter 340/390 Loss 0.7216 Top1 74.72 Top5 98.47
2025-12-30 13:39:03,644 - INFO  - [NUDE][TRAIN] Epoch 6/100 Iter 360/390 Loss 0.7187 Top1 74.79 Top5 98.47
2025-12-30 13:39:09,572 - INFO  - [NUDE][TRAIN] Epoch 6/100 Iter 380/390 Loss 0.7182 Top1 74.85 Top5 98.49
2025-12-30 13:39:12,527 - INFO  - [NUDE] Validate: force max bit-width W/A = 6
2025-12-30 13:39:14,802 - INFO  - [NUDE][EPOCH] 6/100 Train: Top1=74.86 Top5=98.49 Loss=0.7178 | Val(EMA): Top1=22.88
2025-12-30 13:39:14,802 - INFO  -   ⏱️  本Epoch耗时: 1分57秒 | 平均Epoch耗时: 1分58秒 | 剩余Epoch数: 93
2025-12-30 13:39:14,802 - INFO  -   📅 预估剩余时间: 3小时3分35秒 | 预估完成时间: 2025-12-30 16:42:50
2025-12-30 13:39:15,397 - INFO  - ([7] Epoch) Saving checkpoint to:
             Current: /root/autodl-tmp/retraining-free-quantization/training/r18_c10_nude_0.02_all_bits_orth/r18_c10_nude_0.02_all_bits_orth_checkpoint.pth.tar

2025-12-30 13:39:15,400 - INFO  - 🎲 Epoch 7: FaultInjector seed rotated to 49
2025-12-30 13:39:15,407 - INFO  - [NUDE] Epoch 7: force max bit-width W/A = 6
2025-12-30 13:39:15,407 - INFO  - ================================================================================
2025-12-30 13:39:15,407 - INFO  - 🔥 [NUDE] BFAT ACTIVE
2025-12-30 13:39:15,407 - INFO  -    Loss Type: direct_ce
2025-12-30 13:39:15,407 - INFO  -    Proj Mode: orthogonal
2025-12-30 13:39:15,408 - INFO  -    Injection: All Bits
2025-12-30 13:39:15,408 - INFO  - ================================================================================
2025-12-30 13:39:21,538 - INFO  - [NUDE][TRAIN] Epoch 7/100 Iter 20/390 Loss 0.6632 Top1 76.99 Top5 98.05
2025-12-30 13:39:27,422 - INFO  - [NUDE][TRAIN] Epoch 7/100 Iter 40/390 Loss 0.6830 Top1 76.37 Top5 98.34
2025-12-30 13:39:33,210 - INFO  - [NUDE][TRAIN] Epoch 7/100 Iter 60/390 Loss 0.6656 Top1 77.03 Top5 98.54
2025-12-30 13:39:39,020 - INFO  - [NUDE][TRAIN] Epoch 7/100 Iter 80/390 Loss 0.6680 Top1 76.89 Top5 98.66
2025-12-30 13:39:44,722 - INFO  - [NUDE][TRAIN] Epoch 7/100 Iter 100/390 Loss 0.6712 Top1 76.80 Top5 98.62
2025-12-30 13:39:50,543 - INFO  - [NUDE][TRAIN] Epoch 7/100 Iter 120/390 Loss 0.6748 Top1 76.67 Top5 98.58
2025-12-30 13:39:56,460 - INFO  - [NUDE][TRAIN] Epoch 7/100 Iter 140/390 Loss 0.6724 Top1 76.66 Top5 98.62
2025-12-30 13:40:02,313 - INFO  - [NUDE][TRAIN] Epoch 7/100 Iter 160/390 Loss 0.6689 Top1 76.79 Top5 98.63
2025-12-30 13:40:08,226 - INFO  - [NUDE][TRAIN] Epoch 7/100 Iter 180/390 Loss 0.6687 Top1 76.68 Top5 98.65
2025-12-30 13:40:14,107 - INFO  - [NUDE][TRAIN] Epoch 7/100 Iter 200/390 Loss 0.6647 Top1 76.82 Top5 98.66
2025-12-30 13:40:19,897 - INFO  - [NUDE][TRAIN] Epoch 7/100 Iter 220/390 Loss 0.6626 Top1 76.84 Top5 98.69
2025-12-30 13:40:25,806 - INFO  - [NUDE][TRAIN] Epoch 7/100 Iter 240/390 Loss 0.6568 Top1 77.11 Top5 98.70
2025-12-30 13:40:31,612 - INFO  - [NUDE][TRAIN] Epoch 7/100 Iter 260/390 Loss 0.6549 Top1 77.15 Top5 98.72
2025-12-30 13:40:37,502 - INFO  - [NUDE][TRAIN] Epoch 7/100 Iter 280/390 Loss 0.6537 Top1 77.25 Top5 98.72
2025-12-30 13:40:43,439 - INFO  - [NUDE][TRAIN] Epoch 7/100 Iter 300/390 Loss 0.6516 Top1 77.36 Top5 98.72
2025-12-30 13:40:49,249 - INFO  - [NUDE][TRAIN] Epoch 7/100 Iter 320/390 Loss 0.6501 Top1 77.44 Top5 98.73
2025-12-30 13:40:55,148 - INFO  - [NUDE][TRAIN] Epoch 7/100 Iter 340/390 Loss 0.6494 Top1 77.47 Top5 98.72
2025-12-30 13:41:01,112 - INFO  - [NUDE][TRAIN] Epoch 7/100 Iter 360/390 Loss 0.6471 Top1 77.56 Top5 98.74
2025-12-30 13:41:06,905 - INFO  - [NUDE][TRAIN] Epoch 7/100 Iter 380/390 Loss 0.6462 Top1 77.57 Top5 98.76
2025-12-30 13:41:09,870 - INFO  - [NUDE] Validate: force max bit-width W/A = 6
2025-12-30 13:41:12,174 - INFO  - [NUDE][EPOCH] 7/100 Train: Top1=77.60 Top5=98.78 Loss=0.6445 | Val(EMA): Top1=24.12
2025-12-30 13:41:12,174 - INFO  -   ⏱️  本Epoch耗时: 1分56秒 | 平均Epoch耗时: 1分57秒 | 剩余Epoch数: 92
2025-12-30 13:41:12,174 - INFO  -   📅 预估剩余时间: 2小时59分49秒 | 预估完成时间: 2025-12-30 16:41:02
2025-12-30 13:41:12,898 - INFO  - ([8] Epoch) Saving checkpoint to:
             Current: /root/autodl-tmp/retraining-free-quantization/training/r18_c10_nude_0.02_all_bits_orth/r18_c10_nude_0.02_all_bits_orth_checkpoint.pth.tar

2025-12-30 13:41:12,902 - INFO  - 🎲 Epoch 8: FaultInjector seed rotated to 50
2025-12-30 13:41:12,909 - INFO  - [NUDE] Epoch 8: force max bit-width W/A = 6
2025-12-30 13:41:12,909 - INFO  - ================================================================================
2025-12-30 13:41:12,909 - INFO  - 🔥 [NUDE] BFAT ACTIVE
2025-12-30 13:41:12,909 - INFO  -    Loss Type: direct_ce
2025-12-30 13:41:12,909 - INFO  -    Proj Mode: orthogonal
2025-12-30 13:41:12,909 - INFO  -    Injection: All Bits
2025-12-30 13:41:12,909 - INFO  - ================================================================================
2025-12-30 13:41:18,889 - INFO  - [NUDE][TRAIN] Epoch 8/100 Iter 20/390 Loss 0.6053 Top1 79.18 Top5 98.87
2025-12-30 13:41:24,832 - INFO  - [NUDE][TRAIN] Epoch 8/100 Iter 40/390 Loss 0.5884 Top1 79.59 Top5 98.98
2025-12-30 13:41:31,028 - INFO  - [NUDE][TRAIN] Epoch 8/100 Iter 60/390 Loss 0.5828 Top1 79.88 Top5 98.93
2025-12-30 13:41:36,861 - INFO  - [NUDE][TRAIN] Epoch 8/100 Iter 80/390 Loss 0.5821 Top1 79.85 Top5 98.97
2025-12-30 13:41:42,864 - INFO  - [NUDE][TRAIN] Epoch 8/100 Iter 100/390 Loss 0.5852 Top1 79.74 Top5 98.98
2025-12-30 13:41:48,729 - INFO  - [NUDE][TRAIN] Epoch 8/100 Iter 120/390 Loss 0.5866 Top1 79.80 Top5 98.96
2025-12-30 13:41:54,645 - INFO  - [NUDE][TRAIN] Epoch 8/100 Iter 140/390 Loss 0.5899 Top1 79.70 Top5 98.95
2025-12-30 13:42:00,567 - INFO  - [NUDE][TRAIN] Epoch 8/100 Iter 160/390 Loss 0.5915 Top1 79.54 Top5 98.98
2025-12-30 13:42:06,363 - INFO  - [NUDE][TRAIN] Epoch 8/100 Iter 180/390 Loss 0.5909 Top1 79.41 Top5 99.01
2025-12-30 13:42:12,321 - INFO  - [NUDE][TRAIN] Epoch 8/100 Iter 200/390 Loss 0.5899 Top1 79.43 Top5 99.04
2025-12-30 13:42:18,118 - INFO  - [NUDE][TRAIN] Epoch 8/100 Iter 220/390 Loss 0.5898 Top1 79.37 Top5 99.04
2025-12-30 13:42:24,040 - INFO  - [NUDE][TRAIN] Epoch 8/100 Iter 240/390 Loss 0.5897 Top1 79.35 Top5 99.03
2025-12-30 13:42:29,918 - INFO  - [NUDE][TRAIN] Epoch 8/100 Iter 260/390 Loss 0.5869 Top1 79.49 Top5 99.06
2025-12-30 13:42:35,696 - INFO  - [NUDE][TRAIN] Epoch 8/100 Iter 280/390 Loss 0.5838 Top1 79.60 Top5 99.05
2025-12-30 13:42:41,630 - INFO  - [NUDE][TRAIN] Epoch 8/100 Iter 300/390 Loss 0.5809 Top1 79.67 Top5 99.06
2025-12-30 13:42:47,460 - INFO  - [NUDE][TRAIN] Epoch 8/100 Iter 320/390 Loss 0.5780 Top1 79.81 Top5 99.06
2025-12-30 13:42:53,371 - INFO  - [NUDE][TRAIN] Epoch 8/100 Iter 340/390 Loss 0.5760 Top1 79.85 Top5 99.06
2025-12-30 13:42:59,356 - INFO  - [NUDE][TRAIN] Epoch 8/100 Iter 360/390 Loss 0.5749 Top1 79.92 Top5 99.05
2025-12-30 13:43:05,260 - INFO  - [NUDE][TRAIN] Epoch 8/100 Iter 380/390 Loss 0.5753 Top1 79.91 Top5 99.04
2025-12-30 13:43:08,323 - INFO  - [NUDE] Validate: force max bit-width W/A = 6
2025-12-30 13:43:10,715 - INFO  - [NUDE][EPOCH] 8/100 Train: Top1=79.87 Top5=99.03 Loss=0.5767 | Val(EMA): Top1=25.59
2025-12-30 13:43:10,715 - INFO  -   ⏱️  本Epoch耗时: 1分57秒 | 平均Epoch耗时: 1分57秒 | 剩余Epoch数: 91
2025-12-30 13:43:10,715 - INFO  -   📅 预估剩余时间: 2小时58分8秒 | 预估完成时间: 2025-12-30 16:41:18
2025-12-30 13:43:11,463 - INFO  - ([9] Epoch) Saving checkpoint to:
             Current: /root/autodl-tmp/retraining-free-quantization/training/r18_c10_nude_0.02_all_bits_orth/r18_c10_nude_0.02_all_bits_orth_checkpoint.pth.tar

2025-12-30 13:43:11,466 - INFO  - 🎲 Epoch 9: FaultInjector seed rotated to 51
2025-12-30 13:43:11,474 - INFO  - [NUDE] Epoch 9: force max bit-width W/A = 6
2025-12-30 13:43:11,474 - INFO  - ================================================================================
2025-12-30 13:43:11,474 - INFO  - 🔥 [NUDE] BFAT ACTIVE
2025-12-30 13:43:11,474 - INFO  -    Loss Type: direct_ce
2025-12-30 13:43:11,474 - INFO  -    Proj Mode: orthogonal
2025-12-30 13:43:11,474 - INFO  -    Injection: All Bits
2025-12-30 13:43:11,475 - INFO  - ================================================================================
2025-12-30 13:43:17,693 - INFO  - [NUDE][TRAIN] Epoch 9/100 Iter 20/390 Loss 0.5367 Top1 80.98 Top5 99.69
2025-12-30 13:43:23,754 - INFO  - [NUDE][TRAIN] Epoch 9/100 Iter 40/390 Loss 0.5215 Top1 81.76 Top5 99.59
2025-12-30 13:43:29,775 - INFO  - [NUDE][TRAIN] Epoch 9/100 Iter 60/390 Loss 0.5304 Top1 81.54 Top5 99.31
2025-12-30 13:43:35,606 - INFO  - [NUDE][TRAIN] Epoch 9/100 Iter 80/390 Loss 0.5288 Top1 81.74 Top5 99.34
2025-12-30 13:43:41,516 - INFO  - [NUDE][TRAIN] Epoch 9/100 Iter 100/390 Loss 0.5291 Top1 81.64 Top5 99.33
2025-12-30 13:43:47,371 - INFO  - [NUDE][TRAIN] Epoch 9/100 Iter 120/390 Loss 0.5327 Top1 81.65 Top5 99.28
2025-12-30 13:43:53,414 - INFO  - [NUDE][TRAIN] Epoch 9/100 Iter 140/390 Loss 0.5304 Top1 81.77 Top5 99.23
2025-12-30 13:44:00,630 - INFO  - [NUDE][TRAIN] Epoch 9/100 Iter 160/390 Loss 0.5292 Top1 81.73 Top5 99.26
2025-12-30 13:44:07,071 - INFO  - [NUDE][TRAIN] Epoch 9/100 Iter 180/390 Loss 0.5297 Top1 81.79 Top5 99.22
2025-12-30 13:44:13,071 - INFO  - [NUDE][TRAIN] Epoch 9/100 Iter 200/390 Loss 0.5282 Top1 81.75 Top5 99.22
2025-12-30 13:44:18,901 - INFO  - [NUDE][TRAIN] Epoch 9/100 Iter 220/390 Loss 0.5301 Top1 81.68 Top5 99.20
2025-12-30 13:44:24,868 - INFO  - [NUDE][TRAIN] Epoch 9/100 Iter 240/390 Loss 0.5291 Top1 81.70 Top5 99.21
2025-12-30 13:44:30,770 - INFO  - [NUDE][TRAIN] Epoch 9/100 Iter 260/390 Loss 0.5280 Top1 81.78 Top5 99.22
2025-12-30 13:44:36,584 - INFO  - [NUDE][TRAIN] Epoch 9/100 Iter 280/390 Loss 0.5269 Top1 81.83 Top5 99.23
2025-12-30 13:44:42,620 - INFO  - [NUDE][TRAIN] Epoch 9/100 Iter 300/390 Loss 0.5279 Top1 81.80 Top5 99.24
2025-12-30 13:44:48,548 - INFO  - [NUDE][TRAIN] Epoch 9/100 Iter 320/390 Loss 0.5271 Top1 81.88 Top5 99.21
2025-12-30 13:44:54,562 - INFO  - [NUDE][TRAIN] Epoch 9/100 Iter 340/390 Loss 0.5278 Top1 81.88 Top5 99.20
2025-12-30 13:45:00,509 - INFO  - [NUDE][TRAIN] Epoch 9/100 Iter 360/390 Loss 0.5257 Top1 81.96 Top5 99.20
2025-12-30 13:45:06,316 - INFO  - [NUDE][TRAIN] Epoch 9/100 Iter 380/390 Loss 0.5235 Top1 82.01 Top5 99.22
2025-12-30 13:45:09,367 - INFO  - [NUDE] Validate: force max bit-width W/A = 6
2025-12-30 13:45:11,721 - INFO  - [NUDE][EPOCH] 9/100 Train: Top1=82.05 Top5=99.19 Loss=0.5233 | Val(EMA): Top1=29.33
2025-12-30 13:45:11,721 - INFO  -   ⏱️  本Epoch耗时: 2分0秒 | 平均Epoch耗时: 1分57秒 | 剩余Epoch数: 90
2025-12-30 13:45:11,721 - INFO  -   📅 预估剩余时间: 2小时56分55秒 | 预估完成时间: 2025-12-30 16:42:07
2025-12-30 13:45:12,316 - INFO  - ([10] Epoch) Saving checkpoint to:
             Current: /root/autodl-tmp/retraining-free-quantization/training/r18_c10_nude_0.02_all_bits_orth/r18_c10_nude_0.02_all_bits_orth_checkpoint.pth.tar

2025-12-30 13:45:12,319 - INFO  - 🎲 Epoch 10: FaultInjector seed rotated to 52
2025-12-30 13:45:12,327 - INFO  - [NUDE] Epoch 10: force max bit-width W/A = 6
2025-12-30 13:45:12,327 - INFO  - ================================================================================
2025-12-30 13:45:12,327 - INFO  - 🔥 [NUDE] BFAT ACTIVE
2025-12-30 13:45:12,327 - INFO  -    Loss Type: direct_ce
2025-12-30 13:45:12,327 - INFO  -    Proj Mode: orthogonal
2025-12-30 13:45:12,327 - INFO  -    Injection: All Bits
2025-12-30 13:45:12,327 - INFO  - ================================================================================
2025-12-30 13:45:18,343 - INFO  - [NUDE][TRAIN] Epoch 10/100 Iter 20/390 Loss 0.5057 Top1 82.89 Top5 99.26
2025-12-30 13:45:24,284 - INFO  - [NUDE][TRAIN] Epoch 10/100 Iter 40/390 Loss 0.4786 Top1 83.54 Top5 99.34
2025-12-30 13:45:30,178 - INFO  - [NUDE][TRAIN] Epoch 10/100 Iter 60/390 Loss 0.4756 Top1 83.59 Top5 99.34
2025-12-30 13:45:35,987 - INFO  - [NUDE][TRAIN] Epoch 10/100 Iter 80/390 Loss 0.4849 Top1 83.28 Top5 99.32
2025-12-30 13:45:41,999 - INFO  - [NUDE][TRAIN] Epoch 10/100 Iter 100/390 Loss 0.4851 Top1 83.11 Top5 99.32
2025-12-30 13:45:49,078 - INFO  - [NUDE][TRAIN] Epoch 10/100 Iter 120/390 Loss 0.4796 Top1 83.29 Top5 99.35
2025-12-30 13:45:56,309 - INFO  - [NUDE][TRAIN] Epoch 10/100 Iter 140/390 Loss 0.4827 Top1 83.26 Top5 99.35
2025-12-30 13:46:02,214 - INFO  - [NUDE][TRAIN] Epoch 10/100 Iter 160/390 Loss 0.4830 Top1 83.20 Top5 99.38
2025-12-30 13:46:08,003 - INFO  - [NUDE][TRAIN] Epoch 10/100 Iter 180/390 Loss 0.4822 Top1 83.21 Top5 99.35
2025-12-30 13:46:14,015 - INFO  - [NUDE][TRAIN] Epoch 10/100 Iter 200/390 Loss 0.4831 Top1 83.23 Top5 99.35
2025-12-30 13:46:19,855 - INFO  - [NUDE][TRAIN] Epoch 10/100 Iter 220/390 Loss 0.4841 Top1 83.16 Top5 99.34
2025-12-30 13:46:25,806 - INFO  - [NUDE][TRAIN] Epoch 10/100 Iter 240/390 Loss 0.4824 Top1 83.24 Top5 99.35
2025-12-30 13:46:31,782 - INFO  - [NUDE][TRAIN] Epoch 10/100 Iter 260/390 Loss 0.4809 Top1 83.30 Top5 99.33
2025-12-30 13:46:37,574 - INFO  - [NUDE][TRAIN] Epoch 10/100 Iter 280/390 Loss 0.4801 Top1 83.30 Top5 99.33
2025-12-30 13:46:43,572 - INFO  - [NUDE][TRAIN] Epoch 10/100 Iter 300/390 Loss 0.4809 Top1 83.31 Top5 99.32
2025-12-30 13:46:49,540 - INFO  - [NUDE][TRAIN] Epoch 10/100 Iter 320/390 Loss 0.4810 Top1 83.34 Top5 99.31
2025-12-30 13:46:55,365 - INFO  - [NUDE][TRAIN] Epoch 10/100 Iter 340/390 Loss 0.4807 Top1 83.34 Top5 99.31
2025-12-30 13:47:01,258 - INFO  - [NUDE][TRAIN] Epoch 10/100 Iter 360/390 Loss 0.4805 Top1 83.36 Top5 99.31
2025-12-30 13:47:07,089 - INFO  - [NUDE][TRAIN] Epoch 10/100 Iter 380/390 Loss 0.4806 Top1 83.36 Top5 99.31
2025-12-30 13:47:10,135 - INFO  - [NUDE] Validate: force max bit-width W/A = 6
2025-12-30 13:47:12,403 - INFO  - [NUDE][EPOCH] 10/100 Train: Top1=83.41 Top5=99.31 Loss=0.4794 | Val(EMA): Top1=32.99
2025-12-30 13:47:12,403 - INFO  -   ⏱️  本Epoch耗时: 2分0秒 | 平均Epoch耗时: 1分58秒 | 剩余Epoch数: 89
2025-12-30 13:47:12,403 - INFO  -   📅 预估剩余时间: 2小时55分38秒 | 预估完成时间: 2025-12-30 16:42:51
2025-12-30 13:47:13,071 - INFO  - ([11] Epoch) Saving checkpoint to:
             Current: /root/autodl-tmp/retraining-free-quantization/training/r18_c10_nude_0.02_all_bits_orth/r18_c10_nude_0.02_all_bits_orth_checkpoint.pth.tar

2025-12-30 13:47:13,075 - INFO  - 🎲 Epoch 11: FaultInjector seed rotated to 53
2025-12-30 13:47:13,083 - INFO  - [NUDE] Epoch 11: force max bit-width W/A = 6
2025-12-30 13:47:13,083 - INFO  - ================================================================================
2025-12-30 13:47:13,083 - INFO  - 🔥 [NUDE] BFAT ACTIVE
2025-12-30 13:47:13,083 - INFO  -    Loss Type: direct_ce
2025-12-30 13:47:13,083 - INFO  -    Proj Mode: orthogonal
2025-12-30 13:47:13,083 - INFO  -    Injection: All Bits
2025-12-30 13:47:13,083 - INFO  - ================================================================================
2025-12-30 13:47:19,442 - INFO  - [NUDE][TRAIN] Epoch 11/100 Iter 20/390 Loss 0.4384 Top1 84.14 Top5 99.41
2025-12-30 13:47:25,360 - INFO  - [NUDE][TRAIN] Epoch 11/100 Iter 40/390 Loss 0.4446 Top1 84.06 Top5 99.41
2025-12-30 13:47:31,317 - INFO  - [NUDE][TRAIN] Epoch 11/100 Iter 60/390 Loss 0.4432 Top1 84.44 Top5 99.43
2025-12-30 13:47:37,100 - INFO  - [NUDE][TRAIN] Epoch 11/100 Iter 80/390 Loss 0.4459 Top1 84.68 Top5 99.41
2025-12-30 13:47:42,990 - INFO  - [NUDE][TRAIN] Epoch 11/100 Iter 100/390 Loss 0.4434 Top1 84.76 Top5 99.45
2025-12-30 13:47:48,853 - INFO  - [NUDE][TRAIN] Epoch 11/100 Iter 120/390 Loss 0.4412 Top1 84.90 Top5 99.46
2025-12-30 13:47:54,721 - INFO  - [NUDE][TRAIN] Epoch 11/100 Iter 140/390 Loss 0.4414 Top1 84.91 Top5 99.44
2025-12-30 13:48:00,797 - INFO  - [NUDE][TRAIN] Epoch 11/100 Iter 160/390 Loss 0.4412 Top1 84.84 Top5 99.43
2025-12-30 13:48:06,732 - INFO  - [NUDE][TRAIN] Epoch 11/100 Iter 180/390 Loss 0.4398 Top1 84.85 Top5 99.42
2025-12-30 13:48:12,754 - INFO  - [NUDE][TRAIN] Epoch 11/100 Iter 200/390 Loss 0.4424 Top1 84.81 Top5 99.40
2025-12-30 13:48:18,654 - INFO  - [NUDE][TRAIN] Epoch 11/100 Iter 220/390 Loss 0.4444 Top1 84.66 Top5 99.39
2025-12-30 13:48:24,448 - INFO  - [NUDE][TRAIN] Epoch 11/100 Iter 240/390 Loss 0.4434 Top1 84.73 Top5 99.40
2025-12-30 13:48:30,376 - INFO  - [NUDE][TRAIN] Epoch 11/100 Iter 260/390 Loss 0.4433 Top1 84.76 Top5 99.40
2025-12-30 13:48:36,186 - INFO  - [NUDE][TRAIN] Epoch 11/100 Iter 280/390 Loss 0.4452 Top1 84.72 Top5 99.37
2025-12-30 13:48:42,385 - INFO  - [NUDE][TRAIN] Epoch 11/100 Iter 300/390 Loss 0.4449 Top1 84.67 Top5 99.36
2025-12-30 13:48:48,307 - INFO  - [NUDE][TRAIN] Epoch 11/100 Iter 320/390 Loss 0.4446 Top1 84.67 Top5 99.38
2025-12-30 13:48:54,168 - INFO  - [NUDE][TRAIN] Epoch 11/100 Iter 340/390 Loss 0.4443 Top1 84.70 Top5 99.37
2025-12-30 13:49:00,076 - INFO  - [NUDE][TRAIN] Epoch 11/100 Iter 360/390 Loss 0.4433 Top1 84.72 Top5 99.38
2025-12-30 13:49:05,891 - INFO  - [NUDE][TRAIN] Epoch 11/100 Iter 380/390 Loss 0.4425 Top1 84.77 Top5 99.39
2025-12-30 13:49:08,949 - INFO  - [NUDE] Validate: force max bit-width W/A = 6
2025-12-30 13:49:11,238 - INFO  - [NUDE][EPOCH] 11/100 Train: Top1=84.77 Top5=99.38 Loss=0.4431 | Val(EMA): Top1=37.77
2025-12-30 13:49:11,238 - INFO  -   ⏱️  本Epoch耗时: 1分58秒 | 平均Epoch耗时: 1分58秒 | 剩余Epoch数: 88
2025-12-30 13:49:11,238 - INFO  -   📅 预估剩余时间: 2小时53分58秒 | 预估完成时间: 2025-12-30 16:43:09
2025-12-30 13:49:11,716 - INFO  - ([12] Epoch) Saving checkpoint to:
             Current: /root/autodl-tmp/retraining-free-quantization/training/r18_c10_nude_0.02_all_bits_orth/r18_c10_nude_0.02_all_bits_orth_checkpoint.pth.tar

2025-12-30 13:49:11,719 - INFO  - 🎲 Epoch 12: FaultInjector seed rotated to 54
2025-12-30 13:49:11,727 - INFO  - [NUDE] Epoch 12: force max bit-width W/A = 6
2025-12-30 13:49:11,727 - INFO  - ================================================================================
2025-12-30 13:49:11,727 - INFO  - 🔥 [NUDE] BFAT ACTIVE
2025-12-30 13:49:11,727 - INFO  -    Loss Type: direct_ce
2025-12-30 13:49:11,727 - INFO  -    Proj Mode: orthogonal
2025-12-30 13:49:11,727 - INFO  -    Injection: All Bits
2025-12-30 13:49:11,727 - INFO  - ================================================================================
2025-12-30 13:49:17,887 - INFO  - [NUDE][TRAIN] Epoch 12/100 Iter 20/390 Loss 0.3900 Top1 86.02 Top5 99.57
2025-12-30 13:49:23,679 - INFO  - [NUDE][TRAIN] Epoch 12/100 Iter 40/390 Loss 0.4062 Top1 85.57 Top5 99.47
2025-12-30 13:49:29,614 - INFO  - [NUDE][TRAIN] Epoch 12/100 Iter 60/390 Loss 0.4047 Top1 85.69 Top5 99.48
2025-12-30 13:49:35,628 - INFO  - [NUDE][TRAIN] Epoch 12/100 Iter 80/390 Loss 0.4107 Top1 85.68 Top5 99.39
2025-12-30 13:49:41,501 - INFO  - [NUDE][TRAIN] Epoch 12/100 Iter 100/390 Loss 0.4153 Top1 85.59 Top5 99.38
2025-12-30 13:49:47,470 - INFO  - [NUDE][TRAIN] Epoch 12/100 Iter 120/390 Loss 0.4199 Top1 85.48 Top5 99.35
2025-12-30 13:49:53,441 - INFO  - [NUDE][TRAIN] Epoch 12/100 Iter 140/390 Loss 0.4225 Top1 85.37 Top5 99.34
2025-12-30 13:49:59,550 - INFO  - [NUDE][TRAIN] Epoch 12/100 Iter 160/390 Loss 0.4236 Top1 85.39 Top5 99.38
2025-12-30 13:50:05,665 - INFO  - [NUDE][TRAIN] Epoch 12/100 Iter 180/390 Loss 0.4241 Top1 85.33 Top5 99.38
2025-12-30 13:50:11,710 - INFO  - [NUDE][TRAIN] Epoch 12/100 Iter 200/390 Loss 0.4187 Top1 85.55 Top5 99.41
2025-12-30 13:50:17,703 - INFO  - [NUDE][TRAIN] Epoch 12/100 Iter 220/390 Loss 0.4186 Top1 85.55 Top5 99.43
2025-12-30 13:50:23,764 - INFO  - [NUDE][TRAIN] Epoch 12/100 Iter 240/390 Loss 0.4176 Top1 85.60 Top5 99.44
2025-12-30 13:50:29,689 - INFO  - [NUDE][TRAIN] Epoch 12/100 Iter 260/390 Loss 0.4169 Top1 85.57 Top5 99.43
2025-12-30 13:50:35,733 - INFO  - [NUDE][TRAIN] Epoch 12/100 Iter 280/390 Loss 0.4174 Top1 85.54 Top5 99.43
2025-12-30 13:50:41,632 - INFO  - [NUDE][TRAIN] Epoch 12/100 Iter 300/390 Loss 0.4163 Top1 85.59 Top5 99.42
2025-12-30 13:50:47,632 - INFO  - [NUDE][TRAIN] Epoch 12/100 Iter 320/390 Loss 0.4149 Top1 85.58 Top5 99.45
2025-12-30 13:50:53,691 - INFO  - [NUDE][TRAIN] Epoch 12/100 Iter 340/390 Loss 0.4137 Top1 85.65 Top5 99.45
2025-12-30 13:50:59,596 - INFO  - [NUDE][TRAIN] Epoch 12/100 Iter 360/390 Loss 0.4143 Top1 85.61 Top5 99.45
2025-12-30 13:51:05,514 - INFO  - [NUDE][TRAIN] Epoch 12/100 Iter 380/390 Loss 0.4137 Top1 85.65 Top5 99.46
2025-12-30 13:51:08,471 - INFO  - [NUDE] Validate: force max bit-width W/A = 6
2025-12-30 13:51:10,781 - INFO  - [NUDE][EPOCH] 12/100 Train: Top1=85.70 Top5=99.47 Loss=0.4128 | Val(EMA): Top1=43.01
2025-12-30 13:51:10,781 - INFO  -   ⏱️  本Epoch耗时: 1分59秒 | 平均Epoch耗时: 1分59秒 | 剩余Epoch数: 87
2025-12-30 13:51:10,781 - INFO  -   📅 预估剩余时间: 2小时52分39秒 | 预估完成时间: 2025-12-30 16:43:50
2025-12-30 13:51:11,348 - INFO  - ([13] Epoch) Saving checkpoint to:
             Current: /root/autodl-tmp/retraining-free-quantization/training/r18_c10_nude_0.02_all_bits_orth/r18_c10_nude_0.02_all_bits_orth_checkpoint.pth.tar

2025-12-30 13:51:11,351 - INFO  - 🎲 Epoch 13: FaultInjector seed rotated to 55
2025-12-30 13:51:11,359 - INFO  - [NUDE] Epoch 13: force max bit-width W/A = 6
2025-12-30 13:51:11,359 - INFO  - ================================================================================
2025-12-30 13:51:11,359 - INFO  - 🔥 [NUDE] BFAT ACTIVE
2025-12-30 13:51:11,360 - INFO  -    Loss Type: direct_ce
2025-12-30 13:51:11,360 - INFO  -    Proj Mode: orthogonal
2025-12-30 13:51:11,360 - INFO  -    Injection: All Bits
2025-12-30 13:51:11,360 - INFO  - ================================================================================
2025-12-30 13:51:17,575 - INFO  - [NUDE][TRAIN] Epoch 13/100 Iter 20/390 Loss 0.3809 Top1 86.88 Top5 99.41
2025-12-30 13:51:23,578 - INFO  - [NUDE][TRAIN] Epoch 13/100 Iter 40/390 Loss 0.3773 Top1 86.72 Top5 99.49
2025-12-30 13:51:29,506 - INFO  - [NUDE][TRAIN] Epoch 13/100 Iter 60/390 Loss 0.3882 Top1 86.45 Top5 99.48
2025-12-30 13:51:35,537 - INFO  - [NUDE][TRAIN] Epoch 13/100 Iter 80/390 Loss 0.3841 Top1 86.85 Top5 99.51
2025-12-30 13:51:41,458 - INFO  - [NUDE][TRAIN] Epoch 13/100 Iter 100/390 Loss 0.3817 Top1 87.03 Top5 99.50
2025-12-30 13:51:47,496 - INFO  - [NUDE][TRAIN] Epoch 13/100 Iter 120/390 Loss 0.3867 Top1 86.73 Top5 99.50
2025-12-30 13:51:53,545 - INFO  - [NUDE][TRAIN] Epoch 13/100 Iter 140/390 Loss 0.3899 Top1 86.69 Top5 99.50
2025-12-30 13:51:59,461 - INFO  - [NUDE][TRAIN] Epoch 13/100 Iter 160/390 Loss 0.3891 Top1 86.69 Top5 99.49
2025-12-30 13:52:05,481 - INFO  - [NUDE][TRAIN] Epoch 13/100 Iter 180/390 Loss 0.3910 Top1 86.58 Top5 99.50
2025-12-30 13:52:11,382 - INFO  - [NUDE][TRAIN] Epoch 13/100 Iter 200/390 Loss 0.3891 Top1 86.62 Top5 99.51
2025-12-30 13:52:17,421 - INFO  - [NUDE][TRAIN] Epoch 13/100 Iter 220/390 Loss 0.3877 Top1 86.68 Top5 99.51
2025-12-30 13:52:23,412 - INFO  - [NUDE][TRAIN] Epoch 13/100 Iter 240/390 Loss 0.3860 Top1 86.70 Top5 99.52
2025-12-30 13:52:29,272 - INFO  - [NUDE][TRAIN] Epoch 13/100 Iter 260/390 Loss 0.3872 Top1 86.65 Top5 99.54
2025-12-30 13:52:35,280 - INFO  - [NUDE][TRAIN] Epoch 13/100 Iter 280/390 Loss 0.3873 Top1 86.65 Top5 99.54
2025-12-30 13:52:41,111 - INFO  - [NUDE][TRAIN] Epoch 13/100 Iter 300/390 Loss 0.3861 Top1 86.68 Top5 99.55
2025-12-30 13:52:46,992 - INFO  - [NUDE][TRAIN] Epoch 13/100 Iter 320/390 Loss 0.3871 Top1 86.64 Top5 99.54
2025-12-30 13:52:52,891 - INFO  - [NUDE][TRAIN] Epoch 13/100 Iter 340/390 Loss 0.3858 Top1 86.73 Top5 99.53
2025-12-30 13:52:58,800 - INFO  - [NUDE][TRAIN] Epoch 13/100 Iter 360/390 Loss 0.3854 Top1 86.76 Top5 99.52
2025-12-30 13:53:04,819 - INFO  - [NUDE][TRAIN] Epoch 13/100 Iter 380/390 Loss 0.3833 Top1 86.82 Top5 99.53
2025-12-30 13:53:07,802 - INFO  - [NUDE] Validate: force max bit-width W/A = 6
2025-12-30 13:53:10,178 - INFO  - [NUDE][EPOCH] 13/100 Train: Top1=86.78 Top5=99.53 Loss=0.3843 | Val(EMA): Top1=49.52
2025-12-30 13:53:10,178 - INFO  -   ⏱️  本Epoch耗时: 1分58秒 | 平均Epoch耗时: 1分59秒 | 剩余Epoch数: 86
2025-12-30 13:53:10,178 - INFO  -   📅 预估剩余时间: 2小时50分57秒 | 预估完成时间: 2025-12-30 16:44:08
2025-12-30 13:53:10,788 - INFO  - ([14] Epoch) Saving checkpoint to:
             Current: /root/autodl-tmp/retraining-free-quantization/training/r18_c10_nude_0.02_all_bits_orth/r18_c10_nude_0.02_all_bits_orth_checkpoint.pth.tar

2025-12-30 13:53:10,791 - INFO  - 🎲 Epoch 14: FaultInjector seed rotated to 56
2025-12-30 13:53:10,799 - INFO  - [NUDE] Epoch 14: force max bit-width W/A = 6
2025-12-30 13:53:10,799 - INFO  - ================================================================================
2025-12-30 13:53:10,799 - INFO  - 🔥 [NUDE] BFAT ACTIVE
2025-12-30 13:53:10,799 - INFO  -    Loss Type: direct_ce
2025-12-30 13:53:10,799 - INFO  -    Proj Mode: orthogonal
2025-12-30 13:53:10,799 - INFO  -    Injection: All Bits
2025-12-30 13:53:10,799 - INFO  - ================================================================================
2025-12-30 13:53:17,082 - INFO  - [NUDE][TRAIN] Epoch 14/100 Iter 20/390 Loss 0.3261 Top1 88.75 Top5 99.57
2025-12-30 13:53:23,129 - INFO  - [NUDE][TRAIN] Epoch 14/100 Iter 40/390 Loss 0.3424 Top1 88.09 Top5 99.65
2025-12-30 13:53:29,029 - INFO  - [NUDE][TRAIN] Epoch 14/100 Iter 60/390 Loss 0.3522 Top1 87.79 Top5 99.53
2025-12-30 13:53:35,054 - INFO  - [NUDE][TRAIN] Epoch 14/100 Iter 80/390 Loss 0.3515 Top1 87.67 Top5 99.61
2025-12-30 13:53:40,950 - INFO  - [NUDE][TRAIN] Epoch 14/100 Iter 100/390 Loss 0.3485 Top1 87.95 Top5 99.58
2025-12-30 13:53:46,943 - INFO  - [NUDE][TRAIN] Epoch 14/100 Iter 120/390 Loss 0.3486 Top1 87.96 Top5 99.60
2025-12-30 13:53:52,923 - INFO  - [NUDE][TRAIN] Epoch 14/100 Iter 140/390 Loss 0.3481 Top1 87.93 Top5 99.61
2025-12-30 13:53:58,797 - INFO  - [NUDE][TRAIN] Epoch 14/100 Iter 160/390 Loss 0.3485 Top1 87.86 Top5 99.65
2025-12-30 13:54:04,798 - INFO  - [NUDE][TRAIN] Epoch 14/100 Iter 180/390 Loss 0.3506 Top1 87.87 Top5 99.65
2025-12-30 13:54:10,692 - INFO  - [NUDE][TRAIN] Epoch 14/100 Iter 200/390 Loss 0.3521 Top1 87.84 Top5 99.62
2025-12-30 13:54:16,663 - INFO  - [NUDE][TRAIN] Epoch 14/100 Iter 220/390 Loss 0.3536 Top1 87.82 Top5 99.62
2025-12-30 13:54:22,537 - INFO  - [NUDE][TRAIN] Epoch 14/100 Iter 240/390 Loss 0.3577 Top1 87.70 Top5 99.60
2025-12-30 13:54:28,325 - INFO  - [NUDE][TRAIN] Epoch 14/100 Iter 260/390 Loss 0.3607 Top1 87.56 Top5 99.59
2025-12-30 13:54:34,303 - INFO  - [NUDE][TRAIN] Epoch 14/100 Iter 280/390 Loss 0.3601 Top1 87.61 Top5 99.59
2025-12-30 13:54:40,301 - INFO  - [NUDE][TRAIN] Epoch 14/100 Iter 300/390 Loss 0.3591 Top1 87.60 Top5 99.59
2025-12-30 13:54:46,303 - INFO  - [NUDE][TRAIN] Epoch 14/100 Iter 320/390 Loss 0.3602 Top1 87.57 Top5 99.59
2025-12-30 13:54:52,313 - INFO  - [NUDE][TRAIN] Epoch 14/100 Iter 340/390 Loss 0.3605 Top1 87.57 Top5 99.59
2025-12-30 13:54:58,260 - INFO  - [NUDE][TRAIN] Epoch 14/100 Iter 360/390 Loss 0.3591 Top1 87.59 Top5 99.60
2025-12-30 13:55:04,285 - INFO  - [NUDE][TRAIN] Epoch 14/100 Iter 380/390 Loss 0.3600 Top1 87.55 Top5 99.59
2025-12-30 13:55:07,272 - INFO  - [NUDE] Validate: force max bit-width W/A = 6
2025-12-30 13:55:09,533 - INFO  - [NUDE][EPOCH] 14/100 Train: Top1=87.57 Top5=99.60 Loss=0.3594 | Val(EMA): Top1=56.13
2025-12-30 13:55:09,533 - INFO  -   ⏱️  本Epoch耗时: 1分58秒 | 平均Epoch耗时: 1分58秒 | 剩余Epoch数: 85
2025-12-30 13:55:09,533 - INFO  -   📅 预估剩余时间: 2小时48分32秒 | 预估完成时间: 2025-12-30 16:43:42
2025-12-30 13:55:10,202 - INFO  - ([15] Epoch) Saving checkpoint to:
             Current: /root/autodl-tmp/retraining-free-quantization/training/r18_c10_nude_0.02_all_bits_orth/r18_c10_nude_0.02_all_bits_orth_checkpoint.pth.tar

2025-12-30 13:55:10,204 - INFO  - 🎲 Epoch 15: FaultInjector seed rotated to 57
2025-12-30 13:55:10,212 - INFO  - [NUDE] Epoch 15: force max bit-width W/A = 6
2025-12-30 13:55:10,212 - INFO  - ================================================================================
2025-12-30 13:55:10,212 - INFO  - 🔥 [NUDE] BFAT ACTIVE
2025-12-30 13:55:10,212 - INFO  -    Loss Type: direct_ce
2025-12-30 13:55:10,212 - INFO  -    Proj Mode: orthogonal
2025-12-30 13:55:10,212 - INFO  -    Injection: All Bits
2025-12-30 13:55:10,212 - INFO  - ================================================================================
2025-12-30 13:55:16,480 - INFO  - [NUDE][TRAIN] Epoch 15/100 Iter 20/390 Loss 0.3089 Top1 89.69 Top5 99.53
2025-12-30 13:55:22,446 - INFO  - [NUDE][TRAIN] Epoch 15/100 Iter 40/390 Loss 0.3285 Top1 89.06 Top5 99.55
2025-12-30 13:55:28,331 - INFO  - [NUDE][TRAIN] Epoch 15/100 Iter 60/390 Loss 0.3342 Top1 88.84 Top5 99.58
2025-12-30 13:55:34,291 - INFO  - [NUDE][TRAIN] Epoch 15/100 Iter 80/390 Loss 0.3414 Top1 88.57 Top5 99.55
2025-12-30 13:55:40,174 - INFO  - [NUDE][TRAIN] Epoch 15/100 Iter 100/390 Loss 0.3429 Top1 88.44 Top5 99.56
2025-12-30 13:55:46,139 - INFO  - [NUDE][TRAIN] Epoch 15/100 Iter 120/390 Loss 0.3421 Top1 88.35 Top5 99.56
2025-12-30 13:55:52,177 - INFO  - [NUDE][TRAIN] Epoch 15/100 Iter 140/390 Loss 0.3390 Top1 88.40 Top5 99.56
2025-12-30 13:55:58,017 - INFO  - [NUDE][TRAIN] Epoch 15/100 Iter 160/390 Loss 0.3411 Top1 88.29 Top5 99.58
2025-12-30 13:56:03,892 - INFO  - [NUDE][TRAIN] Epoch 15/100 Iter 180/390 Loss 0.3367 Top1 88.39 Top5 99.60
2025-12-30 13:56:09,773 - INFO  - [NUDE][TRAIN] Epoch 15/100 Iter 200/390 Loss 0.3380 Top1 88.36 Top5 99.60
2025-12-30 13:56:15,673 - INFO  - [NUDE][TRAIN] Epoch 15/100 Iter 220/390 Loss 0.3379 Top1 88.38 Top5 99.61
2025-12-30 13:56:21,620 - INFO  - [NUDE][TRAIN] Epoch 15/100 Iter 240/390 Loss 0.3392 Top1 88.32 Top5 99.62
2025-12-30 13:56:27,484 - INFO  - [NUDE][TRAIN] Epoch 15/100 Iter 260/390 Loss 0.3382 Top1 88.39 Top5 99.63
2025-12-30 13:56:33,451 - INFO  - [NUDE][TRAIN] Epoch 15/100 Iter 280/390 Loss 0.3391 Top1 88.36 Top5 99.64
2025-12-30 13:56:39,463 - INFO  - [NUDE][TRAIN] Epoch 15/100 Iter 300/390 Loss 0.3391 Top1 88.34 Top5 99.63
2025-12-30 13:56:45,333 - INFO  - [NUDE][TRAIN] Epoch 15/100 Iter 320/390 Loss 0.3394 Top1 88.36 Top5 99.64
2025-12-30 13:56:51,310 - INFO  - [NUDE][TRAIN] Epoch 15/100 Iter 340/390 Loss 0.3401 Top1 88.30 Top5 99.64
2025-12-30 13:56:57,182 - INFO  - [NUDE][TRAIN] Epoch 15/100 Iter 360/390 Loss 0.3390 Top1 88.36 Top5 99.65
2025-12-30 13:57:03,155 - INFO  - [NUDE][TRAIN] Epoch 15/100 Iter 380/390 Loss 0.3403 Top1 88.33 Top5 99.66
2025-12-30 13:57:06,130 - INFO  - [NUDE] Validate: force max bit-width W/A = 6
2025-12-30 13:57:08,452 - INFO  - [NUDE][EPOCH] 15/100 Train: Top1=88.33 Top5=99.65 Loss=0.3406 | Val(EMA): Top1=62.64
2025-12-30 13:57:08,452 - INFO  -   ⏱️  本Epoch耗时: 1分58秒 | 平均Epoch耗时: 1分58秒 | 剩余Epoch数: 84
2025-12-30 13:57:08,452 - INFO  -   📅 预估剩余时间: 2小时46分3秒 | 预估完成时间: 2025-12-30 16:43:11
2025-12-30 13:57:09,168 - INFO  - ([16] Epoch) Saving checkpoint to:
             Current: /root/autodl-tmp/retraining-free-quantization/training/r18_c10_nude_0.02_all_bits_orth/r18_c10_nude_0.02_all_bits_orth_checkpoint.pth.tar

2025-12-30 13:57:09,171 - INFO  - 🎲 Epoch 16: FaultInjector seed rotated to 58
2025-12-30 13:57:09,178 - INFO  - [NUDE] Epoch 16: force max bit-width W/A = 6
2025-12-30 13:57:09,179 - INFO  - ================================================================================
2025-12-30 13:57:09,179 - INFO  - 🔥 [NUDE] BFAT ACTIVE
2025-12-30 13:57:09,179 - INFO  -    Loss Type: direct_ce
2025-12-30 13:57:09,179 - INFO  -    Proj Mode: orthogonal
2025-12-30 13:57:09,179 - INFO  -    Injection: All Bits
2025-12-30 13:57:09,179 - INFO  - ================================================================================
2025-12-30 13:57:15,332 - INFO  - [NUDE][TRAIN] Epoch 16/100 Iter 20/390 Loss 0.3084 Top1 89.14 Top5 99.69
2025-12-30 13:57:21,354 - INFO  - [NUDE][TRAIN] Epoch 16/100 Iter 40/390 Loss 0.3112 Top1 89.20 Top5 99.69
2025-12-30 13:57:27,207 - INFO  - [NUDE][TRAIN] Epoch 16/100 Iter 60/390 Loss 0.3143 Top1 89.13 Top5 99.70
2025-12-30 13:57:33,231 - INFO  - [NUDE][TRAIN] Epoch 16/100 Iter 80/390 Loss 0.3132 Top1 89.06 Top5 99.75
2025-12-30 13:57:39,071 - INFO  - [NUDE][TRAIN] Epoch 16/100 Iter 100/390 Loss 0.3075 Top1 89.23 Top5 99.75
2025-12-30 13:57:44,865 - INFO  - [NUDE][TRAIN] Epoch 16/100 Iter 120/390 Loss 0.3158 Top1 88.99 Top5 99.70
2025-12-30 13:57:50,768 - INFO  - [NUDE][TRAIN] Epoch 16/100 Iter 140/390 Loss 0.3165 Top1 89.08 Top5 99.69
2025-12-30 13:57:56,667 - INFO  - [NUDE][TRAIN] Epoch 16/100 Iter 160/390 Loss 0.3165 Top1 89.02 Top5 99.70
2025-12-30 13:58:02,655 - INFO  - [NUDE][TRAIN] Epoch 16/100 Iter 180/390 Loss 0.3188 Top1 88.93 Top5 99.70
2025-12-30 13:58:08,628 - INFO  - [NUDE][TRAIN] Epoch 16/100 Iter 200/390 Loss 0.3176 Top1 88.91 Top5 99.72
2025-12-30 13:58:14,486 - INFO  - [NUDE][TRAIN] Epoch 16/100 Iter 220/390 Loss 0.3166 Top1 88.97 Top5 99.71
2025-12-30 13:58:20,459 - INFO  - [NUDE][TRAIN] Epoch 16/100 Iter 240/390 Loss 0.3187 Top1 88.91 Top5 99.69
2025-12-30 13:58:26,314 - INFO  - [NUDE][TRAIN] Epoch 16/100 Iter 260/390 Loss 0.3172 Top1 88.98 Top5 99.70
2025-12-30 13:58:32,292 - INFO  - [NUDE][TRAIN] Epoch 16/100 Iter 280/390 Loss 0.3175 Top1 88.96 Top5 99.70
2025-12-30 13:58:38,266 - INFO  - [NUDE][TRAIN] Epoch 16/100 Iter 300/390 Loss 0.3187 Top1 88.91 Top5 99.70
2025-12-30 13:58:44,113 - INFO  - [NUDE][TRAIN] Epoch 16/100 Iter 320/390 Loss 0.3199 Top1 88.91 Top5 99.70
2025-12-30 13:58:50,142 - INFO  - [NUDE][TRAIN] Epoch 16/100 Iter 340/390 Loss 0.3209 Top1 88.89 Top5 99.70
2025-12-30 13:58:56,074 - INFO  - [NUDE][TRAIN] Epoch 16/100 Iter 360/390 Loss 0.3209 Top1 88.89 Top5 99.70
2025-12-30 13:59:02,059 - INFO  - [NUDE][TRAIN] Epoch 16/100 Iter 380/390 Loss 0.3206 Top1 88.90 Top5 99.71
2025-12-30 13:59:05,024 - INFO  - [NUDE] Validate: force max bit-width W/A = 6
2025-12-30 13:59:07,315 - INFO  - [NUDE][EPOCH] 16/100 Train: Top1=88.91 Top5=99.71 Loss=0.3203 | Val(EMA): Top1=68.57
2025-12-30 13:59:07,316 - INFO  -   ⏱️  本Epoch耗时: 1分58秒 | 平均Epoch耗时: 1分58秒 | 剩余Epoch数: 83
2025-12-30 13:59:07,316 - INFO  -   📅 预估剩余时间: 2小时44分4秒 | 预估完成时间: 2025-12-30 16:43:11
2025-12-30 13:59:08,003 - INFO  - ([17] Epoch) Saving checkpoint to:
             Current: /root/autodl-tmp/retraining-free-quantization/training/r18_c10_nude_0.02_all_bits_orth/r18_c10_nude_0.02_all_bits_orth_checkpoint.pth.tar

2025-12-30 13:59:08,006 - INFO  - 🎲 Epoch 17: FaultInjector seed rotated to 59
2025-12-30 13:59:08,014 - INFO  - [NUDE] Epoch 17: force max bit-width W/A = 6
2025-12-30 13:59:08,014 - INFO  - ================================================================================
2025-12-30 13:59:08,014 - INFO  - 🔥 [NUDE] BFAT ACTIVE
2025-12-30 13:59:08,014 - INFO  -    Loss Type: direct_ce
2025-12-30 13:59:08,015 - INFO  -    Proj Mode: orthogonal
2025-12-30 13:59:08,015 - INFO  -    Injection: All Bits
2025-12-30 13:59:08,015 - INFO  - ================================================================================
2025-12-30 13:59:14,083 - INFO  - [NUDE][TRAIN] Epoch 17/100 Iter 20/390 Loss 0.2796 Top1 90.35 Top5 99.80
2025-12-30 13:59:20,001 - INFO  - [NUDE][TRAIN] Epoch 17/100 Iter 40/390 Loss 0.2850 Top1 90.35 Top5 99.82
2025-12-30 13:59:25,787 - INFO  - [NUDE][TRAIN] Epoch 17/100 Iter 60/390 Loss 0.2836 Top1 90.30 Top5 99.75
2025-12-30 13:59:31,778 - INFO  - [NUDE][TRAIN] Epoch 17/100 Iter 80/390 Loss 0.2864 Top1 90.26 Top5 99.79
2025-12-30 13:59:37,757 - INFO  - [NUDE][TRAIN] Epoch 17/100 Iter 100/390 Loss 0.2889 Top1 90.16 Top5 99.77
2025-12-30 13:59:43,635 - INFO  - [NUDE][TRAIN] Epoch 17/100 Iter 120/390 Loss 0.2922 Top1 90.08 Top5 99.75
2025-12-30 13:59:49,636 - INFO  - [NUDE][TRAIN] Epoch 17/100 Iter 140/390 Loss 0.2926 Top1 90.12 Top5 99.72
2025-12-30 13:59:55,505 - INFO  - [NUDE][TRAIN] Epoch 17/100 Iter 160/390 Loss 0.2941 Top1 90.07 Top5 99.73
2025-12-30 14:00:02,113 - INFO  - [NUDE][TRAIN] Epoch 17/100 Iter 180/390 Loss 0.2945 Top1 90.01 Top5 99.72
2025-12-30 14:00:08,108 - INFO  - [NUDE][TRAIN] Epoch 17/100 Iter 200/390 Loss 0.2959 Top1 89.97 Top5 99.72
2025-12-30 14:00:13,986 - INFO  - [NUDE][TRAIN] Epoch 17/100 Iter 220/390 Loss 0.2953 Top1 89.96 Top5 99.72
2025-12-30 14:00:19,982 - INFO  - [NUDE][TRAIN] Epoch 17/100 Iter 240/390 Loss 0.2973 Top1 89.89 Top5 99.72
2025-12-30 14:00:25,852 - INFO  - [NUDE][TRAIN] Epoch 17/100 Iter 260/390 Loss 0.2971 Top1 89.86 Top5 99.72
2025-12-30 14:00:31,857 - INFO  - [NUDE][TRAIN] Epoch 17/100 Iter 280/390 Loss 0.2998 Top1 89.77 Top5 99.71
2025-12-30 14:00:37,833 - INFO  - [NUDE][TRAIN] Epoch 17/100 Iter 300/390 Loss 0.2992 Top1 89.80 Top5 99.70
2025-12-30 14:00:43,705 - INFO  - [NUDE][TRAIN] Epoch 17/100 Iter 320/390 Loss 0.2983 Top1 89.80 Top5 99.71
2025-12-30 14:00:49,673 - INFO  - [NUDE][TRAIN] Epoch 17/100 Iter 340/390 Loss 0.2983 Top1 89.81 Top5 99.71
2025-12-30 14:00:55,463 - INFO  - [NUDE][TRAIN] Epoch 17/100 Iter 360/390 Loss 0.2994 Top1 89.77 Top5 99.70
2025-12-30 14:01:01,368 - INFO  - [NUDE][TRAIN] Epoch 17/100 Iter 380/390 Loss 0.2995 Top1 89.77 Top5 99.69
2025-12-30 14:01:04,292 - INFO  - [NUDE] Validate: force max bit-width W/A = 6
2025-12-30 14:01:06,541 - INFO  - [NUDE][EPOCH] 17/100 Train: Top1=89.77 Top5=99.70 Loss=0.2996 | Val(EMA): Top1=74.03
2025-12-30 14:01:06,541 - INFO  -   ⏱️  本Epoch耗时: 1分58秒 | 平均Epoch耗时: 1分58秒 | 剩余Epoch数: 82
2025-12-30 14:01:06,541 - INFO  -   📅 预估剩余时间: 2小时41分56秒 | 预估完成时间: 2025-12-30 16:43:03
2025-12-30 14:01:07,138 - INFO  - ([18] Epoch) Saving checkpoint to:
             Current: /root/autodl-tmp/retraining-free-quantization/training/r18_c10_nude_0.02_all_bits_orth/r18_c10_nude_0.02_all_bits_orth_checkpoint.pth.tar

2025-12-30 14:01:07,140 - INFO  - 🎲 Epoch 18: FaultInjector seed rotated to 60
2025-12-30 14:01:07,148 - INFO  - [NUDE] Epoch 18: force max bit-width W/A = 6
2025-12-30 14:01:07,148 - INFO  - ================================================================================
2025-12-30 14:01:07,148 - INFO  - 🔥 [NUDE] BFAT ACTIVE
2025-12-30 14:01:07,148 - INFO  -    Loss Type: direct_ce
2025-12-30 14:01:07,148 - INFO  -    Proj Mode: orthogonal
2025-12-30 14:01:07,148 - INFO  -    Injection: All Bits
2025-12-30 14:01:07,148 - INFO  - ================================================================================
2025-12-30 14:01:13,303 - INFO  - [NUDE][TRAIN] Epoch 18/100 Iter 20/390 Loss 0.2596 Top1 91.02 Top5 99.84
2025-12-30 14:01:19,358 - INFO  - [NUDE][TRAIN] Epoch 18/100 Iter 40/390 Loss 0.2615 Top1 90.96 Top5 99.86
2025-12-30 14:01:25,198 - INFO  - [NUDE][TRAIN] Epoch 18/100 Iter 60/390 Loss 0.2732 Top1 90.44 Top5 99.83
2025-12-30 14:01:31,142 - INFO  - [NUDE][TRAIN] Epoch 18/100 Iter 80/390 Loss 0.2753 Top1 90.30 Top5 99.81
2025-12-30 14:01:37,141 - INFO  - [NUDE][TRAIN] Epoch 18/100 Iter 100/390 Loss 0.2795 Top1 90.12 Top5 99.82
2025-12-30 14:01:43,014 - INFO  - [NUDE][TRAIN] Epoch 18/100 Iter 120/390 Loss 0.2827 Top1 90.09 Top5 99.80
2025-12-30 14:01:49,004 - INFO  - [NUDE][TRAIN] Epoch 18/100 Iter 140/390 Loss 0.2841 Top1 90.15 Top5 99.78
2025-12-30 14:01:54,850 - INFO  - [NUDE][TRAIN] Epoch 18/100 Iter 160/390 Loss 0.2837 Top1 90.13 Top5 99.79
2025-12-30 14:02:00,811 - INFO  - [NUDE][TRAIN] Epoch 18/100 Iter 180/390 Loss 0.2837 Top1 90.20 Top5 99.80
2025-12-30 14:02:06,757 - INFO  - [NUDE][TRAIN] Epoch 18/100 Iter 200/390 Loss 0.2855 Top1 90.16 Top5 99.79
2025-12-30 14:02:12,656 - INFO  - [NUDE][TRAIN] Epoch 18/100 Iter 220/390 Loss 0.2863 Top1 90.14 Top5 99.79
2025-12-30 14:02:18,628 - INFO  - [NUDE][TRAIN] Epoch 18/100 Iter 240/390 Loss 0.2873 Top1 90.09 Top5 99.79
2025-12-30 14:02:24,480 - INFO  - [NUDE][TRAIN] Epoch 18/100 Iter 260/390 Loss 0.2839 Top1 90.20 Top5 99.79
2025-12-30 14:02:30,404 - INFO  - [NUDE][TRAIN] Epoch 18/100 Iter 280/390 Loss 0.2842 Top1 90.19 Top5 99.77
2025-12-30 14:02:36,261 - INFO  - [NUDE][TRAIN] Epoch 18/100 Iter 300/390 Loss 0.2848 Top1 90.23 Top5 99.77
2025-12-30 14:02:42,018 - INFO  - [NUDE][TRAIN] Epoch 18/100 Iter 320/390 Loss 0.2867 Top1 90.17 Top5 99.77
2025-12-30 14:02:47,989 - INFO  - [NUDE][TRAIN] Epoch 18/100 Iter 340/390 Loss 0.2869 Top1 90.18 Top5 99.77
2025-12-30 14:02:53,898 - INFO  - [NUDE][TRAIN] Epoch 18/100 Iter 360/390 Loss 0.2875 Top1 90.13 Top5 99.76
2025-12-30 14:02:59,868 - INFO  - [NUDE][TRAIN] Epoch 18/100 Iter 380/390 Loss 0.2885 Top1 90.12 Top5 99.75
2025-12-30 14:03:02,850 - INFO  - [NUDE] Validate: force max bit-width W/A = 6
2025-12-30 14:03:05,123 - INFO  - [NUDE][EPOCH] 18/100 Train: Top1=90.10 Top5=99.75 Loss=0.2887 | Val(EMA): Top1=78.21
2025-12-30 14:03:05,123 - INFO  -   ⏱️  本Epoch耗时: 1分57秒 | 平均Epoch耗时: 1分58秒 | 剩余Epoch数: 81
2025-12-30 14:03:05,123 - INFO  -   📅 预估剩余时间: 2小时39分44秒 | 预估完成时间: 2025-12-30 16:42:49
2025-12-30 14:03:05,924 - INFO  - ([19] Epoch) Saving checkpoint to:
             Current: /root/autodl-tmp/retraining-free-quantization/training/r18_c10_nude_0.02_all_bits_orth/r18_c10_nude_0.02_all_bits_orth_checkpoint.pth.tar

2025-12-30 14:03:05,927 - INFO  - 🎲 Epoch 19: FaultInjector seed rotated to 61
2025-12-30 14:03:05,935 - INFO  - [NUDE] Epoch 19: force max bit-width W/A = 6
2025-12-30 14:03:05,935 - INFO  - ================================================================================
2025-12-30 14:03:05,935 - INFO  - 🔥 [NUDE] BFAT ACTIVE
2025-12-30 14:03:05,935 - INFO  -    Loss Type: direct_ce
2025-12-30 14:03:05,935 - INFO  -    Proj Mode: orthogonal
2025-12-30 14:03:05,935 - INFO  -    Injection: All Bits
2025-12-30 14:03:05,935 - INFO  - ================================================================================
2025-12-30 14:03:12,120 - INFO  - [NUDE][TRAIN] Epoch 19/100 Iter 20/390 Loss 0.2471 Top1 91.02 Top5 99.80
2025-12-30 14:03:18,138 - INFO  - [NUDE][TRAIN] Epoch 19/100 Iter 40/390 Loss 0.2474 Top1 91.05 Top5 99.77
2025-12-30 14:03:24,035 - INFO  - [NUDE][TRAIN] Epoch 19/100 Iter 60/390 Loss 0.2608 Top1 90.47 Top5 99.75
2025-12-30 14:03:30,027 - INFO  - [NUDE][TRAIN] Epoch 19/100 Iter 80/390 Loss 0.2565 Top1 90.80 Top5 99.77
2025-12-30 14:03:35,967 - INFO  - [NUDE][TRAIN] Epoch 19/100 Iter 100/390 Loss 0.2585 Top1 90.74 Top5 99.76
2025-12-30 14:03:41,835 - INFO  - [NUDE][TRAIN] Epoch 19/100 Iter 120/390 Loss 0.2613 Top1 90.65 Top5 99.75
2025-12-30 14:03:47,813 - INFO  - [NUDE][TRAIN] Epoch 19/100 Iter 140/390 Loss 0.2633 Top1 90.65 Top5 99.75
2025-12-30 14:03:53,690 - INFO  - [NUDE][TRAIN] Epoch 19/100 Iter 160/390 Loss 0.2609 Top1 90.74 Top5 99.76
2025-12-30 14:03:59,704 - INFO  - [NUDE][TRAIN] Epoch 19/100 Iter 180/390 Loss 0.2594 Top1 90.85 Top5 99.76
2025-12-30 14:04:05,663 - INFO  - [NUDE][TRAIN] Epoch 19/100 Iter 200/390 Loss 0.2624 Top1 90.70 Top5 99.77
2025-12-30 14:04:11,489 - INFO  - [NUDE][TRAIN] Epoch 19/100 Iter 220/390 Loss 0.2631 Top1 90.67 Top5 99.78
2025-12-30 14:04:17,343 - INFO  - [NUDE][TRAIN] Epoch 19/100 Iter 240/390 Loss 0.2632 Top1 90.70 Top5 99.78
2025-12-30 14:04:23,174 - INFO  - [NUDE][TRAIN] Epoch 19/100 Iter 260/390 Loss 0.2642 Top1 90.72 Top5 99.77
2025-12-30 14:04:29,202 - INFO  - [NUDE][TRAIN] Epoch 19/100 Iter 280/390 Loss 0.2660 Top1 90.69 Top5 99.76
2025-12-30 14:04:35,183 - INFO  - [NUDE][TRAIN] Epoch 19/100 Iter 300/390 Loss 0.2670 Top1 90.68 Top5 99.76
2025-12-30 14:04:41,113 - INFO  - [NUDE][TRAIN] Epoch 19/100 Iter 320/390 Loss 0.2671 Top1 90.64 Top5 99.76
2025-12-30 14:04:47,119 - INFO  - [NUDE][TRAIN] Epoch 19/100 Iter 340/390 Loss 0.2658 Top1 90.69 Top5 99.77
2025-12-30 14:04:53,015 - INFO  - [NUDE][TRAIN] Epoch 19/100 Iter 360/390 Loss 0.2663 Top1 90.68 Top5 99.77
2025-12-30 14:04:59,013 - INFO  - [NUDE][TRAIN] Epoch 19/100 Iter 380/390 Loss 0.2666 Top1 90.67 Top5 99.77
2025-12-30 14:05:02,029 - INFO  - [NUDE] Validate: force max bit-width W/A = 6
2025-12-30 14:05:04,298 - INFO  - [NUDE][EPOCH] 19/100 Train: Top1=90.66 Top5=99.76 Loss=0.2670 | Val(EMA): Top1=80.97
2025-12-30 14:05:04,298 - INFO  -   ⏱️  本Epoch耗时: 1分58秒 | 平均Epoch耗时: 1分58秒 | 剩余Epoch数: 80
2025-12-30 14:05:04,298 - INFO  -   📅 预估剩余时间: 2小时37分40秒 | 预估完成时间: 2025-12-30 16:42:44
2025-12-30 14:05:05,007 - INFO  - ([20] Epoch) Saving checkpoint to:
             Current: /root/autodl-tmp/retraining-free-quantization/training/r18_c10_nude_0.02_all_bits_orth/r18_c10_nude_0.02_all_bits_orth_checkpoint.pth.tar

2025-12-30 14:05:05,011 - INFO  - 🎲 Epoch 20: FaultInjector seed rotated to 62
2025-12-30 14:05:05,019 - INFO  - [NUDE] Epoch 20: force max bit-width W/A = 6
2025-12-30 14:05:05,019 - INFO  - ================================================================================
2025-12-30 14:05:05,019 - INFO  - 🔥 [NUDE] BFAT ACTIVE
2025-12-30 14:05:05,019 - INFO  -    Loss Type: direct_ce
2025-12-30 14:05:05,019 - INFO  -    Proj Mode: orthogonal
2025-12-30 14:05:05,019 - INFO  -    Injection: All Bits
2025-12-30 14:05:05,019 - INFO  - ================================================================================
2025-12-30 14:05:11,151 - INFO  - [NUDE][TRAIN] Epoch 20/100 Iter 20/390 Loss 0.2556 Top1 90.86 Top5 99.77
2025-12-30 14:05:17,205 - INFO  - [NUDE][TRAIN] Epoch 20/100 Iter 40/390 Loss 0.2545 Top1 91.19 Top5 99.80
2025-12-30 14:05:23,131 - INFO  - [NUDE][TRAIN] Epoch 20/100 Iter 60/390 Loss 0.2508 Top1 91.41 Top5 99.77
2025-12-30 14:05:29,118 - INFO  - [NUDE][TRAIN] Epoch 20/100 Iter 80/390 Loss 0.2481 Top1 91.44 Top5 99.81
2025-12-30 14:05:35,148 - INFO  - [NUDE][TRAIN] Epoch 20/100 Iter 100/390 Loss 0.2510 Top1 91.26 Top5 99.81
2025-12-30 14:05:41,033 - INFO  - [NUDE][TRAIN] Epoch 20/100 Iter 120/390 Loss 0.2551 Top1 91.11 Top5 99.81
2025-12-30 14:05:47,013 - INFO  - [NUDE][TRAIN] Epoch 20/100 Iter 140/390 Loss 0.2530 Top1 91.22 Top5 99.83
2025-12-30 14:05:52,774 - INFO  - [NUDE][TRAIN] Epoch 20/100 Iter 160/390 Loss 0.2508 Top1 91.29 Top5 99.83
2025-12-30 14:05:58,649 - INFO  - [NUDE][TRAIN] Epoch 20/100 Iter 180/390 Loss 0.2517 Top1 91.26 Top5 99.83
2025-12-30 14:06:04,585 - INFO  - [NUDE][TRAIN] Epoch 20/100 Iter 200/390 Loss 0.2521 Top1 91.20 Top5 99.83
2025-12-30 14:06:10,477 - INFO  - [NUDE][TRAIN] Epoch 20/100 Iter 220/390 Loss 0.2504 Top1 91.26 Top5 99.83
2025-12-30 14:06:16,461 - INFO  - [NUDE][TRAIN] Epoch 20/100 Iter 240/390 Loss 0.2555 Top1 91.12 Top5 99.82
2025-12-30 14:06:22,380 - INFO  - [NUDE][TRAIN] Epoch 20/100 Iter 260/390 Loss 0.2574 Top1 91.06 Top5 99.80
2025-12-30 14:06:28,382 - INFO  - [NUDE][TRAIN] Epoch 20/100 Iter 280/390 Loss 0.2579 Top1 91.04 Top5 99.80
2025-12-30 14:06:34,351 - INFO  - [NUDE][TRAIN] Epoch 20/100 Iter 300/390 Loss 0.2575 Top1 91.05 Top5 99.80
2025-12-30 14:06:40,305 - INFO  - [NUDE][TRAIN] Epoch 20/100 Iter 320/390 Loss 0.2578 Top1 91.07 Top5 99.80
2025-12-30 14:06:46,340 - INFO  - [NUDE][TRAIN] Epoch 20/100 Iter 340/390 Loss 0.2579 Top1 91.04 Top5 99.80
2025-12-30 14:06:52,273 - INFO  - [NUDE][TRAIN] Epoch 20/100 Iter 360/390 Loss 0.2587 Top1 90.99 Top5 99.80
2025-12-30 14:06:58,298 - INFO  - [NUDE][TRAIN] Epoch 20/100 Iter 380/390 Loss 0.2582 Top1 91.01 Top5 99.80
2025-12-30 14:07:01,293 - INFO  - [NUDE] Validate: force max bit-width W/A = 6
2025-12-30 14:07:03,575 - INFO  - [NUDE][EPOCH] 20/100 Train: Top1=91.02 Top5=99.80 Loss=0.2582 | Val(EMA): Top1=83.42
2025-12-30 14:07:03,575 - INFO  -   ⏱️  本Epoch耗时: 1分58秒 | 平均Epoch耗时: 1分58秒 | 剩余Epoch数: 79
2025-12-30 14:07:03,575 - INFO  -   📅 预估剩余时间: 2小时35分47秒 | 预估完成时间: 2025-12-30 16:42:50
2025-12-30 14:07:04,344 - INFO  - ([21] Epoch) Saving checkpoint to:
             Current: /root/autodl-tmp/retraining-free-quantization/training/r18_c10_nude_0.02_all_bits_orth/r18_c10_nude_0.02_all_bits_orth_checkpoint.pth.tar

2025-12-30 14:07:04,347 - INFO  - 🎲 Epoch 21: FaultInjector seed rotated to 63
2025-12-30 14:07:04,355 - INFO  - [NUDE] Epoch 21: force max bit-width W/A = 6
2025-12-30 14:07:04,355 - INFO  - ================================================================================
2025-12-30 14:07:04,355 - INFO  - 🔥 [NUDE] BFAT ACTIVE
2025-12-30 14:07:04,355 - INFO  -    Loss Type: direct_ce
2025-12-30 14:07:04,355 - INFO  -    Proj Mode: orthogonal
2025-12-30 14:07:04,355 - INFO  -    Injection: All Bits
2025-12-30 14:07:04,355 - INFO  - ================================================================================
2025-12-30 14:07:10,546 - INFO  - [NUDE][TRAIN] Epoch 21/100 Iter 20/390 Loss 0.2508 Top1 90.78 Top5 99.80
2025-12-30 14:07:16,550 - INFO  - [NUDE][TRAIN] Epoch 21/100 Iter 40/390 Loss 0.2410 Top1 91.43 Top5 99.84
2025-12-30 14:07:22,487 - INFO  - [NUDE][TRAIN] Epoch 21/100 Iter 60/390 Loss 0.2416 Top1 91.54 Top5 99.82
2025-12-30 14:07:28,448 - INFO  - [NUDE][TRAIN] Epoch 21/100 Iter 80/390 Loss 0.2392 Top1 91.63 Top5 99.82
2025-12-30 14:07:34,369 - INFO  - [NUDE][TRAIN] Epoch 21/100 Iter 100/390 Loss 0.2427 Top1 91.62 Top5 99.80
2025-12-30 14:07:40,204 - INFO  - [NUDE][TRAIN] Epoch 21/100 Iter 120/390 Loss 0.2398 Top1 91.65 Top5 99.83
2025-12-30 14:07:46,238 - INFO  - [NUDE][TRAIN] Epoch 21/100 Iter 140/390 Loss 0.2407 Top1 91.61 Top5 99.85
2025-12-30 14:07:52,182 - INFO  - [NUDE][TRAIN] Epoch 21/100 Iter 160/390 Loss 0.2423 Top1 91.53 Top5 99.83
2025-12-30 14:07:58,183 - INFO  - [NUDE][TRAIN] Epoch 21/100 Iter 180/390 Loss 0.2413 Top1 91.54 Top5 99.83
2025-12-30 14:08:04,160 - INFO  - [NUDE][TRAIN] Epoch 21/100 Iter 200/390 Loss 0.2424 Top1 91.50 Top5 99.80
2025-12-30 14:08:10,061 - INFO  - [NUDE][TRAIN] Epoch 21/100 Iter 220/390 Loss 0.2401 Top1 91.57 Top5 99.82
2025-12-30 14:08:16,055 - INFO  - [NUDE][TRAIN] Epoch 21/100 Iter 240/390 Loss 0.2415 Top1 91.56 Top5 99.81
2025-12-30 14:08:21,931 - INFO  - [NUDE][TRAIN] Epoch 21/100 Iter 260/390 Loss 0.2407 Top1 91.55 Top5 99.83
2025-12-30 14:08:27,957 - INFO  - [NUDE][TRAIN] Epoch 21/100 Iter 280/390 Loss 0.2432 Top1 91.48 Top5 99.83
2025-12-30 14:08:34,004 - INFO  - [NUDE][TRAIN] Epoch 21/100 Iter 300/390 Loss 0.2438 Top1 91.45 Top5 99.84
2025-12-30 14:08:39,995 - INFO  - [NUDE][TRAIN] Epoch 21/100 Iter 320/390 Loss 0.2438 Top1 91.45 Top5 99.83
2025-12-30 14:08:45,986 - INFO  - [NUDE][TRAIN] Epoch 21/100 Iter 340/390 Loss 0.2440 Top1 91.43 Top5 99.84
2025-12-30 14:08:51,897 - INFO  - [NUDE][TRAIN] Epoch 21/100 Iter 360/390 Loss 0.2450 Top1 91.42 Top5 99.85
2025-12-30 14:08:57,889 - INFO  - [NUDE][TRAIN] Epoch 21/100 Iter 380/390 Loss 0.2463 Top1 91.38 Top5 99.84
2025-12-30 14:09:00,875 - INFO  - [NUDE] Validate: force max bit-width W/A = 6
2025-12-30 14:09:03,134 - INFO  - [NUDE][EPOCH] 21/100 Train: Top1=91.37 Top5=99.84 Loss=0.2467 | Val(EMA): Top1=85.06
2025-12-30 14:09:03,134 - INFO  -   ⏱️  本Epoch耗时: 1分58秒 | 平均Epoch耗时: 1分58秒 | 剩余Epoch数: 78
2025-12-30 14:09:03,135 - INFO  -   📅 预估剩余时间: 2小时33分58秒 | 预估完成时间: 2025-12-30 16:43:02
2025-12-30 14:09:03,849 - INFO  - ([22] Epoch) Saving checkpoint to:
             Current: /root/autodl-tmp/retraining-free-quantization/training/r18_c10_nude_0.02_all_bits_orth/r18_c10_nude_0.02_all_bits_orth_checkpoint.pth.tar

2025-12-30 14:09:03,852 - INFO  - 🎲 Epoch 22: FaultInjector seed rotated to 64
2025-12-30 14:09:03,860 - INFO  - [NUDE] Epoch 22: force max bit-width W/A = 6
2025-12-30 14:09:03,860 - INFO  - ================================================================================
2025-12-30 14:09:03,860 - INFO  - 🔥 [NUDE] BFAT ACTIVE
2025-12-30 14:09:03,860 - INFO  -    Loss Type: direct_ce
2025-12-30 14:09:03,860 - INFO  -    Proj Mode: orthogonal
2025-12-30 14:09:03,860 - INFO  -    Injection: All Bits
2025-12-30 14:09:03,860 - INFO  - ================================================================================
2025-12-30 14:09:09,929 - INFO  - [NUDE][TRAIN] Epoch 22/100 Iter 20/390 Loss 0.2438 Top1 91.72 Top5 99.77
2025-12-30 14:09:15,853 - INFO  - [NUDE][TRAIN] Epoch 22/100 Iter 40/390 Loss 0.2271 Top1 92.29 Top5 99.86
2025-12-30 14:09:21,747 - INFO  - [NUDE][TRAIN] Epoch 22/100 Iter 60/390 Loss 0.2348 Top1 91.99 Top5 99.87
2025-12-30 14:09:27,718 - INFO  - [NUDE][TRAIN] Epoch 22/100 Iter 80/390 Loss 0.2370 Top1 91.95 Top5 99.84
2025-12-30 14:09:33,691 - INFO  - [NUDE][TRAIN] Epoch 22/100 Iter 100/390 Loss 0.2390 Top1 91.87 Top5 99.87
2025-12-30 14:09:39,603 - INFO  - [NUDE][TRAIN] Epoch 22/100 Iter 120/390 Loss 0.2365 Top1 91.94 Top5 99.87
2025-12-30 14:09:45,593 - INFO  - [NUDE][TRAIN] Epoch 22/100 Iter 140/390 Loss 0.2371 Top1 91.85 Top5 99.87
2025-12-30 14:09:51,501 - INFO  - [NUDE][TRAIN] Epoch 22/100 Iter 160/390 Loss 0.2378 Top1 91.84 Top5 99.88
2025-12-30 14:09:57,473 - INFO  - [NUDE][TRAIN] Epoch 22/100 Iter 180/390 Loss 0.2393 Top1 91.87 Top5 99.88
2025-12-30 14:10:03,499 - INFO  - [NUDE][TRAIN] Epoch 22/100 Iter 200/390 Loss 0.2391 Top1 91.88 Top5 99.88
2025-12-30 14:10:09,415 - INFO  - [NUDE][TRAIN] Epoch 22/100 Iter 220/390 Loss 0.2386 Top1 91.86 Top5 99.88
2025-12-30 14:10:15,432 - INFO  - [NUDE][TRAIN] Epoch 22/100 Iter 240/390 Loss 0.2399 Top1 91.78 Top5 99.87
2025-12-30 14:10:21,366 - INFO  - [NUDE][TRAIN] Epoch 22/100 Iter 260/390 Loss 0.2392 Top1 91.79 Top5 99.86
2025-12-30 14:10:27,364 - INFO  - [NUDE][TRAIN] Epoch 22/100 Iter 280/390 Loss 0.2402 Top1 91.72 Top5 99.87
2025-12-30 14:10:33,376 - INFO  - [NUDE][TRAIN] Epoch 22/100 Iter 300/390 Loss 0.2399 Top1 91.70 Top5 99.87
2025-12-30 14:10:39,266 - INFO  - [NUDE][TRAIN] Epoch 22/100 Iter 320/390 Loss 0.2408 Top1 91.66 Top5 99.87
2025-12-30 14:10:45,217 - INFO  - [NUDE][TRAIN] Epoch 22/100 Iter 340/390 Loss 0.2402 Top1 91.69 Top5 99.86
2025-12-30 14:10:51,073 - INFO  - [NUDE][TRAIN] Epoch 22/100 Iter 360/390 Loss 0.2403 Top1 91.69 Top5 99.86
2025-12-30 14:10:57,002 - INFO  - [NUDE][TRAIN] Epoch 22/100 Iter 380/390 Loss 0.2399 Top1 91.72 Top5 99.86
2025-12-30 14:11:00,009 - INFO  - [NUDE] Validate: force max bit-width W/A = 6
2025-12-30 14:11:02,354 - INFO  - [NUDE][EPOCH] 22/100 Train: Top1=91.67 Top5=99.86 Loss=0.2409 | Val(EMA): Top1=86.51
2025-12-30 14:11:02,354 - INFO  -   ⏱️  本Epoch耗时: 1分58秒 | 平均Epoch耗时: 1分58秒 | 剩余Epoch数: 77
2025-12-30 14:11:02,354 - INFO  -   📅 预估剩余时间: 2小时31分59秒 | 预估完成时间: 2025-12-30 16:43:02
2025-12-30 14:11:03,070 - INFO  - ([23] Epoch) Saving checkpoint to:
             Current: /root/autodl-tmp/retraining-free-quantization/training/r18_c10_nude_0.02_all_bits_orth/r18_c10_nude_0.02_all_bits_orth_checkpoint.pth.tar

2025-12-30 14:11:03,073 - INFO  - 🎲 Epoch 23: FaultInjector seed rotated to 65
2025-12-30 14:11:03,081 - INFO  - [NUDE] Epoch 23: force max bit-width W/A = 6
2025-12-30 14:11:03,081 - INFO  - ================================================================================
2025-12-30 14:11:03,082 - INFO  - 🔥 [NUDE] BFAT ACTIVE
2025-12-30 14:11:03,082 - INFO  -    Loss Type: direct_ce
2025-12-30 14:11:03,082 - INFO  -    Proj Mode: orthogonal
2025-12-30 14:11:03,082 - INFO  -    Injection: All Bits
2025-12-30 14:11:03,082 - INFO  - ================================================================================
2025-12-30 14:11:09,276 - INFO  - [NUDE][TRAIN] Epoch 23/100 Iter 20/390 Loss 0.2268 Top1 91.80 Top5 99.92
2025-12-30 14:11:15,387 - INFO  - [NUDE][TRAIN] Epoch 23/100 Iter 40/390 Loss 0.2247 Top1 91.99 Top5 99.90
2025-12-30 14:11:21,277 - INFO  - [NUDE][TRAIN] Epoch 23/100 Iter 60/390 Loss 0.2141 Top1 92.54 Top5 99.90
2025-12-30 14:11:27,235 - INFO  - [NUDE][TRAIN] Epoch 23/100 Iter 80/390 Loss 0.2139 Top1 92.58 Top5 99.88
2025-12-30 14:11:33,266 - INFO  - [NUDE][TRAIN] Epoch 23/100 Iter 100/390 Loss 0.2158 Top1 92.53 Top5 99.88
2025-12-30 14:11:39,193 - INFO  - [NUDE][TRAIN] Epoch 23/100 Iter 120/390 Loss 0.2161 Top1 92.53 Top5 99.87
2025-12-30 14:11:45,170 - INFO  - [NUDE][TRAIN] Epoch 23/100 Iter 140/390 Loss 0.2159 Top1 92.50 Top5 99.87
2025-12-30 14:11:51,090 - INFO  - [NUDE][TRAIN] Epoch 23/100 Iter 160/390 Loss 0.2185 Top1 92.40 Top5 99.86
2025-12-30 14:11:57,073 - INFO  - [NUDE][TRAIN] Epoch 23/100 Iter 180/390 Loss 0.2183 Top1 92.44 Top5 99.86
2025-12-30 14:12:03,104 - INFO  - [NUDE][TRAIN] Epoch 23/100 Iter 200/390 Loss 0.2176 Top1 92.46 Top5 99.86
2025-12-30 14:12:09,061 - INFO  - [NUDE][TRAIN] Epoch 23/100 Iter 220/390 Loss 0.2168 Top1 92.48 Top5 99.87
2025-12-30 14:12:15,104 - INFO  - [NUDE][TRAIN] Epoch 23/100 Iter 240/390 Loss 0.2174 Top1 92.49 Top5 99.87
2025-12-30 14:12:20,988 - INFO  - [NUDE][TRAIN] Epoch 23/100 Iter 260/390 Loss 0.2186 Top1 92.42 Top5 99.88
2025-12-30 14:12:26,914 - INFO  - [NUDE][TRAIN] Epoch 23/100 Iter 280/390 Loss 0.2200 Top1 92.34 Top5 99.88
2025-12-30 14:12:32,843 - INFO  - [NUDE][TRAIN] Epoch 23/100 Iter 300/390 Loss 0.2204 Top1 92.35 Top5 99.88
2025-12-30 14:12:38,761 - INFO  - [NUDE][TRAIN] Epoch 23/100 Iter 320/390 Loss 0.2201 Top1 92.34 Top5 99.88
2025-12-30 14:12:44,728 - INFO  - [NUDE][TRAIN] Epoch 23/100 Iter 340/390 Loss 0.2201 Top1 92.36 Top5 99.87
2025-12-30 14:12:50,595 - INFO  - [NUDE][TRAIN] Epoch 23/100 Iter 360/390 Loss 0.2224 Top1 92.28 Top5 99.87
2025-12-30 14:12:56,596 - INFO  - [NUDE][TRAIN] Epoch 23/100 Iter 380/390 Loss 0.2221 Top1 92.27 Top5 99.87
2025-12-30 14:12:59,569 - INFO  - [NUDE] Validate: force max bit-width W/A = 6
2025-12-30 14:13:01,881 - INFO  - [NUDE][EPOCH] 23/100 Train: Top1=92.25 Top5=99.87 Loss=0.2229 | Val(EMA): Top1=87.80
2025-12-30 14:13:01,881 - INFO  -   ⏱️  本Epoch耗时: 1分58秒 | 平均Epoch耗时: 1分58秒 | 剩余Epoch数: 76
2025-12-30 14:13:01,882 - INFO  -   📅 预估剩余时间: 2小时30分14秒 | 预估完成时间: 2025-12-30 16:43:15
2025-12-30 14:13:02,610 - INFO  - ([24] Epoch) Saving checkpoint to:
             Current: /root/autodl-tmp/retraining-free-quantization/training/r18_c10_nude_0.02_all_bits_orth/r18_c10_nude_0.02_all_bits_orth_checkpoint.pth.tar

2025-12-30 14:13:02,613 - INFO  - 🎲 Epoch 24: FaultInjector seed rotated to 66
2025-12-30 14:13:02,621 - INFO  - [NUDE] Epoch 24: force max bit-width W/A = 6
2025-12-30 14:13:02,621 - INFO  - ================================================================================
2025-12-30 14:13:02,621 - INFO  - 🔥 [NUDE] BFAT ACTIVE
2025-12-30 14:13:02,621 - INFO  -    Loss Type: direct_ce
2025-12-30 14:13:02,621 - INFO  -    Proj Mode: orthogonal
2025-12-30 14:13:02,621 - INFO  -    Injection: All Bits
2025-12-30 14:13:02,621 - INFO  - ================================================================================
2025-12-30 14:13:08,747 - INFO  - [NUDE][TRAIN] Epoch 24/100 Iter 20/390 Loss 0.2039 Top1 92.93 Top5 99.80
2025-12-30 14:13:14,771 - INFO  - [NUDE][TRAIN] Epoch 24/100 Iter 40/390 Loss 0.2010 Top1 92.81 Top5 99.84
2025-12-30 14:13:20,656 - INFO  - [NUDE][TRAIN] Epoch 24/100 Iter 60/390 Loss 0.2090 Top1 92.59 Top5 99.86
2025-12-30 14:13:26,652 - INFO  - [NUDE][TRAIN] Epoch 24/100 Iter 80/390 Loss 0.2089 Top1 92.57 Top5 99.87
2025-12-30 14:13:32,641 - INFO  - [NUDE][TRAIN] Epoch 24/100 Iter 100/390 Loss 0.2113 Top1 92.50 Top5 99.87
2025-12-30 14:13:38,560 - INFO  - [NUDE][TRAIN] Epoch 24/100 Iter 120/390 Loss 0.2142 Top1 92.45 Top5 99.88
2025-12-30 14:13:44,589 - INFO  - [NUDE][TRAIN] Epoch 24/100 Iter 140/390 Loss 0.2147 Top1 92.44 Top5 99.87
2025-12-30 14:13:50,470 - INFO  - [NUDE][TRAIN] Epoch 24/100 Iter 160/390 Loss 0.2138 Top1 92.54 Top5 99.87
2025-12-30 14:13:56,478 - INFO  - [NUDE][TRAIN] Epoch 24/100 Iter 180/390 Loss 0.2139 Top1 92.54 Top5 99.87
2025-12-30 14:14:02,365 - INFO  - [NUDE][TRAIN] Epoch 24/100 Iter 200/390 Loss 0.2128 Top1 92.56 Top5 99.87
2025-12-30 14:14:08,160 - INFO  - [NUDE][TRAIN] Epoch 24/100 Iter 220/390 Loss 0.2121 Top1 92.60 Top5 99.87
2025-12-30 14:14:14,147 - INFO  - [NUDE][TRAIN] Epoch 24/100 Iter 240/390 Loss 0.2124 Top1 92.60 Top5 99.88
2025-12-30 14:14:20,037 - INFO  - [NUDE][TRAIN] Epoch 24/100 Iter 260/390 Loss 0.2124 Top1 92.61 Top5 99.88
2025-12-30 14:14:26,039 - INFO  - [NUDE][TRAIN] Epoch 24/100 Iter 280/390 Loss 0.2123 Top1 92.61 Top5 99.88
2025-12-30 14:14:32,012 - INFO  - [NUDE][TRAIN] Epoch 24/100 Iter 300/390 Loss 0.2129 Top1 92.61 Top5 99.89
2025-12-30 14:14:37,895 - INFO  - [NUDE][TRAIN] Epoch 24/100 Iter 320/390 Loss 0.2114 Top1 92.66 Top5 99.89
2025-12-30 14:14:43,905 - INFO  - [NUDE][TRAIN] Epoch 24/100 Iter 340/390 Loss 0.2104 Top1 92.67 Top5 99.90
2025-12-30 14:14:49,811 - INFO  - [NUDE][TRAIN] Epoch 24/100 Iter 360/390 Loss 0.2111 Top1 92.67 Top5 99.90
2025-12-30 14:14:55,822 - INFO  - [NUDE][TRAIN] Epoch 24/100 Iter 380/390 Loss 0.2125 Top1 92.62 Top5 99.90
2025-12-30 14:14:58,849 - INFO  - [NUDE] Validate: force max bit-width W/A = 6
2025-12-30 14:15:01,159 - INFO  - [NUDE][EPOCH] 24/100 Train: Top1=92.61 Top5=99.90 Loss=0.2130 | Val(EMA): Top1=88.53
2025-12-30 14:15:01,159 - INFO  -   ⏱️  本Epoch耗时: 1分58秒 | 平均Epoch耗时: 1分58秒 | 剩余Epoch数: 75
2025-12-30 14:15:01,159 - INFO  -   📅 预估剩余时间: 2小时28分18秒 | 预估完成时间: 2025-12-30 16:43:19
2025-12-30 14:15:01,898 - INFO  - ([25] Epoch) Saving checkpoint to:
             Current: /root/autodl-tmp/retraining-free-quantization/training/r18_c10_nude_0.02_all_bits_orth/r18_c10_nude_0.02_all_bits_orth_checkpoint.pth.tar

2025-12-30 14:15:01,901 - INFO  - 🎲 Epoch 25: FaultInjector seed rotated to 67
2025-12-30 14:15:01,911 - INFO  - [NUDE] Epoch 25: force max bit-width W/A = 6
2025-12-30 14:15:01,911 - INFO  - ================================================================================
2025-12-30 14:15:01,911 - INFO  - 🔥 [NUDE] BFAT ACTIVE
2025-12-30 14:15:01,911 - INFO  -    Loss Type: direct_ce
2025-12-30 14:15:01,911 - INFO  -    Proj Mode: orthogonal
2025-12-30 14:15:01,911 - INFO  -    Injection: All Bits
2025-12-30 14:15:01,911 - INFO  - ================================================================================
2025-12-30 14:15:08,049 - INFO  - [NUDE][TRAIN] Epoch 25/100 Iter 20/390 Loss 0.1956 Top1 92.81 Top5 99.84
2025-12-30 14:15:14,077 - INFO  - [NUDE][TRAIN] Epoch 25/100 Iter 40/390 Loss 0.2079 Top1 92.36 Top5 99.86
2025-12-30 14:15:19,970 - INFO  - [NUDE][TRAIN] Epoch 25/100 Iter 60/390 Loss 0.2023 Top1 92.72 Top5 99.90
2025-12-30 14:15:25,975 - INFO  - [NUDE][TRAIN] Epoch 25/100 Iter 80/390 Loss 0.2030 Top1 92.66 Top5 99.91
2025-12-30 14:15:31,987 - INFO  - [NUDE][TRAIN] Epoch 25/100 Iter 100/390 Loss 0.2032 Top1 92.81 Top5 99.91
2025-12-30 14:15:37,852 - INFO  - [NUDE][TRAIN] Epoch 25/100 Iter 120/390 Loss 0.2052 Top1 92.73 Top5 99.90
2025-12-30 14:15:43,715 - INFO  - [NUDE][TRAIN] Epoch 25/100 Iter 140/390 Loss 0.2076 Top1 92.70 Top5 99.89
2025-12-30 14:15:49,515 - INFO  - [NUDE][TRAIN] Epoch 25/100 Iter 160/390 Loss 0.2074 Top1 92.72 Top5 99.89
2025-12-30 14:15:55,498 - INFO  - [NUDE][TRAIN] Epoch 25/100 Iter 180/390 Loss 0.2067 Top1 92.74 Top5 99.90
2025-12-30 14:16:01,524 - INFO  - [NUDE][TRAIN] Epoch 25/100 Iter 200/390 Loss 0.2049 Top1 92.84 Top5 99.90
2025-12-30 14:16:07,388 - INFO  - [NUDE][TRAIN] Epoch 25/100 Iter 220/390 Loss 0.2083 Top1 92.76 Top5 99.90
2025-12-30 14:16:13,390 - INFO  - [NUDE][TRAIN] Epoch 25/100 Iter 240/390 Loss 0.2093 Top1 92.75 Top5 99.89
2025-12-30 14:16:19,294 - INFO  - [NUDE][TRAIN] Epoch 25/100 Iter 260/390 Loss 0.2093 Top1 92.78 Top5 99.89
2025-12-30 14:16:25,311 - INFO  - [NUDE][TRAIN] Epoch 25/100 Iter 280/390 Loss 0.2095 Top1 92.77 Top5 99.89
2025-12-30 14:16:31,324 - INFO  - [NUDE][TRAIN] Epoch 25/100 Iter 300/390 Loss 0.2099 Top1 92.78 Top5 99.89
2025-12-30 14:16:37,237 - INFO  - [NUDE][TRAIN] Epoch 25/100 Iter 320/390 Loss 0.2101 Top1 92.77 Top5 99.89
2025-12-30 14:16:43,230 - INFO  - [NUDE][TRAIN] Epoch 25/100 Iter 340/390 Loss 0.2098 Top1 92.76 Top5 99.89
2025-12-30 14:16:49,102 - INFO  - [NUDE][TRAIN] Epoch 25/100 Iter 360/390 Loss 0.2094 Top1 92.75 Top5 99.89
2025-12-30 14:16:55,114 - INFO  - [NUDE][TRAIN] Epoch 25/100 Iter 380/390 Loss 0.2098 Top1 92.74 Top5 99.90
2025-12-30 14:16:58,127 - INFO  - [NUDE] Validate: force max bit-width W/A = 6
2025-12-30 14:17:00,403 - INFO  - [NUDE][EPOCH] 25/100 Train: Top1=92.71 Top5=99.90 Loss=0.2109 | Val(EMA): Top1=89.12
2025-12-30 14:17:00,403 - INFO  -   ⏱️  本Epoch耗时: 1分58秒 | 平均Epoch耗时: 1分58秒 | 剩余Epoch数: 74
2025-12-30 14:17:00,404 - INFO  -   📅 预估剩余时间: 2小时26分18秒 | 预估完成时间: 2025-12-30 16:43:18
2025-12-30 14:17:01,105 - INFO  - ([26] Epoch) Saving checkpoint to:
             Current: /root/autodl-tmp/retraining-free-quantization/training/r18_c10_nude_0.02_all_bits_orth/r18_c10_nude_0.02_all_bits_orth_checkpoint.pth.tar

2025-12-30 14:17:01,108 - INFO  - 🎲 Epoch 26: FaultInjector seed rotated to 68
2025-12-30 14:17:01,116 - INFO  - [NUDE] Epoch 26: force max bit-width W/A = 6
2025-12-30 14:17:01,116 - INFO  - ================================================================================
2025-12-30 14:17:01,116 - INFO  - 🔥 [NUDE] BFAT ACTIVE
2025-12-30 14:17:01,116 - INFO  -    Loss Type: direct_ce
2025-12-30 14:17:01,116 - INFO  -    Proj Mode: orthogonal
2025-12-30 14:17:01,116 - INFO  -    Injection: All Bits
2025-12-30 14:17:01,116 - INFO  - ================================================================================
2025-12-30 14:17:07,299 - INFO  - [NUDE][TRAIN] Epoch 26/100 Iter 20/390 Loss 0.1594 Top1 94.84 Top5 99.92
2025-12-30 14:17:13,317 - INFO  - [NUDE][TRAIN] Epoch 26/100 Iter 40/390 Loss 0.1728 Top1 94.02 Top5 99.94
2025-12-30 14:17:19,145 - INFO  - [NUDE][TRAIN] Epoch 26/100 Iter 60/390 Loss 0.1846 Top1 93.59 Top5 99.92
2025-12-30 14:17:25,014 - INFO  - [NUDE][TRAIN] Epoch 26/100 Iter 80/390 Loss 0.1880 Top1 93.29 Top5 99.91
2025-12-30 14:17:30,947 - INFO  - [NUDE][TRAIN] Epoch 26/100 Iter 100/390 Loss 0.1849 Top1 93.49 Top5 99.91
2025-12-30 14:17:36,837 - INFO  - [NUDE][TRAIN] Epoch 26/100 Iter 120/390 Loss 0.1906 Top1 93.24 Top5 99.92
2025-12-30 14:17:42,833 - INFO  - [NUDE][TRAIN] Epoch 26/100 Iter 140/390 Loss 0.1893 Top1 93.28 Top5 99.92
2025-12-30 14:17:48,746 - INFO  - [NUDE][TRAIN] Epoch 26/100 Iter 160/390 Loss 0.1881 Top1 93.33 Top5 99.91
2025-12-30 14:17:54,752 - INFO  - [NUDE][TRAIN] Epoch 26/100 Iter 180/390 Loss 0.1882 Top1 93.29 Top5 99.92
2025-12-30 14:18:00,711 - INFO  - [NUDE][TRAIN] Epoch 26/100 Iter 200/390 Loss 0.1914 Top1 93.16 Top5 99.91
2025-12-30 14:18:06,597 - INFO  - [NUDE][TRAIN] Epoch 26/100 Iter 220/390 Loss 0.1932 Top1 93.15 Top5 99.91
2025-12-30 14:18:12,643 - INFO  - [NUDE][TRAIN] Epoch 26/100 Iter 240/390 Loss 0.1942 Top1 93.11 Top5 99.92
2025-12-30 14:18:18,525 - INFO  - [NUDE][TRAIN] Epoch 26/100 Iter 260/390 Loss 0.1969 Top1 93.07 Top5 99.90
2025-12-30 14:18:24,504 - INFO  - [NUDE][TRAIN] Epoch 26/100 Iter 280/390 Loss 0.1979 Top1 93.04 Top5 99.91
2025-12-30 14:18:30,499 - INFO  - [NUDE][TRAIN] Epoch 26/100 Iter 300/390 Loss 0.1968 Top1 93.10 Top5 99.90
2025-12-30 14:18:36,397 - INFO  - [NUDE][TRAIN] Epoch 26/100 Iter 320/390 Loss 0.1966 Top1 93.11 Top5 99.90
2025-12-30 14:18:42,392 - INFO  - [NUDE][TRAIN] Epoch 26/100 Iter 340/390 Loss 0.1967 Top1 93.12 Top5 99.89
2025-12-30 14:18:48,292 - INFO  - [NUDE][TRAIN] Epoch 26/100 Iter 360/390 Loss 0.1973 Top1 93.11 Top5 99.89
2025-12-30 14:18:54,241 - INFO  - [NUDE][TRAIN] Epoch 26/100 Iter 380/390 Loss 0.1972 Top1 93.12 Top5 99.89
2025-12-30 14:18:57,174 - INFO  - [NUDE] Validate: force max bit-width W/A = 6
2025-12-30 14:18:59,416 - INFO  - [NUDE][EPOCH] 26/100 Train: Top1=93.11 Top5=99.89 Loss=0.1973 | Val(EMA): Top1=89.65
2025-12-30 14:18:59,417 - INFO  -   ⏱️  本Epoch耗时: 1分58秒 | 平均Epoch耗时: 1分58秒 | 剩余Epoch数: 73
2025-12-30 14:18:59,417 - INFO  -   📅 预估剩余时间: 2小时24分12秒 | 预估完成时间: 2025-12-30 16:43:12
2025-12-30 14:19:00,125 - INFO  - ([27] Epoch) Saving checkpoint to:
             Current: /root/autodl-tmp/retraining-free-quantization/training/r18_c10_nude_0.02_all_bits_orth/r18_c10_nude_0.02_all_bits_orth_checkpoint.pth.tar

2025-12-30 14:19:00,128 - INFO  - 🎲 Epoch 27: FaultInjector seed rotated to 69
2025-12-30 14:19:00,136 - INFO  - [NUDE] Epoch 27: force max bit-width W/A = 6
2025-12-30 14:19:00,136 - INFO  - ================================================================================
2025-12-30 14:19:00,136 - INFO  - 🔥 [NUDE] BFAT ACTIVE
2025-12-30 14:19:00,136 - INFO  -    Loss Type: direct_ce
2025-12-30 14:19:00,136 - INFO  -    Proj Mode: orthogonal
2025-12-30 14:19:00,136 - INFO  -    Injection: All Bits
2025-12-30 14:19:00,136 - INFO  - ================================================================================
2025-12-30 14:19:06,156 - INFO  - [NUDE][TRAIN] Epoch 27/100 Iter 20/390 Loss 0.1837 Top1 93.98 Top5 99.84
2025-12-30 14:19:12,131 - INFO  - [NUDE][TRAIN] Epoch 27/100 Iter 40/390 Loss 0.1855 Top1 93.38 Top5 99.88
2025-12-30 14:19:18,046 - INFO  - [NUDE][TRAIN] Epoch 27/100 Iter 60/390 Loss 0.1813 Top1 93.54 Top5 99.90
2025-12-30 14:19:24,024 - INFO  - [NUDE][TRAIN] Epoch 27/100 Iter 80/390 Loss 0.1779 Top1 93.66 Top5 99.89
2025-12-30 14:19:30,027 - INFO  - [NUDE][TRAIN] Epoch 27/100 Iter 100/390 Loss 0.1842 Top1 93.60 Top5 99.88
2025-12-30 14:19:35,929 - INFO  - [NUDE][TRAIN] Epoch 27/100 Iter 120/390 Loss 0.1859 Top1 93.52 Top5 99.86
2025-12-30 14:19:41,937 - INFO  - [NUDE][TRAIN] Epoch 27/100 Iter 140/390 Loss 0.1865 Top1 93.51 Top5 99.87
2025-12-30 14:19:47,911 - INFO  - [NUDE][TRAIN] Epoch 27/100 Iter 160/390 Loss 0.1865 Top1 93.52 Top5 99.86
2025-12-30 14:19:53,883 - INFO  - [NUDE][TRAIN] Epoch 27/100 Iter 180/390 Loss 0.1885 Top1 93.46 Top5 99.87
2025-12-30 14:19:59,899 - INFO  - [NUDE][TRAIN] Epoch 27/100 Iter 200/390 Loss 0.1913 Top1 93.36 Top5 99.86
2025-12-30 14:20:05,833 - INFO  - [NUDE][TRAIN] Epoch 27/100 Iter 220/390 Loss 0.1913 Top1 93.36 Top5 99.87
2025-12-30 14:20:11,809 - INFO  - [NUDE][TRAIN] Epoch 27/100 Iter 240/390 Loss 0.1904 Top1 93.39 Top5 99.87
2025-12-30 14:20:17,692 - INFO  - [NUDE][TRAIN] Epoch 27/100 Iter 260/390 Loss 0.1896 Top1 93.42 Top5 99.88
2025-12-30 14:20:23,656 - INFO  - [NUDE][TRAIN] Epoch 27/100 Iter 280/390 Loss 0.1903 Top1 93.38 Top5 99.88
2025-12-30 14:20:29,663 - INFO  - [NUDE][TRAIN] Epoch 27/100 Iter 300/390 Loss 0.1904 Top1 93.36 Top5 99.89
2025-12-30 14:20:35,479 - INFO  - [NUDE][TRAIN] Epoch 27/100 Iter 320/390 Loss 0.1901 Top1 93.38 Top5 99.89
2025-12-30 14:20:41,382 - INFO  - [NUDE][TRAIN] Epoch 27/100 Iter 340/390 Loss 0.1898 Top1 93.37 Top5 99.89
2025-12-30 14:20:47,202 - INFO  - [NUDE][TRAIN] Epoch 27/100 Iter 360/390 Loss 0.1902 Top1 93.36 Top5 99.89
2025-12-30 14:20:53,176 - INFO  - [NUDE][TRAIN] Epoch 27/100 Iter 380/390 Loss 0.1904 Top1 93.33 Top5 99.88
2025-12-30 14:20:56,141 - INFO  - [NUDE] Validate: force max bit-width W/A = 6
2025-12-30 14:20:58,439 - INFO  - [NUDE][EPOCH] 27/100 Train: Top1=93.30 Top5=99.89 Loss=0.1910 | Val(EMA): Top1=90.07
2025-12-30 14:20:58,439 - INFO  -   ⏱️  本Epoch耗时: 1分58秒 | 平均Epoch耗时: 1分58秒 | 剩余Epoch数: 72
2025-12-30 14:20:58,439 - INFO  -   📅 预估剩余时间: 2小时22分11秒 | 预估完成时间: 2025-12-30 16:43:10
2025-12-30 14:20:59,135 - INFO  - ([28] Epoch) Saving checkpoint to:
             Current: /root/autodl-tmp/retraining-free-quantization/training/r18_c10_nude_0.02_all_bits_orth/r18_c10_nude_0.02_all_bits_orth_checkpoint.pth.tar

2025-12-30 14:20:59,138 - INFO  - 🎲 Epoch 28: FaultInjector seed rotated to 70
2025-12-30 14:20:59,149 - INFO  - [NUDE] Epoch 28: force max bit-width W/A = 6
2025-12-30 14:20:59,149 - INFO  - ================================================================================
2025-12-30 14:20:59,149 - INFO  - 🔥 [NUDE] BFAT ACTIVE
2025-12-30 14:20:59,149 - INFO  -    Loss Type: direct_ce
2025-12-30 14:20:59,149 - INFO  -    Proj Mode: orthogonal
2025-12-30 14:20:59,149 - INFO  -    Injection: All Bits
2025-12-30 14:20:59,149 - INFO  - ================================================================================
2025-12-30 14:21:05,311 - INFO  - [NUDE][TRAIN] Epoch 28/100 Iter 20/390 Loss 0.1641 Top1 94.18 Top5 99.96
2025-12-30 14:21:11,332 - INFO  - [NUDE][TRAIN] Epoch 28/100 Iter 40/390 Loss 0.1714 Top1 94.02 Top5 99.92
2025-12-30 14:21:17,231 - INFO  - [NUDE][TRAIN] Epoch 28/100 Iter 60/390 Loss 0.1751 Top1 93.96 Top5 99.91
2025-12-30 14:21:23,209 - INFO  - [NUDE][TRAIN] Epoch 28/100 Iter 80/390 Loss 0.1731 Top1 94.05 Top5 99.91
2025-12-30 14:21:29,202 - INFO  - [NUDE][TRAIN] Epoch 28/100 Iter 100/390 Loss 0.1728 Top1 94.00 Top5 99.91
2025-12-30 14:21:35,095 - INFO  - [NUDE][TRAIN] Epoch 28/100 Iter 120/390 Loss 0.1736 Top1 94.02 Top5 99.90
2025-12-30 14:21:41,089 - INFO  - [NUDE][TRAIN] Epoch 28/100 Iter 140/390 Loss 0.1730 Top1 94.00 Top5 99.89
2025-12-30 14:21:46,966 - INFO  - [NUDE][TRAIN] Epoch 28/100 Iter 160/390 Loss 0.1739 Top1 93.95 Top5 99.88
2025-12-30 14:21:52,986 - INFO  - [NUDE][TRAIN] Epoch 28/100 Iter 180/390 Loss 0.1735 Top1 93.94 Top5 99.89
2025-12-30 14:21:58,967 - INFO  - [NUDE][TRAIN] Epoch 28/100 Iter 200/390 Loss 0.1755 Top1 93.89 Top5 99.88
2025-12-30 14:22:04,883 - INFO  - [NUDE][TRAIN] Epoch 28/100 Iter 220/390 Loss 0.1770 Top1 93.88 Top5 99.87
2025-12-30 14:22:10,827 - INFO  - [NUDE][TRAIN] Epoch 28/100 Iter 240/390 Loss 0.1774 Top1 93.85 Top5 99.87
2025-12-30 14:22:16,585 - INFO  - [NUDE][TRAIN] Epoch 28/100 Iter 260/390 Loss 0.1761 Top1 93.91 Top5 99.88
2025-12-30 14:22:22,459 - INFO  - [NUDE][TRAIN] Epoch 28/100 Iter 280/390 Loss 0.1759 Top1 93.93 Top5 99.89
2025-12-30 14:22:28,481 - INFO  - [NUDE][TRAIN] Epoch 28/100 Iter 300/390 Loss 0.1778 Top1 93.84 Top5 99.88
2025-12-30 14:22:34,368 - INFO  - [NUDE][TRAIN] Epoch 28/100 Iter 320/390 Loss 0.1771 Top1 93.85 Top5 99.89
2025-12-30 14:22:40,335 - INFO  - [NUDE][TRAIN] Epoch 28/100 Iter 340/390 Loss 0.1776 Top1 93.85 Top5 99.89
2025-12-30 14:22:46,197 - INFO  - [NUDE][TRAIN] Epoch 28/100 Iter 360/390 Loss 0.1780 Top1 93.84 Top5 99.90
2025-12-30 14:22:52,172 - INFO  - [NUDE][TRAIN] Epoch 28/100 Iter 380/390 Loss 0.1778 Top1 93.86 Top5 99.90
2025-12-30 14:22:55,205 - INFO  - [NUDE] Validate: force max bit-width W/A = 6
2025-12-30 14:22:57,583 - INFO  - [NUDE][EPOCH] 28/100 Train: Top1=93.86 Top5=99.90 Loss=0.1774 | Val(EMA): Top1=90.18
2025-12-30 14:22:57,583 - INFO  -   ⏱️  本Epoch耗时: 1分58秒 | 平均Epoch耗时: 1分58秒 | 剩余Epoch数: 71
2025-12-30 14:22:57,583 - INFO  -   📅 预估剩余时间: 2小时20分7秒 | 预估完成时间: 2025-12-30 16:43:05
2025-12-30 14:22:58,286 - INFO  - ([29] Epoch) Saving checkpoint to:
             Current: /root/autodl-tmp/retraining-free-quantization/training/r18_c10_nude_0.02_all_bits_orth/r18_c10_nude_0.02_all_bits_orth_checkpoint.pth.tar

2025-12-30 14:22:58,289 - INFO  - 🎲 Epoch 29: FaultInjector seed rotated to 71
2025-12-30 14:22:58,296 - INFO  - [NUDE] Epoch 29: force max bit-width W/A = 6
2025-12-30 14:22:58,297 - INFO  - ================================================================================
2025-12-30 14:22:58,297 - INFO  - 🔥 [NUDE] BFAT ACTIVE
2025-12-30 14:22:58,297 - INFO  -    Loss Type: direct_ce
2025-12-30 14:22:58,297 - INFO  -    Proj Mode: orthogonal
2025-12-30 14:22:58,297 - INFO  -    Injection: All Bits
2025-12-30 14:22:58,297 - INFO  - ================================================================================
2025-12-30 14:23:04,415 - INFO  - [NUDE][TRAIN] Epoch 29/100 Iter 20/390 Loss 0.1425 Top1 94.84 Top5 99.92
2025-12-30 14:23:10,429 - INFO  - [NUDE][TRAIN] Epoch 29/100 Iter 40/390 Loss 0.1429 Top1 94.80 Top5 99.96
2025-12-30 14:23:16,314 - INFO  - [NUDE][TRAIN] Epoch 29/100 Iter 60/390 Loss 0.1534 Top1 94.49 Top5 99.95
2025-12-30 14:23:22,304 - INFO  - [NUDE][TRAIN] Epoch 29/100 Iter 80/390 Loss 0.1562 Top1 94.41 Top5 99.92
2025-12-30 14:23:28,276 - INFO  - [NUDE][TRAIN] Epoch 29/100 Iter 100/390 Loss 0.1532 Top1 94.42 Top5 99.93
2025-12-30 14:23:34,187 - INFO  - [NUDE][TRAIN] Epoch 29/100 Iter 120/390 Loss 0.1571 Top1 94.34 Top5 99.93
2025-12-30 14:23:40,199 - INFO  - [NUDE][TRAIN] Epoch 29/100 Iter 140/390 Loss 0.1572 Top1 94.24 Top5 99.94
2025-12-30 14:23:46,081 - INFO  - [NUDE][TRAIN] Epoch 29/100 Iter 160/390 Loss 0.1619 Top1 93.99 Top5 99.95
2025-12-30 14:23:51,961 - INFO  - [NUDE][TRAIN] Epoch 29/100 Iter 180/390 Loss 0.1629 Top1 94.02 Top5 99.95
2025-12-30 14:23:57,834 - INFO  - [NUDE][TRAIN] Epoch 29/100 Iter 200/390 Loss 0.1648 Top1 93.99 Top5 99.94
2025-12-30 14:24:03,634 - INFO  - [NUDE][TRAIN] Epoch 29/100 Iter 220/390 Loss 0.1637 Top1 94.04 Top5 99.94
2025-12-30 14:24:09,612 - INFO  - [NUDE][TRAIN] Epoch 29/100 Iter 240/390 Loss 0.1664 Top1 93.98 Top5 99.94
2025-12-30 14:24:15,489 - INFO  - [NUDE][TRAIN] Epoch 29/100 Iter 260/390 Loss 0.1668 Top1 93.98 Top5 99.94
2025-12-30 14:24:21,464 - INFO  - [NUDE][TRAIN] Epoch 29/100 Iter 280/390 Loss 0.1668 Top1 94.00 Top5 99.93
2025-12-30 14:24:27,450 - INFO  - [NUDE][TRAIN] Epoch 29/100 Iter 300/390 Loss 0.1660 Top1 94.04 Top5 99.93
2025-12-30 14:24:33,303 - INFO  - [NUDE][TRAIN] Epoch 29/100 Iter 320/390 Loss 0.1681 Top1 93.97 Top5 99.93
2025-12-30 14:24:39,281 - INFO  - [NUDE][TRAIN] Epoch 29/100 Iter 340/390 Loss 0.1688 Top1 93.94 Top5 99.93
2025-12-30 14:24:45,140 - INFO  - [NUDE][TRAIN] Epoch 29/100 Iter 360/390 Loss 0.1688 Top1 93.94 Top5 99.93
2025-12-30 14:24:51,150 - INFO  - [NUDE][TRAIN] Epoch 29/100 Iter 380/390 Loss 0.1676 Top1 93.99 Top5 99.93
2025-12-30 14:24:54,127 - INFO  - [NUDE] Validate: force max bit-width W/A = 6
2025-12-30 14:24:56,415 - INFO  - [NUDE][EPOCH] 29/100 Train: Top1=93.98 Top5=99.93 Loss=0.1683 | Val(EMA): Top1=90.52
2025-12-30 14:24:56,415 - INFO  -   ⏱️  本Epoch耗时: 1分58秒 | 平均Epoch耗时: 1分58秒 | 剩余Epoch数: 70
2025-12-30 14:24:56,415 - INFO  -   📅 预估剩余时间: 2小时18分3秒 | 预估完成时间: 2025-12-30 16:43:00
2025-12-30 14:24:57,151 - INFO  - ([30] Epoch) Saving checkpoint to:
             Current: /root/autodl-tmp/retraining-free-quantization/training/r18_c10_nude_0.02_all_bits_orth/r18_c10_nude_0.02_all_bits_orth_checkpoint.pth.tar

2025-12-30 14:24:57,154 - INFO  - 🎲 Epoch 30: FaultInjector seed rotated to 72
2025-12-30 14:24:57,162 - INFO  - [NUDE] Epoch 30: force max bit-width W/A = 6
2025-12-30 14:24:57,162 - INFO  - ================================================================================
2025-12-30 14:24:57,162 - INFO  - 🔥 [NUDE] BFAT ACTIVE
2025-12-30 14:24:57,162 - INFO  -    Loss Type: direct_ce
2025-12-30 14:24:57,162 - INFO  -    Proj Mode: orthogonal
2025-12-30 14:24:57,162 - INFO  -    Injection: All Bits
2025-12-30 14:24:57,162 - INFO  - ================================================================================
2025-12-30 14:25:03,282 - INFO  - [NUDE][TRAIN] Epoch 30/100 Iter 20/390 Loss 0.1497 Top1 94.61 Top5 100.00
2025-12-30 14:25:09,370 - INFO  - [NUDE][TRAIN] Epoch 30/100 Iter 40/390 Loss 0.1469 Top1 94.71 Top5 99.94
2025-12-30 14:25:15,226 - INFO  - [NUDE][TRAIN] Epoch 30/100 Iter 60/390 Loss 0.1511 Top1 94.56 Top5 99.96
2025-12-30 14:25:21,202 - INFO  - [NUDE][TRAIN] Epoch 30/100 Iter 80/390 Loss 0.1547 Top1 94.58 Top5 99.95
2025-12-30 14:25:27,136 - INFO  - [NUDE][TRAIN] Epoch 30/100 Iter 100/390 Loss 0.1527 Top1 94.65 Top5 99.96
2025-12-30 14:25:32,890 - INFO  - [NUDE][TRAIN] Epoch 30/100 Iter 120/390 Loss 0.1527 Top1 94.56 Top5 99.96
2025-12-30 14:25:38,784 - INFO  - [NUDE][TRAIN] Epoch 30/100 Iter 140/390 Loss 0.1529 Top1 94.58 Top5 99.96
2025-12-30 14:25:44,619 - INFO  - [NUDE][TRAIN] Epoch 30/100 Iter 160/390 Loss 0.1523 Top1 94.64 Top5 99.95
2025-12-30 14:25:50,591 - INFO  - [NUDE][TRAIN] Epoch 30/100 Iter 180/390 Loss 0.1546 Top1 94.54 Top5 99.95
2025-12-30 14:25:56,558 - INFO  - [NUDE][TRAIN] Epoch 30/100 Iter 200/390 Loss 0.1574 Top1 94.41 Top5 99.94
2025-12-30 14:26:02,456 - INFO  - [NUDE][TRAIN] Epoch 30/100 Iter 220/390 Loss 0.1597 Top1 94.39 Top5 99.94
2025-12-30 14:26:08,407 - INFO  - [NUDE][TRAIN] Epoch 30/100 Iter 240/390 Loss 0.1616 Top1 94.31 Top5 99.93
2025-12-30 14:26:14,303 - INFO  - [NUDE][TRAIN] Epoch 30/100 Iter 260/390 Loss 0.1638 Top1 94.19 Top5 99.93
2025-12-30 14:26:20,333 - INFO  - [NUDE][TRAIN] Epoch 30/100 Iter 280/390 Loss 0.1645 Top1 94.15 Top5 99.93
2025-12-30 14:26:26,358 - INFO  - [NUDE][TRAIN] Epoch 30/100 Iter 300/390 Loss 0.1651 Top1 94.12 Top5 99.92
2025-12-30 14:26:32,224 - INFO  - [NUDE][TRAIN] Epoch 30/100 Iter 320/390 Loss 0.1657 Top1 94.10 Top5 99.92
2025-12-30 14:26:38,262 - INFO  - [NUDE][TRAIN] Epoch 30/100 Iter 340/390 Loss 0.1662 Top1 94.09 Top5 99.91
2025-12-30 14:26:44,141 - INFO  - [NUDE][TRAIN] Epoch 30/100 Iter 360/390 Loss 0.1661 Top1 94.06 Top5 99.92
2025-12-30 14:26:50,183 - INFO  - [NUDE][TRAIN] Epoch 30/100 Iter 380/390 Loss 0.1675 Top1 94.03 Top5 99.92
2025-12-30 14:26:53,173 - INFO  - [NUDE] Validate: force max bit-width W/A = 6
2025-12-30 14:26:55,437 - INFO  - [NUDE][EPOCH] 30/100 Train: Top1=94.01 Top5=99.92 Loss=0.1679 | Val(EMA): Top1=90.76
2025-12-30 14:26:55,437 - INFO  -   ⏱️  本Epoch耗时: 1分58秒 | 平均Epoch耗时: 1分58秒 | 剩余Epoch数: 69
2025-12-30 14:26:55,437 - INFO  -   📅 预估剩余时间: 2小时16分2秒 | 预估完成时间: 2025-12-30 16:42:57
2025-12-30 14:26:56,184 - INFO  - ([31] Epoch) Saving checkpoint to:
             Current: /root/autodl-tmp/retraining-free-quantization/training/r18_c10_nude_0.02_all_bits_orth/r18_c10_nude_0.02_all_bits_orth_checkpoint.pth.tar

2025-12-30 14:26:56,187 - INFO  - 🎲 Epoch 31: FaultInjector seed rotated to 73
2025-12-30 14:26:56,195 - INFO  - [NUDE] Epoch 31: force max bit-width W/A = 6
2025-12-30 14:26:56,195 - INFO  - ================================================================================
2025-12-30 14:26:56,195 - INFO  - 🔥 [NUDE] BFAT ACTIVE
2025-12-30 14:26:56,195 - INFO  -    Loss Type: direct_ce
2025-12-30 14:26:56,195 - INFO  -    Proj Mode: orthogonal
2025-12-30 14:26:56,195 - INFO  -    Injection: All Bits
2025-12-30 14:26:56,195 - INFO  - ================================================================================
2025-12-30 14:27:02,324 - INFO  - [NUDE][TRAIN] Epoch 31/100 Iter 20/390 Loss 0.1419 Top1 95.04 Top5 100.00
2025-12-30 14:27:08,252 - INFO  - [NUDE][TRAIN] Epoch 31/100 Iter 40/390 Loss 0.1465 Top1 95.06 Top5 99.94
2025-12-30 14:27:14,037 - INFO  - [NUDE][TRAIN] Epoch 31/100 Iter 60/390 Loss 0.1528 Top1 94.78 Top5 99.93
2025-12-30 14:27:19,929 - INFO  - [NUDE][TRAIN] Epoch 31/100 Iter 80/390 Loss 0.1507 Top1 94.71 Top5 99.94
2025-12-30 14:27:25,975 - INFO  - [NUDE][TRAIN] Epoch 31/100 Iter 100/390 Loss 0.1529 Top1 94.64 Top5 99.95
2025-12-30 14:27:31,885 - INFO  - [NUDE][TRAIN] Epoch 31/100 Iter 120/390 Loss 0.1540 Top1 94.61 Top5 99.95
2025-12-30 14:27:37,892 - INFO  - [NUDE][TRAIN] Epoch 31/100 Iter 140/390 Loss 0.1560 Top1 94.60 Top5 99.96
2025-12-30 14:27:43,817 - INFO  - [NUDE][TRAIN] Epoch 31/100 Iter 160/390 Loss 0.1532 Top1 94.68 Top5 99.96
2025-12-30 14:27:49,851 - INFO  - [NUDE][TRAIN] Epoch 31/100 Iter 180/390 Loss 0.1536 Top1 94.63 Top5 99.95
2025-12-30 14:27:55,859 - INFO  - [NUDE][TRAIN] Epoch 31/100 Iter 200/390 Loss 0.1552 Top1 94.54 Top5 99.95
2025-12-30 14:28:01,768 - INFO  - [NUDE][TRAIN] Epoch 31/100 Iter 220/390 Loss 0.1581 Top1 94.47 Top5 99.94
2025-12-30 14:28:07,792 - INFO  - [NUDE][TRAIN] Epoch 31/100 Iter 240/390 Loss 0.1581 Top1 94.47 Top5 99.94
2025-12-30 14:28:13,690 - INFO  - [NUDE][TRAIN] Epoch 31/100 Iter 260/390 Loss 0.1589 Top1 94.41 Top5 99.95
2025-12-30 14:28:19,713 - INFO  - [NUDE][TRAIN] Epoch 31/100 Iter 280/390 Loss 0.1588 Top1 94.46 Top5 99.94
2025-12-30 14:28:25,728 - INFO  - [NUDE][TRAIN] Epoch 31/100 Iter 300/390 Loss 0.1592 Top1 94.45 Top5 99.94
2025-12-30 14:28:31,610 - INFO  - [NUDE][TRAIN] Epoch 31/100 Iter 320/390 Loss 0.1606 Top1 94.38 Top5 99.93
2025-12-30 14:28:37,591 - INFO  - [NUDE][TRAIN] Epoch 31/100 Iter 340/390 Loss 0.1610 Top1 94.39 Top5 99.93
2025-12-30 14:28:43,419 - INFO  - [NUDE][TRAIN] Epoch 31/100 Iter 360/390 Loss 0.1611 Top1 94.41 Top5 99.93
2025-12-30 14:28:49,284 - INFO  - [NUDE][TRAIN] Epoch 31/100 Iter 380/390 Loss 0.1623 Top1 94.34 Top5 99.93
2025-12-30 14:28:52,206 - INFO  - [NUDE] Validate: force max bit-width W/A = 6
2025-12-30 14:28:54,445 - INFO  - [NUDE][EPOCH] 31/100 Train: Top1=94.30 Top5=99.93 Loss=0.1632 | Val(EMA): Top1=90.98
2025-12-30 14:28:54,446 - INFO  -   ⏱️  本Epoch耗时: 1分58秒 | 平均Epoch耗时: 1分58秒 | 剩余Epoch数: 68
2025-12-30 14:28:54,446 - INFO  -   📅 预估剩余时间: 2小时14分3秒 | 预估完成时间: 2025-12-30 16:42:57
2025-12-30 14:28:55,139 - INFO  - ([32] Epoch) Saving checkpoint to:
             Current: /root/autodl-tmp/retraining-free-quantization/training/r18_c10_nude_0.02_all_bits_orth/r18_c10_nude_0.02_all_bits_orth_checkpoint.pth.tar

2025-12-30 14:28:55,142 - INFO  - 🎲 Epoch 32: FaultInjector seed rotated to 74
2025-12-30 14:28:55,150 - INFO  - [NUDE] Epoch 32: force max bit-width W/A = 6
2025-12-30 14:28:55,150 - INFO  - ================================================================================
2025-12-30 14:28:55,150 - INFO  - 🔥 [NUDE] BFAT ACTIVE
2025-12-30 14:28:55,150 - INFO  -    Loss Type: direct_ce
2025-12-30 14:28:55,150 - INFO  -    Proj Mode: orthogonal
2025-12-30 14:28:55,150 - INFO  -    Injection: All Bits
2025-12-30 14:28:55,150 - INFO  - ================================================================================
2025-12-30 14:29:01,287 - INFO  - [NUDE][TRAIN] Epoch 32/100 Iter 20/390 Loss 0.1598 Top1 94.80 Top5 99.92
2025-12-30 14:29:07,364 - INFO  - [NUDE][TRAIN] Epoch 32/100 Iter 40/390 Loss 0.1524 Top1 94.96 Top5 99.96
2025-12-30 14:29:13,250 - INFO  - [NUDE][TRAIN] Epoch 32/100 Iter 60/390 Loss 0.1486 Top1 94.97 Top5 99.96
2025-12-30 14:29:19,247 - INFO  - [NUDE][TRAIN] Epoch 32/100 Iter 80/390 Loss 0.1519 Top1 94.72 Top5 99.93
2025-12-30 14:29:25,226 - INFO  - [NUDE][TRAIN] Epoch 32/100 Iter 100/390 Loss 0.1502 Top1 94.75 Top5 99.95
2025-12-30 14:29:31,105 - INFO  - [NUDE][TRAIN] Epoch 32/100 Iter 120/390 Loss 0.1491 Top1 94.73 Top5 99.95
2025-12-30 14:29:37,076 - INFO  - [NUDE][TRAIN] Epoch 32/100 Iter 140/390 Loss 0.1498 Top1 94.68 Top5 99.96
2025-12-30 14:29:42,925 - INFO  - [NUDE][TRAIN] Epoch 32/100 Iter 160/390 Loss 0.1509 Top1 94.65 Top5 99.95
2025-12-30 14:29:48,901 - INFO  - [NUDE][TRAIN] Epoch 32/100 Iter 180/390 Loss 0.1525 Top1 94.59 Top5 99.96
2025-12-30 14:29:54,900 - INFO  - [NUDE][TRAIN] Epoch 32/100 Iter 200/390 Loss 0.1531 Top1 94.61 Top5 99.96
2025-12-30 14:30:00,782 - INFO  - [NUDE][TRAIN] Epoch 32/100 Iter 220/390 Loss 0.1546 Top1 94.55 Top5 99.95
2025-12-30 14:30:06,749 - INFO  - [NUDE][TRAIN] Epoch 32/100 Iter 240/390 Loss 0.1558 Top1 94.51 Top5 99.95
2025-12-30 14:30:12,598 - INFO  - [NUDE][TRAIN] Epoch 32/100 Iter 260/390 Loss 0.1553 Top1 94.55 Top5 99.95
2025-12-30 14:30:18,543 - INFO  - [NUDE][TRAIN] Epoch 32/100 Iter 280/390 Loss 0.1573 Top1 94.48 Top5 99.94
2025-12-30 14:30:24,468 - INFO  - [NUDE][TRAIN] Epoch 32/100 Iter 300/390 Loss 0.1572 Top1 94.48 Top5 99.94
2025-12-30 14:30:30,425 - INFO  - [NUDE][TRAIN] Epoch 32/100 Iter 320/390 Loss 0.1588 Top1 94.45 Top5 99.94
2025-12-30 14:30:36,370 - INFO  - [NUDE][TRAIN] Epoch 32/100 Iter 340/390 Loss 0.1593 Top1 94.43 Top5 99.94
2025-12-30 14:30:42,264 - INFO  - [NUDE][TRAIN] Epoch 32/100 Iter 360/390 Loss 0.1606 Top1 94.40 Top5 99.94
2025-12-30 14:30:48,251 - INFO  - [NUDE][TRAIN] Epoch 32/100 Iter 380/390 Loss 0.1604 Top1 94.37 Top5 99.94
2025-12-30 14:30:51,256 - INFO  - [NUDE] Validate: force max bit-width W/A = 6
2025-12-30 14:30:53,524 - INFO  - [NUDE][EPOCH] 32/100 Train: Top1=94.34 Top5=99.94 Loss=0.1608 | Val(EMA): Top1=91.18
2025-12-30 14:30:53,524 - INFO  -   ⏱️  本Epoch耗时: 1分58秒 | 平均Epoch耗时: 1分58秒 | 剩余Epoch数: 67
2025-12-30 14:30:53,524 - INFO  -   📅 预估剩余时间: 2小时12分6秒 | 预估完成时间: 2025-12-30 16:42:59
2025-12-30 14:30:54,251 - INFO  - ([33] Epoch) Saving checkpoint to:
             Current: /root/autodl-tmp/retraining-free-quantization/training/r18_c10_nude_0.02_all_bits_orth/r18_c10_nude_0.02_all_bits_orth_checkpoint.pth.tar

2025-12-30 14:30:54,254 - INFO  - 🎲 Epoch 33: FaultInjector seed rotated to 75
2025-12-30 14:30:54,261 - INFO  - [NUDE] Epoch 33: force max bit-width W/A = 6
2025-12-30 14:30:54,262 - INFO  - ================================================================================
2025-12-30 14:30:54,262 - INFO  - 🔥 [NUDE] BFAT ACTIVE
2025-12-30 14:30:54,262 - INFO  -    Loss Type: direct_ce
2025-12-30 14:30:54,262 - INFO  -    Proj Mode: orthogonal
2025-12-30 14:30:54,262 - INFO  -    Injection: All Bits
2025-12-30 14:30:54,262 - INFO  - ================================================================================
2025-12-30 14:31:00,376 - INFO  - [NUDE][TRAIN] Epoch 33/100 Iter 20/390 Loss 0.1259 Top1 95.62 Top5 99.96
2025-12-30 14:31:06,469 - INFO  - [NUDE][TRAIN] Epoch 33/100 Iter 40/390 Loss 0.1283 Top1 95.59 Top5 99.96
2025-12-30 14:31:12,344 - INFO  - [NUDE][TRAIN] Epoch 33/100 Iter 60/390 Loss 0.1320 Top1 95.36 Top5 99.96
2025-12-30 14:31:18,305 - INFO  - [NUDE][TRAIN] Epoch 33/100 Iter 80/390 Loss 0.1387 Top1 95.15 Top5 99.97
2025-12-30 14:31:24,324 - INFO  - [NUDE][TRAIN] Epoch 33/100 Iter 100/390 Loss 0.1432 Top1 95.11 Top5 99.95
2025-12-30 14:31:30,229 - INFO  - [NUDE][TRAIN] Epoch 33/100 Iter 120/390 Loss 0.1431 Top1 95.10 Top5 99.95
2025-12-30 14:31:36,185 - INFO  - [NUDE][TRAIN] Epoch 33/100 Iter 140/390 Loss 0.1430 Top1 95.13 Top5 99.96
2025-12-30 14:31:42,090 - INFO  - [NUDE][TRAIN] Epoch 33/100 Iter 160/390 Loss 0.1405 Top1 95.21 Top5 99.97
2025-12-30 14:31:48,103 - INFO  - [NUDE][TRAIN] Epoch 33/100 Iter 180/390 Loss 0.1412 Top1 95.13 Top5 99.96
2025-12-30 14:31:54,109 - INFO  - [NUDE][TRAIN] Epoch 33/100 Iter 200/390 Loss 0.1411 Top1 95.15 Top5 99.96
2025-12-30 14:32:00,001 - INFO  - [NUDE][TRAIN] Epoch 33/100 Iter 220/390 Loss 0.1415 Top1 95.12 Top5 99.96
2025-12-30 14:32:05,913 - INFO  - [NUDE][TRAIN] Epoch 33/100 Iter 240/390 Loss 0.1432 Top1 95.03 Top5 99.95
2025-12-30 14:32:11,724 - INFO  - [NUDE][TRAIN] Epoch 33/100 Iter 260/390 Loss 0.1446 Top1 94.96 Top5 99.95
2025-12-30 14:32:17,744 - INFO  - [NUDE][TRAIN] Epoch 33/100 Iter 280/390 Loss 0.1451 Top1 94.94 Top5 99.96
2025-12-30 14:32:23,740 - INFO  - [NUDE][TRAIN] Epoch 33/100 Iter 300/390 Loss 0.1445 Top1 94.96 Top5 99.96
2025-12-30 14:32:29,615 - INFO  - [NUDE][TRAIN] Epoch 33/100 Iter 320/390 Loss 0.1450 Top1 94.95 Top5 99.96
2025-12-30 14:32:35,652 - INFO  - [NUDE][TRAIN] Epoch 33/100 Iter 340/390 Loss 0.1446 Top1 94.95 Top5 99.95
2025-12-30 14:32:41,543 - INFO  - [NUDE][TRAIN] Epoch 33/100 Iter 360/390 Loss 0.1455 Top1 94.92 Top5 99.95
2025-12-30 14:32:47,607 - INFO  - [NUDE][TRAIN] Epoch 33/100 Iter 380/390 Loss 0.1465 Top1 94.91 Top5 99.94
2025-12-30 14:32:50,639 - INFO  - [NUDE] Validate: force max bit-width W/A = 6
2025-12-30 14:32:53,056 - INFO  - [NUDE][EPOCH] 33/100 Train: Top1=94.91 Top5=99.94 Loss=0.1466 | Val(EMA): Top1=91.40
2025-12-30 14:32:53,056 - INFO  -   ⏱️  本Epoch耗时: 1分58秒 | 平均Epoch耗时: 1分58秒 | 剩余Epoch数: 66
2025-12-30 14:32:53,056 - INFO  -   📅 预估剩余时间: 2小时10分12秒 | 预估完成时间: 2025-12-30 16:43:05
2025-12-30 14:32:53,748 - INFO  - ([34] Epoch) Saving checkpoint to:
             Current: /root/autodl-tmp/retraining-free-quantization/training/r18_c10_nude_0.02_all_bits_orth/r18_c10_nude_0.02_all_bits_orth_checkpoint.pth.tar

2025-12-30 14:32:53,751 - INFO  - 🎲 Epoch 34: FaultInjector seed rotated to 76
2025-12-30 14:32:53,759 - INFO  - [NUDE] Epoch 34: force max bit-width W/A = 6
2025-12-30 14:32:53,759 - INFO  - ================================================================================
2025-12-30 14:32:53,759 - INFO  - 🔥 [NUDE] BFAT ACTIVE
2025-12-30 14:32:53,759 - INFO  -    Loss Type: direct_ce
2025-12-30 14:32:53,759 - INFO  -    Proj Mode: orthogonal
2025-12-30 14:32:53,759 - INFO  -    Injection: All Bits
2025-12-30 14:32:53,759 - INFO  - ================================================================================
2025-12-30 14:32:59,911 - INFO  - [NUDE][TRAIN] Epoch 34/100 Iter 20/390 Loss 0.1422 Top1 94.96 Top5 99.88
2025-12-30 14:33:05,943 - INFO  - [NUDE][TRAIN] Epoch 34/100 Iter 40/390 Loss 0.1352 Top1 95.35 Top5 99.90
2025-12-30 14:33:11,866 - INFO  - [NUDE][TRAIN] Epoch 34/100 Iter 60/390 Loss 0.1339 Top1 95.34 Top5 99.93
2025-12-30 14:33:17,840 - INFO  - [NUDE][TRAIN] Epoch 34/100 Iter 80/390 Loss 0.1361 Top1 95.31 Top5 99.93
2025-12-30 14:33:23,868 - INFO  - [NUDE][TRAIN] Epoch 34/100 Iter 100/390 Loss 0.1372 Top1 95.27 Top5 99.94
2025-12-30 14:33:29,763 - INFO  - [NUDE][TRAIN] Epoch 34/100 Iter 120/390 Loss 0.1385 Top1 95.17 Top5 99.94
2025-12-30 14:33:35,759 - INFO  - [NUDE][TRAIN] Epoch 34/100 Iter 140/390 Loss 0.1394 Top1 95.17 Top5 99.95
2025-12-30 14:33:41,564 - INFO  - [NUDE][TRAIN] Epoch 34/100 Iter 160/390 Loss 0.1420 Top1 95.10 Top5 99.95
2025-12-30 14:33:47,439 - INFO  - [NUDE][TRAIN] Epoch 34/100 Iter 180/390 Loss 0.1430 Top1 95.07 Top5 99.95
2025-12-30 14:33:53,328 - INFO  - [NUDE][TRAIN] Epoch 34/100 Iter 200/390 Loss 0.1432 Top1 95.09 Top5 99.96
2025-12-30 14:33:59,195 - INFO  - [NUDE][TRAIN] Epoch 34/100 Iter 220/390 Loss 0.1441 Top1 95.08 Top5 99.95
2025-12-30 14:34:05,198 - INFO  - [NUDE][TRAIN] Epoch 34/100 Iter 240/390 Loss 0.1451 Top1 95.02 Top5 99.96
2025-12-30 14:34:11,060 - INFO  - [NUDE][TRAIN] Epoch 34/100 Iter 260/390 Loss 0.1457 Top1 95.03 Top5 99.96
2025-12-30 14:34:17,032 - INFO  - [NUDE][TRAIN] Epoch 34/100 Iter 280/390 Loss 0.1474 Top1 94.94 Top5 99.96
2025-12-30 14:34:23,065 - INFO  - [NUDE][TRAIN] Epoch 34/100 Iter 300/390 Loss 0.1483 Top1 94.92 Top5 99.96
2025-12-30 14:34:28,927 - INFO  - [NUDE][TRAIN] Epoch 34/100 Iter 320/390 Loss 0.1490 Top1 94.90 Top5 99.95
2025-12-30 14:34:34,904 - INFO  - [NUDE][TRAIN] Epoch 34/100 Iter 340/390 Loss 0.1483 Top1 94.90 Top5 99.95
2025-12-30 14:34:40,787 - INFO  - [NUDE][TRAIN] Epoch 34/100 Iter 360/390 Loss 0.1488 Top1 94.87 Top5 99.95
2025-12-30 14:34:46,760 - INFO  - [NUDE][TRAIN] Epoch 34/100 Iter 380/390 Loss 0.1476 Top1 94.93 Top5 99.95
2025-12-30 14:34:49,723 - INFO  - [NUDE] Validate: force max bit-width W/A = 6
2025-12-30 14:34:52,001 - INFO  - [NUDE][EPOCH] 34/100 Train: Top1=94.93 Top5=99.95 Loss=0.1481 | Val(EMA): Top1=91.64
2025-12-30 14:34:52,001 - INFO  -   ⏱️  本Epoch耗时: 1分58秒 | 平均Epoch耗时: 1分58秒 | 剩余Epoch数: 65
2025-12-30 14:34:52,001 - INFO  -   📅 预估剩余时间: 2小时8分15秒 | 预估完成时间: 2025-12-30 16:43:07
2025-12-30 14:34:52,719 - INFO  - ([35] Epoch) Saving checkpoint to:
             Current: /root/autodl-tmp/retraining-free-quantization/training/r18_c10_nude_0.02_all_bits_orth/r18_c10_nude_0.02_all_bits_orth_checkpoint.pth.tar

2025-12-30 14:34:52,722 - INFO  - 🎲 Epoch 35: FaultInjector seed rotated to 77
2025-12-30 14:34:52,730 - INFO  - [NUDE] Epoch 35: force max bit-width W/A = 6
2025-12-30 14:34:52,730 - INFO  - ================================================================================
2025-12-30 14:34:52,730 - INFO  - 🔥 [NUDE] BFAT ACTIVE
2025-12-30 14:34:52,730 - INFO  -    Loss Type: direct_ce
2025-12-30 14:34:52,730 - INFO  -    Proj Mode: orthogonal
2025-12-30 14:34:52,730 - INFO  -    Injection: All Bits
2025-12-30 14:34:52,730 - INFO  - ================================================================================
2025-12-30 14:34:58,858 - INFO  - [NUDE][TRAIN] Epoch 35/100 Iter 20/390 Loss 0.1484 Top1 94.41 Top5 99.92
2025-12-30 14:35:04,869 - INFO  - [NUDE][TRAIN] Epoch 35/100 Iter 40/390 Loss 0.1379 Top1 94.88 Top5 99.94
2025-12-30 14:35:10,758 - INFO  - [NUDE][TRAIN] Epoch 35/100 Iter 60/390 Loss 0.1305 Top1 95.27 Top5 99.96
2025-12-30 14:35:16,744 - INFO  - [NUDE][TRAIN] Epoch 35/100 Iter 80/390 Loss 0.1260 Top1 95.61 Top5 99.95
2025-12-30 14:35:22,798 - INFO  - [NUDE][TRAIN] Epoch 35/100 Iter 100/390 Loss 0.1280 Top1 95.45 Top5 99.96
2025-12-30 14:35:28,579 - INFO  - [NUDE][TRAIN] Epoch 35/100 Iter 120/390 Loss 0.1320 Top1 95.35 Top5 99.96
2025-12-30 14:35:34,524 - INFO  - [NUDE][TRAIN] Epoch 35/100 Iter 140/390 Loss 0.1330 Top1 95.32 Top5 99.97
2025-12-30 14:35:40,386 - INFO  - [NUDE][TRAIN] Epoch 35/100 Iter 160/390 Loss 0.1311 Top1 95.34 Top5 99.97
2025-12-30 14:35:46,368 - INFO  - [NUDE][TRAIN] Epoch 35/100 Iter 180/390 Loss 0.1323 Top1 95.29 Top5 99.97
2025-12-30 14:35:52,338 - INFO  - [NUDE][TRAIN] Epoch 35/100 Iter 200/390 Loss 0.1327 Top1 95.34 Top5 99.96
2025-12-30 14:35:58,243 - INFO  - [NUDE][TRAIN] Epoch 35/100 Iter 220/390 Loss 0.1323 Top1 95.39 Top5 99.95
2025-12-30 14:36:04,248 - INFO  - [NUDE][TRAIN] Epoch 35/100 Iter 240/390 Loss 0.1339 Top1 95.38 Top5 99.94
2025-12-30 14:36:10,195 - INFO  - [NUDE][TRAIN] Epoch 35/100 Iter 260/390 Loss 0.1350 Top1 95.32 Top5 99.94
2025-12-30 14:36:16,225 - INFO  - [NUDE][TRAIN] Epoch 35/100 Iter 280/390 Loss 0.1357 Top1 95.28 Top5 99.94
2025-12-30 14:36:22,218 - INFO  - [NUDE][TRAIN] Epoch 35/100 Iter 300/390 Loss 0.1367 Top1 95.25 Top5 99.95
2025-12-30 14:36:28,107 - INFO  - [NUDE][TRAIN] Epoch 35/100 Iter 320/390 Loss 0.1387 Top1 95.15 Top5 99.95
2025-12-30 14:36:34,146 - INFO  - [NUDE][TRAIN] Epoch 35/100 Iter 340/390 Loss 0.1392 Top1 95.17 Top5 99.94
2025-12-30 14:36:40,052 - INFO  - [NUDE][TRAIN] Epoch 35/100 Iter 360/390 Loss 0.1400 Top1 95.12 Top5 99.95
2025-12-30 14:36:46,089 - INFO  - [NUDE][TRAIN] Epoch 35/100 Iter 380/390 Loss 0.1413 Top1 95.06 Top5 99.94
2025-12-30 14:36:49,154 - INFO  - [NUDE] Validate: force max bit-width W/A = 6
2025-12-30 14:36:51,471 - INFO  - [NUDE][EPOCH] 35/100 Train: Top1=95.06 Top5=99.94 Loss=0.1415 | Val(EMA): Top1=91.82
2025-12-30 14:36:51,471 - INFO  -   ⏱️  本Epoch耗时: 1分58秒 | 平均Epoch耗时: 1分58秒 | 剩余Epoch数: 64
2025-12-30 14:36:51,471 - INFO  -   📅 预估剩余时间: 2小时6分23秒 | 预估完成时间: 2025-12-30 16:43:14
2025-12-30 14:36:52,164 - INFO  - ([36] Epoch) Saving checkpoint to:
             Current: /root/autodl-tmp/retraining-free-quantization/training/r18_c10_nude_0.02_all_bits_orth/r18_c10_nude_0.02_all_bits_orth_checkpoint.pth.tar

2025-12-30 14:36:52,167 - INFO  - 🎲 Epoch 36: FaultInjector seed rotated to 78
2025-12-30 14:36:52,175 - INFO  - [NUDE] Epoch 36: force max bit-width W/A = 6
2025-12-30 14:36:52,175 - INFO  - ================================================================================
2025-12-30 14:36:52,175 - INFO  - 🔥 [NUDE] BFAT ACTIVE
2025-12-30 14:36:52,175 - INFO  -    Loss Type: direct_ce
2025-12-30 14:36:52,175 - INFO  -    Proj Mode: orthogonal
2025-12-30 14:36:52,175 - INFO  -    Injection: All Bits
2025-12-30 14:36:52,175 - INFO  - ================================================================================
2025-12-30 14:36:58,234 - INFO  - [NUDE][TRAIN] Epoch 36/100 Iter 20/390 Loss 0.1323 Top1 95.16 Top5 99.96
2025-12-30 14:37:04,145 - INFO  - [NUDE][TRAIN] Epoch 36/100 Iter 40/390 Loss 0.1255 Top1 95.72 Top5 99.94
2025-12-30 14:37:09,916 - INFO  - [NUDE][TRAIN] Epoch 36/100 Iter 60/390 Loss 0.1222 Top1 95.82 Top5 99.96
2025-12-30 14:37:15,938 - INFO  - [NUDE][TRAIN] Epoch 36/100 Iter 80/390 Loss 0.1322 Top1 95.56 Top5 99.93
2025-12-30 14:37:21,983 - INFO  - [NUDE][TRAIN] Epoch 36/100 Iter 100/390 Loss 0.1356 Top1 95.37 Top5 99.94
2025-12-30 14:37:27,890 - INFO  - [NUDE][TRAIN] Epoch 36/100 Iter 120/390 Loss 0.1370 Top1 95.35 Top5 99.94
2025-12-30 14:37:33,886 - INFO  - [NUDE][TRAIN] Epoch 36/100 Iter 140/390 Loss 0.1384 Top1 95.32 Top5 99.94
2025-12-30 14:37:39,772 - INFO  - [NUDE][TRAIN] Epoch 36/100 Iter 160/390 Loss 0.1386 Top1 95.27 Top5 99.93
2025-12-30 14:37:45,761 - INFO  - [NUDE][TRAIN] Epoch 36/100 Iter 180/390 Loss 0.1378 Top1 95.28 Top5 99.93
2025-12-30 14:37:51,726 - INFO  - [NUDE][TRAIN] Epoch 36/100 Iter 200/390 Loss 0.1386 Top1 95.25 Top5 99.93
2025-12-30 14:37:57,612 - INFO  - [NUDE][TRAIN] Epoch 36/100 Iter 220/390 Loss 0.1389 Top1 95.24 Top5 99.93
2025-12-30 14:38:03,615 - INFO  - [NUDE][TRAIN] Epoch 36/100 Iter 240/390 Loss 0.1390 Top1 95.22 Top5 99.93
2025-12-30 14:38:09,480 - INFO  - [NUDE][TRAIN] Epoch 36/100 Iter 260/390 Loss 0.1397 Top1 95.20 Top5 99.94
2025-12-30 14:38:15,470 - INFO  - [NUDE][TRAIN] Epoch 36/100 Iter 280/390 Loss 0.1400 Top1 95.19 Top5 99.94
2025-12-30 14:38:21,451 - INFO  - [NUDE][TRAIN] Epoch 36/100 Iter 300/390 Loss 0.1405 Top1 95.16 Top5 99.94
2025-12-30 14:38:27,350 - INFO  - [NUDE][TRAIN] Epoch 36/100 Iter 320/390 Loss 0.1400 Top1 95.18 Top5 99.94
2025-12-30 14:38:33,326 - INFO  - [NUDE][TRAIN] Epoch 36/100 Iter 340/390 Loss 0.1406 Top1 95.15 Top5 99.94
2025-12-30 14:38:39,139 - INFO  - [NUDE][TRAIN] Epoch 36/100 Iter 360/390 Loss 0.1409 Top1 95.15 Top5 99.94
2025-12-30 14:38:45,009 - INFO  - [NUDE][TRAIN] Epoch 36/100 Iter 380/390 Loss 0.1419 Top1 95.13 Top5 99.93
2025-12-30 14:38:47,973 - INFO  - [NUDE] Validate: force max bit-width W/A = 6
2025-12-30 14:38:50,278 - INFO  - [NUDE][EPOCH] 36/100 Train: Top1=95.10 Top5=99.94 Loss=0.1429 | Val(EMA): Top1=91.74
2025-12-30 14:38:50,278 - INFO  -   ⏱️  本Epoch耗时: 1分58秒 | 平均Epoch耗时: 1分58秒 | 剩余Epoch数: 63
2025-12-30 14:38:50,278 - INFO  -   📅 预估剩余时间: 2小时4分22秒 | 预估完成时间: 2025-12-30 16:43:13
2025-12-30 14:38:50,973 - INFO  - ([37] Epoch) Saving checkpoint to:
             Current: /root/autodl-tmp/retraining-free-quantization/training/r18_c10_nude_0.02_all_bits_orth/r18_c10_nude_0.02_all_bits_orth_checkpoint.pth.tar

2025-12-30 14:38:50,975 - INFO  - 🎲 Epoch 37: FaultInjector seed rotated to 79
2025-12-30 14:38:50,983 - INFO  - [NUDE] Epoch 37: force max bit-width W/A = 6
2025-12-30 14:38:50,983 - INFO  - ================================================================================
2025-12-30 14:38:50,983 - INFO  - 🔥 [NUDE] BFAT ACTIVE
2025-12-30 14:38:50,983 - INFO  -    Loss Type: direct_ce
2025-12-30 14:38:50,983 - INFO  -    Proj Mode: orthogonal
2025-12-30 14:38:50,983 - INFO  -    Injection: All Bits
2025-12-30 14:38:50,984 - INFO  - ================================================================================
2025-12-30 14:38:57,125 - INFO  - [NUDE][TRAIN] Epoch 37/100 Iter 20/390 Loss 0.1145 Top1 96.05 Top5 100.00
2025-12-30 14:39:03,174 - INFO  - [NUDE][TRAIN] Epoch 37/100 Iter 40/390 Loss 0.1278 Top1 95.47 Top5 99.96
2025-12-30 14:39:09,061 - INFO  - [NUDE][TRAIN] Epoch 37/100 Iter 60/390 Loss 0.1241 Top1 95.68 Top5 99.97
2025-12-30 14:39:15,048 - INFO  - [NUDE][TRAIN] Epoch 37/100 Iter 80/390 Loss 0.1204 Top1 95.88 Top5 99.95
2025-12-30 14:39:21,028 - INFO  - [NUDE][TRAIN] Epoch 37/100 Iter 100/390 Loss 0.1199 Top1 95.86 Top5 99.96
2025-12-30 14:39:26,886 - INFO  - [NUDE][TRAIN] Epoch 37/100 Iter 120/390 Loss 0.1217 Top1 95.87 Top5 99.96
2025-12-30 14:39:32,864 - INFO  - [NUDE][TRAIN] Epoch 37/100 Iter 140/390 Loss 0.1231 Top1 95.78 Top5 99.96
2025-12-30 14:39:38,759 - INFO  - [NUDE][TRAIN] Epoch 37/100 Iter 160/390 Loss 0.1235 Top1 95.73 Top5 99.96
2025-12-30 14:39:44,768 - INFO  - [NUDE][TRAIN] Epoch 37/100 Iter 180/390 Loss 0.1235 Top1 95.74 Top5 99.95
2025-12-30 14:39:50,787 - INFO  - [NUDE][TRAIN] Epoch 37/100 Iter 200/390 Loss 0.1242 Top1 95.69 Top5 99.95
2025-12-30 14:39:56,662 - INFO  - [NUDE][TRAIN] Epoch 37/100 Iter 220/390 Loss 0.1252 Top1 95.64 Top5 99.95
2025-12-30 14:40:02,619 - INFO  - [NUDE][TRAIN] Epoch 37/100 Iter 240/390 Loss 0.1273 Top1 95.60 Top5 99.96
2025-12-30 14:40:08,483 - INFO  - [NUDE][TRAIN] Epoch 37/100 Iter 260/390 Loss 0.1262 Top1 95.63 Top5 99.96
2025-12-30 14:40:14,431 - INFO  - [NUDE][TRAIN] Epoch 37/100 Iter 280/390 Loss 0.1267 Top1 95.57 Top5 99.96
2025-12-30 14:40:20,340 - INFO  - [NUDE][TRAIN] Epoch 37/100 Iter 300/390 Loss 0.1277 Top1 95.53 Top5 99.96
2025-12-30 14:40:26,104 - INFO  - [NUDE][TRAIN] Epoch 37/100 Iter 320/390 Loss 0.1283 Top1 95.52 Top5 99.96
2025-12-30 14:40:32,064 - INFO  - [NUDE][TRAIN] Epoch 37/100 Iter 340/390 Loss 0.1291 Top1 95.48 Top5 99.96
2025-12-30 14:40:37,939 - INFO  - [NUDE][TRAIN] Epoch 37/100 Iter 360/390 Loss 0.1288 Top1 95.48 Top5 99.96
2025-12-30 14:40:43,980 - INFO  - [NUDE][TRAIN] Epoch 37/100 Iter 380/390 Loss 0.1295 Top1 95.46 Top5 99.96
2025-12-30 14:40:46,964 - INFO  - [NUDE] Validate: force max bit-width W/A = 6
2025-12-30 14:40:49,230 - INFO  - [NUDE][EPOCH] 37/100 Train: Top1=95.41 Top5=99.96 Loss=0.1310 | Val(EMA): Top1=91.92
2025-12-30 14:40:49,230 - INFO  -   ⏱️  本Epoch耗时: 1分58秒 | 平均Epoch耗时: 1分58秒 | 剩余Epoch数: 62
2025-12-30 14:40:49,230 - INFO  -   📅 预估剩余时间: 2小时2分22秒 | 预估完成时间: 2025-12-30 16:43:12
2025-12-30 14:40:49,927 - INFO  - ([38] Epoch) Saving checkpoint to:
             Current: /root/autodl-tmp/retraining-free-quantization/training/r18_c10_nude_0.02_all_bits_orth/r18_c10_nude_0.02_all_bits_orth_checkpoint.pth.tar

2025-12-30 14:40:49,930 - INFO  - 🎲 Epoch 38: FaultInjector seed rotated to 80
2025-12-30 14:40:49,938 - INFO  - [NUDE] Epoch 38: force max bit-width W/A = 6
2025-12-30 14:40:49,938 - INFO  - ================================================================================
2025-12-30 14:40:49,938 - INFO  - 🔥 [NUDE] BFAT ACTIVE
2025-12-30 14:40:49,938 - INFO  -    Loss Type: direct_ce
2025-12-30 14:40:49,938 - INFO  -    Proj Mode: orthogonal
2025-12-30 14:40:49,938 - INFO  -    Injection: All Bits
2025-12-30 14:40:49,938 - INFO  - ================================================================================
2025-12-30 14:40:56,073 - INFO  - [NUDE][TRAIN] Epoch 38/100 Iter 20/390 Loss 0.1197 Top1 95.86 Top5 99.96
2025-12-30 14:41:02,133 - INFO  - [NUDE][TRAIN] Epoch 38/100 Iter 40/390 Loss 0.1149 Top1 95.94 Top5 99.92
2025-12-30 14:41:07,995 - INFO  - [NUDE][TRAIN] Epoch 38/100 Iter 60/390 Loss 0.1179 Top1 95.77 Top5 99.95
2025-12-30 14:41:13,983 - INFO  - [NUDE][TRAIN] Epoch 38/100 Iter 80/390 Loss 0.1173 Top1 95.88 Top5 99.96
2025-12-30 14:41:19,964 - INFO  - [NUDE][TRAIN] Epoch 38/100 Iter 100/390 Loss 0.1175 Top1 95.90 Top5 99.96
2025-12-30 14:41:25,904 - INFO  - [NUDE][TRAIN] Epoch 38/100 Iter 120/390 Loss 0.1170 Top1 95.89 Top5 99.96
2025-12-30 14:41:31,906 - INFO  - [NUDE][TRAIN] Epoch 38/100 Iter 140/390 Loss 0.1186 Top1 95.85 Top5 99.96
2025-12-30 14:41:37,794 - INFO  - [NUDE][TRAIN] Epoch 38/100 Iter 160/390 Loss 0.1180 Top1 95.85 Top5 99.96
2025-12-30 14:41:43,830 - INFO  - [NUDE][TRAIN] Epoch 38/100 Iter 180/390 Loss 0.1176 Top1 95.82 Top5 99.96
2025-12-30 14:41:49,809 - INFO  - [NUDE][TRAIN] Epoch 38/100 Iter 200/390 Loss 0.1177 Top1 95.82 Top5 99.96
2025-12-30 14:41:55,597 - INFO  - [NUDE][TRAIN] Epoch 38/100 Iter 220/390 Loss 0.1199 Top1 95.77 Top5 99.96
2025-12-30 14:42:01,455 - INFO  - [NUDE][TRAIN] Epoch 38/100 Iter 240/390 Loss 0.1202 Top1 95.80 Top5 99.96
2025-12-30 14:42:07,244 - INFO  - [NUDE][TRAIN] Epoch 38/100 Iter 260/390 Loss 0.1202 Top1 95.77 Top5 99.97
2025-12-30 14:42:13,229 - INFO  - [NUDE][TRAIN] Epoch 38/100 Iter 280/390 Loss 0.1206 Top1 95.76 Top5 99.97
2025-12-30 14:42:19,231 - INFO  - [NUDE][TRAIN] Epoch 38/100 Iter 300/390 Loss 0.1207 Top1 95.77 Top5 99.97
2025-12-30 14:42:25,138 - INFO  - [NUDE][TRAIN] Epoch 38/100 Iter 320/390 Loss 0.1221 Top1 95.72 Top5 99.97
2025-12-30 14:42:31,122 - INFO  - [NUDE][TRAIN] Epoch 38/100 Iter 340/390 Loss 0.1225 Top1 95.71 Top5 99.97
2025-12-30 14:42:37,024 - INFO  - [NUDE][TRAIN] Epoch 38/100 Iter 360/390 Loss 0.1233 Top1 95.65 Top5 99.97
2025-12-30 14:42:43,048 - INFO  - [NUDE][TRAIN] Epoch 38/100 Iter 380/390 Loss 0.1237 Top1 95.65 Top5 99.97
2025-12-30 14:42:46,033 - INFO  - [NUDE] Validate: force max bit-width W/A = 6
2025-12-30 14:42:48,350 - INFO  - [NUDE][EPOCH] 38/100 Train: Top1=95.63 Top5=99.97 Loss=0.1243 | Val(EMA): Top1=91.93
2025-12-30 14:42:48,350 - INFO  -   ⏱️  本Epoch耗时: 1分58秒 | 平均Epoch耗时: 1分58秒 | 剩余Epoch数: 61
2025-12-30 14:42:48,350 - INFO  -   📅 预估剩余时间: 2小时0分19秒 | 预估完成时间: 2025-12-30 16:43:08
2025-12-30 14:42:49,048 - INFO  - ([39] Epoch) Saving checkpoint to:
             Current: /root/autodl-tmp/retraining-free-quantization/training/r18_c10_nude_0.02_all_bits_orth/r18_c10_nude_0.02_all_bits_orth_checkpoint.pth.tar

2025-12-30 14:42:49,051 - INFO  - 🎲 Epoch 39: FaultInjector seed rotated to 81
2025-12-30 14:42:49,058 - INFO  - [NUDE] Epoch 39: force max bit-width W/A = 6
2025-12-30 14:42:49,058 - INFO  - ================================================================================
2025-12-30 14:42:49,058 - INFO  - 🔥 [NUDE] BFAT ACTIVE
2025-12-30 14:42:49,058 - INFO  -    Loss Type: direct_ce
2025-12-30 14:42:49,059 - INFO  -    Proj Mode: orthogonal
2025-12-30 14:42:49,059 - INFO  -    Injection: All Bits
2025-12-30 14:42:49,059 - INFO  - ================================================================================
2025-12-30 14:42:55,192 - INFO  - [NUDE][TRAIN] Epoch 39/100 Iter 20/390 Loss 0.1096 Top1 95.94 Top5 100.00
2025-12-30 14:43:01,186 - INFO  - [NUDE][TRAIN] Epoch 39/100 Iter 40/390 Loss 0.1053 Top1 96.37 Top5 99.98
2025-12-30 14:43:07,081 - INFO  - [NUDE][TRAIN] Epoch 39/100 Iter 60/390 Loss 0.1069 Top1 96.20 Top5 99.99
2025-12-30 14:43:13,038 - INFO  - [NUDE][TRAIN] Epoch 39/100 Iter 80/390 Loss 0.1099 Top1 96.11 Top5 99.99
2025-12-30 14:43:19,047 - INFO  - [NUDE][TRAIN] Epoch 39/100 Iter 100/390 Loss 0.1131 Top1 96.00 Top5 99.98
2025-12-30 14:43:24,899 - INFO  - [NUDE][TRAIN] Epoch 39/100 Iter 120/390 Loss 0.1140 Top1 95.93 Top5 99.98
2025-12-30 14:43:30,926 - INFO  - [NUDE][TRAIN] Epoch 39/100 Iter 140/390 Loss 0.1134 Top1 95.91 Top5 99.98
2025-12-30 14:43:36,685 - INFO  - [NUDE][TRAIN] Epoch 39/100 Iter 160/390 Loss 0.1141 Top1 95.92 Top5 99.99
2025-12-30 14:43:42,548 - INFO  - [NUDE][TRAIN] Epoch 39/100 Iter 180/390 Loss 0.1141 Top1 95.90 Top5 99.99
2025-12-30 14:43:48,494 - INFO  - [NUDE][TRAIN] Epoch 39/100 Iter 200/390 Loss 0.1151 Top1 95.84 Top5 99.98
2025-12-30 14:43:54,377 - INFO  - [NUDE][TRAIN] Epoch 39/100 Iter 220/390 Loss 0.1144 Top1 95.89 Top5 99.98
2025-12-30 14:44:00,357 - INFO  - [NUDE][TRAIN] Epoch 39/100 Iter 240/390 Loss 0.1165 Top1 95.85 Top5 99.98
2025-12-30 14:44:06,253 - INFO  - [NUDE][TRAIN] Epoch 39/100 Iter 260/390 Loss 0.1173 Top1 95.88 Top5 99.98
2025-12-30 14:44:12,304 - INFO  - [NUDE][TRAIN] Epoch 39/100 Iter 280/390 Loss 0.1174 Top1 95.88 Top5 99.97
2025-12-30 14:44:18,301 - INFO  - [NUDE][TRAIN] Epoch 39/100 Iter 300/390 Loss 0.1181 Top1 95.84 Top5 99.98
2025-12-30 14:44:24,175 - INFO  - [NUDE][TRAIN] Epoch 39/100 Iter 320/390 Loss 0.1188 Top1 95.83 Top5 99.98
2025-12-30 14:44:30,147 - INFO  - [NUDE][TRAIN] Epoch 39/100 Iter 340/390 Loss 0.1197 Top1 95.80 Top5 99.98
2025-12-30 14:44:36,108 - INFO  - [NUDE][TRAIN] Epoch 39/100 Iter 360/390 Loss 0.1191 Top1 95.83 Top5 99.98
2025-12-30 14:44:42,107 - INFO  - [NUDE][TRAIN] Epoch 39/100 Iter 380/390 Loss 0.1202 Top1 95.81 Top5 99.98
2025-12-30 14:44:45,075 - INFO  - [NUDE] Validate: force max bit-width W/A = 6
2025-12-30 14:44:47,380 - INFO  - [NUDE][EPOCH] 39/100 Train: Top1=95.81 Top5=99.98 Loss=0.1201 | Val(EMA): Top1=92.06
2025-12-30 14:44:47,381 - INFO  -   ⏱️  本Epoch耗时: 1分58秒 | 平均Epoch耗时: 1分58秒 | 剩余Epoch数: 60
2025-12-30 14:44:47,381 - INFO  -   📅 预估剩余时间: 1小时58分22秒 | 预估完成时间: 2025-12-30 16:43:09
2025-12-30 14:44:48,100 - INFO  - ([40] Epoch) Saving checkpoint to:
             Current: /root/autodl-tmp/retraining-free-quantization/training/r18_c10_nude_0.02_all_bits_orth/r18_c10_nude_0.02_all_bits_orth_checkpoint.pth.tar

2025-12-30 14:44:48,103 - INFO  - 🎲 Epoch 40: FaultInjector seed rotated to 82
2025-12-30 14:44:48,111 - INFO  - [NUDE] Epoch 40: force max bit-width W/A = 6
2025-12-30 14:44:48,111 - INFO  - ================================================================================
2025-12-30 14:44:48,111 - INFO  - 🔥 [NUDE] BFAT ACTIVE
2025-12-30 14:44:48,111 - INFO  -    Loss Type: direct_ce
2025-12-30 14:44:48,111 - INFO  -    Proj Mode: orthogonal
2025-12-30 14:44:48,111 - INFO  -    Injection: All Bits
2025-12-30 14:44:48,111 - INFO  - ================================================================================
2025-12-30 14:44:54,295 - INFO  - [NUDE][TRAIN] Epoch 40/100 Iter 20/390 Loss 0.0947 Top1 96.84 Top5 99.92
2025-12-30 14:45:00,321 - INFO  - [NUDE][TRAIN] Epoch 40/100 Iter 40/390 Loss 0.1036 Top1 96.58 Top5 99.94
2025-12-30 14:45:06,222 - INFO  - [NUDE][TRAIN] Epoch 40/100 Iter 60/390 Loss 0.1015 Top1 96.56 Top5 99.96
2025-12-30 14:45:12,152 - INFO  - [NUDE][TRAIN] Epoch 40/100 Iter 80/390 Loss 0.1062 Top1 96.35 Top5 99.97
2025-12-30 14:45:18,072 - INFO  - [NUDE][TRAIN] Epoch 40/100 Iter 100/390 Loss 0.1092 Top1 96.22 Top5 99.97
2025-12-30 14:45:23,865 - INFO  - [NUDE][TRAIN] Epoch 40/100 Iter 120/390 Loss 0.1097 Top1 96.23 Top5 99.97
2025-12-30 14:45:29,839 - INFO  - [NUDE][TRAIN] Epoch 40/100 Iter 140/390 Loss 0.1090 Top1 96.27 Top5 99.97
2025-12-30 14:45:35,710 - INFO  - [NUDE][TRAIN] Epoch 40/100 Iter 160/390 Loss 0.1086 Top1 96.23 Top5 99.96
2025-12-30 14:45:41,689 - INFO  - [NUDE][TRAIN] Epoch 40/100 Iter 180/390 Loss 0.1093 Top1 96.20 Top5 99.96
2025-12-30 14:45:47,694 - INFO  - [NUDE][TRAIN] Epoch 40/100 Iter 200/390 Loss 0.1085 Top1 96.19 Top5 99.96
2025-12-30 14:45:53,643 - INFO  - [NUDE][TRAIN] Epoch 40/100 Iter 220/390 Loss 0.1091 Top1 96.18 Top5 99.97
2025-12-30 14:45:59,643 - INFO  - [NUDE][TRAIN] Epoch 40/100 Iter 240/390 Loss 0.1080 Top1 96.23 Top5 99.97
2025-12-30 14:46:05,524 - INFO  - [NUDE][TRAIN] Epoch 40/100 Iter 260/390 Loss 0.1079 Top1 96.22 Top5 99.97
2025-12-30 14:46:11,531 - INFO  - [NUDE][TRAIN] Epoch 40/100 Iter 280/390 Loss 0.1080 Top1 96.21 Top5 99.97
2025-12-30 14:46:17,600 - INFO  - [NUDE][TRAIN] Epoch 40/100 Iter 300/390 Loss 0.1087 Top1 96.18 Top5 99.97
2025-12-30 14:46:23,499 - INFO  - [NUDE][TRAIN] Epoch 40/100 Iter 320/390 Loss 0.1089 Top1 96.19 Top5 99.97
2025-12-30 14:46:29,543 - INFO  - [NUDE][TRAIN] Epoch 40/100 Iter 340/390 Loss 0.1095 Top1 96.17 Top5 99.97
2025-12-30 14:46:35,490 - INFO  - [NUDE][TRAIN] Epoch 40/100 Iter 360/390 Loss 0.1102 Top1 96.14 Top5 99.97
2025-12-30 14:46:41,574 - INFO  - [NUDE][TRAIN] Epoch 40/100 Iter 380/390 Loss 0.1104 Top1 96.14 Top5 99.97
2025-12-30 14:46:44,573 - INFO  - [NUDE] Validate: force max bit-width W/A = 6
2025-12-30 14:46:46,895 - INFO  - [NUDE][EPOCH] 40/100 Train: Top1=96.10 Top5=99.97 Loss=0.1108 | Val(EMA): Top1=92.06
2025-12-30 14:46:46,896 - INFO  -   ⏱️  本Epoch耗时: 1分58秒 | 平均Epoch耗时: 1分58秒 | 剩余Epoch数: 59
2025-12-30 14:46:46,896 - INFO  -   📅 预估剩余时间: 1小时56分24秒 | 预估完成时间: 2025-12-30 16:43:11
2025-12-30 14:46:47,619 - INFO  - ([41] Epoch) Saving checkpoint to:
             Current: /root/autodl-tmp/retraining-free-quantization/training/r18_c10_nude_0.02_all_bits_orth/r18_c10_nude_0.02_all_bits_orth_checkpoint.pth.tar

2025-12-30 14:46:47,622 - INFO  - 🎲 Epoch 41: FaultInjector seed rotated to 83
2025-12-30 14:46:47,630 - INFO  - [NUDE] Epoch 41: force max bit-width W/A = 6
2025-12-30 14:46:47,630 - INFO  - ================================================================================
2025-12-30 14:46:47,630 - INFO  - 🔥 [NUDE] BFAT ACTIVE
2025-12-30 14:46:47,630 - INFO  -    Loss Type: direct_ce
2025-12-30 14:46:47,630 - INFO  -    Proj Mode: orthogonal
2025-12-30 14:46:47,630 - INFO  -    Injection: All Bits
2025-12-30 14:46:47,630 - INFO  - ================================================================================
2025-12-30 14:46:53,635 - INFO  - [NUDE][TRAIN] Epoch 41/100 Iter 20/390 Loss 0.0978 Top1 96.76 Top5 99.96
2025-12-30 14:46:59,545 - INFO  - [NUDE][TRAIN] Epoch 41/100 Iter 40/390 Loss 0.0992 Top1 96.72 Top5 99.98
2025-12-30 14:47:05,354 - INFO  - [NUDE][TRAIN] Epoch 41/100 Iter 60/390 Loss 0.0962 Top1 96.60 Top5 99.99
2025-12-30 14:47:11,358 - INFO  - [NUDE][TRAIN] Epoch 41/100 Iter 80/390 Loss 0.1038 Top1 96.38 Top5 99.98
2025-12-30 14:47:17,365 - INFO  - [NUDE][TRAIN] Epoch 41/100 Iter 100/390 Loss 0.1050 Top1 96.28 Top5 99.98
2025-12-30 14:47:23,239 - INFO  - [NUDE][TRAIN] Epoch 41/100 Iter 120/390 Loss 0.1060 Top1 96.29 Top5 99.99
2025-12-30 14:47:29,248 - INFO  - [NUDE][TRAIN] Epoch 41/100 Iter 140/390 Loss 0.1049 Top1 96.31 Top5 99.99
2025-12-30 14:47:35,196 - INFO  - [NUDE][TRAIN] Epoch 41/100 Iter 160/390 Loss 0.1042 Top1 96.38 Top5 99.98
2025-12-30 14:47:41,204 - INFO  - [NUDE][TRAIN] Epoch 41/100 Iter 180/390 Loss 0.1037 Top1 96.45 Top5 99.98
2025-12-30 14:47:47,227 - INFO  - [NUDE][TRAIN] Epoch 41/100 Iter 200/390 Loss 0.1029 Top1 96.47 Top5 99.98
2025-12-30 14:47:53,103 - INFO  - [NUDE][TRAIN] Epoch 41/100 Iter 220/390 Loss 0.1022 Top1 96.45 Top5 99.98
2025-12-30 14:47:59,101 - INFO  - [NUDE][TRAIN] Epoch 41/100 Iter 240/390 Loss 0.1028 Top1 96.43 Top5 99.98
2025-12-30 14:48:04,976 - INFO  - [NUDE][TRAIN] Epoch 41/100 Iter 260/390 Loss 0.1025 Top1 96.44 Top5 99.98
2025-12-30 14:48:10,971 - INFO  - [NUDE][TRAIN] Epoch 41/100 Iter 280/390 Loss 0.1029 Top1 96.43 Top5 99.97
2025-12-30 14:48:17,006 - INFO  - [NUDE][TRAIN] Epoch 41/100 Iter 300/390 Loss 0.1030 Top1 96.42 Top5 99.97
2025-12-30 14:48:22,866 - INFO  - [NUDE][TRAIN] Epoch 41/100 Iter 320/390 Loss 0.1038 Top1 96.40 Top5 99.97
2025-12-30 14:48:28,805 - INFO  - [NUDE][TRAIN] Epoch 41/100 Iter 340/390 Loss 0.1041 Top1 96.39 Top5 99.97
2025-12-30 14:48:34,567 - INFO  - [NUDE][TRAIN] Epoch 41/100 Iter 360/390 Loss 0.1051 Top1 96.35 Top5 99.97
2025-12-30 14:48:40,426 - INFO  - [NUDE][TRAIN] Epoch 41/100 Iter 380/390 Loss 0.1062 Top1 96.32 Top5 99.97
2025-12-30 14:48:43,378 - INFO  - [NUDE] Validate: force max bit-width W/A = 6
2025-12-30 14:48:45,668 - INFO  - [NUDE][EPOCH] 41/100 Train: Top1=96.30 Top5=99.97 Loss=0.1072 | Val(EMA): Top1=92.06
2025-12-30 14:48:45,668 - INFO  -   ⏱️  本Epoch耗时: 1分58秒 | 平均Epoch耗时: 1分58秒 | 剩余Epoch数: 58
2025-12-30 14:48:45,668 - INFO  -   📅 预估剩余时间: 1小时54分25秒 | 预估完成时间: 2025-12-30 16:43:11
2025-12-30 14:48:46,391 - INFO  - ([42] Epoch) Saving checkpoint to:
             Current: /root/autodl-tmp/retraining-free-quantization/training/r18_c10_nude_0.02_all_bits_orth/r18_c10_nude_0.02_all_bits_orth_checkpoint.pth.tar

2025-12-30 14:48:46,394 - INFO  - 🎲 Epoch 42: FaultInjector seed rotated to 84
2025-12-30 14:48:46,402 - INFO  - [NUDE] Epoch 42: force max bit-width W/A = 6
2025-12-30 14:48:46,402 - INFO  - ================================================================================
2025-12-30 14:48:46,402 - INFO  - 🔥 [NUDE] BFAT ACTIVE
2025-12-30 14:48:46,402 - INFO  -    Loss Type: direct_ce
2025-12-30 14:48:46,402 - INFO  -    Proj Mode: orthogonal
2025-12-30 14:48:46,402 - INFO  -    Injection: All Bits
2025-12-30 14:48:46,402 - INFO  - ================================================================================
2025-12-30 14:48:52,548 - INFO  - [NUDE][TRAIN] Epoch 42/100 Iter 20/390 Loss 0.1018 Top1 96.45 Top5 100.00
2025-12-30 14:48:58,580 - INFO  - [NUDE][TRAIN] Epoch 42/100 Iter 40/390 Loss 0.0917 Top1 96.72 Top5 100.00
2025-12-30 14:49:04,500 - INFO  - [NUDE][TRAIN] Epoch 42/100 Iter 60/390 Loss 0.0928 Top1 96.67 Top5 100.00
2025-12-30 14:49:10,504 - INFO  - [NUDE][TRAIN] Epoch 42/100 Iter 80/390 Loss 0.0970 Top1 96.48 Top5 99.99
2025-12-30 14:49:16,497 - INFO  - [NUDE][TRAIN] Epoch 42/100 Iter 100/390 Loss 0.0976 Top1 96.50 Top5 99.98
2025-12-30 14:49:22,379 - INFO  - [NUDE][TRAIN] Epoch 42/100 Iter 120/390 Loss 0.1003 Top1 96.42 Top5 99.97
2025-12-30 14:49:28,378 - INFO  - [NUDE][TRAIN] Epoch 42/100 Iter 140/390 Loss 0.1015 Top1 96.38 Top5 99.98
2025-12-30 14:49:34,253 - INFO  - [NUDE][TRAIN] Epoch 42/100 Iter 160/390 Loss 0.1002 Top1 96.47 Top5 99.98
2025-12-30 14:49:40,240 - INFO  - [NUDE][TRAIN] Epoch 42/100 Iter 180/390 Loss 0.0996 Top1 96.50 Top5 99.98
2025-12-30 14:49:46,202 - INFO  - [NUDE][TRAIN] Epoch 42/100 Iter 200/390 Loss 0.0991 Top1 96.50 Top5 99.98
2025-12-30 14:49:52,107 - INFO  - [NUDE][TRAIN] Epoch 42/100 Iter 220/390 Loss 0.0999 Top1 96.47 Top5 99.98
2025-12-30 14:49:58,108 - INFO  - [NUDE][TRAIN] Epoch 42/100 Iter 240/390 Loss 0.1004 Top1 96.48 Top5 99.98
2025-12-30 14:50:03,987 - INFO  - [NUDE][TRAIN] Epoch 42/100 Iter 260/390 Loss 0.1017 Top1 96.46 Top5 99.98
2025-12-30 14:50:09,890 - INFO  - [NUDE][TRAIN] Epoch 42/100 Iter 280/390 Loss 0.1022 Top1 96.44 Top5 99.97
2025-12-30 14:50:15,780 - INFO  - [NUDE][TRAIN] Epoch 42/100 Iter 300/390 Loss 0.1042 Top1 96.36 Top5 99.97
2025-12-30 14:50:21,602 - INFO  - [NUDE][TRAIN] Epoch 42/100 Iter 320/390 Loss 0.1045 Top1 96.35 Top5 99.98
2025-12-30 14:50:27,602 - INFO  - [NUDE][TRAIN] Epoch 42/100 Iter 340/390 Loss 0.1051 Top1 96.34 Top5 99.97
2025-12-30 14:50:33,485 - INFO  - [NUDE][TRAIN] Epoch 42/100 Iter 360/390 Loss 0.1059 Top1 96.33 Top5 99.97
2025-12-30 14:50:39,515 - INFO  - [NUDE][TRAIN] Epoch 42/100 Iter 380/390 Loss 0.1062 Top1 96.33 Top5 99.97
2025-12-30 14:50:42,518 - INFO  - [NUDE] Validate: force max bit-width W/A = 6
2025-12-30 14:50:44,821 - INFO  - [NUDE][EPOCH] 42/100 Train: Top1=96.30 Top5=99.97 Loss=0.1065 | Val(EMA): Top1=92.27
2025-12-30 14:50:44,821 - INFO  -   ⏱️  本Epoch耗时: 1分58秒 | 平均Epoch耗时: 1分58秒 | 剩余Epoch数: 57
2025-12-30 14:50:44,821 - INFO  -   📅 预估剩余时间: 1小时52分28秒 | 预估完成时间: 2025-12-30 16:43:13
2025-12-30 14:50:45,520 - INFO  - ([43] Epoch) Saving checkpoint to:
             Current: /root/autodl-tmp/retraining-free-quantization/training/r18_c10_nude_0.02_all_bits_orth/r18_c10_nude_0.02_all_bits_orth_checkpoint.pth.tar

2025-12-30 14:50:45,524 - INFO  - 🎲 Epoch 43: FaultInjector seed rotated to 85
2025-12-30 14:50:45,531 - INFO  - [NUDE] Epoch 43: force max bit-width W/A = 6
2025-12-30 14:50:45,532 - INFO  - ================================================================================
2025-12-30 14:50:45,532 - INFO  - 🔥 [NUDE] BFAT ACTIVE
2025-12-30 14:50:45,532 - INFO  -    Loss Type: direct_ce
2025-12-30 14:50:45,532 - INFO  -    Proj Mode: orthogonal
2025-12-30 14:50:45,532 - INFO  -    Injection: All Bits
2025-12-30 14:50:45,532 - INFO  - ================================================================================
2025-12-30 14:50:51,751 - INFO  - [NUDE][TRAIN] Epoch 43/100 Iter 20/390 Loss 0.0823 Top1 97.38 Top5 100.00
2025-12-30 14:50:57,746 - INFO  - [NUDE][TRAIN] Epoch 43/100 Iter 40/390 Loss 0.0928 Top1 97.07 Top5 99.98
2025-12-30 14:51:03,664 - INFO  - [NUDE][TRAIN] Epoch 43/100 Iter 60/390 Loss 0.0935 Top1 96.93 Top5 99.97
2025-12-30 14:51:09,682 - INFO  - [NUDE][TRAIN] Epoch 43/100 Iter 80/390 Loss 0.0917 Top1 96.98 Top5 99.98
2025-12-30 14:51:15,683 - INFO  - [NUDE][TRAIN] Epoch 43/100 Iter 100/390 Loss 0.0934 Top1 96.93 Top5 99.98
2025-12-30 14:51:21,582 - INFO  - [NUDE][TRAIN] Epoch 43/100 Iter 120/390 Loss 0.0912 Top1 96.99 Top5 99.99
2025-12-30 14:51:27,579 - INFO  - [NUDE][TRAIN] Epoch 43/100 Iter 140/390 Loss 0.0917 Top1 96.98 Top5 99.98
2025-12-30 14:51:33,480 - INFO  - [NUDE][TRAIN] Epoch 43/100 Iter 160/390 Loss 0.0936 Top1 96.86 Top5 99.98
2025-12-30 14:51:39,498 - INFO  - [NUDE][TRAIN] Epoch 43/100 Iter 180/390 Loss 0.0943 Top1 96.84 Top5 99.98
2025-12-30 14:51:45,572 - INFO  - [NUDE][TRAIN] Epoch 43/100 Iter 200/390 Loss 0.0963 Top1 96.77 Top5 99.98
2025-12-30 14:51:51,443 - INFO  - [NUDE][TRAIN] Epoch 43/100 Iter 220/390 Loss 0.0957 Top1 96.80 Top5 99.99
2025-12-30 14:51:57,429 - INFO  - [NUDE][TRAIN] Epoch 43/100 Iter 240/390 Loss 0.0955 Top1 96.77 Top5 99.99
2025-12-30 14:52:03,334 - INFO  - [NUDE][TRAIN] Epoch 43/100 Iter 260/390 Loss 0.0953 Top1 96.75 Top5 99.98
2025-12-30 14:52:09,392 - INFO  - [NUDE][TRAIN] Epoch 43/100 Iter 280/390 Loss 0.0949 Top1 96.76 Top5 99.99
2025-12-30 14:52:15,527 - INFO  - [NUDE][TRAIN] Epoch 43/100 Iter 300/390 Loss 0.0948 Top1 96.76 Top5 99.98
2025-12-30 14:52:21,415 - INFO  - [NUDE][TRAIN] Epoch 43/100 Iter 320/390 Loss 0.0950 Top1 96.74 Top5 99.98
2025-12-30 14:52:27,453 - INFO  - [NUDE][TRAIN] Epoch 43/100 Iter 340/390 Loss 0.0953 Top1 96.73 Top5 99.98
2025-12-30 14:52:33,331 - INFO  - [NUDE][TRAIN] Epoch 43/100 Iter 360/390 Loss 0.0956 Top1 96.70 Top5 99.98
2025-12-30 14:52:39,313 - INFO  - [NUDE][TRAIN] Epoch 43/100 Iter 380/390 Loss 0.0948 Top1 96.74 Top5 99.98
2025-12-30 14:52:42,327 - INFO  - [NUDE] Validate: force max bit-width W/A = 6
2025-12-30 14:52:44,676 - INFO  - [NUDE][EPOCH] 43/100 Train: Top1=96.76 Top5=99.98 Loss=0.0947 | Val(EMA): Top1=92.40
2025-12-30 14:52:44,677 - INFO  -   ⏱️  本Epoch耗时: 1分59秒 | 平均Epoch耗时: 1分58秒 | 剩余Epoch数: 56
2025-12-30 14:52:44,677 - INFO  -   📅 预估剩余时间: 1小时50分38秒 | 预估完成时间: 2025-12-30 16:43:23
2025-12-30 14:52:45,408 - INFO  - ([44] Epoch) Saving checkpoint to:
             Current: /root/autodl-tmp/retraining-free-quantization/training/r18_c10_nude_0.02_all_bits_orth/r18_c10_nude_0.02_all_bits_orth_checkpoint.pth.tar

2025-12-30 14:52:45,411 - INFO  - 🎲 Epoch 44: FaultInjector seed rotated to 86
2025-12-30 14:52:45,420 - INFO  - [NUDE] Epoch 44: force max bit-width W/A = 6
2025-12-30 14:52:45,420 - INFO  - ================================================================================
2025-12-30 14:52:45,420 - INFO  - 🔥 [NUDE] BFAT ACTIVE
2025-12-30 14:52:45,420 - INFO  -    Loss Type: direct_ce
2025-12-30 14:52:45,420 - INFO  -    Proj Mode: orthogonal
2025-12-30 14:52:45,420 - INFO  -    Injection: All Bits
2025-12-30 14:52:45,420 - INFO  - ================================================================================
2025-12-30 14:52:51,533 - INFO  - [NUDE][TRAIN] Epoch 44/100 Iter 20/390 Loss 0.0801 Top1 97.34 Top5 99.96
2025-12-30 14:52:57,561 - INFO  - [NUDE][TRAIN] Epoch 44/100 Iter 40/390 Loss 0.0786 Top1 97.30 Top5 99.98
2025-12-30 14:53:03,445 - INFO  - [NUDE][TRAIN] Epoch 44/100 Iter 60/390 Loss 0.0762 Top1 97.38 Top5 99.99
2025-12-30 14:53:09,452 - INFO  - [NUDE][TRAIN] Epoch 44/100 Iter 80/390 Loss 0.0807 Top1 97.25 Top5 99.98
2025-12-30 14:53:15,458 - INFO  - [NUDE][TRAIN] Epoch 44/100 Iter 100/390 Loss 0.0814 Top1 97.21 Top5 99.98
2025-12-30 14:53:21,355 - INFO  - [NUDE][TRAIN] Epoch 44/100 Iter 120/390 Loss 0.0801 Top1 97.25 Top5 99.98
2025-12-30 14:53:27,255 - INFO  - [NUDE][TRAIN] Epoch 44/100 Iter 140/390 Loss 0.0816 Top1 97.18 Top5 99.98
2025-12-30 14:53:33,026 - INFO  - [NUDE][TRAIN] Epoch 44/100 Iter 160/390 Loss 0.0833 Top1 97.12 Top5 99.98
2025-12-30 14:53:38,925 - INFO  - [NUDE][TRAIN] Epoch 44/100 Iter 180/390 Loss 0.0841 Top1 97.06 Top5 99.98
2025-12-30 14:53:44,949 - INFO  - [NUDE][TRAIN] Epoch 44/100 Iter 200/390 Loss 0.0848 Top1 97.04 Top5 99.98
2025-12-30 14:53:50,852 - INFO  - [NUDE][TRAIN] Epoch 44/100 Iter 220/390 Loss 0.0862 Top1 96.97 Top5 99.98
2025-12-30 14:53:56,866 - INFO  - [NUDE][TRAIN] Epoch 44/100 Iter 240/390 Loss 0.0870 Top1 96.93 Top5 99.98
2025-12-30 14:54:02,777 - INFO  - [NUDE][TRAIN] Epoch 44/100 Iter 260/390 Loss 0.0878 Top1 96.91 Top5 99.98
2025-12-30 14:54:08,754 - INFO  - [NUDE][TRAIN] Epoch 44/100 Iter 280/390 Loss 0.0874 Top1 96.94 Top5 99.98
2025-12-30 14:54:14,718 - INFO  - [NUDE][TRAIN] Epoch 44/100 Iter 300/390 Loss 0.0879 Top1 96.92 Top5 99.98
2025-12-30 14:54:20,582 - INFO  - [NUDE][TRAIN] Epoch 44/100 Iter 320/390 Loss 0.0884 Top1 96.92 Top5 99.98
2025-12-30 14:54:26,533 - INFO  - [NUDE][TRAIN] Epoch 44/100 Iter 340/390 Loss 0.0891 Top1 96.89 Top5 99.98
2025-12-30 14:54:32,406 - INFO  - [NUDE][TRAIN] Epoch 44/100 Iter 360/390 Loss 0.0897 Top1 96.88 Top5 99.98
2025-12-30 14:54:38,370 - INFO  - [NUDE][TRAIN] Epoch 44/100 Iter 380/390 Loss 0.0898 Top1 96.86 Top5 99.98
2025-12-30 14:54:41,358 - INFO  - [NUDE] Validate: force max bit-width W/A = 6
2025-12-30 14:54:43,647 - INFO  - [NUDE][EPOCH] 44/100 Train: Top1=96.85 Top5=99.98 Loss=0.0900 | Val(EMA): Top1=92.46
2025-12-30 14:54:43,647 - INFO  -   ⏱️  本Epoch耗时: 1分58秒 | 平均Epoch耗时: 1分58秒 | 剩余Epoch数: 55
2025-12-30 14:54:43,647 - INFO  -   📅 预估剩余时间: 1小时48分39秒 | 预估完成时间: 2025-12-30 16:43:22
2025-12-30 14:54:44,479 - INFO  - ([45] Epoch) Saving checkpoint to:
             Current: /root/autodl-tmp/retraining-free-quantization/training/r18_c10_nude_0.02_all_bits_orth/r18_c10_nude_0.02_all_bits_orth_checkpoint.pth.tar

2025-12-30 14:54:44,482 - INFO  - 🎲 Epoch 45: FaultInjector seed rotated to 87
2025-12-30 14:54:44,490 - INFO  - [NUDE] Epoch 45: force max bit-width W/A = 6
2025-12-30 14:54:44,490 - INFO  - ================================================================================
2025-12-30 14:54:44,491 - INFO  - 🔥 [NUDE] BFAT ACTIVE
2025-12-30 14:54:44,491 - INFO  -    Loss Type: direct_ce
2025-12-30 14:54:44,491 - INFO  -    Proj Mode: orthogonal
2025-12-30 14:54:44,491 - INFO  -    Injection: All Bits
2025-12-30 14:54:44,491 - INFO  - ================================================================================
2025-12-30 14:54:50,622 - INFO  - [NUDE][TRAIN] Epoch 45/100 Iter 20/390 Loss 0.0678 Top1 97.77 Top5 100.00
2025-12-30 14:54:56,615 - INFO  - [NUDE][TRAIN] Epoch 45/100 Iter 40/390 Loss 0.0712 Top1 97.48 Top5 100.00
2025-12-30 14:55:02,487 - INFO  - [NUDE][TRAIN] Epoch 45/100 Iter 60/390 Loss 0.0760 Top1 97.47 Top5 100.00
2025-12-30 14:55:08,373 - INFO  - [NUDE][TRAIN] Epoch 45/100 Iter 80/390 Loss 0.0771 Top1 97.41 Top5 100.00
2025-12-30 14:55:14,210 - INFO  - [NUDE][TRAIN] Epoch 45/100 Iter 100/390 Loss 0.0790 Top1 97.26 Top5 100.00
2025-12-30 14:55:20,036 - INFO  - [NUDE][TRAIN] Epoch 45/100 Iter 120/390 Loss 0.0789 Top1 97.26 Top5 100.00
2025-12-30 14:55:26,019 - INFO  - [NUDE][TRAIN] Epoch 45/100 Iter 140/390 Loss 0.0780 Top1 97.22 Top5 100.00
2025-12-30 14:55:31,963 - INFO  - [NUDE][TRAIN] Epoch 45/100 Iter 160/390 Loss 0.0766 Top1 97.30 Top5 100.00
2025-12-30 14:55:38,031 - INFO  - [NUDE][TRAIN] Epoch 45/100 Iter 180/390 Loss 0.0787 Top1 97.24 Top5 100.00
2025-12-30 14:55:44,023 - INFO  - [NUDE][TRAIN] Epoch 45/100 Iter 200/390 Loss 0.0802 Top1 97.18 Top5 100.00
2025-12-30 14:55:49,898 - INFO  - [NUDE][TRAIN] Epoch 45/100 Iter 220/390 Loss 0.0815 Top1 97.13 Top5 100.00
2025-12-30 14:55:55,865 - INFO  - [NUDE][TRAIN] Epoch 45/100 Iter 240/390 Loss 0.0826 Top1 97.08 Top5 100.00
2025-12-30 14:56:01,767 - INFO  - [NUDE][TRAIN] Epoch 45/100 Iter 260/390 Loss 0.0834 Top1 97.05 Top5 100.00
2025-12-30 14:56:07,780 - INFO  - [NUDE][TRAIN] Epoch 45/100 Iter 280/390 Loss 0.0845 Top1 96.99 Top5 100.00
2025-12-30 14:56:13,753 - INFO  - [NUDE][TRAIN] Epoch 45/100 Iter 300/390 Loss 0.0860 Top1 96.92 Top5 99.99
2025-12-30 14:56:19,667 - INFO  - [NUDE][TRAIN] Epoch 45/100 Iter 320/390 Loss 0.0866 Top1 96.91 Top5 99.99
2025-12-30 14:56:25,644 - INFO  - [NUDE][TRAIN] Epoch 45/100 Iter 340/390 Loss 0.0864 Top1 96.90 Top5 99.99
2025-12-30 14:56:31,516 - INFO  - [NUDE][TRAIN] Epoch 45/100 Iter 360/390 Loss 0.0862 Top1 96.92 Top5 99.99
2025-12-30 14:56:37,506 - INFO  - [NUDE][TRAIN] Epoch 45/100 Iter 380/390 Loss 0.0878 Top1 96.85 Top5 99.99
2025-12-30 14:56:40,475 - INFO  - [NUDE] Validate: force max bit-width W/A = 6
2025-12-30 14:56:42,717 - INFO  - [NUDE][EPOCH] 45/100 Train: Top1=96.86 Top5=99.99 Loss=0.0880 | Val(EMA): Top1=92.54
2025-12-30 14:56:42,717 - INFO  -   ⏱️  本Epoch耗时: 1分58秒 | 平均Epoch耗时: 1分58秒 | 剩余Epoch数: 54
2025-12-30 14:56:42,717 - INFO  -   📅 预估剩余时间: 1小时46分34秒 | 预估完成时间: 2025-12-30 16:43:17
2025-12-30 14:56:43,395 - INFO  - ([46] Epoch) Saving checkpoint to:
             Current: /root/autodl-tmp/retraining-free-quantization/training/r18_c10_nude_0.02_all_bits_orth/r18_c10_nude_0.02_all_bits_orth_checkpoint.pth.tar

2025-12-30 14:56:43,397 - INFO  - 🎲 Epoch 46: FaultInjector seed rotated to 88
2025-12-30 14:56:43,405 - INFO  - [NUDE] Epoch 46: force max bit-width W/A = 6
2025-12-30 14:56:43,405 - INFO  - ================================================================================
2025-12-30 14:56:43,405 - INFO  - 🔥 [NUDE] BFAT ACTIVE
2025-12-30 14:56:43,405 - INFO  -    Loss Type: direct_ce
2025-12-30 14:56:43,405 - INFO  -    Proj Mode: orthogonal
2025-12-30 14:56:43,405 - INFO  -    Injection: All Bits
2025-12-30 14:56:43,405 - INFO  - ================================================================================
2025-12-30 14:56:49,425 - INFO  - [NUDE][TRAIN] Epoch 46/100 Iter 20/390 Loss 0.0806 Top1 97.11 Top5 100.00
2025-12-30 14:56:55,408 - INFO  - [NUDE][TRAIN] Epoch 46/100 Iter 40/390 Loss 0.0718 Top1 97.46 Top5 100.00
2025-12-30 14:57:01,311 - INFO  - [NUDE][TRAIN] Epoch 46/100 Iter 60/390 Loss 0.0711 Top1 97.50 Top5 100.00
2025-12-30 14:57:07,262 - INFO  - [NUDE][TRAIN] Epoch 46/100 Iter 80/390 Loss 0.0718 Top1 97.53 Top5 100.00
2025-12-30 14:57:13,287 - INFO  - [NUDE][TRAIN] Epoch 46/100 Iter 100/390 Loss 0.0717 Top1 97.54 Top5 100.00
2025-12-30 14:57:19,181 - INFO  - [NUDE][TRAIN] Epoch 46/100 Iter 120/390 Loss 0.0715 Top1 97.55 Top5 100.00
2025-12-30 14:57:25,154 - INFO  - [NUDE][TRAIN] Epoch 46/100 Iter 140/390 Loss 0.0719 Top1 97.58 Top5 100.00
2025-12-30 14:57:31,039 - INFO  - [NUDE][TRAIN] Epoch 46/100 Iter 160/390 Loss 0.0734 Top1 97.55 Top5 100.00
2025-12-30 14:57:37,049 - INFO  - [NUDE][TRAIN] Epoch 46/100 Iter 180/390 Loss 0.0760 Top1 97.47 Top5 100.00
2025-12-30 14:57:43,084 - INFO  - [NUDE][TRAIN] Epoch 46/100 Iter 200/390 Loss 0.0779 Top1 97.43 Top5 100.00
2025-12-30 14:57:48,965 - INFO  - [NUDE][TRAIN] Epoch 46/100 Iter 220/390 Loss 0.0785 Top1 97.41 Top5 99.99
2025-12-30 14:57:54,951 - INFO  - [NUDE][TRAIN] Epoch 46/100 Iter 240/390 Loss 0.0787 Top1 97.41 Top5 99.99
2025-12-30 14:58:00,820 - INFO  - [NUDE][TRAIN] Epoch 46/100 Iter 260/390 Loss 0.0790 Top1 97.39 Top5 99.99
2025-12-30 14:58:06,810 - INFO  - [NUDE][TRAIN] Epoch 46/100 Iter 280/390 Loss 0.0807 Top1 97.35 Top5 99.99
2025-12-30 14:58:12,791 - INFO  - [NUDE][TRAIN] Epoch 46/100 Iter 300/390 Loss 0.0826 Top1 97.27 Top5 99.99
2025-12-30 14:58:18,681 - INFO  - [NUDE][TRAIN] Epoch 46/100 Iter 320/390 Loss 0.0842 Top1 97.22 Top5 99.99
2025-12-30 14:58:24,582 - INFO  - [NUDE][TRAIN] Epoch 46/100 Iter 340/390 Loss 0.0843 Top1 97.20 Top5 99.98
2025-12-30 14:58:30,385 - INFO  - [NUDE][TRAIN] Epoch 46/100 Iter 360/390 Loss 0.0848 Top1 97.19 Top5 99.98
2025-12-30 14:58:36,385 - INFO  - [NUDE][TRAIN] Epoch 46/100 Iter 380/390 Loss 0.0849 Top1 97.17 Top5 99.98
2025-12-30 14:58:39,369 - INFO  - [NUDE] Validate: force max bit-width W/A = 6
2025-12-30 14:58:41,635 - INFO  - [NUDE][EPOCH] 46/100 Train: Top1=97.16 Top5=99.98 Loss=0.0850 | Val(EMA): Top1=92.69
2025-12-30 14:58:41,636 - INFO  -   ⏱️  本Epoch耗时: 1分58秒 | 平均Epoch耗时: 1分58秒 | 剩余Epoch数: 53
2025-12-30 14:58:41,636 - INFO  -   📅 预估剩余时间: 1小时44分38秒 | 预估完成时间: 2025-12-30 16:43:19
2025-12-30 14:58:42,314 - INFO  - ([47] Epoch) Saving checkpoint to:
             Current: /root/autodl-tmp/retraining-free-quantization/training/r18_c10_nude_0.02_all_bits_orth/r18_c10_nude_0.02_all_bits_orth_checkpoint.pth.tar

2025-12-30 14:58:42,317 - INFO  - 🎲 Epoch 47: FaultInjector seed rotated to 89
2025-12-30 14:58:42,325 - INFO  - [NUDE] Epoch 47: force max bit-width W/A = 6
2025-12-30 14:58:42,325 - INFO  - ================================================================================
2025-12-30 14:58:42,325 - INFO  - 🔥 [NUDE] BFAT ACTIVE
2025-12-30 14:58:42,325 - INFO  -    Loss Type: direct_ce
2025-12-30 14:58:42,325 - INFO  -    Proj Mode: orthogonal
2025-12-30 14:58:42,326 - INFO  -    Injection: All Bits
2025-12-30 14:58:42,326 - INFO  - ================================================================================
2025-12-30 14:58:48,479 - INFO  - [NUDE][TRAIN] Epoch 47/100 Iter 20/390 Loss 0.0662 Top1 97.73 Top5 100.00
2025-12-30 14:58:54,520 - INFO  - [NUDE][TRAIN] Epoch 47/100 Iter 40/390 Loss 0.0717 Top1 97.64 Top5 100.00
2025-12-30 14:59:00,432 - INFO  - [NUDE][TRAIN] Epoch 47/100 Iter 60/390 Loss 0.0703 Top1 97.68 Top5 100.00
2025-12-30 14:59:06,416 - INFO  - [NUDE][TRAIN] Epoch 47/100 Iter 80/390 Loss 0.0683 Top1 97.72 Top5 99.99
2025-12-30 14:59:12,415 - INFO  - [NUDE][TRAIN] Epoch 47/100 Iter 100/390 Loss 0.0704 Top1 97.61 Top5 99.99
2025-12-30 14:59:18,309 - INFO  - [NUDE][TRAIN] Epoch 47/100 Iter 120/390 Loss 0.0725 Top1 97.51 Top5 99.99
2025-12-30 14:59:24,280 - INFO  - [NUDE][TRAIN] Epoch 47/100 Iter 140/390 Loss 0.0728 Top1 97.49 Top5 99.98
2025-12-30 14:59:30,140 - INFO  - [NUDE][TRAIN] Epoch 47/100 Iter 160/390 Loss 0.0727 Top1 97.48 Top5 99.99
2025-12-30 14:59:36,149 - INFO  - [NUDE][TRAIN] Epoch 47/100 Iter 180/390 Loss 0.0732 Top1 97.46 Top5 99.99
2025-12-30 14:59:42,159 - INFO  - [NUDE][TRAIN] Epoch 47/100 Iter 200/390 Loss 0.0751 Top1 97.38 Top5 99.99
2025-12-30 14:59:48,109 - INFO  - [NUDE][TRAIN] Epoch 47/100 Iter 220/390 Loss 0.0749 Top1 97.36 Top5 99.99
2025-12-30 14:59:54,070 - INFO  - [NUDE][TRAIN] Epoch 47/100 Iter 240/390 Loss 0.0749 Top1 97.36 Top5 99.99
2025-12-30 14:59:59,886 - INFO  - [NUDE][TRAIN] Epoch 47/100 Iter 260/390 Loss 0.0750 Top1 97.35 Top5 99.99
2025-12-30 15:00:05,222 - INFO  - [NUDE][TRAIN] Epoch 47/100 Iter 280/390 Loss 0.0759 Top1 97.31 Top5 99.99
2025-12-30 15:00:11,155 - INFO  - [NUDE][TRAIN] Epoch 47/100 Iter 300/390 Loss 0.0756 Top1 97.33 Top5 99.99
2025-12-30 15:00:17,032 - INFO  - [NUDE][TRAIN] Epoch 47/100 Iter 320/390 Loss 0.0763 Top1 97.30 Top5 99.98
2025-12-30 15:00:23,057 - INFO  - [NUDE][TRAIN] Epoch 47/100 Iter 340/390 Loss 0.0768 Top1 97.26 Top5 99.98
2025-12-30 15:00:28,974 - INFO  - [NUDE][TRAIN] Epoch 47/100 Iter 360/390 Loss 0.0776 Top1 97.24 Top5 99.98
2025-12-30 15:00:34,987 - INFO  - [NUDE][TRAIN] Epoch 47/100 Iter 380/390 Loss 0.0780 Top1 97.22 Top5 99.99
2025-12-30 15:00:37,976 - INFO  - [NUDE] Validate: force max bit-width W/A = 6
2025-12-30 15:00:40,260 - INFO  - [NUDE][EPOCH] 47/100 Train: Top1=97.20 Top5=99.99 Loss=0.0787 | Val(EMA): Top1=92.81
2025-12-30 15:00:40,260 - INFO  -   ⏱️  本Epoch耗时: 1分57秒 | 平均Epoch耗时: 1分58秒 | 剩余Epoch数: 52
2025-12-30 15:00:40,260 - INFO  -   📅 预估剩余时间: 1小时42分34秒 | 预估完成时间: 2025-12-30 16:43:15
2025-12-30 15:00:40,957 - INFO  - ([48] Epoch) Saving checkpoint to:
             Current: /root/autodl-tmp/retraining-free-quantization/training/r18_c10_nude_0.02_all_bits_orth/r18_c10_nude_0.02_all_bits_orth_checkpoint.pth.tar

2025-12-30 15:00:40,960 - INFO  - 🎲 Epoch 48: FaultInjector seed rotated to 90
2025-12-30 15:00:40,968 - INFO  - [NUDE] Epoch 48: force max bit-width W/A = 6
2025-12-30 15:00:40,968 - INFO  - ================================================================================
2025-12-30 15:00:40,968 - INFO  - 🔥 [NUDE] BFAT ACTIVE
2025-12-30 15:00:40,968 - INFO  -    Loss Type: direct_ce
2025-12-30 15:00:40,968 - INFO  -    Proj Mode: orthogonal
2025-12-30 15:00:40,968 - INFO  -    Injection: All Bits
2025-12-30 15:00:40,968 - INFO  - ================================================================================
2025-12-30 15:00:47,112 - INFO  - [NUDE][TRAIN] Epoch 48/100 Iter 20/390 Loss 0.0860 Top1 97.27 Top5 100.00
2025-12-30 15:00:53,144 - INFO  - [NUDE][TRAIN] Epoch 48/100 Iter 40/390 Loss 0.0745 Top1 97.62 Top5 100.00
2025-12-30 15:00:59,035 - INFO  - [NUDE][TRAIN] Epoch 48/100 Iter 60/390 Loss 0.0737 Top1 97.71 Top5 99.99
2025-12-30 15:01:05,025 - INFO  - [NUDE][TRAIN] Epoch 48/100 Iter 80/390 Loss 0.0736 Top1 97.61 Top5 99.99
2025-12-30 15:01:11,016 - INFO  - [NUDE][TRAIN] Epoch 48/100 Iter 100/390 Loss 0.0732 Top1 97.59 Top5 99.99
2025-12-30 15:01:16,892 - INFO  - [NUDE][TRAIN] Epoch 48/100 Iter 120/390 Loss 0.0748 Top1 97.49 Top5 99.99
2025-12-30 15:01:22,890 - INFO  - [NUDE][TRAIN] Epoch 48/100 Iter 140/390 Loss 0.0757 Top1 97.47 Top5 99.99
2025-12-30 15:01:28,867 - INFO  - [NUDE][TRAIN] Epoch 48/100 Iter 160/390 Loss 0.0735 Top1 97.50 Top5 100.00
2025-12-30 15:01:34,863 - INFO  - [NUDE][TRAIN] Epoch 48/100 Iter 180/390 Loss 0.0742 Top1 97.50 Top5 100.00
2025-12-30 15:01:40,754 - INFO  - [NUDE][TRAIN] Epoch 48/100 Iter 200/390 Loss 0.0732 Top1 97.54 Top5 99.99
2025-12-30 15:01:46,545 - INFO  - [NUDE][TRAIN] Epoch 48/100 Iter 220/390 Loss 0.0739 Top1 97.49 Top5 99.99
2025-12-30 15:01:52,512 - INFO  - [NUDE][TRAIN] Epoch 48/100 Iter 240/390 Loss 0.0744 Top1 97.46 Top5 99.99
2025-12-30 15:01:58,455 - INFO  - [NUDE][TRAIN] Epoch 48/100 Iter 260/390 Loss 0.0741 Top1 97.48 Top5 99.99
2025-12-30 15:02:04,462 - INFO  - [NUDE][TRAIN] Epoch 48/100 Iter 280/390 Loss 0.0747 Top1 97.43 Top5 99.99
2025-12-30 15:02:10,448 - INFO  - [NUDE][TRAIN] Epoch 48/100 Iter 300/390 Loss 0.0742 Top1 97.45 Top5 99.99
2025-12-30 15:02:16,373 - INFO  - [NUDE][TRAIN] Epoch 48/100 Iter 320/390 Loss 0.0742 Top1 97.44 Top5 99.99
2025-12-30 15:02:22,373 - INFO  - [NUDE][TRAIN] Epoch 48/100 Iter 340/390 Loss 0.0747 Top1 97.42 Top5 99.99
2025-12-30 15:02:28,257 - INFO  - [NUDE][TRAIN] Epoch 48/100 Iter 360/390 Loss 0.0748 Top1 97.40 Top5 99.99
2025-12-30 15:02:34,284 - INFO  - [NUDE][TRAIN] Epoch 48/100 Iter 380/390 Loss 0.0757 Top1 97.38 Top5 99.99
2025-12-30 15:02:37,265 - INFO  - [NUDE] Validate: force max bit-width W/A = 6
2025-12-30 15:02:39,546 - INFO  - [NUDE][EPOCH] 48/100 Train: Top1=97.39 Top5=99.99 Loss=0.0755 | Val(EMA): Top1=92.91
2025-12-30 15:02:39,547 - INFO  -   ⏱️  本Epoch耗时: 1分58秒 | 平均Epoch耗时: 1分58秒 | 剩余Epoch数: 51
2025-12-30 15:02:39,547 - INFO  -   📅 预估剩余时间: 1小时40分30秒 | 预估完成时间: 2025-12-30 16:43:10
2025-12-30 15:02:40,268 - INFO  - ([49] Epoch) Saving checkpoint to:
             Current: /root/autodl-tmp/retraining-free-quantization/training/r18_c10_nude_0.02_all_bits_orth/r18_c10_nude_0.02_all_bits_orth_checkpoint.pth.tar

2025-12-30 15:02:40,271 - INFO  - 🎲 Epoch 49: FaultInjector seed rotated to 91
2025-12-30 15:02:40,279 - INFO  - [NUDE] Epoch 49: force max bit-width W/A = 6
2025-12-30 15:02:40,279 - INFO  - ================================================================================
2025-12-30 15:02:40,279 - INFO  - 🔥 [NUDE] BFAT ACTIVE
2025-12-30 15:02:40,279 - INFO  -    Loss Type: direct_ce
2025-12-30 15:02:40,279 - INFO  -    Proj Mode: orthogonal
2025-12-30 15:02:40,279 - INFO  -    Injection: All Bits
2025-12-30 15:02:40,279 - INFO  - ================================================================================
2025-12-30 15:02:46,410 - INFO  - [NUDE][TRAIN] Epoch 49/100 Iter 20/390 Loss 0.0603 Top1 97.93 Top5 100.00
2025-12-30 15:02:52,459 - INFO  - [NUDE][TRAIN] Epoch 49/100 Iter 40/390 Loss 0.0610 Top1 97.93 Top5 99.98
2025-12-30 15:02:58,350 - INFO  - [NUDE][TRAIN] Epoch 49/100 Iter 60/390 Loss 0.0594 Top1 97.86 Top5 99.99
2025-12-30 15:03:04,328 - INFO  - [NUDE][TRAIN] Epoch 49/100 Iter 80/390 Loss 0.0596 Top1 97.88 Top5 99.98
2025-12-30 15:03:10,350 - INFO  - [NUDE][TRAIN] Epoch 49/100 Iter 100/390 Loss 0.0603 Top1 97.93 Top5 99.98
2025-12-30 15:03:16,186 - INFO  - [NUDE][TRAIN] Epoch 49/100 Iter 120/390 Loss 0.0595 Top1 98.01 Top5 99.99
2025-12-30 15:03:22,133 - INFO  - [NUDE][TRAIN] Epoch 49/100 Iter 140/390 Loss 0.0604 Top1 97.94 Top5 99.99
2025-12-30 15:03:27,937 - INFO  - [NUDE][TRAIN] Epoch 49/100 Iter 160/390 Loss 0.0612 Top1 97.92 Top5 99.99
2025-12-30 15:03:33,926 - INFO  - [NUDE][TRAIN] Epoch 49/100 Iter 180/390 Loss 0.0621 Top1 97.90 Top5 99.99
2025-12-30 15:03:39,917 - INFO  - [NUDE][TRAIN] Epoch 49/100 Iter 200/390 Loss 0.0629 Top1 97.86 Top5 99.99
2025-12-30 15:03:45,808 - INFO  - [NUDE][TRAIN] Epoch 49/100 Iter 220/390 Loss 0.0627 Top1 97.85 Top5 99.99
2025-12-30 15:03:51,803 - INFO  - [NUDE][TRAIN] Epoch 49/100 Iter 240/390 Loss 0.0640 Top1 97.78 Top5 99.99
2025-12-30 15:03:57,695 - INFO  - [NUDE][TRAIN] Epoch 49/100 Iter 260/390 Loss 0.0653 Top1 97.73 Top5 99.99
2025-12-30 15:04:03,690 - INFO  - [NUDE][TRAIN] Epoch 49/100 Iter 280/390 Loss 0.0643 Top1 97.76 Top5 99.99
2025-12-30 15:04:09,652 - INFO  - [NUDE][TRAIN] Epoch 49/100 Iter 300/390 Loss 0.0656 Top1 97.71 Top5 99.99
2025-12-30 15:04:15,561 - INFO  - [NUDE][TRAIN] Epoch 49/100 Iter 320/390 Loss 0.0657 Top1 97.72 Top5 99.99
2025-12-30 15:04:21,548 - INFO  - [NUDE][TRAIN] Epoch 49/100 Iter 340/390 Loss 0.0666 Top1 97.69 Top5 99.99
2025-12-30 15:04:27,420 - INFO  - [NUDE][TRAIN] Epoch 49/100 Iter 360/390 Loss 0.0664 Top1 97.69 Top5 99.99
2025-12-30 15:04:33,423 - INFO  - [NUDE][TRAIN] Epoch 49/100 Iter 380/390 Loss 0.0669 Top1 97.68 Top5 99.99
2025-12-30 15:04:36,416 - INFO  - [NUDE] Validate: force max bit-width W/A = 6
2025-12-30 15:04:38,692 - INFO  - [NUDE][EPOCH] 49/100 Train: Top1=97.66 Top5=99.99 Loss=0.0669 | Val(EMA): Top1=92.87
2025-12-30 15:04:38,692 - INFO  -   ⏱️  本Epoch耗时: 1分58秒 | 平均Epoch耗时: 1分58秒 | 剩余Epoch数: 50
2025-12-30 15:04:38,692 - INFO  -   📅 预估剩余时间: 1小时38分34秒 | 预估完成时间: 2025-12-30 16:43:12
2025-12-30 15:04:39,415 - INFO  - ([50] Epoch) Saving checkpoint to:
             Current: /root/autodl-tmp/retraining-free-quantization/training/r18_c10_nude_0.02_all_bits_orth/r18_c10_nude_0.02_all_bits_orth_checkpoint.pth.tar

2025-12-30 15:04:39,418 - INFO  - 🎲 Epoch 50: FaultInjector seed rotated to 92
2025-12-30 15:04:39,426 - INFO  - [NUDE] Epoch 50: force max bit-width W/A = 6
2025-12-30 15:04:39,426 - INFO  - ================================================================================
2025-12-30 15:04:39,426 - INFO  - 🔥 [NUDE] BFAT ACTIVE
2025-12-30 15:04:39,426 - INFO  -    Loss Type: direct_ce
2025-12-30 15:04:39,426 - INFO  -    Proj Mode: orthogonal
2025-12-30 15:04:39,426 - INFO  -    Injection: All Bits
2025-12-30 15:04:39,426 - INFO  - ================================================================================
2025-12-30 15:04:45,580 - INFO  - [NUDE][TRAIN] Epoch 50/100 Iter 20/390 Loss 0.0589 Top1 97.89 Top5 100.00
2025-12-30 15:04:51,606 - INFO  - [NUDE][TRAIN] Epoch 50/100 Iter 40/390 Loss 0.0608 Top1 97.95 Top5 100.00
2025-12-30 15:04:57,377 - INFO  - [NUDE][TRAIN] Epoch 50/100 Iter 60/390 Loss 0.0611 Top1 97.88 Top5 100.00
2025-12-30 15:05:03,258 - INFO  - [NUDE][TRAIN] Epoch 50/100 Iter 80/390 Loss 0.0608 Top1 97.87 Top5 100.00
2025-12-30 15:05:09,196 - INFO  - [NUDE][TRAIN] Epoch 50/100 Iter 100/390 Loss 0.0603 Top1 97.95 Top5 100.00
2025-12-30 15:05:15,080 - INFO  - [NUDE][TRAIN] Epoch 50/100 Iter 120/390 Loss 0.0594 Top1 97.96 Top5 100.00
2025-12-30 15:05:21,075 - INFO  - [NUDE][TRAIN] Epoch 50/100 Iter 140/390 Loss 0.0593 Top1 97.99 Top5 100.00
2025-12-30 15:05:26,928 - INFO  - [NUDE][TRAIN] Epoch 50/100 Iter 160/390 Loss 0.0598 Top1 98.00 Top5 100.00
2025-12-30 15:05:32,903 - INFO  - [NUDE][TRAIN] Epoch 50/100 Iter 180/390 Loss 0.0599 Top1 97.99 Top5 100.00
2025-12-30 15:05:38,890 - INFO  - [NUDE][TRAIN] Epoch 50/100 Iter 200/390 Loss 0.0606 Top1 97.96 Top5 100.00
2025-12-30 15:05:44,778 - INFO  - [NUDE][TRAIN] Epoch 50/100 Iter 220/390 Loss 0.0613 Top1 97.94 Top5 100.00
2025-12-30 15:05:50,846 - INFO  - [NUDE][TRAIN] Epoch 50/100 Iter 240/390 Loss 0.0616 Top1 97.91 Top5 100.00
2025-12-30 15:05:56,731 - INFO  - [NUDE][TRAIN] Epoch 50/100 Iter 260/390 Loss 0.0618 Top1 97.92 Top5 100.00
2025-12-30 15:06:02,705 - INFO  - [NUDE][TRAIN] Epoch 50/100 Iter 280/390 Loss 0.0614 Top1 97.94 Top5 100.00
2025-12-30 15:06:08,695 - INFO  - [NUDE][TRAIN] Epoch 50/100 Iter 300/390 Loss 0.0614 Top1 97.95 Top5 100.00
2025-12-30 15:06:14,579 - INFO  - [NUDE][TRAIN] Epoch 50/100 Iter 320/390 Loss 0.0623 Top1 97.90 Top5 100.00
2025-12-30 15:06:20,562 - INFO  - [NUDE][TRAIN] Epoch 50/100 Iter 340/390 Loss 0.0623 Top1 97.90 Top5 100.00
2025-12-30 15:06:26,451 - INFO  - [NUDE][TRAIN] Epoch 50/100 Iter 360/390 Loss 0.0630 Top1 97.88 Top5 100.00
2025-12-30 15:06:32,376 - INFO  - [NUDE][TRAIN] Epoch 50/100 Iter 380/390 Loss 0.0635 Top1 97.86 Top5 100.00
2025-12-30 15:06:35,293 - INFO  - [NUDE] Validate: force max bit-width W/A = 6
2025-12-30 15:06:37,550 - INFO  - [NUDE][EPOCH] 50/100 Train: Top1=97.86 Top5=100.00 Loss=0.0636 | Val(EMA): Top1=92.91
2025-12-30 15:06:37,550 - INFO  -   ⏱️  本Epoch耗时: 1分58秒 | 平均Epoch耗时: 1分58秒 | 剩余Epoch数: 49
2025-12-30 15:06:37,550 - INFO  -   📅 预估剩余时间: 1小时36分34秒 | 预估完成时间: 2025-12-30 16:43:12
2025-12-30 15:06:38,234 - INFO  - ([51] Epoch) Saving checkpoint to:
             Current: /root/autodl-tmp/retraining-free-quantization/training/r18_c10_nude_0.02_all_bits_orth/r18_c10_nude_0.02_all_bits_orth_checkpoint.pth.tar

2025-12-30 15:06:38,237 - INFO  - 🎲 Epoch 51: FaultInjector seed rotated to 93
2025-12-30 15:06:38,245 - INFO  - [NUDE] Epoch 51: force max bit-width W/A = 6
2025-12-30 15:06:38,245 - INFO  - ================================================================================
2025-12-30 15:06:38,245 - INFO  - 🔥 [NUDE] BFAT ACTIVE
2025-12-30 15:06:38,245 - INFO  -    Loss Type: direct_ce
2025-12-30 15:06:38,245 - INFO  -    Proj Mode: orthogonal
2025-12-30 15:06:38,245 - INFO  -    Injection: All Bits
2025-12-30 15:06:38,245 - INFO  - ================================================================================
2025-12-30 15:06:44,247 - INFO  - [NUDE][TRAIN] Epoch 51/100 Iter 20/390 Loss 0.0540 Top1 98.01 Top5 100.00
2025-12-30 15:06:50,272 - INFO  - [NUDE][TRAIN] Epoch 51/100 Iter 40/390 Loss 0.0540 Top1 98.07 Top5 100.00
2025-12-30 15:06:56,156 - INFO  - [NUDE][TRAIN] Epoch 51/100 Iter 60/390 Loss 0.0507 Top1 98.32 Top5 100.00
2025-12-30 15:07:02,155 - INFO  - [NUDE][TRAIN] Epoch 51/100 Iter 80/390 Loss 0.0490 Top1 98.34 Top5 100.00
2025-12-30 15:07:08,174 - INFO  - [NUDE][TRAIN] Epoch 51/100 Iter 100/390 Loss 0.0468 Top1 98.38 Top5 100.00
2025-12-30 15:07:14,057 - INFO  - [NUDE][TRAIN] Epoch 51/100 Iter 120/390 Loss 0.0465 Top1 98.40 Top5 99.99
2025-12-30 15:07:20,053 - INFO  - [NUDE][TRAIN] Epoch 51/100 Iter 140/390 Loss 0.0471 Top1 98.36 Top5 99.99
2025-12-30 15:07:25,944 - INFO  - [NUDE][TRAIN] Epoch 51/100 Iter 160/390 Loss 0.0491 Top1 98.27 Top5 100.00
2025-12-30 15:07:31,993 - INFO  - [NUDE][TRAIN] Epoch 51/100 Iter 180/390 Loss 0.0488 Top1 98.30 Top5 100.00
2025-12-30 15:07:37,978 - INFO  - [NUDE][TRAIN] Epoch 51/100 Iter 200/390 Loss 0.0510 Top1 98.21 Top5 100.00
2025-12-30 15:07:43,898 - INFO  - [NUDE][TRAIN] Epoch 51/100 Iter 220/390 Loss 0.0520 Top1 98.17 Top5 100.00
2025-12-30 15:07:49,885 - INFO  - [NUDE][TRAIN] Epoch 51/100 Iter 240/390 Loss 0.0527 Top1 98.15 Top5 100.00
2025-12-30 15:07:55,765 - INFO  - [NUDE][TRAIN] Epoch 51/100 Iter 260/390 Loss 0.0528 Top1 98.15 Top5 100.00
2025-12-30 15:08:01,768 - INFO  - [NUDE][TRAIN] Epoch 51/100 Iter 280/390 Loss 0.0535 Top1 98.11 Top5 100.00
2025-12-30 15:08:07,816 - INFO  - [NUDE][TRAIN] Epoch 51/100 Iter 300/390 Loss 0.0542 Top1 98.08 Top5 100.00
2025-12-30 15:08:13,693 - INFO  - [NUDE][TRAIN] Epoch 51/100 Iter 320/390 Loss 0.0547 Top1 98.06 Top5 100.00
2025-12-30 15:08:19,552 - INFO  - [NUDE][TRAIN] Epoch 51/100 Iter 340/390 Loss 0.0552 Top1 98.06 Top5 100.00
2025-12-30 15:08:25,403 - INFO  - [NUDE][TRAIN] Epoch 51/100 Iter 360/390 Loss 0.0555 Top1 98.05 Top5 100.00
2025-12-30 15:08:31,439 - INFO  - [NUDE][TRAIN] Epoch 51/100 Iter 380/390 Loss 0.0558 Top1 98.03 Top5 100.00
2025-12-30 15:08:34,429 - INFO  - [NUDE] Validate: force max bit-width W/A = 6
2025-12-30 15:08:36,802 - INFO  - [NUDE][EPOCH] 51/100 Train: Top1=98.03 Top5=100.00 Loss=0.0559 | Val(EMA): Top1=93.00
2025-12-30 15:08:36,802 - INFO  -   ⏱️  本Epoch耗时: 1分58秒 | 平均Epoch耗时: 1分58秒 | 剩余Epoch数: 48
2025-12-30 15:08:36,802 - INFO  -   📅 预估剩余时间: 1小时34分39秒 | 预估完成时间: 2025-12-30 16:43:16
2025-12-30 15:08:37,501 - INFO  - ([52] Epoch) Saving checkpoint to:
             Current: /root/autodl-tmp/retraining-free-quantization/training/r18_c10_nude_0.02_all_bits_orth/r18_c10_nude_0.02_all_bits_orth_checkpoint.pth.tar

2025-12-30 15:08:37,504 - INFO  - 🎲 Epoch 52: FaultInjector seed rotated to 94
2025-12-30 15:08:37,512 - INFO  - [NUDE] Epoch 52: force max bit-width W/A = 6
2025-12-30 15:08:37,512 - INFO  - ================================================================================
2025-12-30 15:08:37,512 - INFO  - 🔥 [NUDE] BFAT ACTIVE
2025-12-30 15:08:37,512 - INFO  -    Loss Type: direct_ce
2025-12-30 15:08:37,512 - INFO  -    Proj Mode: orthogonal
2025-12-30 15:08:37,512 - INFO  -    Injection: All Bits
2025-12-30 15:08:37,512 - INFO  - ================================================================================
2025-12-30 15:08:43,648 - INFO  - [NUDE][TRAIN] Epoch 52/100 Iter 20/390 Loss 0.0494 Top1 98.09 Top5 100.00
2025-12-30 15:08:49,679 - INFO  - [NUDE][TRAIN] Epoch 52/100 Iter 40/390 Loss 0.0441 Top1 98.42 Top5 100.00
2025-12-30 15:08:55,602 - INFO  - [NUDE][TRAIN] Epoch 52/100 Iter 60/390 Loss 0.0432 Top1 98.50 Top5 100.00
2025-12-30 15:09:01,600 - INFO  - [NUDE][TRAIN] Epoch 52/100 Iter 80/390 Loss 0.0461 Top1 98.42 Top5 100.00
2025-12-30 15:09:07,622 - INFO  - [NUDE][TRAIN] Epoch 52/100 Iter 100/390 Loss 0.0475 Top1 98.44 Top5 100.00
2025-12-30 15:09:13,515 - INFO  - [NUDE][TRAIN] Epoch 52/100 Iter 120/390 Loss 0.0477 Top1 98.44 Top5 100.00
2025-12-30 15:09:19,514 - INFO  - [NUDE][TRAIN] Epoch 52/100 Iter 140/390 Loss 0.0483 Top1 98.35 Top5 100.00
2025-12-30 15:09:25,382 - INFO  - [NUDE][TRAIN] Epoch 52/100 Iter 160/390 Loss 0.0488 Top1 98.30 Top5 100.00
2025-12-30 15:09:31,340 - INFO  - [NUDE][TRAIN] Epoch 52/100 Iter 180/390 Loss 0.0487 Top1 98.28 Top5 100.00
2025-12-30 15:09:37,321 - INFO  - [NUDE][TRAIN] Epoch 52/100 Iter 200/390 Loss 0.0483 Top1 98.26 Top5 100.00
2025-12-30 15:09:43,212 - INFO  - [NUDE][TRAIN] Epoch 52/100 Iter 220/390 Loss 0.0478 Top1 98.29 Top5 99.99
2025-12-30 15:09:49,179 - INFO  - [NUDE][TRAIN] Epoch 52/100 Iter 240/390 Loss 0.0478 Top1 98.29 Top5 99.99
2025-12-30 15:09:54,954 - INFO  - [NUDE][TRAIN] Epoch 52/100 Iter 260/390 Loss 0.0487 Top1 98.28 Top5 99.99
2025-12-30 15:10:00,906 - INFO  - [NUDE][TRAIN] Epoch 52/100 Iter 280/390 Loss 0.0497 Top1 98.25 Top5 99.99
2025-12-30 15:10:06,885 - INFO  - [NUDE][TRAIN] Epoch 52/100 Iter 300/390 Loss 0.0496 Top1 98.25 Top5 99.99
2025-12-30 15:10:12,764 - INFO  - [NUDE][TRAIN] Epoch 52/100 Iter 320/390 Loss 0.0495 Top1 98.26 Top5 100.00
2025-12-30 15:10:18,757 - INFO  - [NUDE][TRAIN] Epoch 52/100 Iter 340/390 Loss 0.0501 Top1 98.24 Top5 100.00
2025-12-30 15:10:24,633 - INFO  - [NUDE][TRAIN] Epoch 52/100 Iter 360/390 Loss 0.0500 Top1 98.25 Top5 99.99
2025-12-30 15:10:30,639 - INFO  - [NUDE][TRAIN] Epoch 52/100 Iter 380/390 Loss 0.0507 Top1 98.23 Top5 99.99
2025-12-30 15:10:33,682 - INFO  - [NUDE] Validate: force max bit-width W/A = 6
2025-12-30 15:10:35,976 - INFO  - [NUDE][EPOCH] 52/100 Train: Top1=98.23 Top5=99.99 Loss=0.0509 | Val(EMA): Top1=93.00
2025-12-30 15:10:35,976 - INFO  -   ⏱️  本Epoch耗时: 1分58秒 | 平均Epoch耗时: 1分58秒 | 剩余Epoch数: 47
2025-12-30 15:10:35,977 - INFO  -   📅 预估剩余时间: 1小时32分46秒 | 预估完成时间: 2025-12-30 16:43:22
2025-12-30 15:10:36,696 - INFO  - ([53] Epoch) Saving checkpoint to:
             Current: /root/autodl-tmp/retraining-free-quantization/training/r18_c10_nude_0.02_all_bits_orth/r18_c10_nude_0.02_all_bits_orth_checkpoint.pth.tar

2025-12-30 15:10:36,700 - INFO  - 🎲 Epoch 53: FaultInjector seed rotated to 95
2025-12-30 15:10:36,707 - INFO  - [NUDE] Epoch 53: force max bit-width W/A = 6
2025-12-30 15:10:36,707 - INFO  - ================================================================================
2025-12-30 15:10:36,708 - INFO  - 🔥 [NUDE] BFAT ACTIVE
2025-12-30 15:10:36,708 - INFO  -    Loss Type: direct_ce
2025-12-30 15:10:36,708 - INFO  -    Proj Mode: orthogonal
2025-12-30 15:10:36,708 - INFO  -    Injection: All Bits
2025-12-30 15:10:36,708 - INFO  - ================================================================================
2025-12-30 15:10:42,844 - INFO  - [NUDE][TRAIN] Epoch 53/100 Iter 20/390 Loss 0.0484 Top1 98.36 Top5 100.00
2025-12-30 15:10:48,883 - INFO  - [NUDE][TRAIN] Epoch 53/100 Iter 40/390 Loss 0.0488 Top1 98.36 Top5 100.00
2025-12-30 15:10:54,730 - INFO  - [NUDE][TRAIN] Epoch 53/100 Iter 60/390 Loss 0.0478 Top1 98.31 Top5 100.00
2025-12-30 15:11:00,740 - INFO  - [NUDE][TRAIN] Epoch 53/100 Iter 80/390 Loss 0.0469 Top1 98.28 Top5 100.00
2025-12-30 15:11:06,778 - INFO  - [NUDE][TRAIN] Epoch 53/100 Iter 100/390 Loss 0.0465 Top1 98.27 Top5 100.00
2025-12-30 15:11:12,659 - INFO  - [NUDE][TRAIN] Epoch 53/100 Iter 120/390 Loss 0.0486 Top1 98.24 Top5 100.00
2025-12-30 15:11:18,649 - INFO  - [NUDE][TRAIN] Epoch 53/100 Iter 140/390 Loss 0.0471 Top1 98.33 Top5 100.00
2025-12-30 15:11:24,515 - INFO  - [NUDE][TRAIN] Epoch 53/100 Iter 160/390 Loss 0.0472 Top1 98.33 Top5 100.00
2025-12-30 15:11:30,393 - INFO  - [NUDE][TRAIN] Epoch 53/100 Iter 180/390 Loss 0.0481 Top1 98.34 Top5 100.00
2025-12-30 15:11:36,270 - INFO  - [NUDE][TRAIN] Epoch 53/100 Iter 200/390 Loss 0.0482 Top1 98.34 Top5 100.00
2025-12-30 15:11:42,131 - INFO  - [NUDE][TRAIN] Epoch 53/100 Iter 220/390 Loss 0.0489 Top1 98.30 Top5 100.00
2025-12-30 15:11:48,109 - INFO  - [NUDE][TRAIN] Epoch 53/100 Iter 240/390 Loss 0.0496 Top1 98.27 Top5 100.00
2025-12-30 15:11:54,004 - INFO  - [NUDE][TRAIN] Epoch 53/100 Iter 260/390 Loss 0.0496 Top1 98.27 Top5 100.00
2025-12-30 15:11:59,985 - INFO  - [NUDE][TRAIN] Epoch 53/100 Iter 280/390 Loss 0.0496 Top1 98.26 Top5 99.99
2025-12-30 15:12:05,972 - INFO  - [NUDE][TRAIN] Epoch 53/100 Iter 300/390 Loss 0.0501 Top1 98.24 Top5 99.99
2025-12-30 15:12:11,864 - INFO  - [NUDE][TRAIN] Epoch 53/100 Iter 320/390 Loss 0.0503 Top1 98.23 Top5 100.00
2025-12-30 15:12:17,971 - INFO  - [NUDE][TRAIN] Epoch 53/100 Iter 340/390 Loss 0.0505 Top1 98.22 Top5 100.00
2025-12-30 15:12:23,907 - INFO  - [NUDE][TRAIN] Epoch 53/100 Iter 360/390 Loss 0.0503 Top1 98.22 Top5 100.00
2025-12-30 15:12:29,931 - INFO  - [NUDE][TRAIN] Epoch 53/100 Iter 380/390 Loss 0.0502 Top1 98.22 Top5 100.00
2025-12-30 15:12:32,935 - INFO  - [NUDE] Validate: force max bit-width W/A = 6
2025-12-30 15:12:35,219 - INFO  - [NUDE][EPOCH] 53/100 Train: Top1=98.22 Top5=100.00 Loss=0.0501 | Val(EMA): Top1=92.97
2025-12-30 15:12:35,219 - INFO  -   ⏱️  本Epoch耗时: 1分58秒 | 平均Epoch耗时: 1分58秒 | 剩余Epoch数: 46
2025-12-30 15:12:35,219 - INFO  -   📅 预估剩余时间: 1小时30分47秒 | 预估完成时间: 2025-12-30 16:43:22
2025-12-30 15:12:35,892 - INFO  - ([54] Epoch) Saving checkpoint to:
             Current: /root/autodl-tmp/retraining-free-quantization/training/r18_c10_nude_0.02_all_bits_orth/r18_c10_nude_0.02_all_bits_orth_checkpoint.pth.tar

2025-12-30 15:12:35,895 - INFO  - 🎲 Epoch 54: FaultInjector seed rotated to 96
2025-12-30 15:12:35,903 - INFO  - [NUDE] Epoch 54: force max bit-width W/A = 6
2025-12-30 15:12:35,903 - INFO  - ================================================================================
2025-12-30 15:12:35,903 - INFO  - 🔥 [NUDE] BFAT ACTIVE
2025-12-30 15:12:35,903 - INFO  -    Loss Type: direct_ce
2025-12-30 15:12:35,903 - INFO  -    Proj Mode: orthogonal
2025-12-30 15:12:35,903 - INFO  -    Injection: All Bits
2025-12-30 15:12:35,903 - INFO  - ================================================================================
2025-12-30 15:12:42,058 - INFO  - [NUDE][TRAIN] Epoch 54/100 Iter 20/390 Loss 0.0512 Top1 98.32 Top5 100.00
2025-12-30 15:12:48,097 - INFO  - [NUDE][TRAIN] Epoch 54/100 Iter 40/390 Loss 0.0464 Top1 98.38 Top5 100.00
2025-12-30 15:12:53,999 - INFO  - [NUDE][TRAIN] Epoch 54/100 Iter 60/390 Loss 0.0441 Top1 98.48 Top5 100.00
2025-12-30 15:12:59,987 - INFO  - [NUDE][TRAIN] Epoch 54/100 Iter 80/390 Loss 0.0440 Top1 98.45 Top5 100.00
2025-12-30 15:13:05,967 - INFO  - [NUDE][TRAIN] Epoch 54/100 Iter 100/390 Loss 0.0444 Top1 98.48 Top5 100.00
2025-12-30 15:13:11,770 - INFO  - [NUDE][TRAIN] Epoch 54/100 Iter 120/390 Loss 0.0454 Top1 98.42 Top5 100.00
2025-12-30 15:13:17,697 - INFO  - [NUDE][TRAIN] Epoch 54/100 Iter 140/390 Loss 0.0459 Top1 98.39 Top5 100.00
2025-12-30 15:13:23,599 - INFO  - [NUDE][TRAIN] Epoch 54/100 Iter 160/390 Loss 0.0452 Top1 98.40 Top5 100.00
2025-12-30 15:13:29,611 - INFO  - [NUDE][TRAIN] Epoch 54/100 Iter 180/390 Loss 0.0450 Top1 98.39 Top5 100.00
2025-12-30 15:13:35,617 - INFO  - [NUDE][TRAIN] Epoch 54/100 Iter 200/390 Loss 0.0453 Top1 98.41 Top5 100.00
2025-12-30 15:13:41,566 - INFO  - [NUDE][TRAIN] Epoch 54/100 Iter 220/390 Loss 0.0453 Top1 98.40 Top5 100.00
2025-12-30 15:13:47,590 - INFO  - [NUDE][TRAIN] Epoch 54/100 Iter 240/390 Loss 0.0458 Top1 98.39 Top5 100.00
2025-12-30 15:13:53,494 - INFO  - [NUDE][TRAIN] Epoch 54/100 Iter 260/390 Loss 0.0451 Top1 98.43 Top5 100.00
2025-12-30 15:13:59,496 - INFO  - [NUDE][TRAIN] Epoch 54/100 Iter 280/390 Loss 0.0461 Top1 98.40 Top5 100.00
2025-12-30 15:14:05,546 - INFO  - [NUDE][TRAIN] Epoch 54/100 Iter 300/390 Loss 0.0470 Top1 98.37 Top5 100.00
2025-12-30 15:14:11,453 - INFO  - [NUDE][TRAIN] Epoch 54/100 Iter 320/390 Loss 0.0473 Top1 98.36 Top5 100.00
2025-12-30 15:14:17,423 - INFO  - [NUDE][TRAIN] Epoch 54/100 Iter 340/390 Loss 0.0483 Top1 98.32 Top5 100.00
2025-12-30 15:14:23,310 - INFO  - [NUDE][TRAIN] Epoch 54/100 Iter 360/390 Loss 0.0480 Top1 98.33 Top5 100.00
2025-12-30 15:14:29,297 - INFO  - [NUDE][TRAIN] Epoch 54/100 Iter 380/390 Loss 0.0479 Top1 98.33 Top5 100.00
2025-12-30 15:14:32,272 - INFO  - [NUDE] Validate: force max bit-width W/A = 6
2025-12-30 15:14:34,536 - INFO  - [NUDE][EPOCH] 54/100 Train: Top1=98.33 Top5=100.00 Loss=0.0478 | Val(EMA): Top1=93.02
2025-12-30 15:14:34,537 - INFO  -   ⏱️  本Epoch耗时: 1分58秒 | 平均Epoch耗时: 1分58秒 | 剩余Epoch数: 45
2025-12-30 15:14:34,537 - INFO  -   📅 预估剩余时间: 1小时28分50秒 | 预估完成时间: 2025-12-30 16:43:25
2025-12-30 15:14:35,238 - INFO  - ([55] Epoch) Saving checkpoint to:
             Current: /root/autodl-tmp/retraining-free-quantization/training/r18_c10_nude_0.02_all_bits_orth/r18_c10_nude_0.02_all_bits_orth_checkpoint.pth.tar

2025-12-30 15:14:35,241 - INFO  - 🎲 Epoch 55: FaultInjector seed rotated to 97
2025-12-30 15:14:35,249 - INFO  - [NUDE] Epoch 55: force max bit-width W/A = 6
2025-12-30 15:14:35,249 - INFO  - ================================================================================
2025-12-30 15:14:35,249 - INFO  - 🔥 [NUDE] BFAT ACTIVE
2025-12-30 15:14:35,249 - INFO  -    Loss Type: direct_ce
2025-12-30 15:14:35,249 - INFO  -    Proj Mode: orthogonal
2025-12-30 15:14:35,249 - INFO  -    Injection: All Bits
2025-12-30 15:14:35,249 - INFO  - ================================================================================
2025-12-30 15:14:41,353 - INFO  - [NUDE][TRAIN] Epoch 55/100 Iter 20/390 Loss 0.0291 Top1 99.06 Top5 100.00
2025-12-30 15:14:47,263 - INFO  - [NUDE][TRAIN] Epoch 55/100 Iter 40/390 Loss 0.0332 Top1 98.83 Top5 100.00
2025-12-30 15:14:53,084 - INFO  - [NUDE][TRAIN] Epoch 55/100 Iter 60/390 Loss 0.0346 Top1 98.80 Top5 100.00
2025-12-30 15:14:59,000 - INFO  - [NUDE][TRAIN] Epoch 55/100 Iter 80/390 Loss 0.0372 Top1 98.76 Top5 100.00
2025-12-30 15:15:05,008 - INFO  - [NUDE][TRAIN] Epoch 55/100 Iter 100/390 Loss 0.0402 Top1 98.73 Top5 100.00
2025-12-30 15:15:10,923 - INFO  - [NUDE][TRAIN] Epoch 55/100 Iter 120/390 Loss 0.0404 Top1 98.72 Top5 100.00
2025-12-30 15:15:16,904 - INFO  - [NUDE][TRAIN] Epoch 55/100 Iter 140/390 Loss 0.0410 Top1 98.66 Top5 100.00
2025-12-30 15:15:22,774 - INFO  - [NUDE][TRAIN] Epoch 55/100 Iter 160/390 Loss 0.0411 Top1 98.70 Top5 100.00
2025-12-30 15:15:28,774 - INFO  - [NUDE][TRAIN] Epoch 55/100 Iter 180/390 Loss 0.0407 Top1 98.71 Top5 100.00
2025-12-30 15:15:34,784 - INFO  - [NUDE][TRAIN] Epoch 55/100 Iter 200/390 Loss 0.0404 Top1 98.71 Top5 100.00
2025-12-30 15:15:40,655 - INFO  - [NUDE][TRAIN] Epoch 55/100 Iter 220/390 Loss 0.0417 Top1 98.66 Top5 100.00
2025-12-30 15:15:46,639 - INFO  - [NUDE][TRAIN] Epoch 55/100 Iter 240/390 Loss 0.0426 Top1 98.60 Top5 99.99
2025-12-30 15:15:52,529 - INFO  - [NUDE][TRAIN] Epoch 55/100 Iter 260/390 Loss 0.0425 Top1 98.61 Top5 99.99
2025-12-30 15:15:58,489 - INFO  - [NUDE][TRAIN] Epoch 55/100 Iter 280/390 Loss 0.0430 Top1 98.60 Top5 99.99
2025-12-30 15:16:04,514 - INFO  - [NUDE][TRAIN] Epoch 55/100 Iter 300/390 Loss 0.0429 Top1 98.59 Top5 99.99
2025-12-30 15:16:10,386 - INFO  - [NUDE][TRAIN] Epoch 55/100 Iter 320/390 Loss 0.0433 Top1 98.56 Top5 100.00
2025-12-30 15:16:16,414 - INFO  - [NUDE][TRAIN] Epoch 55/100 Iter 340/390 Loss 0.0434 Top1 98.55 Top5 99.99
2025-12-30 15:16:22,323 - INFO  - [NUDE][TRAIN] Epoch 55/100 Iter 360/390 Loss 0.0434 Top1 98.54 Top5 99.99
2025-12-30 15:16:28,218 - INFO  - [NUDE][TRAIN] Epoch 55/100 Iter 380/390 Loss 0.0439 Top1 98.52 Top5 99.99
2025-12-30 15:16:31,154 - INFO  - [NUDE] Validate: force max bit-width W/A = 6
2025-12-30 15:16:33,434 - INFO  - [NUDE][EPOCH] 55/100 Train: Top1=98.54 Top5=99.99 Loss=0.0436 | Val(EMA): Top1=93.16
2025-12-30 15:16:33,434 - INFO  -   ⏱️  本Epoch耗时: 1分58秒 | 平均Epoch耗时: 1分58秒 | 剩余Epoch数: 44
2025-12-30 15:16:33,434 - INFO  -   📅 预估剩余时间: 1小时26分53秒 | 预估完成时间: 2025-12-30 16:43:26
2025-12-30 15:16:34,151 - INFO  - ([56] Epoch) Saving checkpoint to:
             Current: /root/autodl-tmp/retraining-free-quantization/training/r18_c10_nude_0.02_all_bits_orth/r18_c10_nude_0.02_all_bits_orth_checkpoint.pth.tar

2025-12-30 15:16:34,154 - INFO  - 🎲 Epoch 56: FaultInjector seed rotated to 98
2025-12-30 15:16:34,162 - INFO  - [NUDE] Epoch 56: force max bit-width W/A = 6
2025-12-30 15:16:34,162 - INFO  - ================================================================================
2025-12-30 15:16:34,162 - INFO  - 🔥 [NUDE] BFAT ACTIVE
2025-12-30 15:16:34,162 - INFO  -    Loss Type: direct_ce
2025-12-30 15:16:34,162 - INFO  -    Proj Mode: orthogonal
2025-12-30 15:16:34,162 - INFO  -    Injection: All Bits
2025-12-30 15:16:34,162 - INFO  - ================================================================================
2025-12-30 15:16:40,282 - INFO  - [NUDE][TRAIN] Epoch 56/100 Iter 20/390 Loss 0.0385 Top1 98.83 Top5 100.00
2025-12-30 15:16:46,303 - INFO  - [NUDE][TRAIN] Epoch 56/100 Iter 40/390 Loss 0.0336 Top1 99.02 Top5 100.00
2025-12-30 15:16:52,204 - INFO  - [NUDE][TRAIN] Epoch 56/100 Iter 60/390 Loss 0.0307 Top1 99.09 Top5 100.00
2025-12-30 15:16:58,214 - INFO  - [NUDE][TRAIN] Epoch 56/100 Iter 80/390 Loss 0.0306 Top1 99.13 Top5 100.00
2025-12-30 15:17:04,212 - INFO  - [NUDE][TRAIN] Epoch 56/100 Iter 100/390 Loss 0.0312 Top1 99.10 Top5 100.00
2025-12-30 15:17:10,100 - INFO  - [NUDE][TRAIN] Epoch 56/100 Iter 120/390 Loss 0.0325 Top1 99.02 Top5 100.00
2025-12-30 15:17:16,141 - INFO  - [NUDE][TRAIN] Epoch 56/100 Iter 140/390 Loss 0.0331 Top1 98.99 Top5 100.00
2025-12-30 15:17:22,088 - INFO  - [NUDE][TRAIN] Epoch 56/100 Iter 160/390 Loss 0.0346 Top1 98.92 Top5 100.00
2025-12-30 15:17:28,138 - INFO  - [NUDE][TRAIN] Epoch 56/100 Iter 180/390 Loss 0.0351 Top1 98.87 Top5 100.00
2025-12-30 15:17:34,124 - INFO  - [NUDE][TRAIN] Epoch 56/100 Iter 200/390 Loss 0.0364 Top1 98.82 Top5 100.00
2025-12-30 15:17:39,986 - INFO  - [NUDE][TRAIN] Epoch 56/100 Iter 220/390 Loss 0.0363 Top1 98.84 Top5 100.00
2025-12-30 15:17:45,962 - INFO  - [NUDE][TRAIN] Epoch 56/100 Iter 240/390 Loss 0.0370 Top1 98.79 Top5 100.00
2025-12-30 15:17:51,849 - INFO  - [NUDE][TRAIN] Epoch 56/100 Iter 260/390 Loss 0.0374 Top1 98.77 Top5 100.00
2025-12-30 15:17:57,802 - INFO  - [NUDE][TRAIN] Epoch 56/100 Iter 280/390 Loss 0.0378 Top1 98.77 Top5 100.00
2025-12-30 15:18:03,695 - INFO  - [NUDE][TRAIN] Epoch 56/100 Iter 300/390 Loss 0.0383 Top1 98.75 Top5 100.00
2025-12-30 15:18:09,464 - INFO  - [NUDE][TRAIN] Epoch 56/100 Iter 320/390 Loss 0.0380 Top1 98.76 Top5 100.00
2025-12-30 15:18:15,419 - INFO  - [NUDE][TRAIN] Epoch 56/100 Iter 340/390 Loss 0.0382 Top1 98.74 Top5 100.00
2025-12-30 15:18:21,319 - INFO  - [NUDE][TRAIN] Epoch 56/100 Iter 360/390 Loss 0.0389 Top1 98.72 Top5 100.00
2025-12-30 15:18:27,340 - INFO  - [NUDE][TRAIN] Epoch 56/100 Iter 380/390 Loss 0.0393 Top1 98.69 Top5 100.00
2025-12-30 15:18:30,329 - INFO  - [NUDE] Validate: force max bit-width W/A = 6
2025-12-30 15:18:32,631 - INFO  - [NUDE][EPOCH] 56/100 Train: Top1=98.68 Top5=100.00 Loss=0.0394 | Val(EMA): Top1=93.09
2025-12-30 15:18:32,631 - INFO  -   ⏱️  本Epoch耗时: 1分58秒 | 平均Epoch耗时: 1分58秒 | 剩余Epoch数: 43
2025-12-30 15:18:32,631 - INFO  -   📅 预估剩余时间: 1小时24分53秒 | 预估完成时间: 2025-12-30 16:43:26
2025-12-30 15:18:33,348 - INFO  - ([57] Epoch) Saving checkpoint to:
             Current: /root/autodl-tmp/retraining-free-quantization/training/r18_c10_nude_0.02_all_bits_orth/r18_c10_nude_0.02_all_bits_orth_checkpoint.pth.tar

2025-12-30 15:18:33,351 - INFO  - 🎲 Epoch 57: FaultInjector seed rotated to 99
2025-12-30 15:18:33,359 - INFO  - [NUDE] Epoch 57: force max bit-width W/A = 6
2025-12-30 15:18:33,359 - INFO  - ================================================================================
2025-12-30 15:18:33,359 - INFO  - 🔥 [NUDE] BFAT ACTIVE
2025-12-30 15:18:33,359 - INFO  -    Loss Type: direct_ce
2025-12-30 15:18:33,359 - INFO  -    Proj Mode: orthogonal
2025-12-30 15:18:33,359 - INFO  -    Injection: All Bits
2025-12-30 15:18:33,359 - INFO  - ================================================================================
2025-12-30 15:18:39,466 - INFO  - [NUDE][TRAIN] Epoch 57/100 Iter 20/390 Loss 0.0399 Top1 98.44 Top5 100.00
2025-12-30 15:18:45,525 - INFO  - [NUDE][TRAIN] Epoch 57/100 Iter 40/390 Loss 0.0368 Top1 98.73 Top5 100.00
2025-12-30 15:18:51,383 - INFO  - [NUDE][TRAIN] Epoch 57/100 Iter 60/390 Loss 0.0367 Top1 98.72 Top5 100.00
2025-12-30 15:18:57,389 - INFO  - [NUDE][TRAIN] Epoch 57/100 Iter 80/390 Loss 0.0380 Top1 98.67 Top5 100.00
2025-12-30 15:19:03,402 - INFO  - [NUDE][TRAIN] Epoch 57/100 Iter 100/390 Loss 0.0369 Top1 98.70 Top5 100.00
2025-12-30 15:19:09,300 - INFO  - [NUDE][TRAIN] Epoch 57/100 Iter 120/390 Loss 0.0381 Top1 98.67 Top5 99.99
2025-12-30 15:19:15,297 - INFO  - [NUDE][TRAIN] Epoch 57/100 Iter 140/390 Loss 0.0367 Top1 98.72 Top5 99.99
2025-12-30 15:19:21,181 - INFO  - [NUDE][TRAIN] Epoch 57/100 Iter 160/390 Loss 0.0360 Top1 98.74 Top5 99.99
2025-12-30 15:19:27,229 - INFO  - [NUDE][TRAIN] Epoch 57/100 Iter 180/390 Loss 0.0360 Top1 98.76 Top5 99.99
2025-12-30 15:19:33,233 - INFO  - [NUDE][TRAIN] Epoch 57/100 Iter 200/390 Loss 0.0356 Top1 98.78 Top5 99.99
2025-12-30 15:19:39,125 - INFO  - [NUDE][TRAIN] Epoch 57/100 Iter 220/390 Loss 0.0356 Top1 98.80 Top5 99.99
2025-12-30 15:19:45,049 - INFO  - [NUDE][TRAIN] Epoch 57/100 Iter 240/390 Loss 0.0353 Top1 98.80 Top5 99.99
2025-12-30 15:19:50,870 - INFO  - [NUDE][TRAIN] Epoch 57/100 Iter 260/390 Loss 0.0357 Top1 98.78 Top5 99.99
2025-12-30 15:19:56,904 - INFO  - [NUDE][TRAIN] Epoch 57/100 Iter 280/390 Loss 0.0359 Top1 98.76 Top5 99.99
2025-12-30 15:20:02,895 - INFO  - [NUDE][TRAIN] Epoch 57/100 Iter 300/390 Loss 0.0364 Top1 98.76 Top5 99.99
2025-12-30 15:20:08,804 - INFO  - [NUDE][TRAIN] Epoch 57/100 Iter 320/390 Loss 0.0365 Top1 98.75 Top5 100.00
2025-12-30 15:20:14,815 - INFO  - [NUDE][TRAIN] Epoch 57/100 Iter 340/390 Loss 0.0366 Top1 98.75 Top5 100.00
2025-12-30 15:20:20,689 - INFO  - [NUDE][TRAIN] Epoch 57/100 Iter 360/390 Loss 0.0365 Top1 98.76 Top5 100.00
2025-12-30 15:20:26,709 - INFO  - [NUDE][TRAIN] Epoch 57/100 Iter 380/390 Loss 0.0366 Top1 98.74 Top5 100.00
2025-12-30 15:20:29,680 - INFO  - [NUDE] Validate: force max bit-width W/A = 6
2025-12-30 15:20:32,000 - INFO  - [NUDE][EPOCH] 57/100 Train: Top1=98.74 Top5=100.00 Loss=0.0368 | Val(EMA): Top1=93.22
2025-12-30 15:20:32,000 - INFO  -   ⏱️  本Epoch耗时: 1分58秒 | 平均Epoch耗时: 1分58秒 | 剩余Epoch数: 42
2025-12-30 15:20:32,000 - INFO  -   📅 预估剩余时间: 1小时22分56秒 | 预估完成时间: 2025-12-30 16:43:28
2025-12-30 15:20:32,740 - INFO  - ([58] Epoch) Saving checkpoint to:
             Current: /root/autodl-tmp/retraining-free-quantization/training/r18_c10_nude_0.02_all_bits_orth/r18_c10_nude_0.02_all_bits_orth_checkpoint.pth.tar

2025-12-30 15:20:32,743 - INFO  - 🎲 Epoch 58: FaultInjector seed rotated to 100
2025-12-30 15:20:32,751 - INFO  - [NUDE] Epoch 58: force max bit-width W/A = 6
2025-12-30 15:20:32,751 - INFO  - ================================================================================
2025-12-30 15:20:32,751 - INFO  - 🔥 [NUDE] BFAT ACTIVE
2025-12-30 15:20:32,751 - INFO  -    Loss Type: direct_ce
2025-12-30 15:20:32,751 - INFO  -    Proj Mode: orthogonal
2025-12-30 15:20:32,752 - INFO  -    Injection: All Bits
2025-12-30 15:20:32,752 - INFO  - ================================================================================
2025-12-30 15:20:38,878 - INFO  - [NUDE][TRAIN] Epoch 58/100 Iter 20/390 Loss 0.0395 Top1 98.67 Top5 100.00
2025-12-30 15:20:44,880 - INFO  - [NUDE][TRAIN] Epoch 58/100 Iter 40/390 Loss 0.0367 Top1 98.71 Top5 100.00
2025-12-30 15:20:50,740 - INFO  - [NUDE][TRAIN] Epoch 58/100 Iter 60/390 Loss 0.0338 Top1 98.82 Top5 100.00
2025-12-30 15:20:56,703 - INFO  - [NUDE][TRAIN] Epoch 58/100 Iter 80/390 Loss 0.0317 Top1 98.88 Top5 100.00
2025-12-30 15:21:02,703 - INFO  - [NUDE][TRAIN] Epoch 58/100 Iter 100/390 Loss 0.0332 Top1 98.84 Top5 99.99
2025-12-30 15:21:08,587 - INFO  - [NUDE][TRAIN] Epoch 58/100 Iter 120/390 Loss 0.0342 Top1 98.82 Top5 99.99
2025-12-30 15:21:14,561 - INFO  - [NUDE][TRAIN] Epoch 58/100 Iter 140/390 Loss 0.0345 Top1 98.81 Top5 99.99
2025-12-30 15:21:20,350 - INFO  - [NUDE][TRAIN] Epoch 58/100 Iter 160/390 Loss 0.0340 Top1 98.84 Top5 99.99
2025-12-30 15:21:26,217 - INFO  - [NUDE][TRAIN] Epoch 58/100 Iter 180/390 Loss 0.0340 Top1 98.85 Top5 99.99
2025-12-30 15:21:32,169 - INFO  - [NUDE][TRAIN] Epoch 58/100 Iter 200/390 Loss 0.0335 Top1 98.85 Top5 99.99
2025-12-30 15:21:38,046 - INFO  - [NUDE][TRAIN] Epoch 58/100 Iter 220/390 Loss 0.0336 Top1 98.83 Top5 99.99
2025-12-30 15:21:44,077 - INFO  - [NUDE][TRAIN] Epoch 58/100 Iter 240/390 Loss 0.0335 Top1 98.85 Top5 99.99
2025-12-30 15:21:49,975 - INFO  - [NUDE][TRAIN] Epoch 58/100 Iter 260/390 Loss 0.0331 Top1 98.88 Top5 99.99
2025-12-30 15:21:55,972 - INFO  - [NUDE][TRAIN] Epoch 58/100 Iter 280/390 Loss 0.0336 Top1 98.87 Top5 99.99
2025-12-30 15:22:01,997 - INFO  - [NUDE][TRAIN] Epoch 58/100 Iter 300/390 Loss 0.0335 Top1 98.87 Top5 99.99
2025-12-30 15:22:07,889 - INFO  - [NUDE][TRAIN] Epoch 58/100 Iter 320/390 Loss 0.0337 Top1 98.87 Top5 100.00
2025-12-30 15:22:13,886 - INFO  - [NUDE][TRAIN] Epoch 58/100 Iter 340/390 Loss 0.0337 Top1 98.86 Top5 99.99
2025-12-30 15:22:19,765 - INFO  - [NUDE][TRAIN] Epoch 58/100 Iter 360/390 Loss 0.0339 Top1 98.86 Top5 99.99
2025-12-30 15:22:25,772 - INFO  - [NUDE][TRAIN] Epoch 58/100 Iter 380/390 Loss 0.0344 Top1 98.84 Top5 99.99
2025-12-30 15:22:28,788 - INFO  - [NUDE] Validate: force max bit-width W/A = 6
2025-12-30 15:22:31,086 - INFO  - [NUDE][EPOCH] 58/100 Train: Top1=98.83 Top5=99.99 Loss=0.0344 | Val(EMA): Top1=93.26
2025-12-30 15:22:31,086 - INFO  -   ⏱️  本Epoch耗时: 1分58秒 | 平均Epoch耗时: 1分58秒 | 剩余Epoch数: 41
2025-12-30 15:22:31,086 - INFO  -   📅 预估剩余时间: 1小时20分56秒 | 预估完成时间: 2025-12-30 16:43:27
2025-12-30 15:22:31,813 - INFO  - ([59] Epoch) Saving checkpoint to:
             Current: /root/autodl-tmp/retraining-free-quantization/training/r18_c10_nude_0.02_all_bits_orth/r18_c10_nude_0.02_all_bits_orth_checkpoint.pth.tar

2025-12-30 15:22:31,816 - INFO  - 🎲 Epoch 59: FaultInjector seed rotated to 101
2025-12-30 15:22:31,824 - INFO  - [NUDE] Epoch 59: force max bit-width W/A = 6
2025-12-30 15:22:31,824 - INFO  - ================================================================================
2025-12-30 15:22:31,824 - INFO  - 🔥 [NUDE] BFAT ACTIVE
2025-12-30 15:22:31,824 - INFO  -    Loss Type: direct_ce
2025-12-30 15:22:31,824 - INFO  -    Proj Mode: orthogonal
2025-12-30 15:22:31,824 - INFO  -    Injection: All Bits
2025-12-30 15:22:31,824 - INFO  - ================================================================================
2025-12-30 15:22:37,979 - INFO  - [NUDE][TRAIN] Epoch 59/100 Iter 20/390 Loss 0.0317 Top1 98.98 Top5 100.00
2025-12-30 15:22:44,032 - INFO  - [NUDE][TRAIN] Epoch 59/100 Iter 40/390 Loss 0.0296 Top1 99.02 Top5 100.00
2025-12-30 15:22:49,888 - INFO  - [NUDE][TRAIN] Epoch 59/100 Iter 60/390 Loss 0.0323 Top1 98.85 Top5 100.00
2025-12-30 15:22:55,861 - INFO  - [NUDE][TRAIN] Epoch 59/100 Iter 80/390 Loss 0.0307 Top1 98.91 Top5 100.00
2025-12-30 15:23:01,768 - INFO  - [NUDE][TRAIN] Epoch 59/100 Iter 100/390 Loss 0.0300 Top1 98.95 Top5 100.00
2025-12-30 15:23:07,570 - INFO  - [NUDE][TRAIN] Epoch 59/100 Iter 120/390 Loss 0.0302 Top1 98.94 Top5 100.00
2025-12-30 15:23:13,549 - INFO  - [NUDE][TRAIN] Epoch 59/100 Iter 140/390 Loss 0.0302 Top1 98.95 Top5 100.00
2025-12-30 15:23:19,485 - INFO  - [NUDE][TRAIN] Epoch 59/100 Iter 160/390 Loss 0.0303 Top1 98.96 Top5 100.00
2025-12-30 15:23:25,508 - INFO  - [NUDE][TRAIN] Epoch 59/100 Iter 180/390 Loss 0.0297 Top1 99.00 Top5 100.00
2025-12-30 15:23:31,518 - INFO  - [NUDE][TRAIN] Epoch 59/100 Iter 200/390 Loss 0.0297 Top1 99.00 Top5 100.00
2025-12-30 15:23:37,436 - INFO  - [NUDE][TRAIN] Epoch 59/100 Iter 220/390 Loss 0.0295 Top1 99.03 Top5 100.00
2025-12-30 15:23:43,406 - INFO  - [NUDE][TRAIN] Epoch 59/100 Iter 240/390 Loss 0.0301 Top1 99.01 Top5 100.00
2025-12-30 15:23:49,278 - INFO  - [NUDE][TRAIN] Epoch 59/100 Iter 260/390 Loss 0.0297 Top1 99.04 Top5 100.00
2025-12-30 15:23:55,290 - INFO  - [NUDE][TRAIN] Epoch 59/100 Iter 280/390 Loss 0.0294 Top1 99.04 Top5 100.00
2025-12-30 15:24:01,275 - INFO  - [NUDE][TRAIN] Epoch 59/100 Iter 300/390 Loss 0.0299 Top1 99.02 Top5 100.00
2025-12-30 15:24:07,155 - INFO  - [NUDE][TRAIN] Epoch 59/100 Iter 320/390 Loss 0.0302 Top1 99.01 Top5 100.00
2025-12-30 15:24:13,103 - INFO  - [NUDE][TRAIN] Epoch 59/100 Iter 340/390 Loss 0.0305 Top1 98.99 Top5 100.00
2025-12-30 15:24:18,969 - INFO  - [NUDE][TRAIN] Epoch 59/100 Iter 360/390 Loss 0.0303 Top1 99.00 Top5 100.00
2025-12-30 15:24:24,926 - INFO  - [NUDE][TRAIN] Epoch 59/100 Iter 380/390 Loss 0.0305 Top1 99.00 Top5 100.00
2025-12-30 15:24:27,923 - INFO  - [NUDE] Validate: force max bit-width W/A = 6
2025-12-30 15:24:30,208 - INFO  - [NUDE][EPOCH] 59/100 Train: Top1=98.98 Top5=100.00 Loss=0.0308 | Val(EMA): Top1=93.29
2025-12-30 15:24:30,208 - INFO  -   ⏱️  本Epoch耗时: 1分58秒 | 平均Epoch耗时: 1分58秒 | 剩余Epoch数: 40
2025-12-30 15:24:30,208 - INFO  -   📅 预估剩余时间: 1小时18分56秒 | 预估完成时间: 2025-12-30 16:43:26
2025-12-30 15:24:30,803 - INFO  - ([60] Epoch) Saving checkpoint to:
             Current: /root/autodl-tmp/retraining-free-quantization/training/r18_c10_nude_0.02_all_bits_orth/r18_c10_nude_0.02_all_bits_orth_checkpoint.pth.tar

2025-12-30 15:24:30,805 - INFO  - 🎲 Epoch 60: FaultInjector seed rotated to 102
2025-12-30 15:24:30,813 - INFO  - [NUDE] Epoch 60: force max bit-width W/A = 6
2025-12-30 15:24:30,813 - INFO  - ================================================================================
2025-12-30 15:24:30,813 - INFO  - 🔥 [NUDE] BFAT ACTIVE
2025-12-30 15:24:30,813 - INFO  -    Loss Type: direct_ce
2025-12-30 15:24:30,813 - INFO  -    Proj Mode: orthogonal
2025-12-30 15:24:30,813 - INFO  -    Injection: All Bits
2025-12-30 15:24:30,813 - INFO  - ================================================================================
2025-12-30 15:24:36,891 - INFO  - [NUDE][TRAIN] Epoch 60/100 Iter 20/390 Loss 0.0363 Top1 98.91 Top5 99.96
2025-12-30 15:24:42,903 - INFO  - [NUDE][TRAIN] Epoch 60/100 Iter 40/390 Loss 0.0335 Top1 98.89 Top5 99.98
2025-12-30 15:24:48,762 - INFO  - [NUDE][TRAIN] Epoch 60/100 Iter 60/390 Loss 0.0333 Top1 98.92 Top5 99.99
2025-12-30 15:24:54,781 - INFO  - [NUDE][TRAIN] Epoch 60/100 Iter 80/390 Loss 0.0309 Top1 98.96 Top5 99.99
2025-12-30 15:25:00,794 - INFO  - [NUDE][TRAIN] Epoch 60/100 Iter 100/390 Loss 0.0321 Top1 98.94 Top5 99.99
2025-12-30 15:25:06,714 - INFO  - [NUDE][TRAIN] Epoch 60/100 Iter 120/390 Loss 0.0314 Top1 98.98 Top5 99.99
2025-12-30 15:25:12,695 - INFO  - [NUDE][TRAIN] Epoch 60/100 Iter 140/390 Loss 0.0317 Top1 98.96 Top5 99.99
2025-12-30 15:25:18,566 - INFO  - [NUDE][TRAIN] Epoch 60/100 Iter 160/390 Loss 0.0316 Top1 98.98 Top5 100.00
2025-12-30 15:25:24,517 - INFO  - [NUDE][TRAIN] Epoch 60/100 Iter 180/390 Loss 0.0309 Top1 99.02 Top5 100.00
2025-12-30 15:25:30,533 - INFO  - [NUDE][TRAIN] Epoch 60/100 Iter 200/390 Loss 0.0317 Top1 98.98 Top5 100.00
2025-12-30 15:25:36,402 - INFO  - [NUDE][TRAIN] Epoch 60/100 Iter 220/390 Loss 0.0309 Top1 99.01 Top5 99.99
2025-12-30 15:25:42,383 - INFO  - [NUDE][TRAIN] Epoch 60/100 Iter 240/390 Loss 0.0305 Top1 99.00 Top5 99.99
2025-12-30 15:25:48,267 - INFO  - [NUDE][TRAIN] Epoch 60/100 Iter 260/390 Loss 0.0306 Top1 98.98 Top5 99.99
2025-12-30 15:25:54,238 - INFO  - [NUDE][TRAIN] Epoch 60/100 Iter 280/390 Loss 0.0299 Top1 99.01 Top5 99.99
2025-12-30 15:26:00,254 - INFO  - [NUDE][TRAIN] Epoch 60/100 Iter 300/390 Loss 0.0297 Top1 99.00 Top5 99.99
2025-12-30 15:26:06,192 - INFO  - [NUDE][TRAIN] Epoch 60/100 Iter 320/390 Loss 0.0295 Top1 99.00 Top5 100.00
2025-12-30 15:26:12,183 - INFO  - [NUDE][TRAIN] Epoch 60/100 Iter 340/390 Loss 0.0294 Top1 99.01 Top5 100.00
2025-12-30 15:26:17,926 - INFO  - [NUDE][TRAIN] Epoch 60/100 Iter 360/390 Loss 0.0294 Top1 99.02 Top5 100.00
2025-12-30 15:26:23,799 - INFO  - [NUDE][TRAIN] Epoch 60/100 Iter 380/390 Loss 0.0294 Top1 99.03 Top5 100.00
2025-12-30 15:26:26,736 - INFO  - [NUDE] Validate: force max bit-width W/A = 6
2025-12-30 15:26:29,045 - INFO  - [NUDE][EPOCH] 60/100 Train: Top1=99.02 Top5=100.00 Loss=0.0296 | Val(EMA): Top1=93.34
2025-12-30 15:26:29,045 - INFO  -   ⏱️  本Epoch耗时: 1分58秒 | 平均Epoch耗时: 1分58秒 | 剩余Epoch数: 39
2025-12-30 15:26:29,046 - INFO  -   📅 预估剩余时间: 1小时16分58秒 | 预估完成时间: 2025-12-30 16:43:27
2025-12-30 15:26:29,725 - INFO  - ([61] Epoch) Saving checkpoint to:
             Current: /root/autodl-tmp/retraining-free-quantization/training/r18_c10_nude_0.02_all_bits_orth/r18_c10_nude_0.02_all_bits_orth_checkpoint.pth.tar

2025-12-30 15:26:29,728 - INFO  - 🎲 Epoch 61: FaultInjector seed rotated to 103
2025-12-30 15:26:29,736 - INFO  - [NUDE] Epoch 61: force max bit-width W/A = 6
2025-12-30 15:26:29,736 - INFO  - ================================================================================
2025-12-30 15:26:29,736 - INFO  - 🔥 [NUDE] BFAT ACTIVE
2025-12-30 15:26:29,736 - INFO  -    Loss Type: direct_ce
2025-12-30 15:26:29,736 - INFO  -    Proj Mode: orthogonal
2025-12-30 15:26:29,736 - INFO  -    Injection: All Bits
2025-12-30 15:26:29,736 - INFO  - ================================================================================
2025-12-30 15:26:35,882 - INFO  - [NUDE][TRAIN] Epoch 61/100 Iter 20/390 Loss 0.0218 Top1 99.22 Top5 100.00
2025-12-30 15:26:41,918 - INFO  - [NUDE][TRAIN] Epoch 61/100 Iter 40/390 Loss 0.0227 Top1 99.24 Top5 100.00
2025-12-30 15:26:47,820 - INFO  - [NUDE][TRAIN] Epoch 61/100 Iter 60/390 Loss 0.0218 Top1 99.32 Top5 100.00
2025-12-30 15:26:53,830 - INFO  - [NUDE][TRAIN] Epoch 61/100 Iter 80/390 Loss 0.0219 Top1 99.32 Top5 100.00
2025-12-30 15:26:59,837 - INFO  - [NUDE][TRAIN] Epoch 61/100 Iter 100/390 Loss 0.0221 Top1 99.28 Top5 100.00
2025-12-30 15:27:05,703 - INFO  - [NUDE][TRAIN] Epoch 61/100 Iter 120/390 Loss 0.0220 Top1 99.28 Top5 100.00
2025-12-30 15:27:11,688 - INFO  - [NUDE][TRAIN] Epoch 61/100 Iter 140/390 Loss 0.0225 Top1 99.23 Top5 100.00
2025-12-30 15:27:17,574 - INFO  - [NUDE][TRAIN] Epoch 61/100 Iter 160/390 Loss 0.0222 Top1 99.25 Top5 100.00
2025-12-30 15:27:23,564 - INFO  - [NUDE][TRAIN] Epoch 61/100 Iter 180/390 Loss 0.0220 Top1 99.25 Top5 100.00
2025-12-30 15:27:29,556 - INFO  - [NUDE][TRAIN] Epoch 61/100 Iter 200/390 Loss 0.0217 Top1 99.25 Top5 100.00
2025-12-30 15:27:35,471 - INFO  - [NUDE][TRAIN] Epoch 61/100 Iter 220/390 Loss 0.0224 Top1 99.20 Top5 100.00
2025-12-30 15:27:41,451 - INFO  - [NUDE][TRAIN] Epoch 61/100 Iter 240/390 Loss 0.0229 Top1 99.20 Top5 100.00
2025-12-30 15:27:47,370 - INFO  - [NUDE][TRAIN] Epoch 61/100 Iter 260/390 Loss 0.0237 Top1 99.16 Top5 100.00
2025-12-30 15:27:53,280 - INFO  - [NUDE][TRAIN] Epoch 61/100 Iter 280/390 Loss 0.0245 Top1 99.15 Top5 100.00
2025-12-30 15:27:59,220 - INFO  - [NUDE][TRAIN] Epoch 61/100 Iter 300/390 Loss 0.0251 Top1 99.11 Top5 100.00
2025-12-30 15:28:05,068 - INFO  - [NUDE][TRAIN] Epoch 61/100 Iter 320/390 Loss 0.0251 Top1 99.12 Top5 100.00
2025-12-30 15:28:11,049 - INFO  - [NUDE][TRAIN] Epoch 61/100 Iter 340/390 Loss 0.0254 Top1 99.11 Top5 100.00
2025-12-30 15:28:16,916 - INFO  - [NUDE][TRAIN] Epoch 61/100 Iter 360/390 Loss 0.0253 Top1 99.10 Top5 100.00
2025-12-30 15:28:22,921 - INFO  - [NUDE][TRAIN] Epoch 61/100 Iter 380/390 Loss 0.0255 Top1 99.10 Top5 100.00
2025-12-30 15:28:25,921 - INFO  - [NUDE] Validate: force max bit-width W/A = 6
2025-12-30 15:28:28,200 - INFO  - [NUDE][EPOCH] 61/100 Train: Top1=99.10 Top5=100.00 Loss=0.0256 | Val(EMA): Top1=93.32
2025-12-30 15:28:28,201 - INFO  -   ⏱️  本Epoch耗时: 1分58秒 | 平均Epoch耗时: 1分58秒 | 剩余Epoch数: 38
2025-12-30 15:28:28,201 - INFO  -   📅 预估剩余时间: 1小时14分59秒 | 预估完成时间: 2025-12-30 16:43:28
2025-12-30 15:28:28,936 - INFO  - ([62] Epoch) Saving checkpoint to:
             Current: /root/autodl-tmp/retraining-free-quantization/training/r18_c10_nude_0.02_all_bits_orth/r18_c10_nude_0.02_all_bits_orth_checkpoint.pth.tar

2025-12-30 15:28:28,939 - INFO  - 🎲 Epoch 62: FaultInjector seed rotated to 104
2025-12-30 15:28:28,947 - INFO  - [NUDE] Epoch 62: force max bit-width W/A = 6
2025-12-30 15:28:28,947 - INFO  - ================================================================================
2025-12-30 15:28:28,947 - INFO  - 🔥 [NUDE] BFAT ACTIVE
2025-12-30 15:28:28,947 - INFO  -    Loss Type: direct_ce
2025-12-30 15:28:28,947 - INFO  -    Proj Mode: orthogonal
2025-12-30 15:28:28,947 - INFO  -    Injection: All Bits
2025-12-30 15:28:28,947 - INFO  - ================================================================================
2025-12-30 15:28:35,074 - INFO  - [NUDE][TRAIN] Epoch 62/100 Iter 20/390 Loss 0.0226 Top1 99.14 Top5 100.00
2025-12-30 15:28:41,115 - INFO  - [NUDE][TRAIN] Epoch 62/100 Iter 40/390 Loss 0.0231 Top1 99.14 Top5 100.00
2025-12-30 15:28:47,050 - INFO  - [NUDE][TRAIN] Epoch 62/100 Iter 60/390 Loss 0.0248 Top1 99.14 Top5 100.00
2025-12-30 15:28:53,019 - INFO  - [NUDE][TRAIN] Epoch 62/100 Iter 80/390 Loss 0.0257 Top1 99.13 Top5 100.00
2025-12-30 15:28:59,019 - INFO  - [NUDE][TRAIN] Epoch 62/100 Iter 100/390 Loss 0.0245 Top1 99.16 Top5 100.00
2025-12-30 15:29:04,908 - INFO  - [NUDE][TRAIN] Epoch 62/100 Iter 120/390 Loss 0.0249 Top1 99.16 Top5 100.00
2025-12-30 15:29:10,916 - INFO  - [NUDE][TRAIN] Epoch 62/100 Iter 140/390 Loss 0.0253 Top1 99.15 Top5 100.00
2025-12-30 15:29:16,823 - INFO  - [NUDE][TRAIN] Epoch 62/100 Iter 160/390 Loss 0.0248 Top1 99.18 Top5 100.00
2025-12-30 15:29:22,857 - INFO  - [NUDE][TRAIN] Epoch 62/100 Iter 180/390 Loss 0.0246 Top1 99.18 Top5 100.00
2025-12-30 15:29:28,877 - INFO  - [NUDE][TRAIN] Epoch 62/100 Iter 200/390 Loss 0.0240 Top1 99.20 Top5 100.00
2025-12-30 15:29:34,664 - INFO  - [NUDE][TRAIN] Epoch 62/100 Iter 220/390 Loss 0.0239 Top1 99.20 Top5 100.00
2025-12-30 15:29:40,556 - INFO  - [NUDE][TRAIN] Epoch 62/100 Iter 240/390 Loss 0.0235 Top1 99.21 Top5 100.00
2025-12-30 15:29:46,415 - INFO  - [NUDE][TRAIN] Epoch 62/100 Iter 260/390 Loss 0.0232 Top1 99.22 Top5 100.00
2025-12-30 15:29:52,409 - INFO  - [NUDE][TRAIN] Epoch 62/100 Iter 280/390 Loss 0.0232 Top1 99.23 Top5 100.00
2025-12-30 15:29:58,436 - INFO  - [NUDE][TRAIN] Epoch 62/100 Iter 300/390 Loss 0.0235 Top1 99.22 Top5 100.00
2025-12-30 15:30:04,333 - INFO  - [NUDE][TRAIN] Epoch 62/100 Iter 320/390 Loss 0.0235 Top1 99.23 Top5 100.00
2025-12-30 15:30:10,328 - INFO  - [NUDE][TRAIN] Epoch 62/100 Iter 340/390 Loss 0.0235 Top1 99.24 Top5 100.00
2025-12-30 15:30:16,223 - INFO  - [NUDE][TRAIN] Epoch 62/100 Iter 360/390 Loss 0.0238 Top1 99.22 Top5 100.00
2025-12-30 15:30:22,206 - INFO  - [NUDE][TRAIN] Epoch 62/100 Iter 380/390 Loss 0.0240 Top1 99.21 Top5 100.00
2025-12-30 15:30:25,201 - INFO  - [NUDE] Validate: force max bit-width W/A = 6
2025-12-30 15:30:27,497 - INFO  - [NUDE][EPOCH] 62/100 Train: Top1=99.21 Top5=100.00 Loss=0.0241 | Val(EMA): Top1=93.19
2025-12-30 15:30:27,497 - INFO  -   ⏱️  本Epoch耗时: 1分58秒 | 平均Epoch耗时: 1分58秒 | 剩余Epoch数: 37
2025-12-30 15:30:27,497 - INFO  -   📅 预估剩余时间: 1小时13分0秒 | 预估完成时间: 2025-12-30 16:43:28
2025-12-30 15:30:28,188 - INFO  - ([63] Epoch) Saving checkpoint to:
             Current: /root/autodl-tmp/retraining-free-quantization/training/r18_c10_nude_0.02_all_bits_orth/r18_c10_nude_0.02_all_bits_orth_checkpoint.pth.tar

2025-12-30 15:30:28,191 - INFO  - 🎲 Epoch 63: FaultInjector seed rotated to 105
2025-12-30 15:30:28,199 - INFO  - [NUDE] Epoch 63: force max bit-width W/A = 6
2025-12-30 15:30:28,199 - INFO  - ================================================================================
2025-12-30 15:30:28,199 - INFO  - 🔥 [NUDE] BFAT ACTIVE
2025-12-30 15:30:28,199 - INFO  -    Loss Type: direct_ce
2025-12-30 15:30:28,199 - INFO  -    Proj Mode: orthogonal
2025-12-30 15:30:28,199 - INFO  -    Injection: All Bits
2025-12-30 15:30:28,199 - INFO  - ================================================================================
2025-12-30 15:30:34,352 - INFO  - [NUDE][TRAIN] Epoch 63/100 Iter 20/390 Loss 0.0264 Top1 99.10 Top5 100.00
2025-12-30 15:30:40,418 - INFO  - [NUDE][TRAIN] Epoch 63/100 Iter 40/390 Loss 0.0217 Top1 99.32 Top5 100.00
2025-12-30 15:30:46,347 - INFO  - [NUDE][TRAIN] Epoch 63/100 Iter 60/390 Loss 0.0211 Top1 99.34 Top5 100.00
2025-12-30 15:30:52,344 - INFO  - [NUDE][TRAIN] Epoch 63/100 Iter 80/390 Loss 0.0198 Top1 99.39 Top5 100.00
2025-12-30 15:30:58,375 - INFO  - [NUDE][TRAIN] Epoch 63/100 Iter 100/390 Loss 0.0185 Top1 99.43 Top5 100.00
2025-12-30 15:31:04,279 - INFO  - [NUDE][TRAIN] Epoch 63/100 Iter 120/390 Loss 0.0178 Top1 99.47 Top5 100.00
2025-12-30 15:31:10,211 - INFO  - [NUDE][TRAIN] Epoch 63/100 Iter 140/390 Loss 0.0180 Top1 99.46 Top5 100.00
2025-12-30 15:31:16,043 - INFO  - [NUDE][TRAIN] Epoch 63/100 Iter 160/390 Loss 0.0185 Top1 99.44 Top5 100.00
2025-12-30 15:31:21,939 - INFO  - [NUDE][TRAIN] Epoch 63/100 Iter 180/390 Loss 0.0184 Top1 99.43 Top5 100.00
2025-12-30 15:31:27,925 - INFO  - [NUDE][TRAIN] Epoch 63/100 Iter 200/390 Loss 0.0183 Top1 99.43 Top5 100.00
2025-12-30 15:31:33,832 - INFO  - [NUDE][TRAIN] Epoch 63/100 Iter 220/390 Loss 0.0191 Top1 99.40 Top5 100.00
2025-12-30 15:31:39,835 - INFO  - [NUDE][TRAIN] Epoch 63/100 Iter 240/390 Loss 0.0191 Top1 99.39 Top5 100.00
2025-12-30 15:31:45,736 - INFO  - [NUDE][TRAIN] Epoch 63/100 Iter 260/390 Loss 0.0199 Top1 99.36 Top5 100.00
2025-12-30 15:31:51,763 - INFO  - [NUDE][TRAIN] Epoch 63/100 Iter 280/390 Loss 0.0200 Top1 99.36 Top5 100.00
2025-12-30 15:31:57,761 - INFO  - [NUDE][TRAIN] Epoch 63/100 Iter 300/390 Loss 0.0200 Top1 99.34 Top5 100.00
2025-12-30 15:32:03,650 - INFO  - [NUDE][TRAIN] Epoch 63/100 Iter 320/390 Loss 0.0203 Top1 99.34 Top5 100.00
2025-12-30 15:32:09,618 - INFO  - [NUDE][TRAIN] Epoch 63/100 Iter 340/390 Loss 0.0205 Top1 99.33 Top5 100.00
2025-12-30 15:32:15,514 - INFO  - [NUDE][TRAIN] Epoch 63/100 Iter 360/390 Loss 0.0209 Top1 99.31 Top5 100.00
2025-12-30 15:32:21,508 - INFO  - [NUDE][TRAIN] Epoch 63/100 Iter 380/390 Loss 0.0212 Top1 99.30 Top5 100.00
2025-12-30 15:32:24,484 - INFO  - [NUDE] Validate: force max bit-width W/A = 6
2025-12-30 15:32:26,762 - INFO  - [NUDE][EPOCH] 63/100 Train: Top1=99.29 Top5=100.00 Loss=0.0214 | Val(EMA): Top1=93.23
2025-12-30 15:32:26,762 - INFO  -   ⏱️  本Epoch耗时: 1分58秒 | 平均Epoch耗时: 1分58秒 | 剩余Epoch数: 36
2025-12-30 15:32:26,763 - INFO  -   📅 预估剩余时间: 1小时11分4秒 | 预估完成时间: 2025-12-30 16:43:30
2025-12-30 15:32:27,451 - INFO  - ([64] Epoch) Saving checkpoint to:
             Current: /root/autodl-tmp/retraining-free-quantization/training/r18_c10_nude_0.02_all_bits_orth/r18_c10_nude_0.02_all_bits_orth_checkpoint.pth.tar

2025-12-30 15:32:27,454 - INFO  - 🎲 Epoch 64: FaultInjector seed rotated to 106
2025-12-30 15:32:27,462 - INFO  - [NUDE] Epoch 64: force max bit-width W/A = 6
2025-12-30 15:32:27,462 - INFO  - ================================================================================
2025-12-30 15:32:27,462 - INFO  - 🔥 [NUDE] BFAT ACTIVE
2025-12-30 15:32:27,462 - INFO  -    Loss Type: direct_ce
2025-12-30 15:32:27,462 - INFO  -    Proj Mode: orthogonal
2025-12-30 15:32:27,462 - INFO  -    Injection: All Bits
2025-12-30 15:32:27,462 - INFO  - ================================================================================
2025-12-30 15:32:33,577 - INFO  - [NUDE][TRAIN] Epoch 64/100 Iter 20/390 Loss 0.0171 Top1 99.41 Top5 100.00
2025-12-30 15:32:39,601 - INFO  - [NUDE][TRAIN] Epoch 64/100 Iter 40/390 Loss 0.0180 Top1 99.36 Top5 100.00
2025-12-30 15:32:45,494 - INFO  - [NUDE][TRAIN] Epoch 64/100 Iter 60/390 Loss 0.0180 Top1 99.40 Top5 100.00
2025-12-30 15:32:51,385 - INFO  - [NUDE][TRAIN] Epoch 64/100 Iter 80/390 Loss 0.0180 Top1 99.42 Top5 100.00
2025-12-30 15:32:57,266 - INFO  - [NUDE][TRAIN] Epoch 64/100 Iter 100/390 Loss 0.0182 Top1 99.41 Top5 100.00
2025-12-30 15:33:03,138 - INFO  - [NUDE][TRAIN] Epoch 64/100 Iter 120/390 Loss 0.0182 Top1 99.42 Top5 100.00
2025-12-30 15:33:09,146 - INFO  - [NUDE][TRAIN] Epoch 64/100 Iter 140/390 Loss 0.0179 Top1 99.44 Top5 100.00
2025-12-30 15:33:15,033 - INFO  - [NUDE][TRAIN] Epoch 64/100 Iter 160/390 Loss 0.0180 Top1 99.45 Top5 100.00
2025-12-30 15:33:21,064 - INFO  - [NUDE][TRAIN] Epoch 64/100 Iter 180/390 Loss 0.0176 Top1 99.46 Top5 100.00
2025-12-30 15:33:27,100 - INFO  - [NUDE][TRAIN] Epoch 64/100 Iter 200/390 Loss 0.0174 Top1 99.47 Top5 100.00
2025-12-30 15:33:32,966 - INFO  - [NUDE][TRAIN] Epoch 64/100 Iter 220/390 Loss 0.0179 Top1 99.44 Top5 100.00
2025-12-30 15:33:38,937 - INFO  - [NUDE][TRAIN] Epoch 64/100 Iter 240/390 Loss 0.0178 Top1 99.46 Top5 100.00
2025-12-30 15:33:44,821 - INFO  - [NUDE][TRAIN] Epoch 64/100 Iter 260/390 Loss 0.0175 Top1 99.46 Top5 100.00
2025-12-30 15:33:50,787 - INFO  - [NUDE][TRAIN] Epoch 64/100 Iter 280/390 Loss 0.0175 Top1 99.46 Top5 100.00
2025-12-30 15:33:56,766 - INFO  - [NUDE][TRAIN] Epoch 64/100 Iter 300/390 Loss 0.0174 Top1 99.46 Top5 100.00
2025-12-30 15:34:02,614 - INFO  - [NUDE][TRAIN] Epoch 64/100 Iter 320/390 Loss 0.0175 Top1 99.46 Top5 100.00
2025-12-30 15:34:08,642 - INFO  - [NUDE][TRAIN] Epoch 64/100 Iter 340/390 Loss 0.0177 Top1 99.45 Top5 100.00
2025-12-30 15:34:14,546 - INFO  - [NUDE][TRAIN] Epoch 64/100 Iter 360/390 Loss 0.0174 Top1 99.46 Top5 100.00
2025-12-30 15:34:20,522 - INFO  - [NUDE][TRAIN] Epoch 64/100 Iter 380/390 Loss 0.0178 Top1 99.44 Top5 100.00
2025-12-30 15:34:23,512 - INFO  - [NUDE] Validate: force max bit-width W/A = 6
2025-12-30 15:34:25,814 - INFO  - [NUDE][EPOCH] 64/100 Train: Top1=99.45 Top5=100.00 Loss=0.0178 | Val(EMA): Top1=93.29
2025-12-30 15:34:25,814 - INFO  -   ⏱️  本Epoch耗时: 1分58秒 | 平均Epoch耗时: 1分58秒 | 剩余Epoch数: 35
2025-12-30 15:34:25,814 - INFO  -   📅 预估剩余时间: 1小时9分5秒 | 预估完成时间: 2025-12-30 16:43:31
2025-12-30 15:34:26,537 - INFO  - ([65] Epoch) Saving checkpoint to:
             Current: /root/autodl-tmp/retraining-free-quantization/training/r18_c10_nude_0.02_all_bits_orth/r18_c10_nude_0.02_all_bits_orth_checkpoint.pth.tar

2025-12-30 15:34:26,540 - INFO  - 🎲 Epoch 65: FaultInjector seed rotated to 107
2025-12-30 15:34:26,548 - INFO  - [NUDE] Epoch 65: force max bit-width W/A = 6
2025-12-30 15:34:26,548 - INFO  - ================================================================================
2025-12-30 15:34:26,548 - INFO  - 🔥 [NUDE] BFAT ACTIVE
2025-12-30 15:34:26,548 - INFO  -    Loss Type: direct_ce
2025-12-30 15:34:26,548 - INFO  -    Proj Mode: orthogonal
2025-12-30 15:34:26,548 - INFO  -    Injection: All Bits
2025-12-30 15:34:26,548 - INFO  - ================================================================================
2025-12-30 15:34:32,549 - INFO  - [NUDE][TRAIN] Epoch 65/100 Iter 20/390 Loss 0.0161 Top1 99.34 Top5 100.00
2025-12-30 15:34:38,487 - INFO  - [NUDE][TRAIN] Epoch 65/100 Iter 40/390 Loss 0.0160 Top1 99.45 Top5 100.00
2025-12-30 15:34:44,366 - INFO  - [NUDE][TRAIN] Epoch 65/100 Iter 60/390 Loss 0.0161 Top1 99.52 Top5 100.00
2025-12-30 15:34:50,408 - INFO  - [NUDE][TRAIN] Epoch 65/100 Iter 80/390 Loss 0.0162 Top1 99.51 Top5 100.00
2025-12-30 15:34:56,389 - INFO  - [NUDE][TRAIN] Epoch 65/100 Iter 100/390 Loss 0.0161 Top1 99.52 Top5 100.00
2025-12-30 15:35:02,292 - INFO  - [NUDE][TRAIN] Epoch 65/100 Iter 120/390 Loss 0.0159 Top1 99.52 Top5 100.00
2025-12-30 15:35:08,278 - INFO  - [NUDE][TRAIN] Epoch 65/100 Iter 140/390 Loss 0.0159 Top1 99.50 Top5 100.00
2025-12-30 15:35:14,187 - INFO  - [NUDE][TRAIN] Epoch 65/100 Iter 160/390 Loss 0.0162 Top1 99.48 Top5 100.00
2025-12-30 15:35:20,199 - INFO  - [NUDE][TRAIN] Epoch 65/100 Iter 180/390 Loss 0.0159 Top1 99.48 Top5 100.00
2025-12-30 15:35:26,203 - INFO  - [NUDE][TRAIN] Epoch 65/100 Iter 200/390 Loss 0.0159 Top1 99.48 Top5 100.00
2025-12-30 15:35:32,096 - INFO  - [NUDE][TRAIN] Epoch 65/100 Iter 220/390 Loss 0.0162 Top1 99.47 Top5 100.00
2025-12-30 15:35:38,078 - INFO  - [NUDE][TRAIN] Epoch 65/100 Iter 240/390 Loss 0.0167 Top1 99.46 Top5 100.00
2025-12-30 15:35:43,963 - INFO  - [NUDE][TRAIN] Epoch 65/100 Iter 260/390 Loss 0.0170 Top1 99.45 Top5 100.00
2025-12-30 15:35:49,966 - INFO  - [NUDE][TRAIN] Epoch 65/100 Iter 280/390 Loss 0.0171 Top1 99.44 Top5 100.00
2025-12-30 15:35:55,959 - INFO  - [NUDE][TRAIN] Epoch 65/100 Iter 300/390 Loss 0.0170 Top1 99.45 Top5 100.00
2025-12-30 15:36:01,854 - INFO  - [NUDE][TRAIN] Epoch 65/100 Iter 320/390 Loss 0.0170 Top1 99.44 Top5 100.00
2025-12-30 15:36:07,724 - INFO  - [NUDE][TRAIN] Epoch 65/100 Iter 340/390 Loss 0.0171 Top1 99.44 Top5 100.00
2025-12-30 15:36:13,519 - INFO  - [NUDE][TRAIN] Epoch 65/100 Iter 360/390 Loss 0.0170 Top1 99.44 Top5 100.00
2025-12-30 15:36:19,468 - INFO  - [NUDE][TRAIN] Epoch 65/100 Iter 380/390 Loss 0.0173 Top1 99.43 Top5 100.00
2025-12-30 15:36:22,497 - INFO  - [NUDE] Validate: force max bit-width W/A = 6
2025-12-30 15:36:24,803 - INFO  - [NUDE][EPOCH] 65/100 Train: Top1=99.43 Top5=100.00 Loss=0.0173 | Val(EMA): Top1=93.23
2025-12-30 15:36:24,803 - INFO  -   ⏱️  本Epoch耗时: 1分58秒 | 平均Epoch耗时: 1分58秒 | 剩余Epoch数: 34
2025-12-30 15:36:24,803 - INFO  -   📅 预估剩余时间: 1小时7分7秒 | 预估完成时间: 2025-12-30 16:43:31
2025-12-30 15:36:25,518 - INFO  - ([66] Epoch) Saving checkpoint to:
             Current: /root/autodl-tmp/retraining-free-quantization/training/r18_c10_nude_0.02_all_bits_orth/r18_c10_nude_0.02_all_bits_orth_checkpoint.pth.tar

2025-12-30 15:36:25,521 - INFO  - 🎲 Epoch 66: FaultInjector seed rotated to 108
2025-12-30 15:36:25,530 - INFO  - [NUDE] Epoch 66: force max bit-width W/A = 6
2025-12-30 15:36:25,530 - INFO  - ================================================================================
2025-12-30 15:36:25,530 - INFO  - 🔥 [NUDE] BFAT ACTIVE
2025-12-30 15:36:25,530 - INFO  -    Loss Type: direct_ce
2025-12-30 15:36:25,530 - INFO  -    Proj Mode: orthogonal
2025-12-30 15:36:25,531 - INFO  -    Injection: All Bits
2025-12-30 15:36:25,531 - INFO  - ================================================================================
2025-12-30 15:36:31,716 - INFO  - [NUDE][TRAIN] Epoch 66/100 Iter 20/390 Loss 0.0133 Top1 99.65 Top5 100.00
2025-12-30 15:36:37,759 - INFO  - [NUDE][TRAIN] Epoch 66/100 Iter 40/390 Loss 0.0122 Top1 99.65 Top5 100.00
2025-12-30 15:36:43,646 - INFO  - [NUDE][TRAIN] Epoch 66/100 Iter 60/390 Loss 0.0140 Top1 99.57 Top5 100.00
2025-12-30 15:36:49,650 - INFO  - [NUDE][TRAIN] Epoch 66/100 Iter 80/390 Loss 0.0156 Top1 99.51 Top5 100.00
2025-12-30 15:36:55,662 - INFO  - [NUDE][TRAIN] Epoch 66/100 Iter 100/390 Loss 0.0156 Top1 99.54 Top5 100.00
2025-12-30 15:37:01,566 - INFO  - [NUDE][TRAIN] Epoch 66/100 Iter 120/390 Loss 0.0153 Top1 99.53 Top5 100.00
2025-12-30 15:37:07,574 - INFO  - [NUDE][TRAIN] Epoch 66/100 Iter 140/390 Loss 0.0151 Top1 99.54 Top5 100.00
2025-12-30 15:37:13,479 - INFO  - [NUDE][TRAIN] Epoch 66/100 Iter 160/390 Loss 0.0149 Top1 99.54 Top5 100.00
2025-12-30 15:37:19,469 - INFO  - [NUDE][TRAIN] Epoch 66/100 Iter 180/390 Loss 0.0146 Top1 99.55 Top5 100.00
2025-12-30 15:37:25,454 - INFO  - [NUDE][TRAIN] Epoch 66/100 Iter 200/390 Loss 0.0146 Top1 99.55 Top5 100.00
2025-12-30 15:37:31,364 - INFO  - [NUDE][TRAIN] Epoch 66/100 Iter 220/390 Loss 0.0149 Top1 99.56 Top5 100.00
2025-12-30 15:37:37,410 - INFO  - [NUDE][TRAIN] Epoch 66/100 Iter 240/390 Loss 0.0148 Top1 99.56 Top5 100.00
2025-12-30 15:37:43,259 - INFO  - [NUDE][TRAIN] Epoch 66/100 Iter 260/390 Loss 0.0152 Top1 99.54 Top5 100.00
2025-12-30 15:37:49,156 - INFO  - [NUDE][TRAIN] Epoch 66/100 Iter 280/390 Loss 0.0152 Top1 99.52 Top5 100.00
2025-12-30 15:37:55,121 - INFO  - [NUDE][TRAIN] Epoch 66/100 Iter 300/390 Loss 0.0150 Top1 99.53 Top5 100.00
2025-12-30 15:38:01,054 - INFO  - [NUDE][TRAIN] Epoch 66/100 Iter 320/390 Loss 0.0152 Top1 99.52 Top5 100.00
2025-12-30 15:38:07,125 - INFO  - [NUDE][TRAIN] Epoch 66/100 Iter 340/390 Loss 0.0152 Top1 99.52 Top5 100.00
2025-12-30 15:38:13,049 - INFO  - [NUDE][TRAIN] Epoch 66/100 Iter 360/390 Loss 0.0150 Top1 99.53 Top5 100.00
2025-12-30 15:38:19,109 - INFO  - [NUDE][TRAIN] Epoch 66/100 Iter 380/390 Loss 0.0148 Top1 99.54 Top5 100.00
2025-12-30 15:38:22,096 - INFO  - [NUDE] Validate: force max bit-width W/A = 6
2025-12-30 15:38:24,395 - INFO  - [NUDE][EPOCH] 66/100 Train: Top1=99.53 Top5=100.00 Loss=0.0150 | Val(EMA): Top1=93.23
2025-12-30 15:38:24,395 - INFO  -   ⏱️  本Epoch耗时: 1分58秒 | 平均Epoch耗时: 1分58秒 | 剩余Epoch数: 33
2025-12-30 15:38:24,395 - INFO  -   📅 预估剩余时间: 1小时5分11秒 | 预估完成时间: 2025-12-30 16:43:35
2025-12-30 15:38:25,112 - INFO  - ([67] Epoch) Saving checkpoint to:
             Current: /root/autodl-tmp/retraining-free-quantization/training/r18_c10_nude_0.02_all_bits_orth/r18_c10_nude_0.02_all_bits_orth_checkpoint.pth.tar

2025-12-30 15:38:25,115 - INFO  - 🎲 Epoch 67: FaultInjector seed rotated to 109
2025-12-30 15:38:25,123 - INFO  - [NUDE] Epoch 67: force max bit-width W/A = 6
2025-12-30 15:38:25,123 - INFO  - ================================================================================
2025-12-30 15:38:25,123 - INFO  - 🔥 [NUDE] BFAT ACTIVE
2025-12-30 15:38:25,123 - INFO  -    Loss Type: direct_ce
2025-12-30 15:38:25,123 - INFO  -    Proj Mode: orthogonal
2025-12-30 15:38:25,123 - INFO  -    Injection: All Bits
2025-12-30 15:38:25,123 - INFO  - ================================================================================
2025-12-30 15:38:31,306 - INFO  - [NUDE][TRAIN] Epoch 67/100 Iter 20/390 Loss 0.0153 Top1 99.57 Top5 100.00
2025-12-30 15:38:37,343 - INFO  - [NUDE][TRAIN] Epoch 67/100 Iter 40/390 Loss 0.0137 Top1 99.57 Top5 100.00
2025-12-30 15:38:43,245 - INFO  - [NUDE][TRAIN] Epoch 67/100 Iter 60/390 Loss 0.0126 Top1 99.60 Top5 100.00
2025-12-30 15:38:49,226 - INFO  - [NUDE][TRAIN] Epoch 67/100 Iter 80/390 Loss 0.0119 Top1 99.62 Top5 100.00
2025-12-30 15:38:55,250 - INFO  - [NUDE][TRAIN] Epoch 67/100 Iter 100/390 Loss 0.0120 Top1 99.63 Top5 100.00
2025-12-30 15:39:01,127 - INFO  - [NUDE][TRAIN] Epoch 67/100 Iter 120/390 Loss 0.0120 Top1 99.64 Top5 100.00
2025-12-30 15:39:07,116 - INFO  - [NUDE][TRAIN] Epoch 67/100 Iter 140/390 Loss 0.0126 Top1 99.60 Top5 100.00
2025-12-30 15:39:13,060 - INFO  - [NUDE][TRAIN] Epoch 67/100 Iter 160/390 Loss 0.0124 Top1 99.61 Top5 100.00
2025-12-30 15:39:19,076 - INFO  - [NUDE][TRAIN] Epoch 67/100 Iter 180/390 Loss 0.0124 Top1 99.61 Top5 100.00
2025-12-30 15:39:24,998 - INFO  - [NUDE][TRAIN] Epoch 67/100 Iter 200/390 Loss 0.0121 Top1 99.62 Top5 100.00
2025-12-30 15:39:30,774 - INFO  - [NUDE][TRAIN] Epoch 67/100 Iter 220/390 Loss 0.0128 Top1 99.58 Top5 100.00
2025-12-30 15:39:36,735 - INFO  - [NUDE][TRAIN] Epoch 67/100 Iter 240/390 Loss 0.0131 Top1 99.57 Top5 100.00
2025-12-30 15:39:42,669 - INFO  - [NUDE][TRAIN] Epoch 67/100 Iter 260/390 Loss 0.0132 Top1 99.56 Top5 100.00
2025-12-30 15:39:48,714 - INFO  - [NUDE][TRAIN] Epoch 67/100 Iter 280/390 Loss 0.0131 Top1 99.57 Top5 100.00
2025-12-30 15:39:54,743 - INFO  - [NUDE][TRAIN] Epoch 67/100 Iter 300/390 Loss 0.0127 Top1 99.59 Top5 100.00
2025-12-30 15:40:00,685 - INFO  - [NUDE][TRAIN] Epoch 67/100 Iter 320/390 Loss 0.0127 Top1 99.59 Top5 100.00
2025-12-30 15:40:06,709 - INFO  - [NUDE][TRAIN] Epoch 67/100 Iter 340/390 Loss 0.0128 Top1 99.58 Top5 100.00
2025-12-30 15:40:12,596 - INFO  - [NUDE][TRAIN] Epoch 67/100 Iter 360/390 Loss 0.0128 Top1 99.59 Top5 100.00
2025-12-30 15:40:18,619 - INFO  - [NUDE][TRAIN] Epoch 67/100 Iter 380/390 Loss 0.0127 Top1 99.59 Top5 100.00
2025-12-30 15:40:21,607 - INFO  - [NUDE] Validate: force max bit-width W/A = 6
2025-12-30 15:40:23,905 - INFO  - [NUDE][EPOCH] 67/100 Train: Top1=99.58 Top5=100.00 Loss=0.0128 | Val(EMA): Top1=93.18
2025-12-30 15:40:23,905 - INFO  -   ⏱️  本Epoch耗时: 1分58秒 | 平均Epoch耗时: 1分58秒 | 剩余Epoch数: 32
2025-12-30 15:40:23,905 - INFO  -   📅 预估剩余时间: 1小时3分14秒 | 预估完成时间: 2025-12-30 16:43:38
2025-12-30 15:40:24,692 - INFO  - ([68] Epoch) Saving checkpoint to:
             Current: /root/autodl-tmp/retraining-free-quantization/training/r18_c10_nude_0.02_all_bits_orth/r18_c10_nude_0.02_all_bits_orth_checkpoint.pth.tar

2025-12-30 15:40:24,695 - INFO  - 🎲 Epoch 68: FaultInjector seed rotated to 110
2025-12-30 15:40:24,703 - INFO  - [NUDE] Epoch 68: force max bit-width W/A = 6
2025-12-30 15:40:24,703 - INFO  - ================================================================================
2025-12-30 15:40:24,703 - INFO  - 🔥 [NUDE] BFAT ACTIVE
2025-12-30 15:40:24,703 - INFO  -    Loss Type: direct_ce
2025-12-30 15:40:24,704 - INFO  -    Proj Mode: orthogonal
2025-12-30 15:40:24,704 - INFO  -    Injection: All Bits
2025-12-30 15:40:24,704 - INFO  - ================================================================================
2025-12-30 15:40:30,850 - INFO  - [NUDE][TRAIN] Epoch 68/100 Iter 20/390 Loss 0.0138 Top1 99.65 Top5 100.00
2025-12-30 15:40:36,885 - INFO  - [NUDE][TRAIN] Epoch 68/100 Iter 40/390 Loss 0.0118 Top1 99.71 Top5 100.00
2025-12-30 15:40:42,786 - INFO  - [NUDE][TRAIN] Epoch 68/100 Iter 60/390 Loss 0.0109 Top1 99.70 Top5 100.00
2025-12-30 15:40:48,810 - INFO  - [NUDE][TRAIN] Epoch 68/100 Iter 80/390 Loss 0.0113 Top1 99.68 Top5 100.00
2025-12-30 15:40:54,888 - INFO  - [NUDE][TRAIN] Epoch 68/100 Iter 100/390 Loss 0.0119 Top1 99.62 Top5 100.00
2025-12-30 15:41:00,767 - INFO  - [NUDE][TRAIN] Epoch 68/100 Iter 120/390 Loss 0.0116 Top1 99.64 Top5 100.00
2025-12-30 15:41:06,658 - INFO  - [NUDE][TRAIN] Epoch 68/100 Iter 140/390 Loss 0.0126 Top1 99.63 Top5 100.00
2025-12-30 15:41:12,486 - INFO  - [NUDE][TRAIN] Epoch 68/100 Iter 160/390 Loss 0.0131 Top1 99.61 Top5 100.00
2025-12-30 15:41:18,470 - INFO  - [NUDE][TRAIN] Epoch 68/100 Iter 180/390 Loss 0.0128 Top1 99.61 Top5 100.00
2025-12-30 15:41:24,458 - INFO  - [NUDE][TRAIN] Epoch 68/100 Iter 200/390 Loss 0.0127 Top1 99.61 Top5 100.00
2025-12-30 15:41:30,338 - INFO  - [NUDE][TRAIN] Epoch 68/100 Iter 220/390 Loss 0.0124 Top1 99.62 Top5 100.00
2025-12-30 15:41:36,310 - INFO  - [NUDE][TRAIN] Epoch 68/100 Iter 240/390 Loss 0.0125 Top1 99.62 Top5 100.00
2025-12-30 15:41:42,191 - INFO  - [NUDE][TRAIN] Epoch 68/100 Iter 260/390 Loss 0.0126 Top1 99.62 Top5 100.00
2025-12-30 15:41:48,181 - INFO  - [NUDE][TRAIN] Epoch 68/100 Iter 280/390 Loss 0.0126 Top1 99.61 Top5 100.00
2025-12-30 15:41:54,205 - INFO  - [NUDE][TRAIN] Epoch 68/100 Iter 300/390 Loss 0.0126 Top1 99.62 Top5 100.00
2025-12-30 15:42:00,140 - INFO  - [NUDE][TRAIN] Epoch 68/100 Iter 320/390 Loss 0.0125 Top1 99.62 Top5 100.00
2025-12-30 15:42:06,147 - INFO  - [NUDE][TRAIN] Epoch 68/100 Iter 340/390 Loss 0.0126 Top1 99.62 Top5 100.00
2025-12-30 15:42:12,034 - INFO  - [NUDE][TRAIN] Epoch 68/100 Iter 360/390 Loss 0.0126 Top1 99.61 Top5 100.00
2025-12-30 15:42:18,045 - INFO  - [NUDE][TRAIN] Epoch 68/100 Iter 380/390 Loss 0.0126 Top1 99.61 Top5 100.00
2025-12-30 15:42:21,052 - INFO  - [NUDE] Validate: force max bit-width W/A = 6
2025-12-30 15:42:23,314 - INFO  - [NUDE][EPOCH] 68/100 Train: Top1=99.61 Top5=100.00 Loss=0.0126 | Val(EMA): Top1=93.18
2025-12-30 15:42:23,314 - INFO  -   ⏱️  本Epoch耗时: 1分58秒 | 平均Epoch耗时: 1分58秒 | 剩余Epoch数: 31
2025-12-30 15:42:23,314 - INFO  -   📅 预估剩余时间: 1小时1分15秒 | 预估完成时间: 2025-12-30 16:43:39
2025-12-30 15:42:24,018 - INFO  - ([69] Epoch) Saving checkpoint to:
             Current: /root/autodl-tmp/retraining-free-quantization/training/r18_c10_nude_0.02_all_bits_orth/r18_c10_nude_0.02_all_bits_orth_checkpoint.pth.tar

2025-12-30 15:42:24,020 - INFO  - 🎲 Epoch 69: FaultInjector seed rotated to 111
2025-12-30 15:42:24,028 - INFO  - [NUDE] Epoch 69: force max bit-width W/A = 6
2025-12-30 15:42:24,028 - INFO  - ================================================================================
2025-12-30 15:42:24,028 - INFO  - 🔥 [NUDE] BFAT ACTIVE
2025-12-30 15:42:24,028 - INFO  -    Loss Type: direct_ce
2025-12-30 15:42:24,028 - INFO  -    Proj Mode: orthogonal
2025-12-30 15:42:24,028 - INFO  -    Injection: All Bits
2025-12-30 15:42:24,028 - INFO  - ================================================================================
2025-12-30 15:42:30,185 - INFO  - [NUDE][TRAIN] Epoch 69/100 Iter 20/390 Loss 0.0123 Top1 99.57 Top5 100.00
2025-12-30 15:42:36,234 - INFO  - [NUDE][TRAIN] Epoch 69/100 Iter 40/390 Loss 0.0129 Top1 99.53 Top5 100.00
2025-12-30 15:42:42,016 - INFO  - [NUDE][TRAIN] Epoch 69/100 Iter 60/390 Loss 0.0125 Top1 99.56 Top5 100.00
2025-12-30 15:42:47,868 - INFO  - [NUDE][TRAIN] Epoch 69/100 Iter 80/390 Loss 0.0121 Top1 99.60 Top5 100.00
2025-12-30 15:42:53,768 - INFO  - [NUDE][TRAIN] Epoch 69/100 Iter 100/390 Loss 0.0119 Top1 99.63 Top5 100.00
2025-12-30 15:42:59,686 - INFO  - [NUDE][TRAIN] Epoch 69/100 Iter 120/390 Loss 0.0119 Top1 99.64 Top5 100.00
2025-12-30 15:43:05,713 - INFO  - [NUDE][TRAIN] Epoch 69/100 Iter 140/390 Loss 0.0120 Top1 99.64 Top5 100.00
2025-12-30 15:43:11,629 - INFO  - [NUDE][TRAIN] Epoch 69/100 Iter 160/390 Loss 0.0116 Top1 99.66 Top5 100.00
2025-12-30 15:43:17,594 - INFO  - [NUDE][TRAIN] Epoch 69/100 Iter 180/390 Loss 0.0115 Top1 99.66 Top5 100.00
2025-12-30 15:43:23,603 - INFO  - [NUDE][TRAIN] Epoch 69/100 Iter 200/390 Loss 0.0115 Top1 99.65 Top5 100.00
2025-12-30 15:43:29,481 - INFO  - [NUDE][TRAIN] Epoch 69/100 Iter 220/390 Loss 0.0113 Top1 99.64 Top5 100.00
2025-12-30 15:43:35,453 - INFO  - [NUDE][TRAIN] Epoch 69/100 Iter 240/390 Loss 0.0115 Top1 99.64 Top5 100.00
2025-12-30 15:43:41,373 - INFO  - [NUDE][TRAIN] Epoch 69/100 Iter 260/390 Loss 0.0113 Top1 99.65 Top5 100.00
2025-12-30 15:43:47,462 - INFO  - [NUDE][TRAIN] Epoch 69/100 Iter 280/390 Loss 0.0116 Top1 99.63 Top5 100.00
2025-12-30 15:43:53,522 - INFO  - [NUDE][TRAIN] Epoch 69/100 Iter 300/390 Loss 0.0118 Top1 99.63 Top5 100.00
2025-12-30 15:43:59,444 - INFO  - [NUDE][TRAIN] Epoch 69/100 Iter 320/390 Loss 0.0119 Top1 99.62 Top5 100.00
2025-12-30 15:44:05,468 - INFO  - [NUDE][TRAIN] Epoch 69/100 Iter 340/390 Loss 0.0118 Top1 99.63 Top5 100.00
2025-12-30 15:44:11,370 - INFO  - [NUDE][TRAIN] Epoch 69/100 Iter 360/390 Loss 0.0119 Top1 99.62 Top5 100.00
2025-12-30 15:44:17,377 - INFO  - [NUDE][TRAIN] Epoch 69/100 Iter 380/390 Loss 0.0117 Top1 99.63 Top5 100.00
2025-12-30 15:44:20,328 - INFO  - [NUDE] Validate: force max bit-width W/A = 6
2025-12-30 15:44:22,571 - INFO  - [NUDE][EPOCH] 69/100 Train: Top1=99.62 Top5=100.00 Loss=0.0118 | Val(EMA): Top1=93.27
2025-12-30 15:44:22,571 - INFO  -   ⏱️  本Epoch耗时: 1分58秒 | 平均Epoch耗时: 1分58秒 | 剩余Epoch数: 30
2025-12-30 15:44:22,571 - INFO  -   📅 预估剩余时间: 59分18秒 | 预估完成时间: 2025-12-30 16:43:41
2025-12-30 15:44:23,411 - INFO  - ([70] Epoch) Saving checkpoint to:
             Current: /root/autodl-tmp/retraining-free-quantization/training/r18_c10_nude_0.02_all_bits_orth/r18_c10_nude_0.02_all_bits_orth_checkpoint.pth.tar

2025-12-30 15:44:23,414 - INFO  - 🎲 Epoch 70: FaultInjector seed rotated to 112
2025-12-30 15:44:23,422 - INFO  - [NUDE] Epoch 70: force max bit-width W/A = 6
2025-12-30 15:44:23,423 - INFO  - ================================================================================
2025-12-30 15:44:23,423 - INFO  - 🔥 [NUDE] BFAT ACTIVE
2025-12-30 15:44:23,423 - INFO  -    Loss Type: direct_ce
2025-12-30 15:44:23,423 - INFO  -    Proj Mode: orthogonal
2025-12-30 15:44:23,423 - INFO  -    Injection: All Bits
2025-12-30 15:44:23,423 - INFO  - ================================================================================
2025-12-30 15:44:29,535 - INFO  - [NUDE][TRAIN] Epoch 70/100 Iter 20/390 Loss 0.0087 Top1 99.69 Top5 100.00
2025-12-30 15:44:35,559 - INFO  - [NUDE][TRAIN] Epoch 70/100 Iter 40/390 Loss 0.0094 Top1 99.73 Top5 100.00
2025-12-30 15:44:41,470 - INFO  - [NUDE][TRAIN] Epoch 70/100 Iter 60/390 Loss 0.0101 Top1 99.70 Top5 100.00
2025-12-30 15:44:47,463 - INFO  - [NUDE][TRAIN] Epoch 70/100 Iter 80/390 Loss 0.0091 Top1 99.72 Top5 100.00
2025-12-30 15:44:53,475 - INFO  - [NUDE][TRAIN] Epoch 70/100 Iter 100/390 Loss 0.0091 Top1 99.73 Top5 100.00
2025-12-30 15:44:59,358 - INFO  - [NUDE][TRAIN] Epoch 70/100 Iter 120/390 Loss 0.0092 Top1 99.74 Top5 100.00
2025-12-30 15:45:05,420 - INFO  - [NUDE][TRAIN] Epoch 70/100 Iter 140/390 Loss 0.0089 Top1 99.75 Top5 100.00
2025-12-30 15:45:11,347 - INFO  - [NUDE][TRAIN] Epoch 70/100 Iter 160/390 Loss 0.0092 Top1 99.76 Top5 100.00
2025-12-30 15:45:17,340 - INFO  - [NUDE][TRAIN] Epoch 70/100 Iter 180/390 Loss 0.0099 Top1 99.74 Top5 100.00
2025-12-30 15:45:23,411 - INFO  - [NUDE][TRAIN] Epoch 70/100 Iter 200/390 Loss 0.0098 Top1 99.74 Top5 100.00
2025-12-30 15:45:29,324 - INFO  - [NUDE][TRAIN] Epoch 70/100 Iter 220/390 Loss 0.0096 Top1 99.75 Top5 100.00
2025-12-30 15:45:35,360 - INFO  - [NUDE][TRAIN] Epoch 70/100 Iter 240/390 Loss 0.0098 Top1 99.73 Top5 100.00
2025-12-30 15:45:41,244 - INFO  - [NUDE][TRAIN] Epoch 70/100 Iter 260/390 Loss 0.0098 Top1 99.72 Top5 100.00
2025-12-30 15:45:47,227 - INFO  - [NUDE][TRAIN] Epoch 70/100 Iter 280/390 Loss 0.0101 Top1 99.72 Top5 100.00
2025-12-30 15:45:53,231 - INFO  - [NUDE][TRAIN] Epoch 70/100 Iter 300/390 Loss 0.0103 Top1 99.72 Top5 100.00
2025-12-30 15:45:59,021 - INFO  - [NUDE][TRAIN] Epoch 70/100 Iter 320/390 Loss 0.0101 Top1 99.72 Top5 100.00
2025-12-30 15:46:04,949 - INFO  - [NUDE][TRAIN] Epoch 70/100 Iter 340/390 Loss 0.0102 Top1 99.71 Top5 100.00
2025-12-30 15:46:10,744 - INFO  - [NUDE][TRAIN] Epoch 70/100 Iter 360/390 Loss 0.0100 Top1 99.72 Top5 100.00
2025-12-30 15:46:16,775 - INFO  - [NUDE][TRAIN] Epoch 70/100 Iter 380/390 Loss 0.0099 Top1 99.73 Top5 100.00
2025-12-30 15:46:19,781 - INFO  - [NUDE] Validate: force max bit-width W/A = 6
2025-12-30 15:46:22,044 - INFO  - [NUDE][EPOCH] 70/100 Train: Top1=99.73 Top5=100.00 Loss=0.0099 | Val(EMA): Top1=93.29
2025-12-30 15:46:22,044 - INFO  -   ⏱️  本Epoch耗时: 1分58秒 | 平均Epoch耗时: 1分58秒 | 剩余Epoch数: 29
2025-12-30 15:46:22,044 - INFO  -   📅 预估剩余时间: 57分22秒 | 预估完成时间: 2025-12-30 16:43:44
2025-12-30 15:46:22,727 - INFO  - ([71] Epoch) Saving checkpoint to:
             Current: /root/autodl-tmp/retraining-free-quantization/training/r18_c10_nude_0.02_all_bits_orth/r18_c10_nude_0.02_all_bits_orth_checkpoint.pth.tar

2025-12-30 15:46:22,731 - INFO  - 🎲 Epoch 71: FaultInjector seed rotated to 113
2025-12-30 15:46:22,742 - INFO  - [NUDE] Epoch 71: force max bit-width W/A = 6
2025-12-30 15:46:22,742 - INFO  - ================================================================================
2025-12-30 15:46:22,742 - INFO  - 🔥 [NUDE] BFAT ACTIVE
2025-12-30 15:46:22,742 - INFO  -    Loss Type: direct_ce
2025-12-30 15:46:22,742 - INFO  -    Proj Mode: orthogonal
2025-12-30 15:46:22,742 - INFO  -    Injection: All Bits
2025-12-30 15:46:22,742 - INFO  - ================================================================================
2025-12-30 15:46:28,936 - INFO  - [NUDE][TRAIN] Epoch 71/100 Iter 20/390 Loss 0.0101 Top1 99.77 Top5 100.00
2025-12-30 15:46:34,991 - INFO  - [NUDE][TRAIN] Epoch 71/100 Iter 40/390 Loss 0.0084 Top1 99.82 Top5 100.00
2025-12-30 15:46:40,878 - INFO  - [NUDE][TRAIN] Epoch 71/100 Iter 60/390 Loss 0.0080 Top1 99.82 Top5 100.00
2025-12-30 15:46:46,853 - INFO  - [NUDE][TRAIN] Epoch 71/100 Iter 80/390 Loss 0.0084 Top1 99.80 Top5 100.00
2025-12-30 15:46:52,843 - INFO  - [NUDE][TRAIN] Epoch 71/100 Iter 100/390 Loss 0.0086 Top1 99.80 Top5 100.00
2025-12-30 15:46:58,759 - INFO  - [NUDE][TRAIN] Epoch 71/100 Iter 120/390 Loss 0.0082 Top1 99.82 Top5 100.00
2025-12-30 15:47:04,738 - INFO  - [NUDE][TRAIN] Epoch 71/100 Iter 140/390 Loss 0.0084 Top1 99.80 Top5 100.00
2025-12-30 15:47:10,642 - INFO  - [NUDE][TRAIN] Epoch 71/100 Iter 160/390 Loss 0.0083 Top1 99.81 Top5 100.00
2025-12-30 15:47:16,641 - INFO  - [NUDE][TRAIN] Epoch 71/100 Iter 180/390 Loss 0.0083 Top1 99.81 Top5 100.00
2025-12-30 15:47:22,667 - INFO  - [NUDE][TRAIN] Epoch 71/100 Iter 200/390 Loss 0.0084 Top1 99.79 Top5 100.00
2025-12-30 15:47:28,577 - INFO  - [NUDE][TRAIN] Epoch 71/100 Iter 220/390 Loss 0.0083 Top1 99.79 Top5 100.00
2025-12-30 15:47:34,536 - INFO  - [NUDE][TRAIN] Epoch 71/100 Iter 240/390 Loss 0.0081 Top1 99.80 Top5 100.00
2025-12-30 15:47:40,319 - INFO  - [NUDE][TRAIN] Epoch 71/100 Iter 260/390 Loss 0.0082 Top1 99.79 Top5 100.00
2025-12-30 15:47:46,207 - INFO  - [NUDE][TRAIN] Epoch 71/100 Iter 280/390 Loss 0.0085 Top1 99.78 Top5 100.00
2025-12-30 15:47:52,187 - INFO  - [NUDE][TRAIN] Epoch 71/100 Iter 300/390 Loss 0.0085 Top1 99.78 Top5 100.00
2025-12-30 15:47:58,051 - INFO  - [NUDE][TRAIN] Epoch 71/100 Iter 320/390 Loss 0.0085 Top1 99.78 Top5 100.00
2025-12-30 15:48:04,033 - INFO  - [NUDE][TRAIN] Epoch 71/100 Iter 340/390 Loss 0.0086 Top1 99.78 Top5 100.00
2025-12-30 15:48:09,929 - INFO  - [NUDE][TRAIN] Epoch 71/100 Iter 360/390 Loss 0.0087 Top1 99.77 Top5 100.00
2025-12-30 15:48:15,903 - INFO  - [NUDE][TRAIN] Epoch 71/100 Iter 380/390 Loss 0.0086 Top1 99.78 Top5 100.00
2025-12-30 15:48:18,892 - INFO  - [NUDE] Validate: force max bit-width W/A = 6
2025-12-30 15:48:21,204 - INFO  - [NUDE][EPOCH] 71/100 Train: Top1=99.78 Top5=100.00 Loss=0.0086 | Val(EMA): Top1=93.41
2025-12-30 15:48:21,204 - INFO  -   ⏱️  本Epoch耗时: 1分58秒 | 平均Epoch耗时: 1分58秒 | 剩余Epoch数: 28
2025-12-30 15:48:21,204 - INFO  -   📅 预估剩余时间: 55分21秒 | 预估完成时间: 2025-12-30 16:43:42
2025-12-30 15:48:21,946 - INFO  - ([72] Epoch) Saving checkpoint to:
             Current: /root/autodl-tmp/retraining-free-quantization/training/r18_c10_nude_0.02_all_bits_orth/r18_c10_nude_0.02_all_bits_orth_checkpoint.pth.tar

2025-12-30 15:48:21,949 - INFO  - 🎲 Epoch 72: FaultInjector seed rotated to 114
2025-12-30 15:48:21,957 - INFO  - [NUDE] Epoch 72: force max bit-width W/A = 6
2025-12-30 15:48:21,957 - INFO  - ================================================================================
2025-12-30 15:48:21,957 - INFO  - 🔥 [NUDE] BFAT ACTIVE
2025-12-30 15:48:21,957 - INFO  -    Loss Type: direct_ce
2025-12-30 15:48:21,957 - INFO  -    Proj Mode: orthogonal
2025-12-30 15:48:21,957 - INFO  -    Injection: All Bits
2025-12-30 15:48:21,957 - INFO  - ================================================================================
2025-12-30 15:48:28,071 - INFO  - [NUDE][TRAIN] Epoch 72/100 Iter 20/390 Loss 0.0086 Top1 99.73 Top5 100.00
2025-12-30 15:48:34,076 - INFO  - [NUDE][TRAIN] Epoch 72/100 Iter 40/390 Loss 0.0078 Top1 99.79 Top5 100.00
2025-12-30 15:48:39,956 - INFO  - [NUDE][TRAIN] Epoch 72/100 Iter 60/390 Loss 0.0079 Top1 99.77 Top5 100.00
2025-12-30 15:48:45,958 - INFO  - [NUDE][TRAIN] Epoch 72/100 Iter 80/390 Loss 0.0071 Top1 99.80 Top5 100.00
2025-12-30 15:48:51,982 - INFO  - [NUDE][TRAIN] Epoch 72/100 Iter 100/390 Loss 0.0071 Top1 99.81 Top5 100.00
2025-12-30 15:48:57,916 - INFO  - [NUDE][TRAIN] Epoch 72/100 Iter 120/390 Loss 0.0078 Top1 99.77 Top5 100.00
2025-12-30 15:49:03,939 - INFO  - [NUDE][TRAIN] Epoch 72/100 Iter 140/390 Loss 0.0073 Top1 99.79 Top5 100.00
2025-12-30 15:49:09,861 - INFO  - [NUDE][TRAIN] Epoch 72/100 Iter 160/390 Loss 0.0073 Top1 99.78 Top5 100.00
2025-12-30 15:49:15,793 - INFO  - [NUDE][TRAIN] Epoch 72/100 Iter 180/390 Loss 0.0074 Top1 99.77 Top5 100.00
2025-12-30 15:49:21,695 - INFO  - [NUDE][TRAIN] Epoch 72/100 Iter 200/390 Loss 0.0077 Top1 99.77 Top5 100.00
2025-12-30 15:49:27,476 - INFO  - [NUDE][TRAIN] Epoch 72/100 Iter 220/390 Loss 0.0075 Top1 99.78 Top5 100.00
2025-12-30 15:49:33,470 - INFO  - [NUDE][TRAIN] Epoch 72/100 Iter 240/390 Loss 0.0076 Top1 99.78 Top5 100.00
2025-12-30 15:49:39,416 - INFO  - [NUDE][TRAIN] Epoch 72/100 Iter 260/390 Loss 0.0076 Top1 99.77 Top5 100.00
2025-12-30 15:49:45,423 - INFO  - [NUDE][TRAIN] Epoch 72/100 Iter 280/390 Loss 0.0077 Top1 99.77 Top5 100.00
2025-12-30 15:49:51,430 - INFO  - [NUDE][TRAIN] Epoch 72/100 Iter 300/390 Loss 0.0078 Top1 99.77 Top5 100.00
2025-12-30 15:49:57,321 - INFO  - [NUDE][TRAIN] Epoch 72/100 Iter 320/390 Loss 0.0077 Top1 99.77 Top5 100.00
2025-12-30 15:50:03,332 - INFO  - [NUDE][TRAIN] Epoch 72/100 Iter 340/390 Loss 0.0077 Top1 99.77 Top5 100.00
2025-12-30 15:50:09,255 - INFO  - [NUDE][TRAIN] Epoch 72/100 Iter 360/390 Loss 0.0077 Top1 99.76 Top5 100.00
2025-12-30 15:50:15,339 - INFO  - [NUDE][TRAIN] Epoch 72/100 Iter 380/390 Loss 0.0079 Top1 99.76 Top5 100.00
2025-12-30 15:50:18,360 - INFO  - [NUDE] Validate: force max bit-width W/A = 6
2025-12-30 15:50:20,707 - INFO  - [NUDE][EPOCH] 72/100 Train: Top1=99.77 Top5=100.00 Loss=0.0078 | Val(EMA): Top1=93.34
2025-12-30 15:50:20,707 - INFO  -   ⏱️  本Epoch耗时: 1分58秒 | 平均Epoch耗时: 1分58秒 | 剩余Epoch数: 27
2025-12-30 15:50:20,707 - INFO  -   📅 预估剩余时间: 53分22秒 | 预估完成时间: 2025-12-30 16:43:43
2025-12-30 15:50:21,464 - INFO  - ([73] Epoch) Saving checkpoint to:
             Current: /root/autodl-tmp/retraining-free-quantization/training/r18_c10_nude_0.02_all_bits_orth/r18_c10_nude_0.02_all_bits_orth_checkpoint.pth.tar

2025-12-30 15:50:21,467 - INFO  - 🎲 Epoch 73: FaultInjector seed rotated to 115
2025-12-30 15:50:21,475 - INFO  - [NUDE] Epoch 73: force max bit-width W/A = 6
2025-12-30 15:50:21,475 - INFO  - ================================================================================
2025-12-30 15:50:21,475 - INFO  - 🔥 [NUDE] BFAT ACTIVE
2025-12-30 15:50:21,475 - INFO  -    Loss Type: direct_ce
2025-12-30 15:50:21,476 - INFO  -    Proj Mode: orthogonal
2025-12-30 15:50:21,476 - INFO  -    Injection: All Bits
2025-12-30 15:50:21,476 - INFO  - ================================================================================
2025-12-30 15:50:27,574 - INFO  - [NUDE][TRAIN] Epoch 73/100 Iter 20/390 Loss 0.0073 Top1 99.77 Top5 100.00
2025-12-30 15:50:33,618 - INFO  - [NUDE][TRAIN] Epoch 73/100 Iter 40/390 Loss 0.0063 Top1 99.80 Top5 100.00
2025-12-30 15:50:39,507 - INFO  - [NUDE][TRAIN] Epoch 73/100 Iter 60/390 Loss 0.0058 Top1 99.83 Top5 100.00
2025-12-30 15:50:45,548 - INFO  - [NUDE][TRAIN] Epoch 73/100 Iter 80/390 Loss 0.0062 Top1 99.82 Top5 100.00
2025-12-30 15:50:51,516 - INFO  - [NUDE][TRAIN] Epoch 73/100 Iter 100/390 Loss 0.0063 Top1 99.80 Top5 100.00
2025-12-30 15:50:57,297 - INFO  - [NUDE][TRAIN] Epoch 73/100 Iter 120/390 Loss 0.0061 Top1 99.83 Top5 100.00
2025-12-30 15:51:03,175 - INFO  - [NUDE][TRAIN] Epoch 73/100 Iter 140/390 Loss 0.0065 Top1 99.82 Top5 100.00
2025-12-30 15:51:08,991 - INFO  - [NUDE][TRAIN] Epoch 73/100 Iter 160/390 Loss 0.0065 Top1 99.83 Top5 100.00
2025-12-30 15:51:14,960 - INFO  - [NUDE][TRAIN] Epoch 73/100 Iter 180/390 Loss 0.0066 Top1 99.83 Top5 100.00
2025-12-30 15:51:20,941 - INFO  - [NUDE][TRAIN] Epoch 73/100 Iter 200/390 Loss 0.0066 Top1 99.82 Top5 100.00
2025-12-30 15:51:26,834 - INFO  - [NUDE][TRAIN] Epoch 73/100 Iter 220/390 Loss 0.0064 Top1 99.82 Top5 100.00
2025-12-30 15:51:32,804 - INFO  - [NUDE][TRAIN] Epoch 73/100 Iter 240/390 Loss 0.0066 Top1 99.81 Top5 100.00
2025-12-30 15:51:38,706 - INFO  - [NUDE][TRAIN] Epoch 73/100 Iter 260/390 Loss 0.0066 Top1 99.82 Top5 100.00
2025-12-30 15:51:44,734 - INFO  - [NUDE][TRAIN] Epoch 73/100 Iter 280/390 Loss 0.0065 Top1 99.82 Top5 100.00
2025-12-30 15:51:50,719 - INFO  - [NUDE][TRAIN] Epoch 73/100 Iter 300/390 Loss 0.0066 Top1 99.82 Top5 100.00
2025-12-30 15:51:56,667 - INFO  - [NUDE][TRAIN] Epoch 73/100 Iter 320/390 Loss 0.0066 Top1 99.81 Top5 100.00
2025-12-30 15:52:02,696 - INFO  - [NUDE][TRAIN] Epoch 73/100 Iter 340/390 Loss 0.0066 Top1 99.82 Top5 100.00
2025-12-30 15:52:08,610 - INFO  - [NUDE][TRAIN] Epoch 73/100 Iter 360/390 Loss 0.0065 Top1 99.82 Top5 100.00
2025-12-30 15:52:14,637 - INFO  - [NUDE][TRAIN] Epoch 73/100 Iter 380/390 Loss 0.0066 Top1 99.81 Top5 100.00
2025-12-30 15:52:17,631 - INFO  - [NUDE] Validate: force max bit-width W/A = 6
2025-12-30 15:52:19,904 - INFO  - [NUDE][EPOCH] 73/100 Train: Top1=99.81 Top5=100.00 Loss=0.0067 | Val(EMA): Top1=93.37
2025-12-30 15:52:19,904 - INFO  -   ⏱️  本Epoch耗时: 1分58秒 | 平均Epoch耗时: 1分58秒 | 剩余Epoch数: 26
2025-12-30 15:52:19,904 - INFO  -   📅 预估剩余时间: 51分22秒 | 预估完成时间: 2025-12-30 16:43:42
2025-12-30 15:52:20,621 - INFO  - ([74] Epoch) Saving checkpoint to:
             Current: /root/autodl-tmp/retraining-free-quantization/training/r18_c10_nude_0.02_all_bits_orth/r18_c10_nude_0.02_all_bits_orth_checkpoint.pth.tar

2025-12-30 15:52:20,625 - INFO  - 🎲 Epoch 74: FaultInjector seed rotated to 116
2025-12-30 15:52:20,632 - INFO  - [NUDE] Epoch 74: force max bit-width W/A = 6
2025-12-30 15:52:20,632 - INFO  - ================================================================================
2025-12-30 15:52:20,633 - INFO  - 🔥 [NUDE] BFAT ACTIVE
2025-12-30 15:52:20,633 - INFO  -    Loss Type: direct_ce
2025-12-30 15:52:20,633 - INFO  -    Proj Mode: orthogonal
2025-12-30 15:52:20,633 - INFO  -    Injection: All Bits
2025-12-30 15:52:20,633 - INFO  - ================================================================================
2025-12-30 15:52:26,823 - INFO  - [NUDE][TRAIN] Epoch 74/100 Iter 20/390 Loss 0.0085 Top1 99.77 Top5 100.00
2025-12-30 15:52:32,804 - INFO  - [NUDE][TRAIN] Epoch 74/100 Iter 40/390 Loss 0.0077 Top1 99.77 Top5 100.00
2025-12-30 15:52:38,592 - INFO  - [NUDE][TRAIN] Epoch 74/100 Iter 60/390 Loss 0.0070 Top1 99.79 Top5 100.00
2025-12-30 15:52:44,497 - INFO  - [NUDE][TRAIN] Epoch 74/100 Iter 80/390 Loss 0.0068 Top1 99.81 Top5 100.00
2025-12-30 15:52:50,479 - INFO  - [NUDE][TRAIN] Epoch 74/100 Iter 100/390 Loss 0.0063 Top1 99.82 Top5 100.00
2025-12-30 15:52:56,362 - INFO  - [NUDE][TRAIN] Epoch 74/100 Iter 120/390 Loss 0.0060 Top1 99.82 Top5 100.00
2025-12-30 15:53:02,344 - INFO  - [NUDE][TRAIN] Epoch 74/100 Iter 140/390 Loss 0.0058 Top1 99.85 Top5 100.00
2025-12-30 15:53:08,230 - INFO  - [NUDE][TRAIN] Epoch 74/100 Iter 160/390 Loss 0.0060 Top1 99.85 Top5 100.00
2025-12-30 15:53:14,246 - INFO  - [NUDE][TRAIN] Epoch 74/100 Iter 180/390 Loss 0.0061 Top1 99.85 Top5 100.00
2025-12-30 15:53:20,240 - INFO  - [NUDE][TRAIN] Epoch 74/100 Iter 200/390 Loss 0.0061 Top1 99.85 Top5 100.00
2025-12-30 15:53:26,109 - INFO  - [NUDE][TRAIN] Epoch 74/100 Iter 220/390 Loss 0.0060 Top1 99.85 Top5 100.00
2025-12-30 15:53:32,120 - INFO  - [NUDE][TRAIN] Epoch 74/100 Iter 240/390 Loss 0.0059 Top1 99.86 Top5 100.00
2025-12-30 15:53:38,003 - INFO  - [NUDE][TRAIN] Epoch 74/100 Iter 260/390 Loss 0.0060 Top1 99.85 Top5 100.00
2025-12-30 15:53:43,998 - INFO  - [NUDE][TRAIN] Epoch 74/100 Iter 280/390 Loss 0.0059 Top1 99.85 Top5 100.00
2025-12-30 15:53:49,973 - INFO  - [NUDE][TRAIN] Epoch 74/100 Iter 300/390 Loss 0.0058 Top1 99.85 Top5 100.00
2025-12-30 15:53:55,887 - INFO  - [NUDE][TRAIN] Epoch 74/100 Iter 320/390 Loss 0.0060 Top1 99.85 Top5 100.00
2025-12-30 15:54:01,906 - INFO  - [NUDE][TRAIN] Epoch 74/100 Iter 340/390 Loss 0.0060 Top1 99.85 Top5 100.00
2025-12-30 15:54:07,815 - INFO  - [NUDE][TRAIN] Epoch 74/100 Iter 360/390 Loss 0.0059 Top1 99.85 Top5 100.00
2025-12-30 15:54:13,707 - INFO  - [NUDE][TRAIN] Epoch 74/100 Iter 380/390 Loss 0.0059 Top1 99.85 Top5 100.00
2025-12-30 15:54:16,660 - INFO  - [NUDE] Validate: force max bit-width W/A = 6
2025-12-30 15:54:18,905 - INFO  - [NUDE][EPOCH] 74/100 Train: Top1=99.85 Top5=100.00 Loss=0.0058 | Val(EMA): Top1=93.39
2025-12-30 15:54:18,905 - INFO  -   ⏱️  本Epoch耗时: 1分58秒 | 平均Epoch耗时: 1分58秒 | 剩余Epoch数: 25
2025-12-30 15:54:18,905 - INFO  -   📅 预估剩余时间: 49分22秒 | 预估完成时间: 2025-12-30 16:43:41
2025-12-30 15:54:19,569 - INFO  - ([75] Epoch) Saving checkpoint to:
             Current: /root/autodl-tmp/retraining-free-quantization/training/r18_c10_nude_0.02_all_bits_orth/r18_c10_nude_0.02_all_bits_orth_checkpoint.pth.tar

2025-12-30 15:54:19,572 - INFO  - 🎲 Epoch 75: FaultInjector seed rotated to 117
2025-12-30 15:54:19,580 - INFO  - [NUDE] Epoch 75: force max bit-width W/A = 6
2025-12-30 15:54:19,581 - INFO  - ================================================================================
2025-12-30 15:54:19,581 - INFO  - 🔥 [NUDE] BFAT ACTIVE
2025-12-30 15:54:19,581 - INFO  -    Loss Type: direct_ce
2025-12-30 15:54:19,581 - INFO  -    Proj Mode: orthogonal
2025-12-30 15:54:19,581 - INFO  -    Injection: All Bits
2025-12-30 15:54:19,581 - INFO  - ================================================================================
2025-12-30 15:54:25,690 - INFO  - [NUDE][TRAIN] Epoch 75/100 Iter 20/390 Loss 0.0049 Top1 99.88 Top5 100.00
2025-12-30 15:54:31,718 - INFO  - [NUDE][TRAIN] Epoch 75/100 Iter 40/390 Loss 0.0044 Top1 99.92 Top5 100.00
2025-12-30 15:54:37,640 - INFO  - [NUDE][TRAIN] Epoch 75/100 Iter 60/390 Loss 0.0040 Top1 99.95 Top5 100.00
2025-12-30 15:54:43,632 - INFO  - [NUDE][TRAIN] Epoch 75/100 Iter 80/390 Loss 0.0050 Top1 99.91 Top5 100.00
2025-12-30 15:54:49,651 - INFO  - [NUDE][TRAIN] Epoch 75/100 Iter 100/390 Loss 0.0055 Top1 99.89 Top5 100.00
2025-12-30 15:54:55,554 - INFO  - [NUDE][TRAIN] Epoch 75/100 Iter 120/390 Loss 0.0058 Top1 99.87 Top5 100.00
2025-12-30 15:55:01,550 - INFO  - [NUDE][TRAIN] Epoch 75/100 Iter 140/390 Loss 0.0056 Top1 99.87 Top5 100.00
2025-12-30 15:55:07,434 - INFO  - [NUDE][TRAIN] Epoch 75/100 Iter 160/390 Loss 0.0058 Top1 99.87 Top5 100.00
2025-12-30 15:55:13,460 - INFO  - [NUDE][TRAIN] Epoch 75/100 Iter 180/390 Loss 0.0061 Top1 99.86 Top5 100.00
2025-12-30 15:55:19,424 - INFO  - [NUDE][TRAIN] Epoch 75/100 Iter 200/390 Loss 0.0059 Top1 99.86 Top5 100.00
2025-12-30 15:55:25,367 - INFO  - [NUDE][TRAIN] Epoch 75/100 Iter 220/390 Loss 0.0060 Top1 99.85 Top5 100.00
2025-12-30 15:55:31,340 - INFO  - [NUDE][TRAIN] Epoch 75/100 Iter 240/390 Loss 0.0059 Top1 99.85 Top5 100.00
2025-12-30 15:55:37,229 - INFO  - [NUDE][TRAIN] Epoch 75/100 Iter 260/390 Loss 0.0059 Top1 99.86 Top5 100.00
2025-12-30 15:55:43,209 - INFO  - [NUDE][TRAIN] Epoch 75/100 Iter 280/390 Loss 0.0058 Top1 99.86 Top5 100.00
2025-12-30 15:55:49,137 - INFO  - [NUDE][TRAIN] Epoch 75/100 Iter 300/390 Loss 0.0059 Top1 99.86 Top5 100.00
2025-12-30 15:55:54,972 - INFO  - [NUDE][TRAIN] Epoch 75/100 Iter 320/390 Loss 0.0059 Top1 99.86 Top5 100.00
2025-12-30 15:56:00,896 - INFO  - [NUDE][TRAIN] Epoch 75/100 Iter 340/390 Loss 0.0059 Top1 99.86 Top5 100.00
2025-12-30 15:56:06,784 - INFO  - [NUDE][TRAIN] Epoch 75/100 Iter 360/390 Loss 0.0058 Top1 99.87 Top5 100.00
2025-12-30 15:56:12,814 - INFO  - [NUDE][TRAIN] Epoch 75/100 Iter 380/390 Loss 0.0057 Top1 99.86 Top5 100.00
2025-12-30 15:56:15,828 - INFO  - [NUDE] Validate: force max bit-width W/A = 6
2025-12-30 15:56:18,113 - INFO  - [NUDE][EPOCH] 75/100 Train: Top1=99.86 Top5=100.00 Loss=0.0057 | Val(EMA): Top1=93.40
2025-12-30 15:56:18,114 - INFO  -   ⏱️  本Epoch耗时: 1分58秒 | 平均Epoch耗时: 1分58秒 | 剩余Epoch数: 24
2025-12-30 15:56:18,114 - INFO  -   📅 预估剩余时间: 47分23秒 | 预估完成时间: 2025-12-30 16:43:42
2025-12-30 15:56:18,808 - INFO  - ([76] Epoch) Saving checkpoint to:
             Current: /root/autodl-tmp/retraining-free-quantization/training/r18_c10_nude_0.02_all_bits_orth/r18_c10_nude_0.02_all_bits_orth_checkpoint.pth.tar

2025-12-30 15:56:18,811 - INFO  - 🎲 Epoch 76: FaultInjector seed rotated to 118
2025-12-30 15:56:18,819 - INFO  - [NUDE] Epoch 76: force max bit-width W/A = 6
2025-12-30 15:56:18,819 - INFO  - ================================================================================
2025-12-30 15:56:18,819 - INFO  - 🔥 [NUDE] BFAT ACTIVE
2025-12-30 15:56:18,819 - INFO  -    Loss Type: direct_ce
2025-12-30 15:56:18,819 - INFO  -    Proj Mode: orthogonal
2025-12-30 15:56:18,819 - INFO  -    Injection: All Bits
2025-12-30 15:56:18,819 - INFO  - ================================================================================
2025-12-30 15:56:24,991 - INFO  - [NUDE][TRAIN] Epoch 76/100 Iter 20/390 Loss 0.0042 Top1 99.88 Top5 100.00
2025-12-30 15:56:31,010 - INFO  - [NUDE][TRAIN] Epoch 76/100 Iter 40/390 Loss 0.0040 Top1 99.94 Top5 100.00
2025-12-30 15:56:36,911 - INFO  - [NUDE][TRAIN] Epoch 76/100 Iter 60/390 Loss 0.0052 Top1 99.88 Top5 100.00
2025-12-30 15:56:42,870 - INFO  - [NUDE][TRAIN] Epoch 76/100 Iter 80/390 Loss 0.0054 Top1 99.88 Top5 100.00
2025-12-30 15:56:48,844 - INFO  - [NUDE][TRAIN] Epoch 76/100 Iter 100/390 Loss 0.0052 Top1 99.88 Top5 100.00
2025-12-30 15:56:54,759 - INFO  - [NUDE][TRAIN] Epoch 76/100 Iter 120/390 Loss 0.0053 Top1 99.89 Top5 100.00
2025-12-30 15:57:00,768 - INFO  - [NUDE][TRAIN] Epoch 76/100 Iter 140/390 Loss 0.0054 Top1 99.87 Top5 100.00
2025-12-30 15:57:06,679 - INFO  - [NUDE][TRAIN] Epoch 76/100 Iter 160/390 Loss 0.0051 Top1 99.88 Top5 100.00
2025-12-30 15:57:12,661 - INFO  - [NUDE][TRAIN] Epoch 76/100 Iter 180/390 Loss 0.0049 Top1 99.90 Top5 100.00
2025-12-30 15:57:18,662 - INFO  - [NUDE][TRAIN] Epoch 76/100 Iter 200/390 Loss 0.0049 Top1 99.89 Top5 100.00
2025-12-30 15:57:24,557 - INFO  - [NUDE][TRAIN] Epoch 76/100 Iter 220/390 Loss 0.0050 Top1 99.89 Top5 100.00
2025-12-30 15:57:30,420 - INFO  - [NUDE][TRAIN] Epoch 76/100 Iter 240/390 Loss 0.0049 Top1 99.89 Top5 100.00
2025-12-30 15:57:36,224 - INFO  - [NUDE][TRAIN] Epoch 76/100 Iter 260/390 Loss 0.0048 Top1 99.90 Top5 100.00
2025-12-30 15:57:42,177 - INFO  - [NUDE][TRAIN] Epoch 76/100 Iter 280/390 Loss 0.0050 Top1 99.89 Top5 100.00
2025-12-30 15:57:48,205 - INFO  - [NUDE][TRAIN] Epoch 76/100 Iter 300/390 Loss 0.0050 Top1 99.89 Top5 100.00
2025-12-30 15:57:54,106 - INFO  - [NUDE][TRAIN] Epoch 76/100 Iter 320/390 Loss 0.0050 Top1 99.89 Top5 100.00
2025-12-30 15:58:00,105 - INFO  - [NUDE][TRAIN] Epoch 76/100 Iter 340/390 Loss 0.0050 Top1 99.88 Top5 100.00
2025-12-30 15:58:06,039 - INFO  - [NUDE][TRAIN] Epoch 76/100 Iter 360/390 Loss 0.0050 Top1 99.88 Top5 100.00
2025-12-30 15:58:12,002 - INFO  - [NUDE][TRAIN] Epoch 76/100 Iter 380/390 Loss 0.0050 Top1 99.88 Top5 100.00
2025-12-30 15:58:15,008 - INFO  - [NUDE] Validate: force max bit-width W/A = 6
2025-12-30 15:58:17,346 - INFO  - [NUDE][EPOCH] 76/100 Train: Top1=99.89 Top5=100.00 Loss=0.0049 | Val(EMA): Top1=93.31
2025-12-30 15:58:17,346 - INFO  -   ⏱️  本Epoch耗时: 1分58秒 | 平均Epoch耗时: 1分58秒 | 剩余Epoch数: 23
2025-12-30 15:58:17,346 - INFO  -   📅 预估剩余时间: 45分25秒 | 预估完成时间: 2025-12-30 16:43:43
2025-12-30 15:58:18,043 - INFO  - ([77] Epoch) Saving checkpoint to:
             Current: /root/autodl-tmp/retraining-free-quantization/training/r18_c10_nude_0.02_all_bits_orth/r18_c10_nude_0.02_all_bits_orth_checkpoint.pth.tar

2025-12-30 15:58:18,046 - INFO  - 🎲 Epoch 77: FaultInjector seed rotated to 119
2025-12-30 15:58:18,054 - INFO  - [NUDE] Epoch 77: force max bit-width W/A = 6
2025-12-30 15:58:18,054 - INFO  - ================================================================================
2025-12-30 15:58:18,054 - INFO  - 🔥 [NUDE] BFAT ACTIVE
2025-12-30 15:58:18,054 - INFO  -    Loss Type: direct_ce
2025-12-30 15:58:18,054 - INFO  -    Proj Mode: orthogonal
2025-12-30 15:58:18,054 - INFO  -    Injection: All Bits
2025-12-30 15:58:18,054 - INFO  - ================================================================================
2025-12-30 15:58:24,184 - INFO  - [NUDE][TRAIN] Epoch 77/100 Iter 20/390 Loss 0.0039 Top1 99.92 Top5 100.00
2025-12-30 15:58:30,215 - INFO  - [NUDE][TRAIN] Epoch 77/100 Iter 40/390 Loss 0.0051 Top1 99.88 Top5 100.00
2025-12-30 15:58:36,102 - INFO  - [NUDE][TRAIN] Epoch 77/100 Iter 60/390 Loss 0.0050 Top1 99.90 Top5 100.00
2025-12-30 15:58:42,079 - INFO  - [NUDE][TRAIN] Epoch 77/100 Iter 80/390 Loss 0.0050 Top1 99.91 Top5 100.00
2025-12-30 15:58:48,083 - INFO  - [NUDE][TRAIN] Epoch 77/100 Iter 100/390 Loss 0.0047 Top1 99.91 Top5 100.00
2025-12-30 15:58:53,956 - INFO  - [NUDE][TRAIN] Epoch 77/100 Iter 120/390 Loss 0.0045 Top1 99.92 Top5 100.00
2025-12-30 15:58:59,942 - INFO  - [NUDE][TRAIN] Epoch 77/100 Iter 140/390 Loss 0.0045 Top1 99.91 Top5 100.00
2025-12-30 15:59:05,783 - INFO  - [NUDE][TRAIN] Epoch 77/100 Iter 160/390 Loss 0.0044 Top1 99.91 Top5 100.00
2025-12-30 15:59:11,670 - INFO  - [NUDE][TRAIN] Epoch 77/100 Iter 180/390 Loss 0.0047 Top1 99.90 Top5 100.00
2025-12-30 15:59:17,557 - INFO  - [NUDE][TRAIN] Epoch 77/100 Iter 200/390 Loss 0.0046 Top1 99.90 Top5 100.00
2025-12-30 15:59:23,417 - INFO  - [NUDE][TRAIN] Epoch 77/100 Iter 220/390 Loss 0.0047 Top1 99.89 Top5 100.00
2025-12-30 15:59:29,426 - INFO  - [NUDE][TRAIN] Epoch 77/100 Iter 240/390 Loss 0.0049 Top1 99.88 Top5 100.00
2025-12-30 15:59:35,303 - INFO  - [NUDE][TRAIN] Epoch 77/100 Iter 260/390 Loss 0.0049 Top1 99.89 Top5 100.00
2025-12-30 15:59:41,332 - INFO  - [NUDE][TRAIN] Epoch 77/100 Iter 280/390 Loss 0.0049 Top1 99.87 Top5 100.00
2025-12-30 15:59:47,327 - INFO  - [NUDE][TRAIN] Epoch 77/100 Iter 300/390 Loss 0.0049 Top1 99.88 Top5 100.00
2025-12-30 15:59:53,196 - INFO  - [NUDE][TRAIN] Epoch 77/100 Iter 320/390 Loss 0.0049 Top1 99.88 Top5 100.00
2025-12-30 15:59:59,163 - INFO  - [NUDE][TRAIN] Epoch 77/100 Iter 340/390 Loss 0.0049 Top1 99.87 Top5 100.00
2025-12-30 16:00:05,226 - INFO  - [NUDE][TRAIN] Epoch 77/100 Iter 360/390 Loss 0.0049 Top1 99.88 Top5 100.00
2025-12-30 16:00:11,219 - INFO  - [NUDE][TRAIN] Epoch 77/100 Iter 380/390 Loss 0.0049 Top1 99.88 Top5 100.00
2025-12-30 16:00:14,202 - INFO  - [NUDE] Validate: force max bit-width W/A = 6
2025-12-30 16:00:16,495 - INFO  - [NUDE][EPOCH] 77/100 Train: Top1=99.88 Top5=100.00 Loss=0.0048 | Val(EMA): Top1=93.36
2025-12-30 16:00:16,495 - INFO  -   ⏱️  本Epoch耗时: 1分58秒 | 平均Epoch耗时: 1分58秒 | 剩余Epoch数: 22
2025-12-30 16:00:16,496 - INFO  -   📅 预估剩余时间: 43分25秒 | 预估完成时间: 2025-12-30 16:43:42
2025-12-30 16:00:17,210 - INFO  - ([78] Epoch) Saving checkpoint to:
             Current: /root/autodl-tmp/retraining-free-quantization/training/r18_c10_nude_0.02_all_bits_orth/r18_c10_nude_0.02_all_bits_orth_checkpoint.pth.tar

2025-12-30 16:00:17,213 - INFO  - 🎲 Epoch 78: FaultInjector seed rotated to 120
2025-12-30 16:00:17,221 - INFO  - [NUDE] Epoch 78: force max bit-width W/A = 6
2025-12-30 16:00:17,221 - INFO  - ================================================================================
2025-12-30 16:00:17,221 - INFO  - 🔥 [NUDE] BFAT ACTIVE
2025-12-30 16:00:17,221 - INFO  -    Loss Type: direct_ce
2025-12-30 16:00:17,221 - INFO  -    Proj Mode: orthogonal
2025-12-30 16:00:17,221 - INFO  -    Injection: All Bits
2025-12-30 16:00:17,221 - INFO  - ================================================================================
2025-12-30 16:00:23,390 - INFO  - [NUDE][TRAIN] Epoch 78/100 Iter 20/390 Loss 0.0031 Top1 99.96 Top5 100.00
2025-12-30 16:00:29,447 - INFO  - [NUDE][TRAIN] Epoch 78/100 Iter 40/390 Loss 0.0037 Top1 99.94 Top5 100.00
2025-12-30 16:00:35,402 - INFO  - [NUDE][TRAIN] Epoch 78/100 Iter 60/390 Loss 0.0038 Top1 99.95 Top5 100.00
2025-12-30 16:00:41,455 - INFO  - [NUDE][TRAIN] Epoch 78/100 Iter 80/390 Loss 0.0040 Top1 99.92 Top5 100.00
2025-12-30 16:00:47,374 - INFO  - [NUDE][TRAIN] Epoch 78/100 Iter 100/390 Loss 0.0041 Top1 99.91 Top5 100.00
2025-12-30 16:00:53,199 - INFO  - [NUDE][TRAIN] Epoch 78/100 Iter 120/390 Loss 0.0040 Top1 99.92 Top5 100.00
2025-12-30 16:00:59,129 - INFO  - [NUDE][TRAIN] Epoch 78/100 Iter 140/390 Loss 0.0041 Top1 99.92 Top5 100.00
2025-12-30 16:01:05,041 - INFO  - [NUDE][TRAIN] Epoch 78/100 Iter 160/390 Loss 0.0041 Top1 99.91 Top5 100.00
2025-12-30 16:01:11,009 - INFO  - [NUDE][TRAIN] Epoch 78/100 Iter 180/390 Loss 0.0041 Top1 99.90 Top5 100.00
2025-12-30 16:01:17,007 - INFO  - [NUDE][TRAIN] Epoch 78/100 Iter 200/390 Loss 0.0041 Top1 99.91 Top5 100.00
2025-12-30 16:01:22,949 - INFO  - [NUDE][TRAIN] Epoch 78/100 Iter 220/390 Loss 0.0040 Top1 99.91 Top5 100.00
2025-12-30 16:01:28,946 - INFO  - [NUDE][TRAIN] Epoch 78/100 Iter 240/390 Loss 0.0041 Top1 99.92 Top5 100.00
2025-12-30 16:01:34,825 - INFO  - [NUDE][TRAIN] Epoch 78/100 Iter 260/390 Loss 0.0041 Top1 99.91 Top5 100.00
2025-12-30 16:01:40,876 - INFO  - [NUDE][TRAIN] Epoch 78/100 Iter 280/390 Loss 0.0042 Top1 99.91 Top5 100.00
2025-12-30 16:01:46,893 - INFO  - [NUDE][TRAIN] Epoch 78/100 Iter 300/390 Loss 0.0042 Top1 99.91 Top5 100.00
2025-12-30 16:01:52,797 - INFO  - [NUDE][TRAIN] Epoch 78/100 Iter 320/390 Loss 0.0042 Top1 99.90 Top5 100.00
2025-12-30 16:01:58,832 - INFO  - [NUDE][TRAIN] Epoch 78/100 Iter 340/390 Loss 0.0042 Top1 99.91 Top5 100.00
2025-12-30 16:02:04,759 - INFO  - [NUDE][TRAIN] Epoch 78/100 Iter 360/390 Loss 0.0043 Top1 99.90 Top5 100.00
2025-12-30 16:02:10,740 - INFO  - [NUDE][TRAIN] Epoch 78/100 Iter 380/390 Loss 0.0043 Top1 99.90 Top5 100.00
2025-12-30 16:02:13,747 - INFO  - [NUDE] Validate: force max bit-width W/A = 6
2025-12-30 16:02:16,034 - INFO  - [NUDE][EPOCH] 78/100 Train: Top1=99.90 Top5=100.00 Loss=0.0042 | Val(EMA): Top1=93.36
2025-12-30 16:02:16,034 - INFO  -   ⏱️  本Epoch耗时: 1分58秒 | 平均Epoch耗时: 1分58秒 | 剩余Epoch数: 21
2025-12-30 16:02:16,034 - INFO  -   📅 预估剩余时间: 41分29秒 | 预估完成时间: 2025-12-30 16:43:45
2025-12-30 16:02:16,745 - INFO  - ([79] Epoch) Saving checkpoint to:
             Current: /root/autodl-tmp/retraining-free-quantization/training/r18_c10_nude_0.02_all_bits_orth/r18_c10_nude_0.02_all_bits_orth_checkpoint.pth.tar

2025-12-30 16:02:16,748 - INFO  - 🎲 Epoch 79: FaultInjector seed rotated to 121
2025-12-30 16:02:16,756 - INFO  - [NUDE] Epoch 79: force max bit-width W/A = 6
2025-12-30 16:02:16,756 - INFO  - ================================================================================
2025-12-30 16:02:16,756 - INFO  - 🔥 [NUDE] BFAT ACTIVE
2025-12-30 16:02:16,756 - INFO  -    Loss Type: direct_ce
2025-12-30 16:02:16,756 - INFO  -    Proj Mode: orthogonal
2025-12-30 16:02:16,757 - INFO  -    Injection: All Bits
2025-12-30 16:02:16,757 - INFO  - ================================================================================
2025-12-30 16:02:22,825 - INFO  - [NUDE][TRAIN] Epoch 79/100 Iter 20/390 Loss 0.0037 Top1 99.92 Top5 100.00
2025-12-30 16:02:28,737 - INFO  - [NUDE][TRAIN] Epoch 79/100 Iter 40/390 Loss 0.0034 Top1 99.92 Top5 100.00
2025-12-30 16:02:34,537 - INFO  - [NUDE][TRAIN] Epoch 79/100 Iter 60/390 Loss 0.0031 Top1 99.93 Top5 100.00
2025-12-30 16:02:40,509 - INFO  - [NUDE][TRAIN] Epoch 79/100 Iter 80/390 Loss 0.0029 Top1 99.93 Top5 100.00
2025-12-30 16:02:46,507 - INFO  - [NUDE][TRAIN] Epoch 79/100 Iter 100/390 Loss 0.0028 Top1 99.94 Top5 100.00
2025-12-30 16:02:52,385 - INFO  - [NUDE][TRAIN] Epoch 79/100 Iter 120/390 Loss 0.0034 Top1 99.92 Top5 100.00
2025-12-30 16:02:58,421 - INFO  - [NUDE][TRAIN] Epoch 79/100 Iter 140/390 Loss 0.0034 Top1 99.91 Top5 100.00
2025-12-30 16:03:04,337 - INFO  - [NUDE][TRAIN] Epoch 79/100 Iter 160/390 Loss 0.0033 Top1 99.91 Top5 100.00
2025-12-30 16:03:10,375 - INFO  - [NUDE][TRAIN] Epoch 79/100 Iter 180/390 Loss 0.0033 Top1 99.91 Top5 100.00
2025-12-30 16:03:16,356 - INFO  - [NUDE][TRAIN] Epoch 79/100 Iter 200/390 Loss 0.0033 Top1 99.92 Top5 100.00
2025-12-30 16:03:22,268 - INFO  - [NUDE][TRAIN] Epoch 79/100 Iter 220/390 Loss 0.0033 Top1 99.91 Top5 100.00
2025-12-30 16:03:28,268 - INFO  - [NUDE][TRAIN] Epoch 79/100 Iter 240/390 Loss 0.0033 Top1 99.92 Top5 100.00
2025-12-30 16:03:34,156 - INFO  - [NUDE][TRAIN] Epoch 79/100 Iter 260/390 Loss 0.0032 Top1 99.92 Top5 100.00
2025-12-30 16:03:40,132 - INFO  - [NUDE][TRAIN] Epoch 79/100 Iter 280/390 Loss 0.0032 Top1 99.92 Top5 100.00
2025-12-30 16:03:46,135 - INFO  - [NUDE][TRAIN] Epoch 79/100 Iter 300/390 Loss 0.0032 Top1 99.93 Top5 100.00
2025-12-30 16:03:52,037 - INFO  - [NUDE][TRAIN] Epoch 79/100 Iter 320/390 Loss 0.0032 Top1 99.93 Top5 100.00
2025-12-30 16:03:58,011 - INFO  - [NUDE][TRAIN] Epoch 79/100 Iter 340/390 Loss 0.0032 Top1 99.94 Top5 100.00
2025-12-30 16:04:03,808 - INFO  - [NUDE][TRAIN] Epoch 79/100 Iter 360/390 Loss 0.0032 Top1 99.94 Top5 100.00
2025-12-30 16:04:09,713 - INFO  - [NUDE][TRAIN] Epoch 79/100 Iter 380/390 Loss 0.0032 Top1 99.94 Top5 100.00
2025-12-30 16:04:12,663 - INFO  - [NUDE] Validate: force max bit-width W/A = 6
2025-12-30 16:04:14,932 - INFO  - [NUDE][EPOCH] 79/100 Train: Top1=99.94 Top5=100.00 Loss=0.0032 | Val(EMA): Top1=93.38
2025-12-30 16:04:14,932 - INFO  -   ⏱️  本Epoch耗时: 1分58秒 | 平均Epoch耗时: 1分58秒 | 剩余Epoch数: 20
2025-12-30 16:04:14,932 - INFO  -   📅 预估剩余时间: 39分30秒 | 预估完成时间: 2025-12-30 16:43:45
2025-12-30 16:04:15,527 - INFO  - ([80] Epoch) Saving checkpoint to:
             Current: /root/autodl-tmp/retraining-free-quantization/training/r18_c10_nude_0.02_all_bits_orth/r18_c10_nude_0.02_all_bits_orth_checkpoint.pth.tar

2025-12-30 16:04:15,530 - INFO  - 🎲 Epoch 80: FaultInjector seed rotated to 122
2025-12-30 16:04:15,537 - INFO  - [NUDE] Epoch 80: force max bit-width W/A = 6
2025-12-30 16:04:15,537 - INFO  - ================================================================================
2025-12-30 16:04:15,537 - INFO  - 🔥 [NUDE] BFAT ACTIVE
2025-12-30 16:04:15,537 - INFO  -    Loss Type: direct_ce
2025-12-30 16:04:15,537 - INFO  -    Proj Mode: orthogonal
2025-12-30 16:04:15,537 - INFO  -    Injection: All Bits
2025-12-30 16:04:15,538 - INFO  - ================================================================================
2025-12-30 16:04:21,680 - INFO  - [NUDE][TRAIN] Epoch 80/100 Iter 20/390 Loss 0.0042 Top1 99.84 Top5 100.00
2025-12-30 16:04:27,699 - INFO  - [NUDE][TRAIN] Epoch 80/100 Iter 40/390 Loss 0.0034 Top1 99.88 Top5 100.00
2025-12-30 16:04:33,580 - INFO  - [NUDE][TRAIN] Epoch 80/100 Iter 60/390 Loss 0.0033 Top1 99.91 Top5 100.00
2025-12-30 16:04:39,584 - INFO  - [NUDE][TRAIN] Epoch 80/100 Iter 80/390 Loss 0.0035 Top1 99.89 Top5 100.00
2025-12-30 16:04:45,571 - INFO  - [NUDE][TRAIN] Epoch 80/100 Iter 100/390 Loss 0.0036 Top1 99.90 Top5 100.00
2025-12-30 16:04:51,464 - INFO  - [NUDE][TRAIN] Epoch 80/100 Iter 120/390 Loss 0.0034 Top1 99.92 Top5 100.00
2025-12-30 16:04:57,449 - INFO  - [NUDE][TRAIN] Epoch 80/100 Iter 140/390 Loss 0.0033 Top1 99.92 Top5 100.00
2025-12-30 16:05:03,364 - INFO  - [NUDE][TRAIN] Epoch 80/100 Iter 160/390 Loss 0.0034 Top1 99.92 Top5 100.00
2025-12-30 16:05:09,372 - INFO  - [NUDE][TRAIN] Epoch 80/100 Iter 180/390 Loss 0.0034 Top1 99.92 Top5 100.00
2025-12-30 16:05:15,348 - INFO  - [NUDE][TRAIN] Epoch 80/100 Iter 200/390 Loss 0.0033 Top1 99.93 Top5 100.00
2025-12-30 16:05:21,269 - INFO  - [NUDE][TRAIN] Epoch 80/100 Iter 220/390 Loss 0.0034 Top1 99.93 Top5 100.00
2025-12-30 16:05:27,288 - INFO  - [NUDE][TRAIN] Epoch 80/100 Iter 240/390 Loss 0.0035 Top1 99.93 Top5 100.00
2025-12-30 16:05:33,196 - INFO  - [NUDE][TRAIN] Epoch 80/100 Iter 260/390 Loss 0.0036 Top1 99.92 Top5 100.00
2025-12-30 16:05:39,195 - INFO  - [NUDE][TRAIN] Epoch 80/100 Iter 280/390 Loss 0.0036 Top1 99.92 Top5 100.00
2025-12-30 16:05:45,073 - INFO  - [NUDE][TRAIN] Epoch 80/100 Iter 300/390 Loss 0.0035 Top1 99.93 Top5 100.00
2025-12-30 16:05:50,891 - INFO  - [NUDE][TRAIN] Epoch 80/100 Iter 320/390 Loss 0.0034 Top1 99.93 Top5 100.00
2025-12-30 16:05:56,932 - INFO  - [NUDE][TRAIN] Epoch 80/100 Iter 340/390 Loss 0.0035 Top1 99.93 Top5 100.00
2025-12-30 16:06:02,820 - INFO  - [NUDE][TRAIN] Epoch 80/100 Iter 360/390 Loss 0.0034 Top1 99.93 Top5 100.00
2025-12-30 16:06:08,796 - INFO  - [NUDE][TRAIN] Epoch 80/100 Iter 380/390 Loss 0.0035 Top1 99.93 Top5 100.00
2025-12-30 16:06:11,805 - INFO  - [NUDE] Validate: force max bit-width W/A = 6
2025-12-30 16:06:14,073 - INFO  - [NUDE][EPOCH] 80/100 Train: Top1=99.93 Top5=100.00 Loss=0.0035 | Val(EMA): Top1=93.32
2025-12-30 16:06:14,074 - INFO  -   ⏱️  本Epoch耗时: 1分58秒 | 平均Epoch耗时: 1分58秒 | 剩余Epoch数: 19
2025-12-30 16:06:14,074 - INFO  -   📅 预估剩余时间: 37分31秒 | 预估完成时间: 2025-12-30 16:43:45
2025-12-30 16:06:14,790 - INFO  - ([81] Epoch) Saving checkpoint to:
             Current: /root/autodl-tmp/retraining-free-quantization/training/r18_c10_nude_0.02_all_bits_orth/r18_c10_nude_0.02_all_bits_orth_checkpoint.pth.tar

2025-12-30 16:06:14,793 - INFO  - 🎲 Epoch 81: FaultInjector seed rotated to 123
2025-12-30 16:06:14,801 - INFO  - [NUDE] Epoch 81: force max bit-width W/A = 6
2025-12-30 16:06:14,801 - INFO  - ================================================================================
2025-12-30 16:06:14,801 - INFO  - 🔥 [NUDE] BFAT ACTIVE
2025-12-30 16:06:14,801 - INFO  -    Loss Type: direct_ce
2025-12-30 16:06:14,801 - INFO  -    Proj Mode: orthogonal
2025-12-30 16:06:14,801 - INFO  -    Injection: All Bits
2025-12-30 16:06:14,801 - INFO  - ================================================================================
2025-12-30 16:06:20,951 - INFO  - [NUDE][TRAIN] Epoch 81/100 Iter 20/390 Loss 0.0038 Top1 99.92 Top5 100.00
2025-12-30 16:06:26,976 - INFO  - [NUDE][TRAIN] Epoch 81/100 Iter 40/390 Loss 0.0035 Top1 99.92 Top5 100.00
2025-12-30 16:06:32,863 - INFO  - [NUDE][TRAIN] Epoch 81/100 Iter 60/390 Loss 0.0037 Top1 99.90 Top5 100.00
2025-12-30 16:06:38,839 - INFO  - [NUDE][TRAIN] Epoch 81/100 Iter 80/390 Loss 0.0036 Top1 99.90 Top5 100.00
2025-12-30 16:06:44,868 - INFO  - [NUDE][TRAIN] Epoch 81/100 Iter 100/390 Loss 0.0037 Top1 99.90 Top5 100.00
2025-12-30 16:06:50,772 - INFO  - [NUDE][TRAIN] Epoch 81/100 Iter 120/390 Loss 0.0038 Top1 99.88 Top5 100.00
2025-12-30 16:06:56,788 - INFO  - [NUDE][TRAIN] Epoch 81/100 Iter 140/390 Loss 0.0038 Top1 99.89 Top5 100.00
2025-12-30 16:07:02,700 - INFO  - [NUDE][TRAIN] Epoch 81/100 Iter 160/390 Loss 0.0037 Top1 99.90 Top5 100.00
2025-12-30 16:07:08,689 - INFO  - [NUDE][TRAIN] Epoch 81/100 Iter 180/390 Loss 0.0037 Top1 99.91 Top5 100.00
2025-12-30 16:07:14,700 - INFO  - [NUDE][TRAIN] Epoch 81/100 Iter 200/390 Loss 0.0037 Top1 99.91 Top5 100.00
2025-12-30 16:07:20,484 - INFO  - [NUDE][TRAIN] Epoch 81/100 Iter 220/390 Loss 0.0038 Top1 99.91 Top5 100.00
2025-12-30 16:07:26,377 - INFO  - [NUDE][TRAIN] Epoch 81/100 Iter 240/390 Loss 0.0038 Top1 99.91 Top5 100.00
2025-12-30 16:07:32,216 - INFO  - [NUDE][TRAIN] Epoch 81/100 Iter 260/390 Loss 0.0036 Top1 99.91 Top5 100.00
2025-12-30 16:07:38,185 - INFO  - [NUDE][TRAIN] Epoch 81/100 Iter 280/390 Loss 0.0036 Top1 99.91 Top5 100.00
2025-12-30 16:07:44,147 - INFO  - [NUDE][TRAIN] Epoch 81/100 Iter 300/390 Loss 0.0035 Top1 99.92 Top5 100.00
2025-12-30 16:07:50,026 - INFO  - [NUDE][TRAIN] Epoch 81/100 Iter 320/390 Loss 0.0035 Top1 99.92 Top5 100.00
2025-12-30 16:07:55,998 - INFO  - [NUDE][TRAIN] Epoch 81/100 Iter 340/390 Loss 0.0034 Top1 99.92 Top5 100.00
2025-12-30 16:08:01,895 - INFO  - [NUDE][TRAIN] Epoch 81/100 Iter 360/390 Loss 0.0034 Top1 99.92 Top5 100.00
2025-12-30 16:08:07,890 - INFO  - [NUDE][TRAIN] Epoch 81/100 Iter 380/390 Loss 0.0033 Top1 99.92 Top5 100.00
2025-12-30 16:08:10,896 - INFO  - [NUDE] Validate: force max bit-width W/A = 6
2025-12-30 16:08:13,182 - INFO  - [NUDE][EPOCH] 81/100 Train: Top1=99.92 Top5=100.00 Loss=0.0034 | Val(EMA): Top1=93.27
2025-12-30 16:08:13,182 - INFO  -   ⏱️  本Epoch耗时: 1分58秒 | 平均Epoch耗时: 1分58秒 | 剩余Epoch数: 18
2025-12-30 16:08:13,182 - INFO  -   📅 预估剩余时间: 35分32秒 | 预估完成时间: 2025-12-30 16:43:45
2025-12-30 16:08:13,921 - INFO  - ([82] Epoch) Saving checkpoint to:
             Current: /root/autodl-tmp/retraining-free-quantization/training/r18_c10_nude_0.02_all_bits_orth/r18_c10_nude_0.02_all_bits_orth_checkpoint.pth.tar

2025-12-30 16:08:13,924 - INFO  - 🎲 Epoch 82: FaultInjector seed rotated to 124
2025-12-30 16:08:13,932 - INFO  - [NUDE] Epoch 82: force max bit-width W/A = 6
2025-12-30 16:08:13,932 - INFO  - ================================================================================
2025-12-30 16:08:13,932 - INFO  - 🔥 [NUDE] BFAT ACTIVE
2025-12-30 16:08:13,932 - INFO  -    Loss Type: direct_ce
2025-12-30 16:08:13,932 - INFO  -    Proj Mode: orthogonal
2025-12-30 16:08:13,932 - INFO  -    Injection: All Bits
2025-12-30 16:08:13,932 - INFO  - ================================================================================
2025-12-30 16:08:20,032 - INFO  - [NUDE][TRAIN] Epoch 82/100 Iter 20/390 Loss 0.0026 Top1 99.96 Top5 100.00
2025-12-30 16:08:26,066 - INFO  - [NUDE][TRAIN] Epoch 82/100 Iter 40/390 Loss 0.0025 Top1 99.96 Top5 100.00
2025-12-30 16:08:31,991 - INFO  - [NUDE][TRAIN] Epoch 82/100 Iter 60/390 Loss 0.0024 Top1 99.96 Top5 100.00
2025-12-30 16:08:38,015 - INFO  - [NUDE][TRAIN] Epoch 82/100 Iter 80/390 Loss 0.0025 Top1 99.96 Top5 100.00
2025-12-30 16:08:44,001 - INFO  - [NUDE][TRAIN] Epoch 82/100 Iter 100/390 Loss 0.0028 Top1 99.96 Top5 100.00
2025-12-30 16:08:49,875 - INFO  - [NUDE][TRAIN] Epoch 82/100 Iter 120/390 Loss 0.0027 Top1 99.97 Top5 100.00
2025-12-30 16:08:55,803 - INFO  - [NUDE][TRAIN] Epoch 82/100 Iter 140/390 Loss 0.0027 Top1 99.96 Top5 100.00
2025-12-30 16:09:01,587 - INFO  - [NUDE][TRAIN] Epoch 82/100 Iter 160/390 Loss 0.0029 Top1 99.95 Top5 100.00
2025-12-30 16:09:07,506 - INFO  - [NUDE][TRAIN] Epoch 82/100 Iter 180/390 Loss 0.0030 Top1 99.94 Top5 100.00
2025-12-30 16:09:13,537 - INFO  - [NUDE][TRAIN] Epoch 82/100 Iter 200/390 Loss 0.0032 Top1 99.93 Top5 100.00
2025-12-30 16:09:19,487 - INFO  - [NUDE][TRAIN] Epoch 82/100 Iter 220/390 Loss 0.0032 Top1 99.94 Top5 100.00
2025-12-30 16:09:25,504 - INFO  - [NUDE][TRAIN] Epoch 82/100 Iter 240/390 Loss 0.0032 Top1 99.93 Top5 100.00
2025-12-30 16:09:31,406 - INFO  - [NUDE][TRAIN] Epoch 82/100 Iter 260/390 Loss 0.0032 Top1 99.93 Top5 100.00
2025-12-30 16:09:37,386 - INFO  - [NUDE][TRAIN] Epoch 82/100 Iter 280/390 Loss 0.0033 Top1 99.94 Top5 100.00
2025-12-30 16:09:43,414 - INFO  - [NUDE][TRAIN] Epoch 82/100 Iter 300/390 Loss 0.0032 Top1 99.93 Top5 100.00
2025-12-30 16:09:49,355 - INFO  - [NUDE][TRAIN] Epoch 82/100 Iter 320/390 Loss 0.0032 Top1 99.94 Top5 100.00
2025-12-30 16:09:55,327 - INFO  - [NUDE][TRAIN] Epoch 82/100 Iter 340/390 Loss 0.0033 Top1 99.93 Top5 100.00
2025-12-30 16:10:01,231 - INFO  - [NUDE][TRAIN] Epoch 82/100 Iter 360/390 Loss 0.0033 Top1 99.93 Top5 100.00
2025-12-30 16:10:07,239 - INFO  - [NUDE][TRAIN] Epoch 82/100 Iter 380/390 Loss 0.0032 Top1 99.94 Top5 100.00
2025-12-30 16:10:10,231 - INFO  - [NUDE] Validate: force max bit-width W/A = 6
2025-12-30 16:10:12,531 - INFO  - [NUDE][EPOCH] 82/100 Train: Top1=99.94 Top5=100.00 Loss=0.0032 | Val(EMA): Top1=93.36
2025-12-30 16:10:12,531 - INFO  -   ⏱️  本Epoch耗时: 1分58秒 | 平均Epoch耗时: 1分58秒 | 剩余Epoch数: 17
2025-12-30 16:10:12,531 - INFO  -   📅 预估剩余时间: 33分34秒 | 预估完成时间: 2025-12-30 16:43:47
2025-12-30 16:10:13,252 - INFO  - ([83] Epoch) Saving checkpoint to:
             Current: /root/autodl-tmp/retraining-free-quantization/training/r18_c10_nude_0.02_all_bits_orth/r18_c10_nude_0.02_all_bits_orth_checkpoint.pth.tar

2025-12-30 16:10:13,255 - INFO  - 🎲 Epoch 83: FaultInjector seed rotated to 125
2025-12-30 16:10:13,265 - INFO  - [NUDE] Epoch 83: force max bit-width W/A = 6
2025-12-30 16:10:13,265 - INFO  - ================================================================================
2025-12-30 16:10:13,265 - INFO  - 🔥 [NUDE] BFAT ACTIVE
2025-12-30 16:10:13,265 - INFO  -    Loss Type: direct_ce
2025-12-30 16:10:13,265 - INFO  -    Proj Mode: orthogonal
2025-12-30 16:10:13,265 - INFO  -    Injection: All Bits
2025-12-30 16:10:13,265 - INFO  - ================================================================================
2025-12-30 16:10:19,385 - INFO  - [NUDE][TRAIN] Epoch 83/100 Iter 20/390 Loss 0.0022 Top1 99.96 Top5 100.00
2025-12-30 16:10:25,396 - INFO  - [NUDE][TRAIN] Epoch 83/100 Iter 40/390 Loss 0.0030 Top1 99.90 Top5 100.00
2025-12-30 16:10:31,307 - INFO  - [NUDE][TRAIN] Epoch 83/100 Iter 60/390 Loss 0.0031 Top1 99.92 Top5 100.00
2025-12-30 16:10:37,243 - INFO  - [NUDE][TRAIN] Epoch 83/100 Iter 80/390 Loss 0.0034 Top1 99.92 Top5 100.00
2025-12-30 16:10:43,147 - INFO  - [NUDE][TRAIN] Epoch 83/100 Iter 100/390 Loss 0.0032 Top1 99.94 Top5 100.00
2025-12-30 16:10:49,016 - INFO  - [NUDE][TRAIN] Epoch 83/100 Iter 120/390 Loss 0.0030 Top1 99.95 Top5 100.00
2025-12-30 16:10:55,013 - INFO  - [NUDE][TRAIN] Epoch 83/100 Iter 140/390 Loss 0.0028 Top1 99.96 Top5 100.00
2025-12-30 16:11:00,895 - INFO  - [NUDE][TRAIN] Epoch 83/100 Iter 160/390 Loss 0.0029 Top1 99.96 Top5 100.00
2025-12-30 16:11:06,913 - INFO  - [NUDE][TRAIN] Epoch 83/100 Iter 180/390 Loss 0.0028 Top1 99.96 Top5 100.00
2025-12-30 16:11:12,959 - INFO  - [NUDE][TRAIN] Epoch 83/100 Iter 200/390 Loss 0.0029 Top1 99.95 Top5 100.00
2025-12-30 16:11:18,884 - INFO  - [NUDE][TRAIN] Epoch 83/100 Iter 220/390 Loss 0.0029 Top1 99.95 Top5 100.00
2025-12-30 16:11:24,861 - INFO  - [NUDE][TRAIN] Epoch 83/100 Iter 240/390 Loss 0.0030 Top1 99.94 Top5 100.00
2025-12-30 16:11:30,743 - INFO  - [NUDE][TRAIN] Epoch 83/100 Iter 260/390 Loss 0.0030 Top1 99.94 Top5 100.00
2025-12-30 16:11:36,730 - INFO  - [NUDE][TRAIN] Epoch 83/100 Iter 280/390 Loss 0.0029 Top1 99.94 Top5 100.00
2025-12-30 16:11:42,773 - INFO  - [NUDE][TRAIN] Epoch 83/100 Iter 300/390 Loss 0.0029 Top1 99.94 Top5 100.00
2025-12-30 16:11:48,695 - INFO  - [NUDE][TRAIN] Epoch 83/100 Iter 320/390 Loss 0.0029 Top1 99.94 Top5 100.00
2025-12-30 16:11:54,678 - INFO  - [NUDE][TRAIN] Epoch 83/100 Iter 340/390 Loss 0.0030 Top1 99.94 Top5 100.00
2025-12-30 16:12:00,580 - INFO  - [NUDE][TRAIN] Epoch 83/100 Iter 360/390 Loss 0.0029 Top1 99.95 Top5 100.00
2025-12-30 16:12:06,615 - INFO  - [NUDE][TRAIN] Epoch 83/100 Iter 380/390 Loss 0.0030 Top1 99.94 Top5 100.00
2025-12-30 16:12:09,584 - INFO  - [NUDE] Validate: force max bit-width W/A = 6
2025-12-30 16:12:11,827 - INFO  - [NUDE][EPOCH] 83/100 Train: Top1=99.94 Top5=100.00 Loss=0.0030 | Val(EMA): Top1=93.30
2025-12-30 16:12:11,828 - INFO  -   ⏱️  本Epoch耗时: 1分58秒 | 平均Epoch耗时: 1分58秒 | 剩余Epoch数: 16
2025-12-30 16:12:11,828 - INFO  -   📅 预估剩余时间: 31分35秒 | 预估完成时间: 2025-12-30 16:43:47
2025-12-30 16:12:12,506 - INFO  - ([84] Epoch) Saving checkpoint to:
             Current: /root/autodl-tmp/retraining-free-quantization/training/r18_c10_nude_0.02_all_bits_orth/r18_c10_nude_0.02_all_bits_orth_checkpoint.pth.tar

2025-12-30 16:12:12,509 - INFO  - 🎲 Epoch 84: FaultInjector seed rotated to 126
2025-12-30 16:12:12,517 - INFO  - [NUDE] Epoch 84: force max bit-width W/A = 6
2025-12-30 16:12:12,517 - INFO  - ================================================================================
2025-12-30 16:12:12,517 - INFO  - 🔥 [NUDE] BFAT ACTIVE
2025-12-30 16:12:12,517 - INFO  -    Loss Type: direct_ce
2025-12-30 16:12:12,517 - INFO  -    Proj Mode: orthogonal
2025-12-30 16:12:12,518 - INFO  -    Injection: All Bits
2025-12-30 16:12:12,518 - INFO  - ================================================================================
2025-12-30 16:12:18,541 - INFO  - [NUDE][TRAIN] Epoch 84/100 Iter 20/390 Loss 0.0022 Top1 99.96 Top5 100.00
2025-12-30 16:12:24,473 - INFO  - [NUDE][TRAIN] Epoch 84/100 Iter 40/390 Loss 0.0023 Top1 99.96 Top5 100.00
2025-12-30 16:12:30,394 - INFO  - [NUDE][TRAIN] Epoch 84/100 Iter 60/390 Loss 0.0022 Top1 99.96 Top5 100.00
2025-12-30 16:12:36,406 - INFO  - [NUDE][TRAIN] Epoch 84/100 Iter 80/390 Loss 0.0022 Top1 99.96 Top5 100.00
2025-12-30 16:12:42,422 - INFO  - [NUDE][TRAIN] Epoch 84/100 Iter 100/390 Loss 0.0025 Top1 99.95 Top5 100.00
2025-12-30 16:12:48,349 - INFO  - [NUDE][TRAIN] Epoch 84/100 Iter 120/390 Loss 0.0028 Top1 99.93 Top5 100.00
2025-12-30 16:12:54,367 - INFO  - [NUDE][TRAIN] Epoch 84/100 Iter 140/390 Loss 0.0027 Top1 99.94 Top5 100.00
2025-12-30 16:13:00,266 - INFO  - [NUDE][TRAIN] Epoch 84/100 Iter 160/390 Loss 0.0026 Top1 99.95 Top5 100.00
2025-12-30 16:13:06,267 - INFO  - [NUDE][TRAIN] Epoch 84/100 Iter 180/390 Loss 0.0025 Top1 99.95 Top5 100.00
2025-12-30 16:13:12,268 - INFO  - [NUDE][TRAIN] Epoch 84/100 Iter 200/390 Loss 0.0027 Top1 99.95 Top5 100.00
2025-12-30 16:13:18,174 - INFO  - [NUDE][TRAIN] Epoch 84/100 Iter 220/390 Loss 0.0026 Top1 99.95 Top5 100.00
2025-12-30 16:13:24,189 - INFO  - [NUDE][TRAIN] Epoch 84/100 Iter 240/390 Loss 0.0026 Top1 99.95 Top5 100.00
2025-12-30 16:13:30,094 - INFO  - [NUDE][TRAIN] Epoch 84/100 Iter 260/390 Loss 0.0027 Top1 99.95 Top5 100.00
2025-12-30 16:13:36,085 - INFO  - [NUDE][TRAIN] Epoch 84/100 Iter 280/390 Loss 0.0026 Top1 99.95 Top5 100.00
2025-12-30 16:13:42,126 - INFO  - [NUDE][TRAIN] Epoch 84/100 Iter 300/390 Loss 0.0026 Top1 99.95 Top5 100.00
2025-12-30 16:13:47,995 - INFO  - [NUDE][TRAIN] Epoch 84/100 Iter 320/390 Loss 0.0026 Top1 99.95 Top5 100.00
2025-12-30 16:13:53,896 - INFO  - [NUDE][TRAIN] Epoch 84/100 Iter 340/390 Loss 0.0026 Top1 99.95 Top5 100.00
2025-12-30 16:13:59,680 - INFO  - [NUDE][TRAIN] Epoch 84/100 Iter 360/390 Loss 0.0025 Top1 99.95 Top5 100.00
2025-12-30 16:14:05,675 - INFO  - [NUDE][TRAIN] Epoch 84/100 Iter 380/390 Loss 0.0025 Top1 99.95 Top5 100.00
2025-12-30 16:14:08,709 - INFO  - [NUDE] Validate: force max bit-width W/A = 6
2025-12-30 16:14:10,999 - INFO  - [NUDE][EPOCH] 84/100 Train: Top1=99.95 Top5=100.00 Loss=0.0025 | Val(EMA): Top1=93.29
2025-12-30 16:14:10,999 - INFO  -   ⏱️  本Epoch耗时: 1分58秒 | 平均Epoch耗时: 1分58秒 | 剩余Epoch数: 15
2025-12-30 16:14:10,999 - INFO  -   📅 预估剩余时间: 29分37秒 | 预估完成时间: 2025-12-30 16:43:48
2025-12-30 16:14:11,708 - INFO  - ([85] Epoch) Saving checkpoint to:
             Current: /root/autodl-tmp/retraining-free-quantization/training/r18_c10_nude_0.02_all_bits_orth/r18_c10_nude_0.02_all_bits_orth_checkpoint.pth.tar

2025-12-30 16:14:11,711 - INFO  - 🎲 Epoch 85: FaultInjector seed rotated to 127
2025-12-30 16:14:11,719 - INFO  - [NUDE] Epoch 85: force max bit-width W/A = 6
2025-12-30 16:14:11,719 - INFO  - ================================================================================
2025-12-30 16:14:11,719 - INFO  - 🔥 [NUDE] BFAT ACTIVE
2025-12-30 16:14:11,719 - INFO  -    Loss Type: direct_ce
2025-12-30 16:14:11,719 - INFO  -    Proj Mode: orthogonal
2025-12-30 16:14:11,719 - INFO  -    Injection: All Bits
2025-12-30 16:14:11,719 - INFO  - ================================================================================
2025-12-30 16:14:17,862 - INFO  - [NUDE][TRAIN] Epoch 85/100 Iter 20/390 Loss 0.0021 Top1 99.96 Top5 100.00
2025-12-30 16:14:23,863 - INFO  - [NUDE][TRAIN] Epoch 85/100 Iter 40/390 Loss 0.0028 Top1 99.94 Top5 100.00
2025-12-30 16:14:29,763 - INFO  - [NUDE][TRAIN] Epoch 85/100 Iter 60/390 Loss 0.0023 Top1 99.96 Top5 100.00
2025-12-30 16:14:35,759 - INFO  - [NUDE][TRAIN] Epoch 85/100 Iter 80/390 Loss 0.0023 Top1 99.97 Top5 100.00
2025-12-30 16:14:41,814 - INFO  - [NUDE][TRAIN] Epoch 85/100 Iter 100/390 Loss 0.0022 Top1 99.97 Top5 100.00
2025-12-30 16:14:47,716 - INFO  - [NUDE][TRAIN] Epoch 85/100 Iter 120/390 Loss 0.0021 Top1 99.97 Top5 100.00
2025-12-30 16:14:53,737 - INFO  - [NUDE][TRAIN] Epoch 85/100 Iter 140/390 Loss 0.0023 Top1 99.96 Top5 100.00
2025-12-30 16:14:59,672 - INFO  - [NUDE][TRAIN] Epoch 85/100 Iter 160/390 Loss 0.0023 Top1 99.96 Top5 100.00
2025-12-30 16:15:05,680 - INFO  - [NUDE][TRAIN] Epoch 85/100 Iter 180/390 Loss 0.0022 Top1 99.97 Top5 100.00
2025-12-30 16:15:11,641 - INFO  - [NUDE][TRAIN] Epoch 85/100 Iter 200/390 Loss 0.0022 Top1 99.97 Top5 100.00
2025-12-30 16:15:17,536 - INFO  - [NUDE][TRAIN] Epoch 85/100 Iter 220/390 Loss 0.0021 Top1 99.97 Top5 100.00
2025-12-30 16:15:23,532 - INFO  - [NUDE][TRAIN] Epoch 85/100 Iter 240/390 Loss 0.0021 Top1 99.97 Top5 100.00
2025-12-30 16:15:29,333 - INFO  - [NUDE][TRAIN] Epoch 85/100 Iter 260/390 Loss 0.0022 Top1 99.97 Top5 100.00
2025-12-30 16:15:35,249 - INFO  - [NUDE][TRAIN] Epoch 85/100 Iter 280/390 Loss 0.0023 Top1 99.96 Top5 100.00
2025-12-30 16:15:41,214 - INFO  - [NUDE][TRAIN] Epoch 85/100 Iter 300/390 Loss 0.0023 Top1 99.96 Top5 100.00
2025-12-30 16:15:47,128 - INFO  - [NUDE][TRAIN] Epoch 85/100 Iter 320/390 Loss 0.0024 Top1 99.96 Top5 100.00
2025-12-30 16:15:53,095 - INFO  - [NUDE][TRAIN] Epoch 85/100 Iter 340/390 Loss 0.0024 Top1 99.97 Top5 100.00
2025-12-30 16:15:59,008 - INFO  - [NUDE][TRAIN] Epoch 85/100 Iter 360/390 Loss 0.0024 Top1 99.97 Top5 100.00
2025-12-30 16:16:05,751 - INFO  - [NUDE][TRAIN] Epoch 85/100 Iter 380/390 Loss 0.0024 Top1 99.97 Top5 100.00
2025-12-30 16:16:08,789 - INFO  - [NUDE] Validate: force max bit-width W/A = 6
2025-12-30 16:16:11,060 - INFO  - [NUDE][EPOCH] 85/100 Train: Top1=99.97 Top5=100.00 Loss=0.0023 | Val(EMA): Top1=93.21
2025-12-30 16:16:11,061 - INFO  -   ⏱️  本Epoch耗时: 1分59秒 | 平均Epoch耗时: 1分58秒 | 剩余Epoch数: 14
2025-12-30 16:16:11,061 - INFO  -   📅 预估剩余时间: 27分41秒 | 预估完成时间: 2025-12-30 16:43:52
2025-12-30 16:16:11,768 - INFO  - ([86] Epoch) Saving checkpoint to:
             Current: /root/autodl-tmp/retraining-free-quantization/training/r18_c10_nude_0.02_all_bits_orth/r18_c10_nude_0.02_all_bits_orth_checkpoint.pth.tar

2025-12-30 16:16:11,771 - INFO  - 🎲 Epoch 86: FaultInjector seed rotated to 128
2025-12-30 16:16:11,779 - INFO  - [NUDE] Epoch 86: force max bit-width W/A = 6
2025-12-30 16:16:11,779 - INFO  - ================================================================================
2025-12-30 16:16:11,779 - INFO  - 🔥 [NUDE] BFAT ACTIVE
2025-12-30 16:16:11,779 - INFO  -    Loss Type: direct_ce
2025-12-30 16:16:11,779 - INFO  -    Proj Mode: orthogonal
2025-12-30 16:16:11,779 - INFO  -    Injection: All Bits
2025-12-30 16:16:11,779 - INFO  - ================================================================================
2025-12-30 16:16:17,950 - INFO  - [NUDE][TRAIN] Epoch 86/100 Iter 20/390 Loss 0.0029 Top1 99.92 Top5 100.00
2025-12-30 16:16:23,999 - INFO  - [NUDE][TRAIN] Epoch 86/100 Iter 40/390 Loss 0.0028 Top1 99.94 Top5 100.00
2025-12-30 16:16:29,899 - INFO  - [NUDE][TRAIN] Epoch 86/100 Iter 60/390 Loss 0.0027 Top1 99.93 Top5 100.00
2025-12-30 16:16:35,896 - INFO  - [NUDE][TRAIN] Epoch 86/100 Iter 80/390 Loss 0.0026 Top1 99.94 Top5 100.00
2025-12-30 16:16:41,917 - INFO  - [NUDE][TRAIN] Epoch 86/100 Iter 100/390 Loss 0.0025 Top1 99.95 Top5 100.00
2025-12-30 16:16:47,821 - INFO  - [NUDE][TRAIN] Epoch 86/100 Iter 120/390 Loss 0.0025 Top1 99.95 Top5 100.00
2025-12-30 16:16:53,856 - INFO  - [NUDE][TRAIN] Epoch 86/100 Iter 140/390 Loss 0.0024 Top1 99.96 Top5 100.00
2025-12-30 16:16:59,799 - INFO  - [NUDE][TRAIN] Epoch 86/100 Iter 160/390 Loss 0.0024 Top1 99.96 Top5 100.00
2025-12-30 16:17:05,738 - INFO  - [NUDE][TRAIN] Epoch 86/100 Iter 180/390 Loss 0.0023 Top1 99.96 Top5 100.00
2025-12-30 16:17:11,627 - INFO  - [NUDE][TRAIN] Epoch 86/100 Iter 200/390 Loss 0.0022 Top1 99.96 Top5 100.00
2025-12-30 16:17:17,430 - INFO  - [NUDE][TRAIN] Epoch 86/100 Iter 220/390 Loss 0.0022 Top1 99.96 Top5 100.00
2025-12-30 16:17:23,376 - INFO  - [NUDE][TRAIN] Epoch 86/100 Iter 240/390 Loss 0.0022 Top1 99.96 Top5 100.00
2025-12-30 16:17:29,295 - INFO  - [NUDE][TRAIN] Epoch 86/100 Iter 260/390 Loss 0.0022 Top1 99.96 Top5 100.00
2025-12-30 16:17:35,342 - INFO  - [NUDE][TRAIN] Epoch 86/100 Iter 280/390 Loss 0.0022 Top1 99.96 Top5 100.00
2025-12-30 16:17:41,381 - INFO  - [NUDE][TRAIN] Epoch 86/100 Iter 300/390 Loss 0.0022 Top1 99.96 Top5 100.00
2025-12-30 16:17:47,256 - INFO  - [NUDE][TRAIN] Epoch 86/100 Iter 320/390 Loss 0.0022 Top1 99.96 Top5 100.00
2025-12-30 16:17:53,262 - INFO  - [NUDE][TRAIN] Epoch 86/100 Iter 340/390 Loss 0.0022 Top1 99.96 Top5 100.00
2025-12-30 16:17:59,163 - INFO  - [NUDE][TRAIN] Epoch 86/100 Iter 360/390 Loss 0.0023 Top1 99.96 Top5 100.00
2025-12-30 16:18:05,147 - INFO  - [NUDE][TRAIN] Epoch 86/100 Iter 380/390 Loss 0.0023 Top1 99.95 Top5 100.00
2025-12-30 16:18:08,124 - INFO  - [NUDE] Validate: force max bit-width W/A = 6
2025-12-30 16:18:10,403 - INFO  - [NUDE][EPOCH] 86/100 Train: Top1=99.96 Top5=100.00 Loss=0.0023 | Val(EMA): Top1=93.34
2025-12-30 16:18:10,403 - INFO  -   ⏱️  本Epoch耗时: 1分58秒 | 平均Epoch耗时: 1分58秒 | 剩余Epoch数: 13
2025-12-30 16:18:10,403 - INFO  -   📅 预估剩余时间: 25分43秒 | 预估完成时间: 2025-12-30 16:43:53
2025-12-30 16:18:11,130 - INFO  - ([87] Epoch) Saving checkpoint to:
             Current: /root/autodl-tmp/retraining-free-quantization/training/r18_c10_nude_0.02_all_bits_orth/r18_c10_nude_0.02_all_bits_orth_checkpoint.pth.tar

2025-12-30 16:18:11,133 - INFO  - 🎲 Epoch 87: FaultInjector seed rotated to 129
2025-12-30 16:18:11,141 - INFO  - [NUDE] Epoch 87: force max bit-width W/A = 6
2025-12-30 16:18:11,141 - INFO  - ================================================================================
2025-12-30 16:18:11,141 - INFO  - 🔥 [NUDE] BFAT ACTIVE
2025-12-30 16:18:11,141 - INFO  -    Loss Type: direct_ce
2025-12-30 16:18:11,141 - INFO  -    Proj Mode: orthogonal
2025-12-30 16:18:11,141 - INFO  -    Injection: All Bits
2025-12-30 16:18:11,141 - INFO  - ================================================================================
2025-12-30 16:18:17,306 - INFO  - [NUDE][TRAIN] Epoch 87/100 Iter 20/390 Loss 0.0019 Top1 99.96 Top5 100.00
2025-12-30 16:18:23,393 - INFO  - [NUDE][TRAIN] Epoch 87/100 Iter 40/390 Loss 0.0018 Top1 99.96 Top5 100.00
2025-12-30 16:18:29,274 - INFO  - [NUDE][TRAIN] Epoch 87/100 Iter 60/390 Loss 0.0019 Top1 99.96 Top5 100.00
2025-12-30 16:18:35,317 - INFO  - [NUDE][TRAIN] Epoch 87/100 Iter 80/390 Loss 0.0018 Top1 99.97 Top5 100.00
2025-12-30 16:18:41,322 - INFO  - [NUDE][TRAIN] Epoch 87/100 Iter 100/390 Loss 0.0019 Top1 99.97 Top5 100.00
2025-12-30 16:18:47,108 - INFO  - [NUDE][TRAIN] Epoch 87/100 Iter 120/390 Loss 0.0019 Top1 99.96 Top5 100.00
2025-12-30 16:18:52,985 - INFO  - [NUDE][TRAIN] Epoch 87/100 Iter 140/390 Loss 0.0019 Top1 99.97 Top5 100.00
2025-12-30 16:18:58,900 - INFO  - [NUDE][TRAIN] Epoch 87/100 Iter 160/390 Loss 0.0018 Top1 99.97 Top5 100.00
2025-12-30 16:19:04,919 - INFO  - [NUDE][TRAIN] Epoch 87/100 Iter 180/390 Loss 0.0018 Top1 99.97 Top5 100.00
2025-12-30 16:19:10,960 - INFO  - [NUDE][TRAIN] Epoch 87/100 Iter 200/390 Loss 0.0017 Top1 99.98 Top5 100.00
2025-12-30 16:19:16,966 - INFO  - [NUDE][TRAIN] Epoch 87/100 Iter 220/390 Loss 0.0017 Top1 99.98 Top5 100.00
2025-12-30 16:19:23,044 - INFO  - [NUDE][TRAIN] Epoch 87/100 Iter 240/390 Loss 0.0017 Top1 99.98 Top5 100.00
2025-12-30 16:19:28,959 - INFO  - [NUDE][TRAIN] Epoch 87/100 Iter 260/390 Loss 0.0018 Top1 99.98 Top5 100.00
2025-12-30 16:19:35,282 - INFO  - [NUDE][TRAIN] Epoch 87/100 Iter 280/390 Loss 0.0018 Top1 99.97 Top5 100.00
2025-12-30 16:19:41,515 - INFO  - [NUDE][TRAIN] Epoch 87/100 Iter 300/390 Loss 0.0018 Top1 99.97 Top5 100.00
2025-12-30 16:19:47,421 - INFO  - [NUDE][TRAIN] Epoch 87/100 Iter 320/390 Loss 0.0019 Top1 99.97 Top5 100.00
2025-12-30 16:19:53,506 - INFO  - [NUDE][TRAIN] Epoch 87/100 Iter 340/390 Loss 0.0019 Top1 99.97 Top5 100.00
2025-12-30 16:19:59,394 - INFO  - [NUDE][TRAIN] Epoch 87/100 Iter 360/390 Loss 0.0019 Top1 99.97 Top5 100.00
2025-12-30 16:20:05,398 - INFO  - [NUDE][TRAIN] Epoch 87/100 Iter 380/390 Loss 0.0019 Top1 99.97 Top5 100.00
2025-12-30 16:20:08,426 - INFO  - [NUDE] Validate: force max bit-width W/A = 6
2025-12-30 16:20:10,763 - INFO  - [NUDE][EPOCH] 87/100 Train: Top1=99.97 Top5=100.00 Loss=0.0019 | Val(EMA): Top1=93.45
2025-12-30 16:20:10,763 - INFO  -   ⏱️  本Epoch耗时: 1分59秒 | 平均Epoch耗时: 1分58秒 | 剩余Epoch数: 12
2025-12-30 16:20:10,763 - INFO  -   📅 预估剩余时间: 23分47秒 | 预估完成时间: 2025-12-30 16:43:57
2025-12-30 16:20:11,475 - INFO  - ([88] Epoch) Saving checkpoint to:
             Current: /root/autodl-tmp/retraining-free-quantization/training/r18_c10_nude_0.02_all_bits_orth/r18_c10_nude_0.02_all_bits_orth_checkpoint.pth.tar

2025-12-30 16:20:11,478 - INFO  - 🎲 Epoch 88: FaultInjector seed rotated to 130
2025-12-30 16:20:11,485 - INFO  - [NUDE] Epoch 88: force max bit-width W/A = 6
2025-12-30 16:20:11,485 - INFO  - ================================================================================
2025-12-30 16:20:11,485 - INFO  - 🔥 [NUDE] BFAT ACTIVE
2025-12-30 16:20:11,486 - INFO  -    Loss Type: direct_ce
2025-12-30 16:20:11,486 - INFO  -    Proj Mode: orthogonal
2025-12-30 16:20:11,486 - INFO  -    Injection: All Bits
2025-12-30 16:20:11,486 - INFO  - ================================================================================
2025-12-30 16:20:17,594 - INFO  - [NUDE][TRAIN] Epoch 88/100 Iter 20/390 Loss 0.0018 Top1 99.96 Top5 100.00
2025-12-30 16:20:23,529 - INFO  - [NUDE][TRAIN] Epoch 88/100 Iter 40/390 Loss 0.0020 Top1 99.96 Top5 100.00
2025-12-30 16:20:29,337 - INFO  - [NUDE][TRAIN] Epoch 88/100 Iter 60/390 Loss 0.0019 Top1 99.97 Top5 100.00
2025-12-30 16:20:35,269 - INFO  - [NUDE][TRAIN] Epoch 88/100 Iter 80/390 Loss 0.0022 Top1 99.96 Top5 100.00
2025-12-30 16:20:41,269 - INFO  - [NUDE][TRAIN] Epoch 88/100 Iter 100/390 Loss 0.0020 Top1 99.96 Top5 100.00
2025-12-30 16:20:47,141 - INFO  - [NUDE][TRAIN] Epoch 88/100 Iter 120/390 Loss 0.0020 Top1 99.96 Top5 100.00
2025-12-30 16:20:53,138 - INFO  - [NUDE][TRAIN] Epoch 88/100 Iter 140/390 Loss 0.0019 Top1 99.96 Top5 100.00
2025-12-30 16:20:59,013 - INFO  - [NUDE][TRAIN] Epoch 88/100 Iter 160/390 Loss 0.0019 Top1 99.96 Top5 100.00
2025-12-30 16:21:05,014 - INFO  - [NUDE][TRAIN] Epoch 88/100 Iter 180/390 Loss 0.0019 Top1 99.96 Top5 100.00
2025-12-30 16:21:10,981 - INFO  - [NUDE][TRAIN] Epoch 88/100 Iter 200/390 Loss 0.0018 Top1 99.96 Top5 100.00
2025-12-30 16:21:16,896 - INFO  - [NUDE][TRAIN] Epoch 88/100 Iter 220/390 Loss 0.0018 Top1 99.97 Top5 100.00
2025-12-30 16:21:22,956 - INFO  - [NUDE][TRAIN] Epoch 88/100 Iter 240/390 Loss 0.0018 Top1 99.97 Top5 100.00
2025-12-30 16:21:28,837 - INFO  - [NUDE][TRAIN] Epoch 88/100 Iter 260/390 Loss 0.0018 Top1 99.97 Top5 100.00
2025-12-30 16:21:34,819 - INFO  - [NUDE][TRAIN] Epoch 88/100 Iter 280/390 Loss 0.0017 Top1 99.97 Top5 100.00
2025-12-30 16:21:40,861 - INFO  - [NUDE][TRAIN] Epoch 88/100 Iter 300/390 Loss 0.0017 Top1 99.97 Top5 100.00
2025-12-30 16:21:46,755 - INFO  - [NUDE][TRAIN] Epoch 88/100 Iter 320/390 Loss 0.0017 Top1 99.98 Top5 100.00
2025-12-30 16:21:52,754 - INFO  - [NUDE][TRAIN] Epoch 88/100 Iter 340/390 Loss 0.0017 Top1 99.97 Top5 100.00
2025-12-30 16:21:58,637 - INFO  - [NUDE][TRAIN] Epoch 88/100 Iter 360/390 Loss 0.0017 Top1 99.98 Top5 100.00
2025-12-30 16:22:04,515 - INFO  - [NUDE][TRAIN] Epoch 88/100 Iter 380/390 Loss 0.0017 Top1 99.98 Top5 100.00
2025-12-30 16:22:07,448 - INFO  - [NUDE] Validate: force max bit-width W/A = 6
2025-12-30 16:22:09,689 - INFO  - [NUDE][EPOCH] 88/100 Train: Top1=99.98 Top5=100.00 Loss=0.0017 | Val(EMA): Top1=93.41
2025-12-30 16:22:09,690 - INFO  -   ⏱️  本Epoch耗时: 1分58秒 | 平均Epoch耗时: 1分58秒 | 剩余Epoch数: 11
2025-12-30 16:22:09,690 - INFO  -   📅 预估剩余时间: 21分47秒 | 预估完成时间: 2025-12-30 16:43:57
2025-12-30 16:22:10,386 - INFO  - ([89] Epoch) Saving checkpoint to:
             Current: /root/autodl-tmp/retraining-free-quantization/training/r18_c10_nude_0.02_all_bits_orth/r18_c10_nude_0.02_all_bits_orth_checkpoint.pth.tar

2025-12-30 16:22:10,390 - INFO  - 🎲 Epoch 89: FaultInjector seed rotated to 131
2025-12-30 16:22:10,398 - INFO  - [NUDE] Epoch 89: force max bit-width W/A = 6
2025-12-30 16:22:10,398 - INFO  - ================================================================================
2025-12-30 16:22:10,398 - INFO  - 🔥 [NUDE] BFAT ACTIVE
2025-12-30 16:22:10,398 - INFO  -    Loss Type: direct_ce
2025-12-30 16:22:10,398 - INFO  -    Proj Mode: orthogonal
2025-12-30 16:22:10,398 - INFO  -    Injection: All Bits
2025-12-30 16:22:10,398 - INFO  - ================================================================================
2025-12-30 16:22:16,485 - INFO  - [NUDE][TRAIN] Epoch 89/100 Iter 20/390 Loss 0.0014 Top1 100.00 Top5 100.00
2025-12-30 16:22:22,511 - INFO  - [NUDE][TRAIN] Epoch 89/100 Iter 40/390 Loss 0.0017 Top1 99.96 Top5 100.00
2025-12-30 16:22:28,433 - INFO  - [NUDE][TRAIN] Epoch 89/100 Iter 60/390 Loss 0.0017 Top1 99.96 Top5 100.00
2025-12-30 16:22:34,410 - INFO  - [NUDE][TRAIN] Epoch 89/100 Iter 80/390 Loss 0.0017 Top1 99.96 Top5 100.00
2025-12-30 16:22:40,376 - INFO  - [NUDE][TRAIN] Epoch 89/100 Iter 100/390 Loss 0.0017 Top1 99.97 Top5 100.00
2025-12-30 16:22:46,256 - INFO  - [NUDE][TRAIN] Epoch 89/100 Iter 120/390 Loss 0.0017 Top1 99.97 Top5 100.00
2025-12-30 16:22:52,243 - INFO  - [NUDE][TRAIN] Epoch 89/100 Iter 140/390 Loss 0.0016 Top1 99.98 Top5 100.00
2025-12-30 16:22:58,188 - INFO  - [NUDE][TRAIN] Epoch 89/100 Iter 160/390 Loss 0.0017 Top1 99.98 Top5 100.00
2025-12-30 16:23:04,263 - INFO  - [NUDE][TRAIN] Epoch 89/100 Iter 180/390 Loss 0.0016 Top1 99.98 Top5 100.00
2025-12-30 16:23:10,320 - INFO  - [NUDE][TRAIN] Epoch 89/100 Iter 200/390 Loss 0.0017 Top1 99.97 Top5 100.00
2025-12-30 16:23:16,303 - INFO  - [NUDE][TRAIN] Epoch 89/100 Iter 220/390 Loss 0.0018 Top1 99.97 Top5 100.00
2025-12-30 16:23:22,299 - INFO  - [NUDE][TRAIN] Epoch 89/100 Iter 240/390 Loss 0.0018 Top1 99.97 Top5 100.00
2025-12-30 16:23:28,206 - INFO  - [NUDE][TRAIN] Epoch 89/100 Iter 260/390 Loss 0.0018 Top1 99.97 Top5 100.00
2025-12-30 16:23:34,224 - INFO  - [NUDE][TRAIN] Epoch 89/100 Iter 280/390 Loss 0.0018 Top1 99.97 Top5 100.00
2025-12-30 16:23:40,180 - INFO  - [NUDE][TRAIN] Epoch 89/100 Iter 300/390 Loss 0.0018 Top1 99.97 Top5 100.00
2025-12-30 16:23:45,999 - INFO  - [NUDE][TRAIN] Epoch 89/100 Iter 320/390 Loss 0.0018 Top1 99.97 Top5 100.00
2025-12-30 16:23:51,923 - INFO  - [NUDE][TRAIN] Epoch 89/100 Iter 340/390 Loss 0.0018 Top1 99.97 Top5 100.00
2025-12-30 16:23:57,850 - INFO  - [NUDE][TRAIN] Epoch 89/100 Iter 360/390 Loss 0.0018 Top1 99.97 Top5 100.00
2025-12-30 16:24:03,841 - INFO  - [NUDE][TRAIN] Epoch 89/100 Iter 380/390 Loss 0.0018 Top1 99.97 Top5 100.00
2025-12-30 16:24:06,881 - INFO  - [NUDE] Validate: force max bit-width W/A = 6
2025-12-30 16:24:09,284 - INFO  - [NUDE][EPOCH] 89/100 Train: Top1=99.97 Top5=100.00 Loss=0.0018 | Val(EMA): Top1=93.31
2025-12-30 16:24:09,284 - INFO  -   ⏱️  本Epoch耗时: 1分58秒 | 平均Epoch耗时: 1分58秒 | 剩余Epoch数: 10
2025-12-30 16:24:09,284 - INFO  -   📅 预估剩余时间: 19分49秒 | 预估完成时间: 2025-12-30 16:43:58
2025-12-30 16:24:09,993 - INFO  - ([90] Epoch) Saving checkpoint to:
             Current: /root/autodl-tmp/retraining-free-quantization/training/r18_c10_nude_0.02_all_bits_orth/r18_c10_nude_0.02_all_bits_orth_checkpoint.pth.tar

2025-12-30 16:24:09,996 - INFO  - 🎲 Epoch 90: FaultInjector seed rotated to 132
2025-12-30 16:24:10,004 - INFO  - [NUDE] Epoch 90: force max bit-width W/A = 6
2025-12-30 16:24:10,004 - INFO  - ================================================================================
2025-12-30 16:24:10,004 - INFO  - 🔥 [NUDE] BFAT ACTIVE
2025-12-30 16:24:10,004 - INFO  -    Loss Type: direct_ce
2025-12-30 16:24:10,004 - INFO  -    Proj Mode: orthogonal
2025-12-30 16:24:10,004 - INFO  -    Injection: All Bits
2025-12-30 16:24:10,004 - INFO  - ================================================================================
2025-12-30 16:24:16,172 - INFO  - [NUDE][TRAIN] Epoch 90/100 Iter 20/390 Loss 0.0013 Top1 100.00 Top5 100.00
2025-12-30 16:24:22,182 - INFO  - [NUDE][TRAIN] Epoch 90/100 Iter 40/390 Loss 0.0017 Top1 99.98 Top5 100.00
2025-12-30 16:24:28,093 - INFO  - [NUDE][TRAIN] Epoch 90/100 Iter 60/390 Loss 0.0021 Top1 99.97 Top5 100.00
2025-12-30 16:24:34,079 - INFO  - [NUDE][TRAIN] Epoch 90/100 Iter 80/390 Loss 0.0021 Top1 99.97 Top5 100.00
2025-12-30 16:24:40,043 - INFO  - [NUDE][TRAIN] Epoch 90/100 Iter 100/390 Loss 0.0020 Top1 99.97 Top5 100.00
2025-12-30 16:24:45,933 - INFO  - [NUDE][TRAIN] Epoch 90/100 Iter 120/390 Loss 0.0020 Top1 99.97 Top5 100.00
2025-12-30 16:24:51,942 - INFO  - [NUDE][TRAIN] Epoch 90/100 Iter 140/390 Loss 0.0020 Top1 99.97 Top5 100.00
2025-12-30 16:24:57,869 - INFO  - [NUDE][TRAIN] Epoch 90/100 Iter 160/390 Loss 0.0020 Top1 99.97 Top5 100.00
2025-12-30 16:25:03,859 - INFO  - [NUDE][TRAIN] Epoch 90/100 Iter 180/390 Loss 0.0019 Top1 99.97 Top5 100.00
2025-12-30 16:25:09,882 - INFO  - [NUDE][TRAIN] Epoch 90/100 Iter 200/390 Loss 0.0019 Top1 99.96 Top5 100.00
2025-12-30 16:25:15,771 - INFO  - [NUDE][TRAIN] Epoch 90/100 Iter 220/390 Loss 0.0018 Top1 99.97 Top5 100.00
2025-12-30 16:25:21,732 - INFO  - [NUDE][TRAIN] Epoch 90/100 Iter 240/390 Loss 0.0018 Top1 99.97 Top5 100.00
2025-12-30 16:25:27,536 - INFO  - [NUDE][TRAIN] Epoch 90/100 Iter 260/390 Loss 0.0018 Top1 99.97 Top5 100.00
2025-12-30 16:25:33,534 - INFO  - [NUDE][TRAIN] Epoch 90/100 Iter 280/390 Loss 0.0019 Top1 99.96 Top5 100.00
2025-12-30 16:25:39,552 - INFO  - [NUDE][TRAIN] Epoch 90/100 Iter 300/390 Loss 0.0018 Top1 99.96 Top5 100.00
2025-12-30 16:25:45,483 - INFO  - [NUDE][TRAIN] Epoch 90/100 Iter 320/390 Loss 0.0018 Top1 99.96 Top5 100.00
2025-12-30 16:25:51,508 - INFO  - [NUDE][TRAIN] Epoch 90/100 Iter 340/390 Loss 0.0018 Top1 99.97 Top5 100.00
2025-12-30 16:25:57,434 - INFO  - [NUDE][TRAIN] Epoch 90/100 Iter 360/390 Loss 0.0017 Top1 99.97 Top5 100.00
2025-12-30 16:26:03,444 - INFO  - [NUDE][TRAIN] Epoch 90/100 Iter 380/390 Loss 0.0017 Top1 99.97 Top5 100.00
2025-12-30 16:26:06,434 - INFO  - [NUDE] Validate: force max bit-width W/A = 6
2025-12-30 16:26:08,738 - INFO  - [NUDE][EPOCH] 90/100 Train: Top1=99.97 Top5=100.00 Loss=0.0017 | Val(EMA): Top1=93.35
2025-12-30 16:26:08,738 - INFO  -   ⏱️  本Epoch耗时: 1分58秒 | 平均Epoch耗时: 1分58秒 | 剩余Epoch数: 9
2025-12-30 16:26:08,738 - INFO  -   📅 预估剩余时间: 17分49秒 | 预估完成时间: 2025-12-30 16:43:58
2025-12-30 16:26:09,444 - INFO  - ([91] Epoch) Saving checkpoint to:
             Current: /root/autodl-tmp/retraining-free-quantization/training/r18_c10_nude_0.02_all_bits_orth/r18_c10_nude_0.02_all_bits_orth_checkpoint.pth.tar

2025-12-30 16:26:09,448 - INFO  - 🎲 Epoch 91: FaultInjector seed rotated to 133
2025-12-30 16:26:09,456 - INFO  - [NUDE] Epoch 91: force max bit-width W/A = 6
2025-12-30 16:26:09,456 - INFO  - ================================================================================
2025-12-30 16:26:09,456 - INFO  - 🔥 [NUDE] BFAT ACTIVE
2025-12-30 16:26:09,456 - INFO  -    Loss Type: direct_ce
2025-12-30 16:26:09,456 - INFO  -    Proj Mode: orthogonal
2025-12-30 16:26:09,456 - INFO  -    Injection: All Bits
2025-12-30 16:26:09,456 - INFO  - ================================================================================
2025-12-30 16:26:15,628 - INFO  - [NUDE][TRAIN] Epoch 91/100 Iter 20/390 Loss 0.0017 Top1 99.96 Top5 100.00
2025-12-30 16:26:21,655 - INFO  - [NUDE][TRAIN] Epoch 91/100 Iter 40/390 Loss 0.0015 Top1 99.98 Top5 100.00
2025-12-30 16:26:27,584 - INFO  - [NUDE][TRAIN] Epoch 91/100 Iter 60/390 Loss 0.0017 Top1 99.97 Top5 100.00
2025-12-30 16:26:33,610 - INFO  - [NUDE][TRAIN] Epoch 91/100 Iter 80/390 Loss 0.0017 Top1 99.97 Top5 100.00
2025-12-30 16:26:39,639 - INFO  - [NUDE][TRAIN] Epoch 91/100 Iter 100/390 Loss 0.0016 Top1 99.98 Top5 100.00
2025-12-30 16:26:45,561 - INFO  - [NUDE][TRAIN] Epoch 91/100 Iter 120/390 Loss 0.0016 Top1 99.97 Top5 100.00
2025-12-30 16:26:51,587 - INFO  - [NUDE][TRAIN] Epoch 91/100 Iter 140/390 Loss 0.0018 Top1 99.97 Top5 100.00
2025-12-30 16:26:57,367 - INFO  - [NUDE][TRAIN] Epoch 91/100 Iter 160/390 Loss 0.0018 Top1 99.97 Top5 100.00
2025-12-30 16:27:03,269 - INFO  - [NUDE][TRAIN] Epoch 91/100 Iter 180/390 Loss 0.0017 Top1 99.97 Top5 100.00
2025-12-30 16:27:09,191 - INFO  - [NUDE][TRAIN] Epoch 91/100 Iter 200/390 Loss 0.0017 Top1 99.98 Top5 100.00
2025-12-30 16:27:15,090 - INFO  - [NUDE][TRAIN] Epoch 91/100 Iter 220/390 Loss 0.0018 Top1 99.97 Top5 100.00
2025-12-30 16:27:21,116 - INFO  - [NUDE][TRAIN] Epoch 91/100 Iter 240/390 Loss 0.0017 Top1 99.97 Top5 100.00
2025-12-30 16:27:27,042 - INFO  - [NUDE][TRAIN] Epoch 91/100 Iter 260/390 Loss 0.0018 Top1 99.97 Top5 100.00
2025-12-30 16:27:33,046 - INFO  - [NUDE][TRAIN] Epoch 91/100 Iter 280/390 Loss 0.0018 Top1 99.97 Top5 100.00
2025-12-30 16:27:39,050 - INFO  - [NUDE][TRAIN] Epoch 91/100 Iter 300/390 Loss 0.0017 Top1 99.97 Top5 100.00
2025-12-30 16:27:44,961 - INFO  - [NUDE][TRAIN] Epoch 91/100 Iter 320/390 Loss 0.0017 Top1 99.97 Top5 100.00
2025-12-30 16:27:51,029 - INFO  - [NUDE][TRAIN] Epoch 91/100 Iter 340/390 Loss 0.0017 Top1 99.97 Top5 100.00
2025-12-30 16:27:56,911 - INFO  - [NUDE][TRAIN] Epoch 91/100 Iter 360/390 Loss 0.0017 Top1 99.97 Top5 100.00
2025-12-30 16:28:02,944 - INFO  - [NUDE][TRAIN] Epoch 91/100 Iter 380/390 Loss 0.0017 Top1 99.97 Top5 100.00
2025-12-30 16:28:05,945 - INFO  - [NUDE] Validate: force max bit-width W/A = 6
2025-12-30 16:28:08,278 - INFO  - [NUDE][EPOCH] 91/100 Train: Top1=99.97 Top5=100.00 Loss=0.0017 | Val(EMA): Top1=93.32
2025-12-30 16:28:08,278 - INFO  -   ⏱️  本Epoch耗时: 1分58秒 | 平均Epoch耗时: 1分58秒 | 剩余Epoch数: 8
2025-12-30 16:28:08,278 - INFO  -   📅 预估剩余时间: 15分50秒 | 预估完成时间: 2025-12-30 16:43:59
2025-12-30 16:28:09,003 - INFO  - ([92] Epoch) Saving checkpoint to:
             Current: /root/autodl-tmp/retraining-free-quantization/training/r18_c10_nude_0.02_all_bits_orth/r18_c10_nude_0.02_all_bits_orth_checkpoint.pth.tar

2025-12-30 16:28:09,007 - INFO  - 🎲 Epoch 92: FaultInjector seed rotated to 134
2025-12-30 16:28:09,015 - INFO  - [NUDE] Epoch 92: force max bit-width W/A = 6
2025-12-30 16:28:09,016 - INFO  - ================================================================================
2025-12-30 16:28:09,016 - INFO  - 🔥 [NUDE] BFAT ACTIVE
2025-12-30 16:28:09,016 - INFO  -    Loss Type: direct_ce
2025-12-30 16:28:09,016 - INFO  -    Proj Mode: orthogonal
2025-12-30 16:28:09,016 - INFO  -    Injection: All Bits
2025-12-30 16:28:09,016 - INFO  - ================================================================================
2025-12-30 16:28:15,119 - INFO  - [NUDE][TRAIN] Epoch 92/100 Iter 20/390 Loss 0.0014 Top1 100.00 Top5 100.00
2025-12-30 16:28:21,250 - INFO  - [NUDE][TRAIN] Epoch 92/100 Iter 40/390 Loss 0.0014 Top1 100.00 Top5 100.00
2025-12-30 16:28:27,169 - INFO  - [NUDE][TRAIN] Epoch 92/100 Iter 60/390 Loss 0.0014 Top1 100.00 Top5 100.00
2025-12-30 16:28:33,156 - INFO  - [NUDE][TRAIN] Epoch 92/100 Iter 80/390 Loss 0.0016 Top1 100.00 Top5 100.00
2025-12-30 16:28:39,054 - INFO  - [NUDE][TRAIN] Epoch 92/100 Iter 100/390 Loss 0.0017 Top1 99.99 Top5 100.00
2025-12-30 16:28:44,948 - INFO  - [NUDE][TRAIN] Epoch 92/100 Iter 120/390 Loss 0.0016 Top1 99.99 Top5 100.00
2025-12-30 16:28:50,972 - INFO  - [NUDE][TRAIN] Epoch 92/100 Iter 140/390 Loss 0.0016 Top1 99.99 Top5 100.00
2025-12-30 16:28:56,898 - INFO  - [NUDE][TRAIN] Epoch 92/100 Iter 160/390 Loss 0.0016 Top1 100.00 Top5 100.00
2025-12-30 16:29:02,982 - INFO  - [NUDE][TRAIN] Epoch 92/100 Iter 180/390 Loss 0.0017 Top1 99.99 Top5 100.00
2025-12-30 16:29:09,025 - INFO  - [NUDE][TRAIN] Epoch 92/100 Iter 200/390 Loss 0.0017 Top1 99.99 Top5 100.00
2025-12-30 16:29:15,001 - INFO  - [NUDE][TRAIN] Epoch 92/100 Iter 220/390 Loss 0.0017 Top1 99.99 Top5 100.00
2025-12-30 16:29:21,035 - INFO  - [NUDE][TRAIN] Epoch 92/100 Iter 240/390 Loss 0.0017 Top1 99.99 Top5 100.00
2025-12-30 16:29:26,945 - INFO  - [NUDE][TRAIN] Epoch 92/100 Iter 260/390 Loss 0.0017 Top1 99.99 Top5 100.00
2025-12-30 16:29:32,931 - INFO  - [NUDE][TRAIN] Epoch 92/100 Iter 280/390 Loss 0.0016 Top1 99.99 Top5 100.00
2025-12-30 16:29:38,923 - INFO  - [NUDE][TRAIN] Epoch 92/100 Iter 300/390 Loss 0.0016 Top1 99.99 Top5 100.00
2025-12-30 16:29:44,847 - INFO  - [NUDE][TRAIN] Epoch 92/100 Iter 320/390 Loss 0.0016 Top1 99.99 Top5 100.00
2025-12-30 16:29:50,851 - INFO  - [NUDE][TRAIN] Epoch 92/100 Iter 340/390 Loss 0.0016 Top1 99.99 Top5 100.00
2025-12-30 16:29:56,927 - INFO  - [NUDE][TRAIN] Epoch 92/100 Iter 360/390 Loss 0.0016 Top1 99.99 Top5 100.00
2025-12-30 16:30:03,000 - INFO  - [NUDE][TRAIN] Epoch 92/100 Iter 380/390 Loss 0.0015 Top1 99.99 Top5 100.00
2025-12-30 16:30:05,990 - INFO  - [NUDE] Validate: force max bit-width W/A = 6
2025-12-30 16:30:08,345 - INFO  - [NUDE][EPOCH] 92/100 Train: Top1=99.99 Top5=100.00 Loss=0.0015 | Val(EMA): Top1=93.27
2025-12-30 16:30:08,345 - INFO  -   ⏱️  本Epoch耗时: 1分59秒 | 平均Epoch耗时: 1分58秒 | 剩余Epoch数: 7
2025-12-30 16:30:08,345 - INFO  -   📅 预估剩余时间: 13分51秒 | 预估完成时间: 2025-12-30 16:43:59
2025-12-30 16:30:09,048 - INFO  - ([93] Epoch) Saving checkpoint to:
             Current: /root/autodl-tmp/retraining-free-quantization/training/r18_c10_nude_0.02_all_bits_orth/r18_c10_nude_0.02_all_bits_orth_checkpoint.pth.tar

2025-12-30 16:30:09,051 - INFO  - 🎲 Epoch 93: FaultInjector seed rotated to 135
2025-12-30 16:30:09,059 - INFO  - [NUDE] Epoch 93: force max bit-width W/A = 6
2025-12-30 16:30:09,059 - INFO  - ================================================================================
2025-12-30 16:30:09,059 - INFO  - 🔥 [NUDE] BFAT ACTIVE
2025-12-30 16:30:09,059 - INFO  -    Loss Type: direct_ce
2025-12-30 16:30:09,059 - INFO  -    Proj Mode: orthogonal
2025-12-30 16:30:09,059 - INFO  -    Injection: All Bits
2025-12-30 16:30:09,059 - INFO  - ================================================================================
2025-12-30 16:30:15,116 - INFO  - [NUDE][TRAIN] Epoch 93/100 Iter 20/390 Loss 0.0012 Top1 100.00 Top5 100.00
2025-12-30 16:30:21,123 - INFO  - [NUDE][TRAIN] Epoch 93/100 Iter 40/390 Loss 0.0019 Top1 99.98 Top5 100.00
2025-12-30 16:30:26,937 - INFO  - [NUDE][TRAIN] Epoch 93/100 Iter 60/390 Loss 0.0016 Top1 99.99 Top5 100.00
2025-12-30 16:30:33,007 - INFO  - [NUDE][TRAIN] Epoch 93/100 Iter 80/390 Loss 0.0015 Top1 99.99 Top5 100.00
2025-12-30 16:30:39,033 - INFO  - [NUDE][TRAIN] Epoch 93/100 Iter 100/390 Loss 0.0014 Top1 99.99 Top5 100.00
2025-12-30 16:30:45,032 - INFO  - [NUDE][TRAIN] Epoch 93/100 Iter 120/390 Loss 0.0014 Top1 99.99 Top5 100.00
2025-12-30 16:30:51,122 - INFO  - [NUDE][TRAIN] Epoch 93/100 Iter 140/390 Loss 0.0015 Top1 99.98 Top5 100.00
2025-12-30 16:30:57,049 - INFO  - [NUDE][TRAIN] Epoch 93/100 Iter 160/390 Loss 0.0015 Top1 99.98 Top5 100.00
2025-12-30 16:31:03,119 - INFO  - [NUDE][TRAIN] Epoch 93/100 Iter 180/390 Loss 0.0017 Top1 99.98 Top5 100.00
2025-12-30 16:31:09,161 - INFO  - [NUDE][TRAIN] Epoch 93/100 Iter 200/390 Loss 0.0016 Top1 99.98 Top5 100.00
2025-12-30 16:31:15,080 - INFO  - [NUDE][TRAIN] Epoch 93/100 Iter 220/390 Loss 0.0017 Top1 99.98 Top5 100.00
2025-12-30 16:31:21,104 - INFO  - [NUDE][TRAIN] Epoch 93/100 Iter 240/390 Loss 0.0018 Top1 99.97 Top5 100.00
2025-12-30 16:31:27,007 - INFO  - [NUDE][TRAIN] Epoch 93/100 Iter 260/390 Loss 0.0019 Top1 99.97 Top5 100.00
2025-12-30 16:31:33,022 - INFO  - [NUDE][TRAIN] Epoch 93/100 Iter 280/390 Loss 0.0018 Top1 99.97 Top5 100.00
2025-12-30 16:31:39,029 - INFO  - [NUDE][TRAIN] Epoch 93/100 Iter 300/390 Loss 0.0019 Top1 99.97 Top5 100.00
2025-12-30 16:31:44,902 - INFO  - [NUDE][TRAIN] Epoch 93/100 Iter 320/390 Loss 0.0019 Top1 99.98 Top5 100.00
2025-12-30 16:31:50,885 - INFO  - [NUDE][TRAIN] Epoch 93/100 Iter 340/390 Loss 0.0018 Top1 99.98 Top5 100.00
2025-12-30 16:31:56,702 - INFO  - [NUDE][TRAIN] Epoch 93/100 Iter 360/390 Loss 0.0018 Top1 99.98 Top5 100.00
2025-12-30 16:32:02,655 - INFO  - [NUDE][TRAIN] Epoch 93/100 Iter 380/390 Loss 0.0018 Top1 99.98 Top5 100.00
2025-12-30 16:32:05,655 - INFO  - [NUDE] Validate: force max bit-width W/A = 6
2025-12-30 16:32:07,962 - INFO  - [NUDE][EPOCH] 93/100 Train: Top1=99.97 Top5=100.00 Loss=0.0018 | Val(EMA): Top1=93.34
2025-12-30 16:32:07,962 - INFO  -   ⏱️  本Epoch耗时: 1分58秒 | 平均Epoch耗时: 1分58秒 | 剩余Epoch数: 6
2025-12-30 16:32:07,962 - INFO  -   📅 预估剩余时间: 11分53秒 | 预估完成时间: 2025-12-30 16:44:01
2025-12-30 16:32:08,678 - INFO  - ([94] Epoch) Saving checkpoint to:
             Current: /root/autodl-tmp/retraining-free-quantization/training/r18_c10_nude_0.02_all_bits_orth/r18_c10_nude_0.02_all_bits_orth_checkpoint.pth.tar

2025-12-30 16:32:08,683 - INFO  - 🎲 Epoch 94: FaultInjector seed rotated to 136
2025-12-30 16:32:08,693 - INFO  - [NUDE] Epoch 94: force max bit-width W/A = 6
2025-12-30 16:32:08,693 - INFO  - ================================================================================
2025-12-30 16:32:08,693 - INFO  - 🔥 [NUDE] BFAT ACTIVE
2025-12-30 16:32:08,694 - INFO  -    Loss Type: direct_ce
2025-12-30 16:32:08,694 - INFO  -    Proj Mode: orthogonal
2025-12-30 16:32:08,694 - INFO  -    Injection: All Bits
2025-12-30 16:32:08,694 - INFO  - ================================================================================
2025-12-30 16:32:14,893 - INFO  - [NUDE][TRAIN] Epoch 94/100 Iter 20/390 Loss 0.0022 Top1 99.96 Top5 100.00
2025-12-30 16:32:20,962 - INFO  - [NUDE][TRAIN] Epoch 94/100 Iter 40/390 Loss 0.0015 Top1 99.98 Top5 100.00
2025-12-30 16:32:26,842 - INFO  - [NUDE][TRAIN] Epoch 94/100 Iter 60/390 Loss 0.0014 Top1 99.99 Top5 100.00
2025-12-30 16:32:32,863 - INFO  - [NUDE][TRAIN] Epoch 94/100 Iter 80/390 Loss 0.0014 Top1 99.97 Top5 100.00
2025-12-30 16:32:38,896 - INFO  - [NUDE][TRAIN] Epoch 94/100 Iter 100/390 Loss 0.0014 Top1 99.98 Top5 100.00
2025-12-30 16:32:44,795 - INFO  - [NUDE][TRAIN] Epoch 94/100 Iter 120/390 Loss 0.0013 Top1 99.98 Top5 100.00
2025-12-30 16:32:50,789 - INFO  - [NUDE][TRAIN] Epoch 94/100 Iter 140/390 Loss 0.0013 Top1 99.98 Top5 100.00
2025-12-30 16:32:56,695 - INFO  - [NUDE][TRAIN] Epoch 94/100 Iter 160/390 Loss 0.0013 Top1 99.98 Top5 100.00
2025-12-30 16:33:02,698 - INFO  - [NUDE][TRAIN] Epoch 94/100 Iter 180/390 Loss 0.0014 Top1 99.98 Top5 100.00
2025-12-30 16:33:08,728 - INFO  - [NUDE][TRAIN] Epoch 94/100 Iter 200/390 Loss 0.0013 Top1 99.98 Top5 100.00
2025-12-30 16:33:14,635 - INFO  - [NUDE][TRAIN] Epoch 94/100 Iter 220/390 Loss 0.0014 Top1 99.98 Top5 100.00
2025-12-30 16:33:20,697 - INFO  - [NUDE][TRAIN] Epoch 94/100 Iter 240/390 Loss 0.0015 Top1 99.97 Top5 100.00
2025-12-30 16:33:26,582 - INFO  - [NUDE][TRAIN] Epoch 94/100 Iter 260/390 Loss 0.0016 Top1 99.97 Top5 100.00
2025-12-30 16:33:32,466 - INFO  - [NUDE][TRAIN] Epoch 94/100 Iter 280/390 Loss 0.0016 Top1 99.97 Top5 100.00
2025-12-30 16:33:38,358 - INFO  - [NUDE][TRAIN] Epoch 94/100 Iter 300/390 Loss 0.0015 Top1 99.97 Top5 100.00
2025-12-30 16:33:44,226 - INFO  - [NUDE][TRAIN] Epoch 94/100 Iter 320/390 Loss 0.0015 Top1 99.97 Top5 100.00
2025-12-30 16:33:50,250 - INFO  - [NUDE][TRAIN] Epoch 94/100 Iter 340/390 Loss 0.0015 Top1 99.97 Top5 100.00
2025-12-30 16:33:56,291 - INFO  - [NUDE][TRAIN] Epoch 94/100 Iter 360/390 Loss 0.0015 Top1 99.97 Top5 100.00
2025-12-30 16:34:02,355 - INFO  - [NUDE][TRAIN] Epoch 94/100 Iter 380/390 Loss 0.0015 Top1 99.98 Top5 100.00
2025-12-30 16:34:05,368 - INFO  - [NUDE] Validate: force max bit-width W/A = 6
2025-12-30 16:34:07,672 - INFO  - [NUDE][EPOCH] 94/100 Train: Top1=99.98 Top5=100.00 Loss=0.0015 | Val(EMA): Top1=93.31
2025-12-30 16:34:07,672 - INFO  -   ⏱️  本Epoch耗时: 1分58秒 | 平均Epoch耗时: 1分58秒 | 剩余Epoch数: 5
2025-12-30 16:34:07,672 - INFO  -   📅 预估剩余时间: 9分54秒 | 预估完成时间: 2025-12-30 16:44:02
2025-12-30 16:34:08,390 - INFO  - ([95] Epoch) Saving checkpoint to:
             Current: /root/autodl-tmp/retraining-free-quantization/training/r18_c10_nude_0.02_all_bits_orth/r18_c10_nude_0.02_all_bits_orth_checkpoint.pth.tar

2025-12-30 16:34:08,393 - INFO  - 🎲 Epoch 95: FaultInjector seed rotated to 137
2025-12-30 16:34:08,400 - INFO  - [NUDE] Epoch 95: force max bit-width W/A = 6
2025-12-30 16:34:08,401 - INFO  - ================================================================================
2025-12-30 16:34:08,401 - INFO  - 🔥 [NUDE] BFAT ACTIVE
2025-12-30 16:34:08,401 - INFO  -    Loss Type: direct_ce
2025-12-30 16:34:08,401 - INFO  -    Proj Mode: orthogonal
2025-12-30 16:34:08,401 - INFO  -    Injection: All Bits
2025-12-30 16:34:08,401 - INFO  - ================================================================================
2025-12-30 16:34:14,535 - INFO  - [NUDE][TRAIN] Epoch 95/100 Iter 20/390 Loss 0.0034 Top1 99.96 Top5 100.00
2025-12-30 16:34:20,616 - INFO  - [NUDE][TRAIN] Epoch 95/100 Iter 40/390 Loss 0.0027 Top1 99.96 Top5 100.00
2025-12-30 16:34:26,551 - INFO  - [NUDE][TRAIN] Epoch 95/100 Iter 60/390 Loss 0.0022 Top1 99.97 Top5 100.00
2025-12-30 16:34:32,588 - INFO  - [NUDE][TRAIN] Epoch 95/100 Iter 80/390 Loss 0.0020 Top1 99.98 Top5 100.00
2025-12-30 16:34:38,582 - INFO  - [NUDE][TRAIN] Epoch 95/100 Iter 100/390 Loss 0.0019 Top1 99.98 Top5 100.00
2025-12-30 16:34:44,496 - INFO  - [NUDE][TRAIN] Epoch 95/100 Iter 120/390 Loss 0.0019 Top1 99.97 Top5 100.00
2025-12-30 16:34:50,518 - INFO  - [NUDE][TRAIN] Epoch 95/100 Iter 140/390 Loss 0.0019 Top1 99.97 Top5 100.00
2025-12-30 16:34:56,426 - INFO  - [NUDE][TRAIN] Epoch 95/100 Iter 160/390 Loss 0.0018 Top1 99.98 Top5 100.00
2025-12-30 16:35:02,421 - INFO  - [NUDE][TRAIN] Epoch 95/100 Iter 180/390 Loss 0.0017 Top1 99.98 Top5 100.00
2025-12-30 16:35:08,390 - INFO  - [NUDE][TRAIN] Epoch 95/100 Iter 200/390 Loss 0.0017 Top1 99.98 Top5 100.00
2025-12-30 16:35:14,244 - INFO  - [NUDE][TRAIN] Epoch 95/100 Iter 220/390 Loss 0.0017 Top1 99.98 Top5 100.00
2025-12-30 16:35:20,162 - INFO  - [NUDE][TRAIN] Epoch 95/100 Iter 240/390 Loss 0.0016 Top1 99.98 Top5 100.00
2025-12-30 16:35:26,122 - INFO  - [NUDE][TRAIN] Epoch 95/100 Iter 260/390 Loss 0.0016 Top1 99.98 Top5 100.00
2025-12-30 16:35:32,098 - INFO  - [NUDE][TRAIN] Epoch 95/100 Iter 280/390 Loss 0.0016 Top1 99.98 Top5 100.00
2025-12-30 16:35:38,108 - INFO  - [NUDE][TRAIN] Epoch 95/100 Iter 300/390 Loss 0.0016 Top1 99.98 Top5 100.00
2025-12-30 16:35:44,101 - INFO  - [NUDE][TRAIN] Epoch 95/100 Iter 320/390 Loss 0.0016 Top1 99.98 Top5 100.00
2025-12-30 16:35:50,236 - INFO  - [NUDE][TRAIN] Epoch 95/100 Iter 340/390 Loss 0.0016 Top1 99.98 Top5 100.00
2025-12-30 16:35:56,282 - INFO  - [NUDE][TRAIN] Epoch 95/100 Iter 360/390 Loss 0.0016 Top1 99.98 Top5 100.00
2025-12-30 16:36:02,294 - INFO  - [NUDE][TRAIN] Epoch 95/100 Iter 380/390 Loss 0.0016 Top1 99.98 Top5 100.00
2025-12-30 16:36:05,319 - INFO  - [NUDE] Validate: force max bit-width W/A = 6
2025-12-30 16:36:07,620 - INFO  - [NUDE][EPOCH] 95/100 Train: Top1=99.98 Top5=100.00 Loss=0.0016 | Val(EMA): Top1=93.27
2025-12-30 16:36:07,620 - INFO  -   ⏱️  本Epoch耗时: 1分59秒 | 平均Epoch耗时: 1分59秒 | 剩余Epoch数: 4
2025-12-30 16:36:07,620 - INFO  -   📅 预估剩余时间: 7分56秒 | 预估完成时间: 2025-12-30 16:44:03
2025-12-30 16:36:08,344 - INFO  - ([96] Epoch) Saving checkpoint to:
             Current: /root/autodl-tmp/retraining-free-quantization/training/r18_c10_nude_0.02_all_bits_orth/r18_c10_nude_0.02_all_bits_orth_checkpoint.pth.tar

2025-12-30 16:36:08,347 - INFO  - 🎲 Epoch 96: FaultInjector seed rotated to 138
2025-12-30 16:36:08,354 - INFO  - [NUDE] Epoch 96: force max bit-width W/A = 6
2025-12-30 16:36:08,354 - INFO  - ================================================================================
2025-12-30 16:36:08,354 - INFO  - 🔥 [NUDE] BFAT ACTIVE
2025-12-30 16:36:08,354 - INFO  -    Loss Type: direct_ce
2025-12-30 16:36:08,355 - INFO  -    Proj Mode: orthogonal
2025-12-30 16:36:08,355 - INFO  -    Injection: All Bits
2025-12-30 16:36:08,355 - INFO  - ================================================================================
2025-12-30 16:36:14,541 - INFO  - [NUDE][TRAIN] Epoch 96/100 Iter 20/390 Loss 0.0016 Top1 99.96 Top5 100.00
2025-12-30 16:36:20,571 - INFO  - [NUDE][TRAIN] Epoch 96/100 Iter 40/390 Loss 0.0020 Top1 99.94 Top5 100.00
2025-12-30 16:36:26,449 - INFO  - [NUDE][TRAIN] Epoch 96/100 Iter 60/390 Loss 0.0016 Top1 99.96 Top5 100.00
2025-12-30 16:36:32,439 - INFO  - [NUDE][TRAIN] Epoch 96/100 Iter 80/390 Loss 0.0018 Top1 99.96 Top5 100.00
2025-12-30 16:36:38,478 - INFO  - [NUDE][TRAIN] Epoch 96/100 Iter 100/390 Loss 0.0017 Top1 99.97 Top5 100.00
2025-12-30 16:36:44,329 - INFO  - [NUDE][TRAIN] Epoch 96/100 Iter 120/390 Loss 0.0021 Top1 99.96 Top5 100.00
2025-12-30 16:36:50,226 - INFO  - [NUDE][TRAIN] Epoch 96/100 Iter 140/390 Loss 0.0019 Top1 99.97 Top5 100.00
2025-12-30 16:36:56,017 - INFO  - [NUDE][TRAIN] Epoch 96/100 Iter 160/390 Loss 0.0018 Top1 99.97 Top5 100.00
2025-12-30 16:37:02,033 - INFO  - [NUDE][TRAIN] Epoch 96/100 Iter 180/390 Loss 0.0017 Top1 99.97 Top5 100.00
2025-12-30 16:37:08,016 - INFO  - [NUDE][TRAIN] Epoch 96/100 Iter 200/390 Loss 0.0017 Top1 99.97 Top5 100.00
2025-12-30 16:37:13,927 - INFO  - [NUDE][TRAIN] Epoch 96/100 Iter 220/390 Loss 0.0017 Top1 99.97 Top5 100.00
2025-12-30 16:37:19,961 - INFO  - [NUDE][TRAIN] Epoch 96/100 Iter 240/390 Loss 0.0017 Top1 99.97 Top5 100.00
2025-12-30 16:37:25,858 - INFO  - [NUDE][TRAIN] Epoch 96/100 Iter 260/390 Loss 0.0016 Top1 99.97 Top5 100.00
2025-12-30 16:37:31,945 - INFO  - [NUDE][TRAIN] Epoch 96/100 Iter 280/390 Loss 0.0016 Top1 99.97 Top5 100.00
2025-12-30 16:37:37,994 - INFO  - [NUDE][TRAIN] Epoch 96/100 Iter 300/390 Loss 0.0016 Top1 99.97 Top5 100.00
2025-12-30 16:37:43,947 - INFO  - [NUDE][TRAIN] Epoch 96/100 Iter 320/390 Loss 0.0016 Top1 99.98 Top5 100.00
2025-12-30 16:37:50,029 - INFO  - [NUDE][TRAIN] Epoch 96/100 Iter 340/390 Loss 0.0016 Top1 99.98 Top5 100.00
2025-12-30 16:37:55,911 - INFO  - [NUDE][TRAIN] Epoch 96/100 Iter 360/390 Loss 0.0015 Top1 99.98 Top5 100.00
2025-12-30 16:38:01,982 - INFO  - [NUDE][TRAIN] Epoch 96/100 Iter 380/390 Loss 0.0015 Top1 99.98 Top5 100.00
2025-12-30 16:38:04,976 - INFO  - [NUDE] Validate: force max bit-width W/A = 6
2025-12-30 16:38:07,259 - INFO  - [NUDE][EPOCH] 96/100 Train: Top1=99.98 Top5=100.00 Loss=0.0015 | Val(EMA): Top1=93.18
2025-12-30 16:38:07,259 - INFO  -   ⏱️  本Epoch耗时: 1分58秒 | 平均Epoch耗时: 1分59秒 | 剩余Epoch数: 3
2025-12-30 16:38:07,259 - INFO  -   📅 预估剩余时间: 5分57秒 | 预估完成时间: 2025-12-30 16:44:04
2025-12-30 16:38:08,100 - INFO  - ([97] Epoch) Saving checkpoint to:
             Current: /root/autodl-tmp/retraining-free-quantization/training/r18_c10_nude_0.02_all_bits_orth/r18_c10_nude_0.02_all_bits_orth_checkpoint.pth.tar

2025-12-30 16:38:08,103 - INFO  - 🎲 Epoch 97: FaultInjector seed rotated to 139
2025-12-30 16:38:08,110 - INFO  - [NUDE] Epoch 97: force max bit-width W/A = 6
2025-12-30 16:38:08,111 - INFO  - ================================================================================
2025-12-30 16:38:08,111 - INFO  - 🔥 [NUDE] BFAT ACTIVE
2025-12-30 16:38:08,111 - INFO  -    Loss Type: direct_ce
2025-12-30 16:38:08,111 - INFO  -    Proj Mode: orthogonal
2025-12-30 16:38:08,111 - INFO  -    Injection: All Bits
2025-12-30 16:38:08,111 - INFO  - ================================================================================
2025-12-30 16:38:14,284 - INFO  - [NUDE][TRAIN] Epoch 97/100 Iter 20/390 Loss 0.0016 Top1 100.00 Top5 100.00
2025-12-30 16:38:20,305 - INFO  - [NUDE][TRAIN] Epoch 97/100 Iter 40/390 Loss 0.0013 Top1 100.00 Top5 100.00
2025-12-30 16:38:26,115 - INFO  - [NUDE][TRAIN] Epoch 97/100 Iter 60/390 Loss 0.0012 Top1 100.00 Top5 100.00
2025-12-30 16:38:32,017 - INFO  - [NUDE][TRAIN] Epoch 97/100 Iter 80/390 Loss 0.0015 Top1 99.99 Top5 100.00
2025-12-30 16:38:37,989 - INFO  - [NUDE][TRAIN] Epoch 97/100 Iter 100/390 Loss 0.0015 Top1 99.99 Top5 100.00
2025-12-30 16:38:43,935 - INFO  - [NUDE][TRAIN] Epoch 97/100 Iter 120/390 Loss 0.0015 Top1 99.99 Top5 100.00
2025-12-30 16:38:49,932 - INFO  - [NUDE][TRAIN] Epoch 97/100 Iter 140/390 Loss 0.0014 Top1 99.99 Top5 100.00
2025-12-30 16:38:55,824 - INFO  - [NUDE][TRAIN] Epoch 97/100 Iter 160/390 Loss 0.0016 Top1 99.98 Top5 100.00
2025-12-30 16:39:01,834 - INFO  - [NUDE][TRAIN] Epoch 97/100 Iter 180/390 Loss 0.0017 Top1 99.97 Top5 100.00
2025-12-30 16:39:07,870 - INFO  - [NUDE][TRAIN] Epoch 97/100 Iter 200/390 Loss 0.0017 Top1 99.98 Top5 100.00
2025-12-30 16:39:13,875 - INFO  - [NUDE][TRAIN] Epoch 97/100 Iter 220/390 Loss 0.0016 Top1 99.98 Top5 100.00
2025-12-30 16:39:19,989 - INFO  - [NUDE][TRAIN] Epoch 97/100 Iter 240/390 Loss 0.0016 Top1 99.97 Top5 100.00
2025-12-30 16:39:25,965 - INFO  - [NUDE][TRAIN] Epoch 97/100 Iter 260/390 Loss 0.0016 Top1 99.97 Top5 100.00
2025-12-30 16:39:32,086 - INFO  - [NUDE][TRAIN] Epoch 97/100 Iter 280/390 Loss 0.0016 Top1 99.97 Top5 100.00
2025-12-30 16:39:38,211 - INFO  - [NUDE][TRAIN] Epoch 97/100 Iter 300/390 Loss 0.0015 Top1 99.97 Top5 100.00
2025-12-30 16:39:44,246 - INFO  - [NUDE][TRAIN] Epoch 97/100 Iter 320/390 Loss 0.0016 Top1 99.97 Top5 100.00
2025-12-30 16:39:50,418 - INFO  - [NUDE][TRAIN] Epoch 97/100 Iter 340/390 Loss 0.0017 Top1 99.97 Top5 100.00
2025-12-30 16:39:56,463 - INFO  - [NUDE][TRAIN] Epoch 97/100 Iter 360/390 Loss 0.0016 Top1 99.97 Top5 100.00
2025-12-30 16:40:02,546 - INFO  - [NUDE][TRAIN] Epoch 97/100 Iter 380/390 Loss 0.0016 Top1 99.97 Top5 100.00
2025-12-30 16:40:06,143 - INFO  - [NUDE] Validate: force max bit-width W/A = 6
2025-12-30 16:40:08,553 - INFO  - [NUDE][EPOCH] 97/100 Train: Top1=99.97 Top5=100.00 Loss=0.0016 | Val(EMA): Top1=93.25
2025-12-30 16:40:08,553 - INFO  -   ⏱️  本Epoch耗时: 2分0秒 | 平均Epoch耗时: 1分59秒 | 剩余Epoch数: 2
2025-12-30 16:40:08,553 - INFO  -   📅 预估剩余时间: 3分58秒 | 预估完成时间: 2025-12-30 16:44:07
2025-12-30 16:40:09,461 - INFO  - ([98] Epoch) Saving checkpoint to:
             Current: /root/autodl-tmp/retraining-free-quantization/training/r18_c10_nude_0.02_all_bits_orth/r18_c10_nude_0.02_all_bits_orth_checkpoint.pth.tar

2025-12-30 16:40:09,465 - INFO  - 🎲 Epoch 98: FaultInjector seed rotated to 140
2025-12-30 16:40:09,474 - INFO  - [NUDE] Epoch 98: force max bit-width W/A = 6
2025-12-30 16:40:09,474 - INFO  - ================================================================================
2025-12-30 16:40:09,474 - INFO  - 🔥 [NUDE] BFAT ACTIVE
2025-12-30 16:40:09,474 - INFO  -    Loss Type: direct_ce
2025-12-30 16:40:09,474 - INFO  -    Proj Mode: orthogonal
2025-12-30 16:40:09,474 - INFO  -    Injection: All Bits
2025-12-30 16:40:09,474 - INFO  - ================================================================================
2025-12-30 16:40:15,650 - INFO  - [NUDE][TRAIN] Epoch 98/100 Iter 20/390 Loss 0.0012 Top1 100.00 Top5 100.00
2025-12-30 16:40:21,894 - INFO  - [NUDE][TRAIN] Epoch 98/100 Iter 40/390 Loss 0.0015 Top1 99.98 Top5 100.00
2025-12-30 16:40:27,994 - INFO  - [NUDE][TRAIN] Epoch 98/100 Iter 60/390 Loss 0.0014 Top1 99.97 Top5 100.00
2025-12-30 16:40:34,170 - INFO  - [NUDE][TRAIN] Epoch 98/100 Iter 80/390 Loss 0.0013 Top1 99.98 Top5 100.00
2025-12-30 16:40:40,355 - INFO  - [NUDE][TRAIN] Epoch 98/100 Iter 100/390 Loss 0.0014 Top1 99.98 Top5 100.00
2025-12-30 16:40:46,376 - INFO  - [NUDE][TRAIN] Epoch 98/100 Iter 120/390 Loss 0.0014 Top1 99.97 Top5 100.00
2025-12-30 16:40:52,484 - INFO  - [NUDE][TRAIN] Epoch 98/100 Iter 140/390 Loss 0.0014 Top1 99.98 Top5 100.00
2025-12-30 16:40:58,562 - INFO  - [NUDE][TRAIN] Epoch 98/100 Iter 160/390 Loss 0.0013 Top1 99.98 Top5 100.00
2025-12-30 16:41:04,736 - INFO  - [NUDE][TRAIN] Epoch 98/100 Iter 180/390 Loss 0.0014 Top1 99.97 Top5 100.00
2025-12-30 16:41:10,881 - INFO  - [NUDE][TRAIN] Epoch 98/100 Iter 200/390 Loss 0.0014 Top1 99.98 Top5 100.00
2025-12-30 16:41:16,891 - INFO  - [NUDE][TRAIN] Epoch 98/100 Iter 220/390 Loss 0.0014 Top1 99.98 Top5 100.00
2025-12-30 16:41:23,009 - INFO  - [NUDE][TRAIN] Epoch 98/100 Iter 240/390 Loss 0.0014 Top1 99.98 Top5 100.00
2025-12-30 16:41:29,001 - INFO  - [NUDE][TRAIN] Epoch 98/100 Iter 260/390 Loss 0.0014 Top1 99.98 Top5 100.00
2025-12-30 16:41:35,108 - INFO  - [NUDE][TRAIN] Epoch 98/100 Iter 280/390 Loss 0.0013 Top1 99.98 Top5 100.00
2025-12-30 16:41:41,149 - INFO  - [NUDE][TRAIN] Epoch 98/100 Iter 300/390 Loss 0.0014 Top1 99.98 Top5 100.00
2025-12-30 16:41:47,038 - INFO  - [NUDE][TRAIN] Epoch 98/100 Iter 320/390 Loss 0.0014 Top1 99.98 Top5 100.00
2025-12-30 16:41:53,105 - INFO  - [NUDE][TRAIN] Epoch 98/100 Iter 340/390 Loss 0.0014 Top1 99.98 Top5 100.00
2025-12-30 16:41:59,060 - INFO  - [NUDE][TRAIN] Epoch 98/100 Iter 360/390 Loss 0.0013 Top1 99.98 Top5 100.00
2025-12-30 16:42:05,171 - INFO  - [NUDE][TRAIN] Epoch 98/100 Iter 380/390 Loss 0.0013 Top1 99.99 Top5 100.00
2025-12-30 16:42:08,234 - INFO  - [NUDE] Validate: force max bit-width W/A = 6
2025-12-30 16:42:10,605 - INFO  - [NUDE][EPOCH] 98/100 Train: Top1=99.99 Top5=100.00 Loss=0.0013 | Val(EMA): Top1=93.30
2025-12-30 16:42:10,605 - INFO  -   ⏱️  本Epoch耗时: 2分1秒 | 平均Epoch耗时: 1分59秒 | 剩余Epoch数: 1
2025-12-30 16:42:10,605 - INFO  -   📅 预估剩余时间: 1分59秒 | 预估完成时间: 2025-12-30 16:44:10
2025-12-30 16:42:11,435 - INFO  - ([99] Epoch) Saving checkpoint to:
             Current: /root/autodl-tmp/retraining-free-quantization/training/r18_c10_nude_0.02_all_bits_orth/r18_c10_nude_0.02_all_bits_orth_checkpoint.pth.tar

2025-12-30 16:42:11,438 - INFO  - 🎲 Epoch 99: FaultInjector seed rotated to 141
2025-12-30 16:42:11,446 - INFO  - [NUDE] Epoch 99: force max bit-width W/A = 6
2025-12-30 16:42:11,446 - INFO  - ================================================================================
2025-12-30 16:42:11,446 - INFO  - 🔥 [NUDE] BFAT ACTIVE
2025-12-30 16:42:11,446 - INFO  -    Loss Type: direct_ce
2025-12-30 16:42:11,446 - INFO  -    Proj Mode: orthogonal
2025-12-30 16:42:11,446 - INFO  -    Injection: All Bits
2025-12-30 16:42:11,446 - INFO  - ================================================================================
2025-12-30 16:42:17,691 - INFO  - [NUDE][TRAIN] Epoch 99/100 Iter 20/390 Loss 0.0010 Top1 100.00 Top5 100.00
2025-12-30 16:42:23,836 - INFO  - [NUDE][TRAIN] Epoch 99/100 Iter 40/390 Loss 0.0012 Top1 100.00 Top5 100.00
2025-12-30 16:42:29,881 - INFO  - [NUDE][TRAIN] Epoch 99/100 Iter 60/390 Loss 0.0012 Top1 99.99 Top5 100.00
2025-12-30 16:42:36,168 - INFO  - [NUDE][TRAIN] Epoch 99/100 Iter 80/390 Loss 0.0012 Top1 99.99 Top5 100.00
2025-12-30 16:42:42,681 - INFO  - [NUDE][TRAIN] Epoch 99/100 Iter 100/390 Loss 0.0012 Top1 99.99 Top5 100.00
2025-12-30 16:42:48,869 - INFO  - [NUDE][TRAIN] Epoch 99/100 Iter 120/390 Loss 0.0012 Top1 99.99 Top5 100.00
2025-12-30 16:42:55,012 - INFO  - [NUDE][TRAIN] Epoch 99/100 Iter 140/390 Loss 0.0013 Top1 99.98 Top5 100.00
2025-12-30 16:43:00,984 - INFO  - [NUDE][TRAIN] Epoch 99/100 Iter 160/390 Loss 0.0012 Top1 99.99 Top5 100.00
2025-12-30 16:43:07,169 - INFO  - [NUDE][TRAIN] Epoch 99/100 Iter 180/390 Loss 0.0013 Top1 99.98 Top5 100.00
2025-12-30 16:43:13,579 - INFO  - [NUDE][TRAIN] Epoch 99/100 Iter 200/390 Loss 0.0014 Top1 99.98 Top5 100.00
2025-12-30 16:43:19,494 - INFO  - [NUDE][TRAIN] Epoch 99/100 Iter 220/390 Loss 0.0013 Top1 99.98 Top5 100.00
2025-12-30 16:43:25,501 - INFO  - [NUDE][TRAIN] Epoch 99/100 Iter 240/390 Loss 0.0013 Top1 99.98 Top5 100.00
2025-12-30 16:43:31,411 - INFO  - [NUDE][TRAIN] Epoch 99/100 Iter 260/390 Loss 0.0013 Top1 99.98 Top5 100.00
2025-12-30 16:43:37,498 - INFO  - [NUDE][TRAIN] Epoch 99/100 Iter 280/390 Loss 0.0013 Top1 99.98 Top5 100.00
2025-12-30 16:43:43,596 - INFO  - [NUDE][TRAIN] Epoch 99/100 Iter 300/390 Loss 0.0014 Top1 99.98 Top5 100.00
2025-12-30 16:43:49,605 - INFO  - [NUDE][TRAIN] Epoch 99/100 Iter 320/390 Loss 0.0014 Top1 99.98 Top5 100.00
2025-12-30 16:43:55,739 - INFO  - [NUDE][TRAIN] Epoch 99/100 Iter 340/390 Loss 0.0014 Top1 99.98 Top5 100.00
2025-12-30 16:44:01,748 - INFO  - [NUDE][TRAIN] Epoch 99/100 Iter 360/390 Loss 0.0014 Top1 99.98 Top5 100.00
2025-12-30 16:44:07,896 - INFO  - [NUDE][TRAIN] Epoch 99/100 Iter 380/390 Loss 0.0014 Top1 99.98 Top5 100.00
2025-12-30 16:44:10,932 - INFO  - [NUDE] Validate: force max bit-width W/A = 6
2025-12-30 16:44:13,265 - INFO  - [NUDE][EPOCH] 99/100 Train: Top1=99.98 Top5=100.00 Loss=0.0013 | Val(EMA): Top1=93.27
2025-12-30 16:44:13,266 - INFO  -   ⏱️  本Epoch耗时: 2分1秒 | 平均Epoch耗时: 2分0秒 | 剩余Epoch数: 0
2025-12-30 16:44:13,266 - INFO  -   ✅ 训练完成！总耗时: 3小时19分42秒
2025-12-30 16:44:14,100 - INFO  - ([100] Epoch) Saving checkpoint to:
             Current: /root/autodl-tmp/retraining-free-quantization/training/r18_c10_nude_0.02_all_bits_orth/r18_c10_nude_0.02_all_bits_orth_checkpoint.pth.tar

