2025-12-18 16:06:37,429 - INFO  - Log file for this run: /root/autodl-tmp/retraining-free-quantization/training/alexnet_cifar10_single_gpu_clean120/alexnet_cifar10_single_gpu_clean120.log
2025-12-18 16:06:37,434 - INFO  - TensorBoard data directory: /root/autodl-tmp/retraining-free-quantization/training/alexnet_cifar10_single_gpu_clean120/tb_runs
2025-12-18 16:06:37,434 - INFO  - Code backup completed. Code saved to: /root/autodl-tmp/retraining-free-quantization/training/alexnet_cifar10_single_gpu_clean120/code/.cursor
2025-12-18 16:06:37,434 - INFO  - Code backup completed. Code saved to: /root/autodl-tmp/retraining-free-quantization/training/alexnet_cifar10_single_gpu_clean120/code/.vscode
2025-12-18 16:06:37,434 - INFO  - Code backup completed. Code saved to: /root/autodl-tmp/retraining-free-quantization/training/alexnet_cifar10_single_gpu_clean120/code/activation_dumps/denoise_restorer/clean/clean
2025-12-18 16:06:37,434 - INFO  - Code backup completed. Code saved to: /root/autodl-tmp/retraining-free-quantization/training/alexnet_cifar10_single_gpu_clean120/code/activation_dumps/denoise_restorer/clean
2025-12-18 16:06:37,434 - INFO  - Code backup completed. Code saved to: /root/autodl-tmp/retraining-free-quantization/training/alexnet_cifar10_single_gpu_clean120/code/activation_dumps/denoise_restorer/fault/fault
2025-12-18 16:06:37,434 - INFO  - Code backup completed. Code saved to: /root/autodl-tmp/retraining-free-quantization/training/alexnet_cifar10_single_gpu_clean120/code/activation_dumps/denoise_restorer/fault
2025-12-18 16:06:37,435 - INFO  - Code backup completed. Code saved to: /root/autodl-tmp/retraining-free-quantization/training/alexnet_cifar10_single_gpu_clean120/code/activation_dumps/denoise_restorer
2025-12-18 16:06:37,435 - INFO  - Code backup completed. Code saved to: /root/autodl-tmp/retraining-free-quantization/training/alexnet_cifar10_single_gpu_clean120/code/activation_dumps
2025-12-18 16:06:37,435 - INFO  - Code backup completed. Code saved to: /root/autodl-tmp/retraining-free-quantization/training/alexnet_cifar10_single_gpu_clean120/code/checkpoints
2025-12-18 16:06:37,435 - INFO  - Code backup completed. Code saved to: /root/autodl-tmp/retraining-free-quantization/training/alexnet_cifar10_single_gpu_clean120/code/configs/restorer
2025-12-18 16:06:37,435 - INFO  - Code backup completed. Code saved to: /root/autodl-tmp/retraining-free-quantization/training/alexnet_cifar10_single_gpu_clean120/code/configs
2025-12-18 16:06:37,435 - INFO  - Code backup completed. Code saved to: /root/autodl-tmp/retraining-free-quantization/training/alexnet_cifar10_single_gpu_clean120/code/docs
2025-12-18 16:06:37,435 - INFO  - Code backup completed. Code saved to: /root/autodl-tmp/retraining-free-quantization/training/alexnet_cifar10_single_gpu_clean120/code/layer_profiles
2025-12-18 16:06:37,435 - INFO  - Code backup completed. Code saved to: /root/autodl-tmp/retraining-free-quantization/training/alexnet_cifar10_single_gpu_clean120/code/learning_heads
2025-12-18 16:06:37,435 - INFO  - Code backup completed. Code saved to: /root/autodl-tmp/retraining-free-quantization/training/alexnet_cifar10_single_gpu_clean120/code/logs/restorer_pipeline
2025-12-18 16:06:37,436 - INFO  - Code backup completed. Code saved to: /root/autodl-tmp/retraining-free-quantization/training/alexnet_cifar10_single_gpu_clean120/code/logs/sensitive_layer_sets
2025-12-18 16:06:37,436 - INFO  - Code backup completed. Code saved to: /root/autodl-tmp/retraining-free-quantization/training/alexnet_cifar10_single_gpu_clean120/code/logs
2025-12-18 16:06:37,436 - INFO  - Copied code file: __init__.py
2025-12-18 16:06:37,436 - INFO  - Copied code file: alexnet_cifar.py
2025-12-18 16:06:37,436 - INFO  - Copied code file: mobilenetv2.py
2025-12-18 16:06:37,437 - INFO  - Copied code file: model.py
2025-12-18 16:06:37,437 - INFO  - Copied code file: resnet_cifar.py
2025-12-18 16:06:37,437 - INFO  - Code backup completed. Code saved to: /root/autodl-tmp/retraining-free-quantization/training/alexnet_cifar10_single_gpu_clean120/code/model
2025-12-18 16:06:37,437 - INFO  - Copied code file: __init__.py
2025-12-18 16:06:37,437 - INFO  - Copied code file: lsq.py
2025-12-18 16:06:37,438 - INFO  - Copied code file: quantizer.py
2025-12-18 16:06:37,438 - INFO  - Code backup completed. Code saved to: /root/autodl-tmp/retraining-free-quantization/training/alexnet_cifar10_single_gpu_clean120/code/quan/quantizer
2025-12-18 16:06:37,438 - INFO  - Copied code file: __init__.py
2025-12-18 16:06:37,438 - INFO  - Copied code file: func.py
2025-12-18 16:06:37,438 - INFO  - Copied code file: utils.py
2025-12-18 16:06:37,439 - INFO  - Code backup completed. Code saved to: /root/autodl-tmp/retraining-free-quantization/training/alexnet_cifar10_single_gpu_clean120/code/quan
2025-12-18 16:06:37,439 - INFO  - Code backup completed. Code saved to: /root/autodl-tmp/retraining-free-quantization/training/alexnet_cifar10_single_gpu_clean120/code/sensitive_training/alexnet_cifar10_sensitive_stage2/tb_runs
2025-12-18 16:06:37,439 - INFO  - Code backup completed. Code saved to: /root/autodl-tmp/retraining-free-quantization/training/alexnet_cifar10_single_gpu_clean120/code/sensitive_training/alexnet_cifar10_sensitive_stage2
2025-12-18 16:06:37,439 - INFO  - Code backup completed. Code saved to: /root/autodl-tmp/retraining-free-quantization/training/alexnet_cifar10_single_gpu_clean120/code/sensitive_training/alexnet_cifar10_sensitive_stage2_transformer/tb_runs
2025-12-18 16:06:37,439 - INFO  - Code backup completed. Code saved to: /root/autodl-tmp/retraining-free-quantization/training/alexnet_cifar10_single_gpu_clean120/code/sensitive_training/alexnet_cifar10_sensitive_stage2_transformer
2025-12-18 16:06:37,439 - INFO  - Code backup completed. Code saved to: /root/autodl-tmp/retraining-free-quantization/training/alexnet_cifar10_single_gpu_clean120/code/sensitive_training
2025-12-18 16:06:37,439 - INFO  - Copied code file: analyze_corrector_logits.py
2025-12-18 16:06:37,440 - INFO  - Copied code file: analyze_fault_propagation.py
2025-12-18 16:06:37,440 - INFO  - Copied code file: analyze_layer_sensitivity.py
2025-12-18 16:06:37,440 - INFO  - Copied code file: test_fault_injection_baseline_resnet18.py
2025-12-18 16:06:37,440 - INFO  - Copied code file: analyze_multi_bit_sensitivity.py
2025-12-18 16:06:37,441 - INFO  - Copied code file: analyze_single_layer_fault_impact.py
2025-12-18 16:06:37,441 - INFO  - Copied code file: calculate_weight_flip_probability.py
2025-12-18 16:06:37,441 - INFO  - Copied code file: collect_layer_statistics.py
2025-12-18 16:06:37,441 - INFO  - Copied code file: diagnose_corrector_gap.py
2025-12-18 16:06:37,442 - INFO  - Copied code file: sweep_srqat.py
2025-12-18 16:06:37,442 - INFO  - Copied code file: eval_gradient_statistics_restorer.py
2025-12-18 16:06:37,442 - INFO  - Copied code file: eval_sensitive_layer_sets.py
2025-12-18 16:06:37,443 - INFO  - Copied code file: eval_sensitive_restorer.py
2025-12-18 16:06:37,443 - INFO  - Copied code file: eval_with_fault_injection.py
2025-12-18 16:06:37,443 - INFO  - Copied code file: compare_lsq_scales_with_checkpoint.py
2025-12-18 16:06:37,443 - INFO  - Copied code file: test_fault_injector.py
2025-12-18 16:06:37,444 - INFO  - Copied code file: analyze_srqat_scale_weight_norms.py
2025-12-18 16:06:37,444 - INFO  - Copied code file: test_gray_code_fault_injection.py
2025-12-18 16:06:37,444 - INFO  - Copied code file: test_olm_fault_injection.py
2025-12-18 16:06:37,444 - INFO  - Copied code file: export_srqat_penalty_stats.py
2025-12-18 16:06:37,444 - INFO  - Copied code file: train_learning_repair_head.py
2025-12-18 16:06:37,445 - INFO  - Copied code file: train_olm_encoder.py
2025-12-18 16:06:37,445 - INFO  - Copied code file: plot_weight_distribution_violin.py
2025-12-18 16:06:37,445 - INFO  - Copied code file: train_sensitive_repair_head.py
2025-12-18 16:06:37,446 - INFO  - Copied code file: visualize_fault_activation.py
2025-12-18 16:06:37,446 - INFO  - Copied code file: test_learnable_olm_vs_traditional_olm.py
2025-12-18 16:06:37,446 - INFO  - Copied code file: test_fault_injection_baseline.py
2025-12-18 16:06:37,446 - INFO  - Copied code file: analyze_olm_differences.py
2025-12-18 16:06:37,447 - INFO  - Copied code file: test_learnable_olm_consistency.py
2025-12-18 16:06:37,447 - INFO  - Copied code file: test_search_olm_from_checkpoint.py
2025-12-18 16:06:37,447 - INFO  - Copied code file: test_olm_layer_name_check.py
2025-12-18 16:06:37,447 - INFO  - Copied code file: compare_old_new_fault_injector.py
2025-12-18 16:06:37,448 - INFO  - Copied code file: verify_dec2_fault_injector.py
2025-12-18 16:06:37,448 - INFO  - Copied code file: verify_dec2_olm_fault_injection.py
2025-12-18 16:06:37,448 - INFO  - Copied code file: train_olm_encoder_improved.py
2025-12-18 16:06:37,448 - INFO  - Copied code file: train_olm_encoder_improved_v2.py
2025-12-18 16:06:37,449 - INFO  - Copied code file: train_olm_encoder_enhanced.py
2025-12-18 16:06:37,449 - INFO  - Copied code file: compare_olm_vs_gray_code.py
2025-12-18 16:06:37,449 - INFO  - Copied code file: test_bit_range_fault_injection.py
2025-12-18 16:06:37,449 - INFO  - Copied code file: train_olm_encoder_partial_bits.py
2025-12-18 16:06:37,450 - INFO  - Copied code file: test_bit7_flip_direction.py
2025-12-18 16:06:37,450 - INFO  - Copied code file: train_olm_encoder_hybrid.py
2025-12-18 16:06:37,450 - INFO  - Copied code file: train_olm_encoder_hybrid_v2.py
2025-12-18 16:06:37,451 - INFO  - Copied code file: test_hybrid_olm_fault_injection.py
2025-12-18 16:06:37,451 - INFO  - Code backup completed. Code saved to: /root/autodl-tmp/retraining-free-quantization/training/alexnet_cifar10_single_gpu_clean120/code/tools
2025-12-18 16:06:37,451 - INFO  - Copied code file: __init__.py
2025-12-18 16:06:37,451 - INFO  - Copied code file: bsam.py
2025-12-18 16:06:37,452 - INFO  - Copied code file: checkpoint.py
2025-12-18 16:06:37,452 - INFO  - Copied code file: config.py
2025-12-18 16:06:37,452 - INFO  - Copied code file: data_loader.py
2025-12-18 16:06:37,452 - INFO  - Copied code file: dist.py
2025-12-18 16:06:37,452 - INFO  - Copied code file: enhanced_feature_extractor.py
2025-12-18 16:06:37,453 - INFO  - Copied code file: olm_encoder_enhanced.py
2025-12-18 16:06:37,453 - INFO  - Copied code file: gradient_statistics_restorer.py
2025-12-18 16:06:37,453 - INFO  - Copied code file: greedy_search.py
2025-12-18 16:06:37,454 - INFO  - Copied code file: intermediate_layer_restorer.py
2025-12-18 16:06:37,454 - INFO  - Copied code file: intermediate_restorer_integration.py
2025-12-18 16:06:37,454 - INFO  - Copied code file: intermediate_restorer_trainer.py
2025-12-18 16:06:37,454 - INFO  - Copied code file: layerwise_rl_restorer.py
2025-12-18 16:06:37,455 - INFO  - Copied code file: loss_ops.py
2025-12-18 16:06:37,455 - INFO  - Copied code file: lsq_sam.py
2025-12-18 16:06:37,455 - INFO  - Copied code file: model_ema.py
2025-12-18 16:06:37,455 - INFO  - Copied code file: monitor.py
2025-12-18 16:06:37,455 - INFO  - Copied code file: mpq.py
2025-12-18 16:06:37,456 - INFO  - Copied code file: olm_encoder.py
2025-12-18 16:06:37,456 - INFO  - Copied code file: output_corrector.py
2025-12-18 16:06:37,456 - INFO  - Copied code file: progressive_ber_scheduler.py
2025-12-18 16:06:37,456 - INFO  - Copied code file: qat.py
2025-12-18 16:06:37,456 - INFO  - Copied code file: random_search.py
2025-12-18 16:06:37,457 - INFO  - Copied code file: rl_intermediate_layer_restorer.py
2025-12-18 16:06:37,457 - INFO  - Copied code file: rl_intermediate_restorer_integration.py
2025-12-18 16:06:37,457 - INFO  - Copied code file: rl_restorer.py
2025-12-18 16:06:37,457 - INFO  - Copied code file: rl_restorer_integration.py
2025-12-18 16:06:37,458 - INFO  - Copied code file: rl_restorer_lightweight.py
2025-12-18 16:06:37,458 - INFO  - Copied code file: rl_restorer_trainer.py
2025-12-18 16:06:37,458 - INFO  - Copied code file: searcher.py
2025-12-18 16:06:37,458 - INFO  - Copied code file: sensitive_features.py
2025-12-18 16:06:37,459 - INFO  - Copied code file: sensitive_layer_restorer.py
2025-12-18 16:06:37,459 - INFO  - Copied code file: sensitive_restorer.py
2025-12-18 16:06:37,459 - INFO  - Copied code file: sensitive_restorer_transformer.py
2025-12-18 16:06:37,459 - INFO  - Copied code file: sensitive_restorer_v2.py
2025-12-18 16:06:37,460 - INFO  - Copied code file: utils.py
2025-12-18 16:06:37,460 - INFO  - Copied code file: weight_schd.py
2025-12-18 16:06:37,460 - INFO  - Copied code file: learnable_olm.py
2025-12-18 16:06:37,460 - INFO  - Copied code file: integer_inn_encoder.py
2025-12-18 16:06:37,461 - INFO  - Copied code file: search_olm_manager.py
2025-12-18 16:06:37,461 - INFO  - Copied code file: hybrid_olm_optimizer.py
2025-12-18 16:06:37,461 - INFO  - Copied code file: efficient_hybrid_olm_optimizer.py
2025-12-18 16:06:37,462 - INFO  - Copied code file: fault_injector_question.py
2025-12-18 16:06:37,462 - INFO  - Copied code file: fault_injector.py
2025-12-18 16:06:37,462 - INFO  - Copied code file: improved_olm_encoder.py
2025-12-18 16:06:37,463 - INFO  - Copied code file: improved_olm_encoder_v2.py
2025-12-18 16:06:37,463 - INFO  - Copied code file: improved_olm_encoder_genetic.py
2025-12-18 16:06:37,463 - INFO  - Code backup completed. Code saved to: /root/autodl-tmp/retraining-free-quantization/training/alexnet_cifar10_single_gpu_clean120/code/util
2025-12-18 16:06:37,463 - INFO  - Code backup completed. Code saved to: /root/autodl-tmp/retraining-free-quantization/training/alexnet_cifar10_single_gpu_clean120/code/visualizations/fault_activation_features_0
2025-12-18 16:06:37,463 - INFO  - Code backup completed. Code saved to: /root/autodl-tmp/retraining-free-quantization/training/alexnet_cifar10_single_gpu_clean120/code/visualizations/fault_activation_features_0_ber1e1
2025-12-18 16:06:37,463 - INFO  - Code backup completed. Code saved to: /root/autodl-tmp/retraining-free-quantization/training/alexnet_cifar10_single_gpu_clean120/code/visualizations
2025-12-18 16:06:37,464 - INFO  - Copied code file: main.py
2025-12-18 16:06:37,464 - INFO  - Copied code file: policy.py
2025-12-18 16:06:37,464 - INFO  - Copied code file: compare_scripts.py
2025-12-18 16:06:37,464 - INFO  - Code backup completed. Code saved to: /root/autodl-tmp/retraining-free-quantization/training/alexnet_cifar10_single_gpu_clean120/code/chat
2025-12-18 16:06:37,465 - INFO  - Copied code file: process_sam.py
2025-12-18 16:06:37,465 - INFO  - Copied code file: process.py
2025-12-18 16:06:37,465 - INFO  - Copied code file: FAULT_INJECTION_SIMPLE_EXAMPLE.py
2025-12-18 16:06:37,465 - INFO  - Copied code file: analyze_bit_width_impact.py
2025-12-18 16:06:37,466 - INFO  - Copied code file: evolution_search.py
2025-12-18 16:06:37,466 - INFO  - Copied code file: analyze_w2a6_real_reason.py
2025-12-18 16:06:37,466 - INFO  - Copied code file: analyze_w2a6_slowdown.py
2025-12-18 16:06:37,467 - INFO  - Copied code file: debug_fault_injection_detailed.py
2025-12-18 16:06:37,467 - INFO  - Copied code file: example_enhanced_features.py
2025-12-18 16:06:37,467 - INFO  - Copied code file: example_rl_restorer.py
2025-12-18 16:06:37,467 - INFO  - Copied code file: example_rl_restorer_integration.py
2025-12-18 16:06:37,467 - INFO  - Copied code file: quick_test_gradient_restorer.py
2025-12-18 16:06:37,468 - INFO  - Copied code file: process_olm_fat.py
2025-12-18 16:06:37,468 - INFO  - Copied code file: process_normal.py
2025-12-18 16:06:37,469 - INFO  - Copied code file: main_normal.py
2025-12-18 16:06:37,469 - INFO  - Copied code file: test_ber_verification.py
2025-12-18 16:06:37,469 - INFO  - Copied code file: test_fault_injection_debug.py
2025-12-18 16:06:37,469 - INFO  - Copied code file: test_fault_injection_seed_logic.py
2025-12-18 16:06:37,469 - INFO  - Copied code file: test_fault_injection_verbose.py
2025-12-18 16:06:37,470 - INFO  - Copied code file: test_gradient_preservation.py
2025-12-18 16:06:37,470 - INFO  - Copied code file: test_json_config_loading.py
2025-12-18 16:06:37,470 - INFO  - Copied code file: main_olm_fat.py
2025-12-18 16:06:37,471 - INFO  - Copied code file: train_rl_restorer_with_enhanced_features.py
2025-12-18 16:06:37,471 - INFO  - Copied code file: train_sensitive_restorer.py
2025-12-18 16:06:37,471 - INFO  - Copied code file: train_sensitive_restorer_distill.py
2025-12-18 16:06:37,471 - INFO  - Copied code file: process_nude.py
2025-12-18 16:06:37,472 - INFO  - Copied code file: main_nude.py
2025-12-18 16:06:37,472 - INFO  - Code backup completed. Code saved to: /root/autodl-tmp/retraining-free-quantization/training/alexnet_cifar10_single_gpu_clean120/code
2025-12-18 16:06:38,060 - INFO  - Created `alexnet` model for `cifar10` dataset (num_classes=10)
          Use pre-trained model = False
2025-12-18 16:06:40,531 - INFO  - [NUDE] Force training only max(target_bits)=6 (no nr_random_sample)
2025-12-18 16:06:40,533 - INFO  - [NUDE] Epoch 0: force max bit-width W/A = 6
2025-12-18 16:06:41,833 - INFO  - [NUDE][TRAIN] Epoch 0/120 Iter 20/390 Loss 2.2797 Top1 13.01 Top5 57.07
2025-12-18 16:06:42,515 - INFO  - [NUDE][TRAIN] Epoch 0/120 Iter 40/390 Loss 2.2155 Top1 16.17 Top5 64.18
2025-12-18 16:06:43,195 - INFO  - [NUDE][TRAIN] Epoch 0/120 Iter 60/390 Loss 2.1369 Top1 19.57 Top5 69.10
2025-12-18 16:06:43,874 - INFO  - [NUDE][TRAIN] Epoch 0/120 Iter 80/390 Loss 2.0766 Top1 21.95 Top5 72.36
2025-12-18 16:06:44,558 - INFO  - [NUDE][TRAIN] Epoch 0/120 Iter 100/390 Loss 2.0357 Top1 23.74 Top5 74.50
2025-12-18 16:06:45,248 - INFO  - [NUDE][TRAIN] Epoch 0/120 Iter 120/390 Loss 1.9915 Top1 25.55 Top5 76.55
2025-12-18 16:06:45,930 - INFO  - [NUDE][TRAIN] Epoch 0/120 Iter 140/390 Loss 1.9487 Top1 27.25 Top5 78.24
2025-12-18 16:06:46,609 - INFO  - [NUDE][TRAIN] Epoch 0/120 Iter 160/390 Loss 1.9116 Top1 28.71 Top5 79.61
2025-12-18 16:06:47,297 - INFO  - [NUDE][TRAIN] Epoch 0/120 Iter 180/390 Loss 1.8778 Top1 30.03 Top5 80.77
2025-12-18 16:06:47,979 - INFO  - [NUDE][TRAIN] Epoch 0/120 Iter 200/390 Loss 1.8494 Top1 31.23 Top5 81.62
2025-12-18 16:06:48,667 - INFO  - [NUDE][TRAIN] Epoch 0/120 Iter 220/390 Loss 1.8237 Top1 32.30 Top5 82.43
2025-12-18 16:06:49,351 - INFO  - [NUDE][TRAIN] Epoch 0/120 Iter 240/390 Loss 1.7962 Top1 33.37 Top5 83.19
2025-12-18 16:06:50,047 - INFO  - [NUDE][TRAIN] Epoch 0/120 Iter 260/390 Loss 1.7725 Top1 34.24 Top5 83.89
2025-12-18 16:06:50,730 - INFO  - [NUDE][TRAIN] Epoch 0/120 Iter 280/390 Loss 1.7503 Top1 35.06 Top5 84.47
2025-12-18 16:06:51,411 - INFO  - [NUDE][TRAIN] Epoch 0/120 Iter 300/390 Loss 1.7308 Top1 35.83 Top5 84.98
2025-12-18 16:06:52,101 - INFO  - [NUDE][TRAIN] Epoch 0/120 Iter 320/390 Loss 1.7096 Top1 36.64 Top5 85.51
2025-12-18 16:06:52,784 - INFO  - [NUDE][TRAIN] Epoch 0/120 Iter 340/390 Loss 1.6912 Top1 37.35 Top5 85.95
2025-12-18 16:06:53,471 - INFO  - [NUDE][TRAIN] Epoch 0/120 Iter 360/390 Loss 1.6736 Top1 38.05 Top5 86.39
2025-12-18 16:06:54,156 - INFO  - [NUDE][TRAIN] Epoch 0/120 Iter 380/390 Loss 1.6548 Top1 38.80 Top5 86.78
2025-12-18 16:06:54,527 - INFO  - [NUDE] Validate: force max bit-width W/A = 6
2025-12-18 16:06:55,527 - INFO  - [NUDE][EPOCH] 0/120 Train: Top1=39.07 Top5=86.93 Loss=1.6477 | Val(EMA): Top1=16.01
2025-12-18 16:06:56,780 - INFO  - ([1] Epoch) Saving checkpoint to:
             Current: /root/autodl-tmp/retraining-free-quantization/training/alexnet_cifar10_single_gpu_clean120/alexnet_cifar10_single_gpu_clean120_checkpoint.pth.tar

2025-12-18 16:06:56,781 - INFO  - [NUDE] Epoch 1: force max bit-width W/A = 6
2025-12-18 16:06:57,639 - INFO  - [NUDE][TRAIN] Epoch 1/120 Iter 20/390 Loss 1.3043 Top1 53.67 Top5 93.83
2025-12-18 16:06:58,321 - INFO  - [NUDE][TRAIN] Epoch 1/120 Iter 40/390 Loss 1.2839 Top1 54.08 Top5 94.00
2025-12-18 16:06:59,005 - INFO  - [NUDE][TRAIN] Epoch 1/120 Iter 60/390 Loss 1.2823 Top1 54.36 Top5 93.83
2025-12-18 16:06:59,686 - INFO  - [NUDE][TRAIN] Epoch 1/120 Iter 80/390 Loss 1.2741 Top1 54.26 Top5 94.15
2025-12-18 16:07:00,369 - INFO  - [NUDE][TRAIN] Epoch 1/120 Iter 100/390 Loss 1.2682 Top1 54.61 Top5 94.27
2025-12-18 16:07:01,049 - INFO  - [NUDE][TRAIN] Epoch 1/120 Iter 120/390 Loss 1.2611 Top1 54.94 Top5 94.36
2025-12-18 16:07:01,732 - INFO  - [NUDE][TRAIN] Epoch 1/120 Iter 140/390 Loss 1.2462 Top1 55.42 Top5 94.46
2025-12-18 16:07:02,417 - INFO  - [NUDE][TRAIN] Epoch 1/120 Iter 160/390 Loss 1.2371 Top1 55.64 Top5 94.58
2025-12-18 16:07:03,100 - INFO  - [NUDE][TRAIN] Epoch 1/120 Iter 180/390 Loss 1.2289 Top1 55.89 Top5 94.73
2025-12-18 16:07:03,785 - INFO  - [NUDE][TRAIN] Epoch 1/120 Iter 200/390 Loss 1.2265 Top1 55.98 Top5 94.84
2025-12-18 16:07:04,468 - INFO  - [NUDE][TRAIN] Epoch 1/120 Iter 220/390 Loss 1.2234 Top1 56.12 Top5 94.85
2025-12-18 16:07:05,151 - INFO  - [NUDE][TRAIN] Epoch 1/120 Iter 240/390 Loss 1.2160 Top1 56.38 Top5 94.96
2025-12-18 16:07:05,833 - INFO  - [NUDE][TRAIN] Epoch 1/120 Iter 260/390 Loss 1.2083 Top1 56.59 Top5 95.04
2025-12-18 16:07:06,518 - INFO  - [NUDE][TRAIN] Epoch 1/120 Iter 280/390 Loss 1.2007 Top1 56.91 Top5 95.12
2025-12-18 16:07:07,200 - INFO  - [NUDE][TRAIN] Epoch 1/120 Iter 300/390 Loss 1.1937 Top1 57.13 Top5 95.16
2025-12-18 16:07:07,881 - INFO  - [NUDE][TRAIN] Epoch 1/120 Iter 320/390 Loss 1.1874 Top1 57.31 Top5 95.21
2025-12-18 16:07:08,566 - INFO  - [NUDE][TRAIN] Epoch 1/120 Iter 340/390 Loss 1.1809 Top1 57.56 Top5 95.21
2025-12-18 16:07:09,248 - INFO  - [NUDE][TRAIN] Epoch 1/120 Iter 360/390 Loss 1.1730 Top1 57.83 Top5 95.31
2025-12-18 16:07:09,932 - INFO  - [NUDE][TRAIN] Epoch 1/120 Iter 380/390 Loss 1.1636 Top1 58.17 Top5 95.40
2025-12-18 16:07:10,307 - INFO  - [NUDE] Validate: force max bit-width W/A = 6
2025-12-18 16:07:11,302 - INFO  - [NUDE][EPOCH] 1/120 Train: Top1=58.37 Top5=95.44 Loss=1.1582 | Val(EMA): Top1=25.98
2025-12-18 16:07:12,485 - INFO  - ([2] Epoch) Saving checkpoint to:
             Current: /root/autodl-tmp/retraining-free-quantization/training/alexnet_cifar10_single_gpu_clean120/alexnet_cifar10_single_gpu_clean120_checkpoint.pth.tar

2025-12-18 16:07:12,487 - INFO  - [NUDE] Epoch 2: force max bit-width W/A = 6
2025-12-18 16:07:13,348 - INFO  - [NUDE][TRAIN] Epoch 2/120 Iter 20/390 Loss 1.0053 Top1 62.50 Top5 96.80
2025-12-18 16:07:14,030 - INFO  - [NUDE][TRAIN] Epoch 2/120 Iter 40/390 Loss 1.0151 Top1 63.20 Top5 96.62
2025-12-18 16:07:14,714 - INFO  - [NUDE][TRAIN] Epoch 2/120 Iter 60/390 Loss 1.0087 Top1 63.35 Top5 96.54
2025-12-18 16:07:15,401 - INFO  - [NUDE][TRAIN] Epoch 2/120 Iter 80/390 Loss 1.0035 Top1 63.71 Top5 96.62
2025-12-18 16:07:16,088 - INFO  - [NUDE][TRAIN] Epoch 2/120 Iter 100/390 Loss 1.0027 Top1 64.14 Top5 96.59
2025-12-18 16:07:16,773 - INFO  - [NUDE][TRAIN] Epoch 2/120 Iter 120/390 Loss 0.9968 Top1 64.42 Top5 96.64
2025-12-18 16:07:17,455 - INFO  - [NUDE][TRAIN] Epoch 2/120 Iter 140/390 Loss 0.9946 Top1 64.50 Top5 96.65
2025-12-18 16:07:18,138 - INFO  - [NUDE][TRAIN] Epoch 2/120 Iter 160/390 Loss 0.9839 Top1 64.93 Top5 96.72
2025-12-18 16:07:18,821 - INFO  - [NUDE][TRAIN] Epoch 2/120 Iter 180/390 Loss 0.9805 Top1 65.07 Top5 96.72
2025-12-18 16:07:19,504 - INFO  - [NUDE][TRAIN] Epoch 2/120 Iter 200/390 Loss 0.9745 Top1 65.31 Top5 96.80
2025-12-18 16:07:20,188 - INFO  - [NUDE][TRAIN] Epoch 2/120 Iter 220/390 Loss 0.9686 Top1 65.59 Top5 96.84
2025-12-18 16:07:20,872 - INFO  - [NUDE][TRAIN] Epoch 2/120 Iter 240/390 Loss 0.9626 Top1 65.88 Top5 96.89
2025-12-18 16:07:21,553 - INFO  - [NUDE][TRAIN] Epoch 2/120 Iter 260/390 Loss 0.9558 Top1 66.08 Top5 96.94
2025-12-18 16:07:22,233 - INFO  - [NUDE][TRAIN] Epoch 2/120 Iter 280/390 Loss 0.9518 Top1 66.29 Top5 96.96
2025-12-18 16:07:22,921 - INFO  - [NUDE][TRAIN] Epoch 2/120 Iter 300/390 Loss 0.9490 Top1 66.40 Top5 96.96
2025-12-18 16:07:23,606 - INFO  - [NUDE][TRAIN] Epoch 2/120 Iter 320/390 Loss 0.9446 Top1 66.53 Top5 97.01
2025-12-18 16:07:24,292 - INFO  - [NUDE][TRAIN] Epoch 2/120 Iter 340/390 Loss 0.9434 Top1 66.64 Top5 97.01
2025-12-18 16:07:24,979 - INFO  - [NUDE][TRAIN] Epoch 2/120 Iter 360/390 Loss 0.9401 Top1 66.75 Top5 97.05
2025-12-18 16:07:25,660 - INFO  - [NUDE][TRAIN] Epoch 2/120 Iter 380/390 Loss 0.9384 Top1 66.80 Top5 97.05
2025-12-18 16:07:26,044 - INFO  - [NUDE] Validate: force max bit-width W/A = 6
2025-12-18 16:07:27,038 - INFO  - [NUDE][EPOCH] 2/120 Train: Top1=66.84 Top5=97.09 Loss=0.9367 | Val(EMA): Top1=31.71
2025-12-18 16:07:28,219 - INFO  - ([3] Epoch) Saving checkpoint to:
             Current: /root/autodl-tmp/retraining-free-quantization/training/alexnet_cifar10_single_gpu_clean120/alexnet_cifar10_single_gpu_clean120_checkpoint.pth.tar

2025-12-18 16:07:28,221 - INFO  - [NUDE] Epoch 3: force max bit-width W/A = 6
2025-12-18 16:07:29,076 - INFO  - [NUDE][TRAIN] Epoch 3/120 Iter 20/390 Loss 0.8429 Top1 70.00 Top5 97.73
2025-12-18 16:07:29,762 - INFO  - [NUDE][TRAIN] Epoch 3/120 Iter 40/390 Loss 0.8488 Top1 70.20 Top5 97.68
2025-12-18 16:07:30,449 - INFO  - [NUDE][TRAIN] Epoch 3/120 Iter 60/390 Loss 0.8457 Top1 70.29 Top5 97.73
2025-12-18 16:07:31,135 - INFO  - [NUDE][TRAIN] Epoch 3/120 Iter 80/390 Loss 0.8489 Top1 70.13 Top5 97.66
2025-12-18 16:07:31,819 - INFO  - [NUDE][TRAIN] Epoch 3/120 Iter 100/390 Loss 0.8468 Top1 70.16 Top5 97.72
2025-12-18 16:07:32,502 - INFO  - [NUDE][TRAIN] Epoch 3/120 Iter 120/390 Loss 0.8386 Top1 70.38 Top5 97.81
2025-12-18 16:07:33,183 - INFO  - [NUDE][TRAIN] Epoch 3/120 Iter 140/390 Loss 0.8350 Top1 70.69 Top5 97.74
2025-12-18 16:07:33,866 - INFO  - [NUDE][TRAIN] Epoch 3/120 Iter 160/390 Loss 0.8306 Top1 70.79 Top5 97.77
2025-12-18 16:07:34,550 - INFO  - [NUDE][TRAIN] Epoch 3/120 Iter 180/390 Loss 0.8260 Top1 70.92 Top5 97.79
2025-12-18 16:07:35,241 - INFO  - [NUDE][TRAIN] Epoch 3/120 Iter 200/390 Loss 0.8270 Top1 70.89 Top5 97.71
2025-12-18 16:07:35,922 - INFO  - [NUDE][TRAIN] Epoch 3/120 Iter 220/390 Loss 0.8262 Top1 70.92 Top5 97.75
2025-12-18 16:07:36,604 - INFO  - [NUDE][TRAIN] Epoch 3/120 Iter 240/390 Loss 0.8242 Top1 70.96 Top5 97.78
2025-12-18 16:07:37,287 - INFO  - [NUDE][TRAIN] Epoch 3/120 Iter 260/390 Loss 0.8229 Top1 71.05 Top5 97.77
2025-12-18 16:07:37,977 - INFO  - [NUDE][TRAIN] Epoch 3/120 Iter 280/390 Loss 0.8203 Top1 71.09 Top5 97.79
2025-12-18 16:07:38,663 - INFO  - [NUDE][TRAIN] Epoch 3/120 Iter 300/390 Loss 0.8164 Top1 71.20 Top5 97.81
2025-12-18 16:07:39,343 - INFO  - [NUDE][TRAIN] Epoch 3/120 Iter 320/390 Loss 0.8141 Top1 71.33 Top5 97.82
2025-12-18 16:07:40,026 - INFO  - [NUDE][TRAIN] Epoch 3/120 Iter 340/390 Loss 0.8098 Top1 71.48 Top5 97.84
2025-12-18 16:07:40,710 - INFO  - [NUDE][TRAIN] Epoch 3/120 Iter 360/390 Loss 0.8086 Top1 71.57 Top5 97.84
2025-12-18 16:07:41,392 - INFO  - [NUDE][TRAIN] Epoch 3/120 Iter 380/390 Loss 0.8072 Top1 71.62 Top5 97.85
2025-12-18 16:07:41,766 - INFO  - [NUDE] Validate: force max bit-width W/A = 6
2025-12-18 16:07:42,759 - INFO  - [NUDE][EPOCH] 3/120 Train: Top1=71.67 Top5=97.86 Loss=0.8062 | Val(EMA): Top1=37.84
2025-12-18 16:07:44,005 - INFO  - ([4] Epoch) Saving checkpoint to:
             Current: /root/autodl-tmp/retraining-free-quantization/training/alexnet_cifar10_single_gpu_clean120/alexnet_cifar10_single_gpu_clean120_checkpoint.pth.tar

2025-12-18 16:07:44,007 - INFO  - [NUDE] Epoch 4: force max bit-width W/A = 6
2025-12-18 16:07:44,869 - INFO  - [NUDE][TRAIN] Epoch 4/120 Iter 20/390 Loss 0.7709 Top1 72.77 Top5 98.52
2025-12-18 16:07:45,553 - INFO  - [NUDE][TRAIN] Epoch 4/120 Iter 40/390 Loss 0.7678 Top1 73.18 Top5 98.36
2025-12-18 16:07:46,238 - INFO  - [NUDE][TRAIN] Epoch 4/120 Iter 60/390 Loss 0.7399 Top1 73.89 Top5 98.52
2025-12-18 16:07:46,922 - INFO  - [NUDE][TRAIN] Epoch 4/120 Iter 80/390 Loss 0.7321 Top1 74.01 Top5 98.58
2025-12-18 16:07:47,605 - INFO  - [NUDE][TRAIN] Epoch 4/120 Iter 100/390 Loss 0.7325 Top1 73.80 Top5 98.51
2025-12-18 16:07:48,291 - INFO  - [NUDE][TRAIN] Epoch 4/120 Iter 120/390 Loss 0.7328 Top1 73.88 Top5 98.44
2025-12-18 16:07:48,974 - INFO  - [NUDE][TRAIN] Epoch 4/120 Iter 140/390 Loss 0.7311 Top1 74.06 Top5 98.41
2025-12-18 16:07:49,657 - INFO  - [NUDE][TRAIN] Epoch 4/120 Iter 160/390 Loss 0.7292 Top1 74.24 Top5 98.39
2025-12-18 16:07:50,343 - INFO  - [NUDE][TRAIN] Epoch 4/120 Iter 180/390 Loss 0.7293 Top1 74.24 Top5 98.31
2025-12-18 16:07:51,032 - INFO  - [NUDE][TRAIN] Epoch 4/120 Iter 200/390 Loss 0.7304 Top1 74.17 Top5 98.26
2025-12-18 16:07:51,716 - INFO  - [NUDE][TRAIN] Epoch 4/120 Iter 220/390 Loss 0.7305 Top1 74.18 Top5 98.25
2025-12-18 16:07:52,402 - INFO  - [NUDE][TRAIN] Epoch 4/120 Iter 240/390 Loss 0.7311 Top1 74.28 Top5 98.27
2025-12-18 16:07:53,088 - INFO  - [NUDE][TRAIN] Epoch 4/120 Iter 260/390 Loss 0.7302 Top1 74.32 Top5 98.29
2025-12-18 16:07:53,778 - INFO  - [NUDE][TRAIN] Epoch 4/120 Iter 280/390 Loss 0.7289 Top1 74.43 Top5 98.31
2025-12-18 16:07:54,470 - INFO  - [NUDE][TRAIN] Epoch 4/120 Iter 300/390 Loss 0.7265 Top1 74.52 Top5 98.32
2025-12-18 16:07:55,169 - INFO  - [NUDE][TRAIN] Epoch 4/120 Iter 320/390 Loss 0.7243 Top1 74.61 Top5 98.32
2025-12-18 16:07:55,854 - INFO  - [NUDE][TRAIN] Epoch 4/120 Iter 340/390 Loss 0.7241 Top1 74.59 Top5 98.32
2025-12-18 16:07:56,536 - INFO  - [NUDE][TRAIN] Epoch 4/120 Iter 360/390 Loss 0.7226 Top1 74.65 Top5 98.31
2025-12-18 16:07:57,220 - INFO  - [NUDE][TRAIN] Epoch 4/120 Iter 380/390 Loss 0.7207 Top1 74.67 Top5 98.34
2025-12-18 16:07:57,599 - INFO  - [NUDE] Validate: force max bit-width W/A = 6
2025-12-18 16:07:58,612 - INFO  - [NUDE][EPOCH] 4/120 Train: Top1=74.65 Top5=98.35 Loss=0.7212 | Val(EMA): Top1=41.29
2025-12-18 16:07:59,788 - INFO  - ([5] Epoch) Saving checkpoint to:
             Current: /root/autodl-tmp/retraining-free-quantization/training/alexnet_cifar10_single_gpu_clean120/alexnet_cifar10_single_gpu_clean120_checkpoint.pth.tar

2025-12-18 16:07:59,789 - INFO  - [NUDE] Epoch 5: force max bit-width W/A = 6
2025-12-18 16:08:00,651 - INFO  - [NUDE][TRAIN] Epoch 5/120 Iter 20/390 Loss 0.6357 Top1 77.93 Top5 98.87
2025-12-18 16:08:01,334 - INFO  - [NUDE][TRAIN] Epoch 5/120 Iter 40/390 Loss 0.6467 Top1 77.40 Top5 98.77
2025-12-18 16:08:02,016 - INFO  - [NUDE][TRAIN] Epoch 5/120 Iter 60/390 Loss 0.6517 Top1 77.17 Top5 98.76
2025-12-18 16:08:02,700 - INFO  - [NUDE][TRAIN] Epoch 5/120 Iter 80/390 Loss 0.6526 Top1 77.10 Top5 98.61
2025-12-18 16:08:03,381 - INFO  - [NUDE][TRAIN] Epoch 5/120 Iter 100/390 Loss 0.6541 Top1 77.03 Top5 98.67
2025-12-18 16:08:04,061 - INFO  - [NUDE][TRAIN] Epoch 5/120 Iter 120/390 Loss 0.6623 Top1 76.79 Top5 98.57
2025-12-18 16:08:04,743 - INFO  - [NUDE][TRAIN] Epoch 5/120 Iter 140/390 Loss 0.6645 Top1 76.72 Top5 98.58
2025-12-18 16:08:05,425 - INFO  - [NUDE][TRAIN] Epoch 5/120 Iter 160/390 Loss 0.6648 Top1 76.82 Top5 98.53
2025-12-18 16:08:06,107 - INFO  - [NUDE][TRAIN] Epoch 5/120 Iter 180/390 Loss 0.6664 Top1 76.71 Top5 98.56
2025-12-18 16:08:06,789 - INFO  - [NUDE][TRAIN] Epoch 5/120 Iter 200/390 Loss 0.6643 Top1 76.81 Top5 98.60
2025-12-18 16:08:07,471 - INFO  - [NUDE][TRAIN] Epoch 5/120 Iter 220/390 Loss 0.6652 Top1 76.78 Top5 98.59
2025-12-18 16:08:08,155 - INFO  - [NUDE][TRAIN] Epoch 5/120 Iter 240/390 Loss 0.6622 Top1 76.84 Top5 98.62
2025-12-18 16:08:08,836 - INFO  - [NUDE][TRAIN] Epoch 5/120 Iter 260/390 Loss 0.6618 Top1 76.84 Top5 98.65
2025-12-18 16:08:09,520 - INFO  - [NUDE][TRAIN] Epoch 5/120 Iter 280/390 Loss 0.6618 Top1 76.84 Top5 98.62
2025-12-18 16:08:10,208 - INFO  - [NUDE][TRAIN] Epoch 5/120 Iter 300/390 Loss 0.6599 Top1 76.94 Top5 98.65
2025-12-18 16:08:10,900 - INFO  - [NUDE][TRAIN] Epoch 5/120 Iter 320/390 Loss 0.6607 Top1 76.89 Top5 98.63
2025-12-18 16:08:11,587 - INFO  - [NUDE][TRAIN] Epoch 5/120 Iter 340/390 Loss 0.6596 Top1 76.94 Top5 98.61
2025-12-18 16:08:12,272 - INFO  - [NUDE][TRAIN] Epoch 5/120 Iter 360/390 Loss 0.6588 Top1 76.96 Top5 98.62
2025-12-18 16:08:12,957 - INFO  - [NUDE][TRAIN] Epoch 5/120 Iter 380/390 Loss 0.6587 Top1 76.98 Top5 98.59
2025-12-18 16:08:13,336 - INFO  - [NUDE] Validate: force max bit-width W/A = 6
2025-12-18 16:08:14,333 - INFO  - [NUDE][EPOCH] 5/120 Train: Top1=76.99 Top5=98.59 Loss=0.6585 | Val(EMA): Top1=44.51
2025-12-18 16:08:15,536 - INFO  - ([6] Epoch) Saving checkpoint to:
             Current: /root/autodl-tmp/retraining-free-quantization/training/alexnet_cifar10_single_gpu_clean120/alexnet_cifar10_single_gpu_clean120_checkpoint.pth.tar

2025-12-18 16:08:15,538 - INFO  - [NUDE] Epoch 6: force max bit-width W/A = 6
2025-12-18 16:08:16,394 - INFO  - [NUDE][TRAIN] Epoch 6/120 Iter 20/390 Loss 0.6471 Top1 78.16 Top5 98.71
2025-12-18 16:08:17,081 - INFO  - [NUDE][TRAIN] Epoch 6/120 Iter 40/390 Loss 0.6390 Top1 78.22 Top5 98.50
2025-12-18 16:08:17,763 - INFO  - [NUDE][TRAIN] Epoch 6/120 Iter 60/390 Loss 0.6272 Top1 78.31 Top5 98.59
2025-12-18 16:08:18,443 - INFO  - [NUDE][TRAIN] Epoch 6/120 Iter 80/390 Loss 0.6117 Top1 78.55 Top5 98.68
2025-12-18 16:08:19,123 - INFO  - [NUDE][TRAIN] Epoch 6/120 Iter 100/390 Loss 0.6158 Top1 78.32 Top5 98.69
2025-12-18 16:08:19,803 - INFO  - [NUDE][TRAIN] Epoch 6/120 Iter 120/390 Loss 0.6146 Top1 78.41 Top5 98.63
2025-12-18 16:08:20,490 - INFO  - [NUDE][TRAIN] Epoch 6/120 Iter 140/390 Loss 0.6079 Top1 78.62 Top5 98.68
2025-12-18 16:08:21,175 - INFO  - [NUDE][TRAIN] Epoch 6/120 Iter 160/390 Loss 0.6074 Top1 78.63 Top5 98.73
2025-12-18 16:08:21,859 - INFO  - [NUDE][TRAIN] Epoch 6/120 Iter 180/390 Loss 0.6101 Top1 78.62 Top5 98.74
2025-12-18 16:08:22,546 - INFO  - [NUDE][TRAIN] Epoch 6/120 Iter 200/390 Loss 0.6112 Top1 78.63 Top5 98.71
2025-12-18 16:08:23,234 - INFO  - [NUDE][TRAIN] Epoch 6/120 Iter 220/390 Loss 0.6125 Top1 78.60 Top5 98.67
2025-12-18 16:08:23,915 - INFO  - [NUDE][TRAIN] Epoch 6/120 Iter 240/390 Loss 0.6129 Top1 78.65 Top5 98.68
2025-12-18 16:08:24,595 - INFO  - [NUDE][TRAIN] Epoch 6/120 Iter 260/390 Loss 0.6116 Top1 78.69 Top5 98.71
2025-12-18 16:08:25,275 - INFO  - [NUDE][TRAIN] Epoch 6/120 Iter 280/390 Loss 0.6120 Top1 78.66 Top5 98.72
2025-12-18 16:08:25,967 - INFO  - [NUDE][TRAIN] Epoch 6/120 Iter 300/390 Loss 0.6114 Top1 78.72 Top5 98.74
2025-12-18 16:08:26,659 - INFO  - [NUDE][TRAIN] Epoch 6/120 Iter 320/390 Loss 0.6102 Top1 78.71 Top5 98.75
2025-12-18 16:08:27,353 - INFO  - [NUDE][TRAIN] Epoch 6/120 Iter 340/390 Loss 0.6085 Top1 78.78 Top5 98.76
2025-12-18 16:08:28,048 - INFO  - [NUDE][TRAIN] Epoch 6/120 Iter 360/390 Loss 0.6087 Top1 78.78 Top5 98.76
2025-12-18 16:08:28,733 - INFO  - [NUDE][TRAIN] Epoch 6/120 Iter 380/390 Loss 0.6093 Top1 78.76 Top5 98.75
2025-12-18 16:08:29,108 - INFO  - [NUDE] Validate: force max bit-width W/A = 6
2025-12-18 16:08:30,098 - INFO  - [NUDE][EPOCH] 6/120 Train: Top1=78.71 Top5=98.75 Loss=0.6101 | Val(EMA): Top1=46.46
2025-12-18 16:08:31,329 - INFO  - ([7] Epoch) Saving checkpoint to:
             Current: /root/autodl-tmp/retraining-free-quantization/training/alexnet_cifar10_single_gpu_clean120/alexnet_cifar10_single_gpu_clean120_checkpoint.pth.tar

2025-12-18 16:08:31,331 - INFO  - [NUDE] Epoch 7: force max bit-width W/A = 6
2025-12-18 16:08:32,207 - INFO  - [NUDE][TRAIN] Epoch 7/120 Iter 20/390 Loss 0.5722 Top1 80.70 Top5 98.75
2025-12-18 16:08:32,891 - INFO  - [NUDE][TRAIN] Epoch 7/120 Iter 40/390 Loss 0.5740 Top1 80.43 Top5 98.81
2025-12-18 16:08:33,575 - INFO  - [NUDE][TRAIN] Epoch 7/120 Iter 60/390 Loss 0.5694 Top1 80.69 Top5 98.91
2025-12-18 16:08:34,270 - INFO  - [NUDE][TRAIN] Epoch 7/120 Iter 80/390 Loss 0.5713 Top1 80.19 Top5 98.89
2025-12-18 16:08:34,962 - INFO  - [NUDE][TRAIN] Epoch 7/120 Iter 100/390 Loss 0.5719 Top1 80.14 Top5 98.82
2025-12-18 16:08:35,658 - INFO  - [NUDE][TRAIN] Epoch 7/120 Iter 120/390 Loss 0.5757 Top1 79.96 Top5 98.71
2025-12-18 16:08:36,348 - INFO  - [NUDE][TRAIN] Epoch 7/120 Iter 140/390 Loss 0.5695 Top1 80.16 Top5 98.79
2025-12-18 16:08:37,039 - INFO  - [NUDE][TRAIN] Epoch 7/120 Iter 160/390 Loss 0.5705 Top1 80.25 Top5 98.82
2025-12-18 16:08:37,730 - INFO  - [NUDE][TRAIN] Epoch 7/120 Iter 180/390 Loss 0.5698 Top1 80.20 Top5 98.80
2025-12-18 16:08:38,416 - INFO  - [NUDE][TRAIN] Epoch 7/120 Iter 200/390 Loss 0.5692 Top1 80.12 Top5 98.83
2025-12-18 16:08:39,104 - INFO  - [NUDE][TRAIN] Epoch 7/120 Iter 220/390 Loss 0.5682 Top1 80.22 Top5 98.83
2025-12-18 16:08:39,790 - INFO  - [NUDE][TRAIN] Epoch 7/120 Iter 240/390 Loss 0.5672 Top1 80.23 Top5 98.86
2025-12-18 16:08:40,473 - INFO  - [NUDE][TRAIN] Epoch 7/120 Iter 260/390 Loss 0.5667 Top1 80.25 Top5 98.86
2025-12-18 16:08:41,156 - INFO  - [NUDE][TRAIN] Epoch 7/120 Iter 280/390 Loss 0.5679 Top1 80.16 Top5 98.86
2025-12-18 16:08:41,840 - INFO  - [NUDE][TRAIN] Epoch 7/120 Iter 300/390 Loss 0.5680 Top1 80.12 Top5 98.88
2025-12-18 16:08:42,523 - INFO  - [NUDE][TRAIN] Epoch 7/120 Iter 320/390 Loss 0.5691 Top1 80.04 Top5 98.90
2025-12-18 16:08:43,207 - INFO  - [NUDE][TRAIN] Epoch 7/120 Iter 340/390 Loss 0.5673 Top1 80.13 Top5 98.90
2025-12-18 16:08:43,893 - INFO  - [NUDE][TRAIN] Epoch 7/120 Iter 360/390 Loss 0.5663 Top1 80.14 Top5 98.91
2025-12-18 16:08:44,578 - INFO  - [NUDE][TRAIN] Epoch 7/120 Iter 380/390 Loss 0.5668 Top1 80.14 Top5 98.91
2025-12-18 16:08:44,956 - INFO  - [NUDE] Validate: force max bit-width W/A = 6
2025-12-18 16:08:45,945 - INFO  - [NUDE][EPOCH] 7/120 Train: Top1=80.17 Top5=98.93 Loss=0.5656 | Val(EMA): Top1=48.37
2025-12-18 16:08:47,160 - INFO  - ([8] Epoch) Saving checkpoint to:
             Current: /root/autodl-tmp/retraining-free-quantization/training/alexnet_cifar10_single_gpu_clean120/alexnet_cifar10_single_gpu_clean120_checkpoint.pth.tar

2025-12-18 16:08:47,161 - INFO  - [NUDE] Epoch 8: force max bit-width W/A = 6
2025-12-18 16:08:48,021 - INFO  - [NUDE][TRAIN] Epoch 8/120 Iter 20/390 Loss 0.5223 Top1 81.45 Top5 99.02
2025-12-18 16:08:48,706 - INFO  - [NUDE][TRAIN] Epoch 8/120 Iter 40/390 Loss 0.5165 Top1 82.19 Top5 99.18
2025-12-18 16:08:49,397 - INFO  - [NUDE][TRAIN] Epoch 8/120 Iter 60/390 Loss 0.5190 Top1 81.81 Top5 99.26
2025-12-18 16:08:50,085 - INFO  - [NUDE][TRAIN] Epoch 8/120 Iter 80/390 Loss 0.5168 Top1 82.04 Top5 99.23
2025-12-18 16:08:50,770 - INFO  - [NUDE][TRAIN] Epoch 8/120 Iter 100/390 Loss 0.5207 Top1 81.92 Top5 99.23
2025-12-18 16:08:51,456 - INFO  - [NUDE][TRAIN] Epoch 8/120 Iter 120/390 Loss 0.5210 Top1 81.80 Top5 99.21
2025-12-18 16:08:52,138 - INFO  - [NUDE][TRAIN] Epoch 8/120 Iter 140/390 Loss 0.5228 Top1 81.85 Top5 99.20
2025-12-18 16:08:52,821 - INFO  - [NUDE][TRAIN] Epoch 8/120 Iter 160/390 Loss 0.5257 Top1 81.77 Top5 99.18
2025-12-18 16:08:53,505 - INFO  - [NUDE][TRAIN] Epoch 8/120 Iter 180/390 Loss 0.5283 Top1 81.57 Top5 99.14
2025-12-18 16:08:54,187 - INFO  - [NUDE][TRAIN] Epoch 8/120 Iter 200/390 Loss 0.5294 Top1 81.54 Top5 99.17
2025-12-18 16:08:54,870 - INFO  - [NUDE][TRAIN] Epoch 8/120 Iter 220/390 Loss 0.5304 Top1 81.48 Top5 99.14
2025-12-18 16:08:55,554 - INFO  - [NUDE][TRAIN] Epoch 8/120 Iter 240/390 Loss 0.5346 Top1 81.26 Top5 99.12
2025-12-18 16:08:56,239 - INFO  - [NUDE][TRAIN] Epoch 8/120 Iter 260/390 Loss 0.5318 Top1 81.35 Top5 99.12
2025-12-18 16:08:56,920 - INFO  - [NUDE][TRAIN] Epoch 8/120 Iter 280/390 Loss 0.5310 Top1 81.36 Top5 99.11
2025-12-18 16:08:57,602 - INFO  - [NUDE][TRAIN] Epoch 8/120 Iter 300/390 Loss 0.5310 Top1 81.32 Top5 99.12
2025-12-18 16:08:58,284 - INFO  - [NUDE][TRAIN] Epoch 8/120 Iter 320/390 Loss 0.5317 Top1 81.31 Top5 99.12
2025-12-18 16:08:58,968 - INFO  - [NUDE][TRAIN] Epoch 8/120 Iter 340/390 Loss 0.5303 Top1 81.31 Top5 99.12
2025-12-18 16:08:59,651 - INFO  - [NUDE][TRAIN] Epoch 8/120 Iter 360/390 Loss 0.5311 Top1 81.30 Top5 99.12
2025-12-18 16:09:00,342 - INFO  - [NUDE][TRAIN] Epoch 8/120 Iter 380/390 Loss 0.5323 Top1 81.24 Top5 99.11
2025-12-18 16:09:00,723 - INFO  - [NUDE] Validate: force max bit-width W/A = 6
2025-12-18 16:09:01,732 - INFO  - [NUDE][EPOCH] 8/120 Train: Top1=81.22 Top5=99.10 Loss=0.5329 | Val(EMA): Top1=49.97
2025-12-18 16:09:02,903 - INFO  - ([9] Epoch) Saving checkpoint to:
             Current: /root/autodl-tmp/retraining-free-quantization/training/alexnet_cifar10_single_gpu_clean120/alexnet_cifar10_single_gpu_clean120_checkpoint.pth.tar

2025-12-18 16:09:02,905 - INFO  - [NUDE] Epoch 9: force max bit-width W/A = 6
2025-12-18 16:09:03,767 - INFO  - [NUDE][TRAIN] Epoch 9/120 Iter 20/390 Loss 0.5194 Top1 81.56 Top5 99.18
2025-12-18 16:09:04,448 - INFO  - [NUDE][TRAIN] Epoch 9/120 Iter 40/390 Loss 0.4841 Top1 82.70 Top5 99.39
2025-12-18 16:09:05,131 - INFO  - [NUDE][TRAIN] Epoch 9/120 Iter 60/390 Loss 0.4991 Top1 82.36 Top5 99.24
2025-12-18 16:09:05,815 - INFO  - [NUDE][TRAIN] Epoch 9/120 Iter 80/390 Loss 0.4979 Top1 82.55 Top5 99.23
2025-12-18 16:09:06,494 - INFO  - [NUDE][TRAIN] Epoch 9/120 Iter 100/390 Loss 0.4994 Top1 82.38 Top5 99.23
2025-12-18 16:09:07,174 - INFO  - [NUDE][TRAIN] Epoch 9/120 Iter 120/390 Loss 0.5060 Top1 82.26 Top5 99.15
2025-12-18 16:09:07,860 - INFO  - [NUDE][TRAIN] Epoch 9/120 Iter 140/390 Loss 0.5058 Top1 82.25 Top5 99.15
2025-12-18 16:09:08,543 - INFO  - [NUDE][TRAIN] Epoch 9/120 Iter 160/390 Loss 0.5050 Top1 82.22 Top5 99.15
2025-12-18 16:09:09,228 - INFO  - [NUDE][TRAIN] Epoch 9/120 Iter 180/390 Loss 0.5034 Top1 82.24 Top5 99.16
2025-12-18 16:09:09,910 - INFO  - [NUDE][TRAIN] Epoch 9/120 Iter 200/390 Loss 0.5022 Top1 82.20 Top5 99.17
2025-12-18 16:09:10,594 - INFO  - [NUDE][TRAIN] Epoch 9/120 Iter 220/390 Loss 0.5038 Top1 82.15 Top5 99.17
2025-12-18 16:09:11,276 - INFO  - [NUDE][TRAIN] Epoch 9/120 Iter 240/390 Loss 0.5044 Top1 82.26 Top5 99.15
2025-12-18 16:09:11,961 - INFO  - [NUDE][TRAIN] Epoch 9/120 Iter 260/390 Loss 0.5059 Top1 82.27 Top5 99.11
2025-12-18 16:09:12,644 - INFO  - [NUDE][TRAIN] Epoch 9/120 Iter 280/390 Loss 0.5054 Top1 82.33 Top5 99.13
2025-12-18 16:09:13,329 - INFO  - [NUDE][TRAIN] Epoch 9/120 Iter 300/390 Loss 0.5047 Top1 82.40 Top5 99.11
2025-12-18 16:09:14,012 - INFO  - [NUDE][TRAIN] Epoch 9/120 Iter 320/390 Loss 0.5039 Top1 82.40 Top5 99.11
2025-12-18 16:09:14,701 - INFO  - [NUDE][TRAIN] Epoch 9/120 Iter 340/390 Loss 0.5045 Top1 82.42 Top5 99.11
2025-12-18 16:09:15,384 - INFO  - [NUDE][TRAIN] Epoch 9/120 Iter 360/390 Loss 0.5040 Top1 82.43 Top5 99.10
2025-12-18 16:09:16,067 - INFO  - [NUDE][TRAIN] Epoch 9/120 Iter 380/390 Loss 0.5026 Top1 82.49 Top5 99.12
2025-12-18 16:09:16,450 - INFO  - [NUDE] Validate: force max bit-width W/A = 6
2025-12-18 16:09:17,440 - INFO  - [NUDE][EPOCH] 9/120 Train: Top1=82.51 Top5=99.11 Loss=0.5024 | Val(EMA): Top1=51.80
2025-12-18 16:09:18,615 - INFO  - ([10] Epoch) Saving checkpoint to:
             Current: /root/autodl-tmp/retraining-free-quantization/training/alexnet_cifar10_single_gpu_clean120/alexnet_cifar10_single_gpu_clean120_checkpoint.pth.tar

2025-12-18 16:09:18,617 - INFO  - [NUDE] Epoch 10: force max bit-width W/A = 6
2025-12-18 16:09:19,483 - INFO  - [NUDE][TRAIN] Epoch 10/120 Iter 20/390 Loss 0.4902 Top1 82.50 Top5 99.02
2025-12-18 16:09:20,172 - INFO  - [NUDE][TRAIN] Epoch 10/120 Iter 40/390 Loss 0.4668 Top1 83.54 Top5 99.20
2025-12-18 16:09:20,862 - INFO  - [NUDE][TRAIN] Epoch 10/120 Iter 60/390 Loss 0.4595 Top1 83.79 Top5 99.30
2025-12-18 16:09:21,548 - INFO  - [NUDE][TRAIN] Epoch 10/120 Iter 80/390 Loss 0.4644 Top1 83.83 Top5 99.33
2025-12-18 16:09:22,239 - INFO  - [NUDE][TRAIN] Epoch 10/120 Iter 100/390 Loss 0.4658 Top1 83.75 Top5 99.33
2025-12-18 16:09:22,923 - INFO  - [NUDE][TRAIN] Epoch 10/120 Iter 120/390 Loss 0.4628 Top1 83.84 Top5 99.32
2025-12-18 16:09:23,604 - INFO  - [NUDE][TRAIN] Epoch 10/120 Iter 140/390 Loss 0.4671 Top1 83.65 Top5 99.33
2025-12-18 16:09:24,288 - INFO  - [NUDE][TRAIN] Epoch 10/120 Iter 160/390 Loss 0.4686 Top1 83.64 Top5 99.33
2025-12-18 16:09:24,973 - INFO  - [NUDE][TRAIN] Epoch 10/120 Iter 180/390 Loss 0.4690 Top1 83.59 Top5 99.30
2025-12-18 16:09:25,656 - INFO  - [NUDE][TRAIN] Epoch 10/120 Iter 200/390 Loss 0.4678 Top1 83.59 Top5 99.30
2025-12-18 16:09:26,338 - INFO  - [NUDE][TRAIN] Epoch 10/120 Iter 220/390 Loss 0.4665 Top1 83.63 Top5 99.30
2025-12-18 16:09:27,026 - INFO  - [NUDE][TRAIN] Epoch 10/120 Iter 240/390 Loss 0.4679 Top1 83.50 Top5 99.29
2025-12-18 16:09:27,707 - INFO  - [NUDE][TRAIN] Epoch 10/120 Iter 260/390 Loss 0.4674 Top1 83.51 Top5 99.28
2025-12-18 16:09:28,390 - INFO  - [NUDE][TRAIN] Epoch 10/120 Iter 280/390 Loss 0.4674 Top1 83.57 Top5 99.27
2025-12-18 16:09:29,072 - INFO  - [NUDE][TRAIN] Epoch 10/120 Iter 300/390 Loss 0.4694 Top1 83.52 Top5 99.28
2025-12-18 16:09:29,754 - INFO  - [NUDE][TRAIN] Epoch 10/120 Iter 320/390 Loss 0.4710 Top1 83.44 Top5 99.26
2025-12-18 16:09:30,436 - INFO  - [NUDE][TRAIN] Epoch 10/120 Iter 340/390 Loss 0.4712 Top1 83.43 Top5 99.27
2025-12-18 16:09:31,117 - INFO  - [NUDE][TRAIN] Epoch 10/120 Iter 360/390 Loss 0.4719 Top1 83.39 Top5 99.27
2025-12-18 16:09:31,801 - INFO  - [NUDE][TRAIN] Epoch 10/120 Iter 380/390 Loss 0.4724 Top1 83.42 Top5 99.28
2025-12-18 16:09:32,178 - INFO  - [NUDE] Validate: force max bit-width W/A = 6
2025-12-18 16:09:33,157 - INFO  - [NUDE][EPOCH] 10/120 Train: Top1=83.45 Top5=99.27 Loss=0.4728 | Val(EMA): Top1=51.71
2025-12-18 16:09:33,918 - INFO  - ([11] Epoch) Saving checkpoint to:
             Current: /root/autodl-tmp/retraining-free-quantization/training/alexnet_cifar10_single_gpu_clean120/alexnet_cifar10_single_gpu_clean120_checkpoint.pth.tar

2025-12-18 16:09:33,920 - INFO  - [NUDE] Epoch 11: force max bit-width W/A = 6
2025-12-18 16:09:34,805 - INFO  - [NUDE][TRAIN] Epoch 11/120 Iter 20/390 Loss 0.4213 Top1 84.92 Top5 99.61
2025-12-18 16:09:35,491 - INFO  - [NUDE][TRAIN] Epoch 11/120 Iter 40/390 Loss 0.4278 Top1 84.88 Top5 99.57
2025-12-18 16:09:36,175 - INFO  - [NUDE][TRAIN] Epoch 11/120 Iter 60/390 Loss 0.4313 Top1 84.87 Top5 99.52
2025-12-18 16:09:36,860 - INFO  - [NUDE][TRAIN] Epoch 11/120 Iter 80/390 Loss 0.4340 Top1 84.82 Top5 99.46
2025-12-18 16:09:37,545 - INFO  - [NUDE][TRAIN] Epoch 11/120 Iter 100/390 Loss 0.4391 Top1 84.79 Top5 99.45
2025-12-18 16:09:38,245 - INFO  - [NUDE][TRAIN] Epoch 11/120 Iter 120/390 Loss 0.4410 Top1 84.68 Top5 99.44
2025-12-18 16:09:38,933 - INFO  - [NUDE][TRAIN] Epoch 11/120 Iter 140/390 Loss 0.4405 Top1 84.65 Top5 99.42
2025-12-18 16:09:39,623 - INFO  - [NUDE][TRAIN] Epoch 11/120 Iter 160/390 Loss 0.4385 Top1 84.70 Top5 99.40
2025-12-18 16:09:40,311 - INFO  - [NUDE][TRAIN] Epoch 11/120 Iter 180/390 Loss 0.4388 Top1 84.64 Top5 99.41
2025-12-18 16:09:40,996 - INFO  - [NUDE][TRAIN] Epoch 11/120 Iter 200/390 Loss 0.4400 Top1 84.53 Top5 99.41
2025-12-18 16:09:41,680 - INFO  - [NUDE][TRAIN] Epoch 11/120 Iter 220/390 Loss 0.4420 Top1 84.50 Top5 99.41
2025-12-18 16:09:42,361 - INFO  - [NUDE][TRAIN] Epoch 11/120 Iter 240/390 Loss 0.4396 Top1 84.60 Top5 99.41
2025-12-18 16:09:43,042 - INFO  - [NUDE][TRAIN] Epoch 11/120 Iter 260/390 Loss 0.4415 Top1 84.55 Top5 99.40
2025-12-18 16:09:43,734 - INFO  - [NUDE][TRAIN] Epoch 11/120 Iter 280/390 Loss 0.4427 Top1 84.51 Top5 99.36
2025-12-18 16:09:44,423 - INFO  - [NUDE][TRAIN] Epoch 11/120 Iter 300/390 Loss 0.4434 Top1 84.50 Top5 99.36
2025-12-18 16:09:45,109 - INFO  - [NUDE][TRAIN] Epoch 11/120 Iter 320/390 Loss 0.4438 Top1 84.49 Top5 99.35
2025-12-18 16:09:45,801 - INFO  - [NUDE][TRAIN] Epoch 11/120 Iter 340/390 Loss 0.4460 Top1 84.40 Top5 99.35
2025-12-18 16:09:46,492 - INFO  - [NUDE][TRAIN] Epoch 11/120 Iter 360/390 Loss 0.4459 Top1 84.41 Top5 99.36
2025-12-18 16:09:47,181 - INFO  - [NUDE][TRAIN] Epoch 11/120 Iter 380/390 Loss 0.4459 Top1 84.41 Top5 99.36
2025-12-18 16:09:47,566 - INFO  - [NUDE] Validate: force max bit-width W/A = 6
2025-12-18 16:09:48,562 - INFO  - [NUDE][EPOCH] 11/120 Train: Top1=84.40 Top5=99.36 Loss=0.4464 | Val(EMA): Top1=52.25
2025-12-18 16:09:49,838 - INFO  - ([12] Epoch) Saving checkpoint to:
             Current: /root/autodl-tmp/retraining-free-quantization/training/alexnet_cifar10_single_gpu_clean120/alexnet_cifar10_single_gpu_clean120_checkpoint.pth.tar

2025-12-18 16:09:49,839 - INFO  - [NUDE] Epoch 12: force max bit-width W/A = 6
2025-12-18 16:09:50,706 - INFO  - [NUDE][TRAIN] Epoch 12/120 Iter 20/390 Loss 0.3925 Top1 86.02 Top5 99.61
2025-12-18 16:09:51,390 - INFO  - [NUDE][TRAIN] Epoch 12/120 Iter 40/390 Loss 0.4072 Top1 85.39 Top5 99.55
2025-12-18 16:09:52,072 - INFO  - [NUDE][TRAIN] Epoch 12/120 Iter 60/390 Loss 0.4060 Top1 85.51 Top5 99.52
2025-12-18 16:09:52,764 - INFO  - [NUDE][TRAIN] Epoch 12/120 Iter 80/390 Loss 0.4073 Top1 85.45 Top5 99.54
2025-12-18 16:09:53,454 - INFO  - [NUDE][TRAIN] Epoch 12/120 Iter 100/390 Loss 0.4097 Top1 85.45 Top5 99.51
2025-12-18 16:09:54,142 - INFO  - [NUDE][TRAIN] Epoch 12/120 Iter 120/390 Loss 0.4187 Top1 85.21 Top5 99.44
2025-12-18 16:09:54,826 - INFO  - [NUDE][TRAIN] Epoch 12/120 Iter 140/390 Loss 0.4173 Top1 85.31 Top5 99.44
2025-12-18 16:09:55,519 - INFO  - [NUDE][TRAIN] Epoch 12/120 Iter 160/390 Loss 0.4208 Top1 85.16 Top5 99.43
2025-12-18 16:09:56,212 - INFO  - [NUDE][TRAIN] Epoch 12/120 Iter 180/390 Loss 0.4229 Top1 85.15 Top5 99.41
2025-12-18 16:09:56,903 - INFO  - [NUDE][TRAIN] Epoch 12/120 Iter 200/390 Loss 0.4207 Top1 85.20 Top5 99.43
2025-12-18 16:09:57,595 - INFO  - [NUDE][TRAIN] Epoch 12/120 Iter 220/390 Loss 0.4183 Top1 85.24 Top5 99.46
2025-12-18 16:09:58,278 - INFO  - [NUDE][TRAIN] Epoch 12/120 Iter 240/390 Loss 0.4189 Top1 85.23 Top5 99.46
2025-12-18 16:09:58,964 - INFO  - [NUDE][TRAIN] Epoch 12/120 Iter 260/390 Loss 0.4177 Top1 85.23 Top5 99.46
2025-12-18 16:09:59,648 - INFO  - [NUDE][TRAIN] Epoch 12/120 Iter 280/390 Loss 0.4187 Top1 85.21 Top5 99.44
2025-12-18 16:10:00,339 - INFO  - [NUDE][TRAIN] Epoch 12/120 Iter 300/390 Loss 0.4196 Top1 85.22 Top5 99.42
2025-12-18 16:10:01,025 - INFO  - [NUDE][TRAIN] Epoch 12/120 Iter 320/390 Loss 0.4201 Top1 85.21 Top5 99.41
2025-12-18 16:10:01,709 - INFO  - [NUDE][TRAIN] Epoch 12/120 Iter 340/390 Loss 0.4210 Top1 85.14 Top5 99.40
2025-12-18 16:10:02,395 - INFO  - [NUDE][TRAIN] Epoch 12/120 Iter 360/390 Loss 0.4215 Top1 85.12 Top5 99.41
2025-12-18 16:10:03,080 - INFO  - [NUDE][TRAIN] Epoch 12/120 Iter 380/390 Loss 0.4217 Top1 85.13 Top5 99.41
2025-12-18 16:10:03,457 - INFO  - [NUDE] Validate: force max bit-width W/A = 6
2025-12-18 16:10:04,455 - INFO  - [NUDE][EPOCH] 12/120 Train: Top1=85.15 Top5=99.43 Loss=0.4212 | Val(EMA): Top1=52.48
2025-12-18 16:10:05,678 - INFO  - ([13] Epoch) Saving checkpoint to:
             Current: /root/autodl-tmp/retraining-free-quantization/training/alexnet_cifar10_single_gpu_clean120/alexnet_cifar10_single_gpu_clean120_checkpoint.pth.tar

2025-12-18 16:10:05,679 - INFO  - [NUDE] Epoch 13: force max bit-width W/A = 6
2025-12-18 16:10:06,543 - INFO  - [NUDE][TRAIN] Epoch 13/120 Iter 20/390 Loss 0.3914 Top1 87.03 Top5 99.45
2025-12-18 16:10:07,224 - INFO  - [NUDE][TRAIN] Epoch 13/120 Iter 40/390 Loss 0.3835 Top1 87.09 Top5 99.47
2025-12-18 16:10:07,907 - INFO  - [NUDE][TRAIN] Epoch 13/120 Iter 60/390 Loss 0.3858 Top1 86.94 Top5 99.51
2025-12-18 16:10:08,590 - INFO  - [NUDE][TRAIN] Epoch 13/120 Iter 80/390 Loss 0.3824 Top1 86.96 Top5 99.56
2025-12-18 16:10:09,275 - INFO  - [NUDE][TRAIN] Epoch 13/120 Iter 100/390 Loss 0.3837 Top1 86.91 Top5 99.52
2025-12-18 16:10:09,960 - INFO  - [NUDE][TRAIN] Epoch 13/120 Iter 120/390 Loss 0.3892 Top1 86.69 Top5 99.51
2025-12-18 16:10:10,641 - INFO  - [NUDE][TRAIN] Epoch 13/120 Iter 140/390 Loss 0.3908 Top1 86.62 Top5 99.49
2025-12-18 16:10:11,327 - INFO  - [NUDE][TRAIN] Epoch 13/120 Iter 160/390 Loss 0.3883 Top1 86.61 Top5 99.50
2025-12-18 16:10:12,012 - INFO  - [NUDE][TRAIN] Epoch 13/120 Iter 180/390 Loss 0.3912 Top1 86.45 Top5 99.51
2025-12-18 16:10:12,697 - INFO  - [NUDE][TRAIN] Epoch 13/120 Iter 200/390 Loss 0.3893 Top1 86.54 Top5 99.51
2025-12-18 16:10:13,381 - INFO  - [NUDE][TRAIN] Epoch 13/120 Iter 220/390 Loss 0.3886 Top1 86.52 Top5 99.51
2025-12-18 16:10:14,070 - INFO  - [NUDE][TRAIN] Epoch 13/120 Iter 240/390 Loss 0.3894 Top1 86.46 Top5 99.50
2025-12-18 16:10:14,752 - INFO  - [NUDE][TRAIN] Epoch 13/120 Iter 260/390 Loss 0.3912 Top1 86.42 Top5 99.50
2025-12-18 16:10:15,434 - INFO  - [NUDE][TRAIN] Epoch 13/120 Iter 280/390 Loss 0.3920 Top1 86.39 Top5 99.50
2025-12-18 16:10:16,116 - INFO  - [NUDE][TRAIN] Epoch 13/120 Iter 300/390 Loss 0.3911 Top1 86.41 Top5 99.51
2025-12-18 16:10:16,801 - INFO  - [NUDE][TRAIN] Epoch 13/120 Iter 320/390 Loss 0.3920 Top1 86.38 Top5 99.49
2025-12-18 16:10:17,485 - INFO  - [NUDE][TRAIN] Epoch 13/120 Iter 340/390 Loss 0.3915 Top1 86.40 Top5 99.49
2025-12-18 16:10:18,167 - INFO  - [NUDE][TRAIN] Epoch 13/120 Iter 360/390 Loss 0.3916 Top1 86.35 Top5 99.48
2025-12-18 16:10:18,853 - INFO  - [NUDE][TRAIN] Epoch 13/120 Iter 380/390 Loss 0.3907 Top1 86.38 Top5 99.49
2025-12-18 16:10:19,238 - INFO  - [NUDE] Validate: force max bit-width W/A = 6
2025-12-18 16:10:20,226 - INFO  - [NUDE][EPOCH] 13/120 Train: Top1=86.39 Top5=99.49 Loss=0.3910 | Val(EMA): Top1=52.65
2025-12-18 16:10:20,979 - INFO  - ([14] Epoch) Saving checkpoint to:
             Current: /root/autodl-tmp/retraining-free-quantization/training/alexnet_cifar10_single_gpu_clean120/alexnet_cifar10_single_gpu_clean120_checkpoint.pth.tar

2025-12-18 16:10:20,980 - INFO  - [NUDE] Epoch 14: force max bit-width W/A = 6
2025-12-18 16:10:21,834 - INFO  - [NUDE][TRAIN] Epoch 14/120 Iter 20/390 Loss 0.3315 Top1 88.91 Top5 99.61
2025-12-18 16:10:22,515 - INFO  - [NUDE][TRAIN] Epoch 14/120 Iter 40/390 Loss 0.3461 Top1 88.12 Top5 99.73
2025-12-18 16:10:23,197 - INFO  - [NUDE][TRAIN] Epoch 14/120 Iter 60/390 Loss 0.3525 Top1 87.86 Top5 99.64
2025-12-18 16:10:23,880 - INFO  - [NUDE][TRAIN] Epoch 14/120 Iter 80/390 Loss 0.3616 Top1 87.54 Top5 99.58
2025-12-18 16:10:24,560 - INFO  - [NUDE][TRAIN] Epoch 14/120 Iter 100/390 Loss 0.3581 Top1 87.76 Top5 99.56
2025-12-18 16:10:25,241 - INFO  - [NUDE][TRAIN] Epoch 14/120 Iter 120/390 Loss 0.3601 Top1 87.69 Top5 99.60
2025-12-18 16:10:25,923 - INFO  - [NUDE][TRAIN] Epoch 14/120 Iter 140/390 Loss 0.3616 Top1 87.68 Top5 99.59
2025-12-18 16:10:26,605 - INFO  - [NUDE][TRAIN] Epoch 14/120 Iter 160/390 Loss 0.3627 Top1 87.58 Top5 99.57
2025-12-18 16:10:27,289 - INFO  - [NUDE][TRAIN] Epoch 14/120 Iter 180/390 Loss 0.3666 Top1 87.41 Top5 99.57
2025-12-18 16:10:27,972 - INFO  - [NUDE][TRAIN] Epoch 14/120 Iter 200/390 Loss 0.3702 Top1 87.31 Top5 99.56
2025-12-18 16:10:28,657 - INFO  - [NUDE][TRAIN] Epoch 14/120 Iter 220/390 Loss 0.3708 Top1 87.27 Top5 99.57
2025-12-18 16:10:29,338 - INFO  - [NUDE][TRAIN] Epoch 14/120 Iter 240/390 Loss 0.3730 Top1 87.16 Top5 99.56
2025-12-18 16:10:30,019 - INFO  - [NUDE][TRAIN] Epoch 14/120 Iter 260/390 Loss 0.3742 Top1 87.09 Top5 99.56
2025-12-18 16:10:30,700 - INFO  - [NUDE][TRAIN] Epoch 14/120 Iter 280/390 Loss 0.3738 Top1 87.09 Top5 99.56
2025-12-18 16:10:31,385 - INFO  - [NUDE][TRAIN] Epoch 14/120 Iter 300/390 Loss 0.3729 Top1 87.14 Top5 99.56
2025-12-18 16:10:32,067 - INFO  - [NUDE][TRAIN] Epoch 14/120 Iter 320/390 Loss 0.3754 Top1 87.03 Top5 99.55
2025-12-18 16:10:32,754 - INFO  - [NUDE][TRAIN] Epoch 14/120 Iter 340/390 Loss 0.3756 Top1 87.03 Top5 99.54
2025-12-18 16:10:33,434 - INFO  - [NUDE][TRAIN] Epoch 14/120 Iter 360/390 Loss 0.3757 Top1 87.03 Top5 99.54
2025-12-18 16:10:34,117 - INFO  - [NUDE][TRAIN] Epoch 14/120 Iter 380/390 Loss 0.3774 Top1 86.97 Top5 99.54
2025-12-18 16:10:34,496 - INFO  - [NUDE] Validate: force max bit-width W/A = 6
2025-12-18 16:10:35,500 - INFO  - [NUDE][EPOCH] 14/120 Train: Top1=86.94 Top5=99.54 Loss=0.3774 | Val(EMA): Top1=52.51
2025-12-18 16:10:36,718 - INFO  - ([15] Epoch) Saving checkpoint to:
             Current: /root/autodl-tmp/retraining-free-quantization/training/alexnet_cifar10_single_gpu_clean120/alexnet_cifar10_single_gpu_clean120_checkpoint.pth.tar

2025-12-18 16:10:36,720 - INFO  - [NUDE] Epoch 15: force max bit-width W/A = 6
2025-12-18 16:10:37,578 - INFO  - [NUDE][TRAIN] Epoch 15/120 Iter 20/390 Loss 0.3431 Top1 88.05 Top5 99.45
2025-12-18 16:10:38,260 - INFO  - [NUDE][TRAIN] Epoch 15/120 Iter 40/390 Loss 0.3579 Top1 87.23 Top5 99.53
2025-12-18 16:10:38,942 - INFO  - [NUDE][TRAIN] Epoch 15/120 Iter 60/390 Loss 0.3614 Top1 87.33 Top5 99.56
2025-12-18 16:10:39,627 - INFO  - [NUDE][TRAIN] Epoch 15/120 Iter 80/390 Loss 0.3628 Top1 87.30 Top5 99.56
2025-12-18 16:10:40,311 - INFO  - [NUDE][TRAIN] Epoch 15/120 Iter 100/390 Loss 0.3611 Top1 87.30 Top5 99.57
2025-12-18 16:10:40,995 - INFO  - [NUDE][TRAIN] Epoch 15/120 Iter 120/390 Loss 0.3652 Top1 87.21 Top5 99.57
2025-12-18 16:10:41,677 - INFO  - [NUDE][TRAIN] Epoch 15/120 Iter 140/390 Loss 0.3647 Top1 87.22 Top5 99.57
2025-12-18 16:10:42,370 - INFO  - [NUDE][TRAIN] Epoch 15/120 Iter 160/390 Loss 0.3675 Top1 87.04 Top5 99.57
2025-12-18 16:10:43,056 - INFO  - [NUDE][TRAIN] Epoch 15/120 Iter 180/390 Loss 0.3664 Top1 87.11 Top5 99.56
2025-12-18 16:10:43,750 - INFO  - [NUDE][TRAIN] Epoch 15/120 Iter 200/390 Loss 0.3644 Top1 87.21 Top5 99.57
2025-12-18 16:10:44,439 - INFO  - [NUDE][TRAIN] Epoch 15/120 Iter 220/390 Loss 0.3653 Top1 87.20 Top5 99.57
2025-12-18 16:10:45,129 - INFO  - [NUDE][TRAIN] Epoch 15/120 Iter 240/390 Loss 0.3642 Top1 87.17 Top5 99.57
2025-12-18 16:10:45,820 - INFO  - [NUDE][TRAIN] Epoch 15/120 Iter 260/390 Loss 0.3645 Top1 87.19 Top5 99.58
2025-12-18 16:10:46,512 - INFO  - [NUDE][TRAIN] Epoch 15/120 Iter 280/390 Loss 0.3645 Top1 87.16 Top5 99.59
2025-12-18 16:10:47,202 - INFO  - [NUDE][TRAIN] Epoch 15/120 Iter 300/390 Loss 0.3647 Top1 87.20 Top5 99.59
2025-12-18 16:10:47,887 - INFO  - [NUDE][TRAIN] Epoch 15/120 Iter 320/390 Loss 0.3653 Top1 87.19 Top5 99.58
2025-12-18 16:10:48,580 - INFO  - [NUDE][TRAIN] Epoch 15/120 Iter 340/390 Loss 0.3640 Top1 87.24 Top5 99.59
2025-12-18 16:10:49,270 - INFO  - [NUDE][TRAIN] Epoch 15/120 Iter 360/390 Loss 0.3634 Top1 87.25 Top5 99.59
2025-12-18 16:10:49,954 - INFO  - [NUDE][TRAIN] Epoch 15/120 Iter 380/390 Loss 0.3641 Top1 87.20 Top5 99.60
2025-12-18 16:10:50,334 - INFO  - [NUDE] Validate: force max bit-width W/A = 6
2025-12-18 16:10:51,325 - INFO  - [NUDE][EPOCH] 15/120 Train: Top1=87.14 Top5=99.60 Loss=0.3653 | Val(EMA): Top1=53.62
2025-12-18 16:10:52,507 - INFO  - ([16] Epoch) Saving checkpoint to:
             Current: /root/autodl-tmp/retraining-free-quantization/training/alexnet_cifar10_single_gpu_clean120/alexnet_cifar10_single_gpu_clean120_checkpoint.pth.tar

2025-12-18 16:10:52,509 - INFO  - [NUDE] Epoch 16: force max bit-width W/A = 6
2025-12-18 16:10:53,384 - INFO  - [NUDE][TRAIN] Epoch 16/120 Iter 20/390 Loss 0.3513 Top1 87.70 Top5 99.49
2025-12-18 16:10:54,080 - INFO  - [NUDE][TRAIN] Epoch 16/120 Iter 40/390 Loss 0.3414 Top1 88.16 Top5 99.51
2025-12-18 16:10:54,771 - INFO  - [NUDE][TRAIN] Epoch 16/120 Iter 60/390 Loss 0.3406 Top1 88.18 Top5 99.57
2025-12-18 16:10:55,465 - INFO  - [NUDE][TRAIN] Epoch 16/120 Iter 80/390 Loss 0.3382 Top1 88.09 Top5 99.58
2025-12-18 16:10:56,152 - INFO  - [NUDE][TRAIN] Epoch 16/120 Iter 100/390 Loss 0.3327 Top1 88.27 Top5 99.59
2025-12-18 16:10:56,839 - INFO  - [NUDE][TRAIN] Epoch 16/120 Iter 120/390 Loss 0.3381 Top1 88.11 Top5 99.62
2025-12-18 16:10:57,529 - INFO  - [NUDE][TRAIN] Epoch 16/120 Iter 140/390 Loss 0.3393 Top1 88.02 Top5 99.60
2025-12-18 16:10:58,219 - INFO  - [NUDE][TRAIN] Epoch 16/120 Iter 160/390 Loss 0.3374 Top1 88.09 Top5 99.60
2025-12-18 16:10:58,910 - INFO  - [NUDE][TRAIN] Epoch 16/120 Iter 180/390 Loss 0.3374 Top1 88.12 Top5 99.61
2025-12-18 16:10:59,594 - INFO  - [NUDE][TRAIN] Epoch 16/120 Iter 200/390 Loss 0.3371 Top1 88.13 Top5 99.62
2025-12-18 16:11:00,285 - INFO  - [NUDE][TRAIN] Epoch 16/120 Iter 220/390 Loss 0.3364 Top1 88.14 Top5 99.63
2025-12-18 16:11:00,974 - INFO  - [NUDE][TRAIN] Epoch 16/120 Iter 240/390 Loss 0.3382 Top1 88.08 Top5 99.63
2025-12-18 16:11:01,660 - INFO  - [NUDE][TRAIN] Epoch 16/120 Iter 260/390 Loss 0.3376 Top1 88.17 Top5 99.65
2025-12-18 16:11:02,346 - INFO  - [NUDE][TRAIN] Epoch 16/120 Iter 280/390 Loss 0.3374 Top1 88.14 Top5 99.66
2025-12-18 16:11:03,030 - INFO  - [NUDE][TRAIN] Epoch 16/120 Iter 300/390 Loss 0.3376 Top1 88.16 Top5 99.66
2025-12-18 16:11:03,713 - INFO  - [NUDE][TRAIN] Epoch 16/120 Iter 320/390 Loss 0.3380 Top1 88.11 Top5 99.66
2025-12-18 16:11:04,404 - INFO  - [NUDE][TRAIN] Epoch 16/120 Iter 340/390 Loss 0.3413 Top1 87.98 Top5 99.66
2025-12-18 16:11:05,094 - INFO  - [NUDE][TRAIN] Epoch 16/120 Iter 360/390 Loss 0.3415 Top1 87.98 Top5 99.64
2025-12-18 16:11:05,785 - INFO  - [NUDE][TRAIN] Epoch 16/120 Iter 380/390 Loss 0.3416 Top1 87.99 Top5 99.64
2025-12-18 16:11:06,177 - INFO  - [NUDE] Validate: force max bit-width W/A = 6
2025-12-18 16:11:07,171 - INFO  - [NUDE][EPOCH] 16/120 Train: Top1=88.01 Top5=99.65 Loss=0.3415 | Val(EMA): Top1=53.48
2025-12-18 16:11:07,929 - INFO  - ([17] Epoch) Saving checkpoint to:
             Current: /root/autodl-tmp/retraining-free-quantization/training/alexnet_cifar10_single_gpu_clean120/alexnet_cifar10_single_gpu_clean120_checkpoint.pth.tar

2025-12-18 16:11:07,930 - INFO  - [NUDE] Epoch 17: force max bit-width W/A = 6
2025-12-18 16:11:08,813 - INFO  - [NUDE][TRAIN] Epoch 17/120 Iter 20/390 Loss 0.2979 Top1 89.38 Top5 99.77
2025-12-18 16:11:09,500 - INFO  - [NUDE][TRAIN] Epoch 17/120 Iter 40/390 Loss 0.2987 Top1 89.57 Top5 99.75
2025-12-18 16:11:10,187 - INFO  - [NUDE][TRAIN] Epoch 17/120 Iter 60/390 Loss 0.2972 Top1 89.54 Top5 99.75
2025-12-18 16:11:10,874 - INFO  - [NUDE][TRAIN] Epoch 17/120 Iter 80/390 Loss 0.3069 Top1 89.24 Top5 99.75
2025-12-18 16:11:11,573 - INFO  - [NUDE][TRAIN] Epoch 17/120 Iter 100/390 Loss 0.3087 Top1 89.17 Top5 99.75
2025-12-18 16:11:12,267 - INFO  - [NUDE][TRAIN] Epoch 17/120 Iter 120/390 Loss 0.3134 Top1 89.02 Top5 99.75
2025-12-18 16:11:12,964 - INFO  - [NUDE][TRAIN] Epoch 17/120 Iter 140/390 Loss 0.3108 Top1 89.06 Top5 99.74
2025-12-18 16:11:13,654 - INFO  - [NUDE][TRAIN] Epoch 17/120 Iter 160/390 Loss 0.3118 Top1 89.08 Top5 99.75
2025-12-18 16:11:14,350 - INFO  - [NUDE][TRAIN] Epoch 17/120 Iter 180/390 Loss 0.3144 Top1 89.01 Top5 99.73
2025-12-18 16:11:15,038 - INFO  - [NUDE][TRAIN] Epoch 17/120 Iter 200/390 Loss 0.3161 Top1 88.98 Top5 99.72
2025-12-18 16:11:15,729 - INFO  - [NUDE][TRAIN] Epoch 17/120 Iter 220/390 Loss 0.3172 Top1 88.90 Top5 99.73
2025-12-18 16:11:16,415 - INFO  - [NUDE][TRAIN] Epoch 17/120 Iter 240/390 Loss 0.3207 Top1 88.77 Top5 99.73
2025-12-18 16:11:17,102 - INFO  - [NUDE][TRAIN] Epoch 17/120 Iter 260/390 Loss 0.3217 Top1 88.75 Top5 99.73
2025-12-18 16:11:17,795 - INFO  - [NUDE][TRAIN] Epoch 17/120 Iter 280/390 Loss 0.3232 Top1 88.66 Top5 99.73
2025-12-18 16:11:18,482 - INFO  - [NUDE][TRAIN] Epoch 17/120 Iter 300/390 Loss 0.3209 Top1 88.75 Top5 99.73
2025-12-18 16:11:19,175 - INFO  - [NUDE][TRAIN] Epoch 17/120 Iter 320/390 Loss 0.3209 Top1 88.73 Top5 99.73
2025-12-18 16:11:19,877 - INFO  - [NUDE][TRAIN] Epoch 17/120 Iter 340/390 Loss 0.3216 Top1 88.68 Top5 99.72
2025-12-18 16:11:20,568 - INFO  - [NUDE][TRAIN] Epoch 17/120 Iter 360/390 Loss 0.3220 Top1 88.70 Top5 99.72
2025-12-18 16:11:21,262 - INFO  - [NUDE][TRAIN] Epoch 17/120 Iter 380/390 Loss 0.3219 Top1 88.72 Top5 99.71
2025-12-18 16:11:21,649 - INFO  - [NUDE] Validate: force max bit-width W/A = 6
2025-12-18 16:11:22,661 - INFO  - [NUDE][EPOCH] 17/120 Train: Top1=88.71 Top5=99.71 Loss=0.3224 | Val(EMA): Top1=54.55
2025-12-18 16:11:23,859 - INFO  - ([18] Epoch) Saving checkpoint to:
             Current: /root/autodl-tmp/retraining-free-quantization/training/alexnet_cifar10_single_gpu_clean120/alexnet_cifar10_single_gpu_clean120_checkpoint.pth.tar

2025-12-18 16:11:23,861 - INFO  - [NUDE] Epoch 18: force max bit-width W/A = 6
2025-12-18 16:11:24,725 - INFO  - [NUDE][TRAIN] Epoch 18/120 Iter 20/390 Loss 0.2840 Top1 89.53 Top5 99.80
2025-12-18 16:11:25,415 - INFO  - [NUDE][TRAIN] Epoch 18/120 Iter 40/390 Loss 0.2781 Top1 90.04 Top5 99.84
2025-12-18 16:11:26,107 - INFO  - [NUDE][TRAIN] Epoch 18/120 Iter 60/390 Loss 0.2894 Top1 89.69 Top5 99.75
2025-12-18 16:11:26,792 - INFO  - [NUDE][TRAIN] Epoch 18/120 Iter 80/390 Loss 0.2852 Top1 89.82 Top5 99.77
2025-12-18 16:11:27,483 - INFO  - [NUDE][TRAIN] Epoch 18/120 Iter 100/390 Loss 0.2876 Top1 89.86 Top5 99.74
2025-12-18 16:11:28,170 - INFO  - [NUDE][TRAIN] Epoch 18/120 Iter 120/390 Loss 0.2923 Top1 89.64 Top5 99.72
2025-12-18 16:11:28,862 - INFO  - [NUDE][TRAIN] Epoch 18/120 Iter 140/390 Loss 0.2957 Top1 89.56 Top5 99.72
2025-12-18 16:11:29,554 - INFO  - [NUDE][TRAIN] Epoch 18/120 Iter 160/390 Loss 0.2957 Top1 89.56 Top5 99.72
2025-12-18 16:11:30,245 - INFO  - [NUDE][TRAIN] Epoch 18/120 Iter 180/390 Loss 0.2995 Top1 89.41 Top5 99.72
2025-12-18 16:11:30,934 - INFO  - [NUDE][TRAIN] Epoch 18/120 Iter 200/390 Loss 0.3026 Top1 89.33 Top5 99.72
2025-12-18 16:11:31,628 - INFO  - [NUDE][TRAIN] Epoch 18/120 Iter 220/390 Loss 0.3046 Top1 89.32 Top5 99.71
2025-12-18 16:11:32,316 - INFO  - [NUDE][TRAIN] Epoch 18/120 Iter 240/390 Loss 0.3073 Top1 89.21 Top5 99.69
2025-12-18 16:11:33,006 - INFO  - [NUDE][TRAIN] Epoch 18/120 Iter 260/390 Loss 0.3063 Top1 89.25 Top5 99.71
2025-12-18 16:11:33,699 - INFO  - [NUDE][TRAIN] Epoch 18/120 Iter 280/390 Loss 0.3049 Top1 89.35 Top5 99.72
2025-12-18 16:11:34,392 - INFO  - [NUDE][TRAIN] Epoch 18/120 Iter 300/390 Loss 0.3063 Top1 89.30 Top5 99.72
2025-12-18 16:11:35,082 - INFO  - [NUDE][TRAIN] Epoch 18/120 Iter 320/390 Loss 0.3074 Top1 89.21 Top5 99.72
2025-12-18 16:11:35,780 - INFO  - [NUDE][TRAIN] Epoch 18/120 Iter 340/390 Loss 0.3075 Top1 89.22 Top5 99.72
2025-12-18 16:11:36,471 - INFO  - [NUDE][TRAIN] Epoch 18/120 Iter 360/390 Loss 0.3077 Top1 89.23 Top5 99.72
2025-12-18 16:11:37,164 - INFO  - [NUDE][TRAIN] Epoch 18/120 Iter 380/390 Loss 0.3087 Top1 89.19 Top5 99.73
2025-12-18 16:11:37,554 - INFO  - [NUDE] Validate: force max bit-width W/A = 6
2025-12-18 16:11:38,562 - INFO  - [NUDE][EPOCH] 18/120 Train: Top1=89.18 Top5=99.73 Loss=0.3090 | Val(EMA): Top1=55.44
2025-12-18 16:11:39,761 - INFO  - ([19] Epoch) Saving checkpoint to:
             Current: /root/autodl-tmp/retraining-free-quantization/training/alexnet_cifar10_single_gpu_clean120/alexnet_cifar10_single_gpu_clean120_checkpoint.pth.tar

2025-12-18 16:11:39,763 - INFO  - [NUDE] Epoch 19: force max bit-width W/A = 6
2025-12-18 16:11:40,635 - INFO  - [NUDE][TRAIN] Epoch 19/120 Iter 20/390 Loss 0.2740 Top1 90.43 Top5 99.80
2025-12-18 16:11:41,338 - INFO  - [NUDE][TRAIN] Epoch 19/120 Iter 40/390 Loss 0.2732 Top1 90.61 Top5 99.82
2025-12-18 16:11:42,034 - INFO  - [NUDE][TRAIN] Epoch 19/120 Iter 60/390 Loss 0.2809 Top1 90.34 Top5 99.77
2025-12-18 16:11:42,733 - INFO  - [NUDE][TRAIN] Epoch 19/120 Iter 80/390 Loss 0.2848 Top1 90.13 Top5 99.75
2025-12-18 16:11:43,418 - INFO  - [NUDE][TRAIN] Epoch 19/120 Iter 100/390 Loss 0.2904 Top1 89.80 Top5 99.73
2025-12-18 16:11:44,107 - INFO  - [NUDE][TRAIN] Epoch 19/120 Iter 120/390 Loss 0.2907 Top1 89.80 Top5 99.71
2025-12-18 16:11:44,801 - INFO  - [NUDE][TRAIN] Epoch 19/120 Iter 140/390 Loss 0.2910 Top1 89.72 Top5 99.73
2025-12-18 16:11:45,493 - INFO  - [NUDE][TRAIN] Epoch 19/120 Iter 160/390 Loss 0.2922 Top1 89.65 Top5 99.72
2025-12-18 16:11:46,190 - INFO  - [NUDE][TRAIN] Epoch 19/120 Iter 180/390 Loss 0.2909 Top1 89.70 Top5 99.72
2025-12-18 16:11:46,881 - INFO  - [NUDE][TRAIN] Epoch 19/120 Iter 200/390 Loss 0.2904 Top1 89.70 Top5 99.72
2025-12-18 16:11:47,569 - INFO  - [NUDE][TRAIN] Epoch 19/120 Iter 220/390 Loss 0.2912 Top1 89.67 Top5 99.71
2025-12-18 16:11:48,261 - INFO  - [NUDE][TRAIN] Epoch 19/120 Iter 240/390 Loss 0.2948 Top1 89.58 Top5 99.70
2025-12-18 16:11:48,952 - INFO  - [NUDE][TRAIN] Epoch 19/120 Iter 260/390 Loss 0.2957 Top1 89.54 Top5 99.71
2025-12-18 16:11:49,643 - INFO  - [NUDE][TRAIN] Epoch 19/120 Iter 280/390 Loss 0.2949 Top1 89.56 Top5 99.71
2025-12-18 16:11:50,336 - INFO  - [NUDE][TRAIN] Epoch 19/120 Iter 300/390 Loss 0.2943 Top1 89.58 Top5 99.72
2025-12-18 16:11:51,029 - INFO  - [NUDE][TRAIN] Epoch 19/120 Iter 320/390 Loss 0.2939 Top1 89.61 Top5 99.72
2025-12-18 16:11:51,720 - INFO  - [NUDE][TRAIN] Epoch 19/120 Iter 340/390 Loss 0.2930 Top1 89.64 Top5 99.73
2025-12-18 16:11:52,409 - INFO  - [NUDE][TRAIN] Epoch 19/120 Iter 360/390 Loss 0.2942 Top1 89.62 Top5 99.73
2025-12-18 16:11:53,104 - INFO  - [NUDE][TRAIN] Epoch 19/120 Iter 380/390 Loss 0.2957 Top1 89.60 Top5 99.72
2025-12-18 16:11:53,482 - INFO  - [NUDE] Validate: force max bit-width W/A = 6
2025-12-18 16:11:54,505 - INFO  - [NUDE][EPOCH] 19/120 Train: Top1=89.57 Top5=99.72 Loss=0.2966 | Val(EMA): Top1=56.20
2025-12-18 16:11:55,709 - INFO  - ([20] Epoch) Saving checkpoint to:
             Current: /root/autodl-tmp/retraining-free-quantization/training/alexnet_cifar10_single_gpu_clean120/alexnet_cifar10_single_gpu_clean120_checkpoint.pth.tar

2025-12-18 16:11:55,711 - INFO  - [NUDE] Epoch 20: force max bit-width W/A = 6
2025-12-18 16:11:56,582 - INFO  - [NUDE][TRAIN] Epoch 20/120 Iter 20/390 Loss 0.2894 Top1 90.12 Top5 99.88
2025-12-18 16:11:57,267 - INFO  - [NUDE][TRAIN] Epoch 20/120 Iter 40/390 Loss 0.2888 Top1 89.73 Top5 99.84
2025-12-18 16:11:57,959 - INFO  - [NUDE][TRAIN] Epoch 20/120 Iter 60/390 Loss 0.2837 Top1 90.04 Top5 99.82
2025-12-18 16:11:58,644 - INFO  - [NUDE][TRAIN] Epoch 20/120 Iter 80/390 Loss 0.2777 Top1 90.13 Top5 99.83
2025-12-18 16:11:59,336 - INFO  - [NUDE][TRAIN] Epoch 20/120 Iter 100/390 Loss 0.2815 Top1 89.94 Top5 99.81
2025-12-18 16:12:00,028 - INFO  - [NUDE][TRAIN] Epoch 20/120 Iter 120/390 Loss 0.2812 Top1 89.90 Top5 99.81
2025-12-18 16:12:00,714 - INFO  - [NUDE][TRAIN] Epoch 20/120 Iter 140/390 Loss 0.2797 Top1 89.89 Top5 99.81
2025-12-18 16:12:01,405 - INFO  - [NUDE][TRAIN] Epoch 20/120 Iter 160/390 Loss 0.2763 Top1 90.04 Top5 99.82
2025-12-18 16:12:02,101 - INFO  - [NUDE][TRAIN] Epoch 20/120 Iter 180/390 Loss 0.2767 Top1 90.06 Top5 99.80
2025-12-18 16:12:02,798 - INFO  - [NUDE][TRAIN] Epoch 20/120 Iter 200/390 Loss 0.2772 Top1 90.05 Top5 99.80
2025-12-18 16:12:03,485 - INFO  - [NUDE][TRAIN] Epoch 20/120 Iter 220/390 Loss 0.2776 Top1 90.10 Top5 99.80
2025-12-18 16:12:04,172 - INFO  - [NUDE][TRAIN] Epoch 20/120 Iter 240/390 Loss 0.2781 Top1 90.10 Top5 99.79
2025-12-18 16:12:04,857 - INFO  - [NUDE][TRAIN] Epoch 20/120 Iter 260/390 Loss 0.2788 Top1 90.08 Top5 99.79
2025-12-18 16:12:05,550 - INFO  - [NUDE][TRAIN] Epoch 20/120 Iter 280/390 Loss 0.2781 Top1 90.15 Top5 99.78
2025-12-18 16:12:06,237 - INFO  - [NUDE][TRAIN] Epoch 20/120 Iter 300/390 Loss 0.2774 Top1 90.21 Top5 99.79
2025-12-18 16:12:06,923 - INFO  - [NUDE][TRAIN] Epoch 20/120 Iter 320/390 Loss 0.2775 Top1 90.21 Top5 99.79
2025-12-18 16:12:07,613 - INFO  - [NUDE][TRAIN] Epoch 20/120 Iter 340/390 Loss 0.2790 Top1 90.16 Top5 99.79
2025-12-18 16:12:08,300 - INFO  - [NUDE][TRAIN] Epoch 20/120 Iter 360/390 Loss 0.2797 Top1 90.12 Top5 99.79
2025-12-18 16:12:08,996 - INFO  - [NUDE][TRAIN] Epoch 20/120 Iter 380/390 Loss 0.2795 Top1 90.11 Top5 99.79
2025-12-18 16:12:09,377 - INFO  - [NUDE] Validate: force max bit-width W/A = 6
2025-12-18 16:12:10,371 - INFO  - [NUDE][EPOCH] 20/120 Train: Top1=90.10 Top5=99.79 Loss=0.2796 | Val(EMA): Top1=57.97
2025-12-18 16:12:11,589 - INFO  - ([21] Epoch) Saving checkpoint to:
             Current: /root/autodl-tmp/retraining-free-quantization/training/alexnet_cifar10_single_gpu_clean120/alexnet_cifar10_single_gpu_clean120_checkpoint.pth.tar

2025-12-18 16:12:11,590 - INFO  - [NUDE] Epoch 21: force max bit-width W/A = 6
2025-12-18 16:12:12,460 - INFO  - [NUDE][TRAIN] Epoch 21/120 Iter 20/390 Loss 0.2669 Top1 90.20 Top5 99.69
2025-12-18 16:12:13,145 - INFO  - [NUDE][TRAIN] Epoch 21/120 Iter 40/390 Loss 0.2591 Top1 90.70 Top5 99.79
2025-12-18 16:12:13,841 - INFO  - [NUDE][TRAIN] Epoch 21/120 Iter 60/390 Loss 0.2536 Top1 90.99 Top5 99.83
2025-12-18 16:12:14,534 - INFO  - [NUDE][TRAIN] Epoch 21/120 Iter 80/390 Loss 0.2650 Top1 90.58 Top5 99.82
2025-12-18 16:12:15,226 - INFO  - [NUDE][TRAIN] Epoch 21/120 Iter 100/390 Loss 0.2642 Top1 90.59 Top5 99.82
2025-12-18 16:12:15,929 - INFO  - [NUDE][TRAIN] Epoch 21/120 Iter 120/390 Loss 0.2613 Top1 90.64 Top5 99.83
2025-12-18 16:12:16,612 - INFO  - [NUDE][TRAIN] Epoch 21/120 Iter 140/390 Loss 0.2645 Top1 90.63 Top5 99.82
2025-12-18 16:12:17,298 - INFO  - [NUDE][TRAIN] Epoch 21/120 Iter 160/390 Loss 0.2679 Top1 90.50 Top5 99.79
2025-12-18 16:12:17,985 - INFO  - [NUDE][TRAIN] Epoch 21/120 Iter 180/390 Loss 0.2673 Top1 90.49 Top5 99.80
2025-12-18 16:12:18,670 - INFO  - [NUDE][TRAIN] Epoch 21/120 Iter 200/390 Loss 0.2655 Top1 90.57 Top5 99.82
2025-12-18 16:12:19,357 - INFO  - [NUDE][TRAIN] Epoch 21/120 Iter 220/390 Loss 0.2647 Top1 90.62 Top5 99.81
2025-12-18 16:12:20,044 - INFO  - [NUDE][TRAIN] Epoch 21/120 Iter 240/390 Loss 0.2654 Top1 90.58 Top5 99.80
2025-12-18 16:12:20,730 - INFO  - [NUDE][TRAIN] Epoch 21/120 Iter 260/390 Loss 0.2644 Top1 90.62 Top5 99.80
2025-12-18 16:12:21,418 - INFO  - [NUDE][TRAIN] Epoch 21/120 Iter 280/390 Loss 0.2662 Top1 90.56 Top5 99.80
2025-12-18 16:12:22,110 - INFO  - [NUDE][TRAIN] Epoch 21/120 Iter 300/390 Loss 0.2667 Top1 90.58 Top5 99.80
2025-12-18 16:12:22,794 - INFO  - [NUDE][TRAIN] Epoch 21/120 Iter 320/390 Loss 0.2685 Top1 90.52 Top5 99.79
2025-12-18 16:12:23,473 - INFO  - [NUDE][TRAIN] Epoch 21/120 Iter 340/390 Loss 0.2680 Top1 90.55 Top5 99.80
2025-12-18 16:12:24,156 - INFO  - [NUDE][TRAIN] Epoch 21/120 Iter 360/390 Loss 0.2681 Top1 90.54 Top5 99.79
2025-12-18 16:12:24,851 - INFO  - [NUDE][TRAIN] Epoch 21/120 Iter 380/390 Loss 0.2684 Top1 90.53 Top5 99.79
2025-12-18 16:12:25,239 - INFO  - [NUDE] Validate: force max bit-width W/A = 6
2025-12-18 16:12:26,245 - INFO  - [NUDE][EPOCH] 21/120 Train: Top1=90.52 Top5=99.79 Loss=0.2686 | Val(EMA): Top1=60.72
2025-12-18 16:12:27,440 - INFO  - ([22] Epoch) Saving checkpoint to:
             Current: /root/autodl-tmp/retraining-free-quantization/training/alexnet_cifar10_single_gpu_clean120/alexnet_cifar10_single_gpu_clean120_checkpoint.pth.tar

2025-12-18 16:12:27,442 - INFO  - [NUDE] Epoch 22: force max bit-width W/A = 6
2025-12-18 16:12:28,307 - INFO  - [NUDE][TRAIN] Epoch 22/120 Iter 20/390 Loss 0.2486 Top1 91.45 Top5 99.92
2025-12-18 16:12:28,994 - INFO  - [NUDE][TRAIN] Epoch 22/120 Iter 40/390 Loss 0.2503 Top1 91.50 Top5 99.88
2025-12-18 16:12:29,680 - INFO  - [NUDE][TRAIN] Epoch 22/120 Iter 60/390 Loss 0.2428 Top1 91.64 Top5 99.87
2025-12-18 16:12:30,365 - INFO  - [NUDE][TRAIN] Epoch 22/120 Iter 80/390 Loss 0.2422 Top1 91.60 Top5 99.85
2025-12-18 16:12:31,047 - INFO  - [NUDE][TRAIN] Epoch 22/120 Iter 100/390 Loss 0.2436 Top1 91.52 Top5 99.84
2025-12-18 16:12:31,733 - INFO  - [NUDE][TRAIN] Epoch 22/120 Iter 120/390 Loss 0.2424 Top1 91.50 Top5 99.84
2025-12-18 16:12:32,415 - INFO  - [NUDE][TRAIN] Epoch 22/120 Iter 140/390 Loss 0.2418 Top1 91.53 Top5 99.84
2025-12-18 16:12:33,099 - INFO  - [NUDE][TRAIN] Epoch 22/120 Iter 160/390 Loss 0.2418 Top1 91.45 Top5 99.84
2025-12-18 16:12:33,783 - INFO  - [NUDE][TRAIN] Epoch 22/120 Iter 180/390 Loss 0.2470 Top1 91.31 Top5 99.84
2025-12-18 16:12:34,471 - INFO  - [NUDE][TRAIN] Epoch 22/120 Iter 200/390 Loss 0.2471 Top1 91.29 Top5 99.84
2025-12-18 16:12:35,154 - INFO  - [NUDE][TRAIN] Epoch 22/120 Iter 220/390 Loss 0.2478 Top1 91.28 Top5 99.84
2025-12-18 16:12:35,838 - INFO  - [NUDE][TRAIN] Epoch 22/120 Iter 240/390 Loss 0.2487 Top1 91.22 Top5 99.83
2025-12-18 16:12:36,524 - INFO  - [NUDE][TRAIN] Epoch 22/120 Iter 260/390 Loss 0.2489 Top1 91.23 Top5 99.83
2025-12-18 16:12:37,214 - INFO  - [NUDE][TRAIN] Epoch 22/120 Iter 280/390 Loss 0.2485 Top1 91.31 Top5 99.84
2025-12-18 16:12:37,903 - INFO  - [NUDE][TRAIN] Epoch 22/120 Iter 300/390 Loss 0.2485 Top1 91.31 Top5 99.83
2025-12-18 16:12:38,592 - INFO  - [NUDE][TRAIN] Epoch 22/120 Iter 320/390 Loss 0.2488 Top1 91.28 Top5 99.83
2025-12-18 16:12:39,281 - INFO  - [NUDE][TRAIN] Epoch 22/120 Iter 340/390 Loss 0.2496 Top1 91.20 Top5 99.83
2025-12-18 16:12:39,967 - INFO  - [NUDE][TRAIN] Epoch 22/120 Iter 360/390 Loss 0.2499 Top1 91.20 Top5 99.83
2025-12-18 16:12:40,651 - INFO  - [NUDE][TRAIN] Epoch 22/120 Iter 380/390 Loss 0.2498 Top1 91.20 Top5 99.83
2025-12-18 16:12:41,037 - INFO  - [NUDE] Validate: force max bit-width W/A = 6
2025-12-18 16:12:42,071 - INFO  - [NUDE][EPOCH] 22/120 Train: Top1=91.19 Top5=99.83 Loss=0.2502 | Val(EMA): Top1=63.91
2025-12-18 16:12:43,278 - INFO  - ([23] Epoch) Saving checkpoint to:
             Current: /root/autodl-tmp/retraining-free-quantization/training/alexnet_cifar10_single_gpu_clean120/alexnet_cifar10_single_gpu_clean120_checkpoint.pth.tar

2025-12-18 16:12:43,280 - INFO  - [NUDE] Epoch 23: force max bit-width W/A = 6
2025-12-18 16:12:44,144 - INFO  - [NUDE][TRAIN] Epoch 23/120 Iter 20/390 Loss 0.2374 Top1 91.52 Top5 99.80
2025-12-18 16:12:44,829 - INFO  - [NUDE][TRAIN] Epoch 23/120 Iter 40/390 Loss 0.2339 Top1 91.86 Top5 99.82
2025-12-18 16:12:45,516 - INFO  - [NUDE][TRAIN] Epoch 23/120 Iter 60/390 Loss 0.2215 Top1 92.32 Top5 99.87
2025-12-18 16:12:46,200 - INFO  - [NUDE][TRAIN] Epoch 23/120 Iter 80/390 Loss 0.2222 Top1 92.35 Top5 99.87
2025-12-18 16:12:46,883 - INFO  - [NUDE][TRAIN] Epoch 23/120 Iter 100/390 Loss 0.2230 Top1 92.20 Top5 99.88
2025-12-18 16:12:47,568 - INFO  - [NUDE][TRAIN] Epoch 23/120 Iter 120/390 Loss 0.2264 Top1 92.07 Top5 99.88
2025-12-18 16:12:48,260 - INFO  - [NUDE][TRAIN] Epoch 23/120 Iter 140/390 Loss 0.2254 Top1 92.09 Top5 99.88
2025-12-18 16:12:48,940 - INFO  - [NUDE][TRAIN] Epoch 23/120 Iter 160/390 Loss 0.2281 Top1 92.02 Top5 99.87
2025-12-18 16:12:49,622 - INFO  - [NUDE][TRAIN] Epoch 23/120 Iter 180/390 Loss 0.2272 Top1 91.99 Top5 99.86
2025-12-18 16:12:50,306 - INFO  - [NUDE][TRAIN] Epoch 23/120 Iter 200/390 Loss 0.2279 Top1 92.02 Top5 99.86
2025-12-18 16:12:50,990 - INFO  - [NUDE][TRAIN] Epoch 23/120 Iter 220/390 Loss 0.2281 Top1 92.00 Top5 99.85
2025-12-18 16:12:51,674 - INFO  - [NUDE][TRAIN] Epoch 23/120 Iter 240/390 Loss 0.2306 Top1 91.91 Top5 99.86
2025-12-18 16:12:52,359 - INFO  - [NUDE][TRAIN] Epoch 23/120 Iter 260/390 Loss 0.2333 Top1 91.81 Top5 99.86
2025-12-18 16:12:53,058 - INFO  - [NUDE][TRAIN] Epoch 23/120 Iter 280/390 Loss 0.2370 Top1 91.69 Top5 99.85
2025-12-18 16:12:53,747 - INFO  - [NUDE][TRAIN] Epoch 23/120 Iter 300/390 Loss 0.2375 Top1 91.68 Top5 99.85
2025-12-18 16:12:54,430 - INFO  - [NUDE][TRAIN] Epoch 23/120 Iter 320/390 Loss 0.2377 Top1 91.71 Top5 99.85
2025-12-18 16:12:55,113 - INFO  - [NUDE][TRAIN] Epoch 23/120 Iter 340/390 Loss 0.2378 Top1 91.69 Top5 99.85
2025-12-18 16:12:55,796 - INFO  - [NUDE][TRAIN] Epoch 23/120 Iter 360/390 Loss 0.2385 Top1 91.66 Top5 99.85
2025-12-18 16:12:56,479 - INFO  - [NUDE][TRAIN] Epoch 23/120 Iter 380/390 Loss 0.2388 Top1 91.64 Top5 99.86
2025-12-18 16:12:56,861 - INFO  - [NUDE] Validate: force max bit-width W/A = 6
2025-12-18 16:12:57,861 - INFO  - [NUDE][EPOCH] 23/120 Train: Top1=91.62 Top5=99.85 Loss=0.2395 | Val(EMA): Top1=67.43
2025-12-18 16:12:59,053 - INFO  - ([24] Epoch) Saving checkpoint to:
             Current: /root/autodl-tmp/retraining-free-quantization/training/alexnet_cifar10_single_gpu_clean120/alexnet_cifar10_single_gpu_clean120_checkpoint.pth.tar

2025-12-18 16:12:59,055 - INFO  - [NUDE] Epoch 24: force max bit-width W/A = 6
2025-12-18 16:12:59,914 - INFO  - [NUDE][TRAIN] Epoch 24/120 Iter 20/390 Loss 0.2217 Top1 91.37 Top5 100.00
2025-12-18 16:13:00,600 - INFO  - [NUDE][TRAIN] Epoch 24/120 Iter 40/390 Loss 0.2206 Top1 91.80 Top5 99.98
2025-12-18 16:13:01,295 - INFO  - [NUDE][TRAIN] Epoch 24/120 Iter 60/390 Loss 0.2241 Top1 91.91 Top5 99.95
2025-12-18 16:13:01,983 - INFO  - [NUDE][TRAIN] Epoch 24/120 Iter 80/390 Loss 0.2184 Top1 92.06 Top5 99.93
2025-12-18 16:13:02,667 - INFO  - [NUDE][TRAIN] Epoch 24/120 Iter 100/390 Loss 0.2234 Top1 91.98 Top5 99.89
2025-12-18 16:13:03,350 - INFO  - [NUDE][TRAIN] Epoch 24/120 Iter 120/390 Loss 0.2259 Top1 91.88 Top5 99.87
2025-12-18 16:13:04,034 - INFO  - [NUDE][TRAIN] Epoch 24/120 Iter 140/390 Loss 0.2253 Top1 91.98 Top5 99.86
2025-12-18 16:13:04,719 - INFO  - [NUDE][TRAIN] Epoch 24/120 Iter 160/390 Loss 0.2220 Top1 92.18 Top5 99.87
2025-12-18 16:13:05,404 - INFO  - [NUDE][TRAIN] Epoch 24/120 Iter 180/390 Loss 0.2217 Top1 92.16 Top5 99.88
2025-12-18 16:13:06,102 - INFO  - [NUDE][TRAIN] Epoch 24/120 Iter 200/390 Loss 0.2220 Top1 92.13 Top5 99.88
2025-12-18 16:13:06,787 - INFO  - [NUDE][TRAIN] Epoch 24/120 Iter 220/390 Loss 0.2216 Top1 92.18 Top5 99.89
2025-12-18 16:13:07,471 - INFO  - [NUDE][TRAIN] Epoch 24/120 Iter 240/390 Loss 0.2214 Top1 92.16 Top5 99.89
2025-12-18 16:13:08,158 - INFO  - [NUDE][TRAIN] Epoch 24/120 Iter 260/390 Loss 0.2231 Top1 92.13 Top5 99.89
2025-12-18 16:13:08,847 - INFO  - [NUDE][TRAIN] Epoch 24/120 Iter 280/390 Loss 0.2248 Top1 92.04 Top5 99.89
2025-12-18 16:13:09,529 - INFO  - [NUDE][TRAIN] Epoch 24/120 Iter 300/390 Loss 0.2258 Top1 91.97 Top5 99.89
2025-12-18 16:13:10,219 - INFO  - [NUDE][TRAIN] Epoch 24/120 Iter 320/390 Loss 0.2256 Top1 91.98 Top5 99.90
2025-12-18 16:13:10,904 - INFO  - [NUDE][TRAIN] Epoch 24/120 Iter 340/390 Loss 0.2249 Top1 92.01 Top5 99.89
2025-12-18 16:13:11,589 - INFO  - [NUDE][TRAIN] Epoch 24/120 Iter 360/390 Loss 0.2254 Top1 92.01 Top5 99.89
2025-12-18 16:13:12,268 - INFO  - [NUDE][TRAIN] Epoch 24/120 Iter 380/390 Loss 0.2263 Top1 91.98 Top5 99.90
2025-12-18 16:13:12,648 - INFO  - [NUDE] Validate: force max bit-width W/A = 6
2025-12-18 16:13:13,655 - INFO  - [NUDE][EPOCH] 24/120 Train: Top1=91.96 Top5=99.89 Loss=0.2268 | Val(EMA): Top1=70.79
2025-12-18 16:13:14,863 - INFO  - ([25] Epoch) Saving checkpoint to:
             Current: /root/autodl-tmp/retraining-free-quantization/training/alexnet_cifar10_single_gpu_clean120/alexnet_cifar10_single_gpu_clean120_checkpoint.pth.tar

2025-12-18 16:13:14,865 - INFO  - [NUDE] Epoch 25: force max bit-width W/A = 6
2025-12-18 16:13:15,726 - INFO  - [NUDE][TRAIN] Epoch 25/120 Iter 20/390 Loss 0.2162 Top1 92.23 Top5 99.84
2025-12-18 16:13:16,410 - INFO  - [NUDE][TRAIN] Epoch 25/120 Iter 40/390 Loss 0.2072 Top1 92.52 Top5 99.90
2025-12-18 16:13:17,094 - INFO  - [NUDE][TRAIN] Epoch 25/120 Iter 60/390 Loss 0.2064 Top1 92.79 Top5 99.92
2025-12-18 16:13:17,778 - INFO  - [NUDE][TRAIN] Epoch 25/120 Iter 80/390 Loss 0.2087 Top1 92.74 Top5 99.91
2025-12-18 16:13:18,462 - INFO  - [NUDE][TRAIN] Epoch 25/120 Iter 100/390 Loss 0.2108 Top1 92.55 Top5 99.88
2025-12-18 16:13:19,147 - INFO  - [NUDE][TRAIN] Epoch 25/120 Iter 120/390 Loss 0.2083 Top1 92.72 Top5 99.89
2025-12-18 16:13:19,830 - INFO  - [NUDE][TRAIN] Epoch 25/120 Iter 140/390 Loss 0.2108 Top1 92.69 Top5 99.88
2025-12-18 16:13:20,514 - INFO  - [NUDE][TRAIN] Epoch 25/120 Iter 160/390 Loss 0.2113 Top1 92.61 Top5 99.89
2025-12-18 16:13:21,197 - INFO  - [NUDE][TRAIN] Epoch 25/120 Iter 180/390 Loss 0.2100 Top1 92.65 Top5 99.89
2025-12-18 16:13:21,891 - INFO  - [NUDE][TRAIN] Epoch 25/120 Iter 200/390 Loss 0.2098 Top1 92.70 Top5 99.89
2025-12-18 16:13:22,581 - INFO  - [NUDE][TRAIN] Epoch 25/120 Iter 220/390 Loss 0.2125 Top1 92.60 Top5 99.88
2025-12-18 16:13:23,268 - INFO  - [NUDE][TRAIN] Epoch 25/120 Iter 240/390 Loss 0.2131 Top1 92.54 Top5 99.89
2025-12-18 16:13:23,952 - INFO  - [NUDE][TRAIN] Epoch 25/120 Iter 260/390 Loss 0.2150 Top1 92.44 Top5 99.89
2025-12-18 16:13:24,638 - INFO  - [NUDE][TRAIN] Epoch 25/120 Iter 280/390 Loss 0.2156 Top1 92.42 Top5 99.88
2025-12-18 16:13:25,324 - INFO  - [NUDE][TRAIN] Epoch 25/120 Iter 300/390 Loss 0.2166 Top1 92.39 Top5 99.89
2025-12-18 16:13:26,010 - INFO  - [NUDE][TRAIN] Epoch 25/120 Iter 320/390 Loss 0.2169 Top1 92.38 Top5 99.89
2025-12-18 16:13:26,696 - INFO  - [NUDE][TRAIN] Epoch 25/120 Iter 340/390 Loss 0.2164 Top1 92.40 Top5 99.89
2025-12-18 16:13:27,381 - INFO  - [NUDE][TRAIN] Epoch 25/120 Iter 360/390 Loss 0.2171 Top1 92.36 Top5 99.88
2025-12-18 16:13:28,067 - INFO  - [NUDE][TRAIN] Epoch 25/120 Iter 380/390 Loss 0.2181 Top1 92.33 Top5 99.88
2025-12-18 16:13:28,452 - INFO  - [NUDE] Validate: force max bit-width W/A = 6
2025-12-18 16:13:29,452 - INFO  - [NUDE][EPOCH] 25/120 Train: Top1=92.27 Top5=99.88 Loss=0.2192 | Val(EMA): Top1=73.87
2025-12-18 16:13:30,650 - INFO  - ([26] Epoch) Saving checkpoint to:
             Current: /root/autodl-tmp/retraining-free-quantization/training/alexnet_cifar10_single_gpu_clean120/alexnet_cifar10_single_gpu_clean120_checkpoint.pth.tar

2025-12-18 16:13:30,651 - INFO  - [NUDE] Epoch 26: force max bit-width W/A = 6
2025-12-18 16:13:31,517 - INFO  - [NUDE][TRAIN] Epoch 26/120 Iter 20/390 Loss 0.1861 Top1 93.63 Top5 99.96
2025-12-18 16:13:32,208 - INFO  - [NUDE][TRAIN] Epoch 26/120 Iter 40/390 Loss 0.1934 Top1 93.28 Top5 99.92
2025-12-18 16:13:32,901 - INFO  - [NUDE][TRAIN] Epoch 26/120 Iter 60/390 Loss 0.1964 Top1 93.23 Top5 99.93
2025-12-18 16:13:33,591 - INFO  - [NUDE][TRAIN] Epoch 26/120 Iter 80/390 Loss 0.1934 Top1 93.40 Top5 99.93
2025-12-18 16:13:34,280 - INFO  - [NUDE][TRAIN] Epoch 26/120 Iter 100/390 Loss 0.1908 Top1 93.48 Top5 99.92
2025-12-18 16:13:34,969 - INFO  - [NUDE][TRAIN] Epoch 26/120 Iter 120/390 Loss 0.1948 Top1 93.34 Top5 99.92
2025-12-18 16:13:35,657 - INFO  - [NUDE][TRAIN] Epoch 26/120 Iter 140/390 Loss 0.1951 Top1 93.31 Top5 99.93
2025-12-18 16:13:36,347 - INFO  - [NUDE][TRAIN] Epoch 26/120 Iter 160/390 Loss 0.1940 Top1 93.35 Top5 99.93
2025-12-18 16:13:37,037 - INFO  - [NUDE][TRAIN] Epoch 26/120 Iter 180/390 Loss 0.1954 Top1 93.31 Top5 99.93
2025-12-18 16:13:37,729 - INFO  - [NUDE][TRAIN] Epoch 26/120 Iter 200/390 Loss 0.1954 Top1 93.27 Top5 99.93
2025-12-18 16:13:38,422 - INFO  - [NUDE][TRAIN] Epoch 26/120 Iter 220/390 Loss 0.1948 Top1 93.21 Top5 99.93
2025-12-18 16:13:39,110 - INFO  - [NUDE][TRAIN] Epoch 26/120 Iter 240/390 Loss 0.1960 Top1 93.16 Top5 99.93
2025-12-18 16:13:39,805 - INFO  - [NUDE][TRAIN] Epoch 26/120 Iter 260/390 Loss 0.1985 Top1 93.07 Top5 99.92
2025-12-18 16:13:40,492 - INFO  - [NUDE][TRAIN] Epoch 26/120 Iter 280/390 Loss 0.2008 Top1 92.99 Top5 99.92
2025-12-18 16:13:41,182 - INFO  - [NUDE][TRAIN] Epoch 26/120 Iter 300/390 Loss 0.2014 Top1 92.99 Top5 99.91
2025-12-18 16:13:41,874 - INFO  - [NUDE][TRAIN] Epoch 26/120 Iter 320/390 Loss 0.2032 Top1 92.89 Top5 99.91
2025-12-18 16:13:42,569 - INFO  - [NUDE][TRAIN] Epoch 26/120 Iter 340/390 Loss 0.2039 Top1 92.83 Top5 99.91
2025-12-18 16:13:43,256 - INFO  - [NUDE][TRAIN] Epoch 26/120 Iter 360/390 Loss 0.2061 Top1 92.74 Top5 99.91
2025-12-18 16:13:43,943 - INFO  - [NUDE][TRAIN] Epoch 26/120 Iter 380/390 Loss 0.2063 Top1 92.72 Top5 99.91
2025-12-18 16:13:44,326 - INFO  - [NUDE] Validate: force max bit-width W/A = 6
2025-12-18 16:13:45,337 - INFO  - [NUDE][EPOCH] 26/120 Train: Top1=92.71 Top5=99.91 Loss=0.2061 | Val(EMA): Top1=76.25
2025-12-18 16:13:46,541 - INFO  - ([27] Epoch) Saving checkpoint to:
             Current: /root/autodl-tmp/retraining-free-quantization/training/alexnet_cifar10_single_gpu_clean120/alexnet_cifar10_single_gpu_clean120_checkpoint.pth.tar

2025-12-18 16:13:46,543 - INFO  - [NUDE] Epoch 27: force max bit-width W/A = 6
2025-12-18 16:13:47,414 - INFO  - [NUDE][TRAIN] Epoch 27/120 Iter 20/390 Loss 0.1686 Top1 94.30 Top5 99.88
2025-12-18 16:13:48,101 - INFO  - [NUDE][TRAIN] Epoch 27/120 Iter 40/390 Loss 0.1698 Top1 94.36 Top5 99.90
2025-12-18 16:13:48,788 - INFO  - [NUDE][TRAIN] Epoch 27/120 Iter 60/390 Loss 0.1700 Top1 94.05 Top5 99.92
2025-12-18 16:13:49,477 - INFO  - [NUDE][TRAIN] Epoch 27/120 Iter 80/390 Loss 0.1734 Top1 93.91 Top5 99.92
2025-12-18 16:13:50,162 - INFO  - [NUDE][TRAIN] Epoch 27/120 Iter 100/390 Loss 0.1789 Top1 93.84 Top5 99.91
2025-12-18 16:13:50,857 - INFO  - [NUDE][TRAIN] Epoch 27/120 Iter 120/390 Loss 0.1798 Top1 93.75 Top5 99.92
2025-12-18 16:13:51,547 - INFO  - [NUDE][TRAIN] Epoch 27/120 Iter 140/390 Loss 0.1798 Top1 93.73 Top5 99.93
2025-12-18 16:13:52,234 - INFO  - [NUDE][TRAIN] Epoch 27/120 Iter 160/390 Loss 0.1801 Top1 93.71 Top5 99.92
2025-12-18 16:13:52,922 - INFO  - [NUDE][TRAIN] Epoch 27/120 Iter 180/390 Loss 0.1827 Top1 93.60 Top5 99.92
2025-12-18 16:13:53,608 - INFO  - [NUDE][TRAIN] Epoch 27/120 Iter 200/390 Loss 0.1832 Top1 93.52 Top5 99.92
2025-12-18 16:13:54,299 - INFO  - [NUDE][TRAIN] Epoch 27/120 Iter 220/390 Loss 0.1865 Top1 93.44 Top5 99.92
2025-12-18 16:13:54,992 - INFO  - [NUDE][TRAIN] Epoch 27/120 Iter 240/390 Loss 0.1870 Top1 93.44 Top5 99.93
2025-12-18 16:13:55,687 - INFO  - [NUDE][TRAIN] Epoch 27/120 Iter 260/390 Loss 0.1856 Top1 93.47 Top5 99.92
2025-12-18 16:13:56,374 - INFO  - [NUDE][TRAIN] Epoch 27/120 Iter 280/390 Loss 0.1880 Top1 93.38 Top5 99.92
2025-12-18 16:13:57,068 - INFO  - [NUDE][TRAIN] Epoch 27/120 Iter 300/390 Loss 0.1902 Top1 93.33 Top5 99.91
2025-12-18 16:13:57,760 - INFO  - [NUDE][TRAIN] Epoch 27/120 Iter 320/390 Loss 0.1910 Top1 93.32 Top5 99.91
2025-12-18 16:13:58,452 - INFO  - [NUDE][TRAIN] Epoch 27/120 Iter 340/390 Loss 0.1912 Top1 93.34 Top5 99.91
2025-12-18 16:13:59,145 - INFO  - [NUDE][TRAIN] Epoch 27/120 Iter 360/390 Loss 0.1920 Top1 93.30 Top5 99.91
2025-12-18 16:13:59,840 - INFO  - [NUDE][TRAIN] Epoch 27/120 Iter 380/390 Loss 0.1933 Top1 93.23 Top5 99.91
2025-12-18 16:14:00,231 - INFO  - [NUDE] Validate: force max bit-width W/A = 6
2025-12-18 16:14:01,275 - INFO  - [NUDE][EPOCH] 27/120 Train: Top1=93.22 Top5=99.91 Loss=0.1941 | Val(EMA): Top1=78.69
2025-12-18 16:14:02,481 - INFO  - ([28] Epoch) Saving checkpoint to:
             Current: /root/autodl-tmp/retraining-free-quantization/training/alexnet_cifar10_single_gpu_clean120/alexnet_cifar10_single_gpu_clean120_checkpoint.pth.tar

2025-12-18 16:14:02,483 - INFO  - [NUDE] Epoch 28: force max bit-width W/A = 6
2025-12-18 16:14:03,361 - INFO  - [NUDE][TRAIN] Epoch 28/120 Iter 20/390 Loss 0.1663 Top1 94.53 Top5 99.92
2025-12-18 16:14:04,056 - INFO  - [NUDE][TRAIN] Epoch 28/120 Iter 40/390 Loss 0.1664 Top1 94.57 Top5 99.94
2025-12-18 16:14:04,749 - INFO  - [NUDE][TRAIN] Epoch 28/120 Iter 60/390 Loss 0.1716 Top1 94.21 Top5 99.92
2025-12-18 16:14:05,442 - INFO  - [NUDE][TRAIN] Epoch 28/120 Iter 80/390 Loss 0.1700 Top1 94.22 Top5 99.92
2025-12-18 16:14:06,134 - INFO  - [NUDE][TRAIN] Epoch 28/120 Iter 100/390 Loss 0.1715 Top1 94.04 Top5 99.92
2025-12-18 16:14:06,829 - INFO  - [NUDE][TRAIN] Epoch 28/120 Iter 120/390 Loss 0.1714 Top1 94.02 Top5 99.92
2025-12-18 16:14:07,524 - INFO  - [NUDE][TRAIN] Epoch 28/120 Iter 140/390 Loss 0.1698 Top1 94.10 Top5 99.91
2025-12-18 16:14:08,214 - INFO  - [NUDE][TRAIN] Epoch 28/120 Iter 160/390 Loss 0.1728 Top1 93.97 Top5 99.90
2025-12-18 16:14:08,901 - INFO  - [NUDE][TRAIN] Epoch 28/120 Iter 180/390 Loss 0.1725 Top1 93.98 Top5 99.90
2025-12-18 16:14:09,590 - INFO  - [NUDE][TRAIN] Epoch 28/120 Iter 200/390 Loss 0.1750 Top1 93.90 Top5 99.91
2025-12-18 16:14:10,276 - INFO  - [NUDE][TRAIN] Epoch 28/120 Iter 220/390 Loss 0.1751 Top1 93.89 Top5 99.91
2025-12-18 16:14:10,967 - INFO  - [NUDE][TRAIN] Epoch 28/120 Iter 240/390 Loss 0.1750 Top1 93.88 Top5 99.92
2025-12-18 16:14:11,651 - INFO  - [NUDE][TRAIN] Epoch 28/120 Iter 260/390 Loss 0.1748 Top1 93.87 Top5 99.92
2025-12-18 16:14:12,341 - INFO  - [NUDE][TRAIN] Epoch 28/120 Iter 280/390 Loss 0.1765 Top1 93.80 Top5 99.92
2025-12-18 16:14:13,032 - INFO  - [NUDE][TRAIN] Epoch 28/120 Iter 300/390 Loss 0.1771 Top1 93.76 Top5 99.92
2025-12-18 16:14:13,722 - INFO  - [NUDE][TRAIN] Epoch 28/120 Iter 320/390 Loss 0.1791 Top1 93.69 Top5 99.92
2025-12-18 16:14:14,420 - INFO  - [NUDE][TRAIN] Epoch 28/120 Iter 340/390 Loss 0.1794 Top1 93.66 Top5 99.92
2025-12-18 16:14:15,115 - INFO  - [NUDE][TRAIN] Epoch 28/120 Iter 360/390 Loss 0.1801 Top1 93.64 Top5 99.92
2025-12-18 16:14:15,812 - INFO  - [NUDE][TRAIN] Epoch 28/120 Iter 380/390 Loss 0.1794 Top1 93.63 Top5 99.92
2025-12-18 16:14:16,190 - INFO  - [NUDE] Validate: force max bit-width W/A = 6
2025-12-18 16:14:17,179 - INFO  - [NUDE][EPOCH] 28/120 Train: Top1=93.62 Top5=99.92 Loss=0.1796 | Val(EMA): Top1=80.40
2025-12-18 16:14:18,384 - INFO  - ([29] Epoch) Saving checkpoint to:
             Current: /root/autodl-tmp/retraining-free-quantization/training/alexnet_cifar10_single_gpu_clean120/alexnet_cifar10_single_gpu_clean120_checkpoint.pth.tar

2025-12-18 16:14:18,385 - INFO  - [NUDE] Epoch 29: force max bit-width W/A = 6
2025-12-18 16:14:19,257 - INFO  - [NUDE][TRAIN] Epoch 29/120 Iter 20/390 Loss 0.1629 Top1 94.77 Top5 100.00
2025-12-18 16:14:19,945 - INFO  - [NUDE][TRAIN] Epoch 29/120 Iter 40/390 Loss 0.1803 Top1 93.83 Top5 99.96
2025-12-18 16:14:20,643 - INFO  - [NUDE][TRAIN] Epoch 29/120 Iter 60/390 Loss 0.1839 Top1 93.53 Top5 99.93
2025-12-18 16:14:21,331 - INFO  - [NUDE][TRAIN] Epoch 29/120 Iter 80/390 Loss 0.1795 Top1 93.61 Top5 99.95
2025-12-18 16:14:22,020 - INFO  - [NUDE][TRAIN] Epoch 29/120 Iter 100/390 Loss 0.1762 Top1 93.70 Top5 99.96
2025-12-18 16:14:22,711 - INFO  - [NUDE][TRAIN] Epoch 29/120 Iter 120/390 Loss 0.1771 Top1 93.71 Top5 99.96
2025-12-18 16:14:23,408 - INFO  - [NUDE][TRAIN] Epoch 29/120 Iter 140/390 Loss 0.1770 Top1 93.72 Top5 99.96
2025-12-18 16:14:24,098 - INFO  - [NUDE][TRAIN] Epoch 29/120 Iter 160/390 Loss 0.1769 Top1 93.75 Top5 99.96
2025-12-18 16:14:24,795 - INFO  - [NUDE][TRAIN] Epoch 29/120 Iter 180/390 Loss 0.1774 Top1 93.77 Top5 99.95
2025-12-18 16:14:25,484 - INFO  - [NUDE][TRAIN] Epoch 29/120 Iter 200/390 Loss 0.1774 Top1 93.78 Top5 99.95
2025-12-18 16:14:26,173 - INFO  - [NUDE][TRAIN] Epoch 29/120 Iter 220/390 Loss 0.1773 Top1 93.76 Top5 99.96
2025-12-18 16:14:26,874 - INFO  - [NUDE][TRAIN] Epoch 29/120 Iter 240/390 Loss 0.1777 Top1 93.75 Top5 99.95
2025-12-18 16:14:27,570 - INFO  - [NUDE][TRAIN] Epoch 29/120 Iter 260/390 Loss 0.1778 Top1 93.73 Top5 99.95
2025-12-18 16:14:28,278 - INFO  - [NUDE][TRAIN] Epoch 29/120 Iter 280/390 Loss 0.1777 Top1 93.72 Top5 99.95
2025-12-18 16:14:28,974 - INFO  - [NUDE][TRAIN] Epoch 29/120 Iter 300/390 Loss 0.1775 Top1 93.73 Top5 99.95
2025-12-18 16:14:29,672 - INFO  - [NUDE][TRAIN] Epoch 29/120 Iter 320/390 Loss 0.1768 Top1 93.76 Top5 99.95
2025-12-18 16:14:30,363 - INFO  - [NUDE][TRAIN] Epoch 29/120 Iter 340/390 Loss 0.1775 Top1 93.75 Top5 99.94
2025-12-18 16:14:31,050 - INFO  - [NUDE][TRAIN] Epoch 29/120 Iter 360/390 Loss 0.1784 Top1 93.71 Top5 99.94
2025-12-18 16:14:31,739 - INFO  - [NUDE][TRAIN] Epoch 29/120 Iter 380/390 Loss 0.1779 Top1 93.71 Top5 99.94
2025-12-18 16:14:32,114 - INFO  - [NUDE] Validate: force max bit-width W/A = 6
2025-12-18 16:14:33,126 - INFO  - [NUDE][EPOCH] 29/120 Train: Top1=93.70 Top5=99.94 Loss=0.1787 | Val(EMA): Top1=82.02
2025-12-18 16:14:34,388 - INFO  - ([30] Epoch) Saving checkpoint to:
             Current: /root/autodl-tmp/retraining-free-quantization/training/alexnet_cifar10_single_gpu_clean120/alexnet_cifar10_single_gpu_clean120_checkpoint.pth.tar

2025-12-18 16:14:34,390 - INFO  - [NUDE] Epoch 30: force max bit-width W/A = 6
2025-12-18 16:14:35,257 - INFO  - [NUDE][TRAIN] Epoch 30/120 Iter 20/390 Loss 0.1387 Top1 94.80 Top5 100.00
2025-12-18 16:14:35,944 - INFO  - [NUDE][TRAIN] Epoch 30/120 Iter 40/390 Loss 0.1414 Top1 94.84 Top5 100.00
2025-12-18 16:14:36,630 - INFO  - [NUDE][TRAIN] Epoch 30/120 Iter 60/390 Loss 0.1511 Top1 94.58 Top5 99.99
2025-12-18 16:14:37,321 - INFO  - [NUDE][TRAIN] Epoch 30/120 Iter 80/390 Loss 0.1522 Top1 94.67 Top5 99.99
2025-12-18 16:14:38,006 - INFO  - [NUDE][TRAIN] Epoch 30/120 Iter 100/390 Loss 0.1519 Top1 94.62 Top5 99.99
2025-12-18 16:14:38,694 - INFO  - [NUDE][TRAIN] Epoch 30/120 Iter 120/390 Loss 0.1556 Top1 94.56 Top5 99.97
2025-12-18 16:14:39,379 - INFO  - [NUDE][TRAIN] Epoch 30/120 Iter 140/390 Loss 0.1557 Top1 94.46 Top5 99.97
2025-12-18 16:14:40,066 - INFO  - [NUDE][TRAIN] Epoch 30/120 Iter 160/390 Loss 0.1566 Top1 94.48 Top5 99.96
2025-12-18 16:14:40,758 - INFO  - [NUDE][TRAIN] Epoch 30/120 Iter 180/390 Loss 0.1583 Top1 94.41 Top5 99.96
2025-12-18 16:14:41,444 - INFO  - [NUDE][TRAIN] Epoch 30/120 Iter 200/390 Loss 0.1625 Top1 94.25 Top5 99.95
2025-12-18 16:14:42,132 - INFO  - [NUDE][TRAIN] Epoch 30/120 Iter 220/390 Loss 0.1648 Top1 94.19 Top5 99.94
2025-12-18 16:14:42,818 - INFO  - [NUDE][TRAIN] Epoch 30/120 Iter 240/390 Loss 0.1674 Top1 94.08 Top5 99.94
2025-12-18 16:14:43,513 - INFO  - [NUDE][TRAIN] Epoch 30/120 Iter 260/390 Loss 0.1686 Top1 94.07 Top5 99.93
2025-12-18 16:14:44,200 - INFO  - [NUDE][TRAIN] Epoch 30/120 Iter 280/390 Loss 0.1677 Top1 94.10 Top5 99.94
2025-12-18 16:14:44,888 - INFO  - [NUDE][TRAIN] Epoch 30/120 Iter 300/390 Loss 0.1676 Top1 94.12 Top5 99.94
2025-12-18 16:14:45,592 - INFO  - [NUDE][TRAIN] Epoch 30/120 Iter 320/390 Loss 0.1673 Top1 94.12 Top5 99.94
2025-12-18 16:14:46,285 - INFO  - [NUDE][TRAIN] Epoch 30/120 Iter 340/390 Loss 0.1685 Top1 94.07 Top5 99.93
2025-12-18 16:14:46,980 - INFO  - [NUDE][TRAIN] Epoch 30/120 Iter 360/390 Loss 0.1694 Top1 94.01 Top5 99.93
2025-12-18 16:14:47,678 - INFO  - [NUDE][TRAIN] Epoch 30/120 Iter 380/390 Loss 0.1717 Top1 93.92 Top5 99.93
2025-12-18 16:14:48,072 - INFO  - [NUDE] Validate: force max bit-width W/A = 6
2025-12-18 16:14:49,088 - INFO  - [NUDE][EPOCH] 30/120 Train: Top1=93.89 Top5=99.93 Loss=0.1724 | Val(EMA): Top1=83.39
2025-12-18 16:14:50,295 - INFO  - ([31] Epoch) Saving checkpoint to:
             Current: /root/autodl-tmp/retraining-free-quantization/training/alexnet_cifar10_single_gpu_clean120/alexnet_cifar10_single_gpu_clean120_checkpoint.pth.tar

2025-12-18 16:14:50,297 - INFO  - [NUDE] Epoch 31: force max bit-width W/A = 6
2025-12-18 16:14:51,176 - INFO  - [NUDE][TRAIN] Epoch 31/120 Iter 20/390 Loss 0.1613 Top1 94.14 Top5 99.96
2025-12-18 16:14:51,863 - INFO  - [NUDE][TRAIN] Epoch 31/120 Iter 40/390 Loss 0.1557 Top1 94.49 Top5 99.90
2025-12-18 16:14:52,556 - INFO  - [NUDE][TRAIN] Epoch 31/120 Iter 60/390 Loss 0.1615 Top1 94.19 Top5 99.93
2025-12-18 16:14:53,241 - INFO  - [NUDE][TRAIN] Epoch 31/120 Iter 80/390 Loss 0.1582 Top1 94.29 Top5 99.95
2025-12-18 16:14:53,939 - INFO  - [NUDE][TRAIN] Epoch 31/120 Iter 100/390 Loss 0.1548 Top1 94.51 Top5 99.94
2025-12-18 16:14:54,632 - INFO  - [NUDE][TRAIN] Epoch 31/120 Iter 120/390 Loss 0.1535 Top1 94.53 Top5 99.95
2025-12-18 16:14:55,330 - INFO  - [NUDE][TRAIN] Epoch 31/120 Iter 140/390 Loss 0.1545 Top1 94.48 Top5 99.94
2025-12-18 16:14:56,023 - INFO  - [NUDE][TRAIN] Epoch 31/120 Iter 160/390 Loss 0.1541 Top1 94.44 Top5 99.95
2025-12-18 16:14:56,713 - INFO  - [NUDE][TRAIN] Epoch 31/120 Iter 180/390 Loss 0.1524 Top1 94.54 Top5 99.95
2025-12-18 16:14:57,403 - INFO  - [NUDE][TRAIN] Epoch 31/120 Iter 200/390 Loss 0.1543 Top1 94.48 Top5 99.95
2025-12-18 16:14:58,101 - INFO  - [NUDE][TRAIN] Epoch 31/120 Iter 220/390 Loss 0.1553 Top1 94.46 Top5 99.95
2025-12-18 16:14:58,789 - INFO  - [NUDE][TRAIN] Epoch 31/120 Iter 240/390 Loss 0.1560 Top1 94.37 Top5 99.95
2025-12-18 16:14:59,482 - INFO  - [NUDE][TRAIN] Epoch 31/120 Iter 260/390 Loss 0.1559 Top1 94.38 Top5 99.95
2025-12-18 16:15:00,186 - INFO  - [NUDE][TRAIN] Epoch 31/120 Iter 280/390 Loss 0.1565 Top1 94.37 Top5 99.95
2025-12-18 16:15:00,878 - INFO  - [NUDE][TRAIN] Epoch 31/120 Iter 300/390 Loss 0.1561 Top1 94.37 Top5 99.95
2025-12-18 16:15:01,574 - INFO  - [NUDE][TRAIN] Epoch 31/120 Iter 320/390 Loss 0.1560 Top1 94.36 Top5 99.95
2025-12-18 16:15:02,262 - INFO  - [NUDE][TRAIN] Epoch 31/120 Iter 340/390 Loss 0.1555 Top1 94.39 Top5 99.95
2025-12-18 16:15:02,949 - INFO  - [NUDE][TRAIN] Epoch 31/120 Iter 360/390 Loss 0.1566 Top1 94.36 Top5 99.95
2025-12-18 16:15:03,635 - INFO  - [NUDE][TRAIN] Epoch 31/120 Iter 380/390 Loss 0.1581 Top1 94.31 Top5 99.95
2025-12-18 16:15:04,013 - INFO  - [NUDE] Validate: force max bit-width W/A = 6
2025-12-18 16:15:05,040 - INFO  - [NUDE][EPOCH] 31/120 Train: Top1=94.30 Top5=99.95 Loss=0.1585 | Val(EMA): Top1=84.40
2025-12-18 16:15:06,209 - INFO  - ([32] Epoch) Saving checkpoint to:
             Current: /root/autodl-tmp/retraining-free-quantization/training/alexnet_cifar10_single_gpu_clean120/alexnet_cifar10_single_gpu_clean120_checkpoint.pth.tar

2025-12-18 16:15:06,210 - INFO  - [NUDE] Epoch 32: force max bit-width W/A = 6
2025-12-18 16:15:07,091 - INFO  - [NUDE][TRAIN] Epoch 32/120 Iter 20/390 Loss 0.1331 Top1 95.70 Top5 100.00
2025-12-18 16:15:07,775 - INFO  - [NUDE][TRAIN] Epoch 32/120 Iter 40/390 Loss 0.1228 Top1 96.04 Top5 100.00
2025-12-18 16:15:08,456 - INFO  - [NUDE][TRAIN] Epoch 32/120 Iter 60/390 Loss 0.1329 Top1 95.64 Top5 99.95
2025-12-18 16:15:09,146 - INFO  - [NUDE][TRAIN] Epoch 32/120 Iter 80/390 Loss 0.1362 Top1 95.43 Top5 99.94
2025-12-18 16:15:09,841 - INFO  - [NUDE][TRAIN] Epoch 32/120 Iter 100/390 Loss 0.1344 Top1 95.52 Top5 99.95
2025-12-18 16:15:10,531 - INFO  - [NUDE][TRAIN] Epoch 32/120 Iter 120/390 Loss 0.1336 Top1 95.48 Top5 99.93
2025-12-18 16:15:11,218 - INFO  - [NUDE][TRAIN] Epoch 32/120 Iter 140/390 Loss 0.1354 Top1 95.33 Top5 99.94
2025-12-18 16:15:11,902 - INFO  - [NUDE][TRAIN] Epoch 32/120 Iter 160/390 Loss 0.1382 Top1 95.19 Top5 99.93
2025-12-18 16:15:12,588 - INFO  - [NUDE][TRAIN] Epoch 32/120 Iter 180/390 Loss 0.1401 Top1 95.11 Top5 99.93
2025-12-18 16:15:13,270 - INFO  - [NUDE][TRAIN] Epoch 32/120 Iter 200/390 Loss 0.1409 Top1 95.05 Top5 99.93
2025-12-18 16:15:13,956 - INFO  - [NUDE][TRAIN] Epoch 32/120 Iter 220/390 Loss 0.1410 Top1 95.07 Top5 99.94
2025-12-18 16:15:14,640 - INFO  - [NUDE][TRAIN] Epoch 32/120 Iter 240/390 Loss 0.1400 Top1 95.10 Top5 99.94
2025-12-18 16:15:15,324 - INFO  - [NUDE][TRAIN] Epoch 32/120 Iter 260/390 Loss 0.1394 Top1 95.10 Top5 99.94
2025-12-18 16:15:16,008 - INFO  - [NUDE][TRAIN] Epoch 32/120 Iter 280/390 Loss 0.1418 Top1 94.99 Top5 99.94
2025-12-18 16:15:16,692 - INFO  - [NUDE][TRAIN] Epoch 32/120 Iter 300/390 Loss 0.1434 Top1 94.90 Top5 99.94
2025-12-18 16:15:17,380 - INFO  - [NUDE][TRAIN] Epoch 32/120 Iter 320/390 Loss 0.1466 Top1 94.80 Top5 99.94
2025-12-18 16:15:18,062 - INFO  - [NUDE][TRAIN] Epoch 32/120 Iter 340/390 Loss 0.1489 Top1 94.72 Top5 99.94
2025-12-18 16:15:18,747 - INFO  - [NUDE][TRAIN] Epoch 32/120 Iter 360/390 Loss 0.1498 Top1 94.70 Top5 99.94
2025-12-18 16:15:19,432 - INFO  - [NUDE][TRAIN] Epoch 32/120 Iter 380/390 Loss 0.1498 Top1 94.70 Top5 99.94
2025-12-18 16:15:19,807 - INFO  - [NUDE] Validate: force max bit-width W/A = 6
2025-12-18 16:15:20,799 - INFO  - [NUDE][EPOCH] 32/120 Train: Top1=94.69 Top5=99.94 Loss=0.1498 | Val(EMA): Top1=85.24
2025-12-18 16:15:21,978 - INFO  - ([33] Epoch) Saving checkpoint to:
             Current: /root/autodl-tmp/retraining-free-quantization/training/alexnet_cifar10_single_gpu_clean120/alexnet_cifar10_single_gpu_clean120_checkpoint.pth.tar

2025-12-18 16:15:21,979 - INFO  - [NUDE] Epoch 33: force max bit-width W/A = 6
2025-12-18 16:15:22,837 - INFO  - [NUDE][TRAIN] Epoch 33/120 Iter 20/390 Loss 0.1354 Top1 95.35 Top5 99.96
2025-12-18 16:15:23,527 - INFO  - [NUDE][TRAIN] Epoch 33/120 Iter 40/390 Loss 0.1378 Top1 95.47 Top5 99.88
2025-12-18 16:15:24,210 - INFO  - [NUDE][TRAIN] Epoch 33/120 Iter 60/390 Loss 0.1411 Top1 95.31 Top5 99.91
2025-12-18 16:15:24,891 - INFO  - [NUDE][TRAIN] Epoch 33/120 Iter 80/390 Loss 0.1427 Top1 95.10 Top5 99.89
2025-12-18 16:15:25,573 - INFO  - [NUDE][TRAIN] Epoch 33/120 Iter 100/390 Loss 0.1406 Top1 95.11 Top5 99.91
2025-12-18 16:15:26,260 - INFO  - [NUDE][TRAIN] Epoch 33/120 Iter 120/390 Loss 0.1385 Top1 95.15 Top5 99.92
2025-12-18 16:15:26,953 - INFO  - [NUDE][TRAIN] Epoch 33/120 Iter 140/390 Loss 0.1391 Top1 95.14 Top5 99.93
2025-12-18 16:15:27,644 - INFO  - [NUDE][TRAIN] Epoch 33/120 Iter 160/390 Loss 0.1387 Top1 95.17 Top5 99.93
2025-12-18 16:15:28,335 - INFO  - [NUDE][TRAIN] Epoch 33/120 Iter 180/390 Loss 0.1392 Top1 95.13 Top5 99.93
2025-12-18 16:15:29,032 - INFO  - [NUDE][TRAIN] Epoch 33/120 Iter 200/390 Loss 0.1388 Top1 95.11 Top5 99.94
2025-12-18 16:15:29,722 - INFO  - [NUDE][TRAIN] Epoch 33/120 Iter 220/390 Loss 0.1398 Top1 95.06 Top5 99.94
2025-12-18 16:15:30,411 - INFO  - [NUDE][TRAIN] Epoch 33/120 Iter 240/390 Loss 0.1413 Top1 94.97 Top5 99.94
2025-12-18 16:15:31,099 - INFO  - [NUDE][TRAIN] Epoch 33/120 Iter 260/390 Loss 0.1412 Top1 94.97 Top5 99.94
2025-12-18 16:15:31,792 - INFO  - [NUDE][TRAIN] Epoch 33/120 Iter 280/390 Loss 0.1421 Top1 94.90 Top5 99.94
2025-12-18 16:15:32,478 - INFO  - [NUDE][TRAIN] Epoch 33/120 Iter 300/390 Loss 0.1431 Top1 94.87 Top5 99.94
2025-12-18 16:15:33,165 - INFO  - [NUDE][TRAIN] Epoch 33/120 Iter 320/390 Loss 0.1442 Top1 94.85 Top5 99.94
2025-12-18 16:15:33,854 - INFO  - [NUDE][TRAIN] Epoch 33/120 Iter 340/390 Loss 0.1450 Top1 94.85 Top5 99.94
2025-12-18 16:15:34,542 - INFO  - [NUDE][TRAIN] Epoch 33/120 Iter 360/390 Loss 0.1470 Top1 94.78 Top5 99.95
2025-12-18 16:15:35,232 - INFO  - [NUDE][TRAIN] Epoch 33/120 Iter 380/390 Loss 0.1477 Top1 94.78 Top5 99.95
2025-12-18 16:15:35,610 - INFO  - [NUDE] Validate: force max bit-width W/A = 6
2025-12-18 16:15:36,662 - INFO  - [NUDE][EPOCH] 33/120 Train: Top1=94.78 Top5=99.95 Loss=0.1478 | Val(EMA): Top1=85.91
2025-12-18 16:15:37,854 - INFO  - ([34] Epoch) Saving checkpoint to:
             Current: /root/autodl-tmp/retraining-free-quantization/training/alexnet_cifar10_single_gpu_clean120/alexnet_cifar10_single_gpu_clean120_checkpoint.pth.tar

2025-12-18 16:15:37,856 - INFO  - [NUDE] Epoch 34: force max bit-width W/A = 6
2025-12-18 16:15:38,722 - INFO  - [NUDE][TRAIN] Epoch 34/120 Iter 20/390 Loss 0.1183 Top1 95.94 Top5 99.96
2025-12-18 16:15:39,412 - INFO  - [NUDE][TRAIN] Epoch 34/120 Iter 40/390 Loss 0.1232 Top1 95.90 Top5 99.96
2025-12-18 16:15:40,101 - INFO  - [NUDE][TRAIN] Epoch 34/120 Iter 60/390 Loss 0.1246 Top1 95.82 Top5 99.97
2025-12-18 16:15:40,788 - INFO  - [NUDE][TRAIN] Epoch 34/120 Iter 80/390 Loss 0.1244 Top1 95.73 Top5 99.97
2025-12-18 16:15:41,474 - INFO  - [NUDE][TRAIN] Epoch 34/120 Iter 100/390 Loss 0.1260 Top1 95.62 Top5 99.98
2025-12-18 16:15:42,164 - INFO  - [NUDE][TRAIN] Epoch 34/120 Iter 120/390 Loss 0.1288 Top1 95.47 Top5 99.97
2025-12-18 16:15:42,852 - INFO  - [NUDE][TRAIN] Epoch 34/120 Iter 140/390 Loss 0.1312 Top1 95.34 Top5 99.98
2025-12-18 16:15:43,540 - INFO  - [NUDE][TRAIN] Epoch 34/120 Iter 160/390 Loss 0.1319 Top1 95.36 Top5 99.98
2025-12-18 16:15:44,237 - INFO  - [NUDE][TRAIN] Epoch 34/120 Iter 180/390 Loss 0.1312 Top1 95.38 Top5 99.98
2025-12-18 16:15:44,926 - INFO  - [NUDE][TRAIN] Epoch 34/120 Iter 200/390 Loss 0.1323 Top1 95.33 Top5 99.97
2025-12-18 16:15:45,617 - INFO  - [NUDE][TRAIN] Epoch 34/120 Iter 220/390 Loss 0.1340 Top1 95.30 Top5 99.97
2025-12-18 16:15:46,305 - INFO  - [NUDE][TRAIN] Epoch 34/120 Iter 240/390 Loss 0.1340 Top1 95.28 Top5 99.97
2025-12-18 16:15:46,998 - INFO  - [NUDE][TRAIN] Epoch 34/120 Iter 260/390 Loss 0.1343 Top1 95.27 Top5 99.97
2025-12-18 16:15:47,689 - INFO  - [NUDE][TRAIN] Epoch 34/120 Iter 280/390 Loss 0.1332 Top1 95.31 Top5 99.97
2025-12-18 16:15:48,372 - INFO  - [NUDE][TRAIN] Epoch 34/120 Iter 300/390 Loss 0.1347 Top1 95.24 Top5 99.97
2025-12-18 16:15:49,062 - INFO  - [NUDE][TRAIN] Epoch 34/120 Iter 320/390 Loss 0.1338 Top1 95.23 Top5 99.97
2025-12-18 16:15:49,749 - INFO  - [NUDE][TRAIN] Epoch 34/120 Iter 340/390 Loss 0.1348 Top1 95.20 Top5 99.97
2025-12-18 16:15:50,439 - INFO  - [NUDE][TRAIN] Epoch 34/120 Iter 360/390 Loss 0.1352 Top1 95.18 Top5 99.97
2025-12-18 16:15:51,128 - INFO  - [NUDE][TRAIN] Epoch 34/120 Iter 380/390 Loss 0.1346 Top1 95.22 Top5 99.97
2025-12-18 16:15:51,509 - INFO  - [NUDE] Validate: force max bit-width W/A = 6
2025-12-18 16:15:52,532 - INFO  - [NUDE][EPOCH] 34/120 Train: Top1=95.24 Top5=99.97 Loss=0.1349 | Val(EMA): Top1=86.43
2025-12-18 16:15:53,747 - INFO  - ([35] Epoch) Saving checkpoint to:
             Current: /root/autodl-tmp/retraining-free-quantization/training/alexnet_cifar10_single_gpu_clean120/alexnet_cifar10_single_gpu_clean120_checkpoint.pth.tar

2025-12-18 16:15:53,749 - INFO  - [NUDE] Epoch 35: force max bit-width W/A = 6
2025-12-18 16:15:54,624 - INFO  - [NUDE][TRAIN] Epoch 35/120 Iter 20/390 Loss 0.1180 Top1 95.70 Top5 100.00
2025-12-18 16:15:55,317 - INFO  - [NUDE][TRAIN] Epoch 35/120 Iter 40/390 Loss 0.1266 Top1 95.43 Top5 99.98
2025-12-18 16:15:56,002 - INFO  - [NUDE][TRAIN] Epoch 35/120 Iter 60/390 Loss 0.1255 Top1 95.46 Top5 99.99
2025-12-18 16:15:56,691 - INFO  - [NUDE][TRAIN] Epoch 35/120 Iter 80/390 Loss 0.1268 Top1 95.45 Top5 99.99
2025-12-18 16:15:57,386 - INFO  - [NUDE][TRAIN] Epoch 35/120 Iter 100/390 Loss 0.1298 Top1 95.44 Top5 99.98
2025-12-18 16:15:58,077 - INFO  - [NUDE][TRAIN] Epoch 35/120 Iter 120/390 Loss 0.1331 Top1 95.37 Top5 99.98
2025-12-18 16:15:58,765 - INFO  - [NUDE][TRAIN] Epoch 35/120 Iter 140/390 Loss 0.1327 Top1 95.32 Top5 99.98
2025-12-18 16:15:59,452 - INFO  - [NUDE][TRAIN] Epoch 35/120 Iter 160/390 Loss 0.1301 Top1 95.40 Top5 99.99
2025-12-18 16:16:00,139 - INFO  - [NUDE][TRAIN] Epoch 35/120 Iter 180/390 Loss 0.1297 Top1 95.40 Top5 99.99
2025-12-18 16:16:00,825 - INFO  - [NUDE][TRAIN] Epoch 35/120 Iter 200/390 Loss 0.1297 Top1 95.37 Top5 99.98
2025-12-18 16:16:01,511 - INFO  - [NUDE][TRAIN] Epoch 35/120 Iter 220/390 Loss 0.1287 Top1 95.38 Top5 99.98
2025-12-18 16:16:02,196 - INFO  - [NUDE][TRAIN] Epoch 35/120 Iter 240/390 Loss 0.1292 Top1 95.36 Top5 99.98
2025-12-18 16:16:02,881 - INFO  - [NUDE][TRAIN] Epoch 35/120 Iter 260/390 Loss 0.1299 Top1 95.31 Top5 99.98
2025-12-18 16:16:03,566 - INFO  - [NUDE][TRAIN] Epoch 35/120 Iter 280/390 Loss 0.1289 Top1 95.37 Top5 99.99
2025-12-18 16:16:04,256 - INFO  - [NUDE][TRAIN] Epoch 35/120 Iter 300/390 Loss 0.1301 Top1 95.32 Top5 99.98
2025-12-18 16:16:04,943 - INFO  - [NUDE][TRAIN] Epoch 35/120 Iter 320/390 Loss 0.1312 Top1 95.27 Top5 99.98
2025-12-18 16:16:05,631 - INFO  - [NUDE][TRAIN] Epoch 35/120 Iter 340/390 Loss 0.1314 Top1 95.26 Top5 99.98
2025-12-18 16:16:06,323 - INFO  - [NUDE][TRAIN] Epoch 35/120 Iter 360/390 Loss 0.1315 Top1 95.29 Top5 99.98
2025-12-18 16:16:07,012 - INFO  - [NUDE][TRAIN] Epoch 35/120 Iter 380/390 Loss 0.1316 Top1 95.28 Top5 99.98
2025-12-18 16:16:07,391 - INFO  - [NUDE] Validate: force max bit-width W/A = 6
2025-12-18 16:16:08,376 - INFO  - [NUDE][EPOCH] 35/120 Train: Top1=95.27 Top5=99.98 Loss=0.1322 | Val(EMA): Top1=86.97
2025-12-18 16:16:09,569 - INFO  - ([36] Epoch) Saving checkpoint to:
             Current: /root/autodl-tmp/retraining-free-quantization/training/alexnet_cifar10_single_gpu_clean120/alexnet_cifar10_single_gpu_clean120_checkpoint.pth.tar

2025-12-18 16:16:09,571 - INFO  - [NUDE] Epoch 36: force max bit-width W/A = 6
2025-12-18 16:16:10,463 - INFO  - [NUDE][TRAIN] Epoch 36/120 Iter 20/390 Loss 0.1230 Top1 95.55 Top5 99.92
2025-12-18 16:16:11,155 - INFO  - [NUDE][TRAIN] Epoch 36/120 Iter 40/390 Loss 0.1159 Top1 96.11 Top5 99.94
2025-12-18 16:16:11,841 - INFO  - [NUDE][TRAIN] Epoch 36/120 Iter 60/390 Loss 0.1160 Top1 96.05 Top5 99.95
2025-12-18 16:16:12,528 - INFO  - [NUDE][TRAIN] Epoch 36/120 Iter 80/390 Loss 0.1183 Top1 95.90 Top5 99.96
2025-12-18 16:16:13,214 - INFO  - [NUDE][TRAIN] Epoch 36/120 Iter 100/390 Loss 0.1161 Top1 95.88 Top5 99.97
2025-12-18 16:16:13,901 - INFO  - [NUDE][TRAIN] Epoch 36/120 Iter 120/390 Loss 0.1159 Top1 95.90 Top5 99.97
2025-12-18 16:16:14,588 - INFO  - [NUDE][TRAIN] Epoch 36/120 Iter 140/390 Loss 0.1160 Top1 95.93 Top5 99.97
2025-12-18 16:16:15,276 - INFO  - [NUDE][TRAIN] Epoch 36/120 Iter 160/390 Loss 0.1149 Top1 95.95 Top5 99.98
2025-12-18 16:16:15,965 - INFO  - [NUDE][TRAIN] Epoch 36/120 Iter 180/390 Loss 0.1165 Top1 95.87 Top5 99.97
2025-12-18 16:16:16,662 - INFO  - [NUDE][TRAIN] Epoch 36/120 Iter 200/390 Loss 0.1179 Top1 95.79 Top5 99.97
2025-12-18 16:16:17,352 - INFO  - [NUDE][TRAIN] Epoch 36/120 Iter 220/390 Loss 0.1182 Top1 95.81 Top5 99.98
2025-12-18 16:16:18,040 - INFO  - [NUDE][TRAIN] Epoch 36/120 Iter 240/390 Loss 0.1176 Top1 95.84 Top5 99.98
2025-12-18 16:16:18,730 - INFO  - [NUDE][TRAIN] Epoch 36/120 Iter 260/390 Loss 0.1192 Top1 95.80 Top5 99.98
2025-12-18 16:16:19,416 - INFO  - [NUDE][TRAIN] Epoch 36/120 Iter 280/390 Loss 0.1200 Top1 95.78 Top5 99.97
2025-12-18 16:16:20,104 - INFO  - [NUDE][TRAIN] Epoch 36/120 Iter 300/390 Loss 0.1205 Top1 95.78 Top5 99.97
2025-12-18 16:16:20,789 - INFO  - [NUDE][TRAIN] Epoch 36/120 Iter 320/390 Loss 0.1207 Top1 95.77 Top5 99.98
2025-12-18 16:16:21,474 - INFO  - [NUDE][TRAIN] Epoch 36/120 Iter 340/390 Loss 0.1203 Top1 95.79 Top5 99.98
2025-12-18 16:16:22,162 - INFO  - [NUDE][TRAIN] Epoch 36/120 Iter 360/390 Loss 0.1214 Top1 95.75 Top5 99.98
2025-12-18 16:16:22,853 - INFO  - [NUDE][TRAIN] Epoch 36/120 Iter 380/390 Loss 0.1218 Top1 95.74 Top5 99.98
2025-12-18 16:16:23,231 - INFO  - [NUDE] Validate: force max bit-width W/A = 6
2025-12-18 16:16:24,240 - INFO  - [NUDE][EPOCH] 36/120 Train: Top1=95.75 Top5=99.98 Loss=0.1219 | Val(EMA): Top1=87.29
2025-12-18 16:16:25,420 - INFO  - ([37] Epoch) Saving checkpoint to:
             Current: /root/autodl-tmp/retraining-free-quantization/training/alexnet_cifar10_single_gpu_clean120/alexnet_cifar10_single_gpu_clean120_checkpoint.pth.tar

2025-12-18 16:16:25,421 - INFO  - [NUDE] Epoch 37: force max bit-width W/A = 6
2025-12-18 16:16:26,281 - INFO  - [NUDE][TRAIN] Epoch 37/120 Iter 20/390 Loss 0.0912 Top1 96.64 Top5 100.00
2025-12-18 16:16:26,968 - INFO  - [NUDE][TRAIN] Epoch 37/120 Iter 40/390 Loss 0.0983 Top1 96.19 Top5 100.00
2025-12-18 16:16:27,656 - INFO  - [NUDE][TRAIN] Epoch 37/120 Iter 60/390 Loss 0.0993 Top1 96.29 Top5 100.00
2025-12-18 16:16:28,340 - INFO  - [NUDE][TRAIN] Epoch 37/120 Iter 80/390 Loss 0.1009 Top1 96.37 Top5 99.99
2025-12-18 16:16:29,026 - INFO  - [NUDE][TRAIN] Epoch 37/120 Iter 100/390 Loss 0.1064 Top1 96.10 Top5 99.98
2025-12-18 16:16:29,718 - INFO  - [NUDE][TRAIN] Epoch 37/120 Iter 120/390 Loss 0.1094 Top1 96.06 Top5 99.98
2025-12-18 16:16:30,406 - INFO  - [NUDE][TRAIN] Epoch 37/120 Iter 140/390 Loss 0.1075 Top1 96.08 Top5 99.98
2025-12-18 16:16:31,097 - INFO  - [NUDE][TRAIN] Epoch 37/120 Iter 160/390 Loss 0.1079 Top1 96.11 Top5 99.98
2025-12-18 16:16:31,786 - INFO  - [NUDE][TRAIN] Epoch 37/120 Iter 180/390 Loss 0.1074 Top1 96.16 Top5 99.98
2025-12-18 16:16:32,476 - INFO  - [NUDE][TRAIN] Epoch 37/120 Iter 200/390 Loss 0.1080 Top1 96.16 Top5 99.98
2025-12-18 16:16:33,168 - INFO  - [NUDE][TRAIN] Epoch 37/120 Iter 220/390 Loss 0.1081 Top1 96.16 Top5 99.98
2025-12-18 16:16:33,854 - INFO  - [NUDE][TRAIN] Epoch 37/120 Iter 240/390 Loss 0.1097 Top1 96.13 Top5 99.98
2025-12-18 16:16:34,542 - INFO  - [NUDE][TRAIN] Epoch 37/120 Iter 260/390 Loss 0.1099 Top1 96.15 Top5 99.98
2025-12-18 16:16:35,233 - INFO  - [NUDE][TRAIN] Epoch 37/120 Iter 280/390 Loss 0.1103 Top1 96.15 Top5 99.98
2025-12-18 16:16:35,919 - INFO  - [NUDE][TRAIN] Epoch 37/120 Iter 300/390 Loss 0.1109 Top1 96.10 Top5 99.98
2025-12-18 16:16:36,605 - INFO  - [NUDE][TRAIN] Epoch 37/120 Iter 320/390 Loss 0.1111 Top1 96.11 Top5 99.98
2025-12-18 16:16:37,298 - INFO  - [NUDE][TRAIN] Epoch 37/120 Iter 340/390 Loss 0.1112 Top1 96.09 Top5 99.98
2025-12-18 16:16:37,993 - INFO  - [NUDE][TRAIN] Epoch 37/120 Iter 360/390 Loss 0.1125 Top1 96.05 Top5 99.98
2025-12-18 16:16:38,682 - INFO  - [NUDE][TRAIN] Epoch 37/120 Iter 380/390 Loss 0.1136 Top1 96.01 Top5 99.98
2025-12-18 16:16:39,061 - INFO  - [NUDE] Validate: force max bit-width W/A = 6
2025-12-18 16:16:40,071 - INFO  - [NUDE][EPOCH] 37/120 Train: Top1=95.97 Top5=99.98 Loss=0.1142 | Val(EMA): Top1=87.43
2025-12-18 16:16:41,268 - INFO  - ([38] Epoch) Saving checkpoint to:
             Current: /root/autodl-tmp/retraining-free-quantization/training/alexnet_cifar10_single_gpu_clean120/alexnet_cifar10_single_gpu_clean120_checkpoint.pth.tar

2025-12-18 16:16:41,269 - INFO  - [NUDE] Epoch 38: force max bit-width W/A = 6
2025-12-18 16:16:42,156 - INFO  - [NUDE][TRAIN] Epoch 38/120 Iter 20/390 Loss 0.1001 Top1 96.41 Top5 100.00
2025-12-18 16:16:42,840 - INFO  - [NUDE][TRAIN] Epoch 38/120 Iter 40/390 Loss 0.1000 Top1 96.27 Top5 100.00
2025-12-18 16:16:43,537 - INFO  - [NUDE][TRAIN] Epoch 38/120 Iter 60/390 Loss 0.1013 Top1 96.28 Top5 100.00
2025-12-18 16:16:44,224 - INFO  - [NUDE][TRAIN] Epoch 38/120 Iter 80/390 Loss 0.1080 Top1 96.06 Top5 100.00
2025-12-18 16:16:44,912 - INFO  - [NUDE][TRAIN] Epoch 38/120 Iter 100/390 Loss 0.1054 Top1 96.23 Top5 100.00
2025-12-18 16:16:45,601 - INFO  - [NUDE][TRAIN] Epoch 38/120 Iter 120/390 Loss 0.1065 Top1 96.23 Top5 100.00
2025-12-18 16:16:46,290 - INFO  - [NUDE][TRAIN] Epoch 38/120 Iter 140/390 Loss 0.1063 Top1 96.25 Top5 99.99
2025-12-18 16:16:46,982 - INFO  - [NUDE][TRAIN] Epoch 38/120 Iter 160/390 Loss 0.1065 Top1 96.29 Top5 99.99
2025-12-18 16:16:47,674 - INFO  - [NUDE][TRAIN] Epoch 38/120 Iter 180/390 Loss 0.1062 Top1 96.27 Top5 99.99
2025-12-18 16:16:48,371 - INFO  - [NUDE][TRAIN] Epoch 38/120 Iter 200/390 Loss 0.1065 Top1 96.27 Top5 99.99
2025-12-18 16:16:49,060 - INFO  - [NUDE][TRAIN] Epoch 38/120 Iter 220/390 Loss 0.1062 Top1 96.28 Top5 99.98
2025-12-18 16:16:49,749 - INFO  - [NUDE][TRAIN] Epoch 38/120 Iter 240/390 Loss 0.1063 Top1 96.27 Top5 99.98
2025-12-18 16:16:50,437 - INFO  - [NUDE][TRAIN] Epoch 38/120 Iter 260/390 Loss 0.1066 Top1 96.27 Top5 99.98
2025-12-18 16:16:51,126 - INFO  - [NUDE][TRAIN] Epoch 38/120 Iter 280/390 Loss 0.1073 Top1 96.25 Top5 99.98
2025-12-18 16:16:51,815 - INFO  - [NUDE][TRAIN] Epoch 38/120 Iter 300/390 Loss 0.1092 Top1 96.19 Top5 99.98
2025-12-18 16:16:52,507 - INFO  - [NUDE][TRAIN] Epoch 38/120 Iter 320/390 Loss 0.1090 Top1 96.17 Top5 99.98
2025-12-18 16:16:53,199 - INFO  - [NUDE][TRAIN] Epoch 38/120 Iter 340/390 Loss 0.1100 Top1 96.13 Top5 99.98
2025-12-18 16:16:53,889 - INFO  - [NUDE][TRAIN] Epoch 38/120 Iter 360/390 Loss 0.1102 Top1 96.10 Top5 99.98
2025-12-18 16:16:54,577 - INFO  - [NUDE][TRAIN] Epoch 38/120 Iter 380/390 Loss 0.1109 Top1 96.09 Top5 99.98
2025-12-18 16:16:54,963 - INFO  - [NUDE] Validate: force max bit-width W/A = 6
2025-12-18 16:16:55,970 - INFO  - [NUDE][EPOCH] 38/120 Train: Top1=96.09 Top5=99.98 Loss=0.1105 | Val(EMA): Top1=87.74
2025-12-18 16:16:57,157 - INFO  - ([39] Epoch) Saving checkpoint to:
             Current: /root/autodl-tmp/retraining-free-quantization/training/alexnet_cifar10_single_gpu_clean120/alexnet_cifar10_single_gpu_clean120_checkpoint.pth.tar

2025-12-18 16:16:57,159 - INFO  - [NUDE] Epoch 39: force max bit-width W/A = 6
2025-12-18 16:16:58,028 - INFO  - [NUDE][TRAIN] Epoch 39/120 Iter 20/390 Loss 0.1068 Top1 96.29 Top5 100.00
2025-12-18 16:16:58,718 - INFO  - [NUDE][TRAIN] Epoch 39/120 Iter 40/390 Loss 0.0969 Top1 96.56 Top5 100.00
2025-12-18 16:16:59,408 - INFO  - [NUDE][TRAIN] Epoch 39/120 Iter 60/390 Loss 0.0956 Top1 96.69 Top5 99.99
2025-12-18 16:17:00,092 - INFO  - [NUDE][TRAIN] Epoch 39/120 Iter 80/390 Loss 0.0965 Top1 96.67 Top5 99.99
2025-12-18 16:17:00,772 - INFO  - [NUDE][TRAIN] Epoch 39/120 Iter 100/390 Loss 0.0973 Top1 96.66 Top5 99.98
2025-12-18 16:17:01,452 - INFO  - [NUDE][TRAIN] Epoch 39/120 Iter 120/390 Loss 0.0965 Top1 96.65 Top5 99.98
2025-12-18 16:17:02,138 - INFO  - [NUDE][TRAIN] Epoch 39/120 Iter 140/390 Loss 0.0964 Top1 96.63 Top5 99.98
2025-12-18 16:17:02,823 - INFO  - [NUDE][TRAIN] Epoch 39/120 Iter 160/390 Loss 0.0975 Top1 96.59 Top5 99.98
2025-12-18 16:17:03,507 - INFO  - [NUDE][TRAIN] Epoch 39/120 Iter 180/390 Loss 0.0972 Top1 96.60 Top5 99.98
2025-12-18 16:17:04,193 - INFO  - [NUDE][TRAIN] Epoch 39/120 Iter 200/390 Loss 0.0994 Top1 96.53 Top5 99.98
2025-12-18 16:17:04,874 - INFO  - [NUDE][TRAIN] Epoch 39/120 Iter 220/390 Loss 0.0999 Top1 96.51 Top5 99.98
2025-12-18 16:17:05,560 - INFO  - [NUDE][TRAIN] Epoch 39/120 Iter 240/390 Loss 0.1014 Top1 96.46 Top5 99.97
2025-12-18 16:17:06,247 - INFO  - [NUDE][TRAIN] Epoch 39/120 Iter 260/390 Loss 0.1024 Top1 96.42 Top5 99.97
2025-12-18 16:17:06,933 - INFO  - [NUDE][TRAIN] Epoch 39/120 Iter 280/390 Loss 0.1027 Top1 96.40 Top5 99.97
2025-12-18 16:17:07,618 - INFO  - [NUDE][TRAIN] Epoch 39/120 Iter 300/390 Loss 0.1032 Top1 96.39 Top5 99.97
2025-12-18 16:17:08,306 - INFO  - [NUDE][TRAIN] Epoch 39/120 Iter 320/390 Loss 0.1038 Top1 96.37 Top5 99.96
2025-12-18 16:17:08,993 - INFO  - [NUDE][TRAIN] Epoch 39/120 Iter 340/390 Loss 0.1046 Top1 96.33 Top5 99.96
2025-12-18 16:17:09,677 - INFO  - [NUDE][TRAIN] Epoch 39/120 Iter 360/390 Loss 0.1045 Top1 96.33 Top5 99.97
2025-12-18 16:17:10,367 - INFO  - [NUDE][TRAIN] Epoch 39/120 Iter 380/390 Loss 0.1049 Top1 96.30 Top5 99.97
2025-12-18 16:17:10,747 - INFO  - [NUDE] Validate: force max bit-width W/A = 6
2025-12-18 16:17:11,763 - INFO  - [NUDE][EPOCH] 39/120 Train: Top1=96.29 Top5=99.97 Loss=0.1048 | Val(EMA): Top1=87.84
2025-12-18 16:17:12,988 - INFO  - ([40] Epoch) Saving checkpoint to:
             Current: /root/autodl-tmp/retraining-free-quantization/training/alexnet_cifar10_single_gpu_clean120/alexnet_cifar10_single_gpu_clean120_checkpoint.pth.tar

2025-12-18 16:17:12,989 - INFO  - [NUDE] Epoch 40: force max bit-width W/A = 6
2025-12-18 16:17:13,842 - INFO  - [NUDE][TRAIN] Epoch 40/120 Iter 20/390 Loss 0.0750 Top1 97.46 Top5 100.00
2025-12-18 16:17:14,522 - INFO  - [NUDE][TRAIN] Epoch 40/120 Iter 40/390 Loss 0.0833 Top1 97.17 Top5 99.98
2025-12-18 16:17:15,211 - INFO  - [NUDE][TRAIN] Epoch 40/120 Iter 60/390 Loss 0.0852 Top1 96.97 Top5 99.96
2025-12-18 16:17:15,897 - INFO  - [NUDE][TRAIN] Epoch 40/120 Iter 80/390 Loss 0.0886 Top1 96.88 Top5 99.97
2025-12-18 16:17:16,579 - INFO  - [NUDE][TRAIN] Epoch 40/120 Iter 100/390 Loss 0.0904 Top1 96.76 Top5 99.97
2025-12-18 16:17:17,264 - INFO  - [NUDE][TRAIN] Epoch 40/120 Iter 120/390 Loss 0.0919 Top1 96.75 Top5 99.97
2025-12-18 16:17:17,949 - INFO  - [NUDE][TRAIN] Epoch 40/120 Iter 140/390 Loss 0.0939 Top1 96.67 Top5 99.97
2025-12-18 16:17:18,634 - INFO  - [NUDE][TRAIN] Epoch 40/120 Iter 160/390 Loss 0.0942 Top1 96.69 Top5 99.97
2025-12-18 16:17:19,319 - INFO  - [NUDE][TRAIN] Epoch 40/120 Iter 180/390 Loss 0.0948 Top1 96.66 Top5 99.97
2025-12-18 16:17:20,003 - INFO  - [NUDE][TRAIN] Epoch 40/120 Iter 200/390 Loss 0.0968 Top1 96.61 Top5 99.97
2025-12-18 16:17:20,689 - INFO  - [NUDE][TRAIN] Epoch 40/120 Iter 220/390 Loss 0.0981 Top1 96.57 Top5 99.97
2025-12-18 16:17:21,373 - INFO  - [NUDE][TRAIN] Epoch 40/120 Iter 240/390 Loss 0.0969 Top1 96.62 Top5 99.97
2025-12-18 16:17:22,056 - INFO  - [NUDE][TRAIN] Epoch 40/120 Iter 260/390 Loss 0.0979 Top1 96.57 Top5 99.97
2025-12-18 16:17:22,739 - INFO  - [NUDE][TRAIN] Epoch 40/120 Iter 280/390 Loss 0.0991 Top1 96.53 Top5 99.97
2025-12-18 16:17:23,421 - INFO  - [NUDE][TRAIN] Epoch 40/120 Iter 300/390 Loss 0.1002 Top1 96.50 Top5 99.97
2025-12-18 16:17:24,104 - INFO  - [NUDE][TRAIN] Epoch 40/120 Iter 320/390 Loss 0.0999 Top1 96.53 Top5 99.97
2025-12-18 16:17:24,794 - INFO  - [NUDE][TRAIN] Epoch 40/120 Iter 340/390 Loss 0.1005 Top1 96.52 Top5 99.97
2025-12-18 16:17:25,478 - INFO  - [NUDE][TRAIN] Epoch 40/120 Iter 360/390 Loss 0.0996 Top1 96.53 Top5 99.98
2025-12-18 16:17:26,170 - INFO  - [NUDE][TRAIN] Epoch 40/120 Iter 380/390 Loss 0.0998 Top1 96.51 Top5 99.98
2025-12-18 16:17:26,554 - INFO  - [NUDE] Validate: force max bit-width W/A = 6
2025-12-18 16:17:27,574 - INFO  - [NUDE][EPOCH] 40/120 Train: Top1=96.49 Top5=99.98 Loss=0.1004 | Val(EMA): Top1=88.02
2025-12-18 16:17:28,756 - INFO  - ([41] Epoch) Saving checkpoint to:
             Current: /root/autodl-tmp/retraining-free-quantization/training/alexnet_cifar10_single_gpu_clean120/alexnet_cifar10_single_gpu_clean120_checkpoint.pth.tar

2025-12-18 16:17:28,757 - INFO  - [NUDE] Epoch 41: force max bit-width W/A = 6
2025-12-18 16:17:29,624 - INFO  - [NUDE][TRAIN] Epoch 41/120 Iter 20/390 Loss 0.0961 Top1 96.37 Top5 99.96
2025-12-18 16:17:30,310 - INFO  - [NUDE][TRAIN] Epoch 41/120 Iter 40/390 Loss 0.0916 Top1 96.70 Top5 99.96
2025-12-18 16:17:30,994 - INFO  - [NUDE][TRAIN] Epoch 41/120 Iter 60/390 Loss 0.0870 Top1 96.94 Top5 99.97
2025-12-18 16:17:31,682 - INFO  - [NUDE][TRAIN] Epoch 41/120 Iter 80/390 Loss 0.0888 Top1 96.88 Top5 99.98
2025-12-18 16:17:32,368 - INFO  - [NUDE][TRAIN] Epoch 41/120 Iter 100/390 Loss 0.0879 Top1 96.91 Top5 99.98
2025-12-18 16:17:33,056 - INFO  - [NUDE][TRAIN] Epoch 41/120 Iter 120/390 Loss 0.0887 Top1 96.88 Top5 99.98
2025-12-18 16:17:33,739 - INFO  - [NUDE][TRAIN] Epoch 41/120 Iter 140/390 Loss 0.0885 Top1 96.85 Top5 99.98
2025-12-18 16:17:34,424 - INFO  - [NUDE][TRAIN] Epoch 41/120 Iter 160/390 Loss 0.0909 Top1 96.78 Top5 99.98
2025-12-18 16:17:35,111 - INFO  - [NUDE][TRAIN] Epoch 41/120 Iter 180/390 Loss 0.0910 Top1 96.81 Top5 99.98
2025-12-18 16:17:35,800 - INFO  - [NUDE][TRAIN] Epoch 41/120 Iter 200/390 Loss 0.0903 Top1 96.79 Top5 99.98
2025-12-18 16:17:36,491 - INFO  - [NUDE][TRAIN] Epoch 41/120 Iter 220/390 Loss 0.0901 Top1 96.79 Top5 99.99
2025-12-18 16:17:37,176 - INFO  - [NUDE][TRAIN] Epoch 41/120 Iter 240/390 Loss 0.0911 Top1 96.74 Top5 99.98
2025-12-18 16:17:37,862 - INFO  - [NUDE][TRAIN] Epoch 41/120 Iter 260/390 Loss 0.0919 Top1 96.74 Top5 99.98
2025-12-18 16:17:38,547 - INFO  - [NUDE][TRAIN] Epoch 41/120 Iter 280/390 Loss 0.0924 Top1 96.72 Top5 99.98
2025-12-18 16:17:39,231 - INFO  - [NUDE][TRAIN] Epoch 41/120 Iter 300/390 Loss 0.0925 Top1 96.70 Top5 99.98
2025-12-18 16:17:39,918 - INFO  - [NUDE][TRAIN] Epoch 41/120 Iter 320/390 Loss 0.0929 Top1 96.72 Top5 99.98
2025-12-18 16:17:40,611 - INFO  - [NUDE][TRAIN] Epoch 41/120 Iter 340/390 Loss 0.0936 Top1 96.70 Top5 99.98
2025-12-18 16:17:41,304 - INFO  - [NUDE][TRAIN] Epoch 41/120 Iter 360/390 Loss 0.0946 Top1 96.64 Top5 99.98
2025-12-18 16:17:41,991 - INFO  - [NUDE][TRAIN] Epoch 41/120 Iter 380/390 Loss 0.0947 Top1 96.63 Top5 99.99
2025-12-18 16:17:42,370 - INFO  - [NUDE] Validate: force max bit-width W/A = 6
2025-12-18 16:17:43,372 - INFO  - [NUDE][EPOCH] 41/120 Train: Top1=96.63 Top5=99.99 Loss=0.0945 | Val(EMA): Top1=88.06
2025-12-18 16:17:44,594 - INFO  - ([42] Epoch) Saving checkpoint to:
             Current: /root/autodl-tmp/retraining-free-quantization/training/alexnet_cifar10_single_gpu_clean120/alexnet_cifar10_single_gpu_clean120_checkpoint.pth.tar

2025-12-18 16:17:44,595 - INFO  - [NUDE] Epoch 42: force max bit-width W/A = 6
2025-12-18 16:17:45,475 - INFO  - [NUDE][TRAIN] Epoch 42/120 Iter 20/390 Loss 0.0728 Top1 97.34 Top5 99.96
2025-12-18 16:17:46,167 - INFO  - [NUDE][TRAIN] Epoch 42/120 Iter 40/390 Loss 0.0814 Top1 97.11 Top5 99.98
2025-12-18 16:17:46,850 - INFO  - [NUDE][TRAIN] Epoch 42/120 Iter 60/390 Loss 0.0814 Top1 97.17 Top5 99.97
2025-12-18 16:17:47,542 - INFO  - [NUDE][TRAIN] Epoch 42/120 Iter 80/390 Loss 0.0826 Top1 97.08 Top5 99.98
2025-12-18 16:17:48,227 - INFO  - [NUDE][TRAIN] Epoch 42/120 Iter 100/390 Loss 0.0843 Top1 97.11 Top5 99.98
2025-12-18 16:17:48,912 - INFO  - [NUDE][TRAIN] Epoch 42/120 Iter 120/390 Loss 0.0860 Top1 96.99 Top5 99.99
2025-12-18 16:17:49,606 - INFO  - [NUDE][TRAIN] Epoch 42/120 Iter 140/390 Loss 0.0844 Top1 97.01 Top5 99.98
2025-12-18 16:17:50,292 - INFO  - [NUDE][TRAIN] Epoch 42/120 Iter 160/390 Loss 0.0848 Top1 96.98 Top5 99.99
2025-12-18 16:17:50,978 - INFO  - [NUDE][TRAIN] Epoch 42/120 Iter 180/390 Loss 0.0856 Top1 96.94 Top5 99.99
2025-12-18 16:17:51,662 - INFO  - [NUDE][TRAIN] Epoch 42/120 Iter 200/390 Loss 0.0857 Top1 96.93 Top5 99.98
2025-12-18 16:17:52,344 - INFO  - [NUDE][TRAIN] Epoch 42/120 Iter 220/390 Loss 0.0858 Top1 96.92 Top5 99.99
2025-12-18 16:17:53,028 - INFO  - [NUDE][TRAIN] Epoch 42/120 Iter 240/390 Loss 0.0862 Top1 96.90 Top5 99.99
2025-12-18 16:17:53,710 - INFO  - [NUDE][TRAIN] Epoch 42/120 Iter 260/390 Loss 0.0863 Top1 96.91 Top5 99.99
2025-12-18 16:17:54,391 - INFO  - [NUDE][TRAIN] Epoch 42/120 Iter 280/390 Loss 0.0865 Top1 96.89 Top5 99.99
2025-12-18 16:17:55,073 - INFO  - [NUDE][TRAIN] Epoch 42/120 Iter 300/390 Loss 0.0877 Top1 96.84 Top5 99.99
2025-12-18 16:17:55,762 - INFO  - [NUDE][TRAIN] Epoch 42/120 Iter 320/390 Loss 0.0874 Top1 96.87 Top5 99.99
2025-12-18 16:17:56,459 - INFO  - [NUDE][TRAIN] Epoch 42/120 Iter 340/390 Loss 0.0879 Top1 96.85 Top5 99.99
2025-12-18 16:17:57,147 - INFO  - [NUDE][TRAIN] Epoch 42/120 Iter 360/390 Loss 0.0875 Top1 96.88 Top5 99.99
2025-12-18 16:17:57,832 - INFO  - [NUDE][TRAIN] Epoch 42/120 Iter 380/390 Loss 0.0884 Top1 96.86 Top5 99.99
2025-12-18 16:17:58,206 - INFO  - [NUDE] Validate: force max bit-width W/A = 6
2025-12-18 16:17:59,175 - INFO  - [NUDE][EPOCH] 42/120 Train: Top1=96.87 Top5=99.99 Loss=0.0883 | Val(EMA): Top1=88.22
2025-12-18 16:18:00,385 - INFO  - ([43] Epoch) Saving checkpoint to:
             Current: /root/autodl-tmp/retraining-free-quantization/training/alexnet_cifar10_single_gpu_clean120/alexnet_cifar10_single_gpu_clean120_checkpoint.pth.tar

2025-12-18 16:18:00,386 - INFO  - [NUDE] Epoch 43: force max bit-width W/A = 6
2025-12-18 16:18:01,244 - INFO  - [NUDE][TRAIN] Epoch 43/120 Iter 20/390 Loss 0.0812 Top1 96.95 Top5 100.00
2025-12-18 16:18:01,927 - INFO  - [NUDE][TRAIN] Epoch 43/120 Iter 40/390 Loss 0.0761 Top1 97.23 Top5 100.00
2025-12-18 16:18:02,618 - INFO  - [NUDE][TRAIN] Epoch 43/120 Iter 60/390 Loss 0.0757 Top1 97.19 Top5 100.00
2025-12-18 16:18:03,302 - INFO  - [NUDE][TRAIN] Epoch 43/120 Iter 80/390 Loss 0.0815 Top1 96.98 Top5 100.00
2025-12-18 16:18:03,988 - INFO  - [NUDE][TRAIN] Epoch 43/120 Iter 100/390 Loss 0.0836 Top1 96.93 Top5 100.00
2025-12-18 16:18:04,671 - INFO  - [NUDE][TRAIN] Epoch 43/120 Iter 120/390 Loss 0.0828 Top1 97.00 Top5 100.00
2025-12-18 16:18:05,357 - INFO  - [NUDE][TRAIN] Epoch 43/120 Iter 140/390 Loss 0.0838 Top1 96.99 Top5 99.99
2025-12-18 16:18:06,043 - INFO  - [NUDE][TRAIN] Epoch 43/120 Iter 160/390 Loss 0.0842 Top1 96.99 Top5 99.99
2025-12-18 16:18:06,730 - INFO  - [NUDE][TRAIN] Epoch 43/120 Iter 180/390 Loss 0.0830 Top1 97.01 Top5 99.99
2025-12-18 16:18:07,418 - INFO  - [NUDE][TRAIN] Epoch 43/120 Iter 200/390 Loss 0.0846 Top1 96.95 Top5 99.99
2025-12-18 16:18:08,104 - INFO  - [NUDE][TRAIN] Epoch 43/120 Iter 220/390 Loss 0.0846 Top1 96.96 Top5 99.99
2025-12-18 16:18:08,787 - INFO  - [NUDE][TRAIN] Epoch 43/120 Iter 240/390 Loss 0.0835 Top1 97.00 Top5 99.99
2025-12-18 16:18:09,471 - INFO  - [NUDE][TRAIN] Epoch 43/120 Iter 260/390 Loss 0.0829 Top1 97.04 Top5 99.99
2025-12-18 16:18:10,159 - INFO  - [NUDE][TRAIN] Epoch 43/120 Iter 280/390 Loss 0.0830 Top1 97.04 Top5 99.99
2025-12-18 16:18:10,846 - INFO  - [NUDE][TRAIN] Epoch 43/120 Iter 300/390 Loss 0.0834 Top1 97.02 Top5 99.99
2025-12-18 16:18:11,529 - INFO  - [NUDE][TRAIN] Epoch 43/120 Iter 320/390 Loss 0.0833 Top1 97.02 Top5 99.99
2025-12-18 16:18:12,212 - INFO  - [NUDE][TRAIN] Epoch 43/120 Iter 340/390 Loss 0.0835 Top1 97.02 Top5 99.99
2025-12-18 16:18:12,896 - INFO  - [NUDE][TRAIN] Epoch 43/120 Iter 360/390 Loss 0.0842 Top1 97.01 Top5 99.99
2025-12-18 16:18:13,582 - INFO  - [NUDE][TRAIN] Epoch 43/120 Iter 380/390 Loss 0.0853 Top1 96.95 Top5 99.99
2025-12-18 16:18:13,959 - INFO  - [NUDE] Validate: force max bit-width W/A = 6
2025-12-18 16:18:14,925 - INFO  - [NUDE][EPOCH] 43/120 Train: Top1=96.96 Top5=99.99 Loss=0.0855 | Val(EMA): Top1=88.28
2025-12-18 16:18:16,093 - INFO  - ([44] Epoch) Saving checkpoint to:
             Current: /root/autodl-tmp/retraining-free-quantization/training/alexnet_cifar10_single_gpu_clean120/alexnet_cifar10_single_gpu_clean120_checkpoint.pth.tar

2025-12-18 16:18:16,095 - INFO  - [NUDE] Epoch 44: force max bit-width W/A = 6
2025-12-18 16:18:16,955 - INFO  - [NUDE][TRAIN] Epoch 44/120 Iter 20/390 Loss 0.0708 Top1 97.34 Top5 99.96
2025-12-18 16:18:17,639 - INFO  - [NUDE][TRAIN] Epoch 44/120 Iter 40/390 Loss 0.0767 Top1 97.48 Top5 99.98
2025-12-18 16:18:18,325 - INFO  - [NUDE][TRAIN] Epoch 44/120 Iter 60/390 Loss 0.0774 Top1 97.45 Top5 99.99
2025-12-18 16:18:19,010 - INFO  - [NUDE][TRAIN] Epoch 44/120 Iter 80/390 Loss 0.0787 Top1 97.47 Top5 99.98
2025-12-18 16:18:19,695 - INFO  - [NUDE][TRAIN] Epoch 44/120 Iter 100/390 Loss 0.0783 Top1 97.38 Top5 99.98
2025-12-18 16:18:20,380 - INFO  - [NUDE][TRAIN] Epoch 44/120 Iter 120/390 Loss 0.0793 Top1 97.32 Top5 99.99
2025-12-18 16:18:21,070 - INFO  - [NUDE][TRAIN] Epoch 44/120 Iter 140/390 Loss 0.0809 Top1 97.29 Top5 99.99
2025-12-18 16:18:21,753 - INFO  - [NUDE][TRAIN] Epoch 44/120 Iter 160/390 Loss 0.0797 Top1 97.30 Top5 99.99
2025-12-18 16:18:22,440 - INFO  - [NUDE][TRAIN] Epoch 44/120 Iter 180/390 Loss 0.0813 Top1 97.22 Top5 99.99
2025-12-18 16:18:23,132 - INFO  - [NUDE][TRAIN] Epoch 44/120 Iter 200/390 Loss 0.0837 Top1 97.11 Top5 99.99
2025-12-18 16:18:23,825 - INFO  - [NUDE][TRAIN] Epoch 44/120 Iter 220/390 Loss 0.0838 Top1 97.14 Top5 99.99
2025-12-18 16:18:24,516 - INFO  - [NUDE][TRAIN] Epoch 44/120 Iter 240/390 Loss 0.0827 Top1 97.16 Top5 99.99
2025-12-18 16:18:25,202 - INFO  - [NUDE][TRAIN] Epoch 44/120 Iter 260/390 Loss 0.0819 Top1 97.18 Top5 99.99
2025-12-18 16:18:25,887 - INFO  - [NUDE][TRAIN] Epoch 44/120 Iter 280/390 Loss 0.0818 Top1 97.18 Top5 99.99
2025-12-18 16:18:26,569 - INFO  - [NUDE][TRAIN] Epoch 44/120 Iter 300/390 Loss 0.0814 Top1 97.19 Top5 99.99
2025-12-18 16:18:27,254 - INFO  - [NUDE][TRAIN] Epoch 44/120 Iter 320/390 Loss 0.0819 Top1 97.19 Top5 99.99
2025-12-18 16:18:27,946 - INFO  - [NUDE][TRAIN] Epoch 44/120 Iter 340/390 Loss 0.0817 Top1 97.20 Top5 99.99
2025-12-18 16:18:28,632 - INFO  - [NUDE][TRAIN] Epoch 44/120 Iter 360/390 Loss 0.0813 Top1 97.21 Top5 99.99
2025-12-18 16:18:29,318 - INFO  - [NUDE][TRAIN] Epoch 44/120 Iter 380/390 Loss 0.0818 Top1 97.21 Top5 99.99
2025-12-18 16:18:29,697 - INFO  - [NUDE] Validate: force max bit-width W/A = 6
2025-12-18 16:18:30,661 - INFO  - [NUDE][EPOCH] 44/120 Train: Top1=97.21 Top5=99.99 Loss=0.0816 | Val(EMA): Top1=88.30
2025-12-18 16:18:31,853 - INFO  - ([45] Epoch) Saving checkpoint to:
             Current: /root/autodl-tmp/retraining-free-quantization/training/alexnet_cifar10_single_gpu_clean120/alexnet_cifar10_single_gpu_clean120_checkpoint.pth.tar

2025-12-18 16:18:31,855 - INFO  - [NUDE] Epoch 45: force max bit-width W/A = 6
2025-12-18 16:18:32,728 - INFO  - [NUDE][TRAIN] Epoch 45/120 Iter 20/390 Loss 0.0607 Top1 97.89 Top5 100.00
2025-12-18 16:18:33,414 - INFO  - [NUDE][TRAIN] Epoch 45/120 Iter 40/390 Loss 0.0650 Top1 97.71 Top5 100.00
2025-12-18 16:18:34,110 - INFO  - [NUDE][TRAIN] Epoch 45/120 Iter 60/390 Loss 0.0664 Top1 97.63 Top5 99.99
2025-12-18 16:18:34,808 - INFO  - [NUDE][TRAIN] Epoch 45/120 Iter 80/390 Loss 0.0676 Top1 97.59 Top5 99.99
2025-12-18 16:18:35,498 - INFO  - [NUDE][TRAIN] Epoch 45/120 Iter 100/390 Loss 0.0696 Top1 97.49 Top5 99.99
2025-12-18 16:18:36,185 - INFO  - [NUDE][TRAIN] Epoch 45/120 Iter 120/390 Loss 0.0730 Top1 97.43 Top5 99.99
2025-12-18 16:18:36,873 - INFO  - [NUDE][TRAIN] Epoch 45/120 Iter 140/390 Loss 0.0738 Top1 97.39 Top5 99.99
2025-12-18 16:18:37,559 - INFO  - [NUDE][TRAIN] Epoch 45/120 Iter 160/390 Loss 0.0733 Top1 97.41 Top5 99.99
2025-12-18 16:18:38,245 - INFO  - [NUDE][TRAIN] Epoch 45/120 Iter 180/390 Loss 0.0721 Top1 97.45 Top5 99.99
2025-12-18 16:18:38,931 - INFO  - [NUDE][TRAIN] Epoch 45/120 Iter 200/390 Loss 0.0718 Top1 97.45 Top5 99.99
2025-12-18 16:18:39,616 - INFO  - [NUDE][TRAIN] Epoch 45/120 Iter 220/390 Loss 0.0713 Top1 97.45 Top5 99.99
2025-12-18 16:18:40,302 - INFO  - [NUDE][TRAIN] Epoch 45/120 Iter 240/390 Loss 0.0710 Top1 97.46 Top5 99.99
2025-12-18 16:18:40,990 - INFO  - [NUDE][TRAIN] Epoch 45/120 Iter 260/390 Loss 0.0714 Top1 97.45 Top5 99.99
2025-12-18 16:18:41,676 - INFO  - [NUDE][TRAIN] Epoch 45/120 Iter 280/390 Loss 0.0719 Top1 97.44 Top5 99.99
2025-12-18 16:18:42,362 - INFO  - [NUDE][TRAIN] Epoch 45/120 Iter 300/390 Loss 0.0722 Top1 97.42 Top5 99.99
2025-12-18 16:18:43,053 - INFO  - [NUDE][TRAIN] Epoch 45/120 Iter 320/390 Loss 0.0717 Top1 97.45 Top5 99.99
2025-12-18 16:18:43,741 - INFO  - [NUDE][TRAIN] Epoch 45/120 Iter 340/390 Loss 0.0709 Top1 97.48 Top5 99.98
2025-12-18 16:18:44,429 - INFO  - [NUDE][TRAIN] Epoch 45/120 Iter 360/390 Loss 0.0707 Top1 97.48 Top5 99.98
2025-12-18 16:18:45,119 - INFO  - [NUDE][TRAIN] Epoch 45/120 Iter 380/390 Loss 0.0713 Top1 97.44 Top5 99.99
2025-12-18 16:18:45,497 - INFO  - [NUDE] Validate: force max bit-width W/A = 6
2025-12-18 16:18:46,562 - INFO  - [NUDE][EPOCH] 45/120 Train: Top1=97.43 Top5=99.99 Loss=0.0715 | Val(EMA): Top1=88.38
2025-12-18 16:18:47,751 - INFO  - ([46] Epoch) Saving checkpoint to:
             Current: /root/autodl-tmp/retraining-free-quantization/training/alexnet_cifar10_single_gpu_clean120/alexnet_cifar10_single_gpu_clean120_checkpoint.pth.tar

2025-12-18 16:18:47,753 - INFO  - [NUDE] Epoch 46: force max bit-width W/A = 6
2025-12-18 16:18:48,610 - INFO  - [NUDE][TRAIN] Epoch 46/120 Iter 20/390 Loss 0.0612 Top1 97.81 Top5 100.00
2025-12-18 16:18:49,296 - INFO  - [NUDE][TRAIN] Epoch 46/120 Iter 40/390 Loss 0.0612 Top1 97.81 Top5 100.00
2025-12-18 16:18:49,983 - INFO  - [NUDE][TRAIN] Epoch 46/120 Iter 60/390 Loss 0.0631 Top1 97.81 Top5 100.00
2025-12-18 16:18:50,668 - INFO  - [NUDE][TRAIN] Epoch 46/120 Iter 80/390 Loss 0.0689 Top1 97.71 Top5 99.99
2025-12-18 16:18:51,353 - INFO  - [NUDE][TRAIN] Epoch 46/120 Iter 100/390 Loss 0.0711 Top1 97.64 Top5 99.99
2025-12-18 16:18:52,043 - INFO  - [NUDE][TRAIN] Epoch 46/120 Iter 120/390 Loss 0.0727 Top1 97.55 Top5 99.98
2025-12-18 16:18:52,730 - INFO  - [NUDE][TRAIN] Epoch 46/120 Iter 140/390 Loss 0.0729 Top1 97.51 Top5 99.98
2025-12-18 16:18:53,416 - INFO  - [NUDE][TRAIN] Epoch 46/120 Iter 160/390 Loss 0.0729 Top1 97.48 Top5 99.99
2025-12-18 16:18:54,103 - INFO  - [NUDE][TRAIN] Epoch 46/120 Iter 180/390 Loss 0.0736 Top1 97.48 Top5 99.99
2025-12-18 16:18:54,788 - INFO  - [NUDE][TRAIN] Epoch 46/120 Iter 200/390 Loss 0.0731 Top1 97.45 Top5 99.99
2025-12-18 16:18:55,476 - INFO  - [NUDE][TRAIN] Epoch 46/120 Iter 220/390 Loss 0.0729 Top1 97.44 Top5 99.99
2025-12-18 16:18:56,163 - INFO  - [NUDE][TRAIN] Epoch 46/120 Iter 240/390 Loss 0.0736 Top1 97.43 Top5 99.99
2025-12-18 16:18:56,847 - INFO  - [NUDE][TRAIN] Epoch 46/120 Iter 260/390 Loss 0.0734 Top1 97.44 Top5 99.99
2025-12-18 16:18:57,535 - INFO  - [NUDE][TRAIN] Epoch 46/120 Iter 280/390 Loss 0.0731 Top1 97.43 Top5 99.99
2025-12-18 16:18:58,217 - INFO  - [NUDE][TRAIN] Epoch 46/120 Iter 300/390 Loss 0.0730 Top1 97.43 Top5 99.99
2025-12-18 16:18:58,904 - INFO  - [NUDE][TRAIN] Epoch 46/120 Iter 320/390 Loss 0.0729 Top1 97.44 Top5 99.99
2025-12-18 16:18:59,589 - INFO  - [NUDE][TRAIN] Epoch 46/120 Iter 340/390 Loss 0.0725 Top1 97.47 Top5 99.99
2025-12-18 16:19:00,279 - INFO  - [NUDE][TRAIN] Epoch 46/120 Iter 360/390 Loss 0.0728 Top1 97.46 Top5 99.99
2025-12-18 16:19:00,964 - INFO  - [NUDE][TRAIN] Epoch 46/120 Iter 380/390 Loss 0.0735 Top1 97.45 Top5 99.99
2025-12-18 16:19:01,342 - INFO  - [NUDE] Validate: force max bit-width W/A = 6
2025-12-18 16:19:02,335 - INFO  - [NUDE][EPOCH] 46/120 Train: Top1=97.44 Top5=99.99 Loss=0.0738 | Val(EMA): Top1=88.41
2025-12-18 16:19:03,528 - INFO  - ([47] Epoch) Saving checkpoint to:
             Current: /root/autodl-tmp/retraining-free-quantization/training/alexnet_cifar10_single_gpu_clean120/alexnet_cifar10_single_gpu_clean120_checkpoint.pth.tar

2025-12-18 16:19:03,529 - INFO  - [NUDE] Epoch 47: force max bit-width W/A = 6
2025-12-18 16:19:04,389 - INFO  - [NUDE][TRAIN] Epoch 47/120 Iter 20/390 Loss 0.0604 Top1 97.85 Top5 100.00
2025-12-18 16:19:05,072 - INFO  - [NUDE][TRAIN] Epoch 47/120 Iter 40/390 Loss 0.0630 Top1 97.68 Top5 100.00
2025-12-18 16:19:05,757 - INFO  - [NUDE][TRAIN] Epoch 47/120 Iter 60/390 Loss 0.0647 Top1 97.57 Top5 100.00
2025-12-18 16:19:06,440 - INFO  - [NUDE][TRAIN] Epoch 47/120 Iter 80/390 Loss 0.0635 Top1 97.65 Top5 100.00
2025-12-18 16:19:07,125 - INFO  - [NUDE][TRAIN] Epoch 47/120 Iter 100/390 Loss 0.0629 Top1 97.62 Top5 100.00
2025-12-18 16:19:07,811 - INFO  - [NUDE][TRAIN] Epoch 47/120 Iter 120/390 Loss 0.0620 Top1 97.66 Top5 100.00
2025-12-18 16:19:08,498 - INFO  - [NUDE][TRAIN] Epoch 47/120 Iter 140/390 Loss 0.0623 Top1 97.67 Top5 100.00
2025-12-18 16:19:09,182 - INFO  - [NUDE][TRAIN] Epoch 47/120 Iter 160/390 Loss 0.0617 Top1 97.72 Top5 100.00
2025-12-18 16:19:09,871 - INFO  - [NUDE][TRAIN] Epoch 47/120 Iter 180/390 Loss 0.0603 Top1 97.78 Top5 100.00
2025-12-18 16:19:10,563 - INFO  - [NUDE][TRAIN] Epoch 47/120 Iter 200/390 Loss 0.0613 Top1 97.78 Top5 100.00
2025-12-18 16:19:11,256 - INFO  - [NUDE][TRAIN] Epoch 47/120 Iter 220/390 Loss 0.0618 Top1 97.75 Top5 100.00
2025-12-18 16:19:11,941 - INFO  - [NUDE][TRAIN] Epoch 47/120 Iter 240/390 Loss 0.0620 Top1 97.73 Top5 100.00
2025-12-18 16:19:12,624 - INFO  - [NUDE][TRAIN] Epoch 47/120 Iter 260/390 Loss 0.0618 Top1 97.76 Top5 100.00
2025-12-18 16:19:13,310 - INFO  - [NUDE][TRAIN] Epoch 47/120 Iter 280/390 Loss 0.0630 Top1 97.72 Top5 100.00
2025-12-18 16:19:13,995 - INFO  - [NUDE][TRAIN] Epoch 47/120 Iter 300/390 Loss 0.0636 Top1 97.71 Top5 100.00
2025-12-18 16:19:14,678 - INFO  - [NUDE][TRAIN] Epoch 47/120 Iter 320/390 Loss 0.0655 Top1 97.62 Top5 100.00
2025-12-18 16:19:15,360 - INFO  - [NUDE][TRAIN] Epoch 47/120 Iter 340/390 Loss 0.0669 Top1 97.59 Top5 100.00
2025-12-18 16:19:16,043 - INFO  - [NUDE][TRAIN] Epoch 47/120 Iter 360/390 Loss 0.0676 Top1 97.58 Top5 100.00
2025-12-18 16:19:16,726 - INFO  - [NUDE][TRAIN] Epoch 47/120 Iter 380/390 Loss 0.0685 Top1 97.55 Top5 100.00
2025-12-18 16:19:17,111 - INFO  - [NUDE] Validate: force max bit-width W/A = 6
2025-12-18 16:19:18,111 - INFO  - [NUDE][EPOCH] 47/120 Train: Top1=97.54 Top5=100.00 Loss=0.0689 | Val(EMA): Top1=88.49
2025-12-18 16:19:18,859 - INFO  - ([48] Epoch) Saving checkpoint to:
             Current: /root/autodl-tmp/retraining-free-quantization/training/alexnet_cifar10_single_gpu_clean120/alexnet_cifar10_single_gpu_clean120_checkpoint.pth.tar

2025-12-18 16:19:18,860 - INFO  - [NUDE] Epoch 48: force max bit-width W/A = 6
2025-12-18 16:19:19,724 - INFO  - [NUDE][TRAIN] Epoch 48/120 Iter 20/390 Loss 0.0608 Top1 97.89 Top5 100.00
2025-12-18 16:19:20,409 - INFO  - [NUDE][TRAIN] Epoch 48/120 Iter 40/390 Loss 0.0649 Top1 97.56 Top5 100.00
2025-12-18 16:19:21,098 - INFO  - [NUDE][TRAIN] Epoch 48/120 Iter 60/390 Loss 0.0672 Top1 97.55 Top5 100.00
2025-12-18 16:19:21,786 - INFO  - [NUDE][TRAIN] Epoch 48/120 Iter 80/390 Loss 0.0696 Top1 97.60 Top5 100.00
2025-12-18 16:19:22,476 - INFO  - [NUDE][TRAIN] Epoch 48/120 Iter 100/390 Loss 0.0687 Top1 97.61 Top5 100.00
2025-12-18 16:19:23,162 - INFO  - [NUDE][TRAIN] Epoch 48/120 Iter 120/390 Loss 0.0689 Top1 97.63 Top5 100.00
2025-12-18 16:19:23,844 - INFO  - [NUDE][TRAIN] Epoch 48/120 Iter 140/390 Loss 0.0666 Top1 97.69 Top5 100.00
2025-12-18 16:19:24,528 - INFO  - [NUDE][TRAIN] Epoch 48/120 Iter 160/390 Loss 0.0662 Top1 97.68 Top5 100.00
2025-12-18 16:19:25,224 - INFO  - [NUDE][TRAIN] Epoch 48/120 Iter 180/390 Loss 0.0668 Top1 97.68 Top5 100.00
2025-12-18 16:19:25,909 - INFO  - [NUDE][TRAIN] Epoch 48/120 Iter 200/390 Loss 0.0664 Top1 97.69 Top5 100.00
2025-12-18 16:19:26,594 - INFO  - [NUDE][TRAIN] Epoch 48/120 Iter 220/390 Loss 0.0652 Top1 97.71 Top5 100.00
2025-12-18 16:19:27,281 - INFO  - [NUDE][TRAIN] Epoch 48/120 Iter 240/390 Loss 0.0651 Top1 97.72 Top5 100.00
2025-12-18 16:19:27,966 - INFO  - [NUDE][TRAIN] Epoch 48/120 Iter 260/390 Loss 0.0645 Top1 97.75 Top5 100.00
2025-12-18 16:19:28,655 - INFO  - [NUDE][TRAIN] Epoch 48/120 Iter 280/390 Loss 0.0645 Top1 97.73 Top5 100.00
2025-12-18 16:19:29,343 - INFO  - [NUDE][TRAIN] Epoch 48/120 Iter 300/390 Loss 0.0646 Top1 97.72 Top5 100.00
2025-12-18 16:19:30,025 - INFO  - [NUDE][TRAIN] Epoch 48/120 Iter 320/390 Loss 0.0646 Top1 97.71 Top5 100.00
2025-12-18 16:19:30,707 - INFO  - [NUDE][TRAIN] Epoch 48/120 Iter 340/390 Loss 0.0649 Top1 97.69 Top5 100.00
2025-12-18 16:19:31,392 - INFO  - [NUDE][TRAIN] Epoch 48/120 Iter 360/390 Loss 0.0649 Top1 97.67 Top5 100.00
2025-12-18 16:19:32,092 - INFO  - [NUDE][TRAIN] Epoch 48/120 Iter 380/390 Loss 0.0648 Top1 97.67 Top5 100.00
2025-12-18 16:19:32,474 - INFO  - [NUDE] Validate: force max bit-width W/A = 6
2025-12-18 16:19:33,456 - INFO  - [NUDE][EPOCH] 48/120 Train: Top1=97.66 Top5=100.00 Loss=0.0647 | Val(EMA): Top1=88.50
2025-12-18 16:19:34,671 - INFO  - ([49] Epoch) Saving checkpoint to:
             Current: /root/autodl-tmp/retraining-free-quantization/training/alexnet_cifar10_single_gpu_clean120/alexnet_cifar10_single_gpu_clean120_checkpoint.pth.tar

2025-12-18 16:19:34,672 - INFO  - [NUDE] Epoch 49: force max bit-width W/A = 6
2025-12-18 16:19:35,528 - INFO  - [NUDE][TRAIN] Epoch 49/120 Iter 20/390 Loss 0.0605 Top1 97.54 Top5 99.96
2025-12-18 16:19:36,214 - INFO  - [NUDE][TRAIN] Epoch 49/120 Iter 40/390 Loss 0.0622 Top1 97.81 Top5 99.98
2025-12-18 16:19:36,902 - INFO  - [NUDE][TRAIN] Epoch 49/120 Iter 60/390 Loss 0.0613 Top1 97.85 Top5 99.99
2025-12-18 16:19:37,585 - INFO  - [NUDE][TRAIN] Epoch 49/120 Iter 80/390 Loss 0.0620 Top1 97.79 Top5 99.98
2025-12-18 16:19:38,267 - INFO  - [NUDE][TRAIN] Epoch 49/120 Iter 100/390 Loss 0.0597 Top1 97.88 Top5 99.98
2025-12-18 16:19:38,951 - INFO  - [NUDE][TRAIN] Epoch 49/120 Iter 120/390 Loss 0.0605 Top1 97.88 Top5 99.99
2025-12-18 16:19:39,633 - INFO  - [NUDE][TRAIN] Epoch 49/120 Iter 140/390 Loss 0.0616 Top1 97.83 Top5 99.99
2025-12-18 16:19:40,318 - INFO  - [NUDE][TRAIN] Epoch 49/120 Iter 160/390 Loss 0.0610 Top1 97.84 Top5 99.99
2025-12-18 16:19:41,001 - INFO  - [NUDE][TRAIN] Epoch 49/120 Iter 180/390 Loss 0.0610 Top1 97.84 Top5 99.99
2025-12-18 16:19:41,685 - INFO  - [NUDE][TRAIN] Epoch 49/120 Iter 200/390 Loss 0.0606 Top1 97.84 Top5 99.99
2025-12-18 16:19:42,371 - INFO  - [NUDE][TRAIN] Epoch 49/120 Iter 220/390 Loss 0.0606 Top1 97.85 Top5 99.99
2025-12-18 16:19:43,054 - INFO  - [NUDE][TRAIN] Epoch 49/120 Iter 240/390 Loss 0.0602 Top1 97.86 Top5 99.99
2025-12-18 16:19:43,737 - INFO  - [NUDE][TRAIN] Epoch 49/120 Iter 260/390 Loss 0.0599 Top1 97.86 Top5 99.99
2025-12-18 16:19:44,427 - INFO  - [NUDE][TRAIN] Epoch 49/120 Iter 280/390 Loss 0.0586 Top1 97.91 Top5 99.99
2025-12-18 16:19:45,118 - INFO  - [NUDE][TRAIN] Epoch 49/120 Iter 300/390 Loss 0.0592 Top1 97.88 Top5 99.99
2025-12-18 16:19:45,801 - INFO  - [NUDE][TRAIN] Epoch 49/120 Iter 320/390 Loss 0.0592 Top1 97.87 Top5 99.99
2025-12-18 16:19:46,497 - INFO  - [NUDE][TRAIN] Epoch 49/120 Iter 340/390 Loss 0.0588 Top1 97.89 Top5 99.99
2025-12-18 16:19:47,184 - INFO  - [NUDE][TRAIN] Epoch 49/120 Iter 360/390 Loss 0.0595 Top1 97.88 Top5 99.99
2025-12-18 16:19:47,875 - INFO  - [NUDE][TRAIN] Epoch 49/120 Iter 380/390 Loss 0.0601 Top1 97.87 Top5 99.99
2025-12-18 16:19:48,252 - INFO  - [NUDE] Validate: force max bit-width W/A = 6
2025-12-18 16:19:49,263 - INFO  - [NUDE][EPOCH] 49/120 Train: Top1=97.86 Top5=99.99 Loss=0.0601 | Val(EMA): Top1=88.74
2025-12-18 16:19:50,482 - INFO  - ([50] Epoch) Saving checkpoint to:
             Current: /root/autodl-tmp/retraining-free-quantization/training/alexnet_cifar10_single_gpu_clean120/alexnet_cifar10_single_gpu_clean120_checkpoint.pth.tar

2025-12-18 16:19:50,484 - INFO  - [NUDE] Epoch 50: force max bit-width W/A = 6
2025-12-18 16:19:51,347 - INFO  - [NUDE][TRAIN] Epoch 50/120 Iter 20/390 Loss 0.0643 Top1 97.58 Top5 100.00
2025-12-18 16:19:52,031 - INFO  - [NUDE][TRAIN] Epoch 50/120 Iter 40/390 Loss 0.0580 Top1 97.91 Top5 100.00
2025-12-18 16:19:52,712 - INFO  - [NUDE][TRAIN] Epoch 50/120 Iter 60/390 Loss 0.0563 Top1 98.05 Top5 100.00
2025-12-18 16:19:53,394 - INFO  - [NUDE][TRAIN] Epoch 50/120 Iter 80/390 Loss 0.0532 Top1 98.14 Top5 100.00
2025-12-18 16:19:54,080 - INFO  - [NUDE][TRAIN] Epoch 50/120 Iter 100/390 Loss 0.0527 Top1 98.18 Top5 100.00
2025-12-18 16:19:54,770 - INFO  - [NUDE][TRAIN] Epoch 50/120 Iter 120/390 Loss 0.0536 Top1 98.12 Top5 100.00
2025-12-18 16:19:55,455 - INFO  - [NUDE][TRAIN] Epoch 50/120 Iter 140/390 Loss 0.0541 Top1 98.13 Top5 99.99
2025-12-18 16:19:56,139 - INFO  - [NUDE][TRAIN] Epoch 50/120 Iter 160/390 Loss 0.0565 Top1 98.01 Top5 100.00
2025-12-18 16:19:56,827 - INFO  - [NUDE][TRAIN] Epoch 50/120 Iter 180/390 Loss 0.0577 Top1 97.99 Top5 99.99
2025-12-18 16:19:57,509 - INFO  - [NUDE][TRAIN] Epoch 50/120 Iter 200/390 Loss 0.0586 Top1 97.95 Top5 99.99
2025-12-18 16:19:58,195 - INFO  - [NUDE][TRAIN] Epoch 50/120 Iter 220/390 Loss 0.0590 Top1 97.95 Top5 99.99
2025-12-18 16:19:58,879 - INFO  - [NUDE][TRAIN] Epoch 50/120 Iter 240/390 Loss 0.0585 Top1 97.95 Top5 99.99
2025-12-18 16:19:59,565 - INFO  - [NUDE][TRAIN] Epoch 50/120 Iter 260/390 Loss 0.0586 Top1 97.95 Top5 99.99
2025-12-18 16:20:00,252 - INFO  - [NUDE][TRAIN] Epoch 50/120 Iter 280/390 Loss 0.0584 Top1 97.96 Top5 99.99
2025-12-18 16:20:00,939 - INFO  - [NUDE][TRAIN] Epoch 50/120 Iter 300/390 Loss 0.0583 Top1 97.96 Top5 99.99
2025-12-18 16:20:01,629 - INFO  - [NUDE][TRAIN] Epoch 50/120 Iter 320/390 Loss 0.0581 Top1 97.95 Top5 99.99
2025-12-18 16:20:02,314 - INFO  - [NUDE][TRAIN] Epoch 50/120 Iter 340/390 Loss 0.0586 Top1 97.92 Top5 99.99
2025-12-18 16:20:02,998 - INFO  - [NUDE][TRAIN] Epoch 50/120 Iter 360/390 Loss 0.0582 Top1 97.94 Top5 99.99
2025-12-18 16:20:03,684 - INFO  - [NUDE][TRAIN] Epoch 50/120 Iter 380/390 Loss 0.0585 Top1 97.92 Top5 99.99
2025-12-18 16:20:04,070 - INFO  - [NUDE] Validate: force max bit-width W/A = 6
2025-12-18 16:20:05,093 - INFO  - [NUDE][EPOCH] 50/120 Train: Top1=97.91 Top5=99.99 Loss=0.0590 | Val(EMA): Top1=88.65
2025-12-18 16:20:05,840 - INFO  - ([51] Epoch) Saving checkpoint to:
             Current: /root/autodl-tmp/retraining-free-quantization/training/alexnet_cifar10_single_gpu_clean120/alexnet_cifar10_single_gpu_clean120_checkpoint.pth.tar

2025-12-18 16:20:05,841 - INFO  - [NUDE] Epoch 51: force max bit-width W/A = 6
2025-12-18 16:20:06,701 - INFO  - [NUDE][TRAIN] Epoch 51/120 Iter 20/390 Loss 0.0584 Top1 98.05 Top5 100.00
2025-12-18 16:20:07,384 - INFO  - [NUDE][TRAIN] Epoch 51/120 Iter 40/390 Loss 0.0528 Top1 98.28 Top5 100.00
2025-12-18 16:20:08,067 - INFO  - [NUDE][TRAIN] Epoch 51/120 Iter 60/390 Loss 0.0527 Top1 98.33 Top5 100.00
2025-12-18 16:20:08,750 - INFO  - [NUDE][TRAIN] Epoch 51/120 Iter 80/390 Loss 0.0528 Top1 98.23 Top5 100.00
2025-12-18 16:20:09,437 - INFO  - [NUDE][TRAIN] Epoch 51/120 Iter 100/390 Loss 0.0524 Top1 98.20 Top5 100.00
2025-12-18 16:20:10,127 - INFO  - [NUDE][TRAIN] Epoch 51/120 Iter 120/390 Loss 0.0520 Top1 98.20 Top5 99.99
2025-12-18 16:20:10,812 - INFO  - [NUDE][TRAIN] Epoch 51/120 Iter 140/390 Loss 0.0505 Top1 98.28 Top5 99.99
2025-12-18 16:20:11,498 - INFO  - [NUDE][TRAIN] Epoch 51/120 Iter 160/390 Loss 0.0523 Top1 98.22 Top5 100.00
2025-12-18 16:20:12,191 - INFO  - [NUDE][TRAIN] Epoch 51/120 Iter 180/390 Loss 0.0532 Top1 98.19 Top5 100.00
2025-12-18 16:20:12,875 - INFO  - [NUDE][TRAIN] Epoch 51/120 Iter 200/390 Loss 0.0537 Top1 98.17 Top5 100.00
2025-12-18 16:20:13,566 - INFO  - [NUDE][TRAIN] Epoch 51/120 Iter 220/390 Loss 0.0530 Top1 98.21 Top5 100.00
2025-12-18 16:20:14,254 - INFO  - [NUDE][TRAIN] Epoch 51/120 Iter 240/390 Loss 0.0546 Top1 98.15 Top5 100.00
2025-12-18 16:20:14,940 - INFO  - [NUDE][TRAIN] Epoch 51/120 Iter 260/390 Loss 0.0558 Top1 98.09 Top5 100.00
2025-12-18 16:20:15,627 - INFO  - [NUDE][TRAIN] Epoch 51/120 Iter 280/390 Loss 0.0566 Top1 98.07 Top5 100.00
2025-12-18 16:20:16,310 - INFO  - [NUDE][TRAIN] Epoch 51/120 Iter 300/390 Loss 0.0576 Top1 98.03 Top5 100.00
2025-12-18 16:20:16,995 - INFO  - [NUDE][TRAIN] Epoch 51/120 Iter 320/390 Loss 0.0586 Top1 97.99 Top5 100.00
2025-12-18 16:20:17,679 - INFO  - [NUDE][TRAIN] Epoch 51/120 Iter 340/390 Loss 0.0587 Top1 98.00 Top5 100.00
2025-12-18 16:20:18,363 - INFO  - [NUDE][TRAIN] Epoch 51/120 Iter 360/390 Loss 0.0590 Top1 97.98 Top5 100.00
2025-12-18 16:20:19,046 - INFO  - [NUDE][TRAIN] Epoch 51/120 Iter 380/390 Loss 0.0592 Top1 97.97 Top5 100.00
2025-12-18 16:20:19,425 - INFO  - [NUDE] Validate: force max bit-width W/A = 6
2025-12-18 16:20:20,422 - INFO  - [NUDE][EPOCH] 51/120 Train: Top1=97.95 Top5=100.00 Loss=0.0595 | Val(EMA): Top1=88.67
2025-12-18 16:20:21,679 - INFO  - ([52] Epoch) Saving checkpoint to:
             Current: /root/autodl-tmp/retraining-free-quantization/training/alexnet_cifar10_single_gpu_clean120/alexnet_cifar10_single_gpu_clean120_checkpoint.pth.tar

2025-12-18 16:20:21,681 - INFO  - [NUDE] Epoch 52: force max bit-width W/A = 6
2025-12-18 16:20:22,544 - INFO  - [NUDE][TRAIN] Epoch 52/120 Iter 20/390 Loss 0.0481 Top1 98.36 Top5 100.00
2025-12-18 16:20:23,230 - INFO  - [NUDE][TRAIN] Epoch 52/120 Iter 40/390 Loss 0.0480 Top1 98.26 Top5 100.00
2025-12-18 16:20:23,908 - INFO  - [NUDE][TRAIN] Epoch 52/120 Iter 60/390 Loss 0.0451 Top1 98.40 Top5 100.00
2025-12-18 16:20:24,590 - INFO  - [NUDE][TRAIN] Epoch 52/120 Iter 80/390 Loss 0.0481 Top1 98.31 Top5 100.00
2025-12-18 16:20:25,272 - INFO  - [NUDE][TRAIN] Epoch 52/120 Iter 100/390 Loss 0.0490 Top1 98.31 Top5 100.00
2025-12-18 16:20:25,960 - INFO  - [NUDE][TRAIN] Epoch 52/120 Iter 120/390 Loss 0.0491 Top1 98.28 Top5 100.00
2025-12-18 16:20:26,647 - INFO  - [NUDE][TRAIN] Epoch 52/120 Iter 140/390 Loss 0.0480 Top1 98.30 Top5 100.00
2025-12-18 16:20:27,331 - INFO  - [NUDE][TRAIN] Epoch 52/120 Iter 160/390 Loss 0.0486 Top1 98.29 Top5 100.00
2025-12-18 16:20:28,018 - INFO  - [NUDE][TRAIN] Epoch 52/120 Iter 180/390 Loss 0.0503 Top1 98.26 Top5 100.00
2025-12-18 16:20:28,711 - INFO  - [NUDE][TRAIN] Epoch 52/120 Iter 200/390 Loss 0.0513 Top1 98.22 Top5 100.00
2025-12-18 16:20:29,396 - INFO  - [NUDE][TRAIN] Epoch 52/120 Iter 220/390 Loss 0.0514 Top1 98.21 Top5 100.00
2025-12-18 16:20:30,084 - INFO  - [NUDE][TRAIN] Epoch 52/120 Iter 240/390 Loss 0.0510 Top1 98.22 Top5 100.00
2025-12-18 16:20:30,783 - INFO  - [NUDE][TRAIN] Epoch 52/120 Iter 260/390 Loss 0.0520 Top1 98.19 Top5 100.00
2025-12-18 16:20:31,469 - INFO  - [NUDE][TRAIN] Epoch 52/120 Iter 280/390 Loss 0.0524 Top1 98.17 Top5 99.99
2025-12-18 16:20:32,155 - INFO  - [NUDE][TRAIN] Epoch 52/120 Iter 300/390 Loss 0.0529 Top1 98.15 Top5 99.99
2025-12-18 16:20:32,842 - INFO  - [NUDE][TRAIN] Epoch 52/120 Iter 320/390 Loss 0.0530 Top1 98.16 Top5 100.00
2025-12-18 16:20:33,531 - INFO  - [NUDE][TRAIN] Epoch 52/120 Iter 340/390 Loss 0.0531 Top1 98.15 Top5 100.00
2025-12-18 16:20:34,223 - INFO  - [NUDE][TRAIN] Epoch 52/120 Iter 360/390 Loss 0.0529 Top1 98.16 Top5 100.00
2025-12-18 16:20:34,913 - INFO  - [NUDE][TRAIN] Epoch 52/120 Iter 380/390 Loss 0.0534 Top1 98.15 Top5 100.00
2025-12-18 16:20:35,288 - INFO  - [NUDE] Validate: force max bit-width W/A = 6
2025-12-18 16:20:36,276 - INFO  - [NUDE][EPOCH] 52/120 Train: Top1=98.14 Top5=100.00 Loss=0.0533 | Val(EMA): Top1=88.65
2025-12-18 16:20:37,458 - INFO  - ([53] Epoch) Saving checkpoint to:
             Current: /root/autodl-tmp/retraining-free-quantization/training/alexnet_cifar10_single_gpu_clean120/alexnet_cifar10_single_gpu_clean120_checkpoint.pth.tar

2025-12-18 16:20:37,460 - INFO  - [NUDE] Epoch 53: force max bit-width W/A = 6
2025-12-18 16:20:38,325 - INFO  - [NUDE][TRAIN] Epoch 53/120 Iter 20/390 Loss 0.0509 Top1 98.32 Top5 100.00
2025-12-18 16:20:39,007 - INFO  - [NUDE][TRAIN] Epoch 53/120 Iter 40/390 Loss 0.0484 Top1 98.44 Top5 99.98
2025-12-18 16:20:39,692 - INFO  - [NUDE][TRAIN] Epoch 53/120 Iter 60/390 Loss 0.0483 Top1 98.44 Top5 99.99
2025-12-18 16:20:40,378 - INFO  - [NUDE][TRAIN] Epoch 53/120 Iter 80/390 Loss 0.0491 Top1 98.36 Top5 99.99
2025-12-18 16:20:41,064 - INFO  - [NUDE][TRAIN] Epoch 53/120 Iter 100/390 Loss 0.0488 Top1 98.32 Top5 99.99
2025-12-18 16:20:41,750 - INFO  - [NUDE][TRAIN] Epoch 53/120 Iter 120/390 Loss 0.0484 Top1 98.30 Top5 99.99
2025-12-18 16:20:42,433 - INFO  - [NUDE][TRAIN] Epoch 53/120 Iter 140/390 Loss 0.0475 Top1 98.35 Top5 99.99
2025-12-18 16:20:43,121 - INFO  - [NUDE][TRAIN] Epoch 53/120 Iter 160/390 Loss 0.0470 Top1 98.41 Top5 100.00
2025-12-18 16:20:43,809 - INFO  - [NUDE][TRAIN] Epoch 53/120 Iter 180/390 Loss 0.0464 Top1 98.41 Top5 100.00
2025-12-18 16:20:44,500 - INFO  - [NUDE][TRAIN] Epoch 53/120 Iter 200/390 Loss 0.0465 Top1 98.42 Top5 99.99
2025-12-18 16:20:45,193 - INFO  - [NUDE][TRAIN] Epoch 53/120 Iter 220/390 Loss 0.0460 Top1 98.42 Top5 99.99
2025-12-18 16:20:45,889 - INFO  - [NUDE][TRAIN] Epoch 53/120 Iter 240/390 Loss 0.0467 Top1 98.40 Top5 99.99
2025-12-18 16:20:46,576 - INFO  - [NUDE][TRAIN] Epoch 53/120 Iter 260/390 Loss 0.0462 Top1 98.43 Top5 99.99
2025-12-18 16:20:47,261 - INFO  - [NUDE][TRAIN] Epoch 53/120 Iter 280/390 Loss 0.0461 Top1 98.43 Top5 99.99
2025-12-18 16:20:47,951 - INFO  - [NUDE][TRAIN] Epoch 53/120 Iter 300/390 Loss 0.0460 Top1 98.41 Top5 99.99
2025-12-18 16:20:48,634 - INFO  - [NUDE][TRAIN] Epoch 53/120 Iter 320/390 Loss 0.0463 Top1 98.41 Top5 100.00
2025-12-18 16:20:49,318 - INFO  - [NUDE][TRAIN] Epoch 53/120 Iter 340/390 Loss 0.0464 Top1 98.38 Top5 100.00
2025-12-18 16:20:50,009 - INFO  - [NUDE][TRAIN] Epoch 53/120 Iter 360/390 Loss 0.0461 Top1 98.40 Top5 100.00
2025-12-18 16:20:50,694 - INFO  - [NUDE][TRAIN] Epoch 53/120 Iter 380/390 Loss 0.0463 Top1 98.39 Top5 100.00
2025-12-18 16:20:51,070 - INFO  - [NUDE] Validate: force max bit-width W/A = 6
2025-12-18 16:20:52,098 - INFO  - [NUDE][EPOCH] 53/120 Train: Top1=98.39 Top5=100.00 Loss=0.0467 | Val(EMA): Top1=88.73
2025-12-18 16:20:53,398 - INFO  - ([54] Epoch) Saving checkpoint to:
             Current: /root/autodl-tmp/retraining-free-quantization/training/alexnet_cifar10_single_gpu_clean120/alexnet_cifar10_single_gpu_clean120_checkpoint.pth.tar

2025-12-18 16:20:53,399 - INFO  - [NUDE] Epoch 54: force max bit-width W/A = 6
2025-12-18 16:20:54,256 - INFO  - [NUDE][TRAIN] Epoch 54/120 Iter 20/390 Loss 0.0402 Top1 98.71 Top5 100.00
2025-12-18 16:20:54,936 - INFO  - [NUDE][TRAIN] Epoch 54/120 Iter 40/390 Loss 0.0424 Top1 98.67 Top5 100.00
2025-12-18 16:20:55,615 - INFO  - [NUDE][TRAIN] Epoch 54/120 Iter 60/390 Loss 0.0417 Top1 98.68 Top5 99.99
2025-12-18 16:20:56,291 - INFO  - [NUDE][TRAIN] Epoch 54/120 Iter 80/390 Loss 0.0427 Top1 98.65 Top5 99.99
2025-12-18 16:20:56,971 - INFO  - [NUDE][TRAIN] Epoch 54/120 Iter 100/390 Loss 0.0438 Top1 98.59 Top5 99.99
2025-12-18 16:20:57,650 - INFO  - [NUDE][TRAIN] Epoch 54/120 Iter 120/390 Loss 0.0434 Top1 98.59 Top5 99.99
2025-12-18 16:20:58,328 - INFO  - [NUDE][TRAIN] Epoch 54/120 Iter 140/390 Loss 0.0454 Top1 98.52 Top5 99.99
2025-12-18 16:20:59,009 - INFO  - [NUDE][TRAIN] Epoch 54/120 Iter 160/390 Loss 0.0462 Top1 98.48 Top5 99.99
2025-12-18 16:20:59,696 - INFO  - [NUDE][TRAIN] Epoch 54/120 Iter 180/390 Loss 0.0464 Top1 98.49 Top5 99.99
2025-12-18 16:21:00,383 - INFO  - [NUDE][TRAIN] Epoch 54/120 Iter 200/390 Loss 0.0469 Top1 98.45 Top5 99.99
2025-12-18 16:21:01,060 - INFO  - [NUDE][TRAIN] Epoch 54/120 Iter 220/390 Loss 0.0470 Top1 98.43 Top5 99.99
2025-12-18 16:21:01,742 - INFO  - [NUDE][TRAIN] Epoch 54/120 Iter 240/390 Loss 0.0480 Top1 98.39 Top5 99.99
2025-12-18 16:21:02,426 - INFO  - [NUDE][TRAIN] Epoch 54/120 Iter 260/390 Loss 0.0483 Top1 98.37 Top5 99.99
2025-12-18 16:21:03,108 - INFO  - [NUDE][TRAIN] Epoch 54/120 Iter 280/390 Loss 0.0476 Top1 98.39 Top5 99.99
2025-12-18 16:21:03,788 - INFO  - [NUDE][TRAIN] Epoch 54/120 Iter 300/390 Loss 0.0477 Top1 98.39 Top5 99.99
2025-12-18 16:21:04,474 - INFO  - [NUDE][TRAIN] Epoch 54/120 Iter 320/390 Loss 0.0474 Top1 98.39 Top5 100.00
2025-12-18 16:21:05,158 - INFO  - [NUDE][TRAIN] Epoch 54/120 Iter 340/390 Loss 0.0465 Top1 98.42 Top5 100.00
2025-12-18 16:21:05,835 - INFO  - [NUDE][TRAIN] Epoch 54/120 Iter 360/390 Loss 0.0458 Top1 98.45 Top5 100.00
2025-12-18 16:21:06,516 - INFO  - [NUDE][TRAIN] Epoch 54/120 Iter 380/390 Loss 0.0455 Top1 98.45 Top5 99.99
2025-12-18 16:21:06,887 - INFO  - [NUDE] Validate: force max bit-width W/A = 6
2025-12-18 16:21:07,849 - INFO  - [NUDE][EPOCH] 54/120 Train: Top1=98.45 Top5=99.99 Loss=0.0455 | Val(EMA): Top1=88.79
2025-12-18 16:21:09,025 - INFO  - ([55] Epoch) Saving checkpoint to:
             Current: /root/autodl-tmp/retraining-free-quantization/training/alexnet_cifar10_single_gpu_clean120/alexnet_cifar10_single_gpu_clean120_checkpoint.pth.tar

2025-12-18 16:21:09,026 - INFO  - [NUDE] Epoch 55: force max bit-width W/A = 6
2025-12-18 16:21:09,881 - INFO  - [NUDE][TRAIN] Epoch 55/120 Iter 20/390 Loss 0.0390 Top1 98.63 Top5 100.00
2025-12-18 16:21:10,561 - INFO  - [NUDE][TRAIN] Epoch 55/120 Iter 40/390 Loss 0.0402 Top1 98.59 Top5 100.00
2025-12-18 16:21:11,244 - INFO  - [NUDE][TRAIN] Epoch 55/120 Iter 60/390 Loss 0.0418 Top1 98.53 Top5 99.99
2025-12-18 16:21:11,925 - INFO  - [NUDE][TRAIN] Epoch 55/120 Iter 80/390 Loss 0.0412 Top1 98.61 Top5 99.99
2025-12-18 16:21:12,603 - INFO  - [NUDE][TRAIN] Epoch 55/120 Iter 100/390 Loss 0.0419 Top1 98.59 Top5 99.99
2025-12-18 16:21:13,283 - INFO  - [NUDE][TRAIN] Epoch 55/120 Iter 120/390 Loss 0.0419 Top1 98.57 Top5 99.99
2025-12-18 16:21:13,966 - INFO  - [NUDE][TRAIN] Epoch 55/120 Iter 140/390 Loss 0.0417 Top1 98.61 Top5 99.99
2025-12-18 16:21:14,648 - INFO  - [NUDE][TRAIN] Epoch 55/120 Iter 160/390 Loss 0.0420 Top1 98.61 Top5 100.00
2025-12-18 16:21:15,330 - INFO  - [NUDE][TRAIN] Epoch 55/120 Iter 180/390 Loss 0.0421 Top1 98.59 Top5 100.00
2025-12-18 16:21:16,023 - INFO  - [NUDE][TRAIN] Epoch 55/120 Iter 200/390 Loss 0.0421 Top1 98.59 Top5 100.00
2025-12-18 16:21:16,718 - INFO  - [NUDE][TRAIN] Epoch 55/120 Iter 220/390 Loss 0.0434 Top1 98.55 Top5 99.99
2025-12-18 16:21:17,402 - INFO  - [NUDE][TRAIN] Epoch 55/120 Iter 240/390 Loss 0.0444 Top1 98.52 Top5 99.99
2025-12-18 16:21:18,087 - INFO  - [NUDE][TRAIN] Epoch 55/120 Iter 260/390 Loss 0.0443 Top1 98.52 Top5 99.99
2025-12-18 16:21:18,772 - INFO  - [NUDE][TRAIN] Epoch 55/120 Iter 280/390 Loss 0.0446 Top1 98.50 Top5 99.99
2025-12-18 16:21:19,457 - INFO  - [NUDE][TRAIN] Epoch 55/120 Iter 300/390 Loss 0.0447 Top1 98.51 Top5 99.99
2025-12-18 16:21:20,142 - INFO  - [NUDE][TRAIN] Epoch 55/120 Iter 320/390 Loss 0.0453 Top1 98.47 Top5 100.00
2025-12-18 16:21:20,825 - INFO  - [NUDE][TRAIN] Epoch 55/120 Iter 340/390 Loss 0.0448 Top1 98.47 Top5 100.00
2025-12-18 16:21:21,509 - INFO  - [NUDE][TRAIN] Epoch 55/120 Iter 360/390 Loss 0.0446 Top1 98.49 Top5 100.00
2025-12-18 16:21:22,195 - INFO  - [NUDE][TRAIN] Epoch 55/120 Iter 380/390 Loss 0.0443 Top1 98.49 Top5 100.00
2025-12-18 16:21:22,578 - INFO  - [NUDE] Validate: force max bit-width W/A = 6
2025-12-18 16:21:23,577 - INFO  - [NUDE][EPOCH] 55/120 Train: Top1=98.51 Top5=100.00 Loss=0.0439 | Val(EMA): Top1=88.73
2025-12-18 16:21:24,771 - INFO  - ([56] Epoch) Saving checkpoint to:
             Current: /root/autodl-tmp/retraining-free-quantization/training/alexnet_cifar10_single_gpu_clean120/alexnet_cifar10_single_gpu_clean120_checkpoint.pth.tar

2025-12-18 16:21:24,772 - INFO  - [NUDE] Epoch 56: force max bit-width W/A = 6
2025-12-18 16:21:25,634 - INFO  - [NUDE][TRAIN] Epoch 56/120 Iter 20/390 Loss 0.0434 Top1 98.32 Top5 100.00
2025-12-18 16:21:26,318 - INFO  - [NUDE][TRAIN] Epoch 56/120 Iter 40/390 Loss 0.0378 Top1 98.61 Top5 100.00
2025-12-18 16:21:27,001 - INFO  - [NUDE][TRAIN] Epoch 56/120 Iter 60/390 Loss 0.0392 Top1 98.52 Top5 100.00
2025-12-18 16:21:27,684 - INFO  - [NUDE][TRAIN] Epoch 56/120 Iter 80/390 Loss 0.0382 Top1 98.59 Top5 100.00
2025-12-18 16:21:28,367 - INFO  - [NUDE][TRAIN] Epoch 56/120 Iter 100/390 Loss 0.0372 Top1 98.66 Top5 100.00
2025-12-18 16:21:29,049 - INFO  - [NUDE][TRAIN] Epoch 56/120 Iter 120/390 Loss 0.0386 Top1 98.63 Top5 100.00
2025-12-18 16:21:29,733 - INFO  - [NUDE][TRAIN] Epoch 56/120 Iter 140/390 Loss 0.0383 Top1 98.67 Top5 100.00
2025-12-18 16:21:30,416 - INFO  - [NUDE][TRAIN] Epoch 56/120 Iter 160/390 Loss 0.0381 Top1 98.70 Top5 100.00
2025-12-18 16:21:31,099 - INFO  - [NUDE][TRAIN] Epoch 56/120 Iter 180/390 Loss 0.0378 Top1 98.71 Top5 100.00
2025-12-18 16:21:31,784 - INFO  - [NUDE][TRAIN] Epoch 56/120 Iter 200/390 Loss 0.0366 Top1 98.76 Top5 100.00
2025-12-18 16:21:32,461 - INFO  - [NUDE][TRAIN] Epoch 56/120 Iter 220/390 Loss 0.0360 Top1 98.81 Top5 100.00
2025-12-18 16:21:33,139 - INFO  - [NUDE][TRAIN] Epoch 56/120 Iter 240/390 Loss 0.0354 Top1 98.83 Top5 100.00
2025-12-18 16:21:33,829 - INFO  - [NUDE][TRAIN] Epoch 56/120 Iter 260/390 Loss 0.0350 Top1 98.85 Top5 100.00
2025-12-18 16:21:34,527 - INFO  - [NUDE][TRAIN] Epoch 56/120 Iter 280/390 Loss 0.0350 Top1 98.85 Top5 100.00
2025-12-18 16:21:35,215 - INFO  - [NUDE][TRAIN] Epoch 56/120 Iter 300/390 Loss 0.0349 Top1 98.85 Top5 100.00
2025-12-18 16:21:35,902 - INFO  - [NUDE][TRAIN] Epoch 56/120 Iter 320/390 Loss 0.0349 Top1 98.84 Top5 100.00
2025-12-18 16:21:36,589 - INFO  - [NUDE][TRAIN] Epoch 56/120 Iter 340/390 Loss 0.0346 Top1 98.85 Top5 100.00
2025-12-18 16:21:37,274 - INFO  - [NUDE][TRAIN] Epoch 56/120 Iter 360/390 Loss 0.0348 Top1 98.84 Top5 100.00
2025-12-18 16:21:37,958 - INFO  - [NUDE][TRAIN] Epoch 56/120 Iter 380/390 Loss 0.0350 Top1 98.84 Top5 100.00
2025-12-18 16:21:38,341 - INFO  - [NUDE] Validate: force max bit-width W/A = 6
2025-12-18 16:21:39,330 - INFO  - [NUDE][EPOCH] 56/120 Train: Top1=98.82 Top5=100.00 Loss=0.0355 | Val(EMA): Top1=88.90
2025-12-18 16:21:40,552 - INFO  - ([57] Epoch) Saving checkpoint to:
             Current: /root/autodl-tmp/retraining-free-quantization/training/alexnet_cifar10_single_gpu_clean120/alexnet_cifar10_single_gpu_clean120_checkpoint.pth.tar

2025-12-18 16:21:40,554 - INFO  - [NUDE] Epoch 57: force max bit-width W/A = 6
2025-12-18 16:21:41,418 - INFO  - [NUDE][TRAIN] Epoch 57/120 Iter 20/390 Loss 0.0362 Top1 98.67 Top5 100.00
2025-12-18 16:21:42,107 - INFO  - [NUDE][TRAIN] Epoch 57/120 Iter 40/390 Loss 0.0369 Top1 98.65 Top5 100.00
2025-12-18 16:21:42,789 - INFO  - [NUDE][TRAIN] Epoch 57/120 Iter 60/390 Loss 0.0357 Top1 98.70 Top5 100.00
2025-12-18 16:21:43,471 - INFO  - [NUDE][TRAIN] Epoch 57/120 Iter 80/390 Loss 0.0348 Top1 98.75 Top5 100.00
2025-12-18 16:21:44,153 - INFO  - [NUDE][TRAIN] Epoch 57/120 Iter 100/390 Loss 0.0335 Top1 98.82 Top5 100.00
2025-12-18 16:21:44,833 - INFO  - [NUDE][TRAIN] Epoch 57/120 Iter 120/390 Loss 0.0365 Top1 98.72 Top5 100.00
2025-12-18 16:21:45,515 - INFO  - [NUDE][TRAIN] Epoch 57/120 Iter 140/390 Loss 0.0357 Top1 98.77 Top5 100.00
2025-12-18 16:21:46,199 - INFO  - [NUDE][TRAIN] Epoch 57/120 Iter 160/390 Loss 0.0355 Top1 98.78 Top5 100.00
2025-12-18 16:21:46,881 - INFO  - [NUDE][TRAIN] Epoch 57/120 Iter 180/390 Loss 0.0359 Top1 98.80 Top5 100.00
2025-12-18 16:21:47,564 - INFO  - [NUDE][TRAIN] Epoch 57/120 Iter 200/390 Loss 0.0358 Top1 98.79 Top5 100.00
2025-12-18 16:21:48,254 - INFO  - [NUDE][TRAIN] Epoch 57/120 Iter 220/390 Loss 0.0361 Top1 98.76 Top5 100.00
2025-12-18 16:21:48,937 - INFO  - [NUDE][TRAIN] Epoch 57/120 Iter 240/390 Loss 0.0358 Top1 98.78 Top5 100.00
2025-12-18 16:21:49,620 - INFO  - [NUDE][TRAIN] Epoch 57/120 Iter 260/390 Loss 0.0355 Top1 98.80 Top5 100.00
2025-12-18 16:21:50,309 - INFO  - [NUDE][TRAIN] Epoch 57/120 Iter 280/390 Loss 0.0356 Top1 98.79 Top5 100.00
2025-12-18 16:21:50,991 - INFO  - [NUDE][TRAIN] Epoch 57/120 Iter 300/390 Loss 0.0359 Top1 98.78 Top5 100.00
2025-12-18 16:21:51,674 - INFO  - [NUDE][TRAIN] Epoch 57/120 Iter 320/390 Loss 0.0364 Top1 98.77 Top5 100.00
2025-12-18 16:21:52,358 - INFO  - [NUDE][TRAIN] Epoch 57/120 Iter 340/390 Loss 0.0369 Top1 98.76 Top5 100.00
2025-12-18 16:21:53,043 - INFO  - [NUDE][TRAIN] Epoch 57/120 Iter 360/390 Loss 0.0362 Top1 98.79 Top5 100.00
2025-12-18 16:21:53,725 - INFO  - [NUDE][TRAIN] Epoch 57/120 Iter 380/390 Loss 0.0357 Top1 98.81 Top5 100.00
2025-12-18 16:21:54,101 - INFO  - [NUDE] Validate: force max bit-width W/A = 6
2025-12-18 16:21:55,079 - INFO  - [NUDE][EPOCH] 57/120 Train: Top1=98.81 Top5=100.00 Loss=0.0356 | Val(EMA): Top1=88.94
2025-12-18 16:21:56,274 - INFO  - ([58] Epoch) Saving checkpoint to:
             Current: /root/autodl-tmp/retraining-free-quantization/training/alexnet_cifar10_single_gpu_clean120/alexnet_cifar10_single_gpu_clean120_checkpoint.pth.tar

2025-12-18 16:21:56,275 - INFO  - [NUDE] Epoch 58: force max bit-width W/A = 6
2025-12-18 16:21:57,143 - INFO  - [NUDE][TRAIN] Epoch 58/120 Iter 20/390 Loss 0.0355 Top1 98.83 Top5 99.96
2025-12-18 16:21:57,832 - INFO  - [NUDE][TRAIN] Epoch 58/120 Iter 40/390 Loss 0.0334 Top1 98.83 Top5 99.98
2025-12-18 16:21:58,518 - INFO  - [NUDE][TRAIN] Epoch 58/120 Iter 60/390 Loss 0.0311 Top1 98.96 Top5 99.99
2025-12-18 16:21:59,203 - INFO  - [NUDE][TRAIN] Epoch 58/120 Iter 80/390 Loss 0.0307 Top1 99.00 Top5 99.99
2025-12-18 16:21:59,887 - INFO  - [NUDE][TRAIN] Epoch 58/120 Iter 100/390 Loss 0.0302 Top1 99.01 Top5 99.99
2025-12-18 16:22:00,571 - INFO  - [NUDE][TRAIN] Epoch 58/120 Iter 120/390 Loss 0.0306 Top1 98.98 Top5 99.99
2025-12-18 16:22:01,255 - INFO  - [NUDE][TRAIN] Epoch 58/120 Iter 140/390 Loss 0.0301 Top1 99.02 Top5 99.99
2025-12-18 16:22:01,949 - INFO  - [NUDE][TRAIN] Epoch 58/120 Iter 160/390 Loss 0.0303 Top1 99.00 Top5 100.00
2025-12-18 16:22:02,634 - INFO  - [NUDE][TRAIN] Epoch 58/120 Iter 180/390 Loss 0.0311 Top1 98.97 Top5 100.00
2025-12-18 16:22:03,320 - INFO  - [NUDE][TRAIN] Epoch 58/120 Iter 200/390 Loss 0.0317 Top1 98.98 Top5 100.00
2025-12-18 16:22:04,005 - INFO  - [NUDE][TRAIN] Epoch 58/120 Iter 220/390 Loss 0.0315 Top1 98.99 Top5 100.00
2025-12-18 16:22:04,690 - INFO  - [NUDE][TRAIN] Epoch 58/120 Iter 240/390 Loss 0.0315 Top1 98.99 Top5 100.00
2025-12-18 16:22:05,384 - INFO  - [NUDE][TRAIN] Epoch 58/120 Iter 260/390 Loss 0.0315 Top1 99.00 Top5 100.00
2025-12-18 16:22:06,074 - INFO  - [NUDE][TRAIN] Epoch 58/120 Iter 280/390 Loss 0.0317 Top1 98.99 Top5 100.00
2025-12-18 16:22:06,763 - INFO  - [NUDE][TRAIN] Epoch 58/120 Iter 300/390 Loss 0.0315 Top1 98.99 Top5 100.00
2025-12-18 16:22:07,453 - INFO  - [NUDE][TRAIN] Epoch 58/120 Iter 320/390 Loss 0.0310 Top1 99.01 Top5 100.00
2025-12-18 16:22:08,141 - INFO  - [NUDE][TRAIN] Epoch 58/120 Iter 340/390 Loss 0.0314 Top1 98.99 Top5 100.00
2025-12-18 16:22:08,838 - INFO  - [NUDE][TRAIN] Epoch 58/120 Iter 360/390 Loss 0.0324 Top1 98.95 Top5 100.00
2025-12-18 16:22:09,537 - INFO  - [NUDE][TRAIN] Epoch 58/120 Iter 380/390 Loss 0.0327 Top1 98.92 Top5 100.00
2025-12-18 16:22:09,921 - INFO  - [NUDE] Validate: force max bit-width W/A = 6
2025-12-18 16:22:10,927 - INFO  - [NUDE][EPOCH] 58/120 Train: Top1=98.92 Top5=100.00 Loss=0.0328 | Val(EMA): Top1=88.90
2025-12-18 16:22:12,127 - INFO  - ([59] Epoch) Saving checkpoint to:
             Current: /root/autodl-tmp/retraining-free-quantization/training/alexnet_cifar10_single_gpu_clean120/alexnet_cifar10_single_gpu_clean120_checkpoint.pth.tar

2025-12-18 16:22:12,128 - INFO  - [NUDE] Epoch 59: force max bit-width W/A = 6
2025-12-18 16:22:12,995 - INFO  - [NUDE][TRAIN] Epoch 59/120 Iter 20/390 Loss 0.0293 Top1 98.95 Top5 100.00
2025-12-18 16:22:13,680 - INFO  - [NUDE][TRAIN] Epoch 59/120 Iter 40/390 Loss 0.0270 Top1 99.00 Top5 100.00
2025-12-18 16:22:14,370 - INFO  - [NUDE][TRAIN] Epoch 59/120 Iter 60/390 Loss 0.0279 Top1 99.05 Top5 100.00
2025-12-18 16:22:15,057 - INFO  - [NUDE][TRAIN] Epoch 59/120 Iter 80/390 Loss 0.0285 Top1 99.05 Top5 100.00
2025-12-18 16:22:15,740 - INFO  - [NUDE][TRAIN] Epoch 59/120 Iter 100/390 Loss 0.0274 Top1 99.09 Top5 100.00
2025-12-18 16:22:16,426 - INFO  - [NUDE][TRAIN] Epoch 59/120 Iter 120/390 Loss 0.0277 Top1 99.06 Top5 100.00
2025-12-18 16:22:17,111 - INFO  - [NUDE][TRAIN] Epoch 59/120 Iter 140/390 Loss 0.0272 Top1 99.08 Top5 100.00
2025-12-18 16:22:17,798 - INFO  - [NUDE][TRAIN] Epoch 59/120 Iter 160/390 Loss 0.0277 Top1 99.05 Top5 100.00
2025-12-18 16:22:18,490 - INFO  - [NUDE][TRAIN] Epoch 59/120 Iter 180/390 Loss 0.0278 Top1 99.04 Top5 100.00
2025-12-18 16:22:19,177 - INFO  - [NUDE][TRAIN] Epoch 59/120 Iter 200/390 Loss 0.0276 Top1 99.04 Top5 100.00
2025-12-18 16:22:19,862 - INFO  - [NUDE][TRAIN] Epoch 59/120 Iter 220/390 Loss 0.0283 Top1 99.02 Top5 100.00
2025-12-18 16:22:20,545 - INFO  - [NUDE][TRAIN] Epoch 59/120 Iter 240/390 Loss 0.0283 Top1 99.01 Top5 100.00
2025-12-18 16:22:21,231 - INFO  - [NUDE][TRAIN] Epoch 59/120 Iter 260/390 Loss 0.0284 Top1 99.01 Top5 100.00
2025-12-18 16:22:21,916 - INFO  - [NUDE][TRAIN] Epoch 59/120 Iter 280/390 Loss 0.0287 Top1 99.00 Top5 100.00
2025-12-18 16:22:22,603 - INFO  - [NUDE][TRAIN] Epoch 59/120 Iter 300/390 Loss 0.0288 Top1 98.99 Top5 100.00
2025-12-18 16:22:23,292 - INFO  - [NUDE][TRAIN] Epoch 59/120 Iter 320/390 Loss 0.0288 Top1 99.00 Top5 100.00
2025-12-18 16:22:23,983 - INFO  - [NUDE][TRAIN] Epoch 59/120 Iter 340/390 Loss 0.0288 Top1 99.01 Top5 100.00
2025-12-18 16:22:24,671 - INFO  - [NUDE][TRAIN] Epoch 59/120 Iter 360/390 Loss 0.0292 Top1 99.00 Top5 100.00
2025-12-18 16:22:25,370 - INFO  - [NUDE][TRAIN] Epoch 59/120 Iter 380/390 Loss 0.0295 Top1 99.00 Top5 100.00
2025-12-18 16:22:25,755 - INFO  - [NUDE] Validate: force max bit-width W/A = 6
2025-12-18 16:22:26,748 - INFO  - [NUDE][EPOCH] 59/120 Train: Top1=99.00 Top5=100.00 Loss=0.0297 | Val(EMA): Top1=88.91
2025-12-18 16:22:27,920 - INFO  - ([60] Epoch) Saving checkpoint to:
             Current: /root/autodl-tmp/retraining-free-quantization/training/alexnet_cifar10_single_gpu_clean120/alexnet_cifar10_single_gpu_clean120_checkpoint.pth.tar

2025-12-18 16:22:27,922 - INFO  - [NUDE] Epoch 60: force max bit-width W/A = 6
2025-12-18 16:22:28,793 - INFO  - [NUDE][TRAIN] Epoch 60/120 Iter 20/390 Loss 0.0278 Top1 99.06 Top5 100.00
2025-12-18 16:22:29,477 - INFO  - [NUDE][TRAIN] Epoch 60/120 Iter 40/390 Loss 0.0287 Top1 98.96 Top5 100.00
2025-12-18 16:22:30,164 - INFO  - [NUDE][TRAIN] Epoch 60/120 Iter 60/390 Loss 0.0295 Top1 98.95 Top5 100.00
2025-12-18 16:22:30,850 - INFO  - [NUDE][TRAIN] Epoch 60/120 Iter 80/390 Loss 0.0292 Top1 99.01 Top5 100.00
2025-12-18 16:22:31,541 - INFO  - [NUDE][TRAIN] Epoch 60/120 Iter 100/390 Loss 0.0302 Top1 98.99 Top5 100.00
2025-12-18 16:22:32,230 - INFO  - [NUDE][TRAIN] Epoch 60/120 Iter 120/390 Loss 0.0315 Top1 98.95 Top5 100.00
2025-12-18 16:22:32,917 - INFO  - [NUDE][TRAIN] Epoch 60/120 Iter 140/390 Loss 0.0307 Top1 98.97 Top5 100.00
2025-12-18 16:22:33,608 - INFO  - [NUDE][TRAIN] Epoch 60/120 Iter 160/390 Loss 0.0308 Top1 98.94 Top5 100.00
2025-12-18 16:22:34,299 - INFO  - [NUDE][TRAIN] Epoch 60/120 Iter 180/390 Loss 0.0300 Top1 98.97 Top5 100.00
2025-12-18 16:22:34,983 - INFO  - [NUDE][TRAIN] Epoch 60/120 Iter 200/390 Loss 0.0299 Top1 98.97 Top5 100.00
2025-12-18 16:22:35,673 - INFO  - [NUDE][TRAIN] Epoch 60/120 Iter 220/390 Loss 0.0292 Top1 99.01 Top5 100.00
2025-12-18 16:22:36,361 - INFO  - [NUDE][TRAIN] Epoch 60/120 Iter 240/390 Loss 0.0297 Top1 98.99 Top5 100.00
2025-12-18 16:22:37,046 - INFO  - [NUDE][TRAIN] Epoch 60/120 Iter 260/390 Loss 0.0299 Top1 98.99 Top5 100.00
2025-12-18 16:22:37,734 - INFO  - [NUDE][TRAIN] Epoch 60/120 Iter 280/390 Loss 0.0302 Top1 98.98 Top5 100.00
2025-12-18 16:22:38,419 - INFO  - [NUDE][TRAIN] Epoch 60/120 Iter 300/390 Loss 0.0300 Top1 98.99 Top5 100.00
2025-12-18 16:22:39,110 - INFO  - [NUDE][TRAIN] Epoch 60/120 Iter 320/390 Loss 0.0297 Top1 99.00 Top5 100.00
2025-12-18 16:22:39,799 - INFO  - [NUDE][TRAIN] Epoch 60/120 Iter 340/390 Loss 0.0296 Top1 99.01 Top5 100.00
2025-12-18 16:22:40,492 - INFO  - [NUDE][TRAIN] Epoch 60/120 Iter 360/390 Loss 0.0291 Top1 99.03 Top5 100.00
2025-12-18 16:22:41,178 - INFO  - [NUDE][TRAIN] Epoch 60/120 Iter 380/390 Loss 0.0291 Top1 99.02 Top5 100.00
2025-12-18 16:22:41,554 - INFO  - [NUDE] Validate: force max bit-width W/A = 6
2025-12-18 16:22:42,566 - INFO  - [NUDE][EPOCH] 60/120 Train: Top1=99.02 Top5=100.00 Loss=0.0293 | Val(EMA): Top1=88.93
2025-12-18 16:22:43,719 - INFO  - ([61] Epoch) Saving checkpoint to:
             Current: /root/autodl-tmp/retraining-free-quantization/training/alexnet_cifar10_single_gpu_clean120/alexnet_cifar10_single_gpu_clean120_checkpoint.pth.tar

2025-12-18 16:22:43,720 - INFO  - [NUDE] Epoch 61: force max bit-width W/A = 6
2025-12-18 16:22:44,614 - INFO  - [NUDE][TRAIN] Epoch 61/120 Iter 20/390 Loss 0.0246 Top1 99.30 Top5 100.00
2025-12-18 16:22:45,301 - INFO  - [NUDE][TRAIN] Epoch 61/120 Iter 40/390 Loss 0.0237 Top1 99.26 Top5 100.00
2025-12-18 16:22:45,986 - INFO  - [NUDE][TRAIN] Epoch 61/120 Iter 60/390 Loss 0.0252 Top1 99.22 Top5 100.00
2025-12-18 16:22:46,673 - INFO  - [NUDE][TRAIN] Epoch 61/120 Iter 80/390 Loss 0.0269 Top1 99.13 Top5 100.00
2025-12-18 16:22:47,358 - INFO  - [NUDE][TRAIN] Epoch 61/120 Iter 100/390 Loss 0.0254 Top1 99.17 Top5 100.00
2025-12-18 16:22:48,046 - INFO  - [NUDE][TRAIN] Epoch 61/120 Iter 120/390 Loss 0.0260 Top1 99.13 Top5 100.00
2025-12-18 16:22:48,732 - INFO  - [NUDE][TRAIN] Epoch 61/120 Iter 140/390 Loss 0.0265 Top1 99.11 Top5 100.00
2025-12-18 16:22:49,419 - INFO  - [NUDE][TRAIN] Epoch 61/120 Iter 160/390 Loss 0.0262 Top1 99.11 Top5 100.00
2025-12-18 16:22:50,111 - INFO  - [NUDE][TRAIN] Epoch 61/120 Iter 180/390 Loss 0.0268 Top1 99.11 Top5 100.00
2025-12-18 16:22:50,795 - INFO  - [NUDE][TRAIN] Epoch 61/120 Iter 200/390 Loss 0.0261 Top1 99.12 Top5 100.00
2025-12-18 16:22:51,487 - INFO  - [NUDE][TRAIN] Epoch 61/120 Iter 220/390 Loss 0.0267 Top1 99.10 Top5 100.00
2025-12-18 16:22:52,177 - INFO  - [NUDE][TRAIN] Epoch 61/120 Iter 240/390 Loss 0.0273 Top1 99.07 Top5 100.00
2025-12-18 16:22:52,872 - INFO  - [NUDE][TRAIN] Epoch 61/120 Iter 260/390 Loss 0.0275 Top1 99.05 Top5 100.00
2025-12-18 16:22:53,559 - INFO  - [NUDE][TRAIN] Epoch 61/120 Iter 280/390 Loss 0.0279 Top1 99.04 Top5 100.00
2025-12-18 16:22:54,243 - INFO  - [NUDE][TRAIN] Epoch 61/120 Iter 300/390 Loss 0.0275 Top1 99.07 Top5 100.00
2025-12-18 16:22:54,931 - INFO  - [NUDE][TRAIN] Epoch 61/120 Iter 320/390 Loss 0.0278 Top1 99.06 Top5 100.00
2025-12-18 16:22:55,615 - INFO  - [NUDE][TRAIN] Epoch 61/120 Iter 340/390 Loss 0.0280 Top1 99.05 Top5 100.00
2025-12-18 16:22:56,298 - INFO  - [NUDE][TRAIN] Epoch 61/120 Iter 360/390 Loss 0.0283 Top1 99.04 Top5 100.00
2025-12-18 16:22:56,981 - INFO  - [NUDE][TRAIN] Epoch 61/120 Iter 380/390 Loss 0.0280 Top1 99.05 Top5 100.00
2025-12-18 16:22:57,357 - INFO  - [NUDE] Validate: force max bit-width W/A = 6
2025-12-18 16:22:58,363 - INFO  - [NUDE][EPOCH] 61/120 Train: Top1=99.04 Top5=100.00 Loss=0.0281 | Val(EMA): Top1=89.00
2025-12-18 16:22:59,560 - INFO  - ([62] Epoch) Saving checkpoint to:
             Current: /root/autodl-tmp/retraining-free-quantization/training/alexnet_cifar10_single_gpu_clean120/alexnet_cifar10_single_gpu_clean120_checkpoint.pth.tar

2025-12-18 16:22:59,561 - INFO  - [NUDE] Epoch 62: force max bit-width W/A = 6
2025-12-18 16:23:00,423 - INFO  - [NUDE][TRAIN] Epoch 62/120 Iter 20/390 Loss 0.0299 Top1 98.95 Top5 100.00
2025-12-18 16:23:01,108 - INFO  - [NUDE][TRAIN] Epoch 62/120 Iter 40/390 Loss 0.0289 Top1 99.02 Top5 100.00
2025-12-18 16:23:01,791 - INFO  - [NUDE][TRAIN] Epoch 62/120 Iter 60/390 Loss 0.0295 Top1 99.00 Top5 100.00
2025-12-18 16:23:02,476 - INFO  - [NUDE][TRAIN] Epoch 62/120 Iter 80/390 Loss 0.0306 Top1 98.91 Top5 100.00
2025-12-18 16:23:03,165 - INFO  - [NUDE][TRAIN] Epoch 62/120 Iter 100/390 Loss 0.0302 Top1 98.95 Top5 100.00
2025-12-18 16:23:03,860 - INFO  - [NUDE][TRAIN] Epoch 62/120 Iter 120/390 Loss 0.0303 Top1 98.96 Top5 100.00
2025-12-18 16:23:04,552 - INFO  - [NUDE][TRAIN] Epoch 62/120 Iter 140/390 Loss 0.0290 Top1 99.01 Top5 100.00
2025-12-18 16:23:05,241 - INFO  - [NUDE][TRAIN] Epoch 62/120 Iter 160/390 Loss 0.0281 Top1 99.03 Top5 100.00
2025-12-18 16:23:05,928 - INFO  - [NUDE][TRAIN] Epoch 62/120 Iter 180/390 Loss 0.0282 Top1 99.02 Top5 100.00
2025-12-18 16:23:06,624 - INFO  - [NUDE][TRAIN] Epoch 62/120 Iter 200/390 Loss 0.0281 Top1 99.04 Top5 100.00
2025-12-18 16:23:07,311 - INFO  - [NUDE][TRAIN] Epoch 62/120 Iter 220/390 Loss 0.0288 Top1 99.02 Top5 100.00
2025-12-18 16:23:07,999 - INFO  - [NUDE][TRAIN] Epoch 62/120 Iter 240/390 Loss 0.0284 Top1 99.03 Top5 100.00
2025-12-18 16:23:08,686 - INFO  - [NUDE][TRAIN] Epoch 62/120 Iter 260/390 Loss 0.0280 Top1 99.05 Top5 100.00
2025-12-18 16:23:09,376 - INFO  - [NUDE][TRAIN] Epoch 62/120 Iter 280/390 Loss 0.0278 Top1 99.06 Top5 100.00
2025-12-18 16:23:10,062 - INFO  - [NUDE][TRAIN] Epoch 62/120 Iter 300/390 Loss 0.0275 Top1 99.07 Top5 100.00
2025-12-18 16:23:10,746 - INFO  - [NUDE][TRAIN] Epoch 62/120 Iter 320/390 Loss 0.0280 Top1 99.06 Top5 100.00
2025-12-18 16:23:11,430 - INFO  - [NUDE][TRAIN] Epoch 62/120 Iter 340/390 Loss 0.0283 Top1 99.05 Top5 100.00
2025-12-18 16:23:12,115 - INFO  - [NUDE][TRAIN] Epoch 62/120 Iter 360/390 Loss 0.0283 Top1 99.03 Top5 100.00
2025-12-18 16:23:12,798 - INFO  - [NUDE][TRAIN] Epoch 62/120 Iter 380/390 Loss 0.0286 Top1 99.03 Top5 100.00
2025-12-18 16:23:13,174 - INFO  - [NUDE] Validate: force max bit-width W/A = 6
2025-12-18 16:23:14,185 - INFO  - [NUDE][EPOCH] 62/120 Train: Top1=99.01 Top5=100.00 Loss=0.0289 | Val(EMA): Top1=88.83
2025-12-18 16:23:15,342 - INFO  - ([63] Epoch) Saving checkpoint to:
             Current: /root/autodl-tmp/retraining-free-quantization/training/alexnet_cifar10_single_gpu_clean120/alexnet_cifar10_single_gpu_clean120_checkpoint.pth.tar

2025-12-18 16:23:15,343 - INFO  - [NUDE] Epoch 63: force max bit-width W/A = 6
2025-12-18 16:23:16,202 - INFO  - [NUDE][TRAIN] Epoch 63/120 Iter 20/390 Loss 0.0215 Top1 99.30 Top5 100.00
2025-12-18 16:23:16,889 - INFO  - [NUDE][TRAIN] Epoch 63/120 Iter 40/390 Loss 0.0222 Top1 99.28 Top5 100.00
2025-12-18 16:23:17,574 - INFO  - [NUDE][TRAIN] Epoch 63/120 Iter 60/390 Loss 0.0225 Top1 99.26 Top5 99.99
2025-12-18 16:23:18,258 - INFO  - [NUDE][TRAIN] Epoch 63/120 Iter 80/390 Loss 0.0219 Top1 99.23 Top5 99.99
2025-12-18 16:23:18,944 - INFO  - [NUDE][TRAIN] Epoch 63/120 Iter 100/390 Loss 0.0252 Top1 99.12 Top5 99.99
2025-12-18 16:23:19,641 - INFO  - [NUDE][TRAIN] Epoch 63/120 Iter 120/390 Loss 0.0253 Top1 99.09 Top5 99.99
2025-12-18 16:23:20,332 - INFO  - [NUDE][TRAIN] Epoch 63/120 Iter 140/390 Loss 0.0242 Top1 99.13 Top5 99.99
2025-12-18 16:23:21,021 - INFO  - [NUDE][TRAIN] Epoch 63/120 Iter 160/390 Loss 0.0243 Top1 99.14 Top5 100.00
2025-12-18 16:23:21,708 - INFO  - [NUDE][TRAIN] Epoch 63/120 Iter 180/390 Loss 0.0242 Top1 99.14 Top5 100.00
2025-12-18 16:23:22,399 - INFO  - [NUDE][TRAIN] Epoch 63/120 Iter 200/390 Loss 0.0245 Top1 99.13 Top5 100.00
2025-12-18 16:23:23,091 - INFO  - [NUDE][TRAIN] Epoch 63/120 Iter 220/390 Loss 0.0246 Top1 99.14 Top5 100.00
2025-12-18 16:23:23,780 - INFO  - [NUDE][TRAIN] Epoch 63/120 Iter 240/390 Loss 0.0248 Top1 99.13 Top5 100.00
2025-12-18 16:23:24,466 - INFO  - [NUDE][TRAIN] Epoch 63/120 Iter 260/390 Loss 0.0253 Top1 99.13 Top5 100.00
2025-12-18 16:23:25,153 - INFO  - [NUDE][TRAIN] Epoch 63/120 Iter 280/390 Loss 0.0254 Top1 99.13 Top5 100.00
2025-12-18 16:23:25,847 - INFO  - [NUDE][TRAIN] Epoch 63/120 Iter 300/390 Loss 0.0250 Top1 99.14 Top5 100.00
2025-12-18 16:23:26,542 - INFO  - [NUDE][TRAIN] Epoch 63/120 Iter 320/390 Loss 0.0249 Top1 99.14 Top5 100.00
2025-12-18 16:23:27,227 - INFO  - [NUDE][TRAIN] Epoch 63/120 Iter 340/390 Loss 0.0248 Top1 99.14 Top5 100.00
2025-12-18 16:23:27,910 - INFO  - [NUDE][TRAIN] Epoch 63/120 Iter 360/390 Loss 0.0250 Top1 99.13 Top5 100.00
2025-12-18 16:23:28,596 - INFO  - [NUDE][TRAIN] Epoch 63/120 Iter 380/390 Loss 0.0248 Top1 99.13 Top5 100.00
2025-12-18 16:23:28,978 - INFO  - [NUDE] Validate: force max bit-width W/A = 6
2025-12-18 16:23:29,982 - INFO  - [NUDE][EPOCH] 63/120 Train: Top1=99.13 Top5=100.00 Loss=0.0249 | Val(EMA): Top1=88.82
2025-12-18 16:23:31,166 - INFO  - ([64] Epoch) Saving checkpoint to:
             Current: /root/autodl-tmp/retraining-free-quantization/training/alexnet_cifar10_single_gpu_clean120/alexnet_cifar10_single_gpu_clean120_checkpoint.pth.tar

2025-12-18 16:23:31,167 - INFO  - [NUDE] Epoch 64: force max bit-width W/A = 6
2025-12-18 16:23:32,048 - INFO  - [NUDE][TRAIN] Epoch 64/120 Iter 20/390 Loss 0.0317 Top1 98.87 Top5 100.00
2025-12-18 16:23:32,736 - INFO  - [NUDE][TRAIN] Epoch 64/120 Iter 40/390 Loss 0.0271 Top1 99.12 Top5 100.00
2025-12-18 16:23:33,431 - INFO  - [NUDE][TRAIN] Epoch 64/120 Iter 60/390 Loss 0.0278 Top1 99.05 Top5 100.00
2025-12-18 16:23:34,123 - INFO  - [NUDE][TRAIN] Epoch 64/120 Iter 80/390 Loss 0.0266 Top1 99.06 Top5 100.00
2025-12-18 16:23:34,808 - INFO  - [NUDE][TRAIN] Epoch 64/120 Iter 100/390 Loss 0.0280 Top1 99.00 Top5 99.99
2025-12-18 16:23:35,492 - INFO  - [NUDE][TRAIN] Epoch 64/120 Iter 120/390 Loss 0.0273 Top1 99.05 Top5 99.99
2025-12-18 16:23:36,172 - INFO  - [NUDE][TRAIN] Epoch 64/120 Iter 140/390 Loss 0.0285 Top1 99.00 Top5 99.99
2025-12-18 16:23:36,859 - INFO  - [NUDE][TRAIN] Epoch 64/120 Iter 160/390 Loss 0.0273 Top1 99.06 Top5 100.00
2025-12-18 16:23:37,541 - INFO  - [NUDE][TRAIN] Epoch 64/120 Iter 180/390 Loss 0.0265 Top1 99.08 Top5 100.00
2025-12-18 16:23:38,229 - INFO  - [NUDE][TRAIN] Epoch 64/120 Iter 200/390 Loss 0.0260 Top1 99.11 Top5 100.00
2025-12-18 16:23:38,913 - INFO  - [NUDE][TRAIN] Epoch 64/120 Iter 220/390 Loss 0.0262 Top1 99.11 Top5 100.00
2025-12-18 16:23:39,595 - INFO  - [NUDE][TRAIN] Epoch 64/120 Iter 240/390 Loss 0.0263 Top1 99.11 Top5 100.00
2025-12-18 16:23:40,281 - INFO  - [NUDE][TRAIN] Epoch 64/120 Iter 260/390 Loss 0.0257 Top1 99.13 Top5 100.00
2025-12-18 16:23:40,967 - INFO  - [NUDE][TRAIN] Epoch 64/120 Iter 280/390 Loss 0.0251 Top1 99.14 Top5 100.00
2025-12-18 16:23:41,655 - INFO  - [NUDE][TRAIN] Epoch 64/120 Iter 300/390 Loss 0.0242 Top1 99.17 Top5 100.00
2025-12-18 16:23:42,339 - INFO  - [NUDE][TRAIN] Epoch 64/120 Iter 320/390 Loss 0.0247 Top1 99.17 Top5 100.00
2025-12-18 16:23:43,032 - INFO  - [NUDE][TRAIN] Epoch 64/120 Iter 340/390 Loss 0.0243 Top1 99.18 Top5 100.00
2025-12-18 16:23:43,727 - INFO  - [NUDE][TRAIN] Epoch 64/120 Iter 360/390 Loss 0.0242 Top1 99.19 Top5 100.00
2025-12-18 16:23:44,411 - INFO  - [NUDE][TRAIN] Epoch 64/120 Iter 380/390 Loss 0.0244 Top1 99.18 Top5 100.00
2025-12-18 16:23:44,788 - INFO  - [NUDE] Validate: force max bit-width W/A = 6
2025-12-18 16:23:45,778 - INFO  - [NUDE][EPOCH] 64/120 Train: Top1=99.19 Top5=100.00 Loss=0.0242 | Val(EMA): Top1=88.83
2025-12-18 16:23:46,961 - INFO  - ([65] Epoch) Saving checkpoint to:
             Current: /root/autodl-tmp/retraining-free-quantization/training/alexnet_cifar10_single_gpu_clean120/alexnet_cifar10_single_gpu_clean120_checkpoint.pth.tar

2025-12-18 16:23:46,962 - INFO  - [NUDE] Epoch 65: force max bit-width W/A = 6
2025-12-18 16:23:47,821 - INFO  - [NUDE][TRAIN] Epoch 65/120 Iter 20/390 Loss 0.0267 Top1 99.18 Top5 100.00
2025-12-18 16:23:48,502 - INFO  - [NUDE][TRAIN] Epoch 65/120 Iter 40/390 Loss 0.0249 Top1 99.24 Top5 100.00
2025-12-18 16:23:49,187 - INFO  - [NUDE][TRAIN] Epoch 65/120 Iter 60/390 Loss 0.0219 Top1 99.34 Top5 100.00
2025-12-18 16:23:49,874 - INFO  - [NUDE][TRAIN] Epoch 65/120 Iter 80/390 Loss 0.0208 Top1 99.37 Top5 100.00
2025-12-18 16:23:50,572 - INFO  - [NUDE][TRAIN] Epoch 65/120 Iter 100/390 Loss 0.0218 Top1 99.33 Top5 100.00
2025-12-18 16:23:51,267 - INFO  - [NUDE][TRAIN] Epoch 65/120 Iter 120/390 Loss 0.0211 Top1 99.35 Top5 100.00
2025-12-18 16:23:51,954 - INFO  - [NUDE][TRAIN] Epoch 65/120 Iter 140/390 Loss 0.0214 Top1 99.33 Top5 100.00
2025-12-18 16:23:52,638 - INFO  - [NUDE][TRAIN] Epoch 65/120 Iter 160/390 Loss 0.0223 Top1 99.29 Top5 100.00
2025-12-18 16:23:53,322 - INFO  - [NUDE][TRAIN] Epoch 65/120 Iter 180/390 Loss 0.0221 Top1 99.29 Top5 100.00
2025-12-18 16:23:54,007 - INFO  - [NUDE][TRAIN] Epoch 65/120 Iter 200/390 Loss 0.0219 Top1 99.30 Top5 100.00
2025-12-18 16:23:54,691 - INFO  - [NUDE][TRAIN] Epoch 65/120 Iter 220/390 Loss 0.0220 Top1 99.30 Top5 100.00
2025-12-18 16:23:55,377 - INFO  - [NUDE][TRAIN] Epoch 65/120 Iter 240/390 Loss 0.0220 Top1 99.28 Top5 100.00
2025-12-18 16:23:56,060 - INFO  - [NUDE][TRAIN] Epoch 65/120 Iter 260/390 Loss 0.0223 Top1 99.27 Top5 100.00
2025-12-18 16:23:56,752 - INFO  - [NUDE][TRAIN] Epoch 65/120 Iter 280/390 Loss 0.0225 Top1 99.27 Top5 100.00
2025-12-18 16:23:57,439 - INFO  - [NUDE][TRAIN] Epoch 65/120 Iter 300/390 Loss 0.0228 Top1 99.27 Top5 100.00
2025-12-18 16:23:58,124 - INFO  - [NUDE][TRAIN] Epoch 65/120 Iter 320/390 Loss 0.0230 Top1 99.26 Top5 100.00
2025-12-18 16:23:58,815 - INFO  - [NUDE][TRAIN] Epoch 65/120 Iter 340/390 Loss 0.0226 Top1 99.27 Top5 100.00
2025-12-18 16:23:59,506 - INFO  - [NUDE][TRAIN] Epoch 65/120 Iter 360/390 Loss 0.0224 Top1 99.28 Top5 100.00
2025-12-18 16:24:00,190 - INFO  - [NUDE][TRAIN] Epoch 65/120 Iter 380/390 Loss 0.0224 Top1 99.28 Top5 100.00
2025-12-18 16:24:00,566 - INFO  - [NUDE] Validate: force max bit-width W/A = 6
2025-12-18 16:24:01,548 - INFO  - [NUDE][EPOCH] 65/120 Train: Top1=99.28 Top5=100.00 Loss=0.0224 | Val(EMA): Top1=88.78
2025-12-18 16:24:02,741 - INFO  - ([66] Epoch) Saving checkpoint to:
             Current: /root/autodl-tmp/retraining-free-quantization/training/alexnet_cifar10_single_gpu_clean120/alexnet_cifar10_single_gpu_clean120_checkpoint.pth.tar

2025-12-18 16:24:02,743 - INFO  - [NUDE] Epoch 66: force max bit-width W/A = 6
2025-12-18 16:24:03,599 - INFO  - [NUDE][TRAIN] Epoch 66/120 Iter 20/390 Loss 0.0142 Top1 99.61 Top5 100.00
2025-12-18 16:24:04,287 - INFO  - [NUDE][TRAIN] Epoch 66/120 Iter 40/390 Loss 0.0197 Top1 99.39 Top5 100.00
2025-12-18 16:24:04,976 - INFO  - [NUDE][TRAIN] Epoch 66/120 Iter 60/390 Loss 0.0198 Top1 99.36 Top5 100.00
2025-12-18 16:24:05,662 - INFO  - [NUDE][TRAIN] Epoch 66/120 Iter 80/390 Loss 0.0201 Top1 99.33 Top5 100.00
2025-12-18 16:24:06,348 - INFO  - [NUDE][TRAIN] Epoch 66/120 Iter 100/390 Loss 0.0207 Top1 99.32 Top5 100.00
2025-12-18 16:24:07,037 - INFO  - [NUDE][TRAIN] Epoch 66/120 Iter 120/390 Loss 0.0198 Top1 99.34 Top5 100.00
2025-12-18 16:24:07,724 - INFO  - [NUDE][TRAIN] Epoch 66/120 Iter 140/390 Loss 0.0193 Top1 99.36 Top5 100.00
2025-12-18 16:24:08,410 - INFO  - [NUDE][TRAIN] Epoch 66/120 Iter 160/390 Loss 0.0192 Top1 99.37 Top5 100.00
2025-12-18 16:24:09,092 - INFO  - [NUDE][TRAIN] Epoch 66/120 Iter 180/390 Loss 0.0197 Top1 99.34 Top5 100.00
2025-12-18 16:24:09,774 - INFO  - [NUDE][TRAIN] Epoch 66/120 Iter 200/390 Loss 0.0209 Top1 99.31 Top5 100.00
2025-12-18 16:24:10,460 - INFO  - [NUDE][TRAIN] Epoch 66/120 Iter 220/390 Loss 0.0208 Top1 99.30 Top5 100.00
2025-12-18 16:24:11,152 - INFO  - [NUDE][TRAIN] Epoch 66/120 Iter 240/390 Loss 0.0204 Top1 99.30 Top5 100.00
2025-12-18 16:24:11,840 - INFO  - [NUDE][TRAIN] Epoch 66/120 Iter 260/390 Loss 0.0198 Top1 99.32 Top5 100.00
2025-12-18 16:24:12,533 - INFO  - [NUDE][TRAIN] Epoch 66/120 Iter 280/390 Loss 0.0195 Top1 99.32 Top5 100.00
2025-12-18 16:24:13,221 - INFO  - [NUDE][TRAIN] Epoch 66/120 Iter 300/390 Loss 0.0194 Top1 99.34 Top5 100.00
2025-12-18 16:24:13,914 - INFO  - [NUDE][TRAIN] Epoch 66/120 Iter 320/390 Loss 0.0191 Top1 99.35 Top5 100.00
2025-12-18 16:24:14,615 - INFO  - [NUDE][TRAIN] Epoch 66/120 Iter 340/390 Loss 0.0190 Top1 99.35 Top5 100.00
2025-12-18 16:24:15,308 - INFO  - [NUDE][TRAIN] Epoch 66/120 Iter 360/390 Loss 0.0190 Top1 99.36 Top5 100.00
2025-12-18 16:24:16,007 - INFO  - [NUDE][TRAIN] Epoch 66/120 Iter 380/390 Loss 0.0188 Top1 99.36 Top5 100.00
2025-12-18 16:24:16,384 - INFO  - [NUDE] Validate: force max bit-width W/A = 6
2025-12-18 16:24:17,412 - INFO  - [NUDE][EPOCH] 66/120 Train: Top1=99.37 Top5=100.00 Loss=0.0187 | Val(EMA): Top1=88.87
2025-12-18 16:24:18,559 - INFO  - ([67] Epoch) Saving checkpoint to:
             Current: /root/autodl-tmp/retraining-free-quantization/training/alexnet_cifar10_single_gpu_clean120/alexnet_cifar10_single_gpu_clean120_checkpoint.pth.tar

2025-12-18 16:24:18,560 - INFO  - [NUDE] Epoch 67: force max bit-width W/A = 6
2025-12-18 16:24:19,442 - INFO  - [NUDE][TRAIN] Epoch 67/120 Iter 20/390 Loss 0.0139 Top1 99.65 Top5 100.00
2025-12-18 16:24:20,139 - INFO  - [NUDE][TRAIN] Epoch 67/120 Iter 40/390 Loss 0.0156 Top1 99.59 Top5 100.00
2025-12-18 16:24:20,829 - INFO  - [NUDE][TRAIN] Epoch 67/120 Iter 60/390 Loss 0.0172 Top1 99.56 Top5 100.00
2025-12-18 16:24:21,524 - INFO  - [NUDE][TRAIN] Epoch 67/120 Iter 80/390 Loss 0.0165 Top1 99.50 Top5 100.00
2025-12-18 16:24:22,228 - INFO  - [NUDE][TRAIN] Epoch 67/120 Iter 100/390 Loss 0.0172 Top1 99.46 Top5 100.00
2025-12-18 16:24:22,925 - INFO  - [NUDE][TRAIN] Epoch 67/120 Iter 120/390 Loss 0.0182 Top1 99.42 Top5 100.00
2025-12-18 16:24:23,630 - INFO  - [NUDE][TRAIN] Epoch 67/120 Iter 140/390 Loss 0.0178 Top1 99.43 Top5 100.00
2025-12-18 16:24:24,336 - INFO  - [NUDE][TRAIN] Epoch 67/120 Iter 160/390 Loss 0.0174 Top1 99.45 Top5 100.00
2025-12-18 16:24:25,029 - INFO  - [NUDE][TRAIN] Epoch 67/120 Iter 180/390 Loss 0.0167 Top1 99.47 Top5 100.00
2025-12-18 16:24:25,719 - INFO  - [NUDE][TRAIN] Epoch 67/120 Iter 200/390 Loss 0.0172 Top1 99.45 Top5 100.00
2025-12-18 16:24:26,407 - INFO  - [NUDE][TRAIN] Epoch 67/120 Iter 220/390 Loss 0.0174 Top1 99.44 Top5 100.00
2025-12-18 16:24:27,095 - INFO  - [NUDE][TRAIN] Epoch 67/120 Iter 240/390 Loss 0.0172 Top1 99.45 Top5 100.00
2025-12-18 16:24:27,783 - INFO  - [NUDE][TRAIN] Epoch 67/120 Iter 260/390 Loss 0.0172 Top1 99.45 Top5 100.00
2025-12-18 16:24:28,488 - INFO  - [NUDE][TRAIN] Epoch 67/120 Iter 280/390 Loss 0.0168 Top1 99.46 Top5 100.00
2025-12-18 16:24:29,190 - INFO  - [NUDE][TRAIN] Epoch 67/120 Iter 300/390 Loss 0.0168 Top1 99.46 Top5 100.00
2025-12-18 16:24:29,876 - INFO  - [NUDE][TRAIN] Epoch 67/120 Iter 320/390 Loss 0.0168 Top1 99.46 Top5 100.00
2025-12-18 16:24:30,571 - INFO  - [NUDE][TRAIN] Epoch 67/120 Iter 340/390 Loss 0.0166 Top1 99.46 Top5 100.00
2025-12-18 16:24:31,266 - INFO  - [NUDE][TRAIN] Epoch 67/120 Iter 360/390 Loss 0.0168 Top1 99.44 Top5 100.00
2025-12-18 16:24:31,959 - INFO  - [NUDE][TRAIN] Epoch 67/120 Iter 380/390 Loss 0.0167 Top1 99.44 Top5 100.00
2025-12-18 16:24:32,348 - INFO  - [NUDE] Validate: force max bit-width W/A = 6
2025-12-18 16:24:33,359 - INFO  - [NUDE][EPOCH] 67/120 Train: Top1=99.44 Top5=100.00 Loss=0.0167 | Val(EMA): Top1=88.84
2025-12-18 16:24:34,555 - INFO  - ([68] Epoch) Saving checkpoint to:
             Current: /root/autodl-tmp/retraining-free-quantization/training/alexnet_cifar10_single_gpu_clean120/alexnet_cifar10_single_gpu_clean120_checkpoint.pth.tar

2025-12-18 16:24:34,557 - INFO  - [NUDE] Epoch 68: force max bit-width W/A = 6
2025-12-18 16:24:35,438 - INFO  - [NUDE][TRAIN] Epoch 68/120 Iter 20/390 Loss 0.0150 Top1 99.34 Top5 100.00
2025-12-18 16:24:36,136 - INFO  - [NUDE][TRAIN] Epoch 68/120 Iter 40/390 Loss 0.0153 Top1 99.45 Top5 100.00
2025-12-18 16:24:36,830 - INFO  - [NUDE][TRAIN] Epoch 68/120 Iter 60/390 Loss 0.0154 Top1 99.49 Top5 100.00
2025-12-18 16:24:37,524 - INFO  - [NUDE][TRAIN] Epoch 68/120 Iter 80/390 Loss 0.0137 Top1 99.55 Top5 100.00
2025-12-18 16:24:38,212 - INFO  - [NUDE][TRAIN] Epoch 68/120 Iter 100/390 Loss 0.0142 Top1 99.53 Top5 100.00
2025-12-18 16:24:38,911 - INFO  - [NUDE][TRAIN] Epoch 68/120 Iter 120/390 Loss 0.0142 Top1 99.53 Top5 100.00
2025-12-18 16:24:39,598 - INFO  - [NUDE][TRAIN] Epoch 68/120 Iter 140/390 Loss 0.0140 Top1 99.53 Top5 100.00
2025-12-18 16:24:40,290 - INFO  - [NUDE][TRAIN] Epoch 68/120 Iter 160/390 Loss 0.0139 Top1 99.53 Top5 100.00
2025-12-18 16:24:40,978 - INFO  - [NUDE][TRAIN] Epoch 68/120 Iter 180/390 Loss 0.0140 Top1 99.53 Top5 100.00
2025-12-18 16:24:41,664 - INFO  - [NUDE][TRAIN] Epoch 68/120 Iter 200/390 Loss 0.0138 Top1 99.54 Top5 100.00
2025-12-18 16:24:42,353 - INFO  - [NUDE][TRAIN] Epoch 68/120 Iter 220/390 Loss 0.0135 Top1 99.55 Top5 100.00
2025-12-18 16:24:43,039 - INFO  - [NUDE][TRAIN] Epoch 68/120 Iter 240/390 Loss 0.0137 Top1 99.55 Top5 100.00
2025-12-18 16:24:43,729 - INFO  - [NUDE][TRAIN] Epoch 68/120 Iter 260/390 Loss 0.0145 Top1 99.52 Top5 100.00
2025-12-18 16:24:44,426 - INFO  - [NUDE][TRAIN] Epoch 68/120 Iter 280/390 Loss 0.0147 Top1 99.51 Top5 100.00
2025-12-18 16:24:45,123 - INFO  - [NUDE][TRAIN] Epoch 68/120 Iter 300/390 Loss 0.0147 Top1 99.50 Top5 100.00
2025-12-18 16:24:45,820 - INFO  - [NUDE][TRAIN] Epoch 68/120 Iter 320/390 Loss 0.0146 Top1 99.50 Top5 100.00
2025-12-18 16:24:46,518 - INFO  - [NUDE][TRAIN] Epoch 68/120 Iter 340/390 Loss 0.0145 Top1 99.51 Top5 100.00
2025-12-18 16:24:47,224 - INFO  - [NUDE][TRAIN] Epoch 68/120 Iter 360/390 Loss 0.0148 Top1 99.50 Top5 100.00
2025-12-18 16:24:47,919 - INFO  - [NUDE][TRAIN] Epoch 68/120 Iter 380/390 Loss 0.0148 Top1 99.50 Top5 100.00
2025-12-18 16:24:48,299 - INFO  - [NUDE] Validate: force max bit-width W/A = 6
2025-12-18 16:24:49,346 - INFO  - [NUDE][EPOCH] 68/120 Train: Top1=99.51 Top5=100.00 Loss=0.0147 | Val(EMA): Top1=88.72
2025-12-18 16:24:50,576 - INFO  - ([69] Epoch) Saving checkpoint to:
             Current: /root/autodl-tmp/retraining-free-quantization/training/alexnet_cifar10_single_gpu_clean120/alexnet_cifar10_single_gpu_clean120_checkpoint.pth.tar

2025-12-18 16:24:50,578 - INFO  - [NUDE] Epoch 69: force max bit-width W/A = 6
2025-12-18 16:24:51,444 - INFO  - [NUDE][TRAIN] Epoch 69/120 Iter 20/390 Loss 0.0150 Top1 99.49 Top5 100.00
2025-12-18 16:24:52,135 - INFO  - [NUDE][TRAIN] Epoch 69/120 Iter 40/390 Loss 0.0128 Top1 99.61 Top5 100.00
2025-12-18 16:24:52,831 - INFO  - [NUDE][TRAIN] Epoch 69/120 Iter 60/390 Loss 0.0125 Top1 99.60 Top5 100.00
2025-12-18 16:24:53,518 - INFO  - [NUDE][TRAIN] Epoch 69/120 Iter 80/390 Loss 0.0133 Top1 99.56 Top5 100.00
2025-12-18 16:24:54,205 - INFO  - [NUDE][TRAIN] Epoch 69/120 Iter 100/390 Loss 0.0145 Top1 99.51 Top5 100.00
2025-12-18 16:24:54,897 - INFO  - [NUDE][TRAIN] Epoch 69/120 Iter 120/390 Loss 0.0153 Top1 99.47 Top5 100.00
2025-12-18 16:24:55,585 - INFO  - [NUDE][TRAIN] Epoch 69/120 Iter 140/390 Loss 0.0157 Top1 99.48 Top5 100.00
2025-12-18 16:24:56,277 - INFO  - [NUDE][TRAIN] Epoch 69/120 Iter 160/390 Loss 0.0157 Top1 99.48 Top5 100.00
2025-12-18 16:24:56,972 - INFO  - [NUDE][TRAIN] Epoch 69/120 Iter 180/390 Loss 0.0159 Top1 99.48 Top5 100.00
2025-12-18 16:24:57,662 - INFO  - [NUDE][TRAIN] Epoch 69/120 Iter 200/390 Loss 0.0168 Top1 99.45 Top5 100.00
2025-12-18 16:24:58,361 - INFO  - [NUDE][TRAIN] Epoch 69/120 Iter 220/390 Loss 0.0165 Top1 99.46 Top5 100.00
2025-12-18 16:24:59,054 - INFO  - [NUDE][TRAIN] Epoch 69/120 Iter 240/390 Loss 0.0163 Top1 99.47 Top5 100.00
2025-12-18 16:24:59,755 - INFO  - [NUDE][TRAIN] Epoch 69/120 Iter 260/390 Loss 0.0160 Top1 99.47 Top5 100.00
2025-12-18 16:25:00,441 - INFO  - [NUDE][TRAIN] Epoch 69/120 Iter 280/390 Loss 0.0160 Top1 99.46 Top5 100.00
2025-12-18 16:25:01,130 - INFO  - [NUDE][TRAIN] Epoch 69/120 Iter 300/390 Loss 0.0157 Top1 99.46 Top5 100.00
2025-12-18 16:25:01,818 - INFO  - [NUDE][TRAIN] Epoch 69/120 Iter 320/390 Loss 0.0159 Top1 99.45 Top5 100.00
2025-12-18 16:25:02,509 - INFO  - [NUDE][TRAIN] Epoch 69/120 Iter 340/390 Loss 0.0158 Top1 99.46 Top5 100.00
2025-12-18 16:25:03,197 - INFO  - [NUDE][TRAIN] Epoch 69/120 Iter 360/390 Loss 0.0155 Top1 99.47 Top5 100.00
2025-12-18 16:25:03,890 - INFO  - [NUDE][TRAIN] Epoch 69/120 Iter 380/390 Loss 0.0154 Top1 99.48 Top5 100.00
2025-12-18 16:25:04,274 - INFO  - [NUDE] Validate: force max bit-width W/A = 6
2025-12-18 16:25:05,268 - INFO  - [NUDE][EPOCH] 69/120 Train: Top1=99.48 Top5=100.00 Loss=0.0154 | Val(EMA): Top1=88.91
2025-12-18 16:25:06,435 - INFO  - ([70] Epoch) Saving checkpoint to:
             Current: /root/autodl-tmp/retraining-free-quantization/training/alexnet_cifar10_single_gpu_clean120/alexnet_cifar10_single_gpu_clean120_checkpoint.pth.tar

2025-12-18 16:25:06,437 - INFO  - [NUDE] Epoch 70: force max bit-width W/A = 6
2025-12-18 16:25:07,329 - INFO  - [NUDE][TRAIN] Epoch 70/120 Iter 20/390 Loss 0.0107 Top1 99.61 Top5 100.00
2025-12-18 16:25:08,021 - INFO  - [NUDE][TRAIN] Epoch 70/120 Iter 40/390 Loss 0.0091 Top1 99.67 Top5 100.00
2025-12-18 16:25:08,710 - INFO  - [NUDE][TRAIN] Epoch 70/120 Iter 60/390 Loss 0.0082 Top1 99.70 Top5 100.00
2025-12-18 16:25:09,408 - INFO  - [NUDE][TRAIN] Epoch 70/120 Iter 80/390 Loss 0.0102 Top1 99.61 Top5 100.00
2025-12-18 16:25:10,101 - INFO  - [NUDE][TRAIN] Epoch 70/120 Iter 100/390 Loss 0.0124 Top1 99.53 Top5 100.00
2025-12-18 16:25:10,797 - INFO  - [NUDE][TRAIN] Epoch 70/120 Iter 120/390 Loss 0.0136 Top1 99.53 Top5 100.00
2025-12-18 16:25:11,496 - INFO  - [NUDE][TRAIN] Epoch 70/120 Iter 140/390 Loss 0.0135 Top1 99.54 Top5 100.00
2025-12-18 16:25:12,187 - INFO  - [NUDE][TRAIN] Epoch 70/120 Iter 160/390 Loss 0.0138 Top1 99.52 Top5 100.00
2025-12-18 16:25:12,878 - INFO  - [NUDE][TRAIN] Epoch 70/120 Iter 180/390 Loss 0.0133 Top1 99.54 Top5 100.00
2025-12-18 16:25:13,570 - INFO  - [NUDE][TRAIN] Epoch 70/120 Iter 200/390 Loss 0.0133 Top1 99.56 Top5 100.00
2025-12-18 16:25:14,264 - INFO  - [NUDE][TRAIN] Epoch 70/120 Iter 220/390 Loss 0.0133 Top1 99.55 Top5 100.00
2025-12-18 16:25:14,969 - INFO  - [NUDE][TRAIN] Epoch 70/120 Iter 240/390 Loss 0.0131 Top1 99.55 Top5 100.00
2025-12-18 16:25:15,664 - INFO  - [NUDE][TRAIN] Epoch 70/120 Iter 260/390 Loss 0.0130 Top1 99.56 Top5 100.00
2025-12-18 16:25:16,354 - INFO  - [NUDE][TRAIN] Epoch 70/120 Iter 280/390 Loss 0.0129 Top1 99.56 Top5 100.00
2025-12-18 16:25:17,046 - INFO  - [NUDE][TRAIN] Epoch 70/120 Iter 300/390 Loss 0.0132 Top1 99.55 Top5 100.00
2025-12-18 16:25:17,735 - INFO  - [NUDE][TRAIN] Epoch 70/120 Iter 320/390 Loss 0.0128 Top1 99.56 Top5 100.00
2025-12-18 16:25:18,427 - INFO  - [NUDE][TRAIN] Epoch 70/120 Iter 340/390 Loss 0.0130 Top1 99.56 Top5 100.00
2025-12-18 16:25:19,114 - INFO  - [NUDE][TRAIN] Epoch 70/120 Iter 360/390 Loss 0.0128 Top1 99.57 Top5 100.00
2025-12-18 16:25:19,809 - INFO  - [NUDE][TRAIN] Epoch 70/120 Iter 380/390 Loss 0.0126 Top1 99.58 Top5 100.00
2025-12-18 16:25:20,186 - INFO  - [NUDE] Validate: force max bit-width W/A = 6
2025-12-18 16:25:21,195 - INFO  - [NUDE][EPOCH] 70/120 Train: Top1=99.58 Top5=100.00 Loss=0.0128 | Val(EMA): Top1=88.89
2025-12-18 16:25:22,408 - INFO  - ([71] Epoch) Saving checkpoint to:
             Current: /root/autodl-tmp/retraining-free-quantization/training/alexnet_cifar10_single_gpu_clean120/alexnet_cifar10_single_gpu_clean120_checkpoint.pth.tar

2025-12-18 16:25:22,409 - INFO  - [NUDE] Epoch 71: force max bit-width W/A = 6
2025-12-18 16:25:23,291 - INFO  - [NUDE][TRAIN] Epoch 71/120 Iter 20/390 Loss 0.0130 Top1 99.69 Top5 100.00
2025-12-18 16:25:23,987 - INFO  - [NUDE][TRAIN] Epoch 71/120 Iter 40/390 Loss 0.0105 Top1 99.69 Top5 100.00
2025-12-18 16:25:24,674 - INFO  - [NUDE][TRAIN] Epoch 71/120 Iter 60/390 Loss 0.0116 Top1 99.66 Top5 100.00
2025-12-18 16:25:25,366 - INFO  - [NUDE][TRAIN] Epoch 71/120 Iter 80/390 Loss 0.0127 Top1 99.62 Top5 100.00
2025-12-18 16:25:26,058 - INFO  - [NUDE][TRAIN] Epoch 71/120 Iter 100/390 Loss 0.0142 Top1 99.55 Top5 100.00
2025-12-18 16:25:26,742 - INFO  - [NUDE][TRAIN] Epoch 71/120 Iter 120/390 Loss 0.0138 Top1 99.55 Top5 100.00
2025-12-18 16:25:27,429 - INFO  - [NUDE][TRAIN] Epoch 71/120 Iter 140/390 Loss 0.0134 Top1 99.57 Top5 100.00
2025-12-18 16:25:28,112 - INFO  - [NUDE][TRAIN] Epoch 71/120 Iter 160/390 Loss 0.0128 Top1 99.58 Top5 100.00
2025-12-18 16:25:28,803 - INFO  - [NUDE][TRAIN] Epoch 71/120 Iter 180/390 Loss 0.0131 Top1 99.58 Top5 100.00
2025-12-18 16:25:29,486 - INFO  - [NUDE][TRAIN] Epoch 71/120 Iter 200/390 Loss 0.0129 Top1 99.58 Top5 100.00
2025-12-18 16:25:30,170 - INFO  - [NUDE][TRAIN] Epoch 71/120 Iter 220/390 Loss 0.0129 Top1 99.57 Top5 100.00
2025-12-18 16:25:30,863 - INFO  - [NUDE][TRAIN] Epoch 71/120 Iter 240/390 Loss 0.0129 Top1 99.57 Top5 100.00
2025-12-18 16:25:31,547 - INFO  - [NUDE][TRAIN] Epoch 71/120 Iter 260/390 Loss 0.0127 Top1 99.58 Top5 100.00
2025-12-18 16:25:32,231 - INFO  - [NUDE][TRAIN] Epoch 71/120 Iter 280/390 Loss 0.0126 Top1 99.58 Top5 100.00
2025-12-18 16:25:32,917 - INFO  - [NUDE][TRAIN] Epoch 71/120 Iter 300/390 Loss 0.0128 Top1 99.57 Top5 100.00
2025-12-18 16:25:33,609 - INFO  - [NUDE][TRAIN] Epoch 71/120 Iter 320/390 Loss 0.0128 Top1 99.57 Top5 100.00
2025-12-18 16:25:34,305 - INFO  - [NUDE][TRAIN] Epoch 71/120 Iter 340/390 Loss 0.0128 Top1 99.57 Top5 100.00
2025-12-18 16:25:34,998 - INFO  - [NUDE][TRAIN] Epoch 71/120 Iter 360/390 Loss 0.0126 Top1 99.57 Top5 100.00
2025-12-18 16:25:35,689 - INFO  - [NUDE][TRAIN] Epoch 71/120 Iter 380/390 Loss 0.0130 Top1 99.56 Top5 100.00
2025-12-18 16:25:36,069 - INFO  - [NUDE] Validate: force max bit-width W/A = 6
2025-12-18 16:25:37,048 - INFO  - [NUDE][EPOCH] 71/120 Train: Top1=99.55 Top5=100.00 Loss=0.0132 | Val(EMA): Top1=88.90
2025-12-18 16:25:38,240 - INFO  - ([72] Epoch) Saving checkpoint to:
             Current: /root/autodl-tmp/retraining-free-quantization/training/alexnet_cifar10_single_gpu_clean120/alexnet_cifar10_single_gpu_clean120_checkpoint.pth.tar

2025-12-18 16:25:38,242 - INFO  - [NUDE] Epoch 72: force max bit-width W/A = 6
2025-12-18 16:25:39,112 - INFO  - [NUDE][TRAIN] Epoch 72/120 Iter 20/390 Loss 0.0181 Top1 99.41 Top5 100.00
2025-12-18 16:25:39,800 - INFO  - [NUDE][TRAIN] Epoch 72/120 Iter 40/390 Loss 0.0144 Top1 99.53 Top5 100.00
2025-12-18 16:25:40,489 - INFO  - [NUDE][TRAIN] Epoch 72/120 Iter 60/390 Loss 0.0139 Top1 99.53 Top5 100.00
2025-12-18 16:25:41,187 - INFO  - [NUDE][TRAIN] Epoch 72/120 Iter 80/390 Loss 0.0141 Top1 99.52 Top5 100.00
2025-12-18 16:25:41,878 - INFO  - [NUDE][TRAIN] Epoch 72/120 Iter 100/390 Loss 0.0159 Top1 99.51 Top5 100.00
2025-12-18 16:25:42,568 - INFO  - [NUDE][TRAIN] Epoch 72/120 Iter 120/390 Loss 0.0149 Top1 99.56 Top5 100.00
2025-12-18 16:25:43,265 - INFO  - [NUDE][TRAIN] Epoch 72/120 Iter 140/390 Loss 0.0141 Top1 99.58 Top5 100.00
2025-12-18 16:25:43,956 - INFO  - [NUDE][TRAIN] Epoch 72/120 Iter 160/390 Loss 0.0134 Top1 99.60 Top5 100.00
2025-12-18 16:25:44,649 - INFO  - [NUDE][TRAIN] Epoch 72/120 Iter 180/390 Loss 0.0134 Top1 99.60 Top5 100.00
2025-12-18 16:25:45,351 - INFO  - [NUDE][TRAIN] Epoch 72/120 Iter 200/390 Loss 0.0138 Top1 99.60 Top5 100.00
2025-12-18 16:25:46,039 - INFO  - [NUDE][TRAIN] Epoch 72/120 Iter 220/390 Loss 0.0136 Top1 99.60 Top5 100.00
2025-12-18 16:25:46,731 - INFO  - [NUDE][TRAIN] Epoch 72/120 Iter 240/390 Loss 0.0134 Top1 99.60 Top5 100.00
2025-12-18 16:25:47,422 - INFO  - [NUDE][TRAIN] Epoch 72/120 Iter 260/390 Loss 0.0132 Top1 99.60 Top5 100.00
2025-12-18 16:25:48,112 - INFO  - [NUDE][TRAIN] Epoch 72/120 Iter 280/390 Loss 0.0131 Top1 99.60 Top5 100.00
2025-12-18 16:25:48,798 - INFO  - [NUDE][TRAIN] Epoch 72/120 Iter 300/390 Loss 0.0130 Top1 99.60 Top5 100.00
2025-12-18 16:25:49,499 - INFO  - [NUDE][TRAIN] Epoch 72/120 Iter 320/390 Loss 0.0126 Top1 99.61 Top5 100.00
2025-12-18 16:25:50,193 - INFO  - [NUDE][TRAIN] Epoch 72/120 Iter 340/390 Loss 0.0124 Top1 99.62 Top5 100.00
2025-12-18 16:25:50,879 - INFO  - [NUDE][TRAIN] Epoch 72/120 Iter 360/390 Loss 0.0125 Top1 99.61 Top5 100.00
2025-12-18 16:25:51,563 - INFO  - [NUDE][TRAIN] Epoch 72/120 Iter 380/390 Loss 0.0123 Top1 99.61 Top5 100.00
2025-12-18 16:25:51,946 - INFO  - [NUDE] Validate: force max bit-width W/A = 6
2025-12-18 16:25:52,939 - INFO  - [NUDE][EPOCH] 72/120 Train: Top1=99.60 Top5=100.00 Loss=0.0125 | Val(EMA): Top1=88.95
2025-12-18 16:25:54,136 - INFO  - ([73] Epoch) Saving checkpoint to:
             Current: /root/autodl-tmp/retraining-free-quantization/training/alexnet_cifar10_single_gpu_clean120/alexnet_cifar10_single_gpu_clean120_checkpoint.pth.tar

2025-12-18 16:25:54,138 - INFO  - [NUDE] Epoch 73: force max bit-width W/A = 6
2025-12-18 16:25:55,004 - INFO  - [NUDE][TRAIN] Epoch 73/120 Iter 20/390 Loss 0.0095 Top1 99.61 Top5 100.00
2025-12-18 16:25:55,689 - INFO  - [NUDE][TRAIN] Epoch 73/120 Iter 40/390 Loss 0.0081 Top1 99.75 Top5 100.00
2025-12-18 16:25:56,379 - INFO  - [NUDE][TRAIN] Epoch 73/120 Iter 60/390 Loss 0.0080 Top1 99.74 Top5 100.00
2025-12-18 16:25:57,067 - INFO  - [NUDE][TRAIN] Epoch 73/120 Iter 80/390 Loss 0.0100 Top1 99.69 Top5 100.00
2025-12-18 16:25:57,758 - INFO  - [NUDE][TRAIN] Epoch 73/120 Iter 100/390 Loss 0.0103 Top1 99.67 Top5 100.00
2025-12-18 16:25:58,453 - INFO  - [NUDE][TRAIN] Epoch 73/120 Iter 120/390 Loss 0.0106 Top1 99.64 Top5 100.00
2025-12-18 16:25:59,137 - INFO  - [NUDE][TRAIN] Epoch 73/120 Iter 140/390 Loss 0.0107 Top1 99.65 Top5 100.00
2025-12-18 16:25:59,830 - INFO  - [NUDE][TRAIN] Epoch 73/120 Iter 160/390 Loss 0.0105 Top1 99.67 Top5 100.00
2025-12-18 16:26:00,518 - INFO  - [NUDE][TRAIN] Epoch 73/120 Iter 180/390 Loss 0.0104 Top1 99.67 Top5 100.00
2025-12-18 16:26:01,206 - INFO  - [NUDE][TRAIN] Epoch 73/120 Iter 200/390 Loss 0.0102 Top1 99.67 Top5 100.00
2025-12-18 16:26:01,890 - INFO  - [NUDE][TRAIN] Epoch 73/120 Iter 220/390 Loss 0.0104 Top1 99.67 Top5 100.00
2025-12-18 16:26:02,572 - INFO  - [NUDE][TRAIN] Epoch 73/120 Iter 240/390 Loss 0.0106 Top1 99.67 Top5 100.00
2025-12-18 16:26:03,256 - INFO  - [NUDE][TRAIN] Epoch 73/120 Iter 260/390 Loss 0.0106 Top1 99.67 Top5 100.00
2025-12-18 16:26:03,939 - INFO  - [NUDE][TRAIN] Epoch 73/120 Iter 280/390 Loss 0.0103 Top1 99.68 Top5 100.00
2025-12-18 16:26:04,626 - INFO  - [NUDE][TRAIN] Epoch 73/120 Iter 300/390 Loss 0.0101 Top1 99.69 Top5 100.00
2025-12-18 16:26:05,311 - INFO  - [NUDE][TRAIN] Epoch 73/120 Iter 320/390 Loss 0.0103 Top1 99.69 Top5 100.00
2025-12-18 16:26:05,998 - INFO  - [NUDE][TRAIN] Epoch 73/120 Iter 340/390 Loss 0.0101 Top1 99.69 Top5 100.00
2025-12-18 16:26:06,683 - INFO  - [NUDE][TRAIN] Epoch 73/120 Iter 360/390 Loss 0.0101 Top1 99.69 Top5 100.00
2025-12-18 16:26:07,370 - INFO  - [NUDE][TRAIN] Epoch 73/120 Iter 380/390 Loss 0.0099 Top1 99.69 Top5 100.00
2025-12-18 16:26:07,748 - INFO  - [NUDE] Validate: force max bit-width W/A = 6
2025-12-18 16:26:08,867 - INFO  - [NUDE][EPOCH] 73/120 Train: Top1=99.70 Top5=100.00 Loss=0.0098 | Val(EMA): Top1=89.00
2025-12-18 16:26:10,145 - INFO  - ([74] Epoch) Saving checkpoint to:
             Current: /root/autodl-tmp/retraining-free-quantization/training/alexnet_cifar10_single_gpu_clean120/alexnet_cifar10_single_gpu_clean120_checkpoint.pth.tar

2025-12-18 16:26:10,147 - INFO  - [NUDE] Epoch 74: force max bit-width W/A = 6
2025-12-18 16:26:11,013 - INFO  - [NUDE][TRAIN] Epoch 74/120 Iter 20/390 Loss 0.0068 Top1 99.80 Top5 100.00
2025-12-18 16:26:11,702 - INFO  - [NUDE][TRAIN] Epoch 74/120 Iter 40/390 Loss 0.0077 Top1 99.75 Top5 100.00
2025-12-18 16:26:12,387 - INFO  - [NUDE][TRAIN] Epoch 74/120 Iter 60/390 Loss 0.0088 Top1 99.73 Top5 100.00
2025-12-18 16:26:13,078 - INFO  - [NUDE][TRAIN] Epoch 74/120 Iter 80/390 Loss 0.0096 Top1 99.69 Top5 100.00
2025-12-18 16:26:13,769 - INFO  - [NUDE][TRAIN] Epoch 74/120 Iter 100/390 Loss 0.0091 Top1 99.67 Top5 100.00
2025-12-18 16:26:14,457 - INFO  - [NUDE][TRAIN] Epoch 74/120 Iter 120/390 Loss 0.0092 Top1 99.67 Top5 100.00
2025-12-18 16:26:15,154 - INFO  - [NUDE][TRAIN] Epoch 74/120 Iter 140/390 Loss 0.0092 Top1 99.67 Top5 100.00
2025-12-18 16:26:15,846 - INFO  - [NUDE][TRAIN] Epoch 74/120 Iter 160/390 Loss 0.0095 Top1 99.65 Top5 100.00
2025-12-18 16:26:16,542 - INFO  - [NUDE][TRAIN] Epoch 74/120 Iter 180/390 Loss 0.0096 Top1 99.64 Top5 100.00
2025-12-18 16:26:17,231 - INFO  - [NUDE][TRAIN] Epoch 74/120 Iter 200/390 Loss 0.0097 Top1 99.65 Top5 100.00
2025-12-18 16:26:17,919 - INFO  - [NUDE][TRAIN] Epoch 74/120 Iter 220/390 Loss 0.0096 Top1 99.65 Top5 100.00
2025-12-18 16:26:18,603 - INFO  - [NUDE][TRAIN] Epoch 74/120 Iter 240/390 Loss 0.0097 Top1 99.65 Top5 100.00
2025-12-18 16:26:19,288 - INFO  - [NUDE][TRAIN] Epoch 74/120 Iter 260/390 Loss 0.0094 Top1 99.67 Top5 100.00
2025-12-18 16:26:19,977 - INFO  - [NUDE][TRAIN] Epoch 74/120 Iter 280/390 Loss 0.0097 Top1 99.65 Top5 100.00
2025-12-18 16:26:20,667 - INFO  - [NUDE][TRAIN] Epoch 74/120 Iter 300/390 Loss 0.0098 Top1 99.65 Top5 100.00
2025-12-18 16:26:21,353 - INFO  - [NUDE][TRAIN] Epoch 74/120 Iter 320/390 Loss 0.0101 Top1 99.65 Top5 100.00
2025-12-18 16:26:22,043 - INFO  - [NUDE][TRAIN] Epoch 74/120 Iter 340/390 Loss 0.0104 Top1 99.65 Top5 100.00
2025-12-18 16:26:22,735 - INFO  - [NUDE][TRAIN] Epoch 74/120 Iter 360/390 Loss 0.0102 Top1 99.65 Top5 100.00
2025-12-18 16:26:23,427 - INFO  - [NUDE][TRAIN] Epoch 74/120 Iter 380/390 Loss 0.0102 Top1 99.66 Top5 100.00
2025-12-18 16:26:23,802 - INFO  - [NUDE] Validate: force max bit-width W/A = 6
2025-12-18 16:26:24,794 - INFO  - [NUDE][EPOCH] 74/120 Train: Top1=99.66 Top5=100.00 Loss=0.0102 | Val(EMA): Top1=88.81
2025-12-18 16:26:26,026 - INFO  - ([75] Epoch) Saving checkpoint to:
             Current: /root/autodl-tmp/retraining-free-quantization/training/alexnet_cifar10_single_gpu_clean120/alexnet_cifar10_single_gpu_clean120_checkpoint.pth.tar

2025-12-18 16:26:26,027 - INFO  - [NUDE] Epoch 75: force max bit-width W/A = 6
2025-12-18 16:26:26,888 - INFO  - [NUDE][TRAIN] Epoch 75/120 Iter 20/390 Loss 0.0087 Top1 99.80 Top5 100.00
2025-12-18 16:26:27,570 - INFO  - [NUDE][TRAIN] Epoch 75/120 Iter 40/390 Loss 0.0097 Top1 99.73 Top5 100.00
2025-12-18 16:26:28,265 - INFO  - [NUDE][TRAIN] Epoch 75/120 Iter 60/390 Loss 0.0090 Top1 99.73 Top5 100.00
2025-12-18 16:26:28,950 - INFO  - [NUDE][TRAIN] Epoch 75/120 Iter 80/390 Loss 0.0082 Top1 99.76 Top5 100.00
2025-12-18 16:26:29,634 - INFO  - [NUDE][TRAIN] Epoch 75/120 Iter 100/390 Loss 0.0077 Top1 99.78 Top5 100.00
2025-12-18 16:26:30,319 - INFO  - [NUDE][TRAIN] Epoch 75/120 Iter 120/390 Loss 0.0072 Top1 99.80 Top5 100.00
2025-12-18 16:26:31,003 - INFO  - [NUDE][TRAIN] Epoch 75/120 Iter 140/390 Loss 0.0070 Top1 99.80 Top5 100.00
2025-12-18 16:26:31,689 - INFO  - [NUDE][TRAIN] Epoch 75/120 Iter 160/390 Loss 0.0075 Top1 99.78 Top5 100.00
2025-12-18 16:26:32,372 - INFO  - [NUDE][TRAIN] Epoch 75/120 Iter 180/390 Loss 0.0078 Top1 99.78 Top5 100.00
2025-12-18 16:26:33,061 - INFO  - [NUDE][TRAIN] Epoch 75/120 Iter 200/390 Loss 0.0077 Top1 99.78 Top5 100.00
2025-12-18 16:26:33,750 - INFO  - [NUDE][TRAIN] Epoch 75/120 Iter 220/390 Loss 0.0084 Top1 99.76 Top5 100.00
2025-12-18 16:26:34,445 - INFO  - [NUDE][TRAIN] Epoch 75/120 Iter 240/390 Loss 0.0083 Top1 99.77 Top5 100.00
2025-12-18 16:26:35,136 - INFO  - [NUDE][TRAIN] Epoch 75/120 Iter 260/390 Loss 0.0081 Top1 99.77 Top5 100.00
2025-12-18 16:26:35,830 - INFO  - [NUDE][TRAIN] Epoch 75/120 Iter 280/390 Loss 0.0080 Top1 99.77 Top5 100.00
2025-12-18 16:26:36,522 - INFO  - [NUDE][TRAIN] Epoch 75/120 Iter 300/390 Loss 0.0080 Top1 99.78 Top5 100.00
2025-12-18 16:26:37,214 - INFO  - [NUDE][TRAIN] Epoch 75/120 Iter 320/390 Loss 0.0084 Top1 99.76 Top5 100.00
2025-12-18 16:26:37,904 - INFO  - [NUDE][TRAIN] Epoch 75/120 Iter 340/390 Loss 0.0084 Top1 99.77 Top5 100.00
2025-12-18 16:26:38,596 - INFO  - [NUDE][TRAIN] Epoch 75/120 Iter 360/390 Loss 0.0084 Top1 99.76 Top5 100.00
2025-12-18 16:26:39,293 - INFO  - [NUDE][TRAIN] Epoch 75/120 Iter 380/390 Loss 0.0089 Top1 99.75 Top5 100.00
2025-12-18 16:26:39,675 - INFO  - [NUDE] Validate: force max bit-width W/A = 6
2025-12-18 16:26:40,677 - INFO  - [NUDE][EPOCH] 75/120 Train: Top1=99.74 Top5=100.00 Loss=0.0089 | Val(EMA): Top1=88.87
2025-12-18 16:26:41,936 - INFO  - ([76] Epoch) Saving checkpoint to:
             Current: /root/autodl-tmp/retraining-free-quantization/training/alexnet_cifar10_single_gpu_clean120/alexnet_cifar10_single_gpu_clean120_checkpoint.pth.tar

2025-12-18 16:26:41,937 - INFO  - [NUDE] Epoch 76: force max bit-width W/A = 6
2025-12-18 16:26:42,825 - INFO  - [NUDE][TRAIN] Epoch 76/120 Iter 20/390 Loss 0.0177 Top1 99.45 Top5 100.00
2025-12-18 16:26:43,512 - INFO  - [NUDE][TRAIN] Epoch 76/120 Iter 40/390 Loss 0.0129 Top1 99.55 Top5 100.00
2025-12-18 16:26:44,205 - INFO  - [NUDE][TRAIN] Epoch 76/120 Iter 60/390 Loss 0.0120 Top1 99.60 Top5 100.00
2025-12-18 16:26:44,896 - INFO  - [NUDE][TRAIN] Epoch 76/120 Iter 80/390 Loss 0.0106 Top1 99.66 Top5 100.00
2025-12-18 16:26:45,589 - INFO  - [NUDE][TRAIN] Epoch 76/120 Iter 100/390 Loss 0.0103 Top1 99.66 Top5 100.00
2025-12-18 16:26:46,278 - INFO  - [NUDE][TRAIN] Epoch 76/120 Iter 120/390 Loss 0.0099 Top1 99.68 Top5 100.00
2025-12-18 16:26:46,973 - INFO  - [NUDE][TRAIN] Epoch 76/120 Iter 140/390 Loss 0.0094 Top1 99.70 Top5 100.00
2025-12-18 16:26:47,671 - INFO  - [NUDE][TRAIN] Epoch 76/120 Iter 160/390 Loss 0.0093 Top1 99.70 Top5 100.00
2025-12-18 16:26:48,363 - INFO  - [NUDE][TRAIN] Epoch 76/120 Iter 180/390 Loss 0.0090 Top1 99.71 Top5 100.00
2025-12-18 16:26:49,061 - INFO  - [NUDE][TRAIN] Epoch 76/120 Iter 200/390 Loss 0.0086 Top1 99.73 Top5 100.00
2025-12-18 16:26:49,749 - INFO  - [NUDE][TRAIN] Epoch 76/120 Iter 220/390 Loss 0.0085 Top1 99.73 Top5 100.00
2025-12-18 16:26:50,448 - INFO  - [NUDE][TRAIN] Epoch 76/120 Iter 240/390 Loss 0.0086 Top1 99.73 Top5 100.00
2025-12-18 16:26:51,147 - INFO  - [NUDE][TRAIN] Epoch 76/120 Iter 260/390 Loss 0.0086 Top1 99.72 Top5 100.00
2025-12-18 16:26:51,835 - INFO  - [NUDE][TRAIN] Epoch 76/120 Iter 280/390 Loss 0.0088 Top1 99.72 Top5 100.00
2025-12-18 16:26:52,521 - INFO  - [NUDE][TRAIN] Epoch 76/120 Iter 300/390 Loss 0.0086 Top1 99.73 Top5 100.00
2025-12-18 16:26:53,214 - INFO  - [NUDE][TRAIN] Epoch 76/120 Iter 320/390 Loss 0.0086 Top1 99.73 Top5 100.00
2025-12-18 16:26:53,908 - INFO  - [NUDE][TRAIN] Epoch 76/120 Iter 340/390 Loss 0.0085 Top1 99.73 Top5 100.00
2025-12-18 16:26:54,594 - INFO  - [NUDE][TRAIN] Epoch 76/120 Iter 360/390 Loss 0.0084 Top1 99.73 Top5 100.00
2025-12-18 16:26:55,283 - INFO  - [NUDE][TRAIN] Epoch 76/120 Iter 380/390 Loss 0.0085 Top1 99.72 Top5 100.00
2025-12-18 16:26:55,666 - INFO  - [NUDE] Validate: force max bit-width W/A = 6
2025-12-18 16:26:56,666 - INFO  - [NUDE][EPOCH] 76/120 Train: Top1=99.72 Top5=100.00 Loss=0.0087 | Val(EMA): Top1=89.00
2025-12-18 16:26:57,873 - INFO  - ([77] Epoch) Saving checkpoint to:
             Current: /root/autodl-tmp/retraining-free-quantization/training/alexnet_cifar10_single_gpu_clean120/alexnet_cifar10_single_gpu_clean120_checkpoint.pth.tar

2025-12-18 16:26:57,874 - INFO  - [NUDE] Epoch 77: force max bit-width W/A = 6
2025-12-18 16:26:58,746 - INFO  - [NUDE][TRAIN] Epoch 77/120 Iter 20/390 Loss 0.0102 Top1 99.80 Top5 100.00
2025-12-18 16:26:59,434 - INFO  - [NUDE][TRAIN] Epoch 77/120 Iter 40/390 Loss 0.0129 Top1 99.73 Top5 100.00
2025-12-18 16:27:00,123 - INFO  - [NUDE][TRAIN] Epoch 77/120 Iter 60/390 Loss 0.0119 Top1 99.70 Top5 100.00
2025-12-18 16:27:00,810 - INFO  - [NUDE][TRAIN] Epoch 77/120 Iter 80/390 Loss 0.0102 Top1 99.76 Top5 100.00
2025-12-18 16:27:01,500 - INFO  - [NUDE][TRAIN] Epoch 77/120 Iter 100/390 Loss 0.0095 Top1 99.77 Top5 100.00
2025-12-18 16:27:02,200 - INFO  - [NUDE][TRAIN] Epoch 77/120 Iter 120/390 Loss 0.0091 Top1 99.77 Top5 100.00
2025-12-18 16:27:02,894 - INFO  - [NUDE][TRAIN] Epoch 77/120 Iter 140/390 Loss 0.0089 Top1 99.78 Top5 100.00
2025-12-18 16:27:03,580 - INFO  - [NUDE][TRAIN] Epoch 77/120 Iter 160/390 Loss 0.0084 Top1 99.79 Top5 100.00
2025-12-18 16:27:04,272 - INFO  - [NUDE][TRAIN] Epoch 77/120 Iter 180/390 Loss 0.0079 Top1 99.81 Top5 100.00
2025-12-18 16:27:04,958 - INFO  - [NUDE][TRAIN] Epoch 77/120 Iter 200/390 Loss 0.0082 Top1 99.79 Top5 100.00
2025-12-18 16:27:05,648 - INFO  - [NUDE][TRAIN] Epoch 77/120 Iter 220/390 Loss 0.0083 Top1 99.79 Top5 100.00
2025-12-18 16:27:06,335 - INFO  - [NUDE][TRAIN] Epoch 77/120 Iter 240/390 Loss 0.0082 Top1 99.79 Top5 100.00
2025-12-18 16:27:07,030 - INFO  - [NUDE][TRAIN] Epoch 77/120 Iter 260/390 Loss 0.0081 Top1 99.79 Top5 100.00
2025-12-18 16:27:07,720 - INFO  - [NUDE][TRAIN] Epoch 77/120 Iter 280/390 Loss 0.0083 Top1 99.78 Top5 100.00
2025-12-18 16:27:08,409 - INFO  - [NUDE][TRAIN] Epoch 77/120 Iter 300/390 Loss 0.0084 Top1 99.77 Top5 100.00
2025-12-18 16:27:09,096 - INFO  - [NUDE][TRAIN] Epoch 77/120 Iter 320/390 Loss 0.0082 Top1 99.78 Top5 100.00
2025-12-18 16:27:09,790 - INFO  - [NUDE][TRAIN] Epoch 77/120 Iter 340/390 Loss 0.0081 Top1 99.78 Top5 100.00
2025-12-18 16:27:10,478 - INFO  - [NUDE][TRAIN] Epoch 77/120 Iter 360/390 Loss 0.0078 Top1 99.79 Top5 100.00
2025-12-18 16:27:11,166 - INFO  - [NUDE][TRAIN] Epoch 77/120 Iter 380/390 Loss 0.0077 Top1 99.79 Top5 100.00
2025-12-18 16:27:11,565 - INFO  - [NUDE] Validate: force max bit-width W/A = 6
2025-12-18 16:27:12,636 - INFO  - [NUDE][EPOCH] 77/120 Train: Top1=99.79 Top5=100.00 Loss=0.0076 | Val(EMA): Top1=88.89
2025-12-18 16:27:13,863 - INFO  - ([78] Epoch) Saving checkpoint to:
             Current: /root/autodl-tmp/retraining-free-quantization/training/alexnet_cifar10_single_gpu_clean120/alexnet_cifar10_single_gpu_clean120_checkpoint.pth.tar

2025-12-18 16:27:13,864 - INFO  - [NUDE] Epoch 78: force max bit-width W/A = 6
2025-12-18 16:27:14,738 - INFO  - [NUDE][TRAIN] Epoch 78/120 Iter 20/390 Loss 0.0082 Top1 99.77 Top5 100.00
2025-12-18 16:27:15,431 - INFO  - [NUDE][TRAIN] Epoch 78/120 Iter 40/390 Loss 0.0081 Top1 99.73 Top5 100.00
2025-12-18 16:27:16,129 - INFO  - [NUDE][TRAIN] Epoch 78/120 Iter 60/390 Loss 0.0085 Top1 99.71 Top5 100.00
2025-12-18 16:27:16,820 - INFO  - [NUDE][TRAIN] Epoch 78/120 Iter 80/390 Loss 0.0073 Top1 99.77 Top5 100.00
2025-12-18 16:27:17,507 - INFO  - [NUDE][TRAIN] Epoch 78/120 Iter 100/390 Loss 0.0075 Top1 99.73 Top5 100.00
2025-12-18 16:27:18,196 - INFO  - [NUDE][TRAIN] Epoch 78/120 Iter 120/390 Loss 0.0071 Top1 99.75 Top5 100.00
2025-12-18 16:27:18,896 - INFO  - [NUDE][TRAIN] Epoch 78/120 Iter 140/390 Loss 0.0070 Top1 99.76 Top5 100.00
2025-12-18 16:27:19,588 - INFO  - [NUDE][TRAIN] Epoch 78/120 Iter 160/390 Loss 0.0070 Top1 99.77 Top5 100.00
2025-12-18 16:27:20,278 - INFO  - [NUDE][TRAIN] Epoch 78/120 Iter 180/390 Loss 0.0070 Top1 99.76 Top5 100.00
2025-12-18 16:27:20,970 - INFO  - [NUDE][TRAIN] Epoch 78/120 Iter 200/390 Loss 0.0068 Top1 99.77 Top5 100.00
2025-12-18 16:27:21,659 - INFO  - [NUDE][TRAIN] Epoch 78/120 Iter 220/390 Loss 0.0070 Top1 99.76 Top5 100.00
2025-12-18 16:27:22,348 - INFO  - [NUDE][TRAIN] Epoch 78/120 Iter 240/390 Loss 0.0075 Top1 99.74 Top5 100.00
2025-12-18 16:27:23,034 - INFO  - [NUDE][TRAIN] Epoch 78/120 Iter 260/390 Loss 0.0076 Top1 99.74 Top5 100.00
2025-12-18 16:27:23,726 - INFO  - [NUDE][TRAIN] Epoch 78/120 Iter 280/390 Loss 0.0077 Top1 99.73 Top5 100.00
2025-12-18 16:27:24,416 - INFO  - [NUDE][TRAIN] Epoch 78/120 Iter 300/390 Loss 0.0077 Top1 99.73 Top5 100.00
2025-12-18 16:27:25,103 - INFO  - [NUDE][TRAIN] Epoch 78/120 Iter 320/390 Loss 0.0076 Top1 99.74 Top5 100.00
2025-12-18 16:27:25,794 - INFO  - [NUDE][TRAIN] Epoch 78/120 Iter 340/390 Loss 0.0076 Top1 99.74 Top5 100.00
2025-12-18 16:27:26,481 - INFO  - [NUDE][TRAIN] Epoch 78/120 Iter 360/390 Loss 0.0079 Top1 99.74 Top5 100.00
2025-12-18 16:27:27,167 - INFO  - [NUDE][TRAIN] Epoch 78/120 Iter 380/390 Loss 0.0078 Top1 99.74 Top5 100.00
2025-12-18 16:27:27,553 - INFO  - [NUDE] Validate: force max bit-width W/A = 6
2025-12-18 16:27:28,570 - INFO  - [NUDE][EPOCH] 78/120 Train: Top1=99.75 Top5=100.00 Loss=0.0076 | Val(EMA): Top1=88.89
2025-12-18 16:27:29,857 - INFO  - ([79] Epoch) Saving checkpoint to:
             Current: /root/autodl-tmp/retraining-free-quantization/training/alexnet_cifar10_single_gpu_clean120/alexnet_cifar10_single_gpu_clean120_checkpoint.pth.tar

2025-12-18 16:27:29,859 - INFO  - [NUDE] Epoch 79: force max bit-width W/A = 6
2025-12-18 16:27:30,731 - INFO  - [NUDE][TRAIN] Epoch 79/120 Iter 20/390 Loss 0.0069 Top1 99.77 Top5 100.00
2025-12-18 16:27:31,420 - INFO  - [NUDE][TRAIN] Epoch 79/120 Iter 40/390 Loss 0.0054 Top1 99.84 Top5 100.00
2025-12-18 16:27:32,112 - INFO  - [NUDE][TRAIN] Epoch 79/120 Iter 60/390 Loss 0.0063 Top1 99.77 Top5 100.00
2025-12-18 16:27:32,817 - INFO  - [NUDE][TRAIN] Epoch 79/120 Iter 80/390 Loss 0.0067 Top1 99.78 Top5 100.00
2025-12-18 16:27:33,508 - INFO  - [NUDE][TRAIN] Epoch 79/120 Iter 100/390 Loss 0.0063 Top1 99.80 Top5 100.00
2025-12-18 16:27:34,195 - INFO  - [NUDE][TRAIN] Epoch 79/120 Iter 120/390 Loss 0.0060 Top1 99.80 Top5 100.00
2025-12-18 16:27:34,882 - INFO  - [NUDE][TRAIN] Epoch 79/120 Iter 140/390 Loss 0.0060 Top1 99.81 Top5 100.00
2025-12-18 16:27:35,578 - INFO  - [NUDE][TRAIN] Epoch 79/120 Iter 160/390 Loss 0.0056 Top1 99.83 Top5 100.00
2025-12-18 16:27:36,277 - INFO  - [NUDE][TRAIN] Epoch 79/120 Iter 180/390 Loss 0.0054 Top1 99.84 Top5 100.00
2025-12-18 16:27:36,980 - INFO  - [NUDE][TRAIN] Epoch 79/120 Iter 200/390 Loss 0.0059 Top1 99.83 Top5 100.00
2025-12-18 16:27:37,671 - INFO  - [NUDE][TRAIN] Epoch 79/120 Iter 220/390 Loss 0.0056 Top1 99.84 Top5 100.00
2025-12-18 16:27:38,362 - INFO  - [NUDE][TRAIN] Epoch 79/120 Iter 240/390 Loss 0.0058 Top1 99.84 Top5 100.00
2025-12-18 16:27:39,055 - INFO  - [NUDE][TRAIN] Epoch 79/120 Iter 260/390 Loss 0.0056 Top1 99.84 Top5 100.00
2025-12-18 16:27:39,744 - INFO  - [NUDE][TRAIN] Epoch 79/120 Iter 280/390 Loss 0.0057 Top1 99.84 Top5 100.00
2025-12-18 16:27:40,437 - INFO  - [NUDE][TRAIN] Epoch 79/120 Iter 300/390 Loss 0.0057 Top1 99.84 Top5 100.00
2025-12-18 16:27:41,128 - INFO  - [NUDE][TRAIN] Epoch 79/120 Iter 320/390 Loss 0.0057 Top1 99.84 Top5 100.00
2025-12-18 16:27:41,821 - INFO  - [NUDE][TRAIN] Epoch 79/120 Iter 340/390 Loss 0.0057 Top1 99.85 Top5 100.00
2025-12-18 16:27:42,508 - INFO  - [NUDE][TRAIN] Epoch 79/120 Iter 360/390 Loss 0.0056 Top1 99.85 Top5 100.00
2025-12-18 16:27:43,196 - INFO  - [NUDE][TRAIN] Epoch 79/120 Iter 380/390 Loss 0.0057 Top1 99.83 Top5 100.00
2025-12-18 16:27:43,580 - INFO  - [NUDE] Validate: force max bit-width W/A = 6
2025-12-18 16:27:44,650 - INFO  - [NUDE][EPOCH] 79/120 Train: Top1=99.82 Top5=100.00 Loss=0.0058 | Val(EMA): Top1=88.99
2025-12-18 16:27:45,843 - INFO  - ([80] Epoch) Saving checkpoint to:
             Current: /root/autodl-tmp/retraining-free-quantization/training/alexnet_cifar10_single_gpu_clean120/alexnet_cifar10_single_gpu_clean120_checkpoint.pth.tar

2025-12-18 16:27:45,845 - INFO  - [NUDE] Epoch 80: force max bit-width W/A = 6
2025-12-18 16:27:46,713 - INFO  - [NUDE][TRAIN] Epoch 80/120 Iter 20/390 Loss 0.0059 Top1 99.80 Top5 100.00
2025-12-18 16:27:47,408 - INFO  - [NUDE][TRAIN] Epoch 80/120 Iter 40/390 Loss 0.0068 Top1 99.82 Top5 100.00
2025-12-18 16:27:48,104 - INFO  - [NUDE][TRAIN] Epoch 80/120 Iter 60/390 Loss 0.0066 Top1 99.80 Top5 100.00
2025-12-18 16:27:48,797 - INFO  - [NUDE][TRAIN] Epoch 80/120 Iter 80/390 Loss 0.0059 Top1 99.84 Top5 100.00
2025-12-18 16:27:49,486 - INFO  - [NUDE][TRAIN] Epoch 80/120 Iter 100/390 Loss 0.0064 Top1 99.83 Top5 100.00
2025-12-18 16:27:50,178 - INFO  - [NUDE][TRAIN] Epoch 80/120 Iter 120/390 Loss 0.0063 Top1 99.81 Top5 100.00
2025-12-18 16:27:50,875 - INFO  - [NUDE][TRAIN] Epoch 80/120 Iter 140/390 Loss 0.0063 Top1 99.81 Top5 100.00
2025-12-18 16:27:51,569 - INFO  - [NUDE][TRAIN] Epoch 80/120 Iter 160/390 Loss 0.0063 Top1 99.80 Top5 100.00
2025-12-18 16:27:52,263 - INFO  - [NUDE][TRAIN] Epoch 80/120 Iter 180/390 Loss 0.0062 Top1 99.81 Top5 100.00
2025-12-18 16:27:52,952 - INFO  - [NUDE][TRAIN] Epoch 80/120 Iter 200/390 Loss 0.0065 Top1 99.79 Top5 100.00
2025-12-18 16:27:53,641 - INFO  - [NUDE][TRAIN] Epoch 80/120 Iter 220/390 Loss 0.0066 Top1 99.78 Top5 100.00
2025-12-18 16:27:54,339 - INFO  - [NUDE][TRAIN] Epoch 80/120 Iter 240/390 Loss 0.0064 Top1 99.79 Top5 100.00
2025-12-18 16:27:55,037 - INFO  - [NUDE][TRAIN] Epoch 80/120 Iter 260/390 Loss 0.0066 Top1 99.78 Top5 100.00
2025-12-18 16:27:55,736 - INFO  - [NUDE][TRAIN] Epoch 80/120 Iter 280/390 Loss 0.0068 Top1 99.77 Top5 100.00
2025-12-18 16:27:56,434 - INFO  - [NUDE][TRAIN] Epoch 80/120 Iter 300/390 Loss 0.0067 Top1 99.78 Top5 100.00
2025-12-18 16:27:57,139 - INFO  - [NUDE][TRAIN] Epoch 80/120 Iter 320/390 Loss 0.0066 Top1 99.78 Top5 100.00
2025-12-18 16:27:57,839 - INFO  - [NUDE][TRAIN] Epoch 80/120 Iter 340/390 Loss 0.0067 Top1 99.77 Top5 100.00
2025-12-18 16:27:58,527 - INFO  - [NUDE][TRAIN] Epoch 80/120 Iter 360/390 Loss 0.0069 Top1 99.77 Top5 100.00
2025-12-18 16:27:59,225 - INFO  - [NUDE][TRAIN] Epoch 80/120 Iter 380/390 Loss 0.0068 Top1 99.77 Top5 100.00
2025-12-18 16:27:59,602 - INFO  - [NUDE] Validate: force max bit-width W/A = 6
2025-12-18 16:28:00,604 - INFO  - [NUDE][EPOCH] 80/120 Train: Top1=99.77 Top5=100.00 Loss=0.0068 | Val(EMA): Top1=89.02
2025-12-18 16:28:01,817 - INFO  - ([81] Epoch) Saving checkpoint to:
             Current: /root/autodl-tmp/retraining-free-quantization/training/alexnet_cifar10_single_gpu_clean120/alexnet_cifar10_single_gpu_clean120_checkpoint.pth.tar

2025-12-18 16:28:01,819 - INFO  - [NUDE] Epoch 81: force max bit-width W/A = 6
2025-12-18 16:28:02,690 - INFO  - [NUDE][TRAIN] Epoch 81/120 Iter 20/390 Loss 0.0053 Top1 99.88 Top5 100.00
2025-12-18 16:28:03,391 - INFO  - [NUDE][TRAIN] Epoch 81/120 Iter 40/390 Loss 0.0046 Top1 99.90 Top5 100.00
2025-12-18 16:28:04,089 - INFO  - [NUDE][TRAIN] Epoch 81/120 Iter 60/390 Loss 0.0043 Top1 99.90 Top5 100.00
2025-12-18 16:28:04,784 - INFO  - [NUDE][TRAIN] Epoch 81/120 Iter 80/390 Loss 0.0053 Top1 99.85 Top5 100.00
2025-12-18 16:28:05,470 - INFO  - [NUDE][TRAIN] Epoch 81/120 Iter 100/390 Loss 0.0051 Top1 99.84 Top5 100.00
2025-12-18 16:28:06,169 - INFO  - [NUDE][TRAIN] Epoch 81/120 Iter 120/390 Loss 0.0052 Top1 99.83 Top5 100.00
2025-12-18 16:28:06,865 - INFO  - [NUDE][TRAIN] Epoch 81/120 Iter 140/390 Loss 0.0054 Top1 99.83 Top5 100.00
2025-12-18 16:28:07,559 - INFO  - [NUDE][TRAIN] Epoch 81/120 Iter 160/390 Loss 0.0059 Top1 99.80 Top5 100.00
2025-12-18 16:28:08,252 - INFO  - [NUDE][TRAIN] Epoch 81/120 Iter 180/390 Loss 0.0058 Top1 99.80 Top5 100.00
2025-12-18 16:28:08,937 - INFO  - [NUDE][TRAIN] Epoch 81/120 Iter 200/390 Loss 0.0058 Top1 99.79 Top5 100.00
2025-12-18 16:28:09,622 - INFO  - [NUDE][TRAIN] Epoch 81/120 Iter 220/390 Loss 0.0056 Top1 99.80 Top5 100.00
2025-12-18 16:28:10,306 - INFO  - [NUDE][TRAIN] Epoch 81/120 Iter 240/390 Loss 0.0056 Top1 99.81 Top5 100.00
2025-12-18 16:28:10,992 - INFO  - [NUDE][TRAIN] Epoch 81/120 Iter 260/390 Loss 0.0056 Top1 99.81 Top5 100.00
2025-12-18 16:28:11,675 - INFO  - [NUDE][TRAIN] Epoch 81/120 Iter 280/390 Loss 0.0053 Top1 99.82 Top5 100.00
2025-12-18 16:28:12,365 - INFO  - [NUDE][TRAIN] Epoch 81/120 Iter 300/390 Loss 0.0053 Top1 99.82 Top5 100.00
2025-12-18 16:28:13,051 - INFO  - [NUDE][TRAIN] Epoch 81/120 Iter 320/390 Loss 0.0053 Top1 99.82 Top5 100.00
2025-12-18 16:28:13,736 - INFO  - [NUDE][TRAIN] Epoch 81/120 Iter 340/390 Loss 0.0053 Top1 99.82 Top5 100.00
2025-12-18 16:28:14,424 - INFO  - [NUDE][TRAIN] Epoch 81/120 Iter 360/390 Loss 0.0053 Top1 99.81 Top5 100.00
2025-12-18 16:28:15,113 - INFO  - [NUDE][TRAIN] Epoch 81/120 Iter 380/390 Loss 0.0055 Top1 99.81 Top5 100.00
2025-12-18 16:28:15,489 - INFO  - [NUDE] Validate: force max bit-width W/A = 6
2025-12-18 16:28:16,476 - INFO  - [NUDE][EPOCH] 81/120 Train: Top1=99.81 Top5=100.00 Loss=0.0054 | Val(EMA): Top1=88.93
2025-12-18 16:28:17,686 - INFO  - ([82] Epoch) Saving checkpoint to:
             Current: /root/autodl-tmp/retraining-free-quantization/training/alexnet_cifar10_single_gpu_clean120/alexnet_cifar10_single_gpu_clean120_checkpoint.pth.tar

2025-12-18 16:28:17,688 - INFO  - [NUDE] Epoch 82: force max bit-width W/A = 6
2025-12-18 16:28:18,554 - INFO  - [NUDE][TRAIN] Epoch 82/120 Iter 20/390 Loss 0.0051 Top1 99.84 Top5 100.00
2025-12-18 16:28:19,238 - INFO  - [NUDE][TRAIN] Epoch 82/120 Iter 40/390 Loss 0.0071 Top1 99.77 Top5 100.00
2025-12-18 16:28:19,921 - INFO  - [NUDE][TRAIN] Epoch 82/120 Iter 60/390 Loss 0.0070 Top1 99.75 Top5 100.00
2025-12-18 16:28:20,609 - INFO  - [NUDE][TRAIN] Epoch 82/120 Iter 80/390 Loss 0.0070 Top1 99.77 Top5 100.00
2025-12-18 16:28:21,295 - INFO  - [NUDE][TRAIN] Epoch 82/120 Iter 100/390 Loss 0.0070 Top1 99.75 Top5 100.00
2025-12-18 16:28:21,979 - INFO  - [NUDE][TRAIN] Epoch 82/120 Iter 120/390 Loss 0.0067 Top1 99.77 Top5 100.00
2025-12-18 16:28:22,666 - INFO  - [NUDE][TRAIN] Epoch 82/120 Iter 140/390 Loss 0.0063 Top1 99.80 Top5 100.00
2025-12-18 16:28:23,353 - INFO  - [NUDE][TRAIN] Epoch 82/120 Iter 160/390 Loss 0.0065 Top1 99.80 Top5 100.00
2025-12-18 16:28:24,035 - INFO  - [NUDE][TRAIN] Epoch 82/120 Iter 180/390 Loss 0.0061 Top1 99.82 Top5 100.00
2025-12-18 16:28:24,720 - INFO  - [NUDE][TRAIN] Epoch 82/120 Iter 200/390 Loss 0.0059 Top1 99.82 Top5 100.00
2025-12-18 16:28:25,405 - INFO  - [NUDE][TRAIN] Epoch 82/120 Iter 220/390 Loss 0.0057 Top1 99.83 Top5 100.00
2025-12-18 16:28:26,093 - INFO  - [NUDE][TRAIN] Epoch 82/120 Iter 240/390 Loss 0.0055 Top1 99.85 Top5 100.00
2025-12-18 16:28:26,779 - INFO  - [NUDE][TRAIN] Epoch 82/120 Iter 260/390 Loss 0.0052 Top1 99.86 Top5 100.00
2025-12-18 16:28:27,467 - INFO  - [NUDE][TRAIN] Epoch 82/120 Iter 280/390 Loss 0.0051 Top1 99.86 Top5 100.00
2025-12-18 16:28:28,148 - INFO  - [NUDE][TRAIN] Epoch 82/120 Iter 300/390 Loss 0.0050 Top1 99.86 Top5 100.00
2025-12-18 16:28:28,832 - INFO  - [NUDE][TRAIN] Epoch 82/120 Iter 320/390 Loss 0.0050 Top1 99.86 Top5 100.00
2025-12-18 16:28:29,516 - INFO  - [NUDE][TRAIN] Epoch 82/120 Iter 340/390 Loss 0.0049 Top1 99.86 Top5 100.00
2025-12-18 16:28:30,201 - INFO  - [NUDE][TRAIN] Epoch 82/120 Iter 360/390 Loss 0.0050 Top1 99.85 Top5 100.00
2025-12-18 16:28:30,885 - INFO  - [NUDE][TRAIN] Epoch 82/120 Iter 380/390 Loss 0.0050 Top1 99.85 Top5 100.00
2025-12-18 16:28:31,265 - INFO  - [NUDE] Validate: force max bit-width W/A = 6
2025-12-18 16:28:32,254 - INFO  - [NUDE][EPOCH] 82/120 Train: Top1=99.85 Top5=100.00 Loss=0.0051 | Val(EMA): Top1=88.93
2025-12-18 16:28:33,015 - INFO  - ([83] Epoch) Saving checkpoint to:
             Current: /root/autodl-tmp/retraining-free-quantization/training/alexnet_cifar10_single_gpu_clean120/alexnet_cifar10_single_gpu_clean120_checkpoint.pth.tar

2025-12-18 16:28:33,016 - INFO  - [NUDE] Epoch 83: force max bit-width W/A = 6
2025-12-18 16:28:33,875 - INFO  - [NUDE][TRAIN] Epoch 83/120 Iter 20/390 Loss 0.0049 Top1 99.80 Top5 100.00
2025-12-18 16:28:34,560 - INFO  - [NUDE][TRAIN] Epoch 83/120 Iter 40/390 Loss 0.0038 Top1 99.88 Top5 100.00
2025-12-18 16:28:35,245 - INFO  - [NUDE][TRAIN] Epoch 83/120 Iter 60/390 Loss 0.0042 Top1 99.87 Top5 100.00
2025-12-18 16:28:35,931 - INFO  - [NUDE][TRAIN] Epoch 83/120 Iter 80/390 Loss 0.0043 Top1 99.88 Top5 100.00
2025-12-18 16:28:36,614 - INFO  - [NUDE][TRAIN] Epoch 83/120 Iter 100/390 Loss 0.0045 Top1 99.86 Top5 100.00
2025-12-18 16:28:37,299 - INFO  - [NUDE][TRAIN] Epoch 83/120 Iter 120/390 Loss 0.0043 Top1 99.87 Top5 100.00
2025-12-18 16:28:37,982 - INFO  - [NUDE][TRAIN] Epoch 83/120 Iter 140/390 Loss 0.0047 Top1 99.84 Top5 100.00
2025-12-18 16:28:38,664 - INFO  - [NUDE][TRAIN] Epoch 83/120 Iter 160/390 Loss 0.0044 Top1 99.86 Top5 100.00
2025-12-18 16:28:39,347 - INFO  - [NUDE][TRAIN] Epoch 83/120 Iter 180/390 Loss 0.0046 Top1 99.85 Top5 100.00
2025-12-18 16:28:40,031 - INFO  - [NUDE][TRAIN] Epoch 83/120 Iter 200/390 Loss 0.0046 Top1 99.86 Top5 100.00
2025-12-18 16:28:40,720 - INFO  - [NUDE][TRAIN] Epoch 83/120 Iter 220/390 Loss 0.0046 Top1 99.86 Top5 100.00
2025-12-18 16:28:41,406 - INFO  - [NUDE][TRAIN] Epoch 83/120 Iter 240/390 Loss 0.0048 Top1 99.85 Top5 100.00
2025-12-18 16:28:42,090 - INFO  - [NUDE][TRAIN] Epoch 83/120 Iter 260/390 Loss 0.0047 Top1 99.85 Top5 100.00
2025-12-18 16:28:42,779 - INFO  - [NUDE][TRAIN] Epoch 83/120 Iter 280/390 Loss 0.0046 Top1 99.85 Top5 100.00
2025-12-18 16:28:43,472 - INFO  - [NUDE][TRAIN] Epoch 83/120 Iter 300/390 Loss 0.0045 Top1 99.86 Top5 100.00
2025-12-18 16:28:44,162 - INFO  - [NUDE][TRAIN] Epoch 83/120 Iter 320/390 Loss 0.0047 Top1 99.85 Top5 100.00
2025-12-18 16:28:44,849 - INFO  - [NUDE][TRAIN] Epoch 83/120 Iter 340/390 Loss 0.0046 Top1 99.85 Top5 100.00
2025-12-18 16:28:45,536 - INFO  - [NUDE][TRAIN] Epoch 83/120 Iter 360/390 Loss 0.0047 Top1 99.85 Top5 100.00
2025-12-18 16:28:46,220 - INFO  - [NUDE][TRAIN] Epoch 83/120 Iter 380/390 Loss 0.0046 Top1 99.85 Top5 100.00
2025-12-18 16:28:46,598 - INFO  - [NUDE] Validate: force max bit-width W/A = 6
2025-12-18 16:28:47,593 - INFO  - [NUDE][EPOCH] 83/120 Train: Top1=99.86 Top5=100.00 Loss=0.0045 | Val(EMA): Top1=89.03
2025-12-18 16:28:48,785 - INFO  - ([84] Epoch) Saving checkpoint to:
             Current: /root/autodl-tmp/retraining-free-quantization/training/alexnet_cifar10_single_gpu_clean120/alexnet_cifar10_single_gpu_clean120_checkpoint.pth.tar

2025-12-18 16:28:48,786 - INFO  - [NUDE] Epoch 84: force max bit-width W/A = 6
2025-12-18 16:28:49,655 - INFO  - [NUDE][TRAIN] Epoch 84/120 Iter 20/390 Loss 0.0040 Top1 99.84 Top5 100.00
2025-12-18 16:28:50,346 - INFO  - [NUDE][TRAIN] Epoch 84/120 Iter 40/390 Loss 0.0031 Top1 99.90 Top5 100.00
2025-12-18 16:28:51,035 - INFO  - [NUDE][TRAIN] Epoch 84/120 Iter 60/390 Loss 0.0028 Top1 99.93 Top5 100.00
2025-12-18 16:28:51,722 - INFO  - [NUDE][TRAIN] Epoch 84/120 Iter 80/390 Loss 0.0028 Top1 99.93 Top5 100.00
2025-12-18 16:28:52,411 - INFO  - [NUDE][TRAIN] Epoch 84/120 Iter 100/390 Loss 0.0029 Top1 99.93 Top5 100.00
2025-12-18 16:28:53,102 - INFO  - [NUDE][TRAIN] Epoch 84/120 Iter 120/390 Loss 0.0028 Top1 99.93 Top5 100.00
2025-12-18 16:28:53,788 - INFO  - [NUDE][TRAIN] Epoch 84/120 Iter 140/390 Loss 0.0029 Top1 99.92 Top5 100.00
2025-12-18 16:28:54,475 - INFO  - [NUDE][TRAIN] Epoch 84/120 Iter 160/390 Loss 0.0029 Top1 99.93 Top5 100.00
2025-12-18 16:28:55,165 - INFO  - [NUDE][TRAIN] Epoch 84/120 Iter 180/390 Loss 0.0032 Top1 99.92 Top5 100.00
2025-12-18 16:28:55,857 - INFO  - [NUDE][TRAIN] Epoch 84/120 Iter 200/390 Loss 0.0034 Top1 99.91 Top5 100.00
2025-12-18 16:28:56,551 - INFO  - [NUDE][TRAIN] Epoch 84/120 Iter 220/390 Loss 0.0035 Top1 99.91 Top5 100.00
2025-12-18 16:28:57,237 - INFO  - [NUDE][TRAIN] Epoch 84/120 Iter 240/390 Loss 0.0039 Top1 99.90 Top5 100.00
2025-12-18 16:28:57,929 - INFO  - [NUDE][TRAIN] Epoch 84/120 Iter 260/390 Loss 0.0039 Top1 99.90 Top5 100.00
2025-12-18 16:28:58,619 - INFO  - [NUDE][TRAIN] Epoch 84/120 Iter 280/390 Loss 0.0039 Top1 99.91 Top5 100.00
2025-12-18 16:28:59,310 - INFO  - [NUDE][TRAIN] Epoch 84/120 Iter 300/390 Loss 0.0038 Top1 99.91 Top5 100.00
2025-12-18 16:29:00,002 - INFO  - [NUDE][TRAIN] Epoch 84/120 Iter 320/390 Loss 0.0039 Top1 99.90 Top5 100.00
2025-12-18 16:29:00,688 - INFO  - [NUDE][TRAIN] Epoch 84/120 Iter 340/390 Loss 0.0038 Top1 99.91 Top5 100.00
2025-12-18 16:29:01,375 - INFO  - [NUDE][TRAIN] Epoch 84/120 Iter 360/390 Loss 0.0037 Top1 99.91 Top5 100.00
2025-12-18 16:29:02,071 - INFO  - [NUDE][TRAIN] Epoch 84/120 Iter 380/390 Loss 0.0037 Top1 99.91 Top5 100.00
2025-12-18 16:29:02,452 - INFO  - [NUDE] Validate: force max bit-width W/A = 6
2025-12-18 16:29:03,459 - INFO  - [NUDE][EPOCH] 84/120 Train: Top1=99.91 Top5=100.00 Loss=0.0037 | Val(EMA): Top1=89.10
2025-12-18 16:29:04,660 - INFO  - ([85] Epoch) Saving checkpoint to:
             Current: /root/autodl-tmp/retraining-free-quantization/training/alexnet_cifar10_single_gpu_clean120/alexnet_cifar10_single_gpu_clean120_checkpoint.pth.tar

2025-12-18 16:29:04,662 - INFO  - [NUDE] Epoch 85: force max bit-width W/A = 6
2025-12-18 16:29:05,528 - INFO  - [NUDE][TRAIN] Epoch 85/120 Iter 20/390 Loss 0.0041 Top1 99.88 Top5 100.00
2025-12-18 16:29:06,219 - INFO  - [NUDE][TRAIN] Epoch 85/120 Iter 40/390 Loss 0.0045 Top1 99.90 Top5 100.00
2025-12-18 16:29:06,906 - INFO  - [NUDE][TRAIN] Epoch 85/120 Iter 60/390 Loss 0.0039 Top1 99.91 Top5 100.00
2025-12-18 16:29:07,592 - INFO  - [NUDE][TRAIN] Epoch 85/120 Iter 80/390 Loss 0.0037 Top1 99.92 Top5 100.00
2025-12-18 16:29:08,283 - INFO  - [NUDE][TRAIN] Epoch 85/120 Iter 100/390 Loss 0.0034 Top1 99.93 Top5 100.00
2025-12-18 16:29:08,971 - INFO  - [NUDE][TRAIN] Epoch 85/120 Iter 120/390 Loss 0.0034 Top1 99.93 Top5 100.00
2025-12-18 16:29:09,667 - INFO  - [NUDE][TRAIN] Epoch 85/120 Iter 140/390 Loss 0.0035 Top1 99.93 Top5 100.00
2025-12-18 16:29:10,358 - INFO  - [NUDE][TRAIN] Epoch 85/120 Iter 160/390 Loss 0.0036 Top1 99.92 Top5 100.00
2025-12-18 16:29:11,049 - INFO  - [NUDE][TRAIN] Epoch 85/120 Iter 180/390 Loss 0.0037 Top1 99.92 Top5 100.00
2025-12-18 16:29:11,751 - INFO  - [NUDE][TRAIN] Epoch 85/120 Iter 200/390 Loss 0.0037 Top1 99.91 Top5 100.00
2025-12-18 16:29:12,441 - INFO  - [NUDE][TRAIN] Epoch 85/120 Iter 220/390 Loss 0.0039 Top1 99.91 Top5 100.00
2025-12-18 16:29:13,126 - INFO  - [NUDE][TRAIN] Epoch 85/120 Iter 240/390 Loss 0.0039 Top1 99.91 Top5 100.00
2025-12-18 16:29:13,823 - INFO  - [NUDE][TRAIN] Epoch 85/120 Iter 260/390 Loss 0.0038 Top1 99.91 Top5 100.00
2025-12-18 16:29:14,544 - INFO  - [NUDE][TRAIN] Epoch 85/120 Iter 280/390 Loss 0.0038 Top1 99.91 Top5 100.00
2025-12-18 16:29:15,238 - INFO  - [NUDE][TRAIN] Epoch 85/120 Iter 300/390 Loss 0.0038 Top1 99.90 Top5 100.00
2025-12-18 16:29:15,930 - INFO  - [NUDE][TRAIN] Epoch 85/120 Iter 320/390 Loss 0.0038 Top1 99.90 Top5 100.00
2025-12-18 16:29:16,616 - INFO  - [NUDE][TRAIN] Epoch 85/120 Iter 340/390 Loss 0.0038 Top1 99.91 Top5 100.00
2025-12-18 16:29:17,306 - INFO  - [NUDE][TRAIN] Epoch 85/120 Iter 360/390 Loss 0.0038 Top1 99.90 Top5 100.00
2025-12-18 16:29:18,011 - INFO  - [NUDE][TRAIN] Epoch 85/120 Iter 380/390 Loss 0.0038 Top1 99.90 Top5 100.00
2025-12-18 16:29:18,408 - INFO  - [NUDE] Validate: force max bit-width W/A = 6
2025-12-18 16:29:19,442 - INFO  - [NUDE][EPOCH] 85/120 Train: Top1=99.90 Top5=100.00 Loss=0.0037 | Val(EMA): Top1=89.02
2025-12-18 16:29:20,228 - INFO  - ([86] Epoch) Saving checkpoint to:
             Current: /root/autodl-tmp/retraining-free-quantization/training/alexnet_cifar10_single_gpu_clean120/alexnet_cifar10_single_gpu_clean120_checkpoint.pth.tar

2025-12-18 16:29:20,229 - INFO  - [NUDE] Epoch 86: force max bit-width W/A = 6
2025-12-18 16:29:21,094 - INFO  - [NUDE][TRAIN] Epoch 86/120 Iter 20/390 Loss 0.0072 Top1 99.61 Top5 100.00
2025-12-18 16:29:21,778 - INFO  - [NUDE][TRAIN] Epoch 86/120 Iter 40/390 Loss 0.0062 Top1 99.73 Top5 100.00
2025-12-18 16:29:22,465 - INFO  - [NUDE][TRAIN] Epoch 86/120 Iter 60/390 Loss 0.0054 Top1 99.79 Top5 100.00
2025-12-18 16:29:23,151 - INFO  - [NUDE][TRAIN] Epoch 86/120 Iter 80/390 Loss 0.0050 Top1 99.81 Top5 100.00
2025-12-18 16:29:23,842 - INFO  - [NUDE][TRAIN] Epoch 86/120 Iter 100/390 Loss 0.0046 Top1 99.83 Top5 100.00
2025-12-18 16:29:24,531 - INFO  - [NUDE][TRAIN] Epoch 86/120 Iter 120/390 Loss 0.0043 Top1 99.85 Top5 100.00
2025-12-18 16:29:25,223 - INFO  - [NUDE][TRAIN] Epoch 86/120 Iter 140/390 Loss 0.0041 Top1 99.86 Top5 100.00
2025-12-18 16:29:25,918 - INFO  - [NUDE][TRAIN] Epoch 86/120 Iter 160/390 Loss 0.0039 Top1 99.87 Top5 100.00
2025-12-18 16:29:26,618 - INFO  - [NUDE][TRAIN] Epoch 86/120 Iter 180/390 Loss 0.0036 Top1 99.88 Top5 100.00
2025-12-18 16:29:27,302 - INFO  - [NUDE][TRAIN] Epoch 86/120 Iter 200/390 Loss 0.0036 Top1 99.89 Top5 100.00
2025-12-18 16:29:27,991 - INFO  - [NUDE][TRAIN] Epoch 86/120 Iter 220/390 Loss 0.0036 Top1 99.88 Top5 100.00
2025-12-18 16:29:28,679 - INFO  - [NUDE][TRAIN] Epoch 86/120 Iter 240/390 Loss 0.0035 Top1 99.89 Top5 100.00
2025-12-18 16:29:29,372 - INFO  - [NUDE][TRAIN] Epoch 86/120 Iter 260/390 Loss 0.0034 Top1 99.89 Top5 100.00
2025-12-18 16:29:30,062 - INFO  - [NUDE][TRAIN] Epoch 86/120 Iter 280/390 Loss 0.0034 Top1 99.90 Top5 100.00
2025-12-18 16:29:30,754 - INFO  - [NUDE][TRAIN] Epoch 86/120 Iter 300/390 Loss 0.0034 Top1 99.90 Top5 100.00
2025-12-18 16:29:31,456 - INFO  - [NUDE][TRAIN] Epoch 86/120 Iter 320/390 Loss 0.0033 Top1 99.90 Top5 100.00
2025-12-18 16:29:32,150 - INFO  - [NUDE][TRAIN] Epoch 86/120 Iter 340/390 Loss 0.0034 Top1 99.90 Top5 100.00
2025-12-18 16:29:32,847 - INFO  - [NUDE][TRAIN] Epoch 86/120 Iter 360/390 Loss 0.0034 Top1 99.90 Top5 100.00
2025-12-18 16:29:33,540 - INFO  - [NUDE][TRAIN] Epoch 86/120 Iter 380/390 Loss 0.0033 Top1 99.90 Top5 100.00
2025-12-18 16:29:33,919 - INFO  - [NUDE] Validate: force max bit-width W/A = 6
2025-12-18 16:29:34,932 - INFO  - [NUDE][EPOCH] 86/120 Train: Top1=99.90 Top5=100.00 Loss=0.0033 | Val(EMA): Top1=88.89
2025-12-18 16:29:36,215 - INFO  - ([87] Epoch) Saving checkpoint to:
             Current: /root/autodl-tmp/retraining-free-quantization/training/alexnet_cifar10_single_gpu_clean120/alexnet_cifar10_single_gpu_clean120_checkpoint.pth.tar

2025-12-18 16:29:36,217 - INFO  - [NUDE] Epoch 87: force max bit-width W/A = 6
2025-12-18 16:29:37,099 - INFO  - [NUDE][TRAIN] Epoch 87/120 Iter 20/390 Loss 0.0030 Top1 99.92 Top5 100.00
2025-12-18 16:29:37,786 - INFO  - [NUDE][TRAIN] Epoch 87/120 Iter 40/390 Loss 0.0029 Top1 99.92 Top5 100.00
2025-12-18 16:29:38,479 - INFO  - [NUDE][TRAIN] Epoch 87/120 Iter 60/390 Loss 0.0026 Top1 99.95 Top5 100.00
2025-12-18 16:29:39,182 - INFO  - [NUDE][TRAIN] Epoch 87/120 Iter 80/390 Loss 0.0026 Top1 99.95 Top5 100.00
2025-12-18 16:29:39,901 - INFO  - [NUDE][TRAIN] Epoch 87/120 Iter 100/390 Loss 0.0027 Top1 99.95 Top5 100.00
2025-12-18 16:29:40,595 - INFO  - [NUDE][TRAIN] Epoch 87/120 Iter 120/390 Loss 0.0027 Top1 99.95 Top5 100.00
2025-12-18 16:29:41,286 - INFO  - [NUDE][TRAIN] Epoch 87/120 Iter 140/390 Loss 0.0026 Top1 99.95 Top5 100.00
2025-12-18 16:29:41,988 - INFO  - [NUDE][TRAIN] Epoch 87/120 Iter 160/390 Loss 0.0031 Top1 99.92 Top5 100.00
2025-12-18 16:29:42,689 - INFO  - [NUDE][TRAIN] Epoch 87/120 Iter 180/390 Loss 0.0032 Top1 99.91 Top5 100.00
2025-12-18 16:29:43,382 - INFO  - [NUDE][TRAIN] Epoch 87/120 Iter 200/390 Loss 0.0032 Top1 99.91 Top5 100.00
2025-12-18 16:29:44,084 - INFO  - [NUDE][TRAIN] Epoch 87/120 Iter 220/390 Loss 0.0033 Top1 99.90 Top5 100.00
2025-12-18 16:29:44,789 - INFO  - [NUDE][TRAIN] Epoch 87/120 Iter 240/390 Loss 0.0034 Top1 99.90 Top5 100.00
2025-12-18 16:29:45,487 - INFO  - [NUDE][TRAIN] Epoch 87/120 Iter 260/390 Loss 0.0033 Top1 99.90 Top5 100.00
2025-12-18 16:29:46,176 - INFO  - [NUDE][TRAIN] Epoch 87/120 Iter 280/390 Loss 0.0034 Top1 99.90 Top5 100.00
2025-12-18 16:29:46,867 - INFO  - [NUDE][TRAIN] Epoch 87/120 Iter 300/390 Loss 0.0034 Top1 99.90 Top5 100.00
2025-12-18 16:29:47,559 - INFO  - [NUDE][TRAIN] Epoch 87/120 Iter 320/390 Loss 0.0034 Top1 99.90 Top5 100.00
2025-12-18 16:29:48,252 - INFO  - [NUDE][TRAIN] Epoch 87/120 Iter 340/390 Loss 0.0034 Top1 99.90 Top5 100.00
2025-12-18 16:29:48,948 - INFO  - [NUDE][TRAIN] Epoch 87/120 Iter 360/390 Loss 0.0035 Top1 99.90 Top5 100.00
2025-12-18 16:29:49,642 - INFO  - [NUDE][TRAIN] Epoch 87/120 Iter 380/390 Loss 0.0037 Top1 99.90 Top5 100.00
2025-12-18 16:29:50,046 - INFO  - [NUDE] Validate: force max bit-width W/A = 6
2025-12-18 16:29:51,084 - INFO  - [NUDE][EPOCH] 87/120 Train: Top1=99.90 Top5=100.00 Loss=0.0037 | Val(EMA): Top1=88.95
2025-12-18 16:29:52,316 - INFO  - ([88] Epoch) Saving checkpoint to:
             Current: /root/autodl-tmp/retraining-free-quantization/training/alexnet_cifar10_single_gpu_clean120/alexnet_cifar10_single_gpu_clean120_checkpoint.pth.tar

2025-12-18 16:29:52,318 - INFO  - [NUDE] Epoch 88: force max bit-width W/A = 6
2025-12-18 16:29:53,199 - INFO  - [NUDE][TRAIN] Epoch 88/120 Iter 20/390 Loss 0.0020 Top1 99.96 Top5 100.00
2025-12-18 16:29:53,891 - INFO  - [NUDE][TRAIN] Epoch 88/120 Iter 40/390 Loss 0.0025 Top1 99.90 Top5 100.00
2025-12-18 16:29:54,582 - INFO  - [NUDE][TRAIN] Epoch 88/120 Iter 60/390 Loss 0.0032 Top1 99.88 Top5 100.00
2025-12-18 16:29:55,273 - INFO  - [NUDE][TRAIN] Epoch 88/120 Iter 80/390 Loss 0.0032 Top1 99.91 Top5 100.00
2025-12-18 16:29:55,962 - INFO  - [NUDE][TRAIN] Epoch 88/120 Iter 100/390 Loss 0.0030 Top1 99.92 Top5 100.00
2025-12-18 16:29:56,652 - INFO  - [NUDE][TRAIN] Epoch 88/120 Iter 120/390 Loss 0.0029 Top1 99.92 Top5 100.00
2025-12-18 16:29:57,337 - INFO  - [NUDE][TRAIN] Epoch 88/120 Iter 140/390 Loss 0.0028 Top1 99.92 Top5 100.00
2025-12-18 16:29:58,027 - INFO  - [NUDE][TRAIN] Epoch 88/120 Iter 160/390 Loss 0.0026 Top1 99.93 Top5 100.00
2025-12-18 16:29:58,716 - INFO  - [NUDE][TRAIN] Epoch 88/120 Iter 180/390 Loss 0.0025 Top1 99.94 Top5 100.00
2025-12-18 16:29:59,407 - INFO  - [NUDE][TRAIN] Epoch 88/120 Iter 200/390 Loss 0.0024 Top1 99.94 Top5 100.00
2025-12-18 16:30:00,104 - INFO  - [NUDE][TRAIN] Epoch 88/120 Iter 220/390 Loss 0.0026 Top1 99.93 Top5 100.00
2025-12-18 16:30:00,800 - INFO  - [NUDE][TRAIN] Epoch 88/120 Iter 240/390 Loss 0.0026 Top1 99.93 Top5 100.00
2025-12-18 16:30:01,496 - INFO  - [NUDE][TRAIN] Epoch 88/120 Iter 260/390 Loss 0.0026 Top1 99.93 Top5 100.00
2025-12-18 16:30:02,184 - INFO  - [NUDE][TRAIN] Epoch 88/120 Iter 280/390 Loss 0.0027 Top1 99.93 Top5 100.00
2025-12-18 16:30:02,885 - INFO  - [NUDE][TRAIN] Epoch 88/120 Iter 300/390 Loss 0.0028 Top1 99.92 Top5 100.00
2025-12-18 16:30:03,588 - INFO  - [NUDE][TRAIN] Epoch 88/120 Iter 320/390 Loss 0.0029 Top1 99.92 Top5 100.00
2025-12-18 16:30:04,282 - INFO  - [NUDE][TRAIN] Epoch 88/120 Iter 340/390 Loss 0.0030 Top1 99.91 Top5 100.00
2025-12-18 16:30:04,973 - INFO  - [NUDE][TRAIN] Epoch 88/120 Iter 360/390 Loss 0.0030 Top1 99.91 Top5 100.00
2025-12-18 16:30:05,663 - INFO  - [NUDE][TRAIN] Epoch 88/120 Iter 380/390 Loss 0.0032 Top1 99.91 Top5 100.00
2025-12-18 16:30:06,041 - INFO  - [NUDE] Validate: force max bit-width W/A = 6
2025-12-18 16:30:07,042 - INFO  - [NUDE][EPOCH] 88/120 Train: Top1=99.91 Top5=100.00 Loss=0.0032 | Val(EMA): Top1=88.92
2025-12-18 16:30:08,276 - INFO  - ([89] Epoch) Saving checkpoint to:
             Current: /root/autodl-tmp/retraining-free-quantization/training/alexnet_cifar10_single_gpu_clean120/alexnet_cifar10_single_gpu_clean120_checkpoint.pth.tar

2025-12-18 16:30:08,278 - INFO  - [NUDE] Epoch 89: force max bit-width W/A = 6
2025-12-18 16:30:09,156 - INFO  - [NUDE][TRAIN] Epoch 89/120 Iter 20/390 Loss 0.0029 Top1 99.84 Top5 100.00
2025-12-18 16:30:09,842 - INFO  - [NUDE][TRAIN] Epoch 89/120 Iter 40/390 Loss 0.0035 Top1 99.84 Top5 100.00
2025-12-18 16:30:10,524 - INFO  - [NUDE][TRAIN] Epoch 89/120 Iter 60/390 Loss 0.0031 Top1 99.88 Top5 100.00
2025-12-18 16:30:11,213 - INFO  - [NUDE][TRAIN] Epoch 89/120 Iter 80/390 Loss 0.0028 Top1 99.90 Top5 100.00
2025-12-18 16:30:11,901 - INFO  - [NUDE][TRAIN] Epoch 89/120 Iter 100/390 Loss 0.0033 Top1 99.88 Top5 100.00
2025-12-18 16:30:12,590 - INFO  - [NUDE][TRAIN] Epoch 89/120 Iter 120/390 Loss 0.0030 Top1 99.90 Top5 100.00
2025-12-18 16:30:13,278 - INFO  - [NUDE][TRAIN] Epoch 89/120 Iter 140/390 Loss 0.0029 Top1 99.91 Top5 100.00
2025-12-18 16:30:13,969 - INFO  - [NUDE][TRAIN] Epoch 89/120 Iter 160/390 Loss 0.0029 Top1 99.90 Top5 100.00
2025-12-18 16:30:14,654 - INFO  - [NUDE][TRAIN] Epoch 89/120 Iter 180/390 Loss 0.0031 Top1 99.90 Top5 100.00
2025-12-18 16:30:15,342 - INFO  - [NUDE][TRAIN] Epoch 89/120 Iter 200/390 Loss 0.0032 Top1 99.88 Top5 100.00
2025-12-18 16:30:16,037 - INFO  - [NUDE][TRAIN] Epoch 89/120 Iter 220/390 Loss 0.0032 Top1 99.89 Top5 100.00
2025-12-18 16:30:16,727 - INFO  - [NUDE][TRAIN] Epoch 89/120 Iter 240/390 Loss 0.0032 Top1 99.89 Top5 100.00
2025-12-18 16:30:17,417 - INFO  - [NUDE][TRAIN] Epoch 89/120 Iter 260/390 Loss 0.0031 Top1 99.89 Top5 100.00
2025-12-18 16:30:18,107 - INFO  - [NUDE][TRAIN] Epoch 89/120 Iter 280/390 Loss 0.0031 Top1 99.90 Top5 100.00
2025-12-18 16:30:18,792 - INFO  - [NUDE][TRAIN] Epoch 89/120 Iter 300/390 Loss 0.0030 Top1 99.90 Top5 100.00
2025-12-18 16:30:19,483 - INFO  - [NUDE][TRAIN] Epoch 89/120 Iter 320/390 Loss 0.0029 Top1 99.91 Top5 100.00
2025-12-18 16:30:20,174 - INFO  - [NUDE][TRAIN] Epoch 89/120 Iter 340/390 Loss 0.0030 Top1 99.91 Top5 100.00
2025-12-18 16:30:20,868 - INFO  - [NUDE][TRAIN] Epoch 89/120 Iter 360/390 Loss 0.0030 Top1 99.91 Top5 100.00
2025-12-18 16:30:21,569 - INFO  - [NUDE][TRAIN] Epoch 89/120 Iter 380/390 Loss 0.0029 Top1 99.91 Top5 100.00
2025-12-18 16:30:21,948 - INFO  - [NUDE] Validate: force max bit-width W/A = 6
2025-12-18 16:30:22,957 - INFO  - [NUDE][EPOCH] 89/120 Train: Top1=99.91 Top5=100.00 Loss=0.0029 | Val(EMA): Top1=89.04
2025-12-18 16:30:24,170 - INFO  - ([90] Epoch) Saving checkpoint to:
             Current: /root/autodl-tmp/retraining-free-quantization/training/alexnet_cifar10_single_gpu_clean120/alexnet_cifar10_single_gpu_clean120_checkpoint.pth.tar

2025-12-18 16:30:24,172 - INFO  - [NUDE] Epoch 90: force max bit-width W/A = 6
2025-12-18 16:30:25,033 - INFO  - [NUDE][TRAIN] Epoch 90/120 Iter 20/390 Loss 0.0028 Top1 99.96 Top5 100.00
2025-12-18 16:30:25,721 - INFO  - [NUDE][TRAIN] Epoch 90/120 Iter 40/390 Loss 0.0030 Top1 99.92 Top5 100.00
2025-12-18 16:30:26,408 - INFO  - [NUDE][TRAIN] Epoch 90/120 Iter 60/390 Loss 0.0043 Top1 99.90 Top5 100.00
2025-12-18 16:30:27,092 - INFO  - [NUDE][TRAIN] Epoch 90/120 Iter 80/390 Loss 0.0044 Top1 99.91 Top5 100.00
2025-12-18 16:30:27,778 - INFO  - [NUDE][TRAIN] Epoch 90/120 Iter 100/390 Loss 0.0040 Top1 99.91 Top5 100.00
2025-12-18 16:30:28,460 - INFO  - [NUDE][TRAIN] Epoch 90/120 Iter 120/390 Loss 0.0038 Top1 99.91 Top5 100.00
2025-12-18 16:30:29,142 - INFO  - [NUDE][TRAIN] Epoch 90/120 Iter 140/390 Loss 0.0036 Top1 99.92 Top5 100.00
2025-12-18 16:30:29,830 - INFO  - [NUDE][TRAIN] Epoch 90/120 Iter 160/390 Loss 0.0035 Top1 99.92 Top5 100.00
2025-12-18 16:30:30,515 - INFO  - [NUDE][TRAIN] Epoch 90/120 Iter 180/390 Loss 0.0033 Top1 99.93 Top5 100.00
2025-12-18 16:30:31,200 - INFO  - [NUDE][TRAIN] Epoch 90/120 Iter 200/390 Loss 0.0033 Top1 99.92 Top5 100.00
2025-12-18 16:30:31,886 - INFO  - [NUDE][TRAIN] Epoch 90/120 Iter 220/390 Loss 0.0031 Top1 99.92 Top5 100.00
2025-12-18 16:30:32,583 - INFO  - [NUDE][TRAIN] Epoch 90/120 Iter 240/390 Loss 0.0033 Top1 99.91 Top5 100.00
2025-12-18 16:30:33,265 - INFO  - [NUDE][TRAIN] Epoch 90/120 Iter 260/390 Loss 0.0033 Top1 99.91 Top5 100.00
2025-12-18 16:30:33,954 - INFO  - [NUDE][TRAIN] Epoch 90/120 Iter 280/390 Loss 0.0032 Top1 99.92 Top5 100.00
2025-12-18 16:30:34,638 - INFO  - [NUDE][TRAIN] Epoch 90/120 Iter 300/390 Loss 0.0033 Top1 99.92 Top5 100.00
2025-12-18 16:30:35,324 - INFO  - [NUDE][TRAIN] Epoch 90/120 Iter 320/390 Loss 0.0031 Top1 99.92 Top5 100.00
2025-12-18 16:30:36,010 - INFO  - [NUDE][TRAIN] Epoch 90/120 Iter 340/390 Loss 0.0033 Top1 99.92 Top5 100.00
2025-12-18 16:30:36,700 - INFO  - [NUDE][TRAIN] Epoch 90/120 Iter 360/390 Loss 0.0032 Top1 99.92 Top5 100.00
2025-12-18 16:30:37,387 - INFO  - [NUDE][TRAIN] Epoch 90/120 Iter 380/390 Loss 0.0031 Top1 99.92 Top5 100.00
2025-12-18 16:30:37,763 - INFO  - [NUDE] Validate: force max bit-width W/A = 6
2025-12-18 16:30:38,759 - INFO  - [NUDE][EPOCH] 90/120 Train: Top1=99.92 Top5=100.00 Loss=0.0031 | Val(EMA): Top1=88.95
2025-12-18 16:30:39,946 - INFO  - ([91] Epoch) Saving checkpoint to:
             Current: /root/autodl-tmp/retraining-free-quantization/training/alexnet_cifar10_single_gpu_clean120/alexnet_cifar10_single_gpu_clean120_checkpoint.pth.tar

2025-12-18 16:30:39,947 - INFO  - [NUDE] Epoch 91: force max bit-width W/A = 6
2025-12-18 16:30:40,809 - INFO  - [NUDE][TRAIN] Epoch 91/120 Iter 20/390 Loss 0.0022 Top1 99.96 Top5 100.00
2025-12-18 16:30:41,498 - INFO  - [NUDE][TRAIN] Epoch 91/120 Iter 40/390 Loss 0.0022 Top1 99.96 Top5 100.00
2025-12-18 16:30:42,182 - INFO  - [NUDE][TRAIN] Epoch 91/120 Iter 60/390 Loss 0.0031 Top1 99.91 Top5 100.00
2025-12-18 16:30:42,866 - INFO  - [NUDE][TRAIN] Epoch 91/120 Iter 80/390 Loss 0.0034 Top1 99.91 Top5 100.00
2025-12-18 16:30:43,547 - INFO  - [NUDE][TRAIN] Epoch 91/120 Iter 100/390 Loss 0.0031 Top1 99.91 Top5 100.00
2025-12-18 16:30:44,231 - INFO  - [NUDE][TRAIN] Epoch 91/120 Iter 120/390 Loss 0.0035 Top1 99.91 Top5 100.00
2025-12-18 16:30:44,915 - INFO  - [NUDE][TRAIN] Epoch 91/120 Iter 140/390 Loss 0.0035 Top1 99.90 Top5 100.00
2025-12-18 16:30:45,597 - INFO  - [NUDE][TRAIN] Epoch 91/120 Iter 160/390 Loss 0.0033 Top1 99.91 Top5 100.00
2025-12-18 16:30:46,287 - INFO  - [NUDE][TRAIN] Epoch 91/120 Iter 180/390 Loss 0.0031 Top1 99.92 Top5 100.00
2025-12-18 16:30:46,974 - INFO  - [NUDE][TRAIN] Epoch 91/120 Iter 200/390 Loss 0.0031 Top1 99.92 Top5 100.00
2025-12-18 16:30:47,660 - INFO  - [NUDE][TRAIN] Epoch 91/120 Iter 220/390 Loss 0.0029 Top1 99.93 Top5 100.00
2025-12-18 16:30:48,342 - INFO  - [NUDE][TRAIN] Epoch 91/120 Iter 240/390 Loss 0.0030 Top1 99.92 Top5 100.00
2025-12-18 16:30:49,025 - INFO  - [NUDE][TRAIN] Epoch 91/120 Iter 260/390 Loss 0.0030 Top1 99.92 Top5 100.00
2025-12-18 16:30:49,708 - INFO  - [NUDE][TRAIN] Epoch 91/120 Iter 280/390 Loss 0.0030 Top1 99.92 Top5 100.00
2025-12-18 16:30:50,396 - INFO  - [NUDE][TRAIN] Epoch 91/120 Iter 300/390 Loss 0.0029 Top1 99.92 Top5 100.00
2025-12-18 16:30:51,082 - INFO  - [NUDE][TRAIN] Epoch 91/120 Iter 320/390 Loss 0.0029 Top1 99.92 Top5 100.00
2025-12-18 16:30:51,769 - INFO  - [NUDE][TRAIN] Epoch 91/120 Iter 340/390 Loss 0.0029 Top1 99.92 Top5 100.00
2025-12-18 16:30:52,467 - INFO  - [NUDE][TRAIN] Epoch 91/120 Iter 360/390 Loss 0.0031 Top1 99.91 Top5 100.00
2025-12-18 16:30:53,153 - INFO  - [NUDE][TRAIN] Epoch 91/120 Iter 380/390 Loss 0.0032 Top1 99.91 Top5 100.00
2025-12-18 16:30:53,535 - INFO  - [NUDE] Validate: force max bit-width W/A = 6
2025-12-18 16:30:54,586 - INFO  - [NUDE][EPOCH] 91/120 Train: Top1=99.90 Top5=100.00 Loss=0.0032 | Val(EMA): Top1=89.07
2025-12-18 16:30:55,807 - INFO  - ([92] Epoch) Saving checkpoint to:
             Current: /root/autodl-tmp/retraining-free-quantization/training/alexnet_cifar10_single_gpu_clean120/alexnet_cifar10_single_gpu_clean120_checkpoint.pth.tar

2025-12-18 16:30:55,809 - INFO  - [NUDE] Epoch 92: force max bit-width W/A = 6
2025-12-18 16:30:56,666 - INFO  - [NUDE][TRAIN] Epoch 92/120 Iter 20/390 Loss 0.0024 Top1 99.92 Top5 100.00
2025-12-18 16:30:57,348 - INFO  - [NUDE][TRAIN] Epoch 92/120 Iter 40/390 Loss 0.0021 Top1 99.92 Top5 100.00
2025-12-18 16:30:58,033 - INFO  - [NUDE][TRAIN] Epoch 92/120 Iter 60/390 Loss 0.0021 Top1 99.93 Top5 100.00
2025-12-18 16:30:58,717 - INFO  - [NUDE][TRAIN] Epoch 92/120 Iter 80/390 Loss 0.0022 Top1 99.93 Top5 100.00
2025-12-18 16:30:59,398 - INFO  - [NUDE][TRAIN] Epoch 92/120 Iter 100/390 Loss 0.0022 Top1 99.94 Top5 100.00
2025-12-18 16:31:00,081 - INFO  - [NUDE][TRAIN] Epoch 92/120 Iter 120/390 Loss 0.0028 Top1 99.93 Top5 100.00
2025-12-18 16:31:00,766 - INFO  - [NUDE][TRAIN] Epoch 92/120 Iter 140/390 Loss 0.0030 Top1 99.92 Top5 100.00
2025-12-18 16:31:01,455 - INFO  - [NUDE][TRAIN] Epoch 92/120 Iter 160/390 Loss 0.0030 Top1 99.91 Top5 100.00
2025-12-18 16:31:02,139 - INFO  - [NUDE][TRAIN] Epoch 92/120 Iter 180/390 Loss 0.0029 Top1 99.91 Top5 100.00
2025-12-18 16:31:02,823 - INFO  - [NUDE][TRAIN] Epoch 92/120 Iter 200/390 Loss 0.0028 Top1 99.91 Top5 100.00
2025-12-18 16:31:03,508 - INFO  - [NUDE][TRAIN] Epoch 92/120 Iter 220/390 Loss 0.0029 Top1 99.90 Top5 100.00
2025-12-18 16:31:04,206 - INFO  - [NUDE][TRAIN] Epoch 92/120 Iter 240/390 Loss 0.0030 Top1 99.90 Top5 100.00
2025-12-18 16:31:04,908 - INFO  - [NUDE][TRAIN] Epoch 92/120 Iter 260/390 Loss 0.0029 Top1 99.90 Top5 100.00
2025-12-18 16:31:05,601 - INFO  - [NUDE][TRAIN] Epoch 92/120 Iter 280/390 Loss 0.0030 Top1 99.90 Top5 100.00
2025-12-18 16:31:06,290 - INFO  - [NUDE][TRAIN] Epoch 92/120 Iter 300/390 Loss 0.0030 Top1 99.91 Top5 100.00
2025-12-18 16:31:06,986 - INFO  - [NUDE][TRAIN] Epoch 92/120 Iter 320/390 Loss 0.0030 Top1 99.90 Top5 100.00
2025-12-18 16:31:07,697 - INFO  - [NUDE][TRAIN] Epoch 92/120 Iter 340/390 Loss 0.0030 Top1 99.90 Top5 100.00
2025-12-18 16:31:08,406 - INFO  - [NUDE][TRAIN] Epoch 92/120 Iter 360/390 Loss 0.0030 Top1 99.90 Top5 100.00
2025-12-18 16:31:09,097 - INFO  - [NUDE][TRAIN] Epoch 92/120 Iter 380/390 Loss 0.0029 Top1 99.91 Top5 100.00
2025-12-18 16:31:09,482 - INFO  - [NUDE] Validate: force max bit-width W/A = 6
2025-12-18 16:31:10,472 - INFO  - [NUDE][EPOCH] 92/120 Train: Top1=99.91 Top5=100.00 Loss=0.0029 | Val(EMA): Top1=89.08
2025-12-18 16:31:11,648 - INFO  - ([93] Epoch) Saving checkpoint to:
             Current: /root/autodl-tmp/retraining-free-quantization/training/alexnet_cifar10_single_gpu_clean120/alexnet_cifar10_single_gpu_clean120_checkpoint.pth.tar

2025-12-18 16:31:11,649 - INFO  - [NUDE] Epoch 93: force max bit-width W/A = 6
2025-12-18 16:31:12,512 - INFO  - [NUDE][TRAIN] Epoch 93/120 Iter 20/390 Loss 0.0021 Top1 99.96 Top5 100.00
2025-12-18 16:31:13,198 - INFO  - [NUDE][TRAIN] Epoch 93/120 Iter 40/390 Loss 0.0020 Top1 99.92 Top5 100.00
2025-12-18 16:31:13,883 - INFO  - [NUDE][TRAIN] Epoch 93/120 Iter 60/390 Loss 0.0024 Top1 99.91 Top5 100.00
2025-12-18 16:31:14,572 - INFO  - [NUDE][TRAIN] Epoch 93/120 Iter 80/390 Loss 0.0027 Top1 99.90 Top5 100.00
2025-12-18 16:31:15,254 - INFO  - [NUDE][TRAIN] Epoch 93/120 Iter 100/390 Loss 0.0025 Top1 99.91 Top5 100.00
2025-12-18 16:31:15,940 - INFO  - [NUDE][TRAIN] Epoch 93/120 Iter 120/390 Loss 0.0023 Top1 99.92 Top5 100.00
2025-12-18 16:31:16,634 - INFO  - [NUDE][TRAIN] Epoch 93/120 Iter 140/390 Loss 0.0022 Top1 99.93 Top5 100.00
2025-12-18 16:31:17,326 - INFO  - [NUDE][TRAIN] Epoch 93/120 Iter 160/390 Loss 0.0022 Top1 99.93 Top5 100.00
2025-12-18 16:31:18,018 - INFO  - [NUDE][TRAIN] Epoch 93/120 Iter 180/390 Loss 0.0021 Top1 99.93 Top5 100.00
2025-12-18 16:31:18,708 - INFO  - [NUDE][TRAIN] Epoch 93/120 Iter 200/390 Loss 0.0021 Top1 99.94 Top5 100.00
2025-12-18 16:31:19,396 - INFO  - [NUDE][TRAIN] Epoch 93/120 Iter 220/390 Loss 0.0022 Top1 99.93 Top5 100.00
2025-12-18 16:31:20,086 - INFO  - [NUDE][TRAIN] Epoch 93/120 Iter 240/390 Loss 0.0023 Top1 99.93 Top5 100.00
2025-12-18 16:31:20,777 - INFO  - [NUDE][TRAIN] Epoch 93/120 Iter 260/390 Loss 0.0023 Top1 99.92 Top5 100.00
2025-12-18 16:31:21,467 - INFO  - [NUDE][TRAIN] Epoch 93/120 Iter 280/390 Loss 0.0023 Top1 99.92 Top5 100.00
2025-12-18 16:31:22,155 - INFO  - [NUDE][TRAIN] Epoch 93/120 Iter 300/390 Loss 0.0022 Top1 99.93 Top5 100.00
2025-12-18 16:31:22,851 - INFO  - [NUDE][TRAIN] Epoch 93/120 Iter 320/390 Loss 0.0022 Top1 99.93 Top5 100.00
2025-12-18 16:31:23,550 - INFO  - [NUDE][TRAIN] Epoch 93/120 Iter 340/390 Loss 0.0022 Top1 99.93 Top5 100.00
2025-12-18 16:31:24,240 - INFO  - [NUDE][TRAIN] Epoch 93/120 Iter 360/390 Loss 0.0022 Top1 99.93 Top5 100.00
2025-12-18 16:31:24,928 - INFO  - [NUDE][TRAIN] Epoch 93/120 Iter 380/390 Loss 0.0023 Top1 99.92 Top5 100.00
2025-12-18 16:31:25,305 - INFO  - [NUDE] Validate: force max bit-width W/A = 6
2025-12-18 16:31:26,302 - INFO  - [NUDE][EPOCH] 93/120 Train: Top1=99.93 Top5=100.00 Loss=0.0023 | Val(EMA): Top1=89.05
2025-12-18 16:31:27,485 - INFO  - ([94] Epoch) Saving checkpoint to:
             Current: /root/autodl-tmp/retraining-free-quantization/training/alexnet_cifar10_single_gpu_clean120/alexnet_cifar10_single_gpu_clean120_checkpoint.pth.tar

2025-12-18 16:31:27,486 - INFO  - [NUDE] Epoch 94: force max bit-width W/A = 6
2025-12-18 16:31:28,355 - INFO  - [NUDE][TRAIN] Epoch 94/120 Iter 20/390 Loss 0.0024 Top1 99.92 Top5 100.00
2025-12-18 16:31:29,042 - INFO  - [NUDE][TRAIN] Epoch 94/120 Iter 40/390 Loss 0.0025 Top1 99.92 Top5 100.00
2025-12-18 16:31:29,728 - INFO  - [NUDE][TRAIN] Epoch 94/120 Iter 60/390 Loss 0.0032 Top1 99.91 Top5 100.00
2025-12-18 16:31:30,416 - INFO  - [NUDE][TRAIN] Epoch 94/120 Iter 80/390 Loss 0.0027 Top1 99.92 Top5 100.00
2025-12-18 16:31:31,106 - INFO  - [NUDE][TRAIN] Epoch 94/120 Iter 100/390 Loss 0.0025 Top1 99.92 Top5 100.00
2025-12-18 16:31:31,794 - INFO  - [NUDE][TRAIN] Epoch 94/120 Iter 120/390 Loss 0.0024 Top1 99.93 Top5 100.00
2025-12-18 16:31:32,483 - INFO  - [NUDE][TRAIN] Epoch 94/120 Iter 140/390 Loss 0.0022 Top1 99.93 Top5 100.00
2025-12-18 16:31:33,175 - INFO  - [NUDE][TRAIN] Epoch 94/120 Iter 160/390 Loss 0.0023 Top1 99.93 Top5 100.00
2025-12-18 16:31:33,864 - INFO  - [NUDE][TRAIN] Epoch 94/120 Iter 180/390 Loss 0.0023 Top1 99.93 Top5 100.00
2025-12-18 16:31:34,551 - INFO  - [NUDE][TRAIN] Epoch 94/120 Iter 200/390 Loss 0.0024 Top1 99.93 Top5 100.00
2025-12-18 16:31:35,236 - INFO  - [NUDE][TRAIN] Epoch 94/120 Iter 220/390 Loss 0.0024 Top1 99.93 Top5 100.00
2025-12-18 16:31:35,923 - INFO  - [NUDE][TRAIN] Epoch 94/120 Iter 240/390 Loss 0.0025 Top1 99.93 Top5 100.00
2025-12-18 16:31:36,613 - INFO  - [NUDE][TRAIN] Epoch 94/120 Iter 260/390 Loss 0.0024 Top1 99.93 Top5 100.00
2025-12-18 16:31:37,304 - INFO  - [NUDE][TRAIN] Epoch 94/120 Iter 280/390 Loss 0.0023 Top1 99.93 Top5 100.00
2025-12-18 16:31:37,996 - INFO  - [NUDE][TRAIN] Epoch 94/120 Iter 300/390 Loss 0.0023 Top1 99.93 Top5 100.00
2025-12-18 16:31:38,688 - INFO  - [NUDE][TRAIN] Epoch 94/120 Iter 320/390 Loss 0.0023 Top1 99.93 Top5 100.00
2025-12-18 16:31:39,377 - INFO  - [NUDE][TRAIN] Epoch 94/120 Iter 340/390 Loss 0.0023 Top1 99.93 Top5 100.00
2025-12-18 16:31:40,067 - INFO  - [NUDE][TRAIN] Epoch 94/120 Iter 360/390 Loss 0.0023 Top1 99.93 Top5 100.00
2025-12-18 16:31:40,756 - INFO  - [NUDE][TRAIN] Epoch 94/120 Iter 380/390 Loss 0.0023 Top1 99.93 Top5 100.00
2025-12-18 16:31:41,138 - INFO  - [NUDE] Validate: force max bit-width W/A = 6
2025-12-18 16:31:42,120 - INFO  - [NUDE][EPOCH] 94/120 Train: Top1=99.93 Top5=100.00 Loss=0.0023 | Val(EMA): Top1=89.04
2025-12-18 16:31:43,304 - INFO  - ([95] Epoch) Saving checkpoint to:
             Current: /root/autodl-tmp/retraining-free-quantization/training/alexnet_cifar10_single_gpu_clean120/alexnet_cifar10_single_gpu_clean120_checkpoint.pth.tar

2025-12-18 16:31:43,305 - INFO  - [NUDE] Epoch 95: force max bit-width W/A = 6
2025-12-18 16:31:44,172 - INFO  - [NUDE][TRAIN] Epoch 95/120 Iter 20/390 Loss 0.0022 Top1 99.92 Top5 100.00
2025-12-18 16:31:44,859 - INFO  - [NUDE][TRAIN] Epoch 95/120 Iter 40/390 Loss 0.0021 Top1 99.92 Top5 100.00
2025-12-18 16:31:45,546 - INFO  - [NUDE][TRAIN] Epoch 95/120 Iter 60/390 Loss 0.0032 Top1 99.90 Top5 100.00
2025-12-18 16:31:46,233 - INFO  - [NUDE][TRAIN] Epoch 95/120 Iter 80/390 Loss 0.0031 Top1 99.89 Top5 100.00
2025-12-18 16:31:46,919 - INFO  - [NUDE][TRAIN] Epoch 95/120 Iter 100/390 Loss 0.0028 Top1 99.91 Top5 100.00
2025-12-18 16:31:47,605 - INFO  - [NUDE][TRAIN] Epoch 95/120 Iter 120/390 Loss 0.0027 Top1 99.92 Top5 100.00
2025-12-18 16:31:48,293 - INFO  - [NUDE][TRAIN] Epoch 95/120 Iter 140/390 Loss 0.0027 Top1 99.91 Top5 100.00
2025-12-18 16:31:48,986 - INFO  - [NUDE][TRAIN] Epoch 95/120 Iter 160/390 Loss 0.0025 Top1 99.92 Top5 100.00
2025-12-18 16:31:49,676 - INFO  - [NUDE][TRAIN] Epoch 95/120 Iter 180/390 Loss 0.0025 Top1 99.92 Top5 100.00
2025-12-18 16:31:50,365 - INFO  - [NUDE][TRAIN] Epoch 95/120 Iter 200/390 Loss 0.0026 Top1 99.92 Top5 100.00
2025-12-18 16:31:51,053 - INFO  - [NUDE][TRAIN] Epoch 95/120 Iter 220/390 Loss 0.0025 Top1 99.93 Top5 100.00
2025-12-18 16:31:51,741 - INFO  - [NUDE][TRAIN] Epoch 95/120 Iter 240/390 Loss 0.0024 Top1 99.93 Top5 100.00
2025-12-18 16:31:52,429 - INFO  - [NUDE][TRAIN] Epoch 95/120 Iter 260/390 Loss 0.0024 Top1 99.93 Top5 100.00
2025-12-18 16:31:53,119 - INFO  - [NUDE][TRAIN] Epoch 95/120 Iter 280/390 Loss 0.0024 Top1 99.93 Top5 100.00
2025-12-18 16:31:53,819 - INFO  - [NUDE][TRAIN] Epoch 95/120 Iter 300/390 Loss 0.0024 Top1 99.93 Top5 100.00
2025-12-18 16:31:54,506 - INFO  - [NUDE][TRAIN] Epoch 95/120 Iter 320/390 Loss 0.0024 Top1 99.93 Top5 100.00
2025-12-18 16:31:55,200 - INFO  - [NUDE][TRAIN] Epoch 95/120 Iter 340/390 Loss 0.0024 Top1 99.93 Top5 100.00
2025-12-18 16:31:55,913 - INFO  - [NUDE][TRAIN] Epoch 95/120 Iter 360/390 Loss 0.0023 Top1 99.94 Top5 100.00
2025-12-18 16:31:56,609 - INFO  - [NUDE][TRAIN] Epoch 95/120 Iter 380/390 Loss 0.0024 Top1 99.93 Top5 100.00
2025-12-18 16:31:56,988 - INFO  - [NUDE] Validate: force max bit-width W/A = 6
2025-12-18 16:31:57,980 - INFO  - [NUDE][EPOCH] 95/120 Train: Top1=99.93 Top5=100.00 Loss=0.0024 | Val(EMA): Top1=88.99
2025-12-18 16:31:59,195 - INFO  - ([96] Epoch) Saving checkpoint to:
             Current: /root/autodl-tmp/retraining-free-quantization/training/alexnet_cifar10_single_gpu_clean120/alexnet_cifar10_single_gpu_clean120_checkpoint.pth.tar

2025-12-18 16:31:59,196 - INFO  - [NUDE] Epoch 96: force max bit-width W/A = 6
2025-12-18 16:32:00,085 - INFO  - [NUDE][TRAIN] Epoch 96/120 Iter 20/390 Loss 0.0009 Top1 100.00 Top5 100.00
2025-12-18 16:32:00,783 - INFO  - [NUDE][TRAIN] Epoch 96/120 Iter 40/390 Loss 0.0023 Top1 99.96 Top5 100.00
2025-12-18 16:32:01,477 - INFO  - [NUDE][TRAIN] Epoch 96/120 Iter 60/390 Loss 0.0022 Top1 99.96 Top5 100.00
2025-12-18 16:32:02,164 - INFO  - [NUDE][TRAIN] Epoch 96/120 Iter 80/390 Loss 0.0025 Top1 99.94 Top5 100.00
2025-12-18 16:32:02,851 - INFO  - [NUDE][TRAIN] Epoch 96/120 Iter 100/390 Loss 0.0025 Top1 99.94 Top5 100.00
2025-12-18 16:32:03,538 - INFO  - [NUDE][TRAIN] Epoch 96/120 Iter 120/390 Loss 0.0023 Top1 99.95 Top5 100.00
2025-12-18 16:32:04,225 - INFO  - [NUDE][TRAIN] Epoch 96/120 Iter 140/390 Loss 0.0024 Top1 99.94 Top5 100.00
2025-12-18 16:32:04,912 - INFO  - [NUDE][TRAIN] Epoch 96/120 Iter 160/390 Loss 0.0022 Top1 99.95 Top5 100.00
2025-12-18 16:32:05,609 - INFO  - [NUDE][TRAIN] Epoch 96/120 Iter 180/390 Loss 0.0020 Top1 99.95 Top5 100.00
2025-12-18 16:32:06,298 - INFO  - [NUDE][TRAIN] Epoch 96/120 Iter 200/390 Loss 0.0021 Top1 99.95 Top5 100.00
2025-12-18 16:32:06,983 - INFO  - [NUDE][TRAIN] Epoch 96/120 Iter 220/390 Loss 0.0021 Top1 99.94 Top5 100.00
2025-12-18 16:32:07,671 - INFO  - [NUDE][TRAIN] Epoch 96/120 Iter 240/390 Loss 0.0022 Top1 99.94 Top5 100.00
2025-12-18 16:32:08,360 - INFO  - [NUDE][TRAIN] Epoch 96/120 Iter 260/390 Loss 0.0022 Top1 99.94 Top5 100.00
2025-12-18 16:32:09,049 - INFO  - [NUDE][TRAIN] Epoch 96/120 Iter 280/390 Loss 0.0022 Top1 99.94 Top5 100.00
2025-12-18 16:32:09,741 - INFO  - [NUDE][TRAIN] Epoch 96/120 Iter 300/390 Loss 0.0021 Top1 99.94 Top5 100.00
2025-12-18 16:32:10,429 - INFO  - [NUDE][TRAIN] Epoch 96/120 Iter 320/390 Loss 0.0021 Top1 99.94 Top5 100.00
2025-12-18 16:32:11,121 - INFO  - [NUDE][TRAIN] Epoch 96/120 Iter 340/390 Loss 0.0021 Top1 99.94 Top5 100.00
2025-12-18 16:32:11,808 - INFO  - [NUDE][TRAIN] Epoch 96/120 Iter 360/390 Loss 0.0021 Top1 99.94 Top5 100.00
2025-12-18 16:32:12,495 - INFO  - [NUDE][TRAIN] Epoch 96/120 Iter 380/390 Loss 0.0021 Top1 99.94 Top5 100.00
2025-12-18 16:32:12,875 - INFO  - [NUDE] Validate: force max bit-width W/A = 6
2025-12-18 16:32:13,871 - INFO  - [NUDE][EPOCH] 96/120 Train: Top1=99.94 Top5=100.00 Loss=0.0021 | Val(EMA): Top1=88.98
2025-12-18 16:32:15,076 - INFO  - ([97] Epoch) Saving checkpoint to:
             Current: /root/autodl-tmp/retraining-free-quantization/training/alexnet_cifar10_single_gpu_clean120/alexnet_cifar10_single_gpu_clean120_checkpoint.pth.tar

2025-12-18 16:32:15,077 - INFO  - [NUDE] Epoch 97: force max bit-width W/A = 6
2025-12-18 16:32:15,942 - INFO  - [NUDE][TRAIN] Epoch 97/120 Iter 20/390 Loss 0.0014 Top1 99.92 Top5 100.00
2025-12-18 16:32:16,629 - INFO  - [NUDE][TRAIN] Epoch 97/120 Iter 40/390 Loss 0.0014 Top1 99.94 Top5 100.00
2025-12-18 16:32:17,316 - INFO  - [NUDE][TRAIN] Epoch 97/120 Iter 60/390 Loss 0.0015 Top1 99.96 Top5 100.00
2025-12-18 16:32:18,001 - INFO  - [NUDE][TRAIN] Epoch 97/120 Iter 80/390 Loss 0.0018 Top1 99.94 Top5 100.00
2025-12-18 16:32:18,687 - INFO  - [NUDE][TRAIN] Epoch 97/120 Iter 100/390 Loss 0.0017 Top1 99.95 Top5 100.00
2025-12-18 16:32:19,373 - INFO  - [NUDE][TRAIN] Epoch 97/120 Iter 120/390 Loss 0.0020 Top1 99.94 Top5 100.00
2025-12-18 16:32:20,062 - INFO  - [NUDE][TRAIN] Epoch 97/120 Iter 140/390 Loss 0.0020 Top1 99.94 Top5 100.00
2025-12-18 16:32:20,758 - INFO  - [NUDE][TRAIN] Epoch 97/120 Iter 160/390 Loss 0.0019 Top1 99.94 Top5 100.00
2025-12-18 16:32:21,446 - INFO  - [NUDE][TRAIN] Epoch 97/120 Iter 180/390 Loss 0.0020 Top1 99.93 Top5 100.00
2025-12-18 16:32:22,139 - INFO  - [NUDE][TRAIN] Epoch 97/120 Iter 200/390 Loss 0.0020 Top1 99.93 Top5 100.00
2025-12-18 16:32:22,831 - INFO  - [NUDE][TRAIN] Epoch 97/120 Iter 220/390 Loss 0.0020 Top1 99.93 Top5 100.00
2025-12-18 16:32:23,524 - INFO  - [NUDE][TRAIN] Epoch 97/120 Iter 240/390 Loss 0.0019 Top1 99.94 Top5 100.00
2025-12-18 16:32:24,214 - INFO  - [NUDE][TRAIN] Epoch 97/120 Iter 260/390 Loss 0.0019 Top1 99.94 Top5 100.00
2025-12-18 16:32:24,903 - INFO  - [NUDE][TRAIN] Epoch 97/120 Iter 280/390 Loss 0.0019 Top1 99.94 Top5 100.00
2025-12-18 16:32:25,590 - INFO  - [NUDE][TRAIN] Epoch 97/120 Iter 300/390 Loss 0.0020 Top1 99.93 Top5 100.00
2025-12-18 16:32:26,280 - INFO  - [NUDE][TRAIN] Epoch 97/120 Iter 320/390 Loss 0.0019 Top1 99.93 Top5 100.00
2025-12-18 16:32:26,968 - INFO  - [NUDE][TRAIN] Epoch 97/120 Iter 340/390 Loss 0.0019 Top1 99.94 Top5 100.00
2025-12-18 16:32:27,659 - INFO  - [NUDE][TRAIN] Epoch 97/120 Iter 360/390 Loss 0.0019 Top1 99.94 Top5 100.00
2025-12-18 16:32:28,349 - INFO  - [NUDE][TRAIN] Epoch 97/120 Iter 380/390 Loss 0.0019 Top1 99.94 Top5 100.00
2025-12-18 16:32:28,729 - INFO  - [NUDE] Validate: force max bit-width W/A = 6
2025-12-18 16:32:29,740 - INFO  - [NUDE][EPOCH] 97/120 Train: Top1=99.94 Top5=100.00 Loss=0.0019 | Val(EMA): Top1=89.03
2025-12-18 16:32:30,912 - INFO  - ([98] Epoch) Saving checkpoint to:
             Current: /root/autodl-tmp/retraining-free-quantization/training/alexnet_cifar10_single_gpu_clean120/alexnet_cifar10_single_gpu_clean120_checkpoint.pth.tar

2025-12-18 16:32:30,913 - INFO  - [NUDE] Epoch 98: force max bit-width W/A = 6
2025-12-18 16:32:31,774 - INFO  - [NUDE][TRAIN] Epoch 98/120 Iter 20/390 Loss 0.0021 Top1 99.96 Top5 100.00
2025-12-18 16:32:32,459 - INFO  - [NUDE][TRAIN] Epoch 98/120 Iter 40/390 Loss 0.0014 Top1 99.98 Top5 100.00
2025-12-18 16:32:33,146 - INFO  - [NUDE][TRAIN] Epoch 98/120 Iter 60/390 Loss 0.0017 Top1 99.95 Top5 100.00
2025-12-18 16:32:33,828 - INFO  - [NUDE][TRAIN] Epoch 98/120 Iter 80/390 Loss 0.0017 Top1 99.93 Top5 100.00
2025-12-18 16:32:34,516 - INFO  - [NUDE][TRAIN] Epoch 98/120 Iter 100/390 Loss 0.0016 Top1 99.95 Top5 100.00
2025-12-18 16:32:35,204 - INFO  - [NUDE][TRAIN] Epoch 98/120 Iter 120/390 Loss 0.0016 Top1 99.95 Top5 100.00
2025-12-18 16:32:35,888 - INFO  - [NUDE][TRAIN] Epoch 98/120 Iter 140/390 Loss 0.0017 Top1 99.94 Top5 100.00
2025-12-18 16:32:36,574 - INFO  - [NUDE][TRAIN] Epoch 98/120 Iter 160/390 Loss 0.0016 Top1 99.95 Top5 100.00
2025-12-18 16:32:37,263 - INFO  - [NUDE][TRAIN] Epoch 98/120 Iter 180/390 Loss 0.0017 Top1 99.94 Top5 100.00
2025-12-18 16:32:37,949 - INFO  - [NUDE][TRAIN] Epoch 98/120 Iter 200/390 Loss 0.0016 Top1 99.95 Top5 100.00
2025-12-18 16:32:38,630 - INFO  - [NUDE][TRAIN] Epoch 98/120 Iter 220/390 Loss 0.0016 Top1 99.95 Top5 100.00
2025-12-18 16:32:39,319 - INFO  - [NUDE][TRAIN] Epoch 98/120 Iter 240/390 Loss 0.0016 Top1 99.95 Top5 100.00
2025-12-18 16:32:40,004 - INFO  - [NUDE][TRAIN] Epoch 98/120 Iter 260/390 Loss 0.0017 Top1 99.95 Top5 100.00
2025-12-18 16:32:40,686 - INFO  - [NUDE][TRAIN] Epoch 98/120 Iter 280/390 Loss 0.0017 Top1 99.95 Top5 100.00
2025-12-18 16:32:41,367 - INFO  - [NUDE][TRAIN] Epoch 98/120 Iter 300/390 Loss 0.0016 Top1 99.95 Top5 100.00
2025-12-18 16:32:42,049 - INFO  - [NUDE][TRAIN] Epoch 98/120 Iter 320/390 Loss 0.0017 Top1 99.95 Top5 100.00
2025-12-18 16:32:42,739 - INFO  - [NUDE][TRAIN] Epoch 98/120 Iter 340/390 Loss 0.0017 Top1 99.94 Top5 100.00
2025-12-18 16:32:43,422 - INFO  - [NUDE][TRAIN] Epoch 98/120 Iter 360/390 Loss 0.0018 Top1 99.94 Top5 100.00
2025-12-18 16:32:44,104 - INFO  - [NUDE][TRAIN] Epoch 98/120 Iter 380/390 Loss 0.0019 Top1 99.94 Top5 100.00
2025-12-18 16:32:44,479 - INFO  - [NUDE] Validate: force max bit-width W/A = 6
2025-12-18 16:32:45,453 - INFO  - [NUDE][EPOCH] 98/120 Train: Top1=99.94 Top5=100.00 Loss=0.0018 | Val(EMA): Top1=89.04
2025-12-18 16:32:46,685 - INFO  - ([99] Epoch) Saving checkpoint to:
             Current: /root/autodl-tmp/retraining-free-quantization/training/alexnet_cifar10_single_gpu_clean120/alexnet_cifar10_single_gpu_clean120_checkpoint.pth.tar

2025-12-18 16:32:46,686 - INFO  - [NUDE] Epoch 99: force max bit-width W/A = 6
2025-12-18 16:32:47,556 - INFO  - [NUDE][TRAIN] Epoch 99/120 Iter 20/390 Loss 0.0018 Top1 99.96 Top5 100.00
2025-12-18 16:32:48,239 - INFO  - [NUDE][TRAIN] Epoch 99/120 Iter 40/390 Loss 0.0012 Top1 99.98 Top5 100.00
2025-12-18 16:32:48,920 - INFO  - [NUDE][TRAIN] Epoch 99/120 Iter 60/390 Loss 0.0016 Top1 99.95 Top5 100.00
2025-12-18 16:32:49,601 - INFO  - [NUDE][TRAIN] Epoch 99/120 Iter 80/390 Loss 0.0014 Top1 99.96 Top5 100.00
2025-12-18 16:32:50,289 - INFO  - [NUDE][TRAIN] Epoch 99/120 Iter 100/390 Loss 0.0015 Top1 99.95 Top5 100.00
2025-12-18 16:32:50,980 - INFO  - [NUDE][TRAIN] Epoch 99/120 Iter 120/390 Loss 0.0015 Top1 99.95 Top5 100.00
2025-12-18 16:32:51,665 - INFO  - [NUDE][TRAIN] Epoch 99/120 Iter 140/390 Loss 0.0015 Top1 99.95 Top5 100.00
2025-12-18 16:32:52,353 - INFO  - [NUDE][TRAIN] Epoch 99/120 Iter 160/390 Loss 0.0014 Top1 99.96 Top5 100.00
2025-12-18 16:32:53,050 - INFO  - [NUDE][TRAIN] Epoch 99/120 Iter 180/390 Loss 0.0016 Top1 99.95 Top5 100.00
2025-12-18 16:32:53,735 - INFO  - [NUDE][TRAIN] Epoch 99/120 Iter 200/390 Loss 0.0019 Top1 99.94 Top5 100.00
2025-12-18 16:32:54,421 - INFO  - [NUDE][TRAIN] Epoch 99/120 Iter 220/390 Loss 0.0022 Top1 99.94 Top5 100.00
2025-12-18 16:32:55,107 - INFO  - [NUDE][TRAIN] Epoch 99/120 Iter 240/390 Loss 0.0022 Top1 99.94 Top5 100.00
2025-12-18 16:32:55,798 - INFO  - [NUDE][TRAIN] Epoch 99/120 Iter 260/390 Loss 0.0022 Top1 99.94 Top5 100.00
2025-12-18 16:32:56,489 - INFO  - [NUDE][TRAIN] Epoch 99/120 Iter 280/390 Loss 0.0021 Top1 99.94 Top5 100.00
2025-12-18 16:32:57,188 - INFO  - [NUDE][TRAIN] Epoch 99/120 Iter 300/390 Loss 0.0021 Top1 99.94 Top5 100.00
2025-12-18 16:32:57,877 - INFO  - [NUDE][TRAIN] Epoch 99/120 Iter 320/390 Loss 0.0021 Top1 99.94 Top5 100.00
2025-12-18 16:32:58,568 - INFO  - [NUDE][TRAIN] Epoch 99/120 Iter 340/390 Loss 0.0021 Top1 99.94 Top5 100.00
2025-12-18 16:32:59,261 - INFO  - [NUDE][TRAIN] Epoch 99/120 Iter 360/390 Loss 0.0020 Top1 99.94 Top5 100.00
2025-12-18 16:32:59,950 - INFO  - [NUDE][TRAIN] Epoch 99/120 Iter 380/390 Loss 0.0021 Top1 99.94 Top5 100.00
2025-12-18 16:33:00,333 - INFO  - [NUDE] Validate: force max bit-width W/A = 6
2025-12-18 16:33:01,373 - INFO  - [NUDE][EPOCH] 99/120 Train: Top1=99.94 Top5=100.00 Loss=0.0021 | Val(EMA): Top1=89.03
2025-12-18 16:33:02,605 - INFO  - ([100] Epoch) Saving checkpoint to:
             Current: /root/autodl-tmp/retraining-free-quantization/training/alexnet_cifar10_single_gpu_clean120/alexnet_cifar10_single_gpu_clean120_checkpoint.pth.tar

2025-12-18 16:33:02,606 - INFO  - [NUDE] Epoch 100: force max bit-width W/A = 6
2025-12-18 16:33:03,473 - INFO  - [NUDE][TRAIN] Epoch 100/120 Iter 20/390 Loss 0.0012 Top1 99.96 Top5 100.00
2025-12-18 16:33:04,159 - INFO  - [NUDE][TRAIN] Epoch 100/120 Iter 40/390 Loss 0.0011 Top1 99.98 Top5 100.00
2025-12-18 16:33:04,849 - INFO  - [NUDE][TRAIN] Epoch 100/120 Iter 60/390 Loss 0.0013 Top1 99.96 Top5 100.00
2025-12-18 16:33:05,532 - INFO  - [NUDE][TRAIN] Epoch 100/120 Iter 80/390 Loss 0.0013 Top1 99.97 Top5 100.00
2025-12-18 16:33:06,218 - INFO  - [NUDE][TRAIN] Epoch 100/120 Iter 100/390 Loss 0.0012 Top1 99.97 Top5 100.00
2025-12-18 16:33:06,903 - INFO  - [NUDE][TRAIN] Epoch 100/120 Iter 120/390 Loss 0.0013 Top1 99.97 Top5 100.00
2025-12-18 16:33:07,588 - INFO  - [NUDE][TRAIN] Epoch 100/120 Iter 140/390 Loss 0.0014 Top1 99.96 Top5 100.00
2025-12-18 16:33:08,275 - INFO  - [NUDE][TRAIN] Epoch 100/120 Iter 160/390 Loss 0.0015 Top1 99.96 Top5 100.00
2025-12-18 16:33:08,960 - INFO  - [NUDE][TRAIN] Epoch 100/120 Iter 180/390 Loss 0.0015 Top1 99.96 Top5 100.00
2025-12-18 16:33:09,645 - INFO  - [NUDE][TRAIN] Epoch 100/120 Iter 200/390 Loss 0.0014 Top1 99.96 Top5 100.00
2025-12-18 16:33:10,335 - INFO  - [NUDE][TRAIN] Epoch 100/120 Iter 220/390 Loss 0.0018 Top1 99.96 Top5 100.00
2025-12-18 16:33:11,023 - INFO  - [NUDE][TRAIN] Epoch 100/120 Iter 240/390 Loss 0.0017 Top1 99.96 Top5 100.00
2025-12-18 16:33:11,710 - INFO  - [NUDE][TRAIN] Epoch 100/120 Iter 260/390 Loss 0.0017 Top1 99.96 Top5 100.00
2025-12-18 16:33:12,396 - INFO  - [NUDE][TRAIN] Epoch 100/120 Iter 280/390 Loss 0.0016 Top1 99.96 Top5 100.00
2025-12-18 16:33:13,084 - INFO  - [NUDE][TRAIN] Epoch 100/120 Iter 300/390 Loss 0.0017 Top1 99.96 Top5 100.00
2025-12-18 16:33:13,784 - INFO  - [NUDE][TRAIN] Epoch 100/120 Iter 320/390 Loss 0.0017 Top1 99.96 Top5 100.00
2025-12-18 16:33:14,473 - INFO  - [NUDE][TRAIN] Epoch 100/120 Iter 340/390 Loss 0.0017 Top1 99.96 Top5 100.00
2025-12-18 16:33:15,163 - INFO  - [NUDE][TRAIN] Epoch 100/120 Iter 360/390 Loss 0.0019 Top1 99.96 Top5 100.00
2025-12-18 16:33:15,853 - INFO  - [NUDE][TRAIN] Epoch 100/120 Iter 380/390 Loss 0.0019 Top1 99.95 Top5 100.00
2025-12-18 16:33:16,230 - INFO  - [NUDE] Validate: force max bit-width W/A = 6
2025-12-18 16:33:17,230 - INFO  - [NUDE][EPOCH] 100/120 Train: Top1=99.95 Top5=100.00 Loss=0.0019 | Val(EMA): Top1=89.01
2025-12-18 16:33:18,386 - INFO  - ([101] Epoch) Saving checkpoint to:
             Current: /root/autodl-tmp/retraining-free-quantization/training/alexnet_cifar10_single_gpu_clean120/alexnet_cifar10_single_gpu_clean120_checkpoint.pth.tar

2025-12-18 16:33:18,387 - INFO  - [NUDE] Epoch 101: force max bit-width W/A = 6
2025-12-18 16:33:19,250 - INFO  - [NUDE][TRAIN] Epoch 101/120 Iter 20/390 Loss 0.0015 Top1 99.96 Top5 100.00
2025-12-18 16:33:19,937 - INFO  - [NUDE][TRAIN] Epoch 101/120 Iter 40/390 Loss 0.0012 Top1 99.96 Top5 100.00
2025-12-18 16:33:20,623 - INFO  - [NUDE][TRAIN] Epoch 101/120 Iter 60/390 Loss 0.0011 Top1 99.97 Top5 100.00
2025-12-18 16:33:21,308 - INFO  - [NUDE][TRAIN] Epoch 101/120 Iter 80/390 Loss 0.0015 Top1 99.96 Top5 100.00
2025-12-18 16:33:22,000 - INFO  - [NUDE][TRAIN] Epoch 101/120 Iter 100/390 Loss 0.0014 Top1 99.97 Top5 100.00
2025-12-18 16:33:22,687 - INFO  - [NUDE][TRAIN] Epoch 101/120 Iter 120/390 Loss 0.0014 Top1 99.97 Top5 100.00
2025-12-18 16:33:23,372 - INFO  - [NUDE][TRAIN] Epoch 101/120 Iter 140/390 Loss 0.0016 Top1 99.96 Top5 100.00
2025-12-18 16:33:24,058 - INFO  - [NUDE][TRAIN] Epoch 101/120 Iter 160/390 Loss 0.0016 Top1 99.96 Top5 100.00
2025-12-18 16:33:24,743 - INFO  - [NUDE][TRAIN] Epoch 101/120 Iter 180/390 Loss 0.0017 Top1 99.96 Top5 100.00
2025-12-18 16:33:25,433 - INFO  - [NUDE][TRAIN] Epoch 101/120 Iter 200/390 Loss 0.0016 Top1 99.96 Top5 100.00
2025-12-18 16:33:26,122 - INFO  - [NUDE][TRAIN] Epoch 101/120 Iter 220/390 Loss 0.0015 Top1 99.97 Top5 100.00
2025-12-18 16:33:26,811 - INFO  - [NUDE][TRAIN] Epoch 101/120 Iter 240/390 Loss 0.0015 Top1 99.97 Top5 100.00
2025-12-18 16:33:27,500 - INFO  - [NUDE][TRAIN] Epoch 101/120 Iter 260/390 Loss 0.0015 Top1 99.96 Top5 100.00
2025-12-18 16:33:28,186 - INFO  - [NUDE][TRAIN] Epoch 101/120 Iter 280/390 Loss 0.0016 Top1 99.96 Top5 100.00
2025-12-18 16:33:28,876 - INFO  - [NUDE][TRAIN] Epoch 101/120 Iter 300/390 Loss 0.0015 Top1 99.97 Top5 100.00
2025-12-18 16:33:29,566 - INFO  - [NUDE][TRAIN] Epoch 101/120 Iter 320/390 Loss 0.0015 Top1 99.97 Top5 100.00
2025-12-18 16:33:30,259 - INFO  - [NUDE][TRAIN] Epoch 101/120 Iter 340/390 Loss 0.0017 Top1 99.97 Top5 100.00
2025-12-18 16:33:30,946 - INFO  - [NUDE][TRAIN] Epoch 101/120 Iter 360/390 Loss 0.0016 Top1 99.97 Top5 100.00
2025-12-18 16:33:31,634 - INFO  - [NUDE][TRAIN] Epoch 101/120 Iter 380/390 Loss 0.0016 Top1 99.97 Top5 100.00
2025-12-18 16:33:32,011 - INFO  - [NUDE] Validate: force max bit-width W/A = 6
2025-12-18 16:33:33,033 - INFO  - [NUDE][EPOCH] 101/120 Train: Top1=99.97 Top5=100.00 Loss=0.0016 | Val(EMA): Top1=89.10
2025-12-18 16:33:34,286 - INFO  - ([102] Epoch) Saving checkpoint to:
             Current: /root/autodl-tmp/retraining-free-quantization/training/alexnet_cifar10_single_gpu_clean120/alexnet_cifar10_single_gpu_clean120_checkpoint.pth.tar

2025-12-18 16:33:34,288 - INFO  - [NUDE] Epoch 102: force max bit-width W/A = 6
2025-12-18 16:33:35,165 - INFO  - [NUDE][TRAIN] Epoch 102/120 Iter 20/390 Loss 0.0024 Top1 99.88 Top5 100.00
2025-12-18 16:33:35,854 - INFO  - [NUDE][TRAIN] Epoch 102/120 Iter 40/390 Loss 0.0017 Top1 99.94 Top5 100.00
2025-12-18 16:33:36,544 - INFO  - [NUDE][TRAIN] Epoch 102/120 Iter 60/390 Loss 0.0015 Top1 99.95 Top5 100.00
2025-12-18 16:33:37,234 - INFO  - [NUDE][TRAIN] Epoch 102/120 Iter 80/390 Loss 0.0014 Top1 99.96 Top5 100.00
2025-12-18 16:33:37,922 - INFO  - [NUDE][TRAIN] Epoch 102/120 Iter 100/390 Loss 0.0015 Top1 99.95 Top5 100.00
2025-12-18 16:33:38,612 - INFO  - [NUDE][TRAIN] Epoch 102/120 Iter 120/390 Loss 0.0017 Top1 99.94 Top5 100.00
2025-12-18 16:33:39,302 - INFO  - [NUDE][TRAIN] Epoch 102/120 Iter 140/390 Loss 0.0015 Top1 99.95 Top5 100.00
2025-12-18 16:33:39,991 - INFO  - [NUDE][TRAIN] Epoch 102/120 Iter 160/390 Loss 0.0016 Top1 99.95 Top5 100.00
2025-12-18 16:33:40,677 - INFO  - [NUDE][TRAIN] Epoch 102/120 Iter 180/390 Loss 0.0017 Top1 99.95 Top5 100.00
2025-12-18 16:33:41,364 - INFO  - [NUDE][TRAIN] Epoch 102/120 Iter 200/390 Loss 0.0016 Top1 99.95 Top5 100.00
2025-12-18 16:33:42,051 - INFO  - [NUDE][TRAIN] Epoch 102/120 Iter 220/390 Loss 0.0017 Top1 99.95 Top5 100.00
2025-12-18 16:33:42,737 - INFO  - [NUDE][TRAIN] Epoch 102/120 Iter 240/390 Loss 0.0016 Top1 99.95 Top5 100.00
2025-12-18 16:33:43,423 - INFO  - [NUDE][TRAIN] Epoch 102/120 Iter 260/390 Loss 0.0016 Top1 99.95 Top5 100.00
2025-12-18 16:33:44,111 - INFO  - [NUDE][TRAIN] Epoch 102/120 Iter 280/390 Loss 0.0017 Top1 99.96 Top5 100.00
2025-12-18 16:33:44,801 - INFO  - [NUDE][TRAIN] Epoch 102/120 Iter 300/390 Loss 0.0016 Top1 99.96 Top5 100.00
2025-12-18 16:33:45,490 - INFO  - [NUDE][TRAIN] Epoch 102/120 Iter 320/390 Loss 0.0016 Top1 99.96 Top5 100.00
2025-12-18 16:33:46,189 - INFO  - [NUDE][TRAIN] Epoch 102/120 Iter 340/390 Loss 0.0017 Top1 99.95 Top5 100.00
2025-12-18 16:33:46,881 - INFO  - [NUDE][TRAIN] Epoch 102/120 Iter 360/390 Loss 0.0017 Top1 99.95 Top5 100.00
2025-12-18 16:33:47,566 - INFO  - [NUDE][TRAIN] Epoch 102/120 Iter 380/390 Loss 0.0016 Top1 99.96 Top5 100.00
2025-12-18 16:33:47,942 - INFO  - [NUDE] Validate: force max bit-width W/A = 6
2025-12-18 16:33:48,938 - INFO  - [NUDE][EPOCH] 102/120 Train: Top1=99.96 Top5=100.00 Loss=0.0016 | Val(EMA): Top1=89.21
2025-12-18 16:33:50,113 - INFO  - ([103] Epoch) Saving checkpoint to:
             Current: /root/autodl-tmp/retraining-free-quantization/training/alexnet_cifar10_single_gpu_clean120/alexnet_cifar10_single_gpu_clean120_checkpoint.pth.tar

2025-12-18 16:33:50,115 - INFO  - [NUDE] Epoch 103: force max bit-width W/A = 6
2025-12-18 16:33:50,996 - INFO  - [NUDE][TRAIN] Epoch 103/120 Iter 20/390 Loss 0.0015 Top1 99.96 Top5 100.00
2025-12-18 16:33:51,684 - INFO  - [NUDE][TRAIN] Epoch 103/120 Iter 40/390 Loss 0.0015 Top1 99.96 Top5 100.00
2025-12-18 16:33:52,373 - INFO  - [NUDE][TRAIN] Epoch 103/120 Iter 60/390 Loss 0.0015 Top1 99.96 Top5 100.00
2025-12-18 16:33:53,063 - INFO  - [NUDE][TRAIN] Epoch 103/120 Iter 80/390 Loss 0.0014 Top1 99.95 Top5 100.00
2025-12-18 16:33:53,750 - INFO  - [NUDE][TRAIN] Epoch 103/120 Iter 100/390 Loss 0.0017 Top1 99.95 Top5 100.00
2025-12-18 16:33:54,437 - INFO  - [NUDE][TRAIN] Epoch 103/120 Iter 120/390 Loss 0.0016 Top1 99.95 Top5 100.00
2025-12-18 16:33:55,129 - INFO  - [NUDE][TRAIN] Epoch 103/120 Iter 140/390 Loss 0.0015 Top1 99.96 Top5 100.00
2025-12-18 16:33:55,818 - INFO  - [NUDE][TRAIN] Epoch 103/120 Iter 160/390 Loss 0.0014 Top1 99.97 Top5 100.00
2025-12-18 16:33:56,504 - INFO  - [NUDE][TRAIN] Epoch 103/120 Iter 180/390 Loss 0.0014 Top1 99.97 Top5 100.00
2025-12-18 16:33:57,190 - INFO  - [NUDE][TRAIN] Epoch 103/120 Iter 200/390 Loss 0.0015 Top1 99.97 Top5 100.00
2025-12-18 16:33:57,876 - INFO  - [NUDE][TRAIN] Epoch 103/120 Iter 220/390 Loss 0.0015 Top1 99.97 Top5 100.00
2025-12-18 16:33:58,565 - INFO  - [NUDE][TRAIN] Epoch 103/120 Iter 240/390 Loss 0.0014 Top1 99.97 Top5 100.00
2025-12-18 16:33:59,250 - INFO  - [NUDE][TRAIN] Epoch 103/120 Iter 260/390 Loss 0.0014 Top1 99.97 Top5 100.00
2025-12-18 16:33:59,940 - INFO  - [NUDE][TRAIN] Epoch 103/120 Iter 280/390 Loss 0.0015 Top1 99.97 Top5 100.00
2025-12-18 16:34:00,630 - INFO  - [NUDE][TRAIN] Epoch 103/120 Iter 300/390 Loss 0.0015 Top1 99.97 Top5 100.00
2025-12-18 16:34:01,318 - INFO  - [NUDE][TRAIN] Epoch 103/120 Iter 320/390 Loss 0.0015 Top1 99.96 Top5 100.00
2025-12-18 16:34:02,012 - INFO  - [NUDE][TRAIN] Epoch 103/120 Iter 340/390 Loss 0.0015 Top1 99.96 Top5 100.00
2025-12-18 16:34:02,705 - INFO  - [NUDE][TRAIN] Epoch 103/120 Iter 360/390 Loss 0.0015 Top1 99.97 Top5 100.00
2025-12-18 16:34:03,393 - INFO  - [NUDE][TRAIN] Epoch 103/120 Iter 380/390 Loss 0.0015 Top1 99.97 Top5 100.00
2025-12-18 16:34:03,777 - INFO  - [NUDE] Validate: force max bit-width W/A = 6
2025-12-18 16:34:04,789 - INFO  - [NUDE][EPOCH] 103/120 Train: Top1=99.97 Top5=100.00 Loss=0.0015 | Val(EMA): Top1=89.09
2025-12-18 16:34:06,004 - INFO  - ([104] Epoch) Saving checkpoint to:
             Current: /root/autodl-tmp/retraining-free-quantization/training/alexnet_cifar10_single_gpu_clean120/alexnet_cifar10_single_gpu_clean120_checkpoint.pth.tar

2025-12-18 16:34:06,005 - INFO  - [NUDE] Epoch 104: force max bit-width W/A = 6
2025-12-18 16:34:06,872 - INFO  - [NUDE][TRAIN] Epoch 104/120 Iter 20/390 Loss 0.0012 Top1 99.96 Top5 100.00
2025-12-18 16:34:07,563 - INFO  - [NUDE][TRAIN] Epoch 104/120 Iter 40/390 Loss 0.0011 Top1 99.98 Top5 100.00
2025-12-18 16:34:08,254 - INFO  - [NUDE][TRAIN] Epoch 104/120 Iter 60/390 Loss 0.0010 Top1 99.99 Top5 100.00
2025-12-18 16:34:08,953 - INFO  - [NUDE][TRAIN] Epoch 104/120 Iter 80/390 Loss 0.0009 Top1 99.99 Top5 100.00
2025-12-18 16:34:09,643 - INFO  - [NUDE][TRAIN] Epoch 104/120 Iter 100/390 Loss 0.0010 Top1 99.98 Top5 100.00
2025-12-18 16:34:10,335 - INFO  - [NUDE][TRAIN] Epoch 104/120 Iter 120/390 Loss 0.0010 Top1 99.98 Top5 100.00
2025-12-18 16:34:11,026 - INFO  - [NUDE][TRAIN] Epoch 104/120 Iter 140/390 Loss 0.0010 Top1 99.98 Top5 100.00
2025-12-18 16:34:11,711 - INFO  - [NUDE][TRAIN] Epoch 104/120 Iter 160/390 Loss 0.0010 Top1 99.99 Top5 100.00
2025-12-18 16:34:12,401 - INFO  - [NUDE][TRAIN] Epoch 104/120 Iter 180/390 Loss 0.0010 Top1 99.98 Top5 100.00
2025-12-18 16:34:13,095 - INFO  - [NUDE][TRAIN] Epoch 104/120 Iter 200/390 Loss 0.0010 Top1 99.98 Top5 100.00
2025-12-18 16:34:13,783 - INFO  - [NUDE][TRAIN] Epoch 104/120 Iter 220/390 Loss 0.0010 Top1 99.98 Top5 100.00
2025-12-18 16:34:14,478 - INFO  - [NUDE][TRAIN] Epoch 104/120 Iter 240/390 Loss 0.0010 Top1 99.98 Top5 100.00
2025-12-18 16:34:15,166 - INFO  - [NUDE][TRAIN] Epoch 104/120 Iter 260/390 Loss 0.0010 Top1 99.98 Top5 100.00
2025-12-18 16:34:15,855 - INFO  - [NUDE][TRAIN] Epoch 104/120 Iter 280/390 Loss 0.0010 Top1 99.98 Top5 100.00
2025-12-18 16:34:16,543 - INFO  - [NUDE][TRAIN] Epoch 104/120 Iter 300/390 Loss 0.0010 Top1 99.98 Top5 100.00
2025-12-18 16:34:17,227 - INFO  - [NUDE][TRAIN] Epoch 104/120 Iter 320/390 Loss 0.0010 Top1 99.98 Top5 100.00
2025-12-18 16:34:17,916 - INFO  - [NUDE][TRAIN] Epoch 104/120 Iter 340/390 Loss 0.0010 Top1 99.98 Top5 100.00
2025-12-18 16:34:18,604 - INFO  - [NUDE][TRAIN] Epoch 104/120 Iter 360/390 Loss 0.0010 Top1 99.98 Top5 100.00
2025-12-18 16:34:19,296 - INFO  - [NUDE][TRAIN] Epoch 104/120 Iter 380/390 Loss 0.0011 Top1 99.98 Top5 100.00
2025-12-18 16:34:19,673 - INFO  - [NUDE] Validate: force max bit-width W/A = 6
2025-12-18 16:34:20,688 - INFO  - [NUDE][EPOCH] 104/120 Train: Top1=99.98 Top5=100.00 Loss=0.0011 | Val(EMA): Top1=89.15
2025-12-18 16:34:21,883 - INFO  - ([105] Epoch) Saving checkpoint to:
             Current: /root/autodl-tmp/retraining-free-quantization/training/alexnet_cifar10_single_gpu_clean120/alexnet_cifar10_single_gpu_clean120_checkpoint.pth.tar

2025-12-18 16:34:21,884 - INFO  - [NUDE] Epoch 105: force max bit-width W/A = 6
2025-12-18 16:34:22,745 - INFO  - [NUDE][TRAIN] Epoch 105/120 Iter 20/390 Loss 0.0021 Top1 99.96 Top5 100.00
2025-12-18 16:34:23,434 - INFO  - [NUDE][TRAIN] Epoch 105/120 Iter 40/390 Loss 0.0020 Top1 99.96 Top5 100.00
2025-12-18 16:34:24,124 - INFO  - [NUDE][TRAIN] Epoch 105/120 Iter 60/390 Loss 0.0017 Top1 99.96 Top5 100.00
2025-12-18 16:34:24,810 - INFO  - [NUDE][TRAIN] Epoch 105/120 Iter 80/390 Loss 0.0015 Top1 99.96 Top5 100.00
2025-12-18 16:34:25,496 - INFO  - [NUDE][TRAIN] Epoch 105/120 Iter 100/390 Loss 0.0015 Top1 99.96 Top5 100.00
2025-12-18 16:34:26,180 - INFO  - [NUDE][TRAIN] Epoch 105/120 Iter 120/390 Loss 0.0017 Top1 99.95 Top5 100.00
2025-12-18 16:34:26,868 - INFO  - [NUDE][TRAIN] Epoch 105/120 Iter 140/390 Loss 0.0016 Top1 99.96 Top5 100.00
2025-12-18 16:34:27,562 - INFO  - [NUDE][TRAIN] Epoch 105/120 Iter 160/390 Loss 0.0015 Top1 99.96 Top5 100.00
2025-12-18 16:34:28,263 - INFO  - [NUDE][TRAIN] Epoch 105/120 Iter 180/390 Loss 0.0016 Top1 99.97 Top5 100.00
2025-12-18 16:34:28,945 - INFO  - [NUDE][TRAIN] Epoch 105/120 Iter 200/390 Loss 0.0016 Top1 99.96 Top5 100.00
2025-12-18 16:34:29,628 - INFO  - [NUDE][TRAIN] Epoch 105/120 Iter 220/390 Loss 0.0016 Top1 99.96 Top5 100.00
2025-12-18 16:34:30,320 - INFO  - [NUDE][TRAIN] Epoch 105/120 Iter 240/390 Loss 0.0018 Top1 99.96 Top5 100.00
2025-12-18 16:34:31,006 - INFO  - [NUDE][TRAIN] Epoch 105/120 Iter 260/390 Loss 0.0019 Top1 99.95 Top5 100.00
2025-12-18 16:34:31,690 - INFO  - [NUDE][TRAIN] Epoch 105/120 Iter 280/390 Loss 0.0020 Top1 99.95 Top5 100.00
2025-12-18 16:34:32,374 - INFO  - [NUDE][TRAIN] Epoch 105/120 Iter 300/390 Loss 0.0020 Top1 99.95 Top5 100.00
2025-12-18 16:34:33,057 - INFO  - [NUDE][TRAIN] Epoch 105/120 Iter 320/390 Loss 0.0019 Top1 99.95 Top5 100.00
2025-12-18 16:34:33,742 - INFO  - [NUDE][TRAIN] Epoch 105/120 Iter 340/390 Loss 0.0018 Top1 99.95 Top5 100.00
2025-12-18 16:34:34,434 - INFO  - [NUDE][TRAIN] Epoch 105/120 Iter 360/390 Loss 0.0019 Top1 99.95 Top5 100.00
2025-12-18 16:34:35,121 - INFO  - [NUDE][TRAIN] Epoch 105/120 Iter 380/390 Loss 0.0018 Top1 99.95 Top5 100.00
2025-12-18 16:34:35,499 - INFO  - [NUDE] Validate: force max bit-width W/A = 6
2025-12-18 16:34:36,518 - INFO  - [NUDE][EPOCH] 105/120 Train: Top1=99.95 Top5=100.00 Loss=0.0018 | Val(EMA): Top1=89.10
2025-12-18 16:34:37,735 - INFO  - ([106] Epoch) Saving checkpoint to:
             Current: /root/autodl-tmp/retraining-free-quantization/training/alexnet_cifar10_single_gpu_clean120/alexnet_cifar10_single_gpu_clean120_checkpoint.pth.tar

2025-12-18 16:34:37,736 - INFO  - [NUDE] Epoch 106: force max bit-width W/A = 6
2025-12-18 16:34:38,592 - INFO  - [NUDE][TRAIN] Epoch 106/120 Iter 20/390 Loss 0.0009 Top1 100.00 Top5 100.00
2025-12-18 16:34:39,275 - INFO  - [NUDE][TRAIN] Epoch 106/120 Iter 40/390 Loss 0.0008 Top1 100.00 Top5 100.00
2025-12-18 16:34:39,962 - INFO  - [NUDE][TRAIN] Epoch 106/120 Iter 60/390 Loss 0.0008 Top1 100.00 Top5 100.00
2025-12-18 16:34:40,652 - INFO  - [NUDE][TRAIN] Epoch 106/120 Iter 80/390 Loss 0.0008 Top1 100.00 Top5 100.00
2025-12-18 16:34:41,337 - INFO  - [NUDE][TRAIN] Epoch 106/120 Iter 100/390 Loss 0.0009 Top1 99.98 Top5 100.00
2025-12-18 16:34:42,020 - INFO  - [NUDE][TRAIN] Epoch 106/120 Iter 120/390 Loss 0.0011 Top1 99.98 Top5 100.00
2025-12-18 16:34:42,705 - INFO  - [NUDE][TRAIN] Epoch 106/120 Iter 140/390 Loss 0.0010 Top1 99.98 Top5 100.00
2025-12-18 16:34:43,393 - INFO  - [NUDE][TRAIN] Epoch 106/120 Iter 160/390 Loss 0.0010 Top1 99.98 Top5 100.00
2025-12-18 16:34:44,079 - INFO  - [NUDE][TRAIN] Epoch 106/120 Iter 180/390 Loss 0.0011 Top1 99.97 Top5 100.00
2025-12-18 16:34:44,761 - INFO  - [NUDE][TRAIN] Epoch 106/120 Iter 200/390 Loss 0.0011 Top1 99.98 Top5 100.00
2025-12-18 16:34:45,445 - INFO  - [NUDE][TRAIN] Epoch 106/120 Iter 220/390 Loss 0.0011 Top1 99.98 Top5 100.00
2025-12-18 16:34:46,132 - INFO  - [NUDE][TRAIN] Epoch 106/120 Iter 240/390 Loss 0.0012 Top1 99.97 Top5 100.00
2025-12-18 16:34:46,817 - INFO  - [NUDE][TRAIN] Epoch 106/120 Iter 260/390 Loss 0.0012 Top1 99.97 Top5 100.00
2025-12-18 16:34:47,498 - INFO  - [NUDE][TRAIN] Epoch 106/120 Iter 280/390 Loss 0.0012 Top1 99.97 Top5 100.00
2025-12-18 16:34:48,181 - INFO  - [NUDE][TRAIN] Epoch 106/120 Iter 300/390 Loss 0.0011 Top1 99.98 Top5 100.00
2025-12-18 16:34:48,861 - INFO  - [NUDE][TRAIN] Epoch 106/120 Iter 320/390 Loss 0.0011 Top1 99.98 Top5 100.00
2025-12-18 16:34:49,544 - INFO  - [NUDE][TRAIN] Epoch 106/120 Iter 340/390 Loss 0.0011 Top1 99.97 Top5 100.00
2025-12-18 16:34:50,226 - INFO  - [NUDE][TRAIN] Epoch 106/120 Iter 360/390 Loss 0.0011 Top1 99.97 Top5 100.00
2025-12-18 16:34:50,908 - INFO  - [NUDE][TRAIN] Epoch 106/120 Iter 380/390 Loss 0.0013 Top1 99.97 Top5 100.00
2025-12-18 16:34:51,281 - INFO  - [NUDE] Validate: force max bit-width W/A = 6
2025-12-18 16:34:52,271 - INFO  - [NUDE][EPOCH] 106/120 Train: Top1=99.97 Top5=100.00 Loss=0.0012 | Val(EMA): Top1=89.07
2025-12-18 16:34:53,485 - INFO  - ([107] Epoch) Saving checkpoint to:
             Current: /root/autodl-tmp/retraining-free-quantization/training/alexnet_cifar10_single_gpu_clean120/alexnet_cifar10_single_gpu_clean120_checkpoint.pth.tar

2025-12-18 16:34:53,486 - INFO  - [NUDE] Epoch 107: force max bit-width W/A = 6
2025-12-18 16:34:54,351 - INFO  - [NUDE][TRAIN] Epoch 107/120 Iter 20/390 Loss 0.0010 Top1 99.96 Top5 100.00
2025-12-18 16:34:55,033 - INFO  - [NUDE][TRAIN] Epoch 107/120 Iter 40/390 Loss 0.0012 Top1 99.96 Top5 100.00
2025-12-18 16:34:55,716 - INFO  - [NUDE][TRAIN] Epoch 107/120 Iter 60/390 Loss 0.0011 Top1 99.97 Top5 100.00
2025-12-18 16:34:56,397 - INFO  - [NUDE][TRAIN] Epoch 107/120 Iter 80/390 Loss 0.0010 Top1 99.98 Top5 100.00
2025-12-18 16:34:57,081 - INFO  - [NUDE][TRAIN] Epoch 107/120 Iter 100/390 Loss 0.0012 Top1 99.97 Top5 100.00
2025-12-18 16:34:57,762 - INFO  - [NUDE][TRAIN] Epoch 107/120 Iter 120/390 Loss 0.0012 Top1 99.97 Top5 100.00
2025-12-18 16:34:58,445 - INFO  - [NUDE][TRAIN] Epoch 107/120 Iter 140/390 Loss 0.0012 Top1 99.98 Top5 100.00
2025-12-18 16:34:59,132 - INFO  - [NUDE][TRAIN] Epoch 107/120 Iter 160/390 Loss 0.0012 Top1 99.98 Top5 100.00
2025-12-18 16:34:59,814 - INFO  - [NUDE][TRAIN] Epoch 107/120 Iter 180/390 Loss 0.0013 Top1 99.97 Top5 100.00
2025-12-18 16:35:00,499 - INFO  - [NUDE][TRAIN] Epoch 107/120 Iter 200/390 Loss 0.0012 Top1 99.97 Top5 100.00
2025-12-18 16:35:01,182 - INFO  - [NUDE][TRAIN] Epoch 107/120 Iter 220/390 Loss 0.0012 Top1 99.98 Top5 100.00
2025-12-18 16:35:01,869 - INFO  - [NUDE][TRAIN] Epoch 107/120 Iter 240/390 Loss 0.0011 Top1 99.98 Top5 100.00
2025-12-18 16:35:02,553 - INFO  - [NUDE][TRAIN] Epoch 107/120 Iter 260/390 Loss 0.0011 Top1 99.98 Top5 100.00
2025-12-18 16:35:03,234 - INFO  - [NUDE][TRAIN] Epoch 107/120 Iter 280/390 Loss 0.0011 Top1 99.98 Top5 100.00
2025-12-18 16:35:03,919 - INFO  - [NUDE][TRAIN] Epoch 107/120 Iter 300/390 Loss 0.0011 Top1 99.98 Top5 100.00
2025-12-18 16:35:04,607 - INFO  - [NUDE][TRAIN] Epoch 107/120 Iter 320/390 Loss 0.0011 Top1 99.98 Top5 100.00
2025-12-18 16:35:05,289 - INFO  - [NUDE][TRAIN] Epoch 107/120 Iter 340/390 Loss 0.0011 Top1 99.97 Top5 100.00
2025-12-18 16:35:05,969 - INFO  - [NUDE][TRAIN] Epoch 107/120 Iter 360/390 Loss 0.0011 Top1 99.98 Top5 100.00
2025-12-18 16:35:06,651 - INFO  - [NUDE][TRAIN] Epoch 107/120 Iter 380/390 Loss 0.0012 Top1 99.97 Top5 100.00
2025-12-18 16:35:07,027 - INFO  - [NUDE] Validate: force max bit-width W/A = 6
2025-12-18 16:35:08,039 - INFO  - [NUDE][EPOCH] 107/120 Train: Top1=99.97 Top5=100.00 Loss=0.0013 | Val(EMA): Top1=89.09
2025-12-18 16:35:09,202 - INFO  - ([108] Epoch) Saving checkpoint to:
             Current: /root/autodl-tmp/retraining-free-quantization/training/alexnet_cifar10_single_gpu_clean120/alexnet_cifar10_single_gpu_clean120_checkpoint.pth.tar

2025-12-18 16:35:09,204 - INFO  - [NUDE] Epoch 108: force max bit-width W/A = 6
2025-12-18 16:35:10,058 - INFO  - [NUDE][TRAIN] Epoch 108/120 Iter 20/390 Loss 0.0013 Top1 99.96 Top5 100.00
2025-12-18 16:35:10,752 - INFO  - [NUDE][TRAIN] Epoch 108/120 Iter 40/390 Loss 0.0017 Top1 99.96 Top5 100.00
2025-12-18 16:35:11,432 - INFO  - [NUDE][TRAIN] Epoch 108/120 Iter 60/390 Loss 0.0016 Top1 99.96 Top5 100.00
2025-12-18 16:35:12,116 - INFO  - [NUDE][TRAIN] Epoch 108/120 Iter 80/390 Loss 0.0014 Top1 99.97 Top5 100.00
2025-12-18 16:35:12,800 - INFO  - [NUDE][TRAIN] Epoch 108/120 Iter 100/390 Loss 0.0013 Top1 99.97 Top5 100.00
2025-12-18 16:35:13,483 - INFO  - [NUDE][TRAIN] Epoch 108/120 Iter 120/390 Loss 0.0013 Top1 99.97 Top5 100.00
2025-12-18 16:35:14,171 - INFO  - [NUDE][TRAIN] Epoch 108/120 Iter 140/390 Loss 0.0014 Top1 99.97 Top5 100.00
2025-12-18 16:35:14,853 - INFO  - [NUDE][TRAIN] Epoch 108/120 Iter 160/390 Loss 0.0016 Top1 99.96 Top5 100.00
2025-12-18 16:35:15,536 - INFO  - [NUDE][TRAIN] Epoch 108/120 Iter 180/390 Loss 0.0017 Top1 99.95 Top5 100.00
2025-12-18 16:35:16,220 - INFO  - [NUDE][TRAIN] Epoch 108/120 Iter 200/390 Loss 0.0017 Top1 99.95 Top5 100.00
2025-12-18 16:35:16,911 - INFO  - [NUDE][TRAIN] Epoch 108/120 Iter 220/390 Loss 0.0017 Top1 99.95 Top5 100.00
2025-12-18 16:35:17,603 - INFO  - [NUDE][TRAIN] Epoch 108/120 Iter 240/390 Loss 0.0016 Top1 99.95 Top5 100.00
2025-12-18 16:35:18,294 - INFO  - [NUDE][TRAIN] Epoch 108/120 Iter 260/390 Loss 0.0015 Top1 99.96 Top5 100.00
2025-12-18 16:35:18,980 - INFO  - [NUDE][TRAIN] Epoch 108/120 Iter 280/390 Loss 0.0015 Top1 99.96 Top5 100.00
2025-12-18 16:35:19,665 - INFO  - [NUDE][TRAIN] Epoch 108/120 Iter 300/390 Loss 0.0017 Top1 99.96 Top5 100.00
2025-12-18 16:35:20,350 - INFO  - [NUDE][TRAIN] Epoch 108/120 Iter 320/390 Loss 0.0017 Top1 99.96 Top5 100.00
2025-12-18 16:35:21,037 - INFO  - [NUDE][TRAIN] Epoch 108/120 Iter 340/390 Loss 0.0017 Top1 99.96 Top5 100.00
2025-12-18 16:35:21,720 - INFO  - [NUDE][TRAIN] Epoch 108/120 Iter 360/390 Loss 0.0016 Top1 99.96 Top5 100.00
2025-12-18 16:35:22,405 - INFO  - [NUDE][TRAIN] Epoch 108/120 Iter 380/390 Loss 0.0016 Top1 99.96 Top5 100.00
2025-12-18 16:35:22,782 - INFO  - [NUDE] Validate: force max bit-width W/A = 6
2025-12-18 16:35:23,746 - INFO  - [NUDE][EPOCH] 108/120 Train: Top1=99.96 Top5=100.00 Loss=0.0016 | Val(EMA): Top1=89.21
2025-12-18 16:35:24,482 - INFO  - ([109] Epoch) Saving checkpoint to:
             Current: /root/autodl-tmp/retraining-free-quantization/training/alexnet_cifar10_single_gpu_clean120/alexnet_cifar10_single_gpu_clean120_checkpoint.pth.tar

2025-12-18 16:35:24,484 - INFO  - [NUDE] Epoch 109: force max bit-width W/A = 6
2025-12-18 16:35:25,397 - INFO  - [NUDE][TRAIN] Epoch 109/120 Iter 20/390 Loss 0.0009 Top1 100.00 Top5 100.00
2025-12-18 16:35:26,082 - INFO  - [NUDE][TRAIN] Epoch 109/120 Iter 40/390 Loss 0.0011 Top1 100.00 Top5 100.00
2025-12-18 16:35:26,767 - INFO  - [NUDE][TRAIN] Epoch 109/120 Iter 60/390 Loss 0.0010 Top1 100.00 Top5 100.00
2025-12-18 16:35:27,451 - INFO  - [NUDE][TRAIN] Epoch 109/120 Iter 80/390 Loss 0.0010 Top1 100.00 Top5 100.00
2025-12-18 16:35:28,138 - INFO  - [NUDE][TRAIN] Epoch 109/120 Iter 100/390 Loss 0.0011 Top1 99.99 Top5 100.00
2025-12-18 16:35:28,827 - INFO  - [NUDE][TRAIN] Epoch 109/120 Iter 120/390 Loss 0.0012 Top1 99.99 Top5 100.00
2025-12-18 16:35:29,517 - INFO  - [NUDE][TRAIN] Epoch 109/120 Iter 140/390 Loss 0.0012 Top1 99.98 Top5 100.00
2025-12-18 16:35:30,203 - INFO  - [NUDE][TRAIN] Epoch 109/120 Iter 160/390 Loss 0.0013 Top1 99.98 Top5 100.00
2025-12-18 16:35:30,887 - INFO  - [NUDE][TRAIN] Epoch 109/120 Iter 180/390 Loss 0.0012 Top1 99.98 Top5 100.00
2025-12-18 16:35:31,570 - INFO  - [NUDE][TRAIN] Epoch 109/120 Iter 200/390 Loss 0.0013 Top1 99.98 Top5 100.00
2025-12-18 16:35:32,259 - INFO  - [NUDE][TRAIN] Epoch 109/120 Iter 220/390 Loss 0.0013 Top1 99.98 Top5 100.00
2025-12-18 16:35:32,952 - INFO  - [NUDE][TRAIN] Epoch 109/120 Iter 240/390 Loss 0.0012 Top1 99.98 Top5 100.00
2025-12-18 16:35:33,642 - INFO  - [NUDE][TRAIN] Epoch 109/120 Iter 260/390 Loss 0.0012 Top1 99.98 Top5 100.00
2025-12-18 16:35:34,331 - INFO  - [NUDE][TRAIN] Epoch 109/120 Iter 280/390 Loss 0.0012 Top1 99.99 Top5 100.00
2025-12-18 16:35:35,016 - INFO  - [NUDE][TRAIN] Epoch 109/120 Iter 300/390 Loss 0.0012 Top1 99.98 Top5 100.00
2025-12-18 16:35:35,708 - INFO  - [NUDE][TRAIN] Epoch 109/120 Iter 320/390 Loss 0.0012 Top1 99.99 Top5 100.00
2025-12-18 16:35:36,394 - INFO  - [NUDE][TRAIN] Epoch 109/120 Iter 340/390 Loss 0.0013 Top1 99.98 Top5 100.00
2025-12-18 16:35:37,080 - INFO  - [NUDE][TRAIN] Epoch 109/120 Iter 360/390 Loss 0.0014 Top1 99.98 Top5 100.00
2025-12-18 16:35:37,770 - INFO  - [NUDE][TRAIN] Epoch 109/120 Iter 380/390 Loss 0.0014 Top1 99.98 Top5 100.00
2025-12-18 16:35:38,152 - INFO  - [NUDE] Validate: force max bit-width W/A = 6
2025-12-18 16:35:39,141 - INFO  - [NUDE][EPOCH] 109/120 Train: Top1=99.98 Top5=100.00 Loss=0.0014 | Val(EMA): Top1=89.13
2025-12-18 16:35:40,331 - INFO  - ([110] Epoch) Saving checkpoint to:
             Current: /root/autodl-tmp/retraining-free-quantization/training/alexnet_cifar10_single_gpu_clean120/alexnet_cifar10_single_gpu_clean120_checkpoint.pth.tar

2025-12-18 16:35:40,332 - INFO  - [NUDE] Epoch 110: force max bit-width W/A = 6
2025-12-18 16:35:41,201 - INFO  - [NUDE][TRAIN] Epoch 110/120 Iter 20/390 Loss 0.0026 Top1 99.92 Top5 100.00
2025-12-18 16:35:41,888 - INFO  - [NUDE][TRAIN] Epoch 110/120 Iter 40/390 Loss 0.0023 Top1 99.94 Top5 100.00
2025-12-18 16:35:42,577 - INFO  - [NUDE][TRAIN] Epoch 110/120 Iter 60/390 Loss 0.0020 Top1 99.96 Top5 100.00
2025-12-18 16:35:43,264 - INFO  - [NUDE][TRAIN] Epoch 110/120 Iter 80/390 Loss 0.0019 Top1 99.96 Top5 100.00
2025-12-18 16:35:43,951 - INFO  - [NUDE][TRAIN] Epoch 110/120 Iter 100/390 Loss 0.0016 Top1 99.97 Top5 100.00
2025-12-18 16:35:44,639 - INFO  - [NUDE][TRAIN] Epoch 110/120 Iter 120/390 Loss 0.0014 Top1 99.97 Top5 100.00
2025-12-18 16:35:45,330 - INFO  - [NUDE][TRAIN] Epoch 110/120 Iter 140/390 Loss 0.0015 Top1 99.97 Top5 100.00
2025-12-18 16:35:46,020 - INFO  - [NUDE][TRAIN] Epoch 110/120 Iter 160/390 Loss 0.0015 Top1 99.97 Top5 100.00
2025-12-18 16:35:46,707 - INFO  - [NUDE][TRAIN] Epoch 110/120 Iter 180/390 Loss 0.0016 Top1 99.97 Top5 100.00
2025-12-18 16:35:47,394 - INFO  - [NUDE][TRAIN] Epoch 110/120 Iter 200/390 Loss 0.0016 Top1 99.96 Top5 100.00
2025-12-18 16:35:48,087 - INFO  - [NUDE][TRAIN] Epoch 110/120 Iter 220/390 Loss 0.0016 Top1 99.96 Top5 100.00
2025-12-18 16:35:48,777 - INFO  - [NUDE][TRAIN] Epoch 110/120 Iter 240/390 Loss 0.0015 Top1 99.96 Top5 100.00
2025-12-18 16:35:49,467 - INFO  - [NUDE][TRAIN] Epoch 110/120 Iter 260/390 Loss 0.0016 Top1 99.96 Top5 100.00
2025-12-18 16:35:50,163 - INFO  - [NUDE][TRAIN] Epoch 110/120 Iter 280/390 Loss 0.0015 Top1 99.96 Top5 100.00
2025-12-18 16:35:50,853 - INFO  - [NUDE][TRAIN] Epoch 110/120 Iter 300/390 Loss 0.0015 Top1 99.97 Top5 100.00
2025-12-18 16:35:51,545 - INFO  - [NUDE][TRAIN] Epoch 110/120 Iter 320/390 Loss 0.0015 Top1 99.97 Top5 100.00
2025-12-18 16:35:52,232 - INFO  - [NUDE][TRAIN] Epoch 110/120 Iter 340/390 Loss 0.0014 Top1 99.97 Top5 100.00
2025-12-18 16:35:52,920 - INFO  - [NUDE][TRAIN] Epoch 110/120 Iter 360/390 Loss 0.0014 Top1 99.97 Top5 100.00
2025-12-18 16:35:53,608 - INFO  - [NUDE][TRAIN] Epoch 110/120 Iter 380/390 Loss 0.0014 Top1 99.97 Top5 100.00
2025-12-18 16:35:53,982 - INFO  - [NUDE] Validate: force max bit-width W/A = 6
2025-12-18 16:35:54,973 - INFO  - [NUDE][EPOCH] 110/120 Train: Top1=99.97 Top5=100.00 Loss=0.0014 | Val(EMA): Top1=89.14
2025-12-18 16:35:56,215 - INFO  - ([111] Epoch) Saving checkpoint to:
             Current: /root/autodl-tmp/retraining-free-quantization/training/alexnet_cifar10_single_gpu_clean120/alexnet_cifar10_single_gpu_clean120_checkpoint.pth.tar

2025-12-18 16:35:56,217 - INFO  - [NUDE] Epoch 111: force max bit-width W/A = 6
2025-12-18 16:35:57,091 - INFO  - [NUDE][TRAIN] Epoch 111/120 Iter 20/390 Loss 0.0016 Top1 99.96 Top5 100.00
2025-12-18 16:35:57,776 - INFO  - [NUDE][TRAIN] Epoch 111/120 Iter 40/390 Loss 0.0010 Top1 99.98 Top5 100.00
2025-12-18 16:35:58,461 - INFO  - [NUDE][TRAIN] Epoch 111/120 Iter 60/390 Loss 0.0011 Top1 99.97 Top5 100.00
2025-12-18 16:35:59,144 - INFO  - [NUDE][TRAIN] Epoch 111/120 Iter 80/390 Loss 0.0010 Top1 99.98 Top5 100.00
2025-12-18 16:35:59,826 - INFO  - [NUDE][TRAIN] Epoch 111/120 Iter 100/390 Loss 0.0010 Top1 99.98 Top5 100.00
2025-12-18 16:36:00,507 - INFO  - [NUDE][TRAIN] Epoch 111/120 Iter 120/390 Loss 0.0009 Top1 99.99 Top5 100.00
2025-12-18 16:36:01,185 - INFO  - [NUDE][TRAIN] Epoch 111/120 Iter 140/390 Loss 0.0011 Top1 99.98 Top5 100.00
2025-12-18 16:36:01,869 - INFO  - [NUDE][TRAIN] Epoch 111/120 Iter 160/390 Loss 0.0012 Top1 99.98 Top5 100.00
2025-12-18 16:36:02,549 - INFO  - [NUDE][TRAIN] Epoch 111/120 Iter 180/390 Loss 0.0011 Top1 99.98 Top5 100.00
2025-12-18 16:36:03,228 - INFO  - [NUDE][TRAIN] Epoch 111/120 Iter 200/390 Loss 0.0011 Top1 99.98 Top5 100.00
2025-12-18 16:36:03,906 - INFO  - [NUDE][TRAIN] Epoch 111/120 Iter 220/390 Loss 0.0012 Top1 99.98 Top5 100.00
2025-12-18 16:36:04,586 - INFO  - [NUDE][TRAIN] Epoch 111/120 Iter 240/390 Loss 0.0011 Top1 99.98 Top5 100.00
2025-12-18 16:36:05,273 - INFO  - [NUDE][TRAIN] Epoch 111/120 Iter 260/390 Loss 0.0011 Top1 99.98 Top5 100.00
2025-12-18 16:36:05,955 - INFO  - [NUDE][TRAIN] Epoch 111/120 Iter 280/390 Loss 0.0011 Top1 99.98 Top5 100.00
2025-12-18 16:36:06,641 - INFO  - [NUDE][TRAIN] Epoch 111/120 Iter 300/390 Loss 0.0012 Top1 99.98 Top5 100.00
2025-12-18 16:36:07,323 - INFO  - [NUDE][TRAIN] Epoch 111/120 Iter 320/390 Loss 0.0011 Top1 99.98 Top5 100.00
2025-12-18 16:36:08,006 - INFO  - [NUDE][TRAIN] Epoch 111/120 Iter 340/390 Loss 0.0011 Top1 99.98 Top5 100.00
2025-12-18 16:36:08,686 - INFO  - [NUDE][TRAIN] Epoch 111/120 Iter 360/390 Loss 0.0011 Top1 99.98 Top5 100.00
2025-12-18 16:36:09,366 - INFO  - [NUDE][TRAIN] Epoch 111/120 Iter 380/390 Loss 0.0010 Top1 99.98 Top5 100.00
2025-12-18 16:36:09,743 - INFO  - [NUDE] Validate: force max bit-width W/A = 6
2025-12-18 16:36:10,721 - INFO  - [NUDE][EPOCH] 111/120 Train: Top1=99.98 Top5=100.00 Loss=0.0010 | Val(EMA): Top1=89.17
2025-12-18 16:36:11,458 - INFO  - ([112] Epoch) Saving checkpoint to:
             Current: /root/autodl-tmp/retraining-free-quantization/training/alexnet_cifar10_single_gpu_clean120/alexnet_cifar10_single_gpu_clean120_checkpoint.pth.tar

2025-12-18 16:36:11,460 - INFO  - [NUDE] Epoch 112: force max bit-width W/A = 6
2025-12-18 16:36:12,339 - INFO  - [NUDE][TRAIN] Epoch 112/120 Iter 20/390 Loss 0.0005 Top1 100.00 Top5 100.00
2025-12-18 16:36:13,022 - INFO  - [NUDE][TRAIN] Epoch 112/120 Iter 40/390 Loss 0.0005 Top1 100.00 Top5 100.00
2025-12-18 16:36:13,706 - INFO  - [NUDE][TRAIN] Epoch 112/120 Iter 60/390 Loss 0.0007 Top1 99.99 Top5 100.00
2025-12-18 16:36:14,401 - INFO  - [NUDE][TRAIN] Epoch 112/120 Iter 80/390 Loss 0.0007 Top1 99.99 Top5 100.00
2025-12-18 16:36:15,096 - INFO  - [NUDE][TRAIN] Epoch 112/120 Iter 100/390 Loss 0.0007 Top1 99.99 Top5 100.00
2025-12-18 16:36:15,789 - INFO  - [NUDE][TRAIN] Epoch 112/120 Iter 120/390 Loss 0.0007 Top1 99.99 Top5 100.00
2025-12-18 16:36:16,483 - INFO  - [NUDE][TRAIN] Epoch 112/120 Iter 140/390 Loss 0.0007 Top1 99.99 Top5 100.00
2025-12-18 16:36:17,183 - INFO  - [NUDE][TRAIN] Epoch 112/120 Iter 160/390 Loss 0.0007 Top1 99.99 Top5 100.00
2025-12-18 16:36:17,873 - INFO  - [NUDE][TRAIN] Epoch 112/120 Iter 180/390 Loss 0.0007 Top1 99.99 Top5 100.00
2025-12-18 16:36:18,568 - INFO  - [NUDE][TRAIN] Epoch 112/120 Iter 200/390 Loss 0.0008 Top1 99.98 Top5 100.00
2025-12-18 16:36:19,264 - INFO  - [NUDE][TRAIN] Epoch 112/120 Iter 220/390 Loss 0.0008 Top1 99.99 Top5 100.00
2025-12-18 16:36:19,950 - INFO  - [NUDE][TRAIN] Epoch 112/120 Iter 240/390 Loss 0.0009 Top1 99.98 Top5 100.00
2025-12-18 16:36:20,638 - INFO  - [NUDE][TRAIN] Epoch 112/120 Iter 260/390 Loss 0.0011 Top1 99.97 Top5 100.00
2025-12-18 16:36:21,327 - INFO  - [NUDE][TRAIN] Epoch 112/120 Iter 280/390 Loss 0.0011 Top1 99.97 Top5 100.00
2025-12-18 16:36:22,018 - INFO  - [NUDE][TRAIN] Epoch 112/120 Iter 300/390 Loss 0.0011 Top1 99.97 Top5 100.00
2025-12-18 16:36:22,705 - INFO  - [NUDE][TRAIN] Epoch 112/120 Iter 320/390 Loss 0.0011 Top1 99.97 Top5 100.00
2025-12-18 16:36:23,392 - INFO  - [NUDE][TRAIN] Epoch 112/120 Iter 340/390 Loss 0.0011 Top1 99.97 Top5 100.00
2025-12-18 16:36:24,083 - INFO  - [NUDE][TRAIN] Epoch 112/120 Iter 360/390 Loss 0.0012 Top1 99.97 Top5 100.00
2025-12-18 16:36:24,772 - INFO  - [NUDE][TRAIN] Epoch 112/120 Iter 380/390 Loss 0.0012 Top1 99.97 Top5 100.00
2025-12-18 16:36:25,154 - INFO  - [NUDE] Validate: force max bit-width W/A = 6
2025-12-18 16:36:26,173 - INFO  - [NUDE][EPOCH] 112/120 Train: Top1=99.97 Top5=100.00 Loss=0.0012 | Val(EMA): Top1=89.08
2025-12-18 16:36:27,388 - INFO  - ([113] Epoch) Saving checkpoint to:
             Current: /root/autodl-tmp/retraining-free-quantization/training/alexnet_cifar10_single_gpu_clean120/alexnet_cifar10_single_gpu_clean120_checkpoint.pth.tar

2025-12-18 16:36:27,389 - INFO  - [NUDE] Epoch 113: force max bit-width W/A = 6
2025-12-18 16:36:28,273 - INFO  - [NUDE][TRAIN] Epoch 113/120 Iter 20/390 Loss 0.0006 Top1 100.00 Top5 100.00
2025-12-18 16:36:28,961 - INFO  - [NUDE][TRAIN] Epoch 113/120 Iter 40/390 Loss 0.0008 Top1 100.00 Top5 100.00
2025-12-18 16:36:29,648 - INFO  - [NUDE][TRAIN] Epoch 113/120 Iter 60/390 Loss 0.0009 Top1 99.99 Top5 100.00
2025-12-18 16:36:30,336 - INFO  - [NUDE][TRAIN] Epoch 113/120 Iter 80/390 Loss 0.0010 Top1 99.98 Top5 100.00
2025-12-18 16:36:31,019 - INFO  - [NUDE][TRAIN] Epoch 113/120 Iter 100/390 Loss 0.0009 Top1 99.98 Top5 100.00
2025-12-18 16:36:31,701 - INFO  - [NUDE][TRAIN] Epoch 113/120 Iter 120/390 Loss 0.0008 Top1 99.99 Top5 100.00
2025-12-18 16:36:32,385 - INFO  - [NUDE][TRAIN] Epoch 113/120 Iter 140/390 Loss 0.0010 Top1 99.98 Top5 100.00
2025-12-18 16:36:33,068 - INFO  - [NUDE][TRAIN] Epoch 113/120 Iter 160/390 Loss 0.0009 Top1 99.98 Top5 100.00
2025-12-18 16:36:33,760 - INFO  - [NUDE][TRAIN] Epoch 113/120 Iter 180/390 Loss 0.0010 Top1 99.97 Top5 100.00
2025-12-18 16:36:34,451 - INFO  - [NUDE][TRAIN] Epoch 113/120 Iter 200/390 Loss 0.0010 Top1 99.97 Top5 100.00
2025-12-18 16:36:35,143 - INFO  - [NUDE][TRAIN] Epoch 113/120 Iter 220/390 Loss 0.0009 Top1 99.98 Top5 100.00
2025-12-18 16:36:35,834 - INFO  - [NUDE][TRAIN] Epoch 113/120 Iter 240/390 Loss 0.0009 Top1 99.98 Top5 100.00
2025-12-18 16:36:36,530 - INFO  - [NUDE][TRAIN] Epoch 113/120 Iter 260/390 Loss 0.0010 Top1 99.98 Top5 100.00
2025-12-18 16:36:37,222 - INFO  - [NUDE][TRAIN] Epoch 113/120 Iter 280/390 Loss 0.0010 Top1 99.97 Top5 100.00
2025-12-18 16:36:37,913 - INFO  - [NUDE][TRAIN] Epoch 113/120 Iter 300/390 Loss 0.0010 Top1 99.97 Top5 100.00
2025-12-18 16:36:38,604 - INFO  - [NUDE][TRAIN] Epoch 113/120 Iter 320/390 Loss 0.0011 Top1 99.97 Top5 100.00
2025-12-18 16:36:39,309 - INFO  - [NUDE][TRAIN] Epoch 113/120 Iter 340/390 Loss 0.0010 Top1 99.97 Top5 100.00
2025-12-18 16:36:40,000 - INFO  - [NUDE][TRAIN] Epoch 113/120 Iter 360/390 Loss 0.0011 Top1 99.97 Top5 100.00
2025-12-18 16:36:40,698 - INFO  - [NUDE][TRAIN] Epoch 113/120 Iter 380/390 Loss 0.0011 Top1 99.97 Top5 100.00
2025-12-18 16:36:41,074 - INFO  - [NUDE] Validate: force max bit-width W/A = 6
2025-12-18 16:36:42,132 - INFO  - [NUDE][EPOCH] 113/120 Train: Top1=99.97 Top5=100.00 Loss=0.0012 | Val(EMA): Top1=89.19
2025-12-18 16:36:43,333 - INFO  - ([114] Epoch) Saving checkpoint to:
             Current: /root/autodl-tmp/retraining-free-quantization/training/alexnet_cifar10_single_gpu_clean120/alexnet_cifar10_single_gpu_clean120_checkpoint.pth.tar

2025-12-18 16:36:43,334 - INFO  - [NUDE] Epoch 114: force max bit-width W/A = 6
2025-12-18 16:36:44,204 - INFO  - [NUDE][TRAIN] Epoch 114/120 Iter 20/390 Loss 0.0020 Top1 99.96 Top5 100.00
2025-12-18 16:36:44,897 - INFO  - [NUDE][TRAIN] Epoch 114/120 Iter 40/390 Loss 0.0018 Top1 99.94 Top5 100.00
2025-12-18 16:36:45,587 - INFO  - [NUDE][TRAIN] Epoch 114/120 Iter 60/390 Loss 0.0016 Top1 99.95 Top5 100.00
2025-12-18 16:36:46,275 - INFO  - [NUDE][TRAIN] Epoch 114/120 Iter 80/390 Loss 0.0014 Top1 99.95 Top5 100.00
2025-12-18 16:36:46,965 - INFO  - [NUDE][TRAIN] Epoch 114/120 Iter 100/390 Loss 0.0014 Top1 99.95 Top5 100.00
2025-12-18 16:36:47,658 - INFO  - [NUDE][TRAIN] Epoch 114/120 Iter 120/390 Loss 0.0015 Top1 99.95 Top5 100.00
2025-12-18 16:36:48,353 - INFO  - [NUDE][TRAIN] Epoch 114/120 Iter 140/390 Loss 0.0015 Top1 99.96 Top5 100.00
2025-12-18 16:36:49,042 - INFO  - [NUDE][TRAIN] Epoch 114/120 Iter 160/390 Loss 0.0017 Top1 99.94 Top5 100.00
2025-12-18 16:36:49,736 - INFO  - [NUDE][TRAIN] Epoch 114/120 Iter 180/390 Loss 0.0016 Top1 99.95 Top5 100.00
2025-12-18 16:36:50,425 - INFO  - [NUDE][TRAIN] Epoch 114/120 Iter 200/390 Loss 0.0017 Top1 99.95 Top5 100.00
2025-12-18 16:36:51,118 - INFO  - [NUDE][TRAIN] Epoch 114/120 Iter 220/390 Loss 0.0016 Top1 99.95 Top5 100.00
2025-12-18 16:36:51,806 - INFO  - [NUDE][TRAIN] Epoch 114/120 Iter 240/390 Loss 0.0016 Top1 99.95 Top5 100.00
2025-12-18 16:36:52,496 - INFO  - [NUDE][TRAIN] Epoch 114/120 Iter 260/390 Loss 0.0015 Top1 99.95 Top5 100.00
2025-12-18 16:36:53,183 - INFO  - [NUDE][TRAIN] Epoch 114/120 Iter 280/390 Loss 0.0015 Top1 99.96 Top5 100.00
2025-12-18 16:36:53,872 - INFO  - [NUDE][TRAIN] Epoch 114/120 Iter 300/390 Loss 0.0014 Top1 99.96 Top5 100.00
2025-12-18 16:36:54,570 - INFO  - [NUDE][TRAIN] Epoch 114/120 Iter 320/390 Loss 0.0014 Top1 99.96 Top5 100.00
2025-12-18 16:36:55,266 - INFO  - [NUDE][TRAIN] Epoch 114/120 Iter 340/390 Loss 0.0014 Top1 99.96 Top5 100.00
2025-12-18 16:36:55,957 - INFO  - [NUDE][TRAIN] Epoch 114/120 Iter 360/390 Loss 0.0014 Top1 99.96 Top5 100.00
2025-12-18 16:36:56,649 - INFO  - [NUDE][TRAIN] Epoch 114/120 Iter 380/390 Loss 0.0014 Top1 99.96 Top5 100.00
2025-12-18 16:36:57,033 - INFO  - [NUDE] Validate: force max bit-width W/A = 6
2025-12-18 16:36:58,029 - INFO  - [NUDE][EPOCH] 114/120 Train: Top1=99.96 Top5=100.00 Loss=0.0014 | Val(EMA): Top1=89.15
2025-12-18 16:36:59,225 - INFO  - ([115] Epoch) Saving checkpoint to:
             Current: /root/autodl-tmp/retraining-free-quantization/training/alexnet_cifar10_single_gpu_clean120/alexnet_cifar10_single_gpu_clean120_checkpoint.pth.tar

2025-12-18 16:36:59,226 - INFO  - [NUDE] Epoch 115: force max bit-width W/A = 6
2025-12-18 16:37:00,092 - INFO  - [NUDE][TRAIN] Epoch 115/120 Iter 20/390 Loss 0.0011 Top1 100.00 Top5 100.00
2025-12-18 16:37:00,780 - INFO  - [NUDE][TRAIN] Epoch 115/120 Iter 40/390 Loss 0.0016 Top1 99.92 Top5 100.00
2025-12-18 16:37:01,474 - INFO  - [NUDE][TRAIN] Epoch 115/120 Iter 60/390 Loss 0.0013 Top1 99.95 Top5 100.00
2025-12-18 16:37:02,181 - INFO  - [NUDE][TRAIN] Epoch 115/120 Iter 80/390 Loss 0.0012 Top1 99.96 Top5 100.00
2025-12-18 16:37:02,869 - INFO  - [NUDE][TRAIN] Epoch 115/120 Iter 100/390 Loss 0.0015 Top1 99.95 Top5 100.00
2025-12-18 16:37:03,559 - INFO  - [NUDE][TRAIN] Epoch 115/120 Iter 120/390 Loss 0.0019 Top1 99.93 Top5 100.00
2025-12-18 16:37:04,246 - INFO  - [NUDE][TRAIN] Epoch 115/120 Iter 140/390 Loss 0.0018 Top1 99.94 Top5 100.00
2025-12-18 16:37:04,933 - INFO  - [NUDE][TRAIN] Epoch 115/120 Iter 160/390 Loss 0.0018 Top1 99.94 Top5 100.00
2025-12-18 16:37:05,621 - INFO  - [NUDE][TRAIN] Epoch 115/120 Iter 180/390 Loss 0.0017 Top1 99.95 Top5 100.00
2025-12-18 16:37:06,308 - INFO  - [NUDE][TRAIN] Epoch 115/120 Iter 200/390 Loss 0.0016 Top1 99.95 Top5 100.00
2025-12-18 16:37:06,994 - INFO  - [NUDE][TRAIN] Epoch 115/120 Iter 220/390 Loss 0.0015 Top1 99.96 Top5 100.00
2025-12-18 16:37:07,678 - INFO  - [NUDE][TRAIN] Epoch 115/120 Iter 240/390 Loss 0.0015 Top1 99.96 Top5 100.00
2025-12-18 16:37:08,362 - INFO  - [NUDE][TRAIN] Epoch 115/120 Iter 260/390 Loss 0.0014 Top1 99.96 Top5 100.00
2025-12-18 16:37:09,050 - INFO  - [NUDE][TRAIN] Epoch 115/120 Iter 280/390 Loss 0.0014 Top1 99.97 Top5 100.00
2025-12-18 16:37:09,743 - INFO  - [NUDE][TRAIN] Epoch 115/120 Iter 300/390 Loss 0.0013 Top1 99.97 Top5 100.00
2025-12-18 16:37:10,426 - INFO  - [NUDE][TRAIN] Epoch 115/120 Iter 320/390 Loss 0.0013 Top1 99.97 Top5 100.00
2025-12-18 16:37:11,113 - INFO  - [NUDE][TRAIN] Epoch 115/120 Iter 340/390 Loss 0.0013 Top1 99.97 Top5 100.00
2025-12-18 16:37:11,797 - INFO  - [NUDE][TRAIN] Epoch 115/120 Iter 360/390 Loss 0.0013 Top1 99.97 Top5 100.00
2025-12-18 16:37:12,494 - INFO  - [NUDE][TRAIN] Epoch 115/120 Iter 380/390 Loss 0.0013 Top1 99.97 Top5 100.00
2025-12-18 16:37:12,873 - INFO  - [NUDE] Validate: force max bit-width W/A = 6
2025-12-18 16:37:13,893 - INFO  - [NUDE][EPOCH] 115/120 Train: Top1=99.97 Top5=100.00 Loss=0.0013 | Val(EMA): Top1=89.18
2025-12-18 16:37:15,177 - INFO  - ([116] Epoch) Saving checkpoint to:
             Current: /root/autodl-tmp/retraining-free-quantization/training/alexnet_cifar10_single_gpu_clean120/alexnet_cifar10_single_gpu_clean120_checkpoint.pth.tar

2025-12-18 16:37:15,178 - INFO  - [NUDE] Epoch 116: force max bit-width W/A = 6
2025-12-18 16:37:16,039 - INFO  - [NUDE][TRAIN] Epoch 116/120 Iter 20/390 Loss 0.0009 Top1 99.96 Top5 100.00
2025-12-18 16:37:16,729 - INFO  - [NUDE][TRAIN] Epoch 116/120 Iter 40/390 Loss 0.0010 Top1 99.98 Top5 100.00
2025-12-18 16:37:17,415 - INFO  - [NUDE][TRAIN] Epoch 116/120 Iter 60/390 Loss 0.0010 Top1 99.99 Top5 100.00
2025-12-18 16:37:18,109 - INFO  - [NUDE][TRAIN] Epoch 116/120 Iter 80/390 Loss 0.0015 Top1 99.97 Top5 100.00
2025-12-18 16:37:18,797 - INFO  - [NUDE][TRAIN] Epoch 116/120 Iter 100/390 Loss 0.0015 Top1 99.97 Top5 100.00
2025-12-18 16:37:19,481 - INFO  - [NUDE][TRAIN] Epoch 116/120 Iter 120/390 Loss 0.0014 Top1 99.97 Top5 100.00
2025-12-18 16:37:20,165 - INFO  - [NUDE][TRAIN] Epoch 116/120 Iter 140/390 Loss 0.0013 Top1 99.98 Top5 100.00
2025-12-18 16:37:20,851 - INFO  - [NUDE][TRAIN] Epoch 116/120 Iter 160/390 Loss 0.0013 Top1 99.97 Top5 100.00
2025-12-18 16:37:21,540 - INFO  - [NUDE][TRAIN] Epoch 116/120 Iter 180/390 Loss 0.0013 Top1 99.97 Top5 100.00
2025-12-18 16:37:22,230 - INFO  - [NUDE][TRAIN] Epoch 116/120 Iter 200/390 Loss 0.0015 Top1 99.97 Top5 100.00
2025-12-18 16:37:22,920 - INFO  - [NUDE][TRAIN] Epoch 116/120 Iter 220/390 Loss 0.0015 Top1 99.97 Top5 100.00
2025-12-18 16:37:23,609 - INFO  - [NUDE][TRAIN] Epoch 116/120 Iter 240/390 Loss 0.0015 Top1 99.97 Top5 100.00
2025-12-18 16:37:24,299 - INFO  - [NUDE][TRAIN] Epoch 116/120 Iter 260/390 Loss 0.0015 Top1 99.96 Top5 100.00
2025-12-18 16:37:24,996 - INFO  - [NUDE][TRAIN] Epoch 116/120 Iter 280/390 Loss 0.0015 Top1 99.96 Top5 100.00
2025-12-18 16:37:25,687 - INFO  - [NUDE][TRAIN] Epoch 116/120 Iter 300/390 Loss 0.0015 Top1 99.97 Top5 100.00
2025-12-18 16:37:26,373 - INFO  - [NUDE][TRAIN] Epoch 116/120 Iter 320/390 Loss 0.0014 Top1 99.97 Top5 100.00
2025-12-18 16:37:27,061 - INFO  - [NUDE][TRAIN] Epoch 116/120 Iter 340/390 Loss 0.0014 Top1 99.97 Top5 100.00
2025-12-18 16:37:27,751 - INFO  - [NUDE][TRAIN] Epoch 116/120 Iter 360/390 Loss 0.0014 Top1 99.97 Top5 100.00
2025-12-18 16:37:28,443 - INFO  - [NUDE][TRAIN] Epoch 116/120 Iter 380/390 Loss 0.0014 Top1 99.97 Top5 100.00
2025-12-18 16:37:28,823 - INFO  - [NUDE] Validate: force max bit-width W/A = 6
2025-12-18 16:37:29,858 - INFO  - [NUDE][EPOCH] 116/120 Train: Top1=99.97 Top5=100.00 Loss=0.0014 | Val(EMA): Top1=89.17
2025-12-18 16:37:31,050 - INFO  - ([117] Epoch) Saving checkpoint to:
             Current: /root/autodl-tmp/retraining-free-quantization/training/alexnet_cifar10_single_gpu_clean120/alexnet_cifar10_single_gpu_clean120_checkpoint.pth.tar

2025-12-18 16:37:31,052 - INFO  - [NUDE] Epoch 117: force max bit-width W/A = 6
2025-12-18 16:37:31,935 - INFO  - [NUDE][TRAIN] Epoch 117/120 Iter 20/390 Loss 0.0011 Top1 99.96 Top5 100.00
2025-12-18 16:37:32,626 - INFO  - [NUDE][TRAIN] Epoch 117/120 Iter 40/390 Loss 0.0009 Top1 99.98 Top5 100.00
2025-12-18 16:37:33,313 - INFO  - [NUDE][TRAIN] Epoch 117/120 Iter 60/390 Loss 0.0007 Top1 99.99 Top5 100.00
2025-12-18 16:37:34,006 - INFO  - [NUDE][TRAIN] Epoch 117/120 Iter 80/390 Loss 0.0008 Top1 99.99 Top5 100.00
2025-12-18 16:37:34,712 - INFO  - [NUDE][TRAIN] Epoch 117/120 Iter 100/390 Loss 0.0009 Top1 99.98 Top5 100.00
2025-12-18 16:37:35,401 - INFO  - [NUDE][TRAIN] Epoch 117/120 Iter 120/390 Loss 0.0009 Top1 99.99 Top5 100.00
2025-12-18 16:37:36,091 - INFO  - [NUDE][TRAIN] Epoch 117/120 Iter 140/390 Loss 0.0009 Top1 99.98 Top5 100.00
2025-12-18 16:37:36,781 - INFO  - [NUDE][TRAIN] Epoch 117/120 Iter 160/390 Loss 0.0010 Top1 99.98 Top5 100.00
2025-12-18 16:37:37,472 - INFO  - [NUDE][TRAIN] Epoch 117/120 Iter 180/390 Loss 0.0011 Top1 99.97 Top5 100.00
2025-12-18 16:37:38,164 - INFO  - [NUDE][TRAIN] Epoch 117/120 Iter 200/390 Loss 0.0011 Top1 99.98 Top5 100.00
2025-12-18 16:37:38,854 - INFO  - [NUDE][TRAIN] Epoch 117/120 Iter 220/390 Loss 0.0011 Top1 99.98 Top5 100.00
2025-12-18 16:37:39,558 - INFO  - [NUDE][TRAIN] Epoch 117/120 Iter 240/390 Loss 0.0012 Top1 99.98 Top5 100.00
2025-12-18 16:37:40,249 - INFO  - [NUDE][TRAIN] Epoch 117/120 Iter 260/390 Loss 0.0011 Top1 99.98 Top5 100.00
2025-12-18 16:37:40,943 - INFO  - [NUDE][TRAIN] Epoch 117/120 Iter 280/390 Loss 0.0011 Top1 99.98 Top5 100.00
2025-12-18 16:37:41,633 - INFO  - [NUDE][TRAIN] Epoch 117/120 Iter 300/390 Loss 0.0011 Top1 99.98 Top5 100.00
2025-12-18 16:37:42,323 - INFO  - [NUDE][TRAIN] Epoch 117/120 Iter 320/390 Loss 0.0011 Top1 99.98 Top5 100.00
2025-12-18 16:37:43,009 - INFO  - [NUDE][TRAIN] Epoch 117/120 Iter 340/390 Loss 0.0012 Top1 99.97 Top5 100.00
2025-12-18 16:37:43,695 - INFO  - [NUDE][TRAIN] Epoch 117/120 Iter 360/390 Loss 0.0011 Top1 99.98 Top5 100.00
2025-12-18 16:37:44,380 - INFO  - [NUDE][TRAIN] Epoch 117/120 Iter 380/390 Loss 0.0011 Top1 99.98 Top5 100.00
2025-12-18 16:37:44,756 - INFO  - [NUDE] Validate: force max bit-width W/A = 6
2025-12-18 16:37:45,763 - INFO  - [NUDE][EPOCH] 117/120 Train: Top1=99.98 Top5=100.00 Loss=0.0011 | Val(EMA): Top1=89.10
2025-12-18 16:37:46,909 - INFO  - ([118] Epoch) Saving checkpoint to:
             Current: /root/autodl-tmp/retraining-free-quantization/training/alexnet_cifar10_single_gpu_clean120/alexnet_cifar10_single_gpu_clean120_checkpoint.pth.tar

2025-12-18 16:37:46,911 - INFO  - [NUDE] Epoch 118: force max bit-width W/A = 6
2025-12-18 16:37:47,779 - INFO  - [NUDE][TRAIN] Epoch 118/120 Iter 20/390 Loss 0.0010 Top1 99.96 Top5 100.00
2025-12-18 16:37:48,465 - INFO  - [NUDE][TRAIN] Epoch 118/120 Iter 40/390 Loss 0.0013 Top1 99.96 Top5 100.00
2025-12-18 16:37:49,149 - INFO  - [NUDE][TRAIN] Epoch 118/120 Iter 60/390 Loss 0.0011 Top1 99.97 Top5 100.00
2025-12-18 16:37:49,842 - INFO  - [NUDE][TRAIN] Epoch 118/120 Iter 80/390 Loss 0.0010 Top1 99.97 Top5 100.00
2025-12-18 16:37:50,541 - INFO  - [NUDE][TRAIN] Epoch 118/120 Iter 100/390 Loss 0.0010 Top1 99.98 Top5 100.00
2025-12-18 16:37:51,233 - INFO  - [NUDE][TRAIN] Epoch 118/120 Iter 120/390 Loss 0.0011 Top1 99.97 Top5 100.00
2025-12-18 16:37:51,924 - INFO  - [NUDE][TRAIN] Epoch 118/120 Iter 140/390 Loss 0.0010 Top1 99.97 Top5 100.00
2025-12-18 16:37:52,612 - INFO  - [NUDE][TRAIN] Epoch 118/120 Iter 160/390 Loss 0.0010 Top1 99.98 Top5 100.00
2025-12-18 16:37:53,309 - INFO  - [NUDE][TRAIN] Epoch 118/120 Iter 180/390 Loss 0.0011 Top1 99.97 Top5 100.00
2025-12-18 16:37:54,005 - INFO  - [NUDE][TRAIN] Epoch 118/120 Iter 200/390 Loss 0.0011 Top1 99.97 Top5 100.00
2025-12-18 16:37:54,693 - INFO  - [NUDE][TRAIN] Epoch 118/120 Iter 220/390 Loss 0.0011 Top1 99.98 Top5 100.00
2025-12-18 16:37:55,390 - INFO  - [NUDE][TRAIN] Epoch 118/120 Iter 240/390 Loss 0.0011 Top1 99.97 Top5 100.00
2025-12-18 16:37:56,084 - INFO  - [NUDE][TRAIN] Epoch 118/120 Iter 260/390 Loss 0.0011 Top1 99.97 Top5 100.00
2025-12-18 16:37:56,769 - INFO  - [NUDE][TRAIN] Epoch 118/120 Iter 280/390 Loss 0.0011 Top1 99.97 Top5 100.00
2025-12-18 16:37:57,460 - INFO  - [NUDE][TRAIN] Epoch 118/120 Iter 300/390 Loss 0.0011 Top1 99.97 Top5 100.00
2025-12-18 16:37:58,150 - INFO  - [NUDE][TRAIN] Epoch 118/120 Iter 320/390 Loss 0.0010 Top1 99.97 Top5 100.00
2025-12-18 16:37:58,841 - INFO  - [NUDE][TRAIN] Epoch 118/120 Iter 340/390 Loss 0.0010 Top1 99.97 Top5 100.00
2025-12-18 16:37:59,528 - INFO  - [NUDE][TRAIN] Epoch 118/120 Iter 360/390 Loss 0.0010 Top1 99.97 Top5 100.00
2025-12-18 16:38:00,215 - INFO  - [NUDE][TRAIN] Epoch 118/120 Iter 380/390 Loss 0.0010 Top1 99.97 Top5 100.00
2025-12-18 16:38:00,594 - INFO  - [NUDE] Validate: force max bit-width W/A = 6
2025-12-18 16:38:01,618 - INFO  - [NUDE][EPOCH] 118/120 Train: Top1=99.97 Top5=100.00 Loss=0.0011 | Val(EMA): Top1=89.11
2025-12-18 16:38:02,827 - INFO  - ([119] Epoch) Saving checkpoint to:
             Current: /root/autodl-tmp/retraining-free-quantization/training/alexnet_cifar10_single_gpu_clean120/alexnet_cifar10_single_gpu_clean120_checkpoint.pth.tar

2025-12-18 16:38:02,829 - INFO  - [NUDE] Epoch 119: force max bit-width W/A = 6
2025-12-18 16:38:03,698 - INFO  - [NUDE][TRAIN] Epoch 119/120 Iter 20/390 Loss 0.0014 Top1 99.96 Top5 100.00
2025-12-18 16:38:04,383 - INFO  - [NUDE][TRAIN] Epoch 119/120 Iter 40/390 Loss 0.0012 Top1 99.96 Top5 100.00
2025-12-18 16:38:05,072 - INFO  - [NUDE][TRAIN] Epoch 119/120 Iter 60/390 Loss 0.0011 Top1 99.97 Top5 100.00
2025-12-18 16:38:05,758 - INFO  - [NUDE][TRAIN] Epoch 119/120 Iter 80/390 Loss 0.0010 Top1 99.98 Top5 100.00
2025-12-18 16:38:06,447 - INFO  - [NUDE][TRAIN] Epoch 119/120 Iter 100/390 Loss 0.0011 Top1 99.98 Top5 100.00
2025-12-18 16:38:07,133 - INFO  - [NUDE][TRAIN] Epoch 119/120 Iter 120/390 Loss 0.0012 Top1 99.96 Top5 100.00
2025-12-18 16:38:07,820 - INFO  - [NUDE][TRAIN] Epoch 119/120 Iter 140/390 Loss 0.0012 Top1 99.96 Top5 100.00
2025-12-18 16:38:08,507 - INFO  - [NUDE][TRAIN] Epoch 119/120 Iter 160/390 Loss 0.0014 Top1 99.95 Top5 100.00
2025-12-18 16:38:09,200 - INFO  - [NUDE][TRAIN] Epoch 119/120 Iter 180/390 Loss 0.0014 Top1 99.96 Top5 100.00
2025-12-18 16:38:09,891 - INFO  - [NUDE][TRAIN] Epoch 119/120 Iter 200/390 Loss 0.0014 Top1 99.96 Top5 100.00
2025-12-18 16:38:10,587 - INFO  - [NUDE][TRAIN] Epoch 119/120 Iter 220/390 Loss 0.0014 Top1 99.96 Top5 100.00
2025-12-18 16:38:11,280 - INFO  - [NUDE][TRAIN] Epoch 119/120 Iter 240/390 Loss 0.0013 Top1 99.96 Top5 100.00
2025-12-18 16:38:11,973 - INFO  - [NUDE][TRAIN] Epoch 119/120 Iter 260/390 Loss 0.0013 Top1 99.96 Top5 100.00
2025-12-18 16:38:12,662 - INFO  - [NUDE][TRAIN] Epoch 119/120 Iter 280/390 Loss 0.0014 Top1 99.96 Top5 100.00
2025-12-18 16:38:13,351 - INFO  - [NUDE][TRAIN] Epoch 119/120 Iter 300/390 Loss 0.0014 Top1 99.96 Top5 100.00
2025-12-18 16:38:14,039 - INFO  - [NUDE][TRAIN] Epoch 119/120 Iter 320/390 Loss 0.0014 Top1 99.96 Top5 100.00
2025-12-18 16:38:14,724 - INFO  - [NUDE][TRAIN] Epoch 119/120 Iter 340/390 Loss 0.0014 Top1 99.96 Top5 100.00
2025-12-18 16:38:15,410 - INFO  - [NUDE][TRAIN] Epoch 119/120 Iter 360/390 Loss 0.0014 Top1 99.96 Top5 100.00
2025-12-18 16:38:16,098 - INFO  - [NUDE][TRAIN] Epoch 119/120 Iter 380/390 Loss 0.0014 Top1 99.96 Top5 100.00
2025-12-18 16:38:16,474 - INFO  - [NUDE] Validate: force max bit-width W/A = 6
2025-12-18 16:38:17,461 - INFO  - [NUDE][EPOCH] 119/120 Train: Top1=99.96 Top5=100.00 Loss=0.0014 | Val(EMA): Top1=89.16
2025-12-18 16:38:18,662 - INFO  - ([120] Epoch) Saving checkpoint to:
             Current: /root/autodl-tmp/retraining-free-quantization/training/alexnet_cifar10_single_gpu_clean120/alexnet_cifar10_single_gpu_clean120_checkpoint.pth.tar

