2025-12-17 13:29:30,165 - INFO  - Log file for this run: /root/autodl-tmp/retraining-free-quantization/training/resnet18_cifar10_single_gpu_normal_srqat_ls0/resnet18_cifar10_single_gpu_normal_srqat_ls0.log
2025-12-17 13:29:30,171 - INFO  - TensorBoard data directory: /root/autodl-tmp/retraining-free-quantization/training/resnet18_cifar10_single_gpu_normal_srqat_ls0/tb_runs
2025-12-17 13:29:30,171 - INFO  - Code backup completed. Code saved to: /root/autodl-tmp/retraining-free-quantization/training/resnet18_cifar10_single_gpu_normal_srqat_ls0/code/.cursor
2025-12-17 13:29:30,171 - INFO  - Code backup completed. Code saved to: /root/autodl-tmp/retraining-free-quantization/training/resnet18_cifar10_single_gpu_normal_srqat_ls0/code/.vscode
2025-12-17 13:29:30,171 - INFO  - Code backup completed. Code saved to: /root/autodl-tmp/retraining-free-quantization/training/resnet18_cifar10_single_gpu_normal_srqat_ls0/code/activation_dumps/denoise_restorer/clean/clean
2025-12-17 13:29:30,171 - INFO  - Code backup completed. Code saved to: /root/autodl-tmp/retraining-free-quantization/training/resnet18_cifar10_single_gpu_normal_srqat_ls0/code/activation_dumps/denoise_restorer/clean
2025-12-17 13:29:30,171 - INFO  - Code backup completed. Code saved to: /root/autodl-tmp/retraining-free-quantization/training/resnet18_cifar10_single_gpu_normal_srqat_ls0/code/activation_dumps/denoise_restorer/fault/fault
2025-12-17 13:29:30,171 - INFO  - Code backup completed. Code saved to: /root/autodl-tmp/retraining-free-quantization/training/resnet18_cifar10_single_gpu_normal_srqat_ls0/code/activation_dumps/denoise_restorer/fault
2025-12-17 13:29:30,171 - INFO  - Code backup completed. Code saved to: /root/autodl-tmp/retraining-free-quantization/training/resnet18_cifar10_single_gpu_normal_srqat_ls0/code/activation_dumps/denoise_restorer
2025-12-17 13:29:30,171 - INFO  - Code backup completed. Code saved to: /root/autodl-tmp/retraining-free-quantization/training/resnet18_cifar10_single_gpu_normal_srqat_ls0/code/activation_dumps
2025-12-17 13:29:30,172 - INFO  - Code backup completed. Code saved to: /root/autodl-tmp/retraining-free-quantization/training/resnet18_cifar10_single_gpu_normal_srqat_ls0/code/checkpoints
2025-12-17 13:29:30,172 - INFO  - Code backup completed. Code saved to: /root/autodl-tmp/retraining-free-quantization/training/resnet18_cifar10_single_gpu_normal_srqat_ls0/code/configs/restorer
2025-12-17 13:29:30,172 - INFO  - Code backup completed. Code saved to: /root/autodl-tmp/retraining-free-quantization/training/resnet18_cifar10_single_gpu_normal_srqat_ls0/code/configs
2025-12-17 13:29:30,172 - INFO  - Code backup completed. Code saved to: /root/autodl-tmp/retraining-free-quantization/training/resnet18_cifar10_single_gpu_normal_srqat_ls0/code/docs
2025-12-17 13:29:30,172 - INFO  - Code backup completed. Code saved to: /root/autodl-tmp/retraining-free-quantization/training/resnet18_cifar10_single_gpu_normal_srqat_ls0/code/layer_profiles
2025-12-17 13:29:30,172 - INFO  - Code backup completed. Code saved to: /root/autodl-tmp/retraining-free-quantization/training/resnet18_cifar10_single_gpu_normal_srqat_ls0/code/learning_heads
2025-12-17 13:29:30,172 - INFO  - Code backup completed. Code saved to: /root/autodl-tmp/retraining-free-quantization/training/resnet18_cifar10_single_gpu_normal_srqat_ls0/code/logs/restorer_pipeline
2025-12-17 13:29:30,172 - INFO  - Code backup completed. Code saved to: /root/autodl-tmp/retraining-free-quantization/training/resnet18_cifar10_single_gpu_normal_srqat_ls0/code/logs/sensitive_layer_sets
2025-12-17 13:29:30,172 - INFO  - Code backup completed. Code saved to: /root/autodl-tmp/retraining-free-quantization/training/resnet18_cifar10_single_gpu_normal_srqat_ls0/code/logs
2025-12-17 13:29:30,173 - INFO  - Copied code file: __init__.py
2025-12-17 13:29:30,173 - INFO  - Copied code file: alexnet_cifar.py
2025-12-17 13:29:30,173 - INFO  - Copied code file: mobilenetv2.py
2025-12-17 13:29:30,174 - INFO  - Copied code file: model.py
2025-12-17 13:29:30,174 - INFO  - Copied code file: resnet_cifar.py
2025-12-17 13:29:30,174 - INFO  - Code backup completed. Code saved to: /root/autodl-tmp/retraining-free-quantization/training/resnet18_cifar10_single_gpu_normal_srqat_ls0/code/model
2025-12-17 13:29:30,174 - INFO  - Copied code file: __init__.py
2025-12-17 13:29:30,174 - INFO  - Copied code file: lsq.py
2025-12-17 13:29:30,175 - INFO  - Copied code file: quantizer.py
2025-12-17 13:29:30,175 - INFO  - Code backup completed. Code saved to: /root/autodl-tmp/retraining-free-quantization/training/resnet18_cifar10_single_gpu_normal_srqat_ls0/code/quan/quantizer
2025-12-17 13:29:30,175 - INFO  - Copied code file: __init__.py
2025-12-17 13:29:30,175 - INFO  - Copied code file: func.py
2025-12-17 13:29:30,175 - INFO  - Copied code file: utils.py
2025-12-17 13:29:30,175 - INFO  - Code backup completed. Code saved to: /root/autodl-tmp/retraining-free-quantization/training/resnet18_cifar10_single_gpu_normal_srqat_ls0/code/quan
2025-12-17 13:29:30,176 - INFO  - Code backup completed. Code saved to: /root/autodl-tmp/retraining-free-quantization/training/resnet18_cifar10_single_gpu_normal_srqat_ls0/code/sensitive_training/alexnet_cifar10_sensitive_stage2/tb_runs
2025-12-17 13:29:30,176 - INFO  - Code backup completed. Code saved to: /root/autodl-tmp/retraining-free-quantization/training/resnet18_cifar10_single_gpu_normal_srqat_ls0/code/sensitive_training/alexnet_cifar10_sensitive_stage2
2025-12-17 13:29:30,176 - INFO  - Code backup completed. Code saved to: /root/autodl-tmp/retraining-free-quantization/training/resnet18_cifar10_single_gpu_normal_srqat_ls0/code/sensitive_training/alexnet_cifar10_sensitive_stage2_transformer/tb_runs
2025-12-17 13:29:30,176 - INFO  - Code backup completed. Code saved to: /root/autodl-tmp/retraining-free-quantization/training/resnet18_cifar10_single_gpu_normal_srqat_ls0/code/sensitive_training/alexnet_cifar10_sensitive_stage2_transformer
2025-12-17 13:29:30,176 - INFO  - Code backup completed. Code saved to: /root/autodl-tmp/retraining-free-quantization/training/resnet18_cifar10_single_gpu_normal_srqat_ls0/code/sensitive_training
2025-12-17 13:29:30,176 - INFO  - Copied code file: analyze_corrector_logits.py
2025-12-17 13:29:30,176 - INFO  - Copied code file: analyze_fault_propagation.py
2025-12-17 13:29:30,177 - INFO  - Copied code file: analyze_layer_sensitivity.py
2025-12-17 13:29:30,177 - INFO  - Copied code file: test_fault_injection_baseline_resnet18.py
2025-12-17 13:29:30,177 - INFO  - Copied code file: analyze_multi_bit_sensitivity.py
2025-12-17 13:29:30,177 - INFO  - Copied code file: analyze_single_layer_fault_impact.py
2025-12-17 13:29:30,178 - INFO  - Copied code file: calculate_weight_flip_probability.py
2025-12-17 13:29:30,178 - INFO  - Copied code file: collect_layer_statistics.py
2025-12-17 13:29:30,178 - INFO  - Copied code file: diagnose_corrector_gap.py
2025-12-17 13:29:30,178 - INFO  - Copied code file: sweep_srqat.py
2025-12-17 13:29:30,179 - INFO  - Copied code file: eval_gradient_statistics_restorer.py
2025-12-17 13:29:30,179 - INFO  - Copied code file: eval_sensitive_layer_sets.py
2025-12-17 13:29:30,179 - INFO  - Copied code file: eval_sensitive_restorer.py
2025-12-17 13:29:30,180 - INFO  - Copied code file: eval_with_fault_injection.py
2025-12-17 13:29:30,180 - INFO  - Copied code file: compare_lsq_scales_with_checkpoint.py
2025-12-17 13:29:30,180 - INFO  - Copied code file: test_fault_injector.py
2025-12-17 13:29:30,180 - INFO  - Copied code file: test_gray_code_fault_injection.py
2025-12-17 13:29:30,180 - INFO  - Copied code file: test_olm_fault_injection.py
2025-12-17 13:29:30,181 - INFO  - Copied code file: train_learning_repair_head.py
2025-12-17 13:29:30,181 - INFO  - Copied code file: train_olm_encoder.py
2025-12-17 13:29:30,181 - INFO  - Copied code file: train_sensitive_repair_head.py
2025-12-17 13:29:30,182 - INFO  - Copied code file: visualize_fault_activation.py
2025-12-17 13:29:30,182 - INFO  - Copied code file: test_learnable_olm_vs_traditional_olm.py
2025-12-17 13:29:30,182 - INFO  - Copied code file: test_fault_injection_baseline.py
2025-12-17 13:29:30,183 - INFO  - Copied code file: analyze_olm_differences.py
2025-12-17 13:29:30,183 - INFO  - Copied code file: test_learnable_olm_consistency.py
2025-12-17 13:29:30,183 - INFO  - Copied code file: test_search_olm_from_checkpoint.py
2025-12-17 13:29:30,183 - INFO  - Copied code file: test_olm_layer_name_check.py
2025-12-17 13:29:30,184 - INFO  - Copied code file: compare_old_new_fault_injector.py
2025-12-17 13:29:30,184 - INFO  - Copied code file: verify_dec2_fault_injector.py
2025-12-17 13:29:30,184 - INFO  - Copied code file: verify_dec2_olm_fault_injection.py
2025-12-17 13:29:30,184 - INFO  - Copied code file: train_olm_encoder_improved.py
2025-12-17 13:29:30,185 - INFO  - Copied code file: train_olm_encoder_improved_v2.py
2025-12-17 13:29:30,185 - INFO  - Copied code file: train_olm_encoder_enhanced.py
2025-12-17 13:29:30,185 - INFO  - Copied code file: compare_olm_vs_gray_code.py
2025-12-17 13:29:30,185 - INFO  - Copied code file: test_bit_range_fault_injection.py
2025-12-17 13:29:30,186 - INFO  - Copied code file: train_olm_encoder_partial_bits.py
2025-12-17 13:29:30,186 - INFO  - Copied code file: test_bit7_flip_direction.py
2025-12-17 13:29:30,186 - INFO  - Copied code file: train_olm_encoder_hybrid.py
2025-12-17 13:29:30,186 - INFO  - Copied code file: train_olm_encoder_hybrid_v2.py
2025-12-17 13:29:30,187 - INFO  - Copied code file: test_hybrid_olm_fault_injection.py
2025-12-17 13:29:30,187 - INFO  - Code backup completed. Code saved to: /root/autodl-tmp/retraining-free-quantization/training/resnet18_cifar10_single_gpu_normal_srqat_ls0/code/tools
2025-12-17 13:29:30,187 - INFO  - Copied code file: __init__.py
2025-12-17 13:29:30,187 - INFO  - Copied code file: bsam.py
2025-12-17 13:29:30,188 - INFO  - Copied code file: checkpoint.py
2025-12-17 13:29:30,188 - INFO  - Copied code file: config.py
2025-12-17 13:29:30,188 - INFO  - Copied code file: data_loader.py
2025-12-17 13:29:30,188 - INFO  - Copied code file: dist.py
2025-12-17 13:29:30,188 - INFO  - Copied code file: enhanced_feature_extractor.py
2025-12-17 13:29:30,189 - INFO  - Copied code file: olm_encoder_enhanced.py
2025-12-17 13:29:30,189 - INFO  - Copied code file: gradient_statistics_restorer.py
2025-12-17 13:29:30,190 - INFO  - Copied code file: greedy_search.py
2025-12-17 13:29:30,190 - INFO  - Copied code file: intermediate_layer_restorer.py
2025-12-17 13:29:30,190 - INFO  - Copied code file: intermediate_restorer_integration.py
2025-12-17 13:29:30,190 - INFO  - Copied code file: intermediate_restorer_trainer.py
2025-12-17 13:29:30,190 - INFO  - Copied code file: layerwise_rl_restorer.py
2025-12-17 13:29:30,190 - INFO  - Copied code file: loss_ops.py
2025-12-17 13:29:30,191 - INFO  - Copied code file: lsq_sam.py
2025-12-17 13:29:30,191 - INFO  - Copied code file: model_ema.py
2025-12-17 13:29:30,191 - INFO  - Copied code file: monitor.py
2025-12-17 13:29:30,191 - INFO  - Copied code file: mpq.py
2025-12-17 13:29:30,191 - INFO  - Copied code file: olm_encoder.py
2025-12-17 13:29:30,192 - INFO  - Copied code file: output_corrector.py
2025-12-17 13:29:30,192 - INFO  - Copied code file: progressive_ber_scheduler.py
2025-12-17 13:29:30,192 - INFO  - Copied code file: qat.py
2025-12-17 13:29:30,192 - INFO  - Copied code file: random_search.py
2025-12-17 13:29:30,192 - INFO  - Copied code file: rl_intermediate_layer_restorer.py
2025-12-17 13:29:30,193 - INFO  - Copied code file: rl_intermediate_restorer_integration.py
2025-12-17 13:29:30,193 - INFO  - Copied code file: rl_restorer.py
2025-12-17 13:29:30,193 - INFO  - Copied code file: rl_restorer_integration.py
2025-12-17 13:29:30,193 - INFO  - Copied code file: rl_restorer_lightweight.py
2025-12-17 13:29:30,194 - INFO  - Copied code file: rl_restorer_trainer.py
2025-12-17 13:29:30,194 - INFO  - Copied code file: searcher.py
2025-12-17 13:29:30,194 - INFO  - Copied code file: sensitive_features.py
2025-12-17 13:29:30,195 - INFO  - Copied code file: sensitive_layer_restorer.py
2025-12-17 13:29:30,195 - INFO  - Copied code file: sensitive_restorer.py
2025-12-17 13:29:30,195 - INFO  - Copied code file: sensitive_restorer_transformer.py
2025-12-17 13:29:30,195 - INFO  - Copied code file: sensitive_restorer_v2.py
2025-12-17 13:29:30,196 - INFO  - Copied code file: utils.py
2025-12-17 13:29:30,196 - INFO  - Copied code file: weight_schd.py
2025-12-17 13:29:30,196 - INFO  - Copied code file: learnable_olm.py
2025-12-17 13:29:30,196 - INFO  - Copied code file: integer_inn_encoder.py
2025-12-17 13:29:30,196 - INFO  - Copied code file: search_olm_manager.py
2025-12-17 13:29:30,197 - INFO  - Copied code file: hybrid_olm_optimizer.py
2025-12-17 13:29:30,197 - INFO  - Copied code file: efficient_hybrid_olm_optimizer.py
2025-12-17 13:29:30,197 - INFO  - Copied code file: fault_injector_question.py
2025-12-17 13:29:30,198 - INFO  - Copied code file: fault_injector.py
2025-12-17 13:29:30,198 - INFO  - Copied code file: improved_olm_encoder.py
2025-12-17 13:29:30,198 - INFO  - Copied code file: improved_olm_encoder_v2.py
2025-12-17 13:29:30,199 - INFO  - Copied code file: improved_olm_encoder_genetic.py
2025-12-17 13:29:30,199 - INFO  - Code backup completed. Code saved to: /root/autodl-tmp/retraining-free-quantization/training/resnet18_cifar10_single_gpu_normal_srqat_ls0/code/util
2025-12-17 13:29:30,199 - INFO  - Code backup completed. Code saved to: /root/autodl-tmp/retraining-free-quantization/training/resnet18_cifar10_single_gpu_normal_srqat_ls0/code/visualizations/fault_activation_features_0
2025-12-17 13:29:30,199 - INFO  - Code backup completed. Code saved to: /root/autodl-tmp/retraining-free-quantization/training/resnet18_cifar10_single_gpu_normal_srqat_ls0/code/visualizations/fault_activation_features_0_ber1e1
2025-12-17 13:29:30,199 - INFO  - Code backup completed. Code saved to: /root/autodl-tmp/retraining-free-quantization/training/resnet18_cifar10_single_gpu_normal_srqat_ls0/code/visualizations
2025-12-17 13:29:30,199 - INFO  - Copied code file: main.py
2025-12-17 13:29:30,199 - INFO  - Copied code file: policy.py
2025-12-17 13:29:30,200 - INFO  - Copied code file: compare_scripts.py
2025-12-17 13:29:30,200 - INFO  - Code backup completed. Code saved to: /root/autodl-tmp/retraining-free-quantization/training/resnet18_cifar10_single_gpu_normal_srqat_ls0/code/chat
2025-12-17 13:29:30,200 - INFO  - Copied code file: process_sam.py
2025-12-17 13:29:30,200 - INFO  - Copied code file: process.py
2025-12-17 13:29:30,201 - INFO  - Copied code file: FAULT_INJECTION_SIMPLE_EXAMPLE.py
2025-12-17 13:29:30,201 - INFO  - Copied code file: analyze_bit_width_impact.py
2025-12-17 13:29:30,201 - INFO  - Copied code file: evolution_search.py
2025-12-17 13:29:30,201 - INFO  - Copied code file: analyze_w2a6_real_reason.py
2025-12-17 13:29:30,202 - INFO  - Copied code file: analyze_w2a6_slowdown.py
2025-12-17 13:29:30,202 - INFO  - Copied code file: debug_fault_injection_detailed.py
2025-12-17 13:29:30,202 - INFO  - Copied code file: example_enhanced_features.py
2025-12-17 13:29:30,202 - INFO  - Copied code file: example_rl_restorer.py
2025-12-17 13:29:30,202 - INFO  - Copied code file: example_rl_restorer_integration.py
2025-12-17 13:29:30,203 - INFO  - Copied code file: quick_test_gradient_restorer.py
2025-12-17 13:29:30,203 - INFO  - Copied code file: process_olm_fat.py
2025-12-17 13:29:30,204 - INFO  - Copied code file: process_normal.py
2025-12-17 13:29:30,204 - INFO  - Copied code file: main_normal.py
2025-12-17 13:29:30,204 - INFO  - Copied code file: test_ber_verification.py
2025-12-17 13:29:30,204 - INFO  - Copied code file: test_fault_injection_debug.py
2025-12-17 13:29:30,205 - INFO  - Copied code file: test_fault_injection_seed_logic.py
2025-12-17 13:29:30,205 - INFO  - Copied code file: test_fault_injection_verbose.py
2025-12-17 13:29:30,205 - INFO  - Copied code file: test_gradient_preservation.py
2025-12-17 13:29:30,205 - INFO  - Copied code file: test_json_config_loading.py
2025-12-17 13:29:30,206 - INFO  - Copied code file: main_olm_fat.py
2025-12-17 13:29:30,206 - INFO  - Copied code file: train_rl_restorer_with_enhanced_features.py
2025-12-17 13:29:30,206 - INFO  - Copied code file: train_sensitive_restorer.py
2025-12-17 13:29:30,206 - INFO  - Copied code file: train_sensitive_restorer_distill.py
2025-12-17 13:29:30,207 - INFO  - Code backup completed. Code saved to: /root/autodl-tmp/retraining-free-quantization/training/resnet18_cifar10_single_gpu_normal_srqat_ls0/code
2025-12-17 13:29:30,397 - INFO  - Created `resnet18` model for `cifar10` dataset (num_classes=10)
          Use pre-trained model = False
2025-12-17 13:29:30,397 - INFO  - Inserted quantizers into the original model
2025-12-17 13:29:30,857 - INFO  - [DEBUG] Initializing dataloaders...
2025-12-17 13:29:32,494 - INFO  - [DEBUG] Dataloaders initialized: train=390, val=390, test=79
2025-12-17 13:29:32,502 - INFO  - [DEBUG] Testing model forward with input size 32x32...
2025-12-17 13:29:32,765 - INFO  - [DEBUG] Model forward test completed
2025-12-17 13:29:32,765 - INFO  - [DEBUG] Creating ModelEma...
2025-12-17 13:29:32,955 - INFO  - [DEBUG] ModelEma created
2025-12-17 13:29:32,955 - INFO  - ================================================================================
2025-12-17 13:29:32,955 - INFO  - ⚠️  DISTRIBUTION LOSS DISABLED - This version is for fault tolerance study
2025-12-17 13:29:32,955 - INFO  - ================================================================================
2025-12-17 13:29:32,956 - INFO  - [DEBUG] Printing model structure (this may print quantizer info)...
2025-12-17 13:29:32,958 - INFO  - [DEBUG] Model structure printed
2025-12-17 13:29:32,958 - INFO  - [DEBUG] Switching bit width for model to [6, 5, 4, 3, 2]...
2025-12-17 13:29:32,961 - INFO  - [DEBUG] Model bit width switched
2025-12-17 13:29:32,961 - INFO  - [DEBUG] Switching bit width for EMA model to [6, 5, 4, 3, 2]...
2025-12-17 13:29:32,963 - INFO  - [DEBUG] EMA model bit width switched
2025-12-17 13:29:32,963 - INFO  - ================================================================================
2025-12-17 13:29:32,963 - INFO  - ⚠️  FAULT-AWARE TRAINING (FAT) - DISABLED
2025-12-17 13:29:32,963 - INFO  - ================================================================================
2025-12-17 13:29:32,963 - INFO  -   Reason: fault_aware_training config not found in YAML
2025-12-17 13:29:32,963 - INFO  - ================================================================================
2025-12-17 13:29:32,963 - INFO  - [DEBUG] Creating annealing schedule (train_loader length: 390)...
2025-12-17 13:29:32,963 - INFO  - [DEBUG] Annealing schedule created
2025-12-17 13:29:32,963 - INFO  - [DEBUG] Stepping lr_scheduler...
2025-12-17 13:29:32,963 - INFO  - [DEBUG] lr_scheduler stepped
2025-12-17 13:29:32,963 - INFO  - [DEBUG] Creating freezing annealing schedule...
2025-12-17 13:29:32,963 - INFO  - Start dynamic bit-width training...
2025-12-17 13:29:32,963 - INFO  - [DEBUG] Freezing annealing schedule created
2025-12-17 13:29:32,963 - INFO  - Optimizer: SGD (
           Parameter Group 0
               dampening: 0
               differentiable: False
               foreach: None
               fused: None
               initial_lr: 0.1
               lr: 0.1
               maximize: False
               momentum: 0.9
               nesterov: True
               weight_decay: 0.0001
           
           Parameter Group 1
               dampening: 0
               differentiable: False
               foreach: None
               fused: None
               initial_lr: 0.1
               lr: 0.1
               maximize: False
               momentum: 0.9
               nesterov: True
               weight_decay: 0
           )
2025-12-17 13:29:32,963 - INFO  - Total epoch: 120, Start epoch 0
2025-12-17 13:29:32,963 - INFO  - >>>>>>>> Epoch   0
2025-12-17 13:29:32,963 - INFO  - Training: 50000 samples (128 per mini-batch)
2025-12-17 13:29:33,672 - INFO  - [FAT] Batch 0, Iter 0: FAT is DISABLED, using standard training
2025-12-17 13:29:43,192 - INFO  - Max Training [0][   20/  391]   Loss 4.684350   QE Loss 0.000000   Distribution Loss 0.000000   IDM Loss 0.000000   Top1 13.945312   Top5 52.812500   LR 0.100000   QLR 0.000010   
2025-12-17 13:29:43,192 - INFO  - Mixed 0 Training [0][   20/  391]   Loss 5.312217   QE Loss 0.000000   Distribution Loss -0.088462   IDM Loss 0.000000   Top1 14.062500   Top5 53.750000   LR 0.100000   QLR 0.000010   
2025-12-17 13:29:43,192 - INFO  - Mixed 1 Training [0][   20/  391]   Loss 5.274220   QE Loss 0.000000   Distribution Loss -0.085032   IDM Loss 0.000000   Top1 14.335938   Top5 53.554688   LR 0.100000   QLR 0.000010   
2025-12-17 13:29:43,192 - INFO  - Mixed 2 Training [0][   20/  391]   Loss 5.214154   QE Loss 0.000000   Distribution Loss -0.093492   IDM Loss 0.000000   Top1 14.218750   Top5 53.515625   LR 0.100000   QLR 0.000010   
2025-12-17 13:29:43,195 - INFO  - ===================================================================================================================
2025-12-17 13:29:52,531 - INFO  - Max Training [0][   40/  391]   Loss 3.578133   QE Loss 0.000000   Distribution Loss 0.000000   IDM Loss 0.000000   Top1 15.312500   Top5 54.472656   LR 0.100000   QLR 0.000010   
2025-12-17 13:29:52,531 - INFO  - Mixed 0 Training [0][   40/  391]   Loss 3.907373   QE Loss 0.000000   Distribution Loss -0.072700   IDM Loss 0.000000   Top1 15.839844   Top5 56.914062   LR 0.100000   QLR 0.000010   
2025-12-17 13:29:52,531 - INFO  - Mixed 1 Training [0][   40/  391]   Loss 3.856462   QE Loss 0.000000   Distribution Loss -0.085140   IDM Loss 0.000000   Top1 16.230469   Top5 56.542969   LR 0.100000   QLR 0.000010   
2025-12-17 13:29:52,531 - INFO  - Mixed 2 Training [0][   40/  391]   Loss 3.849540   QE Loss 0.000000   Distribution Loss -0.086759   IDM Loss 0.000000   Top1 16.054688   Top5 57.050781   LR 0.100000   QLR 0.000010   
2025-12-17 13:29:52,533 - INFO  - ===================================================================================================================
2025-12-17 13:30:01,792 - INFO  - Max Training [0][   60/  391]   Loss 3.139851   QE Loss 0.000000   Distribution Loss 0.000000   IDM Loss 0.000000   Top1 15.911458   Top5 55.442708   LR 0.100000   QLR 0.000010   
2025-12-17 13:30:01,793 - INFO  - Mixed 0 Training [0][   60/  391]   Loss 3.332749   QE Loss 0.000000   Distribution Loss -0.077008   IDM Loss 0.000000   Top1 16.927083   Top5 57.838542   LR 0.100000   QLR 0.000010   
2025-12-17 13:30:01,793 - INFO  - Mixed 1 Training [0][   60/  391]   Loss 3.305108   QE Loss 0.000000   Distribution Loss -0.081418   IDM Loss 0.000000   Top1 16.783854   Top5 57.591146   LR 0.100000   QLR 0.000010   
2025-12-17 13:30:01,793 - INFO  - Mixed 2 Training [0][   60/  391]   Loss 3.303928   QE Loss 0.000000   Distribution Loss -0.079158   IDM Loss 0.000000   Top1 16.966146   Top5 58.072917   LR 0.100000   QLR 0.000010   
2025-12-17 13:30:01,795 - INFO  - ===================================================================================================================
2025-12-17 13:30:11,215 - INFO  - Max Training [0][   80/  391]   Loss 2.907826   QE Loss 0.000000   Distribution Loss 0.000000   IDM Loss 0.000000   Top1 16.298828   Top5 56.806641   LR 0.100000   QLR 0.000010   
2025-12-17 13:30:11,215 - INFO  - Mixed 0 Training [0][   80/  391]   Loss 3.028691   QE Loss 0.000000   Distribution Loss -0.080230   IDM Loss 0.000000   Top1 17.431641   Top5 59.208984   LR 0.100000   QLR 0.000010   
2025-12-17 13:30:11,215 - INFO  - Mixed 1 Training [0][   80/  391]   Loss 3.010326   QE Loss 0.000000   Distribution Loss -0.079683   IDM Loss 0.000000   Top1 17.421875   Top5 59.013672   LR 0.100000   QLR 0.000010   
2025-12-17 13:30:11,216 - INFO  - Mixed 2 Training [0][   80/  391]   Loss 3.000735   QE Loss 0.000000   Distribution Loss -0.084716   IDM Loss 0.000000   Top1 17.529297   Top5 59.365234   LR 0.100000   QLR 0.000010   
2025-12-17 13:30:11,217 - INFO  - ===================================================================================================================
2025-12-17 13:30:20,440 - INFO  - Max Training [0][  100/  391]   Loss 2.771024   QE Loss 0.000000   Distribution Loss 0.000000   IDM Loss 0.000000   Top1 16.609375   Top5 57.312500   LR 0.100000   QLR 0.000010   
2025-12-17 13:30:20,440 - INFO  - Mixed 0 Training [0][  100/  391]   Loss 2.853028   QE Loss 0.000000   Distribution Loss -0.079359   IDM Loss 0.000000   Top1 17.656250   Top5 59.632812   LR 0.100000   QLR 0.000010   
2025-12-17 13:30:20,440 - INFO  - Mixed 1 Training [0][  100/  391]   Loss 2.840264   QE Loss 0.000000   Distribution Loss -0.075744   IDM Loss 0.000000   Top1 17.609375   Top5 59.593750   LR 0.100000   QLR 0.000010   
2025-12-17 13:30:20,440 - INFO  - Mixed 2 Training [0][  100/  391]   Loss 2.828490   QE Loss 0.000000   Distribution Loss -0.084053   IDM Loss 0.000000   Top1 17.757812   Top5 59.773438   LR 0.100000   QLR 0.000010   
2025-12-17 13:30:20,442 - INFO  - ===================================================================================================================
2025-12-17 13:30:29,791 - INFO  - Max Training [0][  120/  391]   Loss 2.676030   QE Loss 0.000000   Distribution Loss 0.000000   IDM Loss 0.000000   Top1 16.608073   Top5 57.864583   LR 0.100000   QLR 0.000010   
2025-12-17 13:30:29,791 - INFO  - Mixed 0 Training [0][  120/  391]   Loss 2.728204   QE Loss 0.000000   Distribution Loss -0.079632   IDM Loss 0.000000   Top1 17.838542   Top5 60.195312   LR 0.100000   QLR 0.000010   
2025-12-17 13:30:29,791 - INFO  - Mixed 1 Training [0][  120/  391]   Loss 2.714433   QE Loss 0.000000   Distribution Loss -0.079235   IDM Loss 0.000000   Top1 17.747396   Top5 60.045573   LR 0.100000   QLR 0.000010   
2025-12-17 13:30:29,792 - INFO  - Mixed 2 Training [0][  120/  391]   Loss 2.707202   QE Loss 0.000000   Distribution Loss -0.084360   IDM Loss 0.000000   Top1 17.903646   Top5 60.214844   LR 0.100000   QLR 0.000010   
2025-12-17 13:30:29,793 - INFO  - ===================================================================================================================
2025-12-17 13:30:38,972 - INFO  - Max Training [0][  140/  391]   Loss 2.608561   QE Loss 0.000000   Distribution Loss 0.000000   IDM Loss 0.000000   Top1 16.914062   Top5 58.415179   LR 0.100000   QLR 0.000010   
2025-12-17 13:30:38,973 - INFO  - Mixed 0 Training [0][  140/  391]   Loss 2.639172   QE Loss 0.000000   Distribution Loss -0.079874   IDM Loss 0.000000   Top1 18.130580   Top5 60.664062   LR 0.100000   QLR 0.000010   
2025-12-17 13:30:38,973 - INFO  - Mixed 1 Training [0][  140/  391]   Loss 2.623328   QE Loss 0.000000   Distribution Loss -0.081969   IDM Loss 0.000000   Top1 18.074777   Top5 60.703125   LR 0.100000   QLR 0.000010   
2025-12-17 13:30:38,973 - INFO  - Mixed 2 Training [0][  140/  391]   Loss 2.621753   QE Loss 0.000000   Distribution Loss -0.082326   IDM Loss 0.000000   Top1 18.108259   Top5 60.708705   LR 0.100000   QLR 0.000010   
2025-12-17 13:30:38,975 - INFO  - ===================================================================================================================
2025-12-17 13:30:48,308 - INFO  - Max Training [0][  160/  391]   Loss 2.554365   QE Loss 0.000000   Distribution Loss 0.000000   IDM Loss 0.000000   Top1 17.275391   Top5 59.096680   LR 0.100000   QLR 0.000010   
2025-12-17 13:30:48,308 - INFO  - Mixed 0 Training [0][  160/  391]   Loss 2.570685   QE Loss 0.000000   Distribution Loss -0.079140   IDM Loss 0.000000   Top1 18.471680   Top5 61.279297   LR 0.100000   QLR 0.000010   
2025-12-17 13:30:48,308 - INFO  - Mixed 1 Training [0][  160/  391]   Loss 2.556664   QE Loss 0.000000   Distribution Loss -0.080989   IDM Loss 0.000000   Top1 18.447266   Top5 61.284180   LR 0.100000   QLR 0.000010   
2025-12-17 13:30:48,308 - INFO  - Mixed 2 Training [0][  160/  391]   Loss 2.556190   QE Loss 0.000000   Distribution Loss -0.079815   IDM Loss 0.000000   Top1 18.500977   Top5 61.293945   LR 0.100000   QLR 0.000010   
2025-12-17 13:30:48,311 - INFO  - ===================================================================================================================
2025-12-17 13:30:57,570 - INFO  - Max Training [0][  180/  391]   Loss 2.512105   QE Loss 0.000000   Distribution Loss 0.000000   IDM Loss 0.000000   Top1 17.413194   Top5 59.657118   LR 0.100000   QLR 0.000010   
2025-12-17 13:30:57,571 - INFO  - Mixed 0 Training [0][  180/  391]   Loss 2.518540   QE Loss 0.000000   Distribution Loss -0.077413   IDM Loss 0.000000   Top1 18.654514   Top5 61.853299   LR 0.100000   QLR 0.000010   
2025-12-17 13:30:57,571 - INFO  - Mixed 1 Training [0][  180/  391]   Loss 2.504588   QE Loss 0.000000   Distribution Loss -0.080572   IDM Loss 0.000000   Top1 18.637153   Top5 61.879340   LR 0.100000   QLR 0.000010   
2025-12-17 13:30:57,571 - INFO  - Mixed 2 Training [0][  180/  391]   Loss 2.505040   QE Loss 0.000000   Distribution Loss -0.078809   IDM Loss 0.000000   Top1 18.598090   Top5 61.818576   LR 0.100000   QLR 0.000010   
2025-12-17 13:30:57,573 - INFO  - ===================================================================================================================
2025-12-17 13:31:06,521 - INFO  - Max Training [0][  200/  391]   Loss 2.479993   QE Loss 0.000000   Distribution Loss 0.000000   IDM Loss 0.000000   Top1 17.480469   Top5 60.269531   LR 0.100000   QLR 0.000010   
2025-12-17 13:31:06,521 - INFO  - Mixed 0 Training [0][  200/  391]   Loss 2.476869   QE Loss 0.000000   Distribution Loss -0.079212   IDM Loss 0.000000   Top1 18.746094   Top5 62.371094   LR 0.100000   QLR 0.000010   
2025-12-17 13:31:06,521 - INFO  - Mixed 1 Training [0][  200/  391]   Loss 2.466014   QE Loss 0.000000   Distribution Loss -0.080414   IDM Loss 0.000000   Top1 18.710938   Top5 62.363281   LR 0.100000   QLR 0.000010   
2025-12-17 13:31:06,521 - INFO  - Mixed 2 Training [0][  200/  391]   Loss 2.465273   QE Loss 0.000000   Distribution Loss -0.079577   IDM Loss 0.000000   Top1 18.773438   Top5 62.320312   LR 0.100000   QLR 0.000010   
2025-12-17 13:31:06,523 - INFO  - ===================================================================================================================
2025-12-17 13:31:15,831 - INFO  - Max Training [0][  220/  391]   Loss 2.453832   QE Loss 0.000000   Distribution Loss 0.000000   IDM Loss 0.000000   Top1 17.539062   Top5 60.543324   LR 0.100000   QLR 0.000010   
2025-12-17 13:31:15,831 - INFO  - Mixed 0 Training [0][  220/  391]   Loss 2.443124   QE Loss 0.000000   Distribution Loss -0.080284   IDM Loss 0.000000   Top1 18.742898   Top5 62.457386   LR 0.100000   QLR 0.000010   
2025-12-17 13:31:15,832 - INFO  - Mixed 1 Training [0][  220/  391]   Loss 2.432519   QE Loss 0.000000   Distribution Loss -0.081938   IDM Loss 0.000000   Top1 18.796165   Top5 62.471591   LR 0.100000   QLR 0.000010   
2025-12-17 13:31:15,832 - INFO  - Mixed 2 Training [0][  220/  391]   Loss 2.432013   QE Loss 0.000000   Distribution Loss -0.080774   IDM Loss 0.000000   Top1 18.849432   Top5 62.446733   LR 0.100000   QLR 0.000010   
2025-12-17 13:31:15,834 - INFO  - ===================================================================================================================
2025-12-17 13:31:24,959 - INFO  - Max Training [0][  240/  391]   Loss 2.430107   QE Loss 0.000000   Distribution Loss 0.000000   IDM Loss 0.000000   Top1 17.789714   Top5 60.999349   LR 0.100000   QLR 0.000010   
2025-12-17 13:31:24,959 - INFO  - Mixed 0 Training [0][  240/  391]   Loss 2.412898   QE Loss 0.000000   Distribution Loss -0.080354   IDM Loss 0.000000   Top1 18.902995   Top5 62.711589   LR 0.100000   QLR 0.000010   
2025-12-17 13:31:24,959 - INFO  - Mixed 1 Training [0][  240/  391]   Loss 2.402587   QE Loss 0.000000   Distribution Loss -0.082385   IDM Loss 0.000000   Top1 18.899740   Top5 62.776693   LR 0.100000   QLR 0.000010   
2025-12-17 13:31:24,959 - INFO  - Mixed 2 Training [0][  240/  391]   Loss 2.403096   QE Loss 0.000000   Distribution Loss -0.080782   IDM Loss 0.000000   Top1 18.984375   Top5 62.692057   LR 0.100000   QLR 0.000010   
2025-12-17 13:31:24,962 - INFO  - ===================================================================================================================
2025-12-17 13:31:34,176 - INFO  - Max Training [0][  260/  391]   Loss 2.409046   QE Loss 0.000000   Distribution Loss 0.000000   IDM Loss 0.000000   Top1 18.061899   Top5 61.207933   LR 0.100000   QLR 0.000010   
2025-12-17 13:31:34,177 - INFO  - Mixed 0 Training [0][  260/  391]   Loss 2.387166   QE Loss 0.000000   Distribution Loss -0.079245   IDM Loss 0.000000   Top1 19.110577   Top5 62.791466   LR 0.100000   QLR 0.000010   
2025-12-17 13:31:34,177 - INFO  - Mixed 1 Training [0][  260/  391]   Loss 2.377740   QE Loss 0.000000   Distribution Loss -0.081537   IDM Loss 0.000000   Top1 19.080529   Top5 62.866587   LR 0.100000   QLR 0.000010   
2025-12-17 13:31:34,177 - INFO  - Mixed 2 Training [0][  260/  391]   Loss 2.377246   QE Loss 0.000000   Distribution Loss -0.080697   IDM Loss 0.000000   Top1 19.194712   Top5 62.785457   LR 0.100000   QLR 0.000010   
2025-12-17 13:31:34,179 - INFO  - ===================================================================================================================
2025-12-17 13:31:43,453 - INFO  - Max Training [0][  280/  391]   Loss 2.390339   QE Loss 0.000000   Distribution Loss 0.000000   IDM Loss 0.000000   Top1 18.306362   Top5 61.556920   LR 0.100000   QLR 0.000010   
2025-12-17 13:31:43,453 - INFO  - Mixed 0 Training [0][  280/  391]   Loss 2.365415   QE Loss 0.000000   Distribution Loss -0.079024   IDM Loss 0.000000   Top1 19.277344   Top5 63.007812   LR 0.100000   QLR 0.000010   
2025-12-17 13:31:43,454 - INFO  - Mixed 1 Training [0][  280/  391]   Loss 2.356580   QE Loss 0.000000   Distribution Loss -0.081348   IDM Loss 0.000000   Top1 19.243862   Top5 63.074777   LR 0.100000   QLR 0.000010   
2025-12-17 13:31:43,454 - INFO  - Mixed 2 Training [0][  280/  391]   Loss 2.355077   QE Loss 0.000000   Distribution Loss -0.081246   IDM Loss 0.000000   Top1 19.341518   Top5 63.005022   LR 0.100000   QLR 0.000010   
2025-12-17 13:31:43,456 - INFO  - ===================================================================================================================
2025-12-17 13:31:52,530 - INFO  - Max Training [0][  300/  391]   Loss 2.374062   QE Loss 0.000000   Distribution Loss 0.000000   IDM Loss 0.000000   Top1 18.437500   Top5 61.903646   LR 0.100000   QLR 0.000010   
2025-12-17 13:31:52,530 - INFO  - Mixed 0 Training [0][  300/  391]   Loss 2.344930   QE Loss 0.000000   Distribution Loss -0.079770   IDM Loss 0.000000   Top1 19.393229   Top5 63.278646   LR 0.100000   QLR 0.000010   
2025-12-17 13:31:52,530 - INFO  - Mixed 1 Training [0][  300/  391]   Loss 2.338068   QE Loss 0.000000   Distribution Loss -0.080347   IDM Loss 0.000000   Top1 19.414062   Top5 63.375000   LR 0.100000   QLR 0.000010   
2025-12-17 13:31:52,530 - INFO  - Mixed 2 Training [0][  300/  391]   Loss 2.335941   QE Loss 0.000000   Distribution Loss -0.080927   IDM Loss 0.000000   Top1 19.505208   Top5 63.289062   LR 0.100000   QLR 0.000010   
2025-12-17 13:31:52,532 - INFO  - ===================================================================================================================
2025-12-17 13:32:01,807 - INFO  - Max Training [0][  320/  391]   Loss 2.360031   QE Loss 0.000000   Distribution Loss 0.000000   IDM Loss 0.000000   Top1 18.425293   Top5 62.285156   LR 0.100000   QLR 0.000010   
2025-12-17 13:32:01,808 - INFO  - Mixed 0 Training [0][  320/  391]   Loss 2.328340   QE Loss 0.000000   Distribution Loss -0.079303   IDM Loss 0.000000   Top1 19.384766   Top5 63.566895   LR 0.100000   QLR 0.000010   
2025-12-17 13:32:01,808 - INFO  - Mixed 1 Training [0][  320/  391]   Loss 2.321377   QE Loss 0.000000   Distribution Loss -0.080728   IDM Loss 0.000000   Top1 19.392090   Top5 63.637695   LR 0.100000   QLR 0.000010   
2025-12-17 13:32:01,808 - INFO  - Mixed 2 Training [0][  320/  391]   Loss 2.318496   QE Loss 0.000000   Distribution Loss -0.081613   IDM Loss 0.000000   Top1 19.482422   Top5 63.593750   LR 0.100000   QLR 0.000010   
2025-12-17 13:32:01,809 - INFO  - ===================================================================================================================
2025-12-17 13:32:10,927 - INFO  - Max Training [0][  340/  391]   Loss 2.347058   QE Loss 0.000000   Distribution Loss 0.000000   IDM Loss 0.000000   Top1 18.598346   Top5 62.702206   LR 0.100000   QLR 0.000010   
2025-12-17 13:32:10,928 - INFO  - Mixed 0 Training [0][  340/  391]   Loss 2.312588   QE Loss 0.000000   Distribution Loss -0.078663   IDM Loss 0.000000   Top1 19.538143   Top5 63.933824   LR 0.100000   QLR 0.000010   
2025-12-17 13:32:10,928 - INFO  - Mixed 1 Training [0][  340/  391]   Loss 2.305761   QE Loss 0.000000   Distribution Loss -0.080577   IDM Loss 0.000000   Top1 19.519761   Top5 63.963695   LR 0.100000   QLR 0.000010   
2025-12-17 13:32:10,928 - INFO  - Mixed 2 Training [0][  340/  391]   Loss 2.302980   QE Loss 0.000000   Distribution Loss -0.081335   IDM Loss 0.000000   Top1 19.577206   Top5 63.915441   LR 0.100000   QLR 0.000010   
2025-12-17 13:32:10,930 - INFO  - ===================================================================================================================
2025-12-17 13:32:20,165 - INFO  - Max Training [0][  360/  391]   Loss 2.336279   QE Loss 0.000000   Distribution Loss 0.000000   IDM Loss 0.000000   Top1 18.704427   Top5 62.855903   LR 0.100000   QLR 0.000010   
2025-12-17 13:32:20,165 - INFO  - Mixed 0 Training [0][  360/  391]   Loss 2.299882   QE Loss 0.000000   Distribution Loss -0.078659   IDM Loss 0.000000   Top1 19.574653   Top5 63.930122   LR 0.100000   QLR 0.000010   
2025-12-17 13:32:20,165 - INFO  - Mixed 1 Training [0][  360/  391]   Loss 2.293076   QE Loss 0.000000   Distribution Loss -0.080764   IDM Loss 0.000000   Top1 19.587674   Top5 63.947483   LR 0.100000   QLR 0.000010   
2025-12-17 13:32:20,165 - INFO  - Mixed 2 Training [0][  360/  391]   Loss 2.290891   QE Loss 0.000000   Distribution Loss -0.081018   IDM Loss 0.000000   Top1 19.611545   Top5 63.884549   LR 0.100000   QLR 0.000010   
2025-12-17 13:32:20,167 - INFO  - ===================================================================================================================
2025-12-17 13:32:29,288 - INFO  - Max Training [0][  380/  391]   Loss 2.325638   QE Loss 0.000000   Distribution Loss 0.000000   IDM Loss 0.000000   Top1 18.914474   Top5 63.199013   LR 0.100000   QLR 0.000010   
2025-12-17 13:32:29,288 - INFO  - Mixed 0 Training [0][  380/  391]   Loss 2.286818   QE Loss 0.000000   Distribution Loss -0.078958   IDM Loss 0.000000   Top1 19.745066   Top5 64.126234   LR 0.100000   QLR 0.000010   
2025-12-17 13:32:29,288 - INFO  - Mixed 1 Training [0][  380/  391]   Loss 2.281100   QE Loss 0.000000   Distribution Loss -0.080353   IDM Loss 0.000000   Top1 19.743010   Top5 64.163240   LR 0.100000   QLR 0.000010   
2025-12-17 13:32:29,288 - INFO  - Mixed 2 Training [0][  380/  391]   Loss 2.278812   QE Loss 0.000000   Distribution Loss -0.080714   IDM Loss 0.000000   Top1 19.790296   Top5 64.095395   LR 0.100000   QLR 0.000010   
2025-12-17 13:32:29,290 - INFO  - ===================================================================================================================
2025-12-17 13:32:33,942 - INFO  - ==> Max Top1: 18.998    Top5: 63.321    Loss: 2.320
2025-12-17 13:32:33,942 - INFO  - ==> Mixed 0 Top1: 19.810    Top5: 64.217    Loss: 2.280
2025-12-17 13:32:33,943 - INFO  - ==> Mixed 1 Top1: 19.806    Top5: 64.257    Loss: 2.275
2025-12-17 13:32:33,943 - INFO  - ==> Mixed 2 Top1: 19.852    Top5: 64.189    Loss: 2.273
2025-12-17 13:32:33,943 - INFO  - Epoch   0 Summary - Train Top1: 18.998%  Top5: 63.321%  Loss: 2.3202
2025-12-17 13:32:33,943 - INFO  -   ⏱️  本Epoch耗时: 3分0秒 | 平均Epoch耗时: 3分0秒 | 剩余Epoch数: 119
2025-12-17 13:32:33,944 - INFO  -   📅 预估剩余时间: 5小时58分56秒 | 预估完成时间: 2025-12-17 19:31:30
2025-12-17 13:32:33,946 - INFO  - Scoreboard best 1 ==> Epoch [0][Top1: 0.000   Top5: 0.000]
2025-12-17 13:32:34,671 - INFO  - ([0] Epoch) Saving checkpoint to:
             Current: /root/autodl-tmp/retraining-free-quantization/training/resnet18_cifar10_single_gpu_normal_srqat_ls0/resnet18_cifar10_single_gpu_normal_srqat_ls0_checkpoint.pth.tar

2025-12-17 13:32:34,674 - INFO  - >>>>>>>> Epoch   1
2025-12-17 13:32:34,675 - INFO  - Training: 50000 samples (128 per mini-batch)
2025-12-17 13:32:34,976 - INFO  - [FAT] Batch 0, Iter 0: FAT is DISABLED, using standard training
2025-12-17 13:32:44,165 - INFO  - Max Training [1][   20/  391]   Loss 2.128152   QE Loss 0.000000   Distribution Loss 0.000000   IDM Loss 0.000000   Top1 22.773438   Top5 68.554688   LR 0.099983   QLR 0.000010   
2025-12-17 13:32:44,165 - INFO  - Mixed 0 Training [1][   20/  391]   Loss 2.058313   QE Loss 0.000000   Distribution Loss -0.081542   IDM Loss 0.000000   Top1 21.914062   Top5 67.109375   LR 0.099983   QLR 0.000010   
2025-12-17 13:32:44,165 - INFO  - Mixed 1 Training [1][   20/  391]   Loss 2.071157   QE Loss 0.000000   Distribution Loss -0.071954   IDM Loss 0.000000   Top1 21.718750   Top5 67.382812   LR 0.099983   QLR 0.000010   
2025-12-17 13:32:44,165 - INFO  - Mixed 2 Training [1][   20/  391]   Loss 2.059562   QE Loss 0.000000   Distribution Loss -0.080071   IDM Loss 0.000000   Top1 22.539062   Top5 66.992188   LR 0.099983   QLR 0.000010   
2025-12-17 13:32:44,167 - INFO  - ===================================================================================================================
2025-12-17 13:32:53,253 - INFO  - Max Training [1][   40/  391]   Loss 2.121032   QE Loss 0.000000   Distribution Loss 0.000000   IDM Loss 0.000000   Top1 21.250000   Top5 69.082031   LR 0.099983   QLR 0.000010   
2025-12-17 13:32:53,253 - INFO  - Mixed 0 Training [1][   40/  391]   Loss 2.053990   QE Loss 0.000000   Distribution Loss -0.076567   IDM Loss 0.000000   Top1 20.996094   Top5 67.519531   LR 0.099983   QLR 0.000010   
2025-12-17 13:32:53,253 - INFO  - Mixed 1 Training [1][   40/  391]   Loss 2.071867   QE Loss 0.000000   Distribution Loss -0.060976   IDM Loss 0.000000   Top1 20.976562   Top5 68.105469   LR 0.099983   QLR 0.000010   
2025-12-17 13:32:53,253 - INFO  - Mixed 2 Training [1][   40/  391]   Loss 2.041818   QE Loss 0.000000   Distribution Loss -0.087868   IDM Loss 0.000000   Top1 21.152344   Top5 67.539062   LR 0.099983   QLR 0.000010   
2025-12-17 13:32:53,255 - INFO  - ===================================================================================================================
2025-12-17 13:33:02,609 - INFO  - Max Training [1][   60/  391]   Loss 2.116136   QE Loss 0.000000   Distribution Loss 0.000000   IDM Loss 0.000000   Top1 22.005208   Top5 69.218750   LR 0.099983   QLR 0.000010   
2025-12-17 13:33:02,610 - INFO  - Mixed 0 Training [1][   60/  391]   Loss 2.049746   QE Loss 0.000000   Distribution Loss -0.075206   IDM Loss 0.000000   Top1 21.927083   Top5 67.734375   LR 0.099983   QLR 0.000010   
2025-12-17 13:33:02,610 - INFO  - Mixed 1 Training [1][   60/  391]   Loss 2.058379   QE Loss 0.000000   Distribution Loss -0.066739   IDM Loss 0.000000   Top1 21.809896   Top5 68.164062   LR 0.099983   QLR 0.000010   
2025-12-17 13:33:02,610 - INFO  - Mixed 2 Training [1][   60/  391]   Loss 2.041986   QE Loss 0.000000   Distribution Loss -0.080012   IDM Loss 0.000000   Top1 22.005208   Top5 67.799479   LR 0.099983   QLR 0.000010   
2025-12-17 13:33:02,612 - INFO  - ===================================================================================================================
2025-12-17 13:33:11,747 - INFO  - Max Training [1][   80/  391]   Loss 2.111730   QE Loss 0.000000   Distribution Loss 0.000000   IDM Loss 0.000000   Top1 22.675781   Top5 69.843750   LR 0.099983   QLR 0.000010   
2025-12-17 13:33:11,747 - INFO  - Mixed 0 Training [1][   80/  391]   Loss 2.045601   QE Loss 0.000000   Distribution Loss -0.073126   IDM Loss 0.000000   Top1 22.519531   Top5 68.408203   LR 0.099983   QLR 0.000010   
2025-12-17 13:33:11,748 - INFO  - Mixed 1 Training [1][   80/  391]   Loss 2.051444   QE Loss 0.000000   Distribution Loss -0.068936   IDM Loss 0.000000   Top1 22.441406   Top5 68.554688   LR 0.099983   QLR 0.000010   
2025-12-17 13:33:11,748 - INFO  - Mixed 2 Training [1][   80/  391]   Loss 2.041199   QE Loss 0.000000   Distribution Loss -0.077467   IDM Loss 0.000000   Top1 22.587891   Top5 68.320312   LR 0.099983   QLR 0.000010   
2025-12-17 13:33:11,749 - INFO  - ===================================================================================================================
2025-12-17 13:33:20,999 - INFO  - Max Training [1][  100/  391]   Loss 2.110034   QE Loss 0.000000   Distribution Loss 0.000000   IDM Loss 0.000000   Top1 22.820312   Top5 70.125000   LR 0.099983   QLR 0.000010   
2025-12-17 13:33:20,999 - INFO  - Mixed 0 Training [1][  100/  391]   Loss 2.047183   QE Loss 0.000000   Distribution Loss -0.070710   IDM Loss 0.000000   Top1 22.710938   Top5 68.710938   LR 0.099983   QLR 0.000010   
2025-12-17 13:33:20,999 - INFO  - Mixed 1 Training [1][  100/  391]   Loss 2.047397   QE Loss 0.000000   Distribution Loss -0.071851   IDM Loss 0.000000   Top1 22.625000   Top5 68.843750   LR 0.099983   QLR 0.000010   
2025-12-17 13:33:20,999 - INFO  - Mixed 2 Training [1][  100/  391]   Loss 2.041300   QE Loss 0.000000   Distribution Loss -0.076789   IDM Loss 0.000000   Top1 22.734375   Top5 68.625000   LR 0.099983   QLR 0.000010   
2025-12-17 13:33:21,001 - INFO  - ===================================================================================================================
2025-12-17 13:33:30,220 - INFO  - Max Training [1][  120/  391]   Loss 2.108332   QE Loss 0.000000   Distribution Loss 0.000000   IDM Loss 0.000000   Top1 22.858073   Top5 70.143229   LR 0.099983   QLR 0.000010   
2025-12-17 13:33:30,221 - INFO  - Mixed 0 Training [1][  120/  391]   Loss 2.047179   QE Loss 0.000000   Distribution Loss -0.071046   IDM Loss 0.000000   Top1 22.656250   Top5 68.736979   LR 0.099983   QLR 0.000010   
2025-12-17 13:33:30,221 - INFO  - Mixed 1 Training [1][  120/  391]   Loss 2.044012   QE Loss 0.000000   Distribution Loss -0.075383   IDM Loss 0.000000   Top1 22.578125   Top5 68.808594   LR 0.099983   QLR 0.000010   
2025-12-17 13:33:30,221 - INFO  - Mixed 2 Training [1][  120/  391]   Loss 2.043650   QE Loss 0.000000   Distribution Loss -0.074631   IDM Loss 0.000000   Top1 22.727865   Top5 68.600260   LR 0.099983   QLR 0.000010   
2025-12-17 13:33:30,223 - INFO  - ===================================================================================================================
2025-12-17 13:33:39,853 - INFO  - Max Training [1][  140/  391]   Loss 2.108931   QE Loss 0.000000   Distribution Loss 0.000000   IDM Loss 0.000000   Top1 22.840402   Top5 70.016741   LR 0.099983   QLR 0.000010   
2025-12-17 13:33:39,854 - INFO  - Mixed 0 Training [1][  140/  391]   Loss 2.046527   QE Loss 0.000000   Distribution Loss -0.071714   IDM Loss 0.000000   Top1 22.606027   Top5 68.621652   LR 0.099983   QLR 0.000010   
2025-12-17 13:33:39,854 - INFO  - Mixed 1 Training [1][  140/  391]   Loss 2.043326   QE Loss 0.000000   Distribution Loss -0.075593   IDM Loss 0.000000   Top1 22.583705   Top5 68.632812   LR 0.099983   QLR 0.000010   
2025-12-17 13:33:39,854 - INFO  - Mixed 2 Training [1][  140/  391]   Loss 2.042866   QE Loss 0.000000   Distribution Loss -0.074645   IDM Loss 0.000000   Top1 22.678571   Top5 68.459821   LR 0.099983   QLR 0.000010   
2025-12-17 13:33:39,856 - INFO  - ===================================================================================================================
2025-12-17 13:33:49,176 - INFO  - Max Training [1][  160/  391]   Loss 2.109907   QE Loss 0.000000   Distribution Loss 0.000000   IDM Loss 0.000000   Top1 22.656250   Top5 70.185547   LR 0.099983   QLR 0.000010   
2025-12-17 13:33:49,177 - INFO  - Mixed 0 Training [1][  160/  391]   Loss 2.047270   QE Loss 0.000000   Distribution Loss -0.072400   IDM Loss 0.000000   Top1 22.529297   Top5 68.828125   LR 0.099983   QLR 0.000010   
2025-12-17 13:33:49,177 - INFO  - Mixed 1 Training [1][  160/  391]   Loss 2.046025   QE Loss 0.000000   Distribution Loss -0.074811   IDM Loss 0.000000   Top1 22.504883   Top5 68.769531   LR 0.099983   QLR 0.000010   
2025-12-17 13:33:49,177 - INFO  - Mixed 2 Training [1][  160/  391]   Loss 2.046482   QE Loss 0.000000   Distribution Loss -0.072484   IDM Loss 0.000000   Top1 22.626953   Top5 68.657227   LR 0.099983   QLR 0.000010   
2025-12-17 13:33:49,179 - INFO  - ===================================================================================================================
2025-12-17 13:33:58,322 - INFO  - Max Training [1][  180/  391]   Loss 2.106853   QE Loss 0.000000   Distribution Loss 0.000000   IDM Loss 0.000000   Top1 22.838542   Top5 70.559896   LR 0.099983   QLR 0.000010   
2025-12-17 13:33:58,323 - INFO  - Mixed 0 Training [1][  180/  391]   Loss 2.046862   QE Loss 0.000000   Distribution Loss -0.071277   IDM Loss 0.000000   Top1 22.677951   Top5 69.097222   LR 0.099983   QLR 0.000010   
2025-12-17 13:33:58,323 - INFO  - Mixed 1 Training [1][  180/  391]   Loss 2.044981   QE Loss 0.000000   Distribution Loss -0.074407   IDM Loss 0.000000   Top1 22.595486   Top5 69.023438   LR 0.099983   QLR 0.000010   
2025-12-17 13:33:58,323 - INFO  - Mixed 2 Training [1][  180/  391]   Loss 2.043118   QE Loss 0.000000   Distribution Loss -0.074248   IDM Loss 0.000000   Top1 22.708333   Top5 68.901910   LR 0.099983   QLR 0.000010   
2025-12-17 13:33:58,325 - INFO  - ===================================================================================================================
2025-12-17 13:34:07,592 - INFO  - Max Training [1][  200/  391]   Loss 2.105003   QE Loss 0.000000   Distribution Loss 0.000000   IDM Loss 0.000000   Top1 22.835938   Top5 70.835938   LR 0.099983   QLR 0.000010   
2025-12-17 13:34:07,592 - INFO  - Mixed 0 Training [1][  200/  391]   Loss 2.046227   QE Loss 0.000000   Distribution Loss -0.070826   IDM Loss 0.000000   Top1 22.664062   Top5 69.105469   LR 0.099983   QLR 0.000010   
2025-12-17 13:34:07,593 - INFO  - Mixed 1 Training [1][  200/  391]   Loss 2.042114   QE Loss 0.000000   Distribution Loss -0.076048   IDM Loss 0.000000   Top1 22.621094   Top5 69.046875   LR 0.099983   QLR 0.000010   
2025-12-17 13:34:07,593 - INFO  - Mixed 2 Training [1][  200/  391]   Loss 2.041400   QE Loss 0.000000   Distribution Loss -0.074581   IDM Loss 0.000000   Top1 22.664062   Top5 68.945312   LR 0.099983   QLR 0.000010   
2025-12-17 13:34:07,594 - INFO  - ===================================================================================================================
2025-12-17 13:34:16,784 - INFO  - Max Training [1][  220/  391]   Loss 2.103070   QE Loss 0.000000   Distribution Loss 0.000000   IDM Loss 0.000000   Top1 23.000710   Top5 71.075994   LR 0.099983   QLR 0.000010   
2025-12-17 13:34:16,784 - INFO  - Mixed 0 Training [1][  220/  391]   Loss 2.045342   QE Loss 0.000000   Distribution Loss -0.070558   IDM Loss 0.000000   Top1 22.727273   Top5 69.193892   LR 0.099983   QLR 0.000010   
2025-12-17 13:34:16,784 - INFO  - Mixed 1 Training [1][  220/  391]   Loss 2.040676   QE Loss 0.000000   Distribution Loss -0.076507   IDM Loss 0.000000   Top1 22.723722   Top5 69.151278   LR 0.099983   QLR 0.000010   
2025-12-17 13:34:16,784 - INFO  - Mixed 2 Training [1][  220/  391]   Loss 2.039549   QE Loss 0.000000   Distribution Loss -0.075043   IDM Loss 0.000000   Top1 22.776989   Top5 69.048295   LR 0.099983   QLR 0.000010   
2025-12-17 13:34:16,786 - INFO  - ===================================================================================================================
2025-12-17 13:34:26,029 - INFO  - Max Training [1][  240/  391]   Loss 2.101218   QE Loss 0.000000   Distribution Loss 0.000000   IDM Loss 0.000000   Top1 22.962240   Top5 71.175130   LR 0.099983   QLR 0.000010   
2025-12-17 13:34:26,030 - INFO  - Mixed 0 Training [1][  240/  391]   Loss 2.044025   QE Loss 0.000000   Distribution Loss -0.070728   IDM Loss 0.000000   Top1 22.727865   Top5 69.208984   LR 0.099983   QLR 0.000010   
2025-12-17 13:34:26,030 - INFO  - Mixed 1 Training [1][  240/  391]   Loss 2.039729   QE Loss 0.000000   Distribution Loss -0.077014   IDM Loss 0.000000   Top1 22.708333   Top5 69.173177   LR 0.099983   QLR 0.000010   
2025-12-17 13:34:26,030 - INFO  - Mixed 2 Training [1][  240/  391]   Loss 2.039830   QE Loss 0.000000   Distribution Loss -0.074151   IDM Loss 0.000000   Top1 22.832031   Top5 69.062500   LR 0.099983   QLR 0.000010   
2025-12-17 13:34:26,032 - INFO  - ===================================================================================================================
2025-12-17 13:34:35,100 - INFO  - Max Training [1][  260/  391]   Loss 2.096859   QE Loss 0.000000   Distribution Loss 0.000000   IDM Loss 0.000000   Top1 23.206130   Top5 71.448317   LR 0.099983   QLR 0.000010   
2025-12-17 13:34:35,100 - INFO  - Mixed 0 Training [1][  260/  391]   Loss 2.039476   QE Loss 0.000000   Distribution Loss -0.072068   IDM Loss 0.000000   Top1 22.983774   Top5 69.365986   LR 0.099983   QLR 0.000010   
2025-12-17 13:34:35,101 - INFO  - Mixed 1 Training [1][  260/  391]   Loss 2.036510   QE Loss 0.000000   Distribution Loss -0.076902   IDM Loss 0.000000   Top1 23.025841   Top5 69.353966   LR 0.099983   QLR 0.000010   
2025-12-17 13:34:35,101 - INFO  - Mixed 2 Training [1][  260/  391]   Loss 2.037005   QE Loss 0.000000   Distribution Loss -0.073854   IDM Loss 0.000000   Top1 23.125000   Top5 69.224760   LR 0.099983   QLR 0.000010   
2025-12-17 13:34:35,102 - INFO  - ===================================================================================================================
2025-12-17 13:34:44,287 - INFO  - Max Training [1][  280/  391]   Loss 2.093745   QE Loss 0.000000   Distribution Loss 0.000000   IDM Loss 0.000000   Top1 23.166853   Top5 71.693638   LR 0.099983   QLR 0.000010   
2025-12-17 13:34:44,287 - INFO  - Mixed 0 Training [1][  280/  391]   Loss 2.035722   QE Loss 0.000000   Distribution Loss -0.073004   IDM Loss 0.000000   Top1 23.010603   Top5 69.592634   LR 0.099983   QLR 0.000010   
2025-12-17 13:34:44,288 - INFO  - Mixed 1 Training [1][  280/  391]   Loss 2.033192   QE Loss 0.000000   Distribution Loss -0.077308   IDM Loss 0.000000   Top1 23.030134   Top5 69.570312   LR 0.099983   QLR 0.000010   
2025-12-17 13:34:44,288 - INFO  - Mixed 2 Training [1][  280/  391]   Loss 2.034452   QE Loss 0.000000   Distribution Loss -0.073698   IDM Loss 0.000000   Top1 23.136161   Top5 69.430804   LR 0.099983   QLR 0.000010   
2025-12-17 13:34:44,289 - INFO  - ===================================================================================================================
2025-12-17 13:34:53,578 - INFO  - Max Training [1][  300/  391]   Loss 2.092594   QE Loss 0.000000   Distribution Loss 0.000000   IDM Loss 0.000000   Top1 23.289062   Top5 71.729167   LR 0.099983   QLR 0.000010   
2025-12-17 13:34:53,579 - INFO  - Mixed 0 Training [1][  300/  391]   Loss 2.034519   QE Loss 0.000000   Distribution Loss -0.073354   IDM Loss 0.000000   Top1 23.075521   Top5 69.664062   LR 0.099983   QLR 0.000010   
2025-12-17 13:34:53,579 - INFO  - Mixed 1 Training [1][  300/  391]   Loss 2.032341   QE Loss 0.000000   Distribution Loss -0.077633   IDM Loss 0.000000   Top1 23.088542   Top5 69.588542   LR 0.099983   QLR 0.000010   
2025-12-17 13:34:53,579 - INFO  - Mixed 2 Training [1][  300/  391]   Loss 2.032719   QE Loss 0.000000   Distribution Loss -0.074689   IDM Loss 0.000000   Top1 23.179688   Top5 69.513021   LR 0.099983   QLR 0.000010   
2025-12-17 13:34:53,581 - INFO  - ===================================================================================================================
2025-12-17 13:35:02,716 - INFO  - Max Training [1][  320/  391]   Loss 2.088861   QE Loss 0.000000   Distribution Loss 0.000000   IDM Loss 0.000000   Top1 23.366699   Top5 72.060547   LR 0.099983   QLR 0.000010   
2025-12-17 13:35:02,716 - INFO  - Mixed 0 Training [1][  320/  391]   Loss 2.030640   QE Loss 0.000000   Distribution Loss -0.074224   IDM Loss 0.000000   Top1 23.149414   Top5 69.899902   LR 0.099983   QLR 0.000010   
2025-12-17 13:35:02,716 - INFO  - Mixed 1 Training [1][  320/  391]   Loss 2.030611   QE Loss 0.000000   Distribution Loss -0.076555   IDM Loss 0.000000   Top1 23.120117   Top5 69.838867   LR 0.099983   QLR 0.000010   
2025-12-17 13:35:02,716 - INFO  - Mixed 2 Training [1][  320/  391]   Loss 2.029938   QE Loss 0.000000   Distribution Loss -0.074525   IDM Loss 0.000000   Top1 23.229980   Top5 69.775391   LR 0.099983   QLR 0.000010   
2025-12-17 13:35:02,718 - INFO  - ===================================================================================================================
2025-12-17 13:35:11,980 - INFO  - Max Training [1][  340/  391]   Loss 2.085619   QE Loss 0.000000   Distribution Loss 0.000000   IDM Loss 0.000000   Top1 23.614430   Top5 72.327665   LR 0.099983   QLR 0.000010   
2025-12-17 13:35:11,980 - INFO  - Mixed 0 Training [1][  340/  391]   Loss 2.028361   QE Loss 0.000000   Distribution Loss -0.074333   IDM Loss 0.000000   Top1 23.258272   Top5 69.963235   LR 0.099983   QLR 0.000010   
2025-12-17 13:35:11,980 - INFO  - Mixed 1 Training [1][  340/  391]   Loss 2.029071   QE Loss 0.000000   Distribution Loss -0.075591   IDM Loss 0.000000   Top1 23.239890   Top5 69.951746   LR 0.099983   QLR 0.000010   
2025-12-17 13:35:11,980 - INFO  - Mixed 2 Training [1][  340/  391]   Loss 2.028552   QE Loss 0.000000   Distribution Loss -0.073551   IDM Loss 0.000000   Top1 23.382353   Top5 69.889706   LR 0.099983   QLR 0.000010   
2025-12-17 13:35:11,982 - INFO  - ===================================================================================================================
2025-12-17 13:35:21,189 - INFO  - Max Training [1][  360/  391]   Loss 2.083286   QE Loss 0.000000   Distribution Loss 0.000000   IDM Loss 0.000000   Top1 23.684896   Top5 72.476128   LR 0.099983   QLR 0.000010   
2025-12-17 13:35:21,190 - INFO  - Mixed 0 Training [1][  360/  391]   Loss 2.027438   QE Loss 0.000000   Distribution Loss -0.073820   IDM Loss 0.000000   Top1 23.350694   Top5 70.104167   LR 0.099983   QLR 0.000010   
2025-12-17 13:35:21,190 - INFO  - Mixed 1 Training [1][  360/  391]   Loss 2.026667   QE Loss 0.000000   Distribution Loss -0.076677   IDM Loss 0.000000   Top1 23.296441   Top5 70.108507   LR 0.099983   QLR 0.000010   
2025-12-17 13:35:21,190 - INFO  - Mixed 2 Training [1][  360/  391]   Loss 2.027528   QE Loss 0.000000   Distribution Loss -0.073260   IDM Loss 0.000000   Top1 23.478733   Top5 70.023872   LR 0.099983   QLR 0.000010   
2025-12-17 13:35:21,192 - INFO  - ===================================================================================================================
2025-12-17 13:35:30,470 - INFO  - Max Training [1][  380/  391]   Loss 2.080010   QE Loss 0.000000   Distribution Loss 0.000000   IDM Loss 0.000000   Top1 23.850740   Top5 72.627467   LR 0.099983   QLR 0.000010   
2025-12-17 13:35:30,471 - INFO  - Mixed 0 Training [1][  380/  391]   Loss 2.023984   QE Loss 0.000000   Distribution Loss -0.074865   IDM Loss 0.000000   Top1 23.503289   Top5 70.195312   LR 0.099983   QLR 0.000010   
2025-12-17 13:35:30,471 - INFO  - Mixed 1 Training [1][  380/  391]   Loss 2.024301   QE Loss 0.000000   Distribution Loss -0.076396   IDM Loss 0.000000   Top1 23.456003   Top5 70.222039   LR 0.099983   QLR 0.000010   
2025-12-17 13:35:30,471 - INFO  - Mixed 2 Training [1][  380/  391]   Loss 2.025589   QE Loss 0.000000   Distribution Loss -0.072842   IDM Loss 0.000000   Top1 23.608141   Top5 70.125411   LR 0.099983   QLR 0.000010   
2025-12-17 13:35:30,473 - INFO  - ===================================================================================================================
2025-12-17 13:35:35,163 - INFO  - ==> Max Top1: 23.902    Top5: 72.714    Loss: 2.079
2025-12-17 13:35:35,164 - INFO  - ==> Mixed 0 Top1: 23.556    Top5: 70.244    Loss: 2.023
2025-12-17 13:35:35,164 - INFO  - ==> Mixed 1 Top1: 23.484    Top5: 70.268    Loss: 2.023
2025-12-17 13:35:35,164 - INFO  - ==> Mixed 2 Top1: 23.666    Top5: 70.174    Loss: 2.023
2025-12-17 13:35:35,165 - INFO  - Epoch   1 Summary - Train Top1: 23.902%  Top5: 72.714%  Loss: 2.0786
2025-12-17 13:35:35,165 - INFO  -   ⏱️  本Epoch耗时: 3分0秒 | 平均Epoch耗时: 3分0秒 | 剩余Epoch数: 118
2025-12-17 13:35:35,165 - INFO  -   📅 预估剩余时间: 5小时55分26秒 | 预估完成时间: 2025-12-17 19:31:01
2025-12-17 13:35:35,165 - INFO  - Scoreboard best 1 ==> Epoch [1][Top1: 0.000   Top5: 0.000]
2025-12-17 13:35:35,165 - INFO  - Scoreboard best 2 ==> Epoch [0][Top1: 0.000   Top5: 0.000]
2025-12-17 13:35:35,833 - INFO  - ([1] Epoch) Saving checkpoint to:
             Current: /root/autodl-tmp/retraining-free-quantization/training/resnet18_cifar10_single_gpu_normal_srqat_ls0/resnet18_cifar10_single_gpu_normal_srqat_ls0_checkpoint.pth.tar

2025-12-17 13:35:35,836 - INFO  - >>>>>>>> Epoch   2
2025-12-17 13:35:35,836 - INFO  - Training: 50000 samples (128 per mini-batch)
2025-12-17 13:35:36,166 - INFO  - [FAT] Batch 0, Iter 0: FAT is DISABLED, using standard training
2025-12-17 13:35:45,796 - INFO  - Max Training [2][   20/  391]   Loss 1.992828   QE Loss 0.000000   Distribution Loss 0.000000   IDM Loss 0.000000   Top1 27.851562   Top5 76.757812   LR 0.099931   QLR 0.000010   
2025-12-17 13:35:45,796 - INFO  - Mixed 0 Training [2][   20/  391]   Loss 1.932865   QE Loss 0.000000   Distribution Loss -0.090559   IDM Loss 0.000000   Top1 28.359375   Top5 74.023438   LR 0.099931   QLR 0.000010   
2025-12-17 13:35:45,796 - INFO  - Mixed 1 Training [2][   20/  391]   Loss 1.933687   QE Loss 0.000000   Distribution Loss -0.079442   IDM Loss 0.000000   Top1 28.281250   Top5 74.414062   LR 0.099931   QLR 0.000010   
2025-12-17 13:35:45,796 - INFO  - Mixed 2 Training [2][   20/  391]   Loss 1.955512   QE Loss 0.000000   Distribution Loss -0.060117   IDM Loss 0.000000   Top1 28.125000   Top5 75.117188   LR 0.099931   QLR 0.000010   
2025-12-17 13:35:45,798 - INFO  - ===================================================================================================================
2025-12-17 13:35:55,257 - INFO  - Max Training [2][   40/  391]   Loss 1.992015   QE Loss 0.000000   Distribution Loss 0.000000   IDM Loss 0.000000   Top1 28.203125   Top5 77.734375   LR 0.099931   QLR 0.000010   
2025-12-17 13:35:55,257 - INFO  - Mixed 0 Training [2][   40/  391]   Loss 1.935054   QE Loss 0.000000   Distribution Loss -0.089292   IDM Loss 0.000000   Top1 27.929688   Top5 74.238281   LR 0.099931   QLR 0.000010   
2025-12-17 13:35:55,257 - INFO  - Mixed 1 Training [2][   40/  391]   Loss 1.941689   QE Loss 0.000000   Distribution Loss -0.078602   IDM Loss 0.000000   Top1 27.617188   Top5 74.882812   LR 0.099931   QLR 0.000010   
2025-12-17 13:35:55,257 - INFO  - Mixed 2 Training [2][   40/  391]   Loss 1.956801   QE Loss 0.000000   Distribution Loss -0.066224   IDM Loss 0.000000   Top1 27.539062   Top5 75.019531   LR 0.099931   QLR 0.000010   
2025-12-17 13:35:55,259 - INFO  - ===================================================================================================================
2025-12-17 13:36:04,586 - INFO  - Max Training [2][   60/  391]   Loss 1.989312   QE Loss 0.000000   Distribution Loss 0.000000   IDM Loss 0.000000   Top1 28.125000   Top5 77.916667   LR 0.099931   QLR 0.000010   
2025-12-17 13:36:04,587 - INFO  - Mixed 0 Training [2][   60/  391]   Loss 1.932890   QE Loss 0.000000   Distribution Loss -0.085671   IDM Loss 0.000000   Top1 27.825521   Top5 74.440104   LR 0.099931   QLR 0.000010   
2025-12-17 13:36:04,587 - INFO  - Mixed 1 Training [2][   60/  391]   Loss 1.939556   QE Loss 0.000000   Distribution Loss -0.077989   IDM Loss 0.000000   Top1 27.565104   Top5 74.869792   LR 0.099931   QLR 0.000010   
2025-12-17 13:36:04,587 - INFO  - Mixed 2 Training [2][   60/  391]   Loss 1.952446   QE Loss 0.000000   Distribution Loss -0.066759   IDM Loss 0.000000   Top1 27.669271   Top5 74.804688   LR 0.099931   QLR 0.000010   
2025-12-17 13:36:04,589 - INFO  - ===================================================================================================================
2025-12-17 13:36:13,918 - INFO  - Max Training [2][   80/  391]   Loss 1.993513   QE Loss 0.000000   Distribution Loss 0.000000   IDM Loss 0.000000   Top1 27.636719   Top5 78.242188   LR 0.099931   QLR 0.000010   
2025-12-17 13:36:13,919 - INFO  - Mixed 0 Training [2][   80/  391]   Loss 1.940292   QE Loss 0.000000   Distribution Loss -0.082002   IDM Loss 0.000000   Top1 27.216797   Top5 73.994141   LR 0.099931   QLR 0.000010   
2025-12-17 13:36:13,919 - INFO  - Mixed 1 Training [2][   80/  391]   Loss 1.944295   QE Loss 0.000000   Distribution Loss -0.079006   IDM Loss 0.000000   Top1 26.904297   Top5 74.316406   LR 0.099931   QLR 0.000010   
2025-12-17 13:36:13,919 - INFO  - Mixed 2 Training [2][   80/  391]   Loss 1.959216   QE Loss 0.000000   Distribution Loss -0.066189   IDM Loss 0.000000   Top1 27.080078   Top5 74.345703   LR 0.099931   QLR 0.000010   
2025-12-17 13:36:13,921 - INFO  - ===================================================================================================================
2025-12-17 13:36:23,337 - INFO  - Max Training [2][  100/  391]   Loss 1.998538   QE Loss 0.000000   Distribution Loss 0.000000   IDM Loss 0.000000   Top1 27.531250   Top5 77.968750   LR 0.099931   QLR 0.000010   
2025-12-17 13:36:23,338 - INFO  - Mixed 0 Training [2][  100/  391]   Loss 1.947346   QE Loss 0.000000   Distribution Loss -0.081705   IDM Loss 0.000000   Top1 27.242188   Top5 73.726562   LR 0.099931   QLR 0.000010   
2025-12-17 13:36:23,338 - INFO  - Mixed 1 Training [2][  100/  391]   Loss 1.953975   QE Loss 0.000000   Distribution Loss -0.075683   IDM Loss 0.000000   Top1 26.828125   Top5 74.070312   LR 0.099931   QLR 0.000010   
2025-12-17 13:36:23,338 - INFO  - Mixed 2 Training [2][  100/  391]   Loss 1.964203   QE Loss 0.000000   Distribution Loss -0.067434   IDM Loss 0.000000   Top1 27.078125   Top5 74.085938   LR 0.099931   QLR 0.000010   
2025-12-17 13:36:23,340 - INFO  - ===================================================================================================================
2025-12-17 13:36:32,999 - INFO  - Max Training [2][  120/  391]   Loss 2.000546   QE Loss 0.000000   Distribution Loss 0.000000   IDM Loss 0.000000   Top1 27.226562   Top5 77.903646   LR 0.099931   QLR 0.000010   
2025-12-17 13:36:33,002 - INFO  - Mixed 0 Training [2][  120/  391]   Loss 1.952875   QE Loss 0.000000   Distribution Loss -0.079673   IDM Loss 0.000000   Top1 26.861979   Top5 73.756510   LR 0.099931   QLR 0.000010   
2025-12-17 13:36:33,002 - INFO  - Mixed 1 Training [2][  120/  391]   Loss 1.956011   QE Loss 0.000000   Distribution Loss -0.077610   IDM Loss 0.000000   Top1 26.458333   Top5 73.977865   LR 0.099931   QLR 0.000010   
2025-12-17 13:36:33,002 - INFO  - Mixed 2 Training [2][  120/  391]   Loss 1.962966   QE Loss 0.000000   Distribution Loss -0.071939   IDM Loss 0.000000   Top1 26.679688   Top5 73.964844   LR 0.099931   QLR 0.000010   
2025-12-17 13:36:33,005 - INFO  - ===================================================================================================================
2025-12-17 13:36:42,673 - INFO  - Max Training [2][  140/  391]   Loss 2.001335   QE Loss 0.000000   Distribution Loss 0.000000   IDM Loss 0.000000   Top1 27.321429   Top5 77.795759   LR 0.099931   QLR 0.000010   
2025-12-17 13:36:42,674 - INFO  - Mixed 0 Training [2][  140/  391]   Loss 1.956812   QE Loss 0.000000   Distribution Loss -0.079486   IDM Loss 0.000000   Top1 26.835938   Top5 73.588170   LR 0.099931   QLR 0.000010   
2025-12-17 13:36:42,674 - INFO  - Mixed 1 Training [2][  140/  391]   Loss 1.959387   QE Loss 0.000000   Distribution Loss -0.077474   IDM Loss 0.000000   Top1 26.568080   Top5 73.755580   LR 0.099931   QLR 0.000010   
2025-12-17 13:36:42,674 - INFO  - Mixed 2 Training [2][  140/  391]   Loss 1.963329   QE Loss 0.000000   Distribution Loss -0.073601   IDM Loss 0.000000   Top1 26.702009   Top5 73.889509   LR 0.099931   QLR 0.000010   
2025-12-17 13:36:42,676 - INFO  - ===================================================================================================================
2025-12-17 13:36:52,139 - INFO  - Max Training [2][  160/  391]   Loss 1.997617   QE Loss 0.000000   Distribution Loss 0.000000   IDM Loss 0.000000   Top1 27.436523   Top5 78.125000   LR 0.099931   QLR 0.000010   
2025-12-17 13:36:52,140 - INFO  - Mixed 0 Training [2][  160/  391]   Loss 1.955757   QE Loss 0.000000   Distribution Loss -0.078161   IDM Loss 0.000000   Top1 26.791992   Top5 73.872070   LR 0.099931   QLR 0.000010   
2025-12-17 13:36:52,140 - INFO  - Mixed 1 Training [2][  160/  391]   Loss 1.954749   QE Loss 0.000000   Distribution Loss -0.079126   IDM Loss 0.000000   Top1 26.630859   Top5 74.169922   LR 0.099931   QLR 0.000010   
2025-12-17 13:36:52,140 - INFO  - Mixed 2 Training [2][  160/  391]   Loss 1.959826   QE Loss 0.000000   Distribution Loss -0.074454   IDM Loss 0.000000   Top1 26.650391   Top5 74.160156   LR 0.099931   QLR 0.000010   
2025-12-17 13:36:52,143 - INFO  - ===================================================================================================================
2025-12-17 13:37:01,689 - INFO  - Max Training [2][  180/  391]   Loss 1.993750   QE Loss 0.000000   Distribution Loss 0.000000   IDM Loss 0.000000   Top1 27.491319   Top5 78.437500   LR 0.099931   QLR 0.000010   
2025-12-17 13:37:01,690 - INFO  - Mixed 0 Training [2][  180/  391]   Loss 1.953788   QE Loss 0.000000   Distribution Loss -0.077704   IDM Loss 0.000000   Top1 26.875000   Top5 74.240451   LR 0.099931   QLR 0.000010   
2025-12-17 13:37:01,691 - INFO  - Mixed 1 Training [2][  180/  391]   Loss 1.952005   QE Loss 0.000000   Distribution Loss -0.079208   IDM Loss 0.000000   Top1 26.666667   Top5 74.596354   LR 0.099931   QLR 0.000010   
2025-12-17 13:37:01,691 - INFO  - Mixed 2 Training [2][  180/  391]   Loss 1.955130   QE Loss 0.000000   Distribution Loss -0.076991   IDM Loss 0.000000   Top1 26.679688   Top5 74.505208   LR 0.099931   QLR 0.000010   
2025-12-17 13:37:01,694 - INFO  - ===================================================================================================================
2025-12-17 13:37:11,340 - INFO  - Max Training [2][  200/  391]   Loss 1.989352   QE Loss 0.000000   Distribution Loss 0.000000   IDM Loss 0.000000   Top1 27.785156   Top5 78.699219   LR 0.099931   QLR 0.000010   
2025-12-17 13:37:11,341 - INFO  - Mixed 0 Training [2][  200/  391]   Loss 1.950722   QE Loss 0.000000   Distribution Loss -0.077578   IDM Loss 0.000000   Top1 27.226562   Top5 74.628906   LR 0.099931   QLR 0.000010   
2025-12-17 13:37:11,341 - INFO  - Mixed 1 Training [2][  200/  391]   Loss 1.950428   QE Loss 0.000000   Distribution Loss -0.077414   IDM Loss 0.000000   Top1 26.984375   Top5 74.937500   LR 0.099931   QLR 0.000010   
2025-12-17 13:37:11,341 - INFO  - Mixed 2 Training [2][  200/  391]   Loss 1.951576   QE Loss 0.000000   Distribution Loss -0.076922   IDM Loss 0.000000   Top1 27.000000   Top5 74.886719   LR 0.099931   QLR 0.000010   
2025-12-17 13:37:11,343 - INFO  - ===================================================================================================================
2025-12-17 13:37:20,897 - INFO  - Max Training [2][  220/  391]   Loss 1.989155   QE Loss 0.000000   Distribution Loss 0.000000   IDM Loss 0.000000   Top1 27.855114   Top5 78.792614   LR 0.099931   QLR 0.000010   
2025-12-17 13:37:20,897 - INFO  - Mixed 0 Training [2][  220/  391]   Loss 1.951759   QE Loss 0.000000   Distribution Loss -0.077206   IDM Loss 0.000000   Top1 27.279830   Top5 74.825994   LR 0.099931   QLR 0.000010   
2025-12-17 13:37:20,898 - INFO  - Mixed 1 Training [2][  220/  391]   Loss 1.952528   QE Loss 0.000000   Distribution Loss -0.076761   IDM Loss 0.000000   Top1 27.002841   Top5 75.071023   LR 0.099931   QLR 0.000010   
2025-12-17 13:37:20,898 - INFO  - Mixed 2 Training [2][  220/  391]   Loss 1.953272   QE Loss 0.000000   Distribution Loss -0.075822   IDM Loss 0.000000   Top1 27.088068   Top5 75.028409   LR 0.099931   QLR 0.000010   
2025-12-17 13:37:20,899 - INFO  - ===================================================================================================================
2025-12-17 13:37:30,318 - INFO  - Max Training [2][  240/  391]   Loss 1.988021   QE Loss 0.000000   Distribution Loss 0.000000   IDM Loss 0.000000   Top1 28.033854   Top5 78.743490   LR 0.099931   QLR 0.000010   
2025-12-17 13:37:30,318 - INFO  - Mixed 0 Training [2][  240/  391]   Loss 1.951641   QE Loss 0.000000   Distribution Loss -0.077182   IDM Loss 0.000000   Top1 27.451172   Top5 74.726562   LR 0.099931   QLR 0.000010   
2025-12-17 13:37:30,318 - INFO  - Mixed 1 Training [2][  240/  391]   Loss 1.952877   QE Loss 0.000000   Distribution Loss -0.076248   IDM Loss 0.000000   Top1 27.213542   Top5 74.925130   LR 0.099931   QLR 0.000010   
2025-12-17 13:37:30,318 - INFO  - Mixed 2 Training [2][  240/  391]   Loss 1.954551   QE Loss 0.000000   Distribution Loss -0.074137   IDM Loss 0.000000   Top1 27.255859   Top5 74.921875   LR 0.099931   QLR 0.000010   
2025-12-17 13:37:30,320 - INFO  - ===================================================================================================================
2025-12-17 13:37:39,970 - INFO  - Max Training [2][  260/  391]   Loss 1.984581   QE Loss 0.000000   Distribution Loss 0.000000   IDM Loss 0.000000   Top1 28.085938   Top5 79.110577   LR 0.099931   QLR 0.000010   
2025-12-17 13:37:39,971 - INFO  - Mixed 0 Training [2][  260/  391]   Loss 1.949791   QE Loss 0.000000   Distribution Loss -0.076710   IDM Loss 0.000000   Top1 27.400841   Top5 74.798678   LR 0.099931   QLR 0.000010   
2025-12-17 13:37:39,971 - INFO  - Mixed 1 Training [2][  260/  391]   Loss 1.950140   QE Loss 0.000000   Distribution Loss -0.075791   IDM Loss 0.000000   Top1 27.220553   Top5 75.009014   LR 0.099931   QLR 0.000010   
2025-12-17 13:37:39,971 - INFO  - Mixed 2 Training [2][  260/  391]   Loss 1.950769   QE Loss 0.000000   Distribution Loss -0.075203   IDM Loss 0.000000   Top1 27.301683   Top5 75.042067   LR 0.099931   QLR 0.000010   
2025-12-17 13:37:39,973 - INFO  - ===================================================================================================================
2025-12-17 13:37:49,369 - INFO  - Max Training [2][  280/  391]   Loss 1.980740   QE Loss 0.000000   Distribution Loss 0.000000   IDM Loss 0.000000   Top1 28.203125   Top5 79.302455   LR 0.099931   QLR 0.000010   
2025-12-17 13:37:49,370 - INFO  - Mixed 0 Training [2][  280/  391]   Loss 1.947017   QE Loss 0.000000   Distribution Loss -0.076060   IDM Loss 0.000000   Top1 27.480469   Top5 74.955357   LR 0.099931   QLR 0.000010   
2025-12-17 13:37:49,370 - INFO  - Mixed 1 Training [2][  280/  391]   Loss 1.945892   QE Loss 0.000000   Distribution Loss -0.076489   IDM Loss 0.000000   Top1 27.343750   Top5 75.136719   LR 0.099931   QLR 0.000010   
2025-12-17 13:37:49,370 - INFO  - Mixed 2 Training [2][  280/  391]   Loss 1.947281   QE Loss 0.000000   Distribution Loss -0.075118   IDM Loss 0.000000   Top1 27.458147   Top5 75.159040   LR 0.099931   QLR 0.000010   
2025-12-17 13:37:49,372 - INFO  - ===================================================================================================================
2025-12-17 13:37:59,123 - INFO  - Max Training [2][  300/  391]   Loss 1.975820   QE Loss 0.000000   Distribution Loss 0.000000   IDM Loss 0.000000   Top1 28.458333   Top5 79.419271   LR 0.099931   QLR 0.000010   
2025-12-17 13:37:59,124 - INFO  - Mixed 0 Training [2][  300/  391]   Loss 1.943461   QE Loss 0.000000   Distribution Loss -0.075069   IDM Loss 0.000000   Top1 27.656250   Top5 75.174479   LR 0.099931   QLR 0.000010   
2025-12-17 13:37:59,124 - INFO  - Mixed 1 Training [2][  300/  391]   Loss 1.941504   QE Loss 0.000000   Distribution Loss -0.076811   IDM Loss 0.000000   Top1 27.536458   Top5 75.346354   LR 0.099931   QLR 0.000010   
2025-12-17 13:37:59,124 - INFO  - Mixed 2 Training [2][  300/  391]   Loss 1.942729   QE Loss 0.000000   Distribution Loss -0.075233   IDM Loss 0.000000   Top1 27.638021   Top5 75.356771   LR 0.099931   QLR 0.000010   
2025-12-17 13:37:59,126 - INFO  - ===================================================================================================================
2025-12-17 13:38:08,479 - INFO  - Max Training [2][  320/  391]   Loss 1.971516   QE Loss 0.000000   Distribution Loss 0.000000   IDM Loss 0.000000   Top1 28.693848   Top5 79.516602   LR 0.099931   QLR 0.000010   
2025-12-17 13:38:08,479 - INFO  - Mixed 0 Training [2][  320/  391]   Loss 1.939839   QE Loss 0.000000   Distribution Loss -0.075259   IDM Loss 0.000000   Top1 27.805176   Top5 75.273438   LR 0.099931   QLR 0.000010   
2025-12-17 13:38:08,480 - INFO  - Mixed 1 Training [2][  320/  391]   Loss 1.938593   QE Loss 0.000000   Distribution Loss -0.076059   IDM Loss 0.000000   Top1 27.736816   Top5 75.444336   LR 0.099931   QLR 0.000010   
2025-12-17 13:38:08,480 - INFO  - Mixed 2 Training [2][  320/  391]   Loss 1.938766   QE Loss 0.000000   Distribution Loss -0.075538   IDM Loss 0.000000   Top1 27.827148   Top5 75.439453   LR 0.099931   QLR 0.000010   
2025-12-17 13:38:08,481 - INFO  - ===================================================================================================================
2025-12-17 13:38:18,205 - INFO  - Max Training [2][  340/  391]   Loss 1.968331   QE Loss 0.000000   Distribution Loss 0.000000   IDM Loss 0.000000   Top1 28.897059   Top5 79.731158   LR 0.099931   QLR 0.000010   
2025-12-17 13:38:18,205 - INFO  - Mixed 0 Training [2][  340/  391]   Loss 1.938610   QE Loss 0.000000   Distribution Loss -0.074250   IDM Loss 0.000000   Top1 27.987132   Top5 75.533088   LR 0.099931   QLR 0.000010   
2025-12-17 13:38:18,205 - INFO  - Mixed 1 Training [2][  340/  391]   Loss 1.936796   QE Loss 0.000000   Distribution Loss -0.075340   IDM Loss 0.000000   Top1 27.922794   Top5 75.732996   LR 0.099931   QLR 0.000010   
2025-12-17 13:38:18,205 - INFO  - Mixed 2 Training [2][  340/  391]   Loss 1.937097   QE Loss 0.000000   Distribution Loss -0.075164   IDM Loss 0.000000   Top1 27.975643   Top5 75.693934   LR 0.099931   QLR 0.000010   
2025-12-17 13:38:18,207 - INFO  - ===================================================================================================================
2025-12-17 13:38:27,750 - INFO  - Max Training [2][  360/  391]   Loss 1.966044   QE Loss 0.000000   Distribution Loss 0.000000   IDM Loss 0.000000   Top1 28.908420   Top5 79.826389   LR 0.099931   QLR 0.000010   
2025-12-17 13:38:27,750 - INFO  - Mixed 0 Training [2][  360/  391]   Loss 1.936936   QE Loss 0.000000   Distribution Loss -0.074443   IDM Loss 0.000000   Top1 28.031684   Top5 75.627170   LR 0.099931   QLR 0.000010   
2025-12-17 13:38:27,750 - INFO  - Mixed 1 Training [2][  360/  391]   Loss 1.935389   QE Loss 0.000000   Distribution Loss -0.075794   IDM Loss 0.000000   Top1 27.947049   Top5 75.776910   LR 0.099931   QLR 0.000010   
2025-12-17 13:38:27,750 - INFO  - Mixed 2 Training [2][  360/  391]   Loss 1.934954   QE Loss 0.000000   Distribution Loss -0.075303   IDM Loss 0.000000   Top1 27.988281   Top5 75.774740   LR 0.099931   QLR 0.000010   
2025-12-17 13:38:27,752 - INFO  - ===================================================================================================================
2025-12-17 13:38:37,180 - INFO  - Max Training [2][  380/  391]   Loss 1.963415   QE Loss 0.000000   Distribution Loss 0.000000   IDM Loss 0.000000   Top1 29.048109   Top5 79.858141   LR 0.099931   QLR 0.000010   
2025-12-17 13:38:37,181 - INFO  - Mixed 0 Training [2][  380/  391]   Loss 1.934930   QE Loss 0.000000   Distribution Loss -0.073886   IDM Loss 0.000000   Top1 28.219572   Top5 75.639391   LR 0.099931   QLR 0.000010   
2025-12-17 13:38:37,181 - INFO  - Mixed 1 Training [2][  380/  391]   Loss 1.933053   QE Loss 0.000000   Distribution Loss -0.075580   IDM Loss 0.000000   Top1 28.139391   Top5 75.799753   LR 0.099931   QLR 0.000010   
2025-12-17 13:38:37,181 - INFO  - Mixed 2 Training [2][  380/  391]   Loss 1.932026   QE Loss 0.000000   Distribution Loss -0.076132   IDM Loss 0.000000   Top1 28.149671   Top5 75.785362   LR 0.099931   QLR 0.000010   
2025-12-17 13:38:37,183 - INFO  - ===================================================================================================================
2025-12-17 13:38:41,973 - INFO  - ==> Max Top1: 29.179    Top5: 79.918    Loss: 1.961
2025-12-17 13:38:41,973 - INFO  - ==> Mixed 0 Top1: 28.291    Top5: 75.715    Loss: 1.933
2025-12-17 13:38:41,973 - INFO  - ==> Mixed 1 Top1: 28.219    Top5: 75.877    Loss: 1.931
2025-12-17 13:38:41,973 - INFO  - ==> Mixed 2 Top1: 28.233    Top5: 75.873    Loss: 1.931
2025-12-17 13:38:41,974 - INFO  - Epoch   2 Summary - Train Top1: 29.179%  Top5: 79.918%  Loss: 1.9612
2025-12-17 13:38:41,974 - INFO  -   ⏱️  本Epoch耗时: 3分6秒 | 平均Epoch耗时: 3分2秒 | 剩余Epoch数: 117
2025-12-17 13:38:41,974 - INFO  -   📅 预估剩余时间: 5小时55分56秒 | 预估完成时间: 2025-12-17 19:34:38
2025-12-17 13:38:41,975 - INFO  - Scoreboard best 1 ==> Epoch [2][Top1: 0.000   Top5: 0.000]
2025-12-17 13:38:41,975 - INFO  - Scoreboard best 2 ==> Epoch [1][Top1: 0.000   Top5: 0.000]
2025-12-17 13:38:41,975 - INFO  - Scoreboard best 3 ==> Epoch [0][Top1: 0.000   Top5: 0.000]
2025-12-17 13:38:42,771 - INFO  - ([2] Epoch) Saving checkpoint to:
             Current: /root/autodl-tmp/retraining-free-quantization/training/resnet18_cifar10_single_gpu_normal_srqat_ls0/resnet18_cifar10_single_gpu_normal_srqat_ls0_checkpoint.pth.tar

2025-12-17 13:38:42,774 - INFO  - >>>>>>>> Epoch   3
2025-12-17 13:38:42,775 - INFO  - Training: 50000 samples (128 per mini-batch)
2025-12-17 13:38:43,143 - INFO  - [FAT] Batch 0, Iter 0: FAT is DISABLED, using standard training
2025-12-17 13:38:52,574 - INFO  - Max Training [3][   20/  391]   Loss 1.891781   QE Loss 0.000000   Distribution Loss 0.000000   IDM Loss 0.000000   Top1 33.359375   Top5 82.226562   LR 0.099846   QLR 0.000010   
2025-12-17 13:38:52,575 - INFO  - Mixed 0 Training [3][   20/  391]   Loss 1.874688   QE Loss 0.000000   Distribution Loss -0.090739   IDM Loss 0.000000   Top1 31.992188   Top5 76.328125   LR 0.099846   QLR 0.000010   
2025-12-17 13:38:52,575 - INFO  - Mixed 1 Training [3][   20/  391]   Loss 1.882326   QE Loss 0.000000   Distribution Loss -0.079976   IDM Loss 0.000000   Top1 31.406250   Top5 76.640625   LR 0.099846   QLR 0.000010   
2025-12-17 13:38:52,575 - INFO  - Mixed 2 Training [3][   20/  391]   Loss 1.869754   QE Loss 0.000000   Distribution Loss -0.087182   IDM Loss 0.000000   Top1 31.328125   Top5 76.601562   LR 0.099846   QLR 0.000010   
2025-12-17 13:38:52,578 - INFO  - ===================================================================================================================
2025-12-17 13:39:02,103 - INFO  - Max Training [3][   40/  391]   Loss 1.884447   QE Loss 0.000000   Distribution Loss 0.000000   IDM Loss 0.000000   Top1 33.320312   Top5 83.183594   LR 0.099846   QLR 0.000010   
2025-12-17 13:39:02,103 - INFO  - Mixed 0 Training [3][   40/  391]   Loss 1.868608   QE Loss 0.000000   Distribution Loss -0.087010   IDM Loss 0.000000   Top1 31.796875   Top5 76.679688   LR 0.099846   QLR 0.000010   
2025-12-17 13:39:02,103 - INFO  - Mixed 1 Training [3][   40/  391]   Loss 1.875347   QE Loss 0.000000   Distribution Loss -0.080875   IDM Loss 0.000000   Top1 31.679688   Top5 76.679688   LR 0.099846   QLR 0.000010   
2025-12-17 13:39:02,103 - INFO  - Mixed 2 Training [3][   40/  391]   Loss 1.866767   QE Loss 0.000000   Distribution Loss -0.085212   IDM Loss 0.000000   Top1 31.445312   Top5 76.640625   LR 0.099846   QLR 0.000010   
2025-12-17 13:39:02,106 - INFO  - ===================================================================================================================
2025-12-17 13:39:11,541 - INFO  - Max Training [3][   60/  391]   Loss 1.879098   QE Loss 0.000000   Distribution Loss 0.000000   IDM Loss 0.000000   Top1 32.890625   Top5 83.398438   LR 0.099846   QLR 0.000010   
2025-12-17 13:39:11,542 - INFO  - Mixed 0 Training [3][   60/  391]   Loss 1.868922   QE Loss 0.000000   Distribution Loss -0.082520   IDM Loss 0.000000   Top1 31.067708   Top5 77.343750   LR 0.099846   QLR 0.000010   
2025-12-17 13:39:11,542 - INFO  - Mixed 1 Training [3][   60/  391]   Loss 1.873782   QE Loss 0.000000   Distribution Loss -0.078123   IDM Loss 0.000000   Top1 31.067708   Top5 77.148438   LR 0.099846   QLR 0.000010   
2025-12-17 13:39:11,542 - INFO  - Mixed 2 Training [3][   60/  391]   Loss 1.861066   QE Loss 0.000000   Distribution Loss -0.085950   IDM Loss 0.000000   Top1 31.041667   Top5 77.304688   LR 0.099846   QLR 0.000010   
2025-12-17 13:39:11,544 - INFO  - ===================================================================================================================
2025-12-17 13:39:21,159 - INFO  - Max Training [3][   80/  391]   Loss 1.876420   QE Loss 0.000000   Distribution Loss 0.000000   IDM Loss 0.000000   Top1 33.007812   Top5 83.466797   LR 0.099846   QLR 0.000010   
2025-12-17 13:39:21,160 - INFO  - Mixed 0 Training [3][   80/  391]   Loss 1.871461   QE Loss 0.000000   Distribution Loss -0.080702   IDM Loss 0.000000   Top1 31.083984   Top5 78.027344   LR 0.099846   QLR 0.000010   
2025-12-17 13:39:21,160 - INFO  - Mixed 1 Training [3][   80/  391]   Loss 1.874942   QE Loss 0.000000   Distribution Loss -0.075214   IDM Loss 0.000000   Top1 31.064453   Top5 77.812500   LR 0.099846   QLR 0.000010   
2025-12-17 13:39:21,160 - INFO  - Mixed 2 Training [3][   80/  391]   Loss 1.866142   QE Loss 0.000000   Distribution Loss -0.081848   IDM Loss 0.000000   Top1 31.093750   Top5 78.027344   LR 0.099846   QLR 0.000010   
2025-12-17 13:39:21,162 - INFO  - ===================================================================================================================
2025-12-17 13:39:30,810 - INFO  - Max Training [3][  100/  391]   Loss 1.873332   QE Loss 0.000000   Distribution Loss 0.000000   IDM Loss 0.000000   Top1 32.914062   Top5 83.625000   LR 0.099846   QLR 0.000010   
2025-12-17 13:39:30,810 - INFO  - Mixed 0 Training [3][  100/  391]   Loss 1.865764   QE Loss 0.000000   Distribution Loss -0.082212   IDM Loss 0.000000   Top1 31.156250   Top5 78.179688   LR 0.099846   QLR 0.000010   
2025-12-17 13:39:30,811 - INFO  - Mixed 1 Training [3][  100/  391]   Loss 1.868752   QE Loss 0.000000   Distribution Loss -0.077386   IDM Loss 0.000000   Top1 31.148438   Top5 78.023438   LR 0.099846   QLR 0.000010   
2025-12-17 13:39:30,811 - INFO  - Mixed 2 Training [3][  100/  391]   Loss 1.863513   QE Loss 0.000000   Distribution Loss -0.081921   IDM Loss 0.000000   Top1 31.195312   Top5 78.203125   LR 0.099846   QLR 0.000010   
2025-12-17 13:39:30,814 - INFO  - ===================================================================================================================
2025-12-17 13:39:40,262 - INFO  - Max Training [3][  120/  391]   Loss 1.866675   QE Loss 0.000000   Distribution Loss 0.000000   IDM Loss 0.000000   Top1 33.014323   Top5 83.860677   LR 0.099846   QLR 0.000010   
2025-12-17 13:39:40,262 - INFO  - Mixed 0 Training [3][  120/  391]   Loss 1.862771   QE Loss 0.000000   Distribution Loss -0.078510   IDM Loss 0.000000   Top1 31.191406   Top5 78.632812   LR 0.099846   QLR 0.000010   
2025-12-17 13:39:40,262 - INFO  - Mixed 1 Training [3][  120/  391]   Loss 1.863995   QE Loss 0.000000   Distribution Loss -0.076918   IDM Loss 0.000000   Top1 31.217448   Top5 78.378906   LR 0.099846   QLR 0.000010   
2025-12-17 13:39:40,262 - INFO  - Mixed 2 Training [3][  120/  391]   Loss 1.859554   QE Loss 0.000000   Distribution Loss -0.079988   IDM Loss 0.000000   Top1 31.217448   Top5 78.717448   LR 0.099846   QLR 0.000010   
2025-12-17 13:39:40,264 - INFO  - ===================================================================================================================
2025-12-17 13:39:49,778 - INFO  - Max Training [3][  140/  391]   Loss 1.856230   QE Loss 0.000000   Distribution Loss 0.000000   IDM Loss 0.000000   Top1 33.398438   Top5 83.956473   LR 0.099846   QLR 0.000010   
2025-12-17 13:39:49,779 - INFO  - Mixed 0 Training [3][  140/  391]   Loss 1.852341   QE Loss 0.000000   Distribution Loss -0.078205   IDM Loss 0.000000   Top1 31.646205   Top5 78.889509   LR 0.099846   QLR 0.000010   
2025-12-17 13:39:49,779 - INFO  - Mixed 1 Training [3][  140/  391]   Loss 1.853579   QE Loss 0.000000   Distribution Loss -0.075979   IDM Loss 0.000000   Top1 31.674107   Top5 78.783482   LR 0.099846   QLR 0.000010   
2025-12-17 13:39:49,779 - INFO  - Mixed 2 Training [3][  140/  391]   Loss 1.849297   QE Loss 0.000000   Distribution Loss -0.078818   IDM Loss 0.000000   Top1 31.685268   Top5 79.162946   LR 0.099846   QLR 0.000010   
2025-12-17 13:39:49,781 - INFO  - ===================================================================================================================
2025-12-17 13:39:59,311 - INFO  - Max Training [3][  160/  391]   Loss 1.852252   QE Loss 0.000000   Distribution Loss 0.000000   IDM Loss 0.000000   Top1 33.847656   Top5 83.935547   LR 0.099846   QLR 0.000010   
2025-12-17 13:39:59,311 - INFO  - Mixed 0 Training [3][  160/  391]   Loss 1.850479   QE Loss 0.000000   Distribution Loss -0.079182   IDM Loss 0.000000   Top1 31.855469   Top5 78.945312   LR 0.099846   QLR 0.000010   
2025-12-17 13:39:59,311 - INFO  - Mixed 1 Training [3][  160/  391]   Loss 1.854159   QE Loss 0.000000   Distribution Loss -0.074356   IDM Loss 0.000000   Top1 31.899414   Top5 78.872070   LR 0.099846   QLR 0.000010   
2025-12-17 13:39:59,311 - INFO  - Mixed 2 Training [3][  160/  391]   Loss 1.845909   QE Loss 0.000000   Distribution Loss -0.079690   IDM Loss 0.000000   Top1 31.894531   Top5 79.223633   LR 0.099846   QLR 0.000010   
2025-12-17 13:39:59,314 - INFO  - ===================================================================================================================
2025-12-17 13:40:09,074 - INFO  - Max Training [3][  180/  391]   Loss 1.854444   QE Loss 0.000000   Distribution Loss 0.000000   IDM Loss 0.000000   Top1 33.867188   Top5 83.880208   LR 0.099846   QLR 0.000010   
2025-12-17 13:40:09,075 - INFO  - Mixed 0 Training [3][  180/  391]   Loss 1.851890   QE Loss 0.000000   Distribution Loss -0.079696   IDM Loss 0.000000   Top1 31.805556   Top5 78.940972   LR 0.099846   QLR 0.000010   
2025-12-17 13:40:09,075 - INFO  - Mixed 1 Training [3][  180/  391]   Loss 1.856983   QE Loss 0.000000   Distribution Loss -0.073726   IDM Loss 0.000000   Top1 31.892361   Top5 78.823785   LR 0.099846   QLR 0.000010   
2025-12-17 13:40:09,075 - INFO  - Mixed 2 Training [3][  180/  391]   Loss 1.849658   QE Loss 0.000000   Distribution Loss -0.078673   IDM Loss 0.000000   Top1 31.840278   Top5 79.110243   LR 0.099846   QLR 0.000010   
2025-12-17 13:40:09,077 - INFO  - ===================================================================================================================
2025-12-17 13:40:18,880 - INFO  - Max Training [3][  200/  391]   Loss 1.852494   QE Loss 0.000000   Distribution Loss 0.000000   IDM Loss 0.000000   Top1 33.898438   Top5 83.703125   LR 0.099846   QLR 0.000010   
2025-12-17 13:40:18,880 - INFO  - Mixed 0 Training [3][  200/  391]   Loss 1.851249   QE Loss 0.000000   Distribution Loss -0.078703   IDM Loss 0.000000   Top1 31.699219   Top5 78.832031   LR 0.099846   QLR 0.000010   
2025-12-17 13:40:18,880 - INFO  - Mixed 1 Training [3][  200/  391]   Loss 1.853539   QE Loss 0.000000   Distribution Loss -0.075218   IDM Loss 0.000000   Top1 31.832031   Top5 78.746094   LR 0.099846   QLR 0.000010   
2025-12-17 13:40:18,880 - INFO  - Mixed 2 Training [3][  200/  391]   Loss 1.849562   QE Loss 0.000000   Distribution Loss -0.077827   IDM Loss 0.000000   Top1 31.742188   Top5 79.062500   LR 0.099846   QLR 0.000010   
2025-12-17 13:40:18,882 - INFO  - ===================================================================================================================
2025-12-17 13:40:28,603 - INFO  - Max Training [3][  220/  391]   Loss 1.849513   QE Loss 0.000000   Distribution Loss 0.000000   IDM Loss 0.000000   Top1 34.005682   Top5 83.856534   LR 0.099846   QLR 0.000010   
2025-12-17 13:40:28,604 - INFO  - Mixed 0 Training [3][  220/  391]   Loss 1.848164   QE Loss 0.000000   Distribution Loss -0.078527   IDM Loss 0.000000   Top1 31.875000   Top5 79.165483   LR 0.099846   QLR 0.000010   
2025-12-17 13:40:28,604 - INFO  - Mixed 1 Training [3][  220/  391]   Loss 1.849720   QE Loss 0.000000   Distribution Loss -0.076437   IDM Loss 0.000000   Top1 31.921165   Top5 79.044744   LR 0.099846   QLR 0.000010   
2025-12-17 13:40:28,604 - INFO  - Mixed 2 Training [3][  220/  391]   Loss 1.846700   QE Loss 0.000000   Distribution Loss -0.078322   IDM Loss 0.000000   Top1 31.867898   Top5 79.282670   LR 0.099846   QLR 0.000010   
2025-12-17 13:40:28,606 - INFO  - ===================================================================================================================
2025-12-17 13:40:38,058 - INFO  - Max Training [3][  240/  391]   Loss 1.846065   QE Loss 0.000000   Distribution Loss 0.000000   IDM Loss 0.000000   Top1 34.147135   Top5 83.824870   LR 0.099846   QLR 0.000010   
2025-12-17 13:40:38,059 - INFO  - Mixed 0 Training [3][  240/  391]   Loss 1.845510   QE Loss 0.000000   Distribution Loss -0.078338   IDM Loss 0.000000   Top1 31.881510   Top5 79.225260   LR 0.099846   QLR 0.000010   
2025-12-17 13:40:38,059 - INFO  - Mixed 1 Training [3][  240/  391]   Loss 1.845519   QE Loss 0.000000   Distribution Loss -0.077123   IDM Loss 0.000000   Top1 31.949870   Top5 79.156901   LR 0.099846   QLR 0.000010   
2025-12-17 13:40:38,059 - INFO  - Mixed 2 Training [3][  240/  391]   Loss 1.842091   QE Loss 0.000000   Distribution Loss -0.079688   IDM Loss 0.000000   Top1 31.888021   Top5 79.322917   LR 0.099846   QLR 0.000010   
2025-12-17 13:40:38,060 - INFO  - ===================================================================================================================
2025-12-17 13:40:47,573 - INFO  - Max Training [3][  260/  391]   Loss 1.843106   QE Loss 0.000000   Distribution Loss 0.000000   IDM Loss 0.000000   Top1 34.248798   Top5 83.897236   LR 0.099846   QLR 0.000010   
2025-12-17 13:40:47,574 - INFO  - Mixed 0 Training [3][  260/  391]   Loss 1.842794   QE Loss 0.000000   Distribution Loss -0.078113   IDM Loss 0.000000   Top1 32.016226   Top5 79.456130   LR 0.099846   QLR 0.000010   
2025-12-17 13:40:47,574 - INFO  - Mixed 1 Training [3][  260/  391]   Loss 1.843590   QE Loss 0.000000   Distribution Loss -0.075653   IDM Loss 0.000000   Top1 32.118389   Top5 79.390024   LR 0.099846   QLR 0.000010   
2025-12-17 13:40:47,574 - INFO  - Mixed 2 Training [3][  260/  391]   Loss 1.840035   QE Loss 0.000000   Distribution Loss -0.079284   IDM Loss 0.000000   Top1 32.004207   Top5 79.483173   LR 0.099846   QLR 0.000010   
2025-12-17 13:40:47,576 - INFO  - ===================================================================================================================
2025-12-17 13:40:57,101 - INFO  - Max Training [3][  280/  391]   Loss 1.838471   QE Loss 0.000000   Distribution Loss 0.000000   IDM Loss 0.000000   Top1 34.363839   Top5 84.048549   LR 0.099846   QLR 0.000010   
2025-12-17 13:40:57,102 - INFO  - Mixed 0 Training [3][  280/  391]   Loss 1.838146   QE Loss 0.000000   Distribution Loss -0.078799   IDM Loss 0.000000   Top1 32.151228   Top5 79.665179   LR 0.099846   QLR 0.000010   
2025-12-17 13:40:57,102 - INFO  - Mixed 1 Training [3][  280/  391]   Loss 1.840195   QE Loss 0.000000   Distribution Loss -0.075543   IDM Loss 0.000000   Top1 32.260045   Top5 79.575893   LR 0.099846   QLR 0.000010   
2025-12-17 13:40:57,102 - INFO  - Mixed 2 Training [3][  280/  391]   Loss 1.835461   QE Loss 0.000000   Distribution Loss -0.080215   IDM Loss 0.000000   Top1 32.148438   Top5 79.684710   LR 0.099846   QLR 0.000010   
2025-12-17 13:40:57,104 - INFO  - ===================================================================================================================
2025-12-17 13:41:06,533 - INFO  - Max Training [3][  300/  391]   Loss 1.833286   QE Loss 0.000000   Distribution Loss 0.000000   IDM Loss 0.000000   Top1 34.528646   Top5 84.174479   LR 0.099846   QLR 0.000010   
2025-12-17 13:41:06,533 - INFO  - Mixed 0 Training [3][  300/  391]   Loss 1.833877   QE Loss 0.000000   Distribution Loss -0.078294   IDM Loss 0.000000   Top1 32.309896   Top5 79.807292   LR 0.099846   QLR 0.000010   
2025-12-17 13:41:06,534 - INFO  - Mixed 1 Training [3][  300/  391]   Loss 1.835630   QE Loss 0.000000   Distribution Loss -0.075338   IDM Loss 0.000000   Top1 32.398438   Top5 79.674479   LR 0.099846   QLR 0.000010   
2025-12-17 13:41:06,534 - INFO  - Mixed 2 Training [3][  300/  391]   Loss 1.830412   QE Loss 0.000000   Distribution Loss -0.080409   IDM Loss 0.000000   Top1 32.330729   Top5 79.825521   LR 0.099846   QLR 0.000010   
2025-12-17 13:41:06,536 - INFO  - ===================================================================================================================
2025-12-17 13:41:16,060 - INFO  - Max Training [3][  320/  391]   Loss 1.829637   QE Loss 0.000000   Distribution Loss 0.000000   IDM Loss 0.000000   Top1 34.611816   Top5 84.221191   LR 0.099846   QLR 0.000010   
2025-12-17 13:41:16,061 - INFO  - Mixed 0 Training [3][  320/  391]   Loss 1.830281   QE Loss 0.000000   Distribution Loss -0.078854   IDM Loss 0.000000   Top1 32.487793   Top5 79.858398   LR 0.099846   QLR 0.000010   
2025-12-17 13:41:16,061 - INFO  - Mixed 1 Training [3][  320/  391]   Loss 1.833149   QE Loss 0.000000   Distribution Loss -0.074942   IDM Loss 0.000000   Top1 32.556152   Top5 79.719238   LR 0.099846   QLR 0.000010   
2025-12-17 13:41:16,061 - INFO  - Mixed 2 Training [3][  320/  391]   Loss 1.829289   QE Loss 0.000000   Distribution Loss -0.078478   IDM Loss 0.000000   Top1 32.448730   Top5 79.855957   LR 0.099846   QLR 0.000010   
2025-12-17 13:41:16,063 - INFO  - ===================================================================================================================
2025-12-17 13:41:25,509 - INFO  - Max Training [3][  340/  391]   Loss 1.826217   QE Loss 0.000000   Distribution Loss 0.000000   IDM Loss 0.000000   Top1 34.806985   Top5 84.349724   LR 0.099846   QLR 0.000010   
2025-12-17 13:41:25,510 - INFO  - Mixed 0 Training [3][  340/  391]   Loss 1.828324   QE Loss 0.000000   Distribution Loss -0.078680   IDM Loss 0.000000   Top1 32.594210   Top5 80.022978   LR 0.099846   QLR 0.000010   
2025-12-17 13:41:25,510 - INFO  - Mixed 1 Training [3][  340/  391]   Loss 1.830673   QE Loss 0.000000   Distribution Loss -0.075132   IDM Loss 0.000000   Top1 32.642463   Top5 79.882812   LR 0.099846   QLR 0.000010   
2025-12-17 13:41:25,510 - INFO  - Mixed 2 Training [3][  340/  391]   Loss 1.826300   QE Loss 0.000000   Distribution Loss -0.078964   IDM Loss 0.000000   Top1 32.518382   Top5 80.018382   LR 0.099846   QLR 0.000010   
2025-12-17 13:41:25,512 - INFO  - ===================================================================================================================
2025-12-17 13:41:34,980 - INFO  - Max Training [3][  360/  391]   Loss 1.824049   QE Loss 0.000000   Distribution Loss 0.000000   IDM Loss 0.000000   Top1 34.973958   Top5 84.314236   LR 0.099846   QLR 0.000010   
2025-12-17 13:41:34,981 - INFO  - Mixed 0 Training [3][  360/  391]   Loss 1.826024   QE Loss 0.000000   Distribution Loss -0.079170   IDM Loss 0.000000   Top1 32.701823   Top5 79.965278   LR 0.099846   QLR 0.000010   
2025-12-17 13:41:34,981 - INFO  - Mixed 1 Training [3][  360/  391]   Loss 1.830275   QE Loss 0.000000   Distribution Loss -0.074143   IDM Loss 0.000000   Top1 32.799479   Top5 79.856771   LR 0.099846   QLR 0.000010   
2025-12-17 13:41:34,981 - INFO  - Mixed 2 Training [3][  360/  391]   Loss 1.825903   QE Loss 0.000000   Distribution Loss -0.078387   IDM Loss 0.000000   Top1 32.617188   Top5 79.941406   LR 0.099846   QLR 0.000010   
2025-12-17 13:41:34,983 - INFO  - ===================================================================================================================
2025-12-17 13:41:44,448 - INFO  - Max Training [3][  380/  391]   Loss 1.831683   QE Loss 0.000000   Distribution Loss 0.000000   IDM Loss 0.000000   Top1 34.862253   Top5 84.163240   LR 0.099846   QLR 0.000010   
2025-12-17 13:41:44,448 - INFO  - Mixed 0 Training [3][  380/  391]   Loss 1.833905   QE Loss 0.000000   Distribution Loss -0.079535   IDM Loss 0.000000   Top1 32.559622   Top5 79.765625   LR 0.099846   QLR 0.000010   
2025-12-17 13:41:44,448 - INFO  - Mixed 1 Training [3][  380/  391]   Loss 1.838508   QE Loss 0.000000   Distribution Loss -0.074378   IDM Loss 0.000000   Top1 32.648026   Top5 79.668997   LR 0.099846   QLR 0.000010   
2025-12-17 13:41:44,448 - INFO  - Mixed 2 Training [3][  380/  391]   Loss 1.833362   QE Loss 0.000000   Distribution Loss -0.078087   IDM Loss 0.000000   Top1 32.504112   Top5 79.773849   LR 0.099846   QLR 0.000010   
2025-12-17 13:41:44,451 - INFO  - ===================================================================================================================
2025-12-17 13:41:49,973 - INFO  - ==> Max Top1: 34.834    Top5: 84.071    Loss: 1.834
2025-12-17 13:41:49,974 - INFO  - ==> Mixed 0 Top1: 32.574    Top5: 79.768    Loss: 1.836
2025-12-17 13:41:49,974 - INFO  - ==> Mixed 1 Top1: 32.642    Top5: 79.665    Loss: 1.841
2025-12-17 13:41:49,974 - INFO  - ==> Mixed 2 Top1: 32.512    Top5: 79.752    Loss: 1.836
2025-12-17 13:41:49,975 - INFO  - Epoch   3 Summary - Train Top1: 34.834%  Top5: 84.071%  Loss: 1.8337
2025-12-17 13:41:49,975 - INFO  -   ⏱️  本Epoch耗时: 3分7秒 | 平均Epoch耗时: 3分3秒 | 剩余Epoch数: 116
2025-12-17 13:41:49,975 - INFO  -   📅 预估剩余时间: 5小时55分9秒 | 预估完成时间: 2025-12-17 19:36:59
2025-12-17 13:41:49,975 - INFO  - Scoreboard best 1 ==> Epoch [3][Top1: 0.000   Top5: 0.000]
2025-12-17 13:41:49,976 - INFO  - Scoreboard best 2 ==> Epoch [2][Top1: 0.000   Top5: 0.000]
2025-12-17 13:41:49,976 - INFO  - Scoreboard best 3 ==> Epoch [1][Top1: 0.000   Top5: 0.000]
2025-12-17 13:41:50,647 - INFO  - ([3] Epoch) Saving checkpoint to:
             Current: /root/autodl-tmp/retraining-free-quantization/training/resnet18_cifar10_single_gpu_normal_srqat_ls0/resnet18_cifar10_single_gpu_normal_srqat_ls0_checkpoint.pth.tar

2025-12-17 13:41:50,651 - INFO  - >>>>>>>> Epoch   4
2025-12-17 13:41:50,651 - INFO  - Training: 50000 samples (128 per mini-batch)
2025-12-17 13:41:50,997 - INFO  - [FAT] Batch 0, Iter 0: FAT is DISABLED, using standard training
2025-12-17 13:42:00,431 - INFO  - Max Training [4][   20/  391]   Loss 1.888326   QE Loss 0.000000   Distribution Loss 0.000000   IDM Loss 0.000000   Top1 30.078125   Top5 83.398438   LR 0.099726   QLR 0.000010   
2025-12-17 13:42:00,431 - INFO  - Mixed 0 Training [4][   20/  391]   Loss 1.883138   QE Loss 0.000000   Distribution Loss -0.076112   IDM Loss 0.000000   Top1 28.984375   Top5 79.296875   LR 0.099726   QLR 0.000010   
2025-12-17 13:42:00,431 - INFO  - Mixed 1 Training [4][   20/  391]   Loss 1.885554   QE Loss 0.000000   Distribution Loss -0.078565   IDM Loss 0.000000   Top1 28.671875   Top5 80.078125   LR 0.099726   QLR 0.000010   
2025-12-17 13:42:00,431 - INFO  - Mixed 2 Training [4][   20/  391]   Loss 1.893449   QE Loss 0.000000   Distribution Loss -0.075249   IDM Loss 0.000000   Top1 29.296875   Top5 79.335938   LR 0.099726   QLR 0.000010   
2025-12-17 13:42:00,433 - INFO  - ===================================================================================================================
2025-12-17 13:42:09,851 - INFO  - Max Training [4][   40/  391]   Loss 1.870335   QE Loss 0.000000   Distribution Loss 0.000000   IDM Loss 0.000000   Top1 31.132812   Top5 83.261719   LR 0.099726   QLR 0.000010   
2025-12-17 13:42:09,852 - INFO  - Mixed 0 Training [4][   40/  391]   Loss 1.864843   QE Loss 0.000000   Distribution Loss -0.083380   IDM Loss 0.000000   Top1 29.921875   Top5 80.039062   LR 0.099726   QLR 0.000010   
2025-12-17 13:42:09,852 - INFO  - Mixed 1 Training [4][   40/  391]   Loss 1.874791   QE Loss 0.000000   Distribution Loss -0.075597   IDM Loss 0.000000   Top1 30.000000   Top5 80.468750   LR 0.099726   QLR 0.000010   
2025-12-17 13:42:09,852 - INFO  - Mixed 2 Training [4][   40/  391]   Loss 1.869187   QE Loss 0.000000   Distribution Loss -0.077618   IDM Loss 0.000000   Top1 30.371094   Top5 80.039062   LR 0.099726   QLR 0.000010   
2025-12-17 13:42:09,854 - INFO  - ===================================================================================================================
2025-12-17 13:42:19,457 - INFO  - Max Training [4][   60/  391]   Loss 1.845213   QE Loss 0.000000   Distribution Loss 0.000000   IDM Loss 0.000000   Top1 33.007812   Top5 83.815104   LR 0.099726   QLR 0.000010   
2025-12-17 13:42:19,457 - INFO  - Mixed 0 Training [4][   60/  391]   Loss 1.843665   QE Loss 0.000000   Distribution Loss -0.088256   IDM Loss 0.000000   Top1 31.093750   Top5 80.065104   LR 0.099726   QLR 0.000010   
2025-12-17 13:42:19,457 - INFO  - Mixed 1 Training [4][   60/  391]   Loss 1.855432   QE Loss 0.000000   Distribution Loss -0.077761   IDM Loss 0.000000   Top1 31.106771   Top5 80.221354   LR 0.099726   QLR 0.000010   
2025-12-17 13:42:19,457 - INFO  - Mixed 2 Training [4][   60/  391]   Loss 1.849619   QE Loss 0.000000   Distribution Loss -0.078703   IDM Loss 0.000000   Top1 31.614583   Top5 80.143229   LR 0.099726   QLR 0.000010   
2025-12-17 13:42:19,460 - INFO  - ===================================================================================================================
2025-12-17 13:42:28,924 - INFO  - Max Training [4][   80/  391]   Loss 1.841755   QE Loss 0.000000   Distribution Loss 0.000000   IDM Loss 0.000000   Top1 34.042969   Top5 83.906250   LR 0.099726   QLR 0.000010   
2025-12-17 13:42:28,925 - INFO  - Mixed 0 Training [4][   80/  391]   Loss 1.847762   QE Loss 0.000000   Distribution Loss -0.086366   IDM Loss 0.000000   Top1 32.080078   Top5 80.175781   LR 0.099726   QLR 0.000010   
2025-12-17 13:42:28,925 - INFO  - Mixed 1 Training [4][   80/  391]   Loss 1.866004   QE Loss 0.000000   Distribution Loss -0.076905   IDM Loss 0.000000   Top1 32.109375   Top5 80.000000   LR 0.099726   QLR 0.000010   
2025-12-17 13:42:28,925 - INFO  - Mixed 2 Training [4][   80/  391]   Loss 1.856696   QE Loss 0.000000   Distribution Loss -0.077198   IDM Loss 0.000000   Top1 32.460938   Top5 80.224609   LR 0.099726   QLR 0.000010   
2025-12-17 13:42:28,927 - INFO  - ===================================================================================================================
2025-12-17 13:42:38,571 - INFO  - Max Training [4][  100/  391]   Loss 1.826177   QE Loss 0.000000   Distribution Loss 0.000000   IDM Loss 0.000000   Top1 34.742188   Top5 84.039062   LR 0.099726   QLR 0.000010   
2025-12-17 13:42:38,571 - INFO  - Mixed 0 Training [4][  100/  391]   Loss 1.831972   QE Loss 0.000000   Distribution Loss -0.086109   IDM Loss 0.000000   Top1 32.843750   Top5 80.148438   LR 0.099726   QLR 0.000010   
2025-12-17 13:42:38,571 - INFO  - Mixed 1 Training [4][  100/  391]   Loss 1.847680   QE Loss 0.000000   Distribution Loss -0.080709   IDM Loss 0.000000   Top1 32.765625   Top5 80.000000   LR 0.099726   QLR 0.000010   
2025-12-17 13:42:38,571 - INFO  - Mixed 2 Training [4][  100/  391]   Loss 1.845931   QE Loss 0.000000   Distribution Loss -0.075013   IDM Loss 0.000000   Top1 33.132812   Top5 79.937500   LR 0.099726   QLR 0.000010   
2025-12-17 13:42:38,573 - INFO  - ===================================================================================================================
2025-12-17 13:42:48,054 - INFO  - Max Training [4][  120/  391]   Loss 1.824037   QE Loss 0.000000   Distribution Loss 0.000000   IDM Loss 0.000000   Top1 35.019531   Top5 84.127604   LR 0.099726   QLR 0.000010   
2025-12-17 13:42:48,055 - INFO  - Mixed 0 Training [4][  120/  391]   Loss 1.837462   QE Loss 0.000000   Distribution Loss -0.084400   IDM Loss 0.000000   Top1 33.020833   Top5 80.214844   LR 0.099726   QLR 0.000010   
2025-12-17 13:42:48,055 - INFO  - Mixed 1 Training [4][  120/  391]   Loss 1.845425   QE Loss 0.000000   Distribution Loss -0.081660   IDM Loss 0.000000   Top1 33.033854   Top5 80.032552   LR 0.099726   QLR 0.000010   
2025-12-17 13:42:48,055 - INFO  - Mixed 2 Training [4][  120/  391]   Loss 1.845994   QE Loss 0.000000   Distribution Loss -0.076029   IDM Loss 0.000000   Top1 33.430990   Top5 80.045573   LR 0.099726   QLR 0.000010   
2025-12-17 13:42:48,056 - INFO  - ===================================================================================================================
2025-12-17 13:42:57,679 - INFO  - Max Training [4][  140/  391]   Loss 1.820489   QE Loss 0.000000   Distribution Loss 0.000000   IDM Loss 0.000000   Top1 35.094866   Top5 84.190848   LR 0.099726   QLR 0.000010   
2025-12-17 13:42:57,680 - INFO  - Mixed 0 Training [4][  140/  391]   Loss 1.831134   QE Loss 0.000000   Distribution Loss -0.084597   IDM Loss 0.000000   Top1 33.063616   Top5 80.284598   LR 0.099726   QLR 0.000010   
2025-12-17 13:42:57,680 - INFO  - Mixed 1 Training [4][  140/  391]   Loss 1.841856   QE Loss 0.000000   Distribution Loss -0.080537   IDM Loss 0.000000   Top1 33.080357   Top5 80.016741   LR 0.099726   QLR 0.000010   
2025-12-17 13:42:57,680 - INFO  - Mixed 2 Training [4][  140/  391]   Loss 1.842729   QE Loss 0.000000   Distribution Loss -0.075077   IDM Loss 0.000000   Top1 33.482143   Top5 80.094866   LR 0.099726   QLR 0.000010   
2025-12-17 13:42:57,682 - INFO  - ===================================================================================================================
2025-12-17 13:43:07,234 - INFO  - Max Training [4][  160/  391]   Loss 1.812546   QE Loss 0.000000   Distribution Loss 0.000000   IDM Loss 0.000000   Top1 35.502930   Top5 84.238281   LR 0.099726   QLR 0.000010   
2025-12-17 13:43:07,235 - INFO  - Mixed 0 Training [4][  160/  391]   Loss 1.821723   QE Loss 0.000000   Distribution Loss -0.085369   IDM Loss 0.000000   Top1 33.305664   Top5 80.263672   LR 0.099726   QLR 0.000010   
2025-12-17 13:43:07,235 - INFO  - Mixed 1 Training [4][  160/  391]   Loss 1.832833   QE Loss 0.000000   Distribution Loss -0.080749   IDM Loss 0.000000   Top1 33.281250   Top5 79.921875   LR 0.099726   QLR 0.000010   
2025-12-17 13:43:07,235 - INFO  - Mixed 2 Training [4][  160/  391]   Loss 1.831752   QE Loss 0.000000   Distribution Loss -0.078225   IDM Loss 0.000000   Top1 33.598633   Top5 79.951172   LR 0.099726   QLR 0.000010   
2025-12-17 13:43:07,237 - INFO  - ===================================================================================================================
2025-12-17 13:43:16,712 - INFO  - Max Training [4][  180/  391]   Loss 1.801298   QE Loss 0.000000   Distribution Loss 0.000000   IDM Loss 0.000000   Top1 36.024306   Top5 84.322917   LR 0.099726   QLR 0.000010   
2025-12-17 13:43:16,713 - INFO  - Mixed 0 Training [4][  180/  391]   Loss 1.812338   QE Loss 0.000000   Distribution Loss -0.084076   IDM Loss 0.000000   Top1 33.641493   Top5 80.295139   LR 0.099726   QLR 0.000010   
2025-12-17 13:43:16,713 - INFO  - Mixed 1 Training [4][  180/  391]   Loss 1.822206   QE Loss 0.000000   Distribution Loss -0.079973   IDM Loss 0.000000   Top1 33.598090   Top5 80.021701   LR 0.099726   QLR 0.000010   
2025-12-17 13:43:16,713 - INFO  - Mixed 2 Training [4][  180/  391]   Loss 1.820633   QE Loss 0.000000   Distribution Loss -0.077295   IDM Loss 0.000000   Top1 33.975694   Top5 80.130208   LR 0.099726   QLR 0.000010   
2025-12-17 13:43:16,715 - INFO  - ===================================================================================================================
2025-12-17 13:43:26,225 - INFO  - Max Training [4][  200/  391]   Loss 1.790443   QE Loss 0.000000   Distribution Loss 0.000000   IDM Loss 0.000000   Top1 36.453125   Top5 84.656250   LR 0.099726   QLR 0.000010   
2025-12-17 13:43:26,226 - INFO  - Mixed 0 Training [4][  200/  391]   Loss 1.806015   QE Loss 0.000000   Distribution Loss -0.082226   IDM Loss 0.000000   Top1 34.000000   Top5 80.488281   LR 0.099726   QLR 0.000010   
2025-12-17 13:43:26,226 - INFO  - Mixed 1 Training [4][  200/  391]   Loss 1.815567   QE Loss 0.000000   Distribution Loss -0.077779   IDM Loss 0.000000   Top1 34.082031   Top5 80.210938   LR 0.099726   QLR 0.000010   
2025-12-17 13:43:26,226 - INFO  - Mixed 2 Training [4][  200/  391]   Loss 1.812178   QE Loss 0.000000   Distribution Loss -0.077890   IDM Loss 0.000000   Top1 34.378906   Top5 80.265625   LR 0.099726   QLR 0.000010   
2025-12-17 13:43:26,228 - INFO  - ===================================================================================================================
2025-12-17 13:43:35,845 - INFO  - Max Training [4][  220/  391]   Loss 1.786049   QE Loss 0.000000   Distribution Loss 0.000000   IDM Loss 0.000000   Top1 36.601562   Top5 84.889915   LR 0.099726   QLR 0.000010   
2025-12-17 13:43:35,846 - INFO  - Mixed 0 Training [4][  220/  391]   Loss 1.801734   QE Loss 0.000000   Distribution Loss -0.083034   IDM Loss 0.000000   Top1 34.161932   Top5 80.852273   LR 0.099726   QLR 0.000010   
2025-12-17 13:43:35,846 - INFO  - Mixed 1 Training [4][  220/  391]   Loss 1.810424   QE Loss 0.000000   Distribution Loss -0.078237   IDM Loss 0.000000   Top1 34.250710   Top5 80.667614   LR 0.099726   QLR 0.000010   
2025-12-17 13:43:35,846 - INFO  - Mixed 2 Training [4][  220/  391]   Loss 1.808324   QE Loss 0.000000   Distribution Loss -0.077598   IDM Loss 0.000000   Top1 34.509943   Top5 80.671165   LR 0.099726   QLR 0.000010   
2025-12-17 13:43:35,850 - INFO  - ===================================================================================================================
2025-12-17 13:43:45,475 - INFO  - Max Training [4][  240/  391]   Loss 1.779185   QE Loss 0.000000   Distribution Loss 0.000000   IDM Loss 0.000000   Top1 36.858724   Top5 85.055339   LR 0.099726   QLR 0.000010   
2025-12-17 13:43:45,476 - INFO  - Mixed 0 Training [4][  240/  391]   Loss 1.794938   QE Loss 0.000000   Distribution Loss -0.082556   IDM Loss 0.000000   Top1 34.420573   Top5 81.044922   LR 0.099726   QLR 0.000010   
2025-12-17 13:43:45,476 - INFO  - Mixed 1 Training [4][  240/  391]   Loss 1.802946   QE Loss 0.000000   Distribution Loss -0.077856   IDM Loss 0.000000   Top1 34.508464   Top5 80.895182   LR 0.099726   QLR 0.000010   
2025-12-17 13:43:45,476 - INFO  - Mixed 2 Training [4][  240/  391]   Loss 1.801559   QE Loss 0.000000   Distribution Loss -0.077304   IDM Loss 0.000000   Top1 34.746094   Top5 80.823568   LR 0.099726   QLR 0.000010   
2025-12-17 13:43:45,479 - INFO  - ===================================================================================================================
2025-12-17 13:43:55,041 - INFO  - Max Training [4][  260/  391]   Loss 1.770856   QE Loss 0.000000   Distribution Loss 0.000000   IDM Loss 0.000000   Top1 37.241587   Top5 85.276442   LR 0.099726   QLR 0.000010   
2025-12-17 13:43:55,042 - INFO  - Mixed 0 Training [4][  260/  391]   Loss 1.786167   QE Loss 0.000000   Distribution Loss -0.083662   IDM Loss 0.000000   Top1 34.753606   Top5 81.328125   LR 0.099726   QLR 0.000010   
2025-12-17 13:43:55,042 - INFO  - Mixed 1 Training [4][  260/  391]   Loss 1.795075   QE Loss 0.000000   Distribution Loss -0.078094   IDM Loss 0.000000   Top1 34.852764   Top5 81.192909   LR 0.099726   QLR 0.000010   
2025-12-17 13:43:55,042 - INFO  - Mixed 2 Training [4][  260/  391]   Loss 1.792662   QE Loss 0.000000   Distribution Loss -0.077948   IDM Loss 0.000000   Top1 35.066106   Top5 81.162861   LR 0.099726   QLR 0.000010   
2025-12-17 13:43:55,043 - INFO  - ===================================================================================================================
2025-12-17 13:44:04,687 - INFO  - Max Training [4][  280/  391]   Loss 1.760301   QE Loss 0.000000   Distribution Loss 0.000000   IDM Loss 0.000000   Top1 37.748326   Top5 85.544085   LR 0.099726   QLR 0.000010   
2025-12-17 13:44:04,688 - INFO  - Mixed 0 Training [4][  280/  391]   Loss 1.775714   QE Loss 0.000000   Distribution Loss -0.083992   IDM Loss 0.000000   Top1 35.184152   Top5 81.662946   LR 0.099726   QLR 0.000010   
2025-12-17 13:44:04,688 - INFO  - Mixed 1 Training [4][  280/  391]   Loss 1.784643   QE Loss 0.000000   Distribution Loss -0.077630   IDM Loss 0.000000   Top1 35.295759   Top5 81.565290   LR 0.099726   QLR 0.000010   
2025-12-17 13:44:04,688 - INFO  - Mixed 2 Training [4][  280/  391]   Loss 1.783230   QE Loss 0.000000   Distribution Loss -0.076588   IDM Loss 0.000000   Top1 35.611049   Top5 81.529018   LR 0.099726   QLR 0.000010   
2025-12-17 13:44:04,690 - INFO  - ===================================================================================================================
2025-12-17 13:44:14,293 - INFO  - Max Training [4][  300/  391]   Loss 1.755245   QE Loss 0.000000   Distribution Loss 0.000000   IDM Loss 0.000000   Top1 37.916667   Top5 85.763021   LR 0.099726   QLR 0.000010   
2025-12-17 13:44:14,294 - INFO  - Mixed 0 Training [4][  300/  391]   Loss 1.771877   QE Loss 0.000000   Distribution Loss -0.084568   IDM Loss 0.000000   Top1 35.440104   Top5 81.950521   LR 0.099726   QLR 0.000010   
2025-12-17 13:44:14,294 - INFO  - Mixed 1 Training [4][  300/  391]   Loss 1.781169   QE Loss 0.000000   Distribution Loss -0.077097   IDM Loss 0.000000   Top1 35.505208   Top5 81.895833   LR 0.099726   QLR 0.000010   
2025-12-17 13:44:14,294 - INFO  - Mixed 2 Training [4][  300/  391]   Loss 1.780482   QE Loss 0.000000   Distribution Loss -0.076576   IDM Loss 0.000000   Top1 35.835938   Top5 81.796875   LR 0.099726   QLR 0.000010   
2025-12-17 13:44:14,296 - INFO  - ===================================================================================================================
2025-12-17 13:44:23,926 - INFO  - Max Training [4][  320/  391]   Loss 1.749512   QE Loss 0.000000   Distribution Loss 0.000000   IDM Loss 0.000000   Top1 38.061523   Top5 85.874023   LR 0.099726   QLR 0.000010   
2025-12-17 13:44:23,927 - INFO  - Mixed 0 Training [4][  320/  391]   Loss 1.767836   QE Loss 0.000000   Distribution Loss -0.083810   IDM Loss 0.000000   Top1 35.700684   Top5 82.031250   LR 0.099726   QLR 0.000010   
2025-12-17 13:44:23,927 - INFO  - Mixed 1 Training [4][  320/  391]   Loss 1.776453   QE Loss 0.000000   Distribution Loss -0.076982   IDM Loss 0.000000   Top1 35.749512   Top5 81.982422   LR 0.099726   QLR 0.000010   
2025-12-17 13:44:23,927 - INFO  - Mixed 2 Training [4][  320/  391]   Loss 1.775492   QE Loss 0.000000   Distribution Loss -0.076671   IDM Loss 0.000000   Top1 36.057129   Top5 81.884766   LR 0.099726   QLR 0.000010   
2025-12-17 13:44:23,929 - INFO  - ===================================================================================================================
2025-12-17 13:44:33,447 - INFO  - Max Training [4][  340/  391]   Loss 1.742531   QE Loss 0.000000   Distribution Loss 0.000000   IDM Loss 0.000000   Top1 38.251379   Top5 85.955882   LR 0.099726   QLR 0.000010   
2025-12-17 13:44:33,448 - INFO  - Mixed 0 Training [4][  340/  391]   Loss 1.761463   QE Loss 0.000000   Distribution Loss -0.082709   IDM Loss 0.000000   Top1 35.928309   Top5 82.198989   LR 0.099726   QLR 0.000010   
2025-12-17 13:44:33,448 - INFO  - Mixed 1 Training [4][  340/  391]   Loss 1.769394   QE Loss 0.000000   Distribution Loss -0.076786   IDM Loss 0.000000   Top1 35.994945   Top5 82.084099   LR 0.099726   QLR 0.000010   
2025-12-17 13:44:33,448 - INFO  - Mixed 2 Training [4][  340/  391]   Loss 1.768539   QE Loss 0.000000   Distribution Loss -0.076138   IDM Loss 0.000000   Top1 36.266085   Top5 82.003676   LR 0.099726   QLR 0.000010   
2025-12-17 13:44:33,450 - INFO  - ===================================================================================================================
2025-12-17 13:44:43,139 - INFO  - Max Training [4][  360/  391]   Loss 1.737074   QE Loss 0.000000   Distribution Loss 0.000000   IDM Loss 0.000000   Top1 38.413628   Top5 86.069878   LR 0.099726   QLR 0.000010   
2025-12-17 13:44:43,139 - INFO  - Mixed 0 Training [4][  360/  391]   Loss 1.758185   QE Loss 0.000000   Distribution Loss -0.082480   IDM Loss 0.000000   Top1 36.145833   Top5 82.304688   LR 0.099726   QLR 0.000010   
2025-12-17 13:44:43,139 - INFO  - Mixed 1 Training [4][  360/  391]   Loss 1.766003   QE Loss 0.000000   Distribution Loss -0.076850   IDM Loss 0.000000   Top1 36.187066   Top5 82.202691   LR 0.099726   QLR 0.000010   
2025-12-17 13:44:43,139 - INFO  - Mixed 2 Training [4][  360/  391]   Loss 1.763260   QE Loss 0.000000   Distribution Loss -0.076173   IDM Loss 0.000000   Top1 36.464844   Top5 82.131076   LR 0.099726   QLR 0.000010   
2025-12-17 13:44:43,141 - INFO  - ===================================================================================================================
2025-12-17 13:44:52,801 - INFO  - Max Training [4][  380/  391]   Loss 1.732073   QE Loss 0.000000   Distribution Loss 0.000000   IDM Loss 0.000000   Top1 38.673931   Top5 86.104030   LR 0.099726   QLR 0.000010   
2025-12-17 13:44:52,802 - INFO  - Mixed 0 Training [4][  380/  391]   Loss 1.753259   QE Loss 0.000000   Distribution Loss -0.082178   IDM Loss 0.000000   Top1 36.404194   Top5 82.376645   LR 0.099726   QLR 0.000010   
2025-12-17 13:44:52,802 - INFO  - Mixed 1 Training [4][  380/  391]   Loss 1.760947   QE Loss 0.000000   Distribution Loss -0.076996   IDM Loss 0.000000   Top1 36.400082   Top5 82.265625   LR 0.099726   QLR 0.000010   
2025-12-17 13:44:52,802 - INFO  - Mixed 2 Training [4][  380/  391]   Loss 1.758535   QE Loss 0.000000   Distribution Loss -0.076579   IDM Loss 0.000000   Top1 36.663240   Top5 82.148438   LR 0.099726   QLR 0.000010   
2025-12-17 13:44:52,804 - INFO  - ===================================================================================================================
2025-12-17 13:44:57,586 - INFO  - ==> Max Top1: 38.840    Top5: 86.122    Loss: 1.730
2025-12-17 13:44:57,587 - INFO  - ==> Mixed 0 Top1: 36.558    Top5: 82.358    Loss: 1.752
2025-12-17 13:44:57,587 - INFO  - ==> Mixed 1 Top1: 36.556    Top5: 82.226    Loss: 1.760
2025-12-17 13:44:57,587 - INFO  - ==> Mixed 2 Top1: 36.825    Top5: 82.155    Loss: 1.756
2025-12-17 13:44:57,588 - INFO  - Epoch   4 Summary - Train Top1: 38.840%  Top5: 86.122%  Loss: 1.7301
2025-12-17 13:44:57,588 - INFO  -   ⏱️  本Epoch耗时: 3分6秒 | 平均Epoch耗时: 3分4秒 | 剩余Epoch数: 115
2025-12-17 13:44:57,588 - INFO  -   📅 预估剩余时间: 5小时53分20秒 | 预估完成时间: 2025-12-17 19:38:17
2025-12-17 13:44:57,588 - INFO  - Scoreboard best 1 ==> Epoch [4][Top1: 0.000   Top5: 0.000]
2025-12-17 13:44:57,589 - INFO  - Scoreboard best 2 ==> Epoch [3][Top1: 0.000   Top5: 0.000]
2025-12-17 13:44:57,589 - INFO  - Scoreboard best 3 ==> Epoch [2][Top1: 0.000   Top5: 0.000]
2025-12-17 13:44:58,269 - INFO  - ([4] Epoch) Saving checkpoint to:
             Current: /root/autodl-tmp/retraining-free-quantization/training/resnet18_cifar10_single_gpu_normal_srqat_ls0/resnet18_cifar10_single_gpu_normal_srqat_ls0_checkpoint.pth.tar

2025-12-17 13:44:58,273 - INFO  - >>>>>>>> Epoch   5
2025-12-17 13:44:58,273 - INFO  - Training: 50000 samples (128 per mini-batch)
2025-12-17 13:44:58,630 - INFO  - [FAT] Batch 0, Iter 0: FAT is DISABLED, using standard training
2025-12-17 13:45:08,206 - INFO  - Max Training [5][   20/  391]   Loss 1.590681   QE Loss 0.000000   Distribution Loss 0.000000   IDM Loss 0.000000   Top1 43.593750   Top5 90.195312   LR 0.099572   QLR 0.000010   
2025-12-17 13:45:08,207 - INFO  - Mixed 0 Training [5][   20/  391]   Loss 1.638027   QE Loss 0.000000   Distribution Loss -0.077265   IDM Loss 0.000000   Top1 41.875000   Top5 87.148438   LR 0.099572   QLR 0.000010   
2025-12-17 13:45:08,207 - INFO  - Mixed 1 Training [5][   20/  391]   Loss 1.624771   QE Loss 0.000000   Distribution Loss -0.090604   IDM Loss 0.000000   Top1 41.640625   Top5 86.875000   LR 0.099572   QLR 0.000010   
2025-12-17 13:45:08,207 - INFO  - Mixed 2 Training [5][   20/  391]   Loss 1.640054   QE Loss 0.000000   Distribution Loss -0.085679   IDM Loss 0.000000   Top1 41.718750   Top5 85.937500   LR 0.099572   QLR 0.000010   
2025-12-17 13:45:08,209 - INFO  - ===================================================================================================================
2025-12-17 13:45:17,799 - INFO  - Max Training [5][   40/  391]   Loss 1.586397   QE Loss 0.000000   Distribution Loss 0.000000   IDM Loss 0.000000   Top1 44.042969   Top5 89.433594   LR 0.099572   QLR 0.000010   
2025-12-17 13:45:17,799 - INFO  - Mixed 0 Training [5][   40/  391]   Loss 1.636792   QE Loss 0.000000   Distribution Loss -0.075205   IDM Loss 0.000000   Top1 42.128906   Top5 86.152344   LR 0.099572   QLR 0.000010   
2025-12-17 13:45:17,799 - INFO  - Mixed 1 Training [5][   40/  391]   Loss 1.622245   QE Loss 0.000000   Distribution Loss -0.081971   IDM Loss 0.000000   Top1 42.421875   Top5 86.250000   LR 0.099572   QLR 0.000010   
2025-12-17 13:45:17,799 - INFO  - Mixed 2 Training [5][   40/  391]   Loss 1.633080   QE Loss 0.000000   Distribution Loss -0.080988   IDM Loss 0.000000   Top1 42.304688   Top5 85.605469   LR 0.099572   QLR 0.000010   
2025-12-17 13:45:17,801 - INFO  - ===================================================================================================================
2025-12-17 13:45:27,656 - INFO  - Max Training [5][   60/  391]   Loss 1.586474   QE Loss 0.000000   Distribution Loss 0.000000   IDM Loss 0.000000   Top1 44.427083   Top5 89.505208   LR 0.099572   QLR 0.000010   
2025-12-17 13:45:27,656 - INFO  - Mixed 0 Training [5][   60/  391]   Loss 1.630070   QE Loss 0.000000   Distribution Loss -0.077835   IDM Loss 0.000000   Top1 42.252604   Top5 86.471354   LR 0.099572   QLR 0.000010   
2025-12-17 13:45:27,656 - INFO  - Mixed 1 Training [5][   60/  391]   Loss 1.619426   QE Loss 0.000000   Distribution Loss -0.082190   IDM Loss 0.000000   Top1 42.578125   Top5 86.614583   LR 0.099572   QLR 0.000010   
2025-12-17 13:45:27,656 - INFO  - Mixed 2 Training [5][   60/  391]   Loss 1.630514   QE Loss 0.000000   Distribution Loss -0.080439   IDM Loss 0.000000   Top1 42.526042   Top5 86.028646   LR 0.099572   QLR 0.000010   
2025-12-17 13:45:27,658 - INFO  - ===================================================================================================================
2025-12-17 13:45:37,234 - INFO  - Max Training [5][   80/  391]   Loss 1.576617   QE Loss 0.000000   Distribution Loss 0.000000   IDM Loss 0.000000   Top1 44.765625   Top5 89.609375   LR 0.099572   QLR 0.000010   
2025-12-17 13:45:37,235 - INFO  - Mixed 0 Training [5][   80/  391]   Loss 1.618720   QE Loss 0.000000   Distribution Loss -0.077651   IDM Loss 0.000000   Top1 42.753906   Top5 85.986328   LR 0.099572   QLR 0.000010   
2025-12-17 13:45:37,235 - INFO  - Mixed 1 Training [5][   80/  391]   Loss 1.607691   QE Loss 0.000000   Distribution Loss -0.081554   IDM Loss 0.000000   Top1 42.978516   Top5 86.171875   LR 0.099572   QLR 0.000010   
2025-12-17 13:45:37,235 - INFO  - Mixed 2 Training [5][   80/  391]   Loss 1.619380   QE Loss 0.000000   Distribution Loss -0.079442   IDM Loss 0.000000   Top1 43.212891   Top5 85.458984   LR 0.099572   QLR 0.000010   
2025-12-17 13:45:37,238 - INFO  - ===================================================================================================================
2025-12-17 13:45:47,008 - INFO  - Max Training [5][  100/  391]   Loss 1.567994   QE Loss 0.000000   Distribution Loss 0.000000   IDM Loss 0.000000   Top1 45.312500   Top5 89.742188   LR 0.099572   QLR 0.000010   
2025-12-17 13:45:47,009 - INFO  - Mixed 0 Training [5][  100/  391]   Loss 1.607089   QE Loss 0.000000   Distribution Loss -0.079165   IDM Loss 0.000000   Top1 43.117188   Top5 85.992188   LR 0.099572   QLR 0.000010   
2025-12-17 13:45:47,009 - INFO  - Mixed 1 Training [5][  100/  391]   Loss 1.599001   QE Loss 0.000000   Distribution Loss -0.081807   IDM Loss 0.000000   Top1 43.437500   Top5 86.195312   LR 0.099572   QLR 0.000010   
2025-12-17 13:45:47,009 - INFO  - Mixed 2 Training [5][  100/  391]   Loss 1.600134   QE Loss 0.000000   Distribution Loss -0.084920   IDM Loss 0.000000   Top1 43.679688   Top5 85.726562   LR 0.099572   QLR 0.000010   
2025-12-17 13:45:47,011 - INFO  - ===================================================================================================================
2025-12-17 13:45:56,738 - INFO  - Max Training [5][  120/  391]   Loss 1.562581   QE Loss 0.000000   Distribution Loss 0.000000   IDM Loss 0.000000   Top1 45.488281   Top5 89.869792   LR 0.099572   QLR 0.000010   
2025-12-17 13:45:56,738 - INFO  - Mixed 0 Training [5][  120/  391]   Loss 1.601302   QE Loss 0.000000   Distribution Loss -0.078461   IDM Loss 0.000000   Top1 43.255208   Top5 86.100260   LR 0.099572   QLR 0.000010   
2025-12-17 13:45:56,739 - INFO  - Mixed 1 Training [5][  120/  391]   Loss 1.591997   QE Loss 0.000000   Distribution Loss -0.083832   IDM Loss 0.000000   Top1 43.600260   Top5 86.223958   LR 0.099572   QLR 0.000010   
2025-12-17 13:45:56,739 - INFO  - Mixed 2 Training [5][  120/  391]   Loss 1.597029   QE Loss 0.000000   Distribution Loss -0.080838   IDM Loss 0.000000   Top1 43.880208   Top5 85.963542   LR 0.099572   QLR 0.000010   
2025-12-17 13:45:56,740 - INFO  - ===================================================================================================================
2025-12-17 13:46:06,312 - INFO  - Max Training [5][  140/  391]   Loss 1.557400   QE Loss 0.000000   Distribution Loss 0.000000   IDM Loss 0.000000   Top1 45.864955   Top5 89.955357   LR 0.099572   QLR 0.000010   
2025-12-17 13:46:06,313 - INFO  - Mixed 0 Training [5][  140/  391]   Loss 1.593615   QE Loss 0.000000   Distribution Loss -0.080214   IDM Loss 0.000000   Top1 43.565848   Top5 86.093750   LR 0.099572   QLR 0.000010   
2025-12-17 13:46:06,313 - INFO  - Mixed 1 Training [5][  140/  391]   Loss 1.588488   QE Loss 0.000000   Distribution Loss -0.081922   IDM Loss 0.000000   Top1 43.816964   Top5 86.188616   LR 0.099572   QLR 0.000010   
2025-12-17 13:46:06,313 - INFO  - Mixed 2 Training [5][  140/  391]   Loss 1.593367   QE Loss 0.000000   Distribution Loss -0.080731   IDM Loss 0.000000   Top1 44.045759   Top5 85.948661   LR 0.099572   QLR 0.000010   
2025-12-17 13:46:06,315 - INFO  - ===================================================================================================================
2025-12-17 13:46:15,985 - INFO  - Max Training [5][  160/  391]   Loss 1.559262   QE Loss 0.000000   Distribution Loss 0.000000   IDM Loss 0.000000   Top1 45.957031   Top5 89.790039   LR 0.099572   QLR 0.000010   
2025-12-17 13:46:15,986 - INFO  - Mixed 0 Training [5][  160/  391]   Loss 1.598786   QE Loss 0.000000   Distribution Loss -0.079609   IDM Loss 0.000000   Top1 43.613281   Top5 86.030273   LR 0.099572   QLR 0.000010   
2025-12-17 13:46:15,986 - INFO  - Mixed 1 Training [5][  160/  391]   Loss 1.588835   QE Loss 0.000000   Distribution Loss -0.082475   IDM Loss 0.000000   Top1 43.886719   Top5 86.171875   LR 0.099572   QLR 0.000010   
2025-12-17 13:46:15,986 - INFO  - Mixed 2 Training [5][  160/  391]   Loss 1.594206   QE Loss 0.000000   Distribution Loss -0.083346   IDM Loss 0.000000   Top1 44.013672   Top5 85.786133   LR 0.099572   QLR 0.000010   
2025-12-17 13:46:15,988 - INFO  - ===================================================================================================================
2025-12-17 13:46:25,606 - INFO  - Max Training [5][  180/  391]   Loss 1.561088   QE Loss 0.000000   Distribution Loss 0.000000   IDM Loss 0.000000   Top1 45.729167   Top5 89.848090   LR 0.099572   QLR 0.000010   
2025-12-17 13:46:25,607 - INFO  - Mixed 0 Training [5][  180/  391]   Loss 1.598416   QE Loss 0.000000   Distribution Loss -0.081042   IDM Loss 0.000000   Top1 43.446181   Top5 86.202257   LR 0.099572   QLR 0.000010   
2025-12-17 13:46:25,607 - INFO  - Mixed 1 Training [5][  180/  391]   Loss 1.589567   QE Loss 0.000000   Distribution Loss -0.083526   IDM Loss 0.000000   Top1 43.741319   Top5 86.306424   LR 0.099572   QLR 0.000010   
2025-12-17 13:46:25,607 - INFO  - Mixed 2 Training [5][  180/  391]   Loss 1.595879   QE Loss 0.000000   Distribution Loss -0.084467   IDM Loss 0.000000   Top1 43.867188   Top5 85.859375   LR 0.099572   QLR 0.000010   
2025-12-17 13:46:25,609 - INFO  - ===================================================================================================================
2025-12-17 13:46:35,466 - INFO  - Max Training [5][  200/  391]   Loss 1.558835   QE Loss 0.000000   Distribution Loss 0.000000   IDM Loss 0.000000   Top1 45.960938   Top5 89.914062   LR 0.099572   QLR 0.000010   
2025-12-17 13:46:35,467 - INFO  - Mixed 0 Training [5][  200/  391]   Loss 1.597517   QE Loss 0.000000   Distribution Loss -0.081749   IDM Loss 0.000000   Top1 43.695312   Top5 86.253906   LR 0.099572   QLR 0.000010   
2025-12-17 13:46:35,467 - INFO  - Mixed 1 Training [5][  200/  391]   Loss 1.588658   QE Loss 0.000000   Distribution Loss -0.083486   IDM Loss 0.000000   Top1 43.945312   Top5 86.328125   LR 0.099572   QLR 0.000010   
2025-12-17 13:46:35,467 - INFO  - Mixed 2 Training [5][  200/  391]   Loss 1.594093   QE Loss 0.000000   Distribution Loss -0.085763   IDM Loss 0.000000   Top1 44.035156   Top5 85.914062   LR 0.099572   QLR 0.000010   
2025-12-17 13:46:35,469 - INFO  - ===================================================================================================================
2025-12-17 13:46:45,309 - INFO  - Max Training [5][  220/  391]   Loss 1.560340   QE Loss 0.000000   Distribution Loss 0.000000   IDM Loss 0.000000   Top1 45.919744   Top5 89.840199   LR 0.099572   QLR 0.000010   
2025-12-17 13:46:45,309 - INFO  - Mixed 0 Training [5][  220/  391]   Loss 1.601569   QE Loss 0.000000   Distribution Loss -0.081000   IDM Loss 0.000000   Top1 43.664773   Top5 86.111506   LR 0.099572   QLR 0.000010   
2025-12-17 13:46:45,310 - INFO  - Mixed 1 Training [5][  220/  391]   Loss 1.593507   QE Loss 0.000000   Distribution Loss -0.084469   IDM Loss 0.000000   Top1 43.856534   Top5 86.147017   LR 0.099572   QLR 0.000010   
2025-12-17 13:46:45,310 - INFO  - Mixed 2 Training [5][  220/  391]   Loss 1.597517   QE Loss 0.000000   Distribution Loss -0.085464   IDM Loss 0.000000   Top1 43.970170   Top5 85.781250   LR 0.099572   QLR 0.000010   
2025-12-17 13:46:45,312 - INFO  - ===================================================================================================================
2025-12-17 13:46:55,113 - INFO  - Max Training [5][  240/  391]   Loss 1.559427   QE Loss 0.000000   Distribution Loss 0.000000   IDM Loss 0.000000   Top1 45.979818   Top5 89.817708   LR 0.099572   QLR 0.000010   
2025-12-17 13:46:55,114 - INFO  - Mixed 0 Training [5][  240/  391]   Loss 1.599744   QE Loss 0.000000   Distribution Loss -0.081139   IDM Loss 0.000000   Top1 43.772786   Top5 86.067708   LR 0.099572   QLR 0.000010   
2025-12-17 13:46:55,114 - INFO  - Mixed 1 Training [5][  240/  391]   Loss 1.594350   QE Loss 0.000000   Distribution Loss -0.084071   IDM Loss 0.000000   Top1 43.964844   Top5 85.992839   LR 0.099572   QLR 0.000010   
2025-12-17 13:46:55,114 - INFO  - Mixed 2 Training [5][  240/  391]   Loss 1.597907   QE Loss 0.000000   Distribution Loss -0.084598   IDM Loss 0.000000   Top1 43.987630   Top5 85.699870   LR 0.099572   QLR 0.000010   
2025-12-17 13:46:55,116 - INFO  - ===================================================================================================================
2025-12-17 13:47:04,712 - INFO  - Max Training [5][  260/  391]   Loss 1.558295   QE Loss 0.000000   Distribution Loss 0.000000   IDM Loss 0.000000   Top1 46.030649   Top5 89.900841   LR 0.099572   QLR 0.000010   
2025-12-17 13:47:04,713 - INFO  - Mixed 0 Training [5][  260/  391]   Loss 1.597644   QE Loss 0.000000   Distribution Loss -0.081686   IDM Loss 0.000000   Top1 43.822115   Top5 86.174880   LR 0.099572   QLR 0.000010   
2025-12-17 13:47:04,713 - INFO  - Mixed 1 Training [5][  260/  391]   Loss 1.593320   QE Loss 0.000000   Distribution Loss -0.083853   IDM Loss 0.000000   Top1 44.035457   Top5 86.162861   LR 0.099572   QLR 0.000010   
2025-12-17 13:47:04,713 - INFO  - Mixed 2 Training [5][  260/  391]   Loss 1.596574   QE Loss 0.000000   Distribution Loss -0.084097   IDM Loss 0.000000   Top1 44.005409   Top5 85.910457   LR 0.099572   QLR 0.000010   
2025-12-17 13:47:04,714 - INFO  - ===================================================================================================================
2025-12-17 13:47:14,586 - INFO  - Max Training [5][  280/  391]   Loss 1.555066   QE Loss 0.000000   Distribution Loss 0.000000   IDM Loss 0.000000   Top1 46.149554   Top5 89.938616   LR 0.099572   QLR 0.000010   
2025-12-17 13:47:14,587 - INFO  - Mixed 0 Training [5][  280/  391]   Loss 1.594315   QE Loss 0.000000   Distribution Loss -0.081057   IDM Loss 0.000000   Top1 44.034598   Top5 86.191406   LR 0.099572   QLR 0.000010   
2025-12-17 13:47:14,587 - INFO  - Mixed 1 Training [5][  280/  391]   Loss 1.591312   QE Loss 0.000000   Distribution Loss -0.083272   IDM Loss 0.000000   Top1 44.171317   Top5 86.135603   LR 0.099572   QLR 0.000010   
2025-12-17 13:47:14,587 - INFO  - Mixed 2 Training [5][  280/  391]   Loss 1.592408   QE Loss 0.000000   Distribution Loss -0.083381   IDM Loss 0.000000   Top1 44.215960   Top5 85.929129   LR 0.099572   QLR 0.000010   
2025-12-17 13:47:14,589 - INFO  - ===================================================================================================================
2025-12-17 13:47:24,269 - INFO  - Max Training [5][  300/  391]   Loss 1.549018   QE Loss 0.000000   Distribution Loss 0.000000   IDM Loss 0.000000   Top1 46.367188   Top5 90.054688   LR 0.099572   QLR 0.000010   
2025-12-17 13:47:24,270 - INFO  - Mixed 0 Training [5][  300/  391]   Loss 1.586562   QE Loss 0.000000   Distribution Loss -0.081901   IDM Loss 0.000000   Top1 44.260417   Top5 86.408854   LR 0.099572   QLR 0.000010   
2025-12-17 13:47:24,270 - INFO  - Mixed 1 Training [5][  300/  391]   Loss 1.583582   QE Loss 0.000000   Distribution Loss -0.083508   IDM Loss 0.000000   Top1 44.398438   Top5 86.369792   LR 0.099572   QLR 0.000010   
2025-12-17 13:47:24,270 - INFO  - Mixed 2 Training [5][  300/  391]   Loss 1.585087   QE Loss 0.000000   Distribution Loss -0.083566   IDM Loss 0.000000   Top1 44.380208   Top5 86.169271   LR 0.099572   QLR 0.000010   
2025-12-17 13:47:24,272 - INFO  - ===================================================================================================================
2025-12-17 13:47:33,835 - INFO  - Max Training [5][  320/  391]   Loss 1.548101   QE Loss 0.000000   Distribution Loss 0.000000   IDM Loss 0.000000   Top1 46.313477   Top5 90.002441   LR 0.099572   QLR 0.000010   
2025-12-17 13:47:33,835 - INFO  - Mixed 0 Training [5][  320/  391]   Loss 1.584266   QE Loss 0.000000   Distribution Loss -0.081613   IDM Loss 0.000000   Top1 44.248047   Top5 86.501465   LR 0.099572   QLR 0.000010   
2025-12-17 13:47:33,836 - INFO  - Mixed 1 Training [5][  320/  391]   Loss 1.580930   QE Loss 0.000000   Distribution Loss -0.083460   IDM Loss 0.000000   Top1 44.387207   Top5 86.479492   LR 0.099572   QLR 0.000010   
2025-12-17 13:47:33,836 - INFO  - Mixed 2 Training [5][  320/  391]   Loss 1.582359   QE Loss 0.000000   Distribution Loss -0.084429   IDM Loss 0.000000   Top1 44.375000   Top5 86.291504   LR 0.099572   QLR 0.000010   
2025-12-17 13:47:33,837 - INFO  - ===================================================================================================================
2025-12-17 13:47:43,579 - INFO  - Max Training [5][  340/  391]   Loss 1.544990   QE Loss 0.000000   Distribution Loss 0.000000   IDM Loss 0.000000   Top1 46.406250   Top5 90.013787   LR 0.099572   QLR 0.000010   
2025-12-17 13:47:43,580 - INFO  - Mixed 0 Training [5][  340/  391]   Loss 1.578637   QE Loss 0.000000   Distribution Loss -0.083097   IDM Loss 0.000000   Top1 44.414062   Top5 86.551011   LR 0.099572   QLR 0.000010   
2025-12-17 13:47:43,580 - INFO  - Mixed 1 Training [5][  340/  391]   Loss 1.575836   QE Loss 0.000000   Distribution Loss -0.084282   IDM Loss 0.000000   Top1 44.540441   Top5 86.525735   LR 0.099572   QLR 0.000010   
2025-12-17 13:47:43,580 - INFO  - Mixed 2 Training [5][  340/  391]   Loss 1.579051   QE Loss 0.000000   Distribution Loss -0.083406   IDM Loss 0.000000   Top1 44.515165   Top5 86.357996   LR 0.099572   QLR 0.000010   
2025-12-17 13:47:43,582 - INFO  - ===================================================================================================================
2025-12-17 13:47:53,169 - INFO  - Max Training [5][  360/  391]   Loss 1.540891   QE Loss 0.000000   Distribution Loss 0.000000   IDM Loss 0.000000   Top1 46.523438   Top5 90.047743   LR 0.099572   QLR 0.000010   
2025-12-17 13:47:53,170 - INFO  - Mixed 0 Training [5][  360/  391]   Loss 1.574095   QE Loss 0.000000   Distribution Loss -0.083068   IDM Loss 0.000000   Top1 44.539931   Top5 86.642795   LR 0.099572   QLR 0.000010   
2025-12-17 13:47:53,170 - INFO  - Mixed 1 Training [5][  360/  391]   Loss 1.572836   QE Loss 0.000000   Distribution Loss -0.083729   IDM Loss 0.000000   Top1 44.622396   Top5 86.634115   LR 0.099572   QLR 0.000010   
2025-12-17 13:47:53,170 - INFO  - Mixed 2 Training [5][  360/  391]   Loss 1.575579   QE Loss 0.000000   Distribution Loss -0.082969   IDM Loss 0.000000   Top1 44.633247   Top5 86.460503   LR 0.099572   QLR 0.000010   
2025-12-17 13:47:53,172 - INFO  - ===================================================================================================================
2025-12-17 13:48:02,863 - INFO  - Max Training [5][  380/  391]   Loss 1.539246   QE Loss 0.000000   Distribution Loss 0.000000   IDM Loss 0.000000   Top1 46.659128   Top5 90.030839   LR 0.099572   QLR 0.000010   
2025-12-17 13:48:02,863 - INFO  - Mixed 0 Training [5][  380/  391]   Loss 1.572396   QE Loss 0.000000   Distribution Loss -0.083268   IDM Loss 0.000000   Top1 44.658717   Top5 86.655016   LR 0.099572   QLR 0.000010   
2025-12-17 13:48:02,864 - INFO  - Mixed 1 Training [5][  380/  391]   Loss 1.570438   QE Loss 0.000000   Distribution Loss -0.083277   IDM Loss 0.000000   Top1 44.745066   Top5 86.667352   LR 0.099572   QLR 0.000010   
2025-12-17 13:48:02,864 - INFO  - Mixed 2 Training [5][  380/  391]   Loss 1.573092   QE Loss 0.000000   Distribution Loss -0.083496   IDM Loss 0.000000   Top1 44.726562   Top5 86.486431   LR 0.099572   QLR 0.000010   
2025-12-17 13:48:02,865 - INFO  - ===================================================================================================================
2025-12-17 13:48:07,705 - INFO  - ==> Max Top1: 46.617    Top5: 89.988    Loss: 1.540
2025-12-17 13:48:07,706 - INFO  - ==> Mixed 0 Top1: 44.629    Top5: 86.675    Loss: 1.573
2025-12-17 13:48:07,706 - INFO  - ==> Mixed 1 Top1: 44.708    Top5: 86.641    Loss: 1.572
2025-12-17 13:48:07,706 - INFO  - ==> Mixed 2 Top1: 44.690    Top5: 86.508    Loss: 1.573
2025-12-17 13:48:07,707 - INFO  - Epoch   5 Summary - Train Top1: 46.617%  Top5: 89.988%  Loss: 1.5404
2025-12-17 13:48:07,707 - INFO  -   ⏱️  本Epoch耗时: 3分9秒 | 平均Epoch耗时: 3分6秒 | 剩余Epoch数: 114
2025-12-17 13:48:07,707 - INFO  -   📅 预估剩余时间: 5小时53分28秒 | 预估完成时间: 2025-12-17 19:41:36
2025-12-17 13:48:07,707 - INFO  - Scoreboard best 1 ==> Epoch [5][Top1: 0.000   Top5: 0.000]
2025-12-17 13:48:07,708 - INFO  - Scoreboard best 2 ==> Epoch [4][Top1: 0.000   Top5: 0.000]
2025-12-17 13:48:07,708 - INFO  - Scoreboard best 3 ==> Epoch [3][Top1: 0.000   Top5: 0.000]
2025-12-17 13:48:08,402 - INFO  - ([5] Epoch) Saving checkpoint to:
             Current: /root/autodl-tmp/retraining-free-quantization/training/resnet18_cifar10_single_gpu_normal_srqat_ls0/resnet18_cifar10_single_gpu_normal_srqat_ls0_checkpoint.pth.tar

2025-12-17 13:48:08,405 - INFO  - >>>>>>>> Epoch   6
2025-12-17 13:48:08,405 - INFO  - Training: 50000 samples (128 per mini-batch)
2025-12-17 13:48:08,767 - INFO  - [FAT] Batch 0, Iter 0: FAT is DISABLED, using standard training
2025-12-17 13:48:18,416 - INFO  - Max Training [6][   20/  391]   Loss 1.513549   QE Loss 0.000000   Distribution Loss 0.000000   IDM Loss 0.000000   Top1 45.585938   Top5 90.585938   LR 0.099384   QLR 0.000010   
2025-12-17 13:48:18,417 - INFO  - Mixed 0 Training [6][   20/  391]   Loss 1.525656   QE Loss 0.000000   Distribution Loss -0.078589   IDM Loss 0.000000   Top1 43.750000   Top5 89.023438   LR 0.099384   QLR 0.000010   
2025-12-17 13:48:18,417 - INFO  - Mixed 1 Training [6][   20/  391]   Loss 1.500044   QE Loss 0.000000   Distribution Loss -0.097321   IDM Loss 0.000000   Top1 44.257812   Top5 89.375000   LR 0.099384   QLR 0.000010   
2025-12-17 13:48:18,417 - INFO  - Mixed 2 Training [6][   20/  391]   Loss 1.544172   QE Loss 0.000000   Distribution Loss -0.068414   IDM Loss 0.000000   Top1 43.984375   Top5 88.593750   LR 0.099384   QLR 0.000010   
2025-12-17 13:48:18,419 - INFO  - ===================================================================================================================
2025-12-17 13:48:28,031 - INFO  - Max Training [6][   40/  391]   Loss 1.535963   QE Loss 0.000000   Distribution Loss 0.000000   IDM Loss 0.000000   Top1 45.156250   Top5 89.960938   LR 0.099384   QLR 0.000010   
2025-12-17 13:48:28,032 - INFO  - Mixed 0 Training [6][   40/  391]   Loss 1.543076   QE Loss 0.000000   Distribution Loss -0.088621   IDM Loss 0.000000   Top1 44.277344   Top5 87.871094   LR 0.099384   QLR 0.000010   
2025-12-17 13:48:28,032 - INFO  - Mixed 1 Training [6][   40/  391]   Loss 1.543372   QE Loss 0.000000   Distribution Loss -0.090381   IDM Loss 0.000000   Top1 44.101562   Top5 88.164062   LR 0.099384   QLR 0.000010   
2025-12-17 13:48:28,032 - INFO  - Mixed 2 Training [6][   40/  391]   Loss 1.575545   QE Loss 0.000000   Distribution Loss -0.075745   IDM Loss 0.000000   Top1 44.316406   Top5 87.695312   LR 0.099384   QLR 0.000010   
2025-12-17 13:48:28,034 - INFO  - ===================================================================================================================
2025-12-17 13:48:37,618 - INFO  - Max Training [6][   60/  391]   Loss 1.537955   QE Loss 0.000000   Distribution Loss 0.000000   IDM Loss 0.000000   Top1 46.432292   Top5 89.960938   LR 0.099384   QLR 0.000010   
2025-12-17 13:48:37,618 - INFO  - Mixed 0 Training [6][   60/  391]   Loss 1.550712   QE Loss 0.000000   Distribution Loss -0.083310   IDM Loss 0.000000   Top1 45.455729   Top5 87.838542   LR 0.099384   QLR 0.000010   
2025-12-17 13:48:37,618 - INFO  - Mixed 1 Training [6][   60/  391]   Loss 1.546345   QE Loss 0.000000   Distribution Loss -0.091435   IDM Loss 0.000000   Top1 45.091146   Top5 87.994792   LR 0.099384   QLR 0.000010   
2025-12-17 13:48:37,618 - INFO  - Mixed 2 Training [6][   60/  391]   Loss 1.575268   QE Loss 0.000000   Distribution Loss -0.078719   IDM Loss 0.000000   Top1 45.520833   Top5 87.656250   LR 0.099384   QLR 0.000010   
2025-12-17 13:48:37,620 - INFO  - ===================================================================================================================
2025-12-17 13:48:47,227 - INFO  - Max Training [6][   80/  391]   Loss 1.529319   QE Loss 0.000000   Distribution Loss 0.000000   IDM Loss 0.000000   Top1 46.884766   Top5 89.609375   LR 0.099384   QLR 0.000010   
2025-12-17 13:48:47,227 - INFO  - Mixed 0 Training [6][   80/  391]   Loss 1.548264   QE Loss 0.000000   Distribution Loss -0.082454   IDM Loss 0.000000   Top1 45.722656   Top5 87.412109   LR 0.099384   QLR 0.000010   
2025-12-17 13:48:47,228 - INFO  - Mixed 1 Training [6][   80/  391]   Loss 1.548702   QE Loss 0.000000   Distribution Loss -0.088855   IDM Loss 0.000000   Top1 45.263672   Top5 87.412109   LR 0.099384   QLR 0.000010   
2025-12-17 13:48:47,228 - INFO  - Mixed 2 Training [6][   80/  391]   Loss 1.568511   QE Loss 0.000000   Distribution Loss -0.079810   IDM Loss 0.000000   Top1 45.419922   Top5 87.207031   LR 0.099384   QLR 0.000010   
2025-12-17 13:48:47,230 - INFO  - ===================================================================================================================
2025-12-17 13:48:56,747 - INFO  - Max Training [6][  100/  391]   Loss 1.517230   QE Loss 0.000000   Distribution Loss 0.000000   IDM Loss 0.000000   Top1 47.312500   Top5 89.984375   LR 0.099384   QLR 0.000010   
2025-12-17 13:48:56,748 - INFO  - Mixed 0 Training [6][  100/  391]   Loss 1.539544   QE Loss 0.000000   Distribution Loss -0.080737   IDM Loss 0.000000   Top1 46.164062   Top5 87.726562   LR 0.099384   QLR 0.000010   
2025-12-17 13:48:56,748 - INFO  - Mixed 1 Training [6][  100/  391]   Loss 1.533681   QE Loss 0.000000   Distribution Loss -0.092082   IDM Loss 0.000000   Top1 45.804688   Top5 87.882812   LR 0.099384   QLR 0.000010   
2025-12-17 13:48:56,748 - INFO  - Mixed 2 Training [6][  100/  391]   Loss 1.548189   QE Loss 0.000000   Distribution Loss -0.086360   IDM Loss 0.000000   Top1 45.789062   Top5 87.507812   LR 0.099384   QLR 0.000010   
2025-12-17 13:48:56,750 - INFO  - ===================================================================================================================
2025-12-17 13:49:06,470 - INFO  - Max Training [6][  120/  391]   Loss 1.514078   QE Loss 0.000000   Distribution Loss 0.000000   IDM Loss 0.000000   Top1 47.467448   Top5 90.117188   LR 0.099384   QLR 0.000010   
2025-12-17 13:49:06,470 - INFO  - Mixed 0 Training [6][  120/  391]   Loss 1.532273   QE Loss 0.000000   Distribution Loss -0.081358   IDM Loss 0.000000   Top1 46.067708   Top5 87.845052   LR 0.099384   QLR 0.000010   
2025-12-17 13:49:06,470 - INFO  - Mixed 1 Training [6][  120/  391]   Loss 1.528621   QE Loss 0.000000   Distribution Loss -0.089607   IDM Loss 0.000000   Top1 45.781250   Top5 88.079427   LR 0.099384   QLR 0.000010   
2025-12-17 13:49:06,470 - INFO  - Mixed 2 Training [6][  120/  391]   Loss 1.538722   QE Loss 0.000000   Distribution Loss -0.085686   IDM Loss 0.000000   Top1 45.852865   Top5 87.786458   LR 0.099384   QLR 0.000010   
2025-12-17 13:49:06,472 - INFO  - ===================================================================================================================
2025-12-17 13:49:15,981 - INFO  - Max Training [6][  140/  391]   Loss 1.500679   QE Loss 0.000000   Distribution Loss 0.000000   IDM Loss 0.000000   Top1 48.208705   Top5 90.217634   LR 0.099384   QLR 0.000010   
2025-12-17 13:49:15,981 - INFO  - Mixed 0 Training [6][  140/  391]   Loss 1.519462   QE Loss 0.000000   Distribution Loss -0.084352   IDM Loss 0.000000   Top1 46.685268   Top5 87.734375   LR 0.099384   QLR 0.000010   
2025-12-17 13:49:15,981 - INFO  - Mixed 1 Training [6][  140/  391]   Loss 1.511753   QE Loss 0.000000   Distribution Loss -0.094339   IDM Loss 0.000000   Top1 46.456473   Top5 87.963170   LR 0.099384   QLR 0.000010   
2025-12-17 13:49:15,982 - INFO  - Mixed 2 Training [6][  140/  391]   Loss 1.524116   QE Loss 0.000000   Distribution Loss -0.086766   IDM Loss 0.000000   Top1 46.601562   Top5 87.767857   LR 0.099384   QLR 0.000010   
2025-12-17 13:49:15,983 - INFO  - ===================================================================================================================
2025-12-17 13:49:25,647 - INFO  - Max Training [6][  160/  391]   Loss 1.490933   QE Loss 0.000000   Distribution Loss 0.000000   IDM Loss 0.000000   Top1 48.271484   Top5 90.336914   LR 0.099384   QLR 0.000010   
2025-12-17 13:49:25,648 - INFO  - Mixed 0 Training [6][  160/  391]   Loss 1.509973   QE Loss 0.000000   Distribution Loss -0.083999   IDM Loss 0.000000   Top1 46.757812   Top5 88.046875   LR 0.099384   QLR 0.000010   
2025-12-17 13:49:25,648 - INFO  - Mixed 1 Training [6][  160/  391]   Loss 1.498514   QE Loss 0.000000   Distribution Loss -0.095021   IDM Loss 0.000000   Top1 46.650391   Top5 88.256836   LR 0.099384   QLR 0.000010   
2025-12-17 13:49:25,648 - INFO  - Mixed 2 Training [6][  160/  391]   Loss 1.511448   QE Loss 0.000000   Distribution Loss -0.088193   IDM Loss 0.000000   Top1 46.674805   Top5 88.051758   LR 0.099384   QLR 0.000010   
2025-12-17 13:49:25,649 - INFO  - ===================================================================================================================
2025-12-17 13:49:35,270 - INFO  - Max Training [6][  180/  391]   Loss 1.477581   QE Loss 0.000000   Distribution Loss 0.000000   IDM Loss 0.000000   Top1 48.563368   Top5 90.620660   LR 0.099384   QLR 0.000010   
2025-12-17 13:49:35,270 - INFO  - Mixed 0 Training [6][  180/  391]   Loss 1.494495   QE Loss 0.000000   Distribution Loss -0.084822   IDM Loss 0.000000   Top1 47.109375   Top5 88.324653   LR 0.099384   QLR 0.000010   
2025-12-17 13:49:35,270 - INFO  - Mixed 1 Training [6][  180/  391]   Loss 1.486832   QE Loss 0.000000   Distribution Loss -0.092449   IDM Loss 0.000000   Top1 47.013889   Top5 88.485243   LR 0.099384   QLR 0.000010   
2025-12-17 13:49:35,270 - INFO  - Mixed 2 Training [6][  180/  391]   Loss 1.495141   QE Loss 0.000000   Distribution Loss -0.089001   IDM Loss 0.000000   Top1 47.048611   Top5 88.415799   LR 0.099384   QLR 0.000010   
2025-12-17 13:49:35,273 - INFO  - ===================================================================================================================
2025-12-17 13:49:44,524 - INFO  - Max Training [6][  200/  391]   Loss 1.463953   QE Loss 0.000000   Distribution Loss 0.000000   IDM Loss 0.000000   Top1 49.152344   Top5 90.812500   LR 0.099384   QLR 0.000010   
2025-12-17 13:49:44,524 - INFO  - Mixed 0 Training [6][  200/  391]   Loss 1.479707   QE Loss 0.000000   Distribution Loss -0.085632   IDM Loss 0.000000   Top1 47.562500   Top5 88.503906   LR 0.099384   QLR 0.000010   
2025-12-17 13:49:44,524 - INFO  - Mixed 1 Training [6][  200/  391]   Loss 1.473494   QE Loss 0.000000   Distribution Loss -0.091273   IDM Loss 0.000000   Top1 47.507812   Top5 88.652344   LR 0.099384   QLR 0.000010   
2025-12-17 13:49:44,524 - INFO  - Mixed 2 Training [6][  200/  391]   Loss 1.482324   QE Loss 0.000000   Distribution Loss -0.086500   IDM Loss 0.000000   Top1 47.562500   Top5 88.609375   LR 0.099384   QLR 0.000010   
2025-12-17 13:49:44,527 - INFO  - ===================================================================================================================
2025-12-17 13:49:54,038 - INFO  - Max Training [6][  220/  391]   Loss 1.455180   QE Loss 0.000000   Distribution Loss 0.000000   IDM Loss 0.000000   Top1 49.154830   Top5 91.104403   LR 0.099384   QLR 0.000010   
2025-12-17 13:49:54,039 - INFO  - Mixed 0 Training [6][  220/  391]   Loss 1.471863   QE Loss 0.000000   Distribution Loss -0.085356   IDM Loss 0.000000   Top1 47.659801   Top5 88.771307   LR 0.099384   QLR 0.000010   
2025-12-17 13:49:54,039 - INFO  - Mixed 1 Training [6][  220/  391]   Loss 1.466143   QE Loss 0.000000   Distribution Loss -0.090035   IDM Loss 0.000000   Top1 47.585227   Top5 88.973722   LR 0.099384   QLR 0.000010   
2025-12-17 13:49:54,039 - INFO  - Mixed 2 Training [6][  220/  391]   Loss 1.473590   QE Loss 0.000000   Distribution Loss -0.086288   IDM Loss 0.000000   Top1 47.649148   Top5 88.945312   LR 0.099384   QLR 0.000010   
2025-12-17 13:49:54,041 - INFO  - ===================================================================================================================
2025-12-17 13:50:03,535 - INFO  - Max Training [6][  240/  391]   Loss 1.453204   QE Loss 0.000000   Distribution Loss 0.000000   IDM Loss 0.000000   Top1 49.218750   Top5 91.110026   LR 0.099384   QLR 0.000010   
2025-12-17 13:50:03,535 - INFO  - Mixed 0 Training [6][  240/  391]   Loss 1.472538   QE Loss 0.000000   Distribution Loss -0.084433   IDM Loss 0.000000   Top1 47.613932   Top5 88.750000   LR 0.099384   QLR 0.000010   
2025-12-17 13:50:03,535 - INFO  - Mixed 1 Training [6][  240/  391]   Loss 1.464505   QE Loss 0.000000   Distribution Loss -0.089920   IDM Loss 0.000000   Top1 47.571615   Top5 88.990885   LR 0.099384   QLR 0.000010   
2025-12-17 13:50:03,535 - INFO  - Mixed 2 Training [6][  240/  391]   Loss 1.471321   QE Loss 0.000000   Distribution Loss -0.086282   IDM Loss 0.000000   Top1 47.649740   Top5 88.984375   LR 0.099384   QLR 0.000010   
2025-12-17 13:50:03,538 - INFO  - ===================================================================================================================
2025-12-17 13:50:13,181 - INFO  - Max Training [6][  260/  391]   Loss 1.443630   QE Loss 0.000000   Distribution Loss 0.000000   IDM Loss 0.000000   Top1 49.468149   Top5 91.228966   LR 0.099384   QLR 0.000010   
2025-12-17 13:50:13,181 - INFO  - Mixed 0 Training [6][  260/  391]   Loss 1.461695   QE Loss 0.000000   Distribution Loss -0.085509   IDM Loss 0.000000   Top1 47.851562   Top5 88.942308   LR 0.099384   QLR 0.000010   
2025-12-17 13:50:13,181 - INFO  - Mixed 1 Training [6][  260/  391]   Loss 1.455579   QE Loss 0.000000   Distribution Loss -0.089000   IDM Loss 0.000000   Top1 47.857572   Top5 89.164663   LR 0.099384   QLR 0.000010   
2025-12-17 13:50:13,181 - INFO  - Mixed 2 Training [6][  260/  391]   Loss 1.462588   QE Loss 0.000000   Distribution Loss -0.085450   IDM Loss 0.000000   Top1 47.884615   Top5 89.104567   LR 0.099384   QLR 0.000010   
2025-12-17 13:50:13,183 - INFO  - ===================================================================================================================
2025-12-17 13:50:22,742 - INFO  - Max Training [6][  280/  391]   Loss 1.436354   QE Loss 0.000000   Distribution Loss 0.000000   IDM Loss 0.000000   Top1 49.707031   Top5 91.333705   LR 0.099384   QLR 0.000010   
2025-12-17 13:50:22,742 - INFO  - Mixed 0 Training [6][  280/  391]   Loss 1.456128   QE Loss 0.000000   Distribution Loss -0.084382   IDM Loss 0.000000   Top1 48.116629   Top5 89.112723   LR 0.099384   QLR 0.000010   
2025-12-17 13:50:22,742 - INFO  - Mixed 1 Training [6][  280/  391]   Loss 1.448732   QE Loss 0.000000   Distribution Loss -0.089245   IDM Loss 0.000000   Top1 48.141741   Top5 89.282924   LR 0.099384   QLR 0.000010   
2025-12-17 13:50:22,742 - INFO  - Mixed 2 Training [6][  280/  391]   Loss 1.455250   QE Loss 0.000000   Distribution Loss -0.084812   IDM Loss 0.000000   Top1 48.130580   Top5 89.204799   LR 0.099384   QLR 0.000010   
2025-12-17 13:50:22,744 - INFO  - ===================================================================================================================
2025-12-17 13:50:32,407 - INFO  - Max Training [6][  300/  391]   Loss 1.430209   QE Loss 0.000000   Distribution Loss 0.000000   IDM Loss 0.000000   Top1 50.000000   Top5 91.356771   LR 0.099384   QLR 0.000010   
2025-12-17 13:50:32,407 - INFO  - Mixed 0 Training [6][  300/  391]   Loss 1.448337   QE Loss 0.000000   Distribution Loss -0.085191   IDM Loss 0.000000   Top1 48.395833   Top5 89.190104   LR 0.099384   QLR 0.000010   
2025-12-17 13:50:32,408 - INFO  - Mixed 1 Training [6][  300/  391]   Loss 1.440770   QE Loss 0.000000   Distribution Loss -0.090519   IDM Loss 0.000000   Top1 48.388021   Top5 89.325521   LR 0.099384   QLR 0.000010   
2025-12-17 13:50:32,408 - INFO  - Mixed 2 Training [6][  300/  391]   Loss 1.447360   QE Loss 0.000000   Distribution Loss -0.085632   IDM Loss 0.000000   Top1 48.429688   Top5 89.281250   LR 0.099384   QLR 0.000010   
2025-12-17 13:50:32,409 - INFO  - ===================================================================================================================
2025-12-17 13:50:42,004 - INFO  - Max Training [6][  320/  391]   Loss 1.423223   QE Loss 0.000000   Distribution Loss 0.000000   IDM Loss 0.000000   Top1 50.224609   Top5 91.452637   LR 0.099384   QLR 0.000010   
2025-12-17 13:50:42,005 - INFO  - Mixed 0 Training [6][  320/  391]   Loss 1.440346   QE Loss 0.000000   Distribution Loss -0.084989   IDM Loss 0.000000   Top1 48.676758   Top5 89.277344   LR 0.099384   QLR 0.000010   
2025-12-17 13:50:42,005 - INFO  - Mixed 1 Training [6][  320/  391]   Loss 1.432705   QE Loss 0.000000   Distribution Loss -0.089684   IDM Loss 0.000000   Top1 48.662109   Top5 89.428711   LR 0.099384   QLR 0.000010   
2025-12-17 13:50:42,005 - INFO  - Mixed 2 Training [6][  320/  391]   Loss 1.439189   QE Loss 0.000000   Distribution Loss -0.085055   IDM Loss 0.000000   Top1 48.674316   Top5 89.389648   LR 0.099384   QLR 0.000010   
2025-12-17 13:50:42,007 - INFO  - ===================================================================================================================
2025-12-17 13:50:51,682 - INFO  - Max Training [6][  340/  391]   Loss 1.417711   QE Loss 0.000000   Distribution Loss 0.000000   IDM Loss 0.000000   Top1 50.330882   Top5 91.528033   LR 0.099384   QLR 0.000010   
2025-12-17 13:50:51,682 - INFO  - Mixed 0 Training [6][  340/  391]   Loss 1.433693   QE Loss 0.000000   Distribution Loss -0.085283   IDM Loss 0.000000   Top1 48.851103   Top5 89.375000   LR 0.099384   QLR 0.000010   
2025-12-17 13:50:51,683 - INFO  - Mixed 1 Training [6][  340/  391]   Loss 1.428516   QE Loss 0.000000   Distribution Loss -0.088214   IDM Loss 0.000000   Top1 48.775276   Top5 89.522059   LR 0.099384   QLR 0.000010   
2025-12-17 13:50:51,683 - INFO  - Mixed 2 Training [6][  340/  391]   Loss 1.432715   QE Loss 0.000000   Distribution Loss -0.085720   IDM Loss 0.000000   Top1 48.791360   Top5 89.476103   LR 0.099384   QLR 0.000010   
2025-12-17 13:50:51,684 - INFO  - ===================================================================================================================
2025-12-17 13:51:01,398 - INFO  - Max Training [6][  360/  391]   Loss 1.408591   QE Loss 0.000000   Distribution Loss 0.000000   IDM Loss 0.000000   Top1 50.570747   Top5 91.621094   LR 0.099384   QLR 0.000010   
2025-12-17 13:51:01,398 - INFO  - Mixed 0 Training [6][  360/  391]   Loss 1.423802   QE Loss 0.000000   Distribution Loss -0.085335   IDM Loss 0.000000   Top1 49.123264   Top5 89.518229   LR 0.099384   QLR 0.000010   
2025-12-17 13:51:01,398 - INFO  - Mixed 1 Training [6][  360/  391]   Loss 1.418403   QE Loss 0.000000   Distribution Loss -0.088550   IDM Loss 0.000000   Top1 49.051649   Top5 89.676649   LR 0.099384   QLR 0.000010   
2025-12-17 13:51:01,398 - INFO  - Mixed 2 Training [6][  360/  391]   Loss 1.422734   QE Loss 0.000000   Distribution Loss -0.086131   IDM Loss 0.000000   Top1 49.062500   Top5 89.624566   LR 0.099384   QLR 0.000010   
2025-12-17 13:51:01,400 - INFO  - ===================================================================================================================
2025-12-17 13:51:10,980 - INFO  - Max Training [6][  380/  391]   Loss 1.402323   QE Loss 0.000000   Distribution Loss 0.000000   IDM Loss 0.000000   Top1 50.789474   Top5 91.685855   LR 0.099384   QLR 0.000010   
2025-12-17 13:51:10,981 - INFO  - Mixed 0 Training [6][  380/  391]   Loss 1.416789   QE Loss 0.000000   Distribution Loss -0.085062   IDM Loss 0.000000   Top1 49.362664   Top5 89.590872   LR 0.099384   QLR 0.000010   
2025-12-17 13:51:10,981 - INFO  - Mixed 1 Training [6][  380/  391]   Loss 1.411864   QE Loss 0.000000   Distribution Loss -0.087907   IDM Loss 0.000000   Top1 49.282484   Top5 89.740954   LR 0.099384   QLR 0.000010   
2025-12-17 13:51:10,981 - INFO  - Mixed 2 Training [6][  380/  391]   Loss 1.414245   QE Loss 0.000000   Distribution Loss -0.087122   IDM Loss 0.000000   Top1 49.313322   Top5 89.706003   LR 0.099384   QLR 0.000010   
2025-12-17 13:51:10,983 - INFO  - ===================================================================================================================
2025-12-17 13:51:15,843 - INFO  - ==> Max Top1: 50.855    Top5: 91.753    Loss: 1.399
2025-12-17 13:51:15,843 - INFO  - ==> Mixed 0 Top1: 49.419    Top5: 89.667    Loss: 1.412
2025-12-17 13:51:15,844 - INFO  - ==> Mixed 1 Top1: 49.355    Top5: 89.786    Loss: 1.408
2025-12-17 13:51:15,844 - INFO  - ==> Mixed 2 Top1: 49.405    Top5: 89.774    Loss: 1.411
2025-12-17 13:51:15,844 - INFO  - Epoch   6 Summary - Train Top1: 50.855%  Top5: 91.753%  Loss: 1.3990
2025-12-17 13:51:15,844 - INFO  -   ⏱️  本Epoch耗时: 3分7秒 | 平均Epoch耗时: 3分7秒 | 剩余Epoch数: 113
2025-12-17 13:51:15,844 - INFO  -   📅 预估剩余时间: 5小时52分59秒 | 预估完成时间: 2025-12-17 19:44:15
2025-12-17 13:51:15,845 - INFO  - Scoreboard best 1 ==> Epoch [6][Top1: 0.000   Top5: 0.000]
2025-12-17 13:51:15,845 - INFO  - Scoreboard best 2 ==> Epoch [5][Top1: 0.000   Top5: 0.000]
2025-12-17 13:51:15,846 - INFO  - Scoreboard best 3 ==> Epoch [4][Top1: 0.000   Top5: 0.000]
2025-12-17 13:51:16,551 - INFO  - ([6] Epoch) Saving checkpoint to:
             Current: /root/autodl-tmp/retraining-free-quantization/training/resnet18_cifar10_single_gpu_normal_srqat_ls0/resnet18_cifar10_single_gpu_normal_srqat_ls0_checkpoint.pth.tar

2025-12-17 13:51:16,554 - INFO  - >>>>>>>> Epoch   7
2025-12-17 13:51:16,554 - INFO  - Training: 50000 samples (128 per mini-batch)
2025-12-17 13:51:17,389 - INFO  - [Freezing] layer layer4.1.conv2, 0.07114623486995697, [6, 5, 4, 3, 2] -> [6, 5, 4, 3]
2025-12-17 13:51:17,389 - INFO  - [Freezing] layer layer4.0.conv2, 0.07081229239702225, [6, 5, 4, 3, 2] -> [6, 5, 4, 3]
2025-12-17 13:51:17,390 - INFO  - [Freezing] layer layer3.0.downsample.0, 0.0703652948141098, [6, 5, 4, 3, 2] -> [6, 5, 4, 3]
2025-12-17 13:51:17,390 - INFO  - [Freezing] layer layer3.1.conv2, 0.07036274671554565, [6, 5, 4, 3, 2] -> [6, 5, 4, 3]
2025-12-17 13:51:17,390 - INFO  - [Freezing] layer layer3.1.conv1, 0.07014107704162598, [6, 5, 4, 3, 2] -> [6, 5, 4, 3]
2025-12-17 13:51:17,390 - INFO  - [Freezing] layer layer4.0.conv1, 0.07012555748224258, [6, 5, 4, 3, 2] -> [6, 5, 4, 3]
2025-12-17 13:51:17,390 - INFO  - [Freezing] layer layer4.1.conv1, 0.06999777257442474, [6, 5, 4, 3, 2] -> [6, 5, 4, 3]
2025-12-17 13:51:17,391 - INFO  - [Freezing] layer layer3.0.conv2, 0.06982185691595078, [6, 5, 4, 3, 2] -> [6, 5, 4, 3]
2025-12-17 13:51:17,391 - INFO  - [Freezing] layer layer4.0.downsample.0, 0.06969811022281647, [6, 5, 4, 3, 2] -> [6, 5, 4, 3]
2025-12-17 13:51:17,391 - INFO  - [Activating] layer layer2.1.conv1, 0.06928987056016922, [6, 5, 4, 3, 2] -> (6, 5, 4, 3, 2)
2025-12-17 13:51:17,391 - INFO  - [Activating] layer layer2.1.conv2, 0.06917539238929749, [6, 5, 4, 3, 2] -> (6, 5, 4, 3, 2)
2025-12-17 13:51:17,391 - INFO  - [Activating] layer layer3.0.conv1, 0.0688011571764946, [6, 5, 4, 3, 2] -> (6, 5, 4, 3, 2)
2025-12-17 13:51:17,391 - INFO  - [Activating] layer layer2.0.conv2, 0.06858992576599121, [6, 5, 4, 3, 2] -> (6, 5, 4, 3, 2)
2025-12-17 13:51:17,392 - INFO  - [Activating] layer layer2.0.downsample.0, 0.0682881698012352, [6, 5, 4, 3, 2] -> (6, 5, 4, 3, 2)
2025-12-17 13:51:17,392 - INFO  - [Activating] layer layer1.1.conv2, 0.06775426864624023, [6, 5, 4, 3, 2] -> (6, 5, 4, 3, 2)
2025-12-17 13:51:17,392 - INFO  - [Activating] layer layer1.1.conv1, 0.06665220111608505, [6, 5, 4, 3, 2] -> (6, 5, 4, 3, 2)
2025-12-17 13:51:17,392 - INFO  - [Activating] layer layer2.0.conv1, 0.06570398807525635, [6, 5, 4, 3, 2] -> (6, 5, 4, 3, 2)
2025-12-17 13:51:17,392 - INFO  - [Activating] layer layer1.0.conv2, 0.06446397304534912, [6, 5, 4, 3, 2] -> (6, 5, 4, 3, 2)
2025-12-17 13:51:17,392 - INFO  - [Activating] layer layer1.0.conv1, 0.06402262300252914, [6, 5, 4, 3, 2] -> (6, 5, 4, 3, 2)
2025-12-17 13:51:17,392 - INFO  - Current freezing ratio: 0.49979443021318604
2025-12-17 13:51:17,771 - INFO  - [FAT] Batch 0, Iter 0: FAT is DISABLED, using standard training
2025-12-17 13:51:27,365 - INFO  - Max Training [7][   20/  391]   Loss 1.277092   QE Loss 0.000000   Distribution Loss 0.000000   IDM Loss 0.000000   Top1 54.492188   Top5 93.515625   LR 0.099163   QLR 0.000010   
2025-12-17 13:51:27,365 - INFO  - Mixed 0 Training [7][   20/  391]   Loss 1.330218   QE Loss 0.000000   Distribution Loss -0.028998   IDM Loss 0.000000   Top1 53.945312   Top5 92.421875   LR 0.099163   QLR 0.000010   
2025-12-17 13:51:27,365 - INFO  - Mixed 1 Training [7][   20/  391]   Loss 1.315153   QE Loss 0.000000   Distribution Loss -0.032067   IDM Loss 0.000000   Top1 53.671875   Top5 92.578125   LR 0.099163   QLR 0.000010   
2025-12-17 13:51:27,365 - INFO  - Mixed 2 Training [7][   20/  391]   Loss 1.326291   QE Loss 0.000000   Distribution Loss -0.022793   IDM Loss 0.000000   Top1 54.375000   Top5 92.421875   LR 0.099163   QLR 0.000010   
2025-12-17 13:51:27,367 - INFO  - ===================================================================================================================
2025-12-17 13:51:36,868 - INFO  - Max Training [7][   40/  391]   Loss 1.289714   QE Loss 0.000000   Distribution Loss 0.000000   IDM Loss 0.000000   Top1 54.726562   Top5 92.695312   LR 0.099163   QLR 0.000010   
2025-12-17 13:51:36,868 - INFO  - Mixed 0 Training [7][   40/  391]   Loss 1.338469   QE Loss 0.000000   Distribution Loss -0.026960   IDM Loss 0.000000   Top1 53.730469   Top5 91.445312   LR 0.099163   QLR 0.000010   
2025-12-17 13:51:36,868 - INFO  - Mixed 1 Training [7][   40/  391]   Loss 1.340513   QE Loss 0.000000   Distribution Loss -0.027235   IDM Loss 0.000000   Top1 53.671875   Top5 91.347656   LR 0.099163   QLR 0.000010   
2025-12-17 13:51:36,869 - INFO  - Mixed 2 Training [7][   40/  391]   Loss 1.336558   QE Loss 0.000000   Distribution Loss -0.027486   IDM Loss 0.000000   Top1 54.140625   Top5 91.171875   LR 0.099163   QLR 0.000010   
2025-12-17 13:51:36,870 - INFO  - ===================================================================================================================
2025-12-17 13:51:46,339 - INFO  - Max Training [7][   60/  391]   Loss 1.273517   QE Loss 0.000000   Distribution Loss 0.000000   IDM Loss 0.000000   Top1 56.080729   Top5 93.007812   LR 0.099163   QLR 0.000010   
2025-12-17 13:51:46,340 - INFO  - Mixed 0 Training [7][   60/  391]   Loss 1.315110   QE Loss 0.000000   Distribution Loss -0.029759   IDM Loss 0.000000   Top1 55.208333   Top5 91.562500   LR 0.099163   QLR 0.000010   
2025-12-17 13:51:46,340 - INFO  - Mixed 1 Training [7][   60/  391]   Loss 1.319587   QE Loss 0.000000   Distribution Loss -0.027068   IDM Loss 0.000000   Top1 55.156250   Top5 91.549479   LR 0.099163   QLR 0.000010   
2025-12-17 13:51:46,340 - INFO  - Mixed 2 Training [7][   60/  391]   Loss 1.311557   QE Loss 0.000000   Distribution Loss -0.027957   IDM Loss 0.000000   Top1 55.546875   Top5 91.640625   LR 0.099163   QLR 0.000010   
2025-12-17 13:51:46,342 - INFO  - ===================================================================================================================
2025-12-17 13:51:56,058 - INFO  - Max Training [7][   80/  391]   Loss 1.266937   QE Loss 0.000000   Distribution Loss 0.000000   IDM Loss 0.000000   Top1 56.064453   Top5 93.125000   LR 0.099163   QLR 0.000010   
2025-12-17 13:51:56,059 - INFO  - Mixed 0 Training [7][   80/  391]   Loss 1.304948   QE Loss 0.000000   Distribution Loss -0.028906   IDM Loss 0.000000   Top1 55.234375   Top5 91.894531   LR 0.099163   QLR 0.000010   
2025-12-17 13:51:56,059 - INFO  - Mixed 1 Training [7][   80/  391]   Loss 1.308678   QE Loss 0.000000   Distribution Loss -0.029096   IDM Loss 0.000000   Top1 55.175781   Top5 91.806641   LR 0.099163   QLR 0.000010   
2025-12-17 13:51:56,059 - INFO  - Mixed 2 Training [7][   80/  391]   Loss 1.303005   QE Loss 0.000000   Distribution Loss -0.027613   IDM Loss 0.000000   Top1 55.292969   Top5 91.884766   LR 0.099163   QLR 0.000010   
2025-12-17 13:51:56,061 - INFO  - ===================================================================================================================
2025-12-17 13:52:05,654 - INFO  - Max Training [7][  100/  391]   Loss 1.262999   QE Loss 0.000000   Distribution Loss 0.000000   IDM Loss 0.000000   Top1 55.835938   Top5 93.093750   LR 0.099163   QLR 0.000010   
2025-12-17 13:52:05,655 - INFO  - Mixed 0 Training [7][  100/  391]   Loss 1.294749   QE Loss 0.000000   Distribution Loss -0.029388   IDM Loss 0.000000   Top1 55.085938   Top5 92.062500   LR 0.099163   QLR 0.000010   
2025-12-17 13:52:05,655 - INFO  - Mixed 1 Training [7][  100/  391]   Loss 1.302641   QE Loss 0.000000   Distribution Loss -0.029461   IDM Loss 0.000000   Top1 54.921875   Top5 91.890625   LR 0.099163   QLR 0.000010   
2025-12-17 13:52:05,655 - INFO  - Mixed 2 Training [7][  100/  391]   Loss 1.299104   QE Loss 0.000000   Distribution Loss -0.027124   IDM Loss 0.000000   Top1 55.023438   Top5 91.914062   LR 0.099163   QLR 0.000010   
2025-12-17 13:52:05,656 - INFO  - ===================================================================================================================
2025-12-17 13:52:15,145 - INFO  - Max Training [7][  120/  391]   Loss 1.275845   QE Loss 0.000000   Distribution Loss 0.000000   IDM Loss 0.000000   Top1 55.162760   Top5 92.988281   LR 0.099163   QLR 0.000010   
2025-12-17 13:52:15,145 - INFO  - Mixed 0 Training [7][  120/  391]   Loss 1.305892   QE Loss 0.000000   Distribution Loss -0.028933   IDM Loss 0.000000   Top1 54.342448   Top5 91.966146   LR 0.099163   QLR 0.000010   
2025-12-17 13:52:15,145 - INFO  - Mixed 1 Training [7][  120/  391]   Loss 1.314761   QE Loss 0.000000   Distribution Loss -0.028508   IDM Loss 0.000000   Top1 54.335938   Top5 91.855469   LR 0.099163   QLR 0.000010   
2025-12-17 13:52:15,145 - INFO  - Mixed 2 Training [7][  120/  391]   Loss 1.312221   QE Loss 0.000000   Distribution Loss -0.028298   IDM Loss 0.000000   Top1 54.335938   Top5 91.848958   LR 0.099163   QLR 0.000010   
2025-12-17 13:52:15,147 - INFO  - ===================================================================================================================
2025-12-17 13:52:24,798 - INFO  - Max Training [7][  140/  391]   Loss 1.284090   QE Loss 0.000000   Distribution Loss 0.000000   IDM Loss 0.000000   Top1 54.760045   Top5 92.924107   LR 0.099163   QLR 0.000010   
2025-12-17 13:52:24,798 - INFO  - Mixed 0 Training [7][  140/  391]   Loss 1.316348   QE Loss 0.000000   Distribution Loss -0.029298   IDM Loss 0.000000   Top1 53.995536   Top5 91.886161   LR 0.099163   QLR 0.000010   
2025-12-17 13:52:24,798 - INFO  - Mixed 1 Training [7][  140/  391]   Loss 1.324113   QE Loss 0.000000   Distribution Loss -0.027810   IDM Loss 0.000000   Top1 54.006696   Top5 91.886161   LR 0.099163   QLR 0.000010   
2025-12-17 13:52:24,798 - INFO  - Mixed 2 Training [7][  140/  391]   Loss 1.321886   QE Loss 0.000000   Distribution Loss -0.027735   IDM Loss 0.000000   Top1 53.889509   Top5 91.897321   LR 0.099163   QLR 0.000010   
2025-12-17 13:52:24,801 - INFO  - ===================================================================================================================
2025-12-17 13:52:34,343 - INFO  - Max Training [7][  160/  391]   Loss 1.282071   QE Loss 0.000000   Distribution Loss 0.000000   IDM Loss 0.000000   Top1 54.550781   Top5 93.012695   LR 0.099163   QLR 0.000010   
2025-12-17 13:52:34,344 - INFO  - Mixed 0 Training [7][  160/  391]   Loss 1.316029   QE Loss 0.000000   Distribution Loss -0.028987   IDM Loss 0.000000   Top1 53.740234   Top5 91.918945   LR 0.099163   QLR 0.000010   
2025-12-17 13:52:34,344 - INFO  - Mixed 1 Training [7][  160/  391]   Loss 1.321560   QE Loss 0.000000   Distribution Loss -0.027754   IDM Loss 0.000000   Top1 53.823242   Top5 91.958008   LR 0.099163   QLR 0.000010   
2025-12-17 13:52:34,344 - INFO  - Mixed 2 Training [7][  160/  391]   Loss 1.319684   QE Loss 0.000000   Distribution Loss -0.027463   IDM Loss 0.000000   Top1 53.740234   Top5 91.967773   LR 0.099163   QLR 0.000010   
2025-12-17 13:52:34,346 - INFO  - ===================================================================================================================
2025-12-17 13:52:43,945 - INFO  - Max Training [7][  180/  391]   Loss 1.283998   QE Loss 0.000000   Distribution Loss 0.000000   IDM Loss 0.000000   Top1 54.483507   Top5 93.046875   LR 0.099163   QLR 0.000010   
2025-12-17 13:52:43,946 - INFO  - Mixed 0 Training [7][  180/  391]   Loss 1.316276   QE Loss 0.000000   Distribution Loss -0.029236   IDM Loss 0.000000   Top1 53.797743   Top5 92.061632   LR 0.099163   QLR 0.000010   
2025-12-17 13:52:43,946 - INFO  - Mixed 1 Training [7][  180/  391]   Loss 1.322653   QE Loss 0.000000   Distribution Loss -0.027499   IDM Loss 0.000000   Top1 53.867188   Top5 92.035590   LR 0.099163   QLR 0.000010   
2025-12-17 13:52:43,946 - INFO  - Mixed 2 Training [7][  180/  391]   Loss 1.319153   QE Loss 0.000000   Distribution Loss -0.028340   IDM Loss 0.000000   Top1 53.702257   Top5 92.052951   LR 0.099163   QLR 0.000010   
2025-12-17 13:52:43,948 - INFO  - ===================================================================================================================
2025-12-17 13:52:53,453 - INFO  - Max Training [7][  200/  391]   Loss 1.281815   QE Loss 0.000000   Distribution Loss 0.000000   IDM Loss 0.000000   Top1 54.371094   Top5 93.195312   LR 0.099163   QLR 0.000010   
2025-12-17 13:52:53,454 - INFO  - Mixed 0 Training [7][  200/  391]   Loss 1.312628   QE Loss 0.000000   Distribution Loss -0.029409   IDM Loss 0.000000   Top1 53.738281   Top5 92.207031   LR 0.099163   QLR 0.000010   
2025-12-17 13:52:53,454 - INFO  - Mixed 1 Training [7][  200/  391]   Loss 1.318455   QE Loss 0.000000   Distribution Loss -0.027531   IDM Loss 0.000000   Top1 53.824219   Top5 92.164062   LR 0.099163   QLR 0.000010   
2025-12-17 13:52:53,454 - INFO  - Mixed 2 Training [7][  200/  391]   Loss 1.315253   QE Loss 0.000000   Distribution Loss -0.028379   IDM Loss 0.000000   Top1 53.644531   Top5 92.242188   LR 0.099163   QLR 0.000010   
2025-12-17 13:52:53,456 - INFO  - ===================================================================================================================
2025-12-17 13:53:03,102 - INFO  - Max Training [7][  220/  391]   Loss 1.278083   QE Loss 0.000000   Distribution Loss 0.000000   IDM Loss 0.000000   Top1 54.570312   Top5 93.199574   LR 0.099163   QLR 0.000010   
2025-12-17 13:53:03,102 - INFO  - Mixed 0 Training [7][  220/  391]   Loss 1.308647   QE Loss 0.000000   Distribution Loss -0.029472   IDM Loss 0.000000   Top1 53.938210   Top5 92.148438   LR 0.099163   QLR 0.000010   
2025-12-17 13:53:03,102 - INFO  - Mixed 1 Training [7][  220/  391]   Loss 1.313407   QE Loss 0.000000   Distribution Loss -0.027545   IDM Loss 0.000000   Top1 53.987926   Top5 92.187500   LR 0.099163   QLR 0.000010   
2025-12-17 13:53:03,102 - INFO  - Mixed 2 Training [7][  220/  391]   Loss 1.310250   QE Loss 0.000000   Distribution Loss -0.029279   IDM Loss 0.000000   Top1 53.778409   Top5 92.230114   LR 0.099163   QLR 0.000010   
2025-12-17 13:53:03,104 - INFO  - ===================================================================================================================
2025-12-17 13:53:12,774 - INFO  - Max Training [7][  240/  391]   Loss 1.268941   QE Loss 0.000000   Distribution Loss 0.000000   IDM Loss 0.000000   Top1 54.739583   Top5 93.382161   LR 0.099163   QLR 0.000010   
2025-12-17 13:53:12,774 - INFO  - Mixed 0 Training [7][  240/  391]   Loss 1.298449   QE Loss 0.000000   Distribution Loss -0.028918   IDM Loss 0.000000   Top1 54.069010   Top5 92.360026   LR 0.099163   QLR 0.000010   
2025-12-17 13:53:12,774 - INFO  - Mixed 1 Training [7][  240/  391]   Loss 1.303365   QE Loss 0.000000   Distribution Loss -0.027219   IDM Loss 0.000000   Top1 54.072266   Top5 92.386068   LR 0.099163   QLR 0.000010   
2025-12-17 13:53:12,774 - INFO  - Mixed 2 Training [7][  240/  391]   Loss 1.300353   QE Loss 0.000000   Distribution Loss -0.029058   IDM Loss 0.000000   Top1 53.906250   Top5 92.460938   LR 0.099163   QLR 0.000010   
2025-12-17 13:53:12,776 - INFO  - ===================================================================================================================
2025-12-17 13:53:22,284 - INFO  - Max Training [7][  260/  391]   Loss 1.272059   QE Loss 0.000000   Distribution Loss 0.000000   IDM Loss 0.000000   Top1 54.768630   Top5 93.251202   LR 0.099163   QLR 0.000010   
2025-12-17 13:53:22,284 - INFO  - Mixed 0 Training [7][  260/  391]   Loss 1.303498   QE Loss 0.000000   Distribution Loss -0.028561   IDM Loss 0.000000   Top1 54.032452   Top5 92.223558   LR 0.099163   QLR 0.000010   
2025-12-17 13:53:22,284 - INFO  - Mixed 1 Training [7][  260/  391]   Loss 1.308731   QE Loss 0.000000   Distribution Loss -0.027310   IDM Loss 0.000000   Top1 54.050481   Top5 92.289663   LR 0.099163   QLR 0.000010   
2025-12-17 13:53:22,284 - INFO  - Mixed 2 Training [7][  260/  391]   Loss 1.306226   QE Loss 0.000000   Distribution Loss -0.028819   IDM Loss 0.000000   Top1 53.897236   Top5 92.313702   LR 0.099163   QLR 0.000010   
2025-12-17 13:53:22,286 - INFO  - ===================================================================================================================
2025-12-17 13:53:31,712 - INFO  - Max Training [7][  280/  391]   Loss 1.279872   QE Loss 0.000000   Distribution Loss 0.000000   IDM Loss 0.000000   Top1 54.408482   Top5 93.191964   LR 0.099163   QLR 0.000010   
2025-12-17 13:53:31,712 - INFO  - Mixed 0 Training [7][  280/  391]   Loss 1.311173   QE Loss 0.000000   Distribution Loss -0.028466   IDM Loss 0.000000   Top1 53.666295   Top5 92.179129   LR 0.099163   QLR 0.000010   
2025-12-17 13:53:31,713 - INFO  - Mixed 1 Training [7][  280/  391]   Loss 1.315516   QE Loss 0.000000   Distribution Loss -0.027475   IDM Loss 0.000000   Top1 53.683036   Top5 92.260045   LR 0.099163   QLR 0.000010   
2025-12-17 13:53:31,713 - INFO  - Mixed 2 Training [7][  280/  391]   Loss 1.312341   QE Loss 0.000000   Distribution Loss -0.029466   IDM Loss 0.000000   Top1 53.537946   Top5 92.293527   LR 0.099163   QLR 0.000010   
2025-12-17 13:53:31,714 - INFO  - ===================================================================================================================
2025-12-17 13:53:41,085 - INFO  - Max Training [7][  300/  391]   Loss 1.281743   QE Loss 0.000000   Distribution Loss 0.000000   IDM Loss 0.000000   Top1 54.450521   Top5 93.169271   LR 0.099163   QLR 0.000010   
2025-12-17 13:53:41,085 - INFO  - Mixed 0 Training [7][  300/  391]   Loss 1.313135   QE Loss 0.000000   Distribution Loss -0.028874   IDM Loss 0.000000   Top1 53.721354   Top5 92.179688   LR 0.099163   QLR 0.000010   
2025-12-17 13:53:41,085 - INFO  - Mixed 1 Training [7][  300/  391]   Loss 1.316540   QE Loss 0.000000   Distribution Loss -0.027864   IDM Loss 0.000000   Top1 53.726562   Top5 92.239583   LR 0.099163   QLR 0.000010   
2025-12-17 13:53:41,085 - INFO  - Mixed 2 Training [7][  300/  391]   Loss 1.314037   QE Loss 0.000000   Distribution Loss -0.029378   IDM Loss 0.000000   Top1 53.559896   Top5 92.265625   LR 0.099163   QLR 0.000010   
2025-12-17 13:53:41,087 - INFO  - ===================================================================================================================
2025-12-17 13:53:50,701 - INFO  - Max Training [7][  320/  391]   Loss 1.294050   QE Loss 0.000000   Distribution Loss 0.000000   IDM Loss 0.000000   Top1 54.113770   Top5 92.995605   LR 0.099163   QLR 0.000010   
2025-12-17 13:53:50,701 - INFO  - Mixed 0 Training [7][  320/  391]   Loss 1.327291   QE Loss 0.000000   Distribution Loss -0.029104   IDM Loss 0.000000   Top1 53.344727   Top5 92.033691   LR 0.099163   QLR 0.000010   
2025-12-17 13:53:50,701 - INFO  - Mixed 1 Training [7][  320/  391]   Loss 1.331825   QE Loss 0.000000   Distribution Loss -0.027842   IDM Loss 0.000000   Top1 53.337402   Top5 92.067871   LR 0.099163   QLR 0.000010   
2025-12-17 13:53:50,701 - INFO  - Mixed 2 Training [7][  320/  391]   Loss 1.329763   QE Loss 0.000000   Distribution Loss -0.029122   IDM Loss 0.000000   Top1 53.193359   Top5 92.084961   LR 0.099163   QLR 0.000010   
2025-12-17 13:53:50,703 - INFO  - ===================================================================================================================
2025-12-17 13:54:00,069 - INFO  - Max Training [7][  340/  391]   Loss 1.296978   QE Loss 0.000000   Distribution Loss 0.000000   IDM Loss 0.000000   Top1 54.046415   Top5 92.909007   LR 0.099163   QLR 0.000010   
2025-12-17 13:54:00,070 - INFO  - Mixed 0 Training [7][  340/  391]   Loss 1.330452   QE Loss 0.000000   Distribution Loss -0.029189   IDM Loss 0.000000   Top1 53.251379   Top5 91.978401   LR 0.099163   QLR 0.000010   
2025-12-17 13:54:00,070 - INFO  - Mixed 1 Training [7][  340/  391]   Loss 1.336496   QE Loss 0.000000   Distribution Loss -0.028057   IDM Loss 0.000000   Top1 53.216912   Top5 92.017463   LR 0.099163   QLR 0.000010   
2025-12-17 13:54:00,070 - INFO  - Mixed 2 Training [7][  340/  391]   Loss 1.333919   QE Loss 0.000000   Distribution Loss -0.029603   IDM Loss 0.000000   Top1 53.033088   Top5 91.976103   LR 0.099163   QLR 0.000010   
2025-12-17 13:54:00,071 - INFO  - ===================================================================================================================
2025-12-17 13:54:09,583 - INFO  - Max Training [7][  360/  391]   Loss 1.297460   QE Loss 0.000000   Distribution Loss 0.000000   IDM Loss 0.000000   Top1 54.051649   Top5 92.862413   LR 0.099163   QLR 0.000010   
2025-12-17 13:54:09,583 - INFO  - Mixed 0 Training [7][  360/  391]   Loss 1.330940   QE Loss 0.000000   Distribution Loss -0.029503   IDM Loss 0.000000   Top1 53.196615   Top5 91.940104   LR 0.099163   QLR 0.000010   
2025-12-17 13:54:09,583 - INFO  - Mixed 1 Training [7][  360/  391]   Loss 1.336567   QE Loss 0.000000   Distribution Loss -0.028172   IDM Loss 0.000000   Top1 53.194444   Top5 91.961806   LR 0.099163   QLR 0.000010   
2025-12-17 13:54:09,583 - INFO  - Mixed 2 Training [7][  360/  391]   Loss 1.334276   QE Loss 0.000000   Distribution Loss -0.029449   IDM Loss 0.000000   Top1 53.014323   Top5 91.894531   LR 0.099163   QLR 0.000010   
2025-12-17 13:54:09,585 - INFO  - ===================================================================================================================
2025-12-17 13:54:18,988 - INFO  - Max Training [7][  380/  391]   Loss 1.297479   QE Loss 0.000000   Distribution Loss 0.000000   IDM Loss 0.000000   Top1 53.945312   Top5 92.882401   LR 0.099163   QLR 0.000010   
2025-12-17 13:54:18,989 - INFO  - Mixed 0 Training [7][  380/  391]   Loss 1.330089   QE Loss 0.000000   Distribution Loss -0.029515   IDM Loss 0.000000   Top1 53.067434   Top5 91.994243   LR 0.099163   QLR 0.000010   
2025-12-17 13:54:18,989 - INFO  - Mixed 1 Training [7][  380/  391]   Loss 1.335362   QE Loss 0.000000   Distribution Loss -0.028481   IDM Loss 0.000000   Top1 53.083882   Top5 92.000411   LR 0.099163   QLR 0.000010   
2025-12-17 13:54:18,989 - INFO  - Mixed 2 Training [7][  380/  391]   Loss 1.333522   QE Loss 0.000000   Distribution Loss -0.029684   IDM Loss 0.000000   Top1 52.933799   Top5 91.932566   LR 0.099163   QLR 0.000010   
2025-12-17 13:54:18,991 - INFO  - ===================================================================================================================
2025-12-17 13:54:23,880 - INFO  - ==> Max Top1: 54.000    Top5: 92.923    Loss: 1.295
2025-12-17 13:54:23,880 - INFO  - ==> Mixed 0 Top1: 53.105    Top5: 92.055    Loss: 1.328
2025-12-17 13:54:23,880 - INFO  - ==> Mixed 1 Top1: 53.125    Top5: 92.047    Loss: 1.333
2025-12-17 13:54:23,880 - INFO  - ==> Mixed 2 Top1: 52.985    Top5: 91.985    Loss: 1.331
2025-12-17 13:54:23,881 - INFO  - Epoch   7 Summary - Train Top1: 54.000%  Top5: 92.923%  Loss: 1.2953
2025-12-17 13:54:23,881 - INFO  -   ⏱️  本Epoch耗时: 3分7秒 | 平均Epoch耗时: 3分7秒 | 剩余Epoch数: 112
2025-12-17 13:54:23,881 - INFO  -   📅 预估剩余时间: 5小时50分18秒 | 预估完成时间: 2025-12-17 19:44:42
2025-12-17 13:54:23,882 - INFO  - Scoreboard best 1 ==> Epoch [7][Top1: 0.000   Top5: 0.000]
2025-12-17 13:54:23,882 - INFO  - Scoreboard best 2 ==> Epoch [6][Top1: 0.000   Top5: 0.000]
2025-12-17 13:54:23,882 - INFO  - Scoreboard best 3 ==> Epoch [5][Top1: 0.000   Top5: 0.000]
2025-12-17 13:54:24,559 - INFO  - ([7] Epoch) Saving checkpoint to:
             Current: /root/autodl-tmp/retraining-free-quantization/training/resnet18_cifar10_single_gpu_normal_srqat_ls0/resnet18_cifar10_single_gpu_normal_srqat_ls0_checkpoint.pth.tar

2025-12-17 13:54:24,562 - INFO  - >>>>>>>> Epoch   8
2025-12-17 13:54:24,562 - INFO  - Training: 50000 samples (128 per mini-batch)
2025-12-17 13:54:24,905 - INFO  - [FAT] Batch 0, Iter 0: FAT is DISABLED, using standard training
2025-12-17 13:54:34,181 - INFO  - Max Training [8][   20/  391]   Loss 1.221456   QE Loss 0.000000   Distribution Loss 0.000000   IDM Loss 0.000000   Top1 55.234375   Top5 94.101562   LR 0.098907   QLR 0.000010   
2025-12-17 13:54:34,181 - INFO  - Mixed 0 Training [8][   20/  391]   Loss 1.254514   QE Loss 0.000000   Distribution Loss -0.026415   IDM Loss 0.000000   Top1 54.531250   Top5 93.320312   LR 0.098907   QLR 0.000010   
2025-12-17 13:54:34,181 - INFO  - Mixed 1 Training [8][   20/  391]   Loss 1.244338   QE Loss 0.000000   Distribution Loss -0.026573   IDM Loss 0.000000   Top1 54.843750   Top5 93.632812   LR 0.098907   QLR 0.000010   
2025-12-17 13:54:34,181 - INFO  - Mixed 2 Training [8][   20/  391]   Loss 1.244723   QE Loss 0.000000   Distribution Loss -0.034447   IDM Loss 0.000000   Top1 54.140625   Top5 94.296875   LR 0.098907   QLR 0.000010   
2025-12-17 13:54:34,185 - INFO  - ===================================================================================================================
2025-12-17 13:54:43,675 - INFO  - Max Training [8][   40/  391]   Loss 1.200285   QE Loss 0.000000   Distribution Loss 0.000000   IDM Loss 0.000000   Top1 56.718750   Top5 94.316406   LR 0.098907   QLR 0.000010   
2025-12-17 13:54:43,675 - INFO  - Mixed 0 Training [8][   40/  391]   Loss 1.225039   QE Loss 0.000000   Distribution Loss -0.028404   IDM Loss 0.000000   Top1 55.761719   Top5 93.515625   LR 0.098907   QLR 0.000010   
2025-12-17 13:54:43,675 - INFO  - Mixed 1 Training [8][   40/  391]   Loss 1.217653   QE Loss 0.000000   Distribution Loss -0.031090   IDM Loss 0.000000   Top1 55.898438   Top5 93.671875   LR 0.098907   QLR 0.000010   
2025-12-17 13:54:43,675 - INFO  - Mixed 2 Training [8][   40/  391]   Loss 1.224130   QE Loss 0.000000   Distribution Loss -0.034509   IDM Loss 0.000000   Top1 55.000000   Top5 94.042969   LR 0.098907   QLR 0.000010   
2025-12-17 13:54:43,677 - INFO  - ===================================================================================================================
2025-12-17 13:54:53,180 - INFO  - Max Training [8][   60/  391]   Loss 1.198407   QE Loss 0.000000   Distribution Loss 0.000000   IDM Loss 0.000000   Top1 57.083333   Top5 94.466146   LR 0.098907   QLR 0.000010   
2025-12-17 13:54:53,180 - INFO  - Mixed 0 Training [8][   60/  391]   Loss 1.227447   QE Loss 0.000000   Distribution Loss -0.029875   IDM Loss 0.000000   Top1 56.119792   Top5 93.580729   LR 0.098907   QLR 0.000010   
2025-12-17 13:54:53,180 - INFO  - Mixed 1 Training [8][   60/  391]   Loss 1.215679   QE Loss 0.000000   Distribution Loss -0.031437   IDM Loss 0.000000   Top1 56.302083   Top5 93.841146   LR 0.098907   QLR 0.000010   
2025-12-17 13:54:53,180 - INFO  - Mixed 2 Training [8][   60/  391]   Loss 1.224470   QE Loss 0.000000   Distribution Loss -0.033644   IDM Loss 0.000000   Top1 55.742188   Top5 93.945312   LR 0.098907   QLR 0.000010   
2025-12-17 13:54:53,182 - INFO  - ===================================================================================================================
2025-12-17 13:55:02,630 - INFO  - Max Training [8][   80/  391]   Loss 1.191125   QE Loss 0.000000   Distribution Loss 0.000000   IDM Loss 0.000000   Top1 57.119141   Top5 94.443359   LR 0.098907   QLR 0.000010   
2025-12-17 13:55:02,630 - INFO  - Mixed 0 Training [8][   80/  391]   Loss 1.213535   QE Loss 0.000000   Distribution Loss -0.030166   IDM Loss 0.000000   Top1 56.210938   Top5 93.769531   LR 0.098907   QLR 0.000010   
2025-12-17 13:55:02,631 - INFO  - Mixed 1 Training [8][   80/  391]   Loss 1.205408   QE Loss 0.000000   Distribution Loss -0.031253   IDM Loss 0.000000   Top1 56.308594   Top5 93.964844   LR 0.098907   QLR 0.000010   
2025-12-17 13:55:02,631 - INFO  - Mixed 2 Training [8][   80/  391]   Loss 1.213398   QE Loss 0.000000   Distribution Loss -0.032166   IDM Loss 0.000000   Top1 55.849609   Top5 94.003906   LR 0.098907   QLR 0.000010   
2025-12-17 13:55:02,632 - INFO  - ===================================================================================================================
2025-12-17 13:55:12,145 - INFO  - Max Training [8][  100/  391]   Loss 1.189899   QE Loss 0.000000   Distribution Loss 0.000000   IDM Loss 0.000000   Top1 56.414062   Top5 94.476562   LR 0.098907   QLR 0.000010   
2025-12-17 13:55:12,145 - INFO  - Mixed 0 Training [8][  100/  391]   Loss 1.212091   QE Loss 0.000000   Distribution Loss -0.029976   IDM Loss 0.000000   Top1 55.648438   Top5 93.882812   LR 0.098907   QLR 0.000010   
2025-12-17 13:55:12,145 - INFO  - Mixed 1 Training [8][  100/  391]   Loss 1.209134   QE Loss 0.000000   Distribution Loss -0.031455   IDM Loss 0.000000   Top1 55.507812   Top5 93.929688   LR 0.098907   QLR 0.000010   
2025-12-17 13:55:12,145 - INFO  - Mixed 2 Training [8][  100/  391]   Loss 1.213122   QE Loss 0.000000   Distribution Loss -0.030522   IDM Loss 0.000000   Top1 55.187500   Top5 94.000000   LR 0.098907   QLR 0.000010   
2025-12-17 13:55:12,147 - INFO  - ===================================================================================================================
2025-12-17 13:55:21,710 - INFO  - Max Training [8][  120/  391]   Loss 1.191218   QE Loss 0.000000   Distribution Loss 0.000000   IDM Loss 0.000000   Top1 56.666667   Top5 94.342448   LR 0.098907   QLR 0.000010   
2025-12-17 13:55:21,710 - INFO  - Mixed 0 Training [8][  120/  391]   Loss 1.215490   QE Loss 0.000000   Distribution Loss -0.030325   IDM Loss 0.000000   Top1 55.859375   Top5 93.776042   LR 0.098907   QLR 0.000010   
2025-12-17 13:55:21,710 - INFO  - Mixed 1 Training [8][  120/  391]   Loss 1.211960   QE Loss 0.000000   Distribution Loss -0.030338   IDM Loss 0.000000   Top1 55.839844   Top5 93.841146   LR 0.098907   QLR 0.000010   
2025-12-17 13:55:21,710 - INFO  - Mixed 2 Training [8][  120/  391]   Loss 1.221214   QE Loss 0.000000   Distribution Loss -0.030553   IDM Loss 0.000000   Top1 55.468750   Top5 93.821615   LR 0.098907   QLR 0.000010   
2025-12-17 13:55:21,712 - INFO  - ===================================================================================================================
2025-12-17 13:55:31,393 - INFO  - Max Training [8][  140/  391]   Loss 1.188139   QE Loss 0.000000   Distribution Loss 0.000000   IDM Loss 0.000000   Top1 56.612723   Top5 94.375000   LR 0.098907   QLR 0.000010   
2025-12-17 13:55:31,394 - INFO  - Mixed 0 Training [8][  140/  391]   Loss 1.207397   QE Loss 0.000000   Distribution Loss -0.031630   IDM Loss 0.000000   Top1 55.881696   Top5 93.844866   LR 0.098907   QLR 0.000010   
2025-12-17 13:55:31,394 - INFO  - Mixed 1 Training [8][  140/  391]   Loss 1.207521   QE Loss 0.000000   Distribution Loss -0.029609   IDM Loss 0.000000   Top1 55.842634   Top5 93.934152   LR 0.098907   QLR 0.000010   
2025-12-17 13:55:31,394 - INFO  - Mixed 2 Training [8][  140/  391]   Loss 1.214688   QE Loss 0.000000   Distribution Loss -0.031173   IDM Loss 0.000000   Top1 55.502232   Top5 93.833705   LR 0.098907   QLR 0.000010   
2025-12-17 13:55:31,396 - INFO  - ===================================================================================================================
2025-12-17 13:55:40,855 - INFO  - Max Training [8][  160/  391]   Loss 1.186021   QE Loss 0.000000   Distribution Loss 0.000000   IDM Loss 0.000000   Top1 56.816406   Top5 94.448242   LR 0.098907   QLR 0.000010   
2025-12-17 13:55:40,855 - INFO  - Mixed 0 Training [8][  160/  391]   Loss 1.203532   QE Loss 0.000000   Distribution Loss -0.032443   IDM Loss 0.000000   Top1 56.074219   Top5 93.828125   LR 0.098907   QLR 0.000010   
2025-12-17 13:55:40,855 - INFO  - Mixed 1 Training [8][  160/  391]   Loss 1.205692   QE Loss 0.000000   Distribution Loss -0.028614   IDM Loss 0.000000   Top1 56.020508   Top5 93.906250   LR 0.098907   QLR 0.000010   
2025-12-17 13:55:40,855 - INFO  - Mixed 2 Training [8][  160/  391]   Loss 1.211478   QE Loss 0.000000   Distribution Loss -0.030453   IDM Loss 0.000000   Top1 55.839844   Top5 93.852539   LR 0.098907   QLR 0.000010   
2025-12-17 13:55:40,857 - INFO  - ===================================================================================================================
2025-12-17 13:55:50,449 - INFO  - Max Training [8][  180/  391]   Loss 1.180537   QE Loss 0.000000   Distribution Loss 0.000000   IDM Loss 0.000000   Top1 56.918403   Top5 94.496528   LR 0.098907   QLR 0.000010   
2025-12-17 13:55:50,449 - INFO  - Mixed 0 Training [8][  180/  391]   Loss 1.195934   QE Loss 0.000000   Distribution Loss -0.033078   IDM Loss 0.000000   Top1 56.163194   Top5 93.845486   LR 0.098907   QLR 0.000010   
2025-12-17 13:55:50,449 - INFO  - Mixed 1 Training [8][  180/  391]   Loss 1.198899   QE Loss 0.000000   Distribution Loss -0.028101   IDM Loss 0.000000   Top1 56.176215   Top5 93.997396   LR 0.098907   QLR 0.000010   
2025-12-17 13:55:50,449 - INFO  - Mixed 2 Training [8][  180/  391]   Loss 1.204421   QE Loss 0.000000   Distribution Loss -0.030245   IDM Loss 0.000000   Top1 55.963542   Top5 93.888889   LR 0.098907   QLR 0.000010   
2025-12-17 13:55:50,451 - INFO  - ===================================================================================================================
2025-12-17 13:56:00,062 - INFO  - Max Training [8][  200/  391]   Loss 1.177213   QE Loss 0.000000   Distribution Loss 0.000000   IDM Loss 0.000000   Top1 56.796875   Top5 94.558594   LR 0.098907   QLR 0.000010   
2025-12-17 13:56:00,062 - INFO  - Mixed 0 Training [8][  200/  391]   Loss 1.190199   QE Loss 0.000000   Distribution Loss -0.033724   IDM Loss 0.000000   Top1 56.195312   Top5 93.906250   LR 0.098907   QLR 0.000010   
2025-12-17 13:56:00,063 - INFO  - Mixed 1 Training [8][  200/  391]   Loss 1.194193   QE Loss 0.000000   Distribution Loss -0.027647   IDM Loss 0.000000   Top1 56.195312   Top5 94.011719   LR 0.098907   QLR 0.000010   
2025-12-17 13:56:00,063 - INFO  - Mixed 2 Training [8][  200/  391]   Loss 1.199335   QE Loss 0.000000   Distribution Loss -0.029606   IDM Loss 0.000000   Top1 55.937500   Top5 93.976562   LR 0.098907   QLR 0.000010   
2025-12-17 13:56:00,064 - INFO  - ===================================================================================================================
2025-12-17 13:56:09,645 - INFO  - Max Training [8][  220/  391]   Loss 1.197310   QE Loss 0.000000   Distribution Loss 0.000000   IDM Loss 0.000000   Top1 56.708097   Top5 94.250710   LR 0.098907   QLR 0.000010   
2025-12-17 13:56:09,645 - INFO  - Mixed 0 Training [8][  220/  391]   Loss 1.218686   QE Loss 0.000000   Distribution Loss -0.033263   IDM Loss 0.000000   Top1 56.051136   Top5 93.561790   LR 0.098907   QLR 0.000010   
2025-12-17 13:56:09,645 - INFO  - Mixed 1 Training [8][  220/  391]   Loss 1.218018   QE Loss 0.000000   Distribution Loss -0.027842   IDM Loss 0.000000   Top1 56.068892   Top5 93.710938   LR 0.098907   QLR 0.000010   
2025-12-17 13:56:09,645 - INFO  - Mixed 2 Training [8][  220/  391]   Loss 1.222060   QE Loss 0.000000   Distribution Loss -0.030043   IDM Loss 0.000000   Top1 55.852273   Top5 93.693182   LR 0.098907   QLR 0.000010   
2025-12-17 13:56:09,648 - INFO  - ===================================================================================================================
2025-12-17 13:56:19,306 - INFO  - Max Training [8][  240/  391]   Loss 1.218471   QE Loss 0.000000   Distribution Loss 0.000000   IDM Loss 0.000000   Top1 56.035156   Top5 93.948568   LR 0.098907   QLR 0.000010   
2025-12-17 13:56:19,306 - INFO  - Mixed 0 Training [8][  240/  391]   Loss 1.239793   QE Loss 0.000000   Distribution Loss -0.033321   IDM Loss 0.000000   Top1 55.322266   Top5 93.284505   LR 0.098907   QLR 0.000010   
2025-12-17 13:56:19,307 - INFO  - Mixed 1 Training [8][  240/  391]   Loss 1.238723   QE Loss 0.000000   Distribution Loss -0.028150   IDM Loss 0.000000   Top1 55.367839   Top5 93.444010   LR 0.098907   QLR 0.000010   
2025-12-17 13:56:19,307 - INFO  - Mixed 2 Training [8][  240/  391]   Loss 1.241834   QE Loss 0.000000   Distribution Loss -0.030510   IDM Loss 0.000000   Top1 55.133464   Top5 93.430990   LR 0.098907   QLR 0.000010   
2025-12-17 13:56:19,309 - INFO  - ===================================================================================================================
2025-12-17 13:56:28,844 - INFO  - Max Training [8][  260/  391]   Loss 1.221304   QE Loss 0.000000   Distribution Loss 0.000000   IDM Loss 0.000000   Top1 55.847356   Top5 93.921274   LR 0.098907   QLR 0.000010   
2025-12-17 13:56:28,844 - INFO  - Mixed 0 Training [8][  260/  391]   Loss 1.242597   QE Loss 0.000000   Distribution Loss -0.032880   IDM Loss 0.000000   Top1 55.087139   Top5 93.281250   LR 0.098907   QLR 0.000010   
2025-12-17 13:56:28,844 - INFO  - Mixed 1 Training [8][  260/  391]   Loss 1.241364   QE Loss 0.000000   Distribution Loss -0.029080   IDM Loss 0.000000   Top1 55.138221   Top5 93.374399   LR 0.098907   QLR 0.000010   
2025-12-17 13:56:28,845 - INFO  - Mixed 2 Training [8][  260/  391]   Loss 1.245150   QE Loss 0.000000   Distribution Loss -0.030255   IDM Loss 0.000000   Top1 54.954928   Top5 93.389423   LR 0.098907   QLR 0.000010   
2025-12-17 13:56:28,846 - INFO  - ===================================================================================================================
2025-12-17 13:56:38,675 - INFO  - Max Training [8][  280/  391]   Loss 1.218557   QE Loss 0.000000   Distribution Loss 0.000000   IDM Loss 0.000000   Top1 56.088170   Top5 93.909040   LR 0.098907   QLR 0.000010   
2025-12-17 13:56:38,675 - INFO  - Mixed 0 Training [8][  280/  391]   Loss 1.239538   QE Loss 0.000000   Distribution Loss -0.032462   IDM Loss 0.000000   Top1 55.245536   Top5 93.258929   LR 0.098907   QLR 0.000010   
2025-12-17 13:56:38,675 - INFO  - Mixed 1 Training [8][  280/  391]   Loss 1.237813   QE Loss 0.000000   Distribution Loss -0.029114   IDM Loss 0.000000   Top1 55.320871   Top5 93.356585   LR 0.098907   QLR 0.000010   
2025-12-17 13:56:38,675 - INFO  - Mixed 2 Training [8][  280/  391]   Loss 1.241703   QE Loss 0.000000   Distribution Loss -0.030412   IDM Loss 0.000000   Top1 55.128348   Top5 93.356585   LR 0.098907   QLR 0.000010   
2025-12-17 13:56:38,677 - INFO  - ===================================================================================================================
2025-12-17 13:56:48,172 - INFO  - Max Training [8][  300/  391]   Loss 1.218079   QE Loss 0.000000   Distribution Loss 0.000000   IDM Loss 0.000000   Top1 55.927083   Top5 93.989583   LR 0.098907   QLR 0.000010   
2025-12-17 13:56:48,172 - INFO  - Mixed 0 Training [8][  300/  391]   Loss 1.241507   QE Loss 0.000000   Distribution Loss -0.032289   IDM Loss 0.000000   Top1 55.049479   Top5 93.322917   LR 0.098907   QLR 0.000010   
2025-12-17 13:56:48,172 - INFO  - Mixed 1 Training [8][  300/  391]   Loss 1.238548   QE Loss 0.000000   Distribution Loss -0.029380   IDM Loss 0.000000   Top1 55.145833   Top5 93.424479   LR 0.098907   QLR 0.000010   
2025-12-17 13:56:48,172 - INFO  - Mixed 2 Training [8][  300/  391]   Loss 1.242343   QE Loss 0.000000   Distribution Loss -0.030405   IDM Loss 0.000000   Top1 54.950521   Top5 93.408854   LR 0.098907   QLR 0.000010   
2025-12-17 13:56:48,174 - INFO  - ===================================================================================================================
2025-12-17 13:56:57,758 - INFO  - Max Training [8][  320/  391]   Loss 1.215744   QE Loss 0.000000   Distribution Loss 0.000000   IDM Loss 0.000000   Top1 56.022949   Top5 94.016113   LR 0.098907   QLR 0.000010   
2025-12-17 13:56:57,758 - INFO  - Mixed 0 Training [8][  320/  391]   Loss 1.238341   QE Loss 0.000000   Distribution Loss -0.032507   IDM Loss 0.000000   Top1 55.114746   Top5 93.339844   LR 0.098907   QLR 0.000010   
2025-12-17 13:56:57,758 - INFO  - Mixed 1 Training [8][  320/  391]   Loss 1.236619   QE Loss 0.000000   Distribution Loss -0.029057   IDM Loss 0.000000   Top1 55.195312   Top5 93.417969   LR 0.098907   QLR 0.000010   
2025-12-17 13:56:57,758 - INFO  - Mixed 2 Training [8][  320/  391]   Loss 1.241070   QE Loss 0.000000   Distribution Loss -0.030138   IDM Loss 0.000000   Top1 55.034180   Top5 93.405762   LR 0.098907   QLR 0.000010   
2025-12-17 13:56:57,760 - INFO  - ===================================================================================================================
2025-12-17 13:57:07,310 - INFO  - Max Training [8][  340/  391]   Loss 1.212540   QE Loss 0.000000   Distribution Loss 0.000000   IDM Loss 0.000000   Top1 56.135110   Top5 94.057904   LR 0.098907   QLR 0.000010   
2025-12-17 13:57:07,310 - INFO  - Mixed 0 Training [8][  340/  391]   Loss 1.234877   QE Loss 0.000000   Distribution Loss -0.032288   IDM Loss 0.000000   Top1 55.218290   Top5 93.357077   LR 0.098907   QLR 0.000010   
2025-12-17 13:57:07,310 - INFO  - Mixed 1 Training [8][  340/  391]   Loss 1.233168   QE Loss 0.000000   Distribution Loss -0.028899   IDM Loss 0.000000   Top1 55.307904   Top5 93.403033   LR 0.098907   QLR 0.000010   
2025-12-17 13:57:07,310 - INFO  - Mixed 2 Training [8][  340/  391]   Loss 1.236996   QE Loss 0.000000   Distribution Loss -0.030413   IDM Loss 0.000000   Top1 55.130974   Top5 93.432904   LR 0.098907   QLR 0.000010   
2025-12-17 13:57:07,312 - INFO  - ===================================================================================================================
2025-12-17 13:57:16,936 - INFO  - Max Training [8][  360/  391]   Loss 1.210993   QE Loss 0.000000   Distribution Loss 0.000000   IDM Loss 0.000000   Top1 56.176215   Top5 94.123264   LR 0.098907   QLR 0.000010   
2025-12-17 13:57:16,937 - INFO  - Mixed 0 Training [8][  360/  391]   Loss 1.231979   QE Loss 0.000000   Distribution Loss -0.032641   IDM Loss 0.000000   Top1 55.264757   Top5 93.428819   LR 0.098907   QLR 0.000010   
2025-12-17 13:57:16,937 - INFO  - Mixed 1 Training [8][  360/  391]   Loss 1.231289   QE Loss 0.000000   Distribution Loss -0.029065   IDM Loss 0.000000   Top1 55.295139   Top5 93.450521   LR 0.098907   QLR 0.000010   
2025-12-17 13:57:16,937 - INFO  - Mixed 2 Training [8][  360/  391]   Loss 1.234827   QE Loss 0.000000   Distribution Loss -0.030454   IDM Loss 0.000000   Top1 55.149740   Top5 93.472222   LR 0.098907   QLR 0.000010   
2025-12-17 13:57:16,938 - INFO  - ===================================================================================================================
2025-12-17 13:57:26,572 - INFO  - Max Training [8][  380/  391]   Loss 1.207313   QE Loss 0.000000   Distribution Loss 0.000000   IDM Loss 0.000000   Top1 56.196546   Top5 94.155016   LR 0.098907   QLR 0.000010   
2025-12-17 13:57:26,572 - INFO  - Mixed 0 Training [8][  380/  391]   Loss 1.227960   QE Loss 0.000000   Distribution Loss -0.032602   IDM Loss 0.000000   Top1 55.230263   Top5 93.493010   LR 0.098907   QLR 0.000010   
2025-12-17 13:57:26,572 - INFO  - Mixed 1 Training [8][  380/  391]   Loss 1.227000   QE Loss 0.000000   Distribution Loss -0.029617   IDM Loss 0.000000   Top1 55.304276   Top5 93.507401   LR 0.098907   QLR 0.000010   
2025-12-17 13:57:26,572 - INFO  - Mixed 2 Training [8][  380/  391]   Loss 1.229828   QE Loss 0.000000   Distribution Loss -0.030833   IDM Loss 0.000000   Top1 55.160362   Top5 93.519737   LR 0.098907   QLR 0.000010   
2025-12-17 13:57:26,575 - INFO  - ===================================================================================================================
2025-12-17 13:57:31,410 - INFO  - ==> Max Top1: 56.218    Top5: 94.149    Loss: 1.206
2025-12-17 13:57:31,410 - INFO  - ==> Mixed 0 Top1: 55.252    Top5: 93.472    Loss: 1.227
2025-12-17 13:57:31,410 - INFO  - ==> Mixed 1 Top1: 55.343    Top5: 93.504    Loss: 1.226
2025-12-17 13:57:31,410 - INFO  - ==> Mixed 2 Top1: 55.212    Top5: 93.510    Loss: 1.228
2025-12-17 13:57:31,411 - INFO  - Epoch   8 Summary - Train Top1: 56.218%  Top5: 94.149%  Loss: 1.2064
2025-12-17 13:57:31,411 - INFO  -   ⏱️  本Epoch耗时: 3分6秒 | 平均Epoch耗时: 3分7秒 | 剩余Epoch数: 111
2025-12-17 13:57:31,411 - INFO  -   📅 预估剩余时间: 5小时47分3秒 | 预估完成时间: 2025-12-17 19:44:34
2025-12-17 13:57:31,411 - INFO  - Scoreboard best 1 ==> Epoch [8][Top1: 0.000   Top5: 0.000]
2025-12-17 13:57:31,412 - INFO  - Scoreboard best 2 ==> Epoch [7][Top1: 0.000   Top5: 0.000]
2025-12-17 13:57:31,412 - INFO  - Scoreboard best 3 ==> Epoch [6][Top1: 0.000   Top5: 0.000]
2025-12-17 13:57:32,091 - INFO  - ([8] Epoch) Saving checkpoint to:
             Current: /root/autodl-tmp/retraining-free-quantization/training/resnet18_cifar10_single_gpu_normal_srqat_ls0/resnet18_cifar10_single_gpu_normal_srqat_ls0_checkpoint.pth.tar

2025-12-17 13:57:32,095 - INFO  - >>>>>>>> Epoch   9
2025-12-17 13:57:32,095 - INFO  - Training: 50000 samples (128 per mini-batch)
2025-12-17 13:57:32,861 - INFO  - [Freezing] layer layer2.1.conv2, 0.06769312173128128, [6, 5, 4, 3, 2] -> [6, 5, 4, 3]
2025-12-17 13:57:32,861 - INFO  - [Freezing] layer layer2.1.conv1, 0.06680026650428772, [6, 5, 4, 3, 2] -> [6, 5, 4, 3]
2025-12-17 13:57:32,862 - INFO  - [Freezing] layer layer2.0.conv2, 0.06637831032276154, [6, 5, 4, 3, 2] -> [6, 5, 4, 3]
2025-12-17 13:57:32,862 - INFO  - [Freezing] layer layer2.0.downsample.0, 0.06627604365348816, [6, 5, 4, 3, 2] -> [6, 5, 4, 3]
2025-12-17 13:57:32,862 - INFO  - [Freezing] layer layer3.0.conv1, 0.06624506413936615, [6, 5, 4, 3, 2] -> [6, 5, 4, 3]
2025-12-17 13:57:32,862 - INFO  - [Freezing] layer layer1.1.conv2, 0.06538176536560059, [6, 5, 4, 3, 2] -> [6, 5, 4, 3]
2025-12-17 13:57:32,862 - INFO  - [Freezing] layer layer1.1.conv1, 0.06459002196788788, [6, 5, 4, 3, 2] -> [6, 5, 4, 3]
2025-12-17 13:57:32,862 - INFO  - [Freezing] layer layer2.0.conv1, 0.06270136684179306, [6, 5, 4, 3, 2] -> [6, 5, 4, 3]
2025-12-17 13:57:32,863 - INFO  - [Freezing] layer layer1.0.conv1, 0.061688728630542755, [6, 5, 4, 3, 2] -> [6, 5, 4, 3]
2025-12-17 13:57:32,863 - INFO  - [Activating] layer layer1.0.conv2, 0.06100188568234444, [6, 5, 4, 3, 2] -> (6, 5, 4, 3, 2)
2025-12-17 13:57:32,863 - INFO  - [Activating] layer layer4.1.conv2, 0.05980852618813515, [6, 5, 4, 3] -> (6, 5, 4, 3, 2)
2025-12-17 13:57:32,863 - INFO  - [Activating] layer layer4.0.conv2, 0.05930144339799881, [6, 5, 4, 3] -> (6, 5, 4, 3, 2)
2025-12-17 13:57:32,863 - INFO  - [Activating] layer layer3.1.conv2, 0.058822646737098694, [6, 5, 4, 3] -> (6, 5, 4, 3, 2)
2025-12-17 13:57:32,863 - INFO  - [Activating] layer layer4.0.downsample.0, 0.058650556951761246, [6, 5, 4, 3] -> (6, 5, 4, 3, 2)
2025-12-17 13:57:32,863 - INFO  - [Activating] layer layer4.0.conv1, 0.05844872444868088, [6, 5, 4, 3] -> (6, 5, 4, 3, 2)
2025-12-17 13:57:32,864 - INFO  - [Activating] layer layer3.1.conv1, 0.05840141326189041, [6, 5, 4, 3] -> (6, 5, 4, 3, 2)
2025-12-17 13:57:32,864 - INFO  - [Activating] layer layer3.0.downsample.0, 0.0581132248044014, [6, 5, 4, 3] -> (6, 5, 4, 3, 2)
2025-12-17 13:57:32,864 - INFO  - [Activating] layer layer3.0.conv2, 0.05809658020734787, [6, 5, 4, 3] -> (6, 5, 4, 3, 2)
2025-12-17 13:57:32,864 - INFO  - [Activating] layer layer4.1.conv1, 0.05796956643462181, [6, 5, 4, 3] -> (6, 5, 4, 3, 2)
2025-12-17 13:57:32,864 - INFO  - Current freezing ratio: 0.49917828430524097
2025-12-17 13:57:33,210 - INFO  - [FAT] Batch 0, Iter 0: FAT is DISABLED, using standard training
2025-12-17 13:57:42,943 - INFO  - Max Training [9][   20/  391]   Loss 1.167027   QE Loss 0.000000   Distribution Loss 0.000000   IDM Loss 0.000000   Top1 57.265625   Top5 95.156250   LR 0.098618   QLR 0.000010   
2025-12-17 13:57:42,943 - INFO  - Mixed 0 Training [9][   20/  391]   Loss 1.191710   QE Loss 0.000000   Distribution Loss -0.085190   IDM Loss 0.000000   Top1 55.156250   Top5 93.515625   LR 0.098618   QLR 0.000010   
2025-12-17 13:57:42,944 - INFO  - Mixed 1 Training [9][   20/  391]   Loss 1.184839   QE Loss 0.000000   Distribution Loss -0.067573   IDM Loss 0.000000   Top1 55.117188   Top5 94.023438   LR 0.098618   QLR 0.000010   
2025-12-17 13:57:42,944 - INFO  - Mixed 2 Training [9][   20/  391]   Loss 1.203468   QE Loss 0.000000   Distribution Loss -0.079578   IDM Loss 0.000000   Top1 54.531250   Top5 93.710938   LR 0.098618   QLR 0.000010   
2025-12-17 13:57:42,946 - INFO  - ===================================================================================================================
2025-12-17 13:57:52,426 - INFO  - Max Training [9][   40/  391]   Loss 1.130646   QE Loss 0.000000   Distribution Loss 0.000000   IDM Loss 0.000000   Top1 57.207031   Top5 95.781250   LR 0.098618   QLR 0.000010   
2025-12-17 13:57:52,427 - INFO  - Mixed 0 Training [9][   40/  391]   Loss 1.140574   QE Loss 0.000000   Distribution Loss -0.073658   IDM Loss 0.000000   Top1 55.703125   Top5 94.511719   LR 0.098618   QLR 0.000010   
2025-12-17 13:57:52,427 - INFO  - Mixed 1 Training [9][   40/  391]   Loss 1.149168   QE Loss 0.000000   Distribution Loss -0.060984   IDM Loss 0.000000   Top1 55.507812   Top5 95.078125   LR 0.098618   QLR 0.000010   
2025-12-17 13:57:52,427 - INFO  - Mixed 2 Training [9][   40/  391]   Loss 1.161872   QE Loss 0.000000   Distribution Loss -0.069928   IDM Loss 0.000000   Top1 55.312500   Top5 94.433594   LR 0.098618   QLR 0.000010   
2025-12-17 13:57:52,429 - INFO  - ===================================================================================================================
2025-12-17 13:58:02,151 - INFO  - Max Training [9][   60/  391]   Loss 1.125312   QE Loss 0.000000   Distribution Loss 0.000000   IDM Loss 0.000000   Top1 57.669271   Top5 95.742188   LR 0.098618   QLR 0.000010   
2025-12-17 13:58:02,151 - INFO  - Mixed 0 Training [9][   60/  391]   Loss 1.127380   QE Loss 0.000000   Distribution Loss -0.072676   IDM Loss 0.000000   Top1 56.419271   Top5 94.765625   LR 0.098618   QLR 0.000010   
2025-12-17 13:58:02,151 - INFO  - Mixed 1 Training [9][   60/  391]   Loss 1.127773   QE Loss 0.000000   Distribution Loss -0.066387   IDM Loss 0.000000   Top1 56.393229   Top5 94.986979   LR 0.098618   QLR 0.000010   
2025-12-17 13:58:02,151 - INFO  - Mixed 2 Training [9][   60/  391]   Loss 1.135693   QE Loss 0.000000   Distribution Loss -0.073083   IDM Loss 0.000000   Top1 56.054688   Top5 94.609375   LR 0.098618   QLR 0.000010   
2025-12-17 13:58:02,153 - INFO  - ===================================================================================================================
2025-12-17 13:58:11,626 - INFO  - Max Training [9][   80/  391]   Loss 1.120660   QE Loss 0.000000   Distribution Loss 0.000000   IDM Loss 0.000000   Top1 58.173828   Top5 95.664062   LR 0.098618   QLR 0.000010   
2025-12-17 13:58:11,626 - INFO  - Mixed 0 Training [9][   80/  391]   Loss 1.122390   QE Loss 0.000000   Distribution Loss -0.068515   IDM Loss 0.000000   Top1 57.177734   Top5 94.765625   LR 0.098618   QLR 0.000010   
2025-12-17 13:58:11,626 - INFO  - Mixed 1 Training [9][   80/  391]   Loss 1.123861   QE Loss 0.000000   Distribution Loss -0.065333   IDM Loss 0.000000   Top1 57.119141   Top5 94.853516   LR 0.098618   QLR 0.000010   
2025-12-17 13:58:11,626 - INFO  - Mixed 2 Training [9][   80/  391]   Loss 1.127994   QE Loss 0.000000   Distribution Loss -0.070359   IDM Loss 0.000000   Top1 57.041016   Top5 94.619141   LR 0.098618   QLR 0.000010   
2025-12-17 13:58:11,628 - INFO  - ===================================================================================================================
2025-12-17 13:58:21,304 - INFO  - Max Training [9][  100/  391]   Loss 1.113447   QE Loss 0.000000   Distribution Loss 0.000000   IDM Loss 0.000000   Top1 59.046875   Top5 95.656250   LR 0.098618   QLR 0.000010   
2025-12-17 13:58:21,304 - INFO  - Mixed 0 Training [9][  100/  391]   Loss 1.112665   QE Loss 0.000000   Distribution Loss -0.067097   IDM Loss 0.000000   Top1 57.929688   Top5 94.578125   LR 0.098618   QLR 0.000010   
2025-12-17 13:58:21,305 - INFO  - Mixed 1 Training [9][  100/  391]   Loss 1.111704   QE Loss 0.000000   Distribution Loss -0.066373   IDM Loss 0.000000   Top1 57.851562   Top5 94.804688   LR 0.098618   QLR 0.000010   
2025-12-17 13:58:21,305 - INFO  - Mixed 2 Training [9][  100/  391]   Loss 1.112294   QE Loss 0.000000   Distribution Loss -0.071967   IDM Loss 0.000000   Top1 57.984375   Top5 94.484375   LR 0.098618   QLR 0.000010   
2025-12-17 13:58:21,306 - INFO  - ===================================================================================================================
2025-12-17 13:58:30,976 - INFO  - Max Training [9][  120/  391]   Loss 1.116417   QE Loss 0.000000   Distribution Loss 0.000000   IDM Loss 0.000000   Top1 59.003906   Top5 95.611979   LR 0.098618   QLR 0.000010   
2025-12-17 13:58:30,977 - INFO  - Mixed 0 Training [9][  120/  391]   Loss 1.110013   QE Loss 0.000000   Distribution Loss -0.069071   IDM Loss 0.000000   Top1 57.877604   Top5 94.563802   LR 0.098618   QLR 0.000010   
2025-12-17 13:58:30,977 - INFO  - Mixed 1 Training [9][  120/  391]   Loss 1.112073   QE Loss 0.000000   Distribution Loss -0.065980   IDM Loss 0.000000   Top1 57.832031   Top5 94.811198   LR 0.098618   QLR 0.000010   
2025-12-17 13:58:30,977 - INFO  - Mixed 2 Training [9][  120/  391]   Loss 1.111109   QE Loss 0.000000   Distribution Loss -0.072534   IDM Loss 0.000000   Top1 58.079427   Top5 94.466146   LR 0.098618   QLR 0.000010   
2025-12-17 13:58:30,979 - INFO  - ===================================================================================================================
2025-12-17 13:58:40,555 - INFO  - Max Training [9][  140/  391]   Loss 1.110702   QE Loss 0.000000   Distribution Loss 0.000000   IDM Loss 0.000000   Top1 59.665179   Top5 95.507812   LR 0.098618   QLR 0.000010   
2025-12-17 13:58:40,556 - INFO  - Mixed 0 Training [9][  140/  391]   Loss 1.100995   QE Loss 0.000000   Distribution Loss -0.069461   IDM Loss 0.000000   Top1 58.493304   Top5 94.575893   LR 0.098618   QLR 0.000010   
2025-12-17 13:58:40,556 - INFO  - Mixed 1 Training [9][  140/  391]   Loss 1.104103   QE Loss 0.000000   Distribution Loss -0.067195   IDM Loss 0.000000   Top1 58.448661   Top5 94.732143   LR 0.098618   QLR 0.000010   
2025-12-17 13:58:40,556 - INFO  - Mixed 2 Training [9][  140/  391]   Loss 1.103605   QE Loss 0.000000   Distribution Loss -0.072193   IDM Loss 0.000000   Top1 58.733259   Top5 94.436384   LR 0.098618   QLR 0.000010   
2025-12-17 13:58:40,558 - INFO  - ===================================================================================================================
2025-12-17 13:58:50,317 - INFO  - Max Training [9][  160/  391]   Loss 1.099442   QE Loss 0.000000   Distribution Loss 0.000000   IDM Loss 0.000000   Top1 60.175781   Top5 95.649414   LR 0.098618   QLR 0.000010   
2025-12-17 13:58:50,317 - INFO  - Mixed 0 Training [9][  160/  391]   Loss 1.092882   QE Loss 0.000000   Distribution Loss -0.070066   IDM Loss 0.000000   Top1 59.062500   Top5 94.692383   LR 0.098618   QLR 0.000010   
2025-12-17 13:58:50,317 - INFO  - Mixed 1 Training [9][  160/  391]   Loss 1.093019   QE Loss 0.000000   Distribution Loss -0.068944   IDM Loss 0.000000   Top1 58.999023   Top5 94.819336   LR 0.098618   QLR 0.000010   
2025-12-17 13:58:50,318 - INFO  - Mixed 2 Training [9][  160/  391]   Loss 1.092764   QE Loss 0.000000   Distribution Loss -0.072810   IDM Loss 0.000000   Top1 59.257812   Top5 94.624023   LR 0.098618   QLR 0.000010   
2025-12-17 13:58:50,319 - INFO  - ===================================================================================================================
2025-12-17 13:58:59,828 - INFO  - Max Training [9][  180/  391]   Loss 1.087931   QE Loss 0.000000   Distribution Loss 0.000000   IDM Loss 0.000000   Top1 60.685764   Top5 95.750868   LR 0.098618   QLR 0.000010   
2025-12-17 13:58:59,829 - INFO  - Mixed 0 Training [9][  180/  391]   Loss 1.083452   QE Loss 0.000000   Distribution Loss -0.071257   IDM Loss 0.000000   Top1 59.487847   Top5 94.761285   LR 0.098618   QLR 0.000010   
2025-12-17 13:58:59,829 - INFO  - Mixed 1 Training [9][  180/  391]   Loss 1.084964   QE Loss 0.000000   Distribution Loss -0.069109   IDM Loss 0.000000   Top1 59.418403   Top5 94.861111   LR 0.098618   QLR 0.000010   
2025-12-17 13:58:59,829 - INFO  - Mixed 2 Training [9][  180/  391]   Loss 1.084335   QE Loss 0.000000   Distribution Loss -0.071256   IDM Loss 0.000000   Top1 59.644097   Top5 94.709201   LR 0.098618   QLR 0.000010   
2025-12-17 13:58:59,831 - INFO  - ===================================================================================================================
2025-12-17 13:59:09,463 - INFO  - Max Training [9][  200/  391]   Loss 1.073175   QE Loss 0.000000   Distribution Loss 0.000000   IDM Loss 0.000000   Top1 61.253906   Top5 95.910156   LR 0.098618   QLR 0.000010   
2025-12-17 13:59:09,464 - INFO  - Mixed 0 Training [9][  200/  391]   Loss 1.070679   QE Loss 0.000000   Distribution Loss -0.071500   IDM Loss 0.000000   Top1 60.089844   Top5 94.910156   LR 0.098618   QLR 0.000010   
2025-12-17 13:59:09,464 - INFO  - Mixed 1 Training [9][  200/  391]   Loss 1.071287   QE Loss 0.000000   Distribution Loss -0.069604   IDM Loss 0.000000   Top1 60.000000   Top5 95.031250   LR 0.098618   QLR 0.000010   
2025-12-17 13:59:09,464 - INFO  - Mixed 2 Training [9][  200/  391]   Loss 1.071593   QE Loss 0.000000   Distribution Loss -0.069768   IDM Loss 0.000000   Top1 60.207031   Top5 94.867188   LR 0.098618   QLR 0.000010   
2025-12-17 13:59:09,465 - INFO  - ===================================================================================================================
2025-12-17 13:59:18,889 - INFO  - Max Training [9][  220/  391]   Loss 1.128355   QE Loss 0.000000   Distribution Loss 0.000000   IDM Loss 0.000000   Top1 60.365767   Top5 95.348011   LR 0.098618   QLR 0.000010   
2025-12-17 13:59:18,890 - INFO  - Mixed 0 Training [9][  220/  391]   Loss 1.142496   QE Loss 0.000000   Distribution Loss -0.070723   IDM Loss 0.000000   Top1 59.147727   Top5 94.193892   LR 0.098618   QLR 0.000010   
2025-12-17 13:59:18,890 - INFO  - Mixed 1 Training [9][  220/  391]   Loss 1.153284   QE Loss 0.000000   Distribution Loss -0.069132   IDM Loss 0.000000   Top1 59.073153   Top5 94.272017   LR 0.098618   QLR 0.000010   
2025-12-17 13:59:18,890 - INFO  - Mixed 2 Training [9][  220/  391]   Loss 1.151538   QE Loss 0.000000   Distribution Loss -0.069462   IDM Loss 0.000000   Top1 59.186790   Top5 94.115767   LR 0.098618   QLR 0.000010   
2025-12-17 13:59:18,892 - INFO  - ===================================================================================================================
2025-12-17 13:59:28,491 - INFO  - Max Training [9][  240/  391]   Loss 1.191515   QE Loss 0.000000   Distribution Loss 0.000000   IDM Loss 0.000000   Top1 58.066406   Top5 94.257812   LR 0.098618   QLR 0.000010   
2025-12-17 13:59:28,492 - INFO  - Mixed 0 Training [9][  240/  391]   Loss 1.213791   QE Loss 0.000000   Distribution Loss -0.071027   IDM Loss 0.000000   Top1 56.715495   Top5 93.092448   LR 0.098618   QLR 0.000010   
2025-12-17 13:59:28,492 - INFO  - Mixed 1 Training [9][  240/  391]   Loss 1.221165   QE Loss 0.000000   Distribution Loss -0.069128   IDM Loss 0.000000   Top1 56.738281   Top5 93.170573   LR 0.098618   QLR 0.000010   
2025-12-17 13:59:28,492 - INFO  - Mixed 2 Training [9][  240/  391]   Loss 1.222156   QE Loss 0.000000   Distribution Loss -0.068288   IDM Loss 0.000000   Top1 56.855469   Top5 92.929688   LR 0.098618   QLR 0.000010   
2025-12-17 13:59:28,494 - INFO  - ===================================================================================================================
2025-12-17 13:59:38,193 - INFO  - Max Training [9][  260/  391]   Loss 1.228929   QE Loss 0.000000   Distribution Loss 0.000000   IDM Loss 0.000000   Top1 56.502404   Top5 93.873197   LR 0.098618   QLR 0.000010   
2025-12-17 13:59:38,193 - INFO  - Mixed 0 Training [9][  260/  391]   Loss 1.252661   QE Loss 0.000000   Distribution Loss -0.070997   IDM Loss 0.000000   Top1 55.144231   Top5 92.584135   LR 0.098618   QLR 0.000010   
2025-12-17 13:59:38,194 - INFO  - Mixed 1 Training [9][  260/  391]   Loss 1.259490   QE Loss 0.000000   Distribution Loss -0.068754   IDM Loss 0.000000   Top1 55.204327   Top5 92.611178   LR 0.098618   QLR 0.000010   
2025-12-17 13:59:38,194 - INFO  - Mixed 2 Training [9][  260/  391]   Loss 1.263030   QE Loss 0.000000   Distribution Loss -0.067324   IDM Loss 0.000000   Top1 55.267428   Top5 92.460938   LR 0.098618   QLR 0.000010   
2025-12-17 13:59:38,196 - INFO  - ===================================================================================================================
2025-12-17 13:59:47,683 - INFO  - Max Training [9][  280/  391]   Loss 1.250446   QE Loss 0.000000   Distribution Loss 0.000000   IDM Loss 0.000000   Top1 55.566406   Top5 93.635603   LR 0.098618   QLR 0.000010   
2025-12-17 13:59:47,683 - INFO  - Mixed 0 Training [9][  280/  391]   Loss 1.275323   QE Loss 0.000000   Distribution Loss -0.071101   IDM Loss 0.000000   Top1 54.135045   Top5 92.229353   LR 0.098618   QLR 0.000010   
2025-12-17 13:59:47,684 - INFO  - Mixed 1 Training [9][  280/  391]   Loss 1.279985   QE Loss 0.000000   Distribution Loss -0.069491   IDM Loss 0.000000   Top1 54.324777   Top5 92.335379   LR 0.098618   QLR 0.000010   
2025-12-17 13:59:47,684 - INFO  - Mixed 2 Training [9][  280/  391]   Loss 1.286683   QE Loss 0.000000   Distribution Loss -0.068541   IDM Loss 0.000000   Top1 54.344308   Top5 92.170759   LR 0.098618   QLR 0.000010   
2025-12-17 13:59:47,685 - INFO  - ===================================================================================================================
2025-12-17 13:59:57,268 - INFO  - Max Training [9][  300/  391]   Loss 1.258665   QE Loss 0.000000   Distribution Loss 0.000000   IDM Loss 0.000000   Top1 55.403646   Top5 93.500000   LR 0.098618   QLR 0.000010   
2025-12-17 13:59:57,268 - INFO  - Mixed 0 Training [9][  300/  391]   Loss 1.280179   QE Loss 0.000000   Distribution Loss -0.072428   IDM Loss 0.000000   Top1 53.869792   Top5 92.148438   LR 0.098618   QLR 0.000010   
2025-12-17 13:59:57,268 - INFO  - Mixed 1 Training [9][  300/  391]   Loss 1.285031   QE Loss 0.000000   Distribution Loss -0.069846   IDM Loss 0.000000   Top1 54.093750   Top5 92.221354   LR 0.098618   QLR 0.000010   
2025-12-17 13:59:57,268 - INFO  - Mixed 2 Training [9][  300/  391]   Loss 1.291521   QE Loss 0.000000   Distribution Loss -0.069701   IDM Loss 0.000000   Top1 54.080729   Top5 92.059896   LR 0.098618   QLR 0.000010   
2025-12-17 13:59:57,271 - INFO  - ===================================================================================================================
2025-12-17 14:00:05,865 - INFO  - Max Training [9][  320/  391]   Loss 1.258043   QE Loss 0.000000   Distribution Loss 0.000000   IDM Loss 0.000000   Top1 55.375977   Top5 93.562012   LR 0.098618   QLR 0.000010   
2025-12-17 14:00:05,865 - INFO  - Mixed 0 Training [9][  320/  391]   Loss 1.277579   QE Loss 0.000000   Distribution Loss -0.072813   IDM Loss 0.000000   Top1 53.881836   Top5 92.199707   LR 0.098618   QLR 0.000010   
2025-12-17 14:00:05,865 - INFO  - Mixed 1 Training [9][  320/  391]   Loss 1.282921   QE Loss 0.000000   Distribution Loss -0.069785   IDM Loss 0.000000   Top1 54.079590   Top5 92.253418   LR 0.098618   QLR 0.000010   
2025-12-17 14:00:05,865 - INFO  - Mixed 2 Training [9][  320/  391]   Loss 1.287346   QE Loss 0.000000   Distribution Loss -0.070867   IDM Loss 0.000000   Top1 54.042969   Top5 92.133789   LR 0.098618   QLR 0.000010   
2025-12-17 14:00:05,868 - INFO  - ===================================================================================================================
2025-12-17 14:00:15,564 - INFO  - Max Training [9][  340/  391]   Loss 1.253624   QE Loss 0.000000   Distribution Loss 0.000000   IDM Loss 0.000000   Top1 55.579044   Top5 93.625919   LR 0.098618   QLR 0.000010   
2025-12-17 14:00:15,564 - INFO  - Mixed 0 Training [9][  340/  391]   Loss 1.274187   QE Loss 0.000000   Distribution Loss -0.072254   IDM Loss 0.000000   Top1 54.099265   Top5 92.261029   LR 0.098618   QLR 0.000010   
2025-12-17 14:00:15,564 - INFO  - Mixed 1 Training [9][  340/  391]   Loss 1.279092   QE Loss 0.000000   Distribution Loss -0.071205   IDM Loss 0.000000   Top1 54.172794   Top5 92.306985   LR 0.098618   QLR 0.000010   
2025-12-17 14:00:15,564 - INFO  - Mixed 2 Training [9][  340/  391]   Loss 1.282935   QE Loss 0.000000   Distribution Loss -0.070967   IDM Loss 0.000000   Top1 54.234835   Top5 92.185202   LR 0.098618   QLR 0.000010   
2025-12-17 14:00:15,567 - INFO  - ===================================================================================================================
2025-12-17 14:00:25,081 - INFO  - Max Training [9][  360/  391]   Loss 1.266669   QE Loss 0.000000   Distribution Loss 0.000000   IDM Loss 0.000000   Top1 55.427517   Top5 93.615451   LR 0.098618   QLR 0.000010   
2025-12-17 14:00:25,081 - INFO  - Mixed 0 Training [9][  360/  391]   Loss 1.297488   QE Loss 0.000000   Distribution Loss -0.072647   IDM Loss 0.000000   Top1 53.780382   Top5 92.204861   LR 0.098618   QLR 0.000010   
2025-12-17 14:00:25,081 - INFO  - Mixed 1 Training [9][  360/  391]   Loss 1.304113   QE Loss 0.000000   Distribution Loss -0.070575   IDM Loss 0.000000   Top1 53.921441   Top5 92.278646   LR 0.098618   QLR 0.000010   
2025-12-17 14:00:25,081 - INFO  - Mixed 2 Training [9][  360/  391]   Loss 1.303327   QE Loss 0.000000   Distribution Loss -0.071190   IDM Loss 0.000000   Top1 53.940972   Top5 92.139757   LR 0.098618   QLR 0.000010   
2025-12-17 14:00:25,083 - INFO  - ===================================================================================================================
2025-12-17 14:00:34,757 - INFO  - Max Training [9][  380/  391]   Loss 1.272673   QE Loss 0.000000   Distribution Loss 0.000000   IDM Loss 0.000000   Top1 55.368010   Top5 93.626645   LR 0.098618   QLR 0.000010   
2025-12-17 14:00:34,757 - INFO  - Mixed 0 Training [9][  380/  391]   Loss 1.307954   QE Loss 0.000000   Distribution Loss -0.072702   IDM Loss 0.000000   Top1 53.682155   Top5 92.181332   LR 0.098618   QLR 0.000010   
2025-12-17 14:00:34,757 - INFO  - Mixed 1 Training [9][  380/  391]   Loss 1.315710   QE Loss 0.000000   Distribution Loss -0.071236   IDM Loss 0.000000   Top1 53.782895   Top5 92.240954   LR 0.098618   QLR 0.000010   
2025-12-17 14:00:34,757 - INFO  - Mixed 2 Training [9][  380/  391]   Loss 1.311725   QE Loss 0.000000   Distribution Loss -0.072569   IDM Loss 0.000000   Top1 53.869243   Top5 92.119655   LR 0.098618   QLR 0.000010   
2025-12-17 14:00:34,760 - INFO  - ===================================================================================================================
2025-12-17 14:00:39,475 - INFO  - ==> Max Top1: 55.409    Top5: 93.648    Loss: 1.272
2025-12-17 14:00:39,475 - INFO  - ==> Mixed 0 Top1: 53.686    Top5: 92.194    Loss: 1.307
2025-12-17 14:00:39,475 - INFO  - ==> Mixed 1 Top1: 53.768    Top5: 92.250    Loss: 1.317
2025-12-17 14:00:39,475 - INFO  - ==> Mixed 2 Top1: 53.878    Top5: 92.129    Loss: 1.312
2025-12-17 14:00:39,476 - INFO  - Epoch   9 Summary - Train Top1: 55.409%  Top5: 93.648%  Loss: 1.2715
2025-12-17 14:00:39,476 - INFO  -   ⏱️  本Epoch耗时: 3分7秒 | 平均Epoch耗时: 3分7秒 | 剩余Epoch数: 110
2025-12-17 14:00:39,476 - INFO  -   📅 预估剩余时间: 5小时44分5秒 | 预估完成时间: 2025-12-17 19:44:44
2025-12-17 14:00:39,476 - INFO  - Scoreboard best 1 ==> Epoch [9][Top1: 0.000   Top5: 0.000]
2025-12-17 14:00:39,477 - INFO  - Scoreboard best 2 ==> Epoch [8][Top1: 0.000   Top5: 0.000]
2025-12-17 14:00:39,477 - INFO  - Scoreboard best 3 ==> Epoch [7][Top1: 0.000   Top5: 0.000]
2025-12-17 14:00:40,133 - INFO  - ([9] Epoch) Saving checkpoint to:
             Current: /root/autodl-tmp/retraining-free-quantization/training/resnet18_cifar10_single_gpu_normal_srqat_ls0/resnet18_cifar10_single_gpu_normal_srqat_ls0_checkpoint.pth.tar

2025-12-17 14:00:40,136 - INFO  - >>>>>>>> Epoch  10
2025-12-17 14:00:40,137 - INFO  - Training: 50000 samples (128 per mini-batch)
2025-12-17 14:00:40,438 - INFO  - [FAT] Batch 0, Iter 0: FAT is DISABLED, using standard training
2025-12-17 14:00:50,045 - INFO  - Max Training [10][   20/  391]   Loss 1.249334   QE Loss 0.000000   Distribution Loss 0.000000   IDM Loss 0.000000   Top1 55.468750   Top5 94.453125   LR 0.098296   QLR 0.000010   
2025-12-17 14:00:50,046 - INFO  - Mixed 0 Training [10][   20/  391]   Loss 1.317301   QE Loss 0.000000   Distribution Loss -0.054913   IDM Loss 0.000000   Top1 53.593750   Top5 92.382812   LR 0.098296   QLR 0.000010   
2025-12-17 14:00:50,046 - INFO  - Mixed 1 Training [10][   20/  391]   Loss 1.284232   QE Loss 0.000000   Distribution Loss -0.086027   IDM Loss 0.000000   Top1 53.320312   Top5 93.007812   LR 0.098296   QLR 0.000010   
2025-12-17 14:00:50,046 - INFO  - Mixed 2 Training [10][   20/  391]   Loss 1.272300   QE Loss 0.000000   Distribution Loss -0.086786   IDM Loss 0.000000   Top1 53.789062   Top5 93.437500   LR 0.098296   QLR 0.000010   
2025-12-17 14:00:50,048 - INFO  - ===================================================================================================================
2025-12-17 14:00:59,630 - INFO  - Max Training [10][   40/  391]   Loss 1.171985   QE Loss 0.000000   Distribution Loss 0.000000   IDM Loss 0.000000   Top1 57.226562   Top5 95.273438   LR 0.098296   QLR 0.000010   
2025-12-17 14:00:59,630 - INFO  - Mixed 0 Training [10][   40/  391]   Loss 1.208826   QE Loss 0.000000   Distribution Loss -0.067678   IDM Loss 0.000000   Top1 55.449219   Top5 93.867188   LR 0.098296   QLR 0.000010   
2025-12-17 14:00:59,630 - INFO  - Mixed 1 Training [10][   40/  391]   Loss 1.193493   QE Loss 0.000000   Distribution Loss -0.081944   IDM Loss 0.000000   Top1 55.292969   Top5 94.355469   LR 0.098296   QLR 0.000010   
2025-12-17 14:00:59,631 - INFO  - Mixed 2 Training [10][   40/  391]   Loss 1.180300   QE Loss 0.000000   Distribution Loss -0.082804   IDM Loss 0.000000   Top1 55.898438   Top5 94.335938   LR 0.098296   QLR 0.000010   
2025-12-17 14:00:59,633 - INFO  - ===================================================================================================================
2025-12-17 14:01:09,342 - INFO  - Max Training [10][   60/  391]   Loss 1.137854   QE Loss 0.000000   Distribution Loss 0.000000   IDM Loss 0.000000   Top1 59.205729   Top5 95.559896   LR 0.098296   QLR 0.000010   
2025-12-17 14:01:09,342 - INFO  - Mixed 0 Training [10][   60/  391]   Loss 1.161650   QE Loss 0.000000   Distribution Loss -0.070513   IDM Loss 0.000000   Top1 57.278646   Top5 94.231771   LR 0.098296   QLR 0.000010   
2025-12-17 14:01:09,343 - INFO  - Mixed 1 Training [10][   60/  391]   Loss 1.150256   QE Loss 0.000000   Distribution Loss -0.078091   IDM Loss 0.000000   Top1 57.500000   Top5 94.687500   LR 0.098296   QLR 0.000010   
2025-12-17 14:01:09,343 - INFO  - Mixed 2 Training [10][   60/  391]   Loss 1.144159   QE Loss 0.000000   Distribution Loss -0.080594   IDM Loss 0.000000   Top1 57.630208   Top5 94.674479   LR 0.098296   QLR 0.000010   
2025-12-17 14:01:09,344 - INFO  - ===================================================================================================================
2025-12-17 14:01:18,857 - INFO  - Max Training [10][   80/  391]   Loss 1.114926   QE Loss 0.000000   Distribution Loss 0.000000   IDM Loss 0.000000   Top1 59.921875   Top5 95.800781   LR 0.098296   QLR 0.000010   
2025-12-17 14:01:18,857 - INFO  - Mixed 0 Training [10][   80/  391]   Loss 1.143927   QE Loss 0.000000   Distribution Loss -0.068168   IDM Loss 0.000000   Top1 58.027344   Top5 94.726562   LR 0.098296   QLR 0.000010   
2025-12-17 14:01:18,857 - INFO  - Mixed 1 Training [10][   80/  391]   Loss 1.128257   QE Loss 0.000000   Distribution Loss -0.076173   IDM Loss 0.000000   Top1 57.929688   Top5 95.058594   LR 0.098296   QLR 0.000010   
2025-12-17 14:01:18,857 - INFO  - Mixed 2 Training [10][   80/  391]   Loss 1.119672   QE Loss 0.000000   Distribution Loss -0.082791   IDM Loss 0.000000   Top1 58.125000   Top5 94.941406   LR 0.098296   QLR 0.000010   
2025-12-17 14:01:18,859 - INFO  - ===================================================================================================================
2025-12-17 14:01:28,340 - INFO  - Max Training [10][  100/  391]   Loss 1.213503   QE Loss 0.000000   Distribution Loss 0.000000   IDM Loss 0.000000   Top1 58.687500   Top5 95.023438   LR 0.098296   QLR 0.000010   
2025-12-17 14:01:28,341 - INFO  - Mixed 0 Training [10][  100/  391]   Loss 1.272931   QE Loss 0.000000   Distribution Loss -0.069008   IDM Loss 0.000000   Top1 56.937500   Top5 93.882812   LR 0.098296   QLR 0.000010   
2025-12-17 14:01:28,341 - INFO  - Mixed 1 Training [10][  100/  391]   Loss 1.258876   QE Loss 0.000000   Distribution Loss -0.073934   IDM Loss 0.000000   Top1 56.687500   Top5 94.179688   LR 0.098296   QLR 0.000010   
2025-12-17 14:01:28,341 - INFO  - Mixed 2 Training [10][  100/  391]   Loss 1.242557   QE Loss 0.000000   Distribution Loss -0.079509   IDM Loss 0.000000   Top1 56.804688   Top5 94.148438   LR 0.098296   QLR 0.000010   
2025-12-17 14:01:28,343 - INFO  - ===================================================================================================================
2025-12-17 14:01:37,816 - INFO  - Max Training [10][  120/  391]   Loss 1.233365   QE Loss 0.000000   Distribution Loss 0.000000   IDM Loss 0.000000   Top1 57.662760   Top5 94.667969   LR 0.098296   QLR 0.000010   
2025-12-17 14:01:37,817 - INFO  - Mixed 0 Training [10][  120/  391]   Loss 1.301699   QE Loss 0.000000   Distribution Loss -0.072507   IDM Loss 0.000000   Top1 55.865885   Top5 93.606771   LR 0.098296   QLR 0.000010   
2025-12-17 14:01:37,817 - INFO  - Mixed 1 Training [10][  120/  391]   Loss 1.283964   QE Loss 0.000000   Distribution Loss -0.074591   IDM Loss 0.000000   Top1 55.572917   Top5 93.906250   LR 0.098296   QLR 0.000010   
2025-12-17 14:01:37,817 - INFO  - Mixed 2 Training [10][  120/  391]   Loss 1.280337   QE Loss 0.000000   Distribution Loss -0.078282   IDM Loss 0.000000   Top1 55.813802   Top5 93.802083   LR 0.098296   QLR 0.000010   
2025-12-17 14:01:37,818 - INFO  - ===================================================================================================================
2025-12-17 14:01:47,159 - INFO  - Max Training [10][  140/  391]   Loss 1.246486   QE Loss 0.000000   Distribution Loss 0.000000   IDM Loss 0.000000   Top1 57.075893   Top5 94.520089   LR 0.098296   QLR 0.000010   
2025-12-17 14:01:47,159 - INFO  - Mixed 0 Training [10][  140/  391]   Loss 1.318142   QE Loss 0.000000   Distribution Loss -0.070492   IDM Loss 0.000000   Top1 55.267857   Top5 93.314732   LR 0.098296   QLR 0.000010   
2025-12-17 14:01:47,159 - INFO  - Mixed 1 Training [10][  140/  391]   Loss 1.298655   QE Loss 0.000000   Distribution Loss -0.074792   IDM Loss 0.000000   Top1 55.055804   Top5 93.582589   LR 0.098296   QLR 0.000010   
2025-12-17 14:01:47,159 - INFO  - Mixed 2 Training [10][  140/  391]   Loss 1.291350   QE Loss 0.000000   Distribution Loss -0.080631   IDM Loss 0.000000   Top1 55.273438   Top5 93.543527   LR 0.098296   QLR 0.000010   
2025-12-17 14:01:47,161 - INFO  - ===================================================================================================================
2025-12-17 14:01:56,623 - INFO  - Max Training [10][  160/  391]   Loss 1.238011   QE Loss 0.000000   Distribution Loss 0.000000   IDM Loss 0.000000   Top1 56.977539   Top5 94.643555   LR 0.098296   QLR 0.000010   
2025-12-17 14:01:56,623 - INFO  - Mixed 0 Training [10][  160/  391]   Loss 1.300296   QE Loss 0.000000   Distribution Loss -0.070863   IDM Loss 0.000000   Top1 55.185547   Top5 93.496094   LR 0.098296   QLR 0.000010   
2025-12-17 14:01:56,623 - INFO  - Mixed 1 Training [10][  160/  391]   Loss 1.282912   QE Loss 0.000000   Distribution Loss -0.074989   IDM Loss 0.000000   Top1 54.995117   Top5 93.710938   LR 0.098296   QLR 0.000010   
2025-12-17 14:01:56,623 - INFO  - Mixed 2 Training [10][  160/  391]   Loss 1.272891   QE Loss 0.000000   Distribution Loss -0.082959   IDM Loss 0.000000   Top1 55.258789   Top5 93.676758   LR 0.098296   QLR 0.000010   
2025-12-17 14:01:56,625 - INFO  - ===================================================================================================================
2025-12-17 14:02:05,876 - INFO  - Max Training [10][  180/  391]   Loss 1.220665   QE Loss 0.000000   Distribution Loss 0.000000   IDM Loss 0.000000   Top1 57.708333   Top5 94.817708   LR 0.098296   QLR 0.000010   
2025-12-17 14:02:05,877 - INFO  - Mixed 0 Training [10][  180/  391]   Loss 1.273618   QE Loss 0.000000   Distribution Loss -0.072011   IDM Loss 0.000000   Top1 56.019965   Top5 93.676215   LR 0.098296   QLR 0.000010   
2025-12-17 14:02:05,877 - INFO  - Mixed 1 Training [10][  180/  391]   Loss 1.259028   QE Loss 0.000000   Distribution Loss -0.075528   IDM Loss 0.000000   Top1 55.837674   Top5 93.802083   LR 0.098296   QLR 0.000010   
2025-12-17 14:02:05,877 - INFO  - Mixed 2 Training [10][  180/  391]   Loss 1.248961   QE Loss 0.000000   Distribution Loss -0.083902   IDM Loss 0.000000   Top1 55.980903   Top5 93.841146   LR 0.098296   QLR 0.000010   
2025-12-17 14:02:05,879 - INFO  - ===================================================================================================================
2025-12-17 14:02:15,140 - INFO  - Max Training [10][  200/  391]   Loss 1.202821   QE Loss 0.000000   Distribution Loss 0.000000   IDM Loss 0.000000   Top1 58.343750   Top5 94.984375   LR 0.098296   QLR 0.000010   
2025-12-17 14:02:15,141 - INFO  - Mixed 0 Training [10][  200/  391]   Loss 1.251751   QE Loss 0.000000   Distribution Loss -0.073596   IDM Loss 0.000000   Top1 56.800781   Top5 93.867188   LR 0.098296   QLR 0.000010   
2025-12-17 14:02:15,141 - INFO  - Mixed 1 Training [10][  200/  391]   Loss 1.239864   QE Loss 0.000000   Distribution Loss -0.074495   IDM Loss 0.000000   Top1 56.640625   Top5 93.960938   LR 0.098296   QLR 0.000010   
2025-12-17 14:02:15,141 - INFO  - Mixed 2 Training [10][  200/  391]   Loss 1.231371   QE Loss 0.000000   Distribution Loss -0.082588   IDM Loss 0.000000   Top1 56.746094   Top5 93.984375   LR 0.098296   QLR 0.000010   
2025-12-17 14:02:15,142 - INFO  - ===================================================================================================================
2025-12-17 14:02:24,311 - INFO  - Max Training [10][  220/  391]   Loss 1.187310   QE Loss 0.000000   Distribution Loss 0.000000   IDM Loss 0.000000   Top1 58.828125   Top5 95.145597   LR 0.098296   QLR 0.000010   
2025-12-17 14:02:24,311 - INFO  - Mixed 0 Training [10][  220/  391]   Loss 1.230091   QE Loss 0.000000   Distribution Loss -0.074143   IDM Loss 0.000000   Top1 57.350852   Top5 94.048295   LR 0.098296   QLR 0.000010   
2025-12-17 14:02:24,312 - INFO  - Mixed 1 Training [10][  220/  391]   Loss 1.219875   QE Loss 0.000000   Distribution Loss -0.075151   IDM Loss 0.000000   Top1 57.123580   Top5 94.083807   LR 0.098296   QLR 0.000010   
2025-12-17 14:02:24,312 - INFO  - Mixed 2 Training [10][  220/  391]   Loss 1.213707   QE Loss 0.000000   Distribution Loss -0.080986   IDM Loss 0.000000   Top1 57.247869   Top5 94.137074   LR 0.098296   QLR 0.000010   
2025-12-17 14:02:24,313 - INFO  - ===================================================================================================================
2025-12-17 14:02:33,407 - INFO  - Max Training [10][  240/  391]   Loss 1.169837   QE Loss 0.000000   Distribution Loss 0.000000   IDM Loss 0.000000   Top1 59.466146   Top5 95.296224   LR 0.098296   QLR 0.000010   
2025-12-17 14:02:33,407 - INFO  - Mixed 0 Training [10][  240/  391]   Loss 1.208617   QE Loss 0.000000   Distribution Loss -0.074095   IDM Loss 0.000000   Top1 57.949219   Top5 94.199219   LR 0.098296   QLR 0.000010   
2025-12-17 14:02:33,407 - INFO  - Mixed 1 Training [10][  240/  391]   Loss 1.198159   QE Loss 0.000000   Distribution Loss -0.076114   IDM Loss 0.000000   Top1 57.763672   Top5 94.277344   LR 0.098296   QLR 0.000010   
2025-12-17 14:02:33,407 - INFO  - Mixed 2 Training [10][  240/  391]   Loss 1.193743   QE Loss 0.000000   Distribution Loss -0.080341   IDM Loss 0.000000   Top1 57.897135   Top5 94.296875   LR 0.098296   QLR 0.000010   
2025-12-17 14:02:33,409 - INFO  - ===================================================================================================================
2025-12-17 14:02:42,728 - INFO  - Max Training [10][  260/  391]   Loss 1.156789   QE Loss 0.000000   Distribution Loss 0.000000   IDM Loss 0.000000   Top1 59.834736   Top5 95.429688   LR 0.098296   QLR 0.000010   
2025-12-17 14:02:42,729 - INFO  - Mixed 0 Training [10][  260/  391]   Loss 1.192888   QE Loss 0.000000   Distribution Loss -0.073313   IDM Loss 0.000000   Top1 58.404447   Top5 94.338942   LR 0.098296   QLR 0.000010   
2025-12-17 14:02:42,729 - INFO  - Mixed 1 Training [10][  260/  391]   Loss 1.180699   QE Loss 0.000000   Distribution Loss -0.077731   IDM Loss 0.000000   Top1 58.191106   Top5 94.408053   LR 0.098296   QLR 0.000010   
2025-12-17 14:02:42,729 - INFO  - Mixed 2 Training [10][  260/  391]   Loss 1.175867   QE Loss 0.000000   Distribution Loss -0.082549   IDM Loss 0.000000   Top1 58.317308   Top5 94.423077   LR 0.098296   QLR 0.000010   
2025-12-17 14:02:42,731 - INFO  - ===================================================================================================================
2025-12-17 14:02:51,895 - INFO  - Max Training [10][  280/  391]   Loss 1.143479   QE Loss 0.000000   Distribution Loss 0.000000   IDM Loss 0.000000   Top1 60.206473   Top5 95.538504   LR 0.098296   QLR 0.000010   
2025-12-17 14:02:51,895 - INFO  - Mixed 0 Training [10][  280/  391]   Loss 1.173619   QE Loss 0.000000   Distribution Loss -0.075033   IDM Loss 0.000000   Top1 58.892299   Top5 94.447545   LR 0.098296   QLR 0.000010   
2025-12-17 14:02:51,895 - INFO  - Mixed 1 Training [10][  280/  391]   Loss 1.164581   QE Loss 0.000000   Distribution Loss -0.077460   IDM Loss 0.000000   Top1 58.649554   Top5 94.531250   LR 0.098296   QLR 0.000010   
2025-12-17 14:02:51,895 - INFO  - Mixed 2 Training [10][  280/  391]   Loss 1.159007   QE Loss 0.000000   Distribution Loss -0.082409   IDM Loss 0.000000   Top1 58.766741   Top5 94.534040   LR 0.098296   QLR 0.000010   
2025-12-17 14:02:51,898 - INFO  - ===================================================================================================================
2025-12-17 14:03:01,126 - INFO  - Max Training [10][  300/  391]   Loss 1.130733   QE Loss 0.000000   Distribution Loss 0.000000   IDM Loss 0.000000   Top1 60.666667   Top5 95.622396   LR 0.098296   QLR 0.000010   
2025-12-17 14:03:01,127 - INFO  - Mixed 0 Training [10][  300/  391]   Loss 1.159174   QE Loss 0.000000   Distribution Loss -0.073769   IDM Loss 0.000000   Top1 59.390625   Top5 94.559896   LR 0.098296   QLR 0.000010   
2025-12-17 14:03:01,127 - INFO  - Mixed 1 Training [10][  300/  391]   Loss 1.150092   QE Loss 0.000000   Distribution Loss -0.076910   IDM Loss 0.000000   Top1 59.088542   Top5 94.653646   LR 0.098296   QLR 0.000010   
2025-12-17 14:03:01,127 - INFO  - Mixed 2 Training [10][  300/  391]   Loss 1.145551   QE Loss 0.000000   Distribution Loss -0.081569   IDM Loss 0.000000   Top1 59.169271   Top5 94.648438   LR 0.098296   QLR 0.000010   
2025-12-17 14:03:01,128 - INFO  - ===================================================================================================================
2025-12-17 14:03:10,236 - INFO  - Max Training [10][  320/  391]   Loss 1.122851   QE Loss 0.000000   Distribution Loss 0.000000   IDM Loss 0.000000   Top1 60.859375   Top5 95.668945   LR 0.098296   QLR 0.000010   
2025-12-17 14:03:10,237 - INFO  - Mixed 0 Training [10][  320/  391]   Loss 1.155688   QE Loss 0.000000   Distribution Loss -0.074578   IDM Loss 0.000000   Top1 59.594727   Top5 94.626465   LR 0.098296   QLR 0.000010   
2025-12-17 14:03:10,237 - INFO  - Mixed 1 Training [10][  320/  391]   Loss 1.144149   QE Loss 0.000000   Distribution Loss -0.076861   IDM Loss 0.000000   Top1 59.289551   Top5 94.733887   LR 0.098296   QLR 0.000010   
2025-12-17 14:03:10,237 - INFO  - Mixed 2 Training [10][  320/  391]   Loss 1.140156   QE Loss 0.000000   Distribution Loss -0.081596   IDM Loss 0.000000   Top1 59.379883   Top5 94.750977   LR 0.098296   QLR 0.000010   
2025-12-17 14:03:10,238 - INFO  - ===================================================================================================================
2025-12-17 14:03:19,477 - INFO  - Max Training [10][  340/  391]   Loss 1.118530   QE Loss 0.000000   Distribution Loss 0.000000   IDM Loss 0.000000   Top1 60.903033   Top5 95.712316   LR 0.098296   QLR 0.000010   
2025-12-17 14:03:19,478 - INFO  - Mixed 0 Training [10][  340/  391]   Loss 1.148271   QE Loss 0.000000   Distribution Loss -0.075818   IDM Loss 0.000000   Top1 59.616268   Top5 94.698989   LR 0.098296   QLR 0.000010   
2025-12-17 14:03:19,478 - INFO  - Mixed 1 Training [10][  340/  391]   Loss 1.138055   QE Loss 0.000000   Distribution Loss -0.077580   IDM Loss 0.000000   Top1 59.319853   Top5 94.795496   LR 0.098296   QLR 0.000010   
2025-12-17 14:03:19,478 - INFO  - Mixed 2 Training [10][  340/  391]   Loss 1.133093   QE Loss 0.000000   Distribution Loss -0.082249   IDM Loss 0.000000   Top1 59.427849   Top5 94.816176   LR 0.098296   QLR 0.000010   
2025-12-17 14:03:19,479 - INFO  - ===================================================================================================================
2025-12-17 14:03:28,669 - INFO  - Max Training [10][  360/  391]   Loss 1.110572   QE Loss 0.000000   Distribution Loss 0.000000   IDM Loss 0.000000   Top1 61.156684   Top5 95.789931   LR 0.098296   QLR 0.000010   
2025-12-17 14:03:28,669 - INFO  - Mixed 0 Training [10][  360/  391]   Loss 1.138378   QE Loss 0.000000   Distribution Loss -0.074918   IDM Loss 0.000000   Top1 59.878472   Top5 94.789497   LR 0.098296   QLR 0.000010   
2025-12-17 14:03:28,669 - INFO  - Mixed 1 Training [10][  360/  391]   Loss 1.128475   QE Loss 0.000000   Distribution Loss -0.077887   IDM Loss 0.000000   Top1 59.557292   Top5 94.898003   LR 0.098296   QLR 0.000010   
2025-12-17 14:03:28,669 - INFO  - Mixed 2 Training [10][  360/  391]   Loss 1.123154   QE Loss 0.000000   Distribution Loss -0.082434   IDM Loss 0.000000   Top1 59.687500   Top5 94.906684   LR 0.098296   QLR 0.000010   
2025-12-17 14:03:28,671 - INFO  - ===================================================================================================================
2025-12-17 14:03:37,964 - INFO  - Max Training [10][  380/  391]   Loss 1.101715   QE Loss 0.000000   Distribution Loss 0.000000   IDM Loss 0.000000   Top1 61.457648   Top5 95.818257   LR 0.098296   QLR 0.000010   
2025-12-17 14:03:37,964 - INFO  - Mixed 0 Training [10][  380/  391]   Loss 1.127389   QE Loss 0.000000   Distribution Loss -0.074349   IDM Loss 0.000000   Top1 60.143914   Top5 94.866365   LR 0.098296   QLR 0.000010   
2025-12-17 14:03:37,964 - INFO  - Mixed 1 Training [10][  380/  391]   Loss 1.116241   QE Loss 0.000000   Distribution Loss -0.079045   IDM Loss 0.000000   Top1 59.886924   Top5 94.942434   LR 0.098296   QLR 0.000010   
2025-12-17 14:03:37,964 - INFO  - Mixed 2 Training [10][  380/  391]   Loss 1.111616   QE Loss 0.000000   Distribution Loss -0.082789   IDM Loss 0.000000   Top1 60.022615   Top5 94.956826   LR 0.098296   QLR 0.000010   
2025-12-17 14:03:37,966 - INFO  - ===================================================================================================================
2025-12-17 14:03:42,689 - INFO  - ==> Max Top1: 61.532    Top5: 95.869    Loss: 1.097
2025-12-17 14:03:42,689 - INFO  - ==> Mixed 0 Top1: 60.228    Top5: 94.920    Loss: 1.121
2025-12-17 14:03:42,689 - INFO  - ==> Mixed 1 Top1: 59.984    Top5: 95.002    Loss: 1.110
2025-12-17 14:03:42,689 - INFO  - ==> Mixed 2 Top1: 60.096    Top5: 95.014    Loss: 1.107
2025-12-17 14:03:42,690 - INFO  - Epoch  10 Summary - Train Top1: 61.532%  Top5: 95.869%  Loss: 1.0972
2025-12-17 14:03:42,690 - INFO  -   ⏱️  本Epoch耗时: 3分2秒 | 平均Epoch耗时: 3分6秒 | 剩余Epoch数: 109
2025-12-17 14:03:42,690 - INFO  -   📅 预估剩余时间: 5小时38分27秒 | 预估完成时间: 2025-12-17 19:42:10
2025-12-17 14:03:42,691 - INFO  - Scoreboard best 1 ==> Epoch [10][Top1: 0.000   Top5: 0.000]
2025-12-17 14:03:42,691 - INFO  - Scoreboard best 2 ==> Epoch [9][Top1: 0.000   Top5: 0.000]
2025-12-17 14:03:42,691 - INFO  - Scoreboard best 3 ==> Epoch [8][Top1: 0.000   Top5: 0.000]
2025-12-17 14:03:43,501 - INFO  - ([10] Epoch) Saving checkpoint to:
             Current: /root/autodl-tmp/retraining-free-quantization/training/resnet18_cifar10_single_gpu_normal_srqat_ls0/resnet18_cifar10_single_gpu_normal_srqat_ls0_checkpoint.pth.tar

2025-12-17 14:03:43,505 - INFO  - >>>>>>>> Epoch  11
2025-12-17 14:03:43,505 - INFO  - Training: 50000 samples (128 per mini-batch)
2025-12-17 14:03:44,260 - INFO  - [Freezing] layer layer4.1.conv2, 0.0721883773803711, [6, 5, 4, 3, 2] -> [6, 5, 4, 3]
2025-12-17 14:03:44,261 - INFO  - [Freezing] layer layer4.0.conv2, 0.07059196382761002, [6, 5, 4, 3, 2] -> [6, 5, 4, 3]
2025-12-17 14:03:44,261 - INFO  - [Freezing] layer layer4.1.conv1, 0.06999228894710541, [6, 5, 4, 3, 2] -> [6, 5, 4, 3]
2025-12-17 14:03:44,261 - INFO  - [Freezing] layer layer4.0.downsample.0, 0.06889857351779938, [6, 5, 4, 3, 2] -> [6, 5, 4, 3]
2025-12-17 14:03:44,261 - INFO  - [Freezing] layer layer3.1.conv2, 0.06867729127407074, [6, 5, 4, 3, 2] -> [6, 5, 4, 3]
2025-12-17 14:03:44,261 - INFO  - [Freezing] layer layer4.0.conv1, 0.06849579513072968, [6, 5, 4, 3, 2] -> [6, 5, 4, 3]
2025-12-17 14:03:44,262 - INFO  - [Freezing] layer layer3.1.conv1, 0.06839416921138763, [6, 5, 4, 3, 2] -> [6, 5, 4, 3]
2025-12-17 14:03:44,262 - INFO  - [Freezing] layer layer3.0.conv2, 0.06764107942581177, [6, 5, 4, 3, 2] -> [6, 5, 4, 3]
2025-12-17 14:03:44,262 - INFO  - [Freezing] layer layer3.0.downsample.0, 0.06722768396139145, [6, 5, 4, 3, 2] -> [6, 5, 4, 3]
2025-12-17 14:03:44,262 - INFO  - [Activating] layer layer2.1.conv2, 0.056019365787506104, [6, 5, 4, 3] -> (6, 5, 4, 3, 2)
2025-12-17 14:03:44,262 - INFO  - [Activating] layer layer3.0.conv1, 0.05514690279960632, [6, 5, 4, 3] -> (6, 5, 4, 3, 2)
2025-12-17 14:03:44,262 - INFO  - [Activating] layer layer1.0.conv2, 0.05447618290781975, [6, 5, 4, 3, 2] -> (6, 5, 4, 3, 2)
2025-12-17 14:03:44,262 - INFO  - [Activating] layer layer2.0.conv2, 0.05404765158891678, [6, 5, 4, 3] -> (6, 5, 4, 3, 2)
2025-12-17 14:03:44,263 - INFO  - [Activating] layer layer2.1.conv1, 0.05387081578373909, [6, 5, 4, 3] -> (6, 5, 4, 3, 2)
2025-12-17 14:03:44,263 - INFO  - [Activating] layer layer2.0.downsample.0, 0.05198211595416069, [6, 5, 4, 3] -> (6, 5, 4, 3, 2)
2025-12-17 14:03:44,263 - INFO  - [Activating] layer layer1.1.conv1, 0.05193888396024704, [6, 5, 4, 3] -> (6, 5, 4, 3, 2)
2025-12-17 14:03:44,263 - INFO  - [Activating] layer layer1.0.conv1, 0.051359839737415314, [6, 5, 4, 3] -> (6, 5, 4, 3, 2)
2025-12-17 14:03:44,263 - INFO  - [Activating] layer layer2.0.conv1, 0.0510372593998909, [6, 5, 4, 3] -> (6, 5, 4, 3, 2)
2025-12-17 14:03:44,263 - INFO  - [Activating] layer layer1.1.conv2, 0.050761133432388306, [6, 5, 4, 3] -> (6, 5, 4, 3, 2)
2025-12-17 14:03:44,263 - INFO  - Current freezing ratio: 0.49815325108927067
2025-12-17 14:03:44,634 - INFO  - [FAT] Batch 0, Iter 0: FAT is DISABLED, using standard training
2025-12-17 14:03:53,926 - INFO  - Max Training [11][   20/  391]   Loss 0.900783   QE Loss 0.000000   Distribution Loss 0.000000   IDM Loss 0.000000   Top1 67.070312   Top5 97.382812   LR 0.097941   QLR 0.000010   
2025-12-17 14:03:53,926 - INFO  - Mixed 0 Training [11][   20/  391]   Loss 0.905103   QE Loss 0.000000   Distribution Loss -0.043701   IDM Loss 0.000000   Top1 66.484375   Top5 96.914062   LR 0.097941   QLR 0.000010   
2025-12-17 14:03:53,926 - INFO  - Mixed 1 Training [11][   20/  391]   Loss 0.914249   QE Loss 0.000000   Distribution Loss -0.032860   IDM Loss 0.000000   Top1 66.601562   Top5 97.031250   LR 0.097941   QLR 0.000010   
2025-12-17 14:03:53,926 - INFO  - Mixed 2 Training [11][   20/  391]   Loss 0.933708   QE Loss 0.000000   Distribution Loss -0.038431   IDM Loss 0.000000   Top1 64.921875   Top5 96.679688   LR 0.097941   QLR 0.000010   
2025-12-17 14:03:53,928 - INFO  - ===================================================================================================================
2025-12-17 14:04:03,495 - INFO  - Max Training [11][   40/  391]   Loss 0.890600   QE Loss 0.000000   Distribution Loss 0.000000   IDM Loss 0.000000   Top1 67.636719   Top5 97.285156   LR 0.097941   QLR 0.000010   
2025-12-17 14:04:03,496 - INFO  - Mixed 0 Training [11][   40/  391]   Loss 0.895091   QE Loss 0.000000   Distribution Loss -0.041550   IDM Loss 0.000000   Top1 67.050781   Top5 96.894531   LR 0.097941   QLR 0.000010   
2025-12-17 14:04:03,496 - INFO  - Mixed 1 Training [11][   40/  391]   Loss 0.905666   QE Loss 0.000000   Distribution Loss -0.038462   IDM Loss 0.000000   Top1 66.757812   Top5 96.777344   LR 0.097941   QLR 0.000010   
2025-12-17 14:04:03,496 - INFO  - Mixed 2 Training [11][   40/  391]   Loss 0.909675   QE Loss 0.000000   Distribution Loss -0.042903   IDM Loss 0.000000   Top1 65.839844   Top5 96.601562   LR 0.097941   QLR 0.000010   
2025-12-17 14:04:03,498 - INFO  - ===================================================================================================================
2025-12-17 14:04:12,804 - INFO  - Max Training [11][   60/  391]   Loss 0.885493   QE Loss 0.000000   Distribution Loss 0.000000   IDM Loss 0.000000   Top1 67.148438   Top5 97.526042   LR 0.097941   QLR 0.000010   
2025-12-17 14:04:12,805 - INFO  - Mixed 0 Training [11][   60/  391]   Loss 0.891686   QE Loss 0.000000   Distribution Loss -0.041868   IDM Loss 0.000000   Top1 66.250000   Top5 97.148438   LR 0.097941   QLR 0.000010   
2025-12-17 14:04:12,805 - INFO  - Mixed 1 Training [11][   60/  391]   Loss 0.901494   QE Loss 0.000000   Distribution Loss -0.038680   IDM Loss 0.000000   Top1 66.015625   Top5 97.018229   LR 0.097941   QLR 0.000010   
2025-12-17 14:04:12,805 - INFO  - Mixed 2 Training [11][   60/  391]   Loss 0.902619   QE Loss 0.000000   Distribution Loss -0.039897   IDM Loss 0.000000   Top1 65.481771   Top5 96.848958   LR 0.097941   QLR 0.000010   
2025-12-17 14:04:12,807 - INFO  - ===================================================================================================================
2025-12-17 14:04:22,276 - INFO  - Max Training [11][   80/  391]   Loss 0.881650   QE Loss 0.000000   Distribution Loss 0.000000   IDM Loss 0.000000   Top1 67.685547   Top5 97.480469   LR 0.097941   QLR 0.000010   
2025-12-17 14:04:22,277 - INFO  - Mixed 0 Training [11][   80/  391]   Loss 0.883563   QE Loss 0.000000   Distribution Loss -0.044151   IDM Loss 0.000000   Top1 66.699219   Top5 97.119141   LR 0.097941   QLR 0.000010   
2025-12-17 14:04:22,277 - INFO  - Mixed 1 Training [11][   80/  391]   Loss 0.893383   QE Loss 0.000000   Distribution Loss -0.039646   IDM Loss 0.000000   Top1 66.562500   Top5 97.001953   LR 0.097941   QLR 0.000010   
2025-12-17 14:04:22,277 - INFO  - Mixed 2 Training [11][   80/  391]   Loss 0.901239   QE Loss 0.000000   Distribution Loss -0.039543   IDM Loss 0.000000   Top1 66.054688   Top5 96.894531   LR 0.097941   QLR 0.000010   
2025-12-17 14:04:22,279 - INFO  - ===================================================================================================================
2025-12-17 14:04:31,722 - INFO  - Max Training [11][  100/  391]   Loss 0.887331   QE Loss 0.000000   Distribution Loss 0.000000   IDM Loss 0.000000   Top1 67.585938   Top5 97.468750   LR 0.097941   QLR 0.000010   
2025-12-17 14:04:31,723 - INFO  - Mixed 0 Training [11][  100/  391]   Loss 0.886451   QE Loss 0.000000   Distribution Loss -0.043919   IDM Loss 0.000000   Top1 66.585938   Top5 97.140625   LR 0.097941   QLR 0.000010   
2025-12-17 14:04:31,723 - INFO  - Mixed 1 Training [11][  100/  391]   Loss 0.894804   QE Loss 0.000000   Distribution Loss -0.038796   IDM Loss 0.000000   Top1 66.460938   Top5 97.085938   LR 0.097941   QLR 0.000010   
2025-12-17 14:04:31,723 - INFO  - Mixed 2 Training [11][  100/  391]   Loss 0.900358   QE Loss 0.000000   Distribution Loss -0.039863   IDM Loss 0.000000   Top1 66.054688   Top5 97.000000   LR 0.097941   QLR 0.000010   
2025-12-17 14:04:31,724 - INFO  - ===================================================================================================================
2025-12-17 14:04:41,182 - INFO  - Max Training [11][  120/  391]   Loss 0.884803   QE Loss 0.000000   Distribution Loss 0.000000   IDM Loss 0.000000   Top1 67.350260   Top5 97.532552   LR 0.097941   QLR 0.000010   
2025-12-17 14:04:41,183 - INFO  - Mixed 0 Training [11][  120/  391]   Loss 0.883176   QE Loss 0.000000   Distribution Loss -0.043026   IDM Loss 0.000000   Top1 66.464844   Top5 97.174479   LR 0.097941   QLR 0.000010   
2025-12-17 14:04:41,183 - INFO  - Mixed 1 Training [11][  120/  391]   Loss 0.892133   QE Loss 0.000000   Distribution Loss -0.037996   IDM Loss 0.000000   Top1 66.250000   Top5 97.109375   LR 0.097941   QLR 0.000010   
2025-12-17 14:04:41,183 - INFO  - Mixed 2 Training [11][  120/  391]   Loss 0.897592   QE Loss 0.000000   Distribution Loss -0.037948   IDM Loss 0.000000   Top1 65.781250   Top5 97.005208   LR 0.097941   QLR 0.000010   
2025-12-17 14:04:41,186 - INFO  - ===================================================================================================================
2025-12-17 14:04:50,548 - INFO  - Max Training [11][  140/  391]   Loss 0.878583   QE Loss 0.000000   Distribution Loss 0.000000   IDM Loss 0.000000   Top1 67.851562   Top5 97.527902   LR 0.097941   QLR 0.000010   
2025-12-17 14:04:50,548 - INFO  - Mixed 0 Training [11][  140/  391]   Loss 0.878287   QE Loss 0.000000   Distribution Loss -0.043257   IDM Loss 0.000000   Top1 66.953125   Top5 97.193080   LR 0.097941   QLR 0.000010   
2025-12-17 14:04:50,548 - INFO  - Mixed 1 Training [11][  140/  391]   Loss 0.886008   QE Loss 0.000000   Distribution Loss -0.037840   IDM Loss 0.000000   Top1 66.914062   Top5 97.131696   LR 0.097941   QLR 0.000010   
2025-12-17 14:04:50,548 - INFO  - Mixed 2 Training [11][  140/  391]   Loss 0.889511   QE Loss 0.000000   Distribution Loss -0.038512   IDM Loss 0.000000   Top1 66.383929   Top5 97.014509   LR 0.097941   QLR 0.000010   
2025-12-17 14:04:50,550 - INFO  - ===================================================================================================================
2025-12-17 14:05:00,067 - INFO  - Max Training [11][  160/  391]   Loss 0.874924   QE Loss 0.000000   Distribution Loss 0.000000   IDM Loss 0.000000   Top1 67.773438   Top5 97.578125   LR 0.097941   QLR 0.000010   
2025-12-17 14:05:00,068 - INFO  - Mixed 0 Training [11][  160/  391]   Loss 0.873084   QE Loss 0.000000   Distribution Loss -0.043217   IDM Loss 0.000000   Top1 66.918945   Top5 97.192383   LR 0.097941   QLR 0.000010   
2025-12-17 14:05:00,068 - INFO  - Mixed 1 Training [11][  160/  391]   Loss 0.881022   QE Loss 0.000000   Distribution Loss -0.037749   IDM Loss 0.000000   Top1 66.943359   Top5 97.138672   LR 0.097941   QLR 0.000010   
2025-12-17 14:05:00,068 - INFO  - Mixed 2 Training [11][  160/  391]   Loss 0.884863   QE Loss 0.000000   Distribution Loss -0.038560   IDM Loss 0.000000   Top1 66.303711   Top5 97.006836   LR 0.097941   QLR 0.000010   
2025-12-17 14:05:00,069 - INFO  - ===================================================================================================================
2025-12-17 14:05:09,597 - INFO  - Max Training [11][  180/  391]   Loss 0.867212   QE Loss 0.000000   Distribution Loss 0.000000   IDM Loss 0.000000   Top1 68.042535   Top5 97.647569   LR 0.097941   QLR 0.000010   
2025-12-17 14:05:09,597 - INFO  - Mixed 0 Training [11][  180/  391]   Loss 0.864114   QE Loss 0.000000   Distribution Loss -0.044300   IDM Loss 0.000000   Top1 67.174479   Top5 97.222222   LR 0.097941   QLR 0.000010   
2025-12-17 14:05:09,597 - INFO  - Mixed 1 Training [11][  180/  391]   Loss 0.873255   QE Loss 0.000000   Distribution Loss -0.037557   IDM Loss 0.000000   Top1 67.309028   Top5 97.196181   LR 0.097941   QLR 0.000010   
2025-12-17 14:05:09,598 - INFO  - Mixed 2 Training [11][  180/  391]   Loss 0.876267   QE Loss 0.000000   Distribution Loss -0.038695   IDM Loss 0.000000   Top1 66.692708   Top5 97.074653   LR 0.097941   QLR 0.000010   
2025-12-17 14:05:09,599 - INFO  - ===================================================================================================================
2025-12-17 14:05:18,946 - INFO  - Max Training [11][  200/  391]   Loss 0.865757   QE Loss 0.000000   Distribution Loss 0.000000   IDM Loss 0.000000   Top1 68.023438   Top5 97.699219   LR 0.097941   QLR 0.000010   
2025-12-17 14:05:18,947 - INFO  - Mixed 0 Training [11][  200/  391]   Loss 0.862609   QE Loss 0.000000   Distribution Loss -0.043780   IDM Loss 0.000000   Top1 67.050781   Top5 97.277344   LR 0.097941   QLR 0.000010   
2025-12-17 14:05:18,947 - INFO  - Mixed 1 Training [11][  200/  391]   Loss 0.871552   QE Loss 0.000000   Distribution Loss -0.037379   IDM Loss 0.000000   Top1 67.250000   Top5 97.250000   LR 0.097941   QLR 0.000010   
2025-12-17 14:05:18,947 - INFO  - Mixed 2 Training [11][  200/  391]   Loss 0.873698   QE Loss 0.000000   Distribution Loss -0.038352   IDM Loss 0.000000   Top1 66.664062   Top5 97.160156   LR 0.097941   QLR 0.000010   
2025-12-17 14:05:18,948 - INFO  - ===================================================================================================================
2025-12-17 14:05:28,375 - INFO  - Max Training [11][  220/  391]   Loss 0.863248   QE Loss 0.000000   Distribution Loss 0.000000   IDM Loss 0.000000   Top1 67.972301   Top5 97.720170   LR 0.097941   QLR 0.000010   
2025-12-17 14:05:28,376 - INFO  - Mixed 0 Training [11][  220/  391]   Loss 0.859741   QE Loss 0.000000   Distribution Loss -0.044389   IDM Loss 0.000000   Top1 66.974432   Top5 97.304688   LR 0.097941   QLR 0.000010   
2025-12-17 14:05:28,376 - INFO  - Mixed 1 Training [11][  220/  391]   Loss 0.868545   QE Loss 0.000000   Distribution Loss -0.036975   IDM Loss 0.000000   Top1 67.173295   Top5 97.290483   LR 0.097941   QLR 0.000010   
2025-12-17 14:05:28,376 - INFO  - Mixed 2 Training [11][  220/  391]   Loss 0.869837   QE Loss 0.000000   Distribution Loss -0.038622   IDM Loss 0.000000   Top1 66.644176   Top5 97.201705   LR 0.097941   QLR 0.000010   
2025-12-17 14:05:28,378 - INFO  - ===================================================================================================================
2025-12-17 14:05:37,695 - INFO  - Max Training [11][  240/  391]   Loss 0.856181   QE Loss 0.000000   Distribution Loss 0.000000   IDM Loss 0.000000   Top1 68.183594   Top5 97.750651   LR 0.097941   QLR 0.000010   
2025-12-17 14:05:37,696 - INFO  - Mixed 0 Training [11][  240/  391]   Loss 0.851296   QE Loss 0.000000   Distribution Loss -0.044618   IDM Loss 0.000000   Top1 67.249349   Top5 97.369792   LR 0.097941   QLR 0.000010   
2025-12-17 14:05:37,696 - INFO  - Mixed 1 Training [11][  240/  391]   Loss 0.861591   QE Loss 0.000000   Distribution Loss -0.036830   IDM Loss 0.000000   Top1 67.382812   Top5 97.350260   LR 0.097941   QLR 0.000010   
2025-12-17 14:05:37,696 - INFO  - Mixed 2 Training [11][  240/  391]   Loss 0.861598   QE Loss 0.000000   Distribution Loss -0.039133   IDM Loss 0.000000   Top1 66.927083   Top5 97.272135   LR 0.097941   QLR 0.000010   
2025-12-17 14:05:37,698 - INFO  - ===================================================================================================================
2025-12-17 14:05:47,150 - INFO  - Max Training [11][  260/  391]   Loss 0.855021   QE Loss 0.000000   Distribution Loss 0.000000   IDM Loss 0.000000   Top1 68.251202   Top5 97.755409   LR 0.097941   QLR 0.000010   
2025-12-17 14:05:47,150 - INFO  - Mixed 0 Training [11][  260/  391]   Loss 0.849418   QE Loss 0.000000   Distribution Loss -0.043737   IDM Loss 0.000000   Top1 67.370793   Top5 97.358774   LR 0.097941   QLR 0.000010   
2025-12-17 14:05:47,151 - INFO  - Mixed 1 Training [11][  260/  391]   Loss 0.858713   QE Loss 0.000000   Distribution Loss -0.037562   IDM Loss 0.000000   Top1 67.478966   Top5 97.355769   LR 0.097941   QLR 0.000010   
2025-12-17 14:05:47,151 - INFO  - Mixed 2 Training [11][  260/  391]   Loss 0.858577   QE Loss 0.000000   Distribution Loss -0.039703   IDM Loss 0.000000   Top1 67.094351   Top5 97.289663   LR 0.097941   QLR 0.000010   
2025-12-17 14:05:47,152 - INFO  - ===================================================================================================================
2025-12-17 14:05:56,398 - INFO  - Max Training [11][  280/  391]   Loss 0.854866   QE Loss 0.000000   Distribution Loss 0.000000   IDM Loss 0.000000   Top1 68.278460   Top5 97.742746   LR 0.097941   QLR 0.000010   
2025-12-17 14:05:56,399 - INFO  - Mixed 0 Training [11][  280/  391]   Loss 0.849118   QE Loss 0.000000   Distribution Loss -0.043559   IDM Loss 0.000000   Top1 67.366071   Top5 97.363281   LR 0.097941   QLR 0.000010   
2025-12-17 14:05:56,399 - INFO  - Mixed 1 Training [11][  280/  391]   Loss 0.858261   QE Loss 0.000000   Distribution Loss -0.037924   IDM Loss 0.000000   Top1 67.413504   Top5 97.352121   LR 0.097941   QLR 0.000010   
2025-12-17 14:05:56,399 - INFO  - Mixed 2 Training [11][  280/  391]   Loss 0.858185   QE Loss 0.000000   Distribution Loss -0.039905   IDM Loss 0.000000   Top1 67.112165   Top5 97.285156   LR 0.097941   QLR 0.000010   
2025-12-17 14:05:56,401 - INFO  - ===================================================================================================================
2025-12-17 14:06:05,765 - INFO  - Max Training [11][  300/  391]   Loss 0.852416   QE Loss 0.000000   Distribution Loss 0.000000   IDM Loss 0.000000   Top1 68.273438   Top5 97.752604   LR 0.097941   QLR 0.000010   
2025-12-17 14:06:05,765 - INFO  - Mixed 0 Training [11][  300/  391]   Loss 0.846092   QE Loss 0.000000   Distribution Loss -0.043320   IDM Loss 0.000000   Top1 67.427083   Top5 97.395833   LR 0.097941   QLR 0.000010   
2025-12-17 14:06:05,765 - INFO  - Mixed 1 Training [11][  300/  391]   Loss 0.854946   QE Loss 0.000000   Distribution Loss -0.038429   IDM Loss 0.000000   Top1 67.440104   Top5 97.372396   LR 0.097941   QLR 0.000010   
2025-12-17 14:06:05,765 - INFO  - Mixed 2 Training [11][  300/  391]   Loss 0.854232   QE Loss 0.000000   Distribution Loss -0.039919   IDM Loss 0.000000   Top1 67.218750   Top5 97.322917   LR 0.097941   QLR 0.000010   
2025-12-17 14:06:05,767 - INFO  - ===================================================================================================================
2025-12-17 14:06:15,103 - INFO  - Max Training [11][  320/  391]   Loss 0.850943   QE Loss 0.000000   Distribution Loss 0.000000   IDM Loss 0.000000   Top1 68.239746   Top5 97.802734   LR 0.097941   QLR 0.000010   
2025-12-17 14:06:15,103 - INFO  - Mixed 0 Training [11][  320/  391]   Loss 0.844736   QE Loss 0.000000   Distribution Loss -0.042879   IDM Loss 0.000000   Top1 67.392578   Top5 97.441406   LR 0.097941   QLR 0.000010   
2025-12-17 14:06:15,103 - INFO  - Mixed 1 Training [11][  320/  391]   Loss 0.852760   QE Loss 0.000000   Distribution Loss -0.038140   IDM Loss 0.000000   Top1 67.395020   Top5 97.429199   LR 0.097941   QLR 0.000010   
2025-12-17 14:06:15,103 - INFO  - Mixed 2 Training [11][  320/  391]   Loss 0.851881   QE Loss 0.000000   Distribution Loss -0.039978   IDM Loss 0.000000   Top1 67.241211   Top5 97.385254   LR 0.097941   QLR 0.000010   
2025-12-17 14:06:15,105 - INFO  - ===================================================================================================================
2025-12-17 14:06:24,524 - INFO  - Max Training [11][  340/  391]   Loss 0.849100   QE Loss 0.000000   Distribution Loss 0.000000   IDM Loss 0.000000   Top1 68.361673   Top5 97.817096   LR 0.097941   QLR 0.000010   
2025-12-17 14:06:24,525 - INFO  - Mixed 0 Training [11][  340/  391]   Loss 0.843152   QE Loss 0.000000   Distribution Loss -0.042192   IDM Loss 0.000000   Top1 67.511489   Top5 97.451746   LR 0.097941   QLR 0.000010   
2025-12-17 14:06:24,525 - INFO  - Mixed 1 Training [11][  340/  391]   Loss 0.850390   QE Loss 0.000000   Distribution Loss -0.038000   IDM Loss 0.000000   Top1 67.513787   Top5 97.444853   LR 0.097941   QLR 0.000010   
2025-12-17 14:06:24,525 - INFO  - Mixed 2 Training [11][  340/  391]   Loss 0.849247   QE Loss 0.000000   Distribution Loss -0.039590   IDM Loss 0.000000   Top1 67.378217   Top5 97.405790   LR 0.097941   QLR 0.000010   
2025-12-17 14:06:24,527 - INFO  - ===================================================================================================================
2025-12-17 14:06:33,958 - INFO  - Max Training [11][  360/  391]   Loss 0.845351   QE Loss 0.000000   Distribution Loss 0.000000   IDM Loss 0.000000   Top1 68.606771   Top5 97.832031   LR 0.097941   QLR 0.000010   
2025-12-17 14:06:33,959 - INFO  - Mixed 0 Training [11][  360/  391]   Loss 0.839074   QE Loss 0.000000   Distribution Loss -0.042259   IDM Loss 0.000000   Top1 67.777778   Top5 97.460938   LR 0.097941   QLR 0.000010   
2025-12-17 14:06:33,959 - INFO  - Mixed 1 Training [11][  360/  391]   Loss 0.846118   QE Loss 0.000000   Distribution Loss -0.038131   IDM Loss 0.000000   Top1 67.762587   Top5 97.460938   LR 0.097941   QLR 0.000010   
2025-12-17 14:06:33,959 - INFO  - Mixed 2 Training [11][  360/  391]   Loss 0.844508   QE Loss 0.000000   Distribution Loss -0.040398   IDM Loss 0.000000   Top1 67.625868   Top5 97.413194   LR 0.097941   QLR 0.000010   
2025-12-17 14:06:33,961 - INFO  - ===================================================================================================================
2025-12-17 14:06:43,301 - INFO  - Max Training [11][  380/  391]   Loss 0.845006   QE Loss 0.000000   Distribution Loss 0.000000   IDM Loss 0.000000   Top1 68.515625   Top5 97.841283   LR 0.097941   QLR 0.000010   
2025-12-17 14:06:43,301 - INFO  - Mixed 0 Training [11][  380/  391]   Loss 0.838595   QE Loss 0.000000   Distribution Loss -0.043031   IDM Loss 0.000000   Top1 67.689145   Top5 97.479441   LR 0.097941   QLR 0.000010   
2025-12-17 14:06:43,301 - INFO  - Mixed 1 Training [11][  380/  391]   Loss 0.845023   QE Loss 0.000000   Distribution Loss -0.038612   IDM Loss 0.000000   Top1 67.672697   Top5 97.481497   LR 0.097941   QLR 0.000010   
2025-12-17 14:06:43,301 - INFO  - Mixed 2 Training [11][  380/  391]   Loss 0.843931   QE Loss 0.000000   Distribution Loss -0.040689   IDM Loss 0.000000   Top1 67.512336   Top5 97.425987   LR 0.097941   QLR 0.000010   
2025-12-17 14:06:43,303 - INFO  - ===================================================================================================================
2025-12-17 14:06:48,076 - INFO  - ==> Max Top1: 68.486    Top5: 97.833    Loss: 0.845
2025-12-17 14:06:48,076 - INFO  - ==> Mixed 0 Top1: 67.650    Top5: 97.472    Loss: 0.838
2025-12-17 14:06:48,076 - INFO  - ==> Mixed 1 Top1: 67.618    Top5: 97.472    Loss: 0.844
2025-12-17 14:06:48,076 - INFO  - ==> Mixed 2 Top1: 67.494    Top5: 97.418    Loss: 0.843
2025-12-17 14:06:48,077 - INFO  - Epoch  11 Summary - Train Top1: 68.486%  Top5: 97.833%  Loss: 0.8445
2025-12-17 14:06:48,077 - INFO  -   ⏱️  本Epoch耗时: 3分4秒 | 平均Epoch耗时: 3分5秒 | 剩余Epoch数: 108
2025-12-17 14:06:48,077 - INFO  -   📅 预估剩余时间: 5小时34分19秒 | 预估完成时间: 2025-12-17 19:41:07
2025-12-17 14:06:48,078 - INFO  - Scoreboard best 1 ==> Epoch [11][Top1: 0.000   Top5: 0.000]
2025-12-17 14:06:48,078 - INFO  - Scoreboard best 2 ==> Epoch [10][Top1: 0.000   Top5: 0.000]
2025-12-17 14:06:48,079 - INFO  - Scoreboard best 3 ==> Epoch [9][Top1: 0.000   Top5: 0.000]
2025-12-17 14:06:48,892 - INFO  - ([11] Epoch) Saving checkpoint to:
             Current: /root/autodl-tmp/retraining-free-quantization/training/resnet18_cifar10_single_gpu_normal_srqat_ls0/resnet18_cifar10_single_gpu_normal_srqat_ls0_checkpoint.pth.tar

2025-12-17 14:06:48,896 - INFO  - >>>>>>>> Epoch  12
2025-12-17 14:06:48,896 - INFO  - Training: 50000 samples (128 per mini-batch)
2025-12-17 14:06:49,259 - INFO  - [FAT] Batch 0, Iter 0: FAT is DISABLED, using standard training
2025-12-17 14:06:58,683 - INFO  - Max Training [12][   20/  391]   Loss 0.770972   QE Loss 0.000000   Distribution Loss 0.000000   IDM Loss 0.000000   Top1 69.687500   Top5 98.476562   LR 0.097553   QLR 0.000010   
2025-12-17 14:06:58,684 - INFO  - Mixed 0 Training [12][   20/  391]   Loss 0.768241   QE Loss 0.000000   Distribution Loss -0.038665   IDM Loss 0.000000   Top1 68.710938   Top5 98.281250   LR 0.097553   QLR 0.000010   
2025-12-17 14:06:58,684 - INFO  - Mixed 1 Training [12][   20/  391]   Loss 0.763351   QE Loss 0.000000   Distribution Loss -0.033152   IDM Loss 0.000000   Top1 69.218750   Top5 98.281250   LR 0.097553   QLR 0.000010   
2025-12-17 14:06:58,684 - INFO  - Mixed 2 Training [12][   20/  391]   Loss 0.760406   QE Loss 0.000000   Distribution Loss -0.043584   IDM Loss 0.000000   Top1 69.296875   Top5 98.007812   LR 0.097553   QLR 0.000010   
2025-12-17 14:06:58,686 - INFO  - ===================================================================================================================
2025-12-17 14:07:08,073 - INFO  - Max Training [12][   40/  391]   Loss 0.768668   QE Loss 0.000000   Distribution Loss 0.000000   IDM Loss 0.000000   Top1 71.484375   Top5 98.359375   LR 0.097553   QLR 0.000010   
2025-12-17 14:07:08,073 - INFO  - Mixed 0 Training [12][   40/  391]   Loss 0.748888   QE Loss 0.000000   Distribution Loss -0.049660   IDM Loss 0.000000   Top1 70.156250   Top5 98.125000   LR 0.097553   QLR 0.000010   
2025-12-17 14:07:08,074 - INFO  - Mixed 1 Training [12][   40/  391]   Loss 0.754653   QE Loss 0.000000   Distribution Loss -0.038120   IDM Loss 0.000000   Top1 70.742188   Top5 98.300781   LR 0.097553   QLR 0.000010   
2025-12-17 14:07:08,074 - INFO  - Mixed 2 Training [12][   40/  391]   Loss 0.761889   QE Loss 0.000000   Distribution Loss -0.038750   IDM Loss 0.000000   Top1 70.839844   Top5 97.929688   LR 0.097553   QLR 0.000010   
2025-12-17 14:07:08,075 - INFO  - ===================================================================================================================
2025-12-17 14:07:17,446 - INFO  - Max Training [12][   60/  391]   Loss 0.772291   QE Loss 0.000000   Distribution Loss 0.000000   IDM Loss 0.000000   Top1 71.028646   Top5 98.294271   LR 0.097553   QLR 0.000010   
2025-12-17 14:07:17,447 - INFO  - Mixed 0 Training [12][   60/  391]   Loss 0.751814   QE Loss 0.000000   Distribution Loss -0.047099   IDM Loss 0.000000   Top1 69.921875   Top5 98.203125   LR 0.097553   QLR 0.000010   
2025-12-17 14:07:17,447 - INFO  - Mixed 1 Training [12][   60/  391]   Loss 0.757778   QE Loss 0.000000   Distribution Loss -0.037451   IDM Loss 0.000000   Top1 70.260417   Top5 98.255208   LR 0.097553   QLR 0.000010   
2025-12-17 14:07:17,447 - INFO  - Mixed 2 Training [12][   60/  391]   Loss 0.753112   QE Loss 0.000000   Distribution Loss -0.045192   IDM Loss 0.000000   Top1 70.455729   Top5 98.033854   LR 0.097553   QLR 0.000010   
2025-12-17 14:07:17,449 - INFO  - ===================================================================================================================
2025-12-17 14:07:27,002 - INFO  - Max Training [12][   80/  391]   Loss 0.776487   QE Loss 0.000000   Distribution Loss 0.000000   IDM Loss 0.000000   Top1 70.722656   Top5 98.300781   LR 0.097553   QLR 0.000010   
2025-12-17 14:07:27,003 - INFO  - Mixed 0 Training [12][   80/  391]   Loss 0.760072   QE Loss 0.000000   Distribution Loss -0.044236   IDM Loss 0.000000   Top1 69.667969   Top5 98.183594   LR 0.097553   QLR 0.000010   
2025-12-17 14:07:27,003 - INFO  - Mixed 1 Training [12][   80/  391]   Loss 0.762175   QE Loss 0.000000   Distribution Loss -0.039641   IDM Loss 0.000000   Top1 69.873047   Top5 98.281250   LR 0.097553   QLR 0.000010   
2025-12-17 14:07:27,003 - INFO  - Mixed 2 Training [12][   80/  391]   Loss 0.759070   QE Loss 0.000000   Distribution Loss -0.042636   IDM Loss 0.000000   Top1 69.980469   Top5 97.958984   LR 0.097553   QLR 0.000010   
2025-12-17 14:07:27,005 - INFO  - ===================================================================================================================
2025-12-17 14:07:36,622 - INFO  - Max Training [12][  100/  391]   Loss 0.772132   QE Loss 0.000000   Distribution Loss 0.000000   IDM Loss 0.000000   Top1 71.039062   Top5 98.351562   LR 0.097553   QLR 0.000010   
2025-12-17 14:07:36,623 - INFO  - Mixed 0 Training [12][  100/  391]   Loss 0.754822   QE Loss 0.000000   Distribution Loss -0.044656   IDM Loss 0.000000   Top1 70.031250   Top5 98.187500   LR 0.097553   QLR 0.000010   
2025-12-17 14:07:36,623 - INFO  - Mixed 1 Training [12][  100/  391]   Loss 0.755957   QE Loss 0.000000   Distribution Loss -0.040911   IDM Loss 0.000000   Top1 70.148438   Top5 98.296875   LR 0.097553   QLR 0.000010   
2025-12-17 14:07:36,623 - INFO  - Mixed 2 Training [12][  100/  391]   Loss 0.756012   QE Loss 0.000000   Distribution Loss -0.040970   IDM Loss 0.000000   Top1 70.218750   Top5 98.015625   LR 0.097553   QLR 0.000010   
2025-12-17 14:07:36,625 - INFO  - ===================================================================================================================
2025-12-17 14:07:45,915 - INFO  - Max Training [12][  120/  391]   Loss 0.772133   QE Loss 0.000000   Distribution Loss 0.000000   IDM Loss 0.000000   Top1 71.054688   Top5 98.287760   LR 0.097553   QLR 0.000010   
2025-12-17 14:07:45,915 - INFO  - Mixed 0 Training [12][  120/  391]   Loss 0.756160   QE Loss 0.000000   Distribution Loss -0.042698   IDM Loss 0.000000   Top1 69.973958   Top5 98.098958   LR 0.097553   QLR 0.000010   
2025-12-17 14:07:45,916 - INFO  - Mixed 1 Training [12][  120/  391]   Loss 0.754947   QE Loss 0.000000   Distribution Loss -0.040125   IDM Loss 0.000000   Top1 70.195312   Top5 98.170573   LR 0.097553   QLR 0.000010   
2025-12-17 14:07:45,916 - INFO  - Mixed 2 Training [12][  120/  391]   Loss 0.753569   QE Loss 0.000000   Distribution Loss -0.042014   IDM Loss 0.000000   Top1 70.338542   Top5 97.981771   LR 0.097553   QLR 0.000010   
2025-12-17 14:07:45,918 - INFO  - ===================================================================================================================
2025-12-17 14:07:55,316 - INFO  - Max Training [12][  140/  391]   Loss 0.773314   QE Loss 0.000000   Distribution Loss 0.000000   IDM Loss 0.000000   Top1 70.803571   Top5 98.286830   LR 0.097553   QLR 0.000010   
2025-12-17 14:07:55,316 - INFO  - Mixed 0 Training [12][  140/  391]   Loss 0.756943   QE Loss 0.000000   Distribution Loss -0.042735   IDM Loss 0.000000   Top1 69.726562   Top5 98.125000   LR 0.097553   QLR 0.000010   
2025-12-17 14:07:55,316 - INFO  - Mixed 1 Training [12][  140/  391]   Loss 0.758602   QE Loss 0.000000   Distribution Loss -0.039810   IDM Loss 0.000000   Top1 69.927455   Top5 98.169643   LR 0.097553   QLR 0.000010   
2025-12-17 14:07:55,316 - INFO  - Mixed 2 Training [12][  140/  391]   Loss 0.755719   QE Loss 0.000000   Distribution Loss -0.040165   IDM Loss 0.000000   Top1 70.061384   Top5 98.024554   LR 0.097553   QLR 0.000010   
2025-12-17 14:07:55,318 - INFO  - ===================================================================================================================
2025-12-17 14:08:04,694 - INFO  - Max Training [12][  160/  391]   Loss 0.774967   QE Loss 0.000000   Distribution Loss 0.000000   IDM Loss 0.000000   Top1 70.805664   Top5 98.256836   LR 0.097553   QLR 0.000010   
2025-12-17 14:08:04,694 - INFO  - Mixed 0 Training [12][  160/  391]   Loss 0.757854   QE Loss 0.000000   Distribution Loss -0.042928   IDM Loss 0.000000   Top1 69.824219   Top5 98.085938   LR 0.097553   QLR 0.000010   
2025-12-17 14:08:04,695 - INFO  - Mixed 1 Training [12][  160/  391]   Loss 0.757467   QE Loss 0.000000   Distribution Loss -0.042023   IDM Loss 0.000000   Top1 69.902344   Top5 98.110352   LR 0.097553   QLR 0.000010   
2025-12-17 14:08:04,695 - INFO  - Mixed 2 Training [12][  160/  391]   Loss 0.757528   QE Loss 0.000000   Distribution Loss -0.040114   IDM Loss 0.000000   Top1 70.048828   Top5 97.944336   LR 0.097553   QLR 0.000010   
2025-12-17 14:08:04,697 - INFO  - ===================================================================================================================
2025-12-17 14:08:14,232 - INFO  - Max Training [12][  180/  391]   Loss 0.775336   QE Loss 0.000000   Distribution Loss 0.000000   IDM Loss 0.000000   Top1 70.642361   Top5 98.250868   LR 0.097553   QLR 0.000010   
2025-12-17 14:08:14,233 - INFO  - Mixed 0 Training [12][  180/  391]   Loss 0.760336   QE Loss 0.000000   Distribution Loss -0.042581   IDM Loss 0.000000   Top1 69.683160   Top5 98.116319   LR 0.097553   QLR 0.000010   
2025-12-17 14:08:14,233 - INFO  - Mixed 1 Training [12][  180/  391]   Loss 0.759336   QE Loss 0.000000   Distribution Loss -0.041777   IDM Loss 0.000000   Top1 69.717882   Top5 98.138021   LR 0.097553   QLR 0.000010   
2025-12-17 14:08:14,233 - INFO  - Mixed 2 Training [12][  180/  391]   Loss 0.759583   QE Loss 0.000000   Distribution Loss -0.039553   IDM Loss 0.000000   Top1 69.882812   Top5 97.968750   LR 0.097553   QLR 0.000010   
2025-12-17 14:08:14,235 - INFO  - ===================================================================================================================
2025-12-17 14:08:23,698 - INFO  - Max Training [12][  200/  391]   Loss 0.773196   QE Loss 0.000000   Distribution Loss 0.000000   IDM Loss 0.000000   Top1 70.597656   Top5 98.285156   LR 0.097553   QLR 0.000010   
2025-12-17 14:08:23,698 - INFO  - Mixed 0 Training [12][  200/  391]   Loss 0.758779   QE Loss 0.000000   Distribution Loss -0.042386   IDM Loss 0.000000   Top1 69.730469   Top5 98.128906   LR 0.097553   QLR 0.000010   
2025-12-17 14:08:23,698 - INFO  - Mixed 1 Training [12][  200/  391]   Loss 0.757589   QE Loss 0.000000   Distribution Loss -0.041228   IDM Loss 0.000000   Top1 69.714844   Top5 98.160156   LR 0.097553   QLR 0.000010   
2025-12-17 14:08:23,698 - INFO  - Mixed 2 Training [12][  200/  391]   Loss 0.757539   QE Loss 0.000000   Distribution Loss -0.039953   IDM Loss 0.000000   Top1 69.851562   Top5 98.007812   LR 0.097553   QLR 0.000010   
2025-12-17 14:08:23,700 - INFO  - ===================================================================================================================
2025-12-17 14:08:33,255 - INFO  - Max Training [12][  220/  391]   Loss 0.773682   QE Loss 0.000000   Distribution Loss 0.000000   IDM Loss 0.000000   Top1 70.490057   Top5 98.316761   LR 0.097553   QLR 0.000010   
2025-12-17 14:08:33,255 - INFO  - Mixed 0 Training [12][  220/  391]   Loss 0.760689   QE Loss 0.000000   Distribution Loss -0.042119   IDM Loss 0.000000   Top1 69.655540   Top5 98.156960   LR 0.097553   QLR 0.000010   
2025-12-17 14:08:33,256 - INFO  - Mixed 1 Training [12][  220/  391]   Loss 0.760338   QE Loss 0.000000   Distribution Loss -0.041617   IDM Loss 0.000000   Top1 69.637784   Top5 98.178267   LR 0.097553   QLR 0.000010   
2025-12-17 14:08:33,256 - INFO  - Mixed 2 Training [12][  220/  391]   Loss 0.760697   QE Loss 0.000000   Distribution Loss -0.039917   IDM Loss 0.000000   Top1 69.772727   Top5 98.036222   LR 0.097553   QLR 0.000010   
2025-12-17 14:08:33,257 - INFO  - ===================================================================================================================
2025-12-17 14:08:42,866 - INFO  - Max Training [12][  240/  391]   Loss 0.772759   QE Loss 0.000000   Distribution Loss 0.000000   IDM Loss 0.000000   Top1 70.722656   Top5 98.287760   LR 0.097553   QLR 0.000010   
2025-12-17 14:08:42,867 - INFO  - Mixed 0 Training [12][  240/  391]   Loss 0.758655   QE Loss 0.000000   Distribution Loss -0.041933   IDM Loss 0.000000   Top1 69.938151   Top5 98.125000   LR 0.097553   QLR 0.000010   
2025-12-17 14:08:42,867 - INFO  - Mixed 1 Training [12][  240/  391]   Loss 0.759362   QE Loss 0.000000   Distribution Loss -0.041344   IDM Loss 0.000000   Top1 69.856771   Top5 98.164062   LR 0.097553   QLR 0.000010   
2025-12-17 14:08:42,867 - INFO  - Mixed 2 Training [12][  240/  391]   Loss 0.760140   QE Loss 0.000000   Distribution Loss -0.039407   IDM Loss 0.000000   Top1 69.990234   Top5 98.043620   LR 0.097553   QLR 0.000010   
2025-12-17 14:08:42,869 - INFO  - ===================================================================================================================
2025-12-17 14:08:52,369 - INFO  - Max Training [12][  260/  391]   Loss 0.772776   QE Loss 0.000000   Distribution Loss 0.000000   IDM Loss 0.000000   Top1 70.859375   Top5 98.287260   LR 0.097553   QLR 0.000010   
2025-12-17 14:08:52,370 - INFO  - Mixed 0 Training [12][  260/  391]   Loss 0.758382   QE Loss 0.000000   Distribution Loss -0.041878   IDM Loss 0.000000   Top1 70.093149   Top5 98.112981   LR 0.097553   QLR 0.000010   
2025-12-17 14:08:52,370 - INFO  - Mixed 1 Training [12][  260/  391]   Loss 0.759361   QE Loss 0.000000   Distribution Loss -0.041842   IDM Loss 0.000000   Top1 69.984976   Top5 98.131010   LR 0.097553   QLR 0.000010   
2025-12-17 14:08:52,370 - INFO  - Mixed 2 Training [12][  260/  391]   Loss 0.759755   QE Loss 0.000000   Distribution Loss -0.039921   IDM Loss 0.000000   Top1 70.087139   Top5 98.043870   LR 0.097553   QLR 0.000010   
2025-12-17 14:08:52,372 - INFO  - ===================================================================================================================
2025-12-17 14:09:01,909 - INFO  - Max Training [12][  280/  391]   Loss 0.771446   QE Loss 0.000000   Distribution Loss 0.000000   IDM Loss 0.000000   Top1 71.010045   Top5 98.272879   LR 0.097553   QLR 0.000010   
2025-12-17 14:09:01,910 - INFO  - Mixed 0 Training [12][  280/  391]   Loss 0.756330   QE Loss 0.000000   Distribution Loss -0.042500   IDM Loss 0.000000   Top1 70.217634   Top5 98.102679   LR 0.097553   QLR 0.000010   
2025-12-17 14:09:01,910 - INFO  - Mixed 1 Training [12][  280/  391]   Loss 0.758307   QE Loss 0.000000   Distribution Loss -0.041742   IDM Loss 0.000000   Top1 70.119978   Top5 98.116629   LR 0.097553   QLR 0.000010   
2025-12-17 14:09:01,910 - INFO  - Mixed 2 Training [12][  280/  391]   Loss 0.758104   QE Loss 0.000000   Distribution Loss -0.040129   IDM Loss 0.000000   Top1 70.259487   Top5 98.032924   LR 0.097553   QLR 0.000010   
2025-12-17 14:09:01,912 - INFO  - ===================================================================================================================
2025-12-17 14:09:11,320 - INFO  - Max Training [12][  300/  391]   Loss 0.768319   QE Loss 0.000000   Distribution Loss 0.000000   IDM Loss 0.000000   Top1 71.161458   Top5 98.278646   LR 0.097553   QLR 0.000010   
2025-12-17 14:09:11,321 - INFO  - Mixed 0 Training [12][  300/  391]   Loss 0.752818   QE Loss 0.000000   Distribution Loss -0.042042   IDM Loss 0.000000   Top1 70.411458   Top5 98.104167   LR 0.097553   QLR 0.000010   
2025-12-17 14:09:11,321 - INFO  - Mixed 1 Training [12][  300/  391]   Loss 0.754223   QE Loss 0.000000   Distribution Loss -0.041891   IDM Loss 0.000000   Top1 70.276042   Top5 98.119792   LR 0.097553   QLR 0.000010   
2025-12-17 14:09:11,321 - INFO  - Mixed 2 Training [12][  300/  391]   Loss 0.754721   QE Loss 0.000000   Distribution Loss -0.040064   IDM Loss 0.000000   Top1 70.393229   Top5 98.046875   LR 0.097553   QLR 0.000010   
2025-12-17 14:09:11,322 - INFO  - ===================================================================================================================
2025-12-17 14:09:20,900 - INFO  - Max Training [12][  320/  391]   Loss 0.766570   QE Loss 0.000000   Distribution Loss 0.000000   IDM Loss 0.000000   Top1 71.240234   Top5 98.288574   LR 0.097553   QLR 0.000010   
2025-12-17 14:09:20,901 - INFO  - Mixed 0 Training [12][  320/  391]   Loss 0.750483   QE Loss 0.000000   Distribution Loss -0.041985   IDM Loss 0.000000   Top1 70.527344   Top5 98.129883   LR 0.097553   QLR 0.000010   
2025-12-17 14:09:20,901 - INFO  - Mixed 1 Training [12][  320/  391]   Loss 0.752572   QE Loss 0.000000   Distribution Loss -0.041588   IDM Loss 0.000000   Top1 70.397949   Top5 98.132324   LR 0.097553   QLR 0.000010   
2025-12-17 14:09:20,901 - INFO  - Mixed 2 Training [12][  320/  391]   Loss 0.753162   QE Loss 0.000000   Distribution Loss -0.039855   IDM Loss 0.000000   Top1 70.478516   Top5 98.073730   LR 0.097553   QLR 0.000010   
2025-12-17 14:09:20,903 - INFO  - ===================================================================================================================
2025-12-17 14:09:30,197 - INFO  - Max Training [12][  340/  391]   Loss 0.764923   QE Loss 0.000000   Distribution Loss 0.000000   IDM Loss 0.000000   Top1 71.250000   Top5 98.306526   LR 0.097553   QLR 0.000010   
2025-12-17 14:09:30,197 - INFO  - Mixed 0 Training [12][  340/  391]   Loss 0.749418   QE Loss 0.000000   Distribution Loss -0.041985   IDM Loss 0.000000   Top1 70.535386   Top5 98.143382   LR 0.097553   QLR 0.000010   
2025-12-17 14:09:30,197 - INFO  - Mixed 1 Training [12][  340/  391]   Loss 0.750044   QE Loss 0.000000   Distribution Loss -0.042116   IDM Loss 0.000000   Top1 70.438879   Top5 98.150276   LR 0.097553   QLR 0.000010   
2025-12-17 14:09:30,197 - INFO  - Mixed 2 Training [12][  340/  391]   Loss 0.751314   QE Loss 0.000000   Distribution Loss -0.040570   IDM Loss 0.000000   Top1 70.452665   Top5 98.088235   LR 0.097553   QLR 0.000010   
2025-12-17 14:09:30,200 - INFO  - ===================================================================================================================
2025-12-17 14:09:39,436 - INFO  - Max Training [12][  360/  391]   Loss 0.764900   QE Loss 0.000000   Distribution Loss 0.000000   IDM Loss 0.000000   Top1 71.174045   Top5 98.315972   LR 0.097553   QLR 0.000010   
2025-12-17 14:09:39,437 - INFO  - Mixed 0 Training [12][  360/  391]   Loss 0.749405   QE Loss 0.000000   Distribution Loss -0.041998   IDM Loss 0.000000   Top1 70.514323   Top5 98.146701   LR 0.097553   QLR 0.000010   
2025-12-17 14:09:39,437 - INFO  - Mixed 1 Training [12][  360/  391]   Loss 0.749851   QE Loss 0.000000   Distribution Loss -0.042238   IDM Loss 0.000000   Top1 70.438368   Top5 98.157552   LR 0.097553   QLR 0.000010   
2025-12-17 14:09:39,437 - INFO  - Mixed 2 Training [12][  360/  391]   Loss 0.751176   QE Loss 0.000000   Distribution Loss -0.041020   IDM Loss 0.000000   Top1 70.421007   Top5 98.103299   LR 0.097553   QLR 0.000010   
2025-12-17 14:09:39,439 - INFO  - ===================================================================================================================
2025-12-17 14:09:48,802 - INFO  - Max Training [12][  380/  391]   Loss 0.763787   QE Loss 0.000000   Distribution Loss 0.000000   IDM Loss 0.000000   Top1 71.280839   Top5 98.318257   LR 0.097553   QLR 0.000010   
2025-12-17 14:09:48,802 - INFO  - Mixed 0 Training [12][  380/  391]   Loss 0.747452   QE Loss 0.000000   Distribution Loss -0.042462   IDM Loss 0.000000   Top1 70.629112   Top5 98.145559   LR 0.097553   QLR 0.000010   
2025-12-17 14:09:48,802 - INFO  - Mixed 1 Training [12][  380/  391]   Loss 0.748514   QE Loss 0.000000   Distribution Loss -0.042473   IDM Loss 0.000000   Top1 70.583882   Top5 98.149671   LR 0.097553   QLR 0.000010   
2025-12-17 14:09:48,802 - INFO  - Mixed 2 Training [12][  380/  391]   Loss 0.749487   QE Loss 0.000000   Distribution Loss -0.041074   IDM Loss 0.000000   Top1 70.546875   Top5 98.083882   LR 0.097553   QLR 0.000010   
2025-12-17 14:09:48,804 - INFO  - ===================================================================================================================
2025-12-17 14:09:53,705 - INFO  - ==> Max Top1: 71.334    Top5: 98.319    Loss: 0.763
2025-12-17 14:09:53,705 - INFO  - ==> Mixed 0 Top1: 70.683    Top5: 98.137    Loss: 0.747
2025-12-17 14:09:53,705 - INFO  - ==> Mixed 1 Top1: 70.629    Top5: 98.151    Loss: 0.748
2025-12-17 14:09:53,705 - INFO  - ==> Mixed 2 Top1: 70.627    Top5: 98.091    Loss: 0.748
2025-12-17 14:09:53,706 - INFO  - Epoch  12 Summary - Train Top1: 71.334%  Top5: 98.319%  Loss: 0.7629
2025-12-17 14:09:53,706 - INFO  -   ⏱️  本Epoch耗时: 3分4秒 | 平均Epoch耗时: 3分5秒 | 剩余Epoch数: 107
2025-12-17 14:09:53,706 - INFO  -   📅 预估剩余时间: 5小时30分19秒 | 预估完成时间: 2025-12-17 19:40:13
2025-12-17 14:09:53,707 - INFO  - Scoreboard best 1 ==> Epoch [12][Top1: 0.000   Top5: 0.000]
2025-12-17 14:09:53,707 - INFO  - Scoreboard best 2 ==> Epoch [11][Top1: 0.000   Top5: 0.000]
2025-12-17 14:09:53,707 - INFO  - Scoreboard best 3 ==> Epoch [10][Top1: 0.000   Top5: 0.000]
2025-12-17 14:09:54,405 - INFO  - ([12] Epoch) Saving checkpoint to:
             Current: /root/autodl-tmp/retraining-free-quantization/training/resnet18_cifar10_single_gpu_normal_srqat_ls0/resnet18_cifar10_single_gpu_normal_srqat_ls0_checkpoint.pth.tar

2025-12-17 14:09:54,408 - INFO  - >>>>>>>> Epoch  13
2025-12-17 14:09:54,409 - INFO  - Training: 50000 samples (128 per mini-batch)
2025-12-17 14:09:55,169 - INFO  - [Freezing] layer layer2.1.conv2, 0.06556826084852219, [6, 5, 4, 3, 2] -> [6, 5, 4, 3]
2025-12-17 14:09:55,169 - INFO  - [Freezing] layer layer3.0.conv1, 0.06432066857814789, [6, 5, 4, 3, 2] -> [6, 5, 4, 3]
2025-12-17 14:09:55,169 - INFO  - [Freezing] layer layer2.1.conv1, 0.06321252882480621, [6, 5, 4, 3, 2] -> [6, 5, 4, 3]
2025-12-17 14:09:55,170 - INFO  - [Freezing] layer layer2.0.conv2, 0.06269101798534393, [6, 5, 4, 3, 2] -> [6, 5, 4, 3]
2025-12-17 14:09:55,170 - INFO  - [Freezing] layer layer1.1.conv1, 0.06140778586268425, [6, 5, 4, 3, 2] -> [6, 5, 4, 3]
2025-12-17 14:09:55,170 - INFO  - [Freezing] layer layer2.0.downsample.0, 0.06102132052183151, [6, 5, 4, 3, 2] -> [6, 5, 4, 3]
2025-12-17 14:09:55,170 - INFO  - [Freezing] layer layer1.0.conv1, 0.060015738010406494, [6, 5, 4, 3, 2] -> [6, 5, 4, 3]
2025-12-17 14:09:55,170 - INFO  - [Freezing] layer layer1.1.conv2, 0.05952013283967972, [6, 5, 4, 3, 2] -> [6, 5, 4, 3]
2025-12-17 14:09:55,171 - INFO  - [Freezing] layer layer4.1.conv2, 0.05951470881700516, [6, 5, 4, 3] -> [6, 5, 4, 3]
2025-12-17 14:09:55,171 - INFO  - [Activating] layer layer4.0.conv2, 0.05927262082695961, [6, 5, 4, 3] -> (6, 5, 4, 3, 2)
2025-12-17 14:09:55,171 - INFO  - [Activating] layer layer3.1.conv2, 0.05847230926156044, [6, 5, 4, 3] -> (6, 5, 4, 3, 2)
2025-12-17 14:09:55,171 - INFO  - [Activating] layer layer4.0.conv1, 0.0582183413207531, [6, 5, 4, 3] -> (6, 5, 4, 3, 2)
2025-12-17 14:09:55,171 - INFO  - [Activating] layer layer3.1.conv1, 0.0580713227391243, [6, 5, 4, 3] -> (6, 5, 4, 3, 2)
2025-12-17 14:09:55,171 - INFO  - [Activating] layer layer4.0.downsample.0, 0.05806678161025047, [6, 5, 4, 3] -> (6, 5, 4, 3, 2)
2025-12-17 14:09:55,171 - INFO  - [Activating] layer layer2.0.conv1, 0.058048684149980545, [6, 5, 4, 3, 2] -> (6, 5, 4, 3, 2)
2025-12-17 14:09:55,171 - INFO  - [Activating] layer layer3.0.conv2, 0.057930946350097656, [6, 5, 4, 3] -> (6, 5, 4, 3, 2)
2025-12-17 14:09:55,172 - INFO  - [Activating] layer layer3.0.downsample.0, 0.05711720883846283, [6, 5, 4, 3] -> (6, 5, 4, 3, 2)
2025-12-17 14:09:55,172 - INFO  - [Activating] layer layer4.1.conv1, 0.056337304413318634, [6, 5, 4, 3] -> (6, 5, 4, 3, 2)
2025-12-17 14:09:55,172 - INFO  - [Activating] layer layer1.0.conv2, 0.05593985319137573, [6, 5, 4, 3, 2] -> (6, 5, 4, 3, 2)
2025-12-17 14:09:55,172 - INFO  - Current freezing ratio: 0.4967221401100709
2025-12-17 14:09:55,541 - INFO  - [FAT] Batch 0, Iter 0: FAT is DISABLED, using standard training
2025-12-17 14:10:04,850 - INFO  - Max Training [13][   20/  391]   Loss 0.733446   QE Loss 0.000000   Distribution Loss 0.000000   IDM Loss 0.000000   Top1 72.851562   Top5 98.710938   LR 0.097132   QLR 0.000010   
2025-12-17 14:10:04,851 - INFO  - Mixed 0 Training [13][   20/  391]   Loss 0.716414   QE Loss 0.000000   Distribution Loss -0.050509   IDM Loss 0.000000   Top1 71.406250   Top5 98.164062   LR 0.097132   QLR 0.000010   
2025-12-17 14:10:04,851 - INFO  - Mixed 1 Training [13][   20/  391]   Loss 0.681059   QE Loss 0.000000   Distribution Loss -0.077891   IDM Loss 0.000000   Top1 71.015625   Top5 98.320312   LR 0.097132   QLR 0.000010   
2025-12-17 14:10:04,851 - INFO  - Mixed 2 Training [13][   20/  391]   Loss 0.712492   QE Loss 0.000000   Distribution Loss -0.046687   IDM Loss 0.000000   Top1 71.406250   Top5 98.320312   LR 0.097132   QLR 0.000010   
2025-12-17 14:10:04,854 - INFO  - ===================================================================================================================
2025-12-17 14:10:14,398 - INFO  - Max Training [13][   40/  391]   Loss 0.718563   QE Loss 0.000000   Distribution Loss 0.000000   IDM Loss 0.000000   Top1 72.480469   Top5 98.535156   LR 0.097132   QLR 0.000010   
2025-12-17 14:10:14,399 - INFO  - Mixed 0 Training [13][   40/  391]   Loss 0.686660   QE Loss 0.000000   Distribution Loss -0.064146   IDM Loss 0.000000   Top1 71.328125   Top5 98.242188   LR 0.097132   QLR 0.000010   
2025-12-17 14:10:14,399 - INFO  - Mixed 1 Training [13][   40/  391]   Loss 0.673948   QE Loss 0.000000   Distribution Loss -0.073525   IDM Loss 0.000000   Top1 71.191406   Top5 98.339844   LR 0.097132   QLR 0.000010   
2025-12-17 14:10:14,399 - INFO  - Mixed 2 Training [13][   40/  391]   Loss 0.684395   QE Loss 0.000000   Distribution Loss -0.056987   IDM Loss 0.000000   Top1 71.503906   Top5 98.398438   LR 0.097132   QLR 0.000010   
2025-12-17 14:10:14,401 - INFO  - ===================================================================================================================
2025-12-17 14:10:23,976 - INFO  - Max Training [13][   60/  391]   Loss 0.724720   QE Loss 0.000000   Distribution Loss 0.000000   IDM Loss 0.000000   Top1 71.692708   Top5 98.463542   LR 0.097132   QLR 0.000010   
2025-12-17 14:10:23,976 - INFO  - Mixed 0 Training [13][   60/  391]   Loss 0.695704   QE Loss 0.000000   Distribution Loss -0.059489   IDM Loss 0.000000   Top1 70.716146   Top5 98.294271   LR 0.097132   QLR 0.000010   
2025-12-17 14:10:23,977 - INFO  - Mixed 1 Training [13][   60/  391]   Loss 0.684813   QE Loss 0.000000   Distribution Loss -0.068928   IDM Loss 0.000000   Top1 70.598958   Top5 98.346354   LR 0.097132   QLR 0.000010   
2025-12-17 14:10:23,977 - INFO  - Mixed 2 Training [13][   60/  391]   Loss 0.685979   QE Loss 0.000000   Distribution Loss -0.061674   IDM Loss 0.000000   Top1 70.781250   Top5 98.281250   LR 0.097132   QLR 0.000010   
2025-12-17 14:10:23,978 - INFO  - ===================================================================================================================
2025-12-17 14:10:33,404 - INFO  - Max Training [13][   80/  391]   Loss 0.724596   QE Loss 0.000000   Distribution Loss 0.000000   IDM Loss 0.000000   Top1 71.669922   Top5 98.535156   LR 0.097132   QLR 0.000010   
2025-12-17 14:10:33,404 - INFO  - Mixed 0 Training [13][   80/  391]   Loss 0.688284   QE Loss 0.000000   Distribution Loss -0.066053   IDM Loss 0.000000   Top1 70.917969   Top5 98.349609   LR 0.097132   QLR 0.000010   
2025-12-17 14:10:33,405 - INFO  - Mixed 1 Training [13][   80/  391]   Loss 0.683294   QE Loss 0.000000   Distribution Loss -0.069024   IDM Loss 0.000000   Top1 70.654297   Top5 98.378906   LR 0.097132   QLR 0.000010   
2025-12-17 14:10:33,405 - INFO  - Mixed 2 Training [13][   80/  391]   Loss 0.683544   QE Loss 0.000000   Distribution Loss -0.063733   IDM Loss 0.000000   Top1 70.908203   Top5 98.388672   LR 0.097132   QLR 0.000010   
2025-12-17 14:10:33,407 - INFO  - ===================================================================================================================
2025-12-17 14:10:42,994 - INFO  - Max Training [13][  100/  391]   Loss 0.722612   QE Loss 0.000000   Distribution Loss 0.000000   IDM Loss 0.000000   Top1 71.789062   Top5 98.531250   LR 0.097132   QLR 0.000010   
2025-12-17 14:10:42,995 - INFO  - Mixed 0 Training [13][  100/  391]   Loss 0.684273   QE Loss 0.000000   Distribution Loss -0.070038   IDM Loss 0.000000   Top1 71.000000   Top5 98.296875   LR 0.097132   QLR 0.000010   
2025-12-17 14:10:42,995 - INFO  - Mixed 1 Training [13][  100/  391]   Loss 0.678772   QE Loss 0.000000   Distribution Loss -0.071512   IDM Loss 0.000000   Top1 70.796875   Top5 98.343750   LR 0.097132   QLR 0.000010   
2025-12-17 14:10:42,995 - INFO  - Mixed 2 Training [13][  100/  391]   Loss 0.679065   QE Loss 0.000000   Distribution Loss -0.066693   IDM Loss 0.000000   Top1 71.031250   Top5 98.351562   LR 0.097132   QLR 0.000010   
2025-12-17 14:10:42,997 - INFO  - ===================================================================================================================
2025-12-17 14:10:52,409 - INFO  - Max Training [13][  120/  391]   Loss 0.722112   QE Loss 0.000000   Distribution Loss 0.000000   IDM Loss 0.000000   Top1 71.959635   Top5 98.528646   LR 0.097132   QLR 0.000010   
2025-12-17 14:10:52,409 - INFO  - Mixed 0 Training [13][  120/  391]   Loss 0.683541   QE Loss 0.000000   Distribution Loss -0.069514   IDM Loss 0.000000   Top1 71.191406   Top5 98.287760   LR 0.097132   QLR 0.000010   
2025-12-17 14:10:52,409 - INFO  - Mixed 1 Training [13][  120/  391]   Loss 0.678689   QE Loss 0.000000   Distribution Loss -0.071628   IDM Loss 0.000000   Top1 71.093750   Top5 98.300781   LR 0.097132   QLR 0.000010   
2025-12-17 14:10:52,409 - INFO  - Mixed 2 Training [13][  120/  391]   Loss 0.677751   QE Loss 0.000000   Distribution Loss -0.068449   IDM Loss 0.000000   Top1 71.315104   Top5 98.320312   LR 0.097132   QLR 0.000010   
2025-12-17 14:10:52,411 - INFO  - ===================================================================================================================
2025-12-17 14:11:01,972 - INFO  - Max Training [13][  140/  391]   Loss 0.723511   QE Loss 0.000000   Distribution Loss 0.000000   IDM Loss 0.000000   Top1 71.992188   Top5 98.398438   LR 0.097132   QLR 0.000010   
2025-12-17 14:11:01,973 - INFO  - Mixed 0 Training [13][  140/  391]   Loss 0.683203   QE Loss 0.000000   Distribution Loss -0.069675   IDM Loss 0.000000   Top1 71.283482   Top5 98.219866   LR 0.097132   QLR 0.000010   
2025-12-17 14:11:01,973 - INFO  - Mixed 1 Training [13][  140/  391]   Loss 0.676339   QE Loss 0.000000   Distribution Loss -0.075175   IDM Loss 0.000000   Top1 71.199777   Top5 98.197545   LR 0.097132   QLR 0.000010   
2025-12-17 14:11:01,973 - INFO  - Mixed 2 Training [13][  140/  391]   Loss 0.677385   QE Loss 0.000000   Distribution Loss -0.069380   IDM Loss 0.000000   Top1 71.367188   Top5 98.264509   LR 0.097132   QLR 0.000010   
2025-12-17 14:11:01,974 - INFO  - ===================================================================================================================
2025-12-17 14:11:11,404 - INFO  - Max Training [13][  160/  391]   Loss 0.720895   QE Loss 0.000000   Distribution Loss 0.000000   IDM Loss 0.000000   Top1 72.177734   Top5 98.432617   LR 0.097132   QLR 0.000010   
2025-12-17 14:11:11,405 - INFO  - Mixed 0 Training [13][  160/  391]   Loss 0.679729   QE Loss 0.000000   Distribution Loss -0.069408   IDM Loss 0.000000   Top1 71.455078   Top5 98.242188   LR 0.097132   QLR 0.000010   
2025-12-17 14:11:11,405 - INFO  - Mixed 1 Training [13][  160/  391]   Loss 0.672941   QE Loss 0.000000   Distribution Loss -0.075392   IDM Loss 0.000000   Top1 71.289062   Top5 98.217773   LR 0.097132   QLR 0.000010   
2025-12-17 14:11:11,405 - INFO  - Mixed 2 Training [13][  160/  391]   Loss 0.675443   QE Loss 0.000000   Distribution Loss -0.069224   IDM Loss 0.000000   Top1 71.552734   Top5 98.310547   LR 0.097132   QLR 0.000010   
2025-12-17 14:11:11,407 - INFO  - ===================================================================================================================
2025-12-17 14:11:20,868 - INFO  - Max Training [13][  180/  391]   Loss 0.719170   QE Loss 0.000000   Distribution Loss 0.000000   IDM Loss 0.000000   Top1 72.157118   Top5 98.450521   LR 0.097132   QLR 0.000010   
2025-12-17 14:11:20,869 - INFO  - Mixed 0 Training [13][  180/  391]   Loss 0.677750   QE Loss 0.000000   Distribution Loss -0.069205   IDM Loss 0.000000   Top1 71.427951   Top5 98.320312   LR 0.097132   QLR 0.000010   
2025-12-17 14:11:20,869 - INFO  - Mixed 1 Training [13][  180/  391]   Loss 0.671743   QE Loss 0.000000   Distribution Loss -0.075375   IDM Loss 0.000000   Top1 71.306424   Top5 98.268229   LR 0.097132   QLR 0.000010   
2025-12-17 14:11:20,869 - INFO  - Mixed 2 Training [13][  180/  391]   Loss 0.672649   QE Loss 0.000000   Distribution Loss -0.070636   IDM Loss 0.000000   Top1 71.540799   Top5 98.355035   LR 0.097132   QLR 0.000010   
2025-12-17 14:11:20,871 - INFO  - ===================================================================================================================
2025-12-17 14:11:30,399 - INFO  - Max Training [13][  200/  391]   Loss 0.717400   QE Loss 0.000000   Distribution Loss 0.000000   IDM Loss 0.000000   Top1 72.273438   Top5 98.500000   LR 0.097132   QLR 0.000010   
2025-12-17 14:11:30,399 - INFO  - Mixed 0 Training [13][  200/  391]   Loss 0.674117   QE Loss 0.000000   Distribution Loss -0.070147   IDM Loss 0.000000   Top1 71.542969   Top5 98.355469   LR 0.097132   QLR 0.000010   
2025-12-17 14:11:30,399 - INFO  - Mixed 1 Training [13][  200/  391]   Loss 0.670923   QE Loss 0.000000   Distribution Loss -0.074606   IDM Loss 0.000000   Top1 71.417969   Top5 98.300781   LR 0.097132   QLR 0.000010   
2025-12-17 14:11:30,399 - INFO  - Mixed 2 Training [13][  200/  391]   Loss 0.672575   QE Loss 0.000000   Distribution Loss -0.069838   IDM Loss 0.000000   Top1 71.660156   Top5 98.386719   LR 0.097132   QLR 0.000010   
2025-12-17 14:11:30,401 - INFO  - ===================================================================================================================
2025-12-17 14:11:39,870 - INFO  - Max Training [13][  220/  391]   Loss 0.715107   QE Loss 0.000000   Distribution Loss 0.000000   IDM Loss 0.000000   Top1 72.389915   Top5 98.494318   LR 0.097132   QLR 0.000010   
2025-12-17 14:11:39,873 - INFO  - Mixed 0 Training [13][  220/  391]   Loss 0.672417   QE Loss 0.000000   Distribution Loss -0.069544   IDM Loss 0.000000   Top1 71.672585   Top5 98.362926   LR 0.097132   QLR 0.000010   
2025-12-17 14:11:39,873 - INFO  - Mixed 1 Training [13][  220/  391]   Loss 0.667654   QE Loss 0.000000   Distribution Loss -0.074878   IDM Loss 0.000000   Top1 71.537642   Top5 98.299006   LR 0.097132   QLR 0.000010   
2025-12-17 14:11:39,873 - INFO  - Mixed 2 Training [13][  220/  391]   Loss 0.667540   QE Loss 0.000000   Distribution Loss -0.072063   IDM Loss 0.000000   Top1 71.775568   Top5 98.384233   LR 0.097132   QLR 0.000010   
2025-12-17 14:11:39,876 - INFO  - ===================================================================================================================
2025-12-17 14:11:49,444 - INFO  - Max Training [13][  240/  391]   Loss 0.712577   QE Loss 0.000000   Distribution Loss 0.000000   IDM Loss 0.000000   Top1 72.535807   Top5 98.509115   LR 0.097132   QLR 0.000010   
2025-12-17 14:11:49,445 - INFO  - Mixed 0 Training [13][  240/  391]   Loss 0.669620   QE Loss 0.000000   Distribution Loss -0.069202   IDM Loss 0.000000   Top1 71.917318   Top5 98.398438   LR 0.097132   QLR 0.000010   
2025-12-17 14:11:49,445 - INFO  - Mixed 1 Training [13][  240/  391]   Loss 0.665478   QE Loss 0.000000   Distribution Loss -0.074249   IDM Loss 0.000000   Top1 71.751302   Top5 98.333333   LR 0.097132   QLR 0.000010   
2025-12-17 14:11:49,445 - INFO  - Mixed 2 Training [13][  240/  391]   Loss 0.665308   QE Loss 0.000000   Distribution Loss -0.072599   IDM Loss 0.000000   Top1 71.943359   Top5 98.388672   LR 0.097132   QLR 0.000010   
2025-12-17 14:11:49,447 - INFO  - ===================================================================================================================
2025-12-17 14:11:58,856 - INFO  - Max Training [13][  260/  391]   Loss 0.711965   QE Loss 0.000000   Distribution Loss 0.000000   IDM Loss 0.000000   Top1 72.527043   Top5 98.518630   LR 0.097132   QLR 0.000010   
2025-12-17 14:11:58,856 - INFO  - Mixed 0 Training [13][  260/  391]   Loss 0.668999   QE Loss 0.000000   Distribution Loss -0.068959   IDM Loss 0.000000   Top1 71.941106   Top5 98.389423   LR 0.097132   QLR 0.000010   
2025-12-17 14:11:58,857 - INFO  - Mixed 1 Training [13][  260/  391]   Loss 0.666154   QE Loss 0.000000   Distribution Loss -0.073362   IDM Loss 0.000000   Top1 71.754808   Top5 98.338341   LR 0.097132   QLR 0.000010   
2025-12-17 14:11:58,857 - INFO  - Mixed 2 Training [13][  260/  391]   Loss 0.664372   QE Loss 0.000000   Distribution Loss -0.073314   IDM Loss 0.000000   Top1 71.983173   Top5 98.365385   LR 0.097132   QLR 0.000010   
2025-12-17 14:11:58,858 - INFO  - ===================================================================================================================
2025-12-17 14:12:08,391 - INFO  - Max Training [13][  280/  391]   Loss 0.710965   QE Loss 0.000000   Distribution Loss 0.000000   IDM Loss 0.000000   Top1 72.533482   Top5 98.529576   LR 0.097132   QLR 0.000010   
2025-12-17 14:12:08,391 - INFO  - Mixed 0 Training [13][  280/  391]   Loss 0.668049   QE Loss 0.000000   Distribution Loss -0.068601   IDM Loss 0.000000   Top1 71.961496   Top5 98.404018   LR 0.097132   QLR 0.000010   
2025-12-17 14:12:08,391 - INFO  - Mixed 1 Training [13][  280/  391]   Loss 0.663940   QE Loss 0.000000   Distribution Loss -0.074217   IDM Loss 0.000000   Top1 71.847098   Top5 98.334263   LR 0.097132   QLR 0.000010   
2025-12-17 14:12:08,391 - INFO  - Mixed 2 Training [13][  280/  391]   Loss 0.663050   QE Loss 0.000000   Distribution Loss -0.073625   IDM Loss 0.000000   Top1 72.050781   Top5 98.378906   LR 0.097132   QLR 0.000010   
2025-12-17 14:12:08,393 - INFO  - ===================================================================================================================
2025-12-17 14:12:17,818 - INFO  - Max Training [13][  300/  391]   Loss 0.710066   QE Loss 0.000000   Distribution Loss 0.000000   IDM Loss 0.000000   Top1 72.591146   Top5 98.541667   LR 0.097132   QLR 0.000010   
2025-12-17 14:12:17,818 - INFO  - Mixed 0 Training [13][  300/  391]   Loss 0.666487   QE Loss 0.000000   Distribution Loss -0.068551   IDM Loss 0.000000   Top1 72.052083   Top5 98.416667   LR 0.097132   QLR 0.000010   
2025-12-17 14:12:17,818 - INFO  - Mixed 1 Training [13][  300/  391]   Loss 0.661855   QE Loss 0.000000   Distribution Loss -0.074746   IDM Loss 0.000000   Top1 71.882812   Top5 98.335938   LR 0.097132   QLR 0.000010   
2025-12-17 14:12:17,818 - INFO  - Mixed 2 Training [13][  300/  391]   Loss 0.661111   QE Loss 0.000000   Distribution Loss -0.074027   IDM Loss 0.000000   Top1 72.067708   Top5 98.380208   LR 0.097132   QLR 0.000010   
2025-12-17 14:12:17,820 - INFO  - ===================================================================================================================
2025-12-17 14:12:27,368 - INFO  - Max Training [13][  320/  391]   Loss 0.710396   QE Loss 0.000000   Distribution Loss 0.000000   IDM Loss 0.000000   Top1 72.648926   Top5 98.522949   LR 0.097132   QLR 0.000010   
2025-12-17 14:12:27,368 - INFO  - Mixed 0 Training [13][  320/  391]   Loss 0.665592   QE Loss 0.000000   Distribution Loss -0.068671   IDM Loss 0.000000   Top1 72.145996   Top5 98.408203   LR 0.097132   QLR 0.000010   
2025-12-17 14:12:27,368 - INFO  - Mixed 1 Training [13][  320/  391]   Loss 0.660498   QE Loss 0.000000   Distribution Loss -0.075865   IDM Loss 0.000000   Top1 71.958008   Top5 98.332520   LR 0.097132   QLR 0.000010   
2025-12-17 14:12:27,368 - INFO  - Mixed 2 Training [13][  320/  391]   Loss 0.660442   QE Loss 0.000000   Distribution Loss -0.074054   IDM Loss 0.000000   Top1 72.180176   Top5 98.378906   LR 0.097132   QLR 0.000010   
2025-12-17 14:12:27,370 - INFO  - ===================================================================================================================
2025-12-17 14:12:36,781 - INFO  - Max Training [13][  340/  391]   Loss 0.709535   QE Loss 0.000000   Distribution Loss 0.000000   IDM Loss 0.000000   Top1 72.635570   Top5 98.522518   LR 0.097132   QLR 0.000010   
2025-12-17 14:12:36,781 - INFO  - Mixed 0 Training [13][  340/  391]   Loss 0.663971   QE Loss 0.000000   Distribution Loss -0.069872   IDM Loss 0.000000   Top1 72.132353   Top5 98.414522   LR 0.097132   QLR 0.000010   
2025-12-17 14:12:36,781 - INFO  - Mixed 1 Training [13][  340/  391]   Loss 0.660446   QE Loss 0.000000   Distribution Loss -0.075193   IDM Loss 0.000000   Top1 71.962316   Top5 98.327206   LR 0.097132   QLR 0.000010   
2025-12-17 14:12:36,782 - INFO  - Mixed 2 Training [13][  340/  391]   Loss 0.660649   QE Loss 0.000000   Distribution Loss -0.073477   IDM Loss 0.000000   Top1 72.162224   Top5 98.377757   LR 0.097132   QLR 0.000010   
2025-12-17 14:12:36,783 - INFO  - ===================================================================================================================
2025-12-17 14:12:46,320 - INFO  - Max Training [13][  360/  391]   Loss 0.707140   QE Loss 0.000000   Distribution Loss 0.000000   IDM Loss 0.000000   Top1 72.727865   Top5 98.522135   LR 0.097132   QLR 0.000010   
2025-12-17 14:12:46,320 - INFO  - Mixed 0 Training [13][  360/  391]   Loss 0.660825   QE Loss 0.000000   Distribution Loss -0.070116   IDM Loss 0.000000   Top1 72.200521   Top5 98.424479   LR 0.097132   QLR 0.000010   
2025-12-17 14:12:46,320 - INFO  - Mixed 1 Training [13][  360/  391]   Loss 0.657823   QE Loss 0.000000   Distribution Loss -0.074669   IDM Loss 0.000000   Top1 72.055122   Top5 98.344184   LR 0.097132   QLR 0.000010   
2025-12-17 14:12:46,320 - INFO  - Mixed 2 Training [13][  360/  391]   Loss 0.659101   QE Loss 0.000000   Distribution Loss -0.072641   IDM Loss 0.000000   Top1 72.224392   Top5 98.387587   LR 0.097132   QLR 0.000010   
2025-12-17 14:12:46,323 - INFO  - ===================================================================================================================
2025-12-17 14:12:55,878 - INFO  - Max Training [13][  380/  391]   Loss 0.704767   QE Loss 0.000000   Distribution Loss 0.000000   IDM Loss 0.000000   Top1 72.810444   Top5 98.544408   LR 0.097132   QLR 0.000010   
2025-12-17 14:12:55,879 - INFO  - Mixed 0 Training [13][  380/  391]   Loss 0.656764   QE Loss 0.000000   Distribution Loss -0.071549   IDM Loss 0.000000   Top1 72.286184   Top5 98.453947   LR 0.097132   QLR 0.000010   
2025-12-17 14:12:55,879 - INFO  - Mixed 1 Training [13][  380/  391]   Loss 0.655945   QE Loss 0.000000   Distribution Loss -0.073889   IDM Loss 0.000000   Top1 72.146382   Top5 98.377878   LR 0.097132   QLR 0.000010   
2025-12-17 14:12:55,879 - INFO  - Mixed 2 Training [13][  380/  391]   Loss 0.656707   QE Loss 0.000000   Distribution Loss -0.072523   IDM Loss 0.000000   Top1 72.319079   Top5 98.416941   LR 0.097132   QLR 0.000010   
2025-12-17 14:12:55,881 - INFO  - ===================================================================================================================
2025-12-17 14:13:00,606 - INFO  - ==> Max Top1: 72.859    Top5: 98.538    Loss: 0.705
2025-12-17 14:13:00,607 - INFO  - ==> Mixed 0 Top1: 72.318    Top5: 98.444    Loss: 0.657
2025-12-17 14:13:00,607 - INFO  - ==> Mixed 1 Top1: 72.206    Top5: 98.377    Loss: 0.656
2025-12-17 14:13:00,607 - INFO  - ==> Mixed 2 Top1: 72.348    Top5: 98.409    Loss: 0.657
2025-12-17 14:13:00,608 - INFO  - Epoch  13 Summary - Train Top1: 72.859%  Top5: 98.538%  Loss: 0.7050
2025-12-17 14:13:00,608 - INFO  -   ⏱️  本Epoch耗时: 3分6秒 | 平均Epoch耗时: 3分5秒 | 剩余Epoch数: 106
2025-12-17 14:13:00,608 - INFO  -   📅 预估剩余时间: 5小时27分0秒 | 预估完成时间: 2025-12-17 19:40:01
2025-12-17 14:13:00,608 - INFO  - Scoreboard best 1 ==> Epoch [13][Top1: 0.000   Top5: 0.000]
2025-12-17 14:13:00,609 - INFO  - Scoreboard best 2 ==> Epoch [12][Top1: 0.000   Top5: 0.000]
2025-12-17 14:13:00,609 - INFO  - Scoreboard best 3 ==> Epoch [11][Top1: 0.000   Top5: 0.000]
2025-12-17 14:13:01,255 - INFO  - ([13] Epoch) Saving checkpoint to:
             Current: /root/autodl-tmp/retraining-free-quantization/training/resnet18_cifar10_single_gpu_normal_srqat_ls0/resnet18_cifar10_single_gpu_normal_srqat_ls0_checkpoint.pth.tar

2025-12-17 14:13:01,259 - INFO  - >>>>>>>> Epoch  14
2025-12-17 14:13:01,259 - INFO  - Training: 50000 samples (128 per mini-batch)
2025-12-17 14:13:01,611 - INFO  - [FAT] Batch 0, Iter 0: FAT is DISABLED, using standard training
2025-12-17 14:13:11,008 - INFO  - Max Training [14][   20/  391]   Loss 0.629162   QE Loss 0.000000   Distribution Loss 0.000000   IDM Loss 0.000000   Top1 75.039062   Top5 98.906250   LR 0.096679   QLR 0.000010   
2025-12-17 14:13:11,009 - INFO  - Mixed 0 Training [14][   20/  391]   Loss 0.597438   QE Loss 0.000000   Distribution Loss -0.054341   IDM Loss 0.000000   Top1 74.531250   Top5 98.906250   LR 0.096679   QLR 0.000010   
2025-12-17 14:13:11,009 - INFO  - Mixed 1 Training [14][   20/  391]   Loss 0.584807   QE Loss 0.000000   Distribution Loss -0.064010   IDM Loss 0.000000   Top1 74.218750   Top5 98.789062   LR 0.096679   QLR 0.000010   
2025-12-17 14:13:11,009 - INFO  - Mixed 2 Training [14][   20/  391]   Loss 0.564096   QE Loss 0.000000   Distribution Loss -0.089857   IDM Loss 0.000000   Top1 74.882812   Top5 98.750000   LR 0.096679   QLR 0.000010   
2025-12-17 14:13:11,011 - INFO  - ===================================================================================================================
2025-12-17 14:13:20,423 - INFO  - Max Training [14][   40/  391]   Loss 0.663336   QE Loss 0.000000   Distribution Loss 0.000000   IDM Loss 0.000000   Top1 73.632812   Top5 98.867188   LR 0.096679   QLR 0.000010   
2025-12-17 14:13:20,424 - INFO  - Mixed 0 Training [14][   40/  391]   Loss 0.621295   QE Loss 0.000000   Distribution Loss -0.063574   IDM Loss 0.000000   Top1 73.398438   Top5 98.710938   LR 0.096679   QLR 0.000010   
2025-12-17 14:13:20,424 - INFO  - Mixed 1 Training [14][   40/  391]   Loss 0.622883   QE Loss 0.000000   Distribution Loss -0.059548   IDM Loss 0.000000   Top1 72.851562   Top5 98.632812   LR 0.096679   QLR 0.000010   
2025-12-17 14:13:20,424 - INFO  - Mixed 2 Training [14][   40/  391]   Loss 0.596299   QE Loss 0.000000   Distribution Loss -0.088776   IDM Loss 0.000000   Top1 73.125000   Top5 98.671875   LR 0.096679   QLR 0.000010   
2025-12-17 14:13:20,426 - INFO  - ===================================================================================================================
2025-12-17 14:13:29,991 - INFO  - Max Training [14][   60/  391]   Loss 0.661466   QE Loss 0.000000   Distribution Loss 0.000000   IDM Loss 0.000000   Top1 73.346354   Top5 98.841146   LR 0.096679   QLR 0.000010   
2025-12-17 14:13:29,992 - INFO  - Mixed 0 Training [14][   60/  391]   Loss 0.615346   QE Loss 0.000000   Distribution Loss -0.071796   IDM Loss 0.000000   Top1 72.825521   Top5 98.658854   LR 0.096679   QLR 0.000010   
2025-12-17 14:13:29,992 - INFO  - Mixed 1 Training [14][   60/  391]   Loss 0.618740   QE Loss 0.000000   Distribution Loss -0.062722   IDM Loss 0.000000   Top1 72.513021   Top5 98.619792   LR 0.096679   QLR 0.000010   
2025-12-17 14:13:29,992 - INFO  - Mixed 2 Training [14][   60/  391]   Loss 0.603154   QE Loss 0.000000   Distribution Loss -0.082124   IDM Loss 0.000000   Top1 72.656250   Top5 98.645833   LR 0.096679   QLR 0.000010   
2025-12-17 14:13:29,994 - INFO  - ===================================================================================================================
2025-12-17 14:13:39,449 - INFO  - Max Training [14][   80/  391]   Loss 0.660540   QE Loss 0.000000   Distribution Loss 0.000000   IDM Loss 0.000000   Top1 73.486328   Top5 98.828125   LR 0.096679   QLR 0.000010   
2025-12-17 14:13:39,450 - INFO  - Mixed 0 Training [14][   80/  391]   Loss 0.611614   QE Loss 0.000000   Distribution Loss -0.073040   IDM Loss 0.000000   Top1 72.998047   Top5 98.671875   LR 0.096679   QLR 0.000010   
2025-12-17 14:13:39,450 - INFO  - Mixed 1 Training [14][   80/  391]   Loss 0.617984   QE Loss 0.000000   Distribution Loss -0.062894   IDM Loss 0.000000   Top1 72.607422   Top5 98.623047   LR 0.096679   QLR 0.000010   
2025-12-17 14:13:39,450 - INFO  - Mixed 2 Training [14][   80/  391]   Loss 0.606811   QE Loss 0.000000   Distribution Loss -0.078177   IDM Loss 0.000000   Top1 72.792969   Top5 98.603516   LR 0.096679   QLR 0.000010   
2025-12-17 14:13:39,452 - INFO  - ===================================================================================================================
2025-12-17 14:13:49,005 - INFO  - Max Training [14][  100/  391]   Loss 0.656630   QE Loss 0.000000   Distribution Loss 0.000000   IDM Loss 0.000000   Top1 73.679688   Top5 98.812500   LR 0.096679   QLR 0.000010   
2025-12-17 14:13:49,005 - INFO  - Mixed 0 Training [14][  100/  391]   Loss 0.606895   QE Loss 0.000000   Distribution Loss -0.073573   IDM Loss 0.000000   Top1 73.250000   Top5 98.656250   LR 0.096679   QLR 0.000010   
2025-12-17 14:13:49,005 - INFO  - Mixed 1 Training [14][  100/  391]   Loss 0.610287   QE Loss 0.000000   Distribution Loss -0.065559   IDM Loss 0.000000   Top1 72.953125   Top5 98.679688   LR 0.096679   QLR 0.000010   
2025-12-17 14:13:49,005 - INFO  - Mixed 2 Training [14][  100/  391]   Loss 0.604817   QE Loss 0.000000   Distribution Loss -0.077149   IDM Loss 0.000000   Top1 72.953125   Top5 98.687500   LR 0.096679   QLR 0.000010   
2025-12-17 14:13:49,007 - INFO  - ===================================================================================================================
2025-12-17 14:13:58,541 - INFO  - Max Training [14][  120/  391]   Loss 0.659629   QE Loss 0.000000   Distribution Loss 0.000000   IDM Loss 0.000000   Top1 73.665365   Top5 98.821615   LR 0.096679   QLR 0.000010   
2025-12-17 14:13:58,542 - INFO  - Mixed 0 Training [14][  120/  391]   Loss 0.609103   QE Loss 0.000000   Distribution Loss -0.073756   IDM Loss 0.000000   Top1 73.196615   Top5 98.697917   LR 0.096679   QLR 0.000010   
2025-12-17 14:13:58,542 - INFO  - Mixed 1 Training [14][  120/  391]   Loss 0.607556   QE Loss 0.000000   Distribution Loss -0.072695   IDM Loss 0.000000   Top1 72.988281   Top5 98.697917   LR 0.096679   QLR 0.000010   
2025-12-17 14:13:58,542 - INFO  - Mixed 2 Training [14][  120/  391]   Loss 0.605228   QE Loss 0.000000   Distribution Loss -0.077595   IDM Loss 0.000000   Top1 73.007812   Top5 98.704427   LR 0.096679   QLR 0.000010   
2025-12-17 14:13:58,544 - INFO  - ===================================================================================================================
2025-12-17 14:14:07,960 - INFO  - Max Training [14][  140/  391]   Loss 0.654433   QE Loss 0.000000   Distribution Loss 0.000000   IDM Loss 0.000000   Top1 73.844866   Top5 98.822545   LR 0.096679   QLR 0.000010   
2025-12-17 14:14:07,960 - INFO  - Mixed 0 Training [14][  140/  391]   Loss 0.603410   QE Loss 0.000000   Distribution Loss -0.073246   IDM Loss 0.000000   Top1 73.303571   Top5 98.694196   LR 0.096679   QLR 0.000010   
2025-12-17 14:14:07,960 - INFO  - Mixed 1 Training [14][  140/  391]   Loss 0.603219   QE Loss 0.000000   Distribution Loss -0.072278   IDM Loss 0.000000   Top1 73.152902   Top5 98.699777   LR 0.096679   QLR 0.000010   
2025-12-17 14:14:07,960 - INFO  - Mixed 2 Training [14][  140/  391]   Loss 0.600521   QE Loss 0.000000   Distribution Loss -0.076886   IDM Loss 0.000000   Top1 73.236607   Top5 98.710938   LR 0.096679   QLR 0.000010   
2025-12-17 14:14:07,962 - INFO  - ===================================================================================================================
2025-12-17 14:14:17,460 - INFO  - Max Training [14][  160/  391]   Loss 0.653378   QE Loss 0.000000   Distribution Loss 0.000000   IDM Loss 0.000000   Top1 73.989258   Top5 98.833008   LR 0.096679   QLR 0.000010   
2025-12-17 14:14:17,461 - INFO  - Mixed 0 Training [14][  160/  391]   Loss 0.602334   QE Loss 0.000000   Distribution Loss -0.073932   IDM Loss 0.000000   Top1 73.413086   Top5 98.725586   LR 0.096679   QLR 0.000010   
2025-12-17 14:14:17,461 - INFO  - Mixed 1 Training [14][  160/  391]   Loss 0.601781   QE Loss 0.000000   Distribution Loss -0.072681   IDM Loss 0.000000   Top1 73.364258   Top5 98.706055   LR 0.096679   QLR 0.000010   
2025-12-17 14:14:17,461 - INFO  - Mixed 2 Training [14][  160/  391]   Loss 0.600657   QE Loss 0.000000   Distribution Loss -0.075183   IDM Loss 0.000000   Top1 73.437500   Top5 98.715820   LR 0.096679   QLR 0.000010   
2025-12-17 14:14:17,463 - INFO  - ===================================================================================================================
2025-12-17 14:14:26,898 - INFO  - Max Training [14][  180/  391]   Loss 0.648457   QE Loss 0.000000   Distribution Loss 0.000000   IDM Loss 0.000000   Top1 74.644097   Top5 98.810764   LR 0.096679   QLR 0.000010   
2025-12-17 14:14:26,898 - INFO  - Mixed 0 Training [14][  180/  391]   Loss 0.599737   QE Loss 0.000000   Distribution Loss -0.072059   IDM Loss 0.000000   Top1 74.040799   Top5 98.702257   LR 0.096679   QLR 0.000010   
2025-12-17 14:14:26,898 - INFO  - Mixed 1 Training [14][  180/  391]   Loss 0.598770   QE Loss 0.000000   Distribution Loss -0.072715   IDM Loss 0.000000   Top1 73.914931   Top5 98.710938   LR 0.096679   QLR 0.000010   
2025-12-17 14:14:26,898 - INFO  - Mixed 2 Training [14][  180/  391]   Loss 0.597186   QE Loss 0.000000   Distribution Loss -0.076497   IDM Loss 0.000000   Top1 74.036458   Top5 98.710938   LR 0.096679   QLR 0.000010   
2025-12-17 14:14:26,900 - INFO  - ===================================================================================================================
2025-12-17 14:14:36,553 - INFO  - Max Training [14][  200/  391]   Loss 0.644532   QE Loss 0.000000   Distribution Loss 0.000000   IDM Loss 0.000000   Top1 75.121094   Top5 98.816406   LR 0.096679   QLR 0.000010   
2025-12-17 14:14:36,553 - INFO  - Mixed 0 Training [14][  200/  391]   Loss 0.597072   QE Loss 0.000000   Distribution Loss -0.071620   IDM Loss 0.000000   Top1 74.437500   Top5 98.714844   LR 0.096679   QLR 0.000010   
2025-12-17 14:14:36,553 - INFO  - Mixed 1 Training [14][  200/  391]   Loss 0.596219   QE Loss 0.000000   Distribution Loss -0.072491   IDM Loss 0.000000   Top1 74.335938   Top5 98.710938   LR 0.096679   QLR 0.000010   
2025-12-17 14:14:36,553 - INFO  - Mixed 2 Training [14][  200/  391]   Loss 0.596569   QE Loss 0.000000   Distribution Loss -0.075173   IDM Loss 0.000000   Top1 74.437500   Top5 98.722656   LR 0.096679   QLR 0.000010   
2025-12-17 14:14:36,555 - INFO  - ===================================================================================================================
2025-12-17 14:14:45,992 - INFO  - Max Training [14][  220/  391]   Loss 0.639980   QE Loss 0.000000   Distribution Loss 0.000000   IDM Loss 0.000000   Top1 75.504261   Top5 98.831676   LR 0.096679   QLR 0.000010   
2025-12-17 14:14:45,993 - INFO  - Mixed 0 Training [14][  220/  391]   Loss 0.592834   QE Loss 0.000000   Distribution Loss -0.072153   IDM Loss 0.000000   Top1 74.836648   Top5 98.693182   LR 0.096679   QLR 0.000010   
2025-12-17 14:14:45,993 - INFO  - Mixed 1 Training [14][  220/  391]   Loss 0.591390   QE Loss 0.000000   Distribution Loss -0.073723   IDM Loss 0.000000   Top1 74.751420   Top5 98.700284   LR 0.096679   QLR 0.000010   
2025-12-17 14:14:45,993 - INFO  - Mixed 2 Training [14][  220/  391]   Loss 0.594280   QE Loss 0.000000   Distribution Loss -0.073377   IDM Loss 0.000000   Top1 74.861506   Top5 98.721591   LR 0.096679   QLR 0.000010   
2025-12-17 14:14:45,995 - INFO  - ===================================================================================================================
2025-12-17 14:14:55,480 - INFO  - Max Training [14][  240/  391]   Loss 0.636969   QE Loss 0.000000   Distribution Loss 0.000000   IDM Loss 0.000000   Top1 75.921224   Top5 98.828125   LR 0.096679   QLR 0.000010   
2025-12-17 14:14:55,481 - INFO  - Mixed 0 Training [14][  240/  391]   Loss 0.588952   QE Loss 0.000000   Distribution Loss -0.072637   IDM Loss 0.000000   Top1 75.260417   Top5 98.681641   LR 0.096679   QLR 0.000010   
2025-12-17 14:14:55,481 - INFO  - Mixed 1 Training [14][  240/  391]   Loss 0.589656   QE Loss 0.000000   Distribution Loss -0.072900   IDM Loss 0.000000   Top1 75.113932   Top5 98.684896   LR 0.096679   QLR 0.000010   
2025-12-17 14:14:55,481 - INFO  - Mixed 2 Training [14][  240/  391]   Loss 0.591940   QE Loss 0.000000   Distribution Loss -0.072938   IDM Loss 0.000000   Top1 75.224609   Top5 98.707682   LR 0.096679   QLR 0.000010   
2025-12-17 14:14:55,483 - INFO  - ===================================================================================================================
2025-12-17 14:15:05,046 - INFO  - Max Training [14][  260/  391]   Loss 0.634993   QE Loss 0.000000   Distribution Loss 0.000000   IDM Loss 0.000000   Top1 76.256010   Top5 98.816106   LR 0.096679   QLR 0.000010   
2025-12-17 14:15:05,046 - INFO  - Mixed 0 Training [14][  260/  391]   Loss 0.586661   QE Loss 0.000000   Distribution Loss -0.073812   IDM Loss 0.000000   Top1 75.546875   Top5 98.692909   LR 0.096679   QLR 0.000010   
2025-12-17 14:15:05,046 - INFO  - Mixed 1 Training [14][  260/  391]   Loss 0.589509   QE Loss 0.000000   Distribution Loss -0.071825   IDM Loss 0.000000   Top1 75.399639   Top5 98.686899   LR 0.096679   QLR 0.000010   
2025-12-17 14:15:05,047 - INFO  - Mixed 2 Training [14][  260/  391]   Loss 0.590258   QE Loss 0.000000   Distribution Loss -0.072992   IDM Loss 0.000000   Top1 75.501803   Top5 98.719952   LR 0.096679   QLR 0.000010   
2025-12-17 14:15:05,049 - INFO  - ===================================================================================================================
2025-12-17 14:15:14,532 - INFO  - Max Training [14][  280/  391]   Loss 0.631804   QE Loss 0.000000   Distribution Loss 0.000000   IDM Loss 0.000000   Top1 76.568080   Top5 98.791853   LR 0.096679   QLR 0.000010   
2025-12-17 14:15:14,532 - INFO  - Mixed 0 Training [14][  280/  391]   Loss 0.582729   QE Loss 0.000000   Distribution Loss -0.074683   IDM Loss 0.000000   Top1 75.834263   Top5 98.674665   LR 0.096679   QLR 0.000010   
2025-12-17 14:15:14,533 - INFO  - Mixed 1 Training [14][  280/  391]   Loss 0.586416   QE Loss 0.000000   Distribution Loss -0.072356   IDM Loss 0.000000   Top1 75.691964   Top5 98.683036   LR 0.096679   QLR 0.000010   
2025-12-17 14:15:14,533 - INFO  - Mixed 2 Training [14][  280/  391]   Loss 0.587273   QE Loss 0.000000   Distribution Loss -0.073102   IDM Loss 0.000000   Top1 75.786830   Top5 98.722098   LR 0.096679   QLR 0.000010   
2025-12-17 14:15:14,534 - INFO  - ===================================================================================================================
2025-12-17 14:15:24,143 - INFO  - Max Training [14][  300/  391]   Loss 0.626499   QE Loss 0.000000   Distribution Loss 0.000000   IDM Loss 0.000000   Top1 76.932292   Top5 98.817708   LR 0.096679   QLR 0.000010   
2025-12-17 14:15:24,143 - INFO  - Mixed 0 Training [14][  300/  391]   Loss 0.577713   QE Loss 0.000000   Distribution Loss -0.074746   IDM Loss 0.000000   Top1 76.130208   Top5 98.710938   LR 0.096679   QLR 0.000010   
2025-12-17 14:15:24,144 - INFO  - Mixed 1 Training [14][  300/  391]   Loss 0.581435   QE Loss 0.000000   Distribution Loss -0.072824   IDM Loss 0.000000   Top1 76.015625   Top5 98.697917   LR 0.096679   QLR 0.000010   
2025-12-17 14:15:24,144 - INFO  - Mixed 2 Training [14][  300/  391]   Loss 0.580527   QE Loss 0.000000   Distribution Loss -0.074194   IDM Loss 0.000000   Top1 76.145833   Top5 98.750000   LR 0.096679   QLR 0.000010   
2025-12-17 14:15:24,145 - INFO  - ===================================================================================================================
2025-12-17 14:15:33,634 - INFO  - Max Training [14][  320/  391]   Loss 0.625375   QE Loss 0.000000   Distribution Loss 0.000000   IDM Loss 0.000000   Top1 77.111816   Top5 98.808594   LR 0.096679   QLR 0.000010   
2025-12-17 14:15:33,635 - INFO  - Mixed 0 Training [14][  320/  391]   Loss 0.576847   QE Loss 0.000000   Distribution Loss -0.075100   IDM Loss 0.000000   Top1 76.259766   Top5 98.713379   LR 0.096679   QLR 0.000010   
2025-12-17 14:15:33,635 - INFO  - Mixed 1 Training [14][  320/  391]   Loss 0.579089   QE Loss 0.000000   Distribution Loss -0.073824   IDM Loss 0.000000   Top1 76.193848   Top5 98.708496   LR 0.096679   QLR 0.000010   
2025-12-17 14:15:33,635 - INFO  - Mixed 2 Training [14][  320/  391]   Loss 0.579988   QE Loss 0.000000   Distribution Loss -0.073673   IDM Loss 0.000000   Top1 76.352539   Top5 98.752441   LR 0.096679   QLR 0.000010   
2025-12-17 14:15:33,637 - INFO  - ===================================================================================================================
2025-12-17 14:15:43,156 - INFO  - Max Training [14][  340/  391]   Loss 0.622478   QE Loss 0.000000   Distribution Loss 0.000000   IDM Loss 0.000000   Top1 77.332261   Top5 98.805147   LR 0.096679   QLR 0.000010   
2025-12-17 14:15:43,157 - INFO  - Mixed 0 Training [14][  340/  391]   Loss 0.573780   QE Loss 0.000000   Distribution Loss -0.075818   IDM Loss 0.000000   Top1 76.447610   Top5 98.699449   LR 0.096679   QLR 0.000010   
2025-12-17 14:15:43,157 - INFO  - Mixed 1 Training [14][  340/  391]   Loss 0.576274   QE Loss 0.000000   Distribution Loss -0.073520   IDM Loss 0.000000   Top1 76.397059   Top5 98.717831   LR 0.096679   QLR 0.000010   
2025-12-17 14:15:43,157 - INFO  - Mixed 2 Training [14][  340/  391]   Loss 0.577550   QE Loss 0.000000   Distribution Loss -0.073516   IDM Loss 0.000000   Top1 76.546415   Top5 98.759191   LR 0.096679   QLR 0.000010   
2025-12-17 14:15:43,159 - INFO  - ===================================================================================================================
2025-12-17 14:15:52,421 - INFO  - Max Training [14][  360/  391]   Loss 0.619490   QE Loss 0.000000   Distribution Loss 0.000000   IDM Loss 0.000000   Top1 77.519531   Top5 98.808594   LR 0.096679   QLR 0.000010   
2025-12-17 14:15:52,422 - INFO  - Mixed 0 Training [14][  360/  391]   Loss 0.570168   QE Loss 0.000000   Distribution Loss -0.076489   IDM Loss 0.000000   Top1 76.638455   Top5 98.702257   LR 0.096679   QLR 0.000010   
2025-12-17 14:15:52,422 - INFO  - Mixed 1 Training [14][  360/  391]   Loss 0.572106   QE Loss 0.000000   Distribution Loss -0.074050   IDM Loss 0.000000   Top1 76.618924   Top5 98.713108   LR 0.096679   QLR 0.000010   
2025-12-17 14:15:52,422 - INFO  - Mixed 2 Training [14][  360/  391]   Loss 0.574504   QE Loss 0.000000   Distribution Loss -0.072896   IDM Loss 0.000000   Top1 76.740451   Top5 98.756510   LR 0.096679   QLR 0.000010   
2025-12-17 14:15:52,423 - INFO  - ===================================================================================================================
2025-12-17 14:16:01,877 - INFO  - Max Training [14][  380/  391]   Loss 0.617663   QE Loss 0.000000   Distribution Loss 0.000000   IDM Loss 0.000000   Top1 77.672697   Top5 98.799342   LR 0.096679   QLR 0.000010   
2025-12-17 14:16:01,877 - INFO  - Mixed 0 Training [14][  380/  391]   Loss 0.568209   QE Loss 0.000000   Distribution Loss -0.076351   IDM Loss 0.000000   Top1 76.807155   Top5 98.688322   LR 0.096679   QLR 0.000010   
2025-12-17 14:16:01,877 - INFO  - Mixed 1 Training [14][  380/  391]   Loss 0.569922   QE Loss 0.000000   Distribution Loss -0.074512   IDM Loss 0.000000   Top1 76.737253   Top5 98.696546   LR 0.096679   QLR 0.000010   
2025-12-17 14:16:01,877 - INFO  - Mixed 2 Training [14][  380/  391]   Loss 0.571862   QE Loss 0.000000   Distribution Loss -0.073668   IDM Loss 0.000000   Top1 76.856497   Top5 98.735609   LR 0.096679   QLR 0.000010   
2025-12-17 14:16:01,879 - INFO  - ===================================================================================================================
2025-12-17 14:16:06,611 - INFO  - ==> Max Top1: 77.752    Top5: 98.804    Loss: 0.616
2025-12-17 14:16:06,611 - INFO  - ==> Mixed 0 Top1: 76.885    Top5: 98.696    Loss: 0.566
2025-12-17 14:16:06,611 - INFO  - ==> Mixed 1 Top1: 76.841    Top5: 98.708    Loss: 0.568
2025-12-17 14:16:06,611 - INFO  - ==> Mixed 2 Top1: 76.931    Top5: 98.738    Loss: 0.570
2025-12-17 14:16:06,612 - INFO  - Epoch  14 Summary - Train Top1: 77.752%  Top5: 98.804%  Loss: 0.6161
2025-12-17 14:16:06,612 - INFO  -   ⏱️  本Epoch耗时: 3分5秒 | 平均Epoch耗时: 3分4秒 | 剩余Epoch数: 105
2025-12-17 14:16:06,612 - INFO  -   📅 预估剩余时间: 5小时23分13秒 | 预估完成时间: 2025-12-17 19:39:19
2025-12-17 14:16:06,613 - INFO  - Scoreboard best 1 ==> Epoch [14][Top1: 0.000   Top5: 0.000]
2025-12-17 14:16:06,613 - INFO  - Scoreboard best 2 ==> Epoch [13][Top1: 0.000   Top5: 0.000]
2025-12-17 14:16:06,613 - INFO  - Scoreboard best 3 ==> Epoch [12][Top1: 0.000   Top5: 0.000]
2025-12-17 14:16:07,303 - INFO  - ([14] Epoch) Saving checkpoint to:
             Current: /root/autodl-tmp/retraining-free-quantization/training/resnet18_cifar10_single_gpu_normal_srqat_ls0/resnet18_cifar10_single_gpu_normal_srqat_ls0_checkpoint.pth.tar

2025-12-17 14:16:07,306 - INFO  - >>>>>>>> Epoch  15
2025-12-17 14:16:07,307 - INFO  - Training: 50000 samples (128 per mini-batch)
2025-12-17 14:16:08,071 - INFO  - [Freezing] layer layer4.0.conv2, 0.07087980955839157, [6, 5, 4, 3, 2] -> [6, 5, 4, 3]
2025-12-17 14:16:08,071 - INFO  - [Freezing] layer layer4.1.conv1, 0.0694129467010498, [6, 5, 4, 3, 2] -> [6, 5, 4, 3]
2025-12-17 14:16:08,071 - INFO  - [Freezing] layer layer3.1.conv2, 0.06919946521520615, [6, 5, 4, 3, 2] -> [6, 5, 4, 3]
2025-12-17 14:16:08,071 - INFO  - [Freezing] layer layer4.0.downsample.0, 0.06891009211540222, [6, 5, 4, 3, 2] -> [6, 5, 4, 3]
2025-12-17 14:16:08,072 - INFO  - [Freezing] layer layer4.0.conv1, 0.068808414041996, [6, 5, 4, 3, 2] -> [6, 5, 4, 3]
2025-12-17 14:16:08,072 - INFO  - [Freezing] layer layer3.1.conv1, 0.06831444054841995, [6, 5, 4, 3, 2] -> [6, 5, 4, 3]
2025-12-17 14:16:08,072 - INFO  - [Freezing] layer layer3.0.conv2, 0.06801560521125793, [6, 5, 4, 3, 2] -> [6, 5, 4, 3]
2025-12-17 14:16:08,072 - INFO  - [Freezing] layer layer3.0.downsample.0, 0.06714610010385513, [6, 5, 4, 3, 2] -> [6, 5, 4, 3]
2025-12-17 14:16:08,072 - INFO  - [Freezing] layer layer4.1.conv2, 0.05903715267777443, [6, 5, 4, 3] -> [6, 5, 4, 3]
2025-12-17 14:16:08,072 - INFO  - [Activating] layer layer2.0.conv1, 0.058384645730257034, [6, 5, 4, 3, 2] -> (6, 5, 4, 3, 2)
2025-12-17 14:16:08,073 - INFO  - [Activating] layer layer1.0.conv2, 0.05657958984375, [6, 5, 4, 3, 2] -> (6, 5, 4, 3, 2)
2025-12-17 14:16:08,073 - INFO  - [Activating] layer layer2.1.conv2, 0.056375518441200256, [6, 5, 4, 3] -> (6, 5, 4, 3, 2)
2025-12-17 14:16:08,073 - INFO  - [Activating] layer layer3.0.conv1, 0.05485385283827782, [6, 5, 4, 3] -> (6, 5, 4, 3, 2)
2025-12-17 14:16:08,073 - INFO  - [Activating] layer layer1.1.conv1, 0.054623641073703766, [6, 5, 4, 3] -> (6, 5, 4, 3, 2)
2025-12-17 14:16:08,073 - INFO  - [Activating] layer layer2.0.conv2, 0.05458775535225868, [6, 5, 4, 3] -> (6, 5, 4, 3, 2)
2025-12-17 14:16:08,073 - INFO  - [Activating] layer layer2.1.conv1, 0.05368418246507645, [6, 5, 4, 3] -> (6, 5, 4, 3, 2)
2025-12-17 14:16:08,073 - INFO  - [Activating] layer layer1.0.conv1, 0.053219154477119446, [6, 5, 4, 3] -> (6, 5, 4, 3, 2)
2025-12-17 14:16:08,074 - INFO  - [Activating] layer layer2.0.downsample.0, 0.05282542109489441, [6, 5, 4, 3] -> (6, 5, 4, 3, 2)
2025-12-17 14:16:08,074 - INFO  - [Activating] layer layer1.1.conv2, 0.052719682455062866, [6, 5, 4, 3] -> (6, 5, 4, 3, 2)
2025-12-17 14:16:08,074 - INFO  - Current freezing ratio: 0.49488887394336023
2025-12-17 14:16:08,430 - INFO  - [FAT] Batch 0, Iter 0: FAT is DISABLED, using standard training
2025-12-17 14:16:18,079 - INFO  - Max Training [15][   20/  391]   Loss 0.518229   QE Loss 0.000000   Distribution Loss 0.000000   IDM Loss 0.000000   Top1 82.539062   Top5 98.906250   LR 0.096194   QLR 0.000010   
2025-12-17 14:16:18,079 - INFO  - Mixed 0 Training [15][   20/  391]   Loss 0.511396   QE Loss 0.000000   Distribution Loss -0.046223   IDM Loss 0.000000   Top1 81.054688   Top5 98.710938   LR 0.096194   QLR 0.000010   
2025-12-17 14:16:18,079 - INFO  - Mixed 1 Training [15][   20/  391]   Loss 0.516235   QE Loss 0.000000   Distribution Loss -0.033634   IDM Loss 0.000000   Top1 81.367188   Top5 98.906250   LR 0.096194   QLR 0.000010   
2025-12-17 14:16:18,079 - INFO  - Mixed 2 Training [15][   20/  391]   Loss 0.492505   QE Loss 0.000000   Distribution Loss -0.054636   IDM Loss 0.000000   Top1 82.031250   Top5 98.906250   LR 0.096194   QLR 0.000010   
2025-12-17 14:16:18,081 - INFO  - ===================================================================================================================
2025-12-17 14:16:27,473 - INFO  - Max Training [15][   40/  391]   Loss 0.531886   QE Loss 0.000000   Distribution Loss 0.000000   IDM Loss 0.000000   Top1 81.816406   Top5 98.789062   LR 0.096194   QLR 0.000010   
2025-12-17 14:16:27,473 - INFO  - Mixed 0 Training [15][   40/  391]   Loss 0.527192   QE Loss 0.000000   Distribution Loss -0.043654   IDM Loss 0.000000   Top1 80.546875   Top5 98.710938   LR 0.096194   QLR 0.000010   
2025-12-17 14:16:27,473 - INFO  - Mixed 1 Training [15][   40/  391]   Loss 0.531984   QE Loss 0.000000   Distribution Loss -0.034517   IDM Loss 0.000000   Top1 80.585938   Top5 98.847656   LR 0.096194   QLR 0.000010   
2025-12-17 14:16:27,473 - INFO  - Mixed 2 Training [15][   40/  391]   Loss 0.519616   QE Loss 0.000000   Distribution Loss -0.047315   IDM Loss 0.000000   Top1 80.996094   Top5 98.847656   LR 0.096194   QLR 0.000010   
2025-12-17 14:16:27,475 - INFO  - ===================================================================================================================
2025-12-17 14:16:36,994 - INFO  - Max Training [15][   60/  391]   Loss 0.539516   QE Loss 0.000000   Distribution Loss 0.000000   IDM Loss 0.000000   Top1 81.523438   Top5 98.776042   LR 0.096194   QLR 0.000010   
2025-12-17 14:16:36,995 - INFO  - Mixed 0 Training [15][   60/  391]   Loss 0.534591   QE Loss 0.000000   Distribution Loss -0.040661   IDM Loss 0.000000   Top1 80.625000   Top5 98.684896   LR 0.096194   QLR 0.000010   
2025-12-17 14:16:36,995 - INFO  - Mixed 1 Training [15][   60/  391]   Loss 0.539309   QE Loss 0.000000   Distribution Loss -0.035125   IDM Loss 0.000000   Top1 80.377604   Top5 98.815104   LR 0.096194   QLR 0.000010   
2025-12-17 14:16:36,995 - INFO  - Mixed 2 Training [15][   60/  391]   Loss 0.526580   QE Loss 0.000000   Distribution Loss -0.043648   IDM Loss 0.000000   Top1 80.937500   Top5 98.854167   LR 0.096194   QLR 0.000010   
2025-12-17 14:16:36,997 - INFO  - ===================================================================================================================
2025-12-17 14:16:46,389 - INFO  - Max Training [15][   80/  391]   Loss 0.569374   QE Loss 0.000000   Distribution Loss 0.000000   IDM Loss 0.000000   Top1 80.488281   Top5 98.720703   LR 0.096194   QLR 0.000010   
2025-12-17 14:16:46,390 - INFO  - Mixed 0 Training [15][   80/  391]   Loss 0.571775   QE Loss 0.000000   Distribution Loss -0.041485   IDM Loss 0.000000   Top1 79.521484   Top5 98.525391   LR 0.096194   QLR 0.000010   
2025-12-17 14:16:46,390 - INFO  - Mixed 1 Training [15][   80/  391]   Loss 0.575255   QE Loss 0.000000   Distribution Loss -0.035817   IDM Loss 0.000000   Top1 79.501953   Top5 98.652344   LR 0.096194   QLR 0.000010   
2025-12-17 14:16:46,390 - INFO  - Mixed 2 Training [15][   80/  391]   Loss 0.567775   QE Loss 0.000000   Distribution Loss -0.042380   IDM Loss 0.000000   Top1 79.814453   Top5 98.662109   LR 0.096194   QLR 0.000010   
2025-12-17 14:16:46,392 - INFO  - ===================================================================================================================
2025-12-17 14:16:55,969 - INFO  - Max Training [15][  100/  391]   Loss 0.570914   QE Loss 0.000000   Distribution Loss 0.000000   IDM Loss 0.000000   Top1 80.320312   Top5 98.742188   LR 0.096194   QLR 0.000010   
2025-12-17 14:16:55,970 - INFO  - Mixed 0 Training [15][  100/  391]   Loss 0.570392   QE Loss 0.000000   Distribution Loss -0.042003   IDM Loss 0.000000   Top1 79.398438   Top5 98.570312   LR 0.096194   QLR 0.000010   
2025-12-17 14:16:55,970 - INFO  - Mixed 1 Training [15][  100/  391]   Loss 0.570256   QE Loss 0.000000   Distribution Loss -0.038654   IDM Loss 0.000000   Top1 79.445312   Top5 98.710938   LR 0.096194   QLR 0.000010   
2025-12-17 14:16:55,970 - INFO  - Mixed 2 Training [15][  100/  391]   Loss 0.566613   QE Loss 0.000000   Distribution Loss -0.041658   IDM Loss 0.000000   Top1 79.648438   Top5 98.656250   LR 0.096194   QLR 0.000010   
2025-12-17 14:16:55,972 - INFO  - ===================================================================================================================
2025-12-17 14:17:05,633 - INFO  - Max Training [15][  120/  391]   Loss 0.570757   QE Loss 0.000000   Distribution Loss 0.000000   IDM Loss 0.000000   Top1 80.410156   Top5 98.763021   LR 0.096194   QLR 0.000010   
2025-12-17 14:17:05,634 - INFO  - Mixed 0 Training [15][  120/  391]   Loss 0.568391   QE Loss 0.000000   Distribution Loss -0.042556   IDM Loss 0.000000   Top1 79.472656   Top5 98.587240   LR 0.096194   QLR 0.000010   
2025-12-17 14:17:05,634 - INFO  - Mixed 1 Training [15][  120/  391]   Loss 0.568200   QE Loss 0.000000   Distribution Loss -0.040655   IDM Loss 0.000000   Top1 79.472656   Top5 98.691406   LR 0.096194   QLR 0.000010   
2025-12-17 14:17:05,634 - INFO  - Mixed 2 Training [15][  120/  391]   Loss 0.566517   QE Loss 0.000000   Distribution Loss -0.043009   IDM Loss 0.000000   Top1 79.563802   Top5 98.652344   LR 0.096194   QLR 0.000010   
2025-12-17 14:17:05,636 - INFO  - ===================================================================================================================
2025-12-17 14:17:15,057 - INFO  - Max Training [15][  140/  391]   Loss 0.566791   QE Loss 0.000000   Distribution Loss 0.000000   IDM Loss 0.000000   Top1 80.541295   Top5 98.777902   LR 0.096194   QLR 0.000010   
2025-12-17 14:17:15,058 - INFO  - Mixed 0 Training [15][  140/  391]   Loss 0.562069   QE Loss 0.000000   Distribution Loss -0.043095   IDM Loss 0.000000   Top1 79.698661   Top5 98.616071   LR 0.096194   QLR 0.000010   
2025-12-17 14:17:15,058 - INFO  - Mixed 1 Training [15][  140/  391]   Loss 0.561986   QE Loss 0.000000   Distribution Loss -0.042044   IDM Loss 0.000000   Top1 79.732143   Top5 98.705357   LR 0.096194   QLR 0.000010   
2025-12-17 14:17:15,058 - INFO  - Mixed 2 Training [15][  140/  391]   Loss 0.560766   QE Loss 0.000000   Distribution Loss -0.042727   IDM Loss 0.000000   Top1 79.821429   Top5 98.694196   LR 0.096194   QLR 0.000010   
2025-12-17 14:17:15,060 - INFO  - ===================================================================================================================
2025-12-17 14:17:24,581 - INFO  - Max Training [15][  160/  391]   Loss 0.568093   QE Loss 0.000000   Distribution Loss 0.000000   IDM Loss 0.000000   Top1 80.502930   Top5 98.818359   LR 0.096194   QLR 0.000010   
2025-12-17 14:17:24,582 - INFO  - Mixed 0 Training [15][  160/  391]   Loss 0.561511   QE Loss 0.000000   Distribution Loss -0.043121   IDM Loss 0.000000   Top1 79.643555   Top5 98.652344   LR 0.096194   QLR 0.000010   
2025-12-17 14:17:24,583 - INFO  - Mixed 1 Training [15][  160/  391]   Loss 0.560773   QE Loss 0.000000   Distribution Loss -0.043173   IDM Loss 0.000000   Top1 79.594727   Top5 98.720703   LR 0.096194   QLR 0.000010   
2025-12-17 14:17:24,583 - INFO  - Mixed 2 Training [15][  160/  391]   Loss 0.559396   QE Loss 0.000000   Distribution Loss -0.043104   IDM Loss 0.000000   Top1 79.809570   Top5 98.730469   LR 0.096194   QLR 0.000010   
2025-12-17 14:17:24,587 - INFO  - ===================================================================================================================
2025-12-17 14:17:34,120 - INFO  - Max Training [15][  180/  391]   Loss 0.562257   QE Loss 0.000000   Distribution Loss 0.000000   IDM Loss 0.000000   Top1 80.694444   Top5 98.841146   LR 0.096194   QLR 0.000010   
2025-12-17 14:17:34,120 - INFO  - Mixed 0 Training [15][  180/  391]   Loss 0.554502   QE Loss 0.000000   Distribution Loss -0.044143   IDM Loss 0.000000   Top1 79.830729   Top5 98.697917   LR 0.096194   QLR 0.000010   
2025-12-17 14:17:34,120 - INFO  - Mixed 1 Training [15][  180/  391]   Loss 0.554532   QE Loss 0.000000   Distribution Loss -0.042876   IDM Loss 0.000000   Top1 79.761285   Top5 98.741319   LR 0.096194   QLR 0.000010   
2025-12-17 14:17:34,121 - INFO  - Mixed 2 Training [15][  180/  391]   Loss 0.554140   QE Loss 0.000000   Distribution Loss -0.042815   IDM Loss 0.000000   Top1 80.017361   Top5 98.745660   LR 0.096194   QLR 0.000010   
2025-12-17 14:17:34,122 - INFO  - ===================================================================================================================
2025-12-17 14:17:43,652 - INFO  - Max Training [15][  200/  391]   Loss 0.558276   QE Loss 0.000000   Distribution Loss 0.000000   IDM Loss 0.000000   Top1 80.859375   Top5 98.894531   LR 0.096194   QLR 0.000010   
2025-12-17 14:17:43,653 - INFO  - Mixed 0 Training [15][  200/  391]   Loss 0.550632   QE Loss 0.000000   Distribution Loss -0.043471   IDM Loss 0.000000   Top1 80.023438   Top5 98.742188   LR 0.096194   QLR 0.000010   
2025-12-17 14:17:43,653 - INFO  - Mixed 1 Training [15][  200/  391]   Loss 0.550367   QE Loss 0.000000   Distribution Loss -0.042763   IDM Loss 0.000000   Top1 80.011719   Top5 98.789062   LR 0.096194   QLR 0.000010   
2025-12-17 14:17:43,653 - INFO  - Mixed 2 Training [15][  200/  391]   Loss 0.550384   QE Loss 0.000000   Distribution Loss -0.042019   IDM Loss 0.000000   Top1 80.128906   Top5 98.785156   LR 0.096194   QLR 0.000010   
2025-12-17 14:17:43,654 - INFO  - ===================================================================================================================
2025-12-17 14:17:53,387 - INFO  - Max Training [15][  220/  391]   Loss 0.558679   QE Loss 0.000000   Distribution Loss 0.000000   IDM Loss 0.000000   Top1 80.848722   Top5 98.892045   LR 0.096194   QLR 0.000010   
2025-12-17 14:17:53,387 - INFO  - Mixed 0 Training [15][  220/  391]   Loss 0.550681   QE Loss 0.000000   Distribution Loss -0.043554   IDM Loss 0.000000   Top1 79.953835   Top5 98.742898   LR 0.096194   QLR 0.000010   
2025-12-17 14:17:53,387 - INFO  - Mixed 1 Training [15][  220/  391]   Loss 0.549679   QE Loss 0.000000   Distribution Loss -0.042918   IDM Loss 0.000000   Top1 79.989347   Top5 98.803267   LR 0.096194   QLR 0.000010   
2025-12-17 14:17:53,387 - INFO  - Mixed 2 Training [15][  220/  391]   Loss 0.551094   QE Loss 0.000000   Distribution Loss -0.041486   IDM Loss 0.000000   Top1 80.046165   Top5 98.778409   LR 0.096194   QLR 0.000010   
2025-12-17 14:17:53,389 - INFO  - ===================================================================================================================
2025-12-17 14:18:02,863 - INFO  - Max Training [15][  240/  391]   Loss 0.558145   QE Loss 0.000000   Distribution Loss 0.000000   IDM Loss 0.000000   Top1 80.862630   Top5 98.922526   LR 0.096194   QLR 0.000010   
2025-12-17 14:18:02,863 - INFO  - Mixed 0 Training [15][  240/  391]   Loss 0.548747   QE Loss 0.000000   Distribution Loss -0.043593   IDM Loss 0.000000   Top1 79.970703   Top5 98.766276   LR 0.096194   QLR 0.000010   
2025-12-17 14:18:02,863 - INFO  - Mixed 1 Training [15][  240/  391]   Loss 0.548007   QE Loss 0.000000   Distribution Loss -0.042715   IDM Loss 0.000000   Top1 80.035807   Top5 98.815104   LR 0.096194   QLR 0.000010   
2025-12-17 14:18:02,863 - INFO  - Mixed 2 Training [15][  240/  391]   Loss 0.548231   QE Loss 0.000000   Distribution Loss -0.042020   IDM Loss 0.000000   Top1 80.162760   Top5 98.808594   LR 0.096194   QLR 0.000010   
2025-12-17 14:18:02,865 - INFO  - ===================================================================================================================
2025-12-17 14:18:12,420 - INFO  - Max Training [15][  260/  391]   Loss 0.555969   QE Loss 0.000000   Distribution Loss 0.000000   IDM Loss 0.000000   Top1 80.922476   Top5 98.948317   LR 0.096194   QLR 0.000010   
2025-12-17 14:18:12,421 - INFO  - Mixed 0 Training [15][  260/  391]   Loss 0.546129   QE Loss 0.000000   Distribution Loss -0.043450   IDM Loss 0.000000   Top1 79.987981   Top5 98.798077   LR 0.096194   QLR 0.000010   
2025-12-17 14:18:12,421 - INFO  - Mixed 1 Training [15][  260/  391]   Loss 0.545414   QE Loss 0.000000   Distribution Loss -0.042253   IDM Loss 0.000000   Top1 80.081130   Top5 98.855168   LR 0.096194   QLR 0.000010   
2025-12-17 14:18:12,421 - INFO  - Mixed 2 Training [15][  260/  391]   Loss 0.546260   QE Loss 0.000000   Distribution Loss -0.041778   IDM Loss 0.000000   Top1 80.156250   Top5 98.840144   LR 0.096194   QLR 0.000010   
2025-12-17 14:18:12,423 - INFO  - ===================================================================================================================
2025-12-17 14:18:21,836 - INFO  - Max Training [15][  280/  391]   Loss 0.554401   QE Loss 0.000000   Distribution Loss 0.000000   IDM Loss 0.000000   Top1 80.965402   Top5 98.942522   LR 0.096194   QLR 0.000010   
2025-12-17 14:18:21,837 - INFO  - Mixed 0 Training [15][  280/  391]   Loss 0.543493   QE Loss 0.000000   Distribution Loss -0.043608   IDM Loss 0.000000   Top1 80.061384   Top5 98.800223   LR 0.096194   QLR 0.000010   
2025-12-17 14:18:21,837 - INFO  - Mixed 1 Training [15][  280/  391]   Loss 0.542379   QE Loss 0.000000   Distribution Loss -0.042876   IDM Loss 0.000000   Top1 80.172991   Top5 98.867188   LR 0.096194   QLR 0.000010   
2025-12-17 14:18:21,837 - INFO  - Mixed 2 Training [15][  280/  391]   Loss 0.543777   QE Loss 0.000000   Distribution Loss -0.041733   IDM Loss 0.000000   Top1 80.209263   Top5 98.825335   LR 0.096194   QLR 0.000010   
2025-12-17 14:18:21,839 - INFO  - ===================================================================================================================
2025-12-17 14:18:31,316 - INFO  - Max Training [15][  300/  391]   Loss 0.552453   QE Loss 0.000000   Distribution Loss 0.000000   IDM Loss 0.000000   Top1 81.111979   Top5 98.932292   LR 0.096194   QLR 0.000010   
2025-12-17 14:18:31,316 - INFO  - Mixed 0 Training [15][  300/  391]   Loss 0.542344   QE Loss 0.000000   Distribution Loss -0.042368   IDM Loss 0.000000   Top1 80.200521   Top5 98.796875   LR 0.096194   QLR 0.000010   
2025-12-17 14:18:31,316 - INFO  - Mixed 1 Training [15][  300/  391]   Loss 0.540119   QE Loss 0.000000   Distribution Loss -0.043338   IDM Loss 0.000000   Top1 80.242188   Top5 98.856771   LR 0.096194   QLR 0.000010   
2025-12-17 14:18:31,316 - INFO  - Mixed 2 Training [15][  300/  391]   Loss 0.541560   QE Loss 0.000000   Distribution Loss -0.042183   IDM Loss 0.000000   Top1 80.309896   Top5 98.822917   LR 0.096194   QLR 0.000010   
2025-12-17 14:18:31,319 - INFO  - ===================================================================================================================
2025-12-17 14:18:40,767 - INFO  - Max Training [15][  320/  391]   Loss 0.551795   QE Loss 0.000000   Distribution Loss 0.000000   IDM Loss 0.000000   Top1 81.171875   Top5 98.933105   LR 0.096194   QLR 0.000010   
2025-12-17 14:18:40,767 - INFO  - Mixed 0 Training [15][  320/  391]   Loss 0.541578   QE Loss 0.000000   Distribution Loss -0.042236   IDM Loss 0.000000   Top1 80.270996   Top5 98.811035   LR 0.096194   QLR 0.000010   
2025-12-17 14:18:40,768 - INFO  - Mixed 1 Training [15][  320/  391]   Loss 0.539396   QE Loss 0.000000   Distribution Loss -0.043088   IDM Loss 0.000000   Top1 80.307617   Top5 98.872070   LR 0.096194   QLR 0.000010   
2025-12-17 14:18:40,768 - INFO  - Mixed 2 Training [15][  320/  391]   Loss 0.540319   QE Loss 0.000000   Distribution Loss -0.042744   IDM Loss 0.000000   Top1 80.349121   Top5 98.833008   LR 0.096194   QLR 0.000010   
2025-12-17 14:18:40,769 - INFO  - ===================================================================================================================
2025-12-17 14:18:50,325 - INFO  - Max Training [15][  340/  391]   Loss 0.550499   QE Loss 0.000000   Distribution Loss 0.000000   IDM Loss 0.000000   Top1 81.176471   Top5 98.926930   LR 0.096194   QLR 0.000010   
2025-12-17 14:18:50,325 - INFO  - Mixed 0 Training [15][  340/  391]   Loss 0.539712   QE Loss 0.000000   Distribution Loss -0.042146   IDM Loss 0.000000   Top1 80.273438   Top5 98.823529   LR 0.096194   QLR 0.000010   
2025-12-17 14:18:50,325 - INFO  - Mixed 1 Training [15][  340/  391]   Loss 0.536484   QE Loss 0.000000   Distribution Loss -0.043715   IDM Loss 0.000000   Top1 80.333180   Top5 98.878676   LR 0.096194   QLR 0.000010   
2025-12-17 14:18:50,325 - INFO  - Mixed 2 Training [15][  340/  391]   Loss 0.538062   QE Loss 0.000000   Distribution Loss -0.043107   IDM Loss 0.000000   Top1 80.376838   Top5 98.853401   LR 0.096194   QLR 0.000010   
2025-12-17 14:18:50,327 - INFO  - ===================================================================================================================
2025-12-17 14:18:59,805 - INFO  - Max Training [15][  360/  391]   Loss 0.548005   QE Loss 0.000000   Distribution Loss 0.000000   IDM Loss 0.000000   Top1 81.243490   Top5 98.951823   LR 0.096194   QLR 0.000010   
2025-12-17 14:18:59,806 - INFO  - Mixed 0 Training [15][  360/  391]   Loss 0.537100   QE Loss 0.000000   Distribution Loss -0.041807   IDM Loss 0.000000   Top1 80.353733   Top5 98.841146   LR 0.096194   QLR 0.000010   
2025-12-17 14:18:59,806 - INFO  - Mixed 1 Training [15][  360/  391]   Loss 0.533104   QE Loss 0.000000   Distribution Loss -0.043964   IDM Loss 0.000000   Top1 80.405816   Top5 98.897569   LR 0.096194   QLR 0.000010   
2025-12-17 14:18:59,806 - INFO  - Mixed 2 Training [15][  360/  391]   Loss 0.536049   QE Loss 0.000000   Distribution Loss -0.042596   IDM Loss 0.000000   Top1 80.425347   Top5 98.865017   LR 0.096194   QLR 0.000010   
2025-12-17 14:18:59,809 - INFO  - ===================================================================================================================
2025-12-17 14:19:09,413 - INFO  - Max Training [15][  380/  391]   Loss 0.547518   QE Loss 0.000000   Distribution Loss 0.000000   IDM Loss 0.000000   Top1 81.252056   Top5 98.957648   LR 0.096194   QLR 0.000010   
2025-12-17 14:19:09,414 - INFO  - Mixed 0 Training [15][  380/  391]   Loss 0.535886   QE Loss 0.000000   Distribution Loss -0.042132   IDM Loss 0.000000   Top1 80.374178   Top5 98.844572   LR 0.096194   QLR 0.000010   
2025-12-17 14:19:09,414 - INFO  - Mixed 1 Training [15][  380/  391]   Loss 0.532704   QE Loss 0.000000   Distribution Loss -0.043667   IDM Loss 0.000000   Top1 80.435855   Top5 98.898026   LR 0.096194   QLR 0.000010   
2025-12-17 14:19:09,414 - INFO  - Mixed 2 Training [15][  380/  391]   Loss 0.535307   QE Loss 0.000000   Distribution Loss -0.042944   IDM Loss 0.000000   Top1 80.444079   Top5 98.861020   LR 0.096194   QLR 0.000010   
2025-12-17 14:19:09,416 - INFO  - ===================================================================================================================
2025-12-17 14:19:14,196 - INFO  - ==> Max Top1: 81.220    Top5: 98.964    Loss: 0.547
2025-12-17 14:19:14,197 - INFO  - ==> Mixed 0 Top1: 80.361    Top5: 98.854    Loss: 0.535
2025-12-17 14:19:14,197 - INFO  - ==> Mixed 1 Top1: 80.431    Top5: 98.898    Loss: 0.533
2025-12-17 14:19:14,197 - INFO  - ==> Mixed 2 Top1: 80.421    Top5: 98.868    Loss: 0.535
2025-12-17 14:19:14,198 - INFO  - Epoch  15 Summary - Train Top1: 81.220%  Top5: 98.964%  Loss: 0.5473
2025-12-17 14:19:14,198 - INFO  -   ⏱️  本Epoch耗时: 3分6秒 | 平均Epoch耗时: 3分5秒 | 剩余Epoch数: 104
2025-12-17 14:19:14,198 - INFO  -   📅 预估剩余时间: 5小时21分38秒 | 预估完成时间: 2025-12-17 19:40:52
2025-12-17 14:19:14,198 - INFO  - Scoreboard best 1 ==> Epoch [15][Top1: 0.000   Top5: 0.000]
2025-12-17 14:19:14,199 - INFO  - Scoreboard best 2 ==> Epoch [14][Top1: 0.000   Top5: 0.000]
2025-12-17 14:19:14,199 - INFO  - Scoreboard best 3 ==> Epoch [13][Top1: 0.000   Top5: 0.000]
2025-12-17 14:19:15,053 - INFO  - ([15] Epoch) Saving checkpoint to:
             Current: /root/autodl-tmp/retraining-free-quantization/training/resnet18_cifar10_single_gpu_normal_srqat_ls0/resnet18_cifar10_single_gpu_normal_srqat_ls0_checkpoint.pth.tar

2025-12-17 14:19:15,057 - INFO  - >>>>>>>> Epoch  16
2025-12-17 14:19:15,057 - INFO  - Training: 50000 samples (128 per mini-batch)
2025-12-17 14:19:15,414 - INFO  - [FAT] Batch 0, Iter 0: FAT is DISABLED, using standard training
2025-12-17 14:19:24,774 - INFO  - Max Training [16][   20/  391]   Loss 0.487113   QE Loss 0.000000   Distribution Loss 0.000000   IDM Loss 0.000000   Top1 83.945312   Top5 99.296875   LR 0.095677   QLR 0.000010   
2025-12-17 14:19:24,775 - INFO  - Mixed 0 Training [16][   20/  391]   Loss 0.463518   QE Loss 0.000000   Distribution Loss -0.039806   IDM Loss 0.000000   Top1 83.007812   Top5 99.218750   LR 0.095677   QLR 0.000010   
2025-12-17 14:19:24,775 - INFO  - Mixed 1 Training [16][   20/  391]   Loss 0.460857   QE Loss 0.000000   Distribution Loss -0.044410   IDM Loss 0.000000   Top1 82.695312   Top5 99.375000   LR 0.095677   QLR 0.000010   
2025-12-17 14:19:24,775 - INFO  - Mixed 2 Training [16][   20/  391]   Loss 0.452575   QE Loss 0.000000   Distribution Loss -0.043161   IDM Loss 0.000000   Top1 83.007812   Top5 99.179688   LR 0.095677   QLR 0.000010   
2025-12-17 14:19:24,778 - INFO  - ===================================================================================================================
2025-12-17 14:19:34,421 - INFO  - Max Training [16][   40/  391]   Loss 0.493271   QE Loss 0.000000   Distribution Loss 0.000000   IDM Loss 0.000000   Top1 83.535156   Top5 99.101562   LR 0.095677   QLR 0.000010   
2025-12-17 14:19:34,421 - INFO  - Mixed 0 Training [16][   40/  391]   Loss 0.467876   QE Loss 0.000000   Distribution Loss -0.047373   IDM Loss 0.000000   Top1 82.695312   Top5 99.121094   LR 0.095677   QLR 0.000010   
2025-12-17 14:19:34,421 - INFO  - Mixed 1 Training [16][   40/  391]   Loss 0.478866   QE Loss 0.000000   Distribution Loss -0.038989   IDM Loss 0.000000   Top1 82.304688   Top5 99.042969   LR 0.095677   QLR 0.000010   
2025-12-17 14:19:34,421 - INFO  - Mixed 2 Training [16][   40/  391]   Loss 0.466382   QE Loss 0.000000   Distribution Loss -0.040886   IDM Loss 0.000000   Top1 82.773438   Top5 99.082031   LR 0.095677   QLR 0.000010   
2025-12-17 14:19:34,424 - INFO  - ===================================================================================================================
2025-12-17 14:19:43,872 - INFO  - Max Training [16][   60/  391]   Loss 0.494734   QE Loss 0.000000   Distribution Loss 0.000000   IDM Loss 0.000000   Top1 83.450521   Top5 99.075521   LR 0.095677   QLR 0.000010   
2025-12-17 14:19:43,873 - INFO  - Mixed 0 Training [16][   60/  391]   Loss 0.471769   QE Loss 0.000000   Distribution Loss -0.045827   IDM Loss 0.000000   Top1 82.513021   Top5 99.192708   LR 0.095677   QLR 0.000010   
2025-12-17 14:19:43,873 - INFO  - Mixed 1 Training [16][   60/  391]   Loss 0.478960   QE Loss 0.000000   Distribution Loss -0.040265   IDM Loss 0.000000   Top1 82.265625   Top5 99.075521   LR 0.095677   QLR 0.000010   
2025-12-17 14:19:43,873 - INFO  - Mixed 2 Training [16][   60/  391]   Loss 0.470305   QE Loss 0.000000   Distribution Loss -0.040833   IDM Loss 0.000000   Top1 82.630208   Top5 99.088542   LR 0.095677   QLR 0.000010   
2025-12-17 14:19:43,875 - INFO  - ===================================================================================================================
2025-12-17 14:19:53,427 - INFO  - Max Training [16][   80/  391]   Loss 0.492571   QE Loss 0.000000   Distribution Loss 0.000000   IDM Loss 0.000000   Top1 83.417969   Top5 99.150391   LR 0.095677   QLR 0.000010   
2025-12-17 14:19:53,428 - INFO  - Mixed 0 Training [16][   80/  391]   Loss 0.473364   QE Loss 0.000000   Distribution Loss -0.044179   IDM Loss 0.000000   Top1 82.324219   Top5 99.199219   LR 0.095677   QLR 0.000010   
2025-12-17 14:19:53,428 - INFO  - Mixed 1 Training [16][   80/  391]   Loss 0.475407   QE Loss 0.000000   Distribution Loss -0.042038   IDM Loss 0.000000   Top1 82.138672   Top5 99.091797   LR 0.095677   QLR 0.000010   
2025-12-17 14:19:53,428 - INFO  - Mixed 2 Training [16][   80/  391]   Loss 0.466841   QE Loss 0.000000   Distribution Loss -0.044151   IDM Loss 0.000000   Top1 82.539062   Top5 99.101562   LR 0.095677   QLR 0.000010   
2025-12-17 14:19:53,432 - INFO  - ===================================================================================================================
2025-12-17 14:20:03,009 - INFO  - Max Training [16][  100/  391]   Loss 0.488398   QE Loss 0.000000   Distribution Loss 0.000000   IDM Loss 0.000000   Top1 83.531250   Top5 99.132812   LR 0.095677   QLR 0.000010   
2025-12-17 14:20:03,010 - INFO  - Mixed 0 Training [16][  100/  391]   Loss 0.470755   QE Loss 0.000000   Distribution Loss -0.043484   IDM Loss 0.000000   Top1 82.609375   Top5 99.164062   LR 0.095677   QLR 0.000010   
2025-12-17 14:20:03,010 - INFO  - Mixed 1 Training [16][  100/  391]   Loss 0.472020   QE Loss 0.000000   Distribution Loss -0.040408   IDM Loss 0.000000   Top1 82.515625   Top5 99.039062   LR 0.095677   QLR 0.000010   
2025-12-17 14:20:03,010 - INFO  - Mixed 2 Training [16][  100/  391]   Loss 0.463859   QE Loss 0.000000   Distribution Loss -0.044001   IDM Loss 0.000000   Top1 82.781250   Top5 99.101562   LR 0.095677   QLR 0.000010   
2025-12-17 14:20:03,012 - INFO  - ===================================================================================================================
2025-12-17 14:20:12,540 - INFO  - Max Training [16][  120/  391]   Loss 0.490376   QE Loss 0.000000   Distribution Loss 0.000000   IDM Loss 0.000000   Top1 83.502604   Top5 99.127604   LR 0.095677   QLR 0.000010   
2025-12-17 14:20:12,540 - INFO  - Mixed 0 Training [16][  120/  391]   Loss 0.473867   QE Loss 0.000000   Distribution Loss -0.041935   IDM Loss 0.000000   Top1 82.532552   Top5 99.134115   LR 0.095677   QLR 0.000010   
2025-12-17 14:20:12,540 - INFO  - Mixed 1 Training [16][  120/  391]   Loss 0.473954   QE Loss 0.000000   Distribution Loss -0.039251   IDM Loss 0.000000   Top1 82.486979   Top5 99.016927   LR 0.095677   QLR 0.000010   
2025-12-17 14:20:12,541 - INFO  - Mixed 2 Training [16][  120/  391]   Loss 0.465095   QE Loss 0.000000   Distribution Loss -0.044421   IDM Loss 0.000000   Top1 82.799479   Top5 99.069010   LR 0.095677   QLR 0.000010   
2025-12-17 14:20:12,543 - INFO  - ===================================================================================================================
2025-12-17 14:20:21,923 - INFO  - Max Training [16][  140/  391]   Loss 0.490919   QE Loss 0.000000   Distribution Loss 0.000000   IDM Loss 0.000000   Top1 83.431920   Top5 99.135045   LR 0.095677   QLR 0.000010   
2025-12-17 14:20:21,924 - INFO  - Mixed 0 Training [16][  140/  391]   Loss 0.471828   QE Loss 0.000000   Distribution Loss -0.044607   IDM Loss 0.000000   Top1 82.539062   Top5 99.135045   LR 0.095677   QLR 0.000010   
2025-12-17 14:20:21,924 - INFO  - Mixed 1 Training [16][  140/  391]   Loss 0.476516   QE Loss 0.000000   Distribution Loss -0.036928   IDM Loss 0.000000   Top1 82.527902   Top5 99.034598   LR 0.095677   QLR 0.000010   
2025-12-17 14:20:21,924 - INFO  - Mixed 2 Training [16][  140/  391]   Loss 0.466374   QE Loss 0.000000   Distribution Loss -0.043968   IDM Loss 0.000000   Top1 82.868304   Top5 99.079241   LR 0.095677   QLR 0.000010   
2025-12-17 14:20:21,926 - INFO  - ===================================================================================================================
2025-12-17 14:20:31,467 - INFO  - Max Training [16][  160/  391]   Loss 0.494205   QE Loss 0.000000   Distribution Loss 0.000000   IDM Loss 0.000000   Top1 83.247070   Top5 99.125977   LR 0.095677   QLR 0.000010   
2025-12-17 14:20:31,468 - INFO  - Mixed 0 Training [16][  160/  391]   Loss 0.475535   QE Loss 0.000000   Distribution Loss -0.043539   IDM Loss 0.000000   Top1 82.373047   Top5 99.121094   LR 0.095677   QLR 0.000010   
2025-12-17 14:20:31,468 - INFO  - Mixed 1 Training [16][  160/  391]   Loss 0.480680   QE Loss 0.000000   Distribution Loss -0.036725   IDM Loss 0.000000   Top1 82.275391   Top5 99.033203   LR 0.095677   QLR 0.000010   
2025-12-17 14:20:31,468 - INFO  - Mixed 2 Training [16][  160/  391]   Loss 0.470016   QE Loss 0.000000   Distribution Loss -0.043777   IDM Loss 0.000000   Top1 82.617188   Top5 99.072266   LR 0.095677   QLR 0.000010   
2025-12-17 14:20:31,470 - INFO  - ===================================================================================================================
2025-12-17 14:20:41,038 - INFO  - Max Training [16][  180/  391]   Loss 0.496377   QE Loss 0.000000   Distribution Loss 0.000000   IDM Loss 0.000000   Top1 83.151042   Top5 99.123264   LR 0.095677   QLR 0.000010   
2025-12-17 14:20:41,039 - INFO  - Mixed 0 Training [16][  180/  391]   Loss 0.476494   QE Loss 0.000000   Distribution Loss -0.043692   IDM Loss 0.000000   Top1 82.196181   Top5 99.114583   LR 0.095677   QLR 0.000010   
2025-12-17 14:20:41,039 - INFO  - Mixed 1 Training [16][  180/  391]   Loss 0.482100   QE Loss 0.000000   Distribution Loss -0.037062   IDM Loss 0.000000   Top1 82.196181   Top5 99.053819   LR 0.095677   QLR 0.000010   
2025-12-17 14:20:41,039 - INFO  - Mixed 2 Training [16][  180/  391]   Loss 0.470962   QE Loss 0.000000   Distribution Loss -0.044274   IDM Loss 0.000000   Top1 82.469618   Top5 99.062500   LR 0.095677   QLR 0.000010   
2025-12-17 14:20:41,041 - INFO  - ===================================================================================================================
2025-12-17 14:20:50,485 - INFO  - Max Training [16][  200/  391]   Loss 0.493660   QE Loss 0.000000   Distribution Loss 0.000000   IDM Loss 0.000000   Top1 83.171875   Top5 99.156250   LR 0.095677   QLR 0.000010   
2025-12-17 14:20:50,486 - INFO  - Mixed 0 Training [16][  200/  391]   Loss 0.473314   QE Loss 0.000000   Distribution Loss -0.044128   IDM Loss 0.000000   Top1 82.277344   Top5 99.140625   LR 0.095677   QLR 0.000010   
2025-12-17 14:20:50,486 - INFO  - Mixed 1 Training [16][  200/  391]   Loss 0.479932   QE Loss 0.000000   Distribution Loss -0.037398   IDM Loss 0.000000   Top1 82.210938   Top5 99.078125   LR 0.095677   QLR 0.000010   
2025-12-17 14:20:50,486 - INFO  - Mixed 2 Training [16][  200/  391]   Loss 0.469479   QE Loss 0.000000   Distribution Loss -0.043873   IDM Loss 0.000000   Top1 82.480469   Top5 99.078125   LR 0.095677   QLR 0.000010   
2025-12-17 14:20:50,488 - INFO  - ===================================================================================================================
2025-12-17 14:21:00,063 - INFO  - Max Training [16][  220/  391]   Loss 0.491216   QE Loss 0.000000   Distribution Loss 0.000000   IDM Loss 0.000000   Top1 83.252841   Top5 99.165483   LR 0.095677   QLR 0.000010   
2025-12-17 14:21:00,064 - INFO  - Mixed 0 Training [16][  220/  391]   Loss 0.470800   QE Loss 0.000000   Distribution Loss -0.043836   IDM Loss 0.000000   Top1 82.343750   Top5 99.144176   LR 0.095677   QLR 0.000010   
2025-12-17 14:21:00,064 - INFO  - Mixed 1 Training [16][  220/  391]   Loss 0.478562   QE Loss 0.000000   Distribution Loss -0.037184   IDM Loss 0.000000   Top1 82.301136   Top5 99.076705   LR 0.095677   QLR 0.000010   
2025-12-17 14:21:00,064 - INFO  - Mixed 2 Training [16][  220/  391]   Loss 0.467394   QE Loss 0.000000   Distribution Loss -0.043732   IDM Loss 0.000000   Top1 82.514205   Top5 99.069602   LR 0.095677   QLR 0.000010   
2025-12-17 14:21:00,066 - INFO  - ===================================================================================================================
2025-12-17 14:21:09,536 - INFO  - Max Training [16][  240/  391]   Loss 0.491158   QE Loss 0.000000   Distribution Loss 0.000000   IDM Loss 0.000000   Top1 83.251953   Top5 99.166667   LR 0.095677   QLR 0.000010   
2025-12-17 14:21:09,536 - INFO  - Mixed 0 Training [16][  240/  391]   Loss 0.471539   QE Loss 0.000000   Distribution Loss -0.043811   IDM Loss 0.000000   Top1 82.347005   Top5 99.150391   LR 0.095677   QLR 0.000010   
2025-12-17 14:21:09,536 - INFO  - Mixed 1 Training [16][  240/  391]   Loss 0.477530   QE Loss 0.000000   Distribution Loss -0.038232   IDM Loss 0.000000   Top1 82.314453   Top5 99.085286   LR 0.095677   QLR 0.000010   
2025-12-17 14:21:09,536 - INFO  - Mixed 2 Training [16][  240/  391]   Loss 0.468356   QE Loss 0.000000   Distribution Loss -0.043494   IDM Loss 0.000000   Top1 82.506510   Top5 99.069010   LR 0.095677   QLR 0.000010   
2025-12-17 14:21:09,538 - INFO  - ===================================================================================================================
2025-12-17 14:21:19,242 - INFO  - Max Training [16][  260/  391]   Loss 0.488849   QE Loss 0.000000   Distribution Loss 0.000000   IDM Loss 0.000000   Top1 83.347356   Top5 99.182692   LR 0.095677   QLR 0.000010   
2025-12-17 14:21:19,243 - INFO  - Mixed 0 Training [16][  260/  391]   Loss 0.469470   QE Loss 0.000000   Distribution Loss -0.043612   IDM Loss 0.000000   Top1 82.475962   Top5 99.173678   LR 0.095677   QLR 0.000010   
2025-12-17 14:21:19,243 - INFO  - Mixed 1 Training [16][  260/  391]   Loss 0.476090   QE Loss 0.000000   Distribution Loss -0.038772   IDM Loss 0.000000   Top1 82.391827   Top5 99.086538   LR 0.095677   QLR 0.000010   
2025-12-17 14:21:19,243 - INFO  - Mixed 2 Training [16][  260/  391]   Loss 0.467620   QE Loss 0.000000   Distribution Loss -0.042576   IDM Loss 0.000000   Top1 82.614183   Top5 99.080529   LR 0.095677   QLR 0.000010   
2025-12-17 14:21:19,245 - INFO  - ===================================================================================================================
2025-12-17 14:21:28,751 - INFO  - Max Training [16][  280/  391]   Loss 0.488957   QE Loss 0.000000   Distribution Loss 0.000000   IDM Loss 0.000000   Top1 83.331473   Top5 99.174107   LR 0.095677   QLR 0.000010   
2025-12-17 14:21:28,751 - INFO  - Mixed 0 Training [16][  280/  391]   Loss 0.469394   QE Loss 0.000000   Distribution Loss -0.043556   IDM Loss 0.000000   Top1 82.494420   Top5 99.160156   LR 0.095677   QLR 0.000010   
2025-12-17 14:21:28,751 - INFO  - Mixed 1 Training [16][  280/  391]   Loss 0.474790   QE Loss 0.000000   Distribution Loss -0.039447   IDM Loss 0.000000   Top1 82.421875   Top5 99.079241   LR 0.095677   QLR 0.000010   
2025-12-17 14:21:28,751 - INFO  - Mixed 2 Training [16][  280/  391]   Loss 0.468135   QE Loss 0.000000   Distribution Loss -0.041866   IDM Loss 0.000000   Top1 82.603237   Top5 99.065290   LR 0.095677   QLR 0.000010   
2025-12-17 14:21:28,754 - INFO  - ===================================================================================================================
2025-12-17 14:21:38,313 - INFO  - Max Training [16][  300/  391]   Loss 0.490110   QE Loss 0.000000   Distribution Loss 0.000000   IDM Loss 0.000000   Top1 83.333333   Top5 99.171875   LR 0.095677   QLR 0.000010   
2025-12-17 14:21:38,313 - INFO  - Mixed 0 Training [16][  300/  391]   Loss 0.470300   QE Loss 0.000000   Distribution Loss -0.043707   IDM Loss 0.000000   Top1 82.505208   Top5 99.158854   LR 0.095677   QLR 0.000010   
2025-12-17 14:21:38,313 - INFO  - Mixed 1 Training [16][  300/  391]   Loss 0.475585   QE Loss 0.000000   Distribution Loss -0.040126   IDM Loss 0.000000   Top1 82.403646   Top5 99.080729   LR 0.095677   QLR 0.000010   
2025-12-17 14:21:38,314 - INFO  - Mixed 2 Training [16][  300/  391]   Loss 0.469988   QE Loss 0.000000   Distribution Loss -0.041519   IDM Loss 0.000000   Top1 82.588542   Top5 99.067708   LR 0.095677   QLR 0.000010   
2025-12-17 14:21:38,315 - INFO  - ===================================================================================================================
2025-12-17 14:21:47,763 - INFO  - Max Training [16][  320/  391]   Loss 0.490360   QE Loss 0.000000   Distribution Loss 0.000000   IDM Loss 0.000000   Top1 83.327637   Top5 99.184570   LR 0.095677   QLR 0.000010   
2025-12-17 14:21:47,764 - INFO  - Mixed 0 Training [16][  320/  391]   Loss 0.470339   QE Loss 0.000000   Distribution Loss -0.043850   IDM Loss 0.000000   Top1 82.487793   Top5 99.174805   LR 0.095677   QLR 0.000010   
2025-12-17 14:21:47,764 - INFO  - Mixed 1 Training [16][  320/  391]   Loss 0.475288   QE Loss 0.000000   Distribution Loss -0.040261   IDM Loss 0.000000   Top1 82.419434   Top5 99.099121   LR 0.095677   QLR 0.000010   
2025-12-17 14:21:47,764 - INFO  - Mixed 2 Training [16][  320/  391]   Loss 0.469984   QE Loss 0.000000   Distribution Loss -0.041489   IDM Loss 0.000000   Top1 82.587891   Top5 99.084473   LR 0.095677   QLR 0.000010   
2025-12-17 14:21:47,766 - INFO  - ===================================================================================================================
2025-12-17 14:21:57,287 - INFO  - Max Training [16][  340/  391]   Loss 0.492291   QE Loss 0.000000   Distribution Loss 0.000000   IDM Loss 0.000000   Top1 83.269761   Top5 99.188879   LR 0.095677   QLR 0.000010   
2025-12-17 14:21:57,287 - INFO  - Mixed 0 Training [16][  340/  391]   Loss 0.472188   QE Loss 0.000000   Distribution Loss -0.043968   IDM Loss 0.000000   Top1 82.412684   Top5 99.156710   LR 0.095677   QLR 0.000010   
2025-12-17 14:21:57,287 - INFO  - Mixed 1 Training [16][  340/  391]   Loss 0.477449   QE Loss 0.000000   Distribution Loss -0.040022   IDM Loss 0.000000   Top1 82.357537   Top5 99.101562   LR 0.095677   QLR 0.000010   
2025-12-17 14:21:57,287 - INFO  - Mixed 2 Training [16][  340/  391]   Loss 0.471191   QE Loss 0.000000   Distribution Loss -0.042075   IDM Loss 0.000000   Top1 82.522978   Top5 99.080882   LR 0.095677   QLR 0.000010   
2025-12-17 14:21:57,289 - INFO  - ===================================================================================================================
2025-12-17 14:22:06,629 - INFO  - Max Training [16][  360/  391]   Loss 0.491745   QE Loss 0.000000   Distribution Loss 0.000000   IDM Loss 0.000000   Top1 83.272569   Top5 99.179688   LR 0.095677   QLR 0.000010   
2025-12-17 14:22:06,630 - INFO  - Mixed 0 Training [16][  360/  391]   Loss 0.471198   QE Loss 0.000000   Distribution Loss -0.044076   IDM Loss 0.000000   Top1 82.441406   Top5 99.142795   LR 0.095677   QLR 0.000010   
2025-12-17 14:22:06,630 - INFO  - Mixed 1 Training [16][  360/  391]   Loss 0.476117   QE Loss 0.000000   Distribution Loss -0.040230   IDM Loss 0.000000   Top1 82.417535   Top5 99.092882   LR 0.095677   QLR 0.000010   
2025-12-17 14:22:06,630 - INFO  - Mixed 2 Training [16][  360/  391]   Loss 0.470562   QE Loss 0.000000   Distribution Loss -0.042298   IDM Loss 0.000000   Top1 82.547743   Top5 99.075521   LR 0.095677   QLR 0.000010   
2025-12-17 14:22:06,631 - INFO  - ===================================================================================================================
2025-12-17 14:22:16,040 - INFO  - Max Training [16][  380/  391]   Loss 0.490147   QE Loss 0.000000   Distribution Loss 0.000000   IDM Loss 0.000000   Top1 83.357319   Top5 99.189967   LR 0.095677   QLR 0.000010   
2025-12-17 14:22:16,040 - INFO  - Mixed 0 Training [16][  380/  391]   Loss 0.469904   QE Loss 0.000000   Distribution Loss -0.043903   IDM Loss 0.000000   Top1 82.493832   Top5 99.144737   LR 0.095677   QLR 0.000010   
2025-12-17 14:22:16,040 - INFO  - Mixed 1 Training [16][  380/  391]   Loss 0.474372   QE Loss 0.000000   Distribution Loss -0.040429   IDM Loss 0.000000   Top1 82.467105   Top5 99.093339   LR 0.095677   QLR 0.000010   
2025-12-17 14:22:16,040 - INFO  - Mixed 2 Training [16][  380/  391]   Loss 0.468810   QE Loss 0.000000   Distribution Loss -0.042273   IDM Loss 0.000000   Top1 82.623355   Top5 99.085115   LR 0.095677   QLR 0.000010   
2025-12-17 14:22:16,042 - INFO  - ===================================================================================================================
2025-12-17 14:22:20,758 - INFO  - ==> Max Top1: 83.341    Top5: 99.205    Loss: 0.490
2025-12-17 14:22:20,759 - INFO  - ==> Mixed 0 Top1: 82.470    Top5: 99.159    Loss: 0.470
2025-12-17 14:22:20,759 - INFO  - ==> Mixed 1 Top1: 82.472    Top5: 99.105    Loss: 0.474
2025-12-17 14:22:20,759 - INFO  - ==> Mixed 2 Top1: 82.614    Top5: 99.097    Loss: 0.468
2025-12-17 14:22:20,759 - INFO  - Epoch  16 Summary - Train Top1: 83.341%  Top5: 99.205%  Loss: 0.4900
2025-12-17 14:22:20,760 - INFO  -   ⏱️  本Epoch耗时: 3分5秒 | 平均Epoch耗时: 3分5秒 | 剩余Epoch数: 103
2025-12-17 14:22:20,760 - INFO  -   📅 预估剩余时间: 5小时18分56秒 | 预估完成时间: 2025-12-17 19:41:17
2025-12-17 14:22:20,760 - INFO  - Scoreboard best 1 ==> Epoch [16][Top1: 0.000   Top5: 0.000]
2025-12-17 14:22:20,761 - INFO  - Scoreboard best 2 ==> Epoch [15][Top1: 0.000   Top5: 0.000]
2025-12-17 14:22:20,761 - INFO  - Scoreboard best 3 ==> Epoch [14][Top1: 0.000   Top5: 0.000]
2025-12-17 14:22:21,559 - INFO  - ([16] Epoch) Saving checkpoint to:
             Current: /root/autodl-tmp/retraining-free-quantization/training/resnet18_cifar10_single_gpu_normal_srqat_ls0/resnet18_cifar10_single_gpu_normal_srqat_ls0_checkpoint.pth.tar

2025-12-17 14:22:21,563 - INFO  - >>>>>>>> Epoch  17
2025-12-17 14:22:21,563 - INFO  - Training: 50000 samples (128 per mini-batch)
2025-12-17 14:22:22,321 - INFO  - [Freezing] layer layer2.1.conv2, 0.06582316011190414, [6, 5, 4, 3, 2] -> [6, 5, 4, 3]
2025-12-17 14:22:22,321 - INFO  - [Freezing] layer layer2.0.conv2, 0.06372345983982086, [6, 5, 4, 3, 2] -> [6, 5, 4, 3]
2025-12-17 14:22:22,322 - INFO  - [Freezing] layer layer3.0.conv1, 0.06358610838651657, [6, 5, 4, 3, 2] -> [6, 5, 4, 3]
2025-12-17 14:22:22,322 - INFO  - [Freezing] layer layer1.1.conv1, 0.0634341612458229, [6, 5, 4, 3, 2] -> [6, 5, 4, 3]
2025-12-17 14:22:22,322 - INFO  - [Freezing] layer layer2.1.conv1, 0.06288163363933563, [6, 5, 4, 3, 2] -> [6, 5, 4, 3]
2025-12-17 14:22:22,322 - INFO  - [Freezing] layer layer1.0.conv1, 0.06225830316543579, [6, 5, 4, 3, 2] -> [6, 5, 4, 3]
2025-12-17 14:22:22,322 - INFO  - [Freezing] layer layer2.0.downsample.0, 0.06148071214556694, [6, 5, 4, 3, 2] -> [6, 5, 4, 3]
2025-12-17 14:22:22,323 - INFO  - [Freezing] layer layer1.1.conv2, 0.06127188354730606, [6, 5, 4, 3, 2] -> [6, 5, 4, 3]
2025-12-17 14:22:22,323 - INFO  - [Freezing] layer layer4.0.conv2, 0.05932321026921272, [6, 5, 4, 3] -> [6, 5, 4, 3]
2025-12-17 14:22:22,323 - INFO  - [Activating] layer layer4.1.conv2, 0.05895548313856125, [6, 5, 4, 3] -> (6, 5, 4, 3, 2)
2025-12-17 14:22:22,323 - INFO  - [Activating] layer layer3.1.conv2, 0.058428216725587845, [6, 5, 4, 3] -> (6, 5, 4, 3, 2)
2025-12-17 14:22:22,323 - INFO  - [Activating] layer layer2.0.conv1, 0.05824485421180725, [6, 5, 4, 3, 2] -> (6, 5, 4, 3, 2)
2025-12-17 14:22:22,323 - INFO  - [Activating] layer layer4.0.downsample.0, 0.05796413496136665, [6, 5, 4, 3] -> (6, 5, 4, 3, 2)
2025-12-17 14:22:22,323 - INFO  - [Activating] layer layer4.0.conv1, 0.05790837109088898, [6, 5, 4, 3] -> (6, 5, 4, 3, 2)
2025-12-17 14:22:22,324 - INFO  - [Activating] layer layer1.0.conv2, 0.05777353048324585, [6, 5, 4, 3, 2] -> (6, 5, 4, 3, 2)
2025-12-17 14:22:22,324 - INFO  - [Activating] layer layer3.0.conv2, 0.0575493685901165, [6, 5, 4, 3] -> (6, 5, 4, 3, 2)
2025-12-17 14:22:22,324 - INFO  - [Activating] layer layer3.1.conv1, 0.05739406496286392, [6, 5, 4, 3] -> (6, 5, 4, 3, 2)
2025-12-17 14:22:22,324 - INFO  - [Activating] layer layer3.0.downsample.0, 0.056756846606731415, [6, 5, 4, 3] -> (6, 5, 4, 3, 2)
2025-12-17 14:22:22,324 - INFO  - [Activating] layer layer4.1.conv1, 0.05596797913312912, [6, 5, 4, 3] -> (6, 5, 4, 3, 2)
2025-12-17 14:22:22,324 - INFO  - Current freezing ratio: 0.49265847744427305
2025-12-17 14:22:22,675 - INFO  - [FAT] Batch 0, Iter 0: FAT is DISABLED, using standard training
2025-12-17 14:22:32,215 - INFO  - Max Training [17][   20/  391]   Loss 0.431882   QE Loss 0.000000   Distribution Loss 0.000000   IDM Loss 0.000000   Top1 85.039062   Top5 99.453125   LR 0.095129   QLR 0.000010   
2025-12-17 14:22:32,216 - INFO  - Mixed 0 Training [17][   20/  391]   Loss 0.452027   QE Loss 0.000000   Distribution Loss -0.053047   IDM Loss 0.000000   Top1 82.773438   Top5 98.945312   LR 0.095129   QLR 0.000010   
2025-12-17 14:22:32,216 - INFO  - Mixed 1 Training [17][   20/  391]   Loss 0.437785   QE Loss 0.000000   Distribution Loss -0.069956   IDM Loss 0.000000   Top1 83.046875   Top5 98.867188   LR 0.095129   QLR 0.000010   
2025-12-17 14:22:32,216 - INFO  - Mixed 2 Training [17][   20/  391]   Loss 0.410451   QE Loss 0.000000   Distribution Loss -0.067883   IDM Loss 0.000000   Top1 83.750000   Top5 99.179688   LR 0.095129   QLR 0.000010   
2025-12-17 14:22:32,218 - INFO  - ===================================================================================================================
2025-12-17 14:22:41,717 - INFO  - Max Training [17][   40/  391]   Loss 0.446100   QE Loss 0.000000   Distribution Loss 0.000000   IDM Loss 0.000000   Top1 84.921875   Top5 99.355469   LR 0.095129   QLR 0.000010   
2025-12-17 14:22:41,718 - INFO  - Mixed 0 Training [17][   40/  391]   Loss 0.439041   QE Loss 0.000000   Distribution Loss -0.071105   IDM Loss 0.000000   Top1 82.714844   Top5 98.964844   LR 0.095129   QLR 0.000010   
2025-12-17 14:22:41,718 - INFO  - Mixed 1 Training [17][   40/  391]   Loss 0.439902   QE Loss 0.000000   Distribution Loss -0.074132   IDM Loss 0.000000   Top1 82.812500   Top5 98.828125   LR 0.095129   QLR 0.000010   
2025-12-17 14:22:41,718 - INFO  - Mixed 2 Training [17][   40/  391]   Loss 0.422569   QE Loss 0.000000   Distribution Loss -0.067026   IDM Loss 0.000000   Top1 83.593750   Top5 99.179688   LR 0.095129   QLR 0.000010   
2025-12-17 14:22:41,720 - INFO  - ===================================================================================================================
2025-12-17 14:22:51,212 - INFO  - Max Training [17][   60/  391]   Loss 0.448217   QE Loss 0.000000   Distribution Loss 0.000000   IDM Loss 0.000000   Top1 84.895833   Top5 99.388021   LR 0.095129   QLR 0.000010   
2025-12-17 14:22:51,213 - INFO  - Mixed 0 Training [17][   60/  391]   Loss 0.429236   QE Loss 0.000000   Distribution Loss -0.072247   IDM Loss 0.000000   Top1 83.020833   Top5 99.010417   LR 0.095129   QLR 0.000010   
2025-12-17 14:22:51,213 - INFO  - Mixed 1 Training [17][   60/  391]   Loss 0.429053   QE Loss 0.000000   Distribution Loss -0.075209   IDM Loss 0.000000   Top1 83.164062   Top5 98.945312   LR 0.095129   QLR 0.000010   
2025-12-17 14:22:51,213 - INFO  - Mixed 2 Training [17][   60/  391]   Loss 0.425728   QE Loss 0.000000   Distribution Loss -0.063459   IDM Loss 0.000000   Top1 83.489583   Top5 99.166667   LR 0.095129   QLR 0.000010   
2025-12-17 14:22:51,214 - INFO  - ===================================================================================================================
2025-12-17 14:23:00,864 - INFO  - Max Training [17][   80/  391]   Loss 0.451754   QE Loss 0.000000   Distribution Loss 0.000000   IDM Loss 0.000000   Top1 84.541016   Top5 99.433594   LR 0.095129   QLR 0.000010   
2025-12-17 14:23:00,864 - INFO  - Mixed 0 Training [17][   80/  391]   Loss 0.428322   QE Loss 0.000000   Distribution Loss -0.071182   IDM Loss 0.000000   Top1 83.066406   Top5 99.082031   LR 0.095129   QLR 0.000010   
2025-12-17 14:23:00,864 - INFO  - Mixed 1 Training [17][   80/  391]   Loss 0.428989   QE Loss 0.000000   Distribution Loss -0.073612   IDM Loss 0.000000   Top1 82.998047   Top5 98.964844   LR 0.095129   QLR 0.000010   
2025-12-17 14:23:00,865 - INFO  - Mixed 2 Training [17][   80/  391]   Loss 0.418769   QE Loss 0.000000   Distribution Loss -0.070560   IDM Loss 0.000000   Top1 83.466797   Top5 99.160156   LR 0.095129   QLR 0.000010   
2025-12-17 14:23:00,866 - INFO  - ===================================================================================================================
2025-12-17 14:23:10,473 - INFO  - Max Training [17][  100/  391]   Loss 0.453397   QE Loss 0.000000   Distribution Loss 0.000000   IDM Loss 0.000000   Top1 84.515625   Top5 99.375000   LR 0.095129   QLR 0.000010   
2025-12-17 14:23:10,473 - INFO  - Mixed 0 Training [17][  100/  391]   Loss 0.425370   QE Loss 0.000000   Distribution Loss -0.071638   IDM Loss 0.000000   Top1 83.078125   Top5 99.132812   LR 0.095129   QLR 0.000010   
2025-12-17 14:23:10,473 - INFO  - Mixed 1 Training [17][  100/  391]   Loss 0.429932   QE Loss 0.000000   Distribution Loss -0.069496   IDM Loss 0.000000   Top1 83.015625   Top5 99.031250   LR 0.095129   QLR 0.000010   
2025-12-17 14:23:10,473 - INFO  - Mixed 2 Training [17][  100/  391]   Loss 0.417792   QE Loss 0.000000   Distribution Loss -0.070016   IDM Loss 0.000000   Top1 83.445312   Top5 99.195312   LR 0.095129   QLR 0.000010   
2025-12-17 14:23:10,475 - INFO  - ===================================================================================================================
2025-12-17 14:23:19,983 - INFO  - Max Training [17][  120/  391]   Loss 0.453948   QE Loss 0.000000   Distribution Loss 0.000000   IDM Loss 0.000000   Top1 84.453125   Top5 99.342448   LR 0.095129   QLR 0.000010   
2025-12-17 14:23:19,983 - INFO  - Mixed 0 Training [17][  120/  391]   Loss 0.423397   QE Loss 0.000000   Distribution Loss -0.070214   IDM Loss 0.000000   Top1 83.248698   Top5 99.134115   LR 0.095129   QLR 0.000010   
2025-12-17 14:23:19,983 - INFO  - Mixed 1 Training [17][  120/  391]   Loss 0.427448   QE Loss 0.000000   Distribution Loss -0.069249   IDM Loss 0.000000   Top1 83.157552   Top5 99.023438   LR 0.095129   QLR 0.000010   
2025-12-17 14:23:19,984 - INFO  - Mixed 2 Training [17][  120/  391]   Loss 0.415193   QE Loss 0.000000   Distribution Loss -0.071576   IDM Loss 0.000000   Top1 83.580729   Top5 99.166667   LR 0.095129   QLR 0.000010   
2025-12-17 14:23:19,985 - INFO  - ===================================================================================================================
2025-12-17 14:23:29,541 - INFO  - Max Training [17][  140/  391]   Loss 0.456395   QE Loss 0.000000   Distribution Loss 0.000000   IDM Loss 0.000000   Top1 84.358259   Top5 99.369420   LR 0.095129   QLR 0.000010   
2025-12-17 14:23:29,542 - INFO  - Mixed 0 Training [17][  140/  391]   Loss 0.425520   QE Loss 0.000000   Distribution Loss -0.069342   IDM Loss 0.000000   Top1 83.186384   Top5 99.168527   LR 0.095129   QLR 0.000010   
2025-12-17 14:23:29,542 - INFO  - Mixed 1 Training [17][  140/  391]   Loss 0.428018   QE Loss 0.000000   Distribution Loss -0.070387   IDM Loss 0.000000   Top1 83.080357   Top5 99.068080   LR 0.095129   QLR 0.000010   
2025-12-17 14:23:29,542 - INFO  - Mixed 2 Training [17][  140/  391]   Loss 0.417708   QE Loss 0.000000   Distribution Loss -0.071961   IDM Loss 0.000000   Top1 83.498884   Top5 99.185268   LR 0.095129   QLR 0.000010   
2025-12-17 14:23:29,544 - INFO  - ===================================================================================================================
2025-12-17 14:23:39,003 - INFO  - Max Training [17][  160/  391]   Loss 0.455242   QE Loss 0.000000   Distribution Loss 0.000000   IDM Loss 0.000000   Top1 84.399414   Top5 99.370117   LR 0.095129   QLR 0.000010   
2025-12-17 14:23:39,004 - INFO  - Mixed 0 Training [17][  160/  391]   Loss 0.421770   QE Loss 0.000000   Distribution Loss -0.070830   IDM Loss 0.000000   Top1 83.266602   Top5 99.169922   LR 0.095129   QLR 0.000010   
2025-12-17 14:23:39,004 - INFO  - Mixed 1 Training [17][  160/  391]   Loss 0.425616   QE Loss 0.000000   Distribution Loss -0.069663   IDM Loss 0.000000   Top1 83.212891   Top5 99.121094   LR 0.095129   QLR 0.000010   
2025-12-17 14:23:39,004 - INFO  - Mixed 2 Training [17][  160/  391]   Loss 0.413517   QE Loss 0.000000   Distribution Loss -0.073919   IDM Loss 0.000000   Top1 83.608398   Top5 99.184570   LR 0.095129   QLR 0.000010   
2025-12-17 14:23:39,006 - INFO  - ===================================================================================================================
2025-12-17 14:23:48,584 - INFO  - Max Training [17][  180/  391]   Loss 0.456236   QE Loss 0.000000   Distribution Loss 0.000000   IDM Loss 0.000000   Top1 84.388021   Top5 99.357639   LR 0.095129   QLR 0.000010   
2025-12-17 14:23:48,585 - INFO  - Mixed 0 Training [17][  180/  391]   Loss 0.419035   QE Loss 0.000000   Distribution Loss -0.073522   IDM Loss 0.000000   Top1 83.255208   Top5 99.171007   LR 0.095129   QLR 0.000010   
2025-12-17 14:23:48,585 - INFO  - Mixed 1 Training [17][  180/  391]   Loss 0.424675   QE Loss 0.000000   Distribution Loss -0.069121   IDM Loss 0.000000   Top1 83.302951   Top5 99.123264   LR 0.095129   QLR 0.000010   
2025-12-17 14:23:48,585 - INFO  - Mixed 2 Training [17][  180/  391]   Loss 0.413072   QE Loss 0.000000   Distribution Loss -0.074959   IDM Loss 0.000000   Top1 83.572049   Top5 99.188368   LR 0.095129   QLR 0.000010   
2025-12-17 14:23:48,587 - INFO  - ===================================================================================================================
2025-12-17 14:23:58,061 - INFO  - Max Training [17][  200/  391]   Loss 0.456217   QE Loss 0.000000   Distribution Loss 0.000000   IDM Loss 0.000000   Top1 84.371094   Top5 99.363281   LR 0.095129   QLR 0.000010   
2025-12-17 14:23:58,061 - INFO  - Mixed 0 Training [17][  200/  391]   Loss 0.420423   QE Loss 0.000000   Distribution Loss -0.071676   IDM Loss 0.000000   Top1 83.214844   Top5 99.187500   LR 0.095129   QLR 0.000010   
2025-12-17 14:23:58,061 - INFO  - Mixed 1 Training [17][  200/  391]   Loss 0.423352   QE Loss 0.000000   Distribution Loss -0.068631   IDM Loss 0.000000   Top1 83.292969   Top5 99.144531   LR 0.095129   QLR 0.000010   
2025-12-17 14:23:58,061 - INFO  - Mixed 2 Training [17][  200/  391]   Loss 0.412936   QE Loss 0.000000   Distribution Loss -0.075040   IDM Loss 0.000000   Top1 83.492188   Top5 99.199219   LR 0.095129   QLR 0.000010   
2025-12-17 14:23:58,063 - INFO  - ===================================================================================================================
2025-12-17 14:24:07,587 - INFO  - Max Training [17][  220/  391]   Loss 0.453449   QE Loss 0.000000   Distribution Loss 0.000000   IDM Loss 0.000000   Top1 84.421165   Top5 99.367898   LR 0.095129   QLR 0.000010   
2025-12-17 14:24:07,587 - INFO  - Mixed 0 Training [17][  220/  391]   Loss 0.416627   QE Loss 0.000000   Distribution Loss -0.071447   IDM Loss 0.000000   Top1 83.316761   Top5 99.208097   LR 0.095129   QLR 0.000010   
2025-12-17 14:24:07,587 - INFO  - Mixed 1 Training [17][  220/  391]   Loss 0.418843   QE Loss 0.000000   Distribution Loss -0.068721   IDM Loss 0.000000   Top1 83.398438   Top5 99.161932   LR 0.095129   QLR 0.000010   
2025-12-17 14:24:07,588 - INFO  - Mixed 2 Training [17][  220/  391]   Loss 0.410625   QE Loss 0.000000   Distribution Loss -0.074001   IDM Loss 0.000000   Top1 83.565341   Top5 99.218750   LR 0.095129   QLR 0.000010   
2025-12-17 14:24:07,589 - INFO  - ===================================================================================================================
2025-12-17 14:24:17,155 - INFO  - Max Training [17][  240/  391]   Loss 0.455623   QE Loss 0.000000   Distribution Loss 0.000000   IDM Loss 0.000000   Top1 84.371745   Top5 99.365234   LR 0.095129   QLR 0.000010   
2025-12-17 14:24:17,155 - INFO  - Mixed 0 Training [17][  240/  391]   Loss 0.416818   QE Loss 0.000000   Distribution Loss -0.073141   IDM Loss 0.000000   Top1 83.287760   Top5 99.202474   LR 0.095129   QLR 0.000010   
2025-12-17 14:24:17,155 - INFO  - Mixed 1 Training [17][  240/  391]   Loss 0.419749   QE Loss 0.000000   Distribution Loss -0.069193   IDM Loss 0.000000   Top1 83.375651   Top5 99.160156   LR 0.095129   QLR 0.000010   
2025-12-17 14:24:17,155 - INFO  - Mixed 2 Training [17][  240/  391]   Loss 0.412232   QE Loss 0.000000   Distribution Loss -0.074355   IDM Loss 0.000000   Top1 83.538411   Top5 99.222005   LR 0.095129   QLR 0.000010   
2025-12-17 14:24:17,157 - INFO  - ===================================================================================================================
2025-12-17 14:24:26,577 - INFO  - Max Training [17][  260/  391]   Loss 0.453438   QE Loss 0.000000   Distribution Loss 0.000000   IDM Loss 0.000000   Top1 84.471154   Top5 99.378005   LR 0.095129   QLR 0.000010   
2025-12-17 14:24:26,578 - INFO  - Mixed 0 Training [17][  260/  391]   Loss 0.412429   QE Loss 0.000000   Distribution Loss -0.074542   IDM Loss 0.000000   Top1 83.449519   Top5 99.209736   LR 0.095129   QLR 0.000010   
2025-12-17 14:24:26,578 - INFO  - Mixed 1 Training [17][  260/  391]   Loss 0.416646   QE Loss 0.000000   Distribution Loss -0.068814   IDM Loss 0.000000   Top1 83.548678   Top5 99.179688   LR 0.095129   QLR 0.000010   
2025-12-17 14:24:26,578 - INFO  - Mixed 2 Training [17][  260/  391]   Loss 0.410193   QE Loss 0.000000   Distribution Loss -0.073629   IDM Loss 0.000000   Top1 83.638822   Top5 99.230769   LR 0.095129   QLR 0.000010   
2025-12-17 14:24:26,580 - INFO  - ===================================================================================================================
2025-12-17 14:24:36,081 - INFO  - Max Training [17][  280/  391]   Loss 0.456456   QE Loss 0.000000   Distribution Loss 0.000000   IDM Loss 0.000000   Top1 84.338728   Top5 99.347098   LR 0.095129   QLR 0.000010   
2025-12-17 14:24:36,082 - INFO  - Mixed 0 Training [17][  280/  391]   Loss 0.415167   QE Loss 0.000000   Distribution Loss -0.073867   IDM Loss 0.000000   Top1 83.376116   Top5 99.190848   LR 0.095129   QLR 0.000010   
2025-12-17 14:24:36,082 - INFO  - Mixed 1 Training [17][  280/  391]   Loss 0.418292   QE Loss 0.000000   Distribution Loss -0.069429   IDM Loss 0.000000   Top1 83.457031   Top5 99.148996   LR 0.095129   QLR 0.000010   
2025-12-17 14:24:36,082 - INFO  - Mixed 2 Training [17][  280/  391]   Loss 0.413736   QE Loss 0.000000   Distribution Loss -0.072346   IDM Loss 0.000000   Top1 83.549107   Top5 99.204799   LR 0.095129   QLR 0.000010   
2025-12-17 14:24:36,084 - INFO  - ===================================================================================================================
2025-12-17 14:24:45,574 - INFO  - Max Training [17][  300/  391]   Loss 0.455386   QE Loss 0.000000   Distribution Loss 0.000000   IDM Loss 0.000000   Top1 84.424479   Top5 99.356771   LR 0.095129   QLR 0.000010   
2025-12-17 14:24:45,574 - INFO  - Mixed 0 Training [17][  300/  391]   Loss 0.411268   QE Loss 0.000000   Distribution Loss -0.075569   IDM Loss 0.000000   Top1 83.476562   Top5 99.197917   LR 0.095129   QLR 0.000010   
2025-12-17 14:24:45,575 - INFO  - Mixed 1 Training [17][  300/  391]   Loss 0.415768   QE Loss 0.000000   Distribution Loss -0.069494   IDM Loss 0.000000   Top1 83.513021   Top5 99.161458   LR 0.095129   QLR 0.000010   
2025-12-17 14:24:45,575 - INFO  - Mixed 2 Training [17][  300/  391]   Loss 0.412517   QE Loss 0.000000   Distribution Loss -0.071259   IDM Loss 0.000000   Top1 83.664062   Top5 99.218750   LR 0.095129   QLR 0.000010   
2025-12-17 14:24:45,576 - INFO  - ===================================================================================================================
2025-12-17 14:24:55,243 - INFO  - Max Training [17][  320/  391]   Loss 0.453085   QE Loss 0.000000   Distribution Loss 0.000000   IDM Loss 0.000000   Top1 84.514160   Top5 99.357910   LR 0.095129   QLR 0.000010   
2025-12-17 14:24:55,243 - INFO  - Mixed 0 Training [17][  320/  391]   Loss 0.407963   QE Loss 0.000000   Distribution Loss -0.075784   IDM Loss 0.000000   Top1 83.557129   Top5 99.221191   LR 0.095129   QLR 0.000010   
2025-12-17 14:24:55,243 - INFO  - Mixed 1 Training [17][  320/  391]   Loss 0.413409   QE Loss 0.000000   Distribution Loss -0.069050   IDM Loss 0.000000   Top1 83.627930   Top5 99.169922   LR 0.095129   QLR 0.000010   
2025-12-17 14:24:55,243 - INFO  - Mixed 2 Training [17][  320/  391]   Loss 0.409263   QE Loss 0.000000   Distribution Loss -0.072239   IDM Loss 0.000000   Top1 83.779297   Top5 99.228516   LR 0.095129   QLR 0.000010   
2025-12-17 14:24:55,245 - INFO  - ===================================================================================================================
2025-12-17 14:25:04,823 - INFO  - Max Training [17][  340/  391]   Loss 0.452923   QE Loss 0.000000   Distribution Loss 0.000000   IDM Loss 0.000000   Top1 84.524357   Top5 99.361213   LR 0.095129   QLR 0.000010   
2025-12-17 14:25:04,823 - INFO  - Mixed 0 Training [17][  340/  391]   Loss 0.407913   QE Loss 0.000000   Distribution Loss -0.075378   IDM Loss 0.000000   Top1 83.602941   Top5 99.225643   LR 0.095129   QLR 0.000010   
2025-12-17 14:25:04,824 - INFO  - Mixed 1 Training [17][  340/  391]   Loss 0.413807   QE Loss 0.000000   Distribution Loss -0.067925   IDM Loss 0.000000   Top1 83.674173   Top5 99.172794   LR 0.095129   QLR 0.000010   
2025-12-17 14:25:04,824 - INFO  - Mixed 2 Training [17][  340/  391]   Loss 0.409000   QE Loss 0.000000   Distribution Loss -0.072074   IDM Loss 0.000000   Top1 83.812040   Top5 99.221048   LR 0.095129   QLR 0.000010   
2025-12-17 14:25:04,826 - INFO  - ===================================================================================================================
2025-12-17 14:25:14,510 - INFO  - Max Training [17][  360/  391]   Loss 0.451870   QE Loss 0.000000   Distribution Loss 0.000000   IDM Loss 0.000000   Top1 84.533420   Top5 99.364149   LR 0.095129   QLR 0.000010   
2025-12-17 14:25:14,511 - INFO  - Mixed 0 Training [17][  360/  391]   Loss 0.405857   QE Loss 0.000000   Distribution Loss -0.075774   IDM Loss 0.000000   Top1 83.639323   Top5 99.227431   LR 0.095129   QLR 0.000010   
2025-12-17 14:25:14,511 - INFO  - Mixed 1 Training [17][  360/  391]   Loss 0.412271   QE Loss 0.000000   Distribution Loss -0.068085   IDM Loss 0.000000   Top1 83.721788   Top5 99.177517   LR 0.095129   QLR 0.000010   
2025-12-17 14:25:14,511 - INFO  - Mixed 2 Training [17][  360/  391]   Loss 0.408448   QE Loss 0.000000   Distribution Loss -0.071537   IDM Loss 0.000000   Top1 83.847656   Top5 99.214410   LR 0.095129   QLR 0.000010   
2025-12-17 14:25:14,513 - INFO  - ===================================================================================================================
2025-12-17 14:25:23,921 - INFO  - Max Training [17][  380/  391]   Loss 0.450641   QE Loss 0.000000   Distribution Loss 0.000000   IDM Loss 0.000000   Top1 84.568257   Top5 99.358553   LR 0.095129   QLR 0.000010   
2025-12-17 14:25:23,922 - INFO  - Mixed 0 Training [17][  380/  391]   Loss 0.405814   QE Loss 0.000000   Distribution Loss -0.074430   IDM Loss 0.000000   Top1 83.688322   Top5 99.229030   LR 0.095129   QLR 0.000010   
2025-12-17 14:25:23,922 - INFO  - Mixed 1 Training [17][  380/  391]   Loss 0.410738   QE Loss 0.000000   Distribution Loss -0.068191   IDM Loss 0.000000   Top1 83.760280   Top5 99.183799   LR 0.095129   QLR 0.000010   
2025-12-17 14:25:23,922 - INFO  - Mixed 2 Training [17][  380/  391]   Loss 0.407482   QE Loss 0.000000   Distribution Loss -0.071430   IDM Loss 0.000000   Top1 83.836349   Top5 99.214638   LR 0.095129   QLR 0.000010   
2025-12-17 14:25:23,924 - INFO  - ===================================================================================================================
2025-12-17 14:25:28,815 - INFO  - ==> Max Top1: 84.557    Top5: 99.363    Loss: 0.451
2025-12-17 14:25:28,816 - INFO  - ==> Mixed 0 Top1: 83.666    Top5: 99.235    Loss: 0.406
2025-12-17 14:25:28,816 - INFO  - ==> Mixed 1 Top1: 83.738    Top5: 99.189    Loss: 0.412
2025-12-17 14:25:28,816 - INFO  - ==> Mixed 2 Top1: 83.798    Top5: 99.215    Loss: 0.409
2025-12-17 14:25:28,817 - INFO  - Epoch  17 Summary - Train Top1: 84.557%  Top5: 99.363%  Loss: 0.4514
2025-12-17 14:25:28,817 - INFO  -   ⏱️  本Epoch耗时: 3分7秒 | 平均Epoch耗时: 3分6秒 | 剩余Epoch数: 102
2025-12-17 14:25:28,817 - INFO  -   📅 预估剩余时间: 5小时16分40秒 | 预估完成时间: 2025-12-17 19:42:09
2025-12-17 14:25:28,817 - INFO  - Scoreboard best 1 ==> Epoch [17][Top1: 0.000   Top5: 0.000]
2025-12-17 14:25:28,818 - INFO  - Scoreboard best 2 ==> Epoch [16][Top1: 0.000   Top5: 0.000]
2025-12-17 14:25:28,818 - INFO  - Scoreboard best 3 ==> Epoch [15][Top1: 0.000   Top5: 0.000]
2025-12-17 14:25:29,574 - INFO  - ([17] Epoch) Saving checkpoint to:
             Current: /root/autodl-tmp/retraining-free-quantization/training/resnet18_cifar10_single_gpu_normal_srqat_ls0/resnet18_cifar10_single_gpu_normal_srqat_ls0_checkpoint.pth.tar

2025-12-17 14:25:29,577 - INFO  - >>>>>>>> Epoch  18
2025-12-17 14:25:29,577 - INFO  - Training: 50000 samples (128 per mini-batch)
2025-12-17 14:25:29,934 - INFO  - [FAT] Batch 0, Iter 0: FAT is DISABLED, using standard training
2025-12-17 14:25:39,290 - INFO  - Max Training [18][   20/  391]   Loss 0.377579   QE Loss 0.000000   Distribution Loss 0.000000   IDM Loss 0.000000   Top1 86.015625   Top5 99.648438   LR 0.094550   QLR 0.000009   
2025-12-17 14:25:39,290 - INFO  - Mixed 0 Training [18][   20/  391]   Loss 0.317286   QE Loss 0.000000   Distribution Loss -0.088313   IDM Loss 0.000000   Top1 85.351562   Top5 99.648438   LR 0.094550   QLR 0.000009   
2025-12-17 14:25:39,290 - INFO  - Mixed 1 Training [18][   20/  391]   Loss 0.323201   QE Loss 0.000000   Distribution Loss -0.081831   IDM Loss 0.000000   Top1 85.117188   Top5 99.648438   LR 0.094550   QLR 0.000009   
2025-12-17 14:25:39,290 - INFO  - Mixed 2 Training [18][   20/  391]   Loss 0.338346   QE Loss 0.000000   Distribution Loss -0.062522   IDM Loss 0.000000   Top1 85.585938   Top5 99.804688   LR 0.094550   QLR 0.000009   
2025-12-17 14:25:39,292 - INFO  - ===================================================================================================================
2025-12-17 14:25:48,825 - INFO  - Max Training [18][   40/  391]   Loss 0.384787   QE Loss 0.000000   Distribution Loss 0.000000   IDM Loss 0.000000   Top1 86.347656   Top5 99.687500   LR 0.094550   QLR 0.000009   
2025-12-17 14:25:48,825 - INFO  - Mixed 0 Training [18][   40/  391]   Loss 0.330821   QE Loss 0.000000   Distribution Loss -0.080370   IDM Loss 0.000000   Top1 85.429688   Top5 99.687500   LR 0.094550   QLR 0.000009   
2025-12-17 14:25:48,826 - INFO  - Mixed 1 Training [18][   40/  391]   Loss 0.341103   QE Loss 0.000000   Distribution Loss -0.069136   IDM Loss 0.000000   Top1 85.332031   Top5 99.707031   LR 0.094550   QLR 0.000009   
2025-12-17 14:25:48,826 - INFO  - Mixed 2 Training [18][   40/  391]   Loss 0.337045   QE Loss 0.000000   Distribution Loss -0.070357   IDM Loss 0.000000   Top1 85.566406   Top5 99.746094   LR 0.094550   QLR 0.000009   
2025-12-17 14:25:48,827 - INFO  - ===================================================================================================================
2025-12-17 14:25:58,437 - INFO  - Max Training [18][   60/  391]   Loss 0.401281   QE Loss 0.000000   Distribution Loss 0.000000   IDM Loss 0.000000   Top1 85.898438   Top5 99.570312   LR 0.094550   QLR 0.000009   
2025-12-17 14:25:58,437 - INFO  - Mixed 0 Training [18][   60/  391]   Loss 0.351219   QE Loss 0.000000   Distribution Loss -0.074218   IDM Loss 0.000000   Top1 85.026042   Top5 99.583333   LR 0.094550   QLR 0.000009   
2025-12-17 14:25:58,437 - INFO  - Mixed 1 Training [18][   60/  391]   Loss 0.356572   QE Loss 0.000000   Distribution Loss -0.070720   IDM Loss 0.000000   Top1 85.000000   Top5 99.531250   LR 0.094550   QLR 0.000009   
2025-12-17 14:25:58,437 - INFO  - Mixed 2 Training [18][   60/  391]   Loss 0.350084   QE Loss 0.000000   Distribution Loss -0.072579   IDM Loss 0.000000   Top1 85.052083   Top5 99.518229   LR 0.094550   QLR 0.000009   
2025-12-17 14:25:58,439 - INFO  - ===================================================================================================================
2025-12-17 14:26:07,959 - INFO  - Max Training [18][   80/  391]   Loss 0.403564   QE Loss 0.000000   Distribution Loss 0.000000   IDM Loss 0.000000   Top1 85.800781   Top5 99.570312   LR 0.094550   QLR 0.000009   
2025-12-17 14:26:07,960 - INFO  - Mixed 0 Training [18][   80/  391]   Loss 0.355377   QE Loss 0.000000   Distribution Loss -0.071240   IDM Loss 0.000000   Top1 85.068359   Top5 99.560547   LR 0.094550   QLR 0.000009   
2025-12-17 14:26:07,960 - INFO  - Mixed 1 Training [18][   80/  391]   Loss 0.359613   QE Loss 0.000000   Distribution Loss -0.069444   IDM Loss 0.000000   Top1 84.960938   Top5 99.501953   LR 0.094550   QLR 0.000009   
2025-12-17 14:26:07,960 - INFO  - Mixed 2 Training [18][   80/  391]   Loss 0.348274   QE Loss 0.000000   Distribution Loss -0.076200   IDM Loss 0.000000   Top1 85.019531   Top5 99.482422   LR 0.094550   QLR 0.000009   
2025-12-17 14:26:07,963 - INFO  - ===================================================================================================================
2025-12-17 14:26:17,606 - INFO  - Max Training [18][  100/  391]   Loss 0.406262   QE Loss 0.000000   Distribution Loss 0.000000   IDM Loss 0.000000   Top1 85.859375   Top5 99.515625   LR 0.094550   QLR 0.000009   
2025-12-17 14:26:17,607 - INFO  - Mixed 0 Training [18][  100/  391]   Loss 0.356855   QE Loss 0.000000   Distribution Loss -0.073135   IDM Loss 0.000000   Top1 85.078125   Top5 99.531250   LR 0.094550   QLR 0.000009   
2025-12-17 14:26:17,607 - INFO  - Mixed 1 Training [18][  100/  391]   Loss 0.360857   QE Loss 0.000000   Distribution Loss -0.070587   IDM Loss 0.000000   Top1 85.070312   Top5 99.453125   LR 0.094550   QLR 0.000009   
2025-12-17 14:26:17,607 - INFO  - Mixed 2 Training [18][  100/  391]   Loss 0.353078   QE Loss 0.000000   Distribution Loss -0.074374   IDM Loss 0.000000   Top1 85.062500   Top5 99.429688   LR 0.094550   QLR 0.000009   
2025-12-17 14:26:17,609 - INFO  - ===================================================================================================================
2025-12-17 14:26:27,137 - INFO  - Max Training [18][  120/  391]   Loss 0.410319   QE Loss 0.000000   Distribution Loss 0.000000   IDM Loss 0.000000   Top1 85.794271   Top5 99.498698   LR 0.094550   QLR 0.000009   
2025-12-17 14:26:27,138 - INFO  - Mixed 0 Training [18][  120/  391]   Loss 0.361770   QE Loss 0.000000   Distribution Loss -0.073100   IDM Loss 0.000000   Top1 85.039062   Top5 99.459635   LR 0.094550   QLR 0.000009   
2025-12-17 14:26:27,138 - INFO  - Mixed 1 Training [18][  120/  391]   Loss 0.367646   QE Loss 0.000000   Distribution Loss -0.068254   IDM Loss 0.000000   Top1 84.921875   Top5 99.407552   LR 0.094550   QLR 0.000009   
2025-12-17 14:26:27,138 - INFO  - Mixed 2 Training [18][  120/  391]   Loss 0.357010   QE Loss 0.000000   Distribution Loss -0.075330   IDM Loss 0.000000   Top1 84.928385   Top5 99.388021   LR 0.094550   QLR 0.000009   
2025-12-17 14:26:27,140 - INFO  - ===================================================================================================================
2025-12-17 14:26:36,674 - INFO  - Max Training [18][  140/  391]   Loss 0.411811   QE Loss 0.000000   Distribution Loss 0.000000   IDM Loss 0.000000   Top1 85.731027   Top5 99.475446   LR 0.094550   QLR 0.000009   
2025-12-17 14:26:36,675 - INFO  - Mixed 0 Training [18][  140/  391]   Loss 0.361819   QE Loss 0.000000   Distribution Loss -0.074226   IDM Loss 0.000000   Top1 85.078125   Top5 99.436384   LR 0.094550   QLR 0.000009   
2025-12-17 14:26:36,675 - INFO  - Mixed 1 Training [18][  140/  391]   Loss 0.370266   QE Loss 0.000000   Distribution Loss -0.067636   IDM Loss 0.000000   Top1 84.994420   Top5 99.375000   LR 0.094550   QLR 0.000009   
2025-12-17 14:26:36,675 - INFO  - Mixed 2 Training [18][  140/  391]   Loss 0.359075   QE Loss 0.000000   Distribution Loss -0.075675   IDM Loss 0.000000   Top1 84.960938   Top5 99.352679   LR 0.094550   QLR 0.000009   
2025-12-17 14:26:36,676 - INFO  - ===================================================================================================================
2025-12-17 14:26:46,099 - INFO  - Max Training [18][  160/  391]   Loss 0.412054   QE Loss 0.000000   Distribution Loss 0.000000   IDM Loss 0.000000   Top1 85.810547   Top5 99.467773   LR 0.094550   QLR 0.000009   
2025-12-17 14:26:46,100 - INFO  - Mixed 0 Training [18][  160/  391]   Loss 0.361139   QE Loss 0.000000   Distribution Loss -0.075256   IDM Loss 0.000000   Top1 85.102539   Top5 99.414062   LR 0.094550   QLR 0.000009   
2025-12-17 14:26:46,100 - INFO  - Mixed 1 Training [18][  160/  391]   Loss 0.369066   QE Loss 0.000000   Distribution Loss -0.069121   IDM Loss 0.000000   Top1 84.960938   Top5 99.370117   LR 0.094550   QLR 0.000009   
2025-12-17 14:26:46,100 - INFO  - Mixed 2 Training [18][  160/  391]   Loss 0.361057   QE Loss 0.000000   Distribution Loss -0.073783   IDM Loss 0.000000   Top1 84.960938   Top5 99.340820   LR 0.094550   QLR 0.000009   
2025-12-17 14:26:46,102 - INFO  - ===================================================================================================================
2025-12-17 14:26:55,693 - INFO  - Max Training [18][  180/  391]   Loss 0.412280   QE Loss 0.000000   Distribution Loss 0.000000   IDM Loss 0.000000   Top1 85.820312   Top5 99.500868   LR 0.094550   QLR 0.000009   
2025-12-17 14:26:55,694 - INFO  - Mixed 0 Training [18][  180/  391]   Loss 0.360730   QE Loss 0.000000   Distribution Loss -0.075389   IDM Loss 0.000000   Top1 85.160590   Top5 99.444444   LR 0.094550   QLR 0.000009   
2025-12-17 14:26:55,694 - INFO  - Mixed 1 Training [18][  180/  391]   Loss 0.370232   QE Loss 0.000000   Distribution Loss -0.068452   IDM Loss 0.000000   Top1 84.978299   Top5 99.392361   LR 0.094550   QLR 0.000009   
2025-12-17 14:26:55,694 - INFO  - Mixed 2 Training [18][  180/  391]   Loss 0.360113   QE Loss 0.000000   Distribution Loss -0.075245   IDM Loss 0.000000   Top1 84.978299   Top5 99.370660   LR 0.094550   QLR 0.000009   
2025-12-17 14:26:55,696 - INFO  - ===================================================================================================================
2025-12-17 14:27:05,289 - INFO  - Max Training [18][  200/  391]   Loss 0.413399   QE Loss 0.000000   Distribution Loss 0.000000   IDM Loss 0.000000   Top1 85.753906   Top5 99.488281   LR 0.094550   QLR 0.000009   
2025-12-17 14:27:05,290 - INFO  - Mixed 0 Training [18][  200/  391]   Loss 0.361127   QE Loss 0.000000   Distribution Loss -0.075112   IDM Loss 0.000000   Top1 85.109375   Top5 99.433594   LR 0.094550   QLR 0.000009   
2025-12-17 14:27:05,290 - INFO  - Mixed 1 Training [18][  200/  391]   Loss 0.369824   QE Loss 0.000000   Distribution Loss -0.068850   IDM Loss 0.000000   Top1 84.960938   Top5 99.386719   LR 0.094550   QLR 0.000009   
2025-12-17 14:27:05,290 - INFO  - Mixed 2 Training [18][  200/  391]   Loss 0.359680   QE Loss 0.000000   Distribution Loss -0.075263   IDM Loss 0.000000   Top1 84.996094   Top5 99.363281   LR 0.094550   QLR 0.000009   
2025-12-17 14:27:05,291 - INFO  - ===================================================================================================================
2025-12-17 14:27:14,731 - INFO  - Max Training [18][  220/  391]   Loss 0.415602   QE Loss 0.000000   Distribution Loss 0.000000   IDM Loss 0.000000   Top1 85.621449   Top5 99.485085   LR 0.094550   QLR 0.000009   
2025-12-17 14:27:14,732 - INFO  - Mixed 0 Training [18][  220/  391]   Loss 0.363680   QE Loss 0.000000   Distribution Loss -0.074639   IDM Loss 0.000000   Top1 85.081676   Top5 99.424716   LR 0.094550   QLR 0.000009   
2025-12-17 14:27:14,732 - INFO  - Mixed 1 Training [18][  220/  391]   Loss 0.371592   QE Loss 0.000000   Distribution Loss -0.069139   IDM Loss 0.000000   Top1 84.875710   Top5 99.385653   LR 0.094550   QLR 0.000009   
2025-12-17 14:27:14,732 - INFO  - Mixed 2 Training [18][  220/  391]   Loss 0.363208   QE Loss 0.000000   Distribution Loss -0.074210   IDM Loss 0.000000   Top1 84.914773   Top5 99.360795   LR 0.094550   QLR 0.000009   
2025-12-17 14:27:14,734 - INFO  - ===================================================================================================================
2025-12-17 14:27:24,623 - INFO  - Max Training [18][  240/  391]   Loss 0.417472   QE Loss 0.000000   Distribution Loss 0.000000   IDM Loss 0.000000   Top1 85.589193   Top5 99.469401   LR 0.094550   QLR 0.000009   
2025-12-17 14:27:24,623 - INFO  - Mixed 0 Training [18][  240/  391]   Loss 0.366500   QE Loss 0.000000   Distribution Loss -0.074734   IDM Loss 0.000000   Top1 84.977214   Top5 99.381510   LR 0.094550   QLR 0.000009   
2025-12-17 14:27:24,624 - INFO  - Mixed 1 Training [18][  240/  391]   Loss 0.374239   QE Loss 0.000000   Distribution Loss -0.068607   IDM Loss 0.000000   Top1 84.775391   Top5 99.361979   LR 0.094550   QLR 0.000009   
2025-12-17 14:27:24,624 - INFO  - Mixed 2 Training [18][  240/  391]   Loss 0.364071   QE Loss 0.000000   Distribution Loss -0.075428   IDM Loss 0.000000   Top1 84.908854   Top5 99.332682   LR 0.094550   QLR 0.000009   
2025-12-17 14:27:24,626 - INFO  - ===================================================================================================================
2025-12-17 14:27:33,842 - INFO  - Max Training [18][  260/  391]   Loss 0.415845   QE Loss 0.000000   Distribution Loss 0.000000   IDM Loss 0.000000   Top1 85.600962   Top5 99.477163   LR 0.094550   QLR 0.000009   
2025-12-17 14:27:33,843 - INFO  - Mixed 0 Training [18][  260/  391]   Loss 0.366529   QE Loss 0.000000   Distribution Loss -0.073558   IDM Loss 0.000000   Top1 85.009014   Top5 99.393029   LR 0.094550   QLR 0.000009   
2025-12-17 14:27:33,843 - INFO  - Mixed 1 Training [18][  260/  391]   Loss 0.371408   QE Loss 0.000000   Distribution Loss -0.070341   IDM Loss 0.000000   Top1 84.726562   Top5 99.362981   LR 0.094550   QLR 0.000009   
2025-12-17 14:27:33,843 - INFO  - Mixed 2 Training [18][  260/  391]   Loss 0.362978   QE Loss 0.000000   Distribution Loss -0.075841   IDM Loss 0.000000   Top1 84.912861   Top5 99.338942   LR 0.094550   QLR 0.000009   
2025-12-17 14:27:33,845 - INFO  - ===================================================================================================================
2025-12-17 14:27:43,424 - INFO  - Max Training [18][  280/  391]   Loss 0.415200   QE Loss 0.000000   Distribution Loss 0.000000   IDM Loss 0.000000   Top1 85.622210   Top5 99.472656   LR 0.094550   QLR 0.000009   
2025-12-17 14:27:43,425 - INFO  - Mixed 0 Training [18][  280/  391]   Loss 0.365123   QE Loss 0.000000   Distribution Loss -0.073203   IDM Loss 0.000000   Top1 85.055804   Top5 99.397321   LR 0.094550   QLR 0.000009   
2025-12-17 14:27:43,425 - INFO  - Mixed 1 Training [18][  280/  391]   Loss 0.370901   QE Loss 0.000000   Distribution Loss -0.069614   IDM Loss 0.000000   Top1 84.762835   Top5 99.366629   LR 0.094550   QLR 0.000009   
2025-12-17 14:27:43,425 - INFO  - Mixed 2 Training [18][  280/  391]   Loss 0.363399   QE Loss 0.000000   Distribution Loss -0.074406   IDM Loss 0.000000   Top1 84.955357   Top5 99.344308   LR 0.094550   QLR 0.000009   
2025-12-17 14:27:43,427 - INFO  - ===================================================================================================================
2025-12-17 14:27:52,922 - INFO  - Max Training [18][  300/  391]   Loss 0.415273   QE Loss 0.000000   Distribution Loss 0.000000   IDM Loss 0.000000   Top1 85.651042   Top5 99.479167   LR 0.094550   QLR 0.000009   
2025-12-17 14:27:52,923 - INFO  - Mixed 0 Training [18][  300/  391]   Loss 0.366481   QE Loss 0.000000   Distribution Loss -0.072165   IDM Loss 0.000000   Top1 85.104167   Top5 99.419271   LR 0.094550   QLR 0.000009   
2025-12-17 14:27:52,923 - INFO  - Mixed 1 Training [18][  300/  391]   Loss 0.371006   QE Loss 0.000000   Distribution Loss -0.069747   IDM Loss 0.000000   Top1 84.755208   Top5 99.372396   LR 0.094550   QLR 0.000009   
2025-12-17 14:27:52,923 - INFO  - Mixed 2 Training [18][  300/  391]   Loss 0.363813   QE Loss 0.000000   Distribution Loss -0.074452   IDM Loss 0.000000   Top1 84.979167   Top5 99.343750   LR 0.094550   QLR 0.000009   
2025-12-17 14:27:52,924 - INFO  - ===================================================================================================================
2025-12-17 14:28:02,475 - INFO  - Max Training [18][  320/  391]   Loss 0.414928   QE Loss 0.000000   Distribution Loss 0.000000   IDM Loss 0.000000   Top1 85.690918   Top5 99.477539   LR 0.094550   QLR 0.000009   
2025-12-17 14:28:02,476 - INFO  - Mixed 0 Training [18][  320/  391]   Loss 0.365957   QE Loss 0.000000   Distribution Loss -0.072310   IDM Loss 0.000000   Top1 85.119629   Top5 99.418945   LR 0.094550   QLR 0.000009   
2025-12-17 14:28:02,476 - INFO  - Mixed 1 Training [18][  320/  391]   Loss 0.369900   QE Loss 0.000000   Distribution Loss -0.070711   IDM Loss 0.000000   Top1 84.794922   Top5 99.360352   LR 0.094550   QLR 0.000009   
2025-12-17 14:28:02,476 - INFO  - Mixed 2 Training [18][  320/  391]   Loss 0.363151   QE Loss 0.000000   Distribution Loss -0.074630   IDM Loss 0.000000   Top1 85.009766   Top5 99.343262   LR 0.094550   QLR 0.000009   
2025-12-17 14:28:02,478 - INFO  - ===================================================================================================================
2025-12-17 14:28:11,866 - INFO  - Max Training [18][  340/  391]   Loss 0.416296   QE Loss 0.000000   Distribution Loss 0.000000   IDM Loss 0.000000   Top1 85.620404   Top5 99.466912   LR 0.094550   QLR 0.000009   
2025-12-17 14:28:11,867 - INFO  - Mixed 0 Training [18][  340/  391]   Loss 0.367481   QE Loss 0.000000   Distribution Loss -0.072097   IDM Loss 0.000000   Top1 85.073529   Top5 99.416360   LR 0.094550   QLR 0.000009   
2025-12-17 14:28:11,867 - INFO  - Mixed 1 Training [18][  340/  391]   Loss 0.371847   QE Loss 0.000000   Distribution Loss -0.070044   IDM Loss 0.000000   Top1 84.749540   Top5 99.354320   LR 0.094550   QLR 0.000009   
2025-12-17 14:28:11,867 - INFO  - Mixed 2 Training [18][  340/  391]   Loss 0.364301   QE Loss 0.000000   Distribution Loss -0.074785   IDM Loss 0.000000   Top1 84.947151   Top5 99.349724   LR 0.094550   QLR 0.000009   
2025-12-17 14:28:11,869 - INFO  - ===================================================================================================================
2025-12-17 14:28:21,317 - INFO  - Max Training [18][  360/  391]   Loss 0.417845   QE Loss 0.000000   Distribution Loss 0.000000   IDM Loss 0.000000   Top1 85.557726   Top5 99.461806   LR 0.094550   QLR 0.000009   
2025-12-17 14:28:21,317 - INFO  - Mixed 0 Training [18][  360/  391]   Loss 0.369289   QE Loss 0.000000   Distribution Loss -0.071856   IDM Loss 0.000000   Top1 85.023872   Top5 99.416233   LR 0.094550   QLR 0.000009   
2025-12-17 14:28:21,317 - INFO  - Mixed 1 Training [18][  360/  391]   Loss 0.373454   QE Loss 0.000000   Distribution Loss -0.069895   IDM Loss 0.000000   Top1 84.711372   Top5 99.357639   LR 0.094550   QLR 0.000009   
2025-12-17 14:28:21,318 - INFO  - Mixed 2 Training [18][  360/  391]   Loss 0.365604   QE Loss 0.000000   Distribution Loss -0.074824   IDM Loss 0.000000   Top1 84.876302   Top5 99.346788   LR 0.094550   QLR 0.000009   
2025-12-17 14:28:21,319 - INFO  - ===================================================================================================================
2025-12-17 14:28:30,738 - INFO  - Max Training [18][  380/  391]   Loss 0.418194   QE Loss 0.000000   Distribution Loss 0.000000   IDM Loss 0.000000   Top1 85.546875   Top5 99.449013   LR 0.094550   QLR 0.000009   
2025-12-17 14:28:30,738 - INFO  - Mixed 0 Training [18][  380/  391]   Loss 0.370633   QE Loss 0.000000   Distribution Loss -0.071213   IDM Loss 0.000000   Top1 84.967105   Top5 99.397615   LR 0.094550   QLR 0.000009   
2025-12-17 14:28:30,738 - INFO  - Mixed 1 Training [18][  380/  391]   Loss 0.373801   QE Loss 0.000000   Distribution Loss -0.069871   IDM Loss 0.000000   Top1 84.697780   Top5 99.346217   LR 0.094550   QLR 0.000009   
2025-12-17 14:28:30,738 - INFO  - Mixed 2 Training [18][  380/  391]   Loss 0.366101   QE Loss 0.000000   Distribution Loss -0.075489   IDM Loss 0.000000   Top1 84.860197   Top5 99.327714   LR 0.094550   QLR 0.000009   
2025-12-17 14:28:30,740 - INFO  - ===================================================================================================================
2025-12-17 14:28:35,486 - INFO  - ==> Max Top1: 85.525    Top5: 99.445    Loss: 0.419
2025-12-17 14:28:35,486 - INFO  - ==> Mixed 0 Top1: 84.932    Top5: 99.387    Loss: 0.370
2025-12-17 14:28:35,487 - INFO  - ==> Mixed 1 Top1: 84.679    Top5: 99.339    Loss: 0.374
2025-12-17 14:28:35,487 - INFO  - ==> Mixed 2 Top1: 84.860    Top5: 99.325    Loss: 0.366
2025-12-17 14:28:35,487 - INFO  - Epoch  18 Summary - Train Top1: 85.525%  Top5: 99.445%  Loss: 0.4188
2025-12-17 14:28:35,487 - INFO  -   ⏱️  本Epoch耗时: 3分5秒 | 平均Epoch耗时: 3分6秒 | 剩余Epoch数: 101
2025-12-17 14:28:35,487 - INFO  -   📅 预估剩余时间: 5小时13分28秒 | 预估完成时间: 2025-12-17 19:42:03
2025-12-17 14:28:35,488 - INFO  - Scoreboard best 1 ==> Epoch [18][Top1: 0.000   Top5: 0.000]
2025-12-17 14:28:35,488 - INFO  - Scoreboard best 2 ==> Epoch [17][Top1: 0.000   Top5: 0.000]
2025-12-17 14:28:35,489 - INFO  - Scoreboard best 3 ==> Epoch [16][Top1: 0.000   Top5: 0.000]
2025-12-17 14:28:36,166 - INFO  - ([18] Epoch) Saving checkpoint to:
             Current: /root/autodl-tmp/retraining-free-quantization/training/resnet18_cifar10_single_gpu_normal_srqat_ls0/resnet18_cifar10_single_gpu_normal_srqat_ls0_checkpoint.pth.tar

2025-12-17 14:28:36,175 - INFO  - >>>>>>>> Epoch  19
2025-12-17 14:28:36,175 - INFO  - Training: 50000 samples (128 per mini-batch)
2025-12-17 14:28:36,983 - INFO  - [Freezing] layer layer4.1.conv2, 0.07143509387969971, [6, 5, 4, 3, 2] -> [6, 5, 4, 3]
2025-12-17 14:28:36,983 - INFO  - [Freezing] layer layer4.0.downsample.0, 0.06921476125717163, [6, 5, 4, 3, 2] -> [6, 5, 4, 3]
2025-12-17 14:28:36,984 - INFO  - [Freezing] layer layer3.1.conv2, 0.06900282949209213, [6, 5, 4, 3, 2] -> [6, 5, 4, 3]
2025-12-17 14:28:36,984 - INFO  - [Freezing] layer layer4.0.conv1, 0.06887556612491608, [6, 5, 4, 3, 2] -> [6, 5, 4, 3]
2025-12-17 14:28:36,984 - INFO  - [Freezing] layer layer4.1.conv1, 0.06773404777050018, [6, 5, 4, 3, 2] -> [6, 5, 4, 3]
2025-12-17 14:28:36,984 - INFO  - [Freezing] layer layer3.1.conv1, 0.06760568916797638, [6, 5, 4, 3, 2] -> [6, 5, 4, 3]
2025-12-17 14:28:36,984 - INFO  - [Freezing] layer layer3.0.conv2, 0.06756719946861267, [6, 5, 4, 3, 2] -> [6, 5, 4, 3]
2025-12-17 14:28:36,984 - INFO  - [Freezing] layer layer3.0.downsample.0, 0.06654521077871323, [6, 5, 4, 3, 2] -> [6, 5, 4, 3]
2025-12-17 14:28:36,985 - INFO  - [Freezing] layer layer4.0.conv2, 0.059238556772470474, [6, 5, 4, 3] -> [6, 5, 4, 3]
2025-12-17 14:28:36,985 - INFO  - [Activating] layer layer1.0.conv2, 0.05800645798444748, [6, 5, 4, 3, 2] -> (6, 5, 4, 3, 2)
2025-12-17 14:28:36,985 - INFO  - [Activating] layer layer2.0.conv1, 0.05763649940490723, [6, 5, 4, 3, 2] -> (6, 5, 4, 3, 2)
2025-12-17 14:28:36,985 - INFO  - [Activating] layer layer2.1.conv2, 0.05627012252807617, [6, 5, 4, 3] -> (6, 5, 4, 3, 2)
2025-12-17 14:28:36,985 - INFO  - [Activating] layer layer1.1.conv1, 0.05493808165192604, [6, 5, 4, 3] -> (6, 5, 4, 3, 2)
2025-12-17 14:28:36,985 - INFO  - [Activating] layer layer2.0.conv2, 0.05467763915657997, [6, 5, 4, 3] -> (6, 5, 4, 3, 2)
2025-12-17 14:28:36,985 - INFO  - [Activating] layer layer1.0.conv1, 0.05447229743003845, [6, 5, 4, 3] -> (6, 5, 4, 3, 2)
2025-12-17 14:28:36,986 - INFO  - [Activating] layer layer2.0.downsample.0, 0.05372518301010132, [6, 5, 4, 3] -> (6, 5, 4, 3, 2)
2025-12-17 14:28:36,986 - INFO  - [Activating] layer layer3.0.conv1, 0.05341064929962158, [6, 5, 4, 3] -> (6, 5, 4, 3, 2)
2025-12-17 14:28:36,986 - INFO  - [Activating] layer layer2.1.conv1, 0.053240034729242325, [6, 5, 4, 3] -> (6, 5, 4, 3, 2)
2025-12-17 14:28:36,986 - INFO  - [Activating] layer layer1.1.conv2, 0.05320886895060539, [6, 5, 4, 3] -> (6, 5, 4, 3, 2)
2025-12-17 14:28:36,986 - INFO  - Current freezing ratio: 0.49003706397458024
2025-12-17 14:28:37,370 - INFO  - [FAT] Batch 0, Iter 0: FAT is DISABLED, using standard training
2025-12-17 14:28:46,853 - INFO  - Max Training [19][   20/  391]   Loss 0.374455   QE Loss 0.000000   Distribution Loss 0.000000   IDM Loss 0.000000   Top1 87.382812   Top5 99.570312   LR 0.093941   QLR 0.000009   
2025-12-17 14:28:46,854 - INFO  - Mixed 0 Training [19][   20/  391]   Loss 0.363120   QE Loss 0.000000   Distribution Loss -0.035820   IDM Loss 0.000000   Top1 86.562500   Top5 99.414062   LR 0.093941   QLR 0.000009   
2025-12-17 14:28:46,854 - INFO  - Mixed 1 Training [19][   20/  391]   Loss 0.371577   QE Loss 0.000000   Distribution Loss -0.030666   IDM Loss 0.000000   Top1 86.718750   Top5 99.335938   LR 0.093941   QLR 0.000009   
2025-12-17 14:28:46,854 - INFO  - Mixed 2 Training [19][   20/  391]   Loss 0.361480   QE Loss 0.000000   Distribution Loss -0.037456   IDM Loss 0.000000   Top1 86.054688   Top5 99.453125   LR 0.093941   QLR 0.000009   
2025-12-17 14:28:46,856 - INFO  - ===================================================================================================================
2025-12-17 14:28:56,296 - INFO  - Max Training [19][   40/  391]   Loss 0.383586   QE Loss 0.000000   Distribution Loss 0.000000   IDM Loss 0.000000   Top1 87.226562   Top5 99.531250   LR 0.093941   QLR 0.000009   
2025-12-17 14:28:56,296 - INFO  - Mixed 0 Training [19][   40/  391]   Loss 0.360020   QE Loss 0.000000   Distribution Loss -0.043404   IDM Loss 0.000000   Top1 86.503906   Top5 99.453125   LR 0.093941   QLR 0.000009   
2025-12-17 14:28:56,297 - INFO  - Mixed 1 Training [19][   40/  391]   Loss 0.365402   QE Loss 0.000000   Distribution Loss -0.042342   IDM Loss 0.000000   Top1 86.152344   Top5 99.492188   LR 0.093941   QLR 0.000009   
2025-12-17 14:28:56,297 - INFO  - Mixed 2 Training [19][   40/  391]   Loss 0.367325   QE Loss 0.000000   Distribution Loss -0.040527   IDM Loss 0.000000   Top1 85.937500   Top5 99.472656   LR 0.093941   QLR 0.000009   
2025-12-17 14:28:56,299 - INFO  - ===================================================================================================================
2025-12-17 14:29:05,803 - INFO  - Max Training [19][   60/  391]   Loss 0.391740   QE Loss 0.000000   Distribution Loss 0.000000   IDM Loss 0.000000   Top1 86.601562   Top5 99.492188   LR 0.093941   QLR 0.000009   
2025-12-17 14:29:05,803 - INFO  - Mixed 0 Training [19][   60/  391]   Loss 0.371256   QE Loss 0.000000   Distribution Loss -0.041922   IDM Loss 0.000000   Top1 86.080729   Top5 99.414062   LR 0.093941   QLR 0.000009   
2025-12-17 14:29:05,803 - INFO  - Mixed 1 Training [19][   60/  391]   Loss 0.373583   QE Loss 0.000000   Distribution Loss -0.041217   IDM Loss 0.000000   Top1 85.820312   Top5 99.479167   LR 0.093941   QLR 0.000009   
2025-12-17 14:29:05,803 - INFO  - Mixed 2 Training [19][   60/  391]   Loss 0.370815   QE Loss 0.000000   Distribution Loss -0.044663   IDM Loss 0.000000   Top1 85.546875   Top5 99.453125   LR 0.093941   QLR 0.000009   
2025-12-17 14:29:05,805 - INFO  - ===================================================================================================================
2025-12-17 14:29:15,116 - INFO  - Max Training [19][   80/  391]   Loss 0.391963   QE Loss 0.000000   Distribution Loss 0.000000   IDM Loss 0.000000   Top1 86.523438   Top5 99.492188   LR 0.093941   QLR 0.000009   
2025-12-17 14:29:15,117 - INFO  - Mixed 0 Training [19][   80/  391]   Loss 0.367255   QE Loss 0.000000   Distribution Loss -0.046447   IDM Loss 0.000000   Top1 86.064453   Top5 99.443359   LR 0.093941   QLR 0.000009   
2025-12-17 14:29:15,117 - INFO  - Mixed 1 Training [19][   80/  391]   Loss 0.372231   QE Loss 0.000000   Distribution Loss -0.041324   IDM Loss 0.000000   Top1 85.761719   Top5 99.453125   LR 0.093941   QLR 0.000009   
2025-12-17 14:29:15,117 - INFO  - Mixed 2 Training [19][   80/  391]   Loss 0.371625   QE Loss 0.000000   Distribution Loss -0.043234   IDM Loss 0.000000   Top1 85.517578   Top5 99.501953   LR 0.093941   QLR 0.000009   
2025-12-17 14:29:15,119 - INFO  - ===================================================================================================================
2025-12-17 14:29:24,664 - INFO  - Max Training [19][  100/  391]   Loss 0.391847   QE Loss 0.000000   Distribution Loss 0.000000   IDM Loss 0.000000   Top1 86.554688   Top5 99.507812   LR 0.093941   QLR 0.000009   
2025-12-17 14:29:24,665 - INFO  - Mixed 0 Training [19][  100/  391]   Loss 0.368389   QE Loss 0.000000   Distribution Loss -0.047169   IDM Loss 0.000000   Top1 85.828125   Top5 99.437500   LR 0.093941   QLR 0.000009   
2025-12-17 14:29:24,665 - INFO  - Mixed 1 Training [19][  100/  391]   Loss 0.373166   QE Loss 0.000000   Distribution Loss -0.040461   IDM Loss 0.000000   Top1 85.796875   Top5 99.484375   LR 0.093941   QLR 0.000009   
2025-12-17 14:29:24,665 - INFO  - Mixed 2 Training [19][  100/  391]   Loss 0.371935   QE Loss 0.000000   Distribution Loss -0.043506   IDM Loss 0.000000   Top1 85.609375   Top5 99.500000   LR 0.093941   QLR 0.000009   
2025-12-17 14:29:24,667 - INFO  - ===================================================================================================================
2025-12-17 14:29:34,182 - INFO  - Max Training [19][  120/  391]   Loss 0.392085   QE Loss 0.000000   Distribution Loss 0.000000   IDM Loss 0.000000   Top1 86.516927   Top5 99.511719   LR 0.093941   QLR 0.000009   
2025-12-17 14:29:34,183 - INFO  - Mixed 0 Training [19][  120/  391]   Loss 0.370261   QE Loss 0.000000   Distribution Loss -0.046368   IDM Loss 0.000000   Top1 85.690104   Top5 99.427083   LR 0.093941   QLR 0.000009   
2025-12-17 14:29:34,183 - INFO  - Mixed 1 Training [19][  120/  391]   Loss 0.374701   QE Loss 0.000000   Distribution Loss -0.041446   IDM Loss 0.000000   Top1 85.690104   Top5 99.492188   LR 0.093941   QLR 0.000009   
2025-12-17 14:29:34,183 - INFO  - Mixed 2 Training [19][  120/  391]   Loss 0.374503   QE Loss 0.000000   Distribution Loss -0.042567   IDM Loss 0.000000   Top1 85.501302   Top5 99.518229   LR 0.093941   QLR 0.000009   
2025-12-17 14:29:34,186 - INFO  - ===================================================================================================================
2025-12-17 14:29:43,652 - INFO  - Max Training [19][  140/  391]   Loss 0.388705   QE Loss 0.000000   Distribution Loss 0.000000   IDM Loss 0.000000   Top1 86.540179   Top5 99.497768   LR 0.093941   QLR 0.000009   
2025-12-17 14:29:43,653 - INFO  - Mixed 0 Training [19][  140/  391]   Loss 0.367928   QE Loss 0.000000   Distribution Loss -0.046511   IDM Loss 0.000000   Top1 85.764509   Top5 99.430804   LR 0.093941   QLR 0.000009   
2025-12-17 14:29:43,653 - INFO  - Mixed 1 Training [19][  140/  391]   Loss 0.371136   QE Loss 0.000000   Distribution Loss -0.042045   IDM Loss 0.000000   Top1 85.736607   Top5 99.475446   LR 0.093941   QLR 0.000009   
2025-12-17 14:29:43,653 - INFO  - Mixed 2 Training [19][  140/  391]   Loss 0.371078   QE Loss 0.000000   Distribution Loss -0.042678   IDM Loss 0.000000   Top1 85.619420   Top5 99.508929   LR 0.093941   QLR 0.000009   
2025-12-17 14:29:43,655 - INFO  - ===================================================================================================================
2025-12-17 14:29:53,395 - INFO  - Max Training [19][  160/  391]   Loss 0.391398   QE Loss 0.000000   Distribution Loss 0.000000   IDM Loss 0.000000   Top1 86.459961   Top5 99.462891   LR 0.093941   QLR 0.000009   
2025-12-17 14:29:53,396 - INFO  - Mixed 0 Training [19][  160/  391]   Loss 0.371650   QE Loss 0.000000   Distribution Loss -0.046753   IDM Loss 0.000000   Top1 85.649414   Top5 99.375000   LR 0.093941   QLR 0.000009   
2025-12-17 14:29:53,396 - INFO  - Mixed 1 Training [19][  160/  391]   Loss 0.373195   QE Loss 0.000000   Distribution Loss -0.043124   IDM Loss 0.000000   Top1 85.649414   Top5 99.428711   LR 0.093941   QLR 0.000009   
2025-12-17 14:29:53,396 - INFO  - Mixed 2 Training [19][  160/  391]   Loss 0.372828   QE Loss 0.000000   Distribution Loss -0.043764   IDM Loss 0.000000   Top1 85.517578   Top5 99.438477   LR 0.093941   QLR 0.000009   
2025-12-17 14:29:53,397 - INFO  - ===================================================================================================================
2025-12-17 14:30:02,805 - INFO  - Max Training [19][  180/  391]   Loss 0.388783   QE Loss 0.000000   Distribution Loss 0.000000   IDM Loss 0.000000   Top1 86.523438   Top5 99.487847   LR 0.093941   QLR 0.000009   
2025-12-17 14:30:02,806 - INFO  - Mixed 0 Training [19][  180/  391]   Loss 0.369265   QE Loss 0.000000   Distribution Loss -0.046709   IDM Loss 0.000000   Top1 85.720486   Top5 99.388021   LR 0.093941   QLR 0.000009   
2025-12-17 14:30:02,806 - INFO  - Mixed 1 Training [19][  180/  391]   Loss 0.369868   QE Loss 0.000000   Distribution Loss -0.043389   IDM Loss 0.000000   Top1 85.746528   Top5 99.422743   LR 0.093941   QLR 0.000009   
2025-12-17 14:30:02,806 - INFO  - Mixed 2 Training [19][  180/  391]   Loss 0.370336   QE Loss 0.000000   Distribution Loss -0.043290   IDM Loss 0.000000   Top1 85.620660   Top5 99.435764   LR 0.093941   QLR 0.000009   
2025-12-17 14:30:02,808 - INFO  - ===================================================================================================================
2025-12-17 14:30:12,411 - INFO  - Max Training [19][  200/  391]   Loss 0.388842   QE Loss 0.000000   Distribution Loss 0.000000   IDM Loss 0.000000   Top1 86.535156   Top5 99.496094   LR 0.093941   QLR 0.000009   
2025-12-17 14:30:12,411 - INFO  - Mixed 0 Training [19][  200/  391]   Loss 0.369033   QE Loss 0.000000   Distribution Loss -0.046568   IDM Loss 0.000000   Top1 85.714844   Top5 99.417969   LR 0.093941   QLR 0.000009   
2025-12-17 14:30:12,411 - INFO  - Mixed 1 Training [19][  200/  391]   Loss 0.371172   QE Loss 0.000000   Distribution Loss -0.042715   IDM Loss 0.000000   Top1 85.664062   Top5 99.425781   LR 0.093941   QLR 0.000009   
2025-12-17 14:30:12,411 - INFO  - Mixed 2 Training [19][  200/  391]   Loss 0.371262   QE Loss 0.000000   Distribution Loss -0.042812   IDM Loss 0.000000   Top1 85.566406   Top5 99.437500   LR 0.093941   QLR 0.000009   
2025-12-17 14:30:12,414 - INFO  - ===================================================================================================================
2025-12-17 14:30:21,913 - INFO  - Max Training [19][  220/  391]   Loss 0.387858   QE Loss 0.000000   Distribution Loss 0.000000   IDM Loss 0.000000   Top1 86.548295   Top5 99.499290   LR 0.093941   QLR 0.000009   
2025-12-17 14:30:21,914 - INFO  - Mixed 0 Training [19][  220/  391]   Loss 0.367656   QE Loss 0.000000   Distribution Loss -0.046818   IDM Loss 0.000000   Top1 85.720881   Top5 99.428267   LR 0.093941   QLR 0.000009   
2025-12-17 14:30:21,914 - INFO  - Mixed 1 Training [19][  220/  391]   Loss 0.369913   QE Loss 0.000000   Distribution Loss -0.042591   IDM Loss 0.000000   Top1 85.713778   Top5 99.431818   LR 0.093941   QLR 0.000009   
2025-12-17 14:30:21,914 - INFO  - Mixed 2 Training [19][  220/  391]   Loss 0.370221   QE Loss 0.000000   Distribution Loss -0.042238   IDM Loss 0.000000   Top1 85.649858   Top5 99.453125   LR 0.093941   QLR 0.000009   
2025-12-17 14:30:21,916 - INFO  - ===================================================================================================================
2025-12-17 14:30:31,516 - INFO  - Max Training [19][  240/  391]   Loss 0.387818   QE Loss 0.000000   Distribution Loss 0.000000   IDM Loss 0.000000   Top1 86.582031   Top5 99.482422   LR 0.093941   QLR 0.000009   
2025-12-17 14:30:31,516 - INFO  - Mixed 0 Training [19][  240/  391]   Loss 0.367364   QE Loss 0.000000   Distribution Loss -0.046630   IDM Loss 0.000000   Top1 85.709635   Top5 99.423828   LR 0.093941   QLR 0.000009   
2025-12-17 14:30:31,516 - INFO  - Mixed 1 Training [19][  240/  391]   Loss 0.370259   QE Loss 0.000000   Distribution Loss -0.041830   IDM Loss 0.000000   Top1 85.729167   Top5 99.423828   LR 0.093941   QLR 0.000009   
2025-12-17 14:30:31,516 - INFO  - Mixed 2 Training [19][  240/  391]   Loss 0.370216   QE Loss 0.000000   Distribution Loss -0.042524   IDM Loss 0.000000   Top1 85.641276   Top5 99.433594   LR 0.093941   QLR 0.000009   
2025-12-17 14:30:31,518 - INFO  - ===================================================================================================================
2025-12-17 14:30:41,109 - INFO  - Max Training [19][  260/  391]   Loss 0.386310   QE Loss 0.000000   Distribution Loss 0.000000   IDM Loss 0.000000   Top1 86.655649   Top5 99.483173   LR 0.093941   QLR 0.000009   
2025-12-17 14:30:41,109 - INFO  - Mixed 0 Training [19][  260/  391]   Loss 0.365379   QE Loss 0.000000   Distribution Loss -0.047098   IDM Loss 0.000000   Top1 85.745192   Top5 99.432091   LR 0.093941   QLR 0.000009   
2025-12-17 14:30:41,109 - INFO  - Mixed 1 Training [19][  260/  391]   Loss 0.368493   QE Loss 0.000000   Distribution Loss -0.042304   IDM Loss 0.000000   Top1 85.817308   Top5 99.420072   LR 0.093941   QLR 0.000009   
2025-12-17 14:30:41,109 - INFO  - Mixed 2 Training [19][  260/  391]   Loss 0.367930   QE Loss 0.000000   Distribution Loss -0.042596   IDM Loss 0.000000   Top1 85.745192   Top5 99.432091   LR 0.093941   QLR 0.000009   
2025-12-17 14:30:41,111 - INFO  - ===================================================================================================================
2025-12-17 14:30:50,824 - INFO  - Max Training [19][  280/  391]   Loss 0.386369   QE Loss 0.000000   Distribution Loss 0.000000   IDM Loss 0.000000   Top1 86.665737   Top5 99.486607   LR 0.093941   QLR 0.000009   
2025-12-17 14:30:50,825 - INFO  - Mixed 0 Training [19][  280/  391]   Loss 0.364549   QE Loss 0.000000   Distribution Loss -0.047636   IDM Loss 0.000000   Top1 85.756138   Top5 99.433594   LR 0.093941   QLR 0.000009   
2025-12-17 14:30:50,825 - INFO  - Mixed 1 Training [19][  280/  391]   Loss 0.368656   QE Loss 0.000000   Distribution Loss -0.041839   IDM Loss 0.000000   Top1 85.837054   Top5 99.411272   LR 0.093941   QLR 0.000009   
2025-12-17 14:30:50,825 - INFO  - Mixed 2 Training [19][  280/  391]   Loss 0.367398   QE Loss 0.000000   Distribution Loss -0.042993   IDM Loss 0.000000   Top1 85.750558   Top5 99.422433   LR 0.093941   QLR 0.000009   
2025-12-17 14:30:50,828 - INFO  - ===================================================================================================================
2025-12-17 14:31:00,418 - INFO  - Max Training [19][  300/  391]   Loss 0.389109   QE Loss 0.000000   Distribution Loss 0.000000   IDM Loss 0.000000   Top1 86.570312   Top5 99.473958   LR 0.093941   QLR 0.000009   
2025-12-17 14:31:00,419 - INFO  - Mixed 0 Training [19][  300/  391]   Loss 0.367584   QE Loss 0.000000   Distribution Loss -0.047006   IDM Loss 0.000000   Top1 85.677083   Top5 99.419271   LR 0.093941   QLR 0.000009   
2025-12-17 14:31:00,419 - INFO  - Mixed 1 Training [19][  300/  391]   Loss 0.370805   QE Loss 0.000000   Distribution Loss -0.042157   IDM Loss 0.000000   Top1 85.752604   Top5 99.401042   LR 0.093941   QLR 0.000009   
2025-12-17 14:31:00,419 - INFO  - Mixed 2 Training [19][  300/  391]   Loss 0.370007   QE Loss 0.000000   Distribution Loss -0.043034   IDM Loss 0.000000   Top1 85.723958   Top5 99.398438   LR 0.093941   QLR 0.000009   
2025-12-17 14:31:00,421 - INFO  - ===================================================================================================================
2025-12-17 14:31:09,848 - INFO  - Max Training [19][  320/  391]   Loss 0.388223   QE Loss 0.000000   Distribution Loss 0.000000   IDM Loss 0.000000   Top1 86.613770   Top5 99.475098   LR 0.093941   QLR 0.000009   
2025-12-17 14:31:09,849 - INFO  - Mixed 0 Training [19][  320/  391]   Loss 0.365843   QE Loss 0.000000   Distribution Loss -0.047658   IDM Loss 0.000000   Top1 85.698242   Top5 99.433594   LR 0.093941   QLR 0.000009   
2025-12-17 14:31:09,849 - INFO  - Mixed 1 Training [19][  320/  391]   Loss 0.369362   QE Loss 0.000000   Distribution Loss -0.042833   IDM Loss 0.000000   Top1 85.764160   Top5 99.414062   LR 0.093941   QLR 0.000009   
2025-12-17 14:31:09,849 - INFO  - Mixed 2 Training [19][  320/  391]   Loss 0.367685   QE Loss 0.000000   Distribution Loss -0.044066   IDM Loss 0.000000   Top1 85.751953   Top5 99.406738   LR 0.093941   QLR 0.000009   
2025-12-17 14:31:09,851 - INFO  - ===================================================================================================================
2025-12-17 14:31:19,454 - INFO  - Max Training [19][  340/  391]   Loss 0.387096   QE Loss 0.000000   Distribution Loss 0.000000   IDM Loss 0.000000   Top1 86.624540   Top5 99.492188   LR 0.093941   QLR 0.000009   
2025-12-17 14:31:19,455 - INFO  - Mixed 0 Training [19][  340/  391]   Loss 0.364540   QE Loss 0.000000   Distribution Loss -0.048343   IDM Loss 0.000000   Top1 85.661765   Top5 99.448529   LR 0.093941   QLR 0.000009   
2025-12-17 14:31:19,455 - INFO  - Mixed 1 Training [19][  340/  391]   Loss 0.368692   QE Loss 0.000000   Distribution Loss -0.042541   IDM Loss 0.000000   Top1 85.753676   Top5 99.432445   LR 0.093941   QLR 0.000009   
2025-12-17 14:31:19,455 - INFO  - Mixed 2 Training [19][  340/  391]   Loss 0.366902   QE Loss 0.000000   Distribution Loss -0.043995   IDM Loss 0.000000   Top1 85.781250   Top5 99.423254   LR 0.093941   QLR 0.000009   
2025-12-17 14:31:19,457 - INFO  - ===================================================================================================================
2025-12-17 14:31:28,932 - INFO  - Max Training [19][  360/  391]   Loss 0.387422   QE Loss 0.000000   Distribution Loss 0.000000   IDM Loss 0.000000   Top1 86.605903   Top5 99.498698   LR 0.093941   QLR 0.000009   
2025-12-17 14:31:28,933 - INFO  - Mixed 0 Training [19][  360/  391]   Loss 0.364723   QE Loss 0.000000   Distribution Loss -0.048384   IDM Loss 0.000000   Top1 85.666233   Top5 99.453125   LR 0.093941   QLR 0.000009   
2025-12-17 14:31:28,933 - INFO  - Mixed 1 Training [19][  360/  391]   Loss 0.369347   QE Loss 0.000000   Distribution Loss -0.042482   IDM Loss 0.000000   Top1 85.724826   Top5 99.440104   LR 0.093941   QLR 0.000009   
2025-12-17 14:31:28,933 - INFO  - Mixed 2 Training [19][  360/  391]   Loss 0.368017   QE Loss 0.000000   Distribution Loss -0.043478   IDM Loss 0.000000   Top1 85.766059   Top5 99.422743   LR 0.093941   QLR 0.000009   
2025-12-17 14:31:28,935 - INFO  - ===================================================================================================================
2025-12-17 14:31:38,543 - INFO  - Max Training [19][  380/  391]   Loss 0.388065   QE Loss 0.000000   Distribution Loss 0.000000   IDM Loss 0.000000   Top1 86.566612   Top5 99.496299   LR 0.093941   QLR 0.000009   
2025-12-17 14:31:38,544 - INFO  - Mixed 0 Training [19][  380/  391]   Loss 0.365245   QE Loss 0.000000   Distribution Loss -0.048418   IDM Loss 0.000000   Top1 85.610609   Top5 99.457237   LR 0.093941   QLR 0.000009   
2025-12-17 14:31:38,544 - INFO  - Mixed 1 Training [19][  380/  391]   Loss 0.370003   QE Loss 0.000000   Distribution Loss -0.042569   IDM Loss 0.000000   Top1 85.674342   Top5 99.432566   LR 0.093941   QLR 0.000009   
2025-12-17 14:31:38,544 - INFO  - Mixed 2 Training [19][  380/  391]   Loss 0.369613   QE Loss 0.000000   Distribution Loss -0.043078   IDM Loss 0.000000   Top1 85.694901   Top5 99.418174   LR 0.093941   QLR 0.000009   
2025-12-17 14:31:38,546 - INFO  - ===================================================================================================================
2025-12-17 14:31:43,354 - INFO  - ==> Max Top1: 86.569    Top5: 99.495    Loss: 0.388
2025-12-17 14:31:43,355 - INFO  - ==> Mixed 0 Top1: 85.633    Top5: 99.451    Loss: 0.366
2025-12-17 14:31:43,355 - INFO  - ==> Mixed 1 Top1: 85.689    Top5: 99.431    Loss: 0.370
2025-12-17 14:31:43,355 - INFO  - ==> Mixed 2 Top1: 85.691    Top5: 99.415    Loss: 0.370
2025-12-17 14:31:43,356 - INFO  - Epoch  19 Summary - Train Top1: 86.569%  Top5: 99.495%  Loss: 0.3883
2025-12-17 14:31:43,356 - INFO  -   ⏱️  本Epoch耗时: 3分7秒 | 平均Epoch耗时: 3分6秒 | 剩余Epoch数: 100
2025-12-17 14:31:43,356 - INFO  -   📅 预估剩余时间: 5小时10分58秒 | 预估完成时间: 2025-12-17 19:42:42
2025-12-17 14:31:43,357 - INFO  - Scoreboard best 1 ==> Epoch [19][Top1: 0.000   Top5: 0.000]
2025-12-17 14:31:43,357 - INFO  - Scoreboard best 2 ==> Epoch [18][Top1: 0.000   Top5: 0.000]
2025-12-17 14:31:43,357 - INFO  - Scoreboard best 3 ==> Epoch [17][Top1: 0.000   Top5: 0.000]
2025-12-17 14:31:44,025 - INFO  - ([19] Epoch) Saving checkpoint to:
             Current: /root/autodl-tmp/retraining-free-quantization/training/resnet18_cifar10_single_gpu_normal_srqat_ls0/resnet18_cifar10_single_gpu_normal_srqat_ls0_checkpoint.pth.tar

2025-12-17 14:31:44,029 - INFO  - >>>>>>>> Epoch  20
2025-12-17 14:31:44,029 - INFO  - Training: 50000 samples (128 per mini-batch)
2025-12-17 14:31:44,395 - INFO  - [FAT] Batch 0, Iter 0: FAT is DISABLED, using standard training
2025-12-17 14:31:53,977 - INFO  - Max Training [20][   20/  391]   Loss 0.383943   QE Loss 0.000000   Distribution Loss 0.000000   IDM Loss 0.000000   Top1 86.718750   Top5 99.609375   LR 0.093301   QLR 0.000009   
2025-12-17 14:31:53,978 - INFO  - Mixed 0 Training [20][   20/  391]   Loss 0.360207   QE Loss 0.000000   Distribution Loss -0.043072   IDM Loss 0.000000   Top1 86.171875   Top5 99.570312   LR 0.093301   QLR 0.000009   
2025-12-17 14:31:53,978 - INFO  - Mixed 1 Training [20][   20/  391]   Loss 0.368900   QE Loss 0.000000   Distribution Loss -0.035099   IDM Loss 0.000000   Top1 86.406250   Top5 99.570312   LR 0.093301   QLR 0.000009   
2025-12-17 14:31:53,978 - INFO  - Mixed 2 Training [20][   20/  391]   Loss 0.361410   QE Loss 0.000000   Distribution Loss -0.044078   IDM Loss 0.000000   Top1 86.250000   Top5 99.570312   LR 0.093301   QLR 0.000009   
2025-12-17 14:31:53,981 - INFO  - ===================================================================================================================
2025-12-17 14:32:03,368 - INFO  - Max Training [20][   40/  391]   Loss 0.377277   QE Loss 0.000000   Distribution Loss 0.000000   IDM Loss 0.000000   Top1 86.933594   Top5 99.589844   LR 0.093301   QLR 0.000009   
2025-12-17 14:32:03,368 - INFO  - Mixed 0 Training [20][   40/  391]   Loss 0.351287   QE Loss 0.000000   Distribution Loss -0.044932   IDM Loss 0.000000   Top1 86.445312   Top5 99.511719   LR 0.093301   QLR 0.000009   
2025-12-17 14:32:03,368 - INFO  - Mixed 1 Training [20][   40/  391]   Loss 0.352160   QE Loss 0.000000   Distribution Loss -0.048301   IDM Loss 0.000000   Top1 86.328125   Top5 99.531250   LR 0.093301   QLR 0.000009   
2025-12-17 14:32:03,369 - INFO  - Mixed 2 Training [20][   40/  391]   Loss 0.355878   QE Loss 0.000000   Distribution Loss -0.045714   IDM Loss 0.000000   Top1 86.230469   Top5 99.492188   LR 0.093301   QLR 0.000009   
2025-12-17 14:32:03,370 - INFO  - ===================================================================================================================
2025-12-17 14:32:13,072 - INFO  - Max Training [20][   60/  391]   Loss 0.368011   QE Loss 0.000000   Distribution Loss 0.000000   IDM Loss 0.000000   Top1 87.187500   Top5 99.596354   LR 0.093301   QLR 0.000009   
2025-12-17 14:32:13,073 - INFO  - Mixed 0 Training [20][   60/  391]   Loss 0.341256   QE Loss 0.000000   Distribution Loss -0.045376   IDM Loss 0.000000   Top1 86.653646   Top5 99.453125   LR 0.093301   QLR 0.000009   
2025-12-17 14:32:13,073 - INFO  - Mixed 1 Training [20][   60/  391]   Loss 0.342628   QE Loss 0.000000   Distribution Loss -0.049013   IDM Loss 0.000000   Top1 86.640625   Top5 99.531250   LR 0.093301   QLR 0.000009   
2025-12-17 14:32:13,073 - INFO  - Mixed 2 Training [20][   60/  391]   Loss 0.349990   QE Loss 0.000000   Distribution Loss -0.043318   IDM Loss 0.000000   Top1 86.510417   Top5 99.492188   LR 0.093301   QLR 0.000009   
2025-12-17 14:32:13,075 - INFO  - ===================================================================================================================
2025-12-17 14:32:22,582 - INFO  - Max Training [20][   80/  391]   Loss 0.365473   QE Loss 0.000000   Distribution Loss 0.000000   IDM Loss 0.000000   Top1 87.265625   Top5 99.638672   LR 0.093301   QLR 0.000009   
2025-12-17 14:32:22,583 - INFO  - Mixed 0 Training [20][   80/  391]   Loss 0.338662   QE Loss 0.000000   Distribution Loss -0.043927   IDM Loss 0.000000   Top1 86.826172   Top5 99.511719   LR 0.093301   QLR 0.000009   
2025-12-17 14:32:22,583 - INFO  - Mixed 1 Training [20][   80/  391]   Loss 0.337940   QE Loss 0.000000   Distribution Loss -0.049779   IDM Loss 0.000000   Top1 86.787109   Top5 99.589844   LR 0.093301   QLR 0.000009   
2025-12-17 14:32:22,583 - INFO  - Mixed 2 Training [20][   80/  391]   Loss 0.344716   QE Loss 0.000000   Distribution Loss -0.042632   IDM Loss 0.000000   Top1 86.533203   Top5 99.541016   LR 0.093301   QLR 0.000009   
2025-12-17 14:32:22,585 - INFO  - ===================================================================================================================
2025-12-17 14:32:32,349 - INFO  - Max Training [20][  100/  391]   Loss 0.371303   QE Loss 0.000000   Distribution Loss 0.000000   IDM Loss 0.000000   Top1 87.031250   Top5 99.585938   LR 0.093301   QLR 0.000009   
2025-12-17 14:32:32,349 - INFO  - Mixed 0 Training [20][  100/  391]   Loss 0.348014   QE Loss 0.000000   Distribution Loss -0.042207   IDM Loss 0.000000   Top1 86.664062   Top5 99.492188   LR 0.093301   QLR 0.000009   
2025-12-17 14:32:32,349 - INFO  - Mixed 1 Training [20][  100/  391]   Loss 0.346084   QE Loss 0.000000   Distribution Loss -0.047323   IDM Loss 0.000000   Top1 86.601562   Top5 99.531250   LR 0.093301   QLR 0.000009   
2025-12-17 14:32:32,350 - INFO  - Mixed 2 Training [20][  100/  391]   Loss 0.350252   QE Loss 0.000000   Distribution Loss -0.042749   IDM Loss 0.000000   Top1 86.429688   Top5 99.492188   LR 0.093301   QLR 0.000009   
2025-12-17 14:32:32,352 - INFO  - ===================================================================================================================
2025-12-17 14:32:41,882 - INFO  - Max Training [20][  120/  391]   Loss 0.373037   QE Loss 0.000000   Distribution Loss 0.000000   IDM Loss 0.000000   Top1 87.057292   Top5 99.570312   LR 0.093301   QLR 0.000009   
2025-12-17 14:32:41,882 - INFO  - Mixed 0 Training [20][  120/  391]   Loss 0.349276   QE Loss 0.000000   Distribution Loss -0.043182   IDM Loss 0.000000   Top1 86.588542   Top5 99.485677   LR 0.093301   QLR 0.000009   
2025-12-17 14:32:41,882 - INFO  - Mixed 1 Training [20][  120/  391]   Loss 0.349285   QE Loss 0.000000   Distribution Loss -0.045400   IDM Loss 0.000000   Top1 86.634115   Top5 99.511719   LR 0.093301   QLR 0.000009   
2025-12-17 14:32:41,882 - INFO  - Mixed 2 Training [20][  120/  391]   Loss 0.352298   QE Loss 0.000000   Distribution Loss -0.042709   IDM Loss 0.000000   Top1 86.464844   Top5 99.505208   LR 0.093301   QLR 0.000009   
2025-12-17 14:32:41,884 - INFO  - ===================================================================================================================
2025-12-17 14:32:51,329 - INFO  - Max Training [20][  140/  391]   Loss 0.371927   QE Loss 0.000000   Distribution Loss 0.000000   IDM Loss 0.000000   Top1 87.109375   Top5 99.575893   LR 0.093301   QLR 0.000009   
2025-12-17 14:32:51,330 - INFO  - Mixed 0 Training [20][  140/  391]   Loss 0.348774   QE Loss 0.000000   Distribution Loss -0.042964   IDM Loss 0.000000   Top1 86.595982   Top5 99.497768   LR 0.093301   QLR 0.000009   
2025-12-17 14:32:51,330 - INFO  - Mixed 1 Training [20][  140/  391]   Loss 0.349626   QE Loss 0.000000   Distribution Loss -0.045210   IDM Loss 0.000000   Top1 86.517857   Top5 99.514509   LR 0.093301   QLR 0.000009   
2025-12-17 14:32:51,330 - INFO  - Mixed 2 Training [20][  140/  391]   Loss 0.352058   QE Loss 0.000000   Distribution Loss -0.042500   IDM Loss 0.000000   Top1 86.551339   Top5 99.525670   LR 0.093301   QLR 0.000009   
2025-12-17 14:32:51,332 - INFO  - ===================================================================================================================
2025-12-17 14:33:00,817 - INFO  - Max Training [20][  160/  391]   Loss 0.366210   QE Loss 0.000000   Distribution Loss 0.000000   IDM Loss 0.000000   Top1 87.285156   Top5 99.599609   LR 0.093301   QLR 0.000009   
2025-12-17 14:33:00,818 - INFO  - Mixed 0 Training [20][  160/  391]   Loss 0.342361   QE Loss 0.000000   Distribution Loss -0.043691   IDM Loss 0.000000   Top1 86.757812   Top5 99.521484   LR 0.093301   QLR 0.000009   
2025-12-17 14:33:00,819 - INFO  - Mixed 1 Training [20][  160/  391]   Loss 0.342497   QE Loss 0.000000   Distribution Loss -0.045961   IDM Loss 0.000000   Top1 86.738281   Top5 99.541016   LR 0.093301   QLR 0.000009   
2025-12-17 14:33:00,819 - INFO  - Mixed 2 Training [20][  160/  391]   Loss 0.345813   QE Loss 0.000000   Distribution Loss -0.042289   IDM Loss 0.000000   Top1 86.743164   Top5 99.555664   LR 0.093301   QLR 0.000009   
2025-12-17 14:33:00,821 - INFO  - ===================================================================================================================
2025-12-17 14:33:10,270 - INFO  - Max Training [20][  180/  391]   Loss 0.366778   QE Loss 0.000000   Distribution Loss 0.000000   IDM Loss 0.000000   Top1 87.248264   Top5 99.587674   LR 0.093301   QLR 0.000009   
2025-12-17 14:33:10,270 - INFO  - Mixed 0 Training [20][  180/  391]   Loss 0.343634   QE Loss 0.000000   Distribution Loss -0.043698   IDM Loss 0.000000   Top1 86.714410   Top5 99.522569   LR 0.093301   QLR 0.000009   
2025-12-17 14:33:10,270 - INFO  - Mixed 1 Training [20][  180/  391]   Loss 0.342646   QE Loss 0.000000   Distribution Loss -0.046972   IDM Loss 0.000000   Top1 86.753472   Top5 99.522569   LR 0.093301   QLR 0.000009   
2025-12-17 14:33:10,270 - INFO  - Mixed 2 Training [20][  180/  391]   Loss 0.345002   QE Loss 0.000000   Distribution Loss -0.043082   IDM Loss 0.000000   Top1 86.727431   Top5 99.557292   LR 0.093301   QLR 0.000009   
2025-12-17 14:33:10,272 - INFO  - ===================================================================================================================
2025-12-17 14:33:19,969 - INFO  - Max Training [20][  200/  391]   Loss 0.364509   QE Loss 0.000000   Distribution Loss 0.000000   IDM Loss 0.000000   Top1 87.265625   Top5 99.609375   LR 0.093301   QLR 0.000009   
2025-12-17 14:33:19,970 - INFO  - Mixed 0 Training [20][  200/  391]   Loss 0.341297   QE Loss 0.000000   Distribution Loss -0.044474   IDM Loss 0.000000   Top1 86.722656   Top5 99.539062   LR 0.093301   QLR 0.000009   
2025-12-17 14:33:19,970 - INFO  - Mixed 1 Training [20][  200/  391]   Loss 0.339870   QE Loss 0.000000   Distribution Loss -0.046915   IDM Loss 0.000000   Top1 86.804688   Top5 99.531250   LR 0.093301   QLR 0.000009   
2025-12-17 14:33:19,970 - INFO  - Mixed 2 Training [20][  200/  391]   Loss 0.342745   QE Loss 0.000000   Distribution Loss -0.042716   IDM Loss 0.000000   Top1 86.777344   Top5 99.562500   LR 0.093301   QLR 0.000009   
2025-12-17 14:33:19,972 - INFO  - ===================================================================================================================
2025-12-17 14:33:29,578 - INFO  - Max Training [20][  220/  391]   Loss 0.363667   QE Loss 0.000000   Distribution Loss 0.000000   IDM Loss 0.000000   Top1 87.350852   Top5 99.602273   LR 0.093301   QLR 0.000009   
2025-12-17 14:33:29,579 - INFO  - Mixed 0 Training [20][  220/  391]   Loss 0.340589   QE Loss 0.000000   Distribution Loss -0.044325   IDM Loss 0.000000   Top1 86.729403   Top5 99.549006   LR 0.093301   QLR 0.000009   
2025-12-17 14:33:29,579 - INFO  - Mixed 1 Training [20][  220/  391]   Loss 0.339418   QE Loss 0.000000   Distribution Loss -0.046258   IDM Loss 0.000000   Top1 86.821733   Top5 99.534801   LR 0.093301   QLR 0.000009   
2025-12-17 14:33:29,579 - INFO  - Mixed 2 Training [20][  220/  391]   Loss 0.341869   QE Loss 0.000000   Distribution Loss -0.043238   IDM Loss 0.000000   Top1 86.764915   Top5 99.559659   LR 0.093301   QLR 0.000009   
2025-12-17 14:33:29,581 - INFO  - ===================================================================================================================
2025-12-17 14:33:39,046 - INFO  - Max Training [20][  240/  391]   Loss 0.365561   QE Loss 0.000000   Distribution Loss 0.000000   IDM Loss 0.000000   Top1 87.229818   Top5 99.602865   LR 0.093301   QLR 0.000009   
2025-12-17 14:33:39,046 - INFO  - Mixed 0 Training [20][  240/  391]   Loss 0.343410   QE Loss 0.000000   Distribution Loss -0.043932   IDM Loss 0.000000   Top1 86.598307   Top5 99.554036   LR 0.093301   QLR 0.000009   
2025-12-17 14:33:39,047 - INFO  - Mixed 1 Training [20][  240/  391]   Loss 0.340870   QE Loss 0.000000   Distribution Loss -0.047165   IDM Loss 0.000000   Top1 86.663411   Top5 99.534505   LR 0.093301   QLR 0.000009   
2025-12-17 14:33:39,047 - INFO  - Mixed 2 Training [20][  240/  391]   Loss 0.344684   QE Loss 0.000000   Distribution Loss -0.042870   IDM Loss 0.000000   Top1 86.624349   Top5 99.563802   LR 0.093301   QLR 0.000009   
2025-12-17 14:33:39,048 - INFO  - ===================================================================================================================
2025-12-17 14:33:48,581 - INFO  - Max Training [20][  260/  391]   Loss 0.367059   QE Loss 0.000000   Distribution Loss 0.000000   IDM Loss 0.000000   Top1 87.232572   Top5 99.567308   LR 0.093301   QLR 0.000009   
2025-12-17 14:33:48,581 - INFO  - Mixed 0 Training [20][  260/  391]   Loss 0.343982   QE Loss 0.000000   Distribution Loss -0.044768   IDM Loss 0.000000   Top1 86.592548   Top5 99.543269   LR 0.093301   QLR 0.000009   
2025-12-17 14:33:48,582 - INFO  - Mixed 1 Training [20][  260/  391]   Loss 0.343005   QE Loss 0.000000   Distribution Loss -0.046502   IDM Loss 0.000000   Top1 86.634615   Top5 99.507212   LR 0.093301   QLR 0.000009   
2025-12-17 14:33:48,582 - INFO  - Mixed 2 Training [20][  260/  391]   Loss 0.346187   QE Loss 0.000000   Distribution Loss -0.043463   IDM Loss 0.000000   Top1 86.568510   Top5 99.543269   LR 0.093301   QLR 0.000009   
2025-12-17 14:33:48,583 - INFO  - ===================================================================================================================
2025-12-17 14:33:58,122 - INFO  - Max Training [20][  280/  391]   Loss 0.367277   QE Loss 0.000000   Distribution Loss 0.000000   IDM Loss 0.000000   Top1 87.218192   Top5 99.559152   LR 0.093301   QLR 0.000009   
2025-12-17 14:33:58,123 - INFO  - Mixed 0 Training [20][  280/  391]   Loss 0.343302   QE Loss 0.000000   Distribution Loss -0.045362   IDM Loss 0.000000   Top1 86.579241   Top5 99.534040   LR 0.093301   QLR 0.000009   
2025-12-17 14:33:58,123 - INFO  - Mixed 1 Training [20][  280/  391]   Loss 0.342461   QE Loss 0.000000   Distribution Loss -0.046862   IDM Loss 0.000000   Top1 86.593192   Top5 99.500558   LR 0.093301   QLR 0.000009   
2025-12-17 14:33:58,123 - INFO  - Mixed 2 Training [20][  280/  391]   Loss 0.346018   QE Loss 0.000000   Distribution Loss -0.043850   IDM Loss 0.000000   Top1 86.495536   Top5 99.536830   LR 0.093301   QLR 0.000009   
2025-12-17 14:33:58,125 - INFO  - ===================================================================================================================
2025-12-17 14:34:07,947 - INFO  - Max Training [20][  300/  391]   Loss 0.366831   QE Loss 0.000000   Distribution Loss 0.000000   IDM Loss 0.000000   Top1 87.216146   Top5 99.557292   LR 0.093301   QLR 0.000009   
2025-12-17 14:34:07,948 - INFO  - Mixed 0 Training [20][  300/  391]   Loss 0.343040   QE Loss 0.000000   Distribution Loss -0.045477   IDM Loss 0.000000   Top1 86.552083   Top5 99.536458   LR 0.093301   QLR 0.000009   
2025-12-17 14:34:07,948 - INFO  - Mixed 1 Training [20][  300/  391]   Loss 0.342651   QE Loss 0.000000   Distribution Loss -0.046400   IDM Loss 0.000000   Top1 86.593750   Top5 99.505208   LR 0.093301   QLR 0.000009   
2025-12-17 14:34:07,948 - INFO  - Mixed 2 Training [20][  300/  391]   Loss 0.345950   QE Loss 0.000000   Distribution Loss -0.044288   IDM Loss 0.000000   Top1 86.473958   Top5 99.523438   LR 0.093301   QLR 0.000009   
2025-12-17 14:34:07,950 - INFO  - ===================================================================================================================
2025-12-17 14:34:17,790 - INFO  - Max Training [20][  320/  391]   Loss 0.367409   QE Loss 0.000000   Distribution Loss 0.000000   IDM Loss 0.000000   Top1 87.187500   Top5 99.565430   LR 0.093301   QLR 0.000009   
2025-12-17 14:34:17,791 - INFO  - Mixed 0 Training [20][  320/  391]   Loss 0.344605   QE Loss 0.000000   Distribution Loss -0.044949   IDM Loss 0.000000   Top1 86.516113   Top5 99.531250   LR 0.093301   QLR 0.000009   
2025-12-17 14:34:17,791 - INFO  - Mixed 1 Training [20][  320/  391]   Loss 0.343415   QE Loss 0.000000   Distribution Loss -0.046547   IDM Loss 0.000000   Top1 86.589355   Top5 99.504395   LR 0.093301   QLR 0.000009   
2025-12-17 14:34:17,791 - INFO  - Mixed 2 Training [20][  320/  391]   Loss 0.346494   QE Loss 0.000000   Distribution Loss -0.044304   IDM Loss 0.000000   Top1 86.452637   Top5 99.528809   LR 0.093301   QLR 0.000009   
2025-12-17 14:34:17,793 - INFO  - ===================================================================================================================
2025-12-17 14:34:27,431 - INFO  - Max Training [20][  340/  391]   Loss 0.367088   QE Loss 0.000000   Distribution Loss 0.000000   IDM Loss 0.000000   Top1 87.217371   Top5 99.561121   LR 0.093301   QLR 0.000009   
2025-12-17 14:34:27,431 - INFO  - Mixed 0 Training [20][  340/  391]   Loss 0.344458   QE Loss 0.000000   Distribution Loss -0.045260   IDM Loss 0.000000   Top1 86.500460   Top5 99.528952   LR 0.093301   QLR 0.000009   
2025-12-17 14:34:27,431 - INFO  - Mixed 1 Training [20][  340/  391]   Loss 0.343446   QE Loss 0.000000   Distribution Loss -0.046055   IDM Loss 0.000000   Top1 86.615349   Top5 99.501379   LR 0.093301   QLR 0.000009   
2025-12-17 14:34:27,431 - INFO  - Mixed 2 Training [20][  340/  391]   Loss 0.346567   QE Loss 0.000000   Distribution Loss -0.044201   IDM Loss 0.000000   Top1 86.447610   Top5 99.526654   LR 0.093301   QLR 0.000009   
2025-12-17 14:34:27,433 - INFO  - ===================================================================================================================
2025-12-17 14:34:36,813 - INFO  - Max Training [20][  360/  391]   Loss 0.368120   QE Loss 0.000000   Distribution Loss 0.000000   IDM Loss 0.000000   Top1 87.150608   Top5 99.570312   LR 0.093301   QLR 0.000009   
2025-12-17 14:34:36,814 - INFO  - Mixed 0 Training [20][  360/  391]   Loss 0.345434   QE Loss 0.000000   Distribution Loss -0.045079   IDM Loss 0.000000   Top1 86.423611   Top5 99.531250   LR 0.093301   QLR 0.000009   
2025-12-17 14:34:36,814 - INFO  - Mixed 1 Training [20][  360/  391]   Loss 0.344651   QE Loss 0.000000   Distribution Loss -0.045802   IDM Loss 0.000000   Top1 86.525608   Top5 99.509549   LR 0.093301   QLR 0.000009   
2025-12-17 14:34:36,814 - INFO  - Mixed 2 Training [20][  360/  391]   Loss 0.347718   QE Loss 0.000000   Distribution Loss -0.043814   IDM Loss 0.000000   Top1 86.399740   Top5 99.539931   LR 0.093301   QLR 0.000009   
2025-12-17 14:34:36,816 - INFO  - ===================================================================================================================
2025-12-17 14:34:46,306 - INFO  - Max Training [20][  380/  391]   Loss 0.367770   QE Loss 0.000000   Distribution Loss 0.000000   IDM Loss 0.000000   Top1 87.183388   Top5 99.570312   LR 0.093301   QLR 0.000009   
2025-12-17 14:34:46,307 - INFO  - Mixed 0 Training [20][  380/  391]   Loss 0.345260   QE Loss 0.000000   Distribution Loss -0.045105   IDM Loss 0.000000   Top1 86.441201   Top5 99.531250   LR 0.093301   QLR 0.000009   
2025-12-17 14:34:46,307 - INFO  - Mixed 1 Training [20][  380/  391]   Loss 0.344517   QE Loss 0.000000   Distribution Loss -0.045560   IDM Loss 0.000000   Top1 86.541941   Top5 99.512747   LR 0.093301   QLR 0.000009   
2025-12-17 14:34:46,307 - INFO  - Mixed 2 Training [20][  380/  391]   Loss 0.347296   QE Loss 0.000000   Distribution Loss -0.043661   IDM Loss 0.000000   Top1 86.432977   Top5 99.541530   LR 0.093301   QLR 0.000009   
2025-12-17 14:34:46,308 - INFO  - ===================================================================================================================
2025-12-17 14:34:51,160 - INFO  - ==> Max Top1: 87.222    Top5: 99.569    Loss: 0.367
2025-12-17 14:34:51,160 - INFO  - ==> Mixed 0 Top1: 86.484    Top5: 99.529    Loss: 0.345
2025-12-17 14:34:51,160 - INFO  - ==> Mixed 1 Top1: 86.597    Top5: 99.513    Loss: 0.345
2025-12-17 14:34:51,160 - INFO  - ==> Mixed 2 Top1: 86.488    Top5: 99.541    Loss: 0.347
2025-12-17 14:34:51,161 - INFO  - Epoch  20 Summary - Train Top1: 87.222%  Top5: 99.569%  Loss: 0.3674
2025-12-17 14:34:51,161 - INFO  -   ⏱️  本Epoch耗时: 3分7秒 | 平均Epoch耗时: 3分6秒 | 剩余Epoch数: 99
2025-12-17 14:34:51,161 - INFO  -   📅 预估剩余时间: 5小时7分56秒 | 预估完成时间: 2025-12-17 19:42:48
2025-12-17 14:34:51,162 - INFO  - Scoreboard best 1 ==> Epoch [20][Top1: 0.000   Top5: 0.000]
2025-12-17 14:34:51,162 - INFO  - Scoreboard best 2 ==> Epoch [19][Top1: 0.000   Top5: 0.000]
2025-12-17 14:34:51,162 - INFO  - Scoreboard best 3 ==> Epoch [18][Top1: 0.000   Top5: 0.000]
2025-12-17 14:34:52,069 - INFO  - ([20] Epoch) Saving checkpoint to:
             Current: /root/autodl-tmp/retraining-free-quantization/training/resnet18_cifar10_single_gpu_normal_srqat_ls0/resnet18_cifar10_single_gpu_normal_srqat_ls0_checkpoint.pth.tar

2025-12-17 14:34:52,072 - INFO  - >>>>>>>> Epoch  21
2025-12-17 14:34:52,073 - INFO  - Training: 50000 samples (128 per mini-batch)
2025-12-17 14:34:52,864 - INFO  - [Freezing] layer layer2.1.conv2, 0.065630242228508, [6, 5, 4, 3, 2] -> [6, 5, 4, 3]
2025-12-17 14:34:52,864 - INFO  - [Freezing] layer layer1.1.conv1, 0.06425844132900238, [6, 5, 4, 3, 2] -> [6, 5, 4, 3]
2025-12-17 14:34:52,865 - INFO  - [Freezing] layer layer1.0.conv1, 0.06409306824207306, [6, 5, 4, 3, 2] -> [6, 5, 4, 3]
2025-12-17 14:34:52,865 - INFO  - [Freezing] layer layer2.0.conv2, 0.06357966363430023, [6, 5, 4, 3, 2] -> [6, 5, 4, 3]
2025-12-17 14:34:52,865 - INFO  - [Freezing] layer layer3.0.conv1, 0.06282971799373627, [6, 5, 4, 3, 2] -> [6, 5, 4, 3]
2025-12-17 14:34:52,865 - INFO  - [Freezing] layer layer2.1.conv1, 0.06255768984556198, [6, 5, 4, 3, 2] -> [6, 5, 4, 3]
2025-12-17 14:34:52,865 - INFO  - [Freezing] layer layer1.1.conv2, 0.06219672039151192, [6, 5, 4, 3, 2] -> [6, 5, 4, 3]
2025-12-17 14:34:52,866 - INFO  - [Freezing] layer layer2.0.downsample.0, 0.06084147095680237, [6, 5, 4, 3, 2] -> [6, 5, 4, 3]
2025-12-17 14:34:52,866 - INFO  - [Freezing] layer layer4.0.conv2, 0.05913429334759712, [6, 5, 4, 3] -> [6, 5, 4, 3]
2025-12-17 14:34:52,866 - INFO  - [Activating] layer layer4.1.conv2, 0.058993369340896606, [6, 5, 4, 3] -> (6, 5, 4, 3, 2)
2025-12-17 14:34:52,866 - INFO  - [Activating] layer layer1.0.conv2, 0.058513093739748, [6, 5, 4, 3, 2] -> (6, 5, 4, 3, 2)
2025-12-17 14:34:52,866 - INFO  - [Activating] layer layer3.1.conv2, 0.05819354206323624, [6, 5, 4, 3] -> (6, 5, 4, 3, 2)
2025-12-17 14:34:52,866 - INFO  - [Activating] layer layer4.0.downsample.0, 0.05798003077507019, [6, 5, 4, 3] -> (6, 5, 4, 3, 2)
2025-12-17 14:34:52,867 - INFO  - [Activating] layer layer2.0.conv1, 0.057516325265169144, [6, 5, 4, 3, 2] -> (6, 5, 4, 3, 2)
2025-12-17 14:34:52,867 - INFO  - [Activating] layer layer4.0.conv1, 0.05750318616628647, [6, 5, 4, 3] -> (6, 5, 4, 3, 2)
2025-12-17 14:34:52,867 - INFO  - [Activating] layer layer3.0.conv2, 0.056965384632349014, [6, 5, 4, 3] -> (6, 5, 4, 3, 2)
2025-12-17 14:34:52,867 - INFO  - [Activating] layer layer3.0.downsample.0, 0.05695699155330658, [6, 5, 4, 3] -> (6, 5, 4, 3, 2)
2025-12-17 14:34:52,867 - INFO  - [Activating] layer layer3.1.conv1, 0.05651921033859253, [6, 5, 4, 3] -> (6, 5, 4, 3, 2)
2025-12-17 14:34:52,867 - INFO  - [Activating] layer layer4.1.conv1, 0.055299803614616394, [6, 5, 4, 3] -> (6, 5, 4, 3, 2)
2025-12-17 14:34:52,867 - INFO  - Current freezing ratio: 0.4870318186463901
2025-12-17 14:34:53,249 - INFO  - [FAT] Batch 0, Iter 0: FAT is DISABLED, using standard training
2025-12-17 14:35:02,653 - INFO  - Max Training [21][   20/  391]   Loss 0.342070   QE Loss 0.000000   Distribution Loss 0.000000   IDM Loss 0.000000   Top1 87.929688   Top5 99.531250   LR 0.092632   QLR 0.000009   
2025-12-17 14:35:02,654 - INFO  - Mixed 0 Training [21][   20/  391]   Loss 0.289802   QE Loss 0.000000   Distribution Loss -0.088005   IDM Loss 0.000000   Top1 86.875000   Top5 99.531250   LR 0.092632   QLR 0.000009   
2025-12-17 14:35:02,654 - INFO  - Mixed 1 Training [21][   20/  391]   Loss 0.299757   QE Loss 0.000000   Distribution Loss -0.065860   IDM Loss 0.000000   Top1 87.421875   Top5 99.609375   LR 0.092632   QLR 0.000009   
2025-12-17 14:35:02,654 - INFO  - Mixed 2 Training [21][   20/  391]   Loss 0.305244   QE Loss 0.000000   Distribution Loss -0.057212   IDM Loss 0.000000   Top1 87.226562   Top5 99.492188   LR 0.092632   QLR 0.000009   
2025-12-17 14:35:02,656 - INFO  - ===================================================================================================================
2025-12-17 14:35:12,308 - INFO  - Max Training [21][   40/  391]   Loss 0.337421   QE Loss 0.000000   Distribution Loss 0.000000   IDM Loss 0.000000   Top1 88.203125   Top5 99.570312   LR 0.092632   QLR 0.000009   
2025-12-17 14:35:12,309 - INFO  - Mixed 0 Training [21][   40/  391]   Loss 0.296541   QE Loss 0.000000   Distribution Loss -0.075153   IDM Loss 0.000000   Top1 87.324219   Top5 99.570312   LR 0.092632   QLR 0.000009   
2025-12-17 14:35:12,309 - INFO  - Mixed 1 Training [21][   40/  391]   Loss 0.284286   QE Loss 0.000000   Distribution Loss -0.077754   IDM Loss 0.000000   Top1 87.539062   Top5 99.492188   LR 0.092632   QLR 0.000009   
2025-12-17 14:35:12,309 - INFO  - Mixed 2 Training [21][   40/  391]   Loss 0.303759   QE Loss 0.000000   Distribution Loss -0.056214   IDM Loss 0.000000   Top1 87.558594   Top5 99.511719   LR 0.092632   QLR 0.000009   
2025-12-17 14:35:12,311 - INFO  - ===================================================================================================================
2025-12-17 14:35:21,668 - INFO  - Max Training [21][   60/  391]   Loss 0.338699   QE Loss 0.000000   Distribution Loss 0.000000   IDM Loss 0.000000   Top1 88.346354   Top5 99.596354   LR 0.092632   QLR 0.000009   
2025-12-17 14:35:21,669 - INFO  - Mixed 0 Training [21][   60/  391]   Loss 0.289183   QE Loss 0.000000   Distribution Loss -0.077066   IDM Loss 0.000000   Top1 87.695312   Top5 99.557292   LR 0.092632   QLR 0.000009   
2025-12-17 14:35:21,669 - INFO  - Mixed 1 Training [21][   60/  391]   Loss 0.285145   QE Loss 0.000000   Distribution Loss -0.079572   IDM Loss 0.000000   Top1 87.565104   Top5 99.531250   LR 0.092632   QLR 0.000009   
2025-12-17 14:35:21,669 - INFO  - Mixed 2 Training [21][   60/  391]   Loss 0.301015   QE Loss 0.000000   Distribution Loss -0.062195   IDM Loss 0.000000   Top1 87.578125   Top5 99.544271   LR 0.092632   QLR 0.000009   
2025-12-17 14:35:21,671 - INFO  - ===================================================================================================================
2025-12-17 14:35:31,206 - INFO  - Max Training [21][   80/  391]   Loss 0.333980   QE Loss 0.000000   Distribution Loss 0.000000   IDM Loss 0.000000   Top1 88.427734   Top5 99.648438   LR 0.092632   QLR 0.000009   
2025-12-17 14:35:31,207 - INFO  - Mixed 0 Training [21][   80/  391]   Loss 0.282711   QE Loss 0.000000   Distribution Loss -0.081014   IDM Loss 0.000000   Top1 87.529297   Top5 99.619141   LR 0.092632   QLR 0.000009   
2025-12-17 14:35:31,207 - INFO  - Mixed 1 Training [21][   80/  391]   Loss 0.284994   QE Loss 0.000000   Distribution Loss -0.075420   IDM Loss 0.000000   Top1 87.539062   Top5 99.619141   LR 0.092632   QLR 0.000009   
2025-12-17 14:35:31,207 - INFO  - Mixed 2 Training [21][   80/  391]   Loss 0.285077   QE Loss 0.000000   Distribution Loss -0.075464   IDM Loss 0.000000   Top1 87.431641   Top5 99.619141   LR 0.092632   QLR 0.000009   
2025-12-17 14:35:31,209 - INFO  - ===================================================================================================================
2025-12-17 14:35:40,642 - INFO  - Max Training [21][  100/  391]   Loss 0.335953   QE Loss 0.000000   Distribution Loss 0.000000   IDM Loss 0.000000   Top1 88.367188   Top5 99.617188   LR 0.092632   QLR 0.000009   
2025-12-17 14:35:40,642 - INFO  - Mixed 0 Training [21][  100/  391]   Loss 0.282501   QE Loss 0.000000   Distribution Loss -0.080739   IDM Loss 0.000000   Top1 87.539062   Top5 99.585938   LR 0.092632   QLR 0.000009   
2025-12-17 14:35:40,642 - INFO  - Mixed 1 Training [21][  100/  391]   Loss 0.279890   QE Loss 0.000000   Distribution Loss -0.081427   IDM Loss 0.000000   Top1 87.531250   Top5 99.609375   LR 0.092632   QLR 0.000009   
2025-12-17 14:35:40,643 - INFO  - Mixed 2 Training [21][  100/  391]   Loss 0.285291   QE Loss 0.000000   Distribution Loss -0.077103   IDM Loss 0.000000   Top1 87.476562   Top5 99.625000   LR 0.092632   QLR 0.000009   
2025-12-17 14:35:40,645 - INFO  - ===================================================================================================================
2025-12-17 14:35:50,261 - INFO  - Max Training [21][  120/  391]   Loss 0.329238   QE Loss 0.000000   Distribution Loss 0.000000   IDM Loss 0.000000   Top1 88.619792   Top5 99.648438   LR 0.092632   QLR 0.000009   
2025-12-17 14:35:50,262 - INFO  - Mixed 0 Training [21][  120/  391]   Loss 0.278560   QE Loss 0.000000   Distribution Loss -0.079224   IDM Loss 0.000000   Top1 87.740885   Top5 99.596354   LR 0.092632   QLR 0.000009   
2025-12-17 14:35:50,262 - INFO  - Mixed 1 Training [21][  120/  391]   Loss 0.275665   QE Loss 0.000000   Distribution Loss -0.078301   IDM Loss 0.000000   Top1 87.721354   Top5 99.628906   LR 0.092632   QLR 0.000009   
2025-12-17 14:35:50,262 - INFO  - Mixed 2 Training [21][  120/  391]   Loss 0.281946   QE Loss 0.000000   Distribution Loss -0.074504   IDM Loss 0.000000   Top1 87.630208   Top5 99.641927   LR 0.092632   QLR 0.000009   
2025-12-17 14:35:50,264 - INFO  - ===================================================================================================================
2025-12-17 14:35:59,849 - INFO  - Max Training [21][  140/  391]   Loss 0.335716   QE Loss 0.000000   Distribution Loss 0.000000   IDM Loss 0.000000   Top1 88.420759   Top5 99.620536   LR 0.092632   QLR 0.000009   
2025-12-17 14:35:59,849 - INFO  - Mixed 0 Training [21][  140/  391]   Loss 0.287005   QE Loss 0.000000   Distribution Loss -0.075726   IDM Loss 0.000000   Top1 87.650670   Top5 99.564732   LR 0.092632   QLR 0.000009   
2025-12-17 14:35:59,849 - INFO  - Mixed 1 Training [21][  140/  391]   Loss 0.283593   QE Loss 0.000000   Distribution Loss -0.078009   IDM Loss 0.000000   Top1 87.500000   Top5 99.587054   LR 0.092632   QLR 0.000009   
2025-12-17 14:35:59,849 - INFO  - Mixed 2 Training [21][  140/  391]   Loss 0.287318   QE Loss 0.000000   Distribution Loss -0.075604   IDM Loss 0.000000   Top1 87.421875   Top5 99.603795   LR 0.092632   QLR 0.000009   
2025-12-17 14:35:59,851 - INFO  - ===================================================================================================================
2025-12-17 14:36:09,455 - INFO  - Max Training [21][  160/  391]   Loss 0.338588   QE Loss 0.000000   Distribution Loss 0.000000   IDM Loss 0.000000   Top1 88.315430   Top5 99.614258   LR 0.092632   QLR 0.000009   
2025-12-17 14:36:09,456 - INFO  - Mixed 0 Training [21][  160/  391]   Loss 0.289847   QE Loss 0.000000   Distribution Loss -0.075240   IDM Loss 0.000000   Top1 87.592773   Top5 99.570312   LR 0.092632   QLR 0.000009   
2025-12-17 14:36:09,456 - INFO  - Mixed 1 Training [21][  160/  391]   Loss 0.287630   QE Loss 0.000000   Distribution Loss -0.076961   IDM Loss 0.000000   Top1 87.377930   Top5 99.575195   LR 0.092632   QLR 0.000009   
2025-12-17 14:36:09,456 - INFO  - Mixed 2 Training [21][  160/  391]   Loss 0.289820   QE Loss 0.000000   Distribution Loss -0.075981   IDM Loss 0.000000   Top1 87.377930   Top5 99.614258   LR 0.092632   QLR 0.000009   
2025-12-17 14:36:09,458 - INFO  - ===================================================================================================================
2025-12-17 14:36:19,020 - INFO  - Max Training [21][  180/  391]   Loss 0.337646   QE Loss 0.000000   Distribution Loss 0.000000   IDM Loss 0.000000   Top1 88.294271   Top5 99.618056   LR 0.092632   QLR 0.000009   
2025-12-17 14:36:19,020 - INFO  - Mixed 0 Training [21][  180/  391]   Loss 0.292013   QE Loss 0.000000   Distribution Loss -0.072367   IDM Loss 0.000000   Top1 87.638889   Top5 99.570312   LR 0.092632   QLR 0.000009   
2025-12-17 14:36:19,020 - INFO  - Mixed 1 Training [21][  180/  391]   Loss 0.286450   QE Loss 0.000000   Distribution Loss -0.076601   IDM Loss 0.000000   Top1 87.482639   Top5 99.565972   LR 0.092632   QLR 0.000009   
2025-12-17 14:36:19,020 - INFO  - Mixed 2 Training [21][  180/  391]   Loss 0.287505   QE Loss 0.000000   Distribution Loss -0.076970   IDM Loss 0.000000   Top1 87.447917   Top5 99.600694   LR 0.092632   QLR 0.000009   
2025-12-17 14:36:19,023 - INFO  - ===================================================================================================================
2025-12-17 14:36:28,515 - INFO  - Max Training [21][  200/  391]   Loss 0.340555   QE Loss 0.000000   Distribution Loss 0.000000   IDM Loss 0.000000   Top1 88.281250   Top5 99.613281   LR 0.092632   QLR 0.000009   
2025-12-17 14:36:28,515 - INFO  - Mixed 0 Training [21][  200/  391]   Loss 0.296009   QE Loss 0.000000   Distribution Loss -0.070493   IDM Loss 0.000000   Top1 87.539062   Top5 99.550781   LR 0.092632   QLR 0.000009   
2025-12-17 14:36:28,515 - INFO  - Mixed 1 Training [21][  200/  391]   Loss 0.290863   QE Loss 0.000000   Distribution Loss -0.074059   IDM Loss 0.000000   Top1 87.433594   Top5 99.558594   LR 0.092632   QLR 0.000009   
2025-12-17 14:36:28,516 - INFO  - Mixed 2 Training [21][  200/  391]   Loss 0.288928   QE Loss 0.000000   Distribution Loss -0.078316   IDM Loss 0.000000   Top1 87.359375   Top5 99.582031   LR 0.092632   QLR 0.000009   
2025-12-17 14:36:28,518 - INFO  - ===================================================================================================================
2025-12-17 14:36:38,150 - INFO  - Max Training [21][  220/  391]   Loss 0.338963   QE Loss 0.000000   Distribution Loss 0.000000   IDM Loss 0.000000   Top1 88.334517   Top5 99.612926   LR 0.092632   QLR 0.000009   
2025-12-17 14:36:38,151 - INFO  - Mixed 0 Training [21][  220/  391]   Loss 0.294441   QE Loss 0.000000   Distribution Loss -0.071580   IDM Loss 0.000000   Top1 87.507102   Top5 99.559659   LR 0.092632   QLR 0.000009   
2025-12-17 14:36:38,151 - INFO  - Mixed 1 Training [21][  220/  391]   Loss 0.288555   QE Loss 0.000000   Distribution Loss -0.074251   IDM Loss 0.000000   Top1 87.546165   Top5 99.577415   LR 0.092632   QLR 0.000009   
2025-12-17 14:36:38,151 - INFO  - Mixed 2 Training [21][  220/  391]   Loss 0.288887   QE Loss 0.000000   Distribution Loss -0.077240   IDM Loss 0.000000   Top1 87.400568   Top5 99.591619   LR 0.092632   QLR 0.000009   
2025-12-17 14:36:38,153 - INFO  - ===================================================================================================================
2025-12-17 14:36:47,580 - INFO  - Max Training [21][  240/  391]   Loss 0.340317   QE Loss 0.000000   Distribution Loss 0.000000   IDM Loss 0.000000   Top1 88.242188   Top5 99.615885   LR 0.092632   QLR 0.000009   
2025-12-17 14:36:47,580 - INFO  - Mixed 0 Training [21][  240/  391]   Loss 0.294661   QE Loss 0.000000   Distribution Loss -0.072399   IDM Loss 0.000000   Top1 87.395833   Top5 99.557292   LR 0.092632   QLR 0.000009   
2025-12-17 14:36:47,581 - INFO  - Mixed 1 Training [21][  240/  391]   Loss 0.289536   QE Loss 0.000000   Distribution Loss -0.074876   IDM Loss 0.000000   Top1 87.477214   Top5 99.570312   LR 0.092632   QLR 0.000009   
2025-12-17 14:36:47,581 - INFO  - Mixed 2 Training [21][  240/  391]   Loss 0.289644   QE Loss 0.000000   Distribution Loss -0.078216   IDM Loss 0.000000   Top1 87.304688   Top5 99.580078   LR 0.092632   QLR 0.000009   
2025-12-17 14:36:47,582 - INFO  - ===================================================================================================================
2025-12-17 14:36:57,120 - INFO  - Max Training [21][  260/  391]   Loss 0.339665   QE Loss 0.000000   Distribution Loss 0.000000   IDM Loss 0.000000   Top1 88.212139   Top5 99.627404   LR 0.092632   QLR 0.000009   
2025-12-17 14:36:57,121 - INFO  - Mixed 0 Training [21][  260/  391]   Loss 0.293225   QE Loss 0.000000   Distribution Loss -0.072935   IDM Loss 0.000000   Top1 87.367788   Top5 99.567308   LR 0.092632   QLR 0.000009   
2025-12-17 14:36:57,121 - INFO  - Mixed 1 Training [21][  260/  391]   Loss 0.289008   QE Loss 0.000000   Distribution Loss -0.074568   IDM Loss 0.000000   Top1 87.472957   Top5 99.579327   LR 0.092632   QLR 0.000009   
2025-12-17 14:36:57,121 - INFO  - Mixed 2 Training [21][  260/  391]   Loss 0.290377   QE Loss 0.000000   Distribution Loss -0.076193   IDM Loss 0.000000   Top1 87.301683   Top5 99.588341   LR 0.092632   QLR 0.000009   
2025-12-17 14:36:57,123 - INFO  - ===================================================================================================================
2025-12-17 14:37:06,621 - INFO  - Max Training [21][  280/  391]   Loss 0.340221   QE Loss 0.000000   Distribution Loss 0.000000   IDM Loss 0.000000   Top1 88.186384   Top5 99.612165   LR 0.092632   QLR 0.000009   
2025-12-17 14:37:06,622 - INFO  - Mixed 0 Training [21][  280/  391]   Loss 0.293221   QE Loss 0.000000   Distribution Loss -0.073748   IDM Loss 0.000000   Top1 87.343750   Top5 99.536830   LR 0.092632   QLR 0.000009   
2025-12-17 14:37:06,622 - INFO  - Mixed 1 Training [21][  280/  391]   Loss 0.290222   QE Loss 0.000000   Distribution Loss -0.073874   IDM Loss 0.000000   Top1 87.458147   Top5 99.556362   LR 0.092632   QLR 0.000009   
2025-12-17 14:37:06,622 - INFO  - Mixed 2 Training [21][  280/  391]   Loss 0.289651   QE Loss 0.000000   Distribution Loss -0.076943   IDM Loss 0.000000   Top1 87.318638   Top5 99.575893   LR 0.092632   QLR 0.000009   
2025-12-17 14:37:06,624 - INFO  - ===================================================================================================================
2025-12-17 14:37:16,207 - INFO  - Max Training [21][  300/  391]   Loss 0.342265   QE Loss 0.000000   Distribution Loss 0.000000   IDM Loss 0.000000   Top1 88.075521   Top5 99.604167   LR 0.092632   QLR 0.000009   
2025-12-17 14:37:16,208 - INFO  - Mixed 0 Training [21][  300/  391]   Loss 0.294985   QE Loss 0.000000   Distribution Loss -0.074068   IDM Loss 0.000000   Top1 87.257812   Top5 99.533854   LR 0.092632   QLR 0.000009   
2025-12-17 14:37:16,208 - INFO  - Mixed 1 Training [21][  300/  391]   Loss 0.291994   QE Loss 0.000000   Distribution Loss -0.073410   IDM Loss 0.000000   Top1 87.393229   Top5 99.544271   LR 0.092632   QLR 0.000009   
2025-12-17 14:37:16,208 - INFO  - Mixed 2 Training [21][  300/  391]   Loss 0.290651   QE Loss 0.000000   Distribution Loss -0.077266   IDM Loss 0.000000   Top1 87.250000   Top5 99.565104   LR 0.092632   QLR 0.000009   
2025-12-17 14:37:16,210 - INFO  - ===================================================================================================================
2025-12-17 14:37:25,674 - INFO  - Max Training [21][  320/  391]   Loss 0.341951   QE Loss 0.000000   Distribution Loss 0.000000   IDM Loss 0.000000   Top1 88.085938   Top5 99.602051   LR 0.092632   QLR 0.000009   
2025-12-17 14:37:25,674 - INFO  - Mixed 0 Training [21][  320/  391]   Loss 0.294871   QE Loss 0.000000   Distribution Loss -0.073506   IDM Loss 0.000000   Top1 87.258301   Top5 99.531250   LR 0.092632   QLR 0.000009   
2025-12-17 14:37:25,674 - INFO  - Mixed 1 Training [21][  320/  391]   Loss 0.291089   QE Loss 0.000000   Distribution Loss -0.073982   IDM Loss 0.000000   Top1 87.392578   Top5 99.548340   LR 0.092632   QLR 0.000009   
2025-12-17 14:37:25,674 - INFO  - Mixed 2 Training [21][  320/  391]   Loss 0.289753   QE Loss 0.000000   Distribution Loss -0.077809   IDM Loss 0.000000   Top1 87.250977   Top5 99.567871   LR 0.092632   QLR 0.000009   
2025-12-17 14:37:25,677 - INFO  - ===================================================================================================================
2025-12-17 14:37:35,685 - INFO  - Max Training [21][  340/  391]   Loss 0.341508   QE Loss 0.000000   Distribution Loss 0.000000   IDM Loss 0.000000   Top1 88.074449   Top5 99.607077   LR 0.092632   QLR 0.000009   
2025-12-17 14:37:35,685 - INFO  - Mixed 0 Training [21][  340/  391]   Loss 0.294273   QE Loss 0.000000   Distribution Loss -0.073207   IDM Loss 0.000000   Top1 87.274816   Top5 99.545037   LR 0.092632   QLR 0.000009   
2025-12-17 14:37:35,686 - INFO  - Mixed 1 Training [21][  340/  391]   Loss 0.290004   QE Loss 0.000000   Distribution Loss -0.074323   IDM Loss 0.000000   Top1 87.389706   Top5 99.556526   LR 0.092632   QLR 0.000009   
2025-12-17 14:37:35,686 - INFO  - Mixed 2 Training [21][  340/  391]   Loss 0.289739   QE Loss 0.000000   Distribution Loss -0.076930   IDM Loss 0.000000   Top1 87.270221   Top5 99.568015   LR 0.092632   QLR 0.000009   
2025-12-17 14:37:35,687 - INFO  - ===================================================================================================================
2025-12-17 14:37:45,217 - INFO  - Max Training [21][  360/  391]   Loss 0.342481   QE Loss 0.000000   Distribution Loss 0.000000   IDM Loss 0.000000   Top1 88.033854   Top5 99.602865   LR 0.092632   QLR 0.000009   
2025-12-17 14:37:45,218 - INFO  - Mixed 0 Training [21][  360/  391]   Loss 0.296785   QE Loss 0.000000   Distribution Loss -0.071815   IDM Loss 0.000000   Top1 87.241753   Top5 99.533420   LR 0.092632   QLR 0.000009   
2025-12-17 14:37:45,218 - INFO  - Mixed 1 Training [21][  360/  391]   Loss 0.292334   QE Loss 0.000000   Distribution Loss -0.073415   IDM Loss 0.000000   Top1 87.339410   Top5 99.559462   LR 0.092632   QLR 0.000009   
2025-12-17 14:37:45,218 - INFO  - Mixed 2 Training [21][  360/  391]   Loss 0.291536   QE Loss 0.000000   Distribution Loss -0.076751   IDM Loss 0.000000   Top1 87.217882   Top5 99.559462   LR 0.092632   QLR 0.000009   
2025-12-17 14:37:45,220 - INFO  - ===================================================================================================================
2025-12-17 14:37:54,619 - INFO  - Max Training [21][  380/  391]   Loss 0.344081   QE Loss 0.000000   Distribution Loss 0.000000   IDM Loss 0.000000   Top1 87.985197   Top5 99.601151   LR 0.092632   QLR 0.000009   
2025-12-17 14:37:54,620 - INFO  - Mixed 0 Training [21][  380/  391]   Loss 0.298177   QE Loss 0.000000   Distribution Loss -0.071510   IDM Loss 0.000000   Top1 87.203947   Top5 99.525082   LR 0.092632   QLR 0.000009   
2025-12-17 14:37:54,620 - INFO  - Mixed 1 Training [21][  380/  391]   Loss 0.294420   QE Loss 0.000000   Distribution Loss -0.073306   IDM Loss 0.000000   Top1 87.261513   Top5 99.557977   LR 0.092632   QLR 0.000009   
2025-12-17 14:37:54,620 - INFO  - Mixed 2 Training [21][  380/  391]   Loss 0.292214   QE Loss 0.000000   Distribution Loss -0.077598   IDM Loss 0.000000   Top1 87.168997   Top5 99.560033   LR 0.092632   QLR 0.000009   
2025-12-17 14:37:54,621 - INFO  - ===================================================================================================================
2025-12-17 14:37:59,468 - INFO  - ==> Max Top1: 87.975    Top5: 99.603    Loss: 0.344
2025-12-17 14:37:59,469 - INFO  - ==> Mixed 0 Top1: 87.204    Top5: 99.521    Loss: 0.298
2025-12-17 14:37:59,469 - INFO  - ==> Mixed 1 Top1: 87.248    Top5: 99.555    Loss: 0.293
2025-12-17 14:37:59,469 - INFO  - ==> Mixed 2 Top1: 87.163    Top5: 99.559    Loss: 0.292
2025-12-17 14:37:59,470 - INFO  - Epoch  21 Summary - Train Top1: 87.975%  Top5: 99.603%  Loss: 0.3436
2025-12-17 14:37:59,470 - INFO  -   ⏱️  本Epoch耗时: 3分7秒 | 平均Epoch耗时: 3分6秒 | 剩余Epoch数: 98
2025-12-17 14:37:59,470 - INFO  -   📅 预估剩余时间: 5小时5分23秒 | 预估完成时间: 2025-12-17 19:43:23
2025-12-17 14:37:59,470 - INFO  - Scoreboard best 1 ==> Epoch [21][Top1: 0.000   Top5: 0.000]
2025-12-17 14:37:59,471 - INFO  - Scoreboard best 2 ==> Epoch [20][Top1: 0.000   Top5: 0.000]
2025-12-17 14:37:59,471 - INFO  - Scoreboard best 3 ==> Epoch [19][Top1: 0.000   Top5: 0.000]
2025-12-17 14:38:00,438 - INFO  - ([21] Epoch) Saving checkpoint to:
             Current: /root/autodl-tmp/retraining-free-quantization/training/resnet18_cifar10_single_gpu_normal_srqat_ls0/resnet18_cifar10_single_gpu_normal_srqat_ls0_checkpoint.pth.tar

2025-12-17 14:38:00,441 - INFO  - >>>>>>>> Epoch  22
2025-12-17 14:38:00,441 - INFO  - Training: 50000 samples (128 per mini-batch)
2025-12-17 14:38:00,802 - INFO  - [FAT] Batch 0, Iter 0: FAT is DISABLED, using standard training
2025-12-17 14:38:10,409 - INFO  - Max Training [22][   20/  391]   Loss 0.335496   QE Loss 0.000000   Distribution Loss 0.000000   IDM Loss 0.000000   Top1 88.789062   Top5 99.687500   LR 0.091934   QLR 0.000009   
2025-12-17 14:38:10,410 - INFO  - Mixed 0 Training [22][   20/  391]   Loss 0.300486   QE Loss 0.000000   Distribution Loss -0.053353   IDM Loss 0.000000   Top1 87.734375   Top5 99.531250   LR 0.091934   QLR 0.000009   
2025-12-17 14:38:10,410 - INFO  - Mixed 1 Training [22][   20/  391]   Loss 0.289986   QE Loss 0.000000   Distribution Loss -0.065905   IDM Loss 0.000000   Top1 87.773438   Top5 99.648438   LR 0.091934   QLR 0.000009   
2025-12-17 14:38:10,410 - INFO  - Mixed 2 Training [22][   20/  391]   Loss 0.269250   QE Loss 0.000000   Distribution Loss -0.084380   IDM Loss 0.000000   Top1 87.812500   Top5 99.609375   LR 0.091934   QLR 0.000009   
2025-12-17 14:38:10,413 - INFO  - ===================================================================================================================
2025-12-17 14:38:20,055 - INFO  - Max Training [22][   40/  391]   Loss 0.323343   QE Loss 0.000000   Distribution Loss 0.000000   IDM Loss 0.000000   Top1 89.101562   Top5 99.628906   LR 0.091934   QLR 0.000009   
2025-12-17 14:38:20,056 - INFO  - Mixed 0 Training [22][   40/  391]   Loss 0.282954   QE Loss 0.000000   Distribution Loss -0.063216   IDM Loss 0.000000   Top1 87.890625   Top5 99.589844   LR 0.091934   QLR 0.000009   
2025-12-17 14:38:20,056 - INFO  - Mixed 1 Training [22][   40/  391]   Loss 0.274379   QE Loss 0.000000   Distribution Loss -0.074810   IDM Loss 0.000000   Top1 87.792969   Top5 99.628906   LR 0.091934   QLR 0.000009   
2025-12-17 14:38:20,056 - INFO  - Mixed 2 Training [22][   40/  391]   Loss 0.260511   QE Loss 0.000000   Distribution Loss -0.082632   IDM Loss 0.000000   Top1 88.203125   Top5 99.609375   LR 0.091934   QLR 0.000009   
2025-12-17 14:38:20,058 - INFO  - ===================================================================================================================
2025-12-17 14:38:29,523 - INFO  - Max Training [22][   60/  391]   Loss 0.330886   QE Loss 0.000000   Distribution Loss 0.000000   IDM Loss 0.000000   Top1 88.723958   Top5 99.648438   LR 0.091934   QLR 0.000009   
2025-12-17 14:38:29,524 - INFO  - Mixed 0 Training [22][   60/  391]   Loss 0.279050   QE Loss 0.000000   Distribution Loss -0.075936   IDM Loss 0.000000   Top1 87.578125   Top5 99.570312   LR 0.091934   QLR 0.000009   
2025-12-17 14:38:29,524 - INFO  - Mixed 1 Training [22][   60/  391]   Loss 0.278182   QE Loss 0.000000   Distribution Loss -0.074377   IDM Loss 0.000000   Top1 87.591146   Top5 99.622396   LR 0.091934   QLR 0.000009   
2025-12-17 14:38:29,524 - INFO  - Mixed 2 Training [22][   60/  391]   Loss 0.270512   QE Loss 0.000000   Distribution Loss -0.077862   IDM Loss 0.000000   Top1 88.033854   Top5 99.661458   LR 0.091934   QLR 0.000009   
2025-12-17 14:38:29,526 - INFO  - ===================================================================================================================
2025-12-17 14:38:39,186 - INFO  - Max Training [22][   80/  391]   Loss 0.331350   QE Loss 0.000000   Distribution Loss 0.000000   IDM Loss 0.000000   Top1 88.574219   Top5 99.599609   LR 0.091934   QLR 0.000009   
2025-12-17 14:38:39,187 - INFO  - Mixed 0 Training [22][   80/  391]   Loss 0.283672   QE Loss 0.000000   Distribution Loss -0.070824   IDM Loss 0.000000   Top1 87.548828   Top5 99.560547   LR 0.091934   QLR 0.000009   
2025-12-17 14:38:39,187 - INFO  - Mixed 1 Training [22][   80/  391]   Loss 0.281203   QE Loss 0.000000   Distribution Loss -0.071793   IDM Loss 0.000000   Top1 87.500000   Top5 99.589844   LR 0.091934   QLR 0.000009   
2025-12-17 14:38:39,187 - INFO  - Mixed 2 Training [22][   80/  391]   Loss 0.270794   QE Loss 0.000000   Distribution Loss -0.080074   IDM Loss 0.000000   Top1 87.900391   Top5 99.648438   LR 0.091934   QLR 0.000009   
2025-12-17 14:38:39,189 - INFO  - ===================================================================================================================
2025-12-17 14:38:48,876 - INFO  - Max Training [22][  100/  391]   Loss 0.326772   QE Loss 0.000000   Distribution Loss 0.000000   IDM Loss 0.000000   Top1 88.656250   Top5 99.593750   LR 0.091934   QLR 0.000009   
2025-12-17 14:38:48,877 - INFO  - Mixed 0 Training [22][  100/  391]   Loss 0.276800   QE Loss 0.000000   Distribution Loss -0.073335   IDM Loss 0.000000   Top1 87.828125   Top5 99.578125   LR 0.091934   QLR 0.000009   
2025-12-17 14:38:48,877 - INFO  - Mixed 1 Training [22][  100/  391]   Loss 0.278985   QE Loss 0.000000   Distribution Loss -0.069655   IDM Loss 0.000000   Top1 87.835938   Top5 99.609375   LR 0.091934   QLR 0.000009   
2025-12-17 14:38:48,877 - INFO  - Mixed 2 Training [22][  100/  391]   Loss 0.266167   QE Loss 0.000000   Distribution Loss -0.079010   IDM Loss 0.000000   Top1 88.156250   Top5 99.632812   LR 0.091934   QLR 0.000009   
2025-12-17 14:38:48,879 - INFO  - ===================================================================================================================
2025-12-17 14:38:58,309 - INFO  - Max Training [22][  120/  391]   Loss 0.325567   QE Loss 0.000000   Distribution Loss 0.000000   IDM Loss 0.000000   Top1 88.645833   Top5 99.622396   LR 0.091934   QLR 0.000009   
2025-12-17 14:38:58,310 - INFO  - Mixed 0 Training [22][  120/  391]   Loss 0.274520   QE Loss 0.000000   Distribution Loss -0.074359   IDM Loss 0.000000   Top1 87.903646   Top5 99.602865   LR 0.091934   QLR 0.000009   
2025-12-17 14:38:58,310 - INFO  - Mixed 1 Training [22][  120/  391]   Loss 0.278400   QE Loss 0.000000   Distribution Loss -0.069653   IDM Loss 0.000000   Top1 87.923177   Top5 99.628906   LR 0.091934   QLR 0.000009   
2025-12-17 14:38:58,310 - INFO  - Mixed 2 Training [22][  120/  391]   Loss 0.266830   QE Loss 0.000000   Distribution Loss -0.077569   IDM Loss 0.000000   Top1 88.131510   Top5 99.622396   LR 0.091934   QLR 0.000009   
2025-12-17 14:38:58,312 - INFO  - ===================================================================================================================
2025-12-17 14:39:07,839 - INFO  - Max Training [22][  140/  391]   Loss 0.328005   QE Loss 0.000000   Distribution Loss 0.000000   IDM Loss 0.000000   Top1 88.532366   Top5 99.598214   LR 0.091934   QLR 0.000009   
2025-12-17 14:39:07,840 - INFO  - Mixed 0 Training [22][  140/  391]   Loss 0.277146   QE Loss 0.000000   Distribution Loss -0.073776   IDM Loss 0.000000   Top1 87.840402   Top5 99.575893   LR 0.091934   QLR 0.000009   
2025-12-17 14:39:07,840 - INFO  - Mixed 1 Training [22][  140/  391]   Loss 0.282142   QE Loss 0.000000   Distribution Loss -0.069938   IDM Loss 0.000000   Top1 87.734375   Top5 99.603795   LR 0.091934   QLR 0.000009   
2025-12-17 14:39:07,840 - INFO  - Mixed 2 Training [22][  140/  391]   Loss 0.269414   QE Loss 0.000000   Distribution Loss -0.079456   IDM Loss 0.000000   Top1 87.935268   Top5 99.581473   LR 0.091934   QLR 0.000009   
2025-12-17 14:39:07,842 - INFO  - ===================================================================================================================
2025-12-17 14:39:17,221 - INFO  - Max Training [22][  160/  391]   Loss 0.328722   QE Loss 0.000000   Distribution Loss 0.000000   IDM Loss 0.000000   Top1 88.491211   Top5 99.619141   LR 0.091934   QLR 0.000009   
2025-12-17 14:39:17,221 - INFO  - Mixed 0 Training [22][  160/  391]   Loss 0.275924   QE Loss 0.000000   Distribution Loss -0.075111   IDM Loss 0.000000   Top1 87.841797   Top5 99.589844   LR 0.091934   QLR 0.000009   
2025-12-17 14:39:17,221 - INFO  - Mixed 1 Training [22][  160/  391]   Loss 0.281253   QE Loss 0.000000   Distribution Loss -0.070699   IDM Loss 0.000000   Top1 87.719727   Top5 99.619141   LR 0.091934   QLR 0.000009   
2025-12-17 14:39:17,221 - INFO  - Mixed 2 Training [22][  160/  391]   Loss 0.270815   QE Loss 0.000000   Distribution Loss -0.078227   IDM Loss 0.000000   Top1 87.924805   Top5 99.594727   LR 0.091934   QLR 0.000009   
2025-12-17 14:39:17,223 - INFO  - ===================================================================================================================
2025-12-17 14:39:26,890 - INFO  - Max Training [22][  180/  391]   Loss 0.333148   QE Loss 0.000000   Distribution Loss 0.000000   IDM Loss 0.000000   Top1 88.394097   Top5 99.622396   LR 0.091934   QLR 0.000009   
2025-12-17 14:39:26,890 - INFO  - Mixed 0 Training [22][  180/  391]   Loss 0.280445   QE Loss 0.000000   Distribution Loss -0.074427   IDM Loss 0.000000   Top1 87.708333   Top5 99.578993   LR 0.091934   QLR 0.000009   
2025-12-17 14:39:26,890 - INFO  - Mixed 1 Training [22][  180/  391]   Loss 0.285296   QE Loss 0.000000   Distribution Loss -0.071450   IDM Loss 0.000000   Top1 87.547743   Top5 99.613715   LR 0.091934   QLR 0.000009   
2025-12-17 14:39:26,890 - INFO  - Mixed 2 Training [22][  180/  391]   Loss 0.274706   QE Loss 0.000000   Distribution Loss -0.079163   IDM Loss 0.000000   Top1 87.821181   Top5 99.583333   LR 0.091934   QLR 0.000009   
2025-12-17 14:39:26,892 - INFO  - ===================================================================================================================
2025-12-17 14:39:36,449 - INFO  - Max Training [22][  200/  391]   Loss 0.332604   QE Loss 0.000000   Distribution Loss 0.000000   IDM Loss 0.000000   Top1 88.464844   Top5 99.625000   LR 0.091934   QLR 0.000009   
2025-12-17 14:39:36,450 - INFO  - Mixed 0 Training [22][  200/  391]   Loss 0.278811   QE Loss 0.000000   Distribution Loss -0.074890   IDM Loss 0.000000   Top1 87.800781   Top5 99.578125   LR 0.091934   QLR 0.000009   
2025-12-17 14:39:36,450 - INFO  - Mixed 1 Training [22][  200/  391]   Loss 0.281875   QE Loss 0.000000   Distribution Loss -0.074115   IDM Loss 0.000000   Top1 87.628906   Top5 99.621094   LR 0.091934   QLR 0.000009   
2025-12-17 14:39:36,450 - INFO  - Mixed 2 Training [22][  200/  391]   Loss 0.276149   QE Loss 0.000000   Distribution Loss -0.077350   IDM Loss 0.000000   Top1 87.839844   Top5 99.582031   LR 0.091934   QLR 0.000009   
2025-12-17 14:39:36,452 - INFO  - ===================================================================================================================
2025-12-17 14:39:46,030 - INFO  - Max Training [22][  220/  391]   Loss 0.332604   QE Loss 0.000000   Distribution Loss 0.000000   IDM Loss 0.000000   Top1 88.458807   Top5 99.620028   LR 0.091934   QLR 0.000009   
2025-12-17 14:39:46,031 - INFO  - Mixed 0 Training [22][  220/  391]   Loss 0.280249   QE Loss 0.000000   Distribution Loss -0.074078   IDM Loss 0.000000   Top1 87.769886   Top5 99.577415   LR 0.091934   QLR 0.000009   
2025-12-17 14:39:46,031 - INFO  - Mixed 1 Training [22][  220/  391]   Loss 0.283006   QE Loss 0.000000   Distribution Loss -0.073712   IDM Loss 0.000000   Top1 87.588778   Top5 99.623580   LR 0.091934   QLR 0.000009   
2025-12-17 14:39:46,031 - INFO  - Mixed 2 Training [22][  220/  391]   Loss 0.277203   QE Loss 0.000000   Distribution Loss -0.075989   IDM Loss 0.000000   Top1 87.787642   Top5 99.566761   LR 0.091934   QLR 0.000009   
2025-12-17 14:39:46,033 - INFO  - ===================================================================================================================
2025-12-17 14:39:55,636 - INFO  - Max Training [22][  240/  391]   Loss 0.331768   QE Loss 0.000000   Distribution Loss 0.000000   IDM Loss 0.000000   Top1 88.518880   Top5 99.625651   LR 0.091934   QLR 0.000009   
2025-12-17 14:39:55,637 - INFO  - Mixed 0 Training [22][  240/  391]   Loss 0.280648   QE Loss 0.000000   Distribution Loss -0.073515   IDM Loss 0.000000   Top1 87.747396   Top5 99.567057   LR 0.091934   QLR 0.000009   
2025-12-17 14:39:55,637 - INFO  - Mixed 1 Training [22][  240/  391]   Loss 0.282285   QE Loss 0.000000   Distribution Loss -0.074269   IDM Loss 0.000000   Top1 87.617188   Top5 99.609375   LR 0.091934   QLR 0.000009   
2025-12-17 14:39:55,637 - INFO  - Mixed 2 Training [22][  240/  391]   Loss 0.275762   QE Loss 0.000000   Distribution Loss -0.076782   IDM Loss 0.000000   Top1 87.783203   Top5 99.567057   LR 0.091934   QLR 0.000009   
2025-12-17 14:39:55,639 - INFO  - ===================================================================================================================
2025-12-17 14:40:05,333 - INFO  - Max Training [22][  260/  391]   Loss 0.331297   QE Loss 0.000000   Distribution Loss 0.000000   IDM Loss 0.000000   Top1 88.560697   Top5 99.621394   LR 0.091934   QLR 0.000009   
2025-12-17 14:40:05,333 - INFO  - Mixed 0 Training [22][  260/  391]   Loss 0.280622   QE Loss 0.000000   Distribution Loss -0.073976   IDM Loss 0.000000   Top1 87.782452   Top5 99.552284   LR 0.091934   QLR 0.000009   
2025-12-17 14:40:05,333 - INFO  - Mixed 1 Training [22][  260/  391]   Loss 0.281760   QE Loss 0.000000   Distribution Loss -0.073568   IDM Loss 0.000000   Top1 87.698317   Top5 99.600361   LR 0.091934   QLR 0.000009   
2025-12-17 14:40:05,333 - INFO  - Mixed 2 Training [22][  260/  391]   Loss 0.275994   QE Loss 0.000000   Distribution Loss -0.075530   IDM Loss 0.000000   Top1 87.839543   Top5 99.555288   LR 0.091934   QLR 0.000009   
2025-12-17 14:40:05,336 - INFO  - ===================================================================================================================
2025-12-17 14:40:14,915 - INFO  - Max Training [22][  280/  391]   Loss 0.331954   QE Loss 0.000000   Distribution Loss 0.000000   IDM Loss 0.000000   Top1 88.507254   Top5 99.631696   LR 0.091934   QLR 0.000009   
2025-12-17 14:40:14,916 - INFO  - Mixed 0 Training [22][  280/  391]   Loss 0.281565   QE Loss 0.000000   Distribution Loss -0.073891   IDM Loss 0.000000   Top1 87.745536   Top5 99.542411   LR 0.091934   QLR 0.000009   
2025-12-17 14:40:14,916 - INFO  - Mixed 1 Training [22][  280/  391]   Loss 0.281860   QE Loss 0.000000   Distribution Loss -0.073960   IDM Loss 0.000000   Top1 87.675781   Top5 99.606585   LR 0.091934   QLR 0.000009   
2025-12-17 14:40:14,916 - INFO  - Mixed 2 Training [22][  280/  391]   Loss 0.277557   QE Loss 0.000000   Distribution Loss -0.074103   IDM Loss 0.000000   Top1 87.829241   Top5 99.542411   LR 0.091934   QLR 0.000009   
2025-12-17 14:40:14,918 - INFO  - ===================================================================================================================
2025-12-17 14:40:24,332 - INFO  - Max Training [22][  300/  391]   Loss 0.332512   QE Loss 0.000000   Distribution Loss 0.000000   IDM Loss 0.000000   Top1 88.502604   Top5 99.632812   LR 0.091934   QLR 0.000009   
2025-12-17 14:40:24,332 - INFO  - Mixed 0 Training [22][  300/  391]   Loss 0.281743   QE Loss 0.000000   Distribution Loss -0.074530   IDM Loss 0.000000   Top1 87.690104   Top5 99.544271   LR 0.091934   QLR 0.000009   
2025-12-17 14:40:24,332 - INFO  - Mixed 1 Training [22][  300/  391]   Loss 0.282428   QE Loss 0.000000   Distribution Loss -0.074315   IDM Loss 0.000000   Top1 87.640625   Top5 99.601562   LR 0.091934   QLR 0.000009   
2025-12-17 14:40:24,332 - INFO  - Mixed 2 Training [22][  300/  391]   Loss 0.276837   QE Loss 0.000000   Distribution Loss -0.075446   IDM Loss 0.000000   Top1 87.794271   Top5 99.546875   LR 0.091934   QLR 0.000009   
2025-12-17 14:40:24,334 - INFO  - ===================================================================================================================
2025-12-17 14:40:33,956 - INFO  - Max Training [22][  320/  391]   Loss 0.331971   QE Loss 0.000000   Distribution Loss 0.000000   IDM Loss 0.000000   Top1 88.537598   Top5 99.633789   LR 0.091934   QLR 0.000009   
2025-12-17 14:40:33,957 - INFO  - Mixed 0 Training [22][  320/  391]   Loss 0.280093   QE Loss 0.000000   Distribution Loss -0.075431   IDM Loss 0.000000   Top1 87.761230   Top5 99.543457   LR 0.091934   QLR 0.000009   
2025-12-17 14:40:33,957 - INFO  - Mixed 1 Training [22][  320/  391]   Loss 0.282167   QE Loss 0.000000   Distribution Loss -0.074034   IDM Loss 0.000000   Top1 87.661133   Top5 99.599609   LR 0.091934   QLR 0.000009   
2025-12-17 14:40:33,957 - INFO  - Mixed 2 Training [22][  320/  391]   Loss 0.277008   QE Loss 0.000000   Distribution Loss -0.075384   IDM Loss 0.000000   Top1 87.788086   Top5 99.548340   LR 0.091934   QLR 0.000009   
2025-12-17 14:40:33,963 - INFO  - ===================================================================================================================
2025-12-17 14:40:43,601 - INFO  - Max Training [22][  340/  391]   Loss 0.331656   QE Loss 0.000000   Distribution Loss 0.000000   IDM Loss 0.000000   Top1 88.559283   Top5 99.625460   LR 0.091934   QLR 0.000009   
2025-12-17 14:40:43,602 - INFO  - Mixed 0 Training [22][  340/  391]   Loss 0.280710   QE Loss 0.000000   Distribution Loss -0.074803   IDM Loss 0.000000   Top1 87.752757   Top5 99.540441   LR 0.091934   QLR 0.000009   
2025-12-17 14:40:43,602 - INFO  - Mixed 1 Training [22][  340/  391]   Loss 0.281447   QE Loss 0.000000   Distribution Loss -0.074018   IDM Loss 0.000000   Top1 87.690717   Top5 99.595588   LR 0.091934   QLR 0.000009   
2025-12-17 14:40:43,602 - INFO  - Mixed 2 Training [22][  340/  391]   Loss 0.276254   QE Loss 0.000000   Distribution Loss -0.075684   IDM Loss 0.000000   Top1 87.819393   Top5 99.549632   LR 0.091934   QLR 0.000009   
2025-12-17 14:40:43,604 - INFO  - ===================================================================================================================
2025-12-17 14:40:53,109 - INFO  - Max Training [22][  360/  391]   Loss 0.331573   QE Loss 0.000000   Distribution Loss 0.000000   IDM Loss 0.000000   Top1 88.532986   Top5 99.624566   LR 0.091934   QLR 0.000009   
2025-12-17 14:40:53,110 - INFO  - Mixed 0 Training [22][  360/  391]   Loss 0.280522   QE Loss 0.000000   Distribution Loss -0.074920   IDM Loss 0.000000   Top1 87.758247   Top5 99.544271   LR 0.091934   QLR 0.000009   
2025-12-17 14:40:53,110 - INFO  - Mixed 1 Training [22][  360/  391]   Loss 0.280296   QE Loss 0.000000   Distribution Loss -0.075113   IDM Loss 0.000000   Top1 87.675781   Top5 99.602865   LR 0.091934   QLR 0.000009   
2025-12-17 14:40:53,110 - INFO  - Mixed 2 Training [22][  360/  391]   Loss 0.275842   QE Loss 0.000000   Distribution Loss -0.076351   IDM Loss 0.000000   Top1 87.819010   Top5 99.548611   LR 0.091934   QLR 0.000009   
2025-12-17 14:40:53,112 - INFO  - ===================================================================================================================
2025-12-17 14:41:03,120 - INFO  - Max Training [22][  380/  391]   Loss 0.331372   QE Loss 0.000000   Distribution Loss 0.000000   IDM Loss 0.000000   Top1 88.530016   Top5 99.629934   LR 0.091934   QLR 0.000009   
2025-12-17 14:41:03,121 - INFO  - Mixed 0 Training [22][  380/  391]   Loss 0.279583   QE Loss 0.000000   Distribution Loss -0.075731   IDM Loss 0.000000   Top1 87.769326   Top5 99.547697   LR 0.091934   QLR 0.000009   
2025-12-17 14:41:03,121 - INFO  - Mixed 1 Training [22][  380/  391]   Loss 0.279111   QE Loss 0.000000   Distribution Loss -0.075749   IDM Loss 0.000000   Top1 87.676809   Top5 99.601151   LR 0.091934   QLR 0.000009   
2025-12-17 14:41:03,121 - INFO  - Mixed 2 Training [22][  380/  391]   Loss 0.275819   QE Loss 0.000000   Distribution Loss -0.075720   IDM Loss 0.000000   Top1 87.841283   Top5 99.551809   LR 0.091934   QLR 0.000009   
2025-12-17 14:41:03,123 - INFO  - ===================================================================================================================
2025-12-17 14:41:08,060 - INFO  - ==> Max Top1: 88.504    Top5: 99.625    Loss: 0.332
2025-12-17 14:41:08,060 - INFO  - ==> Mixed 0 Top1: 87.750    Top5: 99.545    Loss: 0.280
2025-12-17 14:41:08,060 - INFO  - ==> Mixed 1 Top1: 87.642    Top5: 99.599    Loss: 0.280
2025-12-17 14:41:08,061 - INFO  - ==> Mixed 2 Top1: 87.788    Top5: 99.549    Loss: 0.276
2025-12-17 14:41:08,061 - INFO  - Epoch  22 Summary - Train Top1: 88.504%  Top5: 99.625%  Loss: 0.3323
2025-12-17 14:41:08,061 - INFO  -   ⏱️  本Epoch耗时: 3分7秒 | 平均Epoch耗时: 3分7秒 | 剩余Epoch数: 97
2025-12-17 14:41:08,061 - INFO  -   📅 预估剩余时间: 5小时2分23秒 | 预估完成时间: 2025-12-17 19:43:31
2025-12-17 14:41:08,062 - INFO  - Scoreboard best 1 ==> Epoch [22][Top1: 0.000   Top5: 0.000]
2025-12-17 14:41:08,062 - INFO  - Scoreboard best 2 ==> Epoch [21][Top1: 0.000   Top5: 0.000]
2025-12-17 14:41:08,062 - INFO  - Scoreboard best 3 ==> Epoch [20][Top1: 0.000   Top5: 0.000]
2025-12-17 14:41:08,861 - INFO  - ([22] Epoch) Saving checkpoint to:
             Current: /root/autodl-tmp/retraining-free-quantization/training/resnet18_cifar10_single_gpu_normal_srqat_ls0/resnet18_cifar10_single_gpu_normal_srqat_ls0_checkpoint.pth.tar

2025-12-17 14:41:08,864 - INFO  - >>>>>>>> Epoch  23
2025-12-17 14:41:08,864 - INFO  - Training: 50000 samples (128 per mini-batch)
2025-12-17 14:41:09,630 - INFO  - [Freezing] layer layer4.1.conv2, 0.07081310451030731, [6, 5, 4, 3, 2] -> [6, 5, 4, 3]
2025-12-17 14:41:09,631 - INFO  - [Freezing] layer layer4.0.downsample.0, 0.06917379051446915, [6, 5, 4, 3, 2] -> [6, 5, 4, 3]
2025-12-17 14:41:09,631 - INFO  - [Freezing] layer layer3.1.conv2, 0.06873800605535507, [6, 5, 4, 3, 2] -> [6, 5, 4, 3]
2025-12-17 14:41:09,631 - INFO  - [Freezing] layer layer4.0.conv1, 0.06860117614269257, [6, 5, 4, 3, 2] -> [6, 5, 4, 3]
2025-12-17 14:41:09,631 - INFO  - [Freezing] layer layer3.0.conv2, 0.0671272724866867, [6, 5, 4, 3, 2] -> [6, 5, 4, 3]
2025-12-17 14:41:09,631 - INFO  - [Freezing] layer layer3.0.downsample.0, 0.06682485342025757, [6, 5, 4, 3, 2] -> [6, 5, 4, 3]
2025-12-17 14:41:09,632 - INFO  - [Freezing] layer layer3.1.conv1, 0.06657581031322479, [6, 5, 4, 3, 2] -> [6, 5, 4, 3]
2025-12-17 14:41:09,632 - INFO  - [Freezing] layer layer4.1.conv1, 0.06639350205659866, [6, 5, 4, 3, 2] -> [6, 5, 4, 3]
2025-12-17 14:41:09,632 - INFO  - [Freezing] layer layer4.0.conv2, 0.05911342799663544, [6, 5, 4, 3] -> [6, 5, 4, 3]
2025-12-17 14:41:09,632 - INFO  - [Activating] layer layer1.0.conv2, 0.058173466473817825, [6, 5, 4, 3, 2] -> (6, 5, 4, 3, 2)
2025-12-17 14:41:09,632 - INFO  - [Activating] layer layer2.0.conv1, 0.057122666388750076, [6, 5, 4, 3, 2] -> (6, 5, 4, 3, 2)
2025-12-17 14:41:09,632 - INFO  - [Activating] layer layer2.1.conv2, 0.05574411898851395, [6, 5, 4, 3] -> (6, 5, 4, 3, 2)
2025-12-17 14:41:09,632 - INFO  - [Activating] layer layer1.1.conv1, 0.05509281903505325, [6, 5, 4, 3] -> (6, 5, 4, 3, 2)
2025-12-17 14:41:09,633 - INFO  - [Activating] layer layer1.0.conv1, 0.05493752285838127, [6, 5, 4, 3] -> (6, 5, 4, 3, 2)
2025-12-17 14:41:09,633 - INFO  - [Activating] layer layer2.0.conv2, 0.0539390854537487, [6, 5, 4, 3] -> (6, 5, 4, 3, 2)
2025-12-17 14:41:09,633 - INFO  - [Activating] layer layer1.1.conv2, 0.05294020101428032, [6, 5, 4, 3] -> (6, 5, 4, 3, 2)
2025-12-17 14:41:09,633 - INFO  - [Activating] layer layer2.1.conv1, 0.052886396646499634, [6, 5, 4, 3] -> (6, 5, 4, 3, 2)
2025-12-17 14:41:09,633 - INFO  - [Activating] layer layer3.0.conv1, 0.05254892632365227, [6, 5, 4, 3] -> (6, 5, 4, 3, 2)
2025-12-17 14:41:09,633 - INFO  - [Activating] layer layer2.0.downsample.0, 0.05233662948012352, [6, 5, 4, 3] -> (6, 5, 4, 3, 2)
2025-12-17 14:41:09,633 - INFO  - Current freezing ratio: 0.4836509786282552
2025-12-17 14:41:09,999 - INFO  - [FAT] Batch 0, Iter 0: FAT is DISABLED, using standard training
2025-12-17 14:41:19,469 - INFO  - Max Training [23][   20/  391]   Loss 0.303027   QE Loss 0.000000   Distribution Loss 0.000000   IDM Loss 0.000000   Top1 88.945312   Top5 99.687500   LR 0.091206   QLR 0.000009   
2025-12-17 14:41:19,470 - INFO  - Mixed 0 Training [23][   20/  391]   Loss 0.272698   QE Loss 0.000000   Distribution Loss -0.052707   IDM Loss 0.000000   Top1 88.476562   Top5 99.687500   LR 0.091206   QLR 0.000009   
2025-12-17 14:41:19,470 - INFO  - Mixed 1 Training [23][   20/  391]   Loss 0.279214   QE Loss 0.000000   Distribution Loss -0.058681   IDM Loss 0.000000   Top1 87.578125   Top5 99.609375   LR 0.091206   QLR 0.000009   
2025-12-17 14:41:19,470 - INFO  - Mixed 2 Training [23][   20/  391]   Loss 0.284564   QE Loss 0.000000   Distribution Loss -0.041276   IDM Loss 0.000000   Top1 88.554688   Top5 99.609375   LR 0.091206   QLR 0.000009   
2025-12-17 14:41:19,472 - INFO  - ===================================================================================================================
2025-12-17 14:41:29,127 - INFO  - Max Training [23][   40/  391]   Loss 0.302863   QE Loss 0.000000   Distribution Loss 0.000000   IDM Loss 0.000000   Top1 89.179688   Top5 99.726562   LR 0.091206   QLR 0.000009   
2025-12-17 14:41:29,128 - INFO  - Mixed 0 Training [23][   40/  391]   Loss 0.278698   QE Loss 0.000000   Distribution Loss -0.051209   IDM Loss 0.000000   Top1 88.339844   Top5 99.687500   LR 0.091206   QLR 0.000009   
2025-12-17 14:41:29,128 - INFO  - Mixed 1 Training [23][   40/  391]   Loss 0.286461   QE Loss 0.000000   Distribution Loss -0.051986   IDM Loss 0.000000   Top1 87.910156   Top5 99.648438   LR 0.091206   QLR 0.000009   
2025-12-17 14:41:29,128 - INFO  - Mixed 2 Training [23][   40/  391]   Loss 0.291508   QE Loss 0.000000   Distribution Loss -0.039350   IDM Loss 0.000000   Top1 88.437500   Top5 99.609375   LR 0.091206   QLR 0.000009   
2025-12-17 14:41:29,130 - INFO  - ===================================================================================================================
2025-12-17 14:41:38,767 - INFO  - Max Training [23][   60/  391]   Loss 0.300616   QE Loss 0.000000   Distribution Loss 0.000000   IDM Loss 0.000000   Top1 89.440104   Top5 99.726562   LR 0.091206   QLR 0.000009   
2025-12-17 14:41:38,768 - INFO  - Mixed 0 Training [23][   60/  391]   Loss 0.274194   QE Loss 0.000000   Distribution Loss -0.048983   IDM Loss 0.000000   Top1 88.710938   Top5 99.739583   LR 0.091206   QLR 0.000009   
2025-12-17 14:41:38,768 - INFO  - Mixed 1 Training [23][   60/  391]   Loss 0.284928   QE Loss 0.000000   Distribution Loss -0.050247   IDM Loss 0.000000   Top1 87.968750   Top5 99.661458   LR 0.091206   QLR 0.000009   
2025-12-17 14:41:38,768 - INFO  - Mixed 2 Training [23][   60/  391]   Loss 0.287117   QE Loss 0.000000   Distribution Loss -0.039843   IDM Loss 0.000000   Top1 88.632812   Top5 99.661458   LR 0.091206   QLR 0.000009   
2025-12-17 14:41:38,770 - INFO  - ===================================================================================================================
2025-12-17 14:41:48,273 - INFO  - Max Training [23][   80/  391]   Loss 0.302951   QE Loss 0.000000   Distribution Loss 0.000000   IDM Loss 0.000000   Top1 89.492188   Top5 99.716797   LR 0.091206   QLR 0.000009   
2025-12-17 14:41:48,274 - INFO  - Mixed 0 Training [23][   80/  391]   Loss 0.278320   QE Loss 0.000000   Distribution Loss -0.046731   IDM Loss 0.000000   Top1 88.837891   Top5 99.716797   LR 0.091206   QLR 0.000009   
2025-12-17 14:41:48,274 - INFO  - Mixed 1 Training [23][   80/  391]   Loss 0.289168   QE Loss 0.000000   Distribution Loss -0.046761   IDM Loss 0.000000   Top1 88.203125   Top5 99.677734   LR 0.091206   QLR 0.000009   
2025-12-17 14:41:48,274 - INFO  - Mixed 2 Training [23][   80/  391]   Loss 0.286704   QE Loss 0.000000   Distribution Loss -0.041908   IDM Loss 0.000000   Top1 88.818359   Top5 99.638672   LR 0.091206   QLR 0.000009   
2025-12-17 14:41:48,276 - INFO  - ===================================================================================================================
2025-12-17 14:41:58,006 - INFO  - Max Training [23][  100/  391]   Loss 0.299036   QE Loss 0.000000   Distribution Loss 0.000000   IDM Loss 0.000000   Top1 89.648438   Top5 99.703125   LR 0.091206   QLR 0.000009   
2025-12-17 14:41:58,007 - INFO  - Mixed 0 Training [23][  100/  391]   Loss 0.273089   QE Loss 0.000000   Distribution Loss -0.048093   IDM Loss 0.000000   Top1 89.000000   Top5 99.695312   LR 0.091206   QLR 0.000009   
2025-12-17 14:41:58,007 - INFO  - Mixed 1 Training [23][  100/  391]   Loss 0.284592   QE Loss 0.000000   Distribution Loss -0.044994   IDM Loss 0.000000   Top1 88.523438   Top5 99.687500   LR 0.091206   QLR 0.000009   
2025-12-17 14:41:58,007 - INFO  - Mixed 2 Training [23][  100/  391]   Loss 0.287989   QE Loss 0.000000   Distribution Loss -0.038407   IDM Loss 0.000000   Top1 88.820312   Top5 99.632812   LR 0.091206   QLR 0.000009   
2025-12-17 14:41:58,009 - INFO  - ===================================================================================================================
2025-12-17 14:42:07,476 - INFO  - Max Training [23][  120/  391]   Loss 0.301393   QE Loss 0.000000   Distribution Loss 0.000000   IDM Loss 0.000000   Top1 89.537760   Top5 99.680990   LR 0.091206   QLR 0.000009   
2025-12-17 14:42:07,476 - INFO  - Mixed 0 Training [23][  120/  391]   Loss 0.277075   QE Loss 0.000000   Distribution Loss -0.048472   IDM Loss 0.000000   Top1 88.873698   Top5 99.680990   LR 0.091206   QLR 0.000009   
2025-12-17 14:42:07,476 - INFO  - Mixed 1 Training [23][  120/  391]   Loss 0.286190   QE Loss 0.000000   Distribution Loss -0.045349   IDM Loss 0.000000   Top1 88.444010   Top5 99.661458   LR 0.091206   QLR 0.000009   
2025-12-17 14:42:07,476 - INFO  - Mixed 2 Training [23][  120/  391]   Loss 0.289347   QE Loss 0.000000   Distribution Loss -0.038679   IDM Loss 0.000000   Top1 88.658854   Top5 99.609375   LR 0.091206   QLR 0.000009   
2025-12-17 14:42:07,478 - INFO  - ===================================================================================================================
2025-12-17 14:42:17,045 - INFO  - Max Training [23][  140/  391]   Loss 0.301415   QE Loss 0.000000   Distribution Loss 0.000000   IDM Loss 0.000000   Top1 89.497768   Top5 99.693080   LR 0.091206   QLR 0.000009   
2025-12-17 14:42:17,045 - INFO  - Mixed 0 Training [23][  140/  391]   Loss 0.279548   QE Loss 0.000000   Distribution Loss -0.047793   IDM Loss 0.000000   Top1 88.783482   Top5 99.687500   LR 0.091206   QLR 0.000009   
2025-12-17 14:42:17,045 - INFO  - Mixed 1 Training [23][  140/  391]   Loss 0.283934   QE Loss 0.000000   Distribution Loss -0.046233   IDM Loss 0.000000   Top1 88.532366   Top5 99.681920   LR 0.091206   QLR 0.000009   
2025-12-17 14:42:17,045 - INFO  - Mixed 2 Training [23][  140/  391]   Loss 0.287192   QE Loss 0.000000   Distribution Loss -0.041182   IDM Loss 0.000000   Top1 88.660714   Top5 99.631696   LR 0.091206   QLR 0.000009   
2025-12-17 14:42:17,047 - INFO  - ===================================================================================================================
2025-12-17 14:42:26,444 - INFO  - Max Training [23][  160/  391]   Loss 0.301598   QE Loss 0.000000   Distribution Loss 0.000000   IDM Loss 0.000000   Top1 89.492188   Top5 99.682617   LR 0.091206   QLR 0.000009   
2025-12-17 14:42:26,445 - INFO  - Mixed 0 Training [23][  160/  391]   Loss 0.280300   QE Loss 0.000000   Distribution Loss -0.046390   IDM Loss 0.000000   Top1 88.886719   Top5 99.672852   LR 0.091206   QLR 0.000009   
2025-12-17 14:42:26,445 - INFO  - Mixed 1 Training [23][  160/  391]   Loss 0.283883   QE Loss 0.000000   Distribution Loss -0.045767   IDM Loss 0.000000   Top1 88.574219   Top5 99.658203   LR 0.091206   QLR 0.000009   
2025-12-17 14:42:26,445 - INFO  - Mixed 2 Training [23][  160/  391]   Loss 0.286346   QE Loss 0.000000   Distribution Loss -0.042185   IDM Loss 0.000000   Top1 88.657227   Top5 99.614258   LR 0.091206   QLR 0.000009   
2025-12-17 14:42:26,447 - INFO  - ===================================================================================================================
2025-12-17 14:42:35,854 - INFO  - Max Training [23][  180/  391]   Loss 0.302545   QE Loss 0.000000   Distribution Loss 0.000000   IDM Loss 0.000000   Top1 89.509549   Top5 99.683160   LR 0.091206   QLR 0.000009   
2025-12-17 14:42:35,855 - INFO  - Mixed 0 Training [23][  180/  391]   Loss 0.282797   QE Loss 0.000000   Distribution Loss -0.045236   IDM Loss 0.000000   Top1 88.897569   Top5 99.665799   LR 0.091206   QLR 0.000009   
2025-12-17 14:42:35,855 - INFO  - Mixed 1 Training [23][  180/  391]   Loss 0.284989   QE Loss 0.000000   Distribution Loss -0.045876   IDM Loss 0.000000   Top1 88.572049   Top5 99.639757   LR 0.091206   QLR 0.000009   
2025-12-17 14:42:35,855 - INFO  - Mixed 2 Training [23][  180/  391]   Loss 0.287540   QE Loss 0.000000   Distribution Loss -0.043172   IDM Loss 0.000000   Top1 88.593750   Top5 99.605035   LR 0.091206   QLR 0.000009   
2025-12-17 14:42:35,857 - INFO  - ===================================================================================================================
2025-12-17 14:42:45,248 - INFO  - Max Training [23][  200/  391]   Loss 0.303225   QE Loss 0.000000   Distribution Loss 0.000000   IDM Loss 0.000000   Top1 89.535156   Top5 99.687500   LR 0.091206   QLR 0.000009   
2025-12-17 14:42:45,249 - INFO  - Mixed 0 Training [23][  200/  391]   Loss 0.282543   QE Loss 0.000000   Distribution Loss -0.045950   IDM Loss 0.000000   Top1 88.839844   Top5 99.660156   LR 0.091206   QLR 0.000009   
2025-12-17 14:42:45,249 - INFO  - Mixed 1 Training [23][  200/  391]   Loss 0.285349   QE Loss 0.000000   Distribution Loss -0.045544   IDM Loss 0.000000   Top1 88.660156   Top5 99.632812   LR 0.091206   QLR 0.000009   
2025-12-17 14:42:45,249 - INFO  - Mixed 2 Training [23][  200/  391]   Loss 0.287829   QE Loss 0.000000   Distribution Loss -0.043178   IDM Loss 0.000000   Top1 88.621094   Top5 99.613281   LR 0.091206   QLR 0.000009   
2025-12-17 14:42:45,251 - INFO  - ===================================================================================================================
2025-12-17 14:42:54,620 - INFO  - Max Training [23][  220/  391]   Loss 0.301750   QE Loss 0.000000   Distribution Loss 0.000000   IDM Loss 0.000000   Top1 89.584517   Top5 99.691051   LR 0.091206   QLR 0.000009   
2025-12-17 14:42:54,621 - INFO  - Mixed 0 Training [23][  220/  391]   Loss 0.281366   QE Loss 0.000000   Distribution Loss -0.045994   IDM Loss 0.000000   Top1 88.845881   Top5 99.651989   LR 0.091206   QLR 0.000009   
2025-12-17 14:42:54,621 - INFO  - Mixed 1 Training [23][  220/  391]   Loss 0.284047   QE Loss 0.000000   Distribution Loss -0.045418   IDM Loss 0.000000   Top1 88.678977   Top5 99.634233   LR 0.091206   QLR 0.000009   
2025-12-17 14:42:54,621 - INFO  - Mixed 2 Training [23][  220/  391]   Loss 0.285511   QE Loss 0.000000   Distribution Loss -0.044451   IDM Loss 0.000000   Top1 88.664773   Top5 99.616477   LR 0.091206   QLR 0.000009   
2025-12-17 14:42:54,622 - INFO  - ===================================================================================================================
2025-12-17 14:43:04,091 - INFO  - Max Training [23][  240/  391]   Loss 0.302570   QE Loss 0.000000   Distribution Loss 0.000000   IDM Loss 0.000000   Top1 89.622396   Top5 99.684245   LR 0.091206   QLR 0.000009   
2025-12-17 14:43:04,091 - INFO  - Mixed 0 Training [23][  240/  391]   Loss 0.282196   QE Loss 0.000000   Distribution Loss -0.045931   IDM Loss 0.000000   Top1 88.834635   Top5 99.638672   LR 0.091206   QLR 0.000009   
2025-12-17 14:43:04,092 - INFO  - Mixed 1 Training [23][  240/  391]   Loss 0.283969   QE Loss 0.000000   Distribution Loss -0.045451   IDM Loss 0.000000   Top1 88.740234   Top5 99.632161   LR 0.091206   QLR 0.000009   
2025-12-17 14:43:04,092 - INFO  - Mixed 2 Training [23][  240/  391]   Loss 0.285755   QE Loss 0.000000   Distribution Loss -0.045268   IDM Loss 0.000000   Top1 88.626302   Top5 99.612630   LR 0.091206   QLR 0.000009   
2025-12-17 14:43:04,093 - INFO  - ===================================================================================================================
2025-12-17 14:43:13,452 - INFO  - Max Training [23][  260/  391]   Loss 0.303617   QE Loss 0.000000   Distribution Loss 0.000000   IDM Loss 0.000000   Top1 89.573317   Top5 99.666466   LR 0.091206   QLR 0.000009   
2025-12-17 14:43:13,453 - INFO  - Mixed 0 Training [23][  260/  391]   Loss 0.283478   QE Loss 0.000000   Distribution Loss -0.046412   IDM Loss 0.000000   Top1 88.710938   Top5 99.627404   LR 0.091206   QLR 0.000009   
2025-12-17 14:43:13,453 - INFO  - Mixed 1 Training [23][  260/  391]   Loss 0.283235   QE Loss 0.000000   Distribution Loss -0.047118   IDM Loss 0.000000   Top1 88.710938   Top5 99.630409   LR 0.091206   QLR 0.000009   
2025-12-17 14:43:13,453 - INFO  - Mixed 2 Training [23][  260/  391]   Loss 0.287397   QE Loss 0.000000   Distribution Loss -0.044918   IDM Loss 0.000000   Top1 88.554688   Top5 99.609375   LR 0.091206   QLR 0.000009   
2025-12-17 14:43:13,454 - INFO  - ===================================================================================================================
2025-12-17 14:43:23,086 - INFO  - Max Training [23][  280/  391]   Loss 0.304388   QE Loss 0.000000   Distribution Loss 0.000000   IDM Loss 0.000000   Top1 89.534040   Top5 99.673549   LR 0.091206   QLR 0.000009   
2025-12-17 14:43:23,086 - INFO  - Mixed 0 Training [23][  280/  391]   Loss 0.283071   QE Loss 0.000000   Distribution Loss -0.047391   IDM Loss 0.000000   Top1 88.683036   Top5 99.623326   LR 0.091206   QLR 0.000009   
2025-12-17 14:43:23,086 - INFO  - Mixed 1 Training [23][  280/  391]   Loss 0.284715   QE Loss 0.000000   Distribution Loss -0.046686   IDM Loss 0.000000   Top1 88.683036   Top5 99.623326   LR 0.091206   QLR 0.000009   
2025-12-17 14:43:23,086 - INFO  - Mixed 2 Training [23][  280/  391]   Loss 0.286697   QE Loss 0.000000   Distribution Loss -0.046057   IDM Loss 0.000000   Top1 88.518415   Top5 99.620536   LR 0.091206   QLR 0.000009   
2025-12-17 14:43:23,088 - INFO  - ===================================================================================================================
2025-12-17 14:43:32,506 - INFO  - Max Training [23][  300/  391]   Loss 0.305064   QE Loss 0.000000   Distribution Loss 0.000000   IDM Loss 0.000000   Top1 89.526042   Top5 99.679688   LR 0.091206   QLR 0.000009   
2025-12-17 14:43:32,506 - INFO  - Mixed 0 Training [23][  300/  391]   Loss 0.283804   QE Loss 0.000000   Distribution Loss -0.047545   IDM Loss 0.000000   Top1 88.674479   Top5 99.622396   LR 0.091206   QLR 0.000009   
2025-12-17 14:43:32,507 - INFO  - Mixed 1 Training [23][  300/  391]   Loss 0.285361   QE Loss 0.000000   Distribution Loss -0.046673   IDM Loss 0.000000   Top1 88.716146   Top5 99.627604   LR 0.091206   QLR 0.000009   
2025-12-17 14:43:32,507 - INFO  - Mixed 2 Training [23][  300/  391]   Loss 0.286903   QE Loss 0.000000   Distribution Loss -0.045984   IDM Loss 0.000000   Top1 88.559896   Top5 99.630208   LR 0.091206   QLR 0.000009   
2025-12-17 14:43:32,508 - INFO  - ===================================================================================================================
2025-12-17 14:43:42,074 - INFO  - Max Training [23][  320/  391]   Loss 0.304615   QE Loss 0.000000   Distribution Loss 0.000000   IDM Loss 0.000000   Top1 89.521484   Top5 99.677734   LR 0.091206   QLR 0.000009   
2025-12-17 14:43:42,075 - INFO  - Mixed 0 Training [23][  320/  391]   Loss 0.282821   QE Loss 0.000000   Distribution Loss -0.047690   IDM Loss 0.000000   Top1 88.706055   Top5 99.633789   LR 0.091206   QLR 0.000009   
2025-12-17 14:43:42,075 - INFO  - Mixed 1 Training [23][  320/  391]   Loss 0.284210   QE Loss 0.000000   Distribution Loss -0.047119   IDM Loss 0.000000   Top1 88.735352   Top5 99.636230   LR 0.091206   QLR 0.000009   
2025-12-17 14:43:42,075 - INFO  - Mixed 2 Training [23][  320/  391]   Loss 0.286002   QE Loss 0.000000   Distribution Loss -0.046331   IDM Loss 0.000000   Top1 88.591309   Top5 99.631348   LR 0.091206   QLR 0.000009   
2025-12-17 14:43:42,077 - INFO  - ===================================================================================================================
2025-12-17 14:43:51,397 - INFO  - Max Training [23][  340/  391]   Loss 0.304574   QE Loss 0.000000   Distribution Loss 0.000000   IDM Loss 0.000000   Top1 89.510570   Top5 99.682904   LR 0.091206   QLR 0.000009   
2025-12-17 14:43:51,397 - INFO  - Mixed 0 Training [23][  340/  391]   Loss 0.282476   QE Loss 0.000000   Distribution Loss -0.047882   IDM Loss 0.000000   Top1 88.674173   Top5 99.641544   LR 0.091206   QLR 0.000009   
2025-12-17 14:43:51,397 - INFO  - Mixed 1 Training [23][  340/  391]   Loss 0.283723   QE Loss 0.000000   Distribution Loss -0.047534   IDM Loss 0.000000   Top1 88.738511   Top5 99.632353   LR 0.091206   QLR 0.000009   
2025-12-17 14:43:51,397 - INFO  - Mixed 2 Training [23][  340/  391]   Loss 0.286044   QE Loss 0.000000   Distribution Loss -0.045812   IDM Loss 0.000000   Top1 88.596048   Top5 99.634651   LR 0.091206   QLR 0.000009   
2025-12-17 14:43:51,399 - INFO  - ===================================================================================================================
2025-12-17 14:44:00,937 - INFO  - Max Training [23][  360/  391]   Loss 0.306868   QE Loss 0.000000   Distribution Loss 0.000000   IDM Loss 0.000000   Top1 89.416233   Top5 99.680990   LR 0.091206   QLR 0.000009   
2025-12-17 14:44:00,938 - INFO  - Mixed 0 Training [23][  360/  391]   Loss 0.285618   QE Loss 0.000000   Distribution Loss -0.047827   IDM Loss 0.000000   Top1 88.576389   Top5 99.633247   LR 0.091206   QLR 0.000009   
2025-12-17 14:44:00,938 - INFO  - Mixed 1 Training [23][  360/  391]   Loss 0.286133   QE Loss 0.000000   Distribution Loss -0.047929   IDM Loss 0.000000   Top1 88.626302   Top5 99.618056   LR 0.091206   QLR 0.000009   
2025-12-17 14:44:00,938 - INFO  - Mixed 2 Training [23][  360/  391]   Loss 0.288754   QE Loss 0.000000   Distribution Loss -0.045834   IDM Loss 0.000000   Top1 88.483073   Top5 99.628906   LR 0.091206   QLR 0.000009   
2025-12-17 14:44:00,940 - INFO  - ===================================================================================================================
2025-12-17 14:44:10,474 - INFO  - Max Training [23][  380/  391]   Loss 0.307993   QE Loss 0.000000   Distribution Loss 0.000000   IDM Loss 0.000000   Top1 89.362664   Top5 99.685444   LR 0.091206   QLR 0.000009   
2025-12-17 14:44:10,475 - INFO  - Mixed 0 Training [23][  380/  391]   Loss 0.286745   QE Loss 0.000000   Distribution Loss -0.047397   IDM Loss 0.000000   Top1 88.519737   Top5 99.634046   LR 0.091206   QLR 0.000009   
2025-12-17 14:44:10,475 - INFO  - Mixed 1 Training [23][  380/  391]   Loss 0.287054   QE Loss 0.000000   Distribution Loss -0.047901   IDM Loss 0.000000   Top1 88.569079   Top5 99.621711   LR 0.091206   QLR 0.000009   
2025-12-17 14:44:10,475 - INFO  - Mixed 2 Training [23][  380/  391]   Loss 0.289137   QE Loss 0.000000   Distribution Loss -0.046147   IDM Loss 0.000000   Top1 88.439556   Top5 99.631990   LR 0.091206   QLR 0.000009   
2025-12-17 14:44:10,477 - INFO  - ===================================================================================================================
2025-12-17 14:44:15,221 - INFO  - ==> Max Top1: 89.355    Top5: 99.685    Loss: 0.309
2025-12-17 14:44:15,222 - INFO  - ==> Mixed 0 Top1: 88.490    Top5: 99.635    Loss: 0.288
2025-12-17 14:44:15,222 - INFO  - ==> Mixed 1 Top1: 88.544    Top5: 99.623    Loss: 0.288
2025-12-17 14:44:15,222 - INFO  - ==> Mixed 2 Top1: 88.409    Top5: 99.633    Loss: 0.290
2025-12-17 14:44:15,223 - INFO  - Epoch  23 Summary - Train Top1: 89.355%  Top5: 99.685%  Loss: 0.3090
2025-12-17 14:44:15,223 - INFO  -   ⏱️  本Epoch耗时: 3分6秒 | 平均Epoch耗时: 3分7秒 | 剩余Epoch数: 96
2025-12-17 14:44:15,223 - INFO  -   📅 预估剩余时间: 4小时59分25秒 | 预估完成时间: 2025-12-17 19:43:40
2025-12-17 14:44:15,223 - INFO  - Scoreboard best 1 ==> Epoch [23][Top1: 0.000   Top5: 0.000]
2025-12-17 14:44:15,224 - INFO  - Scoreboard best 2 ==> Epoch [22][Top1: 0.000   Top5: 0.000]
2025-12-17 14:44:15,224 - INFO  - Scoreboard best 3 ==> Epoch [21][Top1: 0.000   Top5: 0.000]
2025-12-17 14:44:15,967 - INFO  - ([23] Epoch) Saving checkpoint to:
             Current: /root/autodl-tmp/retraining-free-quantization/training/resnet18_cifar10_single_gpu_normal_srqat_ls0/resnet18_cifar10_single_gpu_normal_srqat_ls0_checkpoint.pth.tar

2025-12-17 14:44:15,971 - INFO  - >>>>>>>> Epoch  24
2025-12-17 14:44:15,971 - INFO  - Training: 50000 samples (128 per mini-batch)
2025-12-17 14:44:16,326 - INFO  - [FAT] Batch 0, Iter 0: FAT is DISABLED, using standard training
2025-12-17 14:44:25,656 - INFO  - Max Training [24][   20/  391]   Loss 0.272219   QE Loss 0.000000   Distribution Loss 0.000000   IDM Loss 0.000000   Top1 90.156250   Top5 99.843750   LR 0.090451   QLR 0.000009   
2025-12-17 14:44:25,657 - INFO  - Mixed 0 Training [24][   20/  391]   Loss 0.263023   QE Loss 0.000000   Distribution Loss -0.029960   IDM Loss 0.000000   Top1 89.882812   Top5 99.765625   LR 0.090451   QLR 0.000009   
2025-12-17 14:44:25,657 - INFO  - Mixed 1 Training [24][   20/  391]   Loss 0.239150   QE Loss 0.000000   Distribution Loss -0.060055   IDM Loss 0.000000   Top1 89.531250   Top5 99.804688   LR 0.090451   QLR 0.000009   
2025-12-17 14:44:25,657 - INFO  - Mixed 2 Training [24][   20/  391]   Loss 0.251069   QE Loss 0.000000   Distribution Loss -0.050093   IDM Loss 0.000000   Top1 88.945312   Top5 99.648438   LR 0.090451   QLR 0.000009   
2025-12-17 14:44:25,659 - INFO  - ===================================================================================================================
2025-12-17 14:44:35,005 - INFO  - Max Training [24][   40/  391]   Loss 0.275162   QE Loss 0.000000   Distribution Loss 0.000000   IDM Loss 0.000000   Top1 89.960938   Top5 99.785156   LR 0.090451   QLR 0.000009   
2025-12-17 14:44:35,005 - INFO  - Mixed 0 Training [24][   40/  391]   Loss 0.262330   QE Loss 0.000000   Distribution Loss -0.037986   IDM Loss 0.000000   Top1 89.394531   Top5 99.667969   LR 0.090451   QLR 0.000009   
2025-12-17 14:44:35,006 - INFO  - Mixed 1 Training [24][   40/  391]   Loss 0.248173   QE Loss 0.000000   Distribution Loss -0.051809   IDM Loss 0.000000   Top1 89.453125   Top5 99.707031   LR 0.090451   QLR 0.000009   
2025-12-17 14:44:35,006 - INFO  - Mixed 2 Training [24][   40/  391]   Loss 0.258770   QE Loss 0.000000   Distribution Loss -0.046347   IDM Loss 0.000000   Top1 88.906250   Top5 99.667969   LR 0.090451   QLR 0.000009   
2025-12-17 14:44:35,007 - INFO  - ===================================================================================================================
2025-12-17 14:44:44,479 - INFO  - Max Training [24][   60/  391]   Loss 0.279040   QE Loss 0.000000   Distribution Loss 0.000000   IDM Loss 0.000000   Top1 89.817708   Top5 99.752604   LR 0.090451   QLR 0.000009   
2025-12-17 14:44:44,480 - INFO  - Mixed 0 Training [24][   60/  391]   Loss 0.263695   QE Loss 0.000000   Distribution Loss -0.039704   IDM Loss 0.000000   Top1 89.140625   Top5 99.661458   LR 0.090451   QLR 0.000009   
2025-12-17 14:44:44,480 - INFO  - Mixed 1 Training [24][   60/  391]   Loss 0.250160   QE Loss 0.000000   Distribution Loss -0.049914   IDM Loss 0.000000   Top1 89.270833   Top5 99.713542   LR 0.090451   QLR 0.000009   
2025-12-17 14:44:44,480 - INFO  - Mixed 2 Training [24][   60/  391]   Loss 0.254783   QE Loss 0.000000   Distribution Loss -0.051571   IDM Loss 0.000000   Top1 88.906250   Top5 99.674479   LR 0.090451   QLR 0.000009   
2025-12-17 14:44:44,482 - INFO  - ===================================================================================================================
2025-12-17 14:44:53,881 - INFO  - Max Training [24][   80/  391]   Loss 0.279692   QE Loss 0.000000   Distribution Loss 0.000000   IDM Loss 0.000000   Top1 89.746094   Top5 99.765625   LR 0.090451   QLR 0.000009   
2025-12-17 14:44:53,882 - INFO  - Mixed 0 Training [24][   80/  391]   Loss 0.264227   QE Loss 0.000000   Distribution Loss -0.038756   IDM Loss 0.000000   Top1 89.121094   Top5 99.687500   LR 0.090451   QLR 0.000009   
2025-12-17 14:44:53,882 - INFO  - Mixed 1 Training [24][   80/  391]   Loss 0.254885   QE Loss 0.000000   Distribution Loss -0.046945   IDM Loss 0.000000   Top1 89.365234   Top5 99.707031   LR 0.090451   QLR 0.000009   
2025-12-17 14:44:53,882 - INFO  - Mixed 2 Training [24][   80/  391]   Loss 0.255783   QE Loss 0.000000   Distribution Loss -0.048455   IDM Loss 0.000000   Top1 89.033203   Top5 99.677734   LR 0.090451   QLR 0.000009   
2025-12-17 14:44:53,884 - INFO  - ===================================================================================================================
2025-12-17 14:45:03,381 - INFO  - Max Training [24][  100/  391]   Loss 0.285658   QE Loss 0.000000   Distribution Loss 0.000000   IDM Loss 0.000000   Top1 89.562500   Top5 99.726562   LR 0.090451   QLR 0.000009   
2025-12-17 14:45:03,381 - INFO  - Mixed 0 Training [24][  100/  391]   Loss 0.269867   QE Loss 0.000000   Distribution Loss -0.040345   IDM Loss 0.000000   Top1 88.796875   Top5 99.640625   LR 0.090451   QLR 0.000009   
2025-12-17 14:45:03,382 - INFO  - Mixed 1 Training [24][  100/  391]   Loss 0.263481   QE Loss 0.000000   Distribution Loss -0.047306   IDM Loss 0.000000   Top1 89.125000   Top5 99.656250   LR 0.090451   QLR 0.000009   
2025-12-17 14:45:03,382 - INFO  - Mixed 2 Training [24][  100/  391]   Loss 0.264425   QE Loss 0.000000   Distribution Loss -0.046962   IDM Loss 0.000000   Top1 88.828125   Top5 99.656250   LR 0.090451   QLR 0.000009   
2025-12-17 14:45:03,383 - INFO  - ===================================================================================================================
2025-12-17 14:45:12,948 - INFO  - Max Training [24][  120/  391]   Loss 0.287071   QE Loss 0.000000   Distribution Loss 0.000000   IDM Loss 0.000000   Top1 89.635417   Top5 99.733073   LR 0.090451   QLR 0.000009   
2025-12-17 14:45:12,948 - INFO  - Mixed 0 Training [24][  120/  391]   Loss 0.271460   QE Loss 0.000000   Distribution Loss -0.040693   IDM Loss 0.000000   Top1 88.723958   Top5 99.661458   LR 0.090451   QLR 0.000009   
2025-12-17 14:45:12,949 - INFO  - Mixed 1 Training [24][  120/  391]   Loss 0.265095   QE Loss 0.000000   Distribution Loss -0.046731   IDM Loss 0.000000   Top1 89.062500   Top5 99.654948   LR 0.090451   QLR 0.000009   
2025-12-17 14:45:12,949 - INFO  - Mixed 2 Training [24][  120/  391]   Loss 0.264442   QE Loss 0.000000   Distribution Loss -0.047511   IDM Loss 0.000000   Top1 88.854167   Top5 99.661458   LR 0.090451   QLR 0.000009   
2025-12-17 14:45:12,950 - INFO  - ===================================================================================================================
2025-12-17 14:45:22,330 - INFO  - Max Training [24][  140/  391]   Loss 0.289123   QE Loss 0.000000   Distribution Loss 0.000000   IDM Loss 0.000000   Top1 89.603795   Top5 99.732143   LR 0.090451   QLR 0.000009   
2025-12-17 14:45:22,330 - INFO  - Mixed 0 Training [24][  140/  391]   Loss 0.273371   QE Loss 0.000000   Distribution Loss -0.040277   IDM Loss 0.000000   Top1 88.710938   Top5 99.681920   LR 0.090451   QLR 0.000009   
2025-12-17 14:45:22,330 - INFO  - Mixed 1 Training [24][  140/  391]   Loss 0.266808   QE Loss 0.000000   Distribution Loss -0.047132   IDM Loss 0.000000   Top1 88.945312   Top5 99.670759   LR 0.090451   QLR 0.000009   
2025-12-17 14:45:22,330 - INFO  - Mixed 2 Training [24][  140/  391]   Loss 0.265708   QE Loss 0.000000   Distribution Loss -0.047399   IDM Loss 0.000000   Top1 88.777902   Top5 99.665179   LR 0.090451   QLR 0.000009   
2025-12-17 14:45:22,332 - INFO  - ===================================================================================================================
2025-12-17 14:45:31,801 - INFO  - Max Training [24][  160/  391]   Loss 0.288178   QE Loss 0.000000   Distribution Loss 0.000000   IDM Loss 0.000000   Top1 89.741211   Top5 99.741211   LR 0.090451   QLR 0.000009   
2025-12-17 14:45:31,801 - INFO  - Mixed 0 Training [24][  160/  391]   Loss 0.270591   QE Loss 0.000000   Distribution Loss -0.042667   IDM Loss 0.000000   Top1 88.789062   Top5 99.702148   LR 0.090451   QLR 0.000009   
2025-12-17 14:45:31,801 - INFO  - Mixed 1 Training [24][  160/  391]   Loss 0.266528   QE Loss 0.000000   Distribution Loss -0.046478   IDM Loss 0.000000   Top1 89.038086   Top5 99.687500   LR 0.090451   QLR 0.000009   
2025-12-17 14:45:31,801 - INFO  - Mixed 2 Training [24][  160/  391]   Loss 0.263687   QE Loss 0.000000   Distribution Loss -0.047960   IDM Loss 0.000000   Top1 88.876953   Top5 99.692383   LR 0.090451   QLR 0.000009   
2025-12-17 14:45:31,803 - INFO  - ===================================================================================================================
2025-12-17 14:45:41,133 - INFO  - Max Training [24][  180/  391]   Loss 0.287477   QE Loss 0.000000   Distribution Loss 0.000000   IDM Loss 0.000000   Top1 89.748264   Top5 99.756944   LR 0.090451   QLR 0.000009   
2025-12-17 14:45:41,134 - INFO  - Mixed 0 Training [24][  180/  391]   Loss 0.268925   QE Loss 0.000000   Distribution Loss -0.043227   IDM Loss 0.000000   Top1 88.862847   Top5 99.709201   LR 0.090451   QLR 0.000009   
2025-12-17 14:45:41,134 - INFO  - Mixed 1 Training [24][  180/  391]   Loss 0.265339   QE Loss 0.000000   Distribution Loss -0.047264   IDM Loss 0.000000   Top1 88.997396   Top5 99.704861   LR 0.090451   QLR 0.000009   
2025-12-17 14:45:41,134 - INFO  - Mixed 2 Training [24][  180/  391]   Loss 0.264189   QE Loss 0.000000   Distribution Loss -0.047032   IDM Loss 0.000000   Top1 88.875868   Top5 99.704861   LR 0.090451   QLR 0.000009   
2025-12-17 14:45:41,137 - INFO  - ===================================================================================================================
2025-12-17 14:45:50,694 - INFO  - Max Training [24][  200/  391]   Loss 0.287349   QE Loss 0.000000   Distribution Loss 0.000000   IDM Loss 0.000000   Top1 89.742188   Top5 99.750000   LR 0.090451   QLR 0.000009   
2025-12-17 14:45:50,695 - INFO  - Mixed 0 Training [24][  200/  391]   Loss 0.267585   QE Loss 0.000000   Distribution Loss -0.044180   IDM Loss 0.000000   Top1 88.906250   Top5 99.699219   LR 0.090451   QLR 0.000009   
2025-12-17 14:45:50,695 - INFO  - Mixed 1 Training [24][  200/  391]   Loss 0.265049   QE Loss 0.000000   Distribution Loss -0.047258   IDM Loss 0.000000   Top1 89.042969   Top5 99.695312   LR 0.090451   QLR 0.000009   
2025-12-17 14:45:50,695 - INFO  - Mixed 2 Training [24][  200/  391]   Loss 0.263676   QE Loss 0.000000   Distribution Loss -0.046583   IDM Loss 0.000000   Top1 88.859375   Top5 99.703125   LR 0.090451   QLR 0.000009   
2025-12-17 14:45:50,697 - INFO  - ===================================================================================================================
