2025-12-28 17:14:11,680 - INFO  - Log file for this run: /root/autodl-tmp/retraining-free-quantization/training/r18_c10_nude_0.02_sim_normal_seed_repair/r18_c10_nude_0.02_sim_normal_seed_repair.log
2025-12-28 17:14:11,686 - INFO  - TensorBoard data directory: /root/autodl-tmp/retraining-free-quantization/training/r18_c10_nude_0.02_sim_normal_seed_repair/tb_runs
2025-12-28 17:14:11,686 - INFO  - Code backup completed. Code saved to: /root/autodl-tmp/retraining-free-quantization/training/r18_c10_nude_0.02_sim_normal_seed_repair/code/.cursor
2025-12-28 17:14:11,686 - INFO  - Code backup completed. Code saved to: /root/autodl-tmp/retraining-free-quantization/training/r18_c10_nude_0.02_sim_normal_seed_repair/code/.vscode
2025-12-28 17:14:11,687 - INFO  - Code backup completed. Code saved to: /root/autodl-tmp/retraining-free-quantization/training/r18_c10_nude_0.02_sim_normal_seed_repair/code/activation_dumps/denoise_restorer/clean/clean
2025-12-28 17:14:11,687 - INFO  - Code backup completed. Code saved to: /root/autodl-tmp/retraining-free-quantization/training/r18_c10_nude_0.02_sim_normal_seed_repair/code/activation_dumps/denoise_restorer/clean
2025-12-28 17:14:11,687 - INFO  - Code backup completed. Code saved to: /root/autodl-tmp/retraining-free-quantization/training/r18_c10_nude_0.02_sim_normal_seed_repair/code/activation_dumps/denoise_restorer/fault/fault
2025-12-28 17:14:11,687 - INFO  - Code backup completed. Code saved to: /root/autodl-tmp/retraining-free-quantization/training/r18_c10_nude_0.02_sim_normal_seed_repair/code/activation_dumps/denoise_restorer/fault
2025-12-28 17:14:11,687 - INFO  - Code backup completed. Code saved to: /root/autodl-tmp/retraining-free-quantization/training/r18_c10_nude_0.02_sim_normal_seed_repair/code/activation_dumps/denoise_restorer
2025-12-28 17:14:11,687 - INFO  - Code backup completed. Code saved to: /root/autodl-tmp/retraining-free-quantization/training/r18_c10_nude_0.02_sim_normal_seed_repair/code/activation_dumps
2025-12-28 17:14:11,687 - INFO  - Code backup completed. Code saved to: /root/autodl-tmp/retraining-free-quantization/training/r18_c10_nude_0.02_sim_normal_seed_repair/code/checkpoints
2025-12-28 17:14:11,687 - INFO  - Code backup completed. Code saved to: /root/autodl-tmp/retraining-free-quantization/training/r18_c10_nude_0.02_sim_normal_seed_repair/code/configs/restorer
2025-12-28 17:14:11,687 - INFO  - Code backup completed. Code saved to: /root/autodl-tmp/retraining-free-quantization/training/r18_c10_nude_0.02_sim_normal_seed_repair/code/configs
2025-12-28 17:14:11,687 - INFO  - Code backup completed. Code saved to: /root/autodl-tmp/retraining-free-quantization/training/r18_c10_nude_0.02_sim_normal_seed_repair/code/docs
2025-12-28 17:14:11,688 - INFO  - Code backup completed. Code saved to: /root/autodl-tmp/retraining-free-quantization/training/r18_c10_nude_0.02_sim_normal_seed_repair/code/layer_profiles
2025-12-28 17:14:11,688 - INFO  - Code backup completed. Code saved to: /root/autodl-tmp/retraining-free-quantization/training/r18_c10_nude_0.02_sim_normal_seed_repair/code/learning_heads
2025-12-28 17:14:11,688 - INFO  - Code backup completed. Code saved to: /root/autodl-tmp/retraining-free-quantization/training/r18_c10_nude_0.02_sim_normal_seed_repair/code/logs/restorer_pipeline
2025-12-28 17:14:11,688 - INFO  - Code backup completed. Code saved to: /root/autodl-tmp/retraining-free-quantization/training/r18_c10_nude_0.02_sim_normal_seed_repair/code/logs/sensitive_layer_sets
2025-12-28 17:14:11,688 - INFO  - Code backup completed. Code saved to: /root/autodl-tmp/retraining-free-quantization/training/r18_c10_nude_0.02_sim_normal_seed_repair/code/logs
2025-12-28 17:14:11,689 - INFO  - Copied code file: __init__.py
2025-12-28 17:14:11,689 - INFO  - Copied code file: alexnet_cifar.py
2025-12-28 17:14:11,689 - INFO  - Copied code file: mobilenetv2.py
2025-12-28 17:14:11,689 - INFO  - Copied code file: model.py
2025-12-28 17:14:11,689 - INFO  - Copied code file: resnet_cifar.py
2025-12-28 17:14:11,689 - INFO  - Code backup completed. Code saved to: /root/autodl-tmp/retraining-free-quantization/training/r18_c10_nude_0.02_sim_normal_seed_repair/code/model
2025-12-28 17:14:11,690 - INFO  - Copied code file: __init__.py
2025-12-28 17:14:11,690 - INFO  - Copied code file: lsq.py
2025-12-28 17:14:11,690 - INFO  - Copied code file: quantizer.py
2025-12-28 17:14:11,690 - INFO  - Code backup completed. Code saved to: /root/autodl-tmp/retraining-free-quantization/training/r18_c10_nude_0.02_sim_normal_seed_repair/code/quan/quantizer
2025-12-28 17:14:11,690 - INFO  - Copied code file: __init__.py
2025-12-28 17:14:11,691 - INFO  - Copied code file: func.py
2025-12-28 17:14:11,691 - INFO  - Copied code file: utils.py
2025-12-28 17:14:11,691 - INFO  - Code backup completed. Code saved to: /root/autodl-tmp/retraining-free-quantization/training/r18_c10_nude_0.02_sim_normal_seed_repair/code/quan
2025-12-28 17:14:11,691 - INFO  - Code backup completed. Code saved to: /root/autodl-tmp/retraining-free-quantization/training/r18_c10_nude_0.02_sim_normal_seed_repair/code/sensitive_training/alexnet_cifar10_sensitive_stage2/tb_runs
2025-12-28 17:14:11,691 - INFO  - Code backup completed. Code saved to: /root/autodl-tmp/retraining-free-quantization/training/r18_c10_nude_0.02_sim_normal_seed_repair/code/sensitive_training/alexnet_cifar10_sensitive_stage2
2025-12-28 17:14:11,691 - INFO  - Code backup completed. Code saved to: /root/autodl-tmp/retraining-free-quantization/training/r18_c10_nude_0.02_sim_normal_seed_repair/code/sensitive_training/alexnet_cifar10_sensitive_stage2_transformer/tb_runs
2025-12-28 17:14:11,691 - INFO  - Code backup completed. Code saved to: /root/autodl-tmp/retraining-free-quantization/training/r18_c10_nude_0.02_sim_normal_seed_repair/code/sensitive_training/alexnet_cifar10_sensitive_stage2_transformer
2025-12-28 17:14:11,691 - INFO  - Code backup completed. Code saved to: /root/autodl-tmp/retraining-free-quantization/training/r18_c10_nude_0.02_sim_normal_seed_repair/code/sensitive_training
2025-12-28 17:14:11,692 - INFO  - Copied code file: analyze_corrector_logits.py
2025-12-28 17:14:11,692 - INFO  - Copied code file: analyze_fault_propagation.py
2025-12-28 17:14:11,692 - INFO  - Copied code file: analyze_layer_sensitivity.py
2025-12-28 17:14:11,692 - INFO  - Copied code file: test_fault_injection_baseline_resnet18.py
2025-12-28 17:14:11,692 - INFO  - Copied code file: analyze_multi_bit_sensitivity.py
2025-12-28 17:14:11,693 - INFO  - Copied code file: analyze_single_layer_fault_impact.py
2025-12-28 17:14:11,693 - INFO  - Copied code file: calculate_weight_flip_probability.py
2025-12-28 17:14:11,693 - INFO  - Copied code file: collect_layer_statistics.py
2025-12-28 17:14:11,693 - INFO  - Copied code file: diagnose_corrector_gap.py
2025-12-28 17:14:11,693 - INFO  - Copied code file: sweep_srqat.py
2025-12-28 17:14:11,693 - INFO  - Copied code file: eval_gradient_statistics_restorer.py
2025-12-28 17:14:11,694 - INFO  - Copied code file: eval_sensitive_layer_sets.py
2025-12-28 17:14:11,694 - INFO  - Copied code file: eval_sensitive_restorer.py
2025-12-28 17:14:11,694 - INFO  - Copied code file: eval_with_fault_injection.py
2025-12-28 17:14:11,694 - INFO  - Copied code file: compare_lsq_scales_with_checkpoint.py
2025-12-28 17:14:11,694 - INFO  - Copied code file: test_fault_injector.py
2025-12-28 17:14:11,695 - INFO  - Copied code file: analyze_srqat_scale_weight_norms.py
2025-12-28 17:14:11,695 - INFO  - Copied code file: test_gray_code_fault_injection.py
2025-12-28 17:14:11,695 - INFO  - Copied code file: test_olm_fault_injection.py
2025-12-28 17:14:11,695 - INFO  - Copied code file: export_srqat_penalty_stats.py
2025-12-28 17:14:11,695 - INFO  - Copied code file: train_learning_repair_head.py
2025-12-28 17:14:11,696 - INFO  - Copied code file: train_olm_encoder.py
2025-12-28 17:14:11,696 - INFO  - Copied code file: plot_weight_distribution_violin.py
2025-12-28 17:14:11,696 - INFO  - Copied code file: train_sensitive_repair_head.py
2025-12-28 17:14:11,696 - INFO  - Copied code file: visualize_fault_activation.py
2025-12-28 17:14:11,696 - INFO  - Copied code file: test_learnable_olm_vs_traditional_olm.py
2025-12-28 17:14:11,697 - INFO  - Copied code file: test_fault_injection_baseline.py
2025-12-28 17:14:11,697 - INFO  - Copied code file: analyze_olm_differences.py
2025-12-28 17:14:11,697 - INFO  - Copied code file: test_learnable_olm_consistency.py
2025-12-28 17:14:11,697 - INFO  - Copied code file: test_search_olm_from_checkpoint.py
2025-12-28 17:14:11,697 - INFO  - Copied code file: test_olm_layer_name_check.py
2025-12-28 17:14:11,697 - INFO  - Copied code file: compare_old_new_fault_injector.py
2025-12-28 17:14:11,698 - INFO  - Copied code file: verify_dec2_fault_injector.py
2025-12-28 17:14:11,698 - INFO  - Copied code file: verify_dec2_olm_fault_injection.py
2025-12-28 17:14:11,698 - INFO  - Copied code file: train_olm_encoder_improved.py
2025-12-28 17:14:11,698 - INFO  - Copied code file: train_olm_encoder_improved_v2.py
2025-12-28 17:14:11,698 - INFO  - Copied code file: train_olm_encoder_enhanced.py
2025-12-28 17:14:11,699 - INFO  - Copied code file: compare_olm_vs_gray_code.py
2025-12-28 17:14:11,699 - INFO  - Copied code file: test_bit_range_fault_injection.py
2025-12-28 17:14:11,699 - INFO  - Copied code file: train_olm_encoder_partial_bits.py
2025-12-28 17:14:11,699 - INFO  - Copied code file: test_bit7_flip_direction.py
2025-12-28 17:14:11,699 - INFO  - Copied code file: train_olm_encoder_hybrid.py
2025-12-28 17:14:11,699 - INFO  - Copied code file: train_olm_encoder_hybrid_v2.py
2025-12-28 17:14:11,700 - INFO  - Copied code file: test_hybrid_olm_fault_injection.py
2025-12-28 17:14:11,700 - INFO  - Copied code file: analyze_layerwise_activation_drift.py
2025-12-28 17:14:11,700 - INFO  - Copied code file: compare_models_activation_drift.py
2025-12-28 17:14:11,700 - INFO  - Copied code file: sweep_resnet18_srqat.py
2025-12-28 17:14:11,700 - INFO  - Copied code file: plot_activation_drift_paper.py
2025-12-28 17:14:11,700 - INFO  - Code backup completed. Code saved to: /root/autodl-tmp/retraining-free-quantization/training/r18_c10_nude_0.02_sim_normal_seed_repair/code/tools
2025-12-28 17:14:11,701 - INFO  - Copied code file: __init__.py
2025-12-28 17:14:11,701 - INFO  - Copied code file: bsam.py
2025-12-28 17:14:11,701 - INFO  - Copied code file: checkpoint.py
2025-12-28 17:14:11,701 - INFO  - Copied code file: config.py
2025-12-28 17:14:11,701 - INFO  - Copied code file: data_loader.py
2025-12-28 17:14:11,702 - INFO  - Copied code file: dist.py
2025-12-28 17:14:11,702 - INFO  - Copied code file: enhanced_feature_extractor.py
2025-12-28 17:14:11,702 - INFO  - Copied code file: olm_encoder_enhanced.py
2025-12-28 17:14:11,702 - INFO  - Copied code file: gradient_statistics_restorer.py
2025-12-28 17:14:11,702 - INFO  - Copied code file: greedy_search.py
2025-12-28 17:14:11,702 - INFO  - Copied code file: intermediate_layer_restorer.py
2025-12-28 17:14:11,703 - INFO  - Copied code file: intermediate_restorer_integration.py
2025-12-28 17:14:11,703 - INFO  - Copied code file: intermediate_restorer_trainer.py
2025-12-28 17:14:11,703 - INFO  - Copied code file: layerwise_rl_restorer.py
2025-12-28 17:14:11,703 - INFO  - Copied code file: loss_ops.py
2025-12-28 17:14:11,703 - INFO  - Copied code file: lsq_sam.py
2025-12-28 17:14:11,703 - INFO  - Copied code file: model_ema.py
2025-12-28 17:14:11,704 - INFO  - Copied code file: monitor.py
2025-12-28 17:14:11,704 - INFO  - Copied code file: mpq.py
2025-12-28 17:14:11,704 - INFO  - Copied code file: olm_encoder.py
2025-12-28 17:14:11,704 - INFO  - Copied code file: output_corrector.py
2025-12-28 17:14:11,704 - INFO  - Copied code file: progressive_ber_scheduler.py
2025-12-28 17:14:11,705 - INFO  - Copied code file: qat.py
2025-12-28 17:14:11,705 - INFO  - Copied code file: random_search.py
2025-12-28 17:14:11,705 - INFO  - Copied code file: rl_intermediate_layer_restorer.py
2025-12-28 17:14:11,705 - INFO  - Copied code file: rl_intermediate_restorer_integration.py
2025-12-28 17:14:11,705 - INFO  - Copied code file: rl_restorer.py
2025-12-28 17:14:11,705 - INFO  - Copied code file: rl_restorer_integration.py
2025-12-28 17:14:11,706 - INFO  - Copied code file: rl_restorer_lightweight.py
2025-12-28 17:14:11,706 - INFO  - Copied code file: rl_restorer_trainer.py
2025-12-28 17:14:11,706 - INFO  - Copied code file: searcher.py
2025-12-28 17:14:11,706 - INFO  - Copied code file: sensitive_features.py
2025-12-28 17:14:11,706 - INFO  - Copied code file: sensitive_layer_restorer.py
2025-12-28 17:14:11,707 - INFO  - Copied code file: sensitive_restorer.py
2025-12-28 17:14:11,707 - INFO  - Copied code file: sensitive_restorer_transformer.py
2025-12-28 17:14:11,707 - INFO  - Copied code file: sensitive_restorer_v2.py
2025-12-28 17:14:11,707 - INFO  - Copied code file: utils.py
2025-12-28 17:14:11,707 - INFO  - Copied code file: weight_schd.py
2025-12-28 17:14:11,707 - INFO  - Copied code file: learnable_olm.py
2025-12-28 17:14:11,708 - INFO  - Copied code file: integer_inn_encoder.py
2025-12-28 17:14:11,708 - INFO  - Copied code file: search_olm_manager.py
2025-12-28 17:14:11,708 - INFO  - Copied code file: hybrid_olm_optimizer.py
2025-12-28 17:14:11,708 - INFO  - Copied code file: efficient_hybrid_olm_optimizer.py
2025-12-28 17:14:11,708 - INFO  - Copied code file: fault_injector_question.py
2025-12-28 17:14:11,708 - INFO  - Copied code file: improved_olm_encoder.py
2025-12-28 17:14:11,709 - INFO  - Copied code file: improved_olm_encoder_v2.py
2025-12-28 17:14:11,709 - INFO  - Copied code file: improved_olm_encoder_genetic.py
2025-12-28 17:14:11,709 - INFO  - Copied code file: fault_injector.py
2025-12-28 17:14:11,709 - INFO  - Code backup completed. Code saved to: /root/autodl-tmp/retraining-free-quantization/training/r18_c10_nude_0.02_sim_normal_seed_repair/code/util
2025-12-28 17:14:11,709 - INFO  - Code backup completed. Code saved to: /root/autodl-tmp/retraining-free-quantization/training/r18_c10_nude_0.02_sim_normal_seed_repair/code/visualizations/fault_activation_features_0
2025-12-28 17:14:11,709 - INFO  - Code backup completed. Code saved to: /root/autodl-tmp/retraining-free-quantization/training/r18_c10_nude_0.02_sim_normal_seed_repair/code/visualizations/fault_activation_features_0_ber1e1
2025-12-28 17:14:11,709 - INFO  - Code backup completed. Code saved to: /root/autodl-tmp/retraining-free-quantization/training/r18_c10_nude_0.02_sim_normal_seed_repair/code/visualizations
2025-12-28 17:14:11,710 - INFO  - Copied code file: main.py
2025-12-28 17:14:11,710 - INFO  - Copied code file: policy.py
2025-12-28 17:14:11,710 - INFO  - Copied code file: compare_scripts.py
2025-12-28 17:14:11,710 - INFO  - Code backup completed. Code saved to: /root/autodl-tmp/retraining-free-quantization/training/r18_c10_nude_0.02_sim_normal_seed_repair/code/chat
2025-12-28 17:14:11,710 - INFO  - Copied code file: process_sam.py
2025-12-28 17:14:11,710 - INFO  - Copied code file: process.py
2025-12-28 17:14:11,711 - INFO  - Copied code file: FAULT_INJECTION_SIMPLE_EXAMPLE.py
2025-12-28 17:14:11,711 - INFO  - Copied code file: analyze_bit_width_impact.py
2025-12-28 17:14:11,711 - INFO  - Copied code file: evolution_search.py
2025-12-28 17:14:11,711 - INFO  - Copied code file: analyze_w2a6_real_reason.py
2025-12-28 17:14:11,711 - INFO  - Copied code file: analyze_w2a6_slowdown.py
2025-12-28 17:14:11,712 - INFO  - Copied code file: debug_fault_injection_detailed.py
2025-12-28 17:14:11,712 - INFO  - Copied code file: example_enhanced_features.py
2025-12-28 17:14:11,712 - INFO  - Copied code file: example_rl_restorer.py
2025-12-28 17:14:11,712 - INFO  - Copied code file: example_rl_restorer_integration.py
2025-12-28 17:14:11,712 - INFO  - Copied code file: quick_test_gradient_restorer.py
2025-12-28 17:14:11,712 - INFO  - Copied code file: process_olm_fat.py
2025-12-28 17:14:11,713 - INFO  - Copied code file: process_normal.py
2025-12-28 17:14:11,713 - INFO  - Copied code file: main_normal.py
2025-12-28 17:14:11,713 - INFO  - Copied code file: test_ber_verification.py
2025-12-28 17:14:11,713 - INFO  - Copied code file: test_fault_injection_debug.py
2025-12-28 17:14:11,713 - INFO  - Copied code file: test_fault_injection_seed_logic.py
2025-12-28 17:14:11,714 - INFO  - Copied code file: test_fault_injection_verbose.py
2025-12-28 17:14:11,714 - INFO  - Copied code file: test_gradient_preservation.py
2025-12-28 17:14:11,714 - INFO  - Copied code file: test_json_config_loading.py
2025-12-28 17:14:11,714 - INFO  - Copied code file: main_olm_fat.py
2025-12-28 17:14:11,714 - INFO  - Copied code file: train_rl_restorer_with_enhanced_features.py
2025-12-28 17:14:11,714 - INFO  - Copied code file: train_sensitive_restorer.py
2025-12-28 17:14:11,715 - INFO  - Copied code file: train_sensitive_restorer_distill.py
2025-12-28 17:14:11,715 - INFO  - Code backup completed. Code saved to: /root/autodl-tmp/retraining-free-quantization/training/r18_c10_nude_0.02_sim_normal_seed_repair/code/analysis/clean120_drift
2025-12-28 17:14:11,715 - INFO  - Code backup completed. Code saved to: /root/autodl-tmp/retraining-free-quantization/training/r18_c10_nude_0.02_sim_normal_seed_repair/code/analysis/srqat_drift
2025-12-28 17:14:11,715 - INFO  - Code backup completed. Code saved to: /root/autodl-tmp/retraining-free-quantization/training/r18_c10_nude_0.02_sim_normal_seed_repair/code/analysis/comparison
2025-12-28 17:14:11,715 - INFO  - Code backup completed. Code saved to: /root/autodl-tmp/retraining-free-quantization/training/r18_c10_nude_0.02_sim_normal_seed_repair/code/analysis/srqat_ls0_drift
2025-12-28 17:14:11,715 - INFO  - Code backup completed. Code saved to: /root/autodl-tmp/retraining-free-quantization/training/r18_c10_nude_0.02_sim_normal_seed_repair/code/analysis/comparison_srqat
2025-12-28 17:14:11,715 - INFO  - Code backup completed. Code saved to: /root/autodl-tmp/retraining-free-quantization/training/r18_c10_nude_0.02_sim_normal_seed_repair/code/analysis/paper_figs
2025-12-28 17:14:11,715 - INFO  - Code backup completed. Code saved to: /root/autodl-tmp/retraining-free-quantization/training/r18_c10_nude_0.02_sim_normal_seed_repair/code/analysis/resnet18_ls0_drift_ber3e2
2025-12-28 17:14:11,715 - INFO  - Code backup completed. Code saved to: /root/autodl-tmp/retraining-free-quantization/training/r18_c10_nude_0.02_sim_normal_seed_repair/code/analysis/resnet18_ls1e7_drift_ber3e2
2025-12-28 17:14:11,715 - INFO  - Code backup completed. Code saved to: /root/autodl-tmp/retraining-free-quantization/training/r18_c10_nude_0.02_sim_normal_seed_repair/code/analysis/resnet18_drift_compare_ber3e2
2025-12-28 17:14:11,716 - INFO  - Code backup completed. Code saved to: /root/autodl-tmp/retraining-free-quantization/training/r18_c10_nude_0.02_sim_normal_seed_repair/code/analysis/resnet18_paper_figs
2025-12-28 17:14:11,716 - INFO  - Code backup completed. Code saved to: /root/autodl-tmp/retraining-free-quantization/training/r18_c10_nude_0.02_sim_normal_seed_repair/code/analysis
2025-12-28 17:14:11,716 - INFO  - Copied code file: run_fault_tolerance_test.py
2025-12-28 17:14:11,716 - INFO  - Copied code file: resnet18_ber_sweep_msb.py
2025-12-28 17:14:11,716 - INFO  - Copied code file: resnet18_ber_sweep_msb-checkpoint.py
2025-12-28 17:14:11,716 - INFO  - Code backup completed. Code saved to: /root/autodl-tmp/retraining-free-quantization/training/r18_c10_nude_0.02_sim_normal_seed_repair/code/scripts/.ipynb_checkpoints
2025-12-28 17:14:11,716 - INFO  - Code backup completed. Code saved to: /root/autodl-tmp/retraining-free-quantization/training/r18_c10_nude_0.02_sim_normal_seed_repair/code/scripts
2025-12-28 17:14:11,716 - INFO  - Copied code file: test_resnet18_skip_msb.py
2025-12-28 17:14:11,717 - INFO  - Copied code file: test_baseline_fault_tolerance.py
2025-12-28 17:14:11,717 - INFO  - Copied code file: test_baseline_fault_tolerance_simple.py
2025-12-28 17:14:11,717 - INFO  - Copied code file: debug_baseline_test.py
2025-12-28 17:14:11,717 - INFO  - Copied code file: evolution_search.py
2025-12-28 17:14:11,717 - INFO  - Copied code file: fi.py
2025-12-28 17:14:11,717 - INFO  - Copied code file: main.py
2025-12-28 17:14:11,718 - INFO  - Copied code file: mainalex.py
2025-12-28 17:14:11,718 - INFO  - Copied code file: policy.py
2025-12-28 17:14:11,718 - INFO  - Copied code file: process.py
2025-12-28 17:14:11,718 - INFO  - Code backup completed. Code saved to: /root/autodl-tmp/retraining-free-quantization/training/r18_c10_nude_0.02_sim_normal_seed_repair/code/error_find/.idea/inspectionProfiles
2025-12-28 17:14:11,718 - INFO  - Code backup completed. Code saved to: /root/autodl-tmp/retraining-free-quantization/training/r18_c10_nude_0.02_sim_normal_seed_repair/code/error_find/.idea
2025-12-28 17:14:11,718 - INFO  - Copied code file: bsam.py
2025-12-28 17:14:11,718 - INFO  - Copied code file: ctl_factory.py
2025-12-28 17:14:11,719 - INFO  - Copied code file: scheduler.py
2025-12-28 17:14:11,719 - INFO  - Copied code file: traincube.py
2025-12-28 17:14:11,719 - INFO  - Copied code file: __init__.py
2025-12-28 17:14:11,719 - INFO  - Copied code file: train_bsam_quan.py
2025-12-28 17:14:11,719 - INFO  - Copied code file: train_epoch_bsam.py
2025-12-28 17:14:11,719 - INFO  - Code backup completed. Code saved to: /root/autodl-tmp/retraining-free-quantization/training/r18_c10_nude_0.02_sim_normal_seed_repair/code/error_find/bsam_quan_src
2025-12-28 17:14:11,719 - INFO  - Code backup completed. Code saved to: /root/autodl-tmp/retraining-free-quantization/training/r18_c10_nude_0.02_sim_normal_seed_repair/code/error_find/configs
2025-12-28 17:14:11,719 - INFO  - Code backup completed. Code saved to: /root/autodl-tmp/retraining-free-quantization/training/r18_c10_nude_0.02_sim_normal_seed_repair/code/error_find/logs
2025-12-28 17:14:11,720 - INFO  - Copied code file: alexnet.py
2025-12-28 17:14:11,720 - INFO  - Copied code file: mobilenetv2.py
2025-12-28 17:14:11,720 - INFO  - Copied code file: model.py
2025-12-28 17:14:11,720 - INFO  - Copied code file: resnet.py
2025-12-28 17:14:11,720 - INFO  - Copied code file: __init__.py
2025-12-28 17:14:11,720 - INFO  - Code backup completed. Code saved to: /root/autodl-tmp/retraining-free-quantization/training/r18_c10_nude_0.02_sim_normal_seed_repair/code/error_find/model
2025-12-28 17:14:11,720 - INFO  - Copied code file: func.py
2025-12-28 17:14:11,720 - INFO  - Copied code file: utils.py
2025-12-28 17:14:11,721 - INFO  - Copied code file: __init__.py
2025-12-28 17:14:11,721 - INFO  - Copied code file: lsq.py
2025-12-28 17:14:11,721 - INFO  - Copied code file: __init__.py
2025-12-28 17:14:11,721 - INFO  - Copied code file: quantizer.py
2025-12-28 17:14:11,721 - INFO  - Code backup completed. Code saved to: /root/autodl-tmp/retraining-free-quantization/training/r18_c10_nude_0.02_sim_normal_seed_repair/code/error_find/quan/quantizer
2025-12-28 17:14:11,721 - INFO  - Code backup completed. Code saved to: /root/autodl-tmp/retraining-free-quantization/training/r18_c10_nude_0.02_sim_normal_seed_repair/code/error_find/quan
2025-12-28 17:14:11,721 - INFO  - Copied code file: __init__.py
2025-12-28 17:14:11,722 - INFO  - Copied code file: cubesam.py
2025-12-28 17:14:11,722 - INFO  - Copied code file: qbsam.py
2025-12-28 17:14:11,722 - INFO  - Code backup completed. Code saved to: /root/autodl-tmp/retraining-free-quantization/training/r18_c10_nude_0.02_sim_normal_seed_repair/code/error_find/scalablewp
2025-12-28 17:14:11,722 - INFO  - Code backup completed. Code saved to: /root/autodl-tmp/retraining-free-quantization/training/r18_c10_nude_0.02_sim_normal_seed_repair/code/error_find/trained_models/cube
2025-12-28 17:14:11,722 - INFO  - Code backup completed. Code saved to: /root/autodl-tmp/retraining-free-quantization/training/r18_c10_nude_0.02_sim_normal_seed_repair/code/error_find/trained_models/qsam
2025-12-28 17:14:11,722 - INFO  - Code backup completed. Code saved to: /root/autodl-tmp/retraining-free-quantization/training/r18_c10_nude_0.02_sim_normal_seed_repair/code/error_find/trained_models/qwsam
2025-12-28 17:14:11,722 - INFO  - Code backup completed. Code saved to: /root/autodl-tmp/retraining-free-quantization/training/r18_c10_nude_0.02_sim_normal_seed_repair/code/error_find/trained_models
2025-12-28 17:14:11,722 - INFO  - Copied code file: config.py
2025-12-28 17:14:11,722 - INFO  - Copied code file: checkpoint.py
2025-12-28 17:14:11,722 - INFO  - Copied code file: data_loader.py
2025-12-28 17:14:11,723 - INFO  - Copied code file: dist.py
2025-12-28 17:14:11,723 - INFO  - Copied code file: loss_ops.py
2025-12-28 17:14:11,723 - INFO  - Copied code file: greedy_search.py
2025-12-28 17:14:11,723 - INFO  - Copied code file: model_ema.py
2025-12-28 17:14:11,723 - INFO  - Copied code file: monitor.py
2025-12-28 17:14:11,723 - INFO  - Copied code file: mpq.py
2025-12-28 17:14:11,723 - INFO  - Copied code file: qat.py
2025-12-28 17:14:11,724 - INFO  - Copied code file: random_search.py
2025-12-28 17:14:11,724 - INFO  - Copied code file: searcher.py
2025-12-28 17:14:11,724 - INFO  - Copied code file: __init__.py
2025-12-28 17:14:11,724 - INFO  - Copied code file: weight_schd.py
2025-12-28 17:14:11,724 - INFO  - Copied code file: utils.py
2025-12-28 17:14:11,724 - INFO  - Code backup completed. Code saved to: /root/autodl-tmp/retraining-free-quantization/training/r18_c10_nude_0.02_sim_normal_seed_repair/code/error_find/util
2025-12-28 17:14:11,724 - INFO  - Copied code file: ver_test.py
2025-12-28 17:14:11,724 - INFO  - Code backup completed. Code saved to: /root/autodl-tmp/retraining-free-quantization/training/r18_c10_nude_0.02_sim_normal_seed_repair/code/error_find
2025-12-28 17:14:11,725 - INFO  - Copied code file: main_nude.py
2025-12-28 17:14:11,725 - INFO  - Copied code file: process_nude.py
2025-12-28 17:14:11,725 - INFO  - Code backup completed. Code saved to: /root/autodl-tmp/retraining-free-quantization/training/r18_c10_nude_0.02_sim_normal_seed_repair/code
2025-12-28 17:14:11,934 - INFO  - Created `resnet18` model for `cifar10` dataset (num_classes=10)
          Use pre-trained model = False
2025-12-28 17:14:12,238 - INFO  - ================================================================================
2025-12-28 17:14:12,238 - INFO  - 🚀 [NUDE] BFAT ENABLED
2025-12-28 17:14:12,238 - INFO  - ================================================================================
2025-12-28 17:14:12,238 - INFO  -   ✅ FaultInjector initialized for BFAT
2025-12-28 17:14:14,689 - INFO  - [NUDE] Force training only max(target_bits)=6 (no nr_random_sample)
2025-12-28 17:14:14,694 - INFO  - 🎲 Epoch 0: FaultInjector seed rotated to 42
2025-12-28 17:14:14,701 - INFO  - [NUDE] Epoch 0: force max bit-width W/A = 6
2025-12-28 17:14:14,701 - INFO  - ================================================================================
2025-12-28 17:14:14,701 - INFO  - 🔥 [NUDE] BFAT ACTIVE
2025-12-28 17:14:14,701 - INFO  -    Loss Type: direct_ce
2025-12-28 17:14:14,701 - INFO  -    Proj Mode: direction
2025-12-28 17:14:14,702 - INFO  -    Injection: All Bits
2025-12-28 17:14:14,702 - INFO  - ================================================================================
2025-12-28 17:14:27,803 - INFO  - [NUDE][TRAIN] Epoch 0/100 Iter 20/390 Loss 3.9980 ResLoss 3.9857 BfatLoss 4.0027 Top1 11.02 Top5 51.68
2025-12-28 17:14:39,873 - INFO  - [NUDE][TRAIN] Epoch 0/100 Iter 40/390 Loss 3.1543 ResLoss 3.1482 BfatLoss 3.1569 Top1 10.82 Top5 51.66
2025-12-28 17:14:51,848 - INFO  - [NUDE][TRAIN] Epoch 0/100 Iter 60/390 Loss 2.8704 ResLoss 2.8663 BfatLoss 2.8722 Top1 10.73 Top5 51.94
2025-12-28 17:15:03,882 - INFO  - [NUDE][TRAIN] Epoch 0/100 Iter 80/390 Loss 2.7275 ResLoss 2.7244 BfatLoss 2.7288 Top1 11.04 Top5 52.26
2025-12-28 17:15:15,830 - INFO  - [NUDE][TRAIN] Epoch 0/100 Iter 100/390 Loss 2.6400 ResLoss 2.6376 BfatLoss 2.6412 Top1 11.12 Top5 52.79
2025-12-28 17:15:28,181 - INFO  - [NUDE][TRAIN] Epoch 0/100 Iter 120/390 Loss 2.5803 ResLoss 2.5783 BfatLoss 2.5817 Top1 11.30 Top5 52.95
2025-12-28 17:15:40,445 - INFO  - [NUDE][TRAIN] Epoch 0/100 Iter 140/390 Loss 2.5326 ResLoss 2.5310 BfatLoss 2.5344 Top1 11.75 Top5 53.36
2025-12-28 17:15:52,746 - INFO  - [NUDE][TRAIN] Epoch 0/100 Iter 160/390 Loss 2.4926 ResLoss 2.4913 BfatLoss 2.4945 Top1 12.61 Top5 54.43
2025-12-28 17:16:04,808 - INFO  - [NUDE][TRAIN] Epoch 0/100 Iter 180/390 Loss 2.4618 ResLoss 2.4606 BfatLoss 2.4640 Top1 13.18 Top5 55.14
2025-12-28 17:16:16,966 - INFO  - [NUDE][TRAIN] Epoch 0/100 Iter 200/390 Loss 2.4377 ResLoss 2.4366 BfatLoss 2.4400 Top1 13.72 Top5 55.73
2025-12-28 17:16:29,439 - INFO  - [NUDE][TRAIN] Epoch 0/100 Iter 220/390 Loss 2.4156 ResLoss 2.4147 BfatLoss 2.4176 Top1 14.14 Top5 56.42
2025-12-28 17:16:41,567 - INFO  - [NUDE][TRAIN] Epoch 0/100 Iter 240/390 Loss 2.3965 ResLoss 2.3957 BfatLoss 2.3986 Top1 14.61 Top5 56.74
2025-12-28 17:16:53,534 - INFO  - [NUDE][TRAIN] Epoch 0/100 Iter 260/390 Loss 2.3794 ResLoss 2.3787 BfatLoss 2.3815 Top1 15.08 Top5 57.13
2025-12-28 17:17:05,651 - INFO  - [NUDE][TRAIN] Epoch 0/100 Iter 280/390 Loss 2.3645 ResLoss 2.3639 BfatLoss 2.3666 Top1 15.43 Top5 57.31
2025-12-28 17:17:17,763 - INFO  - [NUDE][TRAIN] Epoch 0/100 Iter 300/390 Loss 2.3528 ResLoss 2.3522 BfatLoss 2.3551 Top1 15.65 Top5 57.68
2025-12-28 17:17:30,164 - INFO  - [NUDE][TRAIN] Epoch 0/100 Iter 320/390 Loss 2.3416 ResLoss 2.3410 BfatLoss 2.3441 Top1 15.87 Top5 57.96
2025-12-28 17:17:42,156 - INFO  - [NUDE][TRAIN] Epoch 0/100 Iter 340/390 Loss 2.3318 ResLoss 2.3313 BfatLoss 2.3344 Top1 16.16 Top5 58.27
2025-12-28 17:17:54,221 - INFO  - [NUDE][TRAIN] Epoch 0/100 Iter 360/390 Loss 2.3242 ResLoss 2.3237 BfatLoss 2.3271 Top1 16.28 Top5 58.40
2025-12-28 17:18:06,353 - INFO  - [NUDE][TRAIN] Epoch 0/100 Iter 380/390 Loss 2.3164 ResLoss 2.3160 BfatLoss 2.3194 Top1 16.61 Top5 58.52
2025-12-28 17:18:12,353 - INFO  - [NUDE] Validate: force max bit-width W/A = 6
2025-12-28 17:18:14,750 - INFO  - [NUDE][EPOCH] 0/100 Train: Top1=16.68 Top5=58.57 Loss=2.3125 | Val(EMA): Top1=10.00
2025-12-28 17:18:14,750 - INFO  -   ⏱️  本Epoch耗时: 4分0秒 | 平均Epoch耗时: 4分0秒 | 剩余Epoch数: 99
2025-12-28 17:18:14,750 - INFO  -   📅 预估剩余时间: 6小时36分5秒 | 预估完成时间: 2025-12-28 23:54:20
2025-12-28 17:18:15,352 - INFO  - ([1] Epoch) Saving checkpoint to:
             Current: /root/autodl-tmp/retraining-free-quantization/training/r18_c10_nude_0.02_sim_normal_seed_repair/r18_c10_nude_0.02_sim_normal_seed_repair_checkpoint.pth.tar

2025-12-28 17:18:15,355 - INFO  - 🎲 Epoch 1: FaultInjector seed rotated to 43
2025-12-28 17:18:15,363 - INFO  - [NUDE] Epoch 1: force max bit-width W/A = 6
2025-12-28 17:18:15,363 - INFO  - ================================================================================
2025-12-28 17:18:15,363 - INFO  - 🔥 [NUDE] BFAT ACTIVE
2025-12-28 17:18:15,363 - INFO  -    Loss Type: direct_ce
2025-12-28 17:18:15,363 - INFO  -    Proj Mode: direction
2025-12-28 17:18:15,363 - INFO  -    Injection: All Bits
2025-12-28 17:18:15,363 - INFO  - ================================================================================
2025-12-28 17:18:27,582 - INFO  - [NUDE][TRAIN] Epoch 1/100 Iter 20/390 Loss 2.1689 ResLoss 2.1692 BfatLoss 2.1733 Top1 20.00 Top5 63.91
2025-12-28 17:18:39,737 - INFO  - [NUDE][TRAIN] Epoch 1/100 Iter 40/390 Loss 2.1533 ResLoss 2.1536 BfatLoss 2.1568 Top1 20.61 Top5 63.93
2025-12-28 17:18:51,834 - INFO  - [NUDE][TRAIN] Epoch 1/100 Iter 60/390 Loss 2.1448 ResLoss 2.1451 BfatLoss 2.1497 Top1 20.91 Top5 63.89
2025-12-28 17:19:04,119 - INFO  - [NUDE][TRAIN] Epoch 1/100 Iter 80/390 Loss 2.1388 ResLoss 2.1392 BfatLoss 2.1424 Top1 21.49 Top5 64.87
2025-12-28 17:19:16,062 - INFO  - [NUDE][TRAIN] Epoch 1/100 Iter 100/390 Loss 2.1345 ResLoss 2.1349 BfatLoss 2.1398 Top1 21.80 Top5 65.45
2025-12-28 17:19:28,102 - INFO  - [NUDE][TRAIN] Epoch 1/100 Iter 120/390 Loss 2.1300 ResLoss 2.1304 BfatLoss 2.1356 Top1 22.01 Top5 66.28
2025-12-28 17:19:40,122 - INFO  - [NUDE][TRAIN] Epoch 1/100 Iter 140/390 Loss 2.1250 ResLoss 2.1256 BfatLoss 2.1306 Top1 22.15 Top5 66.71
2025-12-28 17:19:52,249 - INFO  - [NUDE][TRAIN] Epoch 1/100 Iter 160/390 Loss 2.1213 ResLoss 2.1219 BfatLoss 2.1273 Top1 22.23 Top5 67.43
2025-12-28 17:20:04,380 - INFO  - [NUDE][TRAIN] Epoch 1/100 Iter 180/390 Loss 2.1123 ResLoss 2.1130 BfatLoss 2.1196 Top1 22.64 Top5 68.12
2025-12-28 17:20:16,468 - INFO  - [NUDE][TRAIN] Epoch 1/100 Iter 200/390 Loss 2.1033 ResLoss 2.1042 BfatLoss 2.1109 Top1 22.87 Top5 68.68
2025-12-28 17:20:29,016 - INFO  - [NUDE][TRAIN] Epoch 1/100 Iter 220/390 Loss 2.0928 ResLoss 2.0938 BfatLoss 2.1002 Top1 23.38 Top5 69.09
2025-12-28 17:20:41,115 - INFO  - [NUDE][TRAIN] Epoch 1/100 Iter 240/390 Loss 2.0844 ResLoss 2.0853 BfatLoss 2.0929 Top1 23.62 Top5 69.55
2025-12-28 17:20:53,779 - INFO  - [NUDE][TRAIN] Epoch 1/100 Iter 260/390 Loss 2.0744 ResLoss 2.0755 BfatLoss 2.0832 Top1 23.98 Top5 70.03
2025-12-28 17:21:06,297 - INFO  - [NUDE][TRAIN] Epoch 1/100 Iter 280/390 Loss 2.0679 ResLoss 2.0693 BfatLoss 2.0781 Top1 24.10 Top5 70.52
2025-12-28 17:21:19,079 - INFO  - [NUDE][TRAIN] Epoch 1/100 Iter 300/390 Loss 2.0609 ResLoss 2.0623 BfatLoss 2.0719 Top1 24.39 Top5 70.84
2025-12-28 17:21:31,407 - INFO  - [NUDE][TRAIN] Epoch 1/100 Iter 320/390 Loss 2.0522 ResLoss 2.0538 BfatLoss 2.0642 Top1 24.72 Top5 71.36
2025-12-28 17:21:43,386 - INFO  - [NUDE][TRAIN] Epoch 1/100 Iter 340/390 Loss 2.0442 ResLoss 2.0459 BfatLoss 2.0568 Top1 24.96 Top5 71.86
2025-12-28 17:21:55,675 - INFO  - [NUDE][TRAIN] Epoch 1/100 Iter 360/390 Loss 2.0369 ResLoss 2.0387 BfatLoss 2.0504 Top1 25.14 Top5 72.08
2025-12-28 17:22:07,687 - INFO  - [NUDE][TRAIN] Epoch 1/100 Iter 380/390 Loss 2.0300 ResLoss 2.0318 BfatLoss 2.0455 Top1 25.38 Top5 72.41
2025-12-28 17:22:13,840 - INFO  - [NUDE] Validate: force max bit-width W/A = 6
2025-12-28 17:22:16,136 - INFO  - [NUDE][EPOCH] 1/100 Train: Top1=25.49 Top5=72.49 Loss=2.0266 | Val(EMA): Top1=10.00
2025-12-28 17:22:16,136 - INFO  -   ⏱️  本Epoch耗时: 4分0秒 | 平均Epoch耗时: 4分0秒 | 剩余Epoch数: 98
2025-12-28 17:22:16,136 - INFO  -   📅 预估剩余时间: 6小时32分41秒 | 预估完成时间: 2025-12-28 23:54:57
2025-12-28 17:22:16,788 - INFO  - ([2] Epoch) Saving checkpoint to:
             Current: /root/autodl-tmp/retraining-free-quantization/training/r18_c10_nude_0.02_sim_normal_seed_repair/r18_c10_nude_0.02_sim_normal_seed_repair_checkpoint.pth.tar

2025-12-28 17:22:16,791 - INFO  - 🎲 Epoch 2: FaultInjector seed rotated to 44
2025-12-28 17:22:16,799 - INFO  - [NUDE] Epoch 2: force max bit-width W/A = 6
2025-12-28 17:22:16,799 - INFO  - ================================================================================
2025-12-28 17:22:16,799 - INFO  - 🔥 [NUDE] BFAT ACTIVE
2025-12-28 17:22:16,799 - INFO  -    Loss Type: direct_ce
2025-12-28 17:22:16,799 - INFO  -    Proj Mode: direction
2025-12-28 17:22:16,799 - INFO  -    Injection: All Bits
2025-12-28 17:22:16,799 - INFO  - ================================================================================
2025-12-28 17:22:29,139 - INFO  - [NUDE][TRAIN] Epoch 2/100 Iter 20/390 Loss 1.8509 ResLoss 1.8548 BfatLoss 1.8773 Top1 31.68 Top5 79.61
2025-12-28 17:22:41,111 - INFO  - [NUDE][TRAIN] Epoch 2/100 Iter 40/390 Loss 1.8663 ResLoss 1.8703 BfatLoss 1.9010 Top1 31.39 Top5 79.00
2025-12-28 17:22:53,993 - INFO  - [NUDE][TRAIN] Epoch 2/100 Iter 60/390 Loss 1.8584 ResLoss 1.8615 BfatLoss 1.9007 Top1 31.76 Top5 79.87
2025-12-28 17:23:06,308 - INFO  - [NUDE][TRAIN] Epoch 2/100 Iter 80/390 Loss 1.8530 ResLoss 1.8567 BfatLoss 1.8947 Top1 31.67 Top5 80.51
2025-12-28 17:23:18,440 - INFO  - [NUDE][TRAIN] Epoch 2/100 Iter 100/390 Loss 1.8502 ResLoss 1.8538 BfatLoss 1.8905 Top1 31.90 Top5 80.69
2025-12-28 17:23:30,528 - INFO  - [NUDE][TRAIN] Epoch 2/100 Iter 120/390 Loss 1.8455 ResLoss 1.8488 BfatLoss 1.8827 Top1 31.91 Top5 80.96
2025-12-28 17:23:42,558 - INFO  - [NUDE][TRAIN] Epoch 2/100 Iter 140/390 Loss 1.8451 ResLoss 1.8484 BfatLoss 1.8833 Top1 32.01 Top5 81.18
2025-12-28 17:23:54,722 - INFO  - [NUDE][TRAIN] Epoch 2/100 Iter 160/390 Loss 1.8385 ResLoss 1.8422 BfatLoss 1.8768 Top1 32.22 Top5 81.45
2025-12-28 17:24:06,721 - INFO  - [NUDE][TRAIN] Epoch 2/100 Iter 180/390 Loss 1.8333 ResLoss 1.8371 BfatLoss 1.8744 Top1 32.26 Top5 81.71
2025-12-28 17:24:18,963 - INFO  - [NUDE][TRAIN] Epoch 2/100 Iter 200/390 Loss 1.8271 ResLoss 1.8308 BfatLoss 1.8682 Top1 32.52 Top5 82.02
2025-12-28 17:24:31,213 - INFO  - [NUDE][TRAIN] Epoch 2/100 Iter 220/390 Loss 1.8257 ResLoss 1.8295 BfatLoss 1.8678 Top1 32.51 Top5 82.22
2025-12-28 17:24:43,605 - INFO  - [NUDE][TRAIN] Epoch 2/100 Iter 240/390 Loss 1.8231 ResLoss 1.8270 BfatLoss 1.8663 Top1 32.66 Top5 82.28
2025-12-28 17:24:55,832 - INFO  - [NUDE][TRAIN] Epoch 2/100 Iter 260/390 Loss 1.8188 ResLoss 1.8227 BfatLoss 1.8620 Top1 32.74 Top5 82.51
2025-12-28 17:25:08,216 - INFO  - [NUDE][TRAIN] Epoch 2/100 Iter 280/390 Loss 1.8149 ResLoss 1.8190 BfatLoss 1.8588 Top1 32.87 Top5 82.63
2025-12-28 17:25:20,555 - INFO  - [NUDE][TRAIN] Epoch 2/100 Iter 300/390 Loss 1.8101 ResLoss 1.8143 BfatLoss 1.8538 Top1 33.06 Top5 82.81
2025-12-28 17:25:32,748 - INFO  - [NUDE][TRAIN] Epoch 2/100 Iter 320/390 Loss 1.8041 ResLoss 1.8083 BfatLoss 1.8488 Top1 33.26 Top5 83.00
2025-12-28 17:25:45,071 - INFO  - [NUDE][TRAIN] Epoch 2/100 Iter 340/390 Loss 1.7992 ResLoss 1.8032 BfatLoss 1.8452 Top1 33.47 Top5 83.15
2025-12-28 17:25:57,142 - INFO  - [NUDE][TRAIN] Epoch 2/100 Iter 360/390 Loss 1.7931 ResLoss 1.7973 BfatLoss 1.8391 Top1 33.67 Top5 83.32
2025-12-28 17:26:09,238 - INFO  - [NUDE][TRAIN] Epoch 2/100 Iter 380/390 Loss 1.7879 ResLoss 1.7920 BfatLoss 1.8338 Top1 33.81 Top5 83.47
2025-12-28 17:26:15,338 - INFO  - [NUDE] Validate: force max bit-width W/A = 6
2025-12-28 17:26:17,714 - INFO  - [NUDE][EPOCH] 2/100 Train: Top1=33.87 Top5=83.53 Loss=1.7856 | Val(EMA): Top1=9.99
2025-12-28 17:26:17,714 - INFO  -   ⏱️  本Epoch耗时: 4分0秒 | 平均Epoch耗时: 4分0秒 | 剩余Epoch数: 97
2025-12-28 17:26:17,714 - INFO  -   📅 预估剩余时间: 6小时28分56秒 | 预估完成时间: 2025-12-28 23:55:14
2025-12-28 17:26:18,450 - INFO  - ([3] Epoch) Saving checkpoint to:
             Current: /root/autodl-tmp/retraining-free-quantization/training/r18_c10_nude_0.02_sim_normal_seed_repair/r18_c10_nude_0.02_sim_normal_seed_repair_checkpoint.pth.tar

2025-12-28 17:26:18,453 - INFO  - 🎲 Epoch 3: FaultInjector seed rotated to 45
2025-12-28 17:26:18,461 - INFO  - [NUDE] Epoch 3: force max bit-width W/A = 6
2025-12-28 17:26:18,462 - INFO  - ================================================================================
2025-12-28 17:26:18,462 - INFO  - 🔥 [NUDE] BFAT ACTIVE
2025-12-28 17:26:18,462 - INFO  -    Loss Type: direct_ce
2025-12-28 17:26:18,462 - INFO  -    Proj Mode: direction
2025-12-28 17:26:18,462 - INFO  -    Injection: All Bits
2025-12-28 17:26:18,462 - INFO  - ================================================================================
2025-12-28 17:26:30,754 - INFO  - [NUDE][TRAIN] Epoch 3/100 Iter 20/390 Loss 1.6857 ResLoss 1.6877 BfatLoss 1.7240 Top1 36.99 Top5 86.21
2025-12-28 17:26:43,000 - INFO  - [NUDE][TRAIN] Epoch 3/100 Iter 40/390 Loss 1.6822 ResLoss 1.6861 BfatLoss 1.7451 Top1 37.15 Top5 86.50
2025-12-28 17:26:55,073 - INFO  - [NUDE][TRAIN] Epoch 3/100 Iter 60/390 Loss 1.6781 ResLoss 1.6823 BfatLoss 1.7406 Top1 36.80 Top5 86.65
2025-12-28 17:27:07,209 - INFO  - [NUDE][TRAIN] Epoch 3/100 Iter 80/390 Loss 1.6761 ResLoss 1.6809 BfatLoss 1.7348 Top1 36.99 Top5 86.91
2025-12-28 17:27:19,279 - INFO  - [NUDE][TRAIN] Epoch 3/100 Iter 100/390 Loss 1.6703 ResLoss 1.6753 BfatLoss 1.7307 Top1 37.39 Top5 86.91
2025-12-28 17:27:31,510 - INFO  - [NUDE][TRAIN] Epoch 3/100 Iter 120/390 Loss 1.6616 ResLoss 1.6666 BfatLoss 1.7222 Top1 37.79 Top5 87.02
2025-12-28 17:27:43,638 - INFO  - [NUDE][TRAIN] Epoch 3/100 Iter 140/390 Loss 1.6508 ResLoss 1.6559 BfatLoss 1.7144 Top1 38.27 Top5 87.27
2025-12-28 17:27:55,695 - INFO  - [NUDE][TRAIN] Epoch 3/100 Iter 160/390 Loss 1.6426 ResLoss 1.6476 BfatLoss 1.7069 Top1 38.77 Top5 87.42
2025-12-28 17:28:07,977 - INFO  - [NUDE][TRAIN] Epoch 3/100 Iter 180/390 Loss 1.6393 ResLoss 1.6445 BfatLoss 1.7038 Top1 38.93 Top5 87.51
2025-12-28 17:28:20,049 - INFO  - [NUDE][TRAIN] Epoch 3/100 Iter 200/390 Loss 1.6355 ResLoss 1.6407 BfatLoss 1.6981 Top1 38.98 Top5 87.45
2025-12-28 17:28:32,277 - INFO  - [NUDE][TRAIN] Epoch 3/100 Iter 220/390 Loss 1.6296 ResLoss 1.6352 BfatLoss 1.6959 Top1 39.17 Top5 87.54
2025-12-28 17:28:44,439 - INFO  - [NUDE][TRAIN] Epoch 3/100 Iter 240/390 Loss 1.6244 ResLoss 1.6303 BfatLoss 1.6917 Top1 39.45 Top5 87.54
2025-12-28 17:28:56,537 - INFO  - [NUDE][TRAIN] Epoch 3/100 Iter 260/390 Loss 1.6184 ResLoss 1.6243 BfatLoss 1.6849 Top1 39.64 Top5 87.70
2025-12-28 17:29:08,748 - INFO  - [NUDE][TRAIN] Epoch 3/100 Iter 280/390 Loss 1.6103 ResLoss 1.6161 BfatLoss 1.6792 Top1 39.89 Top5 87.88
2025-12-28 17:29:20,850 - INFO  - [NUDE][TRAIN] Epoch 3/100 Iter 300/390 Loss 1.5997 ResLoss 1.6059 BfatLoss 1.6706 Top1 40.36 Top5 88.07
2025-12-28 17:29:33,023 - INFO  - [NUDE][TRAIN] Epoch 3/100 Iter 320/390 Loss 1.5932 ResLoss 1.5994 BfatLoss 1.6650 Top1 40.84 Top5 88.17
2025-12-28 17:29:45,294 - INFO  - [NUDE][TRAIN] Epoch 3/100 Iter 340/390 Loss 1.5841 ResLoss 1.5903 BfatLoss 1.6560 Top1 41.29 Top5 88.38
2025-12-28 17:29:57,505 - INFO  - [NUDE][TRAIN] Epoch 3/100 Iter 360/390 Loss 1.5768 ResLoss 1.5832 BfatLoss 1.6483 Top1 41.76 Top5 88.47
2025-12-28 17:30:09,581 - INFO  - [NUDE][TRAIN] Epoch 3/100 Iter 380/390 Loss 1.5688 ResLoss 1.5753 BfatLoss 1.6407 Top1 42.13 Top5 88.63
2025-12-28 17:30:15,849 - INFO  - [NUDE] Validate: force max bit-width W/A = 6
2025-12-28 17:30:18,250 - INFO  - [NUDE][EPOCH] 3/100 Train: Top1=42.30 Top5=88.71 Loss=1.5644 | Val(EMA): Top1=9.95
2025-12-28 17:30:18,250 - INFO  -   ⏱️  本Epoch耗时: 3分59秒 | 平均Epoch耗时: 4分0秒 | 剩余Epoch数: 96
2025-12-28 17:30:18,250 - INFO  -   📅 预估剩余时间: 6小时24分37秒 | 预估完成时间: 2025-12-28 23:54:55
2025-12-28 17:30:18,850 - INFO  - ([4] Epoch) Saving checkpoint to:
             Current: /root/autodl-tmp/retraining-free-quantization/training/r18_c10_nude_0.02_sim_normal_seed_repair/r18_c10_nude_0.02_sim_normal_seed_repair_checkpoint.pth.tar

2025-12-28 17:30:18,855 - INFO  - 🎲 Epoch 4: FaultInjector seed rotated to 46
2025-12-28 17:30:18,865 - INFO  - [NUDE] Epoch 4: force max bit-width W/A = 6
2025-12-28 17:30:18,865 - INFO  - ================================================================================
2025-12-28 17:30:18,865 - INFO  - 🔥 [NUDE] BFAT ACTIVE
2025-12-28 17:30:18,865 - INFO  -    Loss Type: direct_ce
2025-12-28 17:30:18,865 - INFO  -    Proj Mode: direction
2025-12-28 17:30:18,865 - INFO  -    Injection: All Bits
2025-12-28 17:30:18,865 - INFO  - ================================================================================
2025-12-28 17:30:31,369 - INFO  - [NUDE][TRAIN] Epoch 4/100 Iter 20/390 Loss 1.3887 ResLoss 1.3964 BfatLoss 1.4868 Top1 49.41 Top5 91.72
2025-12-28 17:30:43,420 - INFO  - [NUDE][TRAIN] Epoch 4/100 Iter 40/390 Loss 1.3650 ResLoss 1.3723 BfatLoss 1.4703 Top1 49.94 Top5 92.13
2025-12-28 17:30:55,609 - INFO  - [NUDE][TRAIN] Epoch 4/100 Iter 60/390 Loss 1.3507 ResLoss 1.3585 BfatLoss 1.4534 Top1 51.32 Top5 92.24
2025-12-28 17:31:07,616 - INFO  - [NUDE][TRAIN] Epoch 4/100 Iter 80/390 Loss 1.3318 ResLoss 1.3405 BfatLoss 1.4357 Top1 52.17 Top5 92.54
2025-12-28 17:31:19,796 - INFO  - [NUDE][TRAIN] Epoch 4/100 Iter 100/390 Loss 1.3236 ResLoss 1.3321 BfatLoss 1.4283 Top1 52.52 Top5 92.59
2025-12-28 17:31:31,977 - INFO  - [NUDE][TRAIN] Epoch 4/100 Iter 120/390 Loss 1.3115 ResLoss 1.3199 BfatLoss 1.4128 Top1 53.01 Top5 92.75
2025-12-28 17:31:44,045 - INFO  - [NUDE][TRAIN] Epoch 4/100 Iter 140/390 Loss 1.3079 ResLoss 1.3164 BfatLoss 1.4062 Top1 52.98 Top5 92.78
2025-12-28 17:31:56,131 - INFO  - [NUDE][TRAIN] Epoch 4/100 Iter 160/390 Loss 1.2986 ResLoss 1.3072 BfatLoss 1.3966 Top1 53.16 Top5 92.92
2025-12-28 17:32:08,138 - INFO  - [NUDE][TRAIN] Epoch 4/100 Iter 180/390 Loss 1.2894 ResLoss 1.2977 BfatLoss 1.3886 Top1 53.80 Top5 93.05
2025-12-28 17:32:20,225 - INFO  - [NUDE][TRAIN] Epoch 4/100 Iter 200/390 Loss 1.2773 ResLoss 1.2859 BfatLoss 1.3776 Top1 54.39 Top5 93.19
2025-12-28 17:32:32,372 - INFO  - [NUDE][TRAIN] Epoch 4/100 Iter 220/390 Loss 1.2643 ResLoss 1.2727 BfatLoss 1.3669 Top1 54.97 Top5 93.32
2025-12-28 17:32:44,547 - INFO  - [NUDE][TRAIN] Epoch 4/100 Iter 240/390 Loss 1.2517 ResLoss 1.2602 BfatLoss 1.3549 Top1 55.57 Top5 93.49
2025-12-28 17:32:56,769 - INFO  - [NUDE][TRAIN] Epoch 4/100 Iter 260/390 Loss 1.2391 ResLoss 1.2478 BfatLoss 1.3418 Top1 56.11 Top5 93.67
2025-12-28 17:33:08,987 - INFO  - [NUDE][TRAIN] Epoch 4/100 Iter 280/390 Loss 1.2277 ResLoss 1.2366 BfatLoss 1.3289 Top1 56.60 Top5 93.82
2025-12-28 17:33:21,320 - INFO  - [NUDE][TRAIN] Epoch 4/100 Iter 300/390 Loss 1.2144 ResLoss 1.2233 BfatLoss 1.3175 Top1 57.05 Top5 93.99
2025-12-28 17:33:33,530 - INFO  - [NUDE][TRAIN] Epoch 4/100 Iter 320/390 Loss 1.2027 ResLoss 1.2116 BfatLoss 1.3065 Top1 57.48 Top5 94.13
2025-12-28 17:33:45,956 - INFO  - [NUDE][TRAIN] Epoch 4/100 Iter 340/390 Loss 1.1931 ResLoss 1.2021 BfatLoss 1.2963 Top1 57.87 Top5 94.19
2025-12-28 17:33:58,401 - INFO  - [NUDE][TRAIN] Epoch 4/100 Iter 360/390 Loss 1.1814 ResLoss 1.1903 BfatLoss 1.2864 Top1 58.28 Top5 94.33
2025-12-28 17:34:10,623 - INFO  - [NUDE][TRAIN] Epoch 4/100 Iter 380/390 Loss 1.1716 ResLoss 1.1805 BfatLoss 1.2774 Top1 58.65 Top5 94.42
2025-12-28 17:34:16,809 - INFO  - [NUDE] Validate: force max bit-width W/A = 6
2025-12-28 17:34:19,180 - INFO  - [NUDE][EPOCH] 4/100 Train: Top1=58.77 Top5=94.46 Loss=1.1685 | Val(EMA): Top1=9.97
2025-12-28 17:34:19,180 - INFO  -   ⏱️  本Epoch耗时: 4分0秒 | 平均Epoch耗时: 4分0秒 | 剩余Epoch数: 95
2025-12-28 17:34:19,180 - INFO  -   📅 预估剩余时间: 6小时20分35秒 | 预估完成时间: 2025-12-28 23:54:54
2025-12-28 17:34:19,891 - INFO  - ([5] Epoch) Saving checkpoint to:
             Current: /root/autodl-tmp/retraining-free-quantization/training/r18_c10_nude_0.02_sim_normal_seed_repair/r18_c10_nude_0.02_sim_normal_seed_repair_checkpoint.pth.tar

2025-12-28 17:34:19,894 - INFO  - 🎲 Epoch 5: FaultInjector seed rotated to 47
2025-12-28 17:34:19,902 - INFO  - [NUDE] Epoch 5: force max bit-width W/A = 6
2025-12-28 17:34:19,902 - INFO  - ================================================================================
2025-12-28 17:34:19,902 - INFO  - 🔥 [NUDE] BFAT ACTIVE
2025-12-28 17:34:19,902 - INFO  -    Loss Type: direct_ce
2025-12-28 17:34:19,902 - INFO  -    Proj Mode: direction
2025-12-28 17:34:19,902 - INFO  -    Injection: All Bits
2025-12-28 17:34:19,902 - INFO  - ================================================================================
2025-12-28 17:34:32,488 - INFO  - [NUDE][TRAIN] Epoch 5/100 Iter 20/390 Loss 0.9378 ResLoss 0.9535 BfatLoss 1.0211 Top1 66.64 Top5 96.88
2025-12-28 17:34:44,895 - INFO  - [NUDE][TRAIN] Epoch 5/100 Iter 40/390 Loss 0.9529 ResLoss 0.9682 BfatLoss 1.0487 Top1 66.37 Top5 96.72
2025-12-28 17:34:57,271 - INFO  - [NUDE][TRAIN] Epoch 5/100 Iter 60/390 Loss 0.9563 ResLoss 0.9698 BfatLoss 1.0661 Top1 66.52 Top5 96.61
2025-12-28 17:35:09,601 - INFO  - [NUDE][TRAIN] Epoch 5/100 Iter 80/390 Loss 0.9505 ResLoss 0.9627 BfatLoss 1.0614 Top1 66.85 Top5 96.64
2025-12-28 17:35:22,208 - INFO  - [NUDE][TRAIN] Epoch 5/100 Iter 100/390 Loss 0.9421 ResLoss 0.9543 BfatLoss 1.0478 Top1 67.18 Top5 96.72
2025-12-28 17:35:34,548 - INFO  - [NUDE][TRAIN] Epoch 5/100 Iter 120/390 Loss 0.9465 ResLoss 0.9584 BfatLoss 1.0487 Top1 67.05 Top5 96.60
2025-12-28 17:35:47,129 - INFO  - [NUDE][TRAIN] Epoch 5/100 Iter 140/390 Loss 0.9458 ResLoss 0.9574 BfatLoss 1.0429 Top1 67.02 Top5 96.56
2025-12-28 17:35:59,687 - INFO  - [NUDE][TRAIN] Epoch 5/100 Iter 160/390 Loss 0.9407 ResLoss 0.9518 BfatLoss 1.0413 Top1 67.36 Top5 96.56
2025-12-28 17:36:12,014 - INFO  - [NUDE][TRAIN] Epoch 5/100 Iter 180/390 Loss 0.9404 ResLoss 0.9511 BfatLoss 1.0406 Top1 67.29 Top5 96.67
2025-12-28 17:36:24,398 - INFO  - [NUDE][TRAIN] Epoch 5/100 Iter 200/390 Loss 0.9333 ResLoss 0.9438 BfatLoss 1.0383 Top1 67.54 Top5 96.75
2025-12-28 17:36:36,731 - INFO  - [NUDE][TRAIN] Epoch 5/100 Iter 220/390 Loss 0.9354 ResLoss 0.9459 BfatLoss 1.0424 Top1 67.48 Top5 96.75
2025-12-28 17:36:49,082 - INFO  - [NUDE][TRAIN] Epoch 5/100 Iter 240/390 Loss 0.9303 ResLoss 0.9406 BfatLoss 1.0393 Top1 67.58 Top5 96.77
2025-12-28 17:37:01,649 - INFO  - [NUDE][TRAIN] Epoch 5/100 Iter 260/390 Loss 0.9244 ResLoss 0.9347 BfatLoss 1.0362 Top1 67.81 Top5 96.84
2025-12-28 17:37:13,787 - INFO  - [NUDE][TRAIN] Epoch 5/100 Iter 280/390 Loss 0.9209 ResLoss 0.9313 BfatLoss 1.0337 Top1 67.98 Top5 96.85
2025-12-28 17:37:26,042 - INFO  - [NUDE][TRAIN] Epoch 5/100 Iter 300/390 Loss 0.9162 ResLoss 0.9267 BfatLoss 1.0289 Top1 68.11 Top5 96.88
2025-12-28 17:37:38,176 - INFO  - [NUDE][TRAIN] Epoch 5/100 Iter 320/390 Loss 0.9141 ResLoss 0.9246 BfatLoss 1.0265 Top1 68.16 Top5 96.91
2025-12-28 17:37:50,403 - INFO  - [NUDE][TRAIN] Epoch 5/100 Iter 340/390 Loss 0.9118 ResLoss 0.9221 BfatLoss 1.0220 Top1 68.23 Top5 96.92
2025-12-28 17:38:02,676 - INFO  - [NUDE][TRAIN] Epoch 5/100 Iter 360/390 Loss 0.9073 ResLoss 0.9176 BfatLoss 1.0153 Top1 68.35 Top5 96.94
2025-12-28 17:38:15,062 - INFO  - [NUDE][TRAIN] Epoch 5/100 Iter 380/390 Loss 0.9030 ResLoss 0.9134 BfatLoss 1.0115 Top1 68.54 Top5 96.98
2025-12-28 17:38:21,231 - INFO  - [NUDE] Validate: force max bit-width W/A = 6
2025-12-28 17:38:23,622 - INFO  - [NUDE][EPOCH] 5/100 Train: Top1=68.56 Top5=97.01 Loss=0.9012 | Val(EMA): Top1=10.28
2025-12-28 17:38:23,622 - INFO  -   ⏱️  本Epoch耗时: 4分3秒 | 平均Epoch耗时: 4分1秒 | 剩余Epoch数: 94
2025-12-28 17:38:23,622 - INFO  -   📅 预估剩余时间: 6小时17分44秒 | 预估完成时间: 2025-12-28 23:56:08
2025-12-28 17:38:24,347 - INFO  - ([6] Epoch) Saving checkpoint to:
             Current: /root/autodl-tmp/retraining-free-quantization/training/r18_c10_nude_0.02_sim_normal_seed_repair/r18_c10_nude_0.02_sim_normal_seed_repair_checkpoint.pth.tar

2025-12-28 17:38:24,350 - INFO  - 🎲 Epoch 6: FaultInjector seed rotated to 48
2025-12-28 17:38:24,358 - INFO  - [NUDE] Epoch 6: force max bit-width W/A = 6
2025-12-28 17:38:24,358 - INFO  - ================================================================================
2025-12-28 17:38:24,358 - INFO  - 🔥 [NUDE] BFAT ACTIVE
2025-12-28 17:38:24,358 - INFO  -    Loss Type: direct_ce
2025-12-28 17:38:24,358 - INFO  -    Proj Mode: direction
2025-12-28 17:38:24,358 - INFO  -    Injection: All Bits
2025-12-28 17:38:24,358 - INFO  - ================================================================================
2025-12-28 17:38:36,747 - INFO  - [NUDE][TRAIN] Epoch 6/100 Iter 20/390 Loss 0.8285 ResLoss 0.8371 BfatLoss 0.9396 Top1 71.21 Top5 97.81
2025-12-28 17:38:49,257 - INFO  - [NUDE][TRAIN] Epoch 6/100 Iter 40/390 Loss 0.8350 ResLoss 0.8454 BfatLoss 0.9573 Top1 71.29 Top5 97.71
2025-12-28 17:39:01,489 - INFO  - [NUDE][TRAIN] Epoch 6/100 Iter 60/390 Loss 0.8091 ResLoss 0.8187 BfatLoss 0.9311 Top1 72.15 Top5 97.73
2025-12-28 17:39:13,844 - INFO  - [NUDE][TRAIN] Epoch 6/100 Iter 80/390 Loss 0.8059 ResLoss 0.8154 BfatLoss 0.9250 Top1 72.07 Top5 97.81
2025-12-28 17:39:26,082 - INFO  - [NUDE][TRAIN] Epoch 6/100 Iter 100/390 Loss 0.8010 ResLoss 0.8101 BfatLoss 0.9162 Top1 72.14 Top5 97.85
2025-12-28 17:39:38,229 - INFO  - [NUDE][TRAIN] Epoch 6/100 Iter 120/390 Loss 0.7924 ResLoss 0.8017 BfatLoss 0.9024 Top1 72.53 Top5 97.77
2025-12-28 17:39:50,378 - INFO  - [NUDE][TRAIN] Epoch 6/100 Iter 140/390 Loss 0.7840 ResLoss 0.7936 BfatLoss 0.8952 Top1 72.84 Top5 97.81
2025-12-28 17:40:02,488 - INFO  - [NUDE][TRAIN] Epoch 6/100 Iter 160/390 Loss 0.7825 ResLoss 0.7918 BfatLoss 0.8897 Top1 72.92 Top5 97.81
2025-12-28 17:40:14,683 - INFO  - [NUDE][TRAIN] Epoch 6/100 Iter 180/390 Loss 0.7826 ResLoss 0.7919 BfatLoss 0.8894 Top1 72.94 Top5 97.81
2025-12-28 17:40:26,719 - INFO  - [NUDE][TRAIN] Epoch 6/100 Iter 200/390 Loss 0.7798 ResLoss 0.7890 BfatLoss 0.8831 Top1 73.03 Top5 97.87
2025-12-28 17:40:38,887 - INFO  - [NUDE][TRAIN] Epoch 6/100 Iter 220/390 Loss 0.7768 ResLoss 0.7860 BfatLoss 0.8789 Top1 73.17 Top5 97.86
2025-12-28 17:40:50,998 - INFO  - [NUDE][TRAIN] Epoch 6/100 Iter 240/390 Loss 0.7744 ResLoss 0.7835 BfatLoss 0.8748 Top1 73.24 Top5 97.87
2025-12-28 17:41:03,192 - INFO  - [NUDE][TRAIN] Epoch 6/100 Iter 260/390 Loss 0.7712 ResLoss 0.7804 BfatLoss 0.8746 Top1 73.34 Top5 97.90
2025-12-28 17:41:15,385 - INFO  - [NUDE][TRAIN] Epoch 6/100 Iter 280/390 Loss 0.7697 ResLoss 0.7790 BfatLoss 0.8728 Top1 73.35 Top5 97.93
2025-12-28 17:41:27,343 - INFO  - [NUDE][TRAIN] Epoch 6/100 Iter 300/390 Loss 0.7679 ResLoss 0.7771 BfatLoss 0.8692 Top1 73.40 Top5 97.95
2025-12-28 17:41:39,570 - INFO  - [NUDE][TRAIN] Epoch 6/100 Iter 320/390 Loss 0.7647 ResLoss 0.7739 BfatLoss 0.8658 Top1 73.46 Top5 97.97
2025-12-28 17:41:51,669 - INFO  - [NUDE][TRAIN] Epoch 6/100 Iter 340/390 Loss 0.7629 ResLoss 0.7718 BfatLoss 0.8630 Top1 73.52 Top5 97.99
2025-12-28 17:42:03,819 - INFO  - [NUDE][TRAIN] Epoch 6/100 Iter 360/390 Loss 0.7590 ResLoss 0.7679 BfatLoss 0.8582 Top1 73.62 Top5 98.01
2025-12-28 17:42:16,025 - INFO  - [NUDE][TRAIN] Epoch 6/100 Iter 380/390 Loss 0.7574 ResLoss 0.7663 BfatLoss 0.8557 Top1 73.65 Top5 98.03
2025-12-28 17:42:22,116 - INFO  - [NUDE] Validate: force max bit-width W/A = 6
2025-12-28 17:42:24,449 - INFO  - [NUDE][EPOCH] 6/100 Train: Top1=73.70 Top5=98.04 Loss=0.7562 | Val(EMA): Top1=13.03
2025-12-28 17:42:24,449 - INFO  -   ⏱️  本Epoch耗时: 4分0秒 | 平均Epoch耗时: 4分0秒 | 剩余Epoch数: 93
2025-12-28 17:42:24,449 - INFO  -   📅 预估剩余时间: 6小时13分30秒 | 预估完成时间: 2025-12-28 23:55:55
2025-12-28 17:42:24,936 - INFO  - ([7] Epoch) Saving checkpoint to:
             Current: /root/autodl-tmp/retraining-free-quantization/training/r18_c10_nude_0.02_sim_normal_seed_repair/r18_c10_nude_0.02_sim_normal_seed_repair_checkpoint.pth.tar

2025-12-28 17:42:24,938 - INFO  - 🎲 Epoch 7: FaultInjector seed rotated to 49
2025-12-28 17:42:24,946 - INFO  - [NUDE] Epoch 7: force max bit-width W/A = 6
2025-12-28 17:42:24,946 - INFO  - ================================================================================
2025-12-28 17:42:24,946 - INFO  - 🔥 [NUDE] BFAT ACTIVE
2025-12-28 17:42:24,946 - INFO  -    Loss Type: direct_ce
2025-12-28 17:42:24,946 - INFO  -    Proj Mode: direction
2025-12-28 17:42:24,946 - INFO  -    Injection: All Bits
2025-12-28 17:42:24,946 - INFO  - ================================================================================
2025-12-28 17:42:37,414 - INFO  - [NUDE][TRAIN] Epoch 7/100 Iter 20/390 Loss 0.6804 ResLoss 0.6892 BfatLoss 0.7672 Top1 76.48 Top5 98.28
2025-12-28 17:42:49,485 - INFO  - [NUDE][TRAIN] Epoch 7/100 Iter 40/390 Loss 0.6937 ResLoss 0.7036 BfatLoss 0.7865 Top1 75.84 Top5 98.52
2025-12-28 17:43:01,630 - INFO  - [NUDE][TRAIN] Epoch 7/100 Iter 60/390 Loss 0.6769 ResLoss 0.6858 BfatLoss 0.7740 Top1 76.32 Top5 98.66
2025-12-28 17:43:13,765 - INFO  - [NUDE][TRAIN] Epoch 7/100 Iter 80/390 Loss 0.6818 ResLoss 0.6905 BfatLoss 0.7776 Top1 76.23 Top5 98.68
2025-12-28 17:43:25,847 - INFO  - [NUDE][TRAIN] Epoch 7/100 Iter 100/390 Loss 0.6767 ResLoss 0.6851 BfatLoss 0.7741 Top1 76.45 Top5 98.62
2025-12-28 17:43:38,069 - INFO  - [NUDE][TRAIN] Epoch 7/100 Iter 120/390 Loss 0.6830 ResLoss 0.6911 BfatLoss 0.7769 Top1 76.42 Top5 98.58
2025-12-28 17:43:50,206 - INFO  - [NUDE][TRAIN] Epoch 7/100 Iter 140/390 Loss 0.6781 ResLoss 0.6862 BfatLoss 0.7720 Top1 76.56 Top5 98.61
2025-12-28 17:44:02,449 - INFO  - [NUDE][TRAIN] Epoch 7/100 Iter 160/390 Loss 0.6731 ResLoss 0.6810 BfatLoss 0.7661 Top1 76.85 Top5 98.62
2025-12-28 17:44:14,637 - INFO  - [NUDE][TRAIN] Epoch 7/100 Iter 180/390 Loss 0.6725 ResLoss 0.6802 BfatLoss 0.7642 Top1 76.75 Top5 98.62
2025-12-28 17:44:26,773 - INFO  - [NUDE][TRAIN] Epoch 7/100 Iter 200/390 Loss 0.6703 ResLoss 0.6781 BfatLoss 0.7615 Top1 76.82 Top5 98.63
2025-12-28 17:44:38,938 - INFO  - [NUDE][TRAIN] Epoch 7/100 Iter 220/390 Loss 0.6658 ResLoss 0.6739 BfatLoss 0.7567 Top1 76.97 Top5 98.65
2025-12-28 17:44:50,921 - INFO  - [NUDE][TRAIN] Epoch 7/100 Iter 240/390 Loss 0.6587 ResLoss 0.6664 BfatLoss 0.7487 Top1 77.21 Top5 98.67
2025-12-28 17:45:03,127 - INFO  - [NUDE][TRAIN] Epoch 7/100 Iter 260/390 Loss 0.6586 ResLoss 0.6662 BfatLoss 0.7475 Top1 77.18 Top5 98.65
2025-12-28 17:45:15,283 - INFO  - [NUDE][TRAIN] Epoch 7/100 Iter 280/390 Loss 0.6572 ResLoss 0.6648 BfatLoss 0.7448 Top1 77.27 Top5 98.64
2025-12-28 17:45:27,382 - INFO  - [NUDE][TRAIN] Epoch 7/100 Iter 300/390 Loss 0.6548 ResLoss 0.6621 BfatLoss 0.7411 Top1 77.38 Top5 98.65
2025-12-28 17:45:39,396 - INFO  - [NUDE][TRAIN] Epoch 7/100 Iter 320/390 Loss 0.6541 ResLoss 0.6614 BfatLoss 0.7400 Top1 77.45 Top5 98.64
2025-12-28 17:45:51,485 - INFO  - [NUDE][TRAIN] Epoch 7/100 Iter 340/390 Loss 0.6525 ResLoss 0.6598 BfatLoss 0.7382 Top1 77.50 Top5 98.65
2025-12-28 17:46:03,595 - INFO  - [NUDE][TRAIN] Epoch 7/100 Iter 360/390 Loss 0.6499 ResLoss 0.6570 BfatLoss 0.7348 Top1 77.59 Top5 98.66
2025-12-28 17:46:15,686 - INFO  - [NUDE][TRAIN] Epoch 7/100 Iter 380/390 Loss 0.6480 ResLoss 0.6551 BfatLoss 0.7331 Top1 77.69 Top5 98.66
2025-12-28 17:46:21,827 - INFO  - [NUDE] Validate: force max bit-width W/A = 6
2025-12-28 17:46:24,144 - INFO  - [NUDE][EPOCH] 7/100 Train: Top1=77.72 Top5=98.66 Loss=0.6469 | Val(EMA): Top1=15.44
2025-12-28 17:46:24,144 - INFO  -   ⏱️  本Epoch耗时: 3分59秒 | 平均Epoch耗时: 4分0秒 | 剩余Epoch数: 92
2025-12-28 17:46:24,144 - INFO  -   📅 预估剩余时间: 6小时8分58秒 | 预估完成时间: 2025-12-28 23:55:22
2025-12-28 17:46:24,712 - INFO  - ([8] Epoch) Saving checkpoint to:
             Current: /root/autodl-tmp/retraining-free-quantization/training/r18_c10_nude_0.02_sim_normal_seed_repair/r18_c10_nude_0.02_sim_normal_seed_repair_checkpoint.pth.tar

2025-12-28 17:46:24,715 - INFO  - 🎲 Epoch 8: FaultInjector seed rotated to 50
2025-12-28 17:46:24,723 - INFO  - [NUDE] Epoch 8: force max bit-width W/A = 6
2025-12-28 17:46:24,724 - INFO  - ================================================================================
2025-12-28 17:46:24,724 - INFO  - 🔥 [NUDE] BFAT ACTIVE
2025-12-28 17:46:24,724 - INFO  -    Loss Type: direct_ce
2025-12-28 17:46:24,724 - INFO  -    Proj Mode: direction
2025-12-28 17:46:24,724 - INFO  -    Injection: All Bits
2025-12-28 17:46:24,724 - INFO  - ================================================================================
2025-12-28 17:46:37,104 - INFO  - [NUDE][TRAIN] Epoch 8/100 Iter 20/390 Loss 0.5885 ResLoss 0.5962 BfatLoss 0.6738 Top1 79.77 Top5 98.98
2025-12-28 17:46:49,648 - INFO  - [NUDE][TRAIN] Epoch 8/100 Iter 40/390 Loss 0.5764 ResLoss 0.5825 BfatLoss 0.6581 Top1 79.94 Top5 98.89
2025-12-28 17:47:01,915 - INFO  - [NUDE][TRAIN] Epoch 8/100 Iter 60/390 Loss 0.5730 ResLoss 0.5799 BfatLoss 0.6578 Top1 80.09 Top5 98.84
2025-12-28 17:47:14,129 - INFO  - [NUDE][TRAIN] Epoch 8/100 Iter 80/390 Loss 0.5724 ResLoss 0.5788 BfatLoss 0.6593 Top1 79.91 Top5 98.93
2025-12-28 17:47:26,392 - INFO  - [NUDE][TRAIN] Epoch 8/100 Iter 100/390 Loss 0.5751 ResLoss 0.5813 BfatLoss 0.6577 Top1 79.88 Top5 98.90
2025-12-28 17:47:38,622 - INFO  - [NUDE][TRAIN] Epoch 8/100 Iter 120/390 Loss 0.5736 ResLoss 0.5794 BfatLoss 0.6568 Top1 80.01 Top5 98.88
2025-12-28 17:47:50,907 - INFO  - [NUDE][TRAIN] Epoch 8/100 Iter 140/390 Loss 0.5764 ResLoss 0.5824 BfatLoss 0.6582 Top1 80.09 Top5 98.88
2025-12-28 17:48:03,181 - INFO  - [NUDE][TRAIN] Epoch 8/100 Iter 160/390 Loss 0.5776 ResLoss 0.5835 BfatLoss 0.6579 Top1 79.99 Top5 98.91
2025-12-28 17:48:15,345 - INFO  - [NUDE][TRAIN] Epoch 8/100 Iter 180/390 Loss 0.5761 ResLoss 0.5817 BfatLoss 0.6575 Top1 80.05 Top5 98.93
2025-12-28 17:48:27,750 - INFO  - [NUDE][TRAIN] Epoch 8/100 Iter 200/390 Loss 0.5744 ResLoss 0.5800 BfatLoss 0.6574 Top1 80.14 Top5 98.98
2025-12-28 17:48:39,988 - INFO  - [NUDE][TRAIN] Epoch 8/100 Iter 220/390 Loss 0.5768 ResLoss 0.5825 BfatLoss 0.6588 Top1 80.12 Top5 98.95
2025-12-28 17:48:52,277 - INFO  - [NUDE][TRAIN] Epoch 8/100 Iter 240/390 Loss 0.5767 ResLoss 0.5824 BfatLoss 0.6582 Top1 80.09 Top5 98.92
2025-12-28 17:49:04,458 - INFO  - [NUDE][TRAIN] Epoch 8/100 Iter 260/390 Loss 0.5740 ResLoss 0.5796 BfatLoss 0.6546 Top1 80.21 Top5 98.94
2025-12-28 17:49:16,755 - INFO  - [NUDE][TRAIN] Epoch 8/100 Iter 280/390 Loss 0.5704 ResLoss 0.5761 BfatLoss 0.6510 Top1 80.31 Top5 98.95
2025-12-28 17:49:29,066 - INFO  - [NUDE][TRAIN] Epoch 8/100 Iter 300/390 Loss 0.5681 ResLoss 0.5738 BfatLoss 0.6474 Top1 80.40 Top5 98.96
2025-12-28 17:49:41,241 - INFO  - [NUDE][TRAIN] Epoch 8/100 Iter 320/390 Loss 0.5662 ResLoss 0.5718 BfatLoss 0.6452 Top1 80.46 Top5 98.96
2025-12-28 17:49:53,449 - INFO  - [NUDE][TRAIN] Epoch 8/100 Iter 340/390 Loss 0.5636 ResLoss 0.5693 BfatLoss 0.6420 Top1 80.51 Top5 98.98
2025-12-28 17:50:05,651 - INFO  - [NUDE][TRAIN] Epoch 8/100 Iter 360/390 Loss 0.5631 ResLoss 0.5689 BfatLoss 0.6415 Top1 80.52 Top5 98.99
2025-12-28 17:50:17,972 - INFO  - [NUDE][TRAIN] Epoch 8/100 Iter 380/390 Loss 0.5629 ResLoss 0.5686 BfatLoss 0.6401 Top1 80.49 Top5 99.00
2025-12-28 17:50:24,131 - INFO  - [NUDE] Validate: force max bit-width W/A = 6
2025-12-28 17:50:26,533 - INFO  - [NUDE][EPOCH] 8/100 Train: Top1=80.47 Top5=99.00 Loss=0.5639 | Val(EMA): Top1=17.81
2025-12-28 17:50:26,533 - INFO  -   ⏱️  本Epoch耗时: 4分1秒 | 平均Epoch耗时: 4分1秒 | 剩余Epoch数: 91
2025-12-28 17:50:26,533 - INFO  -   📅 预估剩余时间: 6小时5分34秒 | 预估完成时间: 2025-12-28 23:56:00
2025-12-28 17:50:27,267 - INFO  - ([9] Epoch) Saving checkpoint to:
             Current: /root/autodl-tmp/retraining-free-quantization/training/r18_c10_nude_0.02_sim_normal_seed_repair/r18_c10_nude_0.02_sim_normal_seed_repair_checkpoint.pth.tar

2025-12-28 17:50:27,271 - INFO  - 🎲 Epoch 9: FaultInjector seed rotated to 51
2025-12-28 17:50:27,280 - INFO  - [NUDE] Epoch 9: force max bit-width W/A = 6
2025-12-28 17:50:27,280 - INFO  - ================================================================================
2025-12-28 17:50:27,280 - INFO  - 🔥 [NUDE] BFAT ACTIVE
2025-12-28 17:50:27,280 - INFO  -    Loss Type: direct_ce
2025-12-28 17:50:27,280 - INFO  -    Proj Mode: direction
2025-12-28 17:50:27,280 - INFO  -    Injection: All Bits
2025-12-28 17:50:27,280 - INFO  - ================================================================================
2025-12-28 17:50:39,765 - INFO  - [NUDE][TRAIN] Epoch 9/100 Iter 20/390 Loss 0.5474 ResLoss 0.5498 BfatLoss 0.6219 Top1 80.16 Top5 99.18
2025-12-28 17:50:52,093 - INFO  - [NUDE][TRAIN] Epoch 9/100 Iter 40/390 Loss 0.5083 ResLoss 0.5123 BfatLoss 0.5791 Top1 82.01 Top5 99.36
2025-12-28 17:51:04,280 - INFO  - [NUDE][TRAIN] Epoch 9/100 Iter 60/390 Loss 0.5094 ResLoss 0.5139 BfatLoss 0.5831 Top1 82.02 Top5 99.32
2025-12-28 17:51:16,640 - INFO  - [NUDE][TRAIN] Epoch 9/100 Iter 80/390 Loss 0.5108 ResLoss 0.5157 BfatLoss 0.5827 Top1 82.02 Top5 99.27
2025-12-28 17:51:28,990 - INFO  - [NUDE][TRAIN] Epoch 9/100 Iter 100/390 Loss 0.5148 ResLoss 0.5194 BfatLoss 0.5829 Top1 81.97 Top5 99.26
2025-12-28 17:51:41,150 - INFO  - [NUDE][TRAIN] Epoch 9/100 Iter 120/390 Loss 0.5196 ResLoss 0.5241 BfatLoss 0.5880 Top1 81.82 Top5 99.21
2025-12-28 17:51:53,456 - INFO  - [NUDE][TRAIN] Epoch 9/100 Iter 140/390 Loss 0.5164 ResLoss 0.5209 BfatLoss 0.5863 Top1 81.92 Top5 99.22
2025-12-28 17:52:05,649 - INFO  - [NUDE][TRAIN] Epoch 9/100 Iter 160/390 Loss 0.5160 ResLoss 0.5210 BfatLoss 0.5878 Top1 81.96 Top5 99.23
2025-12-28 17:52:17,967 - INFO  - [NUDE][TRAIN] Epoch 9/100 Iter 180/390 Loss 0.5169 ResLoss 0.5217 BfatLoss 0.5869 Top1 82.02 Top5 99.19
2025-12-28 17:52:30,377 - INFO  - [NUDE][TRAIN] Epoch 9/100 Iter 200/390 Loss 0.5158 ResLoss 0.5207 BfatLoss 0.5875 Top1 82.00 Top5 99.19
2025-12-28 17:52:42,527 - INFO  - [NUDE][TRAIN] Epoch 9/100 Iter 220/390 Loss 0.5163 ResLoss 0.5215 BfatLoss 0.5871 Top1 82.01 Top5 99.18
2025-12-28 17:52:54,921 - INFO  - [NUDE][TRAIN] Epoch 9/100 Iter 240/390 Loss 0.5151 ResLoss 0.5202 BfatLoss 0.5865 Top1 82.06 Top5 99.16
2025-12-28 17:53:06,970 - INFO  - [NUDE][TRAIN] Epoch 9/100 Iter 260/390 Loss 0.5157 ResLoss 0.5207 BfatLoss 0.5869 Top1 82.05 Top5 99.13
2025-12-28 17:53:19,141 - INFO  - [NUDE][TRAIN] Epoch 9/100 Iter 280/390 Loss 0.5138 ResLoss 0.5188 BfatLoss 0.5845 Top1 82.15 Top5 99.14
2025-12-28 17:53:31,192 - INFO  - [NUDE][TRAIN] Epoch 9/100 Iter 300/390 Loss 0.5146 ResLoss 0.5197 BfatLoss 0.5860 Top1 82.14 Top5 99.14
2025-12-28 17:53:43,372 - INFO  - [NUDE][TRAIN] Epoch 9/100 Iter 320/390 Loss 0.5134 ResLoss 0.5183 BfatLoss 0.5842 Top1 82.19 Top5 99.15
2025-12-28 17:53:55,460 - INFO  - [NUDE][TRAIN] Epoch 9/100 Iter 340/390 Loss 0.5123 ResLoss 0.5172 BfatLoss 0.5829 Top1 82.27 Top5 99.14
2025-12-28 17:54:07,652 - INFO  - [NUDE][TRAIN] Epoch 9/100 Iter 360/390 Loss 0.5090 ResLoss 0.5139 BfatLoss 0.5795 Top1 82.38 Top5 99.16
2025-12-28 17:54:19,838 - INFO  - [NUDE][TRAIN] Epoch 9/100 Iter 380/390 Loss 0.5071 ResLoss 0.5119 BfatLoss 0.5769 Top1 82.44 Top5 99.17
2025-12-28 17:54:25,943 - INFO  - [NUDE] Validate: force max bit-width W/A = 6
2025-12-28 17:54:28,292 - INFO  - [NUDE][EPOCH] 9/100 Train: Top1=82.46 Top5=99.14 Loss=0.5076 | Val(EMA): Top1=20.16
2025-12-28 17:54:28,292 - INFO  -   ⏱️  本Epoch耗时: 4分1秒 | 平均Epoch耗时: 4分1秒 | 剩余Epoch数: 90
2025-12-28 17:54:28,292 - INFO  -   📅 预估剩余时间: 6小时1分45秒 | 预估完成时间: 2025-12-28 23:56:13
2025-12-28 17:54:28,895 - INFO  - ([10] Epoch) Saving checkpoint to:
             Current: /root/autodl-tmp/retraining-free-quantization/training/r18_c10_nude_0.02_sim_normal_seed_repair/r18_c10_nude_0.02_sim_normal_seed_repair_checkpoint.pth.tar

2025-12-28 17:54:28,898 - INFO  - 🎲 Epoch 10: FaultInjector seed rotated to 52
2025-12-28 17:54:28,906 - INFO  - [NUDE] Epoch 10: force max bit-width W/A = 6
2025-12-28 17:54:28,906 - INFO  - ================================================================================
2025-12-28 17:54:28,906 - INFO  - 🔥 [NUDE] BFAT ACTIVE
2025-12-28 17:54:28,906 - INFO  -    Loss Type: direct_ce
2025-12-28 17:54:28,906 - INFO  -    Proj Mode: direction
2025-12-28 17:54:28,906 - INFO  -    Injection: All Bits
2025-12-28 17:54:28,907 - INFO  - ================================================================================
2025-12-28 17:54:41,405 - INFO  - [NUDE][TRAIN] Epoch 10/100 Iter 20/390 Loss 0.4816 ResLoss 0.4871 BfatLoss 0.5490 Top1 83.63 Top5 99.53
2025-12-28 17:54:53,402 - INFO  - [NUDE][TRAIN] Epoch 10/100 Iter 40/390 Loss 0.4599 ResLoss 0.4657 BfatLoss 0.5265 Top1 84.32 Top5 99.43
2025-12-28 17:55:05,594 - INFO  - [NUDE][TRAIN] Epoch 10/100 Iter 60/390 Loss 0.4652 ResLoss 0.4710 BfatLoss 0.5308 Top1 84.26 Top5 99.35
2025-12-28 17:55:17,781 - INFO  - [NUDE][TRAIN] Epoch 10/100 Iter 80/390 Loss 0.4704 ResLoss 0.4762 BfatLoss 0.5370 Top1 84.03 Top5 99.34
2025-12-28 17:55:29,923 - INFO  - [NUDE][TRAIN] Epoch 10/100 Iter 100/390 Loss 0.4697 ResLoss 0.4758 BfatLoss 0.5325 Top1 83.97 Top5 99.32
2025-12-28 17:55:42,209 - INFO  - [NUDE][TRAIN] Epoch 10/100 Iter 120/390 Loss 0.4641 ResLoss 0.4701 BfatLoss 0.5292 Top1 84.11 Top5 99.33
2025-12-28 17:55:54,370 - INFO  - [NUDE][TRAIN] Epoch 10/100 Iter 140/390 Loss 0.4654 ResLoss 0.4710 BfatLoss 0.5305 Top1 84.07 Top5 99.34
2025-12-28 17:56:06,678 - INFO  - [NUDE][TRAIN] Epoch 10/100 Iter 160/390 Loss 0.4645 ResLoss 0.4701 BfatLoss 0.5315 Top1 84.10 Top5 99.35
2025-12-28 17:56:18,812 - INFO  - [NUDE][TRAIN] Epoch 10/100 Iter 180/390 Loss 0.4647 ResLoss 0.4702 BfatLoss 0.5313 Top1 83.99 Top5 99.37
2025-12-28 17:56:30,977 - INFO  - [NUDE][TRAIN] Epoch 10/100 Iter 200/390 Loss 0.4624 ResLoss 0.4678 BfatLoss 0.5279 Top1 84.07 Top5 99.35
2025-12-28 17:56:43,221 - INFO  - [NUDE][TRAIN] Epoch 10/100 Iter 220/390 Loss 0.4616 ResLoss 0.4672 BfatLoss 0.5273 Top1 84.16 Top5 99.34
2025-12-28 17:56:55,325 - INFO  - [NUDE][TRAIN] Epoch 10/100 Iter 240/390 Loss 0.4620 ResLoss 0.4673 BfatLoss 0.5281 Top1 84.16 Top5 99.34
2025-12-28 17:57:07,580 - INFO  - [NUDE][TRAIN] Epoch 10/100 Iter 260/390 Loss 0.4601 ResLoss 0.4654 BfatLoss 0.5272 Top1 84.16 Top5 99.33
2025-12-28 17:57:19,746 - INFO  - [NUDE][TRAIN] Epoch 10/100 Iter 280/390 Loss 0.4593 ResLoss 0.4644 BfatLoss 0.5261 Top1 84.13 Top5 99.34
2025-12-28 17:57:32,007 - INFO  - [NUDE][TRAIN] Epoch 10/100 Iter 300/390 Loss 0.4605 ResLoss 0.4655 BfatLoss 0.5270 Top1 84.08 Top5 99.33
2025-12-28 17:57:44,194 - INFO  - [NUDE][TRAIN] Epoch 10/100 Iter 320/390 Loss 0.4607 ResLoss 0.4657 BfatLoss 0.5275 Top1 84.06 Top5 99.34
2025-12-28 17:57:56,322 - INFO  - [NUDE][TRAIN] Epoch 10/100 Iter 340/390 Loss 0.4597 ResLoss 0.4646 BfatLoss 0.5257 Top1 84.12 Top5 99.33
2025-12-28 17:58:08,470 - INFO  - [NUDE][TRAIN] Epoch 10/100 Iter 360/390 Loss 0.4599 ResLoss 0.4647 BfatLoss 0.5249 Top1 84.10 Top5 99.33
2025-12-28 17:58:20,561 - INFO  - [NUDE][TRAIN] Epoch 10/100 Iter 380/390 Loss 0.4606 ResLoss 0.4655 BfatLoss 0.5254 Top1 84.07 Top5 99.32
2025-12-28 17:58:26,776 - INFO  - [NUDE] Validate: force max bit-width W/A = 6
2025-12-28 17:58:29,131 - INFO  - [NUDE][EPOCH] 10/100 Train: Top1=84.08 Top5=99.31 Loss=0.4600 | Val(EMA): Top1=23.53
2025-12-28 17:58:29,131 - INFO  -   ⏱️  本Epoch耗时: 4分0秒 | 平均Epoch耗时: 4分0秒 | 剩余Epoch数: 89
2025-12-28 17:58:29,131 - INFO  -   📅 预估剩余时间: 5小时56分42秒 | 预估完成时间: 2025-12-28 23:55:11
2025-12-28 17:58:29,710 - INFO  - ([11] Epoch) Saving checkpoint to:
             Current: /root/autodl-tmp/retraining-free-quantization/training/r18_c10_nude_0.02_sim_normal_seed_repair/r18_c10_nude_0.02_sim_normal_seed_repair_checkpoint.pth.tar

2025-12-28 17:58:29,713 - INFO  - 🎲 Epoch 11: FaultInjector seed rotated to 53
2025-12-28 17:58:29,721 - INFO  - [NUDE] Epoch 11: force max bit-width W/A = 6
2025-12-28 17:58:29,722 - INFO  - ================================================================================
2025-12-28 17:58:29,722 - INFO  - 🔥 [NUDE] BFAT ACTIVE
2025-12-28 17:58:29,722 - INFO  -    Loss Type: direct_ce
2025-12-28 17:58:29,722 - INFO  -    Proj Mode: direction
2025-12-28 17:58:29,722 - INFO  -    Injection: All Bits
2025-12-28 17:58:29,722 - INFO  - ================================================================================
2025-12-28 17:58:42,185 - INFO  - [NUDE][TRAIN] Epoch 11/100 Iter 20/390 Loss 0.4164 ResLoss 0.4202 BfatLoss 0.4912 Top1 85.59 Top5 99.49
2025-12-28 17:58:54,265 - INFO  - [NUDE][TRAIN] Epoch 11/100 Iter 40/390 Loss 0.4076 ResLoss 0.4116 BfatLoss 0.4724 Top1 85.98 Top5 99.47
2025-12-28 17:59:06,371 - INFO  - [NUDE][TRAIN] Epoch 11/100 Iter 60/390 Loss 0.4087 ResLoss 0.4126 BfatLoss 0.4752 Top1 86.16 Top5 99.43
2025-12-28 17:59:18,352 - INFO  - [NUDE][TRAIN] Epoch 11/100 Iter 80/390 Loss 0.4126 ResLoss 0.4167 BfatLoss 0.4767 Top1 85.85 Top5 99.43
2025-12-28 17:59:30,437 - INFO  - [NUDE][TRAIN] Epoch 11/100 Iter 100/390 Loss 0.4125 ResLoss 0.4173 BfatLoss 0.4762 Top1 85.87 Top5 99.46
2025-12-28 17:59:42,468 - INFO  - [NUDE][TRAIN] Epoch 11/100 Iter 120/390 Loss 0.4150 ResLoss 0.4190 BfatLoss 0.4778 Top1 85.74 Top5 99.47
2025-12-28 17:59:54,515 - INFO  - [NUDE][TRAIN] Epoch 11/100 Iter 140/390 Loss 0.4140 ResLoss 0.4181 BfatLoss 0.4772 Top1 85.80 Top5 99.46
2025-12-28 18:00:06,335 - INFO  - [NUDE][TRAIN] Epoch 11/100 Iter 160/390 Loss 0.4165 ResLoss 0.4205 BfatLoss 0.4779 Top1 85.67 Top5 99.46
2025-12-28 18:00:18,763 - INFO  - [NUDE][TRAIN] Epoch 11/100 Iter 180/390 Loss 0.4154 ResLoss 0.4194 BfatLoss 0.4758 Top1 85.70 Top5 99.48
2025-12-28 18:00:31,007 - INFO  - [NUDE][TRAIN] Epoch 11/100 Iter 200/390 Loss 0.4173 ResLoss 0.4214 BfatLoss 0.4773 Top1 85.57 Top5 99.46
2025-12-28 18:00:43,120 - INFO  - [NUDE][TRAIN] Epoch 11/100 Iter 220/390 Loss 0.4190 ResLoss 0.4232 BfatLoss 0.4793 Top1 85.50 Top5 99.44
2025-12-28 18:00:55,451 - INFO  - [NUDE][TRAIN] Epoch 11/100 Iter 240/390 Loss 0.4158 ResLoss 0.4202 BfatLoss 0.4766 Top1 85.56 Top5 99.45
2025-12-28 18:01:07,678 - INFO  - [NUDE][TRAIN] Epoch 11/100 Iter 260/390 Loss 0.4166 ResLoss 0.4211 BfatLoss 0.4776 Top1 85.53 Top5 99.43
2025-12-28 18:01:20,017 - INFO  - [NUDE][TRAIN] Epoch 11/100 Iter 280/390 Loss 0.4198 ResLoss 0.4244 BfatLoss 0.4808 Top1 85.44 Top5 99.40
2025-12-28 18:01:32,277 - INFO  - [NUDE][TRAIN] Epoch 11/100 Iter 300/390 Loss 0.4201 ResLoss 0.4245 BfatLoss 0.4800 Top1 85.42 Top5 99.41
2025-12-28 18:01:44,545 - INFO  - [NUDE][TRAIN] Epoch 11/100 Iter 320/390 Loss 0.4201 ResLoss 0.4245 BfatLoss 0.4797 Top1 85.39 Top5 99.43
2025-12-28 18:01:56,846 - INFO  - [NUDE][TRAIN] Epoch 11/100 Iter 340/390 Loss 0.4200 ResLoss 0.4244 BfatLoss 0.4801 Top1 85.45 Top5 99.43
2025-12-28 18:02:09,147 - INFO  - [NUDE][TRAIN] Epoch 11/100 Iter 360/390 Loss 0.4191 ResLoss 0.4235 BfatLoss 0.4793 Top1 85.50 Top5 99.44
2025-12-28 18:02:21,415 - INFO  - [NUDE][TRAIN] Epoch 11/100 Iter 380/390 Loss 0.4202 ResLoss 0.4245 BfatLoss 0.4801 Top1 85.51 Top5 99.44
2025-12-28 18:02:27,571 - INFO  - [NUDE] Validate: force max bit-width W/A = 6
2025-12-28 18:02:29,957 - INFO  - [NUDE][EPOCH] 11/100 Train: Top1=85.51 Top5=99.44 Loss=0.4205 | Val(EMA): Top1=27.90
2025-12-28 18:02:29,957 - INFO  -   ⏱️  本Epoch耗时: 4分0秒 | 平均Epoch耗时: 4分0秒 | 剩余Epoch数: 88
2025-12-28 18:02:29,958 - INFO  -   📅 预估剩余时间: 5小时52分44秒 | 预估完成时间: 2025-12-28 23:55:14
2025-12-28 18:02:30,456 - INFO  - ([12] Epoch) Saving checkpoint to:
             Current: /root/autodl-tmp/retraining-free-quantization/training/r18_c10_nude_0.02_sim_normal_seed_repair/r18_c10_nude_0.02_sim_normal_seed_repair_checkpoint.pth.tar

2025-12-28 18:02:30,459 - INFO  - 🎲 Epoch 12: FaultInjector seed rotated to 54
2025-12-28 18:02:30,466 - INFO  - [NUDE] Epoch 12: force max bit-width W/A = 6
2025-12-28 18:02:30,466 - INFO  - ================================================================================
2025-12-28 18:02:30,466 - INFO  - 🔥 [NUDE] BFAT ACTIVE
2025-12-28 18:02:30,467 - INFO  -    Loss Type: direct_ce
2025-12-28 18:02:30,467 - INFO  -    Proj Mode: direction
2025-12-28 18:02:30,467 - INFO  -    Injection: All Bits
2025-12-28 18:02:30,467 - INFO  - ================================================================================
2025-12-28 18:02:43,232 - INFO  - [NUDE][TRAIN] Epoch 12/100 Iter 20/390 Loss 0.3781 ResLoss 0.3838 BfatLoss 0.4360 Top1 86.91 Top5 99.57
2025-12-28 18:02:55,497 - INFO  - [NUDE][TRAIN] Epoch 12/100 Iter 40/390 Loss 0.3911 ResLoss 0.3961 BfatLoss 0.4458 Top1 86.60 Top5 99.47
2025-12-28 18:03:07,710 - INFO  - [NUDE][TRAIN] Epoch 12/100 Iter 60/390 Loss 0.3880 ResLoss 0.3925 BfatLoss 0.4444 Top1 86.81 Top5 99.51
2025-12-28 18:03:19,984 - INFO  - [NUDE][TRAIN] Epoch 12/100 Iter 80/390 Loss 0.3899 ResLoss 0.3942 BfatLoss 0.4480 Top1 86.72 Top5 99.53
2025-12-28 18:03:32,217 - INFO  - [NUDE][TRAIN] Epoch 12/100 Iter 100/390 Loss 0.3947 ResLoss 0.3994 BfatLoss 0.4501 Top1 86.57 Top5 99.52
2025-12-28 18:03:44,530 - INFO  - [NUDE][TRAIN] Epoch 12/100 Iter 120/390 Loss 0.3983 ResLoss 0.4028 BfatLoss 0.4538 Top1 86.45 Top5 99.44
2025-12-28 18:03:56,898 - INFO  - [NUDE][TRAIN] Epoch 12/100 Iter 140/390 Loss 0.3975 ResLoss 0.4023 BfatLoss 0.4520 Top1 86.43 Top5 99.44
2025-12-28 18:04:09,211 - INFO  - [NUDE][TRAIN] Epoch 12/100 Iter 160/390 Loss 0.3975 ResLoss 0.4018 BfatLoss 0.4518 Top1 86.39 Top5 99.44
2025-12-28 18:04:21,668 - INFO  - [NUDE][TRAIN] Epoch 12/100 Iter 180/390 Loss 0.3949 ResLoss 0.3993 BfatLoss 0.4491 Top1 86.51 Top5 99.44
2025-12-28 18:04:33,902 - INFO  - [NUDE][TRAIN] Epoch 12/100 Iter 200/390 Loss 0.3887 ResLoss 0.3931 BfatLoss 0.4431 Top1 86.67 Top5 99.46
2025-12-28 18:04:46,161 - INFO  - [NUDE][TRAIN] Epoch 12/100 Iter 220/390 Loss 0.3866 ResLoss 0.3909 BfatLoss 0.4427 Top1 86.76 Top5 99.48
2025-12-28 18:04:58,409 - INFO  - [NUDE][TRAIN] Epoch 12/100 Iter 240/390 Loss 0.3851 ResLoss 0.3897 BfatLoss 0.4405 Top1 86.81 Top5 99.48
2025-12-28 18:05:10,639 - INFO  - [NUDE][TRAIN] Epoch 12/100 Iter 260/390 Loss 0.3840 ResLoss 0.3886 BfatLoss 0.4389 Top1 86.83 Top5 99.47
2025-12-28 18:05:22,981 - INFO  - [NUDE][TRAIN] Epoch 12/100 Iter 280/390 Loss 0.3848 ResLoss 0.3894 BfatLoss 0.4402 Top1 86.78 Top5 99.46
2025-12-28 18:05:35,204 - INFO  - [NUDE][TRAIN] Epoch 12/100 Iter 300/390 Loss 0.3839 ResLoss 0.3883 BfatLoss 0.4400 Top1 86.80 Top5 99.46
2025-12-28 18:05:47,487 - INFO  - [NUDE][TRAIN] Epoch 12/100 Iter 320/390 Loss 0.3838 ResLoss 0.3883 BfatLoss 0.4401 Top1 86.81 Top5 99.48
2025-12-28 18:05:59,978 - INFO  - [NUDE][TRAIN] Epoch 12/100 Iter 340/390 Loss 0.3837 ResLoss 0.3883 BfatLoss 0.4409 Top1 86.81 Top5 99.48
2025-12-28 18:06:12,253 - INFO  - [NUDE][TRAIN] Epoch 12/100 Iter 360/390 Loss 0.3844 ResLoss 0.3890 BfatLoss 0.4417 Top1 86.77 Top5 99.47
2025-12-28 18:06:24,503 - INFO  - [NUDE][TRAIN] Epoch 12/100 Iter 380/390 Loss 0.3845 ResLoss 0.3891 BfatLoss 0.4412 Top1 86.76 Top5 99.48
2025-12-28 18:06:30,843 - INFO  - [NUDE] Validate: force max bit-width W/A = 6
2025-12-28 18:06:33,237 - INFO  - [NUDE][EPOCH] 12/100 Train: Top1=86.80 Top5=99.48 Loss=0.3841 | Val(EMA): Top1=32.86
2025-12-28 18:06:33,237 - INFO  -   ⏱️  本Epoch耗时: 4分2秒 | 平均Epoch耗时: 4分1秒 | 剩余Epoch数: 87
2025-12-28 18:06:33,237 - INFO  -   📅 预估剩余时间: 5小时49分46秒 | 预估完成时间: 2025-12-28 23:56:19
2025-12-28 18:06:34,004 - INFO  - ([13] Epoch) Saving checkpoint to:
             Current: /root/autodl-tmp/retraining-free-quantization/training/r18_c10_nude_0.02_sim_normal_seed_repair/r18_c10_nude_0.02_sim_normal_seed_repair_checkpoint.pth.tar

2025-12-28 18:06:34,007 - INFO  - 🎲 Epoch 13: FaultInjector seed rotated to 55
2025-12-28 18:06:34,016 - INFO  - [NUDE] Epoch 13: force max bit-width W/A = 6
2025-12-28 18:06:34,016 - INFO  - ================================================================================
2025-12-28 18:06:34,016 - INFO  - 🔥 [NUDE] BFAT ACTIVE
2025-12-28 18:06:34,016 - INFO  -    Loss Type: direct_ce
2025-12-28 18:06:34,016 - INFO  -    Proj Mode: direction
2025-12-28 18:06:34,016 - INFO  -    Injection: All Bits
2025-12-28 18:06:34,016 - INFO  - ================================================================================
2025-12-28 18:06:46,607 - INFO  - [NUDE][TRAIN] Epoch 13/100 Iter 20/390 Loss 0.3388 ResLoss 0.3423 BfatLoss 0.4016 Top1 87.85 Top5 99.65
2025-12-28 18:06:58,693 - INFO  - [NUDE][TRAIN] Epoch 13/100 Iter 40/390 Loss 0.3396 ResLoss 0.3433 BfatLoss 0.4029 Top1 87.85 Top5 99.67
2025-12-28 18:07:10,902 - INFO  - [NUDE][TRAIN] Epoch 13/100 Iter 60/390 Loss 0.3508 ResLoss 0.3547 BfatLoss 0.4148 Top1 87.41 Top5 99.64
2025-12-28 18:07:23,069 - INFO  - [NUDE][TRAIN] Epoch 13/100 Iter 80/390 Loss 0.3486 ResLoss 0.3519 BfatLoss 0.4112 Top1 87.69 Top5 99.63
2025-12-28 18:07:35,350 - INFO  - [NUDE][TRAIN] Epoch 13/100 Iter 100/390 Loss 0.3497 ResLoss 0.3528 BfatLoss 0.4095 Top1 87.64 Top5 99.61
2025-12-28 18:07:47,595 - INFO  - [NUDE][TRAIN] Epoch 13/100 Iter 120/390 Loss 0.3545 ResLoss 0.3577 BfatLoss 0.4152 Top1 87.42 Top5 99.62
2025-12-28 18:07:59,759 - INFO  - [NUDE][TRAIN] Epoch 13/100 Iter 140/390 Loss 0.3584 ResLoss 0.3617 BfatLoss 0.4185 Top1 87.30 Top5 99.62
2025-12-28 18:08:11,889 - INFO  - [NUDE][TRAIN] Epoch 13/100 Iter 160/390 Loss 0.3588 ResLoss 0.3623 BfatLoss 0.4177 Top1 87.28 Top5 99.65
2025-12-28 18:08:23,910 - INFO  - [NUDE][TRAIN] Epoch 13/100 Iter 180/390 Loss 0.3608 ResLoss 0.3641 BfatLoss 0.4189 Top1 87.26 Top5 99.66
2025-12-28 18:08:36,159 - INFO  - [NUDE][TRAIN] Epoch 13/100 Iter 200/390 Loss 0.3587 ResLoss 0.3624 BfatLoss 0.4166 Top1 87.31 Top5 99.66
2025-12-28 18:08:48,305 - INFO  - [NUDE][TRAIN] Epoch 13/100 Iter 220/390 Loss 0.3584 ResLoss 0.3622 BfatLoss 0.4154 Top1 87.35 Top5 99.65
2025-12-28 18:09:00,447 - INFO  - [NUDE][TRAIN] Epoch 13/100 Iter 240/390 Loss 0.3574 ResLoss 0.3612 BfatLoss 0.4137 Top1 87.41 Top5 99.65
2025-12-28 18:09:12,701 - INFO  - [NUDE][TRAIN] Epoch 13/100 Iter 260/390 Loss 0.3590 ResLoss 0.3630 BfatLoss 0.4152 Top1 87.36 Top5 99.64
2025-12-28 18:09:24,869 - INFO  - [NUDE][TRAIN] Epoch 13/100 Iter 280/390 Loss 0.3603 ResLoss 0.3643 BfatLoss 0.4167 Top1 87.30 Top5 99.64
2025-12-28 18:09:37,173 - INFO  - [NUDE][TRAIN] Epoch 13/100 Iter 300/390 Loss 0.3610 ResLoss 0.3648 BfatLoss 0.4173 Top1 87.29 Top5 99.64
2025-12-28 18:09:49,242 - INFO  - [NUDE][TRAIN] Epoch 13/100 Iter 320/390 Loss 0.3611 ResLoss 0.3650 BfatLoss 0.4172 Top1 87.29 Top5 99.63
2025-12-28 18:10:01,396 - INFO  - [NUDE][TRAIN] Epoch 13/100 Iter 340/390 Loss 0.3598 ResLoss 0.3637 BfatLoss 0.4159 Top1 87.38 Top5 99.63
2025-12-28 18:10:13,606 - INFO  - [NUDE][TRAIN] Epoch 13/100 Iter 360/390 Loss 0.3584 ResLoss 0.3623 BfatLoss 0.4143 Top1 87.40 Top5 99.63
2025-12-28 18:10:25,667 - INFO  - [NUDE][TRAIN] Epoch 13/100 Iter 380/390 Loss 0.3559 ResLoss 0.3599 BfatLoss 0.4117 Top1 87.49 Top5 99.64
2025-12-28 18:10:31,775 - INFO  - [NUDE] Validate: force max bit-width W/A = 6
2025-12-28 18:10:34,224 - INFO  - [NUDE][EPOCH] 13/100 Train: Top1=87.46 Top5=99.63 Loss=0.3570 | Val(EMA): Top1=37.27
2025-12-28 18:10:34,224 - INFO  -   ⏱️  本Epoch耗时: 4分0秒 | 平均Epoch耗时: 4分0秒 | 剩余Epoch数: 86
2025-12-28 18:10:34,224 - INFO  -   📅 预估剩余时间: 5小时45分17秒 | 预估完成时间: 2025-12-28 23:55:51
2025-12-28 18:10:34,958 - INFO  - ([14] Epoch) Saving checkpoint to:
             Current: /root/autodl-tmp/retraining-free-quantization/training/r18_c10_nude_0.02_sim_normal_seed_repair/r18_c10_nude_0.02_sim_normal_seed_repair_checkpoint.pth.tar

2025-12-28 18:10:34,962 - INFO  - 🎲 Epoch 14: FaultInjector seed rotated to 56
2025-12-28 18:10:34,971 - INFO  - [NUDE] Epoch 14: force max bit-width W/A = 6
2025-12-28 18:10:34,971 - INFO  - ================================================================================
2025-12-28 18:10:34,971 - INFO  - 🔥 [NUDE] BFAT ACTIVE
2025-12-28 18:10:34,971 - INFO  -    Loss Type: direct_ce
2025-12-28 18:10:34,971 - INFO  -    Proj Mode: direction
2025-12-28 18:10:34,971 - INFO  -    Injection: All Bits
2025-12-28 18:10:34,971 - INFO  - ================================================================================
2025-12-28 18:10:47,428 - INFO  - [NUDE][TRAIN] Epoch 14/100 Iter 20/390 Loss 0.2873 ResLoss 0.2928 BfatLoss 0.3369 Top1 90.59 Top5 99.57
2025-12-28 18:10:59,775 - INFO  - [NUDE][TRAIN] Epoch 14/100 Iter 40/390 Loss 0.3126 ResLoss 0.3178 BfatLoss 0.3625 Top1 89.38 Top5 99.67
2025-12-28 18:11:12,012 - INFO  - [NUDE][TRAIN] Epoch 14/100 Iter 60/390 Loss 0.3197 ResLoss 0.3240 BfatLoss 0.3775 Top1 89.11 Top5 99.60
2025-12-28 18:11:24,094 - INFO  - [NUDE][TRAIN] Epoch 14/100 Iter 80/390 Loss 0.3194 ResLoss 0.3239 BfatLoss 0.3772 Top1 89.03 Top5 99.63
2025-12-28 18:11:36,229 - INFO  - [NUDE][TRAIN] Epoch 14/100 Iter 100/390 Loss 0.3159 ResLoss 0.3204 BfatLoss 0.3743 Top1 89.20 Top5 99.62
2025-12-28 18:11:48,246 - INFO  - [NUDE][TRAIN] Epoch 14/100 Iter 120/390 Loss 0.3157 ResLoss 0.3201 BfatLoss 0.3735 Top1 89.16 Top5 99.63
2025-12-28 18:12:00,495 - INFO  - [NUDE][TRAIN] Epoch 14/100 Iter 140/390 Loss 0.3126 ResLoss 0.3168 BfatLoss 0.3704 Top1 89.24 Top5 99.64
2025-12-28 18:12:12,711 - INFO  - [NUDE][TRAIN] Epoch 14/100 Iter 160/390 Loss 0.3138 ResLoss 0.3179 BfatLoss 0.3700 Top1 89.15 Top5 99.65
2025-12-28 18:12:24,832 - INFO  - [NUDE][TRAIN] Epoch 14/100 Iter 180/390 Loss 0.3173 ResLoss 0.3214 BfatLoss 0.3742 Top1 89.06 Top5 99.65
2025-12-28 18:12:36,953 - INFO  - [NUDE][TRAIN] Epoch 14/100 Iter 200/390 Loss 0.3172 ResLoss 0.3216 BfatLoss 0.3736 Top1 89.10 Top5 99.64
2025-12-28 18:12:48,908 - INFO  - [NUDE][TRAIN] Epoch 14/100 Iter 220/390 Loss 0.3182 ResLoss 0.3224 BfatLoss 0.3745 Top1 89.05 Top5 99.64
2025-12-28 18:13:01,024 - INFO  - [NUDE][TRAIN] Epoch 14/100 Iter 240/390 Loss 0.3223 ResLoss 0.3265 BfatLoss 0.3786 Top1 88.95 Top5 99.62
2025-12-28 18:13:13,073 - INFO  - [NUDE][TRAIN] Epoch 14/100 Iter 260/390 Loss 0.3250 ResLoss 0.3289 BfatLoss 0.3804 Top1 88.85 Top5 99.61
2025-12-28 18:13:25,144 - INFO  - [NUDE][TRAIN] Epoch 14/100 Iter 280/390 Loss 0.3250 ResLoss 0.3290 BfatLoss 0.3816 Top1 88.80 Top5 99.62
2025-12-28 18:13:37,373 - INFO  - [NUDE][TRAIN] Epoch 14/100 Iter 300/390 Loss 0.3242 ResLoss 0.3281 BfatLoss 0.3803 Top1 88.83 Top5 99.62
2025-12-28 18:13:49,717 - INFO  - [NUDE][TRAIN] Epoch 14/100 Iter 320/390 Loss 0.3249 ResLoss 0.3289 BfatLoss 0.3806 Top1 88.77 Top5 99.62
2025-12-28 18:14:02,149 - INFO  - [NUDE][TRAIN] Epoch 14/100 Iter 340/390 Loss 0.3251 ResLoss 0.3291 BfatLoss 0.3809 Top1 88.79 Top5 99.61
2025-12-28 18:14:14,428 - INFO  - [NUDE][TRAIN] Epoch 14/100 Iter 360/390 Loss 0.3256 ResLoss 0.3298 BfatLoss 0.3808 Top1 88.77 Top5 99.62
2025-12-28 18:14:26,860 - INFO  - [NUDE][TRAIN] Epoch 14/100 Iter 380/390 Loss 0.3260 ResLoss 0.3303 BfatLoss 0.3810 Top1 88.72 Top5 99.63
2025-12-28 18:14:33,122 - INFO  - [NUDE] Validate: force max bit-width W/A = 6
2025-12-28 18:14:35,485 - INFO  - [NUDE][EPOCH] 14/100 Train: Top1=88.73 Top5=99.62 Loss=0.3257 | Val(EMA): Top1=41.08
2025-12-28 18:14:35,486 - INFO  -   ⏱️  本Epoch耗时: 4分0秒 | 平均Epoch耗时: 4分0秒 | 剩余Epoch数: 85
2025-12-28 18:14:35,486 - INFO  -   📅 预估剩余时间: 5小时41分7秒 | 预估完成时间: 2025-12-28 23:55:43
2025-12-28 18:14:36,215 - INFO  - ([15] Epoch) Saving checkpoint to:
             Current: /root/autodl-tmp/retraining-free-quantization/training/r18_c10_nude_0.02_sim_normal_seed_repair/r18_c10_nude_0.02_sim_normal_seed_repair_checkpoint.pth.tar

2025-12-28 18:14:36,218 - INFO  - 🎲 Epoch 15: FaultInjector seed rotated to 57
2025-12-28 18:14:36,226 - INFO  - [NUDE] Epoch 15: force max bit-width W/A = 6
2025-12-28 18:14:36,226 - INFO  - ================================================================================
2025-12-28 18:14:36,226 - INFO  - 🔥 [NUDE] BFAT ACTIVE
2025-12-28 18:14:36,226 - INFO  -    Loss Type: direct_ce
2025-12-28 18:14:36,226 - INFO  -    Proj Mode: direction
2025-12-28 18:14:36,226 - INFO  -    Injection: All Bits
2025-12-28 18:14:36,226 - INFO  - ================================================================================
2025-12-28 18:14:48,751 - INFO  - [NUDE][TRAIN] Epoch 15/100 Iter 20/390 Loss 0.2881 ResLoss 0.2900 BfatLoss 0.3483 Top1 89.84 Top5 99.73
2025-12-28 18:15:00,995 - INFO  - [NUDE][TRAIN] Epoch 15/100 Iter 40/390 Loss 0.3010 ResLoss 0.3031 BfatLoss 0.3626 Top1 89.86 Top5 99.65
2025-12-28 18:15:13,168 - INFO  - [NUDE][TRAIN] Epoch 15/100 Iter 60/390 Loss 0.3051 ResLoss 0.3077 BfatLoss 0.3705 Top1 89.57 Top5 99.66
2025-12-28 18:15:25,400 - INFO  - [NUDE][TRAIN] Epoch 15/100 Iter 80/390 Loss 0.3094 ResLoss 0.3121 BfatLoss 0.3750 Top1 89.36 Top5 99.63
2025-12-28 18:15:37,537 - INFO  - [NUDE][TRAIN] Epoch 15/100 Iter 100/390 Loss 0.3108 ResLoss 0.3140 BfatLoss 0.3733 Top1 89.30 Top5 99.63
2025-12-28 18:15:49,831 - INFO  - [NUDE][TRAIN] Epoch 15/100 Iter 120/390 Loss 0.3128 ResLoss 0.3159 BfatLoss 0.3735 Top1 89.13 Top5 99.64
2025-12-28 18:16:02,083 - INFO  - [NUDE][TRAIN] Epoch 15/100 Iter 140/390 Loss 0.3091 ResLoss 0.3122 BfatLoss 0.3687 Top1 89.17 Top5 99.65
2025-12-28 18:16:14,187 - INFO  - [NUDE][TRAIN] Epoch 15/100 Iter 160/390 Loss 0.3099 ResLoss 0.3132 BfatLoss 0.3675 Top1 89.13 Top5 99.64
2025-12-28 18:16:26,416 - INFO  - [NUDE][TRAIN] Epoch 15/100 Iter 180/390 Loss 0.3060 ResLoss 0.3096 BfatLoss 0.3628 Top1 89.29 Top5 99.64
2025-12-28 18:16:38,511 - INFO  - [NUDE][TRAIN] Epoch 15/100 Iter 200/390 Loss 0.3068 ResLoss 0.3105 BfatLoss 0.3634 Top1 89.32 Top5 99.65
2025-12-28 18:16:50,731 - INFO  - [NUDE][TRAIN] Epoch 15/100 Iter 220/390 Loss 0.3085 ResLoss 0.3121 BfatLoss 0.3650 Top1 89.26 Top5 99.65
2025-12-28 18:17:03,071 - INFO  - [NUDE][TRAIN] Epoch 15/100 Iter 240/390 Loss 0.3088 ResLoss 0.3123 BfatLoss 0.3659 Top1 89.27 Top5 99.64
2025-12-28 18:17:15,471 - INFO  - [NUDE][TRAIN] Epoch 15/100 Iter 260/390 Loss 0.3076 ResLoss 0.3112 BfatLoss 0.3649 Top1 89.31 Top5 99.64
2025-12-28 18:17:27,809 - INFO  - [NUDE][TRAIN] Epoch 15/100 Iter 280/390 Loss 0.3096 ResLoss 0.3131 BfatLoss 0.3654 Top1 89.26 Top5 99.65
2025-12-28 18:17:40,023 - INFO  - [NUDE][TRAIN] Epoch 15/100 Iter 300/390 Loss 0.3097 ResLoss 0.3131 BfatLoss 0.3655 Top1 89.29 Top5 99.65
2025-12-28 18:17:52,430 - INFO  - [NUDE][TRAIN] Epoch 15/100 Iter 320/390 Loss 0.3121 ResLoss 0.3156 BfatLoss 0.3673 Top1 89.21 Top5 99.66
2025-12-28 18:18:04,644 - INFO  - [NUDE][TRAIN] Epoch 15/100 Iter 340/390 Loss 0.3132 ResLoss 0.3167 BfatLoss 0.3684 Top1 89.15 Top5 99.66
2025-12-28 18:18:16,949 - INFO  - [NUDE][TRAIN] Epoch 15/100 Iter 360/390 Loss 0.3117 ResLoss 0.3154 BfatLoss 0.3659 Top1 89.21 Top5 99.66
2025-12-28 18:18:29,223 - INFO  - [NUDE][TRAIN] Epoch 15/100 Iter 380/390 Loss 0.3131 ResLoss 0.3167 BfatLoss 0.3668 Top1 89.20 Top5 99.67
2025-12-28 18:18:35,430 - INFO  - [NUDE] Validate: force max bit-width W/A = 6
2025-12-28 18:18:37,808 - INFO  - [NUDE][EPOCH] 15/100 Train: Top1=89.17 Top5=99.67 Loss=0.3135 | Val(EMA): Top1=45.72
2025-12-28 18:18:37,808 - INFO  -   ⏱️  本Epoch耗时: 4分1秒 | 平均Epoch耗时: 4分1秒 | 剩余Epoch数: 84
2025-12-28 18:18:37,808 - INFO  -   📅 预估剩余时间: 5小时37分29秒 | 预估完成时间: 2025-12-28 23:56:07
2025-12-28 18:18:38,485 - INFO  - ([16] Epoch) Saving checkpoint to:
             Current: /root/autodl-tmp/retraining-free-quantization/training/r18_c10_nude_0.02_sim_normal_seed_repair/r18_c10_nude_0.02_sim_normal_seed_repair_checkpoint.pth.tar

2025-12-28 18:18:38,488 - INFO  - 🎲 Epoch 16: FaultInjector seed rotated to 58
2025-12-28 18:18:38,496 - INFO  - [NUDE] Epoch 16: force max bit-width W/A = 6
2025-12-28 18:18:38,497 - INFO  - ================================================================================
2025-12-28 18:18:38,497 - INFO  - 🔥 [NUDE] BFAT ACTIVE
2025-12-28 18:18:38,497 - INFO  -    Loss Type: direct_ce
2025-12-28 18:18:38,497 - INFO  -    Proj Mode: direction
2025-12-28 18:18:38,497 - INFO  -    Injection: All Bits
2025-12-28 18:18:38,497 - INFO  - ================================================================================
2025-12-28 18:18:51,122 - INFO  - [NUDE][TRAIN] Epoch 16/100 Iter 20/390 Loss 0.2747 ResLoss 0.2813 BfatLoss 0.3355 Top1 90.16 Top5 99.84
2025-12-28 18:19:03,368 - INFO  - [NUDE][TRAIN] Epoch 16/100 Iter 40/390 Loss 0.2682 ResLoss 0.2737 BfatLoss 0.3241 Top1 90.27 Top5 99.77
2025-12-28 18:19:15,730 - INFO  - [NUDE][TRAIN] Epoch 16/100 Iter 60/390 Loss 0.2778 ResLoss 0.2826 BfatLoss 0.3335 Top1 90.03 Top5 99.71
2025-12-28 18:19:27,986 - INFO  - [NUDE][TRAIN] Epoch 16/100 Iter 80/390 Loss 0.2751 ResLoss 0.2798 BfatLoss 0.3322 Top1 90.13 Top5 99.75
2025-12-28 18:19:40,185 - INFO  - [NUDE][TRAIN] Epoch 16/100 Iter 100/390 Loss 0.2732 ResLoss 0.2774 BfatLoss 0.3275 Top1 90.27 Top5 99.73
2025-12-28 18:19:52,378 - INFO  - [NUDE][TRAIN] Epoch 16/100 Iter 120/390 Loss 0.2803 ResLoss 0.2841 BfatLoss 0.3330 Top1 89.99 Top5 99.75
2025-12-28 18:20:04,459 - INFO  - [NUDE][TRAIN] Epoch 16/100 Iter 140/390 Loss 0.2816 ResLoss 0.2855 BfatLoss 0.3351 Top1 90.01 Top5 99.74
2025-12-28 18:20:16,667 - INFO  - [NUDE][TRAIN] Epoch 16/100 Iter 160/390 Loss 0.2835 ResLoss 0.2872 BfatLoss 0.3373 Top1 89.96 Top5 99.74
2025-12-28 18:20:28,866 - INFO  - [NUDE][TRAIN] Epoch 16/100 Iter 180/390 Loss 0.2847 ResLoss 0.2884 BfatLoss 0.3392 Top1 89.94 Top5 99.71
2025-12-28 18:20:41,029 - INFO  - [NUDE][TRAIN] Epoch 16/100 Iter 200/390 Loss 0.2827 ResLoss 0.2865 BfatLoss 0.3371 Top1 90.02 Top5 99.73
2025-12-28 18:20:53,184 - INFO  - [NUDE][TRAIN] Epoch 16/100 Iter 220/390 Loss 0.2826 ResLoss 0.2864 BfatLoss 0.3363 Top1 90.05 Top5 99.73
2025-12-28 18:21:05,243 - INFO  - [NUDE][TRAIN] Epoch 16/100 Iter 240/390 Loss 0.2831 ResLoss 0.2869 BfatLoss 0.3386 Top1 90.05 Top5 99.73
2025-12-28 18:21:17,388 - INFO  - [NUDE][TRAIN] Epoch 16/100 Iter 260/390 Loss 0.2836 ResLoss 0.2873 BfatLoss 0.3384 Top1 90.08 Top5 99.74
2025-12-28 18:21:29,631 - INFO  - [NUDE][TRAIN] Epoch 16/100 Iter 280/390 Loss 0.2843 ResLoss 0.2881 BfatLoss 0.3394 Top1 90.04 Top5 99.74
2025-12-28 18:21:41,619 - INFO  - [NUDE][TRAIN] Epoch 16/100 Iter 300/390 Loss 0.2845 ResLoss 0.2884 BfatLoss 0.3393 Top1 90.01 Top5 99.75
2025-12-28 18:21:53,745 - INFO  - [NUDE][TRAIN] Epoch 16/100 Iter 320/390 Loss 0.2856 ResLoss 0.2895 BfatLoss 0.3402 Top1 90.01 Top5 99.75
2025-12-28 18:22:05,813 - INFO  - [NUDE][TRAIN] Epoch 16/100 Iter 340/390 Loss 0.2884 ResLoss 0.2922 BfatLoss 0.3441 Top1 89.91 Top5 99.75
2025-12-28 18:22:18,042 - INFO  - [NUDE][TRAIN] Epoch 16/100 Iter 360/390 Loss 0.2891 ResLoss 0.2932 BfatLoss 0.3442 Top1 89.90 Top5 99.75
2025-12-28 18:22:30,143 - INFO  - [NUDE][TRAIN] Epoch 16/100 Iter 380/390 Loss 0.2886 ResLoss 0.2926 BfatLoss 0.3437 Top1 89.95 Top5 99.75
2025-12-28 18:22:36,326 - INFO  - [NUDE] Validate: force max bit-width W/A = 6
2025-12-28 18:22:38,691 - INFO  - [NUDE][EPOCH] 16/100 Train: Top1=89.96 Top5=99.76 Loss=0.2882 | Val(EMA): Top1=51.90
2025-12-28 18:22:38,691 - INFO  -   ⏱️  本Epoch耗时: 4分0秒 | 平均Epoch耗时: 4分1秒 | 剩余Epoch数: 83
2025-12-28 18:22:38,691 - INFO  -   📅 预估剩余时间: 5小时33分28秒 | 预估完成时间: 2025-12-28 23:56:06
2025-12-28 18:22:39,291 - INFO  - ([17] Epoch) Saving checkpoint to:
             Current: /root/autodl-tmp/retraining-free-quantization/training/r18_c10_nude_0.02_sim_normal_seed_repair/r18_c10_nude_0.02_sim_normal_seed_repair_checkpoint.pth.tar

2025-12-28 18:22:39,294 - INFO  - 🎲 Epoch 17: FaultInjector seed rotated to 59
2025-12-28 18:22:39,302 - INFO  - [NUDE] Epoch 17: force max bit-width W/A = 6
2025-12-28 18:22:39,302 - INFO  - ================================================================================
2025-12-28 18:22:39,302 - INFO  - 🔥 [NUDE] BFAT ACTIVE
2025-12-28 18:22:39,302 - INFO  -    Loss Type: direct_ce
2025-12-28 18:22:39,302 - INFO  -    Proj Mode: direction
2025-12-28 18:22:39,302 - INFO  -    Injection: All Bits
2025-12-28 18:22:39,302 - INFO  - ================================================================================
2025-12-28 18:22:51,587 - INFO  - [NUDE][TRAIN] Epoch 17/100 Iter 20/390 Loss 0.2395 ResLoss 0.2430 BfatLoss 0.2886 Top1 90.74 Top5 99.88
2025-12-28 18:23:03,778 - INFO  - [NUDE][TRAIN] Epoch 17/100 Iter 40/390 Loss 0.2418 ResLoss 0.2461 BfatLoss 0.2929 Top1 91.02 Top5 99.88
2025-12-28 18:23:15,953 - INFO  - [NUDE][TRAIN] Epoch 17/100 Iter 60/390 Loss 0.2457 ResLoss 0.2489 BfatLoss 0.2960 Top1 91.09 Top5 99.86
2025-12-28 18:23:27,914 - INFO  - [NUDE][TRAIN] Epoch 17/100 Iter 80/390 Loss 0.2554 ResLoss 0.2590 BfatLoss 0.3089 Top1 90.71 Top5 99.81
2025-12-28 18:23:40,097 - INFO  - [NUDE][TRAIN] Epoch 17/100 Iter 100/390 Loss 0.2593 ResLoss 0.2629 BfatLoss 0.3145 Top1 90.62 Top5 99.83
2025-12-28 18:23:52,128 - INFO  - [NUDE][TRAIN] Epoch 17/100 Iter 120/390 Loss 0.2644 ResLoss 0.2677 BfatLoss 0.3193 Top1 90.51 Top5 99.80
2025-12-28 18:24:04,348 - INFO  - [NUDE][TRAIN] Epoch 17/100 Iter 140/390 Loss 0.2641 ResLoss 0.2676 BfatLoss 0.3199 Top1 90.60 Top5 99.79
2025-12-28 18:24:16,539 - INFO  - [NUDE][TRAIN] Epoch 17/100 Iter 160/390 Loss 0.2635 ResLoss 0.2670 BfatLoss 0.3183 Top1 90.63 Top5 99.79
2025-12-28 18:24:28,576 - INFO  - [NUDE][TRAIN] Epoch 17/100 Iter 180/390 Loss 0.2641 ResLoss 0.2677 BfatLoss 0.3178 Top1 90.62 Top5 99.80
2025-12-28 18:24:40,793 - INFO  - [NUDE][TRAIN] Epoch 17/100 Iter 200/390 Loss 0.2647 ResLoss 0.2686 BfatLoss 0.3177 Top1 90.66 Top5 99.79
2025-12-28 18:24:52,852 - INFO  - [NUDE][TRAIN] Epoch 17/100 Iter 220/390 Loss 0.2665 ResLoss 0.2703 BfatLoss 0.3188 Top1 90.61 Top5 99.79
2025-12-28 18:25:04,904 - INFO  - [NUDE][TRAIN] Epoch 17/100 Iter 240/390 Loss 0.2679 ResLoss 0.2714 BfatLoss 0.3196 Top1 90.62 Top5 99.78
2025-12-28 18:25:16,963 - INFO  - [NUDE][TRAIN] Epoch 17/100 Iter 260/390 Loss 0.2673 ResLoss 0.2709 BfatLoss 0.3189 Top1 90.62 Top5 99.79
2025-12-28 18:25:29,128 - INFO  - [NUDE][TRAIN] Epoch 17/100 Iter 280/390 Loss 0.2694 ResLoss 0.2730 BfatLoss 0.3218 Top1 90.54 Top5 99.79
2025-12-28 18:25:41,390 - INFO  - [NUDE][TRAIN] Epoch 17/100 Iter 300/390 Loss 0.2684 ResLoss 0.2719 BfatLoss 0.3209 Top1 90.63 Top5 99.79
2025-12-28 18:25:53,471 - INFO  - [NUDE][TRAIN] Epoch 17/100 Iter 320/390 Loss 0.2676 ResLoss 0.2710 BfatLoss 0.3197 Top1 90.65 Top5 99.78
2025-12-28 18:26:05,597 - INFO  - [NUDE][TRAIN] Epoch 17/100 Iter 340/390 Loss 0.2682 ResLoss 0.2716 BfatLoss 0.3204 Top1 90.65 Top5 99.79
2025-12-28 18:26:17,563 - INFO  - [NUDE][TRAIN] Epoch 17/100 Iter 360/390 Loss 0.2695 ResLoss 0.2728 BfatLoss 0.3218 Top1 90.65 Top5 99.77
2025-12-28 18:26:29,664 - INFO  - [NUDE][TRAIN] Epoch 17/100 Iter 380/390 Loss 0.2695 ResLoss 0.2727 BfatLoss 0.3216 Top1 90.66 Top5 99.77
2025-12-28 18:26:35,702 - INFO  - [NUDE] Validate: force max bit-width W/A = 6
2025-12-28 18:26:37,948 - INFO  - [NUDE][EPOCH] 17/100 Train: Top1=90.66 Top5=99.77 Loss=0.2702 | Val(EMA): Top1=59.42
2025-12-28 18:26:37,948 - INFO  -   ⏱️  本Epoch耗时: 3分58秒 | 平均Epoch耗时: 4分0秒 | 剩余Epoch数: 82
2025-12-28 18:26:37,948 - INFO  -   📅 预估剩余时间: 5小时28分19秒 | 预估完成时间: 2025-12-28 23:54:57
2025-12-28 18:26:38,640 - INFO  - ([18] Epoch) Saving checkpoint to:
             Current: /root/autodl-tmp/retraining-free-quantization/training/r18_c10_nude_0.02_sim_normal_seed_repair/r18_c10_nude_0.02_sim_normal_seed_repair_checkpoint.pth.tar

2025-12-28 18:26:38,643 - INFO  - 🎲 Epoch 18: FaultInjector seed rotated to 60
2025-12-28 18:26:38,651 - INFO  - [NUDE] Epoch 18: force max bit-width W/A = 6
2025-12-28 18:26:38,651 - INFO  - ================================================================================
2025-12-28 18:26:38,652 - INFO  - 🔥 [NUDE] BFAT ACTIVE
2025-12-28 18:26:38,652 - INFO  -    Loss Type: direct_ce
2025-12-28 18:26:38,652 - INFO  -    Proj Mode: direction
2025-12-28 18:26:38,652 - INFO  -    Injection: All Bits
2025-12-28 18:26:38,652 - INFO  - ================================================================================
2025-12-28 18:26:50,940 - INFO  - [NUDE][TRAIN] Epoch 18/100 Iter 20/390 Loss 0.2106 ResLoss 0.2156 BfatLoss 0.2723 Top1 92.42 Top5 99.88
2025-12-28 18:27:03,381 - INFO  - [NUDE][TRAIN] Epoch 18/100 Iter 40/390 Loss 0.2190 ResLoss 0.2234 BfatLoss 0.2784 Top1 92.21 Top5 99.90
2025-12-28 18:27:15,578 - INFO  - [NUDE][TRAIN] Epoch 18/100 Iter 60/390 Loss 0.2303 ResLoss 0.2345 BfatLoss 0.2903 Top1 91.97 Top5 99.90
2025-12-28 18:27:27,906 - INFO  - [NUDE][TRAIN] Epoch 18/100 Iter 80/390 Loss 0.2327 ResLoss 0.2363 BfatLoss 0.2936 Top1 92.00 Top5 99.89
2025-12-28 18:27:40,231 - INFO  - [NUDE][TRAIN] Epoch 18/100 Iter 100/390 Loss 0.2356 ResLoss 0.2394 BfatLoss 0.2940 Top1 91.88 Top5 99.89
2025-12-28 18:27:52,489 - INFO  - [NUDE][TRAIN] Epoch 18/100 Iter 120/390 Loss 0.2417 ResLoss 0.2457 BfatLoss 0.2979 Top1 91.63 Top5 99.87
2025-12-28 18:28:04,839 - INFO  - [NUDE][TRAIN] Epoch 18/100 Iter 140/390 Loss 0.2433 ResLoss 0.2472 BfatLoss 0.3005 Top1 91.55 Top5 99.87
2025-12-28 18:28:17,027 - INFO  - [NUDE][TRAIN] Epoch 18/100 Iter 160/390 Loss 0.2444 ResLoss 0.2480 BfatLoss 0.3016 Top1 91.56 Top5 99.86
2025-12-28 18:28:29,312 - INFO  - [NUDE][TRAIN] Epoch 18/100 Iter 180/390 Loss 0.2459 ResLoss 0.2495 BfatLoss 0.3025 Top1 91.49 Top5 99.87
2025-12-28 18:28:41,673 - INFO  - [NUDE][TRAIN] Epoch 18/100 Iter 200/390 Loss 0.2479 ResLoss 0.2517 BfatLoss 0.3036 Top1 91.42 Top5 99.87
2025-12-28 18:28:53,801 - INFO  - [NUDE][TRAIN] Epoch 18/100 Iter 220/390 Loss 0.2483 ResLoss 0.2520 BfatLoss 0.3034 Top1 91.40 Top5 99.86
2025-12-28 18:29:06,075 - INFO  - [NUDE][TRAIN] Epoch 18/100 Iter 240/390 Loss 0.2496 ResLoss 0.2531 BfatLoss 0.3054 Top1 91.37 Top5 99.85
2025-12-28 18:29:18,237 - INFO  - [NUDE][TRAIN] Epoch 18/100 Iter 260/390 Loss 0.2487 ResLoss 0.2520 BfatLoss 0.3039 Top1 91.39 Top5 99.85
2025-12-28 18:29:30,507 - INFO  - [NUDE][TRAIN] Epoch 18/100 Iter 280/390 Loss 0.2498 ResLoss 0.2533 BfatLoss 0.3042 Top1 91.39 Top5 99.84
2025-12-28 18:29:42,639 - INFO  - [NUDE][TRAIN] Epoch 18/100 Iter 300/390 Loss 0.2501 ResLoss 0.2534 BfatLoss 0.3047 Top1 91.41 Top5 99.83
2025-12-28 18:29:54,872 - INFO  - [NUDE][TRAIN] Epoch 18/100 Iter 320/390 Loss 0.2508 ResLoss 0.2540 BfatLoss 0.3043 Top1 91.39 Top5 99.82
2025-12-28 18:30:06,934 - INFO  - [NUDE][TRAIN] Epoch 18/100 Iter 340/390 Loss 0.2504 ResLoss 0.2538 BfatLoss 0.3036 Top1 91.40 Top5 99.81
2025-12-28 18:30:19,203 - INFO  - [NUDE][TRAIN] Epoch 18/100 Iter 360/390 Loss 0.2506 ResLoss 0.2539 BfatLoss 0.3041 Top1 91.38 Top5 99.81
2025-12-28 18:30:31,568 - INFO  - [NUDE][TRAIN] Epoch 18/100 Iter 380/390 Loss 0.2509 ResLoss 0.2542 BfatLoss 0.3048 Top1 91.35 Top5 99.81
2025-12-28 18:30:37,744 - INFO  - [NUDE] Validate: force max bit-width W/A = 6
2025-12-28 18:30:40,135 - INFO  - [NUDE][EPOCH] 18/100 Train: Top1=91.34 Top5=99.81 Loss=0.2511 | Val(EMA): Top1=66.61
2025-12-28 18:30:40,136 - INFO  -   ⏱️  本Epoch耗时: 4分1秒 | 平均Epoch耗时: 4分0秒 | 剩余Epoch数: 81
2025-12-28 18:30:40,136 - INFO  -   📅 预估剩余时间: 5小时24分39秒 | 预估完成时间: 2025-12-28 23:55:19
2025-12-28 18:30:40,718 - INFO  - ([19] Epoch) Saving checkpoint to:
             Current: /root/autodl-tmp/retraining-free-quantization/training/r18_c10_nude_0.02_sim_normal_seed_repair/r18_c10_nude_0.02_sim_normal_seed_repair_checkpoint.pth.tar

2025-12-28 18:30:40,722 - INFO  - 🎲 Epoch 19: FaultInjector seed rotated to 61
2025-12-28 18:30:40,730 - INFO  - [NUDE] Epoch 19: force max bit-width W/A = 6
2025-12-28 18:30:40,730 - INFO  - ================================================================================
2025-12-28 18:30:40,730 - INFO  - 🔥 [NUDE] BFAT ACTIVE
2025-12-28 18:30:40,730 - INFO  -    Loss Type: direct_ce
2025-12-28 18:30:40,730 - INFO  -    Proj Mode: direction
2025-12-28 18:30:40,730 - INFO  -    Injection: All Bits
2025-12-28 18:30:40,730 - INFO  - ================================================================================
2025-12-28 18:30:53,282 - INFO  - [NUDE][TRAIN] Epoch 19/100 Iter 20/390 Loss 0.2154 ResLoss 0.2190 BfatLoss 0.2759 Top1 92.11 Top5 99.80
2025-12-28 18:31:05,429 - INFO  - [NUDE][TRAIN] Epoch 19/100 Iter 40/390 Loss 0.2159 ResLoss 0.2193 BfatLoss 0.2702 Top1 92.17 Top5 99.88
2025-12-28 18:31:17,814 - INFO  - [NUDE][TRAIN] Epoch 19/100 Iter 60/390 Loss 0.2241 ResLoss 0.2274 BfatLoss 0.2800 Top1 91.91 Top5 99.88
2025-12-28 18:31:30,062 - INFO  - [NUDE][TRAIN] Epoch 19/100 Iter 80/390 Loss 0.2240 ResLoss 0.2270 BfatLoss 0.2790 Top1 91.99 Top5 99.89
2025-12-28 18:31:42,222 - INFO  - [NUDE][TRAIN] Epoch 19/100 Iter 100/390 Loss 0.2270 ResLoss 0.2300 BfatLoss 0.2823 Top1 91.95 Top5 99.88
2025-12-28 18:31:54,433 - INFO  - [NUDE][TRAIN] Epoch 19/100 Iter 120/390 Loss 0.2296 ResLoss 0.2328 BfatLoss 0.2849 Top1 91.80 Top5 99.88
2025-12-28 18:32:06,666 - INFO  - [NUDE][TRAIN] Epoch 19/100 Iter 140/390 Loss 0.2303 ResLoss 0.2337 BfatLoss 0.2844 Top1 91.77 Top5 99.85
2025-12-28 18:32:18,964 - INFO  - [NUDE][TRAIN] Epoch 19/100 Iter 160/390 Loss 0.2308 ResLoss 0.2345 BfatLoss 0.2854 Top1 91.82 Top5 99.85
2025-12-28 18:32:31,211 - INFO  - [NUDE][TRAIN] Epoch 19/100 Iter 180/390 Loss 0.2276 ResLoss 0.2310 BfatLoss 0.2804 Top1 91.92 Top5 99.86
2025-12-28 18:32:43,583 - INFO  - [NUDE][TRAIN] Epoch 19/100 Iter 200/390 Loss 0.2303 ResLoss 0.2334 BfatLoss 0.2840 Top1 91.89 Top5 99.86
2025-12-28 18:32:55,878 - INFO  - [NUDE][TRAIN] Epoch 19/100 Iter 220/390 Loss 0.2324 ResLoss 0.2356 BfatLoss 0.2853 Top1 91.80 Top5 99.86
2025-12-28 18:33:08,102 - INFO  - [NUDE][TRAIN] Epoch 19/100 Iter 240/390 Loss 0.2329 ResLoss 0.2362 BfatLoss 0.2873 Top1 91.77 Top5 99.85
2025-12-28 18:33:20,348 - INFO  - [NUDE][TRAIN] Epoch 19/100 Iter 260/390 Loss 0.2337 ResLoss 0.2369 BfatLoss 0.2868 Top1 91.74 Top5 99.85
2025-12-28 18:33:32,424 - INFO  - [NUDE][TRAIN] Epoch 19/100 Iter 280/390 Loss 0.2346 ResLoss 0.2379 BfatLoss 0.2869 Top1 91.69 Top5 99.85
2025-12-28 18:33:44,660 - INFO  - [NUDE][TRAIN] Epoch 19/100 Iter 300/390 Loss 0.2352 ResLoss 0.2385 BfatLoss 0.2869 Top1 91.68 Top5 99.86
2025-12-28 18:33:56,840 - INFO  - [NUDE][TRAIN] Epoch 19/100 Iter 320/390 Loss 0.2350 ResLoss 0.2382 BfatLoss 0.2865 Top1 91.67 Top5 99.86
2025-12-28 18:34:08,985 - INFO  - [NUDE][TRAIN] Epoch 19/100 Iter 340/390 Loss 0.2341 ResLoss 0.2374 BfatLoss 0.2859 Top1 91.68 Top5 99.86
2025-12-28 18:34:21,183 - INFO  - [NUDE][TRAIN] Epoch 19/100 Iter 360/390 Loss 0.2347 ResLoss 0.2380 BfatLoss 0.2868 Top1 91.66 Top5 99.86
2025-12-28 18:34:33,281 - INFO  - [NUDE][TRAIN] Epoch 19/100 Iter 380/390 Loss 0.2355 ResLoss 0.2387 BfatLoss 0.2880 Top1 91.63 Top5 99.86
2025-12-28 18:34:39,544 - INFO  - [NUDE] Validate: force max bit-width W/A = 6
2025-12-28 18:34:41,890 - INFO  - [NUDE][EPOCH] 19/100 Train: Top1=91.64 Top5=99.86 Loss=0.2358 | Val(EMA): Top1=72.42
2025-12-28 18:34:41,890 - INFO  -   ⏱️  本Epoch耗时: 4分1秒 | 平均Epoch耗时: 4分0秒 | 剩余Epoch数: 80
2025-12-28 18:34:41,890 - INFO  -   📅 预估剩余时间: 5小时20分49秒 | 预估完成时间: 2025-12-28 23:55:31
2025-12-28 18:34:42,519 - INFO  - ([20] Epoch) Saving checkpoint to:
             Current: /root/autodl-tmp/retraining-free-quantization/training/r18_c10_nude_0.02_sim_normal_seed_repair/r18_c10_nude_0.02_sim_normal_seed_repair_checkpoint.pth.tar

2025-12-28 18:34:42,522 - INFO  - 🎲 Epoch 20: FaultInjector seed rotated to 62
2025-12-28 18:34:42,530 - INFO  - [NUDE] Epoch 20: force max bit-width W/A = 6
2025-12-28 18:34:42,530 - INFO  - ================================================================================
2025-12-28 18:34:42,530 - INFO  - 🔥 [NUDE] BFAT ACTIVE
2025-12-28 18:34:42,530 - INFO  -    Loss Type: direct_ce
2025-12-28 18:34:42,530 - INFO  -    Proj Mode: direction
2025-12-28 18:34:42,530 - INFO  -    Injection: All Bits
2025-12-28 18:34:42,530 - INFO  - ================================================================================
2025-12-28 18:34:54,994 - INFO  - [NUDE][TRAIN] Epoch 20/100 Iter 20/390 Loss 0.2260 ResLoss 0.2306 BfatLoss 0.2756 Top1 92.03 Top5 99.77
2025-12-28 18:35:07,048 - INFO  - [NUDE][TRAIN] Epoch 20/100 Iter 40/390 Loss 0.2243 ResLoss 0.2291 BfatLoss 0.2715 Top1 92.44 Top5 99.79
2025-12-28 18:35:19,243 - INFO  - [NUDE][TRAIN] Epoch 20/100 Iter 60/390 Loss 0.2202 ResLoss 0.2246 BfatLoss 0.2716 Top1 92.38 Top5 99.80
2025-12-28 18:35:31,368 - INFO  - [NUDE][TRAIN] Epoch 20/100 Iter 80/390 Loss 0.2185 ResLoss 0.2227 BfatLoss 0.2727 Top1 92.45 Top5 99.81
2025-12-28 18:35:43,571 - INFO  - [NUDE][TRAIN] Epoch 20/100 Iter 100/390 Loss 0.2207 ResLoss 0.2250 BfatLoss 0.2750 Top1 92.31 Top5 99.82
2025-12-28 18:35:55,661 - INFO  - [NUDE][TRAIN] Epoch 20/100 Iter 120/390 Loss 0.2216 ResLoss 0.2258 BfatLoss 0.2770 Top1 92.25 Top5 99.82
2025-12-28 18:36:07,866 - INFO  - [NUDE][TRAIN] Epoch 20/100 Iter 140/390 Loss 0.2183 ResLoss 0.2224 BfatLoss 0.2734 Top1 92.36 Top5 99.83
2025-12-28 18:36:19,930 - INFO  - [NUDE][TRAIN] Epoch 20/100 Iter 160/390 Loss 0.2147 ResLoss 0.2186 BfatLoss 0.2686 Top1 92.51 Top5 99.83
2025-12-28 18:36:32,091 - INFO  - [NUDE][TRAIN] Epoch 20/100 Iter 180/390 Loss 0.2162 ResLoss 0.2203 BfatLoss 0.2714 Top1 92.47 Top5 99.84
2025-12-28 18:36:44,383 - INFO  - [NUDE][TRAIN] Epoch 20/100 Iter 200/390 Loss 0.2177 ResLoss 0.2215 BfatLoss 0.2735 Top1 92.42 Top5 99.84
2025-12-28 18:36:56,336 - INFO  - [NUDE][TRAIN] Epoch 20/100 Iter 220/390 Loss 0.2163 ResLoss 0.2201 BfatLoss 0.2713 Top1 92.47 Top5 99.85
2025-12-28 18:37:08,549 - INFO  - [NUDE][TRAIN] Epoch 20/100 Iter 240/390 Loss 0.2175 ResLoss 0.2211 BfatLoss 0.2715 Top1 92.46 Top5 99.85
2025-12-28 18:37:20,647 - INFO  - [NUDE][TRAIN] Epoch 20/100 Iter 260/390 Loss 0.2199 ResLoss 0.2237 BfatLoss 0.2732 Top1 92.40 Top5 99.85
2025-12-28 18:37:32,914 - INFO  - [NUDE][TRAIN] Epoch 20/100 Iter 280/390 Loss 0.2211 ResLoss 0.2250 BfatLoss 0.2745 Top1 92.36 Top5 99.85
2025-12-28 18:37:45,213 - INFO  - [NUDE][TRAIN] Epoch 20/100 Iter 300/390 Loss 0.2204 ResLoss 0.2243 BfatLoss 0.2735 Top1 92.42 Top5 99.86
2025-12-28 18:37:57,301 - INFO  - [NUDE][TRAIN] Epoch 20/100 Iter 320/390 Loss 0.2210 ResLoss 0.2247 BfatLoss 0.2743 Top1 92.39 Top5 99.85
2025-12-28 18:38:09,550 - INFO  - [NUDE][TRAIN] Epoch 20/100 Iter 340/390 Loss 0.2224 ResLoss 0.2261 BfatLoss 0.2756 Top1 92.36 Top5 99.85
2025-12-28 18:38:21,671 - INFO  - [NUDE][TRAIN] Epoch 20/100 Iter 360/390 Loss 0.2234 ResLoss 0.2271 BfatLoss 0.2762 Top1 92.31 Top5 99.85
2025-12-28 18:38:33,778 - INFO  - [NUDE][TRAIN] Epoch 20/100 Iter 380/390 Loss 0.2240 ResLoss 0.2276 BfatLoss 0.2768 Top1 92.26 Top5 99.85
2025-12-28 18:38:39,879 - INFO  - [NUDE] Validate: force max bit-width W/A = 6
2025-12-28 18:38:42,235 - INFO  - [NUDE][EPOCH] 20/100 Train: Top1=92.26 Top5=99.85 Loss=0.2236 | Val(EMA): Top1=77.39
2025-12-28 18:38:42,235 - INFO  -   ⏱️  本Epoch耗时: 3分59秒 | 平均Epoch耗时: 4分0秒 | 剩余Epoch数: 79
2025-12-28 18:38:42,235 - INFO  -   📅 预估剩余时间: 5小时16分19秒 | 预估完成时间: 2025-12-28 23:55:01
2025-12-28 18:38:42,807 - INFO  - ([21] Epoch) Saving checkpoint to:
             Current: /root/autodl-tmp/retraining-free-quantization/training/r18_c10_nude_0.02_sim_normal_seed_repair/r18_c10_nude_0.02_sim_normal_seed_repair_checkpoint.pth.tar

2025-12-28 18:38:42,810 - INFO  - 🎲 Epoch 21: FaultInjector seed rotated to 63
2025-12-28 18:38:42,819 - INFO  - [NUDE] Epoch 21: force max bit-width W/A = 6
2025-12-28 18:38:42,819 - INFO  - ================================================================================
2025-12-28 18:38:42,819 - INFO  - 🔥 [NUDE] BFAT ACTIVE
2025-12-28 18:38:42,819 - INFO  -    Loss Type: direct_ce
2025-12-28 18:38:42,819 - INFO  -    Proj Mode: direction
2025-12-28 18:38:42,819 - INFO  -    Injection: All Bits
2025-12-28 18:38:42,819 - INFO  - ================================================================================
2025-12-28 18:38:55,307 - INFO  - [NUDE][TRAIN] Epoch 21/100 Iter 20/390 Loss 0.2074 ResLoss 0.2096 BfatLoss 0.2543 Top1 93.16 Top5 99.84
2025-12-28 18:39:07,562 - INFO  - [NUDE][TRAIN] Epoch 21/100 Iter 40/390 Loss 0.2008 ResLoss 0.2031 BfatLoss 0.2579 Top1 93.14 Top5 99.88
2025-12-28 18:39:19,688 - INFO  - [NUDE][TRAIN] Epoch 21/100 Iter 60/390 Loss 0.2044 ResLoss 0.2067 BfatLoss 0.2578 Top1 92.88 Top5 99.87
2025-12-28 18:39:31,867 - INFO  - [NUDE][TRAIN] Epoch 21/100 Iter 80/390 Loss 0.2033 ResLoss 0.2062 BfatLoss 0.2553 Top1 92.94 Top5 99.87
2025-12-28 18:39:43,910 - INFO  - [NUDE][TRAIN] Epoch 21/100 Iter 100/390 Loss 0.2012 ResLoss 0.2040 BfatLoss 0.2536 Top1 93.00 Top5 99.86
2025-12-28 18:39:56,062 - INFO  - [NUDE][TRAIN] Epoch 21/100 Iter 120/390 Loss 0.2015 ResLoss 0.2041 BfatLoss 0.2521 Top1 92.88 Top5 99.87
2025-12-28 18:40:08,305 - INFO  - [NUDE][TRAIN] Epoch 21/100 Iter 140/390 Loss 0.2042 ResLoss 0.2067 BfatLoss 0.2543 Top1 92.89 Top5 99.87
2025-12-28 18:40:20,393 - INFO  - [NUDE][TRAIN] Epoch 21/100 Iter 160/390 Loss 0.2056 ResLoss 0.2082 BfatLoss 0.2557 Top1 92.85 Top5 99.86
2025-12-28 18:40:32,707 - INFO  - [NUDE][TRAIN] Epoch 21/100 Iter 180/390 Loss 0.2048 ResLoss 0.2077 BfatLoss 0.2547 Top1 92.86 Top5 99.87
2025-12-28 18:40:44,950 - INFO  - [NUDE][TRAIN] Epoch 21/100 Iter 200/390 Loss 0.2038 ResLoss 0.2068 BfatLoss 0.2525 Top1 92.93 Top5 99.87
2025-12-28 18:40:57,237 - INFO  - [NUDE][TRAIN] Epoch 21/100 Iter 220/390 Loss 0.2039 ResLoss 0.2069 BfatLoss 0.2533 Top1 92.95 Top5 99.87
2025-12-28 18:41:09,542 - INFO  - [NUDE][TRAIN] Epoch 21/100 Iter 240/390 Loss 0.2066 ResLoss 0.2099 BfatLoss 0.2558 Top1 92.88 Top5 99.86
2025-12-28 18:41:21,724 - INFO  - [NUDE][TRAIN] Epoch 21/100 Iter 260/390 Loss 0.2061 ResLoss 0.2096 BfatLoss 0.2553 Top1 92.90 Top5 99.86
2025-12-28 18:41:34,159 - INFO  - [NUDE][TRAIN] Epoch 21/100 Iter 280/390 Loss 0.2084 ResLoss 0.2120 BfatLoss 0.2582 Top1 92.81 Top5 99.86
2025-12-28 18:41:46,401 - INFO  - [NUDE][TRAIN] Epoch 21/100 Iter 300/390 Loss 0.2107 ResLoss 0.2143 BfatLoss 0.2604 Top1 92.72 Top5 99.86
2025-12-28 18:41:59,303 - INFO  - [NUDE][TRAIN] Epoch 21/100 Iter 320/390 Loss 0.2099 ResLoss 0.2134 BfatLoss 0.2598 Top1 92.76 Top5 99.87
2025-12-28 18:42:11,717 - INFO  - [NUDE][TRAIN] Epoch 21/100 Iter 340/390 Loss 0.2101 ResLoss 0.2137 BfatLoss 0.2607 Top1 92.76 Top5 99.87
2025-12-28 18:42:23,942 - INFO  - [NUDE][TRAIN] Epoch 21/100 Iter 360/390 Loss 0.2108 ResLoss 0.2142 BfatLoss 0.2614 Top1 92.74 Top5 99.87
2025-12-28 18:42:36,284 - INFO  - [NUDE][TRAIN] Epoch 21/100 Iter 380/390 Loss 0.2113 ResLoss 0.2147 BfatLoss 0.2615 Top1 92.71 Top5 99.87
2025-12-28 18:42:42,457 - INFO  - [NUDE] Validate: force max bit-width W/A = 6
2025-12-28 18:42:44,813 - INFO  - [NUDE][EPOCH] 21/100 Train: Top1=92.68 Top5=99.87 Loss=0.2118 | Val(EMA): Top1=80.89
2025-12-28 18:42:44,813 - INFO  -   ⏱️  本Epoch耗时: 4分2秒 | 平均Epoch耗时: 4分0秒 | 剩余Epoch数: 78
2025-12-28 18:42:44,813 - INFO  -   📅 预估剩余时间: 5小时12分47秒 | 预估完成时间: 2025-12-28 23:55:32
2025-12-28 18:42:45,381 - INFO  - ([22] Epoch) Saving checkpoint to:
             Current: /root/autodl-tmp/retraining-free-quantization/training/r18_c10_nude_0.02_sim_normal_seed_repair/r18_c10_nude_0.02_sim_normal_seed_repair_checkpoint.pth.tar

2025-12-28 18:42:45,384 - INFO  - 🎲 Epoch 22: FaultInjector seed rotated to 64
2025-12-28 18:42:45,392 - INFO  - [NUDE] Epoch 22: force max bit-width W/A = 6
2025-12-28 18:42:45,392 - INFO  - ================================================================================
2025-12-28 18:42:45,392 - INFO  - 🔥 [NUDE] BFAT ACTIVE
2025-12-28 18:42:45,392 - INFO  -    Loss Type: direct_ce
2025-12-28 18:42:45,392 - INFO  -    Proj Mode: direction
2025-12-28 18:42:45,392 - INFO  -    Injection: All Bits
2025-12-28 18:42:45,392 - INFO  - ================================================================================
2025-12-28 18:42:58,047 - INFO  - [NUDE][TRAIN] Epoch 22/100 Iter 20/390 Loss 0.1833 ResLoss 0.1853 BfatLoss 0.2362 Top1 93.67 Top5 99.88
2025-12-28 18:43:10,198 - INFO  - [NUDE][TRAIN] Epoch 22/100 Iter 40/390 Loss 0.1759 ResLoss 0.1786 BfatLoss 0.2275 Top1 93.69 Top5 99.88
2025-12-28 18:43:22,514 - INFO  - [NUDE][TRAIN] Epoch 22/100 Iter 60/390 Loss 0.1771 ResLoss 0.1794 BfatLoss 0.2290 Top1 93.83 Top5 99.90
2025-12-28 18:43:34,579 - INFO  - [NUDE][TRAIN] Epoch 22/100 Iter 80/390 Loss 0.1802 ResLoss 0.1825 BfatLoss 0.2302 Top1 93.72 Top5 99.90
2025-12-28 18:43:46,821 - INFO  - [NUDE][TRAIN] Epoch 22/100 Iter 100/390 Loss 0.1821 ResLoss 0.1847 BfatLoss 0.2321 Top1 93.77 Top5 99.90
2025-12-28 18:43:59,118 - INFO  - [NUDE][TRAIN] Epoch 22/100 Iter 120/390 Loss 0.1826 ResLoss 0.1854 BfatLoss 0.2305 Top1 93.65 Top5 99.90
2025-12-28 18:44:11,297 - INFO  - [NUDE][TRAIN] Epoch 22/100 Iter 140/390 Loss 0.1855 ResLoss 0.1883 BfatLoss 0.2352 Top1 93.50 Top5 99.89
2025-12-28 18:44:23,613 - INFO  - [NUDE][TRAIN] Epoch 22/100 Iter 160/390 Loss 0.1870 ResLoss 0.1899 BfatLoss 0.2353 Top1 93.45 Top5 99.89
2025-12-28 18:44:35,770 - INFO  - [NUDE][TRAIN] Epoch 22/100 Iter 180/390 Loss 0.1919 ResLoss 0.1948 BfatLoss 0.2397 Top1 93.33 Top5 99.90
2025-12-28 18:44:48,039 - INFO  - [NUDE][TRAIN] Epoch 22/100 Iter 200/390 Loss 0.1942 ResLoss 0.1972 BfatLoss 0.2425 Top1 93.27 Top5 99.88
2025-12-28 18:45:00,372 - INFO  - [NUDE][TRAIN] Epoch 22/100 Iter 220/390 Loss 0.1933 ResLoss 0.1963 BfatLoss 0.2422 Top1 93.32 Top5 99.88
2025-12-28 18:45:12,426 - INFO  - [NUDE][TRAIN] Epoch 22/100 Iter 240/390 Loss 0.1937 ResLoss 0.1966 BfatLoss 0.2422 Top1 93.30 Top5 99.89
2025-12-28 18:45:24,648 - INFO  - [NUDE][TRAIN] Epoch 22/100 Iter 260/390 Loss 0.1951 ResLoss 0.1981 BfatLoss 0.2435 Top1 93.25 Top5 99.89
2025-12-28 18:45:36,868 - INFO  - [NUDE][TRAIN] Epoch 22/100 Iter 280/390 Loss 0.1961 ResLoss 0.1990 BfatLoss 0.2447 Top1 93.21 Top5 99.89
2025-12-28 18:45:49,128 - INFO  - [NUDE][TRAIN] Epoch 22/100 Iter 300/390 Loss 0.1967 ResLoss 0.1996 BfatLoss 0.2455 Top1 93.18 Top5 99.89
2025-12-28 18:46:01,248 - INFO  - [NUDE][TRAIN] Epoch 22/100 Iter 320/390 Loss 0.1972 ResLoss 0.2003 BfatLoss 0.2458 Top1 93.15 Top5 99.89
2025-12-28 18:46:13,509 - INFO  - [NUDE][TRAIN] Epoch 22/100 Iter 340/390 Loss 0.1972 ResLoss 0.2004 BfatLoss 0.2454 Top1 93.15 Top5 99.89
2025-12-28 18:46:25,808 - INFO  - [NUDE][TRAIN] Epoch 22/100 Iter 360/390 Loss 0.1974 ResLoss 0.2005 BfatLoss 0.2454 Top1 93.13 Top5 99.89
2025-12-28 18:46:38,000 - INFO  - [NUDE][TRAIN] Epoch 22/100 Iter 380/390 Loss 0.1969 ResLoss 0.2001 BfatLoss 0.2451 Top1 93.15 Top5 99.88
2025-12-28 18:46:44,195 - INFO  - [NUDE] Validate: force max bit-width W/A = 6
2025-12-28 18:46:46,559 - INFO  - [NUDE][EPOCH] 22/100 Train: Top1=93.13 Top5=99.89 Loss=0.1971 | Val(EMA): Top1=83.36
2025-12-28 18:46:46,559 - INFO  -   ⏱️  本Epoch耗时: 4分1秒 | 平均Epoch耗时: 4分1秒 | 剩余Epoch数: 77
2025-12-28 18:46:46,559 - INFO  -   📅 预估剩余时间: 5小时9分25秒 | 预估完成时间: 2025-12-28 23:56:12
2025-12-28 18:46:47,294 - INFO  - ([23] Epoch) Saving checkpoint to:
             Current: /root/autodl-tmp/retraining-free-quantization/training/r18_c10_nude_0.02_sim_normal_seed_repair/r18_c10_nude_0.02_sim_normal_seed_repair_checkpoint.pth.tar

2025-12-28 18:46:47,297 - INFO  - 🎲 Epoch 23: FaultInjector seed rotated to 65
2025-12-28 18:46:47,305 - INFO  - [NUDE] Epoch 23: force max bit-width W/A = 6
2025-12-28 18:46:47,305 - INFO  - ================================================================================
2025-12-28 18:46:47,305 - INFO  - 🔥 [NUDE] BFAT ACTIVE
2025-12-28 18:46:47,305 - INFO  -    Loss Type: direct_ce
2025-12-28 18:46:47,305 - INFO  -    Proj Mode: direction
2025-12-28 18:46:47,305 - INFO  -    Injection: All Bits
2025-12-28 18:46:47,305 - INFO  - ================================================================================
2025-12-28 18:46:59,806 - INFO  - [NUDE][TRAIN] Epoch 23/100 Iter 20/390 Loss 0.1695 ResLoss 0.1738 BfatLoss 0.2222 Top1 93.87 Top5 100.00
2025-12-28 18:47:12,168 - INFO  - [NUDE][TRAIN] Epoch 23/100 Iter 40/390 Loss 0.1704 ResLoss 0.1734 BfatLoss 0.2243 Top1 93.93 Top5 99.96
2025-12-28 18:47:24,388 - INFO  - [NUDE][TRAIN] Epoch 23/100 Iter 60/390 Loss 0.1656 ResLoss 0.1682 BfatLoss 0.2165 Top1 94.09 Top5 99.96
2025-12-28 18:47:36,438 - INFO  - [NUDE][TRAIN] Epoch 23/100 Iter 80/390 Loss 0.1713 ResLoss 0.1738 BfatLoss 0.2209 Top1 93.91 Top5 99.95
2025-12-28 18:47:48,630 - INFO  - [NUDE][TRAIN] Epoch 23/100 Iter 100/390 Loss 0.1727 ResLoss 0.1748 BfatLoss 0.2242 Top1 93.84 Top5 99.94
2025-12-28 18:48:00,687 - INFO  - [NUDE][TRAIN] Epoch 23/100 Iter 120/390 Loss 0.1710 ResLoss 0.1734 BfatLoss 0.2213 Top1 93.83 Top5 99.94
2025-12-28 18:48:12,855 - INFO  - [NUDE][TRAIN] Epoch 23/100 Iter 140/390 Loss 0.1706 ResLoss 0.1729 BfatLoss 0.2209 Top1 93.83 Top5 99.94
2025-12-28 18:48:25,037 - INFO  - [NUDE][TRAIN] Epoch 23/100 Iter 160/390 Loss 0.1718 ResLoss 0.1743 BfatLoss 0.2216 Top1 93.84 Top5 99.94
2025-12-28 18:48:37,119 - INFO  - [NUDE][TRAIN] Epoch 23/100 Iter 180/390 Loss 0.1744 ResLoss 0.1771 BfatLoss 0.2244 Top1 93.78 Top5 99.93
2025-12-28 18:48:49,334 - INFO  - [NUDE][TRAIN] Epoch 23/100 Iter 200/390 Loss 0.1758 ResLoss 0.1787 BfatLoss 0.2262 Top1 93.71 Top5 99.93
2025-12-28 18:49:01,442 - INFO  - [NUDE][TRAIN] Epoch 23/100 Iter 220/390 Loss 0.1768 ResLoss 0.1796 BfatLoss 0.2270 Top1 93.69 Top5 99.92
2025-12-28 18:49:13,611 - INFO  - [NUDE][TRAIN] Epoch 23/100 Iter 240/390 Loss 0.1782 ResLoss 0.1811 BfatLoss 0.2282 Top1 93.65 Top5 99.92
2025-12-28 18:49:25,822 - INFO  - [NUDE][TRAIN] Epoch 23/100 Iter 260/390 Loss 0.1789 ResLoss 0.1819 BfatLoss 0.2287 Top1 93.62 Top5 99.91
2025-12-28 18:49:37,887 - INFO  - [NUDE][TRAIN] Epoch 23/100 Iter 280/390 Loss 0.1814 ResLoss 0.1846 BfatLoss 0.2318 Top1 93.54 Top5 99.91
2025-12-28 18:49:50,084 - INFO  - [NUDE][TRAIN] Epoch 23/100 Iter 300/390 Loss 0.1835 ResLoss 0.1867 BfatLoss 0.2335 Top1 93.51 Top5 99.92
2025-12-28 18:50:02,169 - INFO  - [NUDE][TRAIN] Epoch 23/100 Iter 320/390 Loss 0.1838 ResLoss 0.1869 BfatLoss 0.2329 Top1 93.50 Top5 99.92
2025-12-28 18:50:14,326 - INFO  - [NUDE][TRAIN] Epoch 23/100 Iter 340/390 Loss 0.1839 ResLoss 0.1869 BfatLoss 0.2328 Top1 93.51 Top5 99.92
2025-12-28 18:50:26,411 - INFO  - [NUDE][TRAIN] Epoch 23/100 Iter 360/390 Loss 0.1843 ResLoss 0.1873 BfatLoss 0.2332 Top1 93.52 Top5 99.92
2025-12-28 18:50:38,650 - INFO  - [NUDE][TRAIN] Epoch 23/100 Iter 380/390 Loss 0.1844 ResLoss 0.1876 BfatLoss 0.2344 Top1 93.53 Top5 99.92
2025-12-28 18:50:44,738 - INFO  - [NUDE] Validate: force max bit-width W/A = 6
2025-12-28 18:50:47,072 - INFO  - [NUDE][EPOCH] 23/100 Train: Top1=93.49 Top5=99.92 Loss=0.1853 | Val(EMA): Top1=85.49
2025-12-28 18:50:47,072 - INFO  -   ⏱️  本Epoch耗时: 3分59秒 | 平均Epoch耗时: 4分0秒 | 剩余Epoch数: 76
2025-12-28 18:50:47,072 - INFO  -   📅 预估剩余时间: 5小时4分58秒 | 预估完成时间: 2025-12-28 23:55:45
2025-12-28 18:50:47,815 - INFO  - ([24] Epoch) Saving checkpoint to:
             Current: /root/autodl-tmp/retraining-free-quantization/training/r18_c10_nude_0.02_sim_normal_seed_repair/r18_c10_nude_0.02_sim_normal_seed_repair_checkpoint.pth.tar

2025-12-28 18:50:47,818 - INFO  - 🎲 Epoch 24: FaultInjector seed rotated to 66
2025-12-28 18:50:47,827 - INFO  - [NUDE] Epoch 24: force max bit-width W/A = 6
2025-12-28 18:50:47,827 - INFO  - ================================================================================
2025-12-28 18:50:47,828 - INFO  - 🔥 [NUDE] BFAT ACTIVE
2025-12-28 18:50:47,828 - INFO  -    Loss Type: direct_ce
2025-12-28 18:50:47,828 - INFO  -    Proj Mode: direction
2025-12-28 18:50:47,828 - INFO  -    Injection: All Bits
2025-12-28 18:50:47,828 - INFO  - ================================================================================
2025-12-28 18:51:00,175 - INFO  - [NUDE][TRAIN] Epoch 24/100 Iter 20/390 Loss 0.1467 ResLoss 0.1509 BfatLoss 0.1991 Top1 95.00 Top5 99.92
2025-12-28 18:51:12,392 - INFO  - [NUDE][TRAIN] Epoch 24/100 Iter 40/390 Loss 0.1436 ResLoss 0.1480 BfatLoss 0.1926 Top1 95.10 Top5 99.96
2025-12-28 18:51:24,503 - INFO  - [NUDE][TRAIN] Epoch 24/100 Iter 60/390 Loss 0.1523 ResLoss 0.1568 BfatLoss 0.2066 Top1 94.82 Top5 99.95
2025-12-28 18:51:36,713 - INFO  - [NUDE][TRAIN] Epoch 24/100 Iter 80/390 Loss 0.1588 ResLoss 0.1629 BfatLoss 0.2082 Top1 94.51 Top5 99.95
2025-12-28 18:51:48,833 - INFO  - [NUDE][TRAIN] Epoch 24/100 Iter 100/390 Loss 0.1660 ResLoss 0.1699 BfatLoss 0.2165 Top1 94.16 Top5 99.93
2025-12-28 18:52:00,952 - INFO  - [NUDE][TRAIN] Epoch 24/100 Iter 120/390 Loss 0.1685 ResLoss 0.1724 BfatLoss 0.2193 Top1 94.07 Top5 99.93
2025-12-28 18:52:13,185 - INFO  - [NUDE][TRAIN] Epoch 24/100 Iter 140/390 Loss 0.1699 ResLoss 0.1738 BfatLoss 0.2215 Top1 94.15 Top5 99.93
2025-12-28 18:52:25,222 - INFO  - [NUDE][TRAIN] Epoch 24/100 Iter 160/390 Loss 0.1689 ResLoss 0.1727 BfatLoss 0.2200 Top1 94.17 Top5 99.94
2025-12-28 18:52:37,349 - INFO  - [NUDE][TRAIN] Epoch 24/100 Iter 180/390 Loss 0.1690 ResLoss 0.1728 BfatLoss 0.2202 Top1 94.13 Top5 99.94
2025-12-28 18:52:49,394 - INFO  - [NUDE][TRAIN] Epoch 24/100 Iter 200/390 Loss 0.1687 ResLoss 0.1724 BfatLoss 0.2200 Top1 94.07 Top5 99.95
2025-12-28 18:53:01,495 - INFO  - [NUDE][TRAIN] Epoch 24/100 Iter 220/390 Loss 0.1689 ResLoss 0.1726 BfatLoss 0.2202 Top1 94.07 Top5 99.94
2025-12-28 18:53:13,477 - INFO  - [NUDE][TRAIN] Epoch 24/100 Iter 240/390 Loss 0.1692 ResLoss 0.1729 BfatLoss 0.2200 Top1 94.07 Top5 99.95
2025-12-28 18:53:25,589 - INFO  - [NUDE][TRAIN] Epoch 24/100 Iter 260/390 Loss 0.1703 ResLoss 0.1741 BfatLoss 0.2207 Top1 94.01 Top5 99.94
2025-12-28 18:53:37,741 - INFO  - [NUDE][TRAIN] Epoch 24/100 Iter 280/390 Loss 0.1703 ResLoss 0.1740 BfatLoss 0.2205 Top1 94.04 Top5 99.95
2025-12-28 18:53:49,815 - INFO  - [NUDE][TRAIN] Epoch 24/100 Iter 300/390 Loss 0.1698 ResLoss 0.1735 BfatLoss 0.2204 Top1 94.10 Top5 99.95
2025-12-28 18:54:02,074 - INFO  - [NUDE][TRAIN] Epoch 24/100 Iter 320/390 Loss 0.1693 ResLoss 0.1733 BfatLoss 0.2200 Top1 94.11 Top5 99.94
2025-12-28 18:54:14,346 - INFO  - [NUDE][TRAIN] Epoch 24/100 Iter 340/390 Loss 0.1686 ResLoss 0.1725 BfatLoss 0.2203 Top1 94.14 Top5 99.94
2025-12-28 18:54:26,667 - INFO  - [NUDE][TRAIN] Epoch 24/100 Iter 360/390 Loss 0.1709 ResLoss 0.1749 BfatLoss 0.2214 Top1 94.06 Top5 99.94
2025-12-28 18:54:38,960 - INFO  - [NUDE][TRAIN] Epoch 24/100 Iter 380/390 Loss 0.1727 ResLoss 0.1768 BfatLoss 0.2239 Top1 93.99 Top5 99.93
2025-12-28 18:54:45,102 - INFO  - [NUDE] Validate: force max bit-width W/A = 6
2025-12-28 18:54:47,556 - INFO  - [NUDE][EPOCH] 24/100 Train: Top1=93.99 Top5=99.93 Loss=0.1731 | Val(EMA): Top1=87.09
2025-12-28 18:54:47,556 - INFO  -   ⏱️  本Epoch耗时: 3分59秒 | 平均Epoch耗时: 4分0秒 | 剩余Epoch数: 75
2025-12-28 18:54:47,556 - INFO  -   📅 预估剩余时间: 5小时0分36秒 | 预估完成时间: 2025-12-28 23:55:23
2025-12-28 18:54:48,047 - INFO  - ([25] Epoch) Saving checkpoint to:
             Current: /root/autodl-tmp/retraining-free-quantization/training/r18_c10_nude_0.02_sim_normal_seed_repair/r18_c10_nude_0.02_sim_normal_seed_repair_checkpoint.pth.tar

2025-12-28 18:54:48,050 - INFO  - 🎲 Epoch 25: FaultInjector seed rotated to 67
2025-12-28 18:54:48,058 - INFO  - [NUDE] Epoch 25: force max bit-width W/A = 6
2025-12-28 18:54:48,058 - INFO  - ================================================================================
2025-12-28 18:54:48,058 - INFO  - 🔥 [NUDE] BFAT ACTIVE
2025-12-28 18:54:48,058 - INFO  -    Loss Type: direct_ce
2025-12-28 18:54:48,058 - INFO  -    Proj Mode: direction
2025-12-28 18:54:48,058 - INFO  -    Injection: All Bits
2025-12-28 18:54:48,058 - INFO  - ================================================================================
2025-12-28 18:55:00,731 - INFO  - [NUDE][TRAIN] Epoch 25/100 Iter 20/390 Loss 0.1564 ResLoss 0.1589 BfatLoss 0.2013 Top1 94.45 Top5 100.00
2025-12-28 18:55:12,949 - INFO  - [NUDE][TRAIN] Epoch 25/100 Iter 40/390 Loss 0.1505 ResLoss 0.1540 BfatLoss 0.2048 Top1 94.77 Top5 100.00
2025-12-28 18:55:25,241 - INFO  - [NUDE][TRAIN] Epoch 25/100 Iter 60/390 Loss 0.1551 ResLoss 0.1581 BfatLoss 0.2095 Top1 94.66 Top5 100.00
2025-12-28 18:55:37,519 - INFO  - [NUDE][TRAIN] Epoch 25/100 Iter 80/390 Loss 0.1562 ResLoss 0.1592 BfatLoss 0.2114 Top1 94.61 Top5 99.98
2025-12-28 18:55:49,624 - INFO  - [NUDE][TRAIN] Epoch 25/100 Iter 100/390 Loss 0.1564 ResLoss 0.1594 BfatLoss 0.2109 Top1 94.55 Top5 99.98
2025-12-28 18:56:01,996 - INFO  - [NUDE][TRAIN] Epoch 25/100 Iter 120/390 Loss 0.1567 ResLoss 0.1597 BfatLoss 0.2123 Top1 94.59 Top5 99.97
2025-12-28 18:56:14,145 - INFO  - [NUDE][TRAIN] Epoch 25/100 Iter 140/390 Loss 0.1605 ResLoss 0.1637 BfatLoss 0.2152 Top1 94.46 Top5 99.95
2025-12-28 18:56:26,716 - INFO  - [NUDE][TRAIN] Epoch 25/100 Iter 160/390 Loss 0.1601 ResLoss 0.1634 BfatLoss 0.2147 Top1 94.45 Top5 99.95
2025-12-28 18:56:39,089 - INFO  - [NUDE][TRAIN] Epoch 25/100 Iter 180/390 Loss 0.1604 ResLoss 0.1636 BfatLoss 0.2137 Top1 94.43 Top5 99.94
2025-12-28 18:56:51,354 - INFO  - [NUDE][TRAIN] Epoch 25/100 Iter 200/390 Loss 0.1588 ResLoss 0.1617 BfatLoss 0.2112 Top1 94.44 Top5 99.95
2025-12-28 18:57:03,589 - INFO  - [NUDE][TRAIN] Epoch 25/100 Iter 220/390 Loss 0.1611 ResLoss 0.1642 BfatLoss 0.2126 Top1 94.32 Top5 99.94
2025-12-28 18:57:15,802 - INFO  - [NUDE][TRAIN] Epoch 25/100 Iter 240/390 Loss 0.1591 ResLoss 0.1622 BfatLoss 0.2109 Top1 94.36 Top5 99.94
2025-12-28 18:57:28,066 - INFO  - [NUDE][TRAIN] Epoch 25/100 Iter 260/390 Loss 0.1589 ResLoss 0.1618 BfatLoss 0.2109 Top1 94.40 Top5 99.94
2025-12-28 18:57:40,346 - INFO  - [NUDE][TRAIN] Epoch 25/100 Iter 280/390 Loss 0.1599 ResLoss 0.1630 BfatLoss 0.2122 Top1 94.36 Top5 99.94
2025-12-28 18:57:52,523 - INFO  - [NUDE][TRAIN] Epoch 25/100 Iter 300/390 Loss 0.1627 ResLoss 0.1660 BfatLoss 0.2153 Top1 94.28 Top5 99.94
2025-12-28 18:58:04,795 - INFO  - [NUDE][TRAIN] Epoch 25/100 Iter 320/390 Loss 0.1650 ResLoss 0.1681 BfatLoss 0.2176 Top1 94.21 Top5 99.94
2025-12-28 18:58:16,957 - INFO  - [NUDE][TRAIN] Epoch 25/100 Iter 340/390 Loss 0.1659 ResLoss 0.1691 BfatLoss 0.2195 Top1 94.16 Top5 99.94
2025-12-28 18:58:29,303 - INFO  - [NUDE][TRAIN] Epoch 25/100 Iter 360/390 Loss 0.1656 ResLoss 0.1689 BfatLoss 0.2193 Top1 94.17 Top5 99.93
2025-12-28 18:58:41,480 - INFO  - [NUDE][TRAIN] Epoch 25/100 Iter 380/390 Loss 0.1664 ResLoss 0.1697 BfatLoss 0.2196 Top1 94.13 Top5 99.94
2025-12-28 18:58:47,788 - INFO  - [NUDE] Validate: force max bit-width W/A = 6
2025-12-28 18:58:50,189 - INFO  - [NUDE][EPOCH] 25/100 Train: Top1=94.10 Top5=99.93 Loss=0.1671 | Val(EMA): Top1=88.27
2025-12-28 18:58:50,189 - INFO  -   ⏱️  本Epoch耗时: 4分2秒 | 平均Epoch耗时: 4分0秒 | 剩余Epoch数: 74
2025-12-28 18:58:50,189 - INFO  -   📅 预估剩余时间: 4小时57分11秒 | 预估完成时间: 2025-12-28 23:56:01
2025-12-28 18:58:50,828 - INFO  - ([26] Epoch) Saving checkpoint to:
             Current: /root/autodl-tmp/retraining-free-quantization/training/r18_c10_nude_0.02_sim_normal_seed_repair/r18_c10_nude_0.02_sim_normal_seed_repair_checkpoint.pth.tar

2025-12-28 18:58:50,833 - INFO  - 🎲 Epoch 26: FaultInjector seed rotated to 68
2025-12-28 18:58:50,843 - INFO  - [NUDE] Epoch 26: force max bit-width W/A = 6
2025-12-28 18:58:50,843 - INFO  - ================================================================================
2025-12-28 18:58:50,843 - INFO  - 🔥 [NUDE] BFAT ACTIVE
2025-12-28 18:58:50,843 - INFO  -    Loss Type: direct_ce
2025-12-28 18:58:50,843 - INFO  -    Proj Mode: direction
2025-12-28 18:58:50,844 - INFO  -    Injection: All Bits
2025-12-28 18:58:50,844 - INFO  - ================================================================================
2025-12-28 18:59:03,326 - INFO  - [NUDE][TRAIN] Epoch 26/100 Iter 20/390 Loss 0.1290 ResLoss 0.1305 BfatLoss 0.1729 Top1 95.62 Top5 99.96
2025-12-28 18:59:15,671 - INFO  - [NUDE][TRAIN] Epoch 26/100 Iter 40/390 Loss 0.1366 ResLoss 0.1392 BfatLoss 0.1816 Top1 95.31 Top5 99.96
2025-12-28 18:59:27,969 - INFO  - [NUDE][TRAIN] Epoch 26/100 Iter 60/390 Loss 0.1451 ResLoss 0.1489 BfatLoss 0.1899 Top1 94.90 Top5 99.92
2025-12-28 18:59:40,211 - INFO  - [NUDE][TRAIN] Epoch 26/100 Iter 80/390 Loss 0.1467 ResLoss 0.1501 BfatLoss 0.1919 Top1 94.88 Top5 99.93
2025-12-28 18:59:52,487 - INFO  - [NUDE][TRAIN] Epoch 26/100 Iter 100/390 Loss 0.1471 ResLoss 0.1502 BfatLoss 0.1908 Top1 94.88 Top5 99.94
2025-12-28 19:00:04,978 - INFO  - [NUDE][TRAIN] Epoch 26/100 Iter 120/390 Loss 0.1486 ResLoss 0.1516 BfatLoss 0.1922 Top1 94.86 Top5 99.93
2025-12-28 19:00:17,279 - INFO  - [NUDE][TRAIN] Epoch 26/100 Iter 140/390 Loss 0.1498 ResLoss 0.1531 BfatLoss 0.1974 Top1 94.80 Top5 99.94
2025-12-28 19:00:29,639 - INFO  - [NUDE][TRAIN] Epoch 26/100 Iter 160/390 Loss 0.1515 ResLoss 0.1548 BfatLoss 0.1995 Top1 94.74 Top5 99.94
2025-12-28 19:00:41,693 - INFO  - [NUDE][TRAIN] Epoch 26/100 Iter 180/390 Loss 0.1518 ResLoss 0.1549 BfatLoss 0.2006 Top1 94.69 Top5 99.94
2025-12-28 19:00:53,864 - INFO  - [NUDE][TRAIN] Epoch 26/100 Iter 200/390 Loss 0.1531 ResLoss 0.1562 BfatLoss 0.2023 Top1 94.62 Top5 99.93
2025-12-28 19:01:05,967 - INFO  - [NUDE][TRAIN] Epoch 26/100 Iter 220/390 Loss 0.1553 ResLoss 0.1585 BfatLoss 0.2048 Top1 94.54 Top5 99.94
2025-12-28 19:01:18,134 - INFO  - [NUDE][TRAIN] Epoch 26/100 Iter 240/390 Loss 0.1556 ResLoss 0.1588 BfatLoss 0.2043 Top1 94.50 Top5 99.93
2025-12-28 19:01:30,246 - INFO  - [NUDE][TRAIN] Epoch 26/100 Iter 260/390 Loss 0.1565 ResLoss 0.1596 BfatLoss 0.2055 Top1 94.48 Top5 99.94
2025-12-28 19:01:42,465 - INFO  - [NUDE][TRAIN] Epoch 26/100 Iter 280/390 Loss 0.1561 ResLoss 0.1590 BfatLoss 0.2049 Top1 94.45 Top5 99.94
2025-12-28 19:01:54,713 - INFO  - [NUDE][TRAIN] Epoch 26/100 Iter 300/390 Loss 0.1559 ResLoss 0.1589 BfatLoss 0.2049 Top1 94.46 Top5 99.94
2025-12-28 19:02:06,650 - INFO  - [NUDE][TRAIN] Epoch 26/100 Iter 320/390 Loss 0.1573 ResLoss 0.1604 BfatLoss 0.2068 Top1 94.38 Top5 99.94
2025-12-28 19:02:18,814 - INFO  - [NUDE][TRAIN] Epoch 26/100 Iter 340/390 Loss 0.1575 ResLoss 0.1606 BfatLoss 0.2070 Top1 94.38 Top5 99.94
2025-12-28 19:02:30,950 - INFO  - [NUDE][TRAIN] Epoch 26/100 Iter 360/390 Loss 0.1589 ResLoss 0.1620 BfatLoss 0.2089 Top1 94.38 Top5 99.93
2025-12-28 19:02:43,144 - INFO  - [NUDE][TRAIN] Epoch 26/100 Iter 380/390 Loss 0.1595 ResLoss 0.1626 BfatLoss 0.2091 Top1 94.35 Top5 99.94
2025-12-28 19:02:49,269 - INFO  - [NUDE] Validate: force max bit-width W/A = 6
2025-12-28 19:02:51,625 - INFO  - [NUDE][EPOCH] 26/100 Train: Top1=94.34 Top5=99.94 Loss=0.1594 | Val(EMA): Top1=89.09
2025-12-28 19:02:51,625 - INFO  -   ⏱️  本Epoch耗时: 4分0秒 | 平均Epoch耗时: 4分0秒 | 剩余Epoch数: 73
2025-12-28 19:02:51,625 - INFO  -   📅 预估剩余时间: 4小时52分52秒 | 预估完成时间: 2025-12-28 23:55:44
2025-12-28 19:02:52,310 - INFO  - ([27] Epoch) Saving checkpoint to:
             Current: /root/autodl-tmp/retraining-free-quantization/training/r18_c10_nude_0.02_sim_normal_seed_repair/r18_c10_nude_0.02_sim_normal_seed_repair_checkpoint.pth.tar

2025-12-28 19:02:52,313 - INFO  - 🎲 Epoch 27: FaultInjector seed rotated to 69
2025-12-28 19:02:52,321 - INFO  - [NUDE] Epoch 27: force max bit-width W/A = 6
2025-12-28 19:02:52,321 - INFO  - ================================================================================
2025-12-28 19:02:52,321 - INFO  - 🔥 [NUDE] BFAT ACTIVE
2025-12-28 19:02:52,321 - INFO  -    Loss Type: direct_ce
2025-12-28 19:02:52,321 - INFO  -    Proj Mode: direction
2025-12-28 19:02:52,321 - INFO  -    Injection: All Bits
2025-12-28 19:02:52,321 - INFO  - ================================================================================
2025-12-28 19:03:04,667 - INFO  - [NUDE][TRAIN] Epoch 27/100 Iter 20/390 Loss 0.1390 ResLoss 0.1398 BfatLoss 0.1770 Top1 95.12 Top5 100.00
2025-12-28 19:03:16,878 - INFO  - [NUDE][TRAIN] Epoch 27/100 Iter 40/390 Loss 0.1443 ResLoss 0.1454 BfatLoss 0.1881 Top1 95.00 Top5 100.00
2025-12-28 19:03:28,955 - INFO  - [NUDE][TRAIN] Epoch 27/100 Iter 60/390 Loss 0.1476 ResLoss 0.1487 BfatLoss 0.1920 Top1 94.87 Top5 99.95
2025-12-28 19:03:41,160 - INFO  - [NUDE][TRAIN] Epoch 27/100 Iter 80/390 Loss 0.1448 ResLoss 0.1463 BfatLoss 0.1886 Top1 94.96 Top5 99.96
2025-12-28 19:03:53,270 - INFO  - [NUDE][TRAIN] Epoch 27/100 Iter 100/390 Loss 0.1451 ResLoss 0.1470 BfatLoss 0.1916 Top1 94.95 Top5 99.95
2025-12-28 19:04:05,400 - INFO  - [NUDE][TRAIN] Epoch 27/100 Iter 120/390 Loss 0.1445 ResLoss 0.1469 BfatLoss 0.1900 Top1 94.90 Top5 99.95
2025-12-28 19:04:17,591 - INFO  - [NUDE][TRAIN] Epoch 27/100 Iter 140/390 Loss 0.1447 ResLoss 0.1472 BfatLoss 0.1911 Top1 94.82 Top5 99.93
2025-12-28 19:04:29,639 - INFO  - [NUDE][TRAIN] Epoch 27/100 Iter 160/390 Loss 0.1435 ResLoss 0.1460 BfatLoss 0.1896 Top1 94.94 Top5 99.94
2025-12-28 19:04:41,852 - INFO  - [NUDE][TRAIN] Epoch 27/100 Iter 180/390 Loss 0.1446 ResLoss 0.1470 BfatLoss 0.1910 Top1 94.97 Top5 99.93
2025-12-28 19:04:54,030 - INFO  - [NUDE][TRAIN] Epoch 27/100 Iter 200/390 Loss 0.1454 ResLoss 0.1479 BfatLoss 0.1931 Top1 94.94 Top5 99.93
2025-12-28 19:05:06,111 - INFO  - [NUDE][TRAIN] Epoch 27/100 Iter 220/390 Loss 0.1463 ResLoss 0.1489 BfatLoss 0.1953 Top1 94.87 Top5 99.93
2025-12-28 19:05:18,313 - INFO  - [NUDE][TRAIN] Epoch 27/100 Iter 240/390 Loss 0.1472 ResLoss 0.1497 BfatLoss 0.1958 Top1 94.84 Top5 99.93
2025-12-28 19:05:30,330 - INFO  - [NUDE][TRAIN] Epoch 27/100 Iter 260/390 Loss 0.1478 ResLoss 0.1504 BfatLoss 0.1964 Top1 94.80 Top5 99.94
2025-12-28 19:05:42,528 - INFO  - [NUDE][TRAIN] Epoch 27/100 Iter 280/390 Loss 0.1473 ResLoss 0.1498 BfatLoss 0.1955 Top1 94.82 Top5 99.93
2025-12-28 19:05:54,613 - INFO  - [NUDE][TRAIN] Epoch 27/100 Iter 300/390 Loss 0.1482 ResLoss 0.1507 BfatLoss 0.1959 Top1 94.81 Top5 99.92
2025-12-28 19:06:06,795 - INFO  - [NUDE][TRAIN] Epoch 27/100 Iter 320/390 Loss 0.1478 ResLoss 0.1505 BfatLoss 0.1963 Top1 94.79 Top5 99.92
2025-12-28 19:06:18,921 - INFO  - [NUDE][TRAIN] Epoch 27/100 Iter 340/390 Loss 0.1476 ResLoss 0.1503 BfatLoss 0.1963 Top1 94.81 Top5 99.92
2025-12-28 19:06:31,060 - INFO  - [NUDE][TRAIN] Epoch 27/100 Iter 360/390 Loss 0.1482 ResLoss 0.1510 BfatLoss 0.1974 Top1 94.79 Top5 99.93
2025-12-28 19:06:43,178 - INFO  - [NUDE][TRAIN] Epoch 27/100 Iter 380/390 Loss 0.1490 ResLoss 0.1518 BfatLoss 0.1985 Top1 94.76 Top5 99.93
2025-12-28 19:06:49,304 - INFO  - [NUDE] Validate: force max bit-width W/A = 6
2025-12-28 19:06:51,640 - INFO  - [NUDE][EPOCH] 27/100 Train: Top1=94.75 Top5=99.93 Loss=0.1496 | Val(EMA): Top1=89.90
2025-12-28 19:06:51,640 - INFO  -   ⏱️  本Epoch耗时: 3分59秒 | 平均Epoch耗时: 4分0秒 | 剩余Epoch数: 72
2025-12-28 19:06:51,640 - INFO  -   📅 预估剩余时间: 4小时48分25秒 | 预估完成时间: 2025-12-28 23:55:17
2025-12-28 19:06:52,229 - INFO  - ([28] Epoch) Saving checkpoint to:
             Current: /root/autodl-tmp/retraining-free-quantization/training/r18_c10_nude_0.02_sim_normal_seed_repair/r18_c10_nude_0.02_sim_normal_seed_repair_checkpoint.pth.tar

2025-12-28 19:06:52,232 - INFO  - 🎲 Epoch 28: FaultInjector seed rotated to 70
2025-12-28 19:06:52,240 - INFO  - [NUDE] Epoch 28: force max bit-width W/A = 6
2025-12-28 19:06:52,240 - INFO  - ================================================================================
2025-12-28 19:06:52,240 - INFO  - 🔥 [NUDE] BFAT ACTIVE
2025-12-28 19:06:52,240 - INFO  -    Loss Type: direct_ce
2025-12-28 19:06:52,240 - INFO  -    Proj Mode: direction
2025-12-28 19:06:52,240 - INFO  -    Injection: All Bits
2025-12-28 19:06:52,240 - INFO  - ================================================================================
2025-12-28 19:07:04,633 - INFO  - [NUDE][TRAIN] Epoch 28/100 Iter 20/390 Loss 0.1228 ResLoss 0.1248 BfatLoss 0.1642 Top1 95.70 Top5 99.96
2025-12-28 19:07:16,720 - INFO  - [NUDE][TRAIN] Epoch 28/100 Iter 40/390 Loss 0.1211 ResLoss 0.1230 BfatLoss 0.1645 Top1 95.76 Top5 99.98
2025-12-28 19:07:28,986 - INFO  - [NUDE][TRAIN] Epoch 28/100 Iter 60/390 Loss 0.1245 ResLoss 0.1272 BfatLoss 0.1702 Top1 95.68 Top5 99.97
2025-12-28 19:07:41,394 - INFO  - [NUDE][TRAIN] Epoch 28/100 Iter 80/390 Loss 0.1293 ResLoss 0.1321 BfatLoss 0.1752 Top1 95.55 Top5 99.98
2025-12-28 19:07:53,597 - INFO  - [NUDE][TRAIN] Epoch 28/100 Iter 100/390 Loss 0.1282 ResLoss 0.1313 BfatLoss 0.1730 Top1 95.62 Top5 99.96
2025-12-28 19:08:06,016 - INFO  - [NUDE][TRAIN] Epoch 28/100 Iter 120/390 Loss 0.1302 ResLoss 0.1331 BfatLoss 0.1757 Top1 95.55 Top5 99.96
2025-12-28 19:08:18,188 - INFO  - [NUDE][TRAIN] Epoch 28/100 Iter 140/390 Loss 0.1331 ResLoss 0.1362 BfatLoss 0.1787 Top1 95.40 Top5 99.97
2025-12-28 19:08:30,442 - INFO  - [NUDE][TRAIN] Epoch 28/100 Iter 160/390 Loss 0.1350 ResLoss 0.1382 BfatLoss 0.1804 Top1 95.33 Top5 99.96
2025-12-28 19:08:42,678 - INFO  - [NUDE][TRAIN] Epoch 28/100 Iter 180/390 Loss 0.1349 ResLoss 0.1382 BfatLoss 0.1812 Top1 95.30 Top5 99.96
2025-12-28 19:08:54,940 - INFO  - [NUDE][TRAIN] Epoch 28/100 Iter 200/390 Loss 0.1362 ResLoss 0.1397 BfatLoss 0.1829 Top1 95.24 Top5 99.96
2025-12-28 19:09:07,379 - INFO  - [NUDE][TRAIN] Epoch 28/100 Iter 220/390 Loss 0.1348 ResLoss 0.1384 BfatLoss 0.1826 Top1 95.33 Top5 99.96
2025-12-28 19:09:19,602 - INFO  - [NUDE][TRAIN] Epoch 28/100 Iter 240/390 Loss 0.1353 ResLoss 0.1387 BfatLoss 0.1830 Top1 95.30 Top5 99.96
2025-12-28 19:09:31,904 - INFO  - [NUDE][TRAIN] Epoch 28/100 Iter 260/390 Loss 0.1352 ResLoss 0.1385 BfatLoss 0.1832 Top1 95.28 Top5 99.96
2025-12-28 19:09:44,239 - INFO  - [NUDE][TRAIN] Epoch 28/100 Iter 280/390 Loss 0.1357 ResLoss 0.1391 BfatLoss 0.1846 Top1 95.28 Top5 99.96
2025-12-28 19:09:56,705 - INFO  - [NUDE][TRAIN] Epoch 28/100 Iter 300/390 Loss 0.1384 ResLoss 0.1418 BfatLoss 0.1875 Top1 95.18 Top5 99.96
2025-12-28 19:10:09,075 - INFO  - [NUDE][TRAIN] Epoch 28/100 Iter 320/390 Loss 0.1379 ResLoss 0.1413 BfatLoss 0.1872 Top1 95.20 Top5 99.96
2025-12-28 19:10:21,246 - INFO  - [NUDE][TRAIN] Epoch 28/100 Iter 340/390 Loss 0.1375 ResLoss 0.1409 BfatLoss 0.1865 Top1 95.19 Top5 99.96
2025-12-28 19:10:33,852 - INFO  - [NUDE][TRAIN] Epoch 28/100 Iter 360/390 Loss 0.1380 ResLoss 0.1415 BfatLoss 0.1876 Top1 95.15 Top5 99.96
2025-12-28 19:10:46,202 - INFO  - [NUDE][TRAIN] Epoch 28/100 Iter 380/390 Loss 0.1378 ResLoss 0.1412 BfatLoss 0.1877 Top1 95.17 Top5 99.96
2025-12-28 19:10:52,588 - INFO  - [NUDE] Validate: force max bit-width W/A = 6
2025-12-28 19:10:54,971 - INFO  - [NUDE][EPOCH] 28/100 Train: Top1=95.18 Top5=99.95 Loss=0.1377 | Val(EMA): Top1=90.38
2025-12-28 19:10:54,971 - INFO  -   ⏱️  本Epoch耗时: 4分2秒 | 平均Epoch耗时: 4分0秒 | 剩余Epoch数: 71
2025-12-28 19:10:54,971 - INFO  -   📅 预估剩余时间: 4小时45分7秒 | 预估完成时间: 2025-12-28 23:56:02
2025-12-28 19:10:55,542 - INFO  - ([29] Epoch) Saving checkpoint to:
             Current: /root/autodl-tmp/retraining-free-quantization/training/r18_c10_nude_0.02_sim_normal_seed_repair/r18_c10_nude_0.02_sim_normal_seed_repair_checkpoint.pth.tar

2025-12-28 19:10:55,545 - INFO  - 🎲 Epoch 29: FaultInjector seed rotated to 71
2025-12-28 19:10:55,553 - INFO  - [NUDE] Epoch 29: force max bit-width W/A = 6
2025-12-28 19:10:55,553 - INFO  - ================================================================================
2025-12-28 19:10:55,553 - INFO  - 🔥 [NUDE] BFAT ACTIVE
2025-12-28 19:10:55,553 - INFO  -    Loss Type: direct_ce
2025-12-28 19:10:55,553 - INFO  -    Proj Mode: direction
2025-12-28 19:10:55,553 - INFO  -    Injection: All Bits
2025-12-28 19:10:55,553 - INFO  - ================================================================================
2025-12-28 19:11:08,246 - INFO  - [NUDE][TRAIN] Epoch 29/100 Iter 20/390 Loss 0.1036 ResLoss 0.1069 BfatLoss 0.1437 Top1 96.60 Top5 99.96
2025-12-28 19:11:20,505 - INFO  - [NUDE][TRAIN] Epoch 29/100 Iter 40/390 Loss 0.1162 ResLoss 0.1179 BfatLoss 0.1589 Top1 96.00 Top5 99.98
2025-12-28 19:11:32,911 - INFO  - [NUDE][TRAIN] Epoch 29/100 Iter 60/390 Loss 0.1212 ResLoss 0.1236 BfatLoss 0.1668 Top1 95.90 Top5 99.99
2025-12-28 19:11:45,134 - INFO  - [NUDE][TRAIN] Epoch 29/100 Iter 80/390 Loss 0.1200 ResLoss 0.1225 BfatLoss 0.1658 Top1 95.87 Top5 99.99
2025-12-28 19:11:57,451 - INFO  - [NUDE][TRAIN] Epoch 29/100 Iter 100/390 Loss 0.1193 ResLoss 0.1223 BfatLoss 0.1653 Top1 95.85 Top5 99.98
2025-12-28 19:12:09,598 - INFO  - [NUDE][TRAIN] Epoch 29/100 Iter 120/390 Loss 0.1217 ResLoss 0.1250 BfatLoss 0.1688 Top1 95.83 Top5 99.98
2025-12-28 19:12:21,905 - INFO  - [NUDE][TRAIN] Epoch 29/100 Iter 140/390 Loss 0.1243 ResLoss 0.1272 BfatLoss 0.1724 Top1 95.68 Top5 99.98
2025-12-28 19:12:34,240 - INFO  - [NUDE][TRAIN] Epoch 29/100 Iter 160/390 Loss 0.1267 ResLoss 0.1296 BfatLoss 0.1758 Top1 95.62 Top5 99.98
2025-12-28 19:12:46,549 - INFO  - [NUDE][TRAIN] Epoch 29/100 Iter 180/390 Loss 0.1278 ResLoss 0.1307 BfatLoss 0.1783 Top1 95.61 Top5 99.97
2025-12-28 19:12:58,887 - INFO  - [NUDE][TRAIN] Epoch 29/100 Iter 200/390 Loss 0.1294 ResLoss 0.1322 BfatLoss 0.1792 Top1 95.56 Top5 99.96
2025-12-28 19:13:11,043 - INFO  - [NUDE][TRAIN] Epoch 29/100 Iter 220/390 Loss 0.1269 ResLoss 0.1298 BfatLoss 0.1764 Top1 95.62 Top5 99.95
2025-12-28 19:13:23,242 - INFO  - [NUDE][TRAIN] Epoch 29/100 Iter 240/390 Loss 0.1276 ResLoss 0.1307 BfatLoss 0.1784 Top1 95.59 Top5 99.95
2025-12-28 19:13:35,400 - INFO  - [NUDE][TRAIN] Epoch 29/100 Iter 260/390 Loss 0.1287 ResLoss 0.1317 BfatLoss 0.1798 Top1 95.53 Top5 99.96
2025-12-28 19:13:47,655 - INFO  - [NUDE][TRAIN] Epoch 29/100 Iter 280/390 Loss 0.1287 ResLoss 0.1318 BfatLoss 0.1792 Top1 95.55 Top5 99.95
2025-12-28 19:14:00,094 - INFO  - [NUDE][TRAIN] Epoch 29/100 Iter 300/390 Loss 0.1281 ResLoss 0.1311 BfatLoss 0.1784 Top1 95.58 Top5 99.95
2025-12-28 19:14:12,201 - INFO  - [NUDE][TRAIN] Epoch 29/100 Iter 320/390 Loss 0.1294 ResLoss 0.1324 BfatLoss 0.1791 Top1 95.52 Top5 99.96
2025-12-28 19:14:24,359 - INFO  - [NUDE][TRAIN] Epoch 29/100 Iter 340/390 Loss 0.1299 ResLoss 0.1330 BfatLoss 0.1803 Top1 95.51 Top5 99.96
2025-12-28 19:14:36,427 - INFO  - [NUDE][TRAIN] Epoch 29/100 Iter 360/390 Loss 0.1310 ResLoss 0.1342 BfatLoss 0.1819 Top1 95.45 Top5 99.95
2025-12-28 19:14:48,558 - INFO  - [NUDE][TRAIN] Epoch 29/100 Iter 380/390 Loss 0.1312 ResLoss 0.1342 BfatLoss 0.1815 Top1 95.46 Top5 99.95
2025-12-28 19:14:54,648 - INFO  - [NUDE] Validate: force max bit-width W/A = 6
2025-12-28 19:14:56,987 - INFO  - [NUDE][EPOCH] 29/100 Train: Top1=95.47 Top5=99.95 Loss=0.1311 | Val(EMA): Top1=90.86
2025-12-28 19:14:56,987 - INFO  -   ⏱️  本Epoch耗时: 4分1秒 | 平均Epoch耗时: 4分1秒 | 剩余Epoch数: 70
2025-12-28 19:14:56,987 - INFO  -   📅 预估剩余时间: 4小时41分30秒 | 预估完成时间: 2025-12-28 23:56:27
2025-12-28 19:14:57,603 - INFO  - ([30] Epoch) Saving checkpoint to:
             Current: /root/autodl-tmp/retraining-free-quantization/training/r18_c10_nude_0.02_sim_normal_seed_repair/r18_c10_nude_0.02_sim_normal_seed_repair_checkpoint.pth.tar

2025-12-28 19:14:57,606 - INFO  - 🎲 Epoch 30: FaultInjector seed rotated to 72
2025-12-28 19:14:57,614 - INFO  - [NUDE] Epoch 30: force max bit-width W/A = 6
2025-12-28 19:14:57,614 - INFO  - ================================================================================
2025-12-28 19:14:57,614 - INFO  - 🔥 [NUDE] BFAT ACTIVE
2025-12-28 19:14:57,614 - INFO  -    Loss Type: direct_ce
2025-12-28 19:14:57,614 - INFO  -    Proj Mode: direction
2025-12-28 19:14:57,614 - INFO  -    Injection: All Bits
2025-12-28 19:14:57,614 - INFO  - ================================================================================
2025-12-28 19:15:10,122 - INFO  - [NUDE][TRAIN] Epoch 30/100 Iter 20/390 Loss 0.1186 ResLoss 0.1215 BfatLoss 0.1649 Top1 95.62 Top5 100.00
2025-12-28 19:15:22,260 - INFO  - [NUDE][TRAIN] Epoch 30/100 Iter 40/390 Loss 0.1096 ResLoss 0.1130 BfatLoss 0.1576 Top1 96.09 Top5 100.00
2025-12-28 19:15:34,253 - INFO  - [NUDE][TRAIN] Epoch 30/100 Iter 60/390 Loss 0.1129 ResLoss 0.1161 BfatLoss 0.1663 Top1 95.99 Top5 100.00
2025-12-28 19:15:46,357 - INFO  - [NUDE][TRAIN] Epoch 30/100 Iter 80/390 Loss 0.1111 ResLoss 0.1145 BfatLoss 0.1630 Top1 96.03 Top5 100.00
2025-12-28 19:15:58,413 - INFO  - [NUDE][TRAIN] Epoch 30/100 Iter 100/390 Loss 0.1086 ResLoss 0.1118 BfatLoss 0.1592 Top1 96.11 Top5 99.99
2025-12-28 19:16:10,575 - INFO  - [NUDE][TRAIN] Epoch 30/100 Iter 120/390 Loss 0.1098 ResLoss 0.1128 BfatLoss 0.1605 Top1 96.09 Top5 99.98
2025-12-28 19:16:22,751 - INFO  - [NUDE][TRAIN] Epoch 30/100 Iter 140/390 Loss 0.1133 ResLoss 0.1161 BfatLoss 0.1637 Top1 96.03 Top5 99.98
2025-12-28 19:16:34,838 - INFO  - [NUDE][TRAIN] Epoch 30/100 Iter 160/390 Loss 0.1124 ResLoss 0.1150 BfatLoss 0.1646 Top1 96.05 Top5 99.99
2025-12-28 19:16:47,050 - INFO  - [NUDE][TRAIN] Epoch 30/100 Iter 180/390 Loss 0.1125 ResLoss 0.1154 BfatLoss 0.1642 Top1 96.02 Top5 99.99
2025-12-28 19:16:59,105 - INFO  - [NUDE][TRAIN] Epoch 30/100 Iter 200/390 Loss 0.1148 ResLoss 0.1178 BfatLoss 0.1661 Top1 95.96 Top5 99.98
2025-12-28 19:17:11,212 - INFO  - [NUDE][TRAIN] Epoch 30/100 Iter 220/390 Loss 0.1160 ResLoss 0.1189 BfatLoss 0.1672 Top1 95.92 Top5 99.99
2025-12-28 19:17:23,319 - INFO  - [NUDE][TRAIN] Epoch 30/100 Iter 240/390 Loss 0.1197 ResLoss 0.1227 BfatLoss 0.1708 Top1 95.81 Top5 99.98
2025-12-28 19:17:35,389 - INFO  - [NUDE][TRAIN] Epoch 30/100 Iter 260/390 Loss 0.1226 ResLoss 0.1258 BfatLoss 0.1736 Top1 95.68 Top5 99.97
2025-12-28 19:17:47,589 - INFO  - [NUDE][TRAIN] Epoch 30/100 Iter 280/390 Loss 0.1235 ResLoss 0.1267 BfatLoss 0.1744 Top1 95.65 Top5 99.97
2025-12-28 19:17:59,653 - INFO  - [NUDE][TRAIN] Epoch 30/100 Iter 300/390 Loss 0.1247 ResLoss 0.1278 BfatLoss 0.1758 Top1 95.60 Top5 99.97
2025-12-28 19:18:11,874 - INFO  - [NUDE][TRAIN] Epoch 30/100 Iter 320/390 Loss 0.1241 ResLoss 0.1272 BfatLoss 0.1750 Top1 95.63 Top5 99.97
2025-12-28 19:18:24,095 - INFO  - [NUDE][TRAIN] Epoch 30/100 Iter 340/390 Loss 0.1241 ResLoss 0.1271 BfatLoss 0.1748 Top1 95.63 Top5 99.97
2025-12-28 19:18:36,177 - INFO  - [NUDE][TRAIN] Epoch 30/100 Iter 360/390 Loss 0.1243 ResLoss 0.1273 BfatLoss 0.1745 Top1 95.62 Top5 99.97
2025-12-28 19:18:48,448 - INFO  - [NUDE][TRAIN] Epoch 30/100 Iter 380/390 Loss 0.1260 ResLoss 0.1290 BfatLoss 0.1758 Top1 95.55 Top5 99.97
2025-12-28 19:18:54,599 - INFO  - [NUDE] Validate: force max bit-width W/A = 6
2025-12-28 19:18:57,022 - INFO  - [NUDE][EPOCH] 30/100 Train: Top1=95.55 Top5=99.97 Loss=0.1261 | Val(EMA): Top1=91.08
2025-12-28 19:18:57,022 - INFO  -   ⏱️  本Epoch耗时: 3分59秒 | 平均Epoch耗时: 4分0秒 | 剩余Epoch数: 69
2025-12-28 19:18:57,022 - INFO  -   📅 预估剩余时间: 4小时36分51秒 | 预估完成时间: 2025-12-28 23:55:48
2025-12-28 19:18:57,582 - INFO  - ([31] Epoch) Saving checkpoint to:
             Current: /root/autodl-tmp/retraining-free-quantization/training/r18_c10_nude_0.02_sim_normal_seed_repair/r18_c10_nude_0.02_sim_normal_seed_repair_checkpoint.pth.tar

2025-12-28 19:18:57,585 - INFO  - 🎲 Epoch 31: FaultInjector seed rotated to 73
2025-12-28 19:18:57,593 - INFO  - [NUDE] Epoch 31: force max bit-width W/A = 6
2025-12-28 19:18:57,593 - INFO  - ================================================================================
2025-12-28 19:18:57,593 - INFO  - 🔥 [NUDE] BFAT ACTIVE
2025-12-28 19:18:57,593 - INFO  -    Loss Type: direct_ce
2025-12-28 19:18:57,593 - INFO  -    Proj Mode: direction
2025-12-28 19:18:57,593 - INFO  -    Injection: All Bits
2025-12-28 19:18:57,593 - INFO  - ================================================================================
2025-12-28 19:19:10,102 - INFO  - [NUDE][TRAIN] Epoch 31/100 Iter 20/390 Loss 0.1043 ResLoss 0.1075 BfatLoss 0.1593 Top1 96.56 Top5 100.00
2025-12-28 19:19:22,175 - INFO  - [NUDE][TRAIN] Epoch 31/100 Iter 40/390 Loss 0.1053 ResLoss 0.1089 BfatLoss 0.1577 Top1 96.37 Top5 100.00
2025-12-28 19:19:34,421 - INFO  - [NUDE][TRAIN] Epoch 31/100 Iter 60/390 Loss 0.1120 ResLoss 0.1157 BfatLoss 0.1652 Top1 96.13 Top5 99.97
2025-12-28 19:19:46,529 - INFO  - [NUDE][TRAIN] Epoch 31/100 Iter 80/390 Loss 0.1101 ResLoss 0.1140 BfatLoss 0.1625 Top1 96.19 Top5 99.98
2025-12-28 19:19:58,631 - INFO  - [NUDE][TRAIN] Epoch 31/100 Iter 100/390 Loss 0.1119 ResLoss 0.1160 BfatLoss 0.1660 Top1 96.05 Top5 99.98
2025-12-28 19:20:10,778 - INFO  - [NUDE][TRAIN] Epoch 31/100 Iter 120/390 Loss 0.1113 ResLoss 0.1151 BfatLoss 0.1658 Top1 96.06 Top5 99.99
2025-12-28 19:20:22,763 - INFO  - [NUDE][TRAIN] Epoch 31/100 Iter 140/390 Loss 0.1110 ResLoss 0.1148 BfatLoss 0.1655 Top1 96.10 Top5 99.99
2025-12-28 19:20:34,817 - INFO  - [NUDE][TRAIN] Epoch 31/100 Iter 160/390 Loss 0.1098 ResLoss 0.1137 BfatLoss 0.1626 Top1 96.14 Top5 99.99
2025-12-28 19:20:46,902 - INFO  - [NUDE][TRAIN] Epoch 31/100 Iter 180/390 Loss 0.1102 ResLoss 0.1138 BfatLoss 0.1622 Top1 96.11 Top5 99.99
2025-12-28 19:20:59,398 - INFO  - [NUDE][TRAIN] Epoch 31/100 Iter 200/390 Loss 0.1110 ResLoss 0.1147 BfatLoss 0.1629 Top1 96.07 Top5 99.99
2025-12-28 19:21:11,677 - INFO  - [NUDE][TRAIN] Epoch 31/100 Iter 220/390 Loss 0.1122 ResLoss 0.1159 BfatLoss 0.1647 Top1 96.01 Top5 99.99
2025-12-28 19:21:24,035 - INFO  - [NUDE][TRAIN] Epoch 31/100 Iter 240/390 Loss 0.1112 ResLoss 0.1149 BfatLoss 0.1647 Top1 96.04 Top5 99.98
2025-12-28 19:21:36,326 - INFO  - [NUDE][TRAIN] Epoch 31/100 Iter 260/390 Loss 0.1120 ResLoss 0.1156 BfatLoss 0.1646 Top1 95.99 Top5 99.98
2025-12-28 19:21:48,463 - INFO  - [NUDE][TRAIN] Epoch 31/100 Iter 280/390 Loss 0.1131 ResLoss 0.1166 BfatLoss 0.1655 Top1 95.95 Top5 99.98
2025-12-28 19:22:00,800 - INFO  - [NUDE][TRAIN] Epoch 31/100 Iter 300/390 Loss 0.1142 ResLoss 0.1176 BfatLoss 0.1665 Top1 95.90 Top5 99.98
2025-12-28 19:22:13,041 - INFO  - [NUDE][TRAIN] Epoch 31/100 Iter 320/390 Loss 0.1145 ResLoss 0.1181 BfatLoss 0.1670 Top1 95.90 Top5 99.98
2025-12-28 19:22:25,382 - INFO  - [NUDE][TRAIN] Epoch 31/100 Iter 340/390 Loss 0.1151 ResLoss 0.1188 BfatLoss 0.1679 Top1 95.88 Top5 99.98
2025-12-28 19:22:37,715 - INFO  - [NUDE][TRAIN] Epoch 31/100 Iter 360/390 Loss 0.1161 ResLoss 0.1198 BfatLoss 0.1689 Top1 95.84 Top5 99.98
2025-12-28 19:22:49,946 - INFO  - [NUDE][TRAIN] Epoch 31/100 Iter 380/390 Loss 0.1166 ResLoss 0.1202 BfatLoss 0.1695 Top1 95.82 Top5 99.98
2025-12-28 19:22:56,099 - INFO  - [NUDE] Validate: force max bit-width W/A = 6
2025-12-28 19:22:58,478 - INFO  - [NUDE][EPOCH] 31/100 Train: Top1=95.78 Top5=99.98 Loss=0.1177 | Val(EMA): Top1=91.30
2025-12-28 19:22:58,478 - INFO  -   ⏱️  本Epoch耗时: 4分0秒 | 平均Epoch耗时: 4分0秒 | 剩余Epoch数: 68
2025-12-28 19:22:58,478 - INFO  -   📅 预估剩余时间: 4小时32分51秒 | 预估完成时间: 2025-12-28 23:55:50
2025-12-28 19:22:59,237 - INFO  - ([32] Epoch) Saving checkpoint to:
             Current: /root/autodl-tmp/retraining-free-quantization/training/r18_c10_nude_0.02_sim_normal_seed_repair/r18_c10_nude_0.02_sim_normal_seed_repair_checkpoint.pth.tar

2025-12-28 19:22:59,242 - INFO  - 🎲 Epoch 32: FaultInjector seed rotated to 74
2025-12-28 19:22:59,251 - INFO  - [NUDE] Epoch 32: force max bit-width W/A = 6
2025-12-28 19:22:59,251 - INFO  - ================================================================================
2025-12-28 19:22:59,251 - INFO  - 🔥 [NUDE] BFAT ACTIVE
2025-12-28 19:22:59,251 - INFO  -    Loss Type: direct_ce
2025-12-28 19:22:59,251 - INFO  -    Proj Mode: direction
2025-12-28 19:22:59,251 - INFO  -    Injection: All Bits
2025-12-28 19:22:59,251 - INFO  - ================================================================================
2025-12-28 19:23:11,736 - INFO  - [NUDE][TRAIN] Epoch 32/100 Iter 20/390 Loss 0.1095 ResLoss 0.1119 BfatLoss 0.1495 Top1 96.33 Top5 100.00
2025-12-28 19:23:24,176 - INFO  - [NUDE][TRAIN] Epoch 32/100 Iter 40/390 Loss 0.1007 ResLoss 0.1030 BfatLoss 0.1489 Top1 96.48 Top5 100.00
2025-12-28 19:23:36,481 - INFO  - [NUDE][TRAIN] Epoch 32/100 Iter 60/390 Loss 0.1053 ResLoss 0.1072 BfatLoss 0.1505 Top1 96.41 Top5 99.99
2025-12-28 19:23:48,781 - INFO  - [NUDE][TRAIN] Epoch 32/100 Iter 80/390 Loss 0.1082 ResLoss 0.1107 BfatLoss 0.1555 Top1 96.22 Top5 99.98
2025-12-28 19:24:01,143 - INFO  - [NUDE][TRAIN] Epoch 32/100 Iter 100/390 Loss 0.1050 ResLoss 0.1076 BfatLoss 0.1502 Top1 96.30 Top5 99.98
2025-12-28 19:24:13,408 - INFO  - [NUDE][TRAIN] Epoch 32/100 Iter 120/390 Loss 0.1063 ResLoss 0.1091 BfatLoss 0.1516 Top1 96.22 Top5 99.98
2025-12-28 19:24:25,715 - INFO  - [NUDE][TRAIN] Epoch 32/100 Iter 140/390 Loss 0.1053 ResLoss 0.1082 BfatLoss 0.1495 Top1 96.26 Top5 99.98
2025-12-28 19:24:37,989 - INFO  - [NUDE][TRAIN] Epoch 32/100 Iter 160/390 Loss 0.1054 ResLoss 0.1083 BfatLoss 0.1500 Top1 96.27 Top5 99.99
2025-12-28 19:24:50,201 - INFO  - [NUDE][TRAIN] Epoch 32/100 Iter 180/390 Loss 0.1057 ResLoss 0.1086 BfatLoss 0.1514 Top1 96.30 Top5 99.99
2025-12-28 19:25:02,704 - INFO  - [NUDE][TRAIN] Epoch 32/100 Iter 200/390 Loss 0.1075 ResLoss 0.1102 BfatLoss 0.1540 Top1 96.26 Top5 99.99
2025-12-28 19:25:14,917 - INFO  - [NUDE][TRAIN] Epoch 32/100 Iter 220/390 Loss 0.1077 ResLoss 0.1105 BfatLoss 0.1539 Top1 96.25 Top5 99.99
2025-12-28 19:25:27,174 - INFO  - [NUDE][TRAIN] Epoch 32/100 Iter 240/390 Loss 0.1066 ResLoss 0.1093 BfatLoss 0.1531 Top1 96.27 Top5 99.99
2025-12-28 19:25:39,408 - INFO  - [NUDE][TRAIN] Epoch 32/100 Iter 260/390 Loss 0.1062 ResLoss 0.1090 BfatLoss 0.1538 Top1 96.27 Top5 99.98
2025-12-28 19:25:51,580 - INFO  - [NUDE][TRAIN] Epoch 32/100 Iter 280/390 Loss 0.1072 ResLoss 0.1099 BfatLoss 0.1544 Top1 96.27 Top5 99.99
2025-12-28 19:26:03,936 - INFO  - [NUDE][TRAIN] Epoch 32/100 Iter 300/390 Loss 0.1075 ResLoss 0.1105 BfatLoss 0.1557 Top1 96.27 Top5 99.98
2025-12-28 19:26:16,257 - INFO  - [NUDE][TRAIN] Epoch 32/100 Iter 320/390 Loss 0.1088 ResLoss 0.1118 BfatLoss 0.1570 Top1 96.23 Top5 99.98
2025-12-28 19:26:28,708 - INFO  - [NUDE][TRAIN] Epoch 32/100 Iter 340/390 Loss 0.1107 ResLoss 0.1137 BfatLoss 0.1593 Top1 96.14 Top5 99.98
2025-12-28 19:26:40,913 - INFO  - [NUDE][TRAIN] Epoch 32/100 Iter 360/390 Loss 0.1114 ResLoss 0.1144 BfatLoss 0.1597 Top1 96.10 Top5 99.98
2025-12-28 19:26:53,250 - INFO  - [NUDE][TRAIN] Epoch 32/100 Iter 380/390 Loss 0.1122 ResLoss 0.1151 BfatLoss 0.1611 Top1 96.06 Top5 99.98
2025-12-28 19:26:59,382 - INFO  - [NUDE] Validate: force max bit-width W/A = 6
2025-12-28 19:27:01,740 - INFO  - [NUDE][EPOCH] 32/100 Train: Top1=96.04 Top5=99.98 Loss=0.1128 | Val(EMA): Top1=91.73
2025-12-28 19:27:01,740 - INFO  -   ⏱️  本Epoch耗时: 4分2秒 | 平均Epoch耗时: 4分1秒 | 剩余Epoch数: 67
2025-12-28 19:27:01,740 - INFO  -   📅 预估剩余时间: 4小时29分33秒 | 预估完成时间: 2025-12-28 23:56:35
2025-12-28 19:27:02,440 - INFO  - ([33] Epoch) Saving checkpoint to:
             Current: /root/autodl-tmp/retraining-free-quantization/training/r18_c10_nude_0.02_sim_normal_seed_repair/r18_c10_nude_0.02_sim_normal_seed_repair_checkpoint.pth.tar

2025-12-28 19:27:02,443 - INFO  - 🎲 Epoch 33: FaultInjector seed rotated to 75
2025-12-28 19:27:02,451 - INFO  - [NUDE] Epoch 33: force max bit-width W/A = 6
2025-12-28 19:27:02,451 - INFO  - ================================================================================
2025-12-28 19:27:02,451 - INFO  - 🔥 [NUDE] BFAT ACTIVE
2025-12-28 19:27:02,451 - INFO  -    Loss Type: direct_ce
2025-12-28 19:27:02,451 - INFO  -    Proj Mode: direction
2025-12-28 19:27:02,451 - INFO  -    Injection: All Bits
2025-12-28 19:27:02,451 - INFO  - ================================================================================
2025-12-28 19:27:14,938 - INFO  - [NUDE][TRAIN] Epoch 33/100 Iter 20/390 Loss 0.0891 ResLoss 0.0918 BfatLoss 0.1310 Top1 96.91 Top5 99.96
2025-12-28 19:27:27,346 - INFO  - [NUDE][TRAIN] Epoch 33/100 Iter 40/390 Loss 0.0965 ResLoss 0.1003 BfatLoss 0.1394 Top1 96.68 Top5 99.96
2025-12-28 19:27:39,458 - INFO  - [NUDE][TRAIN] Epoch 33/100 Iter 60/390 Loss 0.0982 ResLoss 0.1017 BfatLoss 0.1417 Top1 96.59 Top5 99.97
2025-12-28 19:27:51,726 - INFO  - [NUDE][TRAIN] Epoch 33/100 Iter 80/390 Loss 0.0990 ResLoss 0.1021 BfatLoss 0.1443 Top1 96.57 Top5 99.98
2025-12-28 19:28:03,878 - INFO  - [NUDE][TRAIN] Epoch 33/100 Iter 100/390 Loss 0.0956 ResLoss 0.0986 BfatLoss 0.1401 Top1 96.68 Top5 99.98
2025-12-28 19:28:16,068 - INFO  - [NUDE][TRAIN] Epoch 33/100 Iter 120/390 Loss 0.0948 ResLoss 0.0973 BfatLoss 0.1376 Top1 96.69 Top5 99.97
2025-12-28 19:28:28,245 - INFO  - [NUDE][TRAIN] Epoch 33/100 Iter 140/390 Loss 0.0962 ResLoss 0.0986 BfatLoss 0.1402 Top1 96.67 Top5 99.98
2025-12-28 19:28:40,338 - INFO  - [NUDE][TRAIN] Epoch 33/100 Iter 160/390 Loss 0.0964 ResLoss 0.0989 BfatLoss 0.1419 Top1 96.67 Top5 99.98
2025-12-28 19:28:52,510 - INFO  - [NUDE][TRAIN] Epoch 33/100 Iter 180/390 Loss 0.0975 ResLoss 0.1001 BfatLoss 0.1427 Top1 96.63 Top5 99.98
2025-12-28 19:29:04,539 - INFO  - [NUDE][TRAIN] Epoch 33/100 Iter 200/390 Loss 0.0975 ResLoss 0.1001 BfatLoss 0.1433 Top1 96.61 Top5 99.98
2025-12-28 19:29:16,709 - INFO  - [NUDE][TRAIN] Epoch 33/100 Iter 220/390 Loss 0.0978 ResLoss 0.1002 BfatLoss 0.1445 Top1 96.62 Top5 99.98
2025-12-28 19:29:28,809 - INFO  - [NUDE][TRAIN] Epoch 33/100 Iter 240/390 Loss 0.0999 ResLoss 0.1021 BfatLoss 0.1474 Top1 96.54 Top5 99.98
2025-12-28 19:29:40,953 - INFO  - [NUDE][TRAIN] Epoch 33/100 Iter 260/390 Loss 0.1019 ResLoss 0.1040 BfatLoss 0.1495 Top1 96.46 Top5 99.98
2025-12-28 19:29:53,143 - INFO  - [NUDE][TRAIN] Epoch 33/100 Iter 280/390 Loss 0.1048 ResLoss 0.1069 BfatLoss 0.1526 Top1 96.35 Top5 99.98
2025-12-28 19:30:05,237 - INFO  - [NUDE][TRAIN] Epoch 33/100 Iter 300/390 Loss 0.1042 ResLoss 0.1063 BfatLoss 0.1522 Top1 96.36 Top5 99.98
2025-12-28 19:30:17,449 - INFO  - [NUDE][TRAIN] Epoch 33/100 Iter 320/390 Loss 0.1041 ResLoss 0.1063 BfatLoss 0.1522 Top1 96.35 Top5 99.98
2025-12-28 19:30:29,537 - INFO  - [NUDE][TRAIN] Epoch 33/100 Iter 340/390 Loss 0.1041 ResLoss 0.1062 BfatLoss 0.1519 Top1 96.38 Top5 99.98
2025-12-28 19:30:41,660 - INFO  - [NUDE][TRAIN] Epoch 33/100 Iter 360/390 Loss 0.1042 ResLoss 0.1065 BfatLoss 0.1517 Top1 96.36 Top5 99.98
2025-12-28 19:30:53,808 - INFO  - [NUDE][TRAIN] Epoch 33/100 Iter 380/390 Loss 0.1045 ResLoss 0.1068 BfatLoss 0.1524 Top1 96.35 Top5 99.98
2025-12-28 19:30:59,917 - INFO  - [NUDE] Validate: force max bit-width W/A = 6
2025-12-28 19:31:02,318 - INFO  - [NUDE][EPOCH] 33/100 Train: Top1=96.35 Top5=99.98 Loss=0.1042 | Val(EMA): Top1=91.82
2025-12-28 19:31:02,318 - INFO  -   ⏱️  本Epoch耗时: 3分59秒 | 平均Epoch耗时: 4分0秒 | 剩余Epoch数: 66
2025-12-28 19:31:02,318 - INFO  -   📅 预估剩余时间: 4小时24分54秒 | 预估完成时间: 2025-12-28 23:55:56
2025-12-28 19:31:03,033 - INFO  - ([34] Epoch) Saving checkpoint to:
             Current: /root/autodl-tmp/retraining-free-quantization/training/r18_c10_nude_0.02_sim_normal_seed_repair/r18_c10_nude_0.02_sim_normal_seed_repair_checkpoint.pth.tar

2025-12-28 19:31:03,036 - INFO  - 🎲 Epoch 34: FaultInjector seed rotated to 76
2025-12-28 19:31:03,044 - INFO  - [NUDE] Epoch 34: force max bit-width W/A = 6
2025-12-28 19:31:03,044 - INFO  - ================================================================================
2025-12-28 19:31:03,044 - INFO  - 🔥 [NUDE] BFAT ACTIVE
2025-12-28 19:31:03,044 - INFO  -    Loss Type: direct_ce
2025-12-28 19:31:03,044 - INFO  -    Proj Mode: direction
2025-12-28 19:31:03,044 - INFO  -    Injection: All Bits
2025-12-28 19:31:03,045 - INFO  - ================================================================================
2025-12-28 19:31:15,543 - INFO  - [NUDE][TRAIN] Epoch 34/100 Iter 20/390 Loss 0.0924 ResLoss 0.0942 BfatLoss 0.1375 Top1 97.03 Top5 99.84
2025-12-28 19:31:27,597 - INFO  - [NUDE][TRAIN] Epoch 34/100 Iter 40/390 Loss 0.0898 ResLoss 0.0923 BfatLoss 0.1379 Top1 97.03 Top5 99.90
2025-12-28 19:31:39,817 - INFO  - [NUDE][TRAIN] Epoch 34/100 Iter 60/390 Loss 0.0901 ResLoss 0.0935 BfatLoss 0.1400 Top1 96.94 Top5 99.93
2025-12-28 19:31:52,007 - INFO  - [NUDE][TRAIN] Epoch 34/100 Iter 80/390 Loss 0.0887 ResLoss 0.0925 BfatLoss 0.1389 Top1 96.98 Top5 99.94
2025-12-28 19:32:04,050 - INFO  - [NUDE][TRAIN] Epoch 34/100 Iter 100/390 Loss 0.0893 ResLoss 0.0924 BfatLoss 0.1403 Top1 96.96 Top5 99.94
2025-12-28 19:32:16,187 - INFO  - [NUDE][TRAIN] Epoch 34/100 Iter 120/390 Loss 0.0938 ResLoss 0.0967 BfatLoss 0.1460 Top1 96.88 Top5 99.95
2025-12-28 19:32:28,168 - INFO  - [NUDE][TRAIN] Epoch 34/100 Iter 140/390 Loss 0.0924 ResLoss 0.0952 BfatLoss 0.1436 Top1 96.91 Top5 99.96
2025-12-28 19:32:40,485 - INFO  - [NUDE][TRAIN] Epoch 34/100 Iter 160/390 Loss 0.0948 ResLoss 0.0977 BfatLoss 0.1447 Top1 96.86 Top5 99.96
2025-12-28 19:32:52,687 - INFO  - [NUDE][TRAIN] Epoch 34/100 Iter 180/390 Loss 0.0970 ResLoss 0.0997 BfatLoss 0.1460 Top1 96.77 Top5 99.95
2025-12-28 19:33:04,757 - INFO  - [NUDE][TRAIN] Epoch 34/100 Iter 200/390 Loss 0.0961 ResLoss 0.0989 BfatLoss 0.1452 Top1 96.77 Top5 99.96
2025-12-28 19:33:16,954 - INFO  - [NUDE][TRAIN] Epoch 34/100 Iter 220/390 Loss 0.0970 ResLoss 0.0999 BfatLoss 0.1475 Top1 96.74 Top5 99.96
2025-12-28 19:33:28,961 - INFO  - [NUDE][TRAIN] Epoch 34/100 Iter 240/390 Loss 0.0982 ResLoss 0.1011 BfatLoss 0.1490 Top1 96.69 Top5 99.96
2025-12-28 19:33:41,080 - INFO  - [NUDE][TRAIN] Epoch 34/100 Iter 260/390 Loss 0.0995 ResLoss 0.1022 BfatLoss 0.1506 Top1 96.64 Top5 99.96
2025-12-28 19:33:53,210 - INFO  - [NUDE][TRAIN] Epoch 34/100 Iter 280/390 Loss 0.0996 ResLoss 0.1023 BfatLoss 0.1502 Top1 96.62 Top5 99.96
2025-12-28 19:34:05,257 - INFO  - [NUDE][TRAIN] Epoch 34/100 Iter 300/390 Loss 0.0999 ResLoss 0.1026 BfatLoss 0.1508 Top1 96.62 Top5 99.96
2025-12-28 19:34:17,511 - INFO  - [NUDE][TRAIN] Epoch 34/100 Iter 320/390 Loss 0.0998 ResLoss 0.1026 BfatLoss 0.1510 Top1 96.61 Top5 99.96
2025-12-28 19:34:29,684 - INFO  - [NUDE][TRAIN] Epoch 34/100 Iter 340/390 Loss 0.0999 ResLoss 0.1028 BfatLoss 0.1511 Top1 96.60 Top5 99.97
2025-12-28 19:34:42,011 - INFO  - [NUDE][TRAIN] Epoch 34/100 Iter 360/390 Loss 0.1008 ResLoss 0.1035 BfatLoss 0.1523 Top1 96.54 Top5 99.97
2025-12-28 19:34:54,242 - INFO  - [NUDE][TRAIN] Epoch 34/100 Iter 380/390 Loss 0.1006 ResLoss 0.1034 BfatLoss 0.1517 Top1 96.54 Top5 99.97
2025-12-28 19:35:00,371 - INFO  - [NUDE] Validate: force max bit-width W/A = 6
2025-12-28 19:35:02,737 - INFO  - [NUDE][EPOCH] 34/100 Train: Top1=96.53 Top5=99.97 Loss=0.1007 | Val(EMA): Top1=92.07
2025-12-28 19:35:02,737 - INFO  -   ⏱️  本Epoch耗时: 3分59秒 | 平均Epoch耗时: 4分0秒 | 剩余Epoch数: 65
2025-12-28 19:35:02,738 - INFO  -   📅 预估剩余时间: 4小时20分30秒 | 预估完成时间: 2025-12-28 23:55:33
2025-12-28 19:35:03,316 - INFO  - ([35] Epoch) Saving checkpoint to:
             Current: /root/autodl-tmp/retraining-free-quantization/training/r18_c10_nude_0.02_sim_normal_seed_repair/r18_c10_nude_0.02_sim_normal_seed_repair_checkpoint.pth.tar

2025-12-28 19:35:03,321 - INFO  - 🎲 Epoch 35: FaultInjector seed rotated to 77
2025-12-28 19:35:03,329 - INFO  - [NUDE] Epoch 35: force max bit-width W/A = 6
2025-12-28 19:35:03,329 - INFO  - ================================================================================
2025-12-28 19:35:03,330 - INFO  - 🔥 [NUDE] BFAT ACTIVE
2025-12-28 19:35:03,330 - INFO  -    Loss Type: direct_ce
2025-12-28 19:35:03,330 - INFO  -    Proj Mode: direction
2025-12-28 19:35:03,330 - INFO  -    Injection: All Bits
2025-12-28 19:35:03,330 - INFO  - ================================================================================
2025-12-28 19:35:16,027 - INFO  - [NUDE][TRAIN] Epoch 35/100 Iter 20/390 Loss 0.0987 ResLoss 0.1024 BfatLoss 0.1488 Top1 96.72 Top5 100.00
2025-12-28 19:35:28,286 - INFO  - [NUDE][TRAIN] Epoch 35/100 Iter 40/390 Loss 0.0924 ResLoss 0.0962 BfatLoss 0.1407 Top1 96.97 Top5 100.00
2025-12-28 19:35:40,653 - INFO  - [NUDE][TRAIN] Epoch 35/100 Iter 60/390 Loss 0.0930 ResLoss 0.0966 BfatLoss 0.1438 Top1 96.71 Top5 100.00
2025-12-28 19:35:52,752 - INFO  - [NUDE][TRAIN] Epoch 35/100 Iter 80/390 Loss 0.0932 ResLoss 0.0970 BfatLoss 0.1411 Top1 96.72 Top5 100.00
2025-12-28 19:36:05,079 - INFO  - [NUDE][TRAIN] Epoch 35/100 Iter 100/390 Loss 0.0948 ResLoss 0.0986 BfatLoss 0.1435 Top1 96.69 Top5 100.00
2025-12-28 19:36:17,219 - INFO  - [NUDE][TRAIN] Epoch 35/100 Iter 120/390 Loss 0.0956 ResLoss 0.0992 BfatLoss 0.1420 Top1 96.63 Top5 99.99
2025-12-28 19:36:29,719 - INFO  - [NUDE][TRAIN] Epoch 35/100 Iter 140/390 Loss 0.0977 ResLoss 0.1013 BfatLoss 0.1443 Top1 96.60 Top5 99.99
2025-12-28 19:36:42,011 - INFO  - [NUDE][TRAIN] Epoch 35/100 Iter 160/390 Loss 0.0962 ResLoss 0.0997 BfatLoss 0.1421 Top1 96.63 Top5 99.99
2025-12-28 19:36:54,209 - INFO  - [NUDE][TRAIN] Epoch 35/100 Iter 180/390 Loss 0.0954 ResLoss 0.0987 BfatLoss 0.1410 Top1 96.66 Top5 99.99
2025-12-28 19:37:06,512 - INFO  - [NUDE][TRAIN] Epoch 35/100 Iter 200/390 Loss 0.0938 ResLoss 0.0970 BfatLoss 0.1404 Top1 96.72 Top5 99.99
2025-12-28 19:37:18,730 - INFO  - [NUDE][TRAIN] Epoch 35/100 Iter 220/390 Loss 0.0925 ResLoss 0.0959 BfatLoss 0.1391 Top1 96.78 Top5 99.99
2025-12-28 19:37:30,882 - INFO  - [NUDE][TRAIN] Epoch 35/100 Iter 240/390 Loss 0.0937 ResLoss 0.0972 BfatLoss 0.1409 Top1 96.74 Top5 99.99
2025-12-28 19:37:43,205 - INFO  - [NUDE][TRAIN] Epoch 35/100 Iter 260/390 Loss 0.0937 ResLoss 0.0974 BfatLoss 0.1411 Top1 96.72 Top5 99.99
2025-12-28 19:37:55,396 - INFO  - [NUDE][TRAIN] Epoch 35/100 Iter 280/390 Loss 0.0943 ResLoss 0.0978 BfatLoss 0.1420 Top1 96.72 Top5 99.99
2025-12-28 19:38:07,669 - INFO  - [NUDE][TRAIN] Epoch 35/100 Iter 300/390 Loss 0.0942 ResLoss 0.0978 BfatLoss 0.1420 Top1 96.73 Top5 99.99
2025-12-28 19:38:19,870 - INFO  - [NUDE][TRAIN] Epoch 35/100 Iter 320/390 Loss 0.0955 ResLoss 0.0992 BfatLoss 0.1431 Top1 96.67 Top5 99.99
2025-12-28 19:38:32,198 - INFO  - [NUDE][TRAIN] Epoch 35/100 Iter 340/390 Loss 0.0958 ResLoss 0.0995 BfatLoss 0.1435 Top1 96.65 Top5 99.99
2025-12-28 19:38:44,368 - INFO  - [NUDE][TRAIN] Epoch 35/100 Iter 360/390 Loss 0.0952 ResLoss 0.0990 BfatLoss 0.1433 Top1 96.66 Top5 99.99
2025-12-28 19:38:56,592 - INFO  - [NUDE][TRAIN] Epoch 35/100 Iter 380/390 Loss 0.0959 ResLoss 0.0996 BfatLoss 0.1432 Top1 96.65 Top5 99.99
2025-12-28 19:39:02,807 - INFO  - [NUDE] Validate: force max bit-width W/A = 6
2025-12-28 19:39:05,175 - INFO  - [NUDE][EPOCH] 35/100 Train: Top1=96.63 Top5=99.99 Loss=0.0962 | Val(EMA): Top1=92.29
2025-12-28 19:39:05,176 - INFO  -   ⏱️  本Epoch耗时: 4分1秒 | 平均Epoch耗时: 4分0秒 | 剩余Epoch数: 64
2025-12-28 19:39:05,176 - INFO  -   📅 预估剩余时间: 4小时17分1秒 | 预估完成时间: 2025-12-28 23:56:06
2025-12-28 19:39:05,761 - INFO  - ([36] Epoch) Saving checkpoint to:
             Current: /root/autodl-tmp/retraining-free-quantization/training/r18_c10_nude_0.02_sim_normal_seed_repair/r18_c10_nude_0.02_sim_normal_seed_repair_checkpoint.pth.tar

2025-12-28 19:39:05,764 - INFO  - 🎲 Epoch 36: FaultInjector seed rotated to 78
2025-12-28 19:39:05,772 - INFO  - [NUDE] Epoch 36: force max bit-width W/A = 6
2025-12-28 19:39:05,773 - INFO  - ================================================================================
2025-12-28 19:39:05,773 - INFO  - 🔥 [NUDE] BFAT ACTIVE
2025-12-28 19:39:05,773 - INFO  -    Loss Type: direct_ce
2025-12-28 19:39:05,773 - INFO  -    Proj Mode: direction
2025-12-28 19:39:05,773 - INFO  -    Injection: All Bits
2025-12-28 19:39:05,773 - INFO  - ================================================================================
2025-12-28 19:39:18,385 - INFO  - [NUDE][TRAIN] Epoch 36/100 Iter 20/390 Loss 0.0963 ResLoss 0.1013 BfatLoss 0.1536 Top1 96.68 Top5 99.96
2025-12-28 19:39:30,566 - INFO  - [NUDE][TRAIN] Epoch 36/100 Iter 40/390 Loss 0.0908 ResLoss 0.0945 BfatLoss 0.1435 Top1 96.95 Top5 99.96
2025-12-28 19:39:42,923 - INFO  - [NUDE][TRAIN] Epoch 36/100 Iter 60/390 Loss 0.0905 ResLoss 0.0944 BfatLoss 0.1447 Top1 96.77 Top5 99.97
2025-12-28 19:39:55,105 - INFO  - [NUDE][TRAIN] Epoch 36/100 Iter 80/390 Loss 0.0914 ResLoss 0.0950 BfatLoss 0.1454 Top1 96.75 Top5 99.98
2025-12-28 19:40:07,455 - INFO  - [NUDE][TRAIN] Epoch 36/100 Iter 100/390 Loss 0.0914 ResLoss 0.0950 BfatLoss 0.1467 Top1 96.79 Top5 99.98
2025-12-28 19:40:19,798 - INFO  - [NUDE][TRAIN] Epoch 36/100 Iter 120/390 Loss 0.0907 ResLoss 0.0945 BfatLoss 0.1449 Top1 96.84 Top5 99.98
2025-12-28 19:40:32,046 - INFO  - [NUDE][TRAIN] Epoch 36/100 Iter 140/390 Loss 0.0903 ResLoss 0.0938 BfatLoss 0.1433 Top1 96.85 Top5 99.98
2025-12-28 19:40:44,350 - INFO  - [NUDE][TRAIN] Epoch 36/100 Iter 160/390 Loss 0.0898 ResLoss 0.0933 BfatLoss 0.1426 Top1 96.90 Top5 99.98
2025-12-28 19:40:56,618 - INFO  - [NUDE][TRAIN] Epoch 36/100 Iter 180/390 Loss 0.0889 ResLoss 0.0920 BfatLoss 0.1408 Top1 96.92 Top5 99.98
2025-12-28 19:41:08,863 - INFO  - [NUDE][TRAIN] Epoch 36/100 Iter 200/390 Loss 0.0887 ResLoss 0.0919 BfatLoss 0.1409 Top1 96.89 Top5 99.98
2025-12-28 19:41:20,991 - INFO  - [NUDE][TRAIN] Epoch 36/100 Iter 220/390 Loss 0.0886 ResLoss 0.0918 BfatLoss 0.1413 Top1 96.90 Top5 99.99
2025-12-28 19:41:33,253 - INFO  - [NUDE][TRAIN] Epoch 36/100 Iter 240/390 Loss 0.0895 ResLoss 0.0925 BfatLoss 0.1416 Top1 96.88 Top5 99.98
2025-12-28 19:41:45,383 - INFO  - [NUDE][TRAIN] Epoch 36/100 Iter 260/390 Loss 0.0901 ResLoss 0.0929 BfatLoss 0.1424 Top1 96.88 Top5 99.98
2025-12-28 19:41:57,607 - INFO  - [NUDE][TRAIN] Epoch 36/100 Iter 280/390 Loss 0.0902 ResLoss 0.0931 BfatLoss 0.1429 Top1 96.87 Top5 99.98
2025-12-28 19:42:09,806 - INFO  - [NUDE][TRAIN] Epoch 36/100 Iter 300/390 Loss 0.0912 ResLoss 0.0940 BfatLoss 0.1437 Top1 96.84 Top5 99.98
2025-12-28 19:42:21,831 - INFO  - [NUDE][TRAIN] Epoch 36/100 Iter 320/390 Loss 0.0918 ResLoss 0.0946 BfatLoss 0.1436 Top1 96.81 Top5 99.98
2025-12-28 19:42:33,942 - INFO  - [NUDE][TRAIN] Epoch 36/100 Iter 340/390 Loss 0.0917 ResLoss 0.0944 BfatLoss 0.1432 Top1 96.81 Top5 99.98
2025-12-28 19:42:46,100 - INFO  - [NUDE][TRAIN] Epoch 36/100 Iter 360/390 Loss 0.0923 ResLoss 0.0951 BfatLoss 0.1438 Top1 96.81 Top5 99.98
2025-12-28 19:42:58,325 - INFO  - [NUDE][TRAIN] Epoch 36/100 Iter 380/390 Loss 0.0931 ResLoss 0.0960 BfatLoss 0.1444 Top1 96.78 Top5 99.98
2025-12-28 19:43:04,479 - INFO  - [NUDE] Validate: force max bit-width W/A = 6
2025-12-28 19:43:06,852 - INFO  - [NUDE][EPOCH] 36/100 Train: Top1=96.74 Top5=99.98 Loss=0.0941 | Val(EMA): Top1=92.33
2025-12-28 19:43:06,852 - INFO  -   ⏱️  本Epoch耗时: 4分1秒 | 平均Epoch耗时: 4分1秒 | 剩余Epoch数: 63
2025-12-28 19:43:06,852 - INFO  -   📅 预估剩余时间: 4小时13分3秒 | 预估完成时间: 2025-12-28 23:56:10
2025-12-28 19:43:07,578 - INFO  - ([37] Epoch) Saving checkpoint to:
             Current: /root/autodl-tmp/retraining-free-quantization/training/r18_c10_nude_0.02_sim_normal_seed_repair/r18_c10_nude_0.02_sim_normal_seed_repair_checkpoint.pth.tar

2025-12-28 19:43:07,581 - INFO  - 🎲 Epoch 37: FaultInjector seed rotated to 79
2025-12-28 19:43:07,589 - INFO  - [NUDE] Epoch 37: force max bit-width W/A = 6
2025-12-28 19:43:07,589 - INFO  - ================================================================================
2025-12-28 19:43:07,589 - INFO  - 🔥 [NUDE] BFAT ACTIVE
2025-12-28 19:43:07,589 - INFO  -    Loss Type: direct_ce
2025-12-28 19:43:07,589 - INFO  -    Proj Mode: direction
2025-12-28 19:43:07,589 - INFO  -    Injection: All Bits
2025-12-28 19:43:07,589 - INFO  - ================================================================================
2025-12-28 19:43:19,975 - INFO  - [NUDE][TRAIN] Epoch 37/100 Iter 20/390 Loss 0.0689 ResLoss 0.0714 BfatLoss 0.1104 Top1 97.81 Top5 100.00
2025-12-28 19:43:32,211 - INFO  - [NUDE][TRAIN] Epoch 37/100 Iter 40/390 Loss 0.0788 ResLoss 0.0814 BfatLoss 0.1179 Top1 97.29 Top5 100.00
2025-12-28 19:43:44,287 - INFO  - [NUDE][TRAIN] Epoch 37/100 Iter 60/390 Loss 0.0755 ResLoss 0.0779 BfatLoss 0.1169 Top1 97.36 Top5 100.00
2025-12-28 19:43:56,485 - INFO  - [NUDE][TRAIN] Epoch 37/100 Iter 80/390 Loss 0.0736 ResLoss 0.0759 BfatLoss 0.1164 Top1 97.46 Top5 99.99
2025-12-28 19:44:08,605 - INFO  - [NUDE][TRAIN] Epoch 37/100 Iter 100/390 Loss 0.0738 ResLoss 0.0761 BfatLoss 0.1181 Top1 97.49 Top5 99.99
2025-12-28 19:44:20,708 - INFO  - [NUDE][TRAIN] Epoch 37/100 Iter 120/390 Loss 0.0758 ResLoss 0.0776 BfatLoss 0.1197 Top1 97.47 Top5 99.99
2025-12-28 19:44:32,935 - INFO  - [NUDE][TRAIN] Epoch 37/100 Iter 140/390 Loss 0.0772 ResLoss 0.0793 BfatLoss 0.1212 Top1 97.37 Top5 99.98
2025-12-28 19:44:45,070 - INFO  - [NUDE][TRAIN] Epoch 37/100 Iter 160/390 Loss 0.0783 ResLoss 0.0805 BfatLoss 0.1221 Top1 97.34 Top5 99.99
2025-12-28 19:44:57,298 - INFO  - [NUDE][TRAIN] Epoch 37/100 Iter 180/390 Loss 0.0794 ResLoss 0.0817 BfatLoss 0.1235 Top1 97.31 Top5 99.99
2025-12-28 19:45:09,451 - INFO  - [NUDE][TRAIN] Epoch 37/100 Iter 200/390 Loss 0.0795 ResLoss 0.0818 BfatLoss 0.1236 Top1 97.34 Top5 99.98
2025-12-28 19:45:21,667 - INFO  - [NUDE][TRAIN] Epoch 37/100 Iter 220/390 Loss 0.0795 ResLoss 0.0819 BfatLoss 0.1237 Top1 97.33 Top5 99.99
2025-12-28 19:45:33,938 - INFO  - [NUDE][TRAIN] Epoch 37/100 Iter 240/390 Loss 0.0800 ResLoss 0.0825 BfatLoss 0.1244 Top1 97.28 Top5 99.98
2025-12-28 19:45:45,945 - INFO  - [NUDE][TRAIN] Epoch 37/100 Iter 260/390 Loss 0.0794 ResLoss 0.0818 BfatLoss 0.1241 Top1 97.28 Top5 99.98
2025-12-28 19:45:58,121 - INFO  - [NUDE][TRAIN] Epoch 37/100 Iter 280/390 Loss 0.0800 ResLoss 0.0825 BfatLoss 0.1259 Top1 97.25 Top5 99.98
2025-12-28 19:46:10,401 - INFO  - [NUDE][TRAIN] Epoch 37/100 Iter 300/390 Loss 0.0801 ResLoss 0.0826 BfatLoss 0.1263 Top1 97.23 Top5 99.98
2025-12-28 19:46:22,563 - INFO  - [NUDE][TRAIN] Epoch 37/100 Iter 320/390 Loss 0.0792 ResLoss 0.0817 BfatLoss 0.1255 Top1 97.26 Top5 99.99
2025-12-28 19:46:34,752 - INFO  - [NUDE][TRAIN] Epoch 37/100 Iter 340/390 Loss 0.0802 ResLoss 0.0825 BfatLoss 0.1269 Top1 97.23 Top5 99.99
2025-12-28 19:46:46,929 - INFO  - [NUDE][TRAIN] Epoch 37/100 Iter 360/390 Loss 0.0799 ResLoss 0.0823 BfatLoss 0.1263 Top1 97.24 Top5 99.99
2025-12-28 19:46:59,109 - INFO  - [NUDE][TRAIN] Epoch 37/100 Iter 380/390 Loss 0.0803 ResLoss 0.0827 BfatLoss 0.1270 Top1 97.23 Top5 99.99
2025-12-28 19:47:05,195 - INFO  - [NUDE] Validate: force max bit-width W/A = 6
2025-12-28 19:47:07,566 - INFO  - [NUDE][EPOCH] 37/100 Train: Top1=97.21 Top5=99.99 Loss=0.0812 | Val(EMA): Top1=92.60
2025-12-28 19:47:07,566 - INFO  -   ⏱️  本Epoch耗时: 3分59秒 | 平均Epoch耗时: 4分0秒 | 剩余Epoch数: 62
2025-12-28 19:47:07,566 - INFO  -   📅 预估剩余时间: 4小时8分31秒 | 预估完成时间: 2025-12-28 23:55:38
2025-12-28 19:47:08,158 - INFO  - ([38] Epoch) Saving checkpoint to:
             Current: /root/autodl-tmp/retraining-free-quantization/training/r18_c10_nude_0.02_sim_normal_seed_repair/r18_c10_nude_0.02_sim_normal_seed_repair_checkpoint.pth.tar

2025-12-28 19:47:08,162 - INFO  - 🎲 Epoch 38: FaultInjector seed rotated to 80
2025-12-28 19:47:08,172 - INFO  - [NUDE] Epoch 38: force max bit-width W/A = 6
2025-12-28 19:47:08,172 - INFO  - ================================================================================
2025-12-28 19:47:08,172 - INFO  - 🔥 [NUDE] BFAT ACTIVE
2025-12-28 19:47:08,172 - INFO  -    Loss Type: direct_ce
2025-12-28 19:47:08,172 - INFO  -    Proj Mode: direction
2025-12-28 19:47:08,172 - INFO  -    Injection: All Bits
2025-12-28 19:47:08,172 - INFO  - ================================================================================
2025-12-28 19:47:20,683 - INFO  - [NUDE][TRAIN] Epoch 38/100 Iter 20/390 Loss 0.0705 ResLoss 0.0758 BfatLoss 0.1135 Top1 97.46 Top5 100.00
2025-12-28 19:47:32,848 - INFO  - [NUDE][TRAIN] Epoch 38/100 Iter 40/390 Loss 0.0673 ResLoss 0.0721 BfatLoss 0.1143 Top1 97.58 Top5 100.00
2025-12-28 19:47:44,967 - INFO  - [NUDE][TRAIN] Epoch 38/100 Iter 60/390 Loss 0.0658 ResLoss 0.0697 BfatLoss 0.1120 Top1 97.59 Top5 100.00
2025-12-28 19:47:57,290 - INFO  - [NUDE][TRAIN] Epoch 38/100 Iter 80/390 Loss 0.0668 ResLoss 0.0705 BfatLoss 0.1142 Top1 97.58 Top5 100.00
2025-12-28 19:48:09,583 - INFO  - [NUDE][TRAIN] Epoch 38/100 Iter 100/390 Loss 0.0661 ResLoss 0.0694 BfatLoss 0.1112 Top1 97.68 Top5 100.00
2025-12-28 19:48:21,893 - INFO  - [NUDE][TRAIN] Epoch 38/100 Iter 120/390 Loss 0.0648 ResLoss 0.0682 BfatLoss 0.1089 Top1 97.74 Top5 100.00
2025-12-28 19:48:34,451 - INFO  - [NUDE][TRAIN] Epoch 38/100 Iter 140/390 Loss 0.0657 ResLoss 0.0688 BfatLoss 0.1118 Top1 97.73 Top5 99.99
2025-12-28 19:48:46,714 - INFO  - [NUDE][TRAIN] Epoch 38/100 Iter 160/390 Loss 0.0668 ResLoss 0.0700 BfatLoss 0.1137 Top1 97.68 Top5 100.00
2025-12-28 19:48:59,195 - INFO  - [NUDE][TRAIN] Epoch 38/100 Iter 180/390 Loss 0.0690 ResLoss 0.0720 BfatLoss 0.1150 Top1 97.63 Top5 99.99
2025-12-28 19:49:11,268 - INFO  - [NUDE][TRAIN] Epoch 38/100 Iter 200/390 Loss 0.0696 ResLoss 0.0724 BfatLoss 0.1164 Top1 97.62 Top5 99.99
2025-12-28 19:49:23,555 - INFO  - [NUDE][TRAIN] Epoch 38/100 Iter 220/390 Loss 0.0721 ResLoss 0.0749 BfatLoss 0.1197 Top1 97.51 Top5 99.99
2025-12-28 19:49:35,857 - INFO  - [NUDE][TRAIN] Epoch 38/100 Iter 240/390 Loss 0.0734 ResLoss 0.0760 BfatLoss 0.1207 Top1 97.44 Top5 99.99
2025-12-28 19:49:48,031 - INFO  - [NUDE][TRAIN] Epoch 38/100 Iter 260/390 Loss 0.0733 ResLoss 0.0759 BfatLoss 0.1203 Top1 97.42 Top5 99.99
2025-12-28 19:50:00,388 - INFO  - [NUDE][TRAIN] Epoch 38/100 Iter 280/390 Loss 0.0734 ResLoss 0.0760 BfatLoss 0.1202 Top1 97.43 Top5 99.99
2025-12-28 19:50:12,639 - INFO  - [NUDE][TRAIN] Epoch 38/100 Iter 300/390 Loss 0.0748 ResLoss 0.0774 BfatLoss 0.1225 Top1 97.38 Top5 99.99
2025-12-28 19:50:24,993 - INFO  - [NUDE][TRAIN] Epoch 38/100 Iter 320/390 Loss 0.0762 ResLoss 0.0789 BfatLoss 0.1241 Top1 97.34 Top5 99.99
2025-12-28 19:50:37,365 - INFO  - [NUDE][TRAIN] Epoch 38/100 Iter 340/390 Loss 0.0770 ResLoss 0.0797 BfatLoss 0.1248 Top1 97.29 Top5 99.99
2025-12-28 19:50:49,506 - INFO  - [NUDE][TRAIN] Epoch 38/100 Iter 360/390 Loss 0.0774 ResLoss 0.0802 BfatLoss 0.1250 Top1 97.27 Top5 99.99
2025-12-28 19:51:01,779 - INFO  - [NUDE][TRAIN] Epoch 38/100 Iter 380/390 Loss 0.0780 ResLoss 0.0807 BfatLoss 0.1257 Top1 97.26 Top5 99.99
2025-12-28 19:51:07,951 - INFO  - [NUDE] Validate: force max bit-width W/A = 6
2025-12-28 19:51:10,325 - INFO  - [NUDE][EPOCH] 38/100 Train: Top1=97.24 Top5=99.99 Loss=0.0786 | Val(EMA): Top1=92.79
2025-12-28 19:51:10,325 - INFO  -   ⏱️  本Epoch耗时: 4分2秒 | 平均Epoch耗时: 4分0秒 | 剩余Epoch数: 61
2025-12-28 19:51:10,325 - INFO  -   📅 预估剩余时间: 4小时4分58秒 | 预估完成时间: 2025-12-28 23:56:08
2025-12-28 19:51:10,912 - INFO  - ([39] Epoch) Saving checkpoint to:
             Current: /root/autodl-tmp/retraining-free-quantization/training/r18_c10_nude_0.02_sim_normal_seed_repair/r18_c10_nude_0.02_sim_normal_seed_repair_checkpoint.pth.tar

2025-12-28 19:51:10,915 - INFO  - 🎲 Epoch 39: FaultInjector seed rotated to 81
2025-12-28 19:51:10,924 - INFO  - [NUDE] Epoch 39: force max bit-width W/A = 6
2025-12-28 19:51:10,924 - INFO  - ================================================================================
2025-12-28 19:51:10,924 - INFO  - 🔥 [NUDE] BFAT ACTIVE
2025-12-28 19:51:10,924 - INFO  -    Loss Type: direct_ce
2025-12-28 19:51:10,924 - INFO  -    Proj Mode: direction
2025-12-28 19:51:10,925 - INFO  -    Injection: All Bits
2025-12-28 19:51:10,925 - INFO  - ================================================================================
2025-12-28 19:51:23,585 - INFO  - [NUDE][TRAIN] Epoch 39/100 Iter 20/390 Loss 0.0614 ResLoss 0.0660 BfatLoss 0.0995 Top1 97.73 Top5 100.00
2025-12-28 19:51:36,014 - INFO  - [NUDE][TRAIN] Epoch 39/100 Iter 40/390 Loss 0.0635 ResLoss 0.0676 BfatLoss 0.1044 Top1 97.64 Top5 100.00
2025-12-28 19:51:48,409 - INFO  - [NUDE][TRAIN] Epoch 39/100 Iter 60/390 Loss 0.0642 ResLoss 0.0675 BfatLoss 0.1034 Top1 97.73 Top5 99.99
2025-12-28 19:52:00,563 - INFO  - [NUDE][TRAIN] Epoch 39/100 Iter 80/390 Loss 0.0661 ResLoss 0.0697 BfatLoss 0.1072 Top1 97.71 Top5 99.99
2025-12-28 19:52:12,844 - INFO  - [NUDE][TRAIN] Epoch 39/100 Iter 100/390 Loss 0.0663 ResLoss 0.0700 BfatLoss 0.1075 Top1 97.66 Top5 99.99
2025-12-28 19:52:25,148 - INFO  - [NUDE][TRAIN] Epoch 39/100 Iter 120/390 Loss 0.0682 ResLoss 0.0720 BfatLoss 0.1120 Top1 97.61 Top5 99.99
2025-12-28 19:52:37,191 - INFO  - [NUDE][TRAIN] Epoch 39/100 Iter 140/390 Loss 0.0698 ResLoss 0.0734 BfatLoss 0.1129 Top1 97.57 Top5 99.99
2025-12-28 19:52:49,532 - INFO  - [NUDE][TRAIN] Epoch 39/100 Iter 160/390 Loss 0.0712 ResLoss 0.0749 BfatLoss 0.1146 Top1 97.49 Top5 99.99
2025-12-28 19:53:01,666 - INFO  - [NUDE][TRAIN] Epoch 39/100 Iter 180/390 Loss 0.0707 ResLoss 0.0743 BfatLoss 0.1146 Top1 97.51 Top5 99.99
2025-12-28 19:53:13,934 - INFO  - [NUDE][TRAIN] Epoch 39/100 Iter 200/390 Loss 0.0729 ResLoss 0.0762 BfatLoss 0.1166 Top1 97.45 Top5 99.99
2025-12-28 19:53:26,252 - INFO  - [NUDE][TRAIN] Epoch 39/100 Iter 220/390 Loss 0.0731 ResLoss 0.0764 BfatLoss 0.1170 Top1 97.45 Top5 99.99
2025-12-28 19:53:38,471 - INFO  - [NUDE][TRAIN] Epoch 39/100 Iter 240/390 Loss 0.0739 ResLoss 0.0771 BfatLoss 0.1189 Top1 97.41 Top5 99.99
2025-12-28 19:53:50,790 - INFO  - [NUDE][TRAIN] Epoch 39/100 Iter 260/390 Loss 0.0734 ResLoss 0.0766 BfatLoss 0.1186 Top1 97.44 Top5 99.99
2025-12-28 19:54:02,927 - INFO  - [NUDE][TRAIN] Epoch 39/100 Iter 280/390 Loss 0.0729 ResLoss 0.0760 BfatLoss 0.1180 Top1 97.46 Top5 99.99
2025-12-28 19:54:15,081 - INFO  - [NUDE][TRAIN] Epoch 39/100 Iter 300/390 Loss 0.0732 ResLoss 0.0764 BfatLoss 0.1186 Top1 97.47 Top5 99.99
2025-12-28 19:54:27,256 - INFO  - [NUDE][TRAIN] Epoch 39/100 Iter 320/390 Loss 0.0743 ResLoss 0.0775 BfatLoss 0.1202 Top1 97.43 Top5 100.00
2025-12-28 19:54:39,317 - INFO  - [NUDE][TRAIN] Epoch 39/100 Iter 340/390 Loss 0.0755 ResLoss 0.0786 BfatLoss 0.1221 Top1 97.40 Top5 100.00
2025-12-28 19:54:51,477 - INFO  - [NUDE][TRAIN] Epoch 39/100 Iter 360/390 Loss 0.0752 ResLoss 0.0783 BfatLoss 0.1213 Top1 97.41 Top5 100.00
2025-12-28 19:55:03,542 - INFO  - [NUDE][TRAIN] Epoch 39/100 Iter 380/390 Loss 0.0755 ResLoss 0.0786 BfatLoss 0.1216 Top1 97.37 Top5 100.00
2025-12-28 19:55:09,739 - INFO  - [NUDE] Validate: force max bit-width W/A = 6
2025-12-28 19:55:12,093 - INFO  - [NUDE][EPOCH] 39/100 Train: Top1=97.36 Top5=100.00 Loss=0.0757 | Val(EMA): Top1=92.77
2025-12-28 19:55:12,093 - INFO  -   ⏱️  本Epoch耗时: 4分1秒 | 平均Epoch耗时: 4分1秒 | 剩余Epoch数: 60
2025-12-28 19:55:12,093 - INFO  -   📅 预估剩余时间: 4小时1分15秒 | 预估完成时间: 2025-12-28 23:56:27
2025-12-28 19:55:12,808 - INFO  - ([40] Epoch) Saving checkpoint to:
             Current: /root/autodl-tmp/retraining-free-quantization/training/r18_c10_nude_0.02_sim_normal_seed_repair/r18_c10_nude_0.02_sim_normal_seed_repair_checkpoint.pth.tar

2025-12-28 19:55:12,812 - INFO  - 🎲 Epoch 40: FaultInjector seed rotated to 82
2025-12-28 19:55:12,820 - INFO  - [NUDE] Epoch 40: force max bit-width W/A = 6
2025-12-28 19:55:12,820 - INFO  - ================================================================================
2025-12-28 19:55:12,820 - INFO  - 🔥 [NUDE] BFAT ACTIVE
2025-12-28 19:55:12,820 - INFO  -    Loss Type: direct_ce
2025-12-28 19:55:12,820 - INFO  -    Proj Mode: direction
2025-12-28 19:55:12,820 - INFO  -    Injection: All Bits
2025-12-28 19:55:12,820 - INFO  - ================================================================================
2025-12-28 19:55:25,233 - INFO  - [NUDE][TRAIN] Epoch 40/100 Iter 20/390 Loss 0.0541 ResLoss 0.0563 BfatLoss 0.0901 Top1 98.24 Top5 99.96
2025-12-28 19:55:37,499 - INFO  - [NUDE][TRAIN] Epoch 40/100 Iter 40/390 Loss 0.0584 ResLoss 0.0621 BfatLoss 0.1001 Top1 97.95 Top5 99.98
2025-12-28 19:55:49,631 - INFO  - [NUDE][TRAIN] Epoch 40/100 Iter 60/390 Loss 0.0574 ResLoss 0.0605 BfatLoss 0.0970 Top1 98.01 Top5 99.99
2025-12-28 19:56:01,692 - INFO  - [NUDE][TRAIN] Epoch 40/100 Iter 80/390 Loss 0.0615 ResLoss 0.0646 BfatLoss 0.1036 Top1 97.84 Top5 99.99
2025-12-28 19:56:13,873 - INFO  - [NUDE][TRAIN] Epoch 40/100 Iter 100/390 Loss 0.0645 ResLoss 0.0671 BfatLoss 0.1063 Top1 97.75 Top5 99.99
2025-12-28 19:56:25,957 - INFO  - [NUDE][TRAIN] Epoch 40/100 Iter 120/390 Loss 0.0647 ResLoss 0.0673 BfatLoss 0.1082 Top1 97.69 Top5 99.99
2025-12-28 19:56:38,132 - INFO  - [NUDE][TRAIN] Epoch 40/100 Iter 140/390 Loss 0.0669 ResLoss 0.0693 BfatLoss 0.1107 Top1 97.66 Top5 99.99
2025-12-28 19:56:50,282 - INFO  - [NUDE][TRAIN] Epoch 40/100 Iter 160/390 Loss 0.0657 ResLoss 0.0680 BfatLoss 0.1076 Top1 97.71 Top5 100.00
2025-12-28 19:57:02,332 - INFO  - [NUDE][TRAIN] Epoch 40/100 Iter 180/390 Loss 0.0681 ResLoss 0.0704 BfatLoss 0.1104 Top1 97.63 Top5 100.00
2025-12-28 19:57:14,527 - INFO  - [NUDE][TRAIN] Epoch 40/100 Iter 200/390 Loss 0.0680 ResLoss 0.0704 BfatLoss 0.1105 Top1 97.62 Top5 100.00
2025-12-28 19:57:26,600 - INFO  - [NUDE][TRAIN] Epoch 40/100 Iter 220/390 Loss 0.0680 ResLoss 0.0705 BfatLoss 0.1104 Top1 97.61 Top5 100.00
2025-12-28 19:57:38,664 - INFO  - [NUDE][TRAIN] Epoch 40/100 Iter 240/390 Loss 0.0680 ResLoss 0.0704 BfatLoss 0.1102 Top1 97.59 Top5 100.00
2025-12-28 19:57:50,898 - INFO  - [NUDE][TRAIN] Epoch 40/100 Iter 260/390 Loss 0.0684 ResLoss 0.0708 BfatLoss 0.1120 Top1 97.56 Top5 100.00
2025-12-28 19:58:02,957 - INFO  - [NUDE][TRAIN] Epoch 40/100 Iter 280/390 Loss 0.0687 ResLoss 0.0713 BfatLoss 0.1121 Top1 97.57 Top5 100.00
2025-12-28 19:58:15,166 - INFO  - [NUDE][TRAIN] Epoch 40/100 Iter 300/390 Loss 0.0691 ResLoss 0.0717 BfatLoss 0.1126 Top1 97.56 Top5 100.00
2025-12-28 19:58:27,227 - INFO  - [NUDE][TRAIN] Epoch 40/100 Iter 320/390 Loss 0.0698 ResLoss 0.0724 BfatLoss 0.1125 Top1 97.54 Top5 100.00
2025-12-28 19:58:39,369 - INFO  - [NUDE][TRAIN] Epoch 40/100 Iter 340/390 Loss 0.0714 ResLoss 0.0739 BfatLoss 0.1147 Top1 97.50 Top5 100.00
2025-12-28 19:58:51,575 - INFO  - [NUDE][TRAIN] Epoch 40/100 Iter 360/390 Loss 0.0718 ResLoss 0.0743 BfatLoss 0.1155 Top1 97.50 Top5 100.00
2025-12-28 19:59:03,640 - INFO  - [NUDE][TRAIN] Epoch 40/100 Iter 380/390 Loss 0.0717 ResLoss 0.0743 BfatLoss 0.1160 Top1 97.49 Top5 100.00
2025-12-28 19:59:09,698 - INFO  - [NUDE] Validate: force max bit-width W/A = 6
2025-12-28 19:59:12,023 - INFO  - [NUDE][EPOCH] 40/100 Train: Top1=97.50 Top5=100.00 Loss=0.0717 | Val(EMA): Top1=92.87
2025-12-28 19:59:12,023 - INFO  -   ⏱️  本Epoch耗时: 3分59秒 | 平均Epoch耗时: 4分0秒 | 剩余Epoch数: 59
2025-12-28 19:59:12,023 - INFO  -   📅 预估剩余时间: 3小时56分42秒 | 预估完成时间: 2025-12-28 23:55:54
2025-12-28 19:59:12,719 - INFO  - ([41] Epoch) Saving checkpoint to:
             Current: /root/autodl-tmp/retraining-free-quantization/training/r18_c10_nude_0.02_sim_normal_seed_repair/r18_c10_nude_0.02_sim_normal_seed_repair_checkpoint.pth.tar

2025-12-28 19:59:12,722 - INFO  - 🎲 Epoch 41: FaultInjector seed rotated to 83
2025-12-28 19:59:12,730 - INFO  - [NUDE] Epoch 41: force max bit-width W/A = 6
2025-12-28 19:59:12,730 - INFO  - ================================================================================
2025-12-28 19:59:12,730 - INFO  - 🔥 [NUDE] BFAT ACTIVE
2025-12-28 19:59:12,730 - INFO  -    Loss Type: direct_ce
2025-12-28 19:59:12,730 - INFO  -    Proj Mode: direction
2025-12-28 19:59:12,730 - INFO  -    Injection: All Bits
2025-12-28 19:59:12,730 - INFO  - ================================================================================
2025-12-28 19:59:25,045 - INFO  - [NUDE][TRAIN] Epoch 41/100 Iter 20/390 Loss 0.0509 ResLoss 0.0543 BfatLoss 0.0878 Top1 98.16 Top5 100.00
2025-12-28 19:59:37,240 - INFO  - [NUDE][TRAIN] Epoch 41/100 Iter 40/390 Loss 0.0578 ResLoss 0.0610 BfatLoss 0.0979 Top1 97.85 Top5 100.00
2025-12-28 19:59:49,373 - INFO  - [NUDE][TRAIN] Epoch 41/100 Iter 60/390 Loss 0.0608 ResLoss 0.0636 BfatLoss 0.1012 Top1 97.72 Top5 100.00
2025-12-28 20:00:01,300 - INFO  - [NUDE][TRAIN] Epoch 41/100 Iter 80/390 Loss 0.0624 ResLoss 0.0653 BfatLoss 0.1056 Top1 97.72 Top5 100.00
2025-12-28 20:00:13,418 - INFO  - [NUDE][TRAIN] Epoch 41/100 Iter 100/390 Loss 0.0655 ResLoss 0.0686 BfatLoss 0.1097 Top1 97.70 Top5 100.00
2025-12-28 20:00:25,375 - INFO  - [NUDE][TRAIN] Epoch 41/100 Iter 120/390 Loss 0.0645 ResLoss 0.0674 BfatLoss 0.1088 Top1 97.70 Top5 100.00
2025-12-28 20:00:37,484 - INFO  - [NUDE][TRAIN] Epoch 41/100 Iter 140/390 Loss 0.0644 ResLoss 0.0672 BfatLoss 0.1092 Top1 97.68 Top5 100.00
2025-12-28 20:00:49,413 - INFO  - [NUDE][TRAIN] Epoch 41/100 Iter 160/390 Loss 0.0633 ResLoss 0.0660 BfatLoss 0.1081 Top1 97.75 Top5 100.00
2025-12-28 20:01:01,558 - INFO  - [NUDE][TRAIN] Epoch 41/100 Iter 180/390 Loss 0.0627 ResLoss 0.0654 BfatLoss 0.1070 Top1 97.77 Top5 100.00
2025-12-28 20:01:13,578 - INFO  - [NUDE][TRAIN] Epoch 41/100 Iter 200/390 Loss 0.0626 ResLoss 0.0655 BfatLoss 0.1065 Top1 97.77 Top5 100.00
2025-12-28 20:01:25,911 - INFO  - [NUDE][TRAIN] Epoch 41/100 Iter 220/390 Loss 0.0635 ResLoss 0.0665 BfatLoss 0.1089 Top1 97.74 Top5 100.00
2025-12-28 20:01:38,222 - INFO  - [NUDE][TRAIN] Epoch 41/100 Iter 240/390 Loss 0.0645 ResLoss 0.0674 BfatLoss 0.1088 Top1 97.71 Top5 100.00
2025-12-28 20:01:50,464 - INFO  - [NUDE][TRAIN] Epoch 41/100 Iter 260/390 Loss 0.0648 ResLoss 0.0678 BfatLoss 0.1088 Top1 97.70 Top5 99.99
2025-12-28 20:02:02,719 - INFO  - [NUDE][TRAIN] Epoch 41/100 Iter 280/390 Loss 0.0657 ResLoss 0.0687 BfatLoss 0.1099 Top1 97.66 Top5 99.99
2025-12-28 20:02:14,864 - INFO  - [NUDE][TRAIN] Epoch 41/100 Iter 300/390 Loss 0.0660 ResLoss 0.0690 BfatLoss 0.1111 Top1 97.64 Top5 99.99
2025-12-28 20:02:27,110 - INFO  - [NUDE][TRAIN] Epoch 41/100 Iter 320/390 Loss 0.0673 ResLoss 0.0702 BfatLoss 0.1123 Top1 97.61 Top5 100.00
2025-12-28 20:02:39,354 - INFO  - [NUDE][TRAIN] Epoch 41/100 Iter 340/390 Loss 0.0680 ResLoss 0.0709 BfatLoss 0.1135 Top1 97.57 Top5 100.00
2025-12-28 20:02:51,590 - INFO  - [NUDE][TRAIN] Epoch 41/100 Iter 360/390 Loss 0.0686 ResLoss 0.0716 BfatLoss 0.1138 Top1 97.55 Top5 100.00
2025-12-28 20:03:03,907 - INFO  - [NUDE][TRAIN] Epoch 41/100 Iter 380/390 Loss 0.0690 ResLoss 0.0720 BfatLoss 0.1143 Top1 97.52 Top5 100.00
2025-12-28 20:03:10,094 - INFO  - [NUDE] Validate: force max bit-width W/A = 6
2025-12-28 20:03:12,470 - INFO  - [NUDE][EPOCH] 41/100 Train: Top1=97.50 Top5=100.00 Loss=0.0697 | Val(EMA): Top1=92.89
2025-12-28 20:03:12,470 - INFO  -   ⏱️  本Epoch耗时: 3分59秒 | 平均Epoch耗时: 4分0秒 | 剩余Epoch数: 58
2025-12-28 20:03:12,470 - INFO  -   📅 预估剩余时间: 3小时52分26秒 | 预估完成时间: 2025-12-28 23:55:38
2025-12-28 20:03:13,036 - INFO  - ([42] Epoch) Saving checkpoint to:
             Current: /root/autodl-tmp/retraining-free-quantization/training/r18_c10_nude_0.02_sim_normal_seed_repair/r18_c10_nude_0.02_sim_normal_seed_repair_checkpoint.pth.tar

2025-12-28 20:03:13,038 - INFO  - 🎲 Epoch 42: FaultInjector seed rotated to 84
2025-12-28 20:03:13,046 - INFO  - [NUDE] Epoch 42: force max bit-width W/A = 6
2025-12-28 20:03:13,046 - INFO  - ================================================================================
2025-12-28 20:03:13,046 - INFO  - 🔥 [NUDE] BFAT ACTIVE
2025-12-28 20:03:13,046 - INFO  -    Loss Type: direct_ce
2025-12-28 20:03:13,046 - INFO  -    Proj Mode: direction
2025-12-28 20:03:13,046 - INFO  -    Injection: All Bits
2025-12-28 20:03:13,046 - INFO  - ================================================================================
2025-12-28 20:03:25,669 - INFO  - [NUDE][TRAIN] Epoch 42/100 Iter 20/390 Loss 0.0494 ResLoss 0.0526 BfatLoss 0.1060 Top1 98.20 Top5 100.00
2025-12-28 20:03:37,911 - INFO  - [NUDE][TRAIN] Epoch 42/100 Iter 40/390 Loss 0.0539 ResLoss 0.0569 BfatLoss 0.1054 Top1 98.11 Top5 100.00
2025-12-28 20:03:50,066 - INFO  - [NUDE][TRAIN] Epoch 42/100 Iter 60/390 Loss 0.0498 ResLoss 0.0526 BfatLoss 0.0981 Top1 98.28 Top5 100.00
2025-12-28 20:04:02,407 - INFO  - [NUDE][TRAIN] Epoch 42/100 Iter 80/390 Loss 0.0492 ResLoss 0.0518 BfatLoss 0.0964 Top1 98.32 Top5 100.00
2025-12-28 20:04:14,581 - INFO  - [NUDE][TRAIN] Epoch 42/100 Iter 100/390 Loss 0.0492 ResLoss 0.0517 BfatLoss 0.0959 Top1 98.34 Top5 100.00
2025-12-28 20:04:26,862 - INFO  - [NUDE][TRAIN] Epoch 42/100 Iter 120/390 Loss 0.0492 ResLoss 0.0516 BfatLoss 0.0947 Top1 98.32 Top5 100.00
2025-12-28 20:04:39,153 - INFO  - [NUDE][TRAIN] Epoch 42/100 Iter 140/390 Loss 0.0498 ResLoss 0.0524 BfatLoss 0.0951 Top1 98.28 Top5 100.00
2025-12-28 20:04:51,314 - INFO  - [NUDE][TRAIN] Epoch 42/100 Iter 160/390 Loss 0.0504 ResLoss 0.0531 BfatLoss 0.0940 Top1 98.26 Top5 100.00
2025-12-28 20:05:03,610 - INFO  - [NUDE][TRAIN] Epoch 42/100 Iter 180/390 Loss 0.0528 ResLoss 0.0555 BfatLoss 0.0978 Top1 98.16 Top5 100.00
2025-12-28 20:05:15,778 - INFO  - [NUDE][TRAIN] Epoch 42/100 Iter 200/390 Loss 0.0567 ResLoss 0.0593 BfatLoss 0.1007 Top1 98.04 Top5 100.00
2025-12-28 20:05:28,073 - INFO  - [NUDE][TRAIN] Epoch 42/100 Iter 220/390 Loss 0.0582 ResLoss 0.0606 BfatLoss 0.1015 Top1 97.99 Top5 100.00
2025-12-28 20:05:40,292 - INFO  - [NUDE][TRAIN] Epoch 42/100 Iter 240/390 Loss 0.0589 ResLoss 0.0612 BfatLoss 0.1021 Top1 97.97 Top5 100.00
2025-12-28 20:05:52,384 - INFO  - [NUDE][TRAIN] Epoch 42/100 Iter 260/390 Loss 0.0599 ResLoss 0.0624 BfatLoss 0.1033 Top1 97.92 Top5 99.99
2025-12-28 20:06:04,559 - INFO  - [NUDE][TRAIN] Epoch 42/100 Iter 280/390 Loss 0.0601 ResLoss 0.0625 BfatLoss 0.1039 Top1 97.94 Top5 99.99
2025-12-28 20:06:16,756 - INFO  - [NUDE][TRAIN] Epoch 42/100 Iter 300/390 Loss 0.0602 ResLoss 0.0627 BfatLoss 0.1043 Top1 97.95 Top5 99.99
2025-12-28 20:06:29,109 - INFO  - [NUDE][TRAIN] Epoch 42/100 Iter 320/390 Loss 0.0609 ResLoss 0.0634 BfatLoss 0.1052 Top1 97.92 Top5 100.00
2025-12-28 20:06:41,359 - INFO  - [NUDE][TRAIN] Epoch 42/100 Iter 340/390 Loss 0.0611 ResLoss 0.0636 BfatLoss 0.1055 Top1 97.92 Top5 100.00
2025-12-28 20:06:53,804 - INFO  - [NUDE][TRAIN] Epoch 42/100 Iter 360/390 Loss 0.0608 ResLoss 0.0634 BfatLoss 0.1052 Top1 97.93 Top5 100.00
2025-12-28 20:07:06,060 - INFO  - [NUDE][TRAIN] Epoch 42/100 Iter 380/390 Loss 0.0612 ResLoss 0.0639 BfatLoss 0.1059 Top1 97.92 Top5 100.00
2025-12-28 20:07:12,205 - INFO  - [NUDE] Validate: force max bit-width W/A = 6
2025-12-28 20:07:14,570 - INFO  - [NUDE][EPOCH] 42/100 Train: Top1=97.94 Top5=100.00 Loss=0.0609 | Val(EMA): Top1=92.90
2025-12-28 20:07:14,570 - INFO  -   ⏱️  本Epoch耗时: 4分1秒 | 平均Epoch耗时: 4分0秒 | 剩余Epoch数: 57
2025-12-28 20:07:14,570 - INFO  -   📅 预估剩余时间: 3小时48分43秒 | 预估完成时间: 2025-12-28 23:55:58
2025-12-28 20:07:15,158 - INFO  - ([43] Epoch) Saving checkpoint to:
             Current: /root/autodl-tmp/retraining-free-quantization/training/r18_c10_nude_0.02_sim_normal_seed_repair/r18_c10_nude_0.02_sim_normal_seed_repair_checkpoint.pth.tar

2025-12-28 20:07:15,161 - INFO  - 🎲 Epoch 43: FaultInjector seed rotated to 85
2025-12-28 20:07:15,169 - INFO  - [NUDE] Epoch 43: force max bit-width W/A = 6
2025-12-28 20:07:15,169 - INFO  - ================================================================================
2025-12-28 20:07:15,169 - INFO  - 🔥 [NUDE] BFAT ACTIVE
2025-12-28 20:07:15,169 - INFO  -    Loss Type: direct_ce
2025-12-28 20:07:15,169 - INFO  -    Proj Mode: direction
2025-12-28 20:07:15,169 - INFO  -    Injection: All Bits
2025-12-28 20:07:15,169 - INFO  - ================================================================================
2025-12-28 20:07:27,753 - INFO  - [NUDE][TRAIN] Epoch 43/100 Iter 20/390 Loss 0.0473 ResLoss 0.0495 BfatLoss 0.0871 Top1 98.55 Top5 100.00
2025-12-28 20:07:40,069 - INFO  - [NUDE][TRAIN] Epoch 43/100 Iter 40/390 Loss 0.0501 ResLoss 0.0518 BfatLoss 0.0933 Top1 98.44 Top5 99.98
2025-12-28 20:07:52,310 - INFO  - [NUDE][TRAIN] Epoch 43/100 Iter 60/390 Loss 0.0525 ResLoss 0.0555 BfatLoss 0.0983 Top1 98.33 Top5 99.99
2025-12-28 20:08:04,494 - INFO  - [NUDE][TRAIN] Epoch 43/100 Iter 80/390 Loss 0.0535 ResLoss 0.0564 BfatLoss 0.0987 Top1 98.33 Top5 99.99
2025-12-28 20:08:16,557 - INFO  - [NUDE][TRAIN] Epoch 43/100 Iter 100/390 Loss 0.0553 ResLoss 0.0580 BfatLoss 0.1018 Top1 98.27 Top5 99.99
2025-12-28 20:08:28,702 - INFO  - [NUDE][TRAIN] Epoch 43/100 Iter 120/390 Loss 0.0531 ResLoss 0.0559 BfatLoss 0.0988 Top1 98.34 Top5 99.99
2025-12-28 20:08:40,902 - INFO  - [NUDE][TRAIN] Epoch 43/100 Iter 140/390 Loss 0.0531 ResLoss 0.0556 BfatLoss 0.0983 Top1 98.28 Top5 99.99
2025-12-28 20:08:52,937 - INFO  - [NUDE][TRAIN] Epoch 43/100 Iter 160/390 Loss 0.0539 ResLoss 0.0565 BfatLoss 0.1000 Top1 98.22 Top5 100.00
2025-12-28 20:09:05,108 - INFO  - [NUDE][TRAIN] Epoch 43/100 Iter 180/390 Loss 0.0556 ResLoss 0.0581 BfatLoss 0.1011 Top1 98.15 Top5 100.00
2025-12-28 20:09:17,088 - INFO  - [NUDE][TRAIN] Epoch 43/100 Iter 200/390 Loss 0.0558 ResLoss 0.0582 BfatLoss 0.1007 Top1 98.12 Top5 100.00
2025-12-28 20:09:29,186 - INFO  - [NUDE][TRAIN] Epoch 43/100 Iter 220/390 Loss 0.0561 ResLoss 0.0587 BfatLoss 0.1014 Top1 98.10 Top5 100.00
2025-12-28 20:09:41,379 - INFO  - [NUDE][TRAIN] Epoch 43/100 Iter 240/390 Loss 0.0573 ResLoss 0.0598 BfatLoss 0.1034 Top1 98.05 Top5 100.00
2025-12-28 20:09:53,437 - INFO  - [NUDE][TRAIN] Epoch 43/100 Iter 260/390 Loss 0.0587 ResLoss 0.0614 BfatLoss 0.1043 Top1 98.00 Top5 100.00
2025-12-28 20:10:05,698 - INFO  - [NUDE][TRAIN] Epoch 43/100 Iter 280/390 Loss 0.0588 ResLoss 0.0613 BfatLoss 0.1037 Top1 98.00 Top5 100.00
2025-12-28 20:10:17,741 - INFO  - [NUDE][TRAIN] Epoch 43/100 Iter 300/390 Loss 0.0591 ResLoss 0.0616 BfatLoss 0.1038 Top1 97.99 Top5 99.99
2025-12-28 20:10:29,967 - INFO  - [NUDE][TRAIN] Epoch 43/100 Iter 320/390 Loss 0.0600 ResLoss 0.0626 BfatLoss 0.1046 Top1 97.96 Top5 100.00
2025-12-28 20:10:42,166 - INFO  - [NUDE][TRAIN] Epoch 43/100 Iter 340/390 Loss 0.0607 ResLoss 0.0633 BfatLoss 0.1056 Top1 97.93 Top5 100.00
2025-12-28 20:10:54,208 - INFO  - [NUDE][TRAIN] Epoch 43/100 Iter 360/390 Loss 0.0604 ResLoss 0.0630 BfatLoss 0.1057 Top1 97.94 Top5 100.00
2025-12-28 20:11:06,343 - INFO  - [NUDE][TRAIN] Epoch 43/100 Iter 380/390 Loss 0.0607 ResLoss 0.0632 BfatLoss 0.1056 Top1 97.93 Top5 99.99
2025-12-28 20:11:12,427 - INFO  - [NUDE] Validate: force max bit-width W/A = 6
2025-12-28 20:11:14,783 - INFO  - [NUDE][EPOCH] 43/100 Train: Top1=97.93 Top5=99.99 Loss=0.0609 | Val(EMA): Top1=93.06
2025-12-28 20:11:14,783 - INFO  -   ⏱️  本Epoch耗时: 3分59秒 | 平均Epoch耗时: 4分0秒 | 剩余Epoch数: 56
2025-12-28 20:11:14,783 - INFO  -   📅 预估剩余时间: 3小时44分14秒 | 预估完成时间: 2025-12-28 23:55:29
2025-12-28 20:11:15,354 - INFO  - ([44] Epoch) Saving checkpoint to:
             Current: /root/autodl-tmp/retraining-free-quantization/training/r18_c10_nude_0.02_sim_normal_seed_repair/r18_c10_nude_0.02_sim_normal_seed_repair_checkpoint.pth.tar

2025-12-28 20:11:15,357 - INFO  - 🎲 Epoch 44: FaultInjector seed rotated to 86
2025-12-28 20:11:15,367 - INFO  - [NUDE] Epoch 44: force max bit-width W/A = 6
2025-12-28 20:11:15,368 - INFO  - ================================================================================
2025-12-28 20:11:15,368 - INFO  - 🔥 [NUDE] BFAT ACTIVE
2025-12-28 20:11:15,368 - INFO  -    Loss Type: direct_ce
2025-12-28 20:11:15,368 - INFO  -    Proj Mode: direction
2025-12-28 20:11:15,368 - INFO  -    Injection: All Bits
2025-12-28 20:11:15,368 - INFO  - ================================================================================
2025-12-28 20:11:27,857 - INFO  - [NUDE][TRAIN] Epoch 44/100 Iter 20/390 Loss 0.0497 ResLoss 0.0531 BfatLoss 0.0910 Top1 98.32 Top5 100.00
2025-12-28 20:11:39,978 - INFO  - [NUDE][TRAIN] Epoch 44/100 Iter 40/390 Loss 0.0502 ResLoss 0.0536 BfatLoss 0.0960 Top1 98.28 Top5 100.00
2025-12-28 20:11:52,184 - INFO  - [NUDE][TRAIN] Epoch 44/100 Iter 60/390 Loss 0.0531 ResLoss 0.0560 BfatLoss 0.0982 Top1 98.15 Top5 100.00
2025-12-28 20:12:04,366 - INFO  - [NUDE][TRAIN] Epoch 44/100 Iter 80/390 Loss 0.0544 ResLoss 0.0577 BfatLoss 0.1000 Top1 98.05 Top5 99.99
2025-12-28 20:12:16,382 - INFO  - [NUDE][TRAIN] Epoch 44/100 Iter 100/390 Loss 0.0548 ResLoss 0.0579 BfatLoss 0.0998 Top1 98.05 Top5 99.99
2025-12-28 20:12:28,644 - INFO  - [NUDE][TRAIN] Epoch 44/100 Iter 120/390 Loss 0.0552 ResLoss 0.0579 BfatLoss 0.0995 Top1 98.07 Top5 99.98
2025-12-28 20:12:40,629 - INFO  - [NUDE][TRAIN] Epoch 44/100 Iter 140/390 Loss 0.0547 ResLoss 0.0572 BfatLoss 0.0984 Top1 98.06 Top5 99.98
2025-12-28 20:12:52,788 - INFO  - [NUDE][TRAIN] Epoch 44/100 Iter 160/390 Loss 0.0535 ResLoss 0.0562 BfatLoss 0.0964 Top1 98.10 Top5 99.99
2025-12-28 20:13:04,979 - INFO  - [NUDE][TRAIN] Epoch 44/100 Iter 180/390 Loss 0.0535 ResLoss 0.0560 BfatLoss 0.0970 Top1 98.12 Top5 99.98
2025-12-28 20:13:17,049 - INFO  - [NUDE][TRAIN] Epoch 44/100 Iter 200/390 Loss 0.0524 ResLoss 0.0550 BfatLoss 0.0957 Top1 98.15 Top5 99.98
2025-12-28 20:13:29,257 - INFO  - [NUDE][TRAIN] Epoch 44/100 Iter 220/390 Loss 0.0521 ResLoss 0.0548 BfatLoss 0.0958 Top1 98.17 Top5 99.99
2025-12-28 20:13:41,341 - INFO  - [NUDE][TRAIN] Epoch 44/100 Iter 240/390 Loss 0.0526 ResLoss 0.0551 BfatLoss 0.0964 Top1 98.16 Top5 99.99
2025-12-28 20:13:53,533 - INFO  - [NUDE][TRAIN] Epoch 44/100 Iter 260/390 Loss 0.0531 ResLoss 0.0557 BfatLoss 0.0975 Top1 98.15 Top5 99.99
2025-12-28 20:14:05,660 - INFO  - [NUDE][TRAIN] Epoch 44/100 Iter 280/390 Loss 0.0531 ResLoss 0.0557 BfatLoss 0.0979 Top1 98.15 Top5 99.99
2025-12-28 20:14:17,602 - INFO  - [NUDE][TRAIN] Epoch 44/100 Iter 300/390 Loss 0.0540 ResLoss 0.0567 BfatLoss 0.0982 Top1 98.11 Top5 99.99
2025-12-28 20:14:29,794 - INFO  - [NUDE][TRAIN] Epoch 44/100 Iter 320/390 Loss 0.0546 ResLoss 0.0574 BfatLoss 0.0981 Top1 98.07 Top5 99.99
2025-12-28 20:14:41,944 - INFO  - [NUDE][TRAIN] Epoch 44/100 Iter 340/390 Loss 0.0541 ResLoss 0.0568 BfatLoss 0.0974 Top1 98.09 Top5 99.99
2025-12-28 20:14:54,284 - INFO  - [NUDE][TRAIN] Epoch 44/100 Iter 360/390 Loss 0.0543 ResLoss 0.0570 BfatLoss 0.0973 Top1 98.07 Top5 99.99
2025-12-28 20:15:06,639 - INFO  - [NUDE][TRAIN] Epoch 44/100 Iter 380/390 Loss 0.0545 ResLoss 0.0572 BfatLoss 0.0982 Top1 98.06 Top5 99.99
2025-12-28 20:15:12,841 - INFO  - [NUDE] Validate: force max bit-width W/A = 6
2025-12-28 20:15:15,186 - INFO  - [NUDE][EPOCH] 44/100 Train: Top1=98.05 Top5=99.99 Loss=0.0549 | Val(EMA): Top1=93.06
2025-12-28 20:15:15,186 - INFO  -   ⏱️  本Epoch耗时: 3分59秒 | 平均Epoch耗时: 3分59秒 | 剩余Epoch数: 55
2025-12-28 20:15:15,186 - INFO  -   📅 预估剩余时间: 3小时39分59秒 | 预估完成时间: 2025-12-28 23:55:14
2025-12-28 20:15:15,800 - INFO  - ([45] Epoch) Saving checkpoint to:
             Current: /root/autodl-tmp/retraining-free-quantization/training/r18_c10_nude_0.02_sim_normal_seed_repair/r18_c10_nude_0.02_sim_normal_seed_repair_checkpoint.pth.tar

2025-12-28 20:15:15,804 - INFO  - 🎲 Epoch 45: FaultInjector seed rotated to 87
2025-12-28 20:15:15,811 - INFO  - [NUDE] Epoch 45: force max bit-width W/A = 6
2025-12-28 20:15:15,812 - INFO  - ================================================================================
2025-12-28 20:15:15,812 - INFO  - 🔥 [NUDE] BFAT ACTIVE
2025-12-28 20:15:15,812 - INFO  -    Loss Type: direct_ce
2025-12-28 20:15:15,812 - INFO  -    Proj Mode: direction
2025-12-28 20:15:15,812 - INFO  -    Injection: All Bits
2025-12-28 20:15:15,812 - INFO  - ================================================================================
2025-12-28 20:15:28,570 - INFO  - [NUDE][TRAIN] Epoch 45/100 Iter 20/390 Loss 0.0498 ResLoss 0.0521 BfatLoss 0.0915 Top1 98.59 Top5 100.00
2025-12-28 20:15:40,747 - INFO  - [NUDE][TRAIN] Epoch 45/100 Iter 40/390 Loss 0.0442 ResLoss 0.0463 BfatLoss 0.0814 Top1 98.61 Top5 100.00
2025-12-28 20:15:53,125 - INFO  - [NUDE][TRAIN] Epoch 45/100 Iter 60/390 Loss 0.0465 ResLoss 0.0488 BfatLoss 0.0840 Top1 98.57 Top5 100.00
2025-12-28 20:16:05,406 - INFO  - [NUDE][TRAIN] Epoch 45/100 Iter 80/390 Loss 0.0480 ResLoss 0.0501 BfatLoss 0.0861 Top1 98.54 Top5 100.00
2025-12-28 20:16:17,633 - INFO  - [NUDE][TRAIN] Epoch 45/100 Iter 100/390 Loss 0.0505 ResLoss 0.0529 BfatLoss 0.0904 Top1 98.37 Top5 100.00
2025-12-28 20:16:29,934 - INFO  - [NUDE][TRAIN] Epoch 45/100 Iter 120/390 Loss 0.0496 ResLoss 0.0518 BfatLoss 0.0911 Top1 98.36 Top5 100.00
2025-12-28 20:16:42,186 - INFO  - [NUDE][TRAIN] Epoch 45/100 Iter 140/390 Loss 0.0493 ResLoss 0.0513 BfatLoss 0.0899 Top1 98.36 Top5 100.00
2025-12-28 20:16:54,602 - INFO  - [NUDE][TRAIN] Epoch 45/100 Iter 160/390 Loss 0.0485 ResLoss 0.0508 BfatLoss 0.0894 Top1 98.35 Top5 100.00
2025-12-28 20:17:06,868 - INFO  - [NUDE][TRAIN] Epoch 45/100 Iter 180/390 Loss 0.0490 ResLoss 0.0512 BfatLoss 0.0918 Top1 98.34 Top5 100.00
2025-12-28 20:17:19,063 - INFO  - [NUDE][TRAIN] Epoch 45/100 Iter 200/390 Loss 0.0481 ResLoss 0.0504 BfatLoss 0.0912 Top1 98.38 Top5 100.00
2025-12-28 20:17:31,292 - INFO  - [NUDE][TRAIN] Epoch 45/100 Iter 220/390 Loss 0.0476 ResLoss 0.0500 BfatLoss 0.0907 Top1 98.38 Top5 100.00
2025-12-28 20:17:43,428 - INFO  - [NUDE][TRAIN] Epoch 45/100 Iter 240/390 Loss 0.0475 ResLoss 0.0499 BfatLoss 0.0909 Top1 98.38 Top5 100.00
2025-12-28 20:17:55,752 - INFO  - [NUDE][TRAIN] Epoch 45/100 Iter 260/390 Loss 0.0484 ResLoss 0.0506 BfatLoss 0.0914 Top1 98.34 Top5 100.00
2025-12-28 20:18:08,011 - INFO  - [NUDE][TRAIN] Epoch 45/100 Iter 280/390 Loss 0.0495 ResLoss 0.0517 BfatLoss 0.0931 Top1 98.32 Top5 99.99
2025-12-28 20:18:20,202 - INFO  - [NUDE][TRAIN] Epoch 45/100 Iter 300/390 Loss 0.0508 ResLoss 0.0529 BfatLoss 0.0941 Top1 98.26 Top5 99.99
2025-12-28 20:18:32,625 - INFO  - [NUDE][TRAIN] Epoch 45/100 Iter 320/390 Loss 0.0511 ResLoss 0.0534 BfatLoss 0.0948 Top1 98.25 Top5 100.00
2025-12-28 20:18:44,890 - INFO  - [NUDE][TRAIN] Epoch 45/100 Iter 340/390 Loss 0.0514 ResLoss 0.0537 BfatLoss 0.0951 Top1 98.23 Top5 100.00
2025-12-28 20:18:57,096 - INFO  - [NUDE][TRAIN] Epoch 45/100 Iter 360/390 Loss 0.0510 ResLoss 0.0532 BfatLoss 0.0947 Top1 98.24 Top5 100.00
2025-12-28 20:19:09,380 - INFO  - [NUDE][TRAIN] Epoch 45/100 Iter 380/390 Loss 0.0513 ResLoss 0.0534 BfatLoss 0.0953 Top1 98.24 Top5 100.00
2025-12-28 20:19:15,521 - INFO  - [NUDE] Validate: force max bit-width W/A = 6
2025-12-28 20:19:17,802 - INFO  - [NUDE][EPOCH] 45/100 Train: Top1=98.23 Top5=100.00 Loss=0.0514 | Val(EMA): Top1=93.22
2025-12-28 20:19:17,802 - INFO  -   ⏱️  本Epoch耗时: 4分1秒 | 平均Epoch耗时: 4分0秒 | 剩余Epoch数: 54
2025-12-28 20:19:17,802 - INFO  -   📅 预估剩余时间: 3小时36分29秒 | 预估完成时间: 2025-12-28 23:55:47
2025-12-28 20:19:18,505 - INFO  - ([46] Epoch) Saving checkpoint to:
             Current: /root/autodl-tmp/retraining-free-quantization/training/r18_c10_nude_0.02_sim_normal_seed_repair/r18_c10_nude_0.02_sim_normal_seed_repair_checkpoint.pth.tar

2025-12-28 20:19:18,508 - INFO  - 🎲 Epoch 46: FaultInjector seed rotated to 88
2025-12-28 20:19:18,516 - INFO  - [NUDE] Epoch 46: force max bit-width W/A = 6
2025-12-28 20:19:18,516 - INFO  - ================================================================================
2025-12-28 20:19:18,516 - INFO  - 🔥 [NUDE] BFAT ACTIVE
2025-12-28 20:19:18,516 - INFO  -    Loss Type: direct_ce
2025-12-28 20:19:18,516 - INFO  -    Proj Mode: direction
2025-12-28 20:19:18,516 - INFO  -    Injection: All Bits
2025-12-28 20:19:18,516 - INFO  - ================================================================================
2025-12-28 20:19:31,124 - INFO  - [NUDE][TRAIN] Epoch 46/100 Iter 20/390 Loss 0.0297 ResLoss 0.0317 BfatLoss 0.0671 Top1 99.14 Top5 100.00
2025-12-28 20:19:43,448 - INFO  - [NUDE][TRAIN] Epoch 46/100 Iter 40/390 Loss 0.0314 ResLoss 0.0328 BfatLoss 0.0678 Top1 98.98 Top5 100.00
2025-12-28 20:19:55,601 - INFO  - [NUDE][TRAIN] Epoch 46/100 Iter 60/390 Loss 0.0371 ResLoss 0.0391 BfatLoss 0.0761 Top1 98.67 Top5 100.00
2025-12-28 20:20:07,888 - INFO  - [NUDE][TRAIN] Epoch 46/100 Iter 80/390 Loss 0.0399 ResLoss 0.0422 BfatLoss 0.0799 Top1 98.55 Top5 100.00
2025-12-28 20:20:20,085 - INFO  - [NUDE][TRAIN] Epoch 46/100 Iter 100/390 Loss 0.0404 ResLoss 0.0428 BfatLoss 0.0802 Top1 98.55 Top5 100.00
2025-12-28 20:20:32,326 - INFO  - [NUDE][TRAIN] Epoch 46/100 Iter 120/390 Loss 0.0412 ResLoss 0.0434 BfatLoss 0.0809 Top1 98.55 Top5 99.99
2025-12-28 20:20:44,497 - INFO  - [NUDE][TRAIN] Epoch 46/100 Iter 140/390 Loss 0.0411 ResLoss 0.0432 BfatLoss 0.0810 Top1 98.55 Top5 99.99
2025-12-28 20:20:56,866 - INFO  - [NUDE][TRAIN] Epoch 46/100 Iter 160/390 Loss 0.0415 ResLoss 0.0438 BfatLoss 0.0819 Top1 98.53 Top5 100.00
2025-12-28 20:21:09,188 - INFO  - [NUDE][TRAIN] Epoch 46/100 Iter 180/390 Loss 0.0433 ResLoss 0.0458 BfatLoss 0.0847 Top1 98.49 Top5 100.00
2025-12-28 20:21:21,294 - INFO  - [NUDE][TRAIN] Epoch 46/100 Iter 200/390 Loss 0.0432 ResLoss 0.0456 BfatLoss 0.0836 Top1 98.50 Top5 99.99
2025-12-28 20:21:33,490 - INFO  - [NUDE][TRAIN] Epoch 46/100 Iter 220/390 Loss 0.0446 ResLoss 0.0469 BfatLoss 0.0854 Top1 98.46 Top5 99.99
2025-12-28 20:21:45,694 - INFO  - [NUDE][TRAIN] Epoch 46/100 Iter 240/390 Loss 0.0447 ResLoss 0.0469 BfatLoss 0.0861 Top1 98.45 Top5 99.99
2025-12-28 20:21:57,824 - INFO  - [NUDE][TRAIN] Epoch 46/100 Iter 260/390 Loss 0.0453 ResLoss 0.0475 BfatLoss 0.0870 Top1 98.45 Top5 99.99
2025-12-28 20:22:10,022 - INFO  - [NUDE][TRAIN] Epoch 46/100 Iter 280/390 Loss 0.0460 ResLoss 0.0483 BfatLoss 0.0878 Top1 98.43 Top5 99.99
2025-12-28 20:22:22,083 - INFO  - [NUDE][TRAIN] Epoch 46/100 Iter 300/390 Loss 0.0472 ResLoss 0.0495 BfatLoss 0.0892 Top1 98.39 Top5 99.99
2025-12-28 20:22:34,363 - INFO  - [NUDE][TRAIN] Epoch 46/100 Iter 320/390 Loss 0.0488 ResLoss 0.0512 BfatLoss 0.0914 Top1 98.33 Top5 99.99
2025-12-28 20:22:46,529 - INFO  - [NUDE][TRAIN] Epoch 46/100 Iter 340/390 Loss 0.0494 ResLoss 0.0518 BfatLoss 0.0926 Top1 98.31 Top5 99.99
2025-12-28 20:22:58,621 - INFO  - [NUDE][TRAIN] Epoch 46/100 Iter 360/390 Loss 0.0498 ResLoss 0.0521 BfatLoss 0.0930 Top1 98.29 Top5 99.99
2025-12-28 20:23:10,787 - INFO  - [NUDE][TRAIN] Epoch 46/100 Iter 380/390 Loss 0.0505 ResLoss 0.0528 BfatLoss 0.0943 Top1 98.26 Top5 99.99
2025-12-28 20:23:16,862 - INFO  - [NUDE] Validate: force max bit-width W/A = 6
2025-12-28 20:23:19,220 - INFO  - [NUDE][EPOCH] 46/100 Train: Top1=98.25 Top5=99.99 Loss=0.0509 | Val(EMA): Top1=93.39
2025-12-28 20:23:19,220 - INFO  -   ⏱️  本Epoch耗时: 4分0秒 | 平均Epoch耗时: 4分0秒 | 剩余Epoch数: 53
2025-12-28 20:23:19,220 - INFO  -   📅 预估剩余时间: 3小时32分39秒 | 预估完成时间: 2025-12-28 23:55:58
2025-12-28 20:23:19,805 - INFO  - ([47] Epoch) Saving checkpoint to:
             Current: /root/autodl-tmp/retraining-free-quantization/training/r18_c10_nude_0.02_sim_normal_seed_repair/r18_c10_nude_0.02_sim_normal_seed_repair_checkpoint.pth.tar

2025-12-28 20:23:19,808 - INFO  - 🎲 Epoch 47: FaultInjector seed rotated to 89
2025-12-28 20:23:19,816 - INFO  - [NUDE] Epoch 47: force max bit-width W/A = 6
2025-12-28 20:23:19,816 - INFO  - ================================================================================
2025-12-28 20:23:19,816 - INFO  - 🔥 [NUDE] BFAT ACTIVE
2025-12-28 20:23:19,816 - INFO  -    Loss Type: direct_ce
2025-12-28 20:23:19,816 - INFO  -    Proj Mode: direction
2025-12-28 20:23:19,816 - INFO  -    Injection: All Bits
2025-12-28 20:23:19,816 - INFO  - ================================================================================
2025-12-28 20:23:32,341 - INFO  - [NUDE][TRAIN] Epoch 47/100 Iter 20/390 Loss 0.0557 ResLoss 0.0592 BfatLoss 0.0931 Top1 98.28 Top5 99.96
2025-12-28 20:23:44,475 - INFO  - [NUDE][TRAIN] Epoch 47/100 Iter 40/390 Loss 0.0547 ResLoss 0.0582 BfatLoss 0.0968 Top1 98.16 Top5 99.98
2025-12-28 20:23:56,734 - INFO  - [NUDE][TRAIN] Epoch 47/100 Iter 60/390 Loss 0.0519 ResLoss 0.0554 BfatLoss 0.0958 Top1 98.16 Top5 99.99
2025-12-28 20:24:09,014 - INFO  - [NUDE][TRAIN] Epoch 47/100 Iter 80/390 Loss 0.0524 ResLoss 0.0558 BfatLoss 0.0967 Top1 98.10 Top5 99.99
2025-12-28 20:24:21,130 - INFO  - [NUDE][TRAIN] Epoch 47/100 Iter 100/390 Loss 0.0515 ResLoss 0.0550 BfatLoss 0.0949 Top1 98.14 Top5 99.99
2025-12-28 20:24:33,257 - INFO  - [NUDE][TRAIN] Epoch 47/100 Iter 120/390 Loss 0.0502 ResLoss 0.0538 BfatLoss 0.0945 Top1 98.21 Top5 99.99
2025-12-28 20:24:45,320 - INFO  - [NUDE][TRAIN] Epoch 47/100 Iter 140/390 Loss 0.0490 ResLoss 0.0526 BfatLoss 0.0918 Top1 98.26 Top5 99.99
2025-12-28 20:24:57,500 - INFO  - [NUDE][TRAIN] Epoch 47/100 Iter 160/390 Loss 0.0481 ResLoss 0.0517 BfatLoss 0.0906 Top1 98.32 Top5 99.99
2025-12-28 20:25:09,675 - INFO  - [NUDE][TRAIN] Epoch 47/100 Iter 180/390 Loss 0.0471 ResLoss 0.0507 BfatLoss 0.0887 Top1 98.38 Top5 99.99
2025-12-28 20:25:21,757 - INFO  - [NUDE][TRAIN] Epoch 47/100 Iter 200/390 Loss 0.0470 ResLoss 0.0505 BfatLoss 0.0897 Top1 98.38 Top5 99.98
2025-12-28 20:25:33,950 - INFO  - [NUDE][TRAIN] Epoch 47/100 Iter 220/390 Loss 0.0465 ResLoss 0.0498 BfatLoss 0.0880 Top1 98.38 Top5 99.98
2025-12-28 20:25:46,029 - INFO  - [NUDE][TRAIN] Epoch 47/100 Iter 240/390 Loss 0.0464 ResLoss 0.0496 BfatLoss 0.0879 Top1 98.38 Top5 99.98
2025-12-28 20:25:58,203 - INFO  - [NUDE][TRAIN] Epoch 47/100 Iter 260/390 Loss 0.0469 ResLoss 0.0501 BfatLoss 0.0892 Top1 98.37 Top5 99.98
2025-12-28 20:26:10,259 - INFO  - [NUDE][TRAIN] Epoch 47/100 Iter 280/390 Loss 0.0465 ResLoss 0.0497 BfatLoss 0.0890 Top1 98.37 Top5 99.99
2025-12-28 20:26:22,366 - INFO  - [NUDE][TRAIN] Epoch 47/100 Iter 300/390 Loss 0.0464 ResLoss 0.0495 BfatLoss 0.0883 Top1 98.38 Top5 99.99
2025-12-28 20:26:34,627 - INFO  - [NUDE][TRAIN] Epoch 47/100 Iter 320/390 Loss 0.0471 ResLoss 0.0503 BfatLoss 0.0891 Top1 98.36 Top5 99.99
2025-12-28 20:26:46,696 - INFO  - [NUDE][TRAIN] Epoch 47/100 Iter 340/390 Loss 0.0471 ResLoss 0.0501 BfatLoss 0.0892 Top1 98.37 Top5 99.99
2025-12-28 20:26:58,941 - INFO  - [NUDE][TRAIN] Epoch 47/100 Iter 360/390 Loss 0.0471 ResLoss 0.0501 BfatLoss 0.0891 Top1 98.36 Top5 99.99
2025-12-28 20:27:11,115 - INFO  - [NUDE][TRAIN] Epoch 47/100 Iter 380/390 Loss 0.0468 ResLoss 0.0498 BfatLoss 0.0890 Top1 98.37 Top5 99.99
2025-12-28 20:27:17,163 - INFO  - [NUDE] Validate: force max bit-width W/A = 6
2025-12-28 20:27:19,448 - INFO  - [NUDE][EPOCH] 47/100 Train: Top1=98.38 Top5=99.99 Loss=0.0467 | Val(EMA): Top1=93.38
2025-12-28 20:27:19,449 - INFO  -   ⏱️  本Epoch耗时: 3分59秒 | 平均Epoch耗时: 4分0秒 | 剩余Epoch数: 52
2025-12-28 20:27:19,449 - INFO  -   📅 预估剩余时间: 3小时28分18秒 | 预估完成时间: 2025-12-28 23:55:38
2025-12-28 20:27:20,042 - INFO  - ([48] Epoch) Saving checkpoint to:
             Current: /root/autodl-tmp/retraining-free-quantization/training/r18_c10_nude_0.02_sim_normal_seed_repair/r18_c10_nude_0.02_sim_normal_seed_repair_checkpoint.pth.tar

2025-12-28 20:27:20,045 - INFO  - 🎲 Epoch 48: FaultInjector seed rotated to 90
2025-12-28 20:27:20,056 - INFO  - [NUDE] Epoch 48: force max bit-width W/A = 6
2025-12-28 20:27:20,056 - INFO  - ================================================================================
2025-12-28 20:27:20,056 - INFO  - 🔥 [NUDE] BFAT ACTIVE
2025-12-28 20:27:20,056 - INFO  -    Loss Type: direct_ce
2025-12-28 20:27:20,056 - INFO  -    Proj Mode: direction
2025-12-28 20:27:20,056 - INFO  -    Injection: All Bits
2025-12-28 20:27:20,056 - INFO  - ================================================================================
2025-12-28 20:27:32,455 - INFO  - [NUDE][TRAIN] Epoch 48/100 Iter 20/390 Loss 0.0428 ResLoss 0.0443 BfatLoss 0.0800 Top1 98.32 Top5 99.96
2025-12-28 20:27:44,452 - INFO  - [NUDE][TRAIN] Epoch 48/100 Iter 40/390 Loss 0.0411 ResLoss 0.0435 BfatLoss 0.0800 Top1 98.48 Top5 99.98
2025-12-28 20:27:56,458 - INFO  - [NUDE][TRAIN] Epoch 48/100 Iter 60/390 Loss 0.0397 ResLoss 0.0422 BfatLoss 0.0819 Top1 98.55 Top5 99.99
2025-12-28 20:28:08,708 - INFO  - [NUDE][TRAIN] Epoch 48/100 Iter 80/390 Loss 0.0386 ResLoss 0.0410 BfatLoss 0.0799 Top1 98.62 Top5 99.99
2025-12-28 20:28:20,791 - INFO  - [NUDE][TRAIN] Epoch 48/100 Iter 100/390 Loss 0.0394 ResLoss 0.0420 BfatLoss 0.0798 Top1 98.58 Top5 99.99
2025-12-28 20:28:33,166 - INFO  - [NUDE][TRAIN] Epoch 48/100 Iter 120/390 Loss 0.0389 ResLoss 0.0414 BfatLoss 0.0805 Top1 98.61 Top5 99.99
2025-12-28 20:28:45,360 - INFO  - [NUDE][TRAIN] Epoch 48/100 Iter 140/390 Loss 0.0401 ResLoss 0.0426 BfatLoss 0.0808 Top1 98.56 Top5 99.99
2025-12-28 20:28:57,717 - INFO  - [NUDE][TRAIN] Epoch 48/100 Iter 160/390 Loss 0.0397 ResLoss 0.0422 BfatLoss 0.0802 Top1 98.59 Top5 99.99
2025-12-28 20:29:09,963 - INFO  - [NUDE][TRAIN] Epoch 48/100 Iter 180/390 Loss 0.0401 ResLoss 0.0426 BfatLoss 0.0822 Top1 98.55 Top5 99.99
2025-12-28 20:29:22,109 - INFO  - [NUDE][TRAIN] Epoch 48/100 Iter 200/390 Loss 0.0401 ResLoss 0.0424 BfatLoss 0.0817 Top1 98.56 Top5 99.99
2025-12-28 20:29:34,288 - INFO  - [NUDE][TRAIN] Epoch 48/100 Iter 220/390 Loss 0.0399 ResLoss 0.0423 BfatLoss 0.0811 Top1 98.55 Top5 99.99
2025-12-28 20:29:46,424 - INFO  - [NUDE][TRAIN] Epoch 48/100 Iter 240/390 Loss 0.0402 ResLoss 0.0424 BfatLoss 0.0816 Top1 98.55 Top5 99.99
2025-12-28 20:29:58,766 - INFO  - [NUDE][TRAIN] Epoch 48/100 Iter 260/390 Loss 0.0399 ResLoss 0.0421 BfatLoss 0.0815 Top1 98.55 Top5 99.99
2025-12-28 20:30:11,017 - INFO  - [NUDE][TRAIN] Epoch 48/100 Iter 280/390 Loss 0.0405 ResLoss 0.0426 BfatLoss 0.0831 Top1 98.54 Top5 99.99
2025-12-28 20:30:23,615 - INFO  - [NUDE][TRAIN] Epoch 48/100 Iter 300/390 Loss 0.0411 ResLoss 0.0433 BfatLoss 0.0823 Top1 98.53 Top5 99.99
2025-12-28 20:30:35,800 - INFO  - [NUDE][TRAIN] Epoch 48/100 Iter 320/390 Loss 0.0411 ResLoss 0.0433 BfatLoss 0.0823 Top1 98.52 Top5 99.99
2025-12-28 20:30:48,174 - INFO  - [NUDE][TRAIN] Epoch 48/100 Iter 340/390 Loss 0.0423 ResLoss 0.0445 BfatLoss 0.0844 Top1 98.48 Top5 99.99
2025-12-28 20:31:00,556 - INFO  - [NUDE][TRAIN] Epoch 48/100 Iter 360/390 Loss 0.0425 ResLoss 0.0448 BfatLoss 0.0848 Top1 98.48 Top5 99.99
2025-12-28 20:31:12,724 - INFO  - [NUDE][TRAIN] Epoch 48/100 Iter 380/390 Loss 0.0430 ResLoss 0.0454 BfatLoss 0.0853 Top1 98.46 Top5 99.99
2025-12-28 20:31:18,919 - INFO  - [NUDE] Validate: force max bit-width W/A = 6
2025-12-28 20:31:21,248 - INFO  - [NUDE][EPOCH] 48/100 Train: Top1=98.45 Top5=99.99 Loss=0.0430 | Val(EMA): Top1=93.44
2025-12-28 20:31:21,249 - INFO  -   ⏱️  本Epoch耗时: 4分1秒 | 平均Epoch耗时: 4分0秒 | 剩余Epoch数: 51
2025-12-28 20:31:21,249 - INFO  -   📅 预估剩余时间: 3小时24分34秒 | 预估完成时间: 2025-12-28 23:55:55
2025-12-28 20:31:21,900 - INFO  - ([49] Epoch) Saving checkpoint to:
             Current: /root/autodl-tmp/retraining-free-quantization/training/r18_c10_nude_0.02_sim_normal_seed_repair/r18_c10_nude_0.02_sim_normal_seed_repair_checkpoint.pth.tar

2025-12-28 20:31:21,903 - INFO  - 🎲 Epoch 49: FaultInjector seed rotated to 91
2025-12-28 20:31:21,911 - INFO  - [NUDE] Epoch 49: force max bit-width W/A = 6
2025-12-28 20:31:21,911 - INFO  - ================================================================================
2025-12-28 20:31:21,911 - INFO  - 🔥 [NUDE] BFAT ACTIVE
2025-12-28 20:31:21,912 - INFO  -    Loss Type: direct_ce
2025-12-28 20:31:21,912 - INFO  -    Proj Mode: direction
2025-12-28 20:31:21,912 - INFO  -    Injection: All Bits
2025-12-28 20:31:21,912 - INFO  - ================================================================================
2025-12-28 20:31:34,308 - INFO  - [NUDE][TRAIN] Epoch 49/100 Iter 20/390 Loss 0.0415 ResLoss 0.0432 BfatLoss 0.0815 Top1 98.67 Top5 100.00
2025-12-28 20:31:46,581 - INFO  - [NUDE][TRAIN] Epoch 49/100 Iter 40/390 Loss 0.0445 ResLoss 0.0474 BfatLoss 0.0854 Top1 98.59 Top5 100.00
2025-12-28 20:31:58,808 - INFO  - [NUDE][TRAIN] Epoch 49/100 Iter 60/390 Loss 0.0446 ResLoss 0.0472 BfatLoss 0.0841 Top1 98.50 Top5 100.00
2025-12-28 20:32:11,065 - INFO  - [NUDE][TRAIN] Epoch 49/100 Iter 80/390 Loss 0.0441 ResLoss 0.0461 BfatLoss 0.0832 Top1 98.51 Top5 100.00
2025-12-28 20:32:23,338 - INFO  - [NUDE][TRAIN] Epoch 49/100 Iter 100/390 Loss 0.0421 ResLoss 0.0440 BfatLoss 0.0822 Top1 98.57 Top5 100.00
2025-12-28 20:32:35,510 - INFO  - [NUDE][TRAIN] Epoch 49/100 Iter 120/390 Loss 0.0427 ResLoss 0.0447 BfatLoss 0.0826 Top1 98.55 Top5 100.00
2025-12-28 20:32:47,711 - INFO  - [NUDE][TRAIN] Epoch 49/100 Iter 140/390 Loss 0.0429 ResLoss 0.0448 BfatLoss 0.0839 Top1 98.58 Top5 100.00
2025-12-28 20:33:00,015 - INFO  - [NUDE][TRAIN] Epoch 49/100 Iter 160/390 Loss 0.0423 ResLoss 0.0443 BfatLoss 0.0835 Top1 98.57 Top5 100.00
2025-12-28 20:33:12,240 - INFO  - [NUDE][TRAIN] Epoch 49/100 Iter 180/390 Loss 0.0417 ResLoss 0.0439 BfatLoss 0.0824 Top1 98.60 Top5 100.00
2025-12-28 20:33:24,546 - INFO  - [NUDE][TRAIN] Epoch 49/100 Iter 200/390 Loss 0.0419 ResLoss 0.0440 BfatLoss 0.0811 Top1 98.61 Top5 100.00
2025-12-28 20:33:36,768 - INFO  - [NUDE][TRAIN] Epoch 49/100 Iter 220/390 Loss 0.0414 ResLoss 0.0436 BfatLoss 0.0808 Top1 98.64 Top5 100.00
2025-12-28 20:33:49,046 - INFO  - [NUDE][TRAIN] Epoch 49/100 Iter 240/390 Loss 0.0413 ResLoss 0.0434 BfatLoss 0.0807 Top1 98.62 Top5 100.00
2025-12-28 20:34:01,271 - INFO  - [NUDE][TRAIN] Epoch 49/100 Iter 260/390 Loss 0.0413 ResLoss 0.0435 BfatLoss 0.0812 Top1 98.60 Top5 100.00
2025-12-28 20:34:13,519 - INFO  - [NUDE][TRAIN] Epoch 49/100 Iter 280/390 Loss 0.0408 ResLoss 0.0430 BfatLoss 0.0800 Top1 98.64 Top5 100.00
2025-12-28 20:34:25,845 - INFO  - [NUDE][TRAIN] Epoch 49/100 Iter 300/390 Loss 0.0411 ResLoss 0.0433 BfatLoss 0.0810 Top1 98.61 Top5 100.00
2025-12-28 20:34:37,965 - INFO  - [NUDE][TRAIN] Epoch 49/100 Iter 320/390 Loss 0.0413 ResLoss 0.0436 BfatLoss 0.0811 Top1 98.60 Top5 100.00
2025-12-28 20:34:50,336 - INFO  - [NUDE][TRAIN] Epoch 49/100 Iter 340/390 Loss 0.0415 ResLoss 0.0438 BfatLoss 0.0816 Top1 98.59 Top5 100.00
2025-12-28 20:35:02,445 - INFO  - [NUDE][TRAIN] Epoch 49/100 Iter 360/390 Loss 0.0422 ResLoss 0.0445 BfatLoss 0.0817 Top1 98.57 Top5 100.00
2025-12-28 20:35:14,636 - INFO  - [NUDE][TRAIN] Epoch 49/100 Iter 380/390 Loss 0.0423 ResLoss 0.0445 BfatLoss 0.0822 Top1 98.56 Top5 100.00
2025-12-28 20:35:20,752 - INFO  - [NUDE] Validate: force max bit-width W/A = 6
2025-12-28 20:35:23,110 - INFO  - [NUDE][EPOCH] 49/100 Train: Top1=98.55 Top5=100.00 Loss=0.0426 | Val(EMA): Top1=93.44
2025-12-28 20:35:23,110 - INFO  -   ⏱️  本Epoch耗时: 4分1秒 | 平均Epoch耗时: 4分0秒 | 剩余Epoch数: 50
2025-12-28 20:35:23,110 - INFO  -   📅 预估剩余时间: 3小时20分47秒 | 预估完成时间: 2025-12-28 23:56:10
2025-12-28 20:35:23,835 - INFO  - ([50] Epoch) Saving checkpoint to:
             Current: /root/autodl-tmp/retraining-free-quantization/training/r18_c10_nude_0.02_sim_normal_seed_repair/r18_c10_nude_0.02_sim_normal_seed_repair_checkpoint.pth.tar

2025-12-28 20:35:23,838 - INFO  - 🎲 Epoch 50: FaultInjector seed rotated to 92
2025-12-28 20:35:23,846 - INFO  - [NUDE] Epoch 50: force max bit-width W/A = 6
2025-12-28 20:35:23,846 - INFO  - ================================================================================
2025-12-28 20:35:23,846 - INFO  - 🔥 [NUDE] BFAT ACTIVE
2025-12-28 20:35:23,846 - INFO  -    Loss Type: direct_ce
2025-12-28 20:35:23,846 - INFO  -    Proj Mode: direction
2025-12-28 20:35:23,846 - INFO  -    Injection: All Bits
2025-12-28 20:35:23,846 - INFO  - ================================================================================
2025-12-28 20:35:36,232 - INFO  - [NUDE][TRAIN] Epoch 50/100 Iter 20/390 Loss 0.0510 ResLoss 0.0532 BfatLoss 0.0980 Top1 98.44 Top5 100.00
2025-12-28 20:35:48,455 - INFO  - [NUDE][TRAIN] Epoch 50/100 Iter 40/390 Loss 0.0467 ResLoss 0.0479 BfatLoss 0.0900 Top1 98.44 Top5 100.00
2025-12-28 20:36:00,493 - INFO  - [NUDE][TRAIN] Epoch 50/100 Iter 60/390 Loss 0.0409 ResLoss 0.0423 BfatLoss 0.0821 Top1 98.65 Top5 100.00
2025-12-28 20:36:12,564 - INFO  - [NUDE][TRAIN] Epoch 50/100 Iter 80/390 Loss 0.0389 ResLoss 0.0404 BfatLoss 0.0781 Top1 98.71 Top5 100.00
2025-12-28 20:36:24,629 - INFO  - [NUDE][TRAIN] Epoch 50/100 Iter 100/390 Loss 0.0375 ResLoss 0.0389 BfatLoss 0.0751 Top1 98.75 Top5 100.00
2025-12-28 20:36:36,681 - INFO  - [NUDE][TRAIN] Epoch 50/100 Iter 120/390 Loss 0.0376 ResLoss 0.0392 BfatLoss 0.0782 Top1 98.76 Top5 100.00
2025-12-28 20:36:48,881 - INFO  - [NUDE][TRAIN] Epoch 50/100 Iter 140/390 Loss 0.0368 ResLoss 0.0386 BfatLoss 0.0772 Top1 98.76 Top5 100.00
2025-12-28 20:37:00,882 - INFO  - [NUDE][TRAIN] Epoch 50/100 Iter 160/390 Loss 0.0372 ResLoss 0.0391 BfatLoss 0.0776 Top1 98.73 Top5 100.00
2025-12-28 20:37:13,071 - INFO  - [NUDE][TRAIN] Epoch 50/100 Iter 180/390 Loss 0.0378 ResLoss 0.0398 BfatLoss 0.0799 Top1 98.69 Top5 100.00
2025-12-28 20:37:25,262 - INFO  - [NUDE][TRAIN] Epoch 50/100 Iter 200/390 Loss 0.0376 ResLoss 0.0396 BfatLoss 0.0796 Top1 98.69 Top5 100.00
2025-12-28 20:37:37,422 - INFO  - [NUDE][TRAIN] Epoch 50/100 Iter 220/390 Loss 0.0370 ResLoss 0.0390 BfatLoss 0.0786 Top1 98.72 Top5 100.00
2025-12-28 20:37:49,558 - INFO  - [NUDE][TRAIN] Epoch 50/100 Iter 240/390 Loss 0.0374 ResLoss 0.0393 BfatLoss 0.0788 Top1 98.72 Top5 100.00
2025-12-28 20:38:01,542 - INFO  - [NUDE][TRAIN] Epoch 50/100 Iter 260/390 Loss 0.0375 ResLoss 0.0394 BfatLoss 0.0789 Top1 98.72 Top5 100.00
2025-12-28 20:38:13,746 - INFO  - [NUDE][TRAIN] Epoch 50/100 Iter 280/390 Loss 0.0373 ResLoss 0.0392 BfatLoss 0.0790 Top1 98.72 Top5 100.00
2025-12-28 20:38:25,912 - INFO  - [NUDE][TRAIN] Epoch 50/100 Iter 300/390 Loss 0.0371 ResLoss 0.0390 BfatLoss 0.0793 Top1 98.75 Top5 100.00
2025-12-28 20:38:38,074 - INFO  - [NUDE][TRAIN] Epoch 50/100 Iter 320/390 Loss 0.0371 ResLoss 0.0391 BfatLoss 0.0796 Top1 98.75 Top5 100.00
2025-12-28 20:38:50,249 - INFO  - [NUDE][TRAIN] Epoch 50/100 Iter 340/390 Loss 0.0372 ResLoss 0.0391 BfatLoss 0.0792 Top1 98.75 Top5 100.00
2025-12-28 20:39:02,346 - INFO  - [NUDE][TRAIN] Epoch 50/100 Iter 360/390 Loss 0.0373 ResLoss 0.0393 BfatLoss 0.0788 Top1 98.76 Top5 100.00
2025-12-28 20:39:14,502 - INFO  - [NUDE][TRAIN] Epoch 50/100 Iter 380/390 Loss 0.0372 ResLoss 0.0393 BfatLoss 0.0792 Top1 98.75 Top5 100.00
2025-12-28 20:39:20,606 - INFO  - [NUDE] Validate: force max bit-width W/A = 6
2025-12-28 20:39:22,977 - INFO  - [NUDE][EPOCH] 50/100 Train: Top1=98.75 Top5=100.00 Loss=0.0373 | Val(EMA): Top1=93.47
2025-12-28 20:39:22,977 - INFO  -   ⏱️  本Epoch耗时: 3分59秒 | 平均Epoch耗时: 4分0秒 | 剩余Epoch数: 49
2025-12-28 20:39:22,977 - INFO  -   📅 预估剩余时间: 3小时16分18秒 | 预估完成时间: 2025-12-28 23:55:41
2025-12-28 20:39:23,614 - INFO  - ([51] Epoch) Saving checkpoint to:
             Current: /root/autodl-tmp/retraining-free-quantization/training/r18_c10_nude_0.02_sim_normal_seed_repair/r18_c10_nude_0.02_sim_normal_seed_repair_checkpoint.pth.tar

2025-12-28 20:39:23,617 - INFO  - 🎲 Epoch 51: FaultInjector seed rotated to 93
2025-12-28 20:39:23,625 - INFO  - [NUDE] Epoch 51: force max bit-width W/A = 6
2025-12-28 20:39:23,625 - INFO  - ================================================================================
2025-12-28 20:39:23,625 - INFO  - 🔥 [NUDE] BFAT ACTIVE
2025-12-28 20:39:23,625 - INFO  -    Loss Type: direct_ce
2025-12-28 20:39:23,625 - INFO  -    Proj Mode: direction
2025-12-28 20:39:23,625 - INFO  -    Injection: All Bits
2025-12-28 20:39:23,625 - INFO  - ================================================================================
2025-12-28 20:39:35,995 - INFO  - [NUDE][TRAIN] Epoch 51/100 Iter 20/390 Loss 0.0285 ResLoss 0.0317 BfatLoss 0.0630 Top1 98.95 Top5 100.00
2025-12-28 20:39:47,975 - INFO  - [NUDE][TRAIN] Epoch 51/100 Iter 40/390 Loss 0.0303 ResLoss 0.0327 BfatLoss 0.0626 Top1 98.89 Top5 100.00
2025-12-28 20:40:00,168 - INFO  - [NUDE][TRAIN] Epoch 51/100 Iter 60/390 Loss 0.0291 ResLoss 0.0313 BfatLoss 0.0607 Top1 98.96 Top5 100.00
2025-12-28 20:40:12,392 - INFO  - [NUDE][TRAIN] Epoch 51/100 Iter 80/390 Loss 0.0280 ResLoss 0.0302 BfatLoss 0.0602 Top1 99.02 Top5 100.00
2025-12-28 20:40:24,421 - INFO  - [NUDE][TRAIN] Epoch 51/100 Iter 100/390 Loss 0.0280 ResLoss 0.0305 BfatLoss 0.0625 Top1 99.04 Top5 100.00
2025-12-28 20:40:36,652 - INFO  - [NUDE][TRAIN] Epoch 51/100 Iter 120/390 Loss 0.0276 ResLoss 0.0299 BfatLoss 0.0625 Top1 99.02 Top5 100.00
2025-12-28 20:40:48,686 - INFO  - [NUDE][TRAIN] Epoch 51/100 Iter 140/390 Loss 0.0271 ResLoss 0.0293 BfatLoss 0.0618 Top1 99.05 Top5 100.00
2025-12-28 20:41:00,802 - INFO  - [NUDE][TRAIN] Epoch 51/100 Iter 160/390 Loss 0.0285 ResLoss 0.0306 BfatLoss 0.0641 Top1 99.02 Top5 100.00
2025-12-28 20:41:12,764 - INFO  - [NUDE][TRAIN] Epoch 51/100 Iter 180/390 Loss 0.0287 ResLoss 0.0307 BfatLoss 0.0645 Top1 99.02 Top5 100.00
2025-12-28 20:41:24,791 - INFO  - [NUDE][TRAIN] Epoch 51/100 Iter 200/390 Loss 0.0292 ResLoss 0.0312 BfatLoss 0.0650 Top1 98.98 Top5 100.00
2025-12-28 20:41:37,046 - INFO  - [NUDE][TRAIN] Epoch 51/100 Iter 220/390 Loss 0.0299 ResLoss 0.0318 BfatLoss 0.0662 Top1 98.95 Top5 100.00
2025-12-28 20:41:49,115 - INFO  - [NUDE][TRAIN] Epoch 51/100 Iter 240/390 Loss 0.0299 ResLoss 0.0320 BfatLoss 0.0673 Top1 98.94 Top5 100.00
2025-12-28 20:42:01,402 - INFO  - [NUDE][TRAIN] Epoch 51/100 Iter 260/390 Loss 0.0301 ResLoss 0.0322 BfatLoss 0.0676 Top1 98.94 Top5 100.00
2025-12-28 20:42:13,622 - INFO  - [NUDE][TRAIN] Epoch 51/100 Iter 280/390 Loss 0.0302 ResLoss 0.0324 BfatLoss 0.0675 Top1 98.95 Top5 100.00
2025-12-28 20:42:26,029 - INFO  - [NUDE][TRAIN] Epoch 51/100 Iter 300/390 Loss 0.0303 ResLoss 0.0324 BfatLoss 0.0674 Top1 98.94 Top5 100.00
2025-12-28 20:42:38,328 - INFO  - [NUDE][TRAIN] Epoch 51/100 Iter 320/390 Loss 0.0301 ResLoss 0.0322 BfatLoss 0.0676 Top1 98.95 Top5 100.00
2025-12-28 20:42:50,497 - INFO  - [NUDE][TRAIN] Epoch 51/100 Iter 340/390 Loss 0.0307 ResLoss 0.0328 BfatLoss 0.0682 Top1 98.94 Top5 100.00
2025-12-28 20:43:02,750 - INFO  - [NUDE][TRAIN] Epoch 51/100 Iter 360/390 Loss 0.0308 ResLoss 0.0331 BfatLoss 0.0686 Top1 98.92 Top5 100.00
2025-12-28 20:43:14,952 - INFO  - [NUDE][TRAIN] Epoch 51/100 Iter 380/390 Loss 0.0306 ResLoss 0.0329 BfatLoss 0.0687 Top1 98.92 Top5 100.00
2025-12-28 20:43:21,214 - INFO  - [NUDE] Validate: force max bit-width W/A = 6
2025-12-28 20:43:23,566 - INFO  - [NUDE][EPOCH] 51/100 Train: Top1=98.91 Top5=100.00 Loss=0.0309 | Val(EMA): Top1=93.62
2025-12-28 20:43:23,566 - INFO  -   ⏱️  本Epoch耗时: 3分59秒 | 平均Epoch耗时: 4分0秒 | 剩余Epoch数: 48
2025-12-28 20:43:23,566 - INFO  -   📅 预估剩余时间: 3小时12分10秒 | 预估完成时间: 2025-12-28 23:55:34
2025-12-28 20:43:24,393 - INFO  - ([52] Epoch) Saving checkpoint to:
             Current: /root/autodl-tmp/retraining-free-quantization/training/r18_c10_nude_0.02_sim_normal_seed_repair/r18_c10_nude_0.02_sim_normal_seed_repair_checkpoint.pth.tar

2025-12-28 20:43:24,396 - INFO  - 🎲 Epoch 52: FaultInjector seed rotated to 94
2025-12-28 20:43:24,404 - INFO  - [NUDE] Epoch 52: force max bit-width W/A = 6
2025-12-28 20:43:24,404 - INFO  - ================================================================================
2025-12-28 20:43:24,404 - INFO  - 🔥 [NUDE] BFAT ACTIVE
2025-12-28 20:43:24,405 - INFO  -    Loss Type: direct_ce
2025-12-28 20:43:24,405 - INFO  -    Proj Mode: direction
2025-12-28 20:43:24,405 - INFO  -    Injection: All Bits
2025-12-28 20:43:24,405 - INFO  - ================================================================================
2025-12-28 20:43:36,981 - INFO  - [NUDE][TRAIN] Epoch 52/100 Iter 20/390 Loss 0.0263 ResLoss 0.0289 BfatLoss 0.0595 Top1 99.06 Top5 100.00
2025-12-28 20:43:49,173 - INFO  - [NUDE][TRAIN] Epoch 52/100 Iter 40/390 Loss 0.0267 ResLoss 0.0292 BfatLoss 0.0570 Top1 99.14 Top5 100.00
2025-12-28 20:44:01,432 - INFO  - [NUDE][TRAIN] Epoch 52/100 Iter 60/390 Loss 0.0267 ResLoss 0.0289 BfatLoss 0.0585 Top1 99.14 Top5 100.00
2025-12-28 20:44:13,658 - INFO  - [NUDE][TRAIN] Epoch 52/100 Iter 80/390 Loss 0.0267 ResLoss 0.0287 BfatLoss 0.0595 Top1 99.10 Top5 100.00
2025-12-28 20:44:25,926 - INFO  - [NUDE][TRAIN] Epoch 52/100 Iter 100/390 Loss 0.0274 ResLoss 0.0293 BfatLoss 0.0609 Top1 99.08 Top5 100.00
2025-12-28 20:44:38,213 - INFO  - [NUDE][TRAIN] Epoch 52/100 Iter 120/390 Loss 0.0272 ResLoss 0.0291 BfatLoss 0.0605 Top1 99.06 Top5 100.00
2025-12-28 20:44:50,397 - INFO  - [NUDE][TRAIN] Epoch 52/100 Iter 140/390 Loss 0.0274 ResLoss 0.0293 BfatLoss 0.0600 Top1 99.10 Top5 100.00
2025-12-28 20:45:02,714 - INFO  - [NUDE][TRAIN] Epoch 52/100 Iter 160/390 Loss 0.0270 ResLoss 0.0290 BfatLoss 0.0606 Top1 99.10 Top5 100.00
2025-12-28 20:45:14,863 - INFO  - [NUDE][TRAIN] Epoch 52/100 Iter 180/390 Loss 0.0272 ResLoss 0.0290 BfatLoss 0.0611 Top1 99.09 Top5 100.00
2025-12-28 20:45:27,270 - INFO  - [NUDE][TRAIN] Epoch 52/100 Iter 200/390 Loss 0.0278 ResLoss 0.0295 BfatLoss 0.0625 Top1 99.08 Top5 100.00
2025-12-28 20:45:39,626 - INFO  - [NUDE][TRAIN] Epoch 52/100 Iter 220/390 Loss 0.0274 ResLoss 0.0292 BfatLoss 0.0616 Top1 99.08 Top5 100.00
2025-12-28 20:45:51,795 - INFO  - [NUDE][TRAIN] Epoch 52/100 Iter 240/390 Loss 0.0276 ResLoss 0.0294 BfatLoss 0.0623 Top1 99.07 Top5 100.00
2025-12-28 20:46:04,110 - INFO  - [NUDE][TRAIN] Epoch 52/100 Iter 260/390 Loss 0.0281 ResLoss 0.0301 BfatLoss 0.0632 Top1 99.04 Top5 100.00
2025-12-28 20:46:16,265 - INFO  - [NUDE][TRAIN] Epoch 52/100 Iter 280/390 Loss 0.0295 ResLoss 0.0315 BfatLoss 0.0652 Top1 99.00 Top5 100.00
2025-12-28 20:46:28,441 - INFO  - [NUDE][TRAIN] Epoch 52/100 Iter 300/390 Loss 0.0298 ResLoss 0.0318 BfatLoss 0.0659 Top1 99.00 Top5 100.00
2025-12-28 20:46:40,743 - INFO  - [NUDE][TRAIN] Epoch 52/100 Iter 320/390 Loss 0.0301 ResLoss 0.0321 BfatLoss 0.0662 Top1 98.97 Top5 100.00
2025-12-28 20:46:53,025 - INFO  - [NUDE][TRAIN] Epoch 52/100 Iter 340/390 Loss 0.0312 ResLoss 0.0331 BfatLoss 0.0678 Top1 98.94 Top5 100.00
2025-12-28 20:47:05,364 - INFO  - [NUDE][TRAIN] Epoch 52/100 Iter 360/390 Loss 0.0316 ResLoss 0.0335 BfatLoss 0.0685 Top1 98.92 Top5 100.00
2025-12-28 20:47:17,533 - INFO  - [NUDE][TRAIN] Epoch 52/100 Iter 380/390 Loss 0.0322 ResLoss 0.0342 BfatLoss 0.0695 Top1 98.90 Top5 100.00
2025-12-28 20:47:23,841 - INFO  - [NUDE] Validate: force max bit-width W/A = 6
2025-12-28 20:47:26,239 - INFO  - [NUDE][EPOCH] 52/100 Train: Top1=98.90 Top5=100.00 Loss=0.0321 | Val(EMA): Top1=93.57
2025-12-28 20:47:26,239 - INFO  -   ⏱️  本Epoch耗时: 4分1秒 | 平均Epoch耗时: 4分0秒 | 剩余Epoch数: 47
2025-12-28 20:47:26,239 - INFO  -   📅 预估剩余时间: 3小时8分31秒 | 预估完成时间: 2025-12-28 23:55:57
2025-12-28 20:47:26,958 - INFO  - ([53] Epoch) Saving checkpoint to:
             Current: /root/autodl-tmp/retraining-free-quantization/training/r18_c10_nude_0.02_sim_normal_seed_repair/r18_c10_nude_0.02_sim_normal_seed_repair_checkpoint.pth.tar

2025-12-28 20:47:26,961 - INFO  - 🎲 Epoch 53: FaultInjector seed rotated to 95
2025-12-28 20:47:26,969 - INFO  - [NUDE] Epoch 53: force max bit-width W/A = 6
2025-12-28 20:47:26,969 - INFO  - ================================================================================
2025-12-28 20:47:26,969 - INFO  - 🔥 [NUDE] BFAT ACTIVE
2025-12-28 20:47:26,969 - INFO  -    Loss Type: direct_ce
2025-12-28 20:47:26,969 - INFO  -    Proj Mode: direction
2025-12-28 20:47:26,970 - INFO  -    Injection: All Bits
2025-12-28 20:47:26,970 - INFO  - ================================================================================
2025-12-28 20:47:39,597 - INFO  - [NUDE][TRAIN] Epoch 53/100 Iter 20/390 Loss 0.0343 ResLoss 0.0364 BfatLoss 0.0668 Top1 98.95 Top5 100.00
2025-12-28 20:47:51,848 - INFO  - [NUDE][TRAIN] Epoch 53/100 Iter 40/390 Loss 0.0318 ResLoss 0.0336 BfatLoss 0.0656 Top1 98.98 Top5 100.00
2025-12-28 20:48:04,315 - INFO  - [NUDE][TRAIN] Epoch 53/100 Iter 60/390 Loss 0.0326 ResLoss 0.0345 BfatLoss 0.0663 Top1 98.95 Top5 100.00
2025-12-28 20:48:16,498 - INFO  - [NUDE][TRAIN] Epoch 53/100 Iter 80/390 Loss 0.0315 ResLoss 0.0337 BfatLoss 0.0656 Top1 98.93 Top5 100.00
2025-12-28 20:48:28,685 - INFO  - [NUDE][TRAIN] Epoch 53/100 Iter 100/390 Loss 0.0292 ResLoss 0.0312 BfatLoss 0.0638 Top1 99.03 Top5 100.00
2025-12-28 20:48:40,895 - INFO  - [NUDE][TRAIN] Epoch 53/100 Iter 120/390 Loss 0.0282 ResLoss 0.0304 BfatLoss 0.0640 Top1 99.07 Top5 100.00
2025-12-28 20:48:52,984 - INFO  - [NUDE][TRAIN] Epoch 53/100 Iter 140/390 Loss 0.0281 ResLoss 0.0304 BfatLoss 0.0642 Top1 99.09 Top5 100.00
2025-12-28 20:49:05,185 - INFO  - [NUDE][TRAIN] Epoch 53/100 Iter 160/390 Loss 0.0277 ResLoss 0.0301 BfatLoss 0.0643 Top1 99.07 Top5 100.00
2025-12-28 20:49:17,273 - INFO  - [NUDE][TRAIN] Epoch 53/100 Iter 180/390 Loss 0.0280 ResLoss 0.0304 BfatLoss 0.0644 Top1 99.05 Top5 100.00
2025-12-28 20:49:29,601 - INFO  - [NUDE][TRAIN] Epoch 53/100 Iter 200/390 Loss 0.0284 ResLoss 0.0306 BfatLoss 0.0639 Top1 99.05 Top5 100.00
2025-12-28 20:49:41,760 - INFO  - [NUDE][TRAIN] Epoch 53/100 Iter 220/390 Loss 0.0293 ResLoss 0.0315 BfatLoss 0.0641 Top1 99.02 Top5 100.00
2025-12-28 20:49:53,786 - INFO  - [NUDE][TRAIN] Epoch 53/100 Iter 240/390 Loss 0.0294 ResLoss 0.0315 BfatLoss 0.0638 Top1 99.02 Top5 100.00
2025-12-28 20:50:05,990 - INFO  - [NUDE][TRAIN] Epoch 53/100 Iter 260/390 Loss 0.0288 ResLoss 0.0309 BfatLoss 0.0630 Top1 99.04 Top5 100.00
2025-12-28 20:50:18,077 - INFO  - [NUDE][TRAIN] Epoch 53/100 Iter 280/390 Loss 0.0288 ResLoss 0.0307 BfatLoss 0.0629 Top1 99.04 Top5 100.00
2025-12-28 20:50:30,326 - INFO  - [NUDE][TRAIN] Epoch 53/100 Iter 300/390 Loss 0.0285 ResLoss 0.0304 BfatLoss 0.0631 Top1 99.04 Top5 100.00
2025-12-28 20:50:42,486 - INFO  - [NUDE][TRAIN] Epoch 53/100 Iter 320/390 Loss 0.0284 ResLoss 0.0303 BfatLoss 0.0635 Top1 99.05 Top5 100.00
2025-12-28 20:50:54,619 - INFO  - [NUDE][TRAIN] Epoch 53/100 Iter 340/390 Loss 0.0284 ResLoss 0.0303 BfatLoss 0.0633 Top1 99.05 Top5 100.00
2025-12-28 20:51:06,777 - INFO  - [NUDE][TRAIN] Epoch 53/100 Iter 360/390 Loss 0.0281 ResLoss 0.0300 BfatLoss 0.0631 Top1 99.05 Top5 100.00
2025-12-28 20:51:18,773 - INFO  - [NUDE][TRAIN] Epoch 53/100 Iter 380/390 Loss 0.0278 ResLoss 0.0298 BfatLoss 0.0631 Top1 99.05 Top5 100.00
2025-12-28 20:51:24,895 - INFO  - [NUDE] Validate: force max bit-width W/A = 6
2025-12-28 20:51:27,182 - INFO  - [NUDE][EPOCH] 53/100 Train: Top1=99.05 Top5=100.00 Loss=0.0279 | Val(EMA): Top1=93.69
2025-12-28 20:51:27,182 - INFO  -   ⏱️  本Epoch耗时: 4分0秒 | 平均Epoch耗时: 4分0秒 | 剩余Epoch数: 46
2025-12-28 20:51:27,182 - INFO  -   📅 预估剩余时间: 3小时4分21秒 | 预估完成时间: 2025-12-28 23:55:48
2025-12-28 20:51:27,741 - INFO  - ([54] Epoch) Saving checkpoint to:
             Current: /root/autodl-tmp/retraining-free-quantization/training/r18_c10_nude_0.02_sim_normal_seed_repair/r18_c10_nude_0.02_sim_normal_seed_repair_checkpoint.pth.tar

2025-12-28 20:51:27,745 - INFO  - 🎲 Epoch 54: FaultInjector seed rotated to 96
2025-12-28 20:51:27,753 - INFO  - [NUDE] Epoch 54: force max bit-width W/A = 6
2025-12-28 20:51:27,753 - INFO  - ================================================================================
2025-12-28 20:51:27,753 - INFO  - 🔥 [NUDE] BFAT ACTIVE
2025-12-28 20:51:27,753 - INFO  -    Loss Type: direct_ce
2025-12-28 20:51:27,753 - INFO  -    Proj Mode: direction
2025-12-28 20:51:27,753 - INFO  -    Injection: All Bits
2025-12-28 20:51:27,753 - INFO  - ================================================================================
2025-12-28 20:51:40,255 - INFO  - [NUDE][TRAIN] Epoch 54/100 Iter 20/390 Loss 0.0218 ResLoss 0.0231 BfatLoss 0.0581 Top1 99.10 Top5 100.00
2025-12-28 20:51:52,361 - INFO  - [NUDE][TRAIN] Epoch 54/100 Iter 40/390 Loss 0.0252 ResLoss 0.0264 BfatLoss 0.0602 Top1 99.08 Top5 99.98
2025-12-28 20:52:04,557 - INFO  - [NUDE][TRAIN] Epoch 54/100 Iter 60/390 Loss 0.0269 ResLoss 0.0281 BfatLoss 0.0604 Top1 99.10 Top5 99.99
2025-12-28 20:52:16,648 - INFO  - [NUDE][TRAIN] Epoch 54/100 Iter 80/390 Loss 0.0257 ResLoss 0.0271 BfatLoss 0.0591 Top1 99.13 Top5 99.99
2025-12-28 20:52:28,894 - INFO  - [NUDE][TRAIN] Epoch 54/100 Iter 100/390 Loss 0.0253 ResLoss 0.0269 BfatLoss 0.0580 Top1 99.16 Top5 99.99
2025-12-28 20:52:41,059 - INFO  - [NUDE][TRAIN] Epoch 54/100 Iter 120/390 Loss 0.0257 ResLoss 0.0273 BfatLoss 0.0597 Top1 99.15 Top5 99.99
2025-12-28 20:52:53,144 - INFO  - [NUDE][TRAIN] Epoch 54/100 Iter 140/390 Loss 0.0248 ResLoss 0.0266 BfatLoss 0.0579 Top1 99.19 Top5 99.99
2025-12-28 20:53:05,334 - INFO  - [NUDE][TRAIN] Epoch 54/100 Iter 160/390 Loss 0.0242 ResLoss 0.0259 BfatLoss 0.0565 Top1 99.21 Top5 100.00
2025-12-28 20:53:17,388 - INFO  - [NUDE][TRAIN] Epoch 54/100 Iter 180/390 Loss 0.0243 ResLoss 0.0260 BfatLoss 0.0575 Top1 99.21 Top5 100.00
2025-12-28 20:53:29,575 - INFO  - [NUDE][TRAIN] Epoch 54/100 Iter 200/390 Loss 0.0246 ResLoss 0.0261 BfatLoss 0.0583 Top1 99.20 Top5 100.00
2025-12-28 20:53:41,758 - INFO  - [NUDE][TRAIN] Epoch 54/100 Iter 220/390 Loss 0.0240 ResLoss 0.0255 BfatLoss 0.0584 Top1 99.20 Top5 100.00
2025-12-28 20:53:53,831 - INFO  - [NUDE][TRAIN] Epoch 54/100 Iter 240/390 Loss 0.0237 ResLoss 0.0251 BfatLoss 0.0579 Top1 99.21 Top5 100.00
2025-12-28 20:54:06,057 - INFO  - [NUDE][TRAIN] Epoch 54/100 Iter 260/390 Loss 0.0232 ResLoss 0.0246 BfatLoss 0.0578 Top1 99.22 Top5 100.00
2025-12-28 20:54:18,044 - INFO  - [NUDE][TRAIN] Epoch 54/100 Iter 280/390 Loss 0.0234 ResLoss 0.0248 BfatLoss 0.0581 Top1 99.20 Top5 100.00
2025-12-28 20:54:30,158 - INFO  - [NUDE][TRAIN] Epoch 54/100 Iter 300/390 Loss 0.0234 ResLoss 0.0248 BfatLoss 0.0589 Top1 99.21 Top5 100.00
2025-12-28 20:54:42,185 - INFO  - [NUDE][TRAIN] Epoch 54/100 Iter 320/390 Loss 0.0237 ResLoss 0.0250 BfatLoss 0.0596 Top1 99.19 Top5 100.00
2025-12-28 20:54:54,075 - INFO  - [NUDE][TRAIN] Epoch 54/100 Iter 340/390 Loss 0.0241 ResLoss 0.0255 BfatLoss 0.0600 Top1 99.18 Top5 100.00
2025-12-28 20:55:06,339 - INFO  - [NUDE][TRAIN] Epoch 54/100 Iter 360/390 Loss 0.0244 ResLoss 0.0258 BfatLoss 0.0600 Top1 99.17 Top5 100.00
2025-12-28 20:55:18,452 - INFO  - [NUDE][TRAIN] Epoch 54/100 Iter 380/390 Loss 0.0243 ResLoss 0.0258 BfatLoss 0.0602 Top1 99.17 Top5 100.00
2025-12-28 20:55:24,721 - INFO  - [NUDE] Validate: force max bit-width W/A = 6
2025-12-28 20:55:27,086 - INFO  - [NUDE][EPOCH] 54/100 Train: Top1=99.17 Top5=100.00 Loss=0.0241 | Val(EMA): Top1=93.55
2025-12-28 20:55:27,086 - INFO  -   ⏱️  本Epoch耗时: 3分59秒 | 平均Epoch耗时: 4分0秒 | 剩余Epoch数: 45
2025-12-28 20:55:27,086 - INFO  -   📅 预估剩余时间: 3小时0分4秒 | 预估完成时间: 2025-12-28 23:55:31
2025-12-28 20:55:27,838 - INFO  - ([55] Epoch) Saving checkpoint to:
             Current: /root/autodl-tmp/retraining-free-quantization/training/r18_c10_nude_0.02_sim_normal_seed_repair/r18_c10_nude_0.02_sim_normal_seed_repair_checkpoint.pth.tar

2025-12-28 20:55:27,842 - INFO  - 🎲 Epoch 55: FaultInjector seed rotated to 97
2025-12-28 20:55:27,851 - INFO  - [NUDE] Epoch 55: force max bit-width W/A = 6
2025-12-28 20:55:27,851 - INFO  - ================================================================================
2025-12-28 20:55:27,851 - INFO  - 🔥 [NUDE] BFAT ACTIVE
2025-12-28 20:55:27,851 - INFO  -    Loss Type: direct_ce
2025-12-28 20:55:27,851 - INFO  -    Proj Mode: direction
2025-12-28 20:55:27,851 - INFO  -    Injection: All Bits
2025-12-28 20:55:27,851 - INFO  - ================================================================================
2025-12-28 20:55:40,464 - INFO  - [NUDE][TRAIN] Epoch 55/100 Iter 20/390 Loss 0.0234 ResLoss 0.0232 BfatLoss 0.0534 Top1 99.10 Top5 100.00
2025-12-28 20:55:52,741 - INFO  - [NUDE][TRAIN] Epoch 55/100 Iter 40/390 Loss 0.0211 ResLoss 0.0219 BfatLoss 0.0568 Top1 99.20 Top5 100.00
2025-12-28 20:56:04,990 - INFO  - [NUDE][TRAIN] Epoch 55/100 Iter 60/390 Loss 0.0190 ResLoss 0.0200 BfatLoss 0.0533 Top1 99.26 Top5 100.00
2025-12-28 20:56:17,219 - INFO  - [NUDE][TRAIN] Epoch 55/100 Iter 80/390 Loss 0.0217 ResLoss 0.0226 BfatLoss 0.0545 Top1 99.18 Top5 100.00
2025-12-28 20:56:29,416 - INFO  - [NUDE][TRAIN] Epoch 55/100 Iter 100/390 Loss 0.0214 ResLoss 0.0226 BfatLoss 0.0536 Top1 99.22 Top5 100.00
2025-12-28 20:56:41,750 - INFO  - [NUDE][TRAIN] Epoch 55/100 Iter 120/390 Loss 0.0219 ResLoss 0.0233 BfatLoss 0.0560 Top1 99.22 Top5 99.99
2025-12-28 20:56:53,904 - INFO  - [NUDE][TRAIN] Epoch 55/100 Iter 140/390 Loss 0.0216 ResLoss 0.0230 BfatLoss 0.0564 Top1 99.23 Top5 99.99
2025-12-28 20:57:06,160 - INFO  - [NUDE][TRAIN] Epoch 55/100 Iter 160/390 Loss 0.0218 ResLoss 0.0233 BfatLoss 0.0568 Top1 99.19 Top5 100.00
2025-12-28 20:57:18,320 - INFO  - [NUDE][TRAIN] Epoch 55/100 Iter 180/390 Loss 0.0222 ResLoss 0.0237 BfatLoss 0.0569 Top1 99.19 Top5 100.00
2025-12-28 20:57:30,682 - INFO  - [NUDE][TRAIN] Epoch 55/100 Iter 200/390 Loss 0.0217 ResLoss 0.0231 BfatLoss 0.0561 Top1 99.21 Top5 100.00
2025-12-28 20:57:42,932 - INFO  - [NUDE][TRAIN] Epoch 55/100 Iter 220/390 Loss 0.0219 ResLoss 0.0233 BfatLoss 0.0566 Top1 99.20 Top5 100.00
2025-12-28 20:57:55,068 - INFO  - [NUDE][TRAIN] Epoch 55/100 Iter 240/390 Loss 0.0219 ResLoss 0.0234 BfatLoss 0.0557 Top1 99.20 Top5 100.00
2025-12-28 20:58:07,261 - INFO  - [NUDE][TRAIN] Epoch 55/100 Iter 260/390 Loss 0.0220 ResLoss 0.0234 BfatLoss 0.0558 Top1 99.20 Top5 100.00
2025-12-28 20:58:19,380 - INFO  - [NUDE][TRAIN] Epoch 55/100 Iter 280/390 Loss 0.0224 ResLoss 0.0239 BfatLoss 0.0557 Top1 99.18 Top5 100.00
2025-12-28 20:58:31,656 - INFO  - [NUDE][TRAIN] Epoch 55/100 Iter 300/390 Loss 0.0226 ResLoss 0.0242 BfatLoss 0.0559 Top1 99.17 Top5 100.00
2025-12-28 20:58:43,909 - INFO  - [NUDE][TRAIN] Epoch 55/100 Iter 320/390 Loss 0.0230 ResLoss 0.0246 BfatLoss 0.0575 Top1 99.16 Top5 100.00
2025-12-28 20:58:56,085 - INFO  - [NUDE][TRAIN] Epoch 55/100 Iter 340/390 Loss 0.0231 ResLoss 0.0247 BfatLoss 0.0580 Top1 99.16 Top5 100.00
2025-12-28 20:59:08,275 - INFO  - [NUDE][TRAIN] Epoch 55/100 Iter 360/390 Loss 0.0229 ResLoss 0.0245 BfatLoss 0.0575 Top1 99.17 Top5 100.00
2025-12-28 20:59:20,694 - INFO  - [NUDE][TRAIN] Epoch 55/100 Iter 380/390 Loss 0.0228 ResLoss 0.0244 BfatLoss 0.0570 Top1 99.17 Top5 100.00
2025-12-28 20:59:27,050 - INFO  - [NUDE] Validate: force max bit-width W/A = 6
2025-12-28 20:59:29,450 - INFO  - [NUDE][EPOCH] 55/100 Train: Top1=99.18 Top5=100.00 Loss=0.0229 | Val(EMA): Top1=93.73
2025-12-28 20:59:29,450 - INFO  -   ⏱️  本Epoch耗时: 4分1秒 | 平均Epoch耗时: 4分0秒 | 剩余Epoch数: 44
2025-12-28 20:59:29,450 - INFO  -   📅 预估剩余时间: 2小时56分26秒 | 预估完成时间: 2025-12-28 23:55:55
2025-12-28 20:59:29,938 - INFO  - ([56] Epoch) Saving checkpoint to:
             Current: /root/autodl-tmp/retraining-free-quantization/training/r18_c10_nude_0.02_sim_normal_seed_repair/r18_c10_nude_0.02_sim_normal_seed_repair_checkpoint.pth.tar

2025-12-28 20:59:29,941 - INFO  - 🎲 Epoch 56: FaultInjector seed rotated to 98
2025-12-28 20:59:29,949 - INFO  - [NUDE] Epoch 56: force max bit-width W/A = 6
2025-12-28 20:59:29,949 - INFO  - ================================================================================
2025-12-28 20:59:29,949 - INFO  - 🔥 [NUDE] BFAT ACTIVE
2025-12-28 20:59:29,949 - INFO  -    Loss Type: direct_ce
2025-12-28 20:59:29,949 - INFO  -    Proj Mode: direction
2025-12-28 20:59:29,949 - INFO  -    Injection: All Bits
2025-12-28 20:59:29,949 - INFO  - ================================================================================
2025-12-28 20:59:42,598 - INFO  - [NUDE][TRAIN] Epoch 56/100 Iter 20/390 Loss 0.0255 ResLoss 0.0264 BfatLoss 0.0504 Top1 99.14 Top5 100.00
2025-12-28 20:59:54,721 - INFO  - [NUDE][TRAIN] Epoch 56/100 Iter 40/390 Loss 0.0226 ResLoss 0.0231 BfatLoss 0.0467 Top1 99.26 Top5 100.00
2025-12-28 21:00:06,948 - INFO  - [NUDE][TRAIN] Epoch 56/100 Iter 60/390 Loss 0.0211 ResLoss 0.0222 BfatLoss 0.0467 Top1 99.32 Top5 100.00
2025-12-28 21:00:19,081 - INFO  - [NUDE][TRAIN] Epoch 56/100 Iter 80/390 Loss 0.0211 ResLoss 0.0223 BfatLoss 0.0486 Top1 99.33 Top5 100.00
2025-12-28 21:00:31,617 - INFO  - [NUDE][TRAIN] Epoch 56/100 Iter 100/390 Loss 0.0209 ResLoss 0.0224 BfatLoss 0.0503 Top1 99.31 Top5 100.00
2025-12-28 21:00:44,010 - INFO  - [NUDE][TRAIN] Epoch 56/100 Iter 120/390 Loss 0.0205 ResLoss 0.0221 BfatLoss 0.0511 Top1 99.34 Top5 100.00
2025-12-28 21:00:56,433 - INFO  - [NUDE][TRAIN] Epoch 56/100 Iter 140/390 Loss 0.0211 ResLoss 0.0226 BfatLoss 0.0522 Top1 99.28 Top5 100.00
2025-12-28 21:01:08,931 - INFO  - [NUDE][TRAIN] Epoch 56/100 Iter 160/390 Loss 0.0212 ResLoss 0.0227 BfatLoss 0.0528 Top1 99.27 Top5 100.00
2025-12-28 21:01:21,103 - INFO  - [NUDE][TRAIN] Epoch 56/100 Iter 180/390 Loss 0.0214 ResLoss 0.0229 BfatLoss 0.0530 Top1 99.27 Top5 100.00
2025-12-28 21:01:33,279 - INFO  - [NUDE][TRAIN] Epoch 56/100 Iter 200/390 Loss 0.0221 ResLoss 0.0236 BfatLoss 0.0538 Top1 99.26 Top5 100.00
2025-12-28 21:01:45,549 - INFO  - [NUDE][TRAIN] Epoch 56/100 Iter 220/390 Loss 0.0218 ResLoss 0.0233 BfatLoss 0.0542 Top1 99.25 Top5 100.00
2025-12-28 21:01:57,778 - INFO  - [NUDE][TRAIN] Epoch 56/100 Iter 240/390 Loss 0.0221 ResLoss 0.0237 BfatLoss 0.0541 Top1 99.24 Top5 100.00
2025-12-28 21:02:09,916 - INFO  - [NUDE][TRAIN] Epoch 56/100 Iter 260/390 Loss 0.0223 ResLoss 0.0240 BfatLoss 0.0551 Top1 99.24 Top5 100.00
2025-12-28 21:02:21,963 - INFO  - [NUDE][TRAIN] Epoch 56/100 Iter 280/390 Loss 0.0225 ResLoss 0.0241 BfatLoss 0.0550 Top1 99.23 Top5 100.00
2025-12-28 21:02:34,149 - INFO  - [NUDE][TRAIN] Epoch 56/100 Iter 300/390 Loss 0.0230 ResLoss 0.0248 BfatLoss 0.0565 Top1 99.20 Top5 100.00
2025-12-28 21:02:46,312 - INFO  - [NUDE][TRAIN] Epoch 56/100 Iter 320/390 Loss 0.0232 ResLoss 0.0249 BfatLoss 0.0568 Top1 99.19 Top5 100.00
2025-12-28 21:02:58,352 - INFO  - [NUDE][TRAIN] Epoch 56/100 Iter 340/390 Loss 0.0236 ResLoss 0.0254 BfatLoss 0.0580 Top1 99.16 Top5 100.00
2025-12-28 21:03:10,463 - INFO  - [NUDE][TRAIN] Epoch 56/100 Iter 360/390 Loss 0.0238 ResLoss 0.0256 BfatLoss 0.0581 Top1 99.15 Top5 100.00
2025-12-28 21:03:22,578 - INFO  - [NUDE][TRAIN] Epoch 56/100 Iter 380/390 Loss 0.0238 ResLoss 0.0255 BfatLoss 0.0580 Top1 99.15 Top5 100.00
2025-12-28 21:03:28,815 - INFO  - [NUDE] Validate: force max bit-width W/A = 6
2025-12-28 21:03:31,200 - INFO  - [NUDE][EPOCH] 56/100 Train: Top1=99.14 Top5=100.00 Loss=0.0241 | Val(EMA): Top1=93.72
2025-12-28 21:03:31,200 - INFO  -   ⏱️  本Epoch耗时: 4分1秒 | 平均Epoch耗时: 4分0秒 | 剩余Epoch数: 43
2025-12-28 21:03:31,200 - INFO  -   📅 预估剩余时间: 2小时52分36秒 | 预估完成时间: 2025-12-28 23:56:07
2025-12-28 21:03:31,909 - INFO  - ([57] Epoch) Saving checkpoint to:
             Current: /root/autodl-tmp/retraining-free-quantization/training/r18_c10_nude_0.02_sim_normal_seed_repair/r18_c10_nude_0.02_sim_normal_seed_repair_checkpoint.pth.tar

2025-12-28 21:03:31,912 - INFO  - 🎲 Epoch 57: FaultInjector seed rotated to 99
2025-12-28 21:03:31,920 - INFO  - [NUDE] Epoch 57: force max bit-width W/A = 6
2025-12-28 21:03:31,920 - INFO  - ================================================================================
2025-12-28 21:03:31,920 - INFO  - 🔥 [NUDE] BFAT ACTIVE
2025-12-28 21:03:31,920 - INFO  -    Loss Type: direct_ce
2025-12-28 21:03:31,920 - INFO  -    Proj Mode: direction
2025-12-28 21:03:31,920 - INFO  -    Injection: All Bits
2025-12-28 21:03:31,920 - INFO  - ================================================================================
2025-12-28 21:03:44,341 - INFO  - [NUDE][TRAIN] Epoch 57/100 Iter 20/390 Loss 0.0209 ResLoss 0.0236 BfatLoss 0.0543 Top1 99.26 Top5 100.00
2025-12-28 21:03:56,420 - INFO  - [NUDE][TRAIN] Epoch 57/100 Iter 40/390 Loss 0.0195 ResLoss 0.0216 BfatLoss 0.0527 Top1 99.39 Top5 100.00
2025-12-28 21:04:08,600 - INFO  - [NUDE][TRAIN] Epoch 57/100 Iter 60/390 Loss 0.0200 ResLoss 0.0224 BfatLoss 0.0548 Top1 99.32 Top5 100.00
2025-12-28 21:04:20,632 - INFO  - [NUDE][TRAIN] Epoch 57/100 Iter 80/390 Loss 0.0208 ResLoss 0.0229 BfatLoss 0.0580 Top1 99.30 Top5 100.00
2025-12-28 21:04:32,852 - INFO  - [NUDE][TRAIN] Epoch 57/100 Iter 100/390 Loss 0.0205 ResLoss 0.0225 BfatLoss 0.0567 Top1 99.28 Top5 100.00
2025-12-28 21:04:45,036 - INFO  - [NUDE][TRAIN] Epoch 57/100 Iter 120/390 Loss 0.0204 ResLoss 0.0222 BfatLoss 0.0566 Top1 99.28 Top5 100.00
2025-12-28 21:04:56,986 - INFO  - [NUDE][TRAIN] Epoch 57/100 Iter 140/390 Loss 0.0194 ResLoss 0.0210 BfatLoss 0.0551 Top1 99.31 Top5 100.00
2025-12-28 21:05:09,137 - INFO  - [NUDE][TRAIN] Epoch 57/100 Iter 160/390 Loss 0.0197 ResLoss 0.0214 BfatLoss 0.0545 Top1 99.31 Top5 100.00
2025-12-28 21:05:21,204 - INFO  - [NUDE][TRAIN] Epoch 57/100 Iter 180/390 Loss 0.0197 ResLoss 0.0213 BfatLoss 0.0534 Top1 99.32 Top5 100.00
2025-12-28 21:05:33,437 - INFO  - [NUDE][TRAIN] Epoch 57/100 Iter 200/390 Loss 0.0196 ResLoss 0.0212 BfatLoss 0.0538 Top1 99.32 Top5 100.00
2025-12-28 21:05:45,599 - INFO  - [NUDE][TRAIN] Epoch 57/100 Iter 220/390 Loss 0.0196 ResLoss 0.0212 BfatLoss 0.0532 Top1 99.31 Top5 100.00
2025-12-28 21:05:57,679 - INFO  - [NUDE][TRAIN] Epoch 57/100 Iter 240/390 Loss 0.0191 ResLoss 0.0207 BfatLoss 0.0519 Top1 99.33 Top5 100.00
2025-12-28 21:06:09,815 - INFO  - [NUDE][TRAIN] Epoch 57/100 Iter 260/390 Loss 0.0191 ResLoss 0.0208 BfatLoss 0.0517 Top1 99.34 Top5 100.00
2025-12-28 21:06:21,956 - INFO  - [NUDE][TRAIN] Epoch 57/100 Iter 280/390 Loss 0.0187 ResLoss 0.0203 BfatLoss 0.0513 Top1 99.37 Top5 100.00
2025-12-28 21:06:34,069 - INFO  - [NUDE][TRAIN] Epoch 57/100 Iter 300/390 Loss 0.0186 ResLoss 0.0203 BfatLoss 0.0513 Top1 99.37 Top5 100.00
2025-12-28 21:06:46,219 - INFO  - [NUDE][TRAIN] Epoch 57/100 Iter 320/390 Loss 0.0185 ResLoss 0.0202 BfatLoss 0.0513 Top1 99.36 Top5 100.00
2025-12-28 21:06:58,298 - INFO  - [NUDE][TRAIN] Epoch 57/100 Iter 340/390 Loss 0.0182 ResLoss 0.0199 BfatLoss 0.0507 Top1 99.37 Top5 100.00
2025-12-28 21:07:10,437 - INFO  - [NUDE][TRAIN] Epoch 57/100 Iter 360/390 Loss 0.0185 ResLoss 0.0201 BfatLoss 0.0510 Top1 99.37 Top5 100.00
2025-12-28 21:07:22,476 - INFO  - [NUDE][TRAIN] Epoch 57/100 Iter 380/390 Loss 0.0187 ResLoss 0.0204 BfatLoss 0.0511 Top1 99.36 Top5 100.00
2025-12-28 21:07:28,685 - INFO  - [NUDE] Validate: force max bit-width W/A = 6
2025-12-28 21:07:31,059 - INFO  - [NUDE][EPOCH] 57/100 Train: Top1=99.36 Top5=100.00 Loss=0.0188 | Val(EMA): Top1=93.74
2025-12-28 21:07:31,060 - INFO  -   ⏱️  本Epoch耗时: 3分59秒 | 平均Epoch耗时: 4分0秒 | 剩余Epoch数: 42
2025-12-28 21:07:31,060 - INFO  -   📅 预估剩余时间: 2小时48分13秒 | 预估完成时间: 2025-12-28 23:55:44
2025-12-28 21:07:31,641 - INFO  - ([58] Epoch) Saving checkpoint to:
             Current: /root/autodl-tmp/retraining-free-quantization/training/r18_c10_nude_0.02_sim_normal_seed_repair/r18_c10_nude_0.02_sim_normal_seed_repair_checkpoint.pth.tar

2025-12-28 21:07:31,644 - INFO  - 🎲 Epoch 58: FaultInjector seed rotated to 100
2025-12-28 21:07:31,652 - INFO  - [NUDE] Epoch 58: force max bit-width W/A = 6
2025-12-28 21:07:31,652 - INFO  - ================================================================================
2025-12-28 21:07:31,652 - INFO  - 🔥 [NUDE] BFAT ACTIVE
2025-12-28 21:07:31,652 - INFO  -    Loss Type: direct_ce
2025-12-28 21:07:31,652 - INFO  -    Proj Mode: direction
2025-12-28 21:07:31,652 - INFO  -    Injection: All Bits
2025-12-28 21:07:31,652 - INFO  - ================================================================================
2025-12-28 21:07:44,132 - INFO  - [NUDE][TRAIN] Epoch 58/100 Iter 20/390 Loss 0.0234 ResLoss 0.0266 BfatLoss 0.0520 Top1 99.14 Top5 100.00
2025-12-28 21:07:56,113 - INFO  - [NUDE][TRAIN] Epoch 58/100 Iter 40/390 Loss 0.0193 ResLoss 0.0213 BfatLoss 0.0486 Top1 99.36 Top5 100.00
2025-12-28 21:08:08,183 - INFO  - [NUDE][TRAIN] Epoch 58/100 Iter 60/390 Loss 0.0196 ResLoss 0.0213 BfatLoss 0.0500 Top1 99.35 Top5 100.00
2025-12-28 21:08:20,040 - INFO  - [NUDE][TRAIN] Epoch 58/100 Iter 80/390 Loss 0.0180 ResLoss 0.0196 BfatLoss 0.0485 Top1 99.39 Top5 100.00
2025-12-28 21:08:32,329 - INFO  - [NUDE][TRAIN] Epoch 58/100 Iter 100/390 Loss 0.0183 ResLoss 0.0199 BfatLoss 0.0499 Top1 99.35 Top5 100.00
2025-12-28 21:08:44,745 - INFO  - [NUDE][TRAIN] Epoch 58/100 Iter 120/390 Loss 0.0179 ResLoss 0.0197 BfatLoss 0.0481 Top1 99.38 Top5 100.00
2025-12-28 21:08:57,006 - INFO  - [NUDE][TRAIN] Epoch 58/100 Iter 140/390 Loss 0.0183 ResLoss 0.0203 BfatLoss 0.0480 Top1 99.35 Top5 100.00
2025-12-28 21:09:09,408 - INFO  - [NUDE][TRAIN] Epoch 58/100 Iter 160/390 Loss 0.0191 ResLoss 0.0211 BfatLoss 0.0485 Top1 99.33 Top5 100.00
2025-12-28 21:09:21,835 - INFO  - [NUDE][TRAIN] Epoch 58/100 Iter 180/390 Loss 0.0187 ResLoss 0.0208 BfatLoss 0.0481 Top1 99.36 Top5 100.00
2025-12-28 21:09:34,137 - INFO  - [NUDE][TRAIN] Epoch 58/100 Iter 200/390 Loss 0.0183 ResLoss 0.0202 BfatLoss 0.0477 Top1 99.38 Top5 100.00
2025-12-28 21:09:46,431 - INFO  - [NUDE][TRAIN] Epoch 58/100 Iter 220/390 Loss 0.0178 ResLoss 0.0196 BfatLoss 0.0468 Top1 99.40 Top5 100.00
2025-12-28 21:09:58,621 - INFO  - [NUDE][TRAIN] Epoch 58/100 Iter 240/390 Loss 0.0179 ResLoss 0.0197 BfatLoss 0.0473 Top1 99.40 Top5 100.00
2025-12-28 21:10:10,901 - INFO  - [NUDE][TRAIN] Epoch 58/100 Iter 260/390 Loss 0.0176 ResLoss 0.0194 BfatLoss 0.0471 Top1 99.40 Top5 100.00
2025-12-28 21:10:23,281 - INFO  - [NUDE][TRAIN] Epoch 58/100 Iter 280/390 Loss 0.0172 ResLoss 0.0190 BfatLoss 0.0464 Top1 99.42 Top5 100.00
2025-12-28 21:10:35,666 - INFO  - [NUDE][TRAIN] Epoch 58/100 Iter 300/390 Loss 0.0170 ResLoss 0.0188 BfatLoss 0.0465 Top1 99.42 Top5 100.00
2025-12-28 21:10:47,894 - INFO  - [NUDE][TRAIN] Epoch 58/100 Iter 320/390 Loss 0.0166 ResLoss 0.0184 BfatLoss 0.0457 Top1 99.43 Top5 100.00
2025-12-28 21:11:00,120 - INFO  - [NUDE][TRAIN] Epoch 58/100 Iter 340/390 Loss 0.0164 ResLoss 0.0182 BfatLoss 0.0451 Top1 99.44 Top5 100.00
2025-12-28 21:11:12,602 - INFO  - [NUDE][TRAIN] Epoch 58/100 Iter 360/390 Loss 0.0172 ResLoss 0.0189 BfatLoss 0.0456 Top1 99.42 Top5 100.00
2025-12-28 21:11:24,836 - INFO  - [NUDE][TRAIN] Epoch 58/100 Iter 380/390 Loss 0.0169 ResLoss 0.0186 BfatLoss 0.0452 Top1 99.42 Top5 100.00
2025-12-28 21:11:31,128 - INFO  - [NUDE] Validate: force max bit-width W/A = 6
2025-12-28 21:11:33,490 - INFO  - [NUDE][EPOCH] 58/100 Train: Top1=99.42 Top5=100.00 Loss=0.0168 | Val(EMA): Top1=93.83
2025-12-28 21:11:33,490 - INFO  -   ⏱️  本Epoch耗时: 4分1秒 | 平均Epoch耗时: 4分0秒 | 剩余Epoch数: 41
2025-12-28 21:11:33,490 - INFO  -   📅 预估剩余时间: 2小时44分26秒 | 预估完成时间: 2025-12-28 23:55:59
2025-12-28 21:11:34,117 - INFO  - ([59] Epoch) Saving checkpoint to:
             Current: /root/autodl-tmp/retraining-free-quantization/training/r18_c10_nude_0.02_sim_normal_seed_repair/r18_c10_nude_0.02_sim_normal_seed_repair_checkpoint.pth.tar

2025-12-28 21:11:34,120 - INFO  - 🎲 Epoch 59: FaultInjector seed rotated to 101
2025-12-28 21:11:34,128 - INFO  - [NUDE] Epoch 59: force max bit-width W/A = 6
2025-12-28 21:11:34,128 - INFO  - ================================================================================
2025-12-28 21:11:34,128 - INFO  - 🔥 [NUDE] BFAT ACTIVE
2025-12-28 21:11:34,128 - INFO  -    Loss Type: direct_ce
2025-12-28 21:11:34,128 - INFO  -    Proj Mode: direction
2025-12-28 21:11:34,128 - INFO  -    Injection: All Bits
2025-12-28 21:11:34,128 - INFO  - ================================================================================
2025-12-28 21:11:46,546 - INFO  - [NUDE][TRAIN] Epoch 59/100 Iter 20/390 Loss 0.0219 ResLoss 0.0229 BfatLoss 0.0460 Top1 99.49 Top5 100.00
2025-12-28 21:11:58,640 - INFO  - [NUDE][TRAIN] Epoch 59/100 Iter 40/390 Loss 0.0206 ResLoss 0.0223 BfatLoss 0.0498 Top1 99.38 Top5 100.00
2025-12-28 21:12:10,904 - INFO  - [NUDE][TRAIN] Epoch 59/100 Iter 60/390 Loss 0.0186 ResLoss 0.0200 BfatLoss 0.0486 Top1 99.41 Top5 100.00
2025-12-28 21:12:23,050 - INFO  - [NUDE][TRAIN] Epoch 59/100 Iter 80/390 Loss 0.0167 ResLoss 0.0182 BfatLoss 0.0455 Top1 99.47 Top5 100.00
2025-12-28 21:12:35,352 - INFO  - [NUDE][TRAIN] Epoch 59/100 Iter 100/390 Loss 0.0155 ResLoss 0.0170 BfatLoss 0.0432 Top1 99.51 Top5 100.00
2025-12-28 21:12:47,614 - INFO  - [NUDE][TRAIN] Epoch 59/100 Iter 120/390 Loss 0.0153 ResLoss 0.0168 BfatLoss 0.0432 Top1 99.49 Top5 100.00
2025-12-28 21:12:59,856 - INFO  - [NUDE][TRAIN] Epoch 59/100 Iter 140/390 Loss 0.0146 ResLoss 0.0161 BfatLoss 0.0417 Top1 99.50 Top5 100.00
2025-12-28 21:13:12,106 - INFO  - [NUDE][TRAIN] Epoch 59/100 Iter 160/390 Loss 0.0140 ResLoss 0.0155 BfatLoss 0.0411 Top1 99.53 Top5 100.00
2025-12-28 21:13:24,236 - INFO  - [NUDE][TRAIN] Epoch 59/100 Iter 180/390 Loss 0.0137 ResLoss 0.0152 BfatLoss 0.0409 Top1 99.54 Top5 100.00
2025-12-28 21:13:36,443 - INFO  - [NUDE][TRAIN] Epoch 59/100 Iter 200/390 Loss 0.0142 ResLoss 0.0156 BfatLoss 0.0417 Top1 99.52 Top5 100.00
2025-12-28 21:13:48,725 - INFO  - [NUDE][TRAIN] Epoch 59/100 Iter 220/390 Loss 0.0138 ResLoss 0.0153 BfatLoss 0.0414 Top1 99.54 Top5 100.00
2025-12-28 21:14:00,947 - INFO  - [NUDE][TRAIN] Epoch 59/100 Iter 240/390 Loss 0.0147 ResLoss 0.0161 BfatLoss 0.0422 Top1 99.50 Top5 100.00
2025-12-28 21:14:13,215 - INFO  - [NUDE][TRAIN] Epoch 59/100 Iter 260/390 Loss 0.0152 ResLoss 0.0165 BfatLoss 0.0429 Top1 99.48 Top5 100.00
2025-12-28 21:14:25,359 - INFO  - [NUDE][TRAIN] Epoch 59/100 Iter 280/390 Loss 0.0154 ResLoss 0.0168 BfatLoss 0.0439 Top1 99.48 Top5 100.00
2025-12-28 21:14:37,626 - INFO  - [NUDE][TRAIN] Epoch 59/100 Iter 300/390 Loss 0.0161 ResLoss 0.0175 BfatLoss 0.0457 Top1 99.45 Top5 100.00
2025-12-28 21:14:49,870 - INFO  - [NUDE][TRAIN] Epoch 59/100 Iter 320/390 Loss 0.0159 ResLoss 0.0174 BfatLoss 0.0454 Top1 99.45 Top5 100.00
2025-12-28 21:15:01,892 - INFO  - [NUDE][TRAIN] Epoch 59/100 Iter 340/390 Loss 0.0159 ResLoss 0.0174 BfatLoss 0.0453 Top1 99.46 Top5 100.00
2025-12-28 21:15:14,180 - INFO  - [NUDE][TRAIN] Epoch 59/100 Iter 360/390 Loss 0.0160 ResLoss 0.0174 BfatLoss 0.0453 Top1 99.45 Top5 100.00
2025-12-28 21:15:26,346 - INFO  - [NUDE][TRAIN] Epoch 59/100 Iter 380/390 Loss 0.0162 ResLoss 0.0177 BfatLoss 0.0457 Top1 99.45 Top5 100.00
2025-12-28 21:15:32,585 - INFO  - [NUDE] Validate: force max bit-width W/A = 6
2025-12-28 21:15:34,932 - INFO  - [NUDE][EPOCH] 59/100 Train: Top1=99.44 Top5=100.00 Loss=0.0163 | Val(EMA): Top1=93.84
2025-12-28 21:15:34,932 - INFO  -   ⏱️  本Epoch耗时: 4分0秒 | 平均Epoch耗时: 4分0秒 | 剩余Epoch数: 40
2025-12-28 21:15:34,932 - INFO  -   📅 预估剩余时间: 2小时40分37秒 | 预估完成时间: 2025-12-28 23:56:12
2025-12-28 21:15:35,601 - INFO  - ([60] Epoch) Saving checkpoint to:
             Current: /root/autodl-tmp/retraining-free-quantization/training/r18_c10_nude_0.02_sim_normal_seed_repair/r18_c10_nude_0.02_sim_normal_seed_repair_checkpoint.pth.tar

2025-12-28 21:15:35,605 - INFO  - 🎲 Epoch 60: FaultInjector seed rotated to 102
2025-12-28 21:15:35,613 - INFO  - [NUDE] Epoch 60: force max bit-width W/A = 6
2025-12-28 21:15:35,613 - INFO  - ================================================================================
2025-12-28 21:15:35,613 - INFO  - 🔥 [NUDE] BFAT ACTIVE
2025-12-28 21:15:35,613 - INFO  -    Loss Type: direct_ce
2025-12-28 21:15:35,613 - INFO  -    Proj Mode: direction
2025-12-28 21:15:35,613 - INFO  -    Injection: All Bits
2025-12-28 21:15:35,613 - INFO  - ================================================================================
2025-12-28 21:15:48,122 - INFO  - [NUDE][TRAIN] Epoch 60/100 Iter 20/390 Loss 0.0216 ResLoss 0.0226 BfatLoss 0.0570 Top1 99.30 Top5 100.00
2025-12-28 21:16:00,150 - INFO  - [NUDE][TRAIN] Epoch 60/100 Iter 40/390 Loss 0.0172 ResLoss 0.0186 BfatLoss 0.0450 Top1 99.43 Top5 100.00
2025-12-28 21:16:12,300 - INFO  - [NUDE][TRAIN] Epoch 60/100 Iter 60/390 Loss 0.0178 ResLoss 0.0190 BfatLoss 0.0425 Top1 99.39 Top5 100.00
2025-12-28 21:16:24,383 - INFO  - [NUDE][TRAIN] Epoch 60/100 Iter 80/390 Loss 0.0163 ResLoss 0.0176 BfatLoss 0.0416 Top1 99.41 Top5 100.00
2025-12-28 21:16:36,570 - INFO  - [NUDE][TRAIN] Epoch 60/100 Iter 100/390 Loss 0.0167 ResLoss 0.0181 BfatLoss 0.0411 Top1 99.42 Top5 100.00
2025-12-28 21:16:48,626 - INFO  - [NUDE][TRAIN] Epoch 60/100 Iter 120/390 Loss 0.0166 ResLoss 0.0180 BfatLoss 0.0405 Top1 99.43 Top5 100.00
2025-12-28 21:17:00,677 - INFO  - [NUDE][TRAIN] Epoch 60/100 Iter 140/390 Loss 0.0153 ResLoss 0.0167 BfatLoss 0.0390 Top1 99.49 Top5 100.00
2025-12-28 21:17:12,947 - INFO  - [NUDE][TRAIN] Epoch 60/100 Iter 160/390 Loss 0.0144 ResLoss 0.0156 BfatLoss 0.0383 Top1 99.52 Top5 100.00
2025-12-28 21:17:25,071 - INFO  - [NUDE][TRAIN] Epoch 60/100 Iter 180/390 Loss 0.0144 ResLoss 0.0156 BfatLoss 0.0393 Top1 99.50 Top5 100.00
2025-12-28 21:17:37,234 - INFO  - [NUDE][TRAIN] Epoch 60/100 Iter 200/390 Loss 0.0148 ResLoss 0.0160 BfatLoss 0.0416 Top1 99.49 Top5 100.00
2025-12-28 21:17:49,422 - INFO  - [NUDE][TRAIN] Epoch 60/100 Iter 220/390 Loss 0.0153 ResLoss 0.0165 BfatLoss 0.0427 Top1 99.48 Top5 100.00
2025-12-28 21:18:01,483 - INFO  - [NUDE][TRAIN] Epoch 60/100 Iter 240/390 Loss 0.0154 ResLoss 0.0165 BfatLoss 0.0433 Top1 99.48 Top5 100.00
2025-12-28 21:18:13,656 - INFO  - [NUDE][TRAIN] Epoch 60/100 Iter 260/390 Loss 0.0154 ResLoss 0.0166 BfatLoss 0.0434 Top1 99.49 Top5 100.00
2025-12-28 21:18:25,701 - INFO  - [NUDE][TRAIN] Epoch 60/100 Iter 280/390 Loss 0.0153 ResLoss 0.0165 BfatLoss 0.0436 Top1 99.49 Top5 100.00
2025-12-28 21:18:37,802 - INFO  - [NUDE][TRAIN] Epoch 60/100 Iter 300/390 Loss 0.0150 ResLoss 0.0161 BfatLoss 0.0429 Top1 99.50 Top5 100.00
2025-12-28 21:18:49,972 - INFO  - [NUDE][TRAIN] Epoch 60/100 Iter 320/390 Loss 0.0152 ResLoss 0.0163 BfatLoss 0.0428 Top1 99.49 Top5 100.00
2025-12-28 21:19:02,061 - INFO  - [NUDE][TRAIN] Epoch 60/100 Iter 340/390 Loss 0.0148 ResLoss 0.0160 BfatLoss 0.0426 Top1 99.51 Top5 100.00
2025-12-28 21:19:14,213 - INFO  - [NUDE][TRAIN] Epoch 60/100 Iter 360/390 Loss 0.0146 ResLoss 0.0158 BfatLoss 0.0422 Top1 99.51 Top5 100.00
2025-12-28 21:19:26,259 - INFO  - [NUDE][TRAIN] Epoch 60/100 Iter 380/390 Loss 0.0149 ResLoss 0.0160 BfatLoss 0.0424 Top1 99.51 Top5 100.00
2025-12-28 21:19:32,485 - INFO  - [NUDE] Validate: force max bit-width W/A = 6
2025-12-28 21:19:34,840 - INFO  - [NUDE][EPOCH] 60/100 Train: Top1=99.50 Top5=100.00 Loss=0.0151 | Val(EMA): Top1=93.82
2025-12-28 21:19:34,840 - INFO  -   ⏱️  本Epoch耗时: 3分59秒 | 平均Epoch耗时: 4分0秒 | 剩余Epoch数: 39
2025-12-28 21:19:34,840 - INFO  -   📅 预估剩余时间: 2小时36分17秒 | 预估完成时间: 2025-12-28 23:55:52
2025-12-28 21:19:35,405 - INFO  - ([61] Epoch) Saving checkpoint to:
             Current: /root/autodl-tmp/retraining-free-quantization/training/r18_c10_nude_0.02_sim_normal_seed_repair/r18_c10_nude_0.02_sim_normal_seed_repair_checkpoint.pth.tar

2025-12-28 21:19:35,408 - INFO  - 🎲 Epoch 61: FaultInjector seed rotated to 103
2025-12-28 21:19:35,415 - INFO  - [NUDE] Epoch 61: force max bit-width W/A = 6
2025-12-28 21:19:35,415 - INFO  - ================================================================================
2025-12-28 21:19:35,415 - INFO  - 🔥 [NUDE] BFAT ACTIVE
2025-12-28 21:19:35,416 - INFO  -    Loss Type: direct_ce
2025-12-28 21:19:35,416 - INFO  -    Proj Mode: direction
2025-12-28 21:19:35,416 - INFO  -    Injection: All Bits
2025-12-28 21:19:35,416 - INFO  - ================================================================================
2025-12-28 21:19:47,721 - INFO  - [NUDE][TRAIN] Epoch 61/100 Iter 20/390 Loss 0.0118 ResLoss 0.0121 BfatLoss 0.0393 Top1 99.65 Top5 100.00
2025-12-28 21:19:59,958 - INFO  - [NUDE][TRAIN] Epoch 61/100 Iter 40/390 Loss 0.0133 ResLoss 0.0136 BfatLoss 0.0388 Top1 99.57 Top5 100.00
2025-12-28 21:20:11,999 - INFO  - [NUDE][TRAIN] Epoch 61/100 Iter 60/390 Loss 0.0136 ResLoss 0.0144 BfatLoss 0.0396 Top1 99.62 Top5 100.00
2025-12-28 21:20:24,039 - INFO  - [NUDE][TRAIN] Epoch 61/100 Iter 80/390 Loss 0.0144 ResLoss 0.0155 BfatLoss 0.0394 Top1 99.57 Top5 100.00
2025-12-28 21:20:36,235 - INFO  - [NUDE][TRAIN] Epoch 61/100 Iter 100/390 Loss 0.0155 ResLoss 0.0168 BfatLoss 0.0413 Top1 99.54 Top5 100.00
2025-12-28 21:20:48,328 - INFO  - [NUDE][TRAIN] Epoch 61/100 Iter 120/390 Loss 0.0148 ResLoss 0.0159 BfatLoss 0.0396 Top1 99.55 Top5 100.00
2025-12-28 21:21:00,554 - INFO  - [NUDE][TRAIN] Epoch 61/100 Iter 140/390 Loss 0.0142 ResLoss 0.0153 BfatLoss 0.0395 Top1 99.56 Top5 100.00
2025-12-28 21:21:12,716 - INFO  - [NUDE][TRAIN] Epoch 61/100 Iter 160/390 Loss 0.0142 ResLoss 0.0154 BfatLoss 0.0395 Top1 99.56 Top5 100.00
2025-12-28 21:21:24,666 - INFO  - [NUDE][TRAIN] Epoch 61/100 Iter 180/390 Loss 0.0141 ResLoss 0.0154 BfatLoss 0.0394 Top1 99.56 Top5 100.00
2025-12-28 21:21:36,733 - INFO  - [NUDE][TRAIN] Epoch 61/100 Iter 200/390 Loss 0.0136 ResLoss 0.0149 BfatLoss 0.0390 Top1 99.57 Top5 100.00
2025-12-28 21:21:48,599 - INFO  - [NUDE][TRAIN] Epoch 61/100 Iter 220/390 Loss 0.0136 ResLoss 0.0150 BfatLoss 0.0383 Top1 99.57 Top5 100.00
2025-12-28 21:22:00,771 - INFO  - [NUDE][TRAIN] Epoch 61/100 Iter 240/390 Loss 0.0142 ResLoss 0.0156 BfatLoss 0.0389 Top1 99.56 Top5 100.00
2025-12-28 21:22:12,967 - INFO  - [NUDE][TRAIN] Epoch 61/100 Iter 260/390 Loss 0.0140 ResLoss 0.0154 BfatLoss 0.0383 Top1 99.56 Top5 100.00
2025-12-28 21:22:25,132 - INFO  - [NUDE][TRAIN] Epoch 61/100 Iter 280/390 Loss 0.0141 ResLoss 0.0154 BfatLoss 0.0384 Top1 99.55 Top5 100.00
2025-12-28 21:22:37,343 - INFO  - [NUDE][TRAIN] Epoch 61/100 Iter 300/390 Loss 0.0140 ResLoss 0.0153 BfatLoss 0.0393 Top1 99.55 Top5 100.00
2025-12-28 21:22:49,604 - INFO  - [NUDE][TRAIN] Epoch 61/100 Iter 320/390 Loss 0.0137 ResLoss 0.0150 BfatLoss 0.0391 Top1 99.56 Top5 100.00
2025-12-28 21:23:01,941 - INFO  - [NUDE][TRAIN] Epoch 61/100 Iter 340/390 Loss 0.0134 ResLoss 0.0147 BfatLoss 0.0388 Top1 99.57 Top5 100.00
2025-12-28 21:23:14,346 - INFO  - [NUDE][TRAIN] Epoch 61/100 Iter 360/390 Loss 0.0133 ResLoss 0.0146 BfatLoss 0.0390 Top1 99.57 Top5 100.00
2025-12-28 21:23:26,495 - INFO  - [NUDE][TRAIN] Epoch 61/100 Iter 380/390 Loss 0.0135 ResLoss 0.0148 BfatLoss 0.0390 Top1 99.56 Top5 100.00
2025-12-28 21:23:32,709 - INFO  - [NUDE] Validate: force max bit-width W/A = 6
2025-12-28 21:23:35,062 - INFO  - [NUDE][EPOCH] 61/100 Train: Top1=99.56 Top5=100.00 Loss=0.0135 | Val(EMA): Top1=93.74
2025-12-28 21:23:35,062 - INFO  -   ⏱️  本Epoch耗时: 3分59秒 | 平均Epoch耗时: 4分0秒 | 剩余Epoch数: 38
2025-12-28 21:23:35,062 - INFO  -   📅 预估剩余时间: 2小时32分5秒 | 预估完成时间: 2025-12-28 23:55:40
2025-12-28 21:23:35,628 - INFO  - ([62] Epoch) Saving checkpoint to:
             Current: /root/autodl-tmp/retraining-free-quantization/training/r18_c10_nude_0.02_sim_normal_seed_repair/r18_c10_nude_0.02_sim_normal_seed_repair_checkpoint.pth.tar

2025-12-28 21:23:35,631 - INFO  - 🎲 Epoch 62: FaultInjector seed rotated to 104
2025-12-28 21:23:35,639 - INFO  - [NUDE] Epoch 62: force max bit-width W/A = 6
2025-12-28 21:23:35,639 - INFO  - ================================================================================
2025-12-28 21:23:35,639 - INFO  - 🔥 [NUDE] BFAT ACTIVE
2025-12-28 21:23:35,639 - INFO  -    Loss Type: direct_ce
2025-12-28 21:23:35,639 - INFO  -    Proj Mode: direction
2025-12-28 21:23:35,639 - INFO  -    Injection: All Bits
2025-12-28 21:23:35,639 - INFO  - ================================================================================
2025-12-28 21:23:48,155 - INFO  - [NUDE][TRAIN] Epoch 62/100 Iter 20/390 Loss 0.0112 ResLoss 0.0125 BfatLoss 0.0385 Top1 99.73 Top5 100.00
2025-12-28 21:24:00,360 - INFO  - [NUDE][TRAIN] Epoch 62/100 Iter 40/390 Loss 0.0091 ResLoss 0.0101 BfatLoss 0.0328 Top1 99.75 Top5 100.00
2025-12-28 21:24:12,606 - INFO  - [NUDE][TRAIN] Epoch 62/100 Iter 60/390 Loss 0.0091 ResLoss 0.0103 BfatLoss 0.0305 Top1 99.69 Top5 100.00
2025-12-28 21:24:24,862 - INFO  - [NUDE][TRAIN] Epoch 62/100 Iter 80/390 Loss 0.0095 ResLoss 0.0108 BfatLoss 0.0307 Top1 99.66 Top5 100.00
2025-12-28 21:24:37,240 - INFO  - [NUDE][TRAIN] Epoch 62/100 Iter 100/390 Loss 0.0096 ResLoss 0.0109 BfatLoss 0.0324 Top1 99.66 Top5 100.00
2025-12-28 21:24:49,554 - INFO  - [NUDE][TRAIN] Epoch 62/100 Iter 120/390 Loss 0.0097 ResLoss 0.0108 BfatLoss 0.0335 Top1 99.67 Top5 100.00
2025-12-28 21:25:01,830 - INFO  - [NUDE][TRAIN] Epoch 62/100 Iter 140/390 Loss 0.0100 ResLoss 0.0112 BfatLoss 0.0342 Top1 99.64 Top5 100.00
2025-12-28 21:25:14,117 - INFO  - [NUDE][TRAIN] Epoch 62/100 Iter 160/390 Loss 0.0102 ResLoss 0.0113 BfatLoss 0.0353 Top1 99.61 Top5 100.00
2025-12-28 21:25:26,271 - INFO  - [NUDE][TRAIN] Epoch 62/100 Iter 180/390 Loss 0.0097 ResLoss 0.0108 BfatLoss 0.0342 Top1 99.63 Top5 100.00
2025-12-28 21:25:38,491 - INFO  - [NUDE][TRAIN] Epoch 62/100 Iter 200/390 Loss 0.0098 ResLoss 0.0109 BfatLoss 0.0346 Top1 99.63 Top5 100.00
2025-12-28 21:25:50,816 - INFO  - [NUDE][TRAIN] Epoch 62/100 Iter 220/390 Loss 0.0095 ResLoss 0.0105 BfatLoss 0.0338 Top1 99.65 Top5 100.00
2025-12-28 21:26:02,967 - INFO  - [NUDE][TRAIN] Epoch 62/100 Iter 240/390 Loss 0.0096 ResLoss 0.0105 BfatLoss 0.0330 Top1 99.65 Top5 100.00
2025-12-28 21:26:15,317 - INFO  - [NUDE][TRAIN] Epoch 62/100 Iter 260/390 Loss 0.0097 ResLoss 0.0106 BfatLoss 0.0330 Top1 99.64 Top5 100.00
2025-12-28 21:26:27,550 - INFO  - [NUDE][TRAIN] Epoch 62/100 Iter 280/390 Loss 0.0095 ResLoss 0.0104 BfatLoss 0.0327 Top1 99.64 Top5 100.00
2025-12-28 21:26:39,810 - INFO  - [NUDE][TRAIN] Epoch 62/100 Iter 300/390 Loss 0.0097 ResLoss 0.0108 BfatLoss 0.0334 Top1 99.63 Top5 100.00
2025-12-28 21:26:52,125 - INFO  - [NUDE][TRAIN] Epoch 62/100 Iter 320/390 Loss 0.0097 ResLoss 0.0108 BfatLoss 0.0332 Top1 99.64 Top5 100.00
2025-12-28 21:27:04,229 - INFO  - [NUDE][TRAIN] Epoch 62/100 Iter 340/390 Loss 0.0098 ResLoss 0.0108 BfatLoss 0.0332 Top1 99.64 Top5 100.00
2025-12-28 21:27:16,472 - INFO  - [NUDE][TRAIN] Epoch 62/100 Iter 360/390 Loss 0.0100 ResLoss 0.0111 BfatLoss 0.0339 Top1 99.64 Top5 100.00
2025-12-28 21:27:28,554 - INFO  - [NUDE][TRAIN] Epoch 62/100 Iter 380/390 Loss 0.0100 ResLoss 0.0111 BfatLoss 0.0342 Top1 99.64 Top5 100.00
2025-12-28 21:27:34,804 - INFO  - [NUDE] Validate: force max bit-width W/A = 6
2025-12-28 21:27:37,171 - INFO  - [NUDE][EPOCH] 62/100 Train: Top1=99.64 Top5=100.00 Loss=0.0100 | Val(EMA): Top1=93.70
2025-12-28 21:27:37,171 - INFO  -   ⏱️  本Epoch耗时: 4分1秒 | 平均Epoch耗时: 4分0秒 | 剩余Epoch数: 37
2025-12-28 21:27:37,171 - INFO  -   📅 预估剩余时间: 2小时28分22秒 | 预估完成时间: 2025-12-28 23:56:00
2025-12-28 21:27:37,872 - INFO  - ([63] Epoch) Saving checkpoint to:
             Current: /root/autodl-tmp/retraining-free-quantization/training/r18_c10_nude_0.02_sim_normal_seed_repair/r18_c10_nude_0.02_sim_normal_seed_repair_checkpoint.pth.tar

2025-12-28 21:27:37,875 - INFO  - 🎲 Epoch 63: FaultInjector seed rotated to 105
2025-12-28 21:27:37,883 - INFO  - [NUDE] Epoch 63: force max bit-width W/A = 6
2025-12-28 21:27:37,883 - INFO  - ================================================================================
2025-12-28 21:27:37,883 - INFO  - 🔥 [NUDE] BFAT ACTIVE
2025-12-28 21:27:37,883 - INFO  -    Loss Type: direct_ce
2025-12-28 21:27:37,884 - INFO  -    Proj Mode: direction
2025-12-28 21:27:37,884 - INFO  -    Injection: All Bits
2025-12-28 21:27:37,884 - INFO  - ================================================================================
2025-12-28 21:27:50,434 - INFO  - [NUDE][TRAIN] Epoch 63/100 Iter 20/390 Loss 0.0073 ResLoss 0.0088 BfatLoss 0.0304 Top1 99.77 Top5 100.00
2025-12-28 21:28:02,584 - INFO  - [NUDE][TRAIN] Epoch 63/100 Iter 40/390 Loss 0.0090 ResLoss 0.0101 BfatLoss 0.0307 Top1 99.67 Top5 100.00
2025-12-28 21:28:14,861 - INFO  - [NUDE][TRAIN] Epoch 63/100 Iter 60/390 Loss 0.0106 ResLoss 0.0120 BfatLoss 0.0369 Top1 99.62 Top5 100.00
2025-12-28 21:28:27,041 - INFO  - [NUDE][TRAIN] Epoch 63/100 Iter 80/390 Loss 0.0100 ResLoss 0.0114 BfatLoss 0.0355 Top1 99.64 Top5 100.00
2025-12-28 21:28:39,354 - INFO  - [NUDE][TRAIN] Epoch 63/100 Iter 100/390 Loss 0.0102 ResLoss 0.0111 BfatLoss 0.0364 Top1 99.61 Top5 100.00
2025-12-28 21:28:51,666 - INFO  - [NUDE][TRAIN] Epoch 63/100 Iter 120/390 Loss 0.0092 ResLoss 0.0102 BfatLoss 0.0360 Top1 99.66 Top5 100.00
2025-12-28 21:29:03,804 - INFO  - [NUDE][TRAIN] Epoch 63/100 Iter 140/390 Loss 0.0091 ResLoss 0.0102 BfatLoss 0.0345 Top1 99.67 Top5 100.00
2025-12-28 21:29:15,937 - INFO  - [NUDE][TRAIN] Epoch 63/100 Iter 160/390 Loss 0.0089 ResLoss 0.0100 BfatLoss 0.0336 Top1 99.70 Top5 100.00
2025-12-28 21:29:28,053 - INFO  - [NUDE][TRAIN] Epoch 63/100 Iter 180/390 Loss 0.0088 ResLoss 0.0099 BfatLoss 0.0328 Top1 99.71 Top5 100.00
2025-12-28 21:29:40,210 - INFO  - [NUDE][TRAIN] Epoch 63/100 Iter 200/390 Loss 0.0087 ResLoss 0.0098 BfatLoss 0.0324 Top1 99.71 Top5 100.00
2025-12-28 21:29:52,388 - INFO  - [NUDE][TRAIN] Epoch 63/100 Iter 220/390 Loss 0.0084 ResLoss 0.0095 BfatLoss 0.0322 Top1 99.72 Top5 100.00
2025-12-28 21:30:04,530 - INFO  - [NUDE][TRAIN] Epoch 63/100 Iter 240/390 Loss 0.0083 ResLoss 0.0093 BfatLoss 0.0323 Top1 99.73 Top5 100.00
2025-12-28 21:30:16,692 - INFO  - [NUDE][TRAIN] Epoch 63/100 Iter 260/390 Loss 0.0082 ResLoss 0.0093 BfatLoss 0.0318 Top1 99.73 Top5 100.00
2025-12-28 21:30:28,719 - INFO  - [NUDE][TRAIN] Epoch 63/100 Iter 280/390 Loss 0.0081 ResLoss 0.0092 BfatLoss 0.0311 Top1 99.74 Top5 100.00
2025-12-28 21:30:40,943 - INFO  - [NUDE][TRAIN] Epoch 63/100 Iter 300/390 Loss 0.0082 ResLoss 0.0092 BfatLoss 0.0310 Top1 99.73 Top5 100.00
2025-12-28 21:30:53,149 - INFO  - [NUDE][TRAIN] Epoch 63/100 Iter 320/390 Loss 0.0083 ResLoss 0.0091 BfatLoss 0.0309 Top1 99.73 Top5 100.00
2025-12-28 21:31:05,193 - INFO  - [NUDE][TRAIN] Epoch 63/100 Iter 340/390 Loss 0.0083 ResLoss 0.0093 BfatLoss 0.0311 Top1 99.72 Top5 100.00
2025-12-28 21:31:17,382 - INFO  - [NUDE][TRAIN] Epoch 63/100 Iter 360/390 Loss 0.0084 ResLoss 0.0094 BfatLoss 0.0311 Top1 99.72 Top5 100.00
2025-12-28 21:31:29,675 - INFO  - [NUDE][TRAIN] Epoch 63/100 Iter 380/390 Loss 0.0088 ResLoss 0.0097 BfatLoss 0.0317 Top1 99.71 Top5 100.00
2025-12-28 21:31:35,783 - INFO  - [NUDE] Validate: force max bit-width W/A = 6
2025-12-28 21:31:38,142 - INFO  - [NUDE][EPOCH] 63/100 Train: Top1=99.71 Top5=100.00 Loss=0.0089 | Val(EMA): Top1=93.65
2025-12-28 21:31:38,143 - INFO  -   ⏱️  本Epoch耗时: 4分0秒 | 平均Epoch耗时: 4分0秒 | 剩余Epoch数: 36
2025-12-28 21:31:38,143 - INFO  -   📅 预估剩余时间: 2小时24分10秒 | 预估完成时间: 2025-12-28 23:55:48
2025-12-28 21:31:38,633 - INFO  - ([64] Epoch) Saving checkpoint to:
             Current: /root/autodl-tmp/retraining-free-quantization/training/r18_c10_nude_0.02_sim_normal_seed_repair/r18_c10_nude_0.02_sim_normal_seed_repair_checkpoint.pth.tar

2025-12-28 21:31:38,636 - INFO  - 🎲 Epoch 64: FaultInjector seed rotated to 106
2025-12-28 21:31:38,647 - INFO  - [NUDE] Epoch 64: force max bit-width W/A = 6
2025-12-28 21:31:38,648 - INFO  - ================================================================================
2025-12-28 21:31:38,648 - INFO  - 🔥 [NUDE] BFAT ACTIVE
2025-12-28 21:31:38,648 - INFO  -    Loss Type: direct_ce
2025-12-28 21:31:38,648 - INFO  -    Proj Mode: direction
2025-12-28 21:31:38,648 - INFO  -    Injection: All Bits
2025-12-28 21:31:38,648 - INFO  - ================================================================================
2025-12-28 21:31:51,148 - INFO  - [NUDE][TRAIN] Epoch 64/100 Iter 20/390 Loss 0.0102 ResLoss 0.0117 BfatLoss 0.0338 Top1 99.69 Top5 100.00
2025-12-28 21:32:03,070 - INFO  - [NUDE][TRAIN] Epoch 64/100 Iter 40/390 Loss 0.0078 ResLoss 0.0094 BfatLoss 0.0345 Top1 99.82 Top5 100.00
2025-12-28 21:32:15,269 - INFO  - [NUDE][TRAIN] Epoch 64/100 Iter 60/390 Loss 0.0067 ResLoss 0.0084 BfatLoss 0.0326 Top1 99.84 Top5 100.00
2025-12-28 21:32:27,293 - INFO  - [NUDE][TRAIN] Epoch 64/100 Iter 80/390 Loss 0.0071 ResLoss 0.0088 BfatLoss 0.0317 Top1 99.81 Top5 100.00
2025-12-28 21:32:39,401 - INFO  - [NUDE][TRAIN] Epoch 64/100 Iter 100/390 Loss 0.0074 ResLoss 0.0089 BfatLoss 0.0310 Top1 99.79 Top5 100.00
2025-12-28 21:32:51,621 - INFO  - [NUDE][TRAIN] Epoch 64/100 Iter 120/390 Loss 0.0081 ResLoss 0.0093 BfatLoss 0.0314 Top1 99.77 Top5 100.00
2025-12-28 21:33:03,698 - INFO  - [NUDE][TRAIN] Epoch 64/100 Iter 140/390 Loss 0.0082 ResLoss 0.0093 BfatLoss 0.0310 Top1 99.75 Top5 100.00
2025-12-28 21:33:15,891 - INFO  - [NUDE][TRAIN] Epoch 64/100 Iter 160/390 Loss 0.0079 ResLoss 0.0091 BfatLoss 0.0300 Top1 99.76 Top5 100.00
2025-12-28 21:33:27,945 - INFO  - [NUDE][TRAIN] Epoch 64/100 Iter 180/390 Loss 0.0080 ResLoss 0.0091 BfatLoss 0.0314 Top1 99.74 Top5 100.00
2025-12-28 21:33:40,068 - INFO  - [NUDE][TRAIN] Epoch 64/100 Iter 200/390 Loss 0.0078 ResLoss 0.0089 BfatLoss 0.0314 Top1 99.73 Top5 100.00
2025-12-28 21:33:52,219 - INFO  - [NUDE][TRAIN] Epoch 64/100 Iter 220/390 Loss 0.0079 ResLoss 0.0090 BfatLoss 0.0314 Top1 99.74 Top5 100.00
2025-12-28 21:34:04,302 - INFO  - [NUDE][TRAIN] Epoch 64/100 Iter 240/390 Loss 0.0076 ResLoss 0.0086 BfatLoss 0.0312 Top1 99.75 Top5 100.00
2025-12-28 21:34:16,465 - INFO  - [NUDE][TRAIN] Epoch 64/100 Iter 260/390 Loss 0.0075 ResLoss 0.0085 BfatLoss 0.0309 Top1 99.75 Top5 100.00
2025-12-28 21:34:28,748 - INFO  - [NUDE][TRAIN] Epoch 64/100 Iter 280/390 Loss 0.0075 ResLoss 0.0086 BfatLoss 0.0311 Top1 99.75 Top5 100.00
2025-12-28 21:34:40,697 - INFO  - [NUDE][TRAIN] Epoch 64/100 Iter 300/390 Loss 0.0078 ResLoss 0.0089 BfatLoss 0.0312 Top1 99.74 Top5 100.00
2025-12-28 21:34:52,769 - INFO  - [NUDE][TRAIN] Epoch 64/100 Iter 320/390 Loss 0.0078 ResLoss 0.0089 BfatLoss 0.0306 Top1 99.75 Top5 100.00
2025-12-28 21:35:04,732 - INFO  - [NUDE][TRAIN] Epoch 64/100 Iter 340/390 Loss 0.0079 ResLoss 0.0089 BfatLoss 0.0305 Top1 99.74 Top5 100.00
2025-12-28 21:35:16,802 - INFO  - [NUDE][TRAIN] Epoch 64/100 Iter 360/390 Loss 0.0078 ResLoss 0.0088 BfatLoss 0.0304 Top1 99.75 Top5 100.00
2025-12-28 21:35:28,986 - INFO  - [NUDE][TRAIN] Epoch 64/100 Iter 380/390 Loss 0.0077 ResLoss 0.0086 BfatLoss 0.0300 Top1 99.75 Top5 100.00
2025-12-28 21:35:35,085 - INFO  - [NUDE] Validate: force max bit-width W/A = 6
2025-12-28 21:35:37,424 - INFO  - [NUDE][EPOCH] 64/100 Train: Top1=99.75 Top5=100.00 Loss=0.0077 | Val(EMA): Top1=93.66
2025-12-28 21:35:37,424 - INFO  -   ⏱️  本Epoch耗时: 3分58秒 | 平均Epoch耗时: 3分59秒 | 剩余Epoch数: 35
2025-12-28 21:35:37,424 - INFO  -   📅 预估剩余时间: 2小时19分56秒 | 预估完成时间: 2025-12-28 23:55:33
2025-12-28 21:35:38,141 - INFO  - ([65] Epoch) Saving checkpoint to:
             Current: /root/autodl-tmp/retraining-free-quantization/training/r18_c10_nude_0.02_sim_normal_seed_repair/r18_c10_nude_0.02_sim_normal_seed_repair_checkpoint.pth.tar

2025-12-28 21:35:38,146 - INFO  - 🎲 Epoch 65: FaultInjector seed rotated to 107
2025-12-28 21:35:38,157 - INFO  - [NUDE] Epoch 65: force max bit-width W/A = 6
2025-12-28 21:35:38,157 - INFO  - ================================================================================
2025-12-28 21:35:38,158 - INFO  - 🔥 [NUDE] BFAT ACTIVE
2025-12-28 21:35:38,158 - INFO  -    Loss Type: direct_ce
2025-12-28 21:35:38,158 - INFO  -    Proj Mode: direction
2025-12-28 21:35:38,158 - INFO  -    Injection: All Bits
2025-12-28 21:35:38,158 - INFO  - ================================================================================
2025-12-28 21:35:50,764 - INFO  - [NUDE][TRAIN] Epoch 65/100 Iter 20/390 Loss 0.0064 ResLoss 0.0080 BfatLoss 0.0202 Top1 99.77 Top5 100.00
2025-12-28 21:36:02,947 - INFO  - [NUDE][TRAIN] Epoch 65/100 Iter 40/390 Loss 0.0072 ResLoss 0.0085 BfatLoss 0.0277 Top1 99.80 Top5 100.00
2025-12-28 21:36:15,255 - INFO  - [NUDE][TRAIN] Epoch 65/100 Iter 60/390 Loss 0.0061 ResLoss 0.0071 BfatLoss 0.0246 Top1 99.84 Top5 100.00
2025-12-28 21:36:27,448 - INFO  - [NUDE][TRAIN] Epoch 65/100 Iter 80/390 Loss 0.0055 ResLoss 0.0065 BfatLoss 0.0230 Top1 99.86 Top5 100.00
2025-12-28 21:36:39,677 - INFO  - [NUDE][TRAIN] Epoch 65/100 Iter 100/390 Loss 0.0052 ResLoss 0.0061 BfatLoss 0.0245 Top1 99.87 Top5 100.00
2025-12-28 21:36:51,932 - INFO  - [NUDE][TRAIN] Epoch 65/100 Iter 120/390 Loss 0.0050 ResLoss 0.0059 BfatLoss 0.0244 Top1 99.87 Top5 100.00
2025-12-28 21:37:04,091 - INFO  - [NUDE][TRAIN] Epoch 65/100 Iter 140/390 Loss 0.0058 ResLoss 0.0067 BfatLoss 0.0245 Top1 99.86 Top5 100.00
2025-12-28 21:37:16,568 - INFO  - [NUDE][TRAIN] Epoch 65/100 Iter 160/390 Loss 0.0061 ResLoss 0.0070 BfatLoss 0.0244 Top1 99.84 Top5 100.00
2025-12-28 21:37:28,855 - INFO  - [NUDE][TRAIN] Epoch 65/100 Iter 180/390 Loss 0.0060 ResLoss 0.0069 BfatLoss 0.0244 Top1 99.84 Top5 100.00
2025-12-28 21:37:41,044 - INFO  - [NUDE][TRAIN] Epoch 65/100 Iter 200/390 Loss 0.0060 ResLoss 0.0068 BfatLoss 0.0242 Top1 99.85 Top5 100.00
2025-12-28 21:37:53,317 - INFO  - [NUDE][TRAIN] Epoch 65/100 Iter 220/390 Loss 0.0064 ResLoss 0.0072 BfatLoss 0.0255 Top1 99.82 Top5 100.00
2025-12-28 21:38:05,546 - INFO  - [NUDE][TRAIN] Epoch 65/100 Iter 240/390 Loss 0.0064 ResLoss 0.0072 BfatLoss 0.0253 Top1 99.82 Top5 100.00
2025-12-28 21:38:17,943 - INFO  - [NUDE][TRAIN] Epoch 65/100 Iter 260/390 Loss 0.0064 ResLoss 0.0071 BfatLoss 0.0253 Top1 99.81 Top5 100.00
2025-12-28 21:38:30,237 - INFO  - [NUDE][TRAIN] Epoch 65/100 Iter 280/390 Loss 0.0063 ResLoss 0.0070 BfatLoss 0.0253 Top1 99.81 Top5 100.00
2025-12-28 21:38:42,366 - INFO  - [NUDE][TRAIN] Epoch 65/100 Iter 300/390 Loss 0.0062 ResLoss 0.0069 BfatLoss 0.0253 Top1 99.82 Top5 100.00
2025-12-28 21:38:54,702 - INFO  - [NUDE][TRAIN] Epoch 65/100 Iter 320/390 Loss 0.0060 ResLoss 0.0067 BfatLoss 0.0250 Top1 99.83 Top5 100.00
2025-12-28 21:39:07,087 - INFO  - [NUDE][TRAIN] Epoch 65/100 Iter 340/390 Loss 0.0060 ResLoss 0.0068 BfatLoss 0.0249 Top1 99.83 Top5 100.00
2025-12-28 21:39:19,452 - INFO  - [NUDE][TRAIN] Epoch 65/100 Iter 360/390 Loss 0.0059 ResLoss 0.0067 BfatLoss 0.0248 Top1 99.83 Top5 100.00
2025-12-28 21:39:31,742 - INFO  - [NUDE][TRAIN] Epoch 65/100 Iter 380/390 Loss 0.0059 ResLoss 0.0067 BfatLoss 0.0247 Top1 99.83 Top5 100.00
2025-12-28 21:39:37,897 - INFO  - [NUDE] Validate: force max bit-width W/A = 6
2025-12-28 21:39:40,281 - INFO  - [NUDE][EPOCH] 65/100 Train: Top1=99.83 Top5=100.00 Loss=0.0059 | Val(EMA): Top1=93.69
2025-12-28 21:39:40,281 - INFO  -   ⏱️  本Epoch耗时: 4分2秒 | 平均Epoch耗时: 4分0秒 | 剩余Epoch数: 34
2025-12-28 21:39:40,281 - INFO  -   📅 预估剩余时间: 2小时16分16秒 | 预估完成时间: 2025-12-28 23:55:56
2025-12-28 21:39:40,850 - INFO  - ([66] Epoch) Saving checkpoint to:
             Current: /root/autodl-tmp/retraining-free-quantization/training/r18_c10_nude_0.02_sim_normal_seed_repair/r18_c10_nude_0.02_sim_normal_seed_repair_checkpoint.pth.tar

2025-12-28 21:39:40,853 - INFO  - 🎲 Epoch 66: FaultInjector seed rotated to 108
2025-12-28 21:39:40,861 - INFO  - [NUDE] Epoch 66: force max bit-width W/A = 6
2025-12-28 21:39:40,862 - INFO  - ================================================================================
2025-12-28 21:39:40,862 - INFO  - 🔥 [NUDE] BFAT ACTIVE
2025-12-28 21:39:40,862 - INFO  -    Loss Type: direct_ce
2025-12-28 21:39:40,862 - INFO  -    Proj Mode: direction
2025-12-28 21:39:40,862 - INFO  -    Injection: All Bits
2025-12-28 21:39:40,862 - INFO  - ================================================================================
2025-12-28 21:39:53,462 - INFO  - [NUDE][TRAIN] Epoch 66/100 Iter 20/390 Loss 0.0053 ResLoss 0.0064 BfatLoss 0.0305 Top1 99.84 Top5 100.00
2025-12-28 21:40:05,719 - INFO  - [NUDE][TRAIN] Epoch 66/100 Iter 40/390 Loss 0.0053 ResLoss 0.0062 BfatLoss 0.0280 Top1 99.82 Top5 100.00
2025-12-28 21:40:17,844 - INFO  - [NUDE][TRAIN] Epoch 66/100 Iter 60/390 Loss 0.0057 ResLoss 0.0066 BfatLoss 0.0261 Top1 99.83 Top5 100.00
2025-12-28 21:40:30,043 - INFO  - [NUDE][TRAIN] Epoch 66/100 Iter 80/390 Loss 0.0061 ResLoss 0.0070 BfatLoss 0.0281 Top1 99.80 Top5 100.00
2025-12-28 21:40:42,244 - INFO  - [NUDE][TRAIN] Epoch 66/100 Iter 100/390 Loss 0.0062 ResLoss 0.0072 BfatLoss 0.0288 Top1 99.80 Top5 100.00
2025-12-28 21:40:54,657 - INFO  - [NUDE][TRAIN] Epoch 66/100 Iter 120/390 Loss 0.0058 ResLoss 0.0068 BfatLoss 0.0271 Top1 99.81 Top5 100.00
2025-12-28 21:41:06,985 - INFO  - [NUDE][TRAIN] Epoch 66/100 Iter 140/390 Loss 0.0062 ResLoss 0.0073 BfatLoss 0.0271 Top1 99.79 Top5 100.00
2025-12-28 21:41:19,211 - INFO  - [NUDE][TRAIN] Epoch 66/100 Iter 160/390 Loss 0.0061 ResLoss 0.0073 BfatLoss 0.0276 Top1 99.79 Top5 100.00
2025-12-28 21:41:31,574 - INFO  - [NUDE][TRAIN] Epoch 66/100 Iter 180/390 Loss 0.0063 ResLoss 0.0075 BfatLoss 0.0277 Top1 99.79 Top5 100.00
2025-12-28 21:41:43,868 - INFO  - [NUDE][TRAIN] Epoch 66/100 Iter 200/390 Loss 0.0061 ResLoss 0.0073 BfatLoss 0.0273 Top1 99.79 Top5 100.00
2025-12-28 21:41:56,210 - INFO  - [NUDE][TRAIN] Epoch 66/100 Iter 220/390 Loss 0.0065 ResLoss 0.0077 BfatLoss 0.0277 Top1 99.77 Top5 100.00
2025-12-28 21:42:08,543 - INFO  - [NUDE][TRAIN] Epoch 66/100 Iter 240/390 Loss 0.0065 ResLoss 0.0076 BfatLoss 0.0286 Top1 99.77 Top5 100.00
2025-12-28 21:42:20,704 - INFO  - [NUDE][TRAIN] Epoch 66/100 Iter 260/390 Loss 0.0063 ResLoss 0.0074 BfatLoss 0.0281 Top1 99.78 Top5 100.00
2025-12-28 21:42:32,929 - INFO  - [NUDE][TRAIN] Epoch 66/100 Iter 280/390 Loss 0.0063 ResLoss 0.0073 BfatLoss 0.0279 Top1 99.78 Top5 100.00
2025-12-28 21:42:45,088 - INFO  - [NUDE][TRAIN] Epoch 66/100 Iter 300/390 Loss 0.0063 ResLoss 0.0073 BfatLoss 0.0276 Top1 99.77 Top5 100.00
2025-12-28 21:42:57,318 - INFO  - [NUDE][TRAIN] Epoch 66/100 Iter 320/390 Loss 0.0064 ResLoss 0.0073 BfatLoss 0.0277 Top1 99.77 Top5 100.00
2025-12-28 21:43:09,543 - INFO  - [NUDE][TRAIN] Epoch 66/100 Iter 340/390 Loss 0.0063 ResLoss 0.0072 BfatLoss 0.0273 Top1 99.77 Top5 100.00
2025-12-28 21:43:21,670 - INFO  - [NUDE][TRAIN] Epoch 66/100 Iter 360/390 Loss 0.0063 ResLoss 0.0072 BfatLoss 0.0276 Top1 99.77 Top5 100.00
2025-12-28 21:43:33,828 - INFO  - [NUDE][TRAIN] Epoch 66/100 Iter 380/390 Loss 0.0061 ResLoss 0.0070 BfatLoss 0.0273 Top1 99.78 Top5 100.00
2025-12-28 21:43:39,962 - INFO  - [NUDE] Validate: force max bit-width W/A = 6
2025-12-28 21:43:42,308 - INFO  - [NUDE][EPOCH] 66/100 Train: Top1=99.78 Top5=100.00 Loss=0.0061 | Val(EMA): Top1=93.68
2025-12-28 21:43:42,308 - INFO  -   ⏱️  本Epoch耗时: 4分1秒 | 平均Epoch耗时: 4分0秒 | 剩余Epoch数: 33
2025-12-28 21:43:42,309 - INFO  -   📅 预估剩余时间: 2小时12分27秒 | 预估完成时间: 2025-12-28 23:56:09
2025-12-28 21:43:43,011 - INFO  - ([67] Epoch) Saving checkpoint to:
             Current: /root/autodl-tmp/retraining-free-quantization/training/r18_c10_nude_0.02_sim_normal_seed_repair/r18_c10_nude_0.02_sim_normal_seed_repair_checkpoint.pth.tar

2025-12-28 21:43:43,015 - INFO  - 🎲 Epoch 67: FaultInjector seed rotated to 109
2025-12-28 21:43:43,023 - INFO  - [NUDE] Epoch 67: force max bit-width W/A = 6
2025-12-28 21:43:43,023 - INFO  - ================================================================================
2025-12-28 21:43:43,023 - INFO  - 🔥 [NUDE] BFAT ACTIVE
2025-12-28 21:43:43,023 - INFO  -    Loss Type: direct_ce
2025-12-28 21:43:43,023 - INFO  -    Proj Mode: direction
2025-12-28 21:43:43,023 - INFO  -    Injection: All Bits
2025-12-28 21:43:43,023 - INFO  - ================================================================================
2025-12-28 21:43:55,468 - INFO  - [NUDE][TRAIN] Epoch 67/100 Iter 20/390 Loss 0.0069 ResLoss 0.0071 BfatLoss 0.0374 Top1 99.80 Top5 100.00
2025-12-28 21:44:07,787 - INFO  - [NUDE][TRAIN] Epoch 67/100 Iter 40/390 Loss 0.0069 ResLoss 0.0073 BfatLoss 0.0282 Top1 99.82 Top5 100.00
2025-12-28 21:44:19,914 - INFO  - [NUDE][TRAIN] Epoch 67/100 Iter 60/390 Loss 0.0062 ResLoss 0.0066 BfatLoss 0.0253 Top1 99.84 Top5 100.00
2025-12-28 21:44:32,167 - INFO  - [NUDE][TRAIN] Epoch 67/100 Iter 80/390 Loss 0.0064 ResLoss 0.0069 BfatLoss 0.0235 Top1 99.84 Top5 100.00
2025-12-28 21:44:44,386 - INFO  - [NUDE][TRAIN] Epoch 67/100 Iter 100/390 Loss 0.0062 ResLoss 0.0067 BfatLoss 0.0244 Top1 99.84 Top5 100.00
2025-12-28 21:44:56,575 - INFO  - [NUDE][TRAIN] Epoch 67/100 Iter 120/390 Loss 0.0059 ResLoss 0.0064 BfatLoss 0.0237 Top1 99.85 Top5 100.00
2025-12-28 21:45:08,793 - INFO  - [NUDE][TRAIN] Epoch 67/100 Iter 140/390 Loss 0.0053 ResLoss 0.0059 BfatLoss 0.0228 Top1 99.87 Top5 100.00
2025-12-28 21:45:20,902 - INFO  - [NUDE][TRAIN] Epoch 67/100 Iter 160/390 Loss 0.0054 ResLoss 0.0060 BfatLoss 0.0242 Top1 99.85 Top5 100.00
2025-12-28 21:45:33,012 - INFO  - [NUDE][TRAIN] Epoch 67/100 Iter 180/390 Loss 0.0054 ResLoss 0.0059 BfatLoss 0.0229 Top1 99.85 Top5 100.00
2025-12-28 21:45:45,125 - INFO  - [NUDE][TRAIN] Epoch 67/100 Iter 200/390 Loss 0.0051 ResLoss 0.0057 BfatLoss 0.0226 Top1 99.86 Top5 100.00
2025-12-28 21:45:57,388 - INFO  - [NUDE][TRAIN] Epoch 67/100 Iter 220/390 Loss 0.0049 ResLoss 0.0054 BfatLoss 0.0219 Top1 99.87 Top5 100.00
2025-12-28 21:46:09,623 - INFO  - [NUDE][TRAIN] Epoch 67/100 Iter 240/390 Loss 0.0048 ResLoss 0.0054 BfatLoss 0.0217 Top1 99.87 Top5 100.00
2025-12-28 21:46:21,763 - INFO  - [NUDE][TRAIN] Epoch 67/100 Iter 260/390 Loss 0.0048 ResLoss 0.0055 BfatLoss 0.0214 Top1 99.86 Top5 100.00
2025-12-28 21:46:33,955 - INFO  - [NUDE][TRAIN] Epoch 67/100 Iter 280/390 Loss 0.0048 ResLoss 0.0055 BfatLoss 0.0211 Top1 99.86 Top5 100.00
2025-12-28 21:46:46,104 - INFO  - [NUDE][TRAIN] Epoch 67/100 Iter 300/390 Loss 0.0048 ResLoss 0.0054 BfatLoss 0.0208 Top1 99.86 Top5 100.00
2025-12-28 21:46:58,398 - INFO  - [NUDE][TRAIN] Epoch 67/100 Iter 320/390 Loss 0.0049 ResLoss 0.0056 BfatLoss 0.0212 Top1 99.85 Top5 100.00
2025-12-28 21:47:10,568 - INFO  - [NUDE][TRAIN] Epoch 67/100 Iter 340/390 Loss 0.0051 ResLoss 0.0058 BfatLoss 0.0214 Top1 99.85 Top5 100.00
2025-12-28 21:47:22,582 - INFO  - [NUDE][TRAIN] Epoch 67/100 Iter 360/390 Loss 0.0050 ResLoss 0.0057 BfatLoss 0.0214 Top1 99.85 Top5 100.00
2025-12-28 21:47:35,107 - INFO  - [NUDE][TRAIN] Epoch 67/100 Iter 380/390 Loss 0.0050 ResLoss 0.0056 BfatLoss 0.0216 Top1 99.86 Top5 100.00
2025-12-28 21:47:41,252 - INFO  - [NUDE] Validate: force max bit-width W/A = 6
2025-12-28 21:47:43,699 - INFO  - [NUDE][EPOCH] 67/100 Train: Top1=99.86 Top5=100.00 Loss=0.0050 | Val(EMA): Top1=93.74
2025-12-28 21:47:43,700 - INFO  -   ⏱️  本Epoch耗时: 4分0秒 | 平均Epoch耗时: 4分0秒 | 剩余Epoch数: 32
2025-12-28 21:47:43,700 - INFO  -   📅 预估剩余时间: 2小时8分21秒 | 预估完成时间: 2025-12-28 23:56:05
2025-12-28 21:47:44,273 - INFO  - ([68] Epoch) Saving checkpoint to:
             Current: /root/autodl-tmp/retraining-free-quantization/training/r18_c10_nude_0.02_sim_normal_seed_repair/r18_c10_nude_0.02_sim_normal_seed_repair_checkpoint.pth.tar

2025-12-28 21:47:44,276 - INFO  - 🎲 Epoch 68: FaultInjector seed rotated to 110
2025-12-28 21:47:44,285 - INFO  - [NUDE] Epoch 68: force max bit-width W/A = 6
2025-12-28 21:47:44,285 - INFO  - ================================================================================
2025-12-28 21:47:44,285 - INFO  - 🔥 [NUDE] BFAT ACTIVE
2025-12-28 21:47:44,285 - INFO  -    Loss Type: direct_ce
2025-12-28 21:47:44,285 - INFO  -    Proj Mode: direction
2025-12-28 21:47:44,285 - INFO  -    Injection: All Bits
2025-12-28 21:47:44,285 - INFO  - ================================================================================
2025-12-28 21:47:56,879 - INFO  - [NUDE][TRAIN] Epoch 68/100 Iter 20/390 Loss 0.0032 ResLoss 0.0043 BfatLoss 0.0221 Top1 99.88 Top5 100.00
2025-12-28 21:48:09,184 - INFO  - [NUDE][TRAIN] Epoch 68/100 Iter 40/390 Loss 0.0043 ResLoss 0.0050 BfatLoss 0.0230 Top1 99.84 Top5 100.00
2025-12-28 21:48:21,282 - INFO  - [NUDE][TRAIN] Epoch 68/100 Iter 60/390 Loss 0.0035 ResLoss 0.0042 BfatLoss 0.0198 Top1 99.90 Top5 100.00
2025-12-28 21:48:33,492 - INFO  - [NUDE][TRAIN] Epoch 68/100 Iter 80/390 Loss 0.0035 ResLoss 0.0043 BfatLoss 0.0194 Top1 99.89 Top5 100.00
2025-12-28 21:48:45,592 - INFO  - [NUDE][TRAIN] Epoch 68/100 Iter 100/390 Loss 0.0035 ResLoss 0.0041 BfatLoss 0.0192 Top1 99.90 Top5 100.00
2025-12-28 21:48:57,760 - INFO  - [NUDE][TRAIN] Epoch 68/100 Iter 120/390 Loss 0.0037 ResLoss 0.0044 BfatLoss 0.0200 Top1 99.89 Top5 100.00
2025-12-28 21:49:10,021 - INFO  - [NUDE][TRAIN] Epoch 68/100 Iter 140/390 Loss 0.0038 ResLoss 0.0045 BfatLoss 0.0202 Top1 99.88 Top5 100.00
2025-12-28 21:49:22,261 - INFO  - [NUDE][TRAIN] Epoch 68/100 Iter 160/390 Loss 0.0048 ResLoss 0.0055 BfatLoss 0.0204 Top1 99.85 Top5 100.00
2025-12-28 21:49:34,504 - INFO  - [NUDE][TRAIN] Epoch 68/100 Iter 180/390 Loss 0.0047 ResLoss 0.0053 BfatLoss 0.0214 Top1 99.86 Top5 100.00
2025-12-28 21:49:46,689 - INFO  - [NUDE][TRAIN] Epoch 68/100 Iter 200/390 Loss 0.0049 ResLoss 0.0055 BfatLoss 0.0208 Top1 99.86 Top5 100.00
2025-12-28 21:49:59,065 - INFO  - [NUDE][TRAIN] Epoch 68/100 Iter 220/390 Loss 0.0049 ResLoss 0.0055 BfatLoss 0.0208 Top1 99.85 Top5 100.00
2025-12-28 21:50:11,355 - INFO  - [NUDE][TRAIN] Epoch 68/100 Iter 240/390 Loss 0.0048 ResLoss 0.0055 BfatLoss 0.0206 Top1 99.86 Top5 100.00
2025-12-28 21:50:23,534 - INFO  - [NUDE][TRAIN] Epoch 68/100 Iter 260/390 Loss 0.0046 ResLoss 0.0053 BfatLoss 0.0206 Top1 99.87 Top5 100.00
2025-12-28 21:50:35,897 - INFO  - [NUDE][TRAIN] Epoch 68/100 Iter 280/390 Loss 0.0045 ResLoss 0.0052 BfatLoss 0.0209 Top1 99.87 Top5 100.00
2025-12-28 21:50:47,986 - INFO  - [NUDE][TRAIN] Epoch 68/100 Iter 300/390 Loss 0.0043 ResLoss 0.0050 BfatLoss 0.0207 Top1 99.88 Top5 100.00
2025-12-28 21:51:00,290 - INFO  - [NUDE][TRAIN] Epoch 68/100 Iter 320/390 Loss 0.0042 ResLoss 0.0049 BfatLoss 0.0205 Top1 99.88 Top5 100.00
2025-12-28 21:51:12,536 - INFO  - [NUDE][TRAIN] Epoch 68/100 Iter 340/390 Loss 0.0044 ResLoss 0.0050 BfatLoss 0.0210 Top1 99.87 Top5 100.00
2025-12-28 21:51:24,737 - INFO  - [NUDE][TRAIN] Epoch 68/100 Iter 360/390 Loss 0.0044 ResLoss 0.0051 BfatLoss 0.0213 Top1 99.86 Top5 100.00
2025-12-28 21:51:37,142 - INFO  - [NUDE][TRAIN] Epoch 68/100 Iter 380/390 Loss 0.0044 ResLoss 0.0051 BfatLoss 0.0212 Top1 99.87 Top5 100.00
2025-12-28 21:51:43,292 - INFO  - [NUDE] Validate: force max bit-width W/A = 6
2025-12-28 21:51:45,689 - INFO  - [NUDE][EPOCH] 68/100 Train: Top1=99.86 Top5=100.00 Loss=0.0044 | Val(EMA): Top1=93.68
2025-12-28 21:51:45,689 - INFO  -   ⏱️  本Epoch耗时: 4分1秒 | 平均Epoch耗时: 4分0秒 | 剩余Epoch数: 31
2025-12-28 21:51:45,689 - INFO  -   📅 预估剩余时间: 2小时4分27秒 | 预估完成时间: 2025-12-28 23:56:13
2025-12-28 21:51:46,253 - INFO  - ([69] Epoch) Saving checkpoint to:
             Current: /root/autodl-tmp/retraining-free-quantization/training/r18_c10_nude_0.02_sim_normal_seed_repair/r18_c10_nude_0.02_sim_normal_seed_repair_checkpoint.pth.tar

2025-12-28 21:51:46,256 - INFO  - 🎲 Epoch 69: FaultInjector seed rotated to 111
2025-12-28 21:51:46,264 - INFO  - [NUDE] Epoch 69: force max bit-width W/A = 6
2025-12-28 21:51:46,264 - INFO  - ================================================================================
2025-12-28 21:51:46,264 - INFO  - 🔥 [NUDE] BFAT ACTIVE
2025-12-28 21:51:46,264 - INFO  -    Loss Type: direct_ce
2025-12-28 21:51:46,264 - INFO  -    Proj Mode: direction
2025-12-28 21:51:46,264 - INFO  -    Injection: All Bits
2025-12-28 21:51:46,264 - INFO  - ================================================================================
2025-12-28 21:51:58,968 - INFO  - [NUDE][TRAIN] Epoch 69/100 Iter 20/390 Loss 0.0028 ResLoss 0.0032 BfatLoss 0.0234 Top1 99.92 Top5 100.00
2025-12-28 21:52:11,219 - INFO  - [NUDE][TRAIN] Epoch 69/100 Iter 40/390 Loss 0.0047 ResLoss 0.0054 BfatLoss 0.0218 Top1 99.82 Top5 100.00
2025-12-28 21:52:23,301 - INFO  - [NUDE][TRAIN] Epoch 69/100 Iter 60/390 Loss 0.0041 ResLoss 0.0049 BfatLoss 0.0209 Top1 99.86 Top5 100.00
2025-12-28 21:52:35,589 - INFO  - [NUDE][TRAIN] Epoch 69/100 Iter 80/390 Loss 0.0039 ResLoss 0.0047 BfatLoss 0.0203 Top1 99.85 Top5 100.00
2025-12-28 21:52:47,815 - INFO  - [NUDE][TRAIN] Epoch 69/100 Iter 100/390 Loss 0.0038 ResLoss 0.0046 BfatLoss 0.0208 Top1 99.86 Top5 100.00
2025-12-28 21:53:00,151 - INFO  - [NUDE][TRAIN] Epoch 69/100 Iter 120/390 Loss 0.0036 ResLoss 0.0043 BfatLoss 0.0206 Top1 99.86 Top5 100.00
2025-12-28 21:53:12,561 - INFO  - [NUDE][TRAIN] Epoch 69/100 Iter 140/390 Loss 0.0034 ResLoss 0.0041 BfatLoss 0.0199 Top1 99.87 Top5 100.00
2025-12-28 21:53:24,703 - INFO  - [NUDE][TRAIN] Epoch 69/100 Iter 160/390 Loss 0.0033 ResLoss 0.0040 BfatLoss 0.0199 Top1 99.89 Top5 100.00
2025-12-28 21:53:37,023 - INFO  - [NUDE][TRAIN] Epoch 69/100 Iter 180/390 Loss 0.0033 ResLoss 0.0039 BfatLoss 0.0200 Top1 99.89 Top5 100.00
2025-12-28 21:53:49,134 - INFO  - [NUDE][TRAIN] Epoch 69/100 Iter 200/390 Loss 0.0032 ResLoss 0.0038 BfatLoss 0.0198 Top1 99.89 Top5 100.00
2025-12-28 21:54:01,366 - INFO  - [NUDE][TRAIN] Epoch 69/100 Iter 220/390 Loss 0.0032 ResLoss 0.0038 BfatLoss 0.0199 Top1 99.89 Top5 100.00
2025-12-28 21:54:13,679 - INFO  - [NUDE][TRAIN] Epoch 69/100 Iter 240/390 Loss 0.0032 ResLoss 0.0039 BfatLoss 0.0198 Top1 99.89 Top5 100.00
2025-12-28 21:54:25,861 - INFO  - [NUDE][TRAIN] Epoch 69/100 Iter 260/390 Loss 0.0032 ResLoss 0.0038 BfatLoss 0.0197 Top1 99.89 Top5 100.00
2025-12-28 21:54:38,129 - INFO  - [NUDE][TRAIN] Epoch 69/100 Iter 280/390 Loss 0.0033 ResLoss 0.0038 BfatLoss 0.0204 Top1 99.89 Top5 100.00
2025-12-28 21:54:50,392 - INFO  - [NUDE][TRAIN] Epoch 69/100 Iter 300/390 Loss 0.0033 ResLoss 0.0038 BfatLoss 0.0203 Top1 99.89 Top5 100.00
2025-12-28 21:55:02,794 - INFO  - [NUDE][TRAIN] Epoch 69/100 Iter 320/390 Loss 0.0034 ResLoss 0.0039 BfatLoss 0.0206 Top1 99.88 Top5 100.00
2025-12-28 21:55:15,131 - INFO  - [NUDE][TRAIN] Epoch 69/100 Iter 340/390 Loss 0.0034 ResLoss 0.0040 BfatLoss 0.0205 Top1 99.87 Top5 100.00
2025-12-28 21:55:27,423 - INFO  - [NUDE][TRAIN] Epoch 69/100 Iter 360/390 Loss 0.0035 ResLoss 0.0040 BfatLoss 0.0205 Top1 99.87 Top5 100.00
2025-12-28 21:55:39,783 - INFO  - [NUDE][TRAIN] Epoch 69/100 Iter 380/390 Loss 0.0036 ResLoss 0.0041 BfatLoss 0.0206 Top1 99.87 Top5 100.00
2025-12-28 21:55:45,840 - INFO  - [NUDE] Validate: force max bit-width W/A = 6
2025-12-28 21:55:48,152 - INFO  - [NUDE][EPOCH] 69/100 Train: Top1=99.87 Top5=100.00 Loss=0.0036 | Val(EMA): Top1=93.72
2025-12-28 21:55:48,152 - INFO  -   ⏱️  本Epoch耗时: 4分1秒 | 平均Epoch耗时: 4分1秒 | 剩余Epoch数: 30
2025-12-28 21:55:48,152 - INFO  -   📅 预估剩余时间: 2小时0分45秒 | 预估完成时间: 2025-12-28 23:56:33
2025-12-28 21:55:48,771 - INFO  - ([70] Epoch) Saving checkpoint to:
             Current: /root/autodl-tmp/retraining-free-quantization/training/r18_c10_nude_0.02_sim_normal_seed_repair/r18_c10_nude_0.02_sim_normal_seed_repair_checkpoint.pth.tar

2025-12-28 21:55:48,774 - INFO  - 🎲 Epoch 70: FaultInjector seed rotated to 112
2025-12-28 21:55:48,782 - INFO  - [NUDE] Epoch 70: force max bit-width W/A = 6
2025-12-28 21:55:48,783 - INFO  - ================================================================================
2025-12-28 21:55:48,783 - INFO  - 🔥 [NUDE] BFAT ACTIVE
2025-12-28 21:55:48,783 - INFO  -    Loss Type: direct_ce
2025-12-28 21:55:48,783 - INFO  -    Proj Mode: direction
2025-12-28 21:55:48,783 - INFO  -    Injection: All Bits
2025-12-28 21:55:48,783 - INFO  - ================================================================================
2025-12-28 21:56:01,224 - INFO  - [NUDE][TRAIN] Epoch 70/100 Iter 20/390 Loss 0.0010 ResLoss 0.0013 BfatLoss 0.0183 Top1 100.00 Top5 100.00
2025-12-28 21:56:13,550 - INFO  - [NUDE][TRAIN] Epoch 70/100 Iter 40/390 Loss 0.0037 ResLoss 0.0045 BfatLoss 0.0192 Top1 99.90 Top5 100.00
2025-12-28 21:56:25,688 - INFO  - [NUDE][TRAIN] Epoch 70/100 Iter 60/390 Loss 0.0036 ResLoss 0.0042 BfatLoss 0.0169 Top1 99.88 Top5 100.00
2025-12-28 21:56:37,957 - INFO  - [NUDE][TRAIN] Epoch 70/100 Iter 80/390 Loss 0.0036 ResLoss 0.0041 BfatLoss 0.0170 Top1 99.89 Top5 100.00
2025-12-28 21:56:50,045 - INFO  - [NUDE][TRAIN] Epoch 70/100 Iter 100/390 Loss 0.0034 ResLoss 0.0041 BfatLoss 0.0173 Top1 99.88 Top5 100.00
2025-12-28 21:57:02,255 - INFO  - [NUDE][TRAIN] Epoch 70/100 Iter 120/390 Loss 0.0031 ResLoss 0.0038 BfatLoss 0.0173 Top1 99.90 Top5 100.00
2025-12-28 21:57:14,534 - INFO  - [NUDE][TRAIN] Epoch 70/100 Iter 140/390 Loss 0.0031 ResLoss 0.0037 BfatLoss 0.0170 Top1 99.90 Top5 100.00
2025-12-28 21:57:26,535 - INFO  - [NUDE][TRAIN] Epoch 70/100 Iter 160/390 Loss 0.0029 ResLoss 0.0036 BfatLoss 0.0164 Top1 99.91 Top5 100.00
2025-12-28 21:57:38,687 - INFO  - [NUDE][TRAIN] Epoch 70/100 Iter 180/390 Loss 0.0027 ResLoss 0.0033 BfatLoss 0.0158 Top1 99.92 Top5 100.00
2025-12-28 21:57:50,770 - INFO  - [NUDE][TRAIN] Epoch 70/100 Iter 200/390 Loss 0.0025 ResLoss 0.0031 BfatLoss 0.0155 Top1 99.93 Top5 100.00
2025-12-28 21:58:03,013 - INFO  - [NUDE][TRAIN] Epoch 70/100 Iter 220/390 Loss 0.0024 ResLoss 0.0030 BfatLoss 0.0158 Top1 99.93 Top5 100.00
2025-12-28 21:58:15,281 - INFO  - [NUDE][TRAIN] Epoch 70/100 Iter 240/390 Loss 0.0024 ResLoss 0.0030 BfatLoss 0.0155 Top1 99.94 Top5 100.00
2025-12-28 21:58:27,411 - INFO  - [NUDE][TRAIN] Epoch 70/100 Iter 260/390 Loss 0.0023 ResLoss 0.0029 BfatLoss 0.0153 Top1 99.94 Top5 100.00
2025-12-28 21:58:39,682 - INFO  - [NUDE][TRAIN] Epoch 70/100 Iter 280/390 Loss 0.0024 ResLoss 0.0029 BfatLoss 0.0155 Top1 99.94 Top5 100.00
2025-12-28 21:58:51,891 - INFO  - [NUDE][TRAIN] Epoch 70/100 Iter 300/390 Loss 0.0025 ResLoss 0.0030 BfatLoss 0.0165 Top1 99.93 Top5 100.00
2025-12-28 21:59:03,965 - INFO  - [NUDE][TRAIN] Epoch 70/100 Iter 320/390 Loss 0.0025 ResLoss 0.0031 BfatLoss 0.0167 Top1 99.92 Top5 100.00
2025-12-28 21:59:16,184 - INFO  - [NUDE][TRAIN] Epoch 70/100 Iter 340/390 Loss 0.0027 ResLoss 0.0033 BfatLoss 0.0166 Top1 99.92 Top5 100.00
2025-12-28 21:59:28,373 - INFO  - [NUDE][TRAIN] Epoch 70/100 Iter 360/390 Loss 0.0026 ResLoss 0.0032 BfatLoss 0.0168 Top1 99.92 Top5 100.00
2025-12-28 21:59:40,678 - INFO  - [NUDE][TRAIN] Epoch 70/100 Iter 380/390 Loss 0.0026 ResLoss 0.0032 BfatLoss 0.0168 Top1 99.92 Top5 100.00
2025-12-28 21:59:46,851 - INFO  - [NUDE] Validate: force max bit-width W/A = 6
2025-12-28 21:59:49,186 - INFO  - [NUDE][EPOCH] 70/100 Train: Top1=99.92 Top5=100.00 Loss=0.0026 | Val(EMA): Top1=93.72
2025-12-28 21:59:49,186 - INFO  -   ⏱️  本Epoch耗时: 4分0秒 | 平均Epoch耗时: 4分1秒 | 剩余Epoch数: 29
2025-12-28 21:59:49,186 - INFO  -   📅 预估剩余时间: 1小时56分33秒 | 预估完成时间: 2025-12-28 23:56:23
2025-12-28 21:59:49,876 - INFO  - ([71] Epoch) Saving checkpoint to:
             Current: /root/autodl-tmp/retraining-free-quantization/training/r18_c10_nude_0.02_sim_normal_seed_repair/r18_c10_nude_0.02_sim_normal_seed_repair_checkpoint.pth.tar

2025-12-28 21:59:49,879 - INFO  - 🎲 Epoch 71: FaultInjector seed rotated to 113
2025-12-28 21:59:49,887 - INFO  - [NUDE] Epoch 71: force max bit-width W/A = 6
2025-12-28 21:59:49,887 - INFO  - ================================================================================
2025-12-28 21:59:49,887 - INFO  - 🔥 [NUDE] BFAT ACTIVE
2025-12-28 21:59:49,887 - INFO  -    Loss Type: direct_ce
2025-12-28 21:59:49,887 - INFO  -    Proj Mode: direction
2025-12-28 21:59:49,887 - INFO  -    Injection: All Bits
2025-12-28 21:59:49,887 - INFO  - ================================================================================
2025-12-28 22:00:02,391 - INFO  - [NUDE][TRAIN] Epoch 71/100 Iter 20/390 Loss 0.0023 ResLoss 0.0024 BfatLoss 0.0209 Top1 99.96 Top5 100.00
2025-12-28 22:00:14,650 - INFO  - [NUDE][TRAIN] Epoch 71/100 Iter 40/390 Loss 0.0021 ResLoss 0.0021 BfatLoss 0.0148 Top1 99.96 Top5 100.00
2025-12-28 22:00:26,748 - INFO  - [NUDE][TRAIN] Epoch 71/100 Iter 60/390 Loss 0.0019 ResLoss 0.0021 BfatLoss 0.0150 Top1 99.95 Top5 100.00
2025-12-28 22:00:38,954 - INFO  - [NUDE][TRAIN] Epoch 71/100 Iter 80/390 Loss 0.0019 ResLoss 0.0022 BfatLoss 0.0149 Top1 99.95 Top5 100.00
2025-12-28 22:00:51,006 - INFO  - [NUDE][TRAIN] Epoch 71/100 Iter 100/390 Loss 0.0028 ResLoss 0.0031 BfatLoss 0.0176 Top1 99.95 Top5 100.00
2025-12-28 22:01:03,266 - INFO  - [NUDE][TRAIN] Epoch 71/100 Iter 120/390 Loss 0.0025 ResLoss 0.0027 BfatLoss 0.0172 Top1 99.95 Top5 100.00
2025-12-28 22:01:15,446 - INFO  - [NUDE][TRAIN] Epoch 71/100 Iter 140/390 Loss 0.0025 ResLoss 0.0028 BfatLoss 0.0172 Top1 99.96 Top5 100.00
2025-12-28 22:01:27,586 - INFO  - [NUDE][TRAIN] Epoch 71/100 Iter 160/390 Loss 0.0025 ResLoss 0.0028 BfatLoss 0.0166 Top1 99.95 Top5 100.00
2025-12-28 22:01:39,797 - INFO  - [NUDE][TRAIN] Epoch 71/100 Iter 180/390 Loss 0.0025 ResLoss 0.0028 BfatLoss 0.0167 Top1 99.95 Top5 100.00
2025-12-28 22:01:51,794 - INFO  - [NUDE][TRAIN] Epoch 71/100 Iter 200/390 Loss 0.0026 ResLoss 0.0029 BfatLoss 0.0168 Top1 99.94 Top5 100.00
2025-12-28 22:02:03,891 - INFO  - [NUDE][TRAIN] Epoch 71/100 Iter 220/390 Loss 0.0025 ResLoss 0.0028 BfatLoss 0.0172 Top1 99.95 Top5 100.00
2025-12-28 22:02:16,047 - INFO  - [NUDE][TRAIN] Epoch 71/100 Iter 240/390 Loss 0.0024 ResLoss 0.0027 BfatLoss 0.0171 Top1 99.95 Top5 100.00
2025-12-28 22:02:28,094 - INFO  - [NUDE][TRAIN] Epoch 71/100 Iter 260/390 Loss 0.0023 ResLoss 0.0027 BfatLoss 0.0173 Top1 99.95 Top5 100.00
2025-12-28 22:02:40,230 - INFO  - [NUDE][TRAIN] Epoch 71/100 Iter 280/390 Loss 0.0024 ResLoss 0.0028 BfatLoss 0.0172 Top1 99.95 Top5 100.00
2025-12-28 22:02:52,418 - INFO  - [NUDE][TRAIN] Epoch 71/100 Iter 300/390 Loss 0.0025 ResLoss 0.0029 BfatLoss 0.0172 Top1 99.95 Top5 100.00
2025-12-28 22:03:04,712 - INFO  - [NUDE][TRAIN] Epoch 71/100 Iter 320/390 Loss 0.0026 ResLoss 0.0030 BfatLoss 0.0174 Top1 99.94 Top5 100.00
2025-12-28 22:03:17,065 - INFO  - [NUDE][TRAIN] Epoch 71/100 Iter 340/390 Loss 0.0026 ResLoss 0.0030 BfatLoss 0.0173 Top1 99.94 Top5 100.00
2025-12-28 22:03:29,364 - INFO  - [NUDE][TRAIN] Epoch 71/100 Iter 360/390 Loss 0.0026 ResLoss 0.0030 BfatLoss 0.0173 Top1 99.94 Top5 100.00
2025-12-28 22:03:41,780 - INFO  - [NUDE][TRAIN] Epoch 71/100 Iter 380/390 Loss 0.0025 ResLoss 0.0030 BfatLoss 0.0170 Top1 99.94 Top5 100.00
2025-12-28 22:03:47,905 - INFO  - [NUDE] Validate: force max bit-width W/A = 6
2025-12-28 22:03:50,499 - INFO  - [NUDE][EPOCH] 71/100 Train: Top1=99.94 Top5=100.00 Loss=0.0025 | Val(EMA): Top1=93.74
2025-12-28 22:03:50,500 - INFO  -   ⏱️  本Epoch耗时: 4分0秒 | 平均Epoch耗时: 4分1秒 | 剩余Epoch数: 28
2025-12-28 22:03:50,500 - INFO  -   📅 预估剩余时间: 1小时52分28秒 | 预估完成时间: 2025-12-28 23:56:18
2025-12-28 22:03:51,115 - INFO  - ([72] Epoch) Saving checkpoint to:
             Current: /root/autodl-tmp/retraining-free-quantization/training/r18_c10_nude_0.02_sim_normal_seed_repair/r18_c10_nude_0.02_sim_normal_seed_repair_checkpoint.pth.tar

2025-12-28 22:03:51,119 - INFO  - 🎲 Epoch 72: FaultInjector seed rotated to 114
2025-12-28 22:03:51,130 - INFO  - [NUDE] Epoch 72: force max bit-width W/A = 6
2025-12-28 22:03:51,131 - INFO  - ================================================================================
2025-12-28 22:03:51,131 - INFO  - 🔥 [NUDE] BFAT ACTIVE
2025-12-28 22:03:51,131 - INFO  -    Loss Type: direct_ce
2025-12-28 22:03:51,131 - INFO  -    Proj Mode: direction
2025-12-28 22:03:51,131 - INFO  -    Injection: All Bits
2025-12-28 22:03:51,131 - INFO  - ================================================================================
2025-12-28 22:04:03,762 - INFO  - [NUDE][TRAIN] Epoch 72/100 Iter 20/390 Loss 0.0014 ResLoss 0.0018 BfatLoss 0.0159 Top1 99.96 Top5 100.00
2025-12-28 22:04:15,926 - INFO  - [NUDE][TRAIN] Epoch 72/100 Iter 40/390 Loss 0.0012 ResLoss 0.0014 BfatLoss 0.0131 Top1 99.98 Top5 100.00
2025-12-28 22:04:28,087 - INFO  - [NUDE][TRAIN] Epoch 72/100 Iter 60/390 Loss 0.0011 ResLoss 0.0016 BfatLoss 0.0131 Top1 99.99 Top5 100.00
2025-12-28 22:04:40,373 - INFO  - [NUDE][TRAIN] Epoch 72/100 Iter 80/390 Loss 0.0012 ResLoss 0.0016 BfatLoss 0.0132 Top1 99.97 Top5 100.00
2025-12-28 22:04:52,621 - INFO  - [NUDE][TRAIN] Epoch 72/100 Iter 100/390 Loss 0.0013 ResLoss 0.0017 BfatLoss 0.0129 Top1 99.97 Top5 100.00
2025-12-28 22:05:04,866 - INFO  - [NUDE][TRAIN] Epoch 72/100 Iter 120/390 Loss 0.0013 ResLoss 0.0017 BfatLoss 0.0137 Top1 99.97 Top5 100.00
2025-12-28 22:05:17,247 - INFO  - [NUDE][TRAIN] Epoch 72/100 Iter 140/390 Loss 0.0014 ResLoss 0.0018 BfatLoss 0.0133 Top1 99.97 Top5 100.00
2025-12-28 22:05:29,472 - INFO  - [NUDE][TRAIN] Epoch 72/100 Iter 160/390 Loss 0.0016 ResLoss 0.0020 BfatLoss 0.0136 Top1 99.96 Top5 100.00
2025-12-28 22:05:41,903 - INFO  - [NUDE][TRAIN] Epoch 72/100 Iter 180/390 Loss 0.0018 ResLoss 0.0022 BfatLoss 0.0139 Top1 99.95 Top5 100.00
2025-12-28 22:05:54,028 - INFO  - [NUDE][TRAIN] Epoch 72/100 Iter 200/390 Loss 0.0018 ResLoss 0.0022 BfatLoss 0.0138 Top1 99.95 Top5 100.00
2025-12-28 22:06:06,354 - INFO  - [NUDE][TRAIN] Epoch 72/100 Iter 220/390 Loss 0.0017 ResLoss 0.0021 BfatLoss 0.0140 Top1 99.95 Top5 100.00
2025-12-28 22:06:18,676 - INFO  - [NUDE][TRAIN] Epoch 72/100 Iter 240/390 Loss 0.0017 ResLoss 0.0021 BfatLoss 0.0151 Top1 99.95 Top5 100.00
2025-12-28 22:06:30,914 - INFO  - [NUDE][TRAIN] Epoch 72/100 Iter 260/390 Loss 0.0018 ResLoss 0.0022 BfatLoss 0.0150 Top1 99.95 Top5 100.00
2025-12-28 22:06:43,159 - INFO  - [NUDE][TRAIN] Epoch 72/100 Iter 280/390 Loss 0.0018 ResLoss 0.0022 BfatLoss 0.0151 Top1 99.95 Top5 100.00
2025-12-28 22:06:55,323 - INFO  - [NUDE][TRAIN] Epoch 72/100 Iter 300/390 Loss 0.0017 ResLoss 0.0021 BfatLoss 0.0152 Top1 99.95 Top5 100.00
2025-12-28 22:07:07,575 - INFO  - [NUDE][TRAIN] Epoch 72/100 Iter 320/390 Loss 0.0017 ResLoss 0.0021 BfatLoss 0.0150 Top1 99.95 Top5 100.00
2025-12-28 22:07:19,808 - INFO  - [NUDE][TRAIN] Epoch 72/100 Iter 340/390 Loss 0.0017 ResLoss 0.0021 BfatLoss 0.0151 Top1 99.95 Top5 100.00
2025-12-28 22:07:31,908 - INFO  - [NUDE][TRAIN] Epoch 72/100 Iter 360/390 Loss 0.0017 ResLoss 0.0021 BfatLoss 0.0149 Top1 99.95 Top5 100.00
2025-12-28 22:07:44,152 - INFO  - [NUDE][TRAIN] Epoch 72/100 Iter 380/390 Loss 0.0017 ResLoss 0.0021 BfatLoss 0.0149 Top1 99.95 Top5 100.00
2025-12-28 22:07:50,306 - INFO  - [NUDE] Validate: force max bit-width W/A = 6
2025-12-28 22:07:52,710 - INFO  - [NUDE][EPOCH] 72/100 Train: Top1=99.95 Top5=100.00 Loss=0.0017 | Val(EMA): Top1=93.77
2025-12-28 22:07:52,710 - INFO  -   ⏱️  本Epoch耗时: 4分1秒 | 平均Epoch耗时: 4分1秒 | 剩余Epoch数: 27
2025-12-28 22:07:52,710 - INFO  -   📅 预估剩余时间: 1小时48分32秒 | 预估完成时间: 2025-12-28 23:56:24
2025-12-28 22:07:53,324 - INFO  - ([73] Epoch) Saving checkpoint to:
             Current: /root/autodl-tmp/retraining-free-quantization/training/r18_c10_nude_0.02_sim_normal_seed_repair/r18_c10_nude_0.02_sim_normal_seed_repair_checkpoint.pth.tar

2025-12-28 22:07:53,327 - INFO  - 🎲 Epoch 73: FaultInjector seed rotated to 115
2025-12-28 22:07:53,335 - INFO  - [NUDE] Epoch 73: force max bit-width W/A = 6
2025-12-28 22:07:53,336 - INFO  - ================================================================================
2025-12-28 22:07:53,336 - INFO  - 🔥 [NUDE] BFAT ACTIVE
2025-12-28 22:07:53,336 - INFO  -    Loss Type: direct_ce
2025-12-28 22:07:53,336 - INFO  -    Proj Mode: direction
2025-12-28 22:07:53,336 - INFO  -    Injection: All Bits
2025-12-28 22:07:53,336 - INFO  - ================================================================================
2025-12-28 22:08:05,927 - INFO  - [NUDE][TRAIN] Epoch 73/100 Iter 20/390 Loss 0.0038 ResLoss 0.0054 BfatLoss 0.0171 Top1 99.92 Top5 100.00
2025-12-28 22:08:18,286 - INFO  - [NUDE][TRAIN] Epoch 73/100 Iter 40/390 Loss 0.0029 ResLoss 0.0037 BfatLoss 0.0160 Top1 99.94 Top5 100.00
2025-12-28 22:08:30,465 - INFO  - [NUDE][TRAIN] Epoch 73/100 Iter 60/390 Loss 0.0028 ResLoss 0.0036 BfatLoss 0.0160 Top1 99.93 Top5 100.00
2025-12-28 22:08:42,768 - INFO  - [NUDE][TRAIN] Epoch 73/100 Iter 80/390 Loss 0.0026 ResLoss 0.0032 BfatLoss 0.0157 Top1 99.94 Top5 100.00
2025-12-28 22:08:54,926 - INFO  - [NUDE][TRAIN] Epoch 73/100 Iter 100/390 Loss 0.0028 ResLoss 0.0032 BfatLoss 0.0150 Top1 99.93 Top5 100.00
2025-12-28 22:09:07,180 - INFO  - [NUDE][TRAIN] Epoch 73/100 Iter 120/390 Loss 0.0025 ResLoss 0.0029 BfatLoss 0.0140 Top1 99.93 Top5 100.00
2025-12-28 22:09:19,348 - INFO  - [NUDE][TRAIN] Epoch 73/100 Iter 140/390 Loss 0.0023 ResLoss 0.0026 BfatLoss 0.0136 Top1 99.94 Top5 100.00
2025-12-28 22:09:31,391 - INFO  - [NUDE][TRAIN] Epoch 73/100 Iter 160/390 Loss 0.0022 ResLoss 0.0026 BfatLoss 0.0132 Top1 99.94 Top5 100.00
2025-12-28 22:09:43,613 - INFO  - [NUDE][TRAIN] Epoch 73/100 Iter 180/390 Loss 0.0022 ResLoss 0.0026 BfatLoss 0.0138 Top1 99.94 Top5 100.00
2025-12-28 22:09:55,758 - INFO  - [NUDE][TRAIN] Epoch 73/100 Iter 200/390 Loss 0.0023 ResLoss 0.0026 BfatLoss 0.0142 Top1 99.93 Top5 100.00
2025-12-28 22:10:07,963 - INFO  - [NUDE][TRAIN] Epoch 73/100 Iter 220/390 Loss 0.0022 ResLoss 0.0025 BfatLoss 0.0140 Top1 99.93 Top5 100.00
2025-12-28 22:10:20,082 - INFO  - [NUDE][TRAIN] Epoch 73/100 Iter 240/390 Loss 0.0022 ResLoss 0.0025 BfatLoss 0.0137 Top1 99.93 Top5 100.00
2025-12-28 22:10:32,161 - INFO  - [NUDE][TRAIN] Epoch 73/100 Iter 260/390 Loss 0.0023 ResLoss 0.0026 BfatLoss 0.0140 Top1 99.94 Top5 100.00
2025-12-28 22:10:44,528 - INFO  - [NUDE][TRAIN] Epoch 73/100 Iter 280/390 Loss 0.0023 ResLoss 0.0026 BfatLoss 0.0138 Top1 99.94 Top5 100.00
2025-12-28 22:10:56,611 - INFO  - [NUDE][TRAIN] Epoch 73/100 Iter 300/390 Loss 0.0024 ResLoss 0.0026 BfatLoss 0.0139 Top1 99.93 Top5 100.00
2025-12-28 22:11:08,726 - INFO  - [NUDE][TRAIN] Epoch 73/100 Iter 320/390 Loss 0.0023 ResLoss 0.0026 BfatLoss 0.0139 Top1 99.93 Top5 100.00
2025-12-28 22:11:20,989 - INFO  - [NUDE][TRAIN] Epoch 73/100 Iter 340/390 Loss 0.0023 ResLoss 0.0026 BfatLoss 0.0141 Top1 99.93 Top5 100.00
2025-12-28 22:11:33,059 - INFO  - [NUDE][TRAIN] Epoch 73/100 Iter 360/390 Loss 0.0023 ResLoss 0.0026 BfatLoss 0.0143 Top1 99.93 Top5 100.00
2025-12-28 22:11:45,299 - INFO  - [NUDE][TRAIN] Epoch 73/100 Iter 380/390 Loss 0.0022 ResLoss 0.0025 BfatLoss 0.0143 Top1 99.93 Top5 100.00
2025-12-28 22:11:51,497 - INFO  - [NUDE] Validate: force max bit-width W/A = 6
2025-12-28 22:11:53,861 - INFO  - [NUDE][EPOCH] 73/100 Train: Top1=99.93 Top5=100.00 Loss=0.0022 | Val(EMA): Top1=93.76
2025-12-28 22:11:53,861 - INFO  -   ⏱️  本Epoch耗时: 4分0秒 | 平均Epoch耗时: 4分1秒 | 剩余Epoch数: 26
2025-12-28 22:11:53,861 - INFO  -   📅 预估剩余时间: 1小时44分26秒 | 预估完成时间: 2025-12-28 23:56:20
2025-12-28 22:11:54,611 - INFO  - ([74] Epoch) Saving checkpoint to:
             Current: /root/autodl-tmp/retraining-free-quantization/training/r18_c10_nude_0.02_sim_normal_seed_repair/r18_c10_nude_0.02_sim_normal_seed_repair_checkpoint.pth.tar

2025-12-28 22:11:54,614 - INFO  - 🎲 Epoch 74: FaultInjector seed rotated to 116
2025-12-28 22:11:54,622 - INFO  - [NUDE] Epoch 74: force max bit-width W/A = 6
2025-12-28 22:11:54,623 - INFO  - ================================================================================
2025-12-28 22:11:54,623 - INFO  - 🔥 [NUDE] BFAT ACTIVE
2025-12-28 22:11:54,623 - INFO  -    Loss Type: direct_ce
2025-12-28 22:11:54,623 - INFO  -    Proj Mode: direction
2025-12-28 22:11:54,623 - INFO  -    Injection: All Bits
2025-12-28 22:11:54,623 - INFO  - ================================================================================
2025-12-28 22:12:06,995 - INFO  - [NUDE][TRAIN] Epoch 74/100 Iter 20/390 Loss 0.0012 ResLoss 0.0014 BfatLoss 0.0146 Top1 100.00 Top5 100.00
2025-12-28 22:12:19,309 - INFO  - [NUDE][TRAIN] Epoch 74/100 Iter 40/390 Loss 0.0024 ResLoss 0.0027 BfatLoss 0.0141 Top1 99.94 Top5 100.00
2025-12-28 22:12:31,360 - INFO  - [NUDE][TRAIN] Epoch 74/100 Iter 60/390 Loss 0.0023 ResLoss 0.0025 BfatLoss 0.0146 Top1 99.95 Top5 100.00
2025-12-28 22:12:43,524 - INFO  - [NUDE][TRAIN] Epoch 74/100 Iter 80/390 Loss 0.0018 ResLoss 0.0020 BfatLoss 0.0124 Top1 99.96 Top5 100.00
2025-12-28 22:12:55,641 - INFO  - [NUDE][TRAIN] Epoch 74/100 Iter 100/390 Loss 0.0018 ResLoss 0.0021 BfatLoss 0.0115 Top1 99.96 Top5 100.00
2025-12-28 22:13:07,844 - INFO  - [NUDE][TRAIN] Epoch 74/100 Iter 120/390 Loss 0.0017 ResLoss 0.0020 BfatLoss 0.0115 Top1 99.96 Top5 100.00
2025-12-28 22:13:20,012 - INFO  - [NUDE][TRAIN] Epoch 74/100 Iter 140/390 Loss 0.0017 ResLoss 0.0021 BfatLoss 0.0116 Top1 99.96 Top5 100.00
2025-12-28 22:13:32,072 - INFO  - [NUDE][TRAIN] Epoch 74/100 Iter 160/390 Loss 0.0017 ResLoss 0.0021 BfatLoss 0.0115 Top1 99.96 Top5 100.00
2025-12-28 22:13:44,266 - INFO  - [NUDE][TRAIN] Epoch 74/100 Iter 180/390 Loss 0.0016 ResLoss 0.0020 BfatLoss 0.0119 Top1 99.96 Top5 100.00
2025-12-28 22:13:56,335 - INFO  - [NUDE][TRAIN] Epoch 74/100 Iter 200/390 Loss 0.0016 ResLoss 0.0019 BfatLoss 0.0114 Top1 99.96 Top5 100.00
2025-12-28 22:14:08,528 - INFO  - [NUDE][TRAIN] Epoch 74/100 Iter 220/390 Loss 0.0015 ResLoss 0.0019 BfatLoss 0.0112 Top1 99.96 Top5 100.00
2025-12-28 22:14:20,721 - INFO  - [NUDE][TRAIN] Epoch 74/100 Iter 240/390 Loss 0.0015 ResLoss 0.0019 BfatLoss 0.0113 Top1 99.96 Top5 100.00
2025-12-28 22:14:32,714 - INFO  - [NUDE][TRAIN] Epoch 74/100 Iter 260/390 Loss 0.0015 ResLoss 0.0018 BfatLoss 0.0114 Top1 99.96 Top5 100.00
2025-12-28 22:14:44,866 - INFO  - [NUDE][TRAIN] Epoch 74/100 Iter 280/390 Loss 0.0014 ResLoss 0.0017 BfatLoss 0.0116 Top1 99.97 Top5 100.00
2025-12-28 22:14:57,010 - INFO  - [NUDE][TRAIN] Epoch 74/100 Iter 300/390 Loss 0.0015 ResLoss 0.0018 BfatLoss 0.0114 Top1 99.96 Top5 100.00
2025-12-28 22:15:09,066 - INFO  - [NUDE][TRAIN] Epoch 74/100 Iter 320/390 Loss 0.0015 ResLoss 0.0018 BfatLoss 0.0115 Top1 99.96 Top5 100.00
2025-12-28 22:15:21,149 - INFO  - [NUDE][TRAIN] Epoch 74/100 Iter 340/390 Loss 0.0016 ResLoss 0.0019 BfatLoss 0.0115 Top1 99.96 Top5 100.00
2025-12-28 22:15:33,148 - INFO  - [NUDE][TRAIN] Epoch 74/100 Iter 360/390 Loss 0.0016 ResLoss 0.0019 BfatLoss 0.0111 Top1 99.96 Top5 100.00
2025-12-28 22:15:45,232 - INFO  - [NUDE][TRAIN] Epoch 74/100 Iter 380/390 Loss 0.0015 ResLoss 0.0019 BfatLoss 0.0110 Top1 99.96 Top5 100.00
2025-12-28 22:15:51,276 - INFO  - [NUDE] Validate: force max bit-width W/A = 6
2025-12-28 22:15:53,691 - INFO  - [NUDE][EPOCH] 74/100 Train: Top1=99.96 Top5=100.00 Loss=0.0015 | Val(EMA): Top1=93.80
2025-12-28 22:15:53,691 - INFO  -   ⏱️  本Epoch耗时: 3分59秒 | 平均Epoch耗时: 4分0秒 | 剩余Epoch数: 25
2025-12-28 22:15:53,691 - INFO  -   📅 预估剩余时间: 1小时40分11秒 | 预估完成时间: 2025-12-28 23:56:04
2025-12-28 22:15:54,440 - INFO  - ([75] Epoch) Saving checkpoint to:
             Current: /root/autodl-tmp/retraining-free-quantization/training/r18_c10_nude_0.02_sim_normal_seed_repair/r18_c10_nude_0.02_sim_normal_seed_repair_checkpoint.pth.tar

2025-12-28 22:15:54,444 - INFO  - 🎲 Epoch 75: FaultInjector seed rotated to 117
2025-12-28 22:15:54,455 - INFO  - [NUDE] Epoch 75: force max bit-width W/A = 6
2025-12-28 22:15:54,455 - INFO  - ================================================================================
2025-12-28 22:15:54,455 - INFO  - 🔥 [NUDE] BFAT ACTIVE
2025-12-28 22:15:54,455 - INFO  -    Loss Type: direct_ce
2025-12-28 22:15:54,455 - INFO  -    Proj Mode: direction
2025-12-28 22:15:54,455 - INFO  -    Injection: All Bits
2025-12-28 22:15:54,455 - INFO  - ================================================================================
2025-12-28 22:16:06,664 - INFO  - [NUDE][TRAIN] Epoch 75/100 Iter 20/390 Loss 0.0015 ResLoss 0.0015 BfatLoss 0.0071 Top1 99.96 Top5 100.00
2025-12-28 22:16:18,936 - INFO  - [NUDE][TRAIN] Epoch 75/100 Iter 40/390 Loss 0.0012 ResLoss 0.0013 BfatLoss 0.0077 Top1 99.96 Top5 100.00
2025-12-28 22:16:31,160 - INFO  - [NUDE][TRAIN] Epoch 75/100 Iter 60/390 Loss 0.0017 ResLoss 0.0021 BfatLoss 0.0093 Top1 99.93 Top5 100.00
2025-12-28 22:16:43,635 - INFO  - [NUDE][TRAIN] Epoch 75/100 Iter 80/390 Loss 0.0018 ResLoss 0.0021 BfatLoss 0.0098 Top1 99.93 Top5 100.00
2025-12-28 22:16:56,051 - INFO  - [NUDE][TRAIN] Epoch 75/100 Iter 100/390 Loss 0.0015 ResLoss 0.0019 BfatLoss 0.0096 Top1 99.95 Top5 100.00
2025-12-28 22:17:08,418 - INFO  - [NUDE][TRAIN] Epoch 75/100 Iter 120/390 Loss 0.0015 ResLoss 0.0018 BfatLoss 0.0112 Top1 99.95 Top5 100.00
2025-12-28 22:17:20,674 - INFO  - [NUDE][TRAIN] Epoch 75/100 Iter 140/390 Loss 0.0014 ResLoss 0.0017 BfatLoss 0.0109 Top1 99.96 Top5 100.00
2025-12-28 22:17:32,894 - INFO  - [NUDE][TRAIN] Epoch 75/100 Iter 160/390 Loss 0.0012 ResLoss 0.0015 BfatLoss 0.0107 Top1 99.96 Top5 100.00
2025-12-28 22:17:45,206 - INFO  - [NUDE][TRAIN] Epoch 75/100 Iter 180/390 Loss 0.0013 ResLoss 0.0016 BfatLoss 0.0106 Top1 99.96 Top5 100.00
2025-12-28 22:17:57,535 - INFO  - [NUDE][TRAIN] Epoch 75/100 Iter 200/390 Loss 0.0012 ResLoss 0.0015 BfatLoss 0.0100 Top1 99.96 Top5 100.00
2025-12-28 22:18:09,806 - INFO  - [NUDE][TRAIN] Epoch 75/100 Iter 220/390 Loss 0.0011 ResLoss 0.0014 BfatLoss 0.0099 Top1 99.96 Top5 100.00
2025-12-28 22:18:22,055 - INFO  - [NUDE][TRAIN] Epoch 75/100 Iter 240/390 Loss 0.0011 ResLoss 0.0014 BfatLoss 0.0098 Top1 99.97 Top5 100.00
2025-12-28 22:18:34,407 - INFO  - [NUDE][TRAIN] Epoch 75/100 Iter 260/390 Loss 0.0011 ResLoss 0.0014 BfatLoss 0.0099 Top1 99.97 Top5 100.00
2025-12-28 22:18:46,763 - INFO  - [NUDE][TRAIN] Epoch 75/100 Iter 280/390 Loss 0.0011 ResLoss 0.0013 BfatLoss 0.0100 Top1 99.97 Top5 100.00
2025-12-28 22:18:58,952 - INFO  - [NUDE][TRAIN] Epoch 75/100 Iter 300/390 Loss 0.0011 ResLoss 0.0014 BfatLoss 0.0098 Top1 99.97 Top5 100.00
2025-12-28 22:19:11,284 - INFO  - [NUDE][TRAIN] Epoch 75/100 Iter 320/390 Loss 0.0012 ResLoss 0.0015 BfatLoss 0.0102 Top1 99.97 Top5 100.00
2025-12-28 22:19:23,567 - INFO  - [NUDE][TRAIN] Epoch 75/100 Iter 340/390 Loss 0.0012 ResLoss 0.0014 BfatLoss 0.0102 Top1 99.97 Top5 100.00
2025-12-28 22:19:35,682 - INFO  - [NUDE][TRAIN] Epoch 75/100 Iter 360/390 Loss 0.0012 ResLoss 0.0015 BfatLoss 0.0100 Top1 99.97 Top5 100.00
2025-12-28 22:19:47,958 - INFO  - [NUDE][TRAIN] Epoch 75/100 Iter 380/390 Loss 0.0012 ResLoss 0.0014 BfatLoss 0.0100 Top1 99.97 Top5 100.00
2025-12-28 22:19:54,116 - INFO  - [NUDE] Validate: force max bit-width W/A = 6
2025-12-28 22:19:56,487 - INFO  - [NUDE][EPOCH] 75/100 Train: Top1=99.97 Top5=100.00 Loss=0.0012 | Val(EMA): Top1=93.73
2025-12-28 22:19:56,487 - INFO  -   ⏱️  本Epoch耗时: 4分2秒 | 平均Epoch耗时: 4分0秒 | 剩余Epoch数: 24
2025-12-28 22:19:56,487 - INFO  -   📅 预估剩余时间: 1小时36分18秒 | 预估完成时间: 2025-12-28 23:56:15
2025-12-28 22:19:57,104 - INFO  - ([76] Epoch) Saving checkpoint to:
             Current: /root/autodl-tmp/retraining-free-quantization/training/r18_c10_nude_0.02_sim_normal_seed_repair/r18_c10_nude_0.02_sim_normal_seed_repair_checkpoint.pth.tar

2025-12-28 22:19:57,107 - INFO  - 🎲 Epoch 76: FaultInjector seed rotated to 118
2025-12-28 22:19:57,115 - INFO  - [NUDE] Epoch 76: force max bit-width W/A = 6
2025-12-28 22:19:57,115 - INFO  - ================================================================================
2025-12-28 22:19:57,115 - INFO  - 🔥 [NUDE] BFAT ACTIVE
2025-12-28 22:19:57,115 - INFO  -    Loss Type: direct_ce
2025-12-28 22:19:57,115 - INFO  -    Proj Mode: direction
2025-12-28 22:19:57,115 - INFO  -    Injection: All Bits
2025-12-28 22:19:57,115 - INFO  - ================================================================================
2025-12-28 22:20:09,759 - INFO  - [NUDE][TRAIN] Epoch 76/100 Iter 20/390 Loss 0.0009 ResLoss 0.0015 BfatLoss 0.0113 Top1 99.96 Top5 100.00
2025-12-28 22:20:22,039 - INFO  - [NUDE][TRAIN] Epoch 76/100 Iter 40/390 Loss 0.0008 ResLoss 0.0011 BfatLoss 0.0148 Top1 99.98 Top5 100.00
2025-12-28 22:20:34,332 - INFO  - [NUDE][TRAIN] Epoch 76/100 Iter 60/390 Loss 0.0008 ResLoss 0.0012 BfatLoss 0.0138 Top1 99.99 Top5 100.00
2025-12-28 22:20:46,556 - INFO  - [NUDE][TRAIN] Epoch 76/100 Iter 80/390 Loss 0.0007 ResLoss 0.0011 BfatLoss 0.0120 Top1 99.99 Top5 100.00
2025-12-28 22:20:58,701 - INFO  - [NUDE][TRAIN] Epoch 76/100 Iter 100/390 Loss 0.0006 ResLoss 0.0010 BfatLoss 0.0112 Top1 99.99 Top5 100.00
2025-12-28 22:21:10,905 - INFO  - [NUDE][TRAIN] Epoch 76/100 Iter 120/390 Loss 0.0010 ResLoss 0.0013 BfatLoss 0.0116 Top1 99.98 Top5 100.00
2025-12-28 22:21:23,139 - INFO  - [NUDE][TRAIN] Epoch 76/100 Iter 140/390 Loss 0.0009 ResLoss 0.0012 BfatLoss 0.0108 Top1 99.98 Top5 100.00
2025-12-28 22:21:35,252 - INFO  - [NUDE][TRAIN] Epoch 76/100 Iter 160/390 Loss 0.0008 ResLoss 0.0011 BfatLoss 0.0103 Top1 99.99 Top5 100.00
2025-12-28 22:21:47,549 - INFO  - [NUDE][TRAIN] Epoch 76/100 Iter 180/390 Loss 0.0008 ResLoss 0.0011 BfatLoss 0.0101 Top1 99.98 Top5 100.00
2025-12-28 22:21:59,729 - INFO  - [NUDE][TRAIN] Epoch 76/100 Iter 200/390 Loss 0.0009 ResLoss 0.0012 BfatLoss 0.0103 Top1 99.98 Top5 100.00
2025-12-28 22:22:12,014 - INFO  - [NUDE][TRAIN] Epoch 76/100 Iter 220/390 Loss 0.0010 ResLoss 0.0013 BfatLoss 0.0109 Top1 99.98 Top5 100.00
2025-12-28 22:22:24,252 - INFO  - [NUDE][TRAIN] Epoch 76/100 Iter 240/390 Loss 0.0010 ResLoss 0.0012 BfatLoss 0.0104 Top1 99.97 Top5 100.00
2025-12-28 22:22:36,428 - INFO  - [NUDE][TRAIN] Epoch 76/100 Iter 260/390 Loss 0.0010 ResLoss 0.0012 BfatLoss 0.0103 Top1 99.98 Top5 100.00
2025-12-28 22:22:48,690 - INFO  - [NUDE][TRAIN] Epoch 76/100 Iter 280/390 Loss 0.0009 ResLoss 0.0012 BfatLoss 0.0104 Top1 99.98 Top5 100.00
2025-12-28 22:23:00,676 - INFO  - [NUDE][TRAIN] Epoch 76/100 Iter 300/390 Loss 0.0009 ResLoss 0.0012 BfatLoss 0.0106 Top1 99.98 Top5 100.00
2025-12-28 22:23:12,938 - INFO  - [NUDE][TRAIN] Epoch 76/100 Iter 320/390 Loss 0.0009 ResLoss 0.0011 BfatLoss 0.0107 Top1 99.98 Top5 100.00
2025-12-28 22:23:25,087 - INFO  - [NUDE][TRAIN] Epoch 76/100 Iter 340/390 Loss 0.0009 ResLoss 0.0011 BfatLoss 0.0106 Top1 99.98 Top5 100.00
2025-12-28 22:23:37,160 - INFO  - [NUDE][TRAIN] Epoch 76/100 Iter 360/390 Loss 0.0009 ResLoss 0.0011 BfatLoss 0.0103 Top1 99.98 Top5 100.00
2025-12-28 22:23:49,375 - INFO  - [NUDE][TRAIN] Epoch 76/100 Iter 380/390 Loss 0.0009 ResLoss 0.0011 BfatLoss 0.0101 Top1 99.98 Top5 100.00
2025-12-28 22:23:55,510 - INFO  - [NUDE] Validate: force max bit-width W/A = 6
2025-12-28 22:23:57,862 - INFO  - [NUDE][EPOCH] 76/100 Train: Top1=99.98 Top5=100.00 Loss=0.0009 | Val(EMA): Top1=93.68
2025-12-28 22:23:57,862 - INFO  -   ⏱️  本Epoch耗时: 4分0秒 | 平均Epoch耗时: 4分0秒 | 剩余Epoch数: 23
2025-12-28 22:23:57,862 - INFO  -   📅 预估剩余时间: 1小时32分18秒 | 预估完成时间: 2025-12-28 23:56:16
2025-12-28 22:23:58,455 - INFO  - ([77] Epoch) Saving checkpoint to:
             Current: /root/autodl-tmp/retraining-free-quantization/training/r18_c10_nude_0.02_sim_normal_seed_repair/r18_c10_nude_0.02_sim_normal_seed_repair_checkpoint.pth.tar

2025-12-28 22:23:58,459 - INFO  - 🎲 Epoch 77: FaultInjector seed rotated to 119
2025-12-28 22:23:58,467 - INFO  - [NUDE] Epoch 77: force max bit-width W/A = 6
2025-12-28 22:23:58,467 - INFO  - ================================================================================
2025-12-28 22:23:58,467 - INFO  - 🔥 [NUDE] BFAT ACTIVE
2025-12-28 22:23:58,467 - INFO  -    Loss Type: direct_ce
2025-12-28 22:23:58,467 - INFO  -    Proj Mode: direction
2025-12-28 22:23:58,467 - INFO  -    Injection: All Bits
2025-12-28 22:23:58,467 - INFO  - ================================================================================
2025-12-28 22:24:10,939 - INFO  - [NUDE][TRAIN] Epoch 77/100 Iter 20/390 Loss 0.0005 ResLoss 0.0008 BfatLoss 0.0136 Top1 100.00 Top5 100.00
2025-12-28 22:24:23,138 - INFO  - [NUDE][TRAIN] Epoch 77/100 Iter 40/390 Loss 0.0005 ResLoss 0.0008 BfatLoss 0.0110 Top1 100.00 Top5 100.00
2025-12-28 22:24:35,139 - INFO  - [NUDE][TRAIN] Epoch 77/100 Iter 60/390 Loss 0.0005 ResLoss 0.0008 BfatLoss 0.0105 Top1 100.00 Top5 100.00
2025-12-28 22:24:47,270 - INFO  - [NUDE][TRAIN] Epoch 77/100 Iter 80/390 Loss 0.0005 ResLoss 0.0008 BfatLoss 0.0107 Top1 100.00 Top5 100.00
2025-12-28 22:24:59,354 - INFO  - [NUDE][TRAIN] Epoch 77/100 Iter 100/390 Loss 0.0006 ResLoss 0.0008 BfatLoss 0.0106 Top1 100.00 Top5 100.00
2025-12-28 22:25:11,557 - INFO  - [NUDE][TRAIN] Epoch 77/100 Iter 120/390 Loss 0.0008 ResLoss 0.0010 BfatLoss 0.0107 Top1 99.99 Top5 100.00
2025-12-28 22:25:23,770 - INFO  - [NUDE][TRAIN] Epoch 77/100 Iter 140/390 Loss 0.0009 ResLoss 0.0011 BfatLoss 0.0105 Top1 99.98 Top5 100.00
2025-12-28 22:25:35,853 - INFO  - [NUDE][TRAIN] Epoch 77/100 Iter 160/390 Loss 0.0012 ResLoss 0.0014 BfatLoss 0.0108 Top1 99.98 Top5 100.00
2025-12-28 22:25:48,040 - INFO  - [NUDE][TRAIN] Epoch 77/100 Iter 180/390 Loss 0.0011 ResLoss 0.0013 BfatLoss 0.0105 Top1 99.98 Top5 100.00
2025-12-28 22:26:00,133 - INFO  - [NUDE][TRAIN] Epoch 77/100 Iter 200/390 Loss 0.0011 ResLoss 0.0013 BfatLoss 0.0105 Top1 99.98 Top5 100.00
2025-12-28 22:26:12,296 - INFO  - [NUDE][TRAIN] Epoch 77/100 Iter 220/390 Loss 0.0010 ResLoss 0.0012 BfatLoss 0.0101 Top1 99.98 Top5 100.00
2025-12-28 22:26:24,419 - INFO  - [NUDE][TRAIN] Epoch 77/100 Iter 240/390 Loss 0.0009 ResLoss 0.0011 BfatLoss 0.0099 Top1 99.98 Top5 100.00
2025-12-28 22:26:36,511 - INFO  - [NUDE][TRAIN] Epoch 77/100 Iter 260/390 Loss 0.0009 ResLoss 0.0011 BfatLoss 0.0099 Top1 99.98 Top5 100.00
2025-12-28 22:26:48,685 - INFO  - [NUDE][TRAIN] Epoch 77/100 Iter 280/390 Loss 0.0009 ResLoss 0.0011 BfatLoss 0.0100 Top1 99.99 Top5 100.00
2025-12-28 22:27:00,771 - INFO  - [NUDE][TRAIN] Epoch 77/100 Iter 300/390 Loss 0.0009 ResLoss 0.0011 BfatLoss 0.0101 Top1 99.98 Top5 100.00
2025-12-28 22:27:12,952 - INFO  - [NUDE][TRAIN] Epoch 77/100 Iter 320/390 Loss 0.0009 ResLoss 0.0011 BfatLoss 0.0100 Top1 99.98 Top5 100.00
2025-12-28 22:27:25,151 - INFO  - [NUDE][TRAIN] Epoch 77/100 Iter 340/390 Loss 0.0010 ResLoss 0.0012 BfatLoss 0.0100 Top1 99.98 Top5 100.00
2025-12-28 22:27:37,243 - INFO  - [NUDE][TRAIN] Epoch 77/100 Iter 360/390 Loss 0.0010 ResLoss 0.0011 BfatLoss 0.0099 Top1 99.98 Top5 100.00
2025-12-28 22:27:49,469 - INFO  - [NUDE][TRAIN] Epoch 77/100 Iter 380/390 Loss 0.0009 ResLoss 0.0011 BfatLoss 0.0097 Top1 99.98 Top5 100.00
2025-12-28 22:27:55,497 - INFO  - [NUDE] Validate: force max bit-width W/A = 6
2025-12-28 22:27:57,817 - INFO  - [NUDE][EPOCH] 77/100 Train: Top1=99.98 Top5=100.00 Loss=0.0009 | Val(EMA): Top1=93.65
2025-12-28 22:27:57,817 - INFO  -   ⏱️  本Epoch耗时: 3分59秒 | 平均Epoch耗时: 4分0秒 | 剩余Epoch数: 22
2025-12-28 22:27:57,817 - INFO  -   📅 预估剩余时间: 1小时28分7秒 | 预估完成时间: 2025-12-28 23:56:05
2025-12-28 22:27:58,545 - INFO  - ([78] Epoch) Saving checkpoint to:
             Current: /root/autodl-tmp/retraining-free-quantization/training/r18_c10_nude_0.02_sim_normal_seed_repair/r18_c10_nude_0.02_sim_normal_seed_repair_checkpoint.pth.tar

2025-12-28 22:27:58,548 - INFO  - 🎲 Epoch 78: FaultInjector seed rotated to 120
2025-12-28 22:27:58,556 - INFO  - [NUDE] Epoch 78: force max bit-width W/A = 6
2025-12-28 22:27:58,556 - INFO  - ================================================================================
2025-12-28 22:27:58,556 - INFO  - 🔥 [NUDE] BFAT ACTIVE
2025-12-28 22:27:58,556 - INFO  -    Loss Type: direct_ce
2025-12-28 22:27:58,556 - INFO  -    Proj Mode: direction
2025-12-28 22:27:58,556 - INFO  -    Injection: All Bits
2025-12-28 22:27:58,556 - INFO  - ================================================================================
2025-12-28 22:28:10,857 - INFO  - [NUDE][TRAIN] Epoch 78/100 Iter 20/390 Loss 0.0006 ResLoss 0.0009 BfatLoss 0.0100 Top1 100.00 Top5 100.00
2025-12-28 22:28:23,064 - INFO  - [NUDE][TRAIN] Epoch 78/100 Iter 40/390 Loss 0.0010 ResLoss 0.0012 BfatLoss 0.0079 Top1 99.98 Top5 100.00
2025-12-28 22:28:35,171 - INFO  - [NUDE][TRAIN] Epoch 78/100 Iter 60/390 Loss 0.0008 ResLoss 0.0011 BfatLoss 0.0081 Top1 99.99 Top5 100.00
2025-12-28 22:28:47,337 - INFO  - [NUDE][TRAIN] Epoch 78/100 Iter 80/390 Loss 0.0008 ResLoss 0.0011 BfatLoss 0.0083 Top1 99.98 Top5 100.00
2025-12-28 22:28:59,311 - INFO  - [NUDE][TRAIN] Epoch 78/100 Iter 100/390 Loss 0.0007 ResLoss 0.0010 BfatLoss 0.0084 Top1 99.98 Top5 100.00
2025-12-28 22:29:11,366 - INFO  - [NUDE][TRAIN] Epoch 78/100 Iter 120/390 Loss 0.0007 ResLoss 0.0009 BfatLoss 0.0084 Top1 99.99 Top5 100.00
2025-12-28 22:29:23,515 - INFO  - [NUDE][TRAIN] Epoch 78/100 Iter 140/390 Loss 0.0008 ResLoss 0.0010 BfatLoss 0.0089 Top1 99.98 Top5 100.00
2025-12-28 22:29:35,645 - INFO  - [NUDE][TRAIN] Epoch 78/100 Iter 160/390 Loss 0.0008 ResLoss 0.0010 BfatLoss 0.0088 Top1 99.98 Top5 100.00
2025-12-28 22:29:47,934 - INFO  - [NUDE][TRAIN] Epoch 78/100 Iter 180/390 Loss 0.0007 ResLoss 0.0010 BfatLoss 0.0083 Top1 99.98 Top5 100.00
2025-12-28 22:30:00,070 - INFO  - [NUDE][TRAIN] Epoch 78/100 Iter 200/390 Loss 0.0007 ResLoss 0.0009 BfatLoss 0.0085 Top1 99.98 Top5 100.00
2025-12-28 22:30:12,361 - INFO  - [NUDE][TRAIN] Epoch 78/100 Iter 220/390 Loss 0.0007 ResLoss 0.0009 BfatLoss 0.0084 Top1 99.99 Top5 100.00
2025-12-28 22:30:24,682 - INFO  - [NUDE][TRAIN] Epoch 78/100 Iter 240/390 Loss 0.0007 ResLoss 0.0009 BfatLoss 0.0084 Top1 99.98 Top5 100.00
2025-12-28 22:30:36,834 - INFO  - [NUDE][TRAIN] Epoch 78/100 Iter 260/390 Loss 0.0007 ResLoss 0.0009 BfatLoss 0.0083 Top1 99.98 Top5 100.00
2025-12-28 22:30:49,097 - INFO  - [NUDE][TRAIN] Epoch 78/100 Iter 280/390 Loss 0.0006 ResLoss 0.0008 BfatLoss 0.0082 Top1 99.99 Top5 100.00
2025-12-28 22:31:01,354 - INFO  - [NUDE][TRAIN] Epoch 78/100 Iter 300/390 Loss 0.0006 ResLoss 0.0008 BfatLoss 0.0083 Top1 99.99 Top5 100.00
2025-12-28 22:31:13,470 - INFO  - [NUDE][TRAIN] Epoch 78/100 Iter 320/390 Loss 0.0006 ResLoss 0.0008 BfatLoss 0.0083 Top1 99.99 Top5 100.00
2025-12-28 22:31:25,657 - INFO  - [NUDE][TRAIN] Epoch 78/100 Iter 340/390 Loss 0.0006 ResLoss 0.0009 BfatLoss 0.0082 Top1 99.99 Top5 100.00
2025-12-28 22:31:37,859 - INFO  - [NUDE][TRAIN] Epoch 78/100 Iter 360/390 Loss 0.0006 ResLoss 0.0009 BfatLoss 0.0082 Top1 99.98 Top5 100.00
2025-12-28 22:31:50,100 - INFO  - [NUDE][TRAIN] Epoch 78/100 Iter 380/390 Loss 0.0006 ResLoss 0.0009 BfatLoss 0.0082 Top1 99.99 Top5 100.00
2025-12-28 22:31:56,235 - INFO  - [NUDE] Validate: force max bit-width W/A = 6
2025-12-28 22:31:58,603 - INFO  - [NUDE][EPOCH] 78/100 Train: Top1=99.99 Top5=100.00 Loss=0.0006 | Val(EMA): Top1=93.72
2025-12-28 22:31:58,603 - INFO  -   ⏱️  本Epoch耗时: 4分0秒 | 平均Epoch耗时: 4分0秒 | 剩余Epoch数: 21
2025-12-28 22:31:58,603 - INFO  -   📅 预估剩余时间: 1小时24分5秒 | 预估完成时间: 2025-12-28 23:56:04
2025-12-28 22:31:59,400 - INFO  - ([79] Epoch) Saving checkpoint to:
             Current: /root/autodl-tmp/retraining-free-quantization/training/r18_c10_nude_0.02_sim_normal_seed_repair/r18_c10_nude_0.02_sim_normal_seed_repair_checkpoint.pth.tar

2025-12-28 22:31:59,403 - INFO  - 🎲 Epoch 79: FaultInjector seed rotated to 121
2025-12-28 22:31:59,411 - INFO  - [NUDE] Epoch 79: force max bit-width W/A = 6
2025-12-28 22:31:59,411 - INFO  - ================================================================================
2025-12-28 22:31:59,411 - INFO  - 🔥 [NUDE] BFAT ACTIVE
2025-12-28 22:31:59,411 - INFO  -    Loss Type: direct_ce
2025-12-28 22:31:59,411 - INFO  -    Proj Mode: direction
2025-12-28 22:31:59,411 - INFO  -    Injection: All Bits
2025-12-28 22:31:59,411 - INFO  - ================================================================================
2025-12-28 22:32:11,885 - INFO  - [NUDE][TRAIN] Epoch 79/100 Iter 20/390 Loss 0.0008 ResLoss 0.0009 BfatLoss 0.0086 Top1 99.96 Top5 100.00
2025-12-28 22:32:24,153 - INFO  - [NUDE][TRAIN] Epoch 79/100 Iter 40/390 Loss 0.0006 ResLoss 0.0007 BfatLoss 0.0092 Top1 99.98 Top5 100.00
2025-12-28 22:32:36,338 - INFO  - [NUDE][TRAIN] Epoch 79/100 Iter 60/390 Loss 0.0005 ResLoss 0.0006 BfatLoss 0.0084 Top1 99.99 Top5 100.00
2025-12-28 22:32:48,661 - INFO  - [NUDE][TRAIN] Epoch 79/100 Iter 80/390 Loss 0.0004 ResLoss 0.0006 BfatLoss 0.0087 Top1 99.99 Top5 100.00
2025-12-28 22:33:00,782 - INFO  - [NUDE][TRAIN] Epoch 79/100 Iter 100/390 Loss 0.0007 ResLoss 0.0008 BfatLoss 0.0090 Top1 99.97 Top5 100.00
2025-12-28 22:33:13,118 - INFO  - [NUDE][TRAIN] Epoch 79/100 Iter 120/390 Loss 0.0008 ResLoss 0.0009 BfatLoss 0.0091 Top1 99.97 Top5 100.00
2025-12-28 22:33:25,517 - INFO  - [NUDE][TRAIN] Epoch 79/100 Iter 140/390 Loss 0.0008 ResLoss 0.0009 BfatLoss 0.0088 Top1 99.97 Top5 100.00
2025-12-28 22:33:37,702 - INFO  - [NUDE][TRAIN] Epoch 79/100 Iter 160/390 Loss 0.0008 ResLoss 0.0009 BfatLoss 0.0080 Top1 99.97 Top5 100.00
2025-12-28 22:33:49,916 - INFO  - [NUDE][TRAIN] Epoch 79/100 Iter 180/390 Loss 0.0008 ResLoss 0.0009 BfatLoss 0.0079 Top1 99.97 Top5 100.00
2025-12-28 22:34:02,033 - INFO  - [NUDE][TRAIN] Epoch 79/100 Iter 200/390 Loss 0.0009 ResLoss 0.0010 BfatLoss 0.0084 Top1 99.96 Top5 100.00
2025-12-28 22:34:14,337 - INFO  - [NUDE][TRAIN] Epoch 79/100 Iter 220/390 Loss 0.0009 ResLoss 0.0009 BfatLoss 0.0082 Top1 99.96 Top5 100.00
2025-12-28 22:34:26,585 - INFO  - [NUDE][TRAIN] Epoch 79/100 Iter 240/390 Loss 0.0008 ResLoss 0.0009 BfatLoss 0.0082 Top1 99.97 Top5 100.00
2025-12-28 22:34:38,801 - INFO  - [NUDE][TRAIN] Epoch 79/100 Iter 260/390 Loss 0.0008 ResLoss 0.0009 BfatLoss 0.0083 Top1 99.97 Top5 100.00
2025-12-28 22:34:50,998 - INFO  - [NUDE][TRAIN] Epoch 79/100 Iter 280/390 Loss 0.0008 ResLoss 0.0008 BfatLoss 0.0081 Top1 99.97 Top5 100.00
2025-12-28 22:35:03,221 - INFO  - [NUDE][TRAIN] Epoch 79/100 Iter 300/390 Loss 0.0007 ResLoss 0.0008 BfatLoss 0.0082 Top1 99.97 Top5 100.00
2025-12-28 22:35:15,490 - INFO  - [NUDE][TRAIN] Epoch 79/100 Iter 320/390 Loss 0.0007 ResLoss 0.0008 BfatLoss 0.0083 Top1 99.98 Top5 100.00
2025-12-28 22:35:27,847 - INFO  - [NUDE][TRAIN] Epoch 79/100 Iter 340/390 Loss 0.0007 ResLoss 0.0008 BfatLoss 0.0083 Top1 99.98 Top5 100.00
2025-12-28 22:35:40,088 - INFO  - [NUDE][TRAIN] Epoch 79/100 Iter 360/390 Loss 0.0007 ResLoss 0.0008 BfatLoss 0.0085 Top1 99.98 Top5 100.00
2025-12-28 22:35:52,479 - INFO  - [NUDE][TRAIN] Epoch 79/100 Iter 380/390 Loss 0.0007 ResLoss 0.0008 BfatLoss 0.0086 Top1 99.98 Top5 100.00
2025-12-28 22:35:58,701 - INFO  - [NUDE] Validate: force max bit-width W/A = 6
2025-12-28 22:36:01,110 - INFO  - [NUDE][EPOCH] 79/100 Train: Top1=99.98 Top5=100.00 Loss=0.0007 | Val(EMA): Top1=93.66
2025-12-28 22:36:01,110 - INFO  -   ⏱️  本Epoch耗时: 4分1秒 | 平均Epoch耗时: 4分0秒 | 剩余Epoch数: 20
2025-12-28 22:36:01,110 - INFO  -   📅 预估剩余时间: 1小时20分15秒 | 预估完成时间: 2025-12-28 23:56:16
2025-12-28 22:36:01,819 - INFO  - ([80] Epoch) Saving checkpoint to:
             Current: /root/autodl-tmp/retraining-free-quantization/training/r18_c10_nude_0.02_sim_normal_seed_repair/r18_c10_nude_0.02_sim_normal_seed_repair_checkpoint.pth.tar

2025-12-28 22:36:01,822 - INFO  - 🎲 Epoch 80: FaultInjector seed rotated to 122
2025-12-28 22:36:01,830 - INFO  - [NUDE] Epoch 80: force max bit-width W/A = 6
2025-12-28 22:36:01,830 - INFO  - ================================================================================
2025-12-28 22:36:01,830 - INFO  - 🔥 [NUDE] BFAT ACTIVE
2025-12-28 22:36:01,830 - INFO  -    Loss Type: direct_ce
2025-12-28 22:36:01,830 - INFO  -    Proj Mode: direction
2025-12-28 22:36:01,830 - INFO  -    Injection: All Bits
2025-12-28 22:36:01,830 - INFO  - ================================================================================
2025-12-28 22:36:14,506 - INFO  - [NUDE][TRAIN] Epoch 80/100 Iter 20/390 Loss 0.0005 ResLoss 0.0006 BfatLoss 0.0098 Top1 100.00 Top5 100.00
2025-12-28 22:36:26,614 - INFO  - [NUDE][TRAIN] Epoch 80/100 Iter 40/390 Loss 0.0006 ResLoss 0.0010 BfatLoss 0.0092 Top1 99.98 Top5 100.00
2025-12-28 22:36:38,648 - INFO  - [NUDE][TRAIN] Epoch 80/100 Iter 60/390 Loss 0.0007 ResLoss 0.0011 BfatLoss 0.0089 Top1 99.97 Top5 100.00
2025-12-28 22:36:50,795 - INFO  - [NUDE][TRAIN] Epoch 80/100 Iter 80/390 Loss 0.0007 ResLoss 0.0011 BfatLoss 0.0087 Top1 99.96 Top5 100.00
2025-12-28 22:37:02,897 - INFO  - [NUDE][TRAIN] Epoch 80/100 Iter 100/390 Loss 0.0007 ResLoss 0.0009 BfatLoss 0.0085 Top1 99.97 Top5 100.00
2025-12-28 22:37:15,047 - INFO  - [NUDE][TRAIN] Epoch 80/100 Iter 120/390 Loss 0.0006 ResLoss 0.0009 BfatLoss 0.0082 Top1 99.97 Top5 100.00
2025-12-28 22:37:27,217 - INFO  - [NUDE][TRAIN] Epoch 80/100 Iter 140/390 Loss 0.0006 ResLoss 0.0008 BfatLoss 0.0081 Top1 99.98 Top5 100.00
2025-12-28 22:37:39,335 - INFO  - [NUDE][TRAIN] Epoch 80/100 Iter 160/390 Loss 0.0005 ResLoss 0.0007 BfatLoss 0.0078 Top1 99.98 Top5 100.00
2025-12-28 22:37:51,523 - INFO  - [NUDE][TRAIN] Epoch 80/100 Iter 180/390 Loss 0.0006 ResLoss 0.0008 BfatLoss 0.0079 Top1 99.98 Top5 100.00
2025-12-28 22:38:03,645 - INFO  - [NUDE][TRAIN] Epoch 80/100 Iter 200/390 Loss 0.0005 ResLoss 0.0007 BfatLoss 0.0077 Top1 99.98 Top5 100.00
2025-12-28 22:38:15,735 - INFO  - [NUDE][TRAIN] Epoch 80/100 Iter 220/390 Loss 0.0007 ResLoss 0.0009 BfatLoss 0.0079 Top1 99.98 Top5 100.00
2025-12-28 22:38:27,920 - INFO  - [NUDE][TRAIN] Epoch 80/100 Iter 240/390 Loss 0.0007 ResLoss 0.0009 BfatLoss 0.0081 Top1 99.98 Top5 100.00
2025-12-28 22:38:39,990 - INFO  - [NUDE][TRAIN] Epoch 80/100 Iter 260/390 Loss 0.0007 ResLoss 0.0008 BfatLoss 0.0082 Top1 99.98 Top5 100.00
2025-12-28 22:38:52,223 - INFO  - [NUDE][TRAIN] Epoch 80/100 Iter 280/390 Loss 0.0007 ResLoss 0.0009 BfatLoss 0.0082 Top1 99.98 Top5 100.00
2025-12-28 22:39:04,343 - INFO  - [NUDE][TRAIN] Epoch 80/100 Iter 300/390 Loss 0.0007 ResLoss 0.0009 BfatLoss 0.0079 Top1 99.98 Top5 100.00
2025-12-28 22:39:16,477 - INFO  - [NUDE][TRAIN] Epoch 80/100 Iter 320/390 Loss 0.0006 ResLoss 0.0008 BfatLoss 0.0078 Top1 99.98 Top5 100.00
2025-12-28 22:39:28,600 - INFO  - [NUDE][TRAIN] Epoch 80/100 Iter 340/390 Loss 0.0006 ResLoss 0.0008 BfatLoss 0.0079 Top1 99.98 Top5 100.00
2025-12-28 22:39:40,708 - INFO  - [NUDE][TRAIN] Epoch 80/100 Iter 360/390 Loss 0.0006 ResLoss 0.0008 BfatLoss 0.0078 Top1 99.98 Top5 100.00
2025-12-28 22:39:52,782 - INFO  - [NUDE][TRAIN] Epoch 80/100 Iter 380/390 Loss 0.0006 ResLoss 0.0008 BfatLoss 0.0078 Top1 99.99 Top5 100.00
2025-12-28 22:39:58,828 - INFO  - [NUDE] Validate: force max bit-width W/A = 6
2025-12-28 22:40:01,196 - INFO  - [NUDE][EPOCH] 80/100 Train: Top1=99.98 Top5=100.00 Loss=0.0006 | Val(EMA): Top1=93.69
2025-12-28 22:40:01,196 - INFO  -   ⏱️  本Epoch耗时: 3分59秒 | 平均Epoch耗时: 4分0秒 | 剩余Epoch数: 19
2025-12-28 22:40:01,196 - INFO  -   📅 预估剩余时间: 1小时16分4秒 | 预估完成时间: 2025-12-28 23:56:05
2025-12-28 22:40:01,910 - INFO  - ([81] Epoch) Saving checkpoint to:
             Current: /root/autodl-tmp/retraining-free-quantization/training/r18_c10_nude_0.02_sim_normal_seed_repair/r18_c10_nude_0.02_sim_normal_seed_repair_checkpoint.pth.tar

2025-12-28 22:40:01,914 - INFO  - 🎲 Epoch 81: FaultInjector seed rotated to 123
2025-12-28 22:40:01,922 - INFO  - [NUDE] Epoch 81: force max bit-width W/A = 6
2025-12-28 22:40:01,922 - INFO  - ================================================================================
2025-12-28 22:40:01,922 - INFO  - 🔥 [NUDE] BFAT ACTIVE
2025-12-28 22:40:01,922 - INFO  -    Loss Type: direct_ce
2025-12-28 22:40:01,922 - INFO  -    Proj Mode: direction
2025-12-28 22:40:01,922 - INFO  -    Injection: All Bits
2025-12-28 22:40:01,922 - INFO  - ================================================================================
2025-12-28 22:40:14,441 - INFO  - [NUDE][TRAIN] Epoch 81/100 Iter 20/390 Loss 0.0005 ResLoss 0.0006 BfatLoss 0.0075 Top1 100.00 Top5 100.00
2025-12-28 22:40:26,660 - INFO  - [NUDE][TRAIN] Epoch 81/100 Iter 40/390 Loss 0.0009 ResLoss 0.0010 BfatLoss 0.0086 Top1 99.98 Top5 100.00
2025-12-28 22:40:38,746 - INFO  - [NUDE][TRAIN] Epoch 81/100 Iter 60/390 Loss 0.0007 ResLoss 0.0007 BfatLoss 0.0074 Top1 99.99 Top5 100.00
2025-12-28 22:40:50,951 - INFO  - [NUDE][TRAIN] Epoch 81/100 Iter 80/390 Loss 0.0011 ResLoss 0.0012 BfatLoss 0.0081 Top1 99.98 Top5 100.00
2025-12-28 22:41:03,029 - INFO  - [NUDE][TRAIN] Epoch 81/100 Iter 100/390 Loss 0.0010 ResLoss 0.0011 BfatLoss 0.0077 Top1 99.98 Top5 100.00
2025-12-28 22:41:15,320 - INFO  - [NUDE][TRAIN] Epoch 81/100 Iter 120/390 Loss 0.0009 ResLoss 0.0010 BfatLoss 0.0075 Top1 99.98 Top5 100.00
2025-12-28 22:41:27,472 - INFO  - [NUDE][TRAIN] Epoch 81/100 Iter 140/390 Loss 0.0008 ResLoss 0.0009 BfatLoss 0.0074 Top1 99.98 Top5 100.00
2025-12-28 22:41:39,456 - INFO  - [NUDE][TRAIN] Epoch 81/100 Iter 160/390 Loss 0.0008 ResLoss 0.0008 BfatLoss 0.0080 Top1 99.99 Top5 100.00
2025-12-28 22:41:51,632 - INFO  - [NUDE][TRAIN] Epoch 81/100 Iter 180/390 Loss 0.0008 ResLoss 0.0009 BfatLoss 0.0079 Top1 99.98 Top5 100.00
2025-12-28 22:42:03,689 - INFO  - [NUDE][TRAIN] Epoch 81/100 Iter 200/390 Loss 0.0008 ResLoss 0.0009 BfatLoss 0.0082 Top1 99.98 Top5 100.00
2025-12-28 22:42:15,813 - INFO  - [NUDE][TRAIN] Epoch 81/100 Iter 220/390 Loss 0.0008 ResLoss 0.0009 BfatLoss 0.0083 Top1 99.98 Top5 100.00
2025-12-28 22:42:27,915 - INFO  - [NUDE][TRAIN] Epoch 81/100 Iter 240/390 Loss 0.0007 ResLoss 0.0009 BfatLoss 0.0082 Top1 99.98 Top5 100.00
2025-12-28 22:42:39,900 - INFO  - [NUDE][TRAIN] Epoch 81/100 Iter 260/390 Loss 0.0007 ResLoss 0.0009 BfatLoss 0.0081 Top1 99.98 Top5 100.00
2025-12-28 22:42:52,008 - INFO  - [NUDE][TRAIN] Epoch 81/100 Iter 280/390 Loss 0.0007 ResLoss 0.0008 BfatLoss 0.0081 Top1 99.98 Top5 100.00
2025-12-28 22:43:04,157 - INFO  - [NUDE][TRAIN] Epoch 81/100 Iter 300/390 Loss 0.0007 ResLoss 0.0008 BfatLoss 0.0080 Top1 99.98 Top5 100.00
2025-12-28 22:43:16,354 - INFO  - [NUDE][TRAIN] Epoch 81/100 Iter 320/390 Loss 0.0006 ResLoss 0.0008 BfatLoss 0.0083 Top1 99.99 Top5 100.00
2025-12-28 22:43:28,566 - INFO  - [NUDE][TRAIN] Epoch 81/100 Iter 340/390 Loss 0.0006 ResLoss 0.0008 BfatLoss 0.0081 Top1 99.99 Top5 100.00
2025-12-28 22:43:40,758 - INFO  - [NUDE][TRAIN] Epoch 81/100 Iter 360/390 Loss 0.0006 ResLoss 0.0007 BfatLoss 0.0080 Top1 99.99 Top5 100.00
2025-12-28 22:43:53,110 - INFO  - [NUDE][TRAIN] Epoch 81/100 Iter 380/390 Loss 0.0006 ResLoss 0.0007 BfatLoss 0.0079 Top1 99.99 Top5 100.00
2025-12-28 22:43:59,286 - INFO  - [NUDE] Validate: force max bit-width W/A = 6
2025-12-28 22:44:01,659 - INFO  - [NUDE][EPOCH] 81/100 Train: Top1=99.99 Top5=100.00 Loss=0.0005 | Val(EMA): Top1=93.67
2025-12-28 22:44:01,659 - INFO  -   ⏱️  本Epoch耗时: 3分59秒 | 平均Epoch耗时: 4分0秒 | 剩余Epoch数: 18
2025-12-28 22:44:01,659 - INFO  -   📅 预估剩余时间: 1小时12分0秒 | 预估完成时间: 2025-12-28 23:56:02
2025-12-28 22:44:02,400 - INFO  - ([82] Epoch) Saving checkpoint to:
             Current: /root/autodl-tmp/retraining-free-quantization/training/r18_c10_nude_0.02_sim_normal_seed_repair/r18_c10_nude_0.02_sim_normal_seed_repair_checkpoint.pth.tar

2025-12-28 22:44:02,403 - INFO  - 🎲 Epoch 82: FaultInjector seed rotated to 124
2025-12-28 22:44:02,411 - INFO  - [NUDE] Epoch 82: force max bit-width W/A = 6
2025-12-28 22:44:02,411 - INFO  - ================================================================================
2025-12-28 22:44:02,411 - INFO  - 🔥 [NUDE] BFAT ACTIVE
2025-12-28 22:44:02,411 - INFO  -    Loss Type: direct_ce
2025-12-28 22:44:02,411 - INFO  -    Proj Mode: direction
2025-12-28 22:44:02,411 - INFO  -    Injection: All Bits
2025-12-28 22:44:02,411 - INFO  - ================================================================================
2025-12-28 22:44:14,803 - INFO  - [NUDE][TRAIN] Epoch 82/100 Iter 20/390 Loss 0.0003 ResLoss 0.0005 BfatLoss 0.0114 Top1 100.00 Top5 100.00
2025-12-28 22:44:27,194 - INFO  - [NUDE][TRAIN] Epoch 82/100 Iter 40/390 Loss 0.0004 ResLoss 0.0006 BfatLoss 0.0090 Top1 100.00 Top5 100.00
2025-12-28 22:44:39,325 - INFO  - [NUDE][TRAIN] Epoch 82/100 Iter 60/390 Loss 0.0003 ResLoss 0.0005 BfatLoss 0.0079 Top1 100.00 Top5 100.00
2025-12-28 22:44:51,534 - INFO  - [NUDE][TRAIN] Epoch 82/100 Iter 80/390 Loss 0.0003 ResLoss 0.0005 BfatLoss 0.0079 Top1 100.00 Top5 100.00
2025-12-28 22:45:03,725 - INFO  - [NUDE][TRAIN] Epoch 82/100 Iter 100/390 Loss 0.0003 ResLoss 0.0005 BfatLoss 0.0073 Top1 100.00 Top5 100.00
2025-12-28 22:45:15,980 - INFO  - [NUDE][TRAIN] Epoch 82/100 Iter 120/390 Loss 0.0009 ResLoss 0.0011 BfatLoss 0.0081 Top1 99.97 Top5 100.00
2025-12-28 22:45:28,352 - INFO  - [NUDE][TRAIN] Epoch 82/100 Iter 140/390 Loss 0.0008 ResLoss 0.0010 BfatLoss 0.0081 Top1 99.98 Top5 100.00
2025-12-28 22:45:40,726 - INFO  - [NUDE][TRAIN] Epoch 82/100 Iter 160/390 Loss 0.0008 ResLoss 0.0010 BfatLoss 0.0082 Top1 99.98 Top5 100.00
2025-12-28 22:45:53,059 - INFO  - [NUDE][TRAIN] Epoch 82/100 Iter 180/390 Loss 0.0008 ResLoss 0.0010 BfatLoss 0.0085 Top1 99.97 Top5 100.00
2025-12-28 22:46:05,225 - INFO  - [NUDE][TRAIN] Epoch 82/100 Iter 200/390 Loss 0.0007 ResLoss 0.0009 BfatLoss 0.0083 Top1 99.98 Top5 100.00
2025-12-28 22:46:17,511 - INFO  - [NUDE][TRAIN] Epoch 82/100 Iter 220/390 Loss 0.0008 ResLoss 0.0010 BfatLoss 0.0082 Top1 99.97 Top5 100.00
2025-12-28 22:46:29,714 - INFO  - [NUDE][TRAIN] Epoch 82/100 Iter 240/390 Loss 0.0007 ResLoss 0.0009 BfatLoss 0.0086 Top1 99.97 Top5 100.00
2025-12-28 22:46:41,733 - INFO  - [NUDE][TRAIN] Epoch 82/100 Iter 260/390 Loss 0.0008 ResLoss 0.0009 BfatLoss 0.0085 Top1 99.97 Top5 100.00
2025-12-28 22:46:54,048 - INFO  - [NUDE][TRAIN] Epoch 82/100 Iter 280/390 Loss 0.0008 ResLoss 0.0009 BfatLoss 0.0088 Top1 99.97 Top5 100.00
2025-12-28 22:47:06,367 - INFO  - [NUDE][TRAIN] Epoch 82/100 Iter 300/390 Loss 0.0007 ResLoss 0.0009 BfatLoss 0.0088 Top1 99.97 Top5 100.00
2025-12-28 22:47:18,629 - INFO  - [NUDE][TRAIN] Epoch 82/100 Iter 320/390 Loss 0.0007 ResLoss 0.0009 BfatLoss 0.0084 Top1 99.97 Top5 100.00
2025-12-28 22:47:30,862 - INFO  - [NUDE][TRAIN] Epoch 82/100 Iter 340/390 Loss 0.0007 ResLoss 0.0009 BfatLoss 0.0085 Top1 99.97 Top5 100.00
2025-12-28 22:47:43,014 - INFO  - [NUDE][TRAIN] Epoch 82/100 Iter 360/390 Loss 0.0007 ResLoss 0.0009 BfatLoss 0.0086 Top1 99.97 Top5 100.00
2025-12-28 22:47:55,354 - INFO  - [NUDE][TRAIN] Epoch 82/100 Iter 380/390 Loss 0.0006 ResLoss 0.0008 BfatLoss 0.0084 Top1 99.98 Top5 100.00
2025-12-28 22:48:01,523 - INFO  - [NUDE] Validate: force max bit-width W/A = 6
2025-12-28 22:48:03,888 - INFO  - [NUDE][EPOCH] 82/100 Train: Top1=99.97 Top5=100.00 Loss=0.0007 | Val(EMA): Top1=93.64
2025-12-28 22:48:03,888 - INFO  -   ⏱️  本Epoch耗时: 4分1秒 | 平均Epoch耗时: 4分0秒 | 剩余Epoch数: 17
2025-12-28 22:48:03,888 - INFO  -   📅 预估剩余时间: 1小时8分8秒 | 预估完成时间: 2025-12-28 23:56:11
2025-12-28 22:48:04,714 - INFO  - ([83] Epoch) Saving checkpoint to:
             Current: /root/autodl-tmp/retraining-free-quantization/training/r18_c10_nude_0.02_sim_normal_seed_repair/r18_c10_nude_0.02_sim_normal_seed_repair_checkpoint.pth.tar

2025-12-28 22:48:04,717 - INFO  - 🎲 Epoch 83: FaultInjector seed rotated to 125
2025-12-28 22:48:04,725 - INFO  - [NUDE] Epoch 83: force max bit-width W/A = 6
2025-12-28 22:48:04,725 - INFO  - ================================================================================
2025-12-28 22:48:04,725 - INFO  - 🔥 [NUDE] BFAT ACTIVE
2025-12-28 22:48:04,725 - INFO  -    Loss Type: direct_ce
2025-12-28 22:48:04,725 - INFO  -    Proj Mode: direction
2025-12-28 22:48:04,725 - INFO  -    Injection: All Bits
2025-12-28 22:48:04,725 - INFO  - ================================================================================
2025-12-28 22:48:17,082 - INFO  - [NUDE][TRAIN] Epoch 83/100 Iter 20/390 Loss 0.0003 ResLoss 0.0003 BfatLoss 0.0081 Top1 100.00 Top5 100.00
2025-12-28 22:48:29,347 - INFO  - [NUDE][TRAIN] Epoch 83/100 Iter 40/390 Loss 0.0003 ResLoss 0.0004 BfatLoss 0.0073 Top1 100.00 Top5 100.00
2025-12-28 22:48:41,558 - INFO  - [NUDE][TRAIN] Epoch 83/100 Iter 60/390 Loss 0.0003 ResLoss 0.0005 BfatLoss 0.0074 Top1 100.00 Top5 100.00
2025-12-28 22:48:53,753 - INFO  - [NUDE][TRAIN] Epoch 83/100 Iter 80/390 Loss 0.0003 ResLoss 0.0004 BfatLoss 0.0072 Top1 100.00 Top5 100.00
2025-12-28 22:49:05,981 - INFO  - [NUDE][TRAIN] Epoch 83/100 Iter 100/390 Loss 0.0003 ResLoss 0.0005 BfatLoss 0.0071 Top1 99.99 Top5 100.00
2025-12-28 22:49:18,267 - INFO  - [NUDE][TRAIN] Epoch 83/100 Iter 120/390 Loss 0.0004 ResLoss 0.0006 BfatLoss 0.0070 Top1 99.99 Top5 100.00
2025-12-28 22:49:30,575 - INFO  - [NUDE][TRAIN] Epoch 83/100 Iter 140/390 Loss 0.0004 ResLoss 0.0006 BfatLoss 0.0070 Top1 99.98 Top5 100.00
2025-12-28 22:49:42,772 - INFO  - [NUDE][TRAIN] Epoch 83/100 Iter 160/390 Loss 0.0004 ResLoss 0.0006 BfatLoss 0.0073 Top1 99.99 Top5 100.00
2025-12-28 22:49:54,906 - INFO  - [NUDE][TRAIN] Epoch 83/100 Iter 180/390 Loss 0.0004 ResLoss 0.0005 BfatLoss 0.0073 Top1 99.99 Top5 100.00
2025-12-28 22:50:06,925 - INFO  - [NUDE][TRAIN] Epoch 83/100 Iter 200/390 Loss 0.0004 ResLoss 0.0005 BfatLoss 0.0074 Top1 99.99 Top5 100.00
2025-12-28 22:50:19,086 - INFO  - [NUDE][TRAIN] Epoch 83/100 Iter 220/390 Loss 0.0004 ResLoss 0.0005 BfatLoss 0.0076 Top1 99.99 Top5 100.00
2025-12-28 22:50:31,299 - INFO  - [NUDE][TRAIN] Epoch 83/100 Iter 240/390 Loss 0.0004 ResLoss 0.0005 BfatLoss 0.0079 Top1 99.99 Top5 100.00
2025-12-28 22:50:43,434 - INFO  - [NUDE][TRAIN] Epoch 83/100 Iter 260/390 Loss 0.0004 ResLoss 0.0005 BfatLoss 0.0079 Top1 99.99 Top5 100.00
2025-12-28 22:50:55,588 - INFO  - [NUDE][TRAIN] Epoch 83/100 Iter 280/390 Loss 0.0004 ResLoss 0.0005 BfatLoss 0.0076 Top1 99.99 Top5 100.00
2025-12-28 22:51:07,708 - INFO  - [NUDE][TRAIN] Epoch 83/100 Iter 300/390 Loss 0.0004 ResLoss 0.0005 BfatLoss 0.0074 Top1 99.99 Top5 100.00
2025-12-28 22:51:19,924 - INFO  - [NUDE][TRAIN] Epoch 83/100 Iter 320/390 Loss 0.0004 ResLoss 0.0005 BfatLoss 0.0073 Top1 99.99 Top5 100.00
2025-12-28 22:51:32,133 - INFO  - [NUDE][TRAIN] Epoch 83/100 Iter 340/390 Loss 0.0004 ResLoss 0.0005 BfatLoss 0.0077 Top1 99.99 Top5 100.00
2025-12-28 22:51:44,063 - INFO  - [NUDE][TRAIN] Epoch 83/100 Iter 360/390 Loss 0.0004 ResLoss 0.0005 BfatLoss 0.0076 Top1 99.99 Top5 100.00
2025-12-28 22:51:56,230 - INFO  - [NUDE][TRAIN] Epoch 83/100 Iter 380/390 Loss 0.0004 ResLoss 0.0006 BfatLoss 0.0078 Top1 99.98 Top5 100.00
2025-12-28 22:52:02,346 - INFO  - [NUDE] Validate: force max bit-width W/A = 6
2025-12-28 22:52:04,722 - INFO  - [NUDE][EPOCH] 83/100 Train: Top1=99.98 Top5=100.00 Loss=0.0004 | Val(EMA): Top1=93.64
2025-12-28 22:52:04,722 - INFO  -   ⏱️  本Epoch耗时: 4分0秒 | 平均Epoch耗时: 4分0秒 | 剩余Epoch数: 16
2025-12-28 22:52:04,722 - INFO  -   📅 预估剩余时间: 1小时4分7秒 | 预估完成时间: 2025-12-28 23:56:12
2025-12-28 22:52:05,439 - INFO  - ([84] Epoch) Saving checkpoint to:
             Current: /root/autodl-tmp/retraining-free-quantization/training/r18_c10_nude_0.02_sim_normal_seed_repair/r18_c10_nude_0.02_sim_normal_seed_repair_checkpoint.pth.tar

2025-12-28 22:52:05,442 - INFO  - 🎲 Epoch 84: FaultInjector seed rotated to 126
2025-12-28 22:52:05,450 - INFO  - [NUDE] Epoch 84: force max bit-width W/A = 6
2025-12-28 22:52:05,450 - INFO  - ================================================================================
2025-12-28 22:52:05,450 - INFO  - 🔥 [NUDE] BFAT ACTIVE
2025-12-28 22:52:05,450 - INFO  -    Loss Type: direct_ce
2025-12-28 22:52:05,450 - INFO  -    Proj Mode: direction
2025-12-28 22:52:05,450 - INFO  -    Injection: All Bits
2025-12-28 22:52:05,450 - INFO  - ================================================================================
2025-12-28 22:52:18,001 - INFO  - [NUDE][TRAIN] Epoch 84/100 Iter 20/390 Loss 0.0005 ResLoss 0.0006 BfatLoss 0.0072 Top1 100.00 Top5 100.00
2025-12-28 22:52:30,192 - INFO  - [NUDE][TRAIN] Epoch 84/100 Iter 40/390 Loss 0.0004 ResLoss 0.0005 BfatLoss 0.0067 Top1 100.00 Top5 100.00
2025-12-28 22:52:42,347 - INFO  - [NUDE][TRAIN] Epoch 84/100 Iter 60/390 Loss 0.0004 ResLoss 0.0005 BfatLoss 0.0067 Top1 100.00 Top5 100.00
2025-12-28 22:52:54,547 - INFO  - [NUDE][TRAIN] Epoch 84/100 Iter 80/390 Loss 0.0004 ResLoss 0.0005 BfatLoss 0.0082 Top1 100.00 Top5 100.00
2025-12-28 22:53:06,594 - INFO  - [NUDE][TRAIN] Epoch 84/100 Iter 100/390 Loss 0.0004 ResLoss 0.0005 BfatLoss 0.0081 Top1 99.99 Top5 100.00
2025-12-28 22:53:18,722 - INFO  - [NUDE][TRAIN] Epoch 84/100 Iter 120/390 Loss 0.0004 ResLoss 0.0005 BfatLoss 0.0082 Top1 99.99 Top5 100.00
2025-12-28 22:53:30,839 - INFO  - [NUDE][TRAIN] Epoch 84/100 Iter 140/390 Loss 0.0004 ResLoss 0.0005 BfatLoss 0.0080 Top1 99.99 Top5 100.00
2025-12-28 22:53:42,948 - INFO  - [NUDE][TRAIN] Epoch 84/100 Iter 160/390 Loss 0.0004 ResLoss 0.0004 BfatLoss 0.0075 Top1 100.00 Top5 100.00
2025-12-28 22:53:55,145 - INFO  - [NUDE][TRAIN] Epoch 84/100 Iter 180/390 Loss 0.0003 ResLoss 0.0004 BfatLoss 0.0073 Top1 100.00 Top5 100.00
2025-12-28 22:54:07,244 - INFO  - [NUDE][TRAIN] Epoch 84/100 Iter 200/390 Loss 0.0004 ResLoss 0.0004 BfatLoss 0.0072 Top1 99.99 Top5 100.00
2025-12-28 22:54:19,432 - INFO  - [NUDE][TRAIN] Epoch 84/100 Iter 220/390 Loss 0.0003 ResLoss 0.0004 BfatLoss 0.0073 Top1 99.99 Top5 100.00
2025-12-28 22:54:31,639 - INFO  - [NUDE][TRAIN] Epoch 84/100 Iter 240/390 Loss 0.0004 ResLoss 0.0004 BfatLoss 0.0075 Top1 99.99 Top5 100.00
2025-12-28 22:54:43,777 - INFO  - [NUDE][TRAIN] Epoch 84/100 Iter 260/390 Loss 0.0004 ResLoss 0.0004 BfatLoss 0.0074 Top1 99.99 Top5 100.00
2025-12-28 22:54:55,928 - INFO  - [NUDE][TRAIN] Epoch 84/100 Iter 280/390 Loss 0.0003 ResLoss 0.0004 BfatLoss 0.0071 Top1 99.99 Top5 100.00
2025-12-28 22:55:07,914 - INFO  - [NUDE][TRAIN] Epoch 84/100 Iter 300/390 Loss 0.0004 ResLoss 0.0005 BfatLoss 0.0071 Top1 99.99 Top5 100.00
2025-12-28 22:55:20,148 - INFO  - [NUDE][TRAIN] Epoch 84/100 Iter 320/390 Loss 0.0003 ResLoss 0.0005 BfatLoss 0.0071 Top1 100.00 Top5 100.00
2025-12-28 22:55:32,390 - INFO  - [NUDE][TRAIN] Epoch 84/100 Iter 340/390 Loss 0.0003 ResLoss 0.0005 BfatLoss 0.0070 Top1 100.00 Top5 100.00
2025-12-28 22:55:44,448 - INFO  - [NUDE][TRAIN] Epoch 84/100 Iter 360/390 Loss 0.0004 ResLoss 0.0005 BfatLoss 0.0069 Top1 100.00 Top5 100.00
2025-12-28 22:55:56,538 - INFO  - [NUDE][TRAIN] Epoch 84/100 Iter 380/390 Loss 0.0003 ResLoss 0.0005 BfatLoss 0.0069 Top1 100.00 Top5 100.00
2025-12-28 22:56:02,627 - INFO  - [NUDE] Validate: force max bit-width W/A = 6
2025-12-28 22:56:04,965 - INFO  - [NUDE][EPOCH] 84/100 Train: Top1=100.00 Top5=100.00 Loss=0.0003 | Val(EMA): Top1=93.62
2025-12-28 22:56:04,965 - INFO  -   ⏱️  本Epoch耗时: 3分59秒 | 平均Epoch耗时: 4分0秒 | 剩余Epoch数: 15
2025-12-28 22:56:04,965 - INFO  -   📅 预估剩余时间: 1小时0分0秒 | 预估完成时间: 2025-12-28 23:56:05
2025-12-28 22:56:05,674 - INFO  - ([85] Epoch) Saving checkpoint to:
             Current: /root/autodl-tmp/retraining-free-quantization/training/r18_c10_nude_0.02_sim_normal_seed_repair/r18_c10_nude_0.02_sim_normal_seed_repair_checkpoint.pth.tar

2025-12-28 22:56:05,677 - INFO  - 🎲 Epoch 85: FaultInjector seed rotated to 127
2025-12-28 22:56:05,685 - INFO  - [NUDE] Epoch 85: force max bit-width W/A = 6
2025-12-28 22:56:05,685 - INFO  - ================================================================================
2025-12-28 22:56:05,685 - INFO  - 🔥 [NUDE] BFAT ACTIVE
2025-12-28 22:56:05,685 - INFO  -    Loss Type: direct_ce
2025-12-28 22:56:05,686 - INFO  -    Proj Mode: direction
2025-12-28 22:56:05,686 - INFO  -    Injection: All Bits
2025-12-28 22:56:05,686 - INFO  - ================================================================================
2025-12-28 22:56:18,052 - INFO  - [NUDE][TRAIN] Epoch 85/100 Iter 20/390 Loss 0.0001 ResLoss 0.0002 BfatLoss 0.0055 Top1 100.00 Top5 100.00
2025-12-28 22:56:30,334 - INFO  - [NUDE][TRAIN] Epoch 85/100 Iter 40/390 Loss 0.0002 ResLoss 0.0002 BfatLoss 0.0053 Top1 100.00 Top5 100.00
2025-12-28 22:56:42,327 - INFO  - [NUDE][TRAIN] Epoch 85/100 Iter 60/390 Loss 0.0001 ResLoss 0.0002 BfatLoss 0.0052 Top1 100.00 Top5 100.00
2025-12-28 22:56:54,541 - INFO  - [NUDE][TRAIN] Epoch 85/100 Iter 80/390 Loss 0.0001 ResLoss 0.0002 BfatLoss 0.0061 Top1 100.00 Top5 100.00
2025-12-28 22:57:06,727 - INFO  - [NUDE][TRAIN] Epoch 85/100 Iter 100/390 Loss 0.0002 ResLoss 0.0003 BfatLoss 0.0062 Top1 100.00 Top5 100.00
2025-12-28 22:57:18,960 - INFO  - [NUDE][TRAIN] Epoch 85/100 Iter 120/390 Loss 0.0003 ResLoss 0.0004 BfatLoss 0.0063 Top1 99.99 Top5 100.00
2025-12-28 22:57:31,265 - INFO  - [NUDE][TRAIN] Epoch 85/100 Iter 140/390 Loss 0.0003 ResLoss 0.0003 BfatLoss 0.0061 Top1 99.99 Top5 100.00
2025-12-28 22:57:43,532 - INFO  - [NUDE][TRAIN] Epoch 85/100 Iter 160/390 Loss 0.0003 ResLoss 0.0004 BfatLoss 0.0062 Top1 100.00 Top5 100.00
2025-12-28 22:57:55,850 - INFO  - [NUDE][TRAIN] Epoch 85/100 Iter 180/390 Loss 0.0003 ResLoss 0.0003 BfatLoss 0.0060 Top1 100.00 Top5 100.00
2025-12-28 22:58:07,990 - INFO  - [NUDE][TRAIN] Epoch 85/100 Iter 200/390 Loss 0.0003 ResLoss 0.0004 BfatLoss 0.0066 Top1 99.99 Top5 100.00
2025-12-28 22:58:20,300 - INFO  - [NUDE][TRAIN] Epoch 85/100 Iter 220/390 Loss 0.0003 ResLoss 0.0004 BfatLoss 0.0063 Top1 99.99 Top5 100.00
2025-12-28 22:58:32,558 - INFO  - [NUDE][TRAIN] Epoch 85/100 Iter 240/390 Loss 0.0003 ResLoss 0.0003 BfatLoss 0.0064 Top1 99.99 Top5 100.00
2025-12-28 22:58:44,727 - INFO  - [NUDE][TRAIN] Epoch 85/100 Iter 260/390 Loss 0.0003 ResLoss 0.0004 BfatLoss 0.0066 Top1 99.99 Top5 100.00
2025-12-28 22:58:57,037 - INFO  - [NUDE][TRAIN] Epoch 85/100 Iter 280/390 Loss 0.0003 ResLoss 0.0004 BfatLoss 0.0064 Top1 99.99 Top5 100.00
2025-12-28 22:59:09,243 - INFO  - [NUDE][TRAIN] Epoch 85/100 Iter 300/390 Loss 0.0003 ResLoss 0.0004 BfatLoss 0.0062 Top1 99.99 Top5 100.00
2025-12-28 22:59:21,592 - INFO  - [NUDE][TRAIN] Epoch 85/100 Iter 320/390 Loss 0.0003 ResLoss 0.0004 BfatLoss 0.0061 Top1 99.99 Top5 100.00
2025-12-28 22:59:33,943 - INFO  - [NUDE][TRAIN] Epoch 85/100 Iter 340/390 Loss 0.0003 ResLoss 0.0004 BfatLoss 0.0062 Top1 99.99 Top5 100.00
2025-12-28 22:59:46,178 - INFO  - [NUDE][TRAIN] Epoch 85/100 Iter 360/390 Loss 0.0003 ResLoss 0.0004 BfatLoss 0.0065 Top1 99.99 Top5 100.00
2025-12-28 22:59:58,443 - INFO  - [NUDE][TRAIN] Epoch 85/100 Iter 380/390 Loss 0.0003 ResLoss 0.0004 BfatLoss 0.0066 Top1 99.99 Top5 100.00
2025-12-28 23:00:04,326 - INFO  - [NUDE] Validate: force max bit-width W/A = 6
2025-12-28 23:00:06,688 - INFO  - [NUDE][EPOCH] 85/100 Train: Top1=99.99 Top5=100.00 Loss=0.0003 | Val(EMA): Top1=93.73
2025-12-28 23:00:06,688 - INFO  -   ⏱️  本Epoch耗时: 4分1秒 | 平均Epoch耗时: 4分0秒 | 剩余Epoch数: 14
2025-12-28 23:00:06,688 - INFO  -   📅 预估剩余时间: 56分4秒 | 预估完成时间: 2025-12-28 23:56:11
2025-12-28 23:00:07,575 - INFO  - ([86] Epoch) Saving checkpoint to:
             Current: /root/autodl-tmp/retraining-free-quantization/training/r18_c10_nude_0.02_sim_normal_seed_repair/r18_c10_nude_0.02_sim_normal_seed_repair_checkpoint.pth.tar

2025-12-28 23:00:07,578 - INFO  - 🎲 Epoch 86: FaultInjector seed rotated to 128
2025-12-28 23:00:07,586 - INFO  - [NUDE] Epoch 86: force max bit-width W/A = 6
2025-12-28 23:00:07,586 - INFO  - ================================================================================
2025-12-28 23:00:07,586 - INFO  - 🔥 [NUDE] BFAT ACTIVE
2025-12-28 23:00:07,586 - INFO  -    Loss Type: direct_ce
2025-12-28 23:00:07,586 - INFO  -    Proj Mode: direction
2025-12-28 23:00:07,586 - INFO  -    Injection: All Bits
2025-12-28 23:00:07,586 - INFO  - ================================================================================
2025-12-28 23:00:19,979 - INFO  - [NUDE][TRAIN] Epoch 86/100 Iter 20/390 Loss 0.0004 ResLoss 0.0006 BfatLoss 0.0096 Top1 100.00 Top5 100.00
2025-12-28 23:00:32,326 - INFO  - [NUDE][TRAIN] Epoch 86/100 Iter 40/390 Loss 0.0003 ResLoss 0.0005 BfatLoss 0.0077 Top1 100.00 Top5 100.00
2025-12-28 23:00:44,543 - INFO  - [NUDE][TRAIN] Epoch 86/100 Iter 60/390 Loss 0.0004 ResLoss 0.0005 BfatLoss 0.0066 Top1 100.00 Top5 100.00
2025-12-28 23:00:56,892 - INFO  - [NUDE][TRAIN] Epoch 86/100 Iter 80/390 Loss 0.0003 ResLoss 0.0004 BfatLoss 0.0059 Top1 100.00 Top5 100.00
2025-12-28 23:01:09,085 - INFO  - [NUDE][TRAIN] Epoch 86/100 Iter 100/390 Loss 0.0003 ResLoss 0.0004 BfatLoss 0.0063 Top1 100.00 Top5 100.00
2025-12-28 23:01:21,398 - INFO  - [NUDE][TRAIN] Epoch 86/100 Iter 120/390 Loss 0.0003 ResLoss 0.0004 BfatLoss 0.0067 Top1 99.99 Top5 100.00
2025-12-28 23:01:33,696 - INFO  - [NUDE][TRAIN] Epoch 86/100 Iter 140/390 Loss 0.0003 ResLoss 0.0004 BfatLoss 0.0064 Top1 99.99 Top5 100.00
2025-12-28 23:01:45,874 - INFO  - [NUDE][TRAIN] Epoch 86/100 Iter 160/390 Loss 0.0003 ResLoss 0.0004 BfatLoss 0.0060 Top1 100.00 Top5 100.00
2025-12-28 23:01:58,129 - INFO  - [NUDE][TRAIN] Epoch 86/100 Iter 180/390 Loss 0.0003 ResLoss 0.0004 BfatLoss 0.0056 Top1 100.00 Top5 100.00
2025-12-28 23:02:10,316 - INFO  - [NUDE][TRAIN] Epoch 86/100 Iter 200/390 Loss 0.0003 ResLoss 0.0003 BfatLoss 0.0056 Top1 100.00 Top5 100.00
2025-12-28 23:02:22,628 - INFO  - [NUDE][TRAIN] Epoch 86/100 Iter 220/390 Loss 0.0002 ResLoss 0.0003 BfatLoss 0.0055 Top1 100.00 Top5 100.00
2025-12-28 23:02:35,014 - INFO  - [NUDE][TRAIN] Epoch 86/100 Iter 240/390 Loss 0.0003 ResLoss 0.0004 BfatLoss 0.0057 Top1 99.99 Top5 100.00
2025-12-28 23:02:47,190 - INFO  - [NUDE][TRAIN] Epoch 86/100 Iter 260/390 Loss 0.0003 ResLoss 0.0004 BfatLoss 0.0055 Top1 99.99 Top5 100.00
2025-12-28 23:02:59,510 - INFO  - [NUDE][TRAIN] Epoch 86/100 Iter 280/390 Loss 0.0003 ResLoss 0.0004 BfatLoss 0.0056 Top1 99.99 Top5 100.00
2025-12-28 23:03:11,830 - INFO  - [NUDE][TRAIN] Epoch 86/100 Iter 300/390 Loss 0.0003 ResLoss 0.0004 BfatLoss 0.0056 Top1 99.99 Top5 100.00
2025-12-28 23:03:23,936 - INFO  - [NUDE][TRAIN] Epoch 86/100 Iter 320/390 Loss 0.0003 ResLoss 0.0004 BfatLoss 0.0056 Top1 100.00 Top5 100.00
2025-12-28 23:03:36,052 - INFO  - [NUDE][TRAIN] Epoch 86/100 Iter 340/390 Loss 0.0003 ResLoss 0.0004 BfatLoss 0.0056 Top1 100.00 Top5 100.00
2025-12-28 23:03:48,153 - INFO  - [NUDE][TRAIN] Epoch 86/100 Iter 360/390 Loss 0.0004 ResLoss 0.0004 BfatLoss 0.0060 Top1 99.99 Top5 100.00
2025-12-28 23:04:00,343 - INFO  - [NUDE][TRAIN] Epoch 86/100 Iter 380/390 Loss 0.0004 ResLoss 0.0004 BfatLoss 0.0059 Top1 99.99 Top5 100.00
2025-12-28 23:04:06,471 - INFO  - [NUDE] Validate: force max bit-width W/A = 6
2025-12-28 23:04:08,820 - INFO  - [NUDE][EPOCH] 86/100 Train: Top1=99.99 Top5=100.00 Loss=0.0004 | Val(EMA): Top1=93.66
2025-12-28 23:04:08,821 - INFO  -   ⏱️  本Epoch耗时: 4分1秒 | 平均Epoch耗时: 4分0秒 | 剩余Epoch数: 13
2025-12-28 23:04:08,821 - INFO  -   📅 预估剩余时间: 52分8秒 | 预估完成时间: 2025-12-28 23:56:17
2025-12-28 23:04:09,678 - INFO  - ([87] Epoch) Saving checkpoint to:
             Current: /root/autodl-tmp/retraining-free-quantization/training/r18_c10_nude_0.02_sim_normal_seed_repair/r18_c10_nude_0.02_sim_normal_seed_repair_checkpoint.pth.tar

2025-12-28 23:04:09,682 - INFO  - 🎲 Epoch 87: FaultInjector seed rotated to 129
2025-12-28 23:04:09,690 - INFO  - [NUDE] Epoch 87: force max bit-width W/A = 6
2025-12-28 23:04:09,691 - INFO  - ================================================================================
2025-12-28 23:04:09,691 - INFO  - 🔥 [NUDE] BFAT ACTIVE
2025-12-28 23:04:09,691 - INFO  -    Loss Type: direct_ce
2025-12-28 23:04:09,691 - INFO  -    Proj Mode: direction
2025-12-28 23:04:09,691 - INFO  -    Injection: All Bits
2025-12-28 23:04:09,691 - INFO  - ================================================================================
2025-12-28 23:04:22,056 - INFO  - [NUDE][TRAIN] Epoch 87/100 Iter 20/390 Loss 0.0001 ResLoss 0.0001 BfatLoss 0.0065 Top1 100.00 Top5 100.00
2025-12-28 23:04:34,393 - INFO  - [NUDE][TRAIN] Epoch 87/100 Iter 40/390 Loss 0.0003 ResLoss 0.0004 BfatLoss 0.0078 Top1 100.00 Top5 100.00
2025-12-28 23:04:46,476 - INFO  - [NUDE][TRAIN] Epoch 87/100 Iter 60/390 Loss 0.0005 ResLoss 0.0006 BfatLoss 0.0075 Top1 99.99 Top5 100.00
2025-12-28 23:04:58,677 - INFO  - [NUDE][TRAIN] Epoch 87/100 Iter 80/390 Loss 0.0007 ResLoss 0.0007 BfatLoss 0.0079 Top1 99.98 Top5 100.00
2025-12-28 23:05:10,681 - INFO  - [NUDE][TRAIN] Epoch 87/100 Iter 100/390 Loss 0.0006 ResLoss 0.0006 BfatLoss 0.0073 Top1 99.98 Top5 100.00
2025-12-28 23:05:22,797 - INFO  - [NUDE][TRAIN] Epoch 87/100 Iter 120/390 Loss 0.0005 ResLoss 0.0006 BfatLoss 0.0068 Top1 99.99 Top5 100.00
2025-12-28 23:05:34,972 - INFO  - [NUDE][TRAIN] Epoch 87/100 Iter 140/390 Loss 0.0005 ResLoss 0.0005 BfatLoss 0.0070 Top1 99.99 Top5 100.00
2025-12-28 23:05:47,008 - INFO  - [NUDE][TRAIN] Epoch 87/100 Iter 160/390 Loss 0.0004 ResLoss 0.0005 BfatLoss 0.0070 Top1 99.99 Top5 100.00
2025-12-28 23:05:59,132 - INFO  - [NUDE][TRAIN] Epoch 87/100 Iter 180/390 Loss 0.0004 ResLoss 0.0005 BfatLoss 0.0071 Top1 99.99 Top5 100.00
2025-12-28 23:06:11,190 - INFO  - [NUDE][TRAIN] Epoch 87/100 Iter 200/390 Loss 0.0004 ResLoss 0.0005 BfatLoss 0.0078 Top1 99.99 Top5 100.00
2025-12-28 23:06:23,383 - INFO  - [NUDE][TRAIN] Epoch 87/100 Iter 220/390 Loss 0.0003 ResLoss 0.0004 BfatLoss 0.0078 Top1 99.99 Top5 100.00
2025-12-28 23:06:35,592 - INFO  - [NUDE][TRAIN] Epoch 87/100 Iter 240/390 Loss 0.0003 ResLoss 0.0004 BfatLoss 0.0074 Top1 99.99 Top5 100.00
2025-12-28 23:06:47,684 - INFO  - [NUDE][TRAIN] Epoch 87/100 Iter 260/390 Loss 0.0003 ResLoss 0.0004 BfatLoss 0.0072 Top1 99.99 Top5 100.00
2025-12-28 23:06:59,829 - INFO  - [NUDE][TRAIN] Epoch 87/100 Iter 280/390 Loss 0.0003 ResLoss 0.0004 BfatLoss 0.0069 Top1 99.99 Top5 100.00
2025-12-28 23:07:11,959 - INFO  - [NUDE][TRAIN] Epoch 87/100 Iter 300/390 Loss 0.0003 ResLoss 0.0004 BfatLoss 0.0070 Top1 99.99 Top5 100.00
2025-12-28 23:07:24,200 - INFO  - [NUDE][TRAIN] Epoch 87/100 Iter 320/390 Loss 0.0003 ResLoss 0.0004 BfatLoss 0.0070 Top1 99.99 Top5 100.00
2025-12-28 23:07:36,420 - INFO  - [NUDE][TRAIN] Epoch 87/100 Iter 340/390 Loss 0.0003 ResLoss 0.0004 BfatLoss 0.0069 Top1 99.99 Top5 100.00
2025-12-28 23:07:48,527 - INFO  - [NUDE][TRAIN] Epoch 87/100 Iter 360/390 Loss 0.0003 ResLoss 0.0004 BfatLoss 0.0068 Top1 99.99 Top5 100.00
2025-12-28 23:08:00,811 - INFO  - [NUDE][TRAIN] Epoch 87/100 Iter 380/390 Loss 0.0003 ResLoss 0.0004 BfatLoss 0.0068 Top1 99.99 Top5 100.00
2025-12-28 23:08:06,909 - INFO  - [NUDE] Validate: force max bit-width W/A = 6
2025-12-28 23:08:09,265 - INFO  - [NUDE][EPOCH] 87/100 Train: Top1=99.99 Top5=100.00 Loss=0.0003 | Val(EMA): Top1=93.70
2025-12-28 23:08:09,265 - INFO  -   ⏱️  本Epoch耗时: 3分59秒 | 平均Epoch耗时: 4分0秒 | 剩余Epoch数: 12
2025-12-28 23:08:09,265 - INFO  -   📅 预估剩余时间: 48分3秒 | 预估完成时间: 2025-12-28 23:56:12
2025-12-28 23:08:09,960 - INFO  - ([88] Epoch) Saving checkpoint to:
             Current: /root/autodl-tmp/retraining-free-quantization/training/r18_c10_nude_0.02_sim_normal_seed_repair/r18_c10_nude_0.02_sim_normal_seed_repair_checkpoint.pth.tar

2025-12-28 23:08:09,964 - INFO  - 🎲 Epoch 88: FaultInjector seed rotated to 130
2025-12-28 23:08:09,971 - INFO  - [NUDE] Epoch 88: force max bit-width W/A = 6
2025-12-28 23:08:09,972 - INFO  - ================================================================================
2025-12-28 23:08:09,972 - INFO  - 🔥 [NUDE] BFAT ACTIVE
2025-12-28 23:08:09,972 - INFO  -    Loss Type: direct_ce
2025-12-28 23:08:09,972 - INFO  -    Proj Mode: direction
2025-12-28 23:08:09,972 - INFO  -    Injection: All Bits
2025-12-28 23:08:09,972 - INFO  - ================================================================================
2025-12-28 23:08:22,523 - INFO  - [NUDE][TRAIN] Epoch 88/100 Iter 20/390 Loss 0.0001 ResLoss 0.0002 BfatLoss 0.0027 Top1 100.00 Top5 100.00
2025-12-28 23:08:34,681 - INFO  - [NUDE][TRAIN] Epoch 88/100 Iter 40/390 Loss 0.0002 ResLoss 0.0004 BfatLoss 0.0031 Top1 100.00 Top5 100.00
2025-12-28 23:08:46,736 - INFO  - [NUDE][TRAIN] Epoch 88/100 Iter 60/390 Loss 0.0002 ResLoss 0.0004 BfatLoss 0.0043 Top1 100.00 Top5 100.00
2025-12-28 23:08:58,955 - INFO  - [NUDE][TRAIN] Epoch 88/100 Iter 80/390 Loss 0.0003 ResLoss 0.0005 BfatLoss 0.0045 Top1 100.00 Top5 100.00
2025-12-28 23:09:10,998 - INFO  - [NUDE][TRAIN] Epoch 88/100 Iter 100/390 Loss 0.0003 ResLoss 0.0005 BfatLoss 0.0053 Top1 100.00 Top5 100.00
2025-12-28 23:09:23,083 - INFO  - [NUDE][TRAIN] Epoch 88/100 Iter 120/390 Loss 0.0003 ResLoss 0.0005 BfatLoss 0.0049 Top1 99.99 Top5 100.00
2025-12-28 23:09:35,183 - INFO  - [NUDE][TRAIN] Epoch 88/100 Iter 140/390 Loss 0.0003 ResLoss 0.0005 BfatLoss 0.0048 Top1 99.99 Top5 100.00
2025-12-28 23:09:47,136 - INFO  - [NUDE][TRAIN] Epoch 88/100 Iter 160/390 Loss 0.0003 ResLoss 0.0005 BfatLoss 0.0054 Top1 100.00 Top5 100.00
2025-12-28 23:09:59,310 - INFO  - [NUDE][TRAIN] Epoch 88/100 Iter 180/390 Loss 0.0003 ResLoss 0.0005 BfatLoss 0.0055 Top1 100.00 Top5 100.00
2025-12-28 23:10:11,369 - INFO  - [NUDE][TRAIN] Epoch 88/100 Iter 200/390 Loss 0.0003 ResLoss 0.0004 BfatLoss 0.0054 Top1 100.00 Top5 100.00
2025-12-28 23:10:23,591 - INFO  - [NUDE][TRAIN] Epoch 88/100 Iter 220/390 Loss 0.0003 ResLoss 0.0004 BfatLoss 0.0056 Top1 100.00 Top5 100.00
2025-12-28 23:10:35,981 - INFO  - [NUDE][TRAIN] Epoch 88/100 Iter 240/390 Loss 0.0003 ResLoss 0.0004 BfatLoss 0.0058 Top1 100.00 Top5 100.00
2025-12-28 23:10:48,210 - INFO  - [NUDE][TRAIN] Epoch 88/100 Iter 260/390 Loss 0.0003 ResLoss 0.0004 BfatLoss 0.0060 Top1 100.00 Top5 100.00
2025-12-28 23:11:00,495 - INFO  - [NUDE][TRAIN] Epoch 88/100 Iter 280/390 Loss 0.0003 ResLoss 0.0004 BfatLoss 0.0062 Top1 100.00 Top5 100.00
2025-12-28 23:11:12,701 - INFO  - [NUDE][TRAIN] Epoch 88/100 Iter 300/390 Loss 0.0003 ResLoss 0.0004 BfatLoss 0.0062 Top1 100.00 Top5 100.00
2025-12-28 23:11:25,009 - INFO  - [NUDE][TRAIN] Epoch 88/100 Iter 320/390 Loss 0.0003 ResLoss 0.0004 BfatLoss 0.0061 Top1 100.00 Top5 100.00
2025-12-28 23:11:37,335 - INFO  - [NUDE][TRAIN] Epoch 88/100 Iter 340/390 Loss 0.0002 ResLoss 0.0004 BfatLoss 0.0060 Top1 100.00 Top5 100.00
2025-12-28 23:11:49,519 - INFO  - [NUDE][TRAIN] Epoch 88/100 Iter 360/390 Loss 0.0003 ResLoss 0.0004 BfatLoss 0.0059 Top1 100.00 Top5 100.00
2025-12-28 23:12:01,664 - INFO  - [NUDE][TRAIN] Epoch 88/100 Iter 380/390 Loss 0.0003 ResLoss 0.0004 BfatLoss 0.0059 Top1 99.99 Top5 100.00
2025-12-28 23:12:07,818 - INFO  - [NUDE] Validate: force max bit-width W/A = 6
2025-12-28 23:12:10,202 - INFO  - [NUDE][EPOCH] 88/100 Train: Top1=99.99 Top5=100.00 Loss=0.0003 | Val(EMA): Top1=93.70
2025-12-28 23:12:10,202 - INFO  -   ⏱️  本Epoch耗时: 4分0秒 | 平均Epoch耗时: 4分0秒 | 剩余Epoch数: 11
2025-12-28 23:12:10,202 - INFO  -   📅 预估剩余时间: 44分3秒 | 预估完成时间: 2025-12-28 23:56:13
2025-12-28 23:12:10,842 - INFO  - ([89] Epoch) Saving checkpoint to:
             Current: /root/autodl-tmp/retraining-free-quantization/training/r18_c10_nude_0.02_sim_normal_seed_repair/r18_c10_nude_0.02_sim_normal_seed_repair_checkpoint.pth.tar

2025-12-28 23:12:10,845 - INFO  - 🎲 Epoch 89: FaultInjector seed rotated to 131
2025-12-28 23:12:10,853 - INFO  - [NUDE] Epoch 89: force max bit-width W/A = 6
2025-12-28 23:12:10,853 - INFO  - ================================================================================
2025-12-28 23:12:10,853 - INFO  - 🔥 [NUDE] BFAT ACTIVE
2025-12-28 23:12:10,853 - INFO  -    Loss Type: direct_ce
2025-12-28 23:12:10,853 - INFO  -    Proj Mode: direction
2025-12-28 23:12:10,853 - INFO  -    Injection: All Bits
2025-12-28 23:12:10,853 - INFO  - ================================================================================
2025-12-28 23:12:23,443 - INFO  - [NUDE][TRAIN] Epoch 89/100 Iter 20/390 Loss 0.0001 ResLoss 0.0002 BfatLoss 0.0064 Top1 100.00 Top5 100.00
2025-12-28 23:12:35,761 - INFO  - [NUDE][TRAIN] Epoch 89/100 Iter 40/390 Loss 0.0002 ResLoss 0.0003 BfatLoss 0.0089 Top1 100.00 Top5 100.00
2025-12-28 23:12:48,045 - INFO  - [NUDE][TRAIN] Epoch 89/100 Iter 60/390 Loss 0.0002 ResLoss 0.0004 BfatLoss 0.0074 Top1 100.00 Top5 100.00
2025-12-28 23:13:00,390 - INFO  - [NUDE][TRAIN] Epoch 89/100 Iter 80/390 Loss 0.0002 ResLoss 0.0003 BfatLoss 0.0073 Top1 100.00 Top5 100.00
2025-12-28 23:13:12,557 - INFO  - [NUDE][TRAIN] Epoch 89/100 Iter 100/390 Loss 0.0002 ResLoss 0.0003 BfatLoss 0.0073 Top1 100.00 Top5 100.00
2025-12-28 23:13:24,881 - INFO  - [NUDE][TRAIN] Epoch 89/100 Iter 120/390 Loss 0.0002 ResLoss 0.0003 BfatLoss 0.0069 Top1 100.00 Top5 100.00
2025-12-28 23:13:37,145 - INFO  - [NUDE][TRAIN] Epoch 89/100 Iter 140/390 Loss 0.0002 ResLoss 0.0003 BfatLoss 0.0071 Top1 100.00 Top5 100.00
2025-12-28 23:13:49,339 - INFO  - [NUDE][TRAIN] Epoch 89/100 Iter 160/390 Loss 0.0002 ResLoss 0.0003 BfatLoss 0.0067 Top1 100.00 Top5 100.00
2025-12-28 23:14:01,666 - INFO  - [NUDE][TRAIN] Epoch 89/100 Iter 180/390 Loss 0.0002 ResLoss 0.0003 BfatLoss 0.0068 Top1 100.00 Top5 100.00
2025-12-28 23:14:13,806 - INFO  - [NUDE][TRAIN] Epoch 89/100 Iter 200/390 Loss 0.0002 ResLoss 0.0003 BfatLoss 0.0065 Top1 100.00 Top5 100.00
2025-12-28 23:14:26,169 - INFO  - [NUDE][TRAIN] Epoch 89/100 Iter 220/390 Loss 0.0002 ResLoss 0.0003 BfatLoss 0.0065 Top1 100.00 Top5 100.00
2025-12-28 23:14:38,540 - INFO  - [NUDE][TRAIN] Epoch 89/100 Iter 240/390 Loss 0.0002 ResLoss 0.0003 BfatLoss 0.0064 Top1 100.00 Top5 100.00
2025-12-28 23:14:50,720 - INFO  - [NUDE][TRAIN] Epoch 89/100 Iter 260/390 Loss 0.0002 ResLoss 0.0003 BfatLoss 0.0064 Top1 100.00 Top5 100.00
2025-12-28 23:15:03,053 - INFO  - [NUDE][TRAIN] Epoch 89/100 Iter 280/390 Loss 0.0002 ResLoss 0.0003 BfatLoss 0.0064 Top1 100.00 Top5 100.00
2025-12-28 23:15:15,265 - INFO  - [NUDE][TRAIN] Epoch 89/100 Iter 300/390 Loss 0.0002 ResLoss 0.0003 BfatLoss 0.0062 Top1 100.00 Top5 100.00
2025-12-28 23:15:27,550 - INFO  - [NUDE][TRAIN] Epoch 89/100 Iter 320/390 Loss 0.0002 ResLoss 0.0003 BfatLoss 0.0063 Top1 100.00 Top5 100.00
2025-12-28 23:15:39,845 - INFO  - [NUDE][TRAIN] Epoch 89/100 Iter 340/390 Loss 0.0002 ResLoss 0.0003 BfatLoss 0.0065 Top1 100.00 Top5 100.00
2025-12-28 23:15:52,004 - INFO  - [NUDE][TRAIN] Epoch 89/100 Iter 360/390 Loss 0.0002 ResLoss 0.0003 BfatLoss 0.0064 Top1 100.00 Top5 100.00
2025-12-28 23:16:04,330 - INFO  - [NUDE][TRAIN] Epoch 89/100 Iter 380/390 Loss 0.0002 ResLoss 0.0003 BfatLoss 0.0063 Top1 100.00 Top5 100.00
2025-12-28 23:16:10,508 - INFO  - [NUDE] Validate: force max bit-width W/A = 6
2025-12-28 23:16:12,899 - INFO  - [NUDE][EPOCH] 89/100 Train: Top1=100.00 Top5=100.00 Loss=0.0002 | Val(EMA): Top1=93.63
2025-12-28 23:16:12,899 - INFO  -   ⏱️  本Epoch耗时: 4分2秒 | 平均Epoch耗时: 4分0秒 | 剩余Epoch数: 10
2025-12-28 23:16:12,900 - INFO  -   📅 预估剩余时间: 40分8秒 | 预估完成时间: 2025-12-28 23:56:21
2025-12-28 23:16:13,660 - INFO  - ([90] Epoch) Saving checkpoint to:
             Current: /root/autodl-tmp/retraining-free-quantization/training/r18_c10_nude_0.02_sim_normal_seed_repair/r18_c10_nude_0.02_sim_normal_seed_repair_checkpoint.pth.tar

2025-12-28 23:16:13,664 - INFO  - 🎲 Epoch 90: FaultInjector seed rotated to 132
2025-12-28 23:16:13,674 - INFO  - [NUDE] Epoch 90: force max bit-width W/A = 6
2025-12-28 23:16:13,674 - INFO  - ================================================================================
2025-12-28 23:16:13,674 - INFO  - 🔥 [NUDE] BFAT ACTIVE
2025-12-28 23:16:13,674 - INFO  -    Loss Type: direct_ce
2025-12-28 23:16:13,674 - INFO  -    Proj Mode: direction
2025-12-28 23:16:13,674 - INFO  -    Injection: All Bits
2025-12-28 23:16:13,675 - INFO  - ================================================================================
2025-12-28 23:16:26,153 - INFO  - [NUDE][TRAIN] Epoch 90/100 Iter 20/390 Loss 0.0002 ResLoss 0.0002 BfatLoss 0.0087 Top1 100.00 Top5 100.00
2025-12-28 23:16:38,517 - INFO  - [NUDE][TRAIN] Epoch 90/100 Iter 40/390 Loss 0.0002 ResLoss 0.0003 BfatLoss 0.0074 Top1 100.00 Top5 100.00
2025-12-28 23:16:50,707 - INFO  - [NUDE][TRAIN] Epoch 90/100 Iter 60/390 Loss 0.0002 ResLoss 0.0002 BfatLoss 0.0074 Top1 100.00 Top5 100.00
2025-12-28 23:17:02,837 - INFO  - [NUDE][TRAIN] Epoch 90/100 Iter 80/390 Loss 0.0002 ResLoss 0.0003 BfatLoss 0.0074 Top1 100.00 Top5 100.00
2025-12-28 23:17:14,867 - INFO  - [NUDE][TRAIN] Epoch 90/100 Iter 100/390 Loss 0.0003 ResLoss 0.0004 BfatLoss 0.0075 Top1 99.99 Top5 100.00
2025-12-28 23:17:27,051 - INFO  - [NUDE][TRAIN] Epoch 90/100 Iter 120/390 Loss 0.0004 ResLoss 0.0004 BfatLoss 0.0077 Top1 99.99 Top5 100.00
2025-12-28 23:17:39,296 - INFO  - [NUDE][TRAIN] Epoch 90/100 Iter 140/390 Loss 0.0004 ResLoss 0.0005 BfatLoss 0.0076 Top1 99.99 Top5 100.00
2025-12-28 23:17:51,407 - INFO  - [NUDE][TRAIN] Epoch 90/100 Iter 160/390 Loss 0.0004 ResLoss 0.0005 BfatLoss 0.0073 Top1 99.99 Top5 100.00
2025-12-28 23:18:03,633 - INFO  - [NUDE][TRAIN] Epoch 90/100 Iter 180/390 Loss 0.0004 ResLoss 0.0005 BfatLoss 0.0075 Top1 99.99 Top5 100.00
2025-12-28 23:18:15,726 - INFO  - [NUDE][TRAIN] Epoch 90/100 Iter 200/390 Loss 0.0004 ResLoss 0.0005 BfatLoss 0.0075 Top1 99.99 Top5 100.00
2025-12-28 23:18:28,005 - INFO  - [NUDE][TRAIN] Epoch 90/100 Iter 220/390 Loss 0.0004 ResLoss 0.0005 BfatLoss 0.0072 Top1 99.99 Top5 100.00
2025-12-28 23:18:40,130 - INFO  - [NUDE][TRAIN] Epoch 90/100 Iter 240/390 Loss 0.0004 ResLoss 0.0005 BfatLoss 0.0069 Top1 99.99 Top5 100.00
2025-12-28 23:18:52,151 - INFO  - [NUDE][TRAIN] Epoch 90/100 Iter 260/390 Loss 0.0004 ResLoss 0.0005 BfatLoss 0.0071 Top1 99.99 Top5 100.00
2025-12-28 23:19:04,325 - INFO  - [NUDE][TRAIN] Epoch 90/100 Iter 280/390 Loss 0.0004 ResLoss 0.0005 BfatLoss 0.0069 Top1 99.99 Top5 100.00
2025-12-28 23:19:16,497 - INFO  - [NUDE][TRAIN] Epoch 90/100 Iter 300/390 Loss 0.0005 ResLoss 0.0005 BfatLoss 0.0070 Top1 99.99 Top5 100.00
2025-12-28 23:19:28,627 - INFO  - [NUDE][TRAIN] Epoch 90/100 Iter 320/390 Loss 0.0005 ResLoss 0.0005 BfatLoss 0.0066 Top1 99.99 Top5 100.00
2025-12-28 23:19:40,806 - INFO  - [NUDE][TRAIN] Epoch 90/100 Iter 340/390 Loss 0.0004 ResLoss 0.0005 BfatLoss 0.0067 Top1 99.99 Top5 100.00
2025-12-28 23:19:52,869 - INFO  - [NUDE][TRAIN] Epoch 90/100 Iter 360/390 Loss 0.0004 ResLoss 0.0005 BfatLoss 0.0066 Top1 99.99 Top5 100.00
2025-12-28 23:20:05,183 - INFO  - [NUDE][TRAIN] Epoch 90/100 Iter 380/390 Loss 0.0004 ResLoss 0.0004 BfatLoss 0.0065 Top1 99.99 Top5 100.00
2025-12-28 23:20:11,269 - INFO  - [NUDE] Validate: force max bit-width W/A = 6
2025-12-28 23:20:13,609 - INFO  - [NUDE][EPOCH] 90/100 Train: Top1=99.99 Top5=100.00 Loss=0.0004 | Val(EMA): Top1=93.65
2025-12-28 23:20:13,609 - INFO  -   ⏱️  本Epoch耗时: 3分59秒 | 平均Epoch耗时: 4分0秒 | 剩余Epoch数: 9
2025-12-28 23:20:13,609 - INFO  -   📅 预估剩余时间: 36分5秒 | 预估完成时间: 2025-12-28 23:56:19
2025-12-28 23:20:14,449 - INFO  - ([91] Epoch) Saving checkpoint to:
             Current: /root/autodl-tmp/retraining-free-quantization/training/r18_c10_nude_0.02_sim_normal_seed_repair/r18_c10_nude_0.02_sim_normal_seed_repair_checkpoint.pth.tar

2025-12-28 23:20:14,452 - INFO  - 🎲 Epoch 91: FaultInjector seed rotated to 133
2025-12-28 23:20:14,460 - INFO  - [NUDE] Epoch 91: force max bit-width W/A = 6
2025-12-28 23:20:14,460 - INFO  - ================================================================================
2025-12-28 23:20:14,460 - INFO  - 🔥 [NUDE] BFAT ACTIVE
2025-12-28 23:20:14,460 - INFO  -    Loss Type: direct_ce
2025-12-28 23:20:14,460 - INFO  -    Proj Mode: direction
2025-12-28 23:20:14,460 - INFO  -    Injection: All Bits
2025-12-28 23:20:14,460 - INFO  - ================================================================================
2025-12-28 23:20:26,718 - INFO  - [NUDE][TRAIN] Epoch 91/100 Iter 20/390 Loss 0.0009 ResLoss 0.0009 BfatLoss 0.0043 Top1 99.96 Top5 100.00
2025-12-28 23:20:38,973 - INFO  - [NUDE][TRAIN] Epoch 91/100 Iter 40/390 Loss 0.0005 ResLoss 0.0005 BfatLoss 0.0057 Top1 99.98 Top5 100.00
2025-12-28 23:20:51,012 - INFO  - [NUDE][TRAIN] Epoch 91/100 Iter 60/390 Loss 0.0004 ResLoss 0.0004 BfatLoss 0.0046 Top1 99.99 Top5 100.00
2025-12-28 23:21:03,243 - INFO  - [NUDE][TRAIN] Epoch 91/100 Iter 80/390 Loss 0.0003 ResLoss 0.0004 BfatLoss 0.0043 Top1 99.99 Top5 100.00
2025-12-28 23:21:15,284 - INFO  - [NUDE][TRAIN] Epoch 91/100 Iter 100/390 Loss 0.0003 ResLoss 0.0004 BfatLoss 0.0047 Top1 99.99 Top5 100.00
2025-12-28 23:21:27,438 - INFO  - [NUDE][TRAIN] Epoch 91/100 Iter 120/390 Loss 0.0003 ResLoss 0.0003 BfatLoss 0.0047 Top1 99.99 Top5 100.00
2025-12-28 23:21:39,580 - INFO  - [NUDE][TRAIN] Epoch 91/100 Iter 140/390 Loss 0.0003 ResLoss 0.0003 BfatLoss 0.0054 Top1 99.99 Top5 100.00
2025-12-28 23:21:51,608 - INFO  - [NUDE][TRAIN] Epoch 91/100 Iter 160/390 Loss 0.0003 ResLoss 0.0004 BfatLoss 0.0056 Top1 100.00 Top5 100.00
2025-12-28 23:22:03,760 - INFO  - [NUDE][TRAIN] Epoch 91/100 Iter 180/390 Loss 0.0003 ResLoss 0.0004 BfatLoss 0.0055 Top1 100.00 Top5 100.00
2025-12-28 23:22:15,736 - INFO  - [NUDE][TRAIN] Epoch 91/100 Iter 200/390 Loss 0.0003 ResLoss 0.0004 BfatLoss 0.0053 Top1 100.00 Top5 100.00
2025-12-28 23:22:27,936 - INFO  - [NUDE][TRAIN] Epoch 91/100 Iter 220/390 Loss 0.0003 ResLoss 0.0003 BfatLoss 0.0051 Top1 100.00 Top5 100.00
2025-12-28 23:22:40,115 - INFO  - [NUDE][TRAIN] Epoch 91/100 Iter 240/390 Loss 0.0002 ResLoss 0.0003 BfatLoss 0.0052 Top1 100.00 Top5 100.00
2025-12-28 23:22:52,146 - INFO  - [NUDE][TRAIN] Epoch 91/100 Iter 260/390 Loss 0.0003 ResLoss 0.0004 BfatLoss 0.0055 Top1 99.99 Top5 100.00
2025-12-28 23:23:04,285 - INFO  - [NUDE][TRAIN] Epoch 91/100 Iter 280/390 Loss 0.0004 ResLoss 0.0005 BfatLoss 0.0055 Top1 99.99 Top5 100.00
2025-12-28 23:23:16,276 - INFO  - [NUDE][TRAIN] Epoch 91/100 Iter 300/390 Loss 0.0003 ResLoss 0.0004 BfatLoss 0.0054 Top1 99.99 Top5 100.00
2025-12-28 23:23:28,731 - INFO  - [NUDE][TRAIN] Epoch 91/100 Iter 320/390 Loss 0.0003 ResLoss 0.0004 BfatLoss 0.0056 Top1 99.99 Top5 100.00
2025-12-28 23:23:40,953 - INFO  - [NUDE][TRAIN] Epoch 91/100 Iter 340/390 Loss 0.0003 ResLoss 0.0004 BfatLoss 0.0055 Top1 99.99 Top5 100.00
2025-12-28 23:23:52,976 - INFO  - [NUDE][TRAIN] Epoch 91/100 Iter 360/390 Loss 0.0003 ResLoss 0.0004 BfatLoss 0.0054 Top1 99.99 Top5 100.00
2025-12-28 23:24:05,288 - INFO  - [NUDE][TRAIN] Epoch 91/100 Iter 380/390 Loss 0.0003 ResLoss 0.0004 BfatLoss 0.0056 Top1 99.99 Top5 100.00
2025-12-28 23:24:11,478 - INFO  - [NUDE] Validate: force max bit-width W/A = 6
2025-12-28 23:24:13,840 - INFO  - [NUDE][EPOCH] 91/100 Train: Top1=99.99 Top5=100.00 Loss=0.0003 | Val(EMA): Top1=93.64
2025-12-28 23:24:13,840 - INFO  -   ⏱️  本Epoch耗时: 3分59秒 | 平均Epoch耗时: 4分0秒 | 剩余Epoch数: 8
2025-12-28 23:24:13,840 - INFO  -   📅 预估剩余时间: 32分1秒 | 预估完成时间: 2025-12-28 23:56:15
2025-12-28 23:24:14,576 - INFO  - ([92] Epoch) Saving checkpoint to:
             Current: /root/autodl-tmp/retraining-free-quantization/training/r18_c10_nude_0.02_sim_normal_seed_repair/r18_c10_nude_0.02_sim_normal_seed_repair_checkpoint.pth.tar

2025-12-28 23:24:14,579 - INFO  - 🎲 Epoch 92: FaultInjector seed rotated to 134
2025-12-28 23:24:14,587 - INFO  - [NUDE] Epoch 92: force max bit-width W/A = 6
2025-12-28 23:24:14,587 - INFO  - ================================================================================
2025-12-28 23:24:14,587 - INFO  - 🔥 [NUDE] BFAT ACTIVE
2025-12-28 23:24:14,587 - INFO  -    Loss Type: direct_ce
2025-12-28 23:24:14,587 - INFO  -    Proj Mode: direction
2025-12-28 23:24:14,587 - INFO  -    Injection: All Bits
2025-12-28 23:24:14,587 - INFO  - ================================================================================
2025-12-28 23:24:27,348 - INFO  - [NUDE][TRAIN] Epoch 92/100 Iter 20/390 Loss 0.0002 ResLoss 0.0001 BfatLoss 0.0036 Top1 100.00 Top5 100.00
2025-12-28 23:24:39,619 - INFO  - [NUDE][TRAIN] Epoch 92/100 Iter 40/390 Loss 0.0004 ResLoss 0.0003 BfatLoss 0.0045 Top1 99.98 Top5 100.00
2025-12-28 23:24:51,865 - INFO  - [NUDE][TRAIN] Epoch 92/100 Iter 60/390 Loss 0.0003 ResLoss 0.0002 BfatLoss 0.0048 Top1 99.99 Top5 100.00
2025-12-28 23:25:04,229 - INFO  - [NUDE][TRAIN] Epoch 92/100 Iter 80/390 Loss 0.0003 ResLoss 0.0004 BfatLoss 0.0057 Top1 99.99 Top5 100.00
2025-12-28 23:25:16,470 - INFO  - [NUDE][TRAIN] Epoch 92/100 Iter 100/390 Loss 0.0003 ResLoss 0.0003 BfatLoss 0.0054 Top1 99.99 Top5 100.00
2025-12-28 23:25:28,747 - INFO  - [NUDE][TRAIN] Epoch 92/100 Iter 120/390 Loss 0.0003 ResLoss 0.0003 BfatLoss 0.0051 Top1 99.99 Top5 100.00
2025-12-28 23:25:40,986 - INFO  - [NUDE][TRAIN] Epoch 92/100 Iter 140/390 Loss 0.0003 ResLoss 0.0003 BfatLoss 0.0052 Top1 99.99 Top5 100.00
2025-12-28 23:25:53,189 - INFO  - [NUDE][TRAIN] Epoch 92/100 Iter 160/390 Loss 0.0002 ResLoss 0.0003 BfatLoss 0.0049 Top1 100.00 Top5 100.00
2025-12-28 23:26:05,433 - INFO  - [NUDE][TRAIN] Epoch 92/100 Iter 180/390 Loss 0.0002 ResLoss 0.0003 BfatLoss 0.0051 Top1 100.00 Top5 100.00
2025-12-28 23:26:17,692 - INFO  - [NUDE][TRAIN] Epoch 92/100 Iter 200/390 Loss 0.0002 ResLoss 0.0002 BfatLoss 0.0051 Top1 100.00 Top5 100.00
2025-12-28 23:26:29,970 - INFO  - [NUDE][TRAIN] Epoch 92/100 Iter 220/390 Loss 0.0002 ResLoss 0.0002 BfatLoss 0.0050 Top1 100.00 Top5 100.00
2025-12-28 23:26:42,233 - INFO  - [NUDE][TRAIN] Epoch 92/100 Iter 240/390 Loss 0.0003 ResLoss 0.0003 BfatLoss 0.0050 Top1 99.99 Top5 100.00
2025-12-28 23:26:54,417 - INFO  - [NUDE][TRAIN] Epoch 92/100 Iter 260/390 Loss 0.0003 ResLoss 0.0003 BfatLoss 0.0051 Top1 99.99 Top5 100.00
2025-12-28 23:27:06,877 - INFO  - [NUDE][TRAIN] Epoch 92/100 Iter 280/390 Loss 0.0003 ResLoss 0.0003 BfatLoss 0.0052 Top1 99.99 Top5 100.00
2025-12-28 23:27:19,057 - INFO  - [NUDE][TRAIN] Epoch 92/100 Iter 300/390 Loss 0.0003 ResLoss 0.0003 BfatLoss 0.0054 Top1 99.99 Top5 100.00
2025-12-28 23:27:31,424 - INFO  - [NUDE][TRAIN] Epoch 92/100 Iter 320/390 Loss 0.0002 ResLoss 0.0003 BfatLoss 0.0052 Top1 99.99 Top5 100.00
2025-12-28 23:27:43,890 - INFO  - [NUDE][TRAIN] Epoch 92/100 Iter 340/390 Loss 0.0002 ResLoss 0.0003 BfatLoss 0.0054 Top1 99.99 Top5 100.00
2025-12-28 23:27:56,076 - INFO  - [NUDE][TRAIN] Epoch 92/100 Iter 360/390 Loss 0.0002 ResLoss 0.0003 BfatLoss 0.0056 Top1 99.99 Top5 100.00
2025-12-28 23:28:08,415 - INFO  - [NUDE][TRAIN] Epoch 92/100 Iter 380/390 Loss 0.0003 ResLoss 0.0004 BfatLoss 0.0057 Top1 99.99 Top5 100.00
2025-12-28 23:28:14,566 - INFO  - [NUDE] Validate: force max bit-width W/A = 6
2025-12-28 23:28:16,941 - INFO  - [NUDE][EPOCH] 92/100 Train: Top1=99.99 Top5=100.00 Loss=0.0003 | Val(EMA): Top1=93.66
2025-12-28 23:28:16,942 - INFO  -   ⏱️  本Epoch耗时: 4分2秒 | 平均Epoch耗时: 4分0秒 | 剩余Epoch数: 7
2025-12-28 23:28:16,942 - INFO  -   📅 预估剩余时间: 28分5秒 | 预估完成时间: 2025-12-28 23:56:22
2025-12-28 23:28:17,656 - INFO  - ([93] Epoch) Saving checkpoint to:
             Current: /root/autodl-tmp/retraining-free-quantization/training/r18_c10_nude_0.02_sim_normal_seed_repair/r18_c10_nude_0.02_sim_normal_seed_repair_checkpoint.pth.tar

2025-12-28 23:28:17,659 - INFO  - 🎲 Epoch 93: FaultInjector seed rotated to 135
2025-12-28 23:28:17,669 - INFO  - [NUDE] Epoch 93: force max bit-width W/A = 6
2025-12-28 23:28:17,669 - INFO  - ================================================================================
2025-12-28 23:28:17,669 - INFO  - 🔥 [NUDE] BFAT ACTIVE
2025-12-28 23:28:17,669 - INFO  -    Loss Type: direct_ce
2025-12-28 23:28:17,669 - INFO  -    Proj Mode: direction
2025-12-28 23:28:17,669 - INFO  -    Injection: All Bits
2025-12-28 23:28:17,669 - INFO  - ================================================================================
2025-12-28 23:28:30,283 - INFO  - [NUDE][TRAIN] Epoch 93/100 Iter 20/390 Loss 0.0001 ResLoss 0.0001 BfatLoss 0.0043 Top1 100.00 Top5 100.00
2025-12-28 23:28:42,590 - INFO  - [NUDE][TRAIN] Epoch 93/100 Iter 40/390 Loss 0.0001 ResLoss 0.0002 BfatLoss 0.0055 Top1 100.00 Top5 100.00
2025-12-28 23:28:54,779 - INFO  - [NUDE][TRAIN] Epoch 93/100 Iter 60/390 Loss 0.0002 ResLoss 0.0002 BfatLoss 0.0056 Top1 100.00 Top5 100.00
2025-12-28 23:29:06,941 - INFO  - [NUDE][TRAIN] Epoch 93/100 Iter 80/390 Loss 0.0002 ResLoss 0.0003 BfatLoss 0.0063 Top1 100.00 Top5 100.00
2025-12-28 23:29:19,104 - INFO  - [NUDE][TRAIN] Epoch 93/100 Iter 100/390 Loss 0.0002 ResLoss 0.0002 BfatLoss 0.0055 Top1 100.00 Top5 100.00
2025-12-28 23:29:31,419 - INFO  - [NUDE][TRAIN] Epoch 93/100 Iter 120/390 Loss 0.0002 ResLoss 0.0003 BfatLoss 0.0054 Top1 100.00 Top5 100.00
2025-12-28 23:29:43,711 - INFO  - [NUDE][TRAIN] Epoch 93/100 Iter 140/390 Loss 0.0002 ResLoss 0.0003 BfatLoss 0.0052 Top1 100.00 Top5 100.00
2025-12-28 23:29:56,001 - INFO  - [NUDE][TRAIN] Epoch 93/100 Iter 160/390 Loss 0.0002 ResLoss 0.0002 BfatLoss 0.0052 Top1 100.00 Top5 100.00
2025-12-28 23:30:08,305 - INFO  - [NUDE][TRAIN] Epoch 93/100 Iter 180/390 Loss 0.0002 ResLoss 0.0002 BfatLoss 0.0053 Top1 100.00 Top5 100.00
2025-12-28 23:30:20,577 - INFO  - [NUDE][TRAIN] Epoch 93/100 Iter 200/390 Loss 0.0002 ResLoss 0.0002 BfatLoss 0.0051 Top1 100.00 Top5 100.00
2025-12-28 23:30:32,700 - INFO  - [NUDE][TRAIN] Epoch 93/100 Iter 220/390 Loss 0.0002 ResLoss 0.0003 BfatLoss 0.0052 Top1 100.00 Top5 100.00
2025-12-28 23:30:44,741 - INFO  - [NUDE][TRAIN] Epoch 93/100 Iter 240/390 Loss 0.0002 ResLoss 0.0002 BfatLoss 0.0053 Top1 100.00 Top5 100.00
2025-12-28 23:30:56,822 - INFO  - [NUDE][TRAIN] Epoch 93/100 Iter 260/390 Loss 0.0002 ResLoss 0.0003 BfatLoss 0.0051 Top1 100.00 Top5 100.00
2025-12-28 23:31:08,977 - INFO  - [NUDE][TRAIN] Epoch 93/100 Iter 280/390 Loss 0.0002 ResLoss 0.0003 BfatLoss 0.0051 Top1 100.00 Top5 100.00
2025-12-28 23:31:21,057 - INFO  - [NUDE][TRAIN] Epoch 93/100 Iter 300/390 Loss 0.0002 ResLoss 0.0003 BfatLoss 0.0050 Top1 100.00 Top5 100.00
2025-12-28 23:31:33,205 - INFO  - [NUDE][TRAIN] Epoch 93/100 Iter 320/390 Loss 0.0002 ResLoss 0.0003 BfatLoss 0.0053 Top1 100.00 Top5 100.00
2025-12-28 23:31:45,390 - INFO  - [NUDE][TRAIN] Epoch 93/100 Iter 340/390 Loss 0.0002 ResLoss 0.0003 BfatLoss 0.0052 Top1 100.00 Top5 100.00
2025-12-28 23:31:57,469 - INFO  - [NUDE][TRAIN] Epoch 93/100 Iter 360/390 Loss 0.0002 ResLoss 0.0003 BfatLoss 0.0053 Top1 100.00 Top5 100.00
2025-12-28 23:32:09,673 - INFO  - [NUDE][TRAIN] Epoch 93/100 Iter 380/390 Loss 0.0002 ResLoss 0.0003 BfatLoss 0.0053 Top1 100.00 Top5 100.00
2025-12-28 23:32:15,751 - INFO  - [NUDE] Validate: force max bit-width W/A = 6
2025-12-28 23:32:18,097 - INFO  - [NUDE][EPOCH] 93/100 Train: Top1=100.00 Top5=100.00 Loss=0.0002 | Val(EMA): Top1=93.65
2025-12-28 23:32:18,097 - INFO  -   ⏱️  本Epoch耗时: 4分0秒 | 平均Epoch耗时: 4分0秒 | 剩余Epoch数: 6
2025-12-28 23:32:18,097 - INFO  -   📅 预估剩余时间: 24分5秒 | 预估完成时间: 2025-12-28 23:56:23
2025-12-28 23:32:18,809 - INFO  - ([94] Epoch) Saving checkpoint to:
             Current: /root/autodl-tmp/retraining-free-quantization/training/r18_c10_nude_0.02_sim_normal_seed_repair/r18_c10_nude_0.02_sim_normal_seed_repair_checkpoint.pth.tar

2025-12-28 23:32:18,812 - INFO  - 🎲 Epoch 94: FaultInjector seed rotated to 136
2025-12-28 23:32:18,820 - INFO  - [NUDE] Epoch 94: force max bit-width W/A = 6
2025-12-28 23:32:18,820 - INFO  - ================================================================================
2025-12-28 23:32:18,820 - INFO  - 🔥 [NUDE] BFAT ACTIVE
2025-12-28 23:32:18,820 - INFO  -    Loss Type: direct_ce
2025-12-28 23:32:18,821 - INFO  -    Proj Mode: direction
2025-12-28 23:32:18,821 - INFO  -    Injection: All Bits
2025-12-28 23:32:18,821 - INFO  - ================================================================================
2025-12-28 23:32:31,032 - INFO  - [NUDE][TRAIN] Epoch 94/100 Iter 20/390 Loss 0.0006 ResLoss 0.0005 BfatLoss 0.0043 Top1 99.96 Top5 100.00
2025-12-28 23:32:43,256 - INFO  - [NUDE][TRAIN] Epoch 94/100 Iter 40/390 Loss 0.0004 ResLoss 0.0004 BfatLoss 0.0051 Top1 99.98 Top5 100.00
2025-12-28 23:32:55,409 - INFO  - [NUDE][TRAIN] Epoch 94/100 Iter 60/390 Loss 0.0003 ResLoss 0.0003 BfatLoss 0.0045 Top1 99.99 Top5 100.00
2025-12-28 23:33:07,587 - INFO  - [NUDE][TRAIN] Epoch 94/100 Iter 80/390 Loss 0.0002 ResLoss 0.0003 BfatLoss 0.0041 Top1 99.99 Top5 100.00
2025-12-28 23:33:19,677 - INFO  - [NUDE][TRAIN] Epoch 94/100 Iter 100/390 Loss 0.0002 ResLoss 0.0003 BfatLoss 0.0046 Top1 99.99 Top5 100.00
2025-12-28 23:33:31,886 - INFO  - [NUDE][TRAIN] Epoch 94/100 Iter 120/390 Loss 0.0002 ResLoss 0.0003 BfatLoss 0.0041 Top1 99.99 Top5 100.00
2025-12-28 23:33:44,077 - INFO  - [NUDE][TRAIN] Epoch 94/100 Iter 140/390 Loss 0.0002 ResLoss 0.0003 BfatLoss 0.0049 Top1 99.99 Top5 100.00
2025-12-28 23:33:56,177 - INFO  - [NUDE][TRAIN] Epoch 94/100 Iter 160/390 Loss 0.0002 ResLoss 0.0002 BfatLoss 0.0046 Top1 100.00 Top5 100.00
2025-12-28 23:34:08,232 - INFO  - [NUDE][TRAIN] Epoch 94/100 Iter 180/390 Loss 0.0002 ResLoss 0.0002 BfatLoss 0.0048 Top1 100.00 Top5 100.00
2025-12-28 23:34:20,287 - INFO  - [NUDE][TRAIN] Epoch 94/100 Iter 200/390 Loss 0.0002 ResLoss 0.0002 BfatLoss 0.0047 Top1 100.00 Top5 100.00
2025-12-28 23:34:32,474 - INFO  - [NUDE][TRAIN] Epoch 94/100 Iter 220/390 Loss 0.0002 ResLoss 0.0002 BfatLoss 0.0052 Top1 100.00 Top5 100.00
2025-12-28 23:34:44,719 - INFO  - [NUDE][TRAIN] Epoch 94/100 Iter 240/390 Loss 0.0002 ResLoss 0.0002 BfatLoss 0.0048 Top1 100.00 Top5 100.00
2025-12-28 23:34:56,788 - INFO  - [NUDE][TRAIN] Epoch 94/100 Iter 260/390 Loss 0.0002 ResLoss 0.0003 BfatLoss 0.0050 Top1 100.00 Top5 100.00
2025-12-28 23:35:08,958 - INFO  - [NUDE][TRAIN] Epoch 94/100 Iter 280/390 Loss 0.0002 ResLoss 0.0003 BfatLoss 0.0052 Top1 100.00 Top5 100.00
2025-12-28 23:35:21,151 - INFO  - [NUDE][TRAIN] Epoch 94/100 Iter 300/390 Loss 0.0002 ResLoss 0.0003 BfatLoss 0.0053 Top1 100.00 Top5 100.00
2025-12-28 23:35:33,249 - INFO  - [NUDE][TRAIN] Epoch 94/100 Iter 320/390 Loss 0.0002 ResLoss 0.0003 BfatLoss 0.0054 Top1 100.00 Top5 100.00
2025-12-28 23:35:45,345 - INFO  - [NUDE][TRAIN] Epoch 94/100 Iter 340/390 Loss 0.0002 ResLoss 0.0003 BfatLoss 0.0053 Top1 100.00 Top5 100.00
2025-12-28 23:35:57,387 - INFO  - [NUDE][TRAIN] Epoch 94/100 Iter 360/390 Loss 0.0002 ResLoss 0.0003 BfatLoss 0.0054 Top1 100.00 Top5 100.00
2025-12-28 23:36:09,478 - INFO  - [NUDE][TRAIN] Epoch 94/100 Iter 380/390 Loss 0.0002 ResLoss 0.0003 BfatLoss 0.0055 Top1 100.00 Top5 100.00
2025-12-28 23:36:15,526 - INFO  - [NUDE] Validate: force max bit-width W/A = 6
2025-12-28 23:36:17,858 - INFO  - [NUDE][EPOCH] 94/100 Train: Top1=100.00 Top5=100.00 Loss=0.0002 | Val(EMA): Top1=93.64
2025-12-28 23:36:17,858 - INFO  -   ⏱️  本Epoch耗时: 3分59秒 | 平均Epoch耗时: 4分0秒 | 剩余Epoch数: 5
2025-12-28 23:36:17,858 - INFO  -   📅 预估剩余时间: 20分1秒 | 预估完成时间: 2025-12-28 23:56:19
2025-12-28 23:36:18,610 - INFO  - ([95] Epoch) Saving checkpoint to:
             Current: /root/autodl-tmp/retraining-free-quantization/training/r18_c10_nude_0.02_sim_normal_seed_repair/r18_c10_nude_0.02_sim_normal_seed_repair_checkpoint.pth.tar

2025-12-28 23:36:18,613 - INFO  - 🎲 Epoch 95: FaultInjector seed rotated to 137
2025-12-28 23:36:18,621 - INFO  - [NUDE] Epoch 95: force max bit-width W/A = 6
2025-12-28 23:36:18,621 - INFO  - ================================================================================
2025-12-28 23:36:18,621 - INFO  - 🔥 [NUDE] BFAT ACTIVE
2025-12-28 23:36:18,621 - INFO  -    Loss Type: direct_ce
2025-12-28 23:36:18,621 - INFO  -    Proj Mode: direction
2025-12-28 23:36:18,621 - INFO  -    Injection: All Bits
2025-12-28 23:36:18,621 - INFO  - ================================================================================
2025-12-28 23:36:30,999 - INFO  - [NUDE][TRAIN] Epoch 95/100 Iter 20/390 Loss 0.0001 ResLoss 0.0001 BfatLoss 0.0041 Top1 100.00 Top5 100.00
2025-12-28 23:36:43,151 - INFO  - [NUDE][TRAIN] Epoch 95/100 Iter 40/390 Loss 0.0001 ResLoss 0.0002 BfatLoss 0.0047 Top1 100.00 Top5 100.00
2025-12-28 23:36:55,570 - INFO  - [NUDE][TRAIN] Epoch 95/100 Iter 60/390 Loss 0.0001 ResLoss 0.0002 BfatLoss 0.0051 Top1 100.00 Top5 100.00
2025-12-28 23:37:07,803 - INFO  - [NUDE][TRAIN] Epoch 95/100 Iter 80/390 Loss 0.0002 ResLoss 0.0002 BfatLoss 0.0052 Top1 100.00 Top5 100.00
2025-12-28 23:37:20,005 - INFO  - [NUDE][TRAIN] Epoch 95/100 Iter 100/390 Loss 0.0001 ResLoss 0.0002 BfatLoss 0.0049 Top1 100.00 Top5 100.00
2025-12-28 23:37:32,284 - INFO  - [NUDE][TRAIN] Epoch 95/100 Iter 120/390 Loss 0.0001 ResLoss 0.0002 BfatLoss 0.0048 Top1 100.00 Top5 100.00
2025-12-28 23:37:44,586 - INFO  - [NUDE][TRAIN] Epoch 95/100 Iter 140/390 Loss 0.0001 ResLoss 0.0002 BfatLoss 0.0053 Top1 100.00 Top5 100.00
2025-12-28 23:37:56,742 - INFO  - [NUDE][TRAIN] Epoch 95/100 Iter 160/390 Loss 0.0002 ResLoss 0.0003 BfatLoss 0.0051 Top1 100.00 Top5 100.00
2025-12-28 23:38:09,045 - INFO  - [NUDE][TRAIN] Epoch 95/100 Iter 180/390 Loss 0.0002 ResLoss 0.0002 BfatLoss 0.0049 Top1 100.00 Top5 100.00
2025-12-28 23:38:21,228 - INFO  - [NUDE][TRAIN] Epoch 95/100 Iter 200/390 Loss 0.0002 ResLoss 0.0002 BfatLoss 0.0051 Top1 100.00 Top5 100.00
2025-12-28 23:38:33,583 - INFO  - [NUDE][TRAIN] Epoch 95/100 Iter 220/390 Loss 0.0002 ResLoss 0.0002 BfatLoss 0.0050 Top1 100.00 Top5 100.00
2025-12-28 23:38:45,877 - INFO  - [NUDE][TRAIN] Epoch 95/100 Iter 240/390 Loss 0.0002 ResLoss 0.0002 BfatLoss 0.0050 Top1 100.00 Top5 100.00
2025-12-28 23:38:58,030 - INFO  - [NUDE][TRAIN] Epoch 95/100 Iter 260/390 Loss 0.0002 ResLoss 0.0002 BfatLoss 0.0050 Top1 100.00 Top5 100.00
2025-12-28 23:39:10,216 - INFO  - [NUDE][TRAIN] Epoch 95/100 Iter 280/390 Loss 0.0002 ResLoss 0.0002 BfatLoss 0.0053 Top1 100.00 Top5 100.00
2025-12-28 23:39:22,296 - INFO  - [NUDE][TRAIN] Epoch 95/100 Iter 300/390 Loss 0.0002 ResLoss 0.0002 BfatLoss 0.0052 Top1 100.00 Top5 100.00
2025-12-28 23:39:34,673 - INFO  - [NUDE][TRAIN] Epoch 95/100 Iter 320/390 Loss 0.0002 ResLoss 0.0002 BfatLoss 0.0055 Top1 100.00 Top5 100.00
2025-12-28 23:39:46,967 - INFO  - [NUDE][TRAIN] Epoch 95/100 Iter 340/390 Loss 0.0002 ResLoss 0.0002 BfatLoss 0.0053 Top1 100.00 Top5 100.00
2025-12-28 23:39:59,165 - INFO  - [NUDE][TRAIN] Epoch 95/100 Iter 360/390 Loss 0.0002 ResLoss 0.0002 BfatLoss 0.0054 Top1 100.00 Top5 100.00
2025-12-28 23:40:11,476 - INFO  - [NUDE][TRAIN] Epoch 95/100 Iter 380/390 Loss 0.0002 ResLoss 0.0002 BfatLoss 0.0053 Top1 100.00 Top5 100.00
2025-12-28 23:40:17,588 - INFO  - [NUDE] Validate: force max bit-width W/A = 6
2025-12-28 23:40:19,909 - INFO  - [NUDE][EPOCH] 95/100 Train: Top1=100.00 Top5=100.00 Loss=0.0002 | Val(EMA): Top1=93.62
2025-12-28 23:40:19,909 - INFO  -   ⏱️  本Epoch耗时: 4分1秒 | 平均Epoch耗时: 4分0秒 | 剩余Epoch数: 4
2025-12-28 23:40:19,909 - INFO  -   📅 预估剩余时间: 16分2秒 | 预估完成时间: 2025-12-28 23:56:21
2025-12-28 23:40:20,547 - INFO  - ([96] Epoch) Saving checkpoint to:
             Current: /root/autodl-tmp/retraining-free-quantization/training/r18_c10_nude_0.02_sim_normal_seed_repair/r18_c10_nude_0.02_sim_normal_seed_repair_checkpoint.pth.tar

2025-12-28 23:40:20,550 - INFO  - 🎲 Epoch 96: FaultInjector seed rotated to 138
2025-12-28 23:40:20,558 - INFO  - [NUDE] Epoch 96: force max bit-width W/A = 6
2025-12-28 23:40:20,558 - INFO  - ================================================================================
2025-12-28 23:40:20,558 - INFO  - 🔥 [NUDE] BFAT ACTIVE
2025-12-28 23:40:20,558 - INFO  -    Loss Type: direct_ce
2025-12-28 23:40:20,558 - INFO  -    Proj Mode: direction
2025-12-28 23:40:20,559 - INFO  -    Injection: All Bits
2025-12-28 23:40:20,559 - INFO  - ================================================================================
2025-12-28 23:40:33,164 - INFO  - [NUDE][TRAIN] Epoch 96/100 Iter 20/390 Loss 0.0009 ResLoss 0.0005 BfatLoss 0.0070 Top1 99.96 Top5 100.00
2025-12-28 23:40:45,519 - INFO  - [NUDE][TRAIN] Epoch 96/100 Iter 40/390 Loss 0.0007 ResLoss 0.0005 BfatLoss 0.0053 Top1 99.96 Top5 100.00
2025-12-28 23:40:57,622 - INFO  - [NUDE][TRAIN] Epoch 96/100 Iter 60/390 Loss 0.0009 ResLoss 0.0008 BfatLoss 0.0055 Top1 99.93 Top5 100.00
2025-12-28 23:41:09,992 - INFO  - [NUDE][TRAIN] Epoch 96/100 Iter 80/390 Loss 0.0007 ResLoss 0.0006 BfatLoss 0.0061 Top1 99.95 Top5 100.00
2025-12-28 23:41:22,198 - INFO  - [NUDE][TRAIN] Epoch 96/100 Iter 100/390 Loss 0.0006 ResLoss 0.0006 BfatLoss 0.0061 Top1 99.96 Top5 100.00
2025-12-28 23:41:34,442 - INFO  - [NUDE][TRAIN] Epoch 96/100 Iter 120/390 Loss 0.0005 ResLoss 0.0005 BfatLoss 0.0059 Top1 99.97 Top5 100.00
2025-12-28 23:41:46,763 - INFO  - [NUDE][TRAIN] Epoch 96/100 Iter 140/390 Loss 0.0005 ResLoss 0.0005 BfatLoss 0.0054 Top1 99.97 Top5 100.00
2025-12-28 23:41:58,968 - INFO  - [NUDE][TRAIN] Epoch 96/100 Iter 160/390 Loss 0.0004 ResLoss 0.0004 BfatLoss 0.0054 Top1 99.98 Top5 100.00
2025-12-28 23:42:11,285 - INFO  - [NUDE][TRAIN] Epoch 96/100 Iter 180/390 Loss 0.0004 ResLoss 0.0004 BfatLoss 0.0055 Top1 99.98 Top5 100.00
2025-12-28 23:42:23,467 - INFO  - [NUDE][TRAIN] Epoch 96/100 Iter 200/390 Loss 0.0004 ResLoss 0.0004 BfatLoss 0.0058 Top1 99.98 Top5 100.00
2025-12-28 23:42:35,659 - INFO  - [NUDE][TRAIN] Epoch 96/100 Iter 220/390 Loss 0.0004 ResLoss 0.0004 BfatLoss 0.0060 Top1 99.98 Top5 100.00
2025-12-28 23:42:48,026 - INFO  - [NUDE][TRAIN] Epoch 96/100 Iter 240/390 Loss 0.0003 ResLoss 0.0003 BfatLoss 0.0057 Top1 99.98 Top5 100.00
2025-12-28 23:43:00,261 - INFO  - [NUDE][TRAIN] Epoch 96/100 Iter 260/390 Loss 0.0004 ResLoss 0.0004 BfatLoss 0.0058 Top1 99.98 Top5 100.00
2025-12-28 23:43:12,637 - INFO  - [NUDE][TRAIN] Epoch 96/100 Iter 280/390 Loss 0.0004 ResLoss 0.0004 BfatLoss 0.0058 Top1 99.98 Top5 100.00
2025-12-28 23:43:24,862 - INFO  - [NUDE][TRAIN] Epoch 96/100 Iter 300/390 Loss 0.0004 ResLoss 0.0004 BfatLoss 0.0060 Top1 99.98 Top5 100.00
2025-12-28 23:43:37,322 - INFO  - [NUDE][TRAIN] Epoch 96/100 Iter 320/390 Loss 0.0004 ResLoss 0.0004 BfatLoss 0.0061 Top1 99.99 Top5 100.00
2025-12-28 23:43:49,502 - INFO  - [NUDE][TRAIN] Epoch 96/100 Iter 340/390 Loss 0.0003 ResLoss 0.0004 BfatLoss 0.0059 Top1 99.99 Top5 100.00
2025-12-28 23:44:01,590 - INFO  - [NUDE][TRAIN] Epoch 96/100 Iter 360/390 Loss 0.0003 ResLoss 0.0004 BfatLoss 0.0058 Top1 99.99 Top5 100.00
2025-12-28 23:44:13,772 - INFO  - [NUDE][TRAIN] Epoch 96/100 Iter 380/390 Loss 0.0003 ResLoss 0.0004 BfatLoss 0.0057 Top1 99.99 Top5 100.00
2025-12-28 23:44:19,812 - INFO  - [NUDE] Validate: force max bit-width W/A = 6
2025-12-28 23:44:22,087 - INFO  - [NUDE][EPOCH] 96/100 Train: Top1=99.99 Top5=100.00 Loss=0.0003 | Val(EMA): Top1=93.54
2025-12-28 23:44:22,087 - INFO  -   ⏱️  本Epoch耗时: 4分1秒 | 平均Epoch耗时: 4分0秒 | 剩余Epoch数: 3
2025-12-28 23:44:22,087 - INFO  -   📅 预估剩余时间: 12分2秒 | 预估完成时间: 2025-12-28 23:56:24
2025-12-28 23:44:22,856 - INFO  - ([97] Epoch) Saving checkpoint to:
             Current: /root/autodl-tmp/retraining-free-quantization/training/r18_c10_nude_0.02_sim_normal_seed_repair/r18_c10_nude_0.02_sim_normal_seed_repair_checkpoint.pth.tar

2025-12-28 23:44:22,859 - INFO  - 🎲 Epoch 97: FaultInjector seed rotated to 139
2025-12-28 23:44:22,868 - INFO  - [NUDE] Epoch 97: force max bit-width W/A = 6
2025-12-28 23:44:22,868 - INFO  - ================================================================================
2025-12-28 23:44:22,868 - INFO  - 🔥 [NUDE] BFAT ACTIVE
2025-12-28 23:44:22,868 - INFO  -    Loss Type: direct_ce
2025-12-28 23:44:22,868 - INFO  -    Proj Mode: direction
2025-12-28 23:44:22,868 - INFO  -    Injection: All Bits
2025-12-28 23:44:22,868 - INFO  - ================================================================================
2025-12-28 23:44:35,368 - INFO  - [NUDE][TRAIN] Epoch 97/100 Iter 20/390 Loss 0.0001 ResLoss 0.0001 BfatLoss 0.0037 Top1 100.00 Top5 100.00
2025-12-28 23:44:47,527 - INFO  - [NUDE][TRAIN] Epoch 97/100 Iter 40/390 Loss 0.0001 ResLoss 0.0001 BfatLoss 0.0029 Top1 100.00 Top5 100.00
2025-12-28 23:44:59,577 - INFO  - [NUDE][TRAIN] Epoch 97/100 Iter 60/390 Loss 0.0001 ResLoss 0.0001 BfatLoss 0.0041 Top1 100.00 Top5 100.00
2025-12-28 23:45:11,776 - INFO  - [NUDE][TRAIN] Epoch 97/100 Iter 80/390 Loss 0.0001 ResLoss 0.0001 BfatLoss 0.0057 Top1 100.00 Top5 100.00
2025-12-28 23:45:23,866 - INFO  - [NUDE][TRAIN] Epoch 97/100 Iter 100/390 Loss 0.0001 ResLoss 0.0001 BfatLoss 0.0052 Top1 100.00 Top5 100.00
2025-12-28 23:45:36,070 - INFO  - [NUDE][TRAIN] Epoch 97/100 Iter 120/390 Loss 0.0001 ResLoss 0.0001 BfatLoss 0.0050 Top1 100.00 Top5 100.00
2025-12-28 23:45:48,294 - INFO  - [NUDE][TRAIN] Epoch 97/100 Iter 140/390 Loss 0.0001 ResLoss 0.0001 BfatLoss 0.0048 Top1 100.00 Top5 100.00
2025-12-28 23:46:00,277 - INFO  - [NUDE][TRAIN] Epoch 97/100 Iter 160/390 Loss 0.0001 ResLoss 0.0001 BfatLoss 0.0050 Top1 100.00 Top5 100.00
2025-12-28 23:46:12,372 - INFO  - [NUDE][TRAIN] Epoch 97/100 Iter 180/390 Loss 0.0001 ResLoss 0.0002 BfatLoss 0.0050 Top1 100.00 Top5 100.00
2025-12-28 23:46:24,518 - INFO  - [NUDE][TRAIN] Epoch 97/100 Iter 200/390 Loss 0.0001 ResLoss 0.0002 BfatLoss 0.0055 Top1 100.00 Top5 100.00
2025-12-28 23:46:36,727 - INFO  - [NUDE][TRAIN] Epoch 97/100 Iter 220/390 Loss 0.0001 ResLoss 0.0002 BfatLoss 0.0056 Top1 100.00 Top5 100.00
2025-12-28 23:46:48,938 - INFO  - [NUDE][TRAIN] Epoch 97/100 Iter 240/390 Loss 0.0001 ResLoss 0.0002 BfatLoss 0.0054 Top1 100.00 Top5 100.00
2025-12-28 23:47:01,037 - INFO  - [NUDE][TRAIN] Epoch 97/100 Iter 260/390 Loss 0.0001 ResLoss 0.0002 BfatLoss 0.0057 Top1 100.00 Top5 100.00
2025-12-28 23:47:13,249 - INFO  - [NUDE][TRAIN] Epoch 97/100 Iter 280/390 Loss 0.0001 ResLoss 0.0002 BfatLoss 0.0060 Top1 100.00 Top5 100.00
2025-12-28 23:47:25,335 - INFO  - [NUDE][TRAIN] Epoch 97/100 Iter 300/390 Loss 0.0001 ResLoss 0.0002 BfatLoss 0.0058 Top1 100.00 Top5 100.00
2025-12-28 23:47:37,502 - INFO  - [NUDE][TRAIN] Epoch 97/100 Iter 320/390 Loss 0.0001 ResLoss 0.0002 BfatLoss 0.0057 Top1 100.00 Top5 100.00
2025-12-28 23:47:49,564 - INFO  - [NUDE][TRAIN] Epoch 97/100 Iter 340/390 Loss 0.0001 ResLoss 0.0002 BfatLoss 0.0055 Top1 100.00 Top5 100.00
2025-12-28 23:48:01,659 - INFO  - [NUDE][TRAIN] Epoch 97/100 Iter 360/390 Loss 0.0001 ResLoss 0.0002 BfatLoss 0.0054 Top1 100.00 Top5 100.00
2025-12-28 23:48:13,941 - INFO  - [NUDE][TRAIN] Epoch 97/100 Iter 380/390 Loss 0.0001 ResLoss 0.0002 BfatLoss 0.0055 Top1 100.00 Top5 100.00
2025-12-28 23:48:20,133 - INFO  - [NUDE] Validate: force max bit-width W/A = 6
2025-12-28 23:48:22,494 - INFO  - [NUDE][EPOCH] 97/100 Train: Top1=100.00 Top5=100.00 Loss=0.0001 | Val(EMA): Top1=93.57
2025-12-28 23:48:22,494 - INFO  -   ⏱️  本Epoch耗时: 3分59秒 | 平均Epoch耗时: 4分0秒 | 剩余Epoch数: 2
2025-12-28 23:48:22,494 - INFO  -   📅 预估剩余时间: 8分0秒 | 预估完成时间: 2025-12-28 23:56:23
2025-12-28 23:48:23,547 - INFO  - ([98] Epoch) Saving checkpoint to:
             Current: /root/autodl-tmp/retraining-free-quantization/training/r18_c10_nude_0.02_sim_normal_seed_repair/r18_c10_nude_0.02_sim_normal_seed_repair_checkpoint.pth.tar

2025-12-28 23:48:23,552 - INFO  - 🎲 Epoch 98: FaultInjector seed rotated to 140
2025-12-28 23:48:23,563 - INFO  - [NUDE] Epoch 98: force max bit-width W/A = 6
2025-12-28 23:48:23,563 - INFO  - ================================================================================
2025-12-28 23:48:23,563 - INFO  - 🔥 [NUDE] BFAT ACTIVE
2025-12-28 23:48:23,563 - INFO  -    Loss Type: direct_ce
2025-12-28 23:48:23,563 - INFO  -    Proj Mode: direction
2025-12-28 23:48:23,563 - INFO  -    Injection: All Bits
2025-12-28 23:48:23,563 - INFO  - ================================================================================
2025-12-28 23:48:35,872 - INFO  - [NUDE][TRAIN] Epoch 98/100 Iter 20/390 Loss 0.0002 ResLoss 0.0002 BfatLoss 0.0043 Top1 100.00 Top5 100.00
2025-12-28 23:48:48,088 - INFO  - [NUDE][TRAIN] Epoch 98/100 Iter 40/390 Loss 0.0002 ResLoss 0.0002 BfatLoss 0.0067 Top1 100.00 Top5 100.00
2025-12-28 23:49:00,301 - INFO  - [NUDE][TRAIN] Epoch 98/100 Iter 60/390 Loss 0.0002 ResLoss 0.0003 BfatLoss 0.0070 Top1 100.00 Top5 100.00
2025-12-28 23:49:12,604 - INFO  - [NUDE][TRAIN] Epoch 98/100 Iter 80/390 Loss 0.0002 ResLoss 0.0003 BfatLoss 0.0067 Top1 100.00 Top5 100.00
2025-12-28 23:49:24,741 - INFO  - [NUDE][TRAIN] Epoch 98/100 Iter 100/390 Loss 0.0002 ResLoss 0.0002 BfatLoss 0.0064 Top1 100.00 Top5 100.00
2025-12-28 23:49:36,799 - INFO  - [NUDE][TRAIN] Epoch 98/100 Iter 120/390 Loss 0.0001 ResLoss 0.0002 BfatLoss 0.0057 Top1 100.00 Top5 100.00
2025-12-28 23:49:48,910 - INFO  - [NUDE][TRAIN] Epoch 98/100 Iter 140/390 Loss 0.0002 ResLoss 0.0002 BfatLoss 0.0059 Top1 100.00 Top5 100.00
2025-12-28 23:50:00,912 - INFO  - [NUDE][TRAIN] Epoch 98/100 Iter 160/390 Loss 0.0002 ResLoss 0.0002 BfatLoss 0.0061 Top1 100.00 Top5 100.00
2025-12-28 23:50:13,000 - INFO  - [NUDE][TRAIN] Epoch 98/100 Iter 180/390 Loss 0.0001 ResLoss 0.0002 BfatLoss 0.0066 Top1 100.00 Top5 100.00
2025-12-28 23:50:25,132 - INFO  - [NUDE][TRAIN] Epoch 98/100 Iter 200/390 Loss 0.0002 ResLoss 0.0002 BfatLoss 0.0063 Top1 100.00 Top5 100.00
2025-12-28 23:50:37,360 - INFO  - [NUDE][TRAIN] Epoch 98/100 Iter 220/390 Loss 0.0001 ResLoss 0.0002 BfatLoss 0.0064 Top1 100.00 Top5 100.00
2025-12-28 23:50:49,659 - INFO  - [NUDE][TRAIN] Epoch 98/100 Iter 240/390 Loss 0.0001 ResLoss 0.0002 BfatLoss 0.0064 Top1 100.00 Top5 100.00
2025-12-28 23:51:01,874 - INFO  - [NUDE][TRAIN] Epoch 98/100 Iter 260/390 Loss 0.0001 ResLoss 0.0002 BfatLoss 0.0064 Top1 100.00 Top5 100.00
2025-12-28 23:51:14,142 - INFO  - [NUDE][TRAIN] Epoch 98/100 Iter 280/390 Loss 0.0001 ResLoss 0.0002 BfatLoss 0.0063 Top1 100.00 Top5 100.00
2025-12-28 23:51:26,413 - INFO  - [NUDE][TRAIN] Epoch 98/100 Iter 300/390 Loss 0.0002 ResLoss 0.0003 BfatLoss 0.0061 Top1 100.00 Top5 100.00
2025-12-28 23:51:38,668 - INFO  - [NUDE][TRAIN] Epoch 98/100 Iter 320/390 Loss 0.0002 ResLoss 0.0002 BfatLoss 0.0063 Top1 100.00 Top5 100.00
2025-12-28 23:51:50,967 - INFO  - [NUDE][TRAIN] Epoch 98/100 Iter 340/390 Loss 0.0002 ResLoss 0.0002 BfatLoss 0.0062 Top1 100.00 Top5 100.00
2025-12-28 23:52:03,174 - INFO  - [NUDE][TRAIN] Epoch 98/100 Iter 360/390 Loss 0.0002 ResLoss 0.0003 BfatLoss 0.0061 Top1 100.00 Top5 100.00
2025-12-28 23:52:15,435 - INFO  - [NUDE][TRAIN] Epoch 98/100 Iter 380/390 Loss 0.0002 ResLoss 0.0003 BfatLoss 0.0060 Top1 100.00 Top5 100.00
2025-12-28 23:52:21,607 - INFO  - [NUDE] Validate: force max bit-width W/A = 6
2025-12-28 23:52:23,989 - INFO  - [NUDE][EPOCH] 98/100 Train: Top1=100.00 Top5=100.00 Loss=0.0002 | Val(EMA): Top1=93.57
2025-12-28 23:52:23,990 - INFO  -   ⏱️  本Epoch耗时: 4分0秒 | 平均Epoch耗时: 4分0秒 | 剩余Epoch数: 1
2025-12-28 23:52:23,990 - INFO  -   📅 预估剩余时间: 4分0秒 | 预估完成时间: 2025-12-28 23:56:24
2025-12-28 23:52:24,832 - INFO  - ([99] Epoch) Saving checkpoint to:
             Current: /root/autodl-tmp/retraining-free-quantization/training/r18_c10_nude_0.02_sim_normal_seed_repair/r18_c10_nude_0.02_sim_normal_seed_repair_checkpoint.pth.tar

2025-12-28 23:52:24,835 - INFO  - 🎲 Epoch 99: FaultInjector seed rotated to 141
2025-12-28 23:52:24,843 - INFO  - [NUDE] Epoch 99: force max bit-width W/A = 6
2025-12-28 23:52:24,843 - INFO  - ================================================================================
2025-12-28 23:52:24,843 - INFO  - 🔥 [NUDE] BFAT ACTIVE
2025-12-28 23:52:24,843 - INFO  -    Loss Type: direct_ce
2025-12-28 23:52:24,843 - INFO  -    Proj Mode: direction
2025-12-28 23:52:24,843 - INFO  -    Injection: All Bits
2025-12-28 23:52:24,843 - INFO  - ================================================================================
2025-12-28 23:52:37,443 - INFO  - [NUDE][TRAIN] Epoch 99/100 Iter 20/390 Loss 0.0004 ResLoss 0.0003 BfatLoss 0.0039 Top1 99.96 Top5 100.00
2025-12-28 23:52:49,703 - INFO  - [NUDE][TRAIN] Epoch 99/100 Iter 40/390 Loss 0.0003 ResLoss 0.0003 BfatLoss 0.0055 Top1 99.98 Top5 100.00
2025-12-28 23:53:01,764 - INFO  - [NUDE][TRAIN] Epoch 99/100 Iter 60/390 Loss 0.0002 ResLoss 0.0002 BfatLoss 0.0052 Top1 99.99 Top5 100.00
2025-12-28 23:53:14,109 - INFO  - [NUDE][TRAIN] Epoch 99/100 Iter 80/390 Loss 0.0002 ResLoss 0.0002 BfatLoss 0.0052 Top1 99.99 Top5 100.00
2025-12-28 23:53:26,405 - INFO  - [NUDE][TRAIN] Epoch 99/100 Iter 100/390 Loss 0.0002 ResLoss 0.0002 BfatLoss 0.0054 Top1 99.99 Top5 100.00
2025-12-28 23:53:38,651 - INFO  - [NUDE][TRAIN] Epoch 99/100 Iter 120/390 Loss 0.0002 ResLoss 0.0003 BfatLoss 0.0051 Top1 99.99 Top5 100.00
2025-12-28 23:53:50,912 - INFO  - [NUDE][TRAIN] Epoch 99/100 Iter 140/390 Loss 0.0002 ResLoss 0.0003 BfatLoss 0.0053 Top1 99.99 Top5 100.00
2025-12-28 23:54:03,133 - INFO  - [NUDE][TRAIN] Epoch 99/100 Iter 160/390 Loss 0.0002 ResLoss 0.0003 BfatLoss 0.0053 Top1 100.00 Top5 100.00
2025-12-28 23:54:15,490 - INFO  - [NUDE][TRAIN] Epoch 99/100 Iter 180/390 Loss 0.0002 ResLoss 0.0003 BfatLoss 0.0056 Top1 100.00 Top5 100.00
2025-12-28 23:54:27,674 - INFO  - [NUDE][TRAIN] Epoch 99/100 Iter 200/390 Loss 0.0003 ResLoss 0.0003 BfatLoss 0.0060 Top1 99.99 Top5 100.00
2025-12-28 23:54:39,900 - INFO  - [NUDE][TRAIN] Epoch 99/100 Iter 220/390 Loss 0.0002 ResLoss 0.0003 BfatLoss 0.0058 Top1 99.99 Top5 100.00
2025-12-28 23:54:52,189 - INFO  - [NUDE][TRAIN] Epoch 99/100 Iter 240/390 Loss 0.0002 ResLoss 0.0003 BfatLoss 0.0060 Top1 99.99 Top5 100.00
2025-12-28 23:55:04,363 - INFO  - [NUDE][TRAIN] Epoch 99/100 Iter 260/390 Loss 0.0002 ResLoss 0.0003 BfatLoss 0.0059 Top1 99.99 Top5 100.00
2025-12-28 23:55:16,701 - INFO  - [NUDE][TRAIN] Epoch 99/100 Iter 280/390 Loss 0.0002 ResLoss 0.0003 BfatLoss 0.0058 Top1 99.99 Top5 100.00
2025-12-28 23:55:28,843 - INFO  - [NUDE][TRAIN] Epoch 99/100 Iter 300/390 Loss 0.0002 ResLoss 0.0003 BfatLoss 0.0056 Top1 99.99 Top5 100.00
2025-12-28 23:55:41,156 - INFO  - [NUDE][TRAIN] Epoch 99/100 Iter 320/390 Loss 0.0002 ResLoss 0.0003 BfatLoss 0.0058 Top1 100.00 Top5 100.00
2025-12-28 23:55:53,542 - INFO  - [NUDE][TRAIN] Epoch 99/100 Iter 340/390 Loss 0.0002 ResLoss 0.0003 BfatLoss 0.0060 Top1 100.00 Top5 100.00
2025-12-28 23:56:05,758 - INFO  - [NUDE][TRAIN] Epoch 99/100 Iter 360/390 Loss 0.0002 ResLoss 0.0003 BfatLoss 0.0060 Top1 100.00 Top5 100.00
2025-12-28 23:56:17,956 - INFO  - [NUDE][TRAIN] Epoch 99/100 Iter 380/390 Loss 0.0002 ResLoss 0.0003 BfatLoss 0.0059 Top1 100.00 Top5 100.00
2025-12-28 23:56:24,033 - INFO  - [NUDE] Validate: force max bit-width W/A = 6
2025-12-28 23:56:26,408 - INFO  - [NUDE][EPOCH] 99/100 Train: Top1=100.00 Top5=100.00 Loss=0.0002 | Val(EMA): Top1=93.62
2025-12-28 23:56:26,408 - INFO  -   ⏱️  本Epoch耗时: 4分1秒 | 平均Epoch耗时: 4分0秒 | 剩余Epoch数: 0
2025-12-28 23:56:26,408 - INFO  -   ✅ 训练完成！总耗时: 6小时42分11秒
2025-12-28 23:56:27,107 - INFO  - ([100] Epoch) Saving checkpoint to:
             Current: /root/autodl-tmp/retraining-free-quantization/training/r18_c10_nude_0.02_sim_normal_seed_repair/r18_c10_nude_0.02_sim_normal_seed_repair_checkpoint.pth.tar

