2025-11-19 22:13:38,487 - INFO  - Log file for this run: /root/autodl-tmp/retraining-free-quantization/training/alexnet_cifar10_sensitive_stage2/alexnet_cifar10_sensitive_stage2.log
2025-11-19 22:13:38,492 - INFO  - TensorBoard data directory: /root/autodl-tmp/retraining-free-quantization/training/alexnet_cifar10_sensitive_stage2/tb_runs
2025-11-19 22:13:40,291 - INFO  - Loading Stage 1 checkpoint for analysis...
2025-11-19 22:13:40,850 - INFO  - Created `alexnet` model for `cifar10` dataset (num_classes=10)
          Use pre-trained model = False
2025-11-19 22:13:41,710 - INFO  - Loaded checkpoint alexnet model (next epoch 200) from training/alexnet_cifar10_sensitive_stage1/alexnet_cifar10_sensitive_stage1_checkpoint.pth.tar
2025-11-19 22:13:41,730 - INFO  - Stage 1 model loaded successfully.
2025-11-19 22:13:41,730 - INFO  - Setting model to highest bit-width to ensure correct clean accuracy...
2025-11-19 22:13:41,956 - INFO  - Model bit-width set to maximum (6-bit) using sample_max_cands.
2025-11-19 22:13:41,956 - INFO  - Collecting gradient sensitivity...
2025-11-19 22:13:43,884 - INFO  - Identified 94 sensitive channels.
2025-11-19 22:13:43,884 - INFO  - Computing activation baseline...
2025-11-19 22:13:45,217 - INFO  - Activation baseline computed.
2025-11-19 22:13:45,218 - INFO  - Running dummy forward pass for Restorer initialization...
2025-11-19 22:13:45,247 - INFO  - Determined feature dims for restorer: [192, 192, 192, 192, 192, 48, 48, 40]
2025-11-19 22:13:45,257 - INFO  - LayerwiseRestorer initialized. Trainable params: 234.8K
2025-11-19 22:13:45,257 - INFO  - Creating optimizer and scheduler for the Restorer...
2025-11-19 22:13:45,260 - INFO  - Fault injector for Stage 2 created.
2025-11-19 22:13:45,260 - INFO  - Starting Stage 2 training...
2025-11-19 22:13:45,260 - INFO  - Activation collector attached to the restorer.
2025-11-19 22:13:45,260 - INFO  - >>>>>>>> Epoch   0
2025-11-19 22:13:45,260 - INFO  - [Stage2] Using random BER sampling [1e-2, 1e-1] for each batch at epoch 0
2025-11-19 22:13:45,260 - INFO  - Entered Stage 2 Restorer Training mode for epoch 0.
2025-11-19 22:13:47,206 - INFO  - Epoch: [0][20/390] | Time 0.081 (0.097) | Loss 3.1039 | Accs(C/F/R): 100.00/53.55/53.20 | Gain -0.35%
2025-11-19 22:13:48,856 - INFO  - Epoch: [0][40/390] | Time 0.081 (0.090) | Loss 2.9046 | Accs(C/F/R): 100.00/55.61/55.61 | Gain +0.00%
2025-11-19 22:13:50,504 - INFO  - Epoch: [0][60/390] | Time 0.084 (0.087) | Loss 2.9204 | Accs(C/F/R): 100.00/55.51/55.60 | Gain +0.09%
2025-11-19 22:13:52,143 - INFO  - Epoch: [0][80/390] | Time 0.081 (0.086) | Loss 2.9706 | Accs(C/F/R): 100.00/54.39/54.70 | Gain +0.30%
2025-11-19 22:13:53,794 - INFO  - Epoch: [0][100/390] | Time 0.086 (0.085) | Loss 2.9630 | Accs(C/F/R): 100.00/53.91/54.34 | Gain +0.42%
2025-11-19 22:13:55,440 - INFO  - Epoch: [0][120/390] | Time 0.082 (0.085) | Loss 2.9527 | Accs(C/F/R): 100.00/53.91/54.43 | Gain +0.52%
2025-11-19 22:13:57,091 - INFO  - Epoch: [0][140/390] | Time 0.081 (0.084) | Loss 2.9116 | Accs(C/F/R): 100.00/54.21/54.76 | Gain +0.55%
2025-11-19 22:13:58,747 - INFO  - Epoch: [0][160/390] | Time 0.085 (0.084) | Loss 2.8650 | Accs(C/F/R): 100.00/54.79/55.45 | Gain +0.66%
2025-11-19 22:14:00,407 - INFO  - Epoch: [0][180/390] | Time 0.083 (0.084) | Loss 2.8359 | Accs(C/F/R): 100.00/54.80/55.51 | Gain +0.71%
2025-11-19 22:14:02,056 - INFO  - Epoch: [0][200/390] | Time 0.081 (0.084) | Loss 2.8103 | Accs(C/F/R): 100.00/54.85/55.71 | Gain +0.86%
2025-11-19 22:14:03,697 - INFO  - Epoch: [0][220/390] | Time 0.081 (0.084) | Loss 2.7878 | Accs(C/F/R): 100.00/55.05/55.93 | Gain +0.88%
2025-11-19 22:14:05,335 - INFO  - Epoch: [0][240/390] | Time 0.082 (0.084) | Loss 2.8022 | Accs(C/F/R): 100.00/54.78/55.72 | Gain +0.94%
2025-11-19 22:14:06,977 - INFO  - Epoch: [0][260/390] | Time 0.083 (0.084) | Loss 2.7949 | Accs(C/F/R): 100.00/54.71/55.76 | Gain +1.05%
2025-11-19 22:14:08,619 - INFO  - Epoch: [0][280/390] | Time 0.081 (0.083) | Loss 2.7756 | Accs(C/F/R): 99.99/54.77/55.85 | Gain +1.08%
2025-11-19 22:14:10,255 - INFO  - Epoch: [0][300/390] | Time 0.081 (0.083) | Loss 2.7516 | Accs(C/F/R): 99.99/55.04/56.12 | Gain +1.08%
2025-11-19 22:14:11,891 - INFO  - Epoch: [0][320/390] | Time 0.081 (0.083) | Loss 2.7365 | Accs(C/F/R): 99.99/55.06/56.25 | Gain +1.19%
2025-11-19 22:14:13,532 - INFO  - Epoch: [0][340/390] | Time 0.081 (0.083) | Loss 2.7470 | Accs(C/F/R): 99.99/54.56/55.84 | Gain +1.28%
2025-11-19 22:14:15,184 - INFO  - Epoch: [0][360/390] | Time 0.081 (0.083) | Loss 2.7378 | Accs(C/F/R): 99.99/54.49/55.82 | Gain +1.34%
2025-11-19 22:14:16,845 - INFO  - Epoch: [0][380/390] | Time 0.084 (0.083) | Loss 2.7223 | Accs(C/F/R): 99.99/54.64/56.02 | Gain +1.38%
2025-11-19 22:14:17,724 - INFO  - Epoch 0: Train Loss (scheduler metric) = 2.7076
2025-11-19 22:14:17,745 - INFO  - ([0] Epoch) Saving checkpoint to:
             Current: /root/autodl-tmp/retraining-free-quantization/training/alexnet_cifar10_sensitive_stage2/alexnet_cifar10_sensitive_stage2_restorer_checkpoint.pth.tar

2025-11-19 22:14:17,745 - INFO  - >>>>>>>> Epoch   1
2025-11-19 22:14:17,746 - INFO  - [Stage2] Using random BER sampling [1e-2, 1e-1] for each batch at epoch 1
2025-11-19 22:14:17,746 - INFO  - Entered Stage 2 Restorer Training mode for epoch 1.
2025-11-19 22:14:19,729 - INFO  - Epoch: [1][20/390] | Time 0.085 (0.099) | Loss 2.8414 | Accs(C/F/R): 100.00/50.04/52.81 | Gain +2.77%
2025-11-19 22:14:21,410 - INFO  - Epoch: [1][40/390] | Time 0.082 (0.092) | Loss 2.5814 | Accs(C/F/R): 100.00/54.96/57.42 | Gain +2.46%
2025-11-19 22:14:23,063 - INFO  - Epoch: [1][60/390] | Time 0.081 (0.089) | Loss 2.5712 | Accs(C/F/R): 100.00/54.83/57.04 | Gain +2.21%
2025-11-19 22:14:24,707 - INFO  - Epoch: [1][80/390] | Time 0.082 (0.087) | Loss 2.5558 | Accs(C/F/R): 100.00/55.35/57.37 | Gain +2.02%
2025-11-19 22:14:26,359 - INFO  - Epoch: [1][100/390] | Time 0.083 (0.086) | Loss 2.5904 | Accs(C/F/R): 100.00/54.82/56.94 | Gain +2.12%
2025-11-19 22:14:27,984 - INFO  - Epoch: [1][120/390] | Time 0.083 (0.085) | Loss 2.5990 | Accs(C/F/R): 100.00/54.60/56.62 | Gain +2.02%
2025-11-19 22:14:29,647 - INFO  - Epoch: [1][140/390] | Time 0.083 (0.085) | Loss 2.5795 | Accs(C/F/R): 100.00/55.12/57.00 | Gain +1.88%
2025-11-19 22:14:31,316 - INFO  - Epoch: [1][160/390] | Time 0.083 (0.085) | Loss 2.5692 | Accs(C/F/R): 100.00/55.39/57.25 | Gain +1.86%
2025-11-19 22:14:32,986 - INFO  - Epoch: [1][180/390] | Time 0.088 (0.085) | Loss 2.5822 | Accs(C/F/R): 100.00/55.18/57.05 | Gain +1.87%
2025-11-19 22:14:34,647 - INFO  - Epoch: [1][200/390] | Time 0.083 (0.085) | Loss 2.5802 | Accs(C/F/R): 100.00/55.20/57.08 | Gain +1.88%
2025-11-19 22:14:36,308 - INFO  - Epoch: [1][220/390] | Time 0.082 (0.084) | Loss 2.5980 | Accs(C/F/R): 99.99/54.63/56.65 | Gain +2.02%
2025-11-19 22:14:37,951 - INFO  - Epoch: [1][240/390] | Time 0.081 (0.084) | Loss 2.5889 | Accs(C/F/R): 99.99/54.74/56.70 | Gain +1.96%
2025-11-19 22:14:39,590 - INFO  - Epoch: [1][260/390] | Time 0.086 (0.084) | Loss 2.5905 | Accs(C/F/R): 99.99/54.74/56.71 | Gain +1.97%
2025-11-19 22:14:41,265 - INFO  - Epoch: [1][280/390] | Time 0.083 (0.084) | Loss 2.5822 | Accs(C/F/R): 99.99/54.84/56.88 | Gain +2.03%
2025-11-19 22:14:42,949 - INFO  - Epoch: [1][300/390] | Time 0.082 (0.084) | Loss 2.5641 | Accs(C/F/R): 99.99/55.12/57.12 | Gain +2.00%
2025-11-19 22:14:44,612 - INFO  - Epoch: [1][320/390] | Time 0.084 (0.084) | Loss 2.5714 | Accs(C/F/R): 99.99/54.93/56.94 | Gain +2.01%
2025-11-19 22:14:46,265 - INFO  - Epoch: [1][340/390] | Time 0.083 (0.084) | Loss 2.5656 | Accs(C/F/R): 99.99/55.02/56.99 | Gain +1.98%
2025-11-19 22:14:47,924 - INFO  - Epoch: [1][360/390] | Time 0.082 (0.084) | Loss 2.5580 | Accs(C/F/R): 99.99/55.08/57.10 | Gain +2.02%
2025-11-19 22:14:49,601 - INFO  - Epoch: [1][380/390] | Time 0.086 (0.084) | Loss 2.5701 | Accs(C/F/R): 99.99/54.84/56.88 | Gain +2.04%
2025-11-19 22:14:50,481 - INFO  - Epoch 1: Train Loss (scheduler metric) = 2.5869
2025-11-19 22:14:50,501 - INFO  - ([1] Epoch) Saving checkpoint to:
             Current: /root/autodl-tmp/retraining-free-quantization/training/alexnet_cifar10_sensitive_stage2/alexnet_cifar10_sensitive_stage2_restorer_checkpoint.pth.tar

2025-11-19 22:14:50,501 - INFO  - >>>>>>>> Epoch   2
2025-11-19 22:14:50,501 - INFO  - [Stage2] Using random BER sampling [1e-2, 1e-1] for each batch at epoch 2
2025-11-19 22:14:50,501 - INFO  - Entered Stage 2 Restorer Training mode for epoch 2.
2025-11-19 22:14:52,418 - INFO  - Epoch: [2][20/390] | Time 0.082 (0.096) | Loss 2.4382 | Accs(C/F/R): 100.00/55.74/57.23 | Gain +1.48%
2025-11-19 22:14:54,095 - INFO  - Epoch: [2][40/390] | Time 0.086 (0.090) | Loss 2.5268 | Accs(C/F/R): 100.00/55.47/56.97 | Gain +1.50%
2025-11-19 22:14:55,795 - INFO  - Epoch: [2][60/390] | Time 0.084 (0.088) | Loss 2.5377 | Accs(C/F/R): 99.99/55.26/56.73 | Gain +1.47%
2025-11-19 22:14:57,479 - INFO  - Epoch: [2][80/390] | Time 0.082 (0.087) | Loss 2.4473 | Accs(C/F/R): 99.99/56.91/58.23 | Gain +1.32%
2025-11-19 22:14:59,160 - INFO  - Epoch: [2][100/390] | Time 0.082 (0.087) | Loss 2.4006 | Accs(C/F/R): 99.98/57.89/59.46 | Gain +1.57%
2025-11-19 22:15:00,858 - INFO  - Epoch: [2][120/390] | Time 0.084 (0.086) | Loss 2.4183 | Accs(C/F/R): 99.99/57.72/59.14 | Gain +1.42%
2025-11-19 22:15:02,562 - INFO  - Epoch: [2][140/390] | Time 0.084 (0.086) | Loss 2.3647 | Accs(C/F/R): 99.98/58.74/60.25 | Gain +1.51%
2025-11-19 22:15:04,244 - INFO  - Epoch: [2][160/390] | Time 0.082 (0.086) | Loss 2.3965 | Accs(C/F/R): 99.99/58.09/59.72 | Gain +1.64%
2025-11-19 22:15:05,929 - INFO  - Epoch: [2][180/390] | Time 0.083 (0.086) | Loss 2.4419 | Accs(C/F/R): 99.99/57.31/59.09 | Gain +1.78%
2025-11-19 22:15:07,571 - INFO  - Epoch: [2][200/390] | Time 0.082 (0.085) | Loss 2.4556 | Accs(C/F/R): 99.99/56.99/58.69 | Gain +1.70%
2025-11-19 22:15:09,220 - INFO  - Epoch: [2][220/390] | Time 0.081 (0.085) | Loss 2.4577 | Accs(C/F/R): 99.99/56.94/58.65 | Gain +1.71%
2025-11-19 22:15:10,910 - INFO  - Epoch: [2][240/390] | Time 0.082 (0.085) | Loss 2.4694 | Accs(C/F/R): 99.99/56.68/58.45 | Gain +1.76%
2025-11-19 22:15:12,557 - INFO  - Epoch: [2][260/390] | Time 0.082 (0.085) | Loss 2.4675 | Accs(C/F/R): 99.99/56.71/58.50 | Gain +1.78%
2025-11-19 22:15:14,205 - INFO  - Epoch: [2][280/390] | Time 0.081 (0.085) | Loss 2.4487 | Accs(C/F/R): 99.99/57.06/58.87 | Gain +1.81%
2025-11-19 22:15:15,865 - INFO  - Epoch: [2][300/390] | Time 0.082 (0.085) | Loss 2.4646 | Accs(C/F/R): 99.99/56.70/58.54 | Gain +1.84%
2025-11-19 22:15:17,515 - INFO  - Epoch: [2][320/390] | Time 0.089 (0.084) | Loss 2.4932 | Accs(C/F/R): 99.99/56.20/58.04 | Gain +1.83%
2025-11-19 22:15:19,160 - INFO  - Epoch: [2][340/390] | Time 0.081 (0.084) | Loss 2.4930 | Accs(C/F/R): 99.99/56.06/57.89 | Gain +1.83%
2025-11-19 22:15:20,815 - INFO  - Epoch: [2][360/390] | Time 0.082 (0.084) | Loss 2.4775 | Accs(C/F/R): 99.99/56.43/58.26 | Gain +1.83%
2025-11-19 22:15:22,483 - INFO  - Epoch: [2][380/390] | Time 0.081 (0.084) | Loss 2.4919 | Accs(C/F/R): 99.99/56.13/57.97 | Gain +1.84%
2025-11-19 22:15:23,351 - INFO  - Epoch 2: Train Loss (scheduler metric) = 2.5001
2025-11-19 22:15:23,372 - INFO  - ([2] Epoch) Saving checkpoint to:
             Current: /root/autodl-tmp/retraining-free-quantization/training/alexnet_cifar10_sensitive_stage2/alexnet_cifar10_sensitive_stage2_restorer_checkpoint.pth.tar

2025-11-19 22:15:23,372 - INFO  - >>>>>>>> Epoch   3
2025-11-19 22:15:23,372 - INFO  - [Stage2] Using random BER sampling [1e-2, 1e-1] for each batch at epoch 3
2025-11-19 22:15:23,372 - INFO  - Entered Stage 2 Restorer Training mode for epoch 3.
2025-11-19 22:15:25,255 - INFO  - Epoch: [3][20/390] | Time 0.081 (0.094) | Loss 2.6033 | Accs(C/F/R): 99.96/55.78/57.15 | Gain +1.37%
2025-11-19 22:15:26,893 - INFO  - Epoch: [3][40/390] | Time 0.082 (0.088) | Loss 2.6349 | Accs(C/F/R): 99.96/54.53/55.88 | Gain +1.35%
2025-11-19 22:15:28,535 - INFO  - Epoch: [3][60/390] | Time 0.082 (0.086) | Loss 2.6647 | Accs(C/F/R): 99.96/53.87/55.40 | Gain +1.54%
2025-11-19 22:15:30,186 - INFO  - Epoch: [3][80/390] | Time 0.085 (0.085) | Loss 2.6179 | Accs(C/F/R): 99.95/53.92/55.88 | Gain +1.96%
2025-11-19 22:15:31,858 - INFO  - Epoch: [3][100/390] | Time 0.085 (0.085) | Loss 2.6040 | Accs(C/F/R): 99.96/54.13/56.05 | Gain +1.92%
2025-11-19 22:15:33,517 - INFO  - Epoch: [3][120/390] | Time 0.085 (0.085) | Loss 2.6082 | Accs(C/F/R): 99.97/53.98/55.78 | Gain +1.80%
2025-11-19 22:15:35,193 - INFO  - Epoch: [3][140/390] | Time 0.083 (0.084) | Loss 2.6230 | Accs(C/F/R): 99.97/53.76/55.76 | Gain +2.00%
2025-11-19 22:15:36,859 - INFO  - Epoch: [3][160/390] | Time 0.082 (0.084) | Loss 2.6221 | Accs(C/F/R): 99.97/53.50/55.61 | Gain +2.11%
2025-11-19 22:15:38,502 - INFO  - Epoch: [3][180/390] | Time 0.084 (0.084) | Loss 2.6068 | Accs(C/F/R): 99.97/53.76/55.85 | Gain +2.09%
2025-11-19 22:15:40,158 - INFO  - Epoch: [3][200/390] | Time 0.085 (0.084) | Loss 2.6052 | Accs(C/F/R): 99.98/53.85/55.99 | Gain +2.14%
2025-11-19 22:15:41,801 - INFO  - Epoch: [3][220/390] | Time 0.084 (0.084) | Loss 2.5943 | Accs(C/F/R): 99.98/53.92/56.12 | Gain +2.20%
2025-11-19 22:15:43,447 - INFO  - Epoch: [3][240/390] | Time 0.085 (0.084) | Loss 2.5711 | Accs(C/F/R): 99.98/54.30/56.44 | Gain +2.14%
2025-11-19 22:15:45,099 - INFO  - Epoch: [3][260/390] | Time 0.082 (0.084) | Loss 2.5871 | Accs(C/F/R): 99.98/54.05/56.20 | Gain +2.15%
2025-11-19 22:15:46,747 - INFO  - Epoch: [3][280/390] | Time 0.081 (0.083) | Loss 2.5934 | Accs(C/F/R): 99.98/53.98/56.12 | Gain +2.14%
2025-11-19 22:15:48,391 - INFO  - Epoch: [3][300/390] | Time 0.085 (0.083) | Loss 2.5610 | Accs(C/F/R): 99.98/54.60/56.72 | Gain +2.12%
2025-11-19 22:15:50,032 - INFO  - Epoch: [3][320/390] | Time 0.084 (0.083) | Loss 2.5482 | Accs(C/F/R): 99.98/54.86/56.93 | Gain +2.07%
2025-11-19 22:15:51,683 - INFO  - Epoch: [3][340/390] | Time 0.083 (0.083) | Loss 2.5422 | Accs(C/F/R): 99.98/54.99/56.99 | Gain +1.99%
2025-11-19 22:15:53,344 - INFO  - Epoch: [3][360/390] | Time 0.082 (0.083) | Loss 2.5552 | Accs(C/F/R): 99.98/54.78/56.74 | Gain +1.96%
2025-11-19 22:15:54,994 - INFO  - Epoch: [3][380/390] | Time 0.083 (0.083) | Loss 2.5492 | Accs(C/F/R): 99.98/54.85/56.89 | Gain +2.03%
2025-11-19 22:15:55,863 - INFO  - Epoch 3: Train Loss (scheduler metric) = 2.5460
2025-11-19 22:15:55,886 - INFO  - ([3] Epoch) Saving checkpoint to:
             Current: /root/autodl-tmp/retraining-free-quantization/training/alexnet_cifar10_sensitive_stage2/alexnet_cifar10_sensitive_stage2_restorer_checkpoint.pth.tar

2025-11-19 22:15:55,886 - INFO  - >>>>>>>> Epoch   4
2025-11-19 22:15:55,886 - INFO  - [Stage2] Using random BER sampling [1e-2, 1e-1] for each batch at epoch 4
2025-11-19 22:15:55,886 - INFO  - Entered Stage 2 Restorer Training mode for epoch 4.
2025-11-19 22:15:57,766 - INFO  - Epoch: [4][20/390] | Time 0.082 (0.094) | Loss 2.5645 | Accs(C/F/R): 100.00/54.30/56.45 | Gain +2.15%
2025-11-19 22:15:59,408 - INFO  - Epoch: [4][40/390] | Time 0.082 (0.088) | Loss 2.5598 | Accs(C/F/R): 100.00/53.96/56.09 | Gain +2.13%
2025-11-19 22:16:01,076 - INFO  - Epoch: [4][60/390] | Time 0.083 (0.086) | Loss 2.6382 | Accs(C/F/R): 100.00/52.50/54.71 | Gain +2.21%
2025-11-19 22:16:02,721 - INFO  - Epoch: [4][80/390] | Time 0.081 (0.085) | Loss 2.6675 | Accs(C/F/R): 100.00/52.03/54.24 | Gain +2.21%
2025-11-19 22:16:04,386 - INFO  - Epoch: [4][100/390] | Time 0.085 (0.085) | Loss 2.6319 | Accs(C/F/R): 100.00/52.98/55.04 | Gain +2.06%
2025-11-19 22:16:06,035 - INFO  - Epoch: [4][120/390] | Time 0.084 (0.085) | Loss 2.6555 | Accs(C/F/R): 99.99/52.47/54.70 | Gain +2.23%
2025-11-19 22:16:07,674 - INFO  - Epoch: [4][140/390] | Time 0.081 (0.084) | Loss 2.7010 | Accs(C/F/R): 99.98/51.74/54.00 | Gain +2.25%
2025-11-19 22:16:09,309 - INFO  - Epoch: [4][160/390] | Time 0.082 (0.084) | Loss 2.7318 | Accs(C/F/R): 99.98/51.13/53.43 | Gain +2.29%
2025-11-19 22:16:10,955 - INFO  - Epoch: [4][180/390] | Time 0.081 (0.084) | Loss 2.6732 | Accs(C/F/R): 99.98/52.17/54.38 | Gain +2.22%
2025-11-19 22:16:12,600 - INFO  - Epoch: [4][200/390] | Time 0.081 (0.084) | Loss 2.6393 | Accs(C/F/R): 99.98/52.66/54.81 | Gain +2.14%
2025-11-19 22:16:14,234 - INFO  - Epoch: [4][220/390] | Time 0.081 (0.083) | Loss 2.6449 | Accs(C/F/R): 99.98/52.54/54.62 | Gain +2.07%
2025-11-19 22:16:15,872 - INFO  - Epoch: [4][240/390] | Time 0.082 (0.083) | Loss 2.6502 | Accs(C/F/R): 99.98/52.52/54.66 | Gain +2.14%
2025-11-19 22:16:17,522 - INFO  - Epoch: [4][260/390] | Time 0.081 (0.083) | Loss 2.6557 | Accs(C/F/R): 99.98/52.51/54.61 | Gain +2.10%
2025-11-19 22:16:19,149 - INFO  - Epoch: [4][280/390] | Time 0.081 (0.083) | Loss 2.6383 | Accs(C/F/R): 99.98/52.65/54.81 | Gain +2.16%
2025-11-19 22:16:20,784 - INFO  - Epoch: [4][300/390] | Time 0.084 (0.083) | Loss 2.6125 | Accs(C/F/R): 99.98/53.14/55.27 | Gain +2.14%
2025-11-19 22:16:22,420 - INFO  - Epoch: [4][320/390] | Time 0.082 (0.083) | Loss 2.6367 | Accs(C/F/R): 99.99/52.83/54.92 | Gain +2.09%
2025-11-19 22:16:24,053 - INFO  - Epoch: [4][340/390] | Time 0.081 (0.083) | Loss 2.6532 | Accs(C/F/R): 99.98/52.59/54.73 | Gain +2.15%
2025-11-19 22:16:25,686 - INFO  - Epoch: [4][360/390] | Time 0.083 (0.083) | Loss 2.6527 | Accs(C/F/R): 99.98/52.63/54.70 | Gain +2.07%
2025-11-19 22:16:27,313 - INFO  - Epoch: [4][380/390] | Time 0.081 (0.083) | Loss 2.6397 | Accs(C/F/R): 99.98/52.85/54.89 | Gain +2.04%
2025-11-19 22:16:28,169 - INFO  - Epoch 4: Train Loss (scheduler metric) = 2.6191
2025-11-19 22:16:28,189 - INFO  - ([4] Epoch) Saving checkpoint to:
             Current: /root/autodl-tmp/retraining-free-quantization/training/alexnet_cifar10_sensitive_stage2/alexnet_cifar10_sensitive_stage2_restorer_checkpoint.pth.tar

2025-11-19 22:16:28,189 - INFO  - >>>>>>>> Epoch   5
2025-11-19 22:16:28,189 - INFO  - [Stage2] Using random BER sampling [1e-2, 1e-1] for each batch at epoch 5
2025-11-19 22:16:28,189 - INFO  - Entered Stage 2 Restorer Training mode for epoch 5.
2025-11-19 22:16:30,073 - INFO  - Epoch: [5][20/390] | Time 0.086 (0.094) | Loss 2.2751 | Accs(C/F/R): 100.00/60.00/61.33 | Gain +1.33%
2025-11-19 22:16:31,741 - INFO  - Epoch: [5][40/390] | Time 0.089 (0.089) | Loss 2.2940 | Accs(C/F/R): 99.98/60.96/62.54 | Gain +1.58%
2025-11-19 22:16:33,396 - INFO  - Epoch: [5][60/390] | Time 0.081 (0.087) | Loss 2.4263 | Accs(C/F/R): 99.99/58.11/59.75 | Gain +1.64%
2025-11-19 22:16:35,063 - INFO  - Epoch: [5][80/390] | Time 0.083 (0.086) | Loss 2.4282 | Accs(C/F/R): 99.99/57.66/59.59 | Gain +1.93%
2025-11-19 22:16:36,709 - INFO  - Epoch: [5][100/390] | Time 0.081 (0.085) | Loss 2.4457 | Accs(C/F/R): 99.98/57.29/59.23 | Gain +1.94%
2025-11-19 22:16:38,353 - INFO  - Epoch: [5][120/390] | Time 0.081 (0.085) | Loss 2.4990 | Accs(C/F/R): 99.98/56.18/58.03 | Gain +1.85%
2025-11-19 22:16:39,995 - INFO  - Epoch: [5][140/390] | Time 0.082 (0.084) | Loss 2.5553 | Accs(C/F/R): 99.98/55.07/56.97 | Gain +1.90%
2025-11-19 22:16:41,647 - INFO  - Epoch: [5][160/390] | Time 0.085 (0.084) | Loss 2.5622 | Accs(C/F/R): 99.99/55.04/56.94 | Gain +1.90%
2025-11-19 22:16:43,301 - INFO  - Epoch: [5][180/390] | Time 0.083 (0.084) | Loss 2.5685 | Accs(C/F/R): 99.99/55.26/57.14 | Gain +1.88%
2025-11-19 22:16:44,978 - INFO  - Epoch: [5][200/390] | Time 0.085 (0.084) | Loss 2.5604 | Accs(C/F/R): 99.98/55.22/57.14 | Gain +1.92%
2025-11-19 22:16:46,635 - INFO  - Epoch: [5][220/390] | Time 0.086 (0.084) | Loss 2.5719 | Accs(C/F/R): 99.99/55.02/57.02 | Gain +2.01%
2025-11-19 22:16:48,301 - INFO  - Epoch: [5][240/390] | Time 0.084 (0.084) | Loss 2.5950 | Accs(C/F/R): 99.98/54.51/56.51 | Gain +2.01%
2025-11-19 22:16:49,935 - INFO  - Epoch: [5][260/390] | Time 0.081 (0.084) | Loss 2.6013 | Accs(C/F/R): 99.98/54.42/56.33 | Gain +1.91%
2025-11-19 22:16:51,595 - INFO  - Epoch: [5][280/390] | Time 0.087 (0.084) | Loss 2.6234 | Accs(C/F/R): 99.98/53.88/55.85 | Gain +1.97%
2025-11-19 22:16:53,255 - INFO  - Epoch: [5][300/390] | Time 0.081 (0.084) | Loss 2.6105 | Accs(C/F/R): 99.98/53.94/55.88 | Gain +1.94%
2025-11-19 22:16:54,899 - INFO  - Epoch: [5][320/390] | Time 0.082 (0.083) | Loss 2.5996 | Accs(C/F/R): 99.99/54.25/56.24 | Gain +1.99%
2025-11-19 22:16:56,564 - INFO  - Epoch: [5][340/390] | Time 0.082 (0.083) | Loss 2.6026 | Accs(C/F/R): 99.99/54.06/56.05 | Gain +2.00%
2025-11-19 22:16:58,224 - INFO  - Epoch: [5][360/390] | Time 0.085 (0.083) | Loss 2.5943 | Accs(C/F/R): 99.99/54.15/56.14 | Gain +1.99%
2025-11-19 22:16:59,862 - INFO  - Epoch: [5][380/390] | Time 0.081 (0.083) | Loss 2.6109 | Accs(C/F/R): 99.99/53.78/55.84 | Gain +2.06%
2025-11-19 22:17:00,729 - INFO  - Epoch 5: Train Loss (scheduler metric) = 2.5994
2025-11-19 22:17:00,749 - INFO  - ([5] Epoch) Saving checkpoint to:
             Current: /root/autodl-tmp/retraining-free-quantization/training/alexnet_cifar10_sensitive_stage2/alexnet_cifar10_sensitive_stage2_restorer_checkpoint.pth.tar

2025-11-19 22:17:00,749 - INFO  - >>>>>>>> Epoch   6
2025-11-19 22:17:00,749 - INFO  - [Stage2] Using random BER sampling [1e-2, 1e-1] for each batch at epoch 6
2025-11-19 22:17:00,749 - INFO  - Entered Stage 2 Restorer Training mode for epoch 6.
2025-11-19 22:17:02,643 - INFO  - Epoch: [6][20/390] | Time 0.082 (0.095) | Loss 2.6335 | Accs(C/F/R): 100.00/53.12/54.18 | Gain +1.05%
2025-11-19 22:17:04,313 - INFO  - Epoch: [6][40/390] | Time 0.085 (0.089) | Loss 2.5101 | Accs(C/F/R): 100.00/56.35/57.68 | Gain +1.33%
2025-11-19 22:17:05,967 - INFO  - Epoch: [6][60/390] | Time 0.084 (0.087) | Loss 2.5002 | Accs(C/F/R): 100.00/56.15/57.54 | Gain +1.39%
2025-11-19 22:17:07,630 - INFO  - Epoch: [6][80/390] | Time 0.083 (0.086) | Loss 2.5216 | Accs(C/F/R): 100.00/55.46/57.09 | Gain +1.63%
2025-11-19 22:17:09,282 - INFO  - Epoch: [6][100/390] | Time 0.084 (0.085) | Loss 2.5539 | Accs(C/F/R): 100.00/54.91/56.64 | Gain +1.73%
2025-11-19 22:17:10,931 - INFO  - Epoch: [6][120/390] | Time 0.082 (0.085) | Loss 2.5573 | Accs(C/F/R): 100.00/54.74/56.46 | Gain +1.73%
2025-11-19 22:17:12,592 - INFO  - Epoch: [6][140/390] | Time 0.081 (0.085) | Loss 2.5805 | Accs(C/F/R): 99.99/54.38/56.12 | Gain +1.74%
2025-11-19 22:17:14,238 - INFO  - Epoch: [6][160/390] | Time 0.082 (0.084) | Loss 2.5630 | Accs(C/F/R): 100.00/54.70/56.51 | Gain +1.82%
2025-11-19 22:17:15,887 - INFO  - Epoch: [6][180/390] | Time 0.082 (0.084) | Loss 2.5765 | Accs(C/F/R): 100.00/54.52/56.46 | Gain +1.94%
2025-11-19 22:17:17,552 - INFO  - Epoch: [6][200/390] | Time 0.084 (0.084) | Loss 2.5502 | Accs(C/F/R): 100.00/55.10/56.95 | Gain +1.85%
2025-11-19 22:17:19,202 - INFO  - Epoch: [6][220/390] | Time 0.086 (0.084) | Loss 2.5356 | Accs(C/F/R): 100.00/55.34/57.13 | Gain +1.80%
2025-11-19 22:17:20,871 - INFO  - Epoch: [6][240/390] | Time 0.084 (0.084) | Loss 2.5492 | Accs(C/F/R): 100.00/55.07/56.90 | Gain +1.84%
2025-11-19 22:17:22,532 - INFO  - Epoch: [6][260/390] | Time 0.081 (0.084) | Loss 2.5698 | Accs(C/F/R): 100.00/54.56/56.45 | Gain +1.89%
2025-11-19 22:17:24,216 - INFO  - Epoch: [6][280/390] | Time 0.084 (0.084) | Loss 2.5490 | Accs(C/F/R): 100.00/55.11/56.99 | Gain +1.88%
2025-11-19 22:17:25,872 - INFO  - Epoch: [6][300/390] | Time 0.082 (0.084) | Loss 2.5550 | Accs(C/F/R): 100.00/55.07/56.91 | Gain +1.84%
2025-11-19 22:17:27,534 - INFO  - Epoch: [6][320/390] | Time 0.082 (0.084) | Loss 2.5522 | Accs(C/F/R): 100.00/55.11/56.94 | Gain +1.82%
2025-11-19 22:17:29,191 - INFO  - Epoch: [6][340/390] | Time 0.081 (0.084) | Loss 2.5426 | Accs(C/F/R): 100.00/55.38/57.19 | Gain +1.80%
2025-11-19 22:17:30,847 - INFO  - Epoch: [6][360/390] | Time 0.082 (0.084) | Loss 2.5509 | Accs(C/F/R): 100.00/55.19/57.02 | Gain +1.83%
2025-11-19 22:17:32,508 - INFO  - Epoch: [6][380/390] | Time 0.082 (0.084) | Loss 2.5387 | Accs(C/F/R): 100.00/55.46/57.35 | Gain +1.89%
2025-11-19 22:17:33,385 - INFO  - Epoch 6: Train Loss (scheduler metric) = 2.5423
2025-11-19 22:17:33,407 - INFO  - ([6] Epoch) Saving checkpoint to:
             Current: /root/autodl-tmp/retraining-free-quantization/training/alexnet_cifar10_sensitive_stage2/alexnet_cifar10_sensitive_stage2_restorer_checkpoint.pth.tar

2025-11-19 22:17:33,407 - INFO  - >>>>>>>> Epoch   7
2025-11-19 22:17:33,407 - INFO  - [Stage2] Using random BER sampling [1e-2, 1e-1] for each batch at epoch 7
2025-11-19 22:17:33,407 - INFO  - Entered Stage 2 Restorer Training mode for epoch 7.
2025-11-19 22:17:35,328 - INFO  - Epoch: [7][20/390] | Time 0.082 (0.096) | Loss 2.4415 | Accs(C/F/R): 100.00/56.45/58.44 | Gain +1.99%
2025-11-19 22:17:36,992 - INFO  - Epoch: [7][40/390] | Time 0.082 (0.090) | Loss 2.5141 | Accs(C/F/R): 100.00/54.75/56.78 | Gain +2.03%
2025-11-19 22:17:38,637 - INFO  - Epoch: [7][60/390] | Time 0.082 (0.087) | Loss 2.4209 | Accs(C/F/R): 100.00/56.50/58.66 | Gain +2.16%
2025-11-19 22:17:40,286 - INFO  - Epoch: [7][80/390] | Time 0.083 (0.086) | Loss 2.4844 | Accs(C/F/R): 100.00/55.40/57.71 | Gain +2.30%
2025-11-19 22:17:41,939 - INFO  - Epoch: [7][100/390] | Time 0.086 (0.085) | Loss 2.4905 | Accs(C/F/R): 100.00/55.55/57.79 | Gain +2.24%
2025-11-19 22:17:43,620 - INFO  - Epoch: [7][120/390] | Time 0.082 (0.085) | Loss 2.4701 | Accs(C/F/R): 99.99/56.04/58.25 | Gain +2.21%
2025-11-19 22:17:45,264 - INFO  - Epoch: [7][140/390] | Time 0.083 (0.085) | Loss 2.4730 | Accs(C/F/R): 99.99/55.88/58.09 | Gain +2.22%
2025-11-19 22:17:46,912 - INFO  - Epoch: [7][160/390] | Time 0.082 (0.084) | Loss 2.4765 | Accs(C/F/R): 100.00/55.88/58.10 | Gain +2.22%
2025-11-19 22:17:48,572 - INFO  - Epoch: [7][180/390] | Time 0.082 (0.084) | Loss 2.5189 | Accs(C/F/R): 100.00/55.09/57.33 | Gain +2.24%
2025-11-19 22:17:50,225 - INFO  - Epoch: [7][200/390] | Time 0.082 (0.084) | Loss 2.5387 | Accs(C/F/R): 99.99/54.88/57.07 | Gain +2.20%
2025-11-19 22:17:51,866 - INFO  - Epoch: [7][220/390] | Time 0.082 (0.084) | Loss 2.5332 | Accs(C/F/R): 99.99/54.89/57.08 | Gain +2.18%
2025-11-19 22:17:53,531 - INFO  - Epoch: [7][240/390] | Time 0.086 (0.084) | Loss 2.5158 | Accs(C/F/R): 99.99/55.15/57.24 | Gain +2.10%
2025-11-19 22:17:55,190 - INFO  - Epoch: [7][260/390] | Time 0.082 (0.084) | Loss 2.5029 | Accs(C/F/R): 99.99/55.43/57.51 | Gain +2.09%
2025-11-19 22:17:56,842 - INFO  - Epoch: [7][280/390] | Time 0.084 (0.084) | Loss 2.5258 | Accs(C/F/R): 99.99/54.85/56.93 | Gain +2.08%
2025-11-19 22:17:58,490 - INFO  - Epoch: [7][300/390] | Time 0.084 (0.084) | Loss 2.5413 | Accs(C/F/R): 99.99/54.71/56.75 | Gain +2.05%
2025-11-19 22:18:00,150 - INFO  - Epoch: [7][320/390] | Time 0.083 (0.084) | Loss 2.5184 | Accs(C/F/R): 99.99/55.11/57.17 | Gain +2.06%
2025-11-19 22:18:01,837 - INFO  - Epoch: [7][340/390] | Time 0.083 (0.084) | Loss 2.5358 | Accs(C/F/R): 99.99/54.86/56.95 | Gain +2.10%
2025-11-19 22:18:03,494 - INFO  - Epoch: [7][360/390] | Time 0.082 (0.084) | Loss 2.5316 | Accs(C/F/R): 99.99/54.90/56.99 | Gain +2.10%
2025-11-19 22:18:05,140 - INFO  - Epoch: [7][380/390] | Time 0.081 (0.084) | Loss 2.5257 | Accs(C/F/R): 99.99/54.99/57.11 | Gain +2.12%
2025-11-19 22:18:06,009 - INFO  - Epoch 7: Train Loss (scheduler metric) = 2.5175
2025-11-19 22:18:06,028 - INFO  - ([7] Epoch) Saving checkpoint to:
             Current: /root/autodl-tmp/retraining-free-quantization/training/alexnet_cifar10_sensitive_stage2/alexnet_cifar10_sensitive_stage2_restorer_checkpoint.pth.tar

2025-11-19 22:18:06,028 - INFO  - >>>>>>>> Epoch   8
2025-11-19 22:18:06,028 - INFO  - [Stage2] Using random BER sampling [1e-2, 1e-1] for each batch at epoch 8
2025-11-19 22:18:06,028 - INFO  - Entered Stage 2 Restorer Training mode for epoch 8.
2025-11-19 22:18:07,935 - INFO  - Epoch: [8][20/390] | Time 0.081 (0.095) | Loss 2.7157 | Accs(C/F/R): 100.00/52.77/55.86 | Gain +3.09%
2025-11-19 22:18:09,581 - INFO  - Epoch: [8][40/390] | Time 0.084 (0.089) | Loss 2.7614 | Accs(C/F/R): 100.00/51.95/54.22 | Gain +2.27%
2025-11-19 22:18:11,217 - INFO  - Epoch: [8][60/390] | Time 0.082 (0.086) | Loss 2.7434 | Accs(C/F/R): 99.99/51.20/53.50 | Gain +2.30%
2025-11-19 22:18:12,850 - INFO  - Epoch: [8][80/390] | Time 0.082 (0.085) | Loss 2.5981 | Accs(C/F/R): 99.99/53.48/55.71 | Gain +2.24%
2025-11-19 22:18:14,485 - INFO  - Epoch: [8][100/390] | Time 0.082 (0.085) | Loss 2.5805 | Accs(C/F/R): 99.99/53.60/55.94 | Gain +2.34%
2025-11-19 22:18:16,127 - INFO  - Epoch: [8][120/390] | Time 0.082 (0.084) | Loss 2.5278 | Accs(C/F/R): 99.99/54.67/57.03 | Gain +2.36%
2025-11-19 22:18:17,758 - INFO  - Epoch: [8][140/390] | Time 0.082 (0.084) | Loss 2.5195 | Accs(C/F/R): 99.99/55.03/57.32 | Gain +2.28%
2025-11-19 22:18:19,394 - INFO  - Epoch: [8][160/390] | Time 0.082 (0.084) | Loss 2.5304 | Accs(C/F/R): 100.00/54.88/57.13 | Gain +2.26%
2025-11-19 22:18:21,052 - INFO  - Epoch: [8][180/390] | Time 0.086 (0.083) | Loss 2.5187 | Accs(C/F/R): 100.00/55.27/57.51 | Gain +2.24%
2025-11-19 22:18:22,696 - INFO  - Epoch: [8][200/390] | Time 0.081 (0.083) | Loss 2.5580 | Accs(C/F/R): 100.00/54.97/57.18 | Gain +2.21%
2025-11-19 22:18:24,348 - INFO  - Epoch: [8][220/390] | Time 0.082 (0.083) | Loss 2.5747 | Accs(C/F/R): 100.00/54.54/56.70 | Gain +2.16%
2025-11-19 22:18:26,020 - INFO  - Epoch: [8][240/390] | Time 0.086 (0.083) | Loss 2.5665 | Accs(C/F/R): 100.00/54.53/56.76 | Gain +2.23%
2025-11-19 22:18:27,678 - INFO  - Epoch: [8][260/390] | Time 0.083 (0.083) | Loss 2.5826 | Accs(C/F/R): 100.00/54.11/56.33 | Gain +2.21%
2025-11-19 22:18:29,330 - INFO  - Epoch: [8][280/390] | Time 0.082 (0.083) | Loss 2.5897 | Accs(C/F/R): 100.00/54.00/56.18 | Gain +2.18%
2025-11-19 22:18:30,978 - INFO  - Epoch: [8][300/390] | Time 0.082 (0.083) | Loss 2.5716 | Accs(C/F/R): 100.00/54.27/56.43 | Gain +2.16%
2025-11-19 22:18:32,635 - INFO  - Epoch: [8][320/390] | Time 0.082 (0.083) | Loss 2.5643 | Accs(C/F/R): 100.00/54.35/56.50 | Gain +2.15%
2025-11-19 22:18:34,290 - INFO  - Epoch: [8][340/390] | Time 0.084 (0.083) | Loss 2.5416 | Accs(C/F/R): 100.00/54.73/56.91 | Gain +2.18%
2025-11-19 22:18:35,954 - INFO  - Epoch: [8][360/390] | Time 0.082 (0.083) | Loss 2.5460 | Accs(C/F/R): 100.00/54.62/56.88 | Gain +2.26%
2025-11-19 22:18:37,615 - INFO  - Epoch: [8][380/390] | Time 0.082 (0.083) | Loss 2.5410 | Accs(C/F/R): 100.00/54.66/56.90 | Gain +2.23%
2025-11-19 22:18:38,486 - INFO  - Epoch 8: Train Loss (scheduler metric) = 2.5402
2025-11-19 22:18:38,505 - INFO  - ([8] Epoch) Saving checkpoint to:
             Current: /root/autodl-tmp/retraining-free-quantization/training/alexnet_cifar10_sensitive_stage2/alexnet_cifar10_sensitive_stage2_restorer_checkpoint.pth.tar

2025-11-19 22:18:38,505 - INFO  - >>>>>>>> Epoch   9
2025-11-19 22:18:38,505 - INFO  - [Stage2] Using random BER sampling [1e-2, 1e-1] for each batch at epoch 9
2025-11-19 22:18:38,505 - INFO  - Entered Stage 2 Restorer Training mode for epoch 9.
2025-11-19 22:18:40,395 - INFO  - Epoch: [9][20/390] | Time 0.082 (0.094) | Loss 2.7849 | Accs(C/F/R): 100.00/51.02/53.16 | Gain +2.15%
2025-11-19 22:18:42,062 - INFO  - Epoch: [9][40/390] | Time 0.086 (0.089) | Loss 2.5083 | Accs(C/F/R): 100.00/55.27/56.64 | Gain +1.37%
2025-11-19 22:18:43,732 - INFO  - Epoch: [9][60/390] | Time 0.083 (0.087) | Loss 2.5246 | Accs(C/F/R): 99.99/54.69/56.30 | Gain +1.61%
2025-11-19 22:18:45,388 - INFO  - Epoch: [9][80/390] | Time 0.083 (0.086) | Loss 2.5085 | Accs(C/F/R): 99.99/54.83/56.37 | Gain +1.53%
2025-11-19 22:18:47,061 - INFO  - Epoch: [9][100/390] | Time 0.086 (0.086) | Loss 2.4896 | Accs(C/F/R): 99.99/55.25/57.02 | Gain +1.77%
2025-11-19 22:18:48,747 - INFO  - Epoch: [9][120/390] | Time 0.086 (0.085) | Loss 2.5020 | Accs(C/F/R): 99.99/55.38/57.16 | Gain +1.78%
2025-11-19 22:18:50,429 - INFO  - Epoch: [9][140/390] | Time 0.086 (0.085) | Loss 2.5351 | Accs(C/F/R): 99.99/54.96/56.77 | Gain +1.81%
2025-11-19 22:18:52,103 - INFO  - Epoch: [9][160/390] | Time 0.084 (0.085) | Loss 2.5561 | Accs(C/F/R): 99.99/54.82/56.60 | Gain +1.77%
2025-11-19 22:18:53,772 - INFO  - Epoch: [9][180/390] | Time 0.082 (0.085) | Loss 2.5681 | Accs(C/F/R): 99.99/54.71/56.56 | Gain +1.85%
2025-11-19 22:18:55,435 - INFO  - Epoch: [9][200/390] | Time 0.085 (0.085) | Loss 2.5747 | Accs(C/F/R): 99.99/54.52/56.43 | Gain +1.91%
2025-11-19 22:18:57,133 - INFO  - Epoch: [9][220/390] | Time 0.085 (0.085) | Loss 2.5770 | Accs(C/F/R): 99.99/54.50/56.39 | Gain +1.89%
2025-11-19 22:18:58,804 - INFO  - Epoch: [9][240/390] | Time 0.082 (0.085) | Loss 2.5627 | Accs(C/F/R): 99.99/54.83/56.75 | Gain +1.92%
2025-11-19 22:19:00,454 - INFO  - Epoch: [9][260/390] | Time 0.082 (0.084) | Loss 2.5722 | Accs(C/F/R): 99.99/54.77/56.66 | Gain +1.88%
2025-11-19 22:19:02,115 - INFO  - Epoch: [9][280/390] | Time 0.084 (0.084) | Loss 2.5923 | Accs(C/F/R): 99.99/54.42/56.36 | Gain +1.94%
2025-11-19 22:19:03,772 - INFO  - Epoch: [9][300/390] | Time 0.084 (0.084) | Loss 2.5865 | Accs(C/F/R): 99.99/54.33/56.36 | Gain +2.03%
2025-11-19 22:19:05,435 - INFO  - Epoch: [9][320/390] | Time 0.084 (0.084) | Loss 2.5640 | Accs(C/F/R): 99.99/54.76/56.81 | Gain +2.04%
2025-11-19 22:19:07,094 - INFO  - Epoch: [9][340/390] | Time 0.083 (0.084) | Loss 2.5793 | Accs(C/F/R): 99.99/54.40/56.45 | Gain +2.06%
2025-11-19 22:19:08,743 - INFO  - Epoch: [9][360/390] | Time 0.081 (0.084) | Loss 2.5881 | Accs(C/F/R): 99.99/54.27/56.25 | Gain +1.97%
2025-11-19 22:19:10,403 - INFO  - Epoch: [9][380/390] | Time 0.082 (0.084) | Loss 2.5893 | Accs(C/F/R): 99.99/54.16/56.09 | Gain +1.94%
2025-11-19 22:19:11,339 - INFO  - Epoch 9: Train Loss (scheduler metric) = 2.5792
2025-11-19 22:19:11,359 - INFO  - ([9] Epoch) Saving checkpoint to:
             Current: /root/autodl-tmp/retraining-free-quantization/training/alexnet_cifar10_sensitive_stage2/alexnet_cifar10_sensitive_stage2_restorer_checkpoint.pth.tar

2025-11-19 22:19:11,359 - INFO  - >>>>>>>> Epoch  10
2025-11-19 22:19:11,359 - INFO  - [Stage2] Using random BER sampling [1e-2, 1e-1] for each batch at epoch 10
2025-11-19 22:19:11,359 - INFO  - Entered Stage 2 Restorer Training mode for epoch 10.
2025-11-19 22:19:13,294 - INFO  - Epoch: [10][20/390] | Time 0.083 (0.097) | Loss 2.3623 | Accs(C/F/R): 100.00/58.12/59.57 | Gain +1.45%
2025-11-19 22:19:14,964 - INFO  - Epoch: [10][40/390] | Time 0.082 (0.090) | Loss 2.4634 | Accs(C/F/R): 100.00/56.60/58.11 | Gain +1.50%
2025-11-19 22:19:16,643 - INFO  - Epoch: [10][60/390] | Time 0.086 (0.088) | Loss 2.5128 | Accs(C/F/R): 100.00/55.48/57.49 | Gain +2.01%
2025-11-19 22:19:18,294 - INFO  - Epoch: [10][80/390] | Time 0.081 (0.087) | Loss 2.5246 | Accs(C/F/R): 100.00/55.13/57.01 | Gain +1.88%
2025-11-19 22:19:19,940 - INFO  - Epoch: [10][100/390] | Time 0.082 (0.086) | Loss 2.5219 | Accs(C/F/R): 100.00/55.17/57.15 | Gain +1.98%
2025-11-19 22:19:21,593 - INFO  - Epoch: [10][120/390] | Time 0.083 (0.085) | Loss 2.5232 | Accs(C/F/R): 99.99/55.13/57.21 | Gain +2.08%
2025-11-19 22:19:23,241 - INFO  - Epoch: [10][140/390] | Time 0.082 (0.085) | Loss 2.5390 | Accs(C/F/R): 99.99/54.77/56.96 | Gain +2.19%
2025-11-19 22:19:24,897 - INFO  - Epoch: [10][160/390] | Time 0.082 (0.085) | Loss 2.5405 | Accs(C/F/R): 99.99/54.99/57.11 | Gain +2.12%
2025-11-19 22:19:26,567 - INFO  - Epoch: [10][180/390] | Time 0.083 (0.084) | Loss 2.5319 | Accs(C/F/R): 99.99/55.24/57.45 | Gain +2.21%
2025-11-19 22:19:28,221 - INFO  - Epoch: [10][200/390] | Time 0.084 (0.084) | Loss 2.5341 | Accs(C/F/R): 99.99/55.21/57.41 | Gain +2.19%
2025-11-19 22:19:29,875 - INFO  - Epoch: [10][220/390] | Time 0.082 (0.084) | Loss 2.5032 | Accs(C/F/R): 99.98/55.82/58.02 | Gain +2.20%
2025-11-19 22:19:31,531 - INFO  - Epoch: [10][240/390] | Time 0.083 (0.084) | Loss 2.5215 | Accs(C/F/R): 99.98/55.40/57.56 | Gain +2.16%
2025-11-19 22:19:33,200 - INFO  - Epoch: [10][260/390] | Time 0.083 (0.084) | Loss 2.5034 | Accs(C/F/R): 99.98/55.68/57.79 | Gain +2.11%
2025-11-19 22:19:34,857 - INFO  - Epoch: [10][280/390] | Time 0.082 (0.084) | Loss 2.4958 | Accs(C/F/R): 99.99/56.00/58.10 | Gain +2.10%
2025-11-19 22:19:36,546 - INFO  - Epoch: [10][300/390] | Time 0.082 (0.084) | Loss 2.5033 | Accs(C/F/R): 99.99/55.87/57.93 | Gain +2.06%
2025-11-19 22:19:38,193 - INFO  - Epoch: [10][320/390] | Time 0.084 (0.084) | Loss 2.5069 | Accs(C/F/R): 99.99/55.82/57.83 | Gain +2.02%
2025-11-19 22:19:39,841 - INFO  - Epoch: [10][340/390] | Time 0.085 (0.084) | Loss 2.4990 | Accs(C/F/R): 99.99/55.88/57.88 | Gain +2.01%
2025-11-19 22:19:41,512 - INFO  - Epoch: [10][360/390] | Time 0.082 (0.084) | Loss 2.5108 | Accs(C/F/R): 99.99/55.62/57.68 | Gain +2.07%
2025-11-19 22:19:43,166 - INFO  - Epoch: [10][380/390] | Time 0.081 (0.084) | Loss 2.5109 | Accs(C/F/R): 99.99/55.67/57.71 | Gain +2.04%
2025-11-19 22:19:44,043 - INFO  - Epoch 10: Train Loss (scheduler metric) = 2.5107
2025-11-19 22:19:44,063 - INFO  - ([10] Epoch) Saving checkpoint to:
             Current: /root/autodl-tmp/retraining-free-quantization/training/alexnet_cifar10_sensitive_stage2/alexnet_cifar10_sensitive_stage2_restorer_checkpoint.pth.tar

2025-11-19 22:19:44,063 - INFO  - >>>>>>>> Epoch  11
2025-11-19 22:19:44,063 - INFO  - [Stage2] Using random BER sampling [1e-2, 1e-1] for each batch at epoch 11
2025-11-19 22:19:44,063 - INFO  - Entered Stage 2 Restorer Training mode for epoch 11.
2025-11-19 22:19:45,966 - INFO  - Epoch: [11][20/390] | Time 0.082 (0.095) | Loss 2.4516 | Accs(C/F/R): 100.00/54.96/57.46 | Gain +2.50%
2025-11-19 22:19:47,624 - INFO  - Epoch: [11][40/390] | Time 0.085 (0.089) | Loss 2.4574 | Accs(C/F/R): 100.00/56.00/58.26 | Gain +2.27%
2025-11-19 22:19:49,289 - INFO  - Epoch: [11][60/390] | Time 0.085 (0.087) | Loss 2.3521 | Accs(C/F/R): 100.00/57.68/59.82 | Gain +2.14%
2025-11-19 22:19:50,943 - INFO  - Epoch: [11][80/390] | Time 0.082 (0.086) | Loss 2.4207 | Accs(C/F/R): 100.00/56.66/58.69 | Gain +2.03%
2025-11-19 22:19:52,598 - INFO  - Epoch: [11][100/390] | Time 0.083 (0.085) | Loss 2.4986 | Accs(C/F/R): 100.00/55.19/57.34 | Gain +2.15%
2025-11-19 22:19:54,260 - INFO  - Epoch: [11][120/390] | Time 0.084 (0.085) | Loss 2.4764 | Accs(C/F/R): 100.00/55.88/57.75 | Gain +1.88%
2025-11-19 22:19:55,910 - INFO  - Epoch: [11][140/390] | Time 0.082 (0.085) | Loss 2.5030 | Accs(C/F/R): 100.00/55.56/57.38 | Gain +1.82%
2025-11-19 22:19:57,571 - INFO  - Epoch: [11][160/390] | Time 0.083 (0.084) | Loss 2.5189 | Accs(C/F/R): 100.00/55.23/57.21 | Gain +1.98%
2025-11-19 22:19:59,205 - INFO  - Epoch: [11][180/390] | Time 0.081 (0.084) | Loss 2.5323 | Accs(C/F/R): 100.00/55.08/57.13 | Gain +2.05%
2025-11-19 22:20:00,837 - INFO  - Epoch: [11][200/390] | Time 0.082 (0.084) | Loss 2.5764 | Accs(C/F/R): 100.00/54.37/56.38 | Gain +2.01%
2025-11-19 22:20:02,472 - INFO  - Epoch: [11][220/390] | Time 0.082 (0.084) | Loss 2.5528 | Accs(C/F/R): 100.00/54.91/56.91 | Gain +1.99%
2025-11-19 22:20:04,104 - INFO  - Epoch: [11][240/390] | Time 0.081 (0.083) | Loss 2.5484 | Accs(C/F/R): 100.00/54.77/56.77 | Gain +2.01%
2025-11-19 22:20:05,761 - INFO  - Epoch: [11][260/390] | Time 0.082 (0.083) | Loss 2.5516 | Accs(C/F/R): 100.00/54.72/56.69 | Gain +1.97%
2025-11-19 22:20:07,392 - INFO  - Epoch: [11][280/390] | Time 0.081 (0.083) | Loss 2.5676 | Accs(C/F/R): 100.00/54.28/56.24 | Gain +1.96%
2025-11-19 22:20:09,029 - INFO  - Epoch: [11][300/390] | Time 0.082 (0.083) | Loss 2.5752 | Accs(C/F/R): 100.00/54.04/56.07 | Gain +2.03%
2025-11-19 22:20:10,666 - INFO  - Epoch: [11][320/390] | Time 0.082 (0.083) | Loss 2.6050 | Accs(C/F/R): 100.00/53.64/55.66 | Gain +2.03%
2025-11-19 22:20:12,325 - INFO  - Epoch: [11][340/390] | Time 0.082 (0.083) | Loss 2.5967 | Accs(C/F/R): 100.00/53.92/55.90 | Gain +1.98%
2025-11-19 22:20:13,974 - INFO  - Epoch: [11][360/390] | Time 0.082 (0.083) | Loss 2.6064 | Accs(C/F/R): 100.00/53.68/55.71 | Gain +2.03%
2025-11-19 22:20:15,634 - INFO  - Epoch: [11][380/390] | Time 0.082 (0.083) | Loss 2.6201 | Accs(C/F/R): 100.00/53.35/55.39 | Gain +2.04%
2025-11-19 22:20:16,501 - INFO  - Epoch 11: Train Loss (scheduler metric) = 2.6286
2025-11-19 22:20:16,521 - INFO  - ([11] Epoch) Saving checkpoint to:
             Current: /root/autodl-tmp/retraining-free-quantization/training/alexnet_cifar10_sensitive_stage2/alexnet_cifar10_sensitive_stage2_restorer_checkpoint.pth.tar

2025-11-19 22:20:16,521 - INFO  - >>>>>>>> Epoch  12
2025-11-19 22:20:16,521 - INFO  - [Stage2] Using random BER sampling [1e-2, 1e-1] for each batch at epoch 12
2025-11-19 22:20:16,521 - INFO  - Entered Stage 2 Restorer Training mode for epoch 12.
2025-11-19 22:20:18,409 - INFO  - Epoch: [12][20/390] | Time 0.082 (0.094) | Loss 2.4313 | Accs(C/F/R): 100.00/57.23/60.27 | Gain +3.05%
2025-11-19 22:20:20,060 - INFO  - Epoch: [12][40/390] | Time 0.083 (0.088) | Loss 2.5249 | Accs(C/F/R): 99.98/55.49/57.85 | Gain +2.36%
2025-11-19 22:20:21,715 - INFO  - Epoch: [12][60/390] | Time 0.085 (0.087) | Loss 2.5917 | Accs(C/F/R): 99.99/53.98/56.16 | Gain +2.17%
2025-11-19 22:20:23,361 - INFO  - Epoch: [12][80/390] | Time 0.082 (0.085) | Loss 2.5766 | Accs(C/F/R): 99.97/54.26/56.63 | Gain +2.37%
2025-11-19 22:20:25,039 - INFO  - Epoch: [12][100/390] | Time 0.083 (0.085) | Loss 2.5456 | Accs(C/F/R): 99.98/54.63/56.95 | Gain +2.32%
2025-11-19 22:20:26,686 - INFO  - Epoch: [12][120/390] | Time 0.083 (0.085) | Loss 2.5348 | Accs(C/F/R): 99.98/54.92/57.20 | Gain +2.28%
2025-11-19 22:20:28,332 - INFO  - Epoch: [12][140/390] | Time 0.082 (0.084) | Loss 2.5754 | Accs(C/F/R): 99.98/54.35/56.59 | Gain +2.24%
2025-11-19 22:20:29,995 - INFO  - Epoch: [12][160/390] | Time 0.085 (0.084) | Loss 2.6075 | Accs(C/F/R): 99.98/53.92/55.97 | Gain +2.05%
2025-11-19 22:20:31,652 - INFO  - Epoch: [12][180/390] | Time 0.083 (0.084) | Loss 2.6133 | Accs(C/F/R): 99.97/53.85/55.89 | Gain +2.04%
2025-11-19 22:20:33,305 - INFO  - Epoch: [12][200/390] | Time 0.082 (0.084) | Loss 2.5797 | Accs(C/F/R): 99.98/54.48/56.55 | Gain +2.07%
2025-11-19 22:20:34,960 - INFO  - Epoch: [12][220/390] | Time 0.082 (0.084) | Loss 2.5420 | Accs(C/F/R): 99.98/55.18/57.21 | Gain +2.02%
2025-11-19 22:20:36,621 - INFO  - Epoch: [12][240/390] | Time 0.084 (0.084) | Loss 2.5349 | Accs(C/F/R): 99.98/55.35/57.41 | Gain +2.07%
2025-11-19 22:20:38,274 - INFO  - Epoch: [12][260/390] | Time 0.082 (0.084) | Loss 2.5370 | Accs(C/F/R): 99.98/55.25/57.36 | Gain +2.11%
2025-11-19 22:20:39,914 - INFO  - Epoch: [12][280/390] | Time 0.082 (0.084) | Loss 2.5561 | Accs(C/F/R): 99.98/54.84/56.98 | Gain +2.14%
2025-11-19 22:20:41,580 - INFO  - Epoch: [12][300/390] | Time 0.082 (0.084) | Loss 2.5830 | Accs(C/F/R): 99.98/54.39/56.59 | Gain +2.20%
2025-11-19 22:20:43,247 - INFO  - Epoch: [12][320/390] | Time 0.085 (0.084) | Loss 2.5840 | Accs(C/F/R): 99.99/54.41/56.62 | Gain +2.21%
2025-11-19 22:20:44,902 - INFO  - Epoch: [12][340/390] | Time 0.081 (0.083) | Loss 2.6072 | Accs(C/F/R): 99.99/54.03/56.28 | Gain +2.25%
2025-11-19 22:20:46,567 - INFO  - Epoch: [12][360/390] | Time 0.082 (0.083) | Loss 2.6107 | Accs(C/F/R): 99.99/53.92/56.17 | Gain +2.25%
2025-11-19 22:20:48,229 - INFO  - Epoch: [12][380/390] | Time 0.082 (0.083) | Loss 2.6123 | Accs(C/F/R): 99.99/53.87/56.07 | Gain +2.20%
2025-11-19 22:20:49,089 - INFO  - Epoch 12: Train Loss (scheduler metric) = 2.6065
2025-11-19 22:20:49,111 - INFO  - ([12] Epoch) Saving checkpoint to:
             Current: /root/autodl-tmp/retraining-free-quantization/training/alexnet_cifar10_sensitive_stage2/alexnet_cifar10_sensitive_stage2_restorer_checkpoint.pth.tar

2025-11-19 22:20:49,112 - INFO  - >>>>>>>> Epoch  13
2025-11-19 22:20:49,112 - INFO  - [Stage2] Using random BER sampling [1e-2, 1e-1] for each batch at epoch 13
2025-11-19 22:20:49,112 - INFO  - Entered Stage 2 Restorer Training mode for epoch 13.
2025-11-19 22:20:50,993 - INFO  - Epoch: [13][20/390] | Time 0.082 (0.094) | Loss 2.5010 | Accs(C/F/R): 100.00/55.20/57.66 | Gain +2.46%
2025-11-19 22:20:52,630 - INFO  - Epoch: [13][40/390] | Time 0.081 (0.088) | Loss 2.6252 | Accs(C/F/R): 99.98/52.36/54.86 | Gain +2.50%
2025-11-19 22:20:54,271 - INFO  - Epoch: [13][60/390] | Time 0.081 (0.086) | Loss 2.5835 | Accs(C/F/R): 99.97/53.20/55.23 | Gain +2.03%
2025-11-19 22:20:55,945 - INFO  - Epoch: [13][80/390] | Time 0.087 (0.085) | Loss 2.6258 | Accs(C/F/R): 99.98/52.44/54.62 | Gain +2.18%
2025-11-19 22:20:57,615 - INFO  - Epoch: [13][100/390] | Time 0.082 (0.085) | Loss 2.6585 | Accs(C/F/R): 99.98/52.55/54.72 | Gain +2.16%
2025-11-19 22:20:59,264 - INFO  - Epoch: [13][120/390] | Time 0.086 (0.085) | Loss 2.6314 | Accs(C/F/R): 99.99/53.07/55.23 | Gain +2.16%
2025-11-19 22:21:00,900 - INFO  - Epoch: [13][140/390] | Time 0.081 (0.084) | Loss 2.6319 | Accs(C/F/R): 99.99/52.73/55.05 | Gain +2.32%
2025-11-19 22:21:02,542 - INFO  - Epoch: [13][160/390] | Time 0.085 (0.084) | Loss 2.5857 | Accs(C/F/R): 99.99/53.97/56.31 | Gain +2.34%
2025-11-19 22:21:04,195 - INFO  - Epoch: [13][180/390] | Time 0.086 (0.084) | Loss 2.6024 | Accs(C/F/R): 99.99/53.57/55.86 | Gain +2.30%
2025-11-19 22:21:05,839 - INFO  - Epoch: [13][200/390] | Time 0.081 (0.084) | Loss 2.6382 | Accs(C/F/R): 99.98/52.77/55.17 | Gain +2.40%
2025-11-19 22:21:07,483 - INFO  - Epoch: [13][220/390] | Time 0.081 (0.083) | Loss 2.6502 | Accs(C/F/R): 99.98/52.71/55.02 | Gain +2.31%
2025-11-19 22:21:09,115 - INFO  - Epoch: [13][240/390] | Time 0.081 (0.083) | Loss 2.6617 | Accs(C/F/R): 99.98/52.50/54.82 | Gain +2.32%
2025-11-19 22:21:10,756 - INFO  - Epoch: [13][260/390] | Time 0.081 (0.083) | Loss 2.6399 | Accs(C/F/R): 99.98/52.93/55.22 | Gain +2.29%
2025-11-19 22:21:12,395 - INFO  - Epoch: [13][280/390] | Time 0.081 (0.083) | Loss 2.6330 | Accs(C/F/R): 99.98/53.08/55.31 | Gain +2.23%
2025-11-19 22:21:14,034 - INFO  - Epoch: [13][300/390] | Time 0.081 (0.083) | Loss 2.6079 | Accs(C/F/R): 99.98/53.51/55.73 | Gain +2.22%
2025-11-19 22:21:15,681 - INFO  - Epoch: [13][320/390] | Time 0.083 (0.083) | Loss 2.6058 | Accs(C/F/R): 99.99/53.59/55.82 | Gain +2.23%
2025-11-19 22:21:17,342 - INFO  - Epoch: [13][340/390] | Time 0.083 (0.083) | Loss 2.5949 | Accs(C/F/R): 99.99/53.75/56.03 | Gain +2.28%
2025-11-19 22:21:18,974 - INFO  - Epoch: [13][360/390] | Time 0.081 (0.083) | Loss 2.5903 | Accs(C/F/R): 99.99/53.85/56.14 | Gain +2.29%
2025-11-19 22:21:20,632 - INFO  - Epoch: [13][380/390] | Time 0.084 (0.083) | Loss 2.5765 | Accs(C/F/R): 99.99/54.13/56.43 | Gain +2.30%
2025-11-19 22:21:21,504 - INFO  - Epoch 13: Train Loss (scheduler metric) = 2.5680
2025-11-19 22:21:21,523 - INFO  - ([13] Epoch) Saving checkpoint to:
             Current: /root/autodl-tmp/retraining-free-quantization/training/alexnet_cifar10_sensitive_stage2/alexnet_cifar10_sensitive_stage2_restorer_checkpoint.pth.tar

2025-11-19 22:21:21,523 - INFO  - >>>>>>>> Epoch  14
2025-11-19 22:21:21,523 - INFO  - [Stage2] Using random BER sampling [1e-2, 1e-1] for each batch at epoch 14
2025-11-19 22:21:21,523 - INFO  - Entered Stage 2 Restorer Training mode for epoch 14.
2025-11-19 22:21:23,369 - INFO  - Epoch: [14][20/390] | Time 0.086 (0.092) | Loss 2.2646 | Accs(C/F/R): 100.00/58.71/60.04 | Gain +1.33%
2025-11-19 22:21:25,011 - INFO  - Epoch: [14][40/390] | Time 0.082 (0.087) | Loss 2.3264 | Accs(C/F/R): 99.98/57.77/59.39 | Gain +1.62%
2025-11-19 22:21:26,659 - INFO  - Epoch: [14][60/390] | Time 0.086 (0.086) | Loss 2.3698 | Accs(C/F/R): 99.99/57.73/59.44 | Gain +1.71%
2025-11-19 22:21:28,308 - INFO  - Epoch: [14][80/390] | Time 0.081 (0.085) | Loss 2.3652 | Accs(C/F/R): 99.99/57.82/59.52 | Gain +1.70%
2025-11-19 22:21:29,952 - INFO  - Epoch: [14][100/390] | Time 0.085 (0.084) | Loss 2.4102 | Accs(C/F/R): 99.99/56.69/58.55 | Gain +1.87%
2025-11-19 22:21:31,591 - INFO  - Epoch: [14][120/390] | Time 0.081 (0.084) | Loss 2.4187 | Accs(C/F/R): 99.99/56.98/58.87 | Gain +1.89%
2025-11-19 22:21:33,246 - INFO  - Epoch: [14][140/390] | Time 0.081 (0.084) | Loss 2.4313 | Accs(C/F/R): 99.99/56.83/58.76 | Gain +1.93%
2025-11-19 22:21:34,902 - INFO  - Epoch: [14][160/390] | Time 0.084 (0.084) | Loss 2.4389 | Accs(C/F/R): 99.99/57.04/58.94 | Gain +1.90%
2025-11-19 22:21:36,542 - INFO  - Epoch: [14][180/390] | Time 0.081 (0.083) | Loss 2.4408 | Accs(C/F/R): 99.99/57.09/58.95 | Gain +1.85%
2025-11-19 22:21:38,182 - INFO  - Epoch: [14][200/390] | Time 0.081 (0.083) | Loss 2.4536 | Accs(C/F/R): 99.99/56.89/58.87 | Gain +1.97%
2025-11-19 22:21:39,842 - INFO  - Epoch: [14][220/390] | Time 0.081 (0.083) | Loss 2.4723 | Accs(C/F/R): 99.99/56.61/58.58 | Gain +1.98%
2025-11-19 22:21:41,490 - INFO  - Epoch: [14][240/390] | Time 0.086 (0.083) | Loss 2.4774 | Accs(C/F/R): 99.99/56.48/58.43 | Gain +1.95%
2025-11-19 22:21:43,127 - INFO  - Epoch: [14][260/390] | Time 0.082 (0.083) | Loss 2.4730 | Accs(C/F/R): 99.99/56.63/58.58 | Gain +1.95%
2025-11-19 22:21:44,770 - INFO  - Epoch: [14][280/390] | Time 0.081 (0.083) | Loss 2.4627 | Accs(C/F/R): 99.99/56.67/58.65 | Gain +1.98%
2025-11-19 22:21:46,415 - INFO  - Epoch: [14][300/390] | Time 0.081 (0.083) | Loss 2.4640 | Accs(C/F/R): 99.99/56.59/58.62 | Gain +2.04%
2025-11-19 22:21:48,051 - INFO  - Epoch: [14][320/390] | Time 0.081 (0.083) | Loss 2.4696 | Accs(C/F/R): 99.99/56.41/58.45 | Gain +2.04%
2025-11-19 22:21:49,683 - INFO  - Epoch: [14][340/390] | Time 0.081 (0.083) | Loss 2.4673 | Accs(C/F/R): 99.99/56.39/58.42 | Gain +2.03%
2025-11-19 22:21:51,312 - INFO  - Epoch: [14][360/390] | Time 0.081 (0.083) | Loss 2.4904 | Accs(C/F/R): 99.99/56.05/58.08 | Gain +2.02%
2025-11-19 22:21:52,943 - INFO  - Epoch: [14][380/390] | Time 0.084 (0.083) | Loss 2.4984 | Accs(C/F/R): 99.99/55.96/57.96 | Gain +2.00%
2025-11-19 22:21:53,806 - INFO  - Epoch 14: Train Loss (scheduler metric) = 2.5077
2025-11-19 22:21:53,825 - INFO  - ([14] Epoch) Saving checkpoint to:
             Current: /root/autodl-tmp/retraining-free-quantization/training/alexnet_cifar10_sensitive_stage2/alexnet_cifar10_sensitive_stage2_restorer_checkpoint.pth.tar

2025-11-19 22:21:53,826 - INFO  - >>>>>>>> Epoch  15
2025-11-19 22:21:53,826 - INFO  - [Stage2] Using random BER sampling [1e-2, 1e-1] for each batch at epoch 15
2025-11-19 22:21:53,826 - INFO  - Entered Stage 2 Restorer Training mode for epoch 15.
2025-11-19 22:21:55,680 - INFO  - Epoch: [15][20/390] | Time 0.082 (0.093) | Loss 2.6313 | Accs(C/F/R): 100.00/52.70/54.41 | Gain +1.72%
2025-11-19 22:21:57,307 - INFO  - Epoch: [15][40/390] | Time 0.081 (0.087) | Loss 2.6331 | Accs(C/F/R): 99.98/53.20/55.02 | Gain +1.82%
2025-11-19 22:21:58,943 - INFO  - Epoch: [15][60/390] | Time 0.081 (0.085) | Loss 2.6621 | Accs(C/F/R): 99.99/52.96/54.87 | Gain +1.91%
2025-11-19 22:22:00,593 - INFO  - Epoch: [15][80/390] | Time 0.082 (0.085) | Loss 2.7322 | Accs(C/F/R): 99.99/51.84/54.09 | Gain +2.26%
2025-11-19 22:22:02,239 - INFO  - Epoch: [15][100/390] | Time 0.082 (0.084) | Loss 2.7360 | Accs(C/F/R): 99.99/51.65/53.73 | Gain +2.09%
2025-11-19 22:22:03,887 - INFO  - Epoch: [15][120/390] | Time 0.082 (0.084) | Loss 2.7571 | Accs(C/F/R): 99.99/51.43/53.42 | Gain +2.00%
2025-11-19 22:22:05,544 - INFO  - Epoch: [15][140/390] | Time 0.082 (0.084) | Loss 2.7283 | Accs(C/F/R): 99.99/52.12/54.12 | Gain +2.00%
2025-11-19 22:22:07,196 - INFO  - Epoch: [15][160/390] | Time 0.084 (0.084) | Loss 2.6756 | Accs(C/F/R): 100.00/53.15/55.13 | Gain +1.97%
2025-11-19 22:22:08,844 - INFO  - Epoch: [15][180/390] | Time 0.082 (0.083) | Loss 2.6816 | Accs(C/F/R): 100.00/53.00/55.16 | Gain +2.16%
2025-11-19 22:22:10,482 - INFO  - Epoch: [15][200/390] | Time 0.081 (0.083) | Loss 2.7037 | Accs(C/F/R): 100.00/52.34/54.45 | Gain +2.11%
2025-11-19 22:22:12,127 - INFO  - Epoch: [15][220/390] | Time 0.082 (0.083) | Loss 2.7080 | Accs(C/F/R): 100.00/52.20/54.34 | Gain +2.14%
2025-11-19 22:22:13,762 - INFO  - Epoch: [15][240/390] | Time 0.081 (0.083) | Loss 2.6743 | Accs(C/F/R): 99.99/52.81/54.84 | Gain +2.03%
2025-11-19 22:22:15,405 - INFO  - Epoch: [15][260/390] | Time 0.082 (0.083) | Loss 2.6890 | Accs(C/F/R): 99.99/52.73/54.77 | Gain +2.03%
2025-11-19 22:22:17,048 - INFO  - Epoch: [15][280/390] | Time 0.084 (0.083) | Loss 2.6974 | Accs(C/F/R): 99.99/52.31/54.43 | Gain +2.12%
2025-11-19 22:22:18,724 - INFO  - Epoch: [15][300/390] | Time 0.083 (0.083) | Loss 2.6450 | Accs(C/F/R): 99.99/53.30/55.38 | Gain +2.07%
2025-11-19 22:22:20,373 - INFO  - Epoch: [15][320/390] | Time 0.082 (0.083) | Loss 2.6330 | Accs(C/F/R): 100.00/53.48/55.54 | Gain +2.06%
2025-11-19 22:22:22,017 - INFO  - Epoch: [15][340/390] | Time 0.082 (0.083) | Loss 2.6307 | Accs(C/F/R): 100.00/53.50/55.49 | Gain +1.99%
2025-11-19 22:22:23,679 - INFO  - Epoch: [15][360/390] | Time 0.086 (0.083) | Loss 2.6326 | Accs(C/F/R): 100.00/53.47/55.42 | Gain +1.96%
2025-11-19 22:22:25,325 - INFO  - Epoch: [15][380/390] | Time 0.081 (0.083) | Loss 2.6412 | Accs(C/F/R): 100.00/53.22/55.20 | Gain +1.98%
2025-11-19 22:22:26,198 - INFO  - Epoch 15: Train Loss (scheduler metric) = 2.6454
2025-11-19 22:22:26,217 - INFO  - ([15] Epoch) Saving checkpoint to:
             Current: /root/autodl-tmp/retraining-free-quantization/training/alexnet_cifar10_sensitive_stage2/alexnet_cifar10_sensitive_stage2_restorer_checkpoint.pth.tar

2025-11-19 22:22:26,217 - INFO  - >>>>>>>> Epoch  16
2025-11-19 22:22:26,217 - INFO  - [Stage2] Using random BER sampling [1e-2, 1e-1] for each batch at epoch 16
2025-11-19 22:22:26,217 - INFO  - Entered Stage 2 Restorer Training mode for epoch 16.
2025-11-19 22:22:28,089 - INFO  - Epoch: [16][20/390] | Time 0.086 (0.094) | Loss 2.4406 | Accs(C/F/R): 100.00/57.11/58.55 | Gain +1.45%
2025-11-19 22:22:29,732 - INFO  - Epoch: [16][40/390] | Time 0.086 (0.088) | Loss 2.4725 | Accs(C/F/R): 100.00/56.41/57.89 | Gain +1.48%
2025-11-19 22:22:31,385 - INFO  - Epoch: [16][60/390] | Time 0.084 (0.086) | Loss 2.4179 | Accs(C/F/R): 100.00/57.71/59.41 | Gain +1.71%
2025-11-19 22:22:33,026 - INFO  - Epoch: [16][80/390] | Time 0.083 (0.085) | Loss 2.4899 | Accs(C/F/R): 100.00/56.12/58.01 | Gain +1.88%
2025-11-19 22:22:34,700 - INFO  - Epoch: [16][100/390] | Time 0.082 (0.085) | Loss 2.4311 | Accs(C/F/R): 100.00/56.84/58.85 | Gain +2.01%
2025-11-19 22:22:36,358 - INFO  - Epoch: [16][120/390] | Time 0.082 (0.084) | Loss 2.4468 | Accs(C/F/R): 99.99/56.62/58.54 | Gain +1.91%
2025-11-19 22:22:38,015 - INFO  - Epoch: [16][140/390] | Time 0.081 (0.084) | Loss 2.4103 | Accs(C/F/R): 99.99/57.24/59.08 | Gain +1.85%
2025-11-19 22:22:39,665 - INFO  - Epoch: [16][160/390] | Time 0.083 (0.084) | Loss 2.4299 | Accs(C/F/R): 100.00/57.04/58.99 | Gain +1.95%
2025-11-19 22:22:41,309 - INFO  - Epoch: [16][180/390] | Time 0.081 (0.084) | Loss 2.4135 | Accs(C/F/R): 100.00/57.34/59.21 | Gain +1.88%
2025-11-19 22:22:42,950 - INFO  - Epoch: [16][200/390] | Time 0.081 (0.084) | Loss 2.4167 | Accs(C/F/R): 100.00/57.24/59.00 | Gain +1.77%
2025-11-19 22:22:44,595 - INFO  - Epoch: [16][220/390] | Time 0.084 (0.084) | Loss 2.4046 | Accs(C/F/R): 100.00/57.50/59.26 | Gain +1.76%
2025-11-19 22:22:46,238 - INFO  - Epoch: [16][240/390] | Time 0.081 (0.083) | Loss 2.4066 | Accs(C/F/R): 100.00/57.54/59.39 | Gain +1.85%
2025-11-19 22:22:47,891 - INFO  - Epoch: [16][260/390] | Time 0.081 (0.083) | Loss 2.4354 | Accs(C/F/R): 100.00/57.06/58.91 | Gain +1.85%
2025-11-19 22:22:49,529 - INFO  - Epoch: [16][280/390] | Time 0.084 (0.083) | Loss 2.4363 | Accs(C/F/R): 100.00/57.12/58.92 | Gain +1.80%
2025-11-19 22:22:51,172 - INFO  - Epoch: [16][300/390] | Time 0.083 (0.083) | Loss 2.4386 | Accs(C/F/R): 99.99/57.12/58.94 | Gain +1.83%
2025-11-19 22:22:52,828 - INFO  - Epoch: [16][320/390] | Time 0.082 (0.083) | Loss 2.4492 | Accs(C/F/R): 100.00/56.97/58.79 | Gain +1.82%
2025-11-19 22:22:54,492 - INFO  - Epoch: [16][340/390] | Time 0.082 (0.083) | Loss 2.4608 | Accs(C/F/R): 100.00/56.74/58.59 | Gain +1.85%
2025-11-19 22:22:56,134 - INFO  - Epoch: [16][360/390] | Time 0.083 (0.083) | Loss 2.4705 | Accs(C/F/R): 100.00/56.62/58.50 | Gain +1.88%
2025-11-19 22:22:57,805 - INFO  - Epoch: [16][380/390] | Time 0.081 (0.083) | Loss 2.4619 | Accs(C/F/R): 99.99/56.69/58.58 | Gain +1.89%
2025-11-19 22:22:58,666 - INFO  - Epoch 16: Train Loss (scheduler metric) = 2.4712
2025-11-19 22:22:58,686 - INFO  - ([16] Epoch) Saving checkpoint to:
             Current: /root/autodl-tmp/retraining-free-quantization/training/alexnet_cifar10_sensitive_stage2/alexnet_cifar10_sensitive_stage2_restorer_checkpoint.pth.tar

2025-11-19 22:22:58,686 - INFO  - >>>>>>>> Epoch  17
2025-11-19 22:22:58,686 - INFO  - [Stage2] Using random BER sampling [1e-2, 1e-1] for each batch at epoch 17
2025-11-19 22:22:58,686 - INFO  - Entered Stage 2 Restorer Training mode for epoch 17.
2025-11-19 22:23:00,560 - INFO  - Epoch: [17][20/390] | Time 0.082 (0.094) | Loss 2.5464 | Accs(C/F/R): 99.96/54.14/56.72 | Gain +2.58%
2025-11-19 22:23:02,205 - INFO  - Epoch: [17][40/390] | Time 0.081 (0.088) | Loss 2.5159 | Accs(C/F/R): 99.98/54.75/57.05 | Gain +2.30%
2025-11-19 22:23:03,856 - INFO  - Epoch: [17][60/390] | Time 0.086 (0.086) | Loss 2.3438 | Accs(C/F/R): 99.97/58.29/60.55 | Gain +2.25%
2025-11-19 22:23:05,495 - INFO  - Epoch: [17][80/390] | Time 0.082 (0.085) | Loss 2.3580 | Accs(C/F/R): 99.97/58.26/60.46 | Gain +2.20%
2025-11-19 22:23:07,141 - INFO  - Epoch: [17][100/390] | Time 0.081 (0.085) | Loss 2.4309 | Accs(C/F/R): 99.98/56.84/59.07 | Gain +2.23%
2025-11-19 22:23:08,775 - INFO  - Epoch: [17][120/390] | Time 0.082 (0.084) | Loss 2.4403 | Accs(C/F/R): 99.98/56.56/58.88 | Gain +2.32%
2025-11-19 22:23:10,425 - INFO  - Epoch: [17][140/390] | Time 0.089 (0.084) | Loss 2.4371 | Accs(C/F/R): 99.98/56.55/59.00 | Gain +2.45%
2025-11-19 22:23:12,061 - INFO  - Epoch: [17][160/390] | Time 0.081 (0.084) | Loss 2.4450 | Accs(C/F/R): 99.99/56.18/58.70 | Gain +2.52%
2025-11-19 22:23:13,718 - INFO  - Epoch: [17][180/390] | Time 0.081 (0.084) | Loss 2.4361 | Accs(C/F/R): 99.99/56.46/58.89 | Gain +2.43%
2025-11-19 22:23:15,359 - INFO  - Epoch: [17][200/390] | Time 0.081 (0.083) | Loss 2.4501 | Accs(C/F/R): 99.99/56.44/58.75 | Gain +2.32%
2025-11-19 22:23:16,996 - INFO  - Epoch: [17][220/390] | Time 0.082 (0.083) | Loss 2.4742 | Accs(C/F/R): 99.99/56.01/58.38 | Gain +2.37%
2025-11-19 22:23:18,643 - INFO  - Epoch: [17][240/390] | Time 0.082 (0.083) | Loss 2.5196 | Accs(C/F/R): 99.99/55.27/57.64 | Gain +2.36%
2025-11-19 22:23:20,306 - INFO  - Epoch: [17][260/390] | Time 0.084 (0.083) | Loss 2.5013 | Accs(C/F/R): 99.99/55.65/57.94 | Gain +2.29%
2025-11-19 22:23:21,958 - INFO  - Epoch: [17][280/390] | Time 0.082 (0.083) | Loss 2.5039 | Accs(C/F/R): 99.99/55.64/57.92 | Gain +2.28%
2025-11-19 22:23:23,600 - INFO  - Epoch: [17][300/390] | Time 0.081 (0.083) | Loss 2.5115 | Accs(C/F/R): 99.99/55.39/57.71 | Gain +2.31%
2025-11-19 22:23:25,238 - INFO  - Epoch: [17][320/390] | Time 0.082 (0.083) | Loss 2.5223 | Accs(C/F/R): 99.99/55.26/57.51 | Gain +2.25%
2025-11-19 22:23:26,876 - INFO  - Epoch: [17][340/390] | Time 0.082 (0.083) | Loss 2.5078 | Accs(C/F/R): 99.99/55.58/57.82 | Gain +2.24%
2025-11-19 22:23:28,517 - INFO  - Epoch: [17][360/390] | Time 0.082 (0.083) | Loss 2.4995 | Accs(C/F/R): 99.99/55.71/57.92 | Gain +2.21%
2025-11-19 22:23:30,168 - INFO  - Epoch: [17][380/390] | Time 0.083 (0.083) | Loss 2.4945 | Accs(C/F/R): 99.99/55.87/58.08 | Gain +2.21%
2025-11-19 22:23:31,032 - INFO  - Epoch 17: Train Loss (scheduler metric) = 2.5034
2025-11-19 22:23:31,052 - INFO  - ([17] Epoch) Saving checkpoint to:
             Current: /root/autodl-tmp/retraining-free-quantization/training/alexnet_cifar10_sensitive_stage2/alexnet_cifar10_sensitive_stage2_restorer_checkpoint.pth.tar

2025-11-19 22:23:31,053 - INFO  - >>>>>>>> Epoch  18
2025-11-19 22:23:31,053 - INFO  - [Stage2] Using random BER sampling [1e-2, 1e-1] for each batch at epoch 18
2025-11-19 22:23:31,053 - INFO  - Entered Stage 2 Restorer Training mode for epoch 18.
2025-11-19 22:23:32,894 - INFO  - Epoch: [18][20/390] | Time 0.082 (0.092) | Loss 2.8510 | Accs(C/F/R): 100.00/49.88/52.15 | Gain +2.27%
2025-11-19 22:23:34,538 - INFO  - Epoch: [18][40/390] | Time 0.082 (0.087) | Loss 2.9475 | Accs(C/F/R): 100.00/47.56/49.45 | Gain +1.89%
2025-11-19 22:23:36,183 - INFO  - Epoch: [18][60/390] | Time 0.084 (0.085) | Loss 2.7776 | Accs(C/F/R): 100.00/51.03/53.01 | Gain +1.98%
2025-11-19 22:23:37,839 - INFO  - Epoch: [18][80/390] | Time 0.081 (0.085) | Loss 2.7339 | Accs(C/F/R): 99.99/51.80/53.76 | Gain +1.96%
2025-11-19 22:23:39,490 - INFO  - Epoch: [18][100/390] | Time 0.081 (0.084) | Loss 2.7037 | Accs(C/F/R): 99.99/52.73/54.59 | Gain +1.86%
2025-11-19 22:23:41,140 - INFO  - Epoch: [18][120/390] | Time 0.081 (0.084) | Loss 2.6939 | Accs(C/F/R): 99.99/53.02/54.79 | Gain +1.77%
2025-11-19 22:23:42,783 - INFO  - Epoch: [18][140/390] | Time 0.081 (0.084) | Loss 2.6634 | Accs(C/F/R): 99.99/53.42/55.07 | Gain +1.66%
2025-11-19 22:23:44,420 - INFO  - Epoch: [18][160/390] | Time 0.081 (0.084) | Loss 2.6455 | Accs(C/F/R): 100.00/53.51/55.12 | Gain +1.61%
2025-11-19 22:23:46,069 - INFO  - Epoch: [18][180/390] | Time 0.081 (0.083) | Loss 2.6497 | Accs(C/F/R): 100.00/53.31/55.12 | Gain +1.81%
2025-11-19 22:23:47,707 - INFO  - Epoch: [18][200/390] | Time 0.082 (0.083) | Loss 2.6619 | Accs(C/F/R): 99.99/53.17/55.07 | Gain +1.90%
2025-11-19 22:23:49,350 - INFO  - Epoch: [18][220/390] | Time 0.081 (0.083) | Loss 2.6419 | Accs(C/F/R): 99.99/53.40/55.32 | Gain +1.92%
2025-11-19 22:23:51,004 - INFO  - Epoch: [18][240/390] | Time 0.083 (0.083) | Loss 2.6713 | Accs(C/F/R): 99.99/52.84/54.70 | Gain +1.87%
2025-11-19 22:23:52,671 - INFO  - Epoch: [18][260/390] | Time 0.082 (0.083) | Loss 2.6567 | Accs(C/F/R): 99.99/53.17/55.00 | Gain +1.83%
2025-11-19 22:23:54,319 - INFO  - Epoch: [18][280/390] | Time 0.082 (0.083) | Loss 2.6506 | Accs(C/F/R): 99.99/53.39/55.27 | Gain +1.89%
2025-11-19 22:23:55,976 - INFO  - Epoch: [18][300/390] | Time 0.081 (0.083) | Loss 2.6488 | Accs(C/F/R): 99.99/53.49/55.35 | Gain +1.85%
2025-11-19 22:23:57,627 - INFO  - Epoch: [18][320/390] | Time 0.082 (0.083) | Loss 2.6170 | Accs(C/F/R): 99.99/53.89/55.76 | Gain +1.88%
2025-11-19 22:23:59,265 - INFO  - Epoch: [18][340/390] | Time 0.082 (0.083) | Loss 2.5998 | Accs(C/F/R): 99.99/54.18/56.11 | Gain +1.93%
2025-11-19 22:24:00,909 - INFO  - Epoch: [18][360/390] | Time 0.082 (0.083) | Loss 2.6005 | Accs(C/F/R): 99.99/54.14/56.05 | Gain +1.92%
2025-11-19 22:24:02,557 - INFO  - Epoch: [18][380/390] | Time 0.083 (0.083) | Loss 2.5926 | Accs(C/F/R): 99.99/54.29/56.24 | Gain +1.94%
2025-11-19 22:24:03,421 - INFO  - Epoch 18: Train Loss (scheduler metric) = 2.5778
2025-11-19 22:24:03,441 - INFO  - ([18] Epoch) Saving checkpoint to:
             Current: /root/autodl-tmp/retraining-free-quantization/training/alexnet_cifar10_sensitive_stage2/alexnet_cifar10_sensitive_stage2_restorer_checkpoint.pth.tar

2025-11-19 22:24:03,442 - INFO  - >>>>>>>> Epoch  19
2025-11-19 22:24:03,442 - INFO  - [Stage2] Using random BER sampling [1e-2, 1e-1] for each batch at epoch 19
2025-11-19 22:24:03,442 - INFO  - Entered Stage 2 Restorer Training mode for epoch 19.
2025-11-19 22:24:05,324 - INFO  - Epoch: [19][20/390] | Time 0.082 (0.094) | Loss 2.4729 | Accs(C/F/R): 99.96/55.55/57.15 | Gain +1.60%
2025-11-19 22:24:06,980 - INFO  - Epoch: [19][40/390] | Time 0.082 (0.088) | Loss 2.4720 | Accs(C/F/R): 99.98/55.16/56.84 | Gain +1.68%
2025-11-19 22:24:08,636 - INFO  - Epoch: [19][60/390] | Time 0.084 (0.087) | Loss 2.4545 | Accs(C/F/R): 99.99/55.78/57.96 | Gain +2.17%
2025-11-19 22:24:10,315 - INFO  - Epoch: [19][80/390] | Time 0.083 (0.086) | Loss 2.4539 | Accs(C/F/R): 99.99/56.07/58.18 | Gain +2.11%
2025-11-19 22:24:11,960 - INFO  - Epoch: [19][100/390] | Time 0.081 (0.085) | Loss 2.4673 | Accs(C/F/R): 99.99/55.81/57.87 | Gain +2.05%
2025-11-19 22:24:13,608 - INFO  - Epoch: [19][120/390] | Time 0.085 (0.085) | Loss 2.4335 | Accs(C/F/R): 99.99/56.39/58.55 | Gain +2.15%
2025-11-19 22:24:15,252 - INFO  - Epoch: [19][140/390] | Time 0.082 (0.084) | Loss 2.4584 | Accs(C/F/R): 99.99/56.09/58.19 | Gain +2.10%
2025-11-19 22:24:16,902 - INFO  - Epoch: [19][160/390] | Time 0.081 (0.084) | Loss 2.4733 | Accs(C/F/R): 99.99/55.72/57.86 | Gain +2.14%
2025-11-19 22:24:18,553 - INFO  - Epoch: [19][180/390] | Time 0.081 (0.084) | Loss 2.5012 | Accs(C/F/R): 99.99/55.27/57.47 | Gain +2.20%
2025-11-19 22:24:20,208 - INFO  - Epoch: [19][200/390] | Time 0.083 (0.084) | Loss 2.4611 | Accs(C/F/R): 99.99/56.26/58.40 | Gain +2.14%
2025-11-19 22:24:21,857 - INFO  - Epoch: [19][220/390] | Time 0.086 (0.084) | Loss 2.4703 | Accs(C/F/R): 99.98/56.07/58.25 | Gain +2.18%
2025-11-19 22:24:23,507 - INFO  - Epoch: [19][240/390] | Time 0.083 (0.084) | Loss 2.4654 | Accs(C/F/R): 99.98/56.06/58.28 | Gain +2.22%
2025-11-19 22:24:25,142 - INFO  - Epoch: [19][260/390] | Time 0.081 (0.083) | Loss 2.5010 | Accs(C/F/R): 99.98/55.56/57.79 | Gain +2.23%
2025-11-19 22:24:26,789 - INFO  - Epoch: [19][280/390] | Time 0.082 (0.083) | Loss 2.4932 | Accs(C/F/R): 99.98/55.92/58.05 | Gain +2.13%
2025-11-19 22:24:28,452 - INFO  - Epoch: [19][300/390] | Time 0.083 (0.083) | Loss 2.5008 | Accs(C/F/R): 99.98/55.74/57.86 | Gain +2.12%
2025-11-19 22:24:30,088 - INFO  - Epoch: [19][320/390] | Time 0.082 (0.083) | Loss 2.4917 | Accs(C/F/R): 99.99/55.98/58.11 | Gain +2.12%
2025-11-19 22:24:31,748 - INFO  - Epoch: [19][340/390] | Time 0.082 (0.083) | Loss 2.4929 | Accs(C/F/R): 99.99/55.99/58.09 | Gain +2.10%
2025-11-19 22:24:33,419 - INFO  - Epoch: [19][360/390] | Time 0.081 (0.083) | Loss 2.4964 | Accs(C/F/R): 99.99/56.03/58.09 | Gain +2.06%
2025-11-19 22:24:35,091 - INFO  - Epoch: [19][380/390] | Time 0.082 (0.083) | Loss 2.5008 | Accs(C/F/R): 99.99/55.88/57.93 | Gain +2.05%
2025-11-19 22:24:35,975 - INFO  - Epoch 19: Train Loss (scheduler metric) = 2.5059
2025-11-19 22:24:35,996 - INFO  - ([19] Epoch) Saving checkpoint to:
             Current: /root/autodl-tmp/retraining-free-quantization/training/alexnet_cifar10_sensitive_stage2/alexnet_cifar10_sensitive_stage2_restorer_checkpoint.pth.tar

2025-11-19 22:24:35,996 - INFO  - >>>>>>>> Epoch  20
2025-11-19 22:24:35,996 - INFO  - [Stage2] Using random BER sampling [1e-2, 1e-1] for each batch at epoch 20
2025-11-19 22:24:35,996 - INFO  - Entered Stage 2 Restorer Training mode for epoch 20.
2025-11-19 22:24:37,841 - INFO  - Epoch: [20][20/390] | Time 0.081 (0.092) | Loss 2.5401 | Accs(C/F/R): 100.00/53.83/55.82 | Gain +1.99%
2025-11-19 22:24:39,485 - INFO  - Epoch: [20][40/390] | Time 0.084 (0.087) | Loss 2.4674 | Accs(C/F/R): 100.00/55.96/57.54 | Gain +1.58%
2025-11-19 22:24:41,138 - INFO  - Epoch: [20][60/390] | Time 0.083 (0.086) | Loss 2.4018 | Accs(C/F/R): 99.99/57.02/58.48 | Gain +1.46%
2025-11-19 22:24:42,782 - INFO  - Epoch: [20][80/390] | Time 0.081 (0.085) | Loss 2.4203 | Accs(C/F/R): 99.99/56.71/58.18 | Gain +1.47%
2025-11-19 22:24:44,439 - INFO  - Epoch: [20][100/390] | Time 0.081 (0.084) | Loss 2.4331 | Accs(C/F/R): 99.99/56.66/58.25 | Gain +1.59%
2025-11-19 22:24:46,085 - INFO  - Epoch: [20][120/390] | Time 0.082 (0.084) | Loss 2.4661 | Accs(C/F/R): 99.99/56.12/57.95 | Gain +1.83%
2025-11-19 22:24:47,734 - INFO  - Epoch: [20][140/390] | Time 0.081 (0.084) | Loss 2.4659 | Accs(C/F/R): 99.99/56.16/58.07 | Gain +1.91%
2025-11-19 22:24:49,379 - INFO  - Epoch: [20][160/390] | Time 0.085 (0.084) | Loss 2.4893 | Accs(C/F/R): 100.00/55.90/57.85 | Gain +1.95%
2025-11-19 22:24:51,035 - INFO  - Epoch: [20][180/390] | Time 0.085 (0.084) | Loss 2.4967 | Accs(C/F/R): 99.99/56.02/57.88 | Gain +1.86%
2025-11-19 22:24:52,673 - INFO  - Epoch: [20][200/390] | Time 0.081 (0.083) | Loss 2.4596 | Accs(C/F/R): 99.99/56.67/58.38 | Gain +1.71%
2025-11-19 22:24:54,330 - INFO  - Epoch: [20][220/390] | Time 0.082 (0.083) | Loss 2.4765 | Accs(C/F/R): 99.99/56.29/58.06 | Gain +1.77%
2025-11-19 22:24:55,988 - INFO  - Epoch: [20][240/390] | Time 0.083 (0.083) | Loss 2.4704 | Accs(C/F/R): 99.99/56.43/58.30 | Gain +1.88%
2025-11-19 22:24:57,629 - INFO  - Epoch: [20][260/390] | Time 0.081 (0.083) | Loss 2.4526 | Accs(C/F/R): 99.98/56.77/58.65 | Gain +1.88%
2025-11-19 22:24:59,264 - INFO  - Epoch: [20][280/390] | Time 0.081 (0.083) | Loss 2.4674 | Accs(C/F/R): 99.99/56.48/58.38 | Gain +1.89%
2025-11-19 22:25:00,906 - INFO  - Epoch: [20][300/390] | Time 0.081 (0.083) | Loss 2.4672 | Accs(C/F/R): 99.99/56.45/58.34 | Gain +1.89%
2025-11-19 22:25:02,556 - INFO  - Epoch: [20][320/390] | Time 0.082 (0.083) | Loss 2.4897 | Accs(C/F/R): 99.99/56.08/57.95 | Gain +1.87%
2025-11-19 22:25:04,227 - INFO  - Epoch: [20][340/390] | Time 0.081 (0.083) | Loss 2.5228 | Accs(C/F/R): 99.99/55.47/57.36 | Gain +1.89%
2025-11-19 22:25:05,868 - INFO  - Epoch: [20][360/390] | Time 0.082 (0.083) | Loss 2.5040 | Accs(C/F/R): 99.99/55.83/57.76 | Gain +1.92%
2025-11-19 22:25:07,517 - INFO  - Epoch: [20][380/390] | Time 0.082 (0.083) | Loss 2.5027 | Accs(C/F/R): 99.99/55.82/57.74 | Gain +1.93%
2025-11-19 22:25:08,379 - INFO  - Epoch 20: Train Loss (scheduler metric) = 2.5026
2025-11-19 22:25:08,399 - INFO  - ([20] Epoch) Saving checkpoint to:
             Current: /root/autodl-tmp/retraining-free-quantization/training/alexnet_cifar10_sensitive_stage2/alexnet_cifar10_sensitive_stage2_restorer_checkpoint.pth.tar

2025-11-19 22:25:08,399 - INFO  - >>>>>>>> Epoch  21
2025-11-19 22:25:08,399 - INFO  - [Stage2] Using random BER sampling [1e-2, 1e-1] for each batch at epoch 21
2025-11-19 22:25:08,399 - INFO  - Entered Stage 2 Restorer Training mode for epoch 21.
2025-11-19 22:25:10,266 - INFO  - Epoch: [21][20/390] | Time 0.082 (0.093) | Loss 2.5609 | Accs(C/F/R): 100.00/55.59/58.01 | Gain +2.42%
2025-11-19 22:25:11,909 - INFO  - Epoch: [21][40/390] | Time 0.082 (0.088) | Loss 2.4152 | Accs(C/F/R): 100.00/58.48/60.43 | Gain +1.95%
2025-11-19 22:25:13,569 - INFO  - Epoch: [21][60/390] | Time 0.082 (0.086) | Loss 2.5272 | Accs(C/F/R): 100.00/56.45/58.44 | Gain +1.99%
2025-11-19 22:25:15,220 - INFO  - Epoch: [21][80/390] | Time 0.082 (0.085) | Loss 2.5599 | Accs(C/F/R): 100.00/55.86/57.75 | Gain +1.89%
2025-11-19 22:25:16,871 - INFO  - Epoch: [21][100/390] | Time 0.082 (0.085) | Loss 2.6441 | Accs(C/F/R): 99.99/53.88/55.87 | Gain +1.98%
2025-11-19 22:25:18,515 - INFO  - Epoch: [21][120/390] | Time 0.081 (0.084) | Loss 2.6399 | Accs(C/F/R): 99.99/53.65/55.73 | Gain +2.08%
2025-11-19 22:25:20,167 - INFO  - Epoch: [21][140/390] | Time 0.085 (0.084) | Loss 2.6616 | Accs(C/F/R): 99.99/53.05/55.27 | Gain +2.22%
2025-11-19 22:25:21,817 - INFO  - Epoch: [21][160/390] | Time 0.082 (0.084) | Loss 2.7060 | Accs(C/F/R): 100.00/52.14/54.27 | Gain +2.13%
2025-11-19 22:25:23,453 - INFO  - Epoch: [21][180/390] | Time 0.081 (0.084) | Loss 2.6600 | Accs(C/F/R): 100.00/52.86/55.09 | Gain +2.24%
2025-11-19 22:25:25,089 - INFO  - Epoch: [21][200/390] | Time 0.082 (0.083) | Loss 2.6324 | Accs(C/F/R): 100.00/53.32/55.50 | Gain +2.18%
2025-11-19 22:25:26,732 - INFO  - Epoch: [21][220/390] | Time 0.081 (0.083) | Loss 2.6436 | Accs(C/F/R): 100.00/53.14/55.27 | Gain +2.13%
2025-11-19 22:25:28,394 - INFO  - Epoch: [21][240/390] | Time 0.082 (0.083) | Loss 2.6491 | Accs(C/F/R): 100.00/53.02/55.15 | Gain +2.13%
2025-11-19 22:25:30,030 - INFO  - Epoch: [21][260/390] | Time 0.082 (0.083) | Loss 2.6573 | Accs(C/F/R): 100.00/52.96/55.19 | Gain +2.23%
2025-11-19 22:25:31,693 - INFO  - Epoch: [21][280/390] | Time 0.082 (0.083) | Loss 2.6524 | Accs(C/F/R): 100.00/52.97/55.24 | Gain +2.27%
2025-11-19 22:25:33,333 - INFO  - Epoch: [21][300/390] | Time 0.084 (0.083) | Loss 2.6396 | Accs(C/F/R): 100.00/53.17/55.49 | Gain +2.33%
2025-11-19 22:25:34,974 - INFO  - Epoch: [21][320/390] | Time 0.082 (0.083) | Loss 2.6138 | Accs(C/F/R): 100.00/53.73/56.01 | Gain +2.27%
2025-11-19 22:25:36,623 - INFO  - Epoch: [21][340/390] | Time 0.081 (0.083) | Loss 2.6218 | Accs(C/F/R): 100.00/53.55/55.81 | Gain +2.26%
2025-11-19 22:25:38,270 - INFO  - Epoch: [21][360/390] | Time 0.081 (0.083) | Loss 2.6068 | Accs(C/F/R): 99.99/53.85/56.06 | Gain +2.21%
2025-11-19 22:25:39,893 - INFO  - Epoch: [21][380/390] | Time 0.081 (0.083) | Loss 2.6085 | Accs(C/F/R): 99.99/53.79/56.00 | Gain +2.21%
2025-11-19 22:25:40,750 - INFO  - Epoch 21: Train Loss (scheduler metric) = 2.5970
2025-11-19 22:25:40,770 - INFO  - ([21] Epoch) Saving checkpoint to:
             Current: /root/autodl-tmp/retraining-free-quantization/training/alexnet_cifar10_sensitive_stage2/alexnet_cifar10_sensitive_stage2_restorer_checkpoint.pth.tar

2025-11-19 22:25:40,770 - INFO  - >>>>>>>> Epoch  22
2025-11-19 22:25:40,770 - INFO  - [Stage2] Using random BER sampling [1e-2, 1e-1] for each batch at epoch 22
2025-11-19 22:25:40,770 - INFO  - Entered Stage 2 Restorer Training mode for epoch 22.
2025-11-19 22:25:42,661 - INFO  - Epoch: [22][20/390] | Time 0.082 (0.094) | Loss 2.6536 | Accs(C/F/R): 100.00/54.06/55.59 | Gain +1.52%
2025-11-19 22:25:44,310 - INFO  - Epoch: [22][40/390] | Time 0.082 (0.088) | Loss 2.5151 | Accs(C/F/R): 100.00/56.64/57.95 | Gain +1.31%
2025-11-19 22:25:45,975 - INFO  - Epoch: [22][60/390] | Time 0.090 (0.087) | Loss 2.5347 | Accs(C/F/R): 99.99/56.22/57.45 | Gain +1.22%
2025-11-19 22:25:47,629 - INFO  - Epoch: [22][80/390] | Time 0.082 (0.086) | Loss 2.5890 | Accs(C/F/R): 99.99/54.72/56.17 | Gain +1.46%
2025-11-19 22:25:49,267 - INFO  - Epoch: [22][100/390] | Time 0.081 (0.085) | Loss 2.5239 | Accs(C/F/R): 99.99/55.59/57.04 | Gain +1.45%
2025-11-19 22:25:50,912 - INFO  - Epoch: [22][120/390] | Time 0.082 (0.085) | Loss 2.5629 | Accs(C/F/R): 99.99/54.65/56.24 | Gain +1.58%
2025-11-19 22:25:52,554 - INFO  - Epoch: [22][140/390] | Time 0.081 (0.084) | Loss 2.5322 | Accs(C/F/R): 99.98/55.23/56.84 | Gain +1.60%
2025-11-19 22:25:54,192 - INFO  - Epoch: [22][160/390] | Time 0.082 (0.084) | Loss 2.5922 | Accs(C/F/R): 99.97/53.81/55.67 | Gain +1.86%
2025-11-19 22:25:55,840 - INFO  - Epoch: [22][180/390] | Time 0.081 (0.084) | Loss 2.5928 | Accs(C/F/R): 99.97/53.85/55.64 | Gain +1.80%
2025-11-19 22:25:57,502 - INFO  - Epoch: [22][200/390] | Time 0.085 (0.084) | Loss 2.5605 | Accs(C/F/R): 99.97/54.57/56.33 | Gain +1.75%
2025-11-19 22:25:59,135 - INFO  - Epoch: [22][220/390] | Time 0.081 (0.083) | Loss 2.5663 | Accs(C/F/R): 99.98/54.37/56.13 | Gain +1.76%
2025-11-19 22:26:00,778 - INFO  - Epoch: [22][240/390] | Time 0.082 (0.083) | Loss 2.5750 | Accs(C/F/R): 99.98/54.30/56.06 | Gain +1.76%
2025-11-19 22:26:02,444 - INFO  - Epoch: [22][260/390] | Time 0.086 (0.083) | Loss 2.5488 | Accs(C/F/R): 99.98/54.73/56.61 | Gain +1.89%
2025-11-19 22:26:04,101 - INFO  - Epoch: [22][280/390] | Time 0.081 (0.083) | Loss 2.5343 | Accs(C/F/R): 99.98/55.06/56.95 | Gain +1.89%
2025-11-19 22:26:05,739 - INFO  - Epoch: [22][300/390] | Time 0.083 (0.083) | Loss 2.5361 | Accs(C/F/R): 99.98/55.04/56.90 | Gain +1.86%
2025-11-19 22:26:07,397 - INFO  - Epoch: [22][320/390] | Time 0.084 (0.083) | Loss 2.5239 | Accs(C/F/R): 99.98/55.31/57.11 | Gain +1.81%
2025-11-19 22:26:09,070 - INFO  - Epoch: [22][340/390] | Time 0.081 (0.083) | Loss 2.5026 | Accs(C/F/R): 99.98/55.62/57.47 | Gain +1.85%
2025-11-19 22:26:10,717 - INFO  - Epoch: [22][360/390] | Time 0.082 (0.083) | Loss 2.5073 | Accs(C/F/R): 99.98/55.49/57.40 | Gain +1.91%
2025-11-19 22:26:12,369 - INFO  - Epoch: [22][380/390] | Time 0.082 (0.083) | Loss 2.5128 | Accs(C/F/R): 99.98/55.38/57.33 | Gain +1.94%
2025-11-19 22:26:13,240 - INFO  - Epoch 22: Train Loss (scheduler metric) = 2.5130
2025-11-19 22:26:13,259 - INFO  - ([22] Epoch) Saving checkpoint to:
             Current: /root/autodl-tmp/retraining-free-quantization/training/alexnet_cifar10_sensitive_stage2/alexnet_cifar10_sensitive_stage2_restorer_checkpoint.pth.tar

2025-11-19 22:26:13,260 - INFO  - >>>>>>>> Epoch  23
2025-11-19 22:26:13,260 - INFO  - [Stage2] Using random BER sampling [1e-2, 1e-1] for each batch at epoch 23
2025-11-19 22:26:13,260 - INFO  - Entered Stage 2 Restorer Training mode for epoch 23.
2025-11-19 22:26:15,133 - INFO  - Epoch: [23][20/390] | Time 0.081 (0.094) | Loss 2.0316 | Accs(C/F/R): 100.00/65.78/68.24 | Gain +2.46%
2025-11-19 22:26:16,783 - INFO  - Epoch: [23][40/390] | Time 0.082 (0.088) | Loss 2.2853 | Accs(C/F/R): 100.00/61.02/62.79 | Gain +1.78%
2025-11-19 22:26:18,421 - INFO  - Epoch: [23][60/390] | Time 0.081 (0.086) | Loss 2.4087 | Accs(C/F/R): 100.00/58.37/60.14 | Gain +1.77%
2025-11-19 22:26:20,056 - INFO  - Epoch: [23][80/390] | Time 0.083 (0.085) | Loss 2.3903 | Accs(C/F/R): 100.00/58.52/60.13 | Gain +1.61%
2025-11-19 22:26:21,700 - INFO  - Epoch: [23][100/390] | Time 0.083 (0.084) | Loss 2.3826 | Accs(C/F/R): 100.00/58.93/60.51 | Gain +1.58%
2025-11-19 22:26:23,346 - INFO  - Epoch: [23][120/390] | Time 0.083 (0.084) | Loss 2.4724 | Accs(C/F/R): 100.00/56.97/58.65 | Gain +1.68%
2025-11-19 22:26:24,987 - INFO  - Epoch: [23][140/390] | Time 0.082 (0.084) | Loss 2.5110 | Accs(C/F/R): 100.00/56.40/58.16 | Gain +1.77%
2025-11-19 22:26:26,633 - INFO  - Epoch: [23][160/390] | Time 0.082 (0.084) | Loss 2.5004 | Accs(C/F/R): 100.00/56.47/58.12 | Gain +1.65%
2025-11-19 22:26:28,277 - INFO  - Epoch: [23][180/390] | Time 0.081 (0.083) | Loss 2.4762 | Accs(C/F/R): 100.00/56.80/58.37 | Gain +1.57%
2025-11-19 22:26:29,928 - INFO  - Epoch: [23][200/390] | Time 0.083 (0.083) | Loss 2.4840 | Accs(C/F/R): 100.00/56.60/58.09 | Gain +1.49%
2025-11-19 22:26:31,593 - INFO  - Epoch: [23][220/390] | Time 0.083 (0.083) | Loss 2.4829 | Accs(C/F/R): 100.00/56.75/58.26 | Gain +1.51%
2025-11-19 22:26:33,278 - INFO  - Epoch: [23][240/390] | Time 0.084 (0.083) | Loss 2.4678 | Accs(C/F/R): 100.00/57.05/58.65 | Gain +1.60%
2025-11-19 22:26:34,937 - INFO  - Epoch: [23][260/390] | Time 0.082 (0.083) | Loss 2.4545 | Accs(C/F/R): 99.99/57.17/58.87 | Gain +1.70%
2025-11-19 22:26:36,595 - INFO  - Epoch: [23][280/390] | Time 0.083 (0.083) | Loss 2.4527 | Accs(C/F/R): 99.99/57.01/58.78 | Gain +1.77%
2025-11-19 22:26:38,249 - INFO  - Epoch: [23][300/390] | Time 0.081 (0.083) | Loss 2.4452 | Accs(C/F/R): 99.99/57.10/58.88 | Gain +1.78%
2025-11-19 22:26:39,900 - INFO  - Epoch: [23][320/390] | Time 0.084 (0.083) | Loss 2.4419 | Accs(C/F/R): 100.00/57.12/58.95 | Gain +1.83%
2025-11-19 22:26:41,554 - INFO  - Epoch: [23][340/390] | Time 0.082 (0.083) | Loss 2.4618 | Accs(C/F/R): 100.00/56.77/58.60 | Gain +1.83%
2025-11-19 22:26:43,215 - INFO  - Epoch: [23][360/390] | Time 0.082 (0.083) | Loss 2.4787 | Accs(C/F/R): 99.99/56.48/58.36 | Gain +1.88%
2025-11-19 22:26:44,865 - INFO  - Epoch: [23][380/390] | Time 0.083 (0.083) | Loss 2.4772 | Accs(C/F/R): 99.99/56.46/58.38 | Gain +1.92%
2025-11-19 22:26:45,758 - INFO  - Epoch 23: Train Loss (scheduler metric) = 2.4786
2025-11-19 22:26:45,777 - INFO  - ([23] Epoch) Saving checkpoint to:
             Current: /root/autodl-tmp/retraining-free-quantization/training/alexnet_cifar10_sensitive_stage2/alexnet_cifar10_sensitive_stage2_restorer_checkpoint.pth.tar

2025-11-19 22:26:45,778 - INFO  - >>>>>>>> Epoch  24
2025-11-19 22:26:45,778 - INFO  - [Stage2] Using random BER sampling [1e-2, 1e-1] for each batch at epoch 24
2025-11-19 22:26:45,778 - INFO  - Entered Stage 2 Restorer Training mode for epoch 24.
2025-11-19 22:26:47,697 - INFO  - Epoch: [24][20/390] | Time 0.083 (0.096) | Loss 2.4715 | Accs(C/F/R): 100.00/56.41/58.20 | Gain +1.80%
2025-11-19 22:26:49,349 - INFO  - Epoch: [24][40/390] | Time 0.085 (0.089) | Loss 2.6311 | Accs(C/F/R): 100.00/53.50/55.62 | Gain +2.13%
2025-11-19 22:26:51,001 - INFO  - Epoch: [24][60/390] | Time 0.082 (0.087) | Loss 2.6435 | Accs(C/F/R): 100.00/53.62/55.70 | Gain +2.08%
2025-11-19 22:26:52,659 - INFO  - Epoch: [24][80/390] | Time 0.081 (0.086) | Loss 2.5762 | Accs(C/F/R): 100.00/54.55/56.62 | Gain +2.07%
2025-11-19 22:26:54,312 - INFO  - Epoch: [24][100/390] | Time 0.084 (0.085) | Loss 2.5581 | Accs(C/F/R): 100.00/55.04/57.08 | Gain +2.04%
2025-11-19 22:26:55,974 - INFO  - Epoch: [24][120/390] | Time 0.083 (0.085) | Loss 2.5089 | Accs(C/F/R): 100.00/55.67/57.73 | Gain +2.06%
2025-11-19 22:26:57,622 - INFO  - Epoch: [24][140/390] | Time 0.081 (0.085) | Loss 2.5028 | Accs(C/F/R): 100.00/55.51/57.52 | Gain +2.01%
2025-11-19 22:26:59,269 - INFO  - Epoch: [24][160/390] | Time 0.081 (0.084) | Loss 2.5086 | Accs(C/F/R): 100.00/55.27/57.39 | Gain +2.12%
2025-11-19 22:27:00,912 - INFO  - Epoch: [24][180/390] | Time 0.081 (0.084) | Loss 2.5246 | Accs(C/F/R): 100.00/54.75/56.80 | Gain +2.04%
2025-11-19 22:27:02,576 - INFO  - Epoch: [24][200/390] | Time 0.082 (0.084) | Loss 2.5433 | Accs(C/F/R): 100.00/54.41/56.49 | Gain +2.08%
2025-11-19 22:27:04,230 - INFO  - Epoch: [24][220/390] | Time 0.086 (0.084) | Loss 2.5405 | Accs(C/F/R): 100.00/54.32/56.42 | Gain +2.11%
2025-11-19 22:27:05,885 - INFO  - Epoch: [24][240/390] | Time 0.082 (0.084) | Loss 2.5262 | Accs(C/F/R): 100.00/54.82/56.87 | Gain +2.05%
2025-11-19 22:27:07,549 - INFO  - Epoch: [24][260/390] | Time 0.090 (0.084) | Loss 2.5379 | Accs(C/F/R): 100.00/54.61/56.63 | Gain +2.02%
2025-11-19 22:27:09,188 - INFO  - Epoch: [24][280/390] | Time 0.081 (0.084) | Loss 2.5276 | Accs(C/F/R): 100.00/54.92/56.94 | Gain +2.03%
2025-11-19 22:27:10,837 - INFO  - Epoch: [24][300/390] | Time 0.081 (0.084) | Loss 2.5386 | Accs(C/F/R): 100.00/54.73/56.76 | Gain +2.03%
2025-11-19 22:27:12,482 - INFO  - Epoch: [24][320/390] | Time 0.082 (0.083) | Loss 2.5568 | Accs(C/F/R): 100.00/54.34/56.47 | Gain +2.13%
2025-11-19 22:27:14,115 - INFO  - Epoch: [24][340/390] | Time 0.085 (0.083) | Loss 2.5571 | Accs(C/F/R): 100.00/54.38/56.45 | Gain +2.07%
2025-11-19 22:27:15,750 - INFO  - Epoch: [24][360/390] | Time 0.082 (0.083) | Loss 2.5576 | Accs(C/F/R): 100.00/54.43/56.46 | Gain +2.03%
2025-11-19 22:27:17,399 - INFO  - Epoch: [24][380/390] | Time 0.083 (0.083) | Loss 2.5646 | Accs(C/F/R): 100.00/54.26/56.29 | Gain +2.03%
2025-11-19 22:27:18,269 - INFO  - Epoch 24: Train Loss (scheduler metric) = 2.5609
2025-11-19 22:27:18,292 - INFO  - ([24] Epoch) Saving checkpoint to:
             Current: /root/autodl-tmp/retraining-free-quantization/training/alexnet_cifar10_sensitive_stage2/alexnet_cifar10_sensitive_stage2_restorer_checkpoint.pth.tar

2025-11-19 22:27:18,292 - INFO  - >>>>>>>> Epoch  25
2025-11-19 22:27:18,292 - INFO  - [Stage2] Using random BER sampling [1e-2, 1e-1] for each batch at epoch 25
2025-11-19 22:27:18,292 - INFO  - Entered Stage 2 Restorer Training mode for epoch 25.
2025-11-19 22:27:20,228 - INFO  - Epoch: [25][20/390] | Time 0.083 (0.097) | Loss 2.7205 | Accs(C/F/R): 100.00/50.74/51.84 | Gain +1.09%
2025-11-19 22:27:21,888 - INFO  - Epoch: [25][40/390] | Time 0.083 (0.090) | Loss 2.5978 | Accs(C/F/R): 100.00/53.79/55.18 | Gain +1.39%
2025-11-19 22:27:23,535 - INFO  - Epoch: [25][60/390] | Time 0.082 (0.087) | Loss 2.4877 | Accs(C/F/R): 100.00/56.16/57.70 | Gain +1.54%
2025-11-19 22:27:25,187 - INFO  - Epoch: [25][80/390] | Time 0.083 (0.086) | Loss 2.5150 | Accs(C/F/R): 100.00/55.48/57.33 | Gain +1.86%
2025-11-19 22:27:26,832 - INFO  - Epoch: [25][100/390] | Time 0.082 (0.085) | Loss 2.5390 | Accs(C/F/R): 100.00/54.98/57.07 | Gain +2.09%
2025-11-19 22:27:28,474 - INFO  - Epoch: [25][120/390] | Time 0.082 (0.085) | Loss 2.5881 | Accs(C/F/R): 100.00/54.05/55.99 | Gain +1.94%
2025-11-19 22:27:30,105 - INFO  - Epoch: [25][140/390] | Time 0.082 (0.084) | Loss 2.5315 | Accs(C/F/R): 99.99/55.01/56.98 | Gain +1.98%
2025-11-19 22:27:31,766 - INFO  - Epoch: [25][160/390] | Time 0.084 (0.084) | Loss 2.5338 | Accs(C/F/R): 100.00/54.87/56.92 | Gain +2.06%
2025-11-19 22:27:33,431 - INFO  - Epoch: [25][180/390] | Time 0.083 (0.084) | Loss 2.5447 | Accs(C/F/R): 100.00/54.61/56.81 | Gain +2.20%
2025-11-19 22:27:35,087 - INFO  - Epoch: [25][200/390] | Time 0.084 (0.084) | Loss 2.5435 | Accs(C/F/R): 100.00/54.59/56.75 | Gain +2.16%
2025-11-19 22:27:36,749 - INFO  - Epoch: [25][220/390] | Time 0.082 (0.084) | Loss 2.5537 | Accs(C/F/R): 99.99/54.56/56.65 | Gain +2.10%
2025-11-19 22:27:38,398 - INFO  - Epoch: [25][240/390] | Time 0.083 (0.084) | Loss 2.5531 | Accs(C/F/R): 99.99/54.67/56.73 | Gain +2.06%
2025-11-19 22:27:40,045 - INFO  - Epoch: [25][260/390] | Time 0.085 (0.084) | Loss 2.5616 | Accs(C/F/R): 99.99/54.59/56.65 | Gain +2.07%
2025-11-19 22:27:41,685 - INFO  - Epoch: [25][280/390] | Time 0.084 (0.084) | Loss 2.5254 | Accs(C/F/R): 99.99/55.30/57.28 | Gain +1.98%
2025-11-19 22:27:43,329 - INFO  - Epoch: [25][300/390] | Time 0.082 (0.083) | Loss 2.5249 | Accs(C/F/R): 99.99/55.39/57.39 | Gain +1.99%
2025-11-19 22:27:44,971 - INFO  - Epoch: [25][320/390] | Time 0.084 (0.083) | Loss 2.5103 | Accs(C/F/R): 100.00/55.59/57.58 | Gain +1.99%
2025-11-19 22:27:46,613 - INFO  - Epoch: [25][340/390] | Time 0.082 (0.083) | Loss 2.5221 | Accs(C/F/R): 99.99/55.44/57.44 | Gain +2.00%
2025-11-19 22:27:48,281 - INFO  - Epoch: [25][360/390] | Time 0.082 (0.083) | Loss 2.5342 | Accs(C/F/R): 99.99/55.16/57.14 | Gain +1.98%
2025-11-19 22:27:49,929 - INFO  - Epoch: [25][380/390] | Time 0.081 (0.083) | Loss 2.5246 | Accs(C/F/R): 99.99/55.31/57.29 | Gain +1.98%
2025-11-19 22:27:50,800 - INFO  - Epoch 25: Train Loss (scheduler metric) = 2.5195
2025-11-19 22:27:50,819 - INFO  - ([25] Epoch) Saving checkpoint to:
             Current: /root/autodl-tmp/retraining-free-quantization/training/alexnet_cifar10_sensitive_stage2/alexnet_cifar10_sensitive_stage2_restorer_checkpoint.pth.tar

2025-11-19 22:27:50,820 - INFO  - >>>>>>>> Epoch  26
2025-11-19 22:27:50,820 - INFO  - [Stage2] Using random BER sampling [1e-2, 1e-1] for each batch at epoch 26
2025-11-19 22:27:50,820 - INFO  - Entered Stage 2 Restorer Training mode for epoch 26.
2025-11-19 22:27:52,704 - INFO  - Epoch: [26][20/390] | Time 0.081 (0.094) | Loss 2.5845 | Accs(C/F/R): 100.00/53.32/55.78 | Gain +2.46%
2025-11-19 22:27:54,349 - INFO  - Epoch: [26][40/390] | Time 0.084 (0.088) | Loss 2.4213 | Accs(C/F/R): 100.00/57.21/58.89 | Gain +1.68%
2025-11-19 22:27:55,977 - INFO  - Epoch: [26][60/390] | Time 0.081 (0.086) | Loss 2.4326 | Accs(C/F/R): 100.00/57.19/58.91 | Gain +1.72%
2025-11-19 22:27:57,623 - INFO  - Epoch: [26][80/390] | Time 0.081 (0.085) | Loss 2.4230 | Accs(C/F/R): 100.00/57.48/59.25 | Gain +1.77%
2025-11-19 22:27:59,287 - INFO  - Epoch: [26][100/390] | Time 0.081 (0.085) | Loss 2.4307 | Accs(C/F/R): 100.00/57.34/59.15 | Gain +1.81%
2025-11-19 22:28:00,927 - INFO  - Epoch: [26][120/390] | Time 0.081 (0.084) | Loss 2.4664 | Accs(C/F/R): 100.00/56.64/58.33 | Gain +1.69%
2025-11-19 22:28:02,574 - INFO  - Epoch: [26][140/390] | Time 0.082 (0.084) | Loss 2.4955 | Accs(C/F/R): 100.00/56.04/57.76 | Gain +1.72%
2025-11-19 22:28:04,219 - INFO  - Epoch: [26][160/390] | Time 0.081 (0.084) | Loss 2.5229 | Accs(C/F/R): 100.00/55.36/57.10 | Gain +1.74%
2025-11-19 22:28:05,881 - INFO  - Epoch: [26][180/390] | Time 0.082 (0.084) | Loss 2.5221 | Accs(C/F/R): 100.00/55.36/57.07 | Gain +1.71%
2025-11-19 22:28:07,527 - INFO  - Epoch: [26][200/390] | Time 0.081 (0.084) | Loss 2.5545 | Accs(C/F/R): 99.99/54.89/56.68 | Gain +1.79%
2025-11-19 22:28:09,176 - INFO  - Epoch: [26][220/390] | Time 0.081 (0.083) | Loss 2.5188 | Accs(C/F/R): 99.99/55.42/57.27 | Gain +1.86%
2025-11-19 22:28:10,838 - INFO  - Epoch: [26][240/390] | Time 0.081 (0.083) | Loss 2.5076 | Accs(C/F/R): 99.99/55.57/57.56 | Gain +1.99%
2025-11-19 22:28:12,473 - INFO  - Epoch: [26][260/390] | Time 0.083 (0.083) | Loss 2.5014 | Accs(C/F/R): 99.99/55.75/57.76 | Gain +2.02%
2025-11-19 22:28:14,129 - INFO  - Epoch: [26][280/390] | Time 0.085 (0.083) | Loss 2.4952 | Accs(C/F/R): 99.99/56.04/58.02 | Gain +1.99%
2025-11-19 22:28:15,785 - INFO  - Epoch: [26][300/390] | Time 0.083 (0.083) | Loss 2.5111 | Accs(C/F/R): 99.99/55.74/57.77 | Gain +2.02%
2025-11-19 22:28:17,435 - INFO  - Epoch: [26][320/390] | Time 0.082 (0.083) | Loss 2.4772 | Accs(C/F/R): 99.99/56.40/58.36 | Gain +1.96%
2025-11-19 22:28:19,090 - INFO  - Epoch: [26][340/390] | Time 0.081 (0.083) | Loss 2.4857 | Accs(C/F/R): 99.99/56.18/58.22 | Gain +2.04%
2025-11-19 22:28:20,735 - INFO  - Epoch: [26][360/390] | Time 0.082 (0.083) | Loss 2.4891 | Accs(C/F/R): 99.99/56.10/58.14 | Gain +2.04%
2025-11-19 22:28:22,389 - INFO  - Epoch: [26][380/390] | Time 0.086 (0.083) | Loss 2.5108 | Accs(C/F/R): 99.99/55.71/57.72 | Gain +2.01%
2025-11-19 22:28:23,254 - INFO  - Epoch 26: Train Loss (scheduler metric) = 2.5153
2025-11-19 22:28:23,276 - INFO  - ([26] Epoch) Saving checkpoint to:
             Current: /root/autodl-tmp/retraining-free-quantization/training/alexnet_cifar10_sensitive_stage2/alexnet_cifar10_sensitive_stage2_restorer_checkpoint.pth.tar

2025-11-19 22:28:23,277 - INFO  - >>>>>>>> Epoch  27
2025-11-19 22:28:23,277 - INFO  - [Stage2] Using random BER sampling [1e-2, 1e-1] for each batch at epoch 27
2025-11-19 22:28:23,277 - INFO  - Entered Stage 2 Restorer Training mode for epoch 27.
2025-11-19 22:28:25,146 - INFO  - Epoch: [27][20/390] | Time 0.087 (0.093) | Loss 2.6495 | Accs(C/F/R): 100.00/51.80/53.91 | Gain +2.11%
2025-11-19 22:28:26,799 - INFO  - Epoch: [27][40/390] | Time 0.086 (0.088) | Loss 2.3887 | Accs(C/F/R): 100.00/57.40/59.71 | Gain +2.30%
2025-11-19 22:28:28,446 - INFO  - Epoch: [27][60/390] | Time 0.085 (0.086) | Loss 2.3651 | Accs(C/F/R): 100.00/58.53/60.59 | Gain +2.06%
2025-11-19 22:28:30,094 - INFO  - Epoch: [27][80/390] | Time 0.083 (0.085) | Loss 2.3516 | Accs(C/F/R): 100.00/58.96/60.83 | Gain +1.88%
2025-11-19 22:28:31,752 - INFO  - Epoch: [27][100/390] | Time 0.082 (0.085) | Loss 2.4487 | Accs(C/F/R): 100.00/56.97/58.98 | Gain +2.01%
2025-11-19 22:28:33,397 - INFO  - Epoch: [27][120/390] | Time 0.084 (0.084) | Loss 2.4770 | Accs(C/F/R): 100.00/56.65/58.43 | Gain +1.78%
2025-11-19 22:28:35,037 - INFO  - Epoch: [27][140/390] | Time 0.082 (0.084) | Loss 2.4953 | Accs(C/F/R): 100.00/56.05/57.87 | Gain +1.81%
2025-11-19 22:28:36,680 - INFO  - Epoch: [27][160/390] | Time 0.081 (0.084) | Loss 2.4735 | Accs(C/F/R): 100.00/56.44/58.12 | Gain +1.69%
2025-11-19 22:28:38,326 - INFO  - Epoch: [27][180/390] | Time 0.082 (0.084) | Loss 2.4978 | Accs(C/F/R): 100.00/55.92/57.68 | Gain +1.77%
2025-11-19 22:28:39,995 - INFO  - Epoch: [27][200/390] | Time 0.086 (0.084) | Loss 2.4972 | Accs(C/F/R): 100.00/55.98/57.67 | Gain +1.69%
2025-11-19 22:28:41,661 - INFO  - Epoch: [27][220/390] | Time 0.081 (0.084) | Loss 2.4988 | Accs(C/F/R): 100.00/56.02/57.62 | Gain +1.60%
2025-11-19 22:28:43,317 - INFO  - Epoch: [27][240/390] | Time 0.083 (0.083) | Loss 2.5211 | Accs(C/F/R): 100.00/55.49/57.17 | Gain +1.67%
2025-11-19 22:28:44,948 - INFO  - Epoch: [27][260/390] | Time 0.083 (0.083) | Loss 2.5174 | Accs(C/F/R): 100.00/55.67/57.27 | Gain +1.60%
2025-11-19 22:28:46,594 - INFO  - Epoch: [27][280/390] | Time 0.081 (0.083) | Loss 2.4982 | Accs(C/F/R): 99.99/56.00/57.64 | Gain +1.64%
2025-11-19 22:28:48,233 - INFO  - Epoch: [27][300/390] | Time 0.082 (0.083) | Loss 2.4909 | Accs(C/F/R): 99.99/56.24/57.92 | Gain +1.68%
2025-11-19 22:28:49,870 - INFO  - Epoch: [27][320/390] | Time 0.081 (0.083) | Loss 2.5056 | Accs(C/F/R): 99.99/55.92/57.64 | Gain +1.72%
2025-11-19 22:28:51,518 - INFO  - Epoch: [27][340/390] | Time 0.083 (0.083) | Loss 2.5020 | Accs(C/F/R): 99.99/55.96/57.67 | Gain +1.71%
2025-11-19 22:28:53,166 - INFO  - Epoch: [27][360/390] | Time 0.083 (0.083) | Loss 2.4956 | Accs(C/F/R): 99.99/56.19/57.86 | Gain +1.67%
2025-11-19 22:28:54,824 - INFO  - Epoch: [27][380/390] | Time 0.087 (0.083) | Loss 2.4800 | Accs(C/F/R): 99.99/56.56/58.24 | Gain +1.68%
2025-11-19 22:28:55,703 - INFO  - Epoch 27: Train Loss (scheduler metric) = 2.4763
2025-11-19 22:28:55,723 - INFO  - ([27] Epoch) Saving checkpoint to:
             Current: /root/autodl-tmp/retraining-free-quantization/training/alexnet_cifar10_sensitive_stage2/alexnet_cifar10_sensitive_stage2_restorer_checkpoint.pth.tar

2025-11-19 22:28:55,723 - INFO  - >>>>>>>> Epoch  28
2025-11-19 22:28:55,723 - INFO  - [Stage2] Using random BER sampling [1e-2, 1e-1] for each batch at epoch 28
2025-11-19 22:28:55,723 - INFO  - Entered Stage 2 Restorer Training mode for epoch 28.
2025-11-19 22:28:57,593 - INFO  - Epoch: [28][20/390] | Time 0.081 (0.093) | Loss 2.0964 | Accs(C/F/R): 100.00/63.12/65.00 | Gain +1.88%
2025-11-19 22:28:59,235 - INFO  - Epoch: [28][40/390] | Time 0.081 (0.088) | Loss 2.2827 | Accs(C/F/R): 99.98/60.86/62.21 | Gain +1.35%
2025-11-19 22:29:00,871 - INFO  - Epoch: [28][60/390] | Time 0.081 (0.086) | Loss 2.4363 | Accs(C/F/R): 99.97/57.42/58.96 | Gain +1.54%
2025-11-19 22:29:02,516 - INFO  - Epoch: [28][80/390] | Time 0.081 (0.085) | Loss 2.4084 | Accs(C/F/R): 99.98/57.71/59.52 | Gain +1.81%
2025-11-19 22:29:04,144 - INFO  - Epoch: [28][100/390] | Time 0.081 (0.084) | Loss 2.4939 | Accs(C/F/R): 99.98/55.61/57.50 | Gain +1.89%
2025-11-19 22:29:05,779 - INFO  - Epoch: [28][120/390] | Time 0.081 (0.084) | Loss 2.4721 | Accs(C/F/R): 99.98/56.33/58.21 | Gain +1.88%
2025-11-19 22:29:07,437 - INFO  - Epoch: [28][140/390] | Time 0.082 (0.084) | Loss 2.4750 | Accs(C/F/R): 99.98/56.20/58.19 | Gain +1.99%
2025-11-19 22:29:09,081 - INFO  - Epoch: [28][160/390] | Time 0.081 (0.083) | Loss 2.4456 | Accs(C/F/R): 99.98/56.88/58.76 | Gain +1.88%
2025-11-19 22:29:10,708 - INFO  - Epoch: [28][180/390] | Time 0.081 (0.083) | Loss 2.5056 | Accs(C/F/R): 99.98/55.84/57.75 | Gain +1.91%
2025-11-19 22:29:12,331 - INFO  - Epoch: [28][200/390] | Time 0.081 (0.083) | Loss 2.4698 | Accs(C/F/R): 99.98/56.57/58.42 | Gain +1.85%
2025-11-19 22:29:13,956 - INFO  - Epoch: [28][220/390] | Time 0.083 (0.083) | Loss 2.5048 | Accs(C/F/R): 99.99/55.85/57.78 | Gain +1.93%
2025-11-19 22:29:15,576 - INFO  - Epoch: [28][240/390] | Time 0.081 (0.083) | Loss 2.5040 | Accs(C/F/R): 99.99/55.86/57.78 | Gain +1.93%
2025-11-19 22:29:17,199 - INFO  - Epoch: [28][260/390] | Time 0.082 (0.083) | Loss 2.4866 | Accs(C/F/R): 99.99/56.10/57.98 | Gain +1.88%
2025-11-19 22:29:18,829 - INFO  - Epoch: [28][280/390] | Time 0.081 (0.083) | Loss 2.4958 | Accs(C/F/R): 99.99/55.84/57.79 | Gain +1.95%
2025-11-19 22:29:20,453 - INFO  - Epoch: [28][300/390] | Time 0.081 (0.082) | Loss 2.5095 | Accs(C/F/R): 99.98/55.57/57.53 | Gain +1.96%
2025-11-19 22:29:22,103 - INFO  - Epoch: [28][320/390] | Time 0.083 (0.082) | Loss 2.4960 | Accs(C/F/R): 99.99/55.98/57.86 | Gain +1.88%
2025-11-19 22:29:23,761 - INFO  - Epoch: [28][340/390] | Time 0.081 (0.082) | Loss 2.4857 | Accs(C/F/R): 99.99/56.10/57.99 | Gain +1.89%
2025-11-19 22:29:25,403 - INFO  - Epoch: [28][360/390] | Time 0.083 (0.082) | Loss 2.4957 | Accs(C/F/R): 99.99/55.86/57.77 | Gain +1.91%
2025-11-19 22:29:27,041 - INFO  - Epoch: [28][380/390] | Time 0.081 (0.082) | Loss 2.4877 | Accs(C/F/R): 99.99/55.97/57.88 | Gain +1.92%
2025-11-19 22:29:27,906 - INFO  - Epoch 28: Train Loss (scheduler metric) = 2.4904
2025-11-19 22:29:27,926 - INFO  - ([28] Epoch) Saving checkpoint to:
             Current: /root/autodl-tmp/retraining-free-quantization/training/alexnet_cifar10_sensitive_stage2/alexnet_cifar10_sensitive_stage2_restorer_checkpoint.pth.tar

2025-11-19 22:29:27,926 - INFO  - >>>>>>>> Epoch  29
2025-11-19 22:29:27,926 - INFO  - [Stage2] Using random BER sampling [1e-2, 1e-1] for each batch at epoch 29
2025-11-19 22:29:27,926 - INFO  - Entered Stage 2 Restorer Training mode for epoch 29.
2025-11-19 22:29:29,830 - INFO  - Epoch: [29][20/390] | Time 0.083 (0.095) | Loss 1.9028 | Accs(C/F/R): 100.00/66.13/68.95 | Gain +2.81%
2025-11-19 22:29:31,483 - INFO  - Epoch: [29][40/390] | Time 0.082 (0.089) | Loss 2.3897 | Accs(C/F/R): 100.00/57.50/59.49 | Gain +1.99%
2025-11-19 22:29:33,143 - INFO  - Epoch: [29][60/390] | Time 0.084 (0.087) | Loss 2.4502 | Accs(C/F/R): 100.00/56.28/58.32 | Gain +2.04%
2025-11-19 22:29:34,787 - INFO  - Epoch: [29][80/390] | Time 0.089 (0.086) | Loss 2.4136 | Accs(C/F/R): 100.00/57.04/59.23 | Gain +2.19%
2025-11-19 22:29:36,442 - INFO  - Epoch: [29][100/390] | Time 0.082 (0.085) | Loss 2.4773 | Accs(C/F/R): 100.00/55.81/58.12 | Gain +2.31%
2025-11-19 22:29:38,106 - INFO  - Epoch: [29][120/390] | Time 0.084 (0.085) | Loss 2.4646 | Accs(C/F/R): 100.00/56.11/58.40 | Gain +2.30%
2025-11-19 22:29:39,768 - INFO  - Epoch: [29][140/390] | Time 0.083 (0.085) | Loss 2.5081 | Accs(C/F/R): 99.99/55.54/57.78 | Gain +2.24%
2025-11-19 22:29:41,420 - INFO  - Epoch: [29][160/390] | Time 0.084 (0.084) | Loss 2.5056 | Accs(C/F/R): 99.99/55.54/57.86 | Gain +2.32%
2025-11-19 22:29:43,085 - INFO  - Epoch: [29][180/390] | Time 0.085 (0.084) | Loss 2.4943 | Accs(C/F/R): 99.99/55.72/58.03 | Gain +2.31%
2025-11-19 22:29:44,733 - INFO  - Epoch: [29][200/390] | Time 0.084 (0.084) | Loss 2.5147 | Accs(C/F/R): 99.99/55.55/57.85 | Gain +2.30%
2025-11-19 22:29:46,381 - INFO  - Epoch: [29][220/390] | Time 0.082 (0.084) | Loss 2.5164 | Accs(C/F/R): 99.99/55.60/57.80 | Gain +2.20%
2025-11-19 22:29:48,028 - INFO  - Epoch: [29][240/390] | Time 0.081 (0.084) | Loss 2.5130 | Accs(C/F/R): 99.99/55.82/57.95 | Gain +2.14%
2025-11-19 22:29:49,683 - INFO  - Epoch: [29][260/390] | Time 0.084 (0.084) | Loss 2.4874 | Accs(C/F/R): 99.99/56.27/58.41 | Gain +2.14%
2025-11-19 22:29:51,337 - INFO  - Epoch: [29][280/390] | Time 0.082 (0.084) | Loss 2.4913 | Accs(C/F/R): 99.99/56.28/58.42 | Gain +2.15%
2025-11-19 22:29:52,978 - INFO  - Epoch: [29][300/390] | Time 0.082 (0.084) | Loss 2.5123 | Accs(C/F/R): 99.99/55.85/57.93 | Gain +2.08%
2025-11-19 22:29:54,623 - INFO  - Epoch: [29][320/390] | Time 0.082 (0.083) | Loss 2.4896 | Accs(C/F/R): 99.99/56.21/58.23 | Gain +2.03%
2025-11-19 22:29:56,269 - INFO  - Epoch: [29][340/390] | Time 0.082 (0.083) | Loss 2.4965 | Accs(C/F/R): 99.99/56.00/58.03 | Gain +2.02%
2025-11-19 22:29:57,911 - INFO  - Epoch: [29][360/390] | Time 0.081 (0.083) | Loss 2.4937 | Accs(C/F/R): 99.99/56.08/58.10 | Gain +2.02%
2025-11-19 22:29:59,558 - INFO  - Epoch: [29][380/390] | Time 0.082 (0.083) | Loss 2.4844 | Accs(C/F/R): 99.99/56.27/58.30 | Gain +2.02%
2025-11-19 22:30:00,432 - INFO  - Epoch 29: Train Loss (scheduler metric) = 2.4843
2025-11-19 22:30:00,452 - INFO  - ([29] Epoch) Saving checkpoint to:
             Current: /root/autodl-tmp/retraining-free-quantization/training/alexnet_cifar10_sensitive_stage2/alexnet_cifar10_sensitive_stage2_restorer_checkpoint.pth.tar

2025-11-19 22:30:00,452 - INFO  - >>>>>>>> Epoch  30
2025-11-19 22:30:00,452 - INFO  - [Stage2] Using random BER sampling [1e-2, 1e-1] for each batch at epoch 30
2025-11-19 22:30:00,452 - INFO  - Entered Stage 2 Restorer Training mode for epoch 30.
2025-11-19 22:30:02,342 - INFO  - Epoch: [30][20/390] | Time 0.083 (0.094) | Loss 2.6943 | Accs(C/F/R): 99.96/52.15/54.45 | Gain +2.30%
2025-11-19 22:30:04,015 - INFO  - Epoch: [30][40/390] | Time 0.085 (0.089) | Loss 2.7282 | Accs(C/F/R): 99.98/51.64/54.24 | Gain +2.60%
2025-11-19 22:30:05,661 - INFO  - Epoch: [30][60/390] | Time 0.082 (0.087) | Loss 2.7539 | Accs(C/F/R): 99.99/50.60/53.15 | Gain +2.55%
2025-11-19 22:30:07,304 - INFO  - Epoch: [30][80/390] | Time 0.083 (0.086) | Loss 2.5608 | Accs(C/F/R): 99.99/54.38/56.62 | Gain +2.25%
2025-11-19 22:30:08,945 - INFO  - Epoch: [30][100/390] | Time 0.081 (0.085) | Loss 2.4973 | Accs(C/F/R): 99.98/55.71/57.98 | Gain +2.27%
2025-11-19 22:30:10,584 - INFO  - Epoch: [30][120/390] | Time 0.081 (0.084) | Loss 2.5538 | Accs(C/F/R): 99.98/55.25/57.53 | Gain +2.28%
2025-11-19 22:30:12,251 - INFO  - Epoch: [30][140/390] | Time 0.085 (0.084) | Loss 2.5531 | Accs(C/F/R): 99.98/55.15/57.44 | Gain +2.30%
2025-11-19 22:30:13,905 - INFO  - Epoch: [30][160/390] | Time 0.082 (0.084) | Loss 2.5420 | Accs(C/F/R): 99.98/55.31/57.49 | Gain +2.17%
2025-11-19 22:30:15,558 - INFO  - Epoch: [30][180/390] | Time 0.082 (0.084) | Loss 2.5227 | Accs(C/F/R): 99.98/55.76/57.87 | Gain +2.12%
2025-11-19 22:30:17,205 - INFO  - Epoch: [30][200/390] | Time 0.083 (0.084) | Loss 2.5253 | Accs(C/F/R): 99.98/55.79/57.92 | Gain +2.13%
2025-11-19 22:30:18,843 - INFO  - Epoch: [30][220/390] | Time 0.082 (0.084) | Loss 2.5268 | Accs(C/F/R): 99.98/55.67/57.77 | Gain +2.10%
2025-11-19 22:30:20,487 - INFO  - Epoch: [30][240/390] | Time 0.081 (0.083) | Loss 2.5194 | Accs(C/F/R): 99.98/55.75/57.82 | Gain +2.08%
2025-11-19 22:30:22,155 - INFO  - Epoch: [30][260/390] | Time 0.083 (0.083) | Loss 2.4999 | Accs(C/F/R): 99.98/56.06/58.22 | Gain +2.16%
2025-11-19 22:30:23,792 - INFO  - Epoch: [30][280/390] | Time 0.082 (0.083) | Loss 2.5086 | Accs(C/F/R): 99.98/55.99/58.14 | Gain +2.15%
2025-11-19 22:30:25,448 - INFO  - Epoch: [30][300/390] | Time 0.081 (0.083) | Loss 2.5450 | Accs(C/F/R): 99.98/55.29/57.42 | Gain +2.14%
2025-11-19 22:30:27,110 - INFO  - Epoch: [30][320/390] | Time 0.082 (0.083) | Loss 2.5421 | Accs(C/F/R): 99.98/55.29/57.35 | Gain +2.05%
2025-11-19 22:30:28,749 - INFO  - Epoch: [30][340/390] | Time 0.082 (0.083) | Loss 2.5417 | Accs(C/F/R): 99.98/55.29/57.41 | Gain +2.12%
2025-11-19 22:30:30,387 - INFO  - Epoch: [30][360/390] | Time 0.081 (0.083) | Loss 2.5482 | Accs(C/F/R): 99.98/55.11/57.20 | Gain +2.09%
2025-11-19 22:30:32,032 - INFO  - Epoch: [30][380/390] | Time 0.082 (0.083) | Loss 2.5542 | Accs(C/F/R): 99.98/55.03/57.14 | Gain +2.11%
2025-11-19 22:30:32,892 - INFO  - Epoch 30: Train Loss (scheduler metric) = 2.5504
2025-11-19 22:30:32,913 - INFO  - ([30] Epoch) Saving checkpoint to:
             Current: /root/autodl-tmp/retraining-free-quantization/training/alexnet_cifar10_sensitive_stage2/alexnet_cifar10_sensitive_stage2_restorer_checkpoint.pth.tar

2025-11-19 22:30:32,913 - INFO  - >>>>>>>> Epoch  31
2025-11-19 22:30:32,913 - INFO  - [Stage2] Using random BER sampling [1e-2, 1e-1] for each batch at epoch 31
2025-11-19 22:30:32,913 - INFO  - Entered Stage 2 Restorer Training mode for epoch 31.
2025-11-19 22:30:34,765 - INFO  - Epoch: [31][20/390] | Time 0.081 (0.093) | Loss 2.5383 | Accs(C/F/R): 100.00/55.51/57.15 | Gain +1.64%
2025-11-19 22:30:36,418 - INFO  - Epoch: [31][40/390] | Time 0.081 (0.088) | Loss 2.4605 | Accs(C/F/R): 100.00/56.29/58.46 | Gain +2.17%
2025-11-19 22:30:38,057 - INFO  - Epoch: [31][60/390] | Time 0.083 (0.086) | Loss 2.4457 | Accs(C/F/R): 99.99/57.07/59.09 | Gain +2.02%
2025-11-19 22:30:39,696 - INFO  - Epoch: [31][80/390] | Time 0.082 (0.085) | Loss 2.4308 | Accs(C/F/R): 99.99/57.44/59.45 | Gain +2.01%
2025-11-19 22:30:41,333 - INFO  - Epoch: [31][100/390] | Time 0.082 (0.084) | Loss 2.5061 | Accs(C/F/R): 99.98/55.86/57.88 | Gain +2.02%
2025-11-19 22:30:42,972 - INFO  - Epoch: [31][120/390] | Time 0.084 (0.084) | Loss 2.4804 | Accs(C/F/R): 99.98/55.91/58.00 | Gain +2.09%
2025-11-19 22:30:44,633 - INFO  - Epoch: [31][140/390] | Time 0.081 (0.084) | Loss 2.4884 | Accs(C/F/R): 99.98/55.58/57.65 | Gain +2.06%
2025-11-19 22:30:46,290 - INFO  - Epoch: [31][160/390] | Time 0.084 (0.084) | Loss 2.4487 | Accs(C/F/R): 99.98/56.32/58.43 | Gain +2.10%
2025-11-19 22:30:47,932 - INFO  - Epoch: [31][180/390] | Time 0.081 (0.083) | Loss 2.4341 | Accs(C/F/R): 99.98/56.71/58.82 | Gain +2.12%
2025-11-19 22:30:49,581 - INFO  - Epoch: [31][200/390] | Time 0.085 (0.083) | Loss 2.4271 | Accs(C/F/R): 99.98/56.80/58.88 | Gain +2.07%
2025-11-19 22:30:51,233 - INFO  - Epoch: [31][220/390] | Time 0.081 (0.083) | Loss 2.4437 | Accs(C/F/R): 99.98/56.53/58.55 | Gain +2.02%
2025-11-19 22:30:52,870 - INFO  - Epoch: [31][240/390] | Time 0.081 (0.083) | Loss 2.4514 | Accs(C/F/R): 99.98/56.38/58.33 | Gain +1.96%
2025-11-19 22:30:54,521 - INFO  - Epoch: [31][260/390] | Time 0.088 (0.083) | Loss 2.4509 | Accs(C/F/R): 99.98/56.28/58.25 | Gain +1.98%
2025-11-19 22:30:56,164 - INFO  - Epoch: [31][280/390] | Time 0.081 (0.083) | Loss 2.4645 | Accs(C/F/R): 99.99/56.07/58.06 | Gain +1.99%
2025-11-19 22:30:57,822 - INFO  - Epoch: [31][300/390] | Time 0.085 (0.083) | Loss 2.4693 | Accs(C/F/R): 99.98/56.10/58.04 | Gain +1.94%
2025-11-19 22:30:59,474 - INFO  - Epoch: [31][320/390] | Time 0.081 (0.083) | Loss 2.4682 | Accs(C/F/R): 99.99/56.10/58.05 | Gain +1.95%
2025-11-19 22:31:01,104 - INFO  - Epoch: [31][340/390] | Time 0.081 (0.083) | Loss 2.4636 | Accs(C/F/R): 99.99/56.17/58.15 | Gain +1.97%
2025-11-19 22:31:02,738 - INFO  - Epoch: [31][360/390] | Time 0.082 (0.083) | Loss 2.4524 | Accs(C/F/R): 99.98/56.35/58.32 | Gain +1.97%
2025-11-19 22:31:04,373 - INFO  - Epoch: [31][380/390] | Time 0.081 (0.083) | Loss 2.4644 | Accs(C/F/R): 99.99/56.24/58.18 | Gain +1.94%
2025-11-19 22:31:05,226 - INFO  - Epoch 31: Train Loss (scheduler metric) = 2.4735
2025-11-19 22:31:05,245 - INFO  - ([31] Epoch) Saving checkpoint to:
             Current: /root/autodl-tmp/retraining-free-quantization/training/alexnet_cifar10_sensitive_stage2/alexnet_cifar10_sensitive_stage2_restorer_checkpoint.pth.tar

2025-11-19 22:31:05,245 - INFO  - >>>>>>>> Epoch  32
2025-11-19 22:31:05,245 - INFO  - [Stage2] Using random BER sampling [1e-2, 1e-1] for each batch at epoch 32
2025-11-19 22:31:05,245 - INFO  - Entered Stage 2 Restorer Training mode for epoch 32.
2025-11-19 22:31:07,068 - INFO  - Epoch: [32][20/390] | Time 0.081 (0.091) | Loss 2.4711 | Accs(C/F/R): 100.00/56.76/59.49 | Gain +2.73%
2025-11-19 22:31:08,693 - INFO  - Epoch: [32][40/390] | Time 0.081 (0.086) | Loss 2.5674 | Accs(C/F/R): 100.00/55.02/57.60 | Gain +2.58%
2025-11-19 22:31:10,323 - INFO  - Epoch: [32][60/390] | Time 0.082 (0.085) | Loss 2.5223 | Accs(C/F/R): 100.00/55.52/57.84 | Gain +2.32%
2025-11-19 22:31:11,966 - INFO  - Epoch: [32][80/390] | Time 0.083 (0.084) | Loss 2.4867 | Accs(C/F/R): 99.99/56.08/58.14 | Gain +2.06%
2025-11-19 22:31:13,626 - INFO  - Epoch: [32][100/390] | Time 0.082 (0.084) | Loss 2.4583 | Accs(C/F/R): 99.99/56.74/58.85 | Gain +2.11%
2025-11-19 22:31:15,277 - INFO  - Epoch: [32][120/390] | Time 0.083 (0.084) | Loss 2.4696 | Accs(C/F/R): 99.99/56.02/58.24 | Gain +2.22%
2025-11-19 22:31:16,929 - INFO  - Epoch: [32][140/390] | Time 0.082 (0.083) | Loss 2.4800 | Accs(C/F/R): 99.99/56.02/58.21 | Gain +2.20%
2025-11-19 22:31:18,577 - INFO  - Epoch: [32][160/390] | Time 0.081 (0.083) | Loss 2.4549 | Accs(C/F/R): 99.99/56.46/58.63 | Gain +2.16%
2025-11-19 22:31:20,230 - INFO  - Epoch: [32][180/390] | Time 0.082 (0.083) | Loss 2.4792 | Accs(C/F/R): 99.99/56.28/58.45 | Gain +2.17%
2025-11-19 22:31:21,867 - INFO  - Epoch: [32][200/390] | Time 0.082 (0.083) | Loss 2.4866 | Accs(C/F/R): 99.99/56.04/58.25 | Gain +2.21%
2025-11-19 22:31:23,518 - INFO  - Epoch: [32][220/390] | Time 0.082 (0.083) | Loss 2.4894 | Accs(C/F/R): 99.99/56.07/58.20 | Gain +2.13%
2025-11-19 22:31:25,157 - INFO  - Epoch: [32][240/390] | Time 0.083 (0.083) | Loss 2.4866 | Accs(C/F/R): 99.99/56.07/58.23 | Gain +2.16%
2025-11-19 22:31:26,801 - INFO  - Epoch: [32][260/390] | Time 0.082 (0.083) | Loss 2.5079 | Accs(C/F/R): 99.99/55.58/57.78 | Gain +2.21%
2025-11-19 22:31:28,443 - INFO  - Epoch: [32][280/390] | Time 0.081 (0.083) | Loss 2.5181 | Accs(C/F/R): 99.99/55.43/57.56 | Gain +2.12%
2025-11-19 22:31:30,092 - INFO  - Epoch: [32][300/390] | Time 0.082 (0.083) | Loss 2.5132 | Accs(C/F/R): 99.99/55.52/57.62 | Gain +2.10%
2025-11-19 22:31:31,724 - INFO  - Epoch: [32][320/390] | Time 0.081 (0.083) | Loss 2.5167 | Accs(C/F/R): 100.00/55.23/57.31 | Gain +2.08%
2025-11-19 22:31:33,371 - INFO  - Epoch: [32][340/390] | Time 0.081 (0.083) | Loss 2.5346 | Accs(C/F/R): 99.99/55.07/57.15 | Gain +2.08%
2025-11-19 22:31:35,032 - INFO  - Epoch: [32][360/390] | Time 0.085 (0.083) | Loss 2.5382 | Accs(C/F/R): 99.99/55.05/57.11 | Gain +2.06%
2025-11-19 22:31:36,691 - INFO  - Epoch: [32][380/390] | Time 0.082 (0.083) | Loss 2.5387 | Accs(C/F/R): 99.99/55.01/57.05 | Gain +2.03%
2025-11-19 22:31:37,563 - INFO  - Epoch 32: Train Loss (scheduler metric) = 2.5421
2025-11-19 22:31:37,583 - INFO  - ([32] Epoch) Saving checkpoint to:
             Current: /root/autodl-tmp/retraining-free-quantization/training/alexnet_cifar10_sensitive_stage2/alexnet_cifar10_sensitive_stage2_restorer_checkpoint.pth.tar

2025-11-19 22:31:37,583 - INFO  - >>>>>>>> Epoch  33
2025-11-19 22:31:37,583 - INFO  - [Stage2] Using random BER sampling [1e-2, 1e-1] for each batch at epoch 33
2025-11-19 22:31:37,583 - INFO  - Entered Stage 2 Restorer Training mode for epoch 33.
2025-11-19 22:31:39,451 - INFO  - Epoch: [33][20/390] | Time 0.082 (0.093) | Loss 2.5085 | Accs(C/F/R): 100.00/53.87/57.62 | Gain +3.75%
2025-11-19 22:31:41,098 - INFO  - Epoch: [33][40/390] | Time 0.082 (0.088) | Loss 2.4273 | Accs(C/F/R): 100.00/56.86/59.49 | Gain +2.64%
2025-11-19 22:31:42,742 - INFO  - Epoch: [33][60/390] | Time 0.081 (0.086) | Loss 2.4666 | Accs(C/F/R): 100.00/56.48/58.85 | Gain +2.37%
2025-11-19 22:31:44,399 - INFO  - Epoch: [33][80/390] | Time 0.082 (0.085) | Loss 2.4467 | Accs(C/F/R): 100.00/56.71/59.15 | Gain +2.44%
2025-11-19 22:31:46,047 - INFO  - Epoch: [33][100/390] | Time 0.082 (0.085) | Loss 2.4539 | Accs(C/F/R): 100.00/56.88/59.10 | Gain +2.22%
2025-11-19 22:31:47,705 - INFO  - Epoch: [33][120/390] | Time 0.082 (0.084) | Loss 2.4524 | Accs(C/F/R): 100.00/57.27/59.39 | Gain +2.13%
2025-11-19 22:31:49,371 - INFO  - Epoch: [33][140/390] | Time 0.082 (0.084) | Loss 2.4561 | Accs(C/F/R): 99.99/57.17/59.22 | Gain +2.06%
2025-11-19 22:31:51,018 - INFO  - Epoch: [33][160/390] | Time 0.083 (0.084) | Loss 2.4603 | Accs(C/F/R): 100.00/56.84/58.97 | Gain +2.13%
2025-11-19 22:31:52,672 - INFO  - Epoch: [33][180/390] | Time 0.081 (0.084) | Loss 2.4733 | Accs(C/F/R): 99.99/56.57/58.72 | Gain +2.16%
2025-11-19 22:31:54,315 - INFO  - Epoch: [33][200/390] | Time 0.082 (0.084) | Loss 2.4653 | Accs(C/F/R): 99.99/56.68/58.84 | Gain +2.16%
2025-11-19 22:31:55,971 - INFO  - Epoch: [33][220/390] | Time 0.082 (0.084) | Loss 2.4700 | Accs(C/F/R): 99.99/56.54/58.58 | Gain +2.03%
2025-11-19 22:31:57,609 - INFO  - Epoch: [33][240/390] | Time 0.082 (0.083) | Loss 2.4780 | Accs(C/F/R): 99.99/56.38/58.42 | Gain +2.04%
2025-11-19 22:31:59,257 - INFO  - Epoch: [33][260/390] | Time 0.084 (0.083) | Loss 2.4768 | Accs(C/F/R): 99.99/56.39/58.35 | Gain +1.96%
2025-11-19 22:32:00,905 - INFO  - Epoch: [33][280/390] | Time 0.082 (0.083) | Loss 2.4884 | Accs(C/F/R): 99.99/56.14/58.15 | Gain +2.01%
2025-11-19 22:32:02,557 - INFO  - Epoch: [33][300/390] | Time 0.082 (0.083) | Loss 2.4742 | Accs(C/F/R): 99.99/56.33/58.39 | Gain +2.06%
2025-11-19 22:32:04,199 - INFO  - Epoch: [33][320/390] | Time 0.081 (0.083) | Loss 2.4793 | Accs(C/F/R): 99.99/56.25/58.35 | Gain +2.11%
2025-11-19 22:32:05,849 - INFO  - Epoch: [33][340/390] | Time 0.081 (0.083) | Loss 2.4653 | Accs(C/F/R): 99.99/56.57/58.68 | Gain +2.12%
2025-11-19 22:32:07,488 - INFO  - Epoch: [33][360/390] | Time 0.082 (0.083) | Loss 2.4675 | Accs(C/F/R): 99.99/56.60/58.69 | Gain +2.10%
2025-11-19 22:32:09,127 - INFO  - Epoch: [33][380/390] | Time 0.086 (0.083) | Loss 2.4419 | Accs(C/F/R): 99.99/57.04/59.14 | Gain +2.10%
2025-11-19 22:32:10,011 - INFO  - Epoch 33: Train Loss (scheduler metric) = 2.4589
2025-11-19 22:32:10,030 - INFO  - ([33] Epoch) Saving checkpoint to:
             Current: /root/autodl-tmp/retraining-free-quantization/training/alexnet_cifar10_sensitive_stage2/alexnet_cifar10_sensitive_stage2_restorer_checkpoint.pth.tar

2025-11-19 22:32:10,031 - INFO  - >>>>>>>> Epoch  34
2025-11-19 22:32:10,031 - INFO  - [Stage2] Using random BER sampling [1e-2, 1e-1] for each batch at epoch 34
2025-11-19 22:32:10,031 - INFO  - Entered Stage 2 Restorer Training mode for epoch 34.
2025-11-19 22:32:11,940 - INFO  - Epoch: [34][20/390] | Time 0.084 (0.095) | Loss 2.2446 | Accs(C/F/R): 99.96/59.61/61.72 | Gain +2.11%
2025-11-19 22:32:13,587 - INFO  - Epoch: [34][40/390] | Time 0.082 (0.089) | Loss 2.3067 | Accs(C/F/R): 99.98/59.65/61.74 | Gain +2.09%
2025-11-19 22:32:15,257 - INFO  - Epoch: [34][60/390] | Time 0.082 (0.087) | Loss 2.4519 | Accs(C/F/R): 99.99/56.94/59.14 | Gain +2.20%
2025-11-19 22:32:16,912 - INFO  - Epoch: [34][80/390] | Time 0.081 (0.086) | Loss 2.4542 | Accs(C/F/R): 99.99/56.83/59.05 | Gain +2.23%
2025-11-19 22:32:18,572 - INFO  - Epoch: [34][100/390] | Time 0.082 (0.085) | Loss 2.4111 | Accs(C/F/R): 99.99/57.26/59.34 | Gain +2.09%
2025-11-19 22:32:20,228 - INFO  - Epoch: [34][120/390] | Time 0.083 (0.085) | Loss 2.4503 | Accs(C/F/R): 99.98/56.45/58.46 | Gain +2.01%
2025-11-19 22:32:21,886 - INFO  - Epoch: [34][140/390] | Time 0.082 (0.085) | Loss 2.4468 | Accs(C/F/R): 99.98/56.56/58.66 | Gain +2.10%
2025-11-19 22:32:23,542 - INFO  - Epoch: [34][160/390] | Time 0.082 (0.084) | Loss 2.4292 | Accs(C/F/R): 99.98/56.69/58.76 | Gain +2.08%
2025-11-19 22:32:25,200 - INFO  - Epoch: [34][180/390] | Time 0.082 (0.084) | Loss 2.4359 | Accs(C/F/R): 99.98/56.58/58.70 | Gain +2.13%
2025-11-19 22:32:26,844 - INFO  - Epoch: [34][200/390] | Time 0.082 (0.084) | Loss 2.4233 | Accs(C/F/R): 99.98/56.90/58.92 | Gain +2.02%
2025-11-19 22:32:28,490 - INFO  - Epoch: [34][220/390] | Time 0.082 (0.084) | Loss 2.4587 | Accs(C/F/R): 99.98/56.37/58.43 | Gain +2.06%
2025-11-19 22:32:30,141 - INFO  - Epoch: [34][240/390] | Time 0.082 (0.084) | Loss 2.4641 | Accs(C/F/R): 99.98/56.14/58.21 | Gain +2.06%
2025-11-19 22:32:31,793 - INFO  - Epoch: [34][260/390] | Time 0.085 (0.084) | Loss 2.4703 | Accs(C/F/R): 99.98/56.07/58.07 | Gain +2.01%
2025-11-19 22:32:33,431 - INFO  - Epoch: [34][280/390] | Time 0.081 (0.084) | Loss 2.4824 | Accs(C/F/R): 99.97/55.86/57.90 | Gain +2.03%
2025-11-19 22:32:35,082 - INFO  - Epoch: [34][300/390] | Time 0.084 (0.084) | Loss 2.4934 | Accs(C/F/R): 99.98/55.65/57.72 | Gain +2.08%
2025-11-19 22:32:36,725 - INFO  - Epoch: [34][320/390] | Time 0.081 (0.083) | Loss 2.4961 | Accs(C/F/R): 99.98/55.63/57.69 | Gain +2.06%
2025-11-19 22:32:38,380 - INFO  - Epoch: [34][340/390] | Time 0.081 (0.083) | Loss 2.4970 | Accs(C/F/R): 99.98/55.61/57.64 | Gain +2.02%
2025-11-19 22:32:40,031 - INFO  - Epoch: [34][360/390] | Time 0.082 (0.083) | Loss 2.4911 | Accs(C/F/R): 99.98/55.75/57.79 | Gain +2.04%
2025-11-19 22:32:41,667 - INFO  - Epoch: [34][380/390] | Time 0.082 (0.083) | Loss 2.4916 | Accs(C/F/R): 99.98/55.76/57.77 | Gain +2.01%
2025-11-19 22:32:42,545 - INFO  - Epoch 34: Train Loss (scheduler metric) = 2.4904
2025-11-19 22:32:42,566 - INFO  - ([34] Epoch) Saving checkpoint to:
             Current: /root/autodl-tmp/retraining-free-quantization/training/alexnet_cifar10_sensitive_stage2/alexnet_cifar10_sensitive_stage2_restorer_checkpoint.pth.tar

2025-11-19 22:32:42,566 - INFO  - >>>>>>>> Epoch  35
2025-11-19 22:32:42,566 - INFO  - [Stage2] Using random BER sampling [1e-2, 1e-1] for each batch at epoch 35
2025-11-19 22:32:42,566 - INFO  - Entered Stage 2 Restorer Training mode for epoch 35.
2025-11-19 22:32:44,423 - INFO  - Epoch: [35][20/390] | Time 0.082 (0.093) | Loss 2.7695 | Accs(C/F/R): 100.00/51.76/53.09 | Gain +1.33%
2025-11-19 22:32:46,088 - INFO  - Epoch: [35][40/390] | Time 0.082 (0.088) | Loss 2.6468 | Accs(C/F/R): 100.00/53.46/54.90 | Gain +1.45%
2025-11-19 22:32:47,751 - INFO  - Epoch: [35][60/390] | Time 0.081 (0.086) | Loss 2.5119 | Accs(C/F/R): 99.99/55.23/57.08 | Gain +1.85%
2025-11-19 22:32:49,392 - INFO  - Epoch: [35][80/390] | Time 0.081 (0.085) | Loss 2.4480 | Accs(C/F/R): 99.99/56.65/58.36 | Gain +1.71%
2025-11-19 22:32:51,022 - INFO  - Epoch: [35][100/390] | Time 0.081 (0.085) | Loss 2.3821 | Accs(C/F/R): 99.99/58.08/59.72 | Gain +1.64%
2025-11-19 22:32:52,649 - INFO  - Epoch: [35][120/390] | Time 0.081 (0.084) | Loss 2.4120 | Accs(C/F/R): 99.99/57.68/59.40 | Gain +1.73%
2025-11-19 22:32:54,285 - INFO  - Epoch: [35][140/390] | Time 0.081 (0.084) | Loss 2.4436 | Accs(C/F/R): 99.99/57.06/58.88 | Gain +1.82%
2025-11-19 22:32:55,909 - INFO  - Epoch: [35][160/390] | Time 0.082 (0.083) | Loss 2.4710 | Accs(C/F/R): 99.99/56.52/58.39 | Gain +1.87%
2025-11-19 22:32:57,548 - INFO  - Epoch: [35][180/390] | Time 0.081 (0.083) | Loss 2.4614 | Accs(C/F/R): 99.99/56.67/58.57 | Gain +1.90%
2025-11-19 22:32:59,177 - INFO  - Epoch: [35][200/390] | Time 0.081 (0.083) | Loss 2.4600 | Accs(C/F/R): 99.99/56.85/58.80 | Gain +1.95%
2025-11-19 22:33:00,808 - INFO  - Epoch: [35][220/390] | Time 0.082 (0.083) | Loss 2.4592 | Accs(C/F/R): 99.99/56.83/58.80 | Gain +1.97%
2025-11-19 22:33:02,459 - INFO  - Epoch: [35][240/390] | Time 0.086 (0.083) | Loss 2.4652 | Accs(C/F/R): 99.99/56.68/58.63 | Gain +1.96%
2025-11-19 22:33:04,090 - INFO  - Epoch: [35][260/390] | Time 0.082 (0.083) | Loss 2.4774 | Accs(C/F/R): 99.99/56.37/58.42 | Gain +2.05%
2025-11-19 22:33:05,770 - INFO  - Epoch: [35][280/390] | Time 0.085 (0.083) | Loss 2.4695 | Accs(C/F/R): 99.99/56.48/58.52 | Gain +2.03%
2025-11-19 22:33:07,409 - INFO  - Epoch: [35][300/390] | Time 0.085 (0.083) | Loss 2.4840 | Accs(C/F/R): 99.99/56.31/58.33 | Gain +2.02%
2025-11-19 22:33:09,058 - INFO  - Epoch: [35][320/390] | Time 0.082 (0.083) | Loss 2.4827 | Accs(C/F/R): 99.99/56.31/58.28 | Gain +1.97%
2025-11-19 22:33:10,718 - INFO  - Epoch: [35][340/390] | Time 0.084 (0.083) | Loss 2.4892 | Accs(C/F/R): 99.99/56.12/58.10 | Gain +1.98%
2025-11-19 22:33:12,360 - INFO  - Epoch: [35][360/390] | Time 0.084 (0.083) | Loss 2.4966 | Accs(C/F/R): 99.99/56.00/57.93 | Gain +1.93%
2025-11-19 22:33:13,999 - INFO  - Epoch: [35][380/390] | Time 0.081 (0.083) | Loss 2.4894 | Accs(C/F/R): 99.99/56.09/58.03 | Gain +1.94%
2025-11-19 22:33:14,866 - INFO  - Epoch 35: Train Loss (scheduler metric) = 2.4964
2025-11-19 22:33:14,888 - INFO  - ([35] Epoch) Saving checkpoint to:
             Current: /root/autodl-tmp/retraining-free-quantization/training/alexnet_cifar10_sensitive_stage2/alexnet_cifar10_sensitive_stage2_restorer_checkpoint.pth.tar

2025-11-19 22:33:14,889 - INFO  - >>>>>>>> Epoch  36
2025-11-19 22:33:14,889 - INFO  - [Stage2] Using random BER sampling [1e-2, 1e-1] for each batch at epoch 36
2025-11-19 22:33:14,889 - INFO  - Entered Stage 2 Restorer Training mode for epoch 36.
2025-11-19 22:33:16,795 - INFO  - Epoch: [36][20/390] | Time 0.082 (0.095) | Loss 2.2331 | Accs(C/F/R): 99.96/60.51/62.50 | Gain +1.99%
2025-11-19 22:33:18,439 - INFO  - Epoch: [36][40/390] | Time 0.085 (0.089) | Loss 2.2485 | Accs(C/F/R): 99.98/60.86/62.66 | Gain +1.80%
2025-11-19 22:33:20,106 - INFO  - Epoch: [36][60/390] | Time 0.082 (0.087) | Loss 2.3586 | Accs(C/F/R): 99.99/58.89/60.90 | Gain +2.01%
2025-11-19 22:33:21,750 - INFO  - Epoch: [36][80/390] | Time 0.082 (0.086) | Loss 2.3947 | Accs(C/F/R): 99.99/58.28/60.38 | Gain +2.10%
2025-11-19 22:33:23,404 - INFO  - Epoch: [36][100/390] | Time 0.081 (0.085) | Loss 2.4263 | Accs(C/F/R): 99.99/57.56/59.58 | Gain +2.02%
2025-11-19 22:33:25,056 - INFO  - Epoch: [36][120/390] | Time 0.084 (0.085) | Loss 2.3913 | Accs(C/F/R): 99.99/58.01/60.06 | Gain +2.04%
2025-11-19 22:33:26,717 - INFO  - Epoch: [36][140/390] | Time 0.083 (0.084) | Loss 2.4036 | Accs(C/F/R): 99.99/57.57/59.75 | Gain +2.18%
2025-11-19 22:33:28,354 - INFO  - Epoch: [36][160/390] | Time 0.082 (0.084) | Loss 2.3967 | Accs(C/F/R): 99.99/57.70/59.87 | Gain +2.17%
2025-11-19 22:33:29,997 - INFO  - Epoch: [36][180/390] | Time 0.082 (0.084) | Loss 2.4258 | Accs(C/F/R): 99.99/57.16/59.31 | Gain +2.15%
2025-11-19 22:33:31,649 - INFO  - Epoch: [36][200/390] | Time 0.082 (0.084) | Loss 2.4823 | Accs(C/F/R): 99.99/56.16/58.33 | Gain +2.17%
2025-11-19 22:33:33,304 - INFO  - Epoch: [36][220/390] | Time 0.083 (0.084) | Loss 2.4873 | Accs(C/F/R): 99.99/56.20/58.28 | Gain +2.08%
2025-11-19 22:33:34,958 - INFO  - Epoch: [36][240/390] | Time 0.085 (0.084) | Loss 2.4968 | Accs(C/F/R): 99.99/56.08/58.15 | Gain +2.07%
2025-11-19 22:33:36,605 - INFO  - Epoch: [36][260/390] | Time 0.084 (0.084) | Loss 2.5079 | Accs(C/F/R): 99.99/55.77/57.87 | Gain +2.10%
2025-11-19 22:33:38,255 - INFO  - Epoch: [36][280/390] | Time 0.084 (0.083) | Loss 2.5117 | Accs(C/F/R): 99.99/55.67/57.76 | Gain +2.09%
2025-11-19 22:33:39,905 - INFO  - Epoch: [36][300/390] | Time 0.081 (0.083) | Loss 2.5068 | Accs(C/F/R): 99.99/55.80/57.85 | Gain +2.05%
2025-11-19 22:33:41,575 - INFO  - Epoch: [36][320/390] | Time 0.083 (0.083) | Loss 2.5099 | Accs(C/F/R): 99.99/55.79/57.87 | Gain +2.08%
2025-11-19 22:33:43,223 - INFO  - Epoch: [36][340/390] | Time 0.084 (0.083) | Loss 2.5176 | Accs(C/F/R): 99.99/55.60/57.70 | Gain +2.11%
2025-11-19 22:33:44,861 - INFO  - Epoch: [36][360/390] | Time 0.082 (0.083) | Loss 2.5260 | Accs(C/F/R): 99.99/55.41/57.55 | Gain +2.14%
2025-11-19 22:33:46,517 - INFO  - Epoch: [36][380/390] | Time 0.081 (0.083) | Loss 2.5113 | Accs(C/F/R): 99.99/55.68/57.80 | Gain +2.12%
2025-11-19 22:33:47,386 - INFO  - Epoch 36: Train Loss (scheduler metric) = 2.5085
2025-11-19 22:33:47,406 - INFO  - ([36] Epoch) Saving checkpoint to:
             Current: /root/autodl-tmp/retraining-free-quantization/training/alexnet_cifar10_sensitive_stage2/alexnet_cifar10_sensitive_stage2_restorer_checkpoint.pth.tar

2025-11-19 22:33:47,406 - INFO  - >>>>>>>> Epoch  37
2025-11-19 22:33:47,406 - INFO  - [Stage2] Using random BER sampling [1e-2, 1e-1] for each batch at epoch 37
2025-11-19 22:33:47,406 - INFO  - Entered Stage 2 Restorer Training mode for epoch 37.
2025-11-19 22:33:49,275 - INFO  - Epoch: [37][20/390] | Time 0.081 (0.093) | Loss 2.5843 | Accs(C/F/R): 100.00/56.13/58.59 | Gain +2.46%
2025-11-19 22:33:50,913 - INFO  - Epoch: [37][40/390] | Time 0.082 (0.088) | Loss 2.6454 | Accs(C/F/R): 100.00/54.39/56.91 | Gain +2.52%
2025-11-19 22:33:52,553 - INFO  - Epoch: [37][60/390] | Time 0.081 (0.086) | Loss 2.6115 | Accs(C/F/R): 100.00/54.62/56.97 | Gain +2.34%
2025-11-19 22:33:54,190 - INFO  - Epoch: [37][80/390] | Time 0.083 (0.085) | Loss 2.5679 | Accs(C/F/R): 100.00/55.26/57.63 | Gain +2.36%
2025-11-19 22:33:55,839 - INFO  - Epoch: [37][100/390] | Time 0.082 (0.084) | Loss 2.5610 | Accs(C/F/R): 100.00/55.35/57.84 | Gain +2.48%
2025-11-19 22:33:57,486 - INFO  - Epoch: [37][120/390] | Time 0.082 (0.084) | Loss 2.5812 | Accs(C/F/R): 100.00/55.14/57.62 | Gain +2.48%
2025-11-19 22:33:59,132 - INFO  - Epoch: [37][140/390] | Time 0.081 (0.084) | Loss 2.5511 | Accs(C/F/R): 100.00/55.42/57.72 | Gain +2.29%
2025-11-19 22:34:00,801 - INFO  - Epoch: [37][160/390] | Time 0.083 (0.084) | Loss 2.5165 | Accs(C/F/R): 99.99/56.05/58.25 | Gain +2.20%
2025-11-19 22:34:02,460 - INFO  - Epoch: [37][180/390] | Time 0.082 (0.084) | Loss 2.5545 | Accs(C/F/R): 99.99/55.48/57.65 | Gain +2.17%
2025-11-19 22:34:04,124 - INFO  - Epoch: [37][200/390] | Time 0.085 (0.084) | Loss 2.5599 | Accs(C/F/R): 99.99/55.12/57.26 | Gain +2.14%
2025-11-19 22:34:05,802 - INFO  - Epoch: [37][220/390] | Time 0.081 (0.084) | Loss 2.5517 | Accs(C/F/R): 99.99/55.18/57.32 | Gain +2.14%
2025-11-19 22:34:07,452 - INFO  - Epoch: [37][240/390] | Time 0.082 (0.084) | Loss 2.5743 | Accs(C/F/R): 99.99/54.73/56.98 | Gain +2.25%
2025-11-19 22:34:09,084 - INFO  - Epoch: [37][260/390] | Time 0.082 (0.083) | Loss 2.5813 | Accs(C/F/R): 99.99/54.56/56.84 | Gain +2.28%
2025-11-19 22:34:10,727 - INFO  - Epoch: [37][280/390] | Time 0.082 (0.083) | Loss 2.5690 | Accs(C/F/R): 99.99/54.85/57.03 | Gain +2.18%
2025-11-19 22:34:12,365 - INFO  - Epoch: [37][300/390] | Time 0.081 (0.083) | Loss 2.5684 | Accs(C/F/R): 99.99/54.78/57.01 | Gain +2.23%
2025-11-19 22:34:14,019 - INFO  - Epoch: [37][320/390] | Time 0.082 (0.083) | Loss 2.5705 | Accs(C/F/R): 99.99/54.72/56.91 | Gain +2.19%
2025-11-19 22:34:15,665 - INFO  - Epoch: [37][340/390] | Time 0.085 (0.083) | Loss 2.5819 | Accs(C/F/R): 99.99/54.53/56.67 | Gain +2.14%
2025-11-19 22:34:17,322 - INFO  - Epoch: [37][360/390] | Time 0.081 (0.083) | Loss 2.5681 | Accs(C/F/R): 99.99/54.76/56.86 | Gain +2.11%
2025-11-19 22:34:18,965 - INFO  - Epoch: [37][380/390] | Time 0.081 (0.083) | Loss 2.5505 | Accs(C/F/R): 99.99/55.14/57.22 | Gain +2.08%
2025-11-19 22:34:19,825 - INFO  - Epoch 37: Train Loss (scheduler metric) = 2.5453
2025-11-19 22:34:19,845 - INFO  - ([37] Epoch) Saving checkpoint to:
             Current: /root/autodl-tmp/retraining-free-quantization/training/alexnet_cifar10_sensitive_stage2/alexnet_cifar10_sensitive_stage2_restorer_checkpoint.pth.tar

2025-11-19 22:34:19,846 - INFO  - >>>>>>>> Epoch  38
2025-11-19 22:34:19,846 - INFO  - [Stage2] Using random BER sampling [1e-2, 1e-1] for each batch at epoch 38
2025-11-19 22:34:19,846 - INFO  - Entered Stage 2 Restorer Training mode for epoch 38.
2025-11-19 22:34:21,743 - INFO  - Epoch: [38][20/390] | Time 0.081 (0.095) | Loss 2.3821 | Accs(C/F/R): 100.00/59.02/61.60 | Gain +2.58%
2025-11-19 22:34:23,396 - INFO  - Epoch: [38][40/390] | Time 0.085 (0.089) | Loss 2.3798 | Accs(C/F/R): 100.00/58.71/60.41 | Gain +1.70%
2025-11-19 22:34:25,031 - INFO  - Epoch: [38][60/390] | Time 0.082 (0.086) | Loss 2.3217 | Accs(C/F/R): 100.00/59.97/61.69 | Gain +1.72%
2025-11-19 22:34:26,672 - INFO  - Epoch: [38][80/390] | Time 0.081 (0.085) | Loss 2.3351 | Accs(C/F/R): 99.99/59.68/61.54 | Gain +1.87%
2025-11-19 22:34:28,315 - INFO  - Epoch: [38][100/390] | Time 0.081 (0.085) | Loss 2.3734 | Accs(C/F/R): 99.98/58.87/60.53 | Gain +1.66%
2025-11-19 22:34:29,976 - INFO  - Epoch: [38][120/390] | Time 0.086 (0.084) | Loss 2.3849 | Accs(C/F/R): 99.99/58.54/60.14 | Gain +1.60%
2025-11-19 22:34:31,624 - INFO  - Epoch: [38][140/390] | Time 0.085 (0.084) | Loss 2.3863 | Accs(C/F/R): 99.99/58.55/60.18 | Gain +1.62%
2025-11-19 22:34:33,271 - INFO  - Epoch: [38][160/390] | Time 0.083 (0.084) | Loss 2.4372 | Accs(C/F/R): 99.99/57.55/59.29 | Gain +1.74%
2025-11-19 22:34:34,915 - INFO  - Epoch: [38][180/390] | Time 0.081 (0.084) | Loss 2.4031 | Accs(C/F/R): 99.99/58.18/59.97 | Gain +1.79%
2025-11-19 22:34:36,562 - INFO  - Epoch: [38][200/390] | Time 0.081 (0.084) | Loss 2.4017 | Accs(C/F/R): 99.99/58.26/60.04 | Gain +1.78%
2025-11-19 22:34:38,224 - INFO  - Epoch: [38][220/390] | Time 0.082 (0.084) | Loss 2.4375 | Accs(C/F/R): 99.99/57.44/59.27 | Gain +1.83%
2025-11-19 22:34:39,865 - INFO  - Epoch: [38][240/390] | Time 0.081 (0.083) | Loss 2.4436 | Accs(C/F/R): 99.99/57.27/59.11 | Gain +1.84%
2025-11-19 22:34:41,494 - INFO  - Epoch: [38][260/390] | Time 0.081 (0.083) | Loss 2.4390 | Accs(C/F/R): 99.99/57.38/59.27 | Gain +1.89%
2025-11-19 22:34:43,125 - INFO  - Epoch: [38][280/390] | Time 0.081 (0.083) | Loss 2.4263 | Accs(C/F/R): 99.99/57.50/59.44 | Gain +1.94%
2025-11-19 22:34:44,750 - INFO  - Epoch: [38][300/390] | Time 0.081 (0.083) | Loss 2.4165 | Accs(C/F/R): 99.99/57.63/59.55 | Gain +1.92%
2025-11-19 22:34:46,382 - INFO  - Epoch: [38][320/390] | Time 0.082 (0.083) | Loss 2.4266 | Accs(C/F/R): 99.99/57.37/59.35 | Gain +1.98%
2025-11-19 22:34:48,001 - INFO  - Epoch: [38][340/390] | Time 0.081 (0.083) | Loss 2.4298 | Accs(C/F/R): 99.99/57.36/59.29 | Gain +1.94%
2025-11-19 22:34:49,627 - INFO  - Epoch: [38][360/390] | Time 0.081 (0.083) | Loss 2.4360 | Accs(C/F/R): 99.99/57.22/59.14 | Gain +1.92%
2025-11-19 22:34:51,258 - INFO  - Epoch: [38][380/390] | Time 0.081 (0.083) | Loss 2.4642 | Accs(C/F/R): 99.99/56.65/58.62 | Gain +1.97%
2025-11-19 22:34:52,143 - INFO  - Epoch 38: Train Loss (scheduler metric) = 2.4627
2025-11-19 22:34:52,164 - INFO  - ([38] Epoch) Saving checkpoint to:
             Current: /root/autodl-tmp/retraining-free-quantization/training/alexnet_cifar10_sensitive_stage2/alexnet_cifar10_sensitive_stage2_restorer_checkpoint.pth.tar

2025-11-19 22:34:52,164 - INFO  - >>>>>>>> Epoch  39
2025-11-19 22:34:52,164 - INFO  - [Stage2] Using random BER sampling [1e-2, 1e-1] for each batch at epoch 39
2025-11-19 22:34:52,164 - INFO  - Entered Stage 2 Restorer Training mode for epoch 39.
2025-11-19 22:34:54,080 - INFO  - Epoch: [39][20/390] | Time 0.083 (0.096) | Loss 2.3383 | Accs(C/F/R): 99.96/57.85/59.88 | Gain +2.03%
2025-11-19 22:34:55,747 - INFO  - Epoch: [39][40/390] | Time 0.084 (0.090) | Loss 2.4570 | Accs(C/F/R): 99.98/57.40/59.41 | Gain +2.01%
2025-11-19 22:34:57,409 - INFO  - Epoch: [39][60/390] | Time 0.084 (0.087) | Loss 2.4155 | Accs(C/F/R): 99.99/58.39/60.00 | Gain +1.61%
2025-11-19 22:34:59,067 - INFO  - Epoch: [39][80/390] | Time 0.082 (0.086) | Loss 2.4491 | Accs(C/F/R): 99.99/57.68/59.18 | Gain +1.50%
2025-11-19 22:35:00,718 - INFO  - Epoch: [39][100/390] | Time 0.081 (0.086) | Loss 2.4720 | Accs(C/F/R): 99.99/57.05/58.78 | Gain +1.73%
2025-11-19 22:35:02,364 - INFO  - Epoch: [39][120/390] | Time 0.082 (0.085) | Loss 2.4901 | Accs(C/F/R): 99.99/56.73/58.63 | Gain +1.90%
2025-11-19 22:35:04,011 - INFO  - Epoch: [39][140/390] | Time 0.081 (0.085) | Loss 2.4697 | Accs(C/F/R): 99.99/56.96/58.83 | Gain +1.87%
2025-11-19 22:35:05,661 - INFO  - Epoch: [39][160/390] | Time 0.082 (0.084) | Loss 2.4877 | Accs(C/F/R): 99.99/56.71/58.64 | Gain +1.93%
2025-11-19 22:35:07,307 - INFO  - Epoch: [39][180/390] | Time 0.083 (0.084) | Loss 2.4657 | Accs(C/F/R): 99.99/56.97/58.95 | Gain +1.99%
2025-11-19 22:35:08,952 - INFO  - Epoch: [39][200/390] | Time 0.082 (0.084) | Loss 2.4841 | Accs(C/F/R): 99.99/56.40/58.41 | Gain +2.01%
2025-11-19 22:35:10,593 - INFO  - Epoch: [39][220/390] | Time 0.082 (0.084) | Loss 2.4827 | Accs(C/F/R): 99.99/56.36/58.40 | Gain +2.03%
2025-11-19 22:35:12,246 - INFO  - Epoch: [39][240/390] | Time 0.083 (0.084) | Loss 2.4850 | Accs(C/F/R): 99.98/56.27/58.33 | Gain +2.06%
2025-11-19 22:35:13,886 - INFO  - Epoch: [39][260/390] | Time 0.082 (0.084) | Loss 2.5066 | Accs(C/F/R): 99.98/55.83/57.86 | Gain +2.03%
2025-11-19 22:35:15,541 - INFO  - Epoch: [39][280/390] | Time 0.082 (0.083) | Loss 2.5219 | Accs(C/F/R): 99.99/55.57/57.62 | Gain +2.05%
2025-11-19 22:35:17,207 - INFO  - Epoch: [39][300/390] | Time 0.081 (0.083) | Loss 2.5251 | Accs(C/F/R): 99.99/55.48/57.56 | Gain +2.08%
2025-11-19 22:35:18,862 - INFO  - Epoch: [39][320/390] | Time 0.085 (0.083) | Loss 2.5450 | Accs(C/F/R): 99.99/55.17/57.28 | Gain +2.11%
2025-11-19 22:35:20,498 - INFO  - Epoch: [39][340/390] | Time 0.081 (0.083) | Loss 2.5457 | Accs(C/F/R): 99.99/55.14/57.23 | Gain +2.09%
2025-11-19 22:35:22,154 - INFO  - Epoch: [39][360/390] | Time 0.081 (0.083) | Loss 2.5329 | Accs(C/F/R): 99.99/55.42/57.50 | Gain +2.09%
2025-11-19 22:35:23,785 - INFO  - Epoch: [39][380/390] | Time 0.081 (0.083) | Loss 2.5286 | Accs(C/F/R): 99.99/55.37/57.50 | Gain +2.13%
2025-11-19 22:35:24,649 - INFO  - Epoch 39: Train Loss (scheduler metric) = 2.5261
2025-11-19 22:35:24,675 - INFO  - ([39] Epoch) Saving checkpoint to:
             Current: /root/autodl-tmp/retraining-free-quantization/training/alexnet_cifar10_sensitive_stage2/alexnet_cifar10_sensitive_stage2_restorer_checkpoint.pth.tar

2025-11-19 22:35:24,675 - INFO  - >>>>>>>> Epoch  40
2025-11-19 22:35:24,675 - INFO  - [Stage2] Using random BER sampling [1e-2, 1e-1] for each batch at epoch 40
2025-11-19 22:35:24,675 - INFO  - Entered Stage 2 Restorer Training mode for epoch 40.
2025-11-19 22:35:26,562 - INFO  - Epoch: [40][20/390] | Time 0.081 (0.094) | Loss 2.0701 | Accs(C/F/R): 100.00/64.10/66.25 | Gain +2.15%
2025-11-19 22:35:28,206 - INFO  - Epoch: [40][40/390] | Time 0.084 (0.088) | Loss 2.4605 | Accs(C/F/R): 100.00/57.56/58.73 | Gain +1.17%
2025-11-19 22:35:29,845 - INFO  - Epoch: [40][60/390] | Time 0.081 (0.086) | Loss 2.4771 | Accs(C/F/R): 100.00/57.20/58.68 | Gain +1.48%
2025-11-19 22:35:31,503 - INFO  - Epoch: [40][80/390] | Time 0.082 (0.085) | Loss 2.5317 | Accs(C/F/R): 100.00/56.46/57.96 | Gain +1.50%
2025-11-19 22:35:33,167 - INFO  - Epoch: [40][100/390] | Time 0.086 (0.085) | Loss 2.4853 | Accs(C/F/R): 100.00/56.64/58.24 | Gain +1.60%
2025-11-19 22:35:34,813 - INFO  - Epoch: [40][120/390] | Time 0.082 (0.084) | Loss 2.4532 | Accs(C/F/R): 100.00/56.84/58.63 | Gain +1.78%
2025-11-19 22:35:36,471 - INFO  - Epoch: [40][140/390] | Time 0.085 (0.084) | Loss 2.4644 | Accs(C/F/R): 99.99/56.95/58.68 | Gain +1.73%
2025-11-19 22:35:38,126 - INFO  - Epoch: [40][160/390] | Time 0.083 (0.084) | Loss 2.4950 | Accs(C/F/R): 100.00/56.33/58.10 | Gain +1.77%
2025-11-19 22:35:39,777 - INFO  - Epoch: [40][180/390] | Time 0.082 (0.084) | Loss 2.5029 | Accs(C/F/R): 100.00/56.22/58.07 | Gain +1.85%
2025-11-19 22:35:41,437 - INFO  - Epoch: [40][200/390] | Time 0.082 (0.084) | Loss 2.4845 | Accs(C/F/R): 100.00/56.62/58.43 | Gain +1.80%
2025-11-19 22:35:43,085 - INFO  - Epoch: [40][220/390] | Time 0.081 (0.084) | Loss 2.4711 | Accs(C/F/R): 100.00/56.80/58.68 | Gain +1.88%
2025-11-19 22:35:44,757 - INFO  - Epoch: [40][240/390] | Time 0.085 (0.084) | Loss 2.4627 | Accs(C/F/R): 100.00/56.88/58.77 | Gain +1.89%
2025-11-19 22:35:46,408 - INFO  - Epoch: [40][260/390] | Time 0.081 (0.084) | Loss 2.4864 | Accs(C/F/R): 100.00/56.35/58.26 | Gain +1.91%
2025-11-19 22:35:48,064 - INFO  - Epoch: [40][280/390] | Time 0.082 (0.084) | Loss 2.5162 | Accs(C/F/R): 100.00/55.77/57.66 | Gain +1.89%
2025-11-19 22:35:49,716 - INFO  - Epoch: [40][300/390] | Time 0.081 (0.083) | Loss 2.5354 | Accs(C/F/R): 100.00/55.46/57.33 | Gain +1.87%
2025-11-19 22:35:51,375 - INFO  - Epoch: [40][320/390] | Time 0.082 (0.083) | Loss 2.5396 | Accs(C/F/R): 100.00/55.27/57.16 | Gain +1.89%
2025-11-19 22:35:53,020 - INFO  - Epoch: [40][340/390] | Time 0.081 (0.083) | Loss 2.5316 | Accs(C/F/R): 100.00/55.43/57.33 | Gain +1.91%
2025-11-19 22:35:54,688 - INFO  - Epoch: [40][360/390] | Time 0.081 (0.083) | Loss 2.5250 | Accs(C/F/R): 100.00/55.32/57.27 | Gain +1.94%
2025-11-19 22:35:56,329 - INFO  - Epoch: [40][380/390] | Time 0.083 (0.083) | Loss 2.5313 | Accs(C/F/R): 100.00/55.11/57.12 | Gain +2.01%
2025-11-19 22:35:57,205 - INFO  - Epoch 40: Train Loss (scheduler metric) = 2.5298
2025-11-19 22:35:57,225 - INFO  - ([40] Epoch) Saving checkpoint to:
             Current: /root/autodl-tmp/retraining-free-quantization/training/alexnet_cifar10_sensitive_stage2/alexnet_cifar10_sensitive_stage2_restorer_checkpoint.pth.tar

2025-11-19 22:35:57,225 - INFO  - >>>>>>>> Epoch  41
2025-11-19 22:35:57,225 - INFO  - [Stage2] Using random BER sampling [1e-2, 1e-1] for each batch at epoch 41
2025-11-19 22:35:57,225 - INFO  - Entered Stage 2 Restorer Training mode for epoch 41.
2025-11-19 22:35:59,087 - INFO  - Epoch: [41][20/390] | Time 0.081 (0.093) | Loss 2.8296 | Accs(C/F/R): 99.96/49.80/51.99 | Gain +2.19%
2025-11-19 22:36:00,731 - INFO  - Epoch: [41][40/390] | Time 0.083 (0.088) | Loss 2.7836 | Accs(C/F/R): 99.98/50.51/52.73 | Gain +2.23%
2025-11-19 22:36:02,395 - INFO  - Epoch: [41][60/390] | Time 0.082 (0.086) | Loss 2.6490 | Accs(C/F/R): 99.99/52.57/54.78 | Gain +2.21%
2025-11-19 22:36:04,057 - INFO  - Epoch: [41][80/390] | Time 0.081 (0.085) | Loss 2.6487 | Accs(C/F/R): 99.99/52.53/54.69 | Gain +2.16%
2025-11-19 22:36:05,709 - INFO  - Epoch: [41][100/390] | Time 0.084 (0.085) | Loss 2.6931 | Accs(C/F/R): 99.99/51.38/53.73 | Gain +2.36%
2025-11-19 22:36:07,362 - INFO  - Epoch: [41][120/390] | Time 0.081 (0.084) | Loss 2.6595 | Accs(C/F/R): 99.99/51.92/54.16 | Gain +2.24%
2025-11-19 22:36:09,015 - INFO  - Epoch: [41][140/390] | Time 0.081 (0.084) | Loss 2.6362 | Accs(C/F/R): 99.99/52.59/54.74 | Gain +2.15%
2025-11-19 22:36:10,663 - INFO  - Epoch: [41][160/390] | Time 0.081 (0.084) | Loss 2.5929 | Accs(C/F/R): 99.99/53.50/55.54 | Gain +2.05%
2025-11-19 22:36:12,311 - INFO  - Epoch: [41][180/390] | Time 0.081 (0.084) | Loss 2.6376 | Accs(C/F/R): 99.99/52.71/54.77 | Gain +2.06%
2025-11-19 22:36:13,967 - INFO  - Epoch: [41][200/390] | Time 0.089 (0.084) | Loss 2.6134 | Accs(C/F/R): 99.99/53.33/55.46 | Gain +2.13%
2025-11-19 22:36:15,629 - INFO  - Epoch: [41][220/390] | Time 0.084 (0.084) | Loss 2.6040 | Accs(C/F/R): 99.99/53.43/55.60 | Gain +2.16%
2025-11-19 22:36:17,281 - INFO  - Epoch: [41][240/390] | Time 0.082 (0.084) | Loss 2.5811 | Accs(C/F/R): 99.99/53.94/56.06 | Gain +2.12%
2025-11-19 22:36:18,930 - INFO  - Epoch: [41][260/390] | Time 0.081 (0.083) | Loss 2.5666 | Accs(C/F/R): 99.99/54.20/56.33 | Gain +2.12%
2025-11-19 22:36:20,573 - INFO  - Epoch: [41][280/390] | Time 0.084 (0.083) | Loss 2.5247 | Accs(C/F/R): 99.99/55.10/57.25 | Gain +2.15%
2025-11-19 22:36:22,216 - INFO  - Epoch: [41][300/390] | Time 0.082 (0.083) | Loss 2.5227 | Accs(C/F/R): 99.99/55.11/57.30 | Gain +2.19%
2025-11-19 22:36:23,857 - INFO  - Epoch: [41][320/390] | Time 0.083 (0.083) | Loss 2.5282 | Accs(C/F/R): 99.99/55.05/57.25 | Gain +2.20%
2025-11-19 22:36:25,494 - INFO  - Epoch: [41][340/390] | Time 0.081 (0.083) | Loss 2.5209 | Accs(C/F/R): 99.98/55.19/57.44 | Gain +2.25%
2025-11-19 22:36:27,143 - INFO  - Epoch: [41][360/390] | Time 0.082 (0.083) | Loss 2.5166 | Accs(C/F/R): 99.98/55.34/57.51 | Gain +2.17%
2025-11-19 22:36:28,793 - INFO  - Epoch: [41][380/390] | Time 0.082 (0.083) | Loss 2.5177 | Accs(C/F/R): 99.99/55.30/57.48 | Gain +2.18%
2025-11-19 22:36:29,659 - INFO  - Epoch 41: Train Loss (scheduler metric) = 2.5198
2025-11-19 22:36:29,679 - INFO  - ([41] Epoch) Saving checkpoint to:
             Current: /root/autodl-tmp/retraining-free-quantization/training/alexnet_cifar10_sensitive_stage2/alexnet_cifar10_sensitive_stage2_restorer_checkpoint.pth.tar

2025-11-19 22:36:29,680 - INFO  - >>>>>>>> Epoch  42
2025-11-19 22:36:29,680 - INFO  - [Stage2] Using random BER sampling [1e-2, 1e-1] for each batch at epoch 42
2025-11-19 22:36:29,680 - INFO  - Entered Stage 2 Restorer Training mode for epoch 42.
2025-11-19 22:36:31,516 - INFO  - Epoch: [42][20/390] | Time 0.082 (0.092) | Loss 2.4166 | Accs(C/F/R): 100.00/58.24/60.39 | Gain +2.15%
2025-11-19 22:36:33,148 - INFO  - Epoch: [42][40/390] | Time 0.081 (0.087) | Loss 2.4748 | Accs(C/F/R): 100.00/57.48/59.06 | Gain +1.58%
2025-11-19 22:36:34,789 - INFO  - Epoch: [42][60/390] | Time 0.081 (0.085) | Loss 2.5072 | Accs(C/F/R): 100.00/56.47/58.28 | Gain +1.81%
2025-11-19 22:36:36,433 - INFO  - Epoch: [42][80/390] | Time 0.082 (0.084) | Loss 2.4606 | Accs(C/F/R): 99.98/57.30/59.23 | Gain +1.92%
2025-11-19 22:36:38,057 - INFO  - Epoch: [42][100/390] | Time 0.081 (0.084) | Loss 2.4974 | Accs(C/F/R): 99.98/56.30/58.37 | Gain +2.07%
2025-11-19 22:36:39,697 - INFO  - Epoch: [42][120/390] | Time 0.081 (0.083) | Loss 2.5181 | Accs(C/F/R): 99.98/55.73/57.82 | Gain +2.09%
2025-11-19 22:36:41,329 - INFO  - Epoch: [42][140/390] | Time 0.081 (0.083) | Loss 2.5609 | Accs(C/F/R): 99.98/54.84/57.07 | Gain +2.23%
2025-11-19 22:36:42,981 - INFO  - Epoch: [42][160/390] | Time 0.086 (0.083) | Loss 2.4847 | Accs(C/F/R): 99.99/56.18/58.29 | Gain +2.11%
2025-11-19 22:36:44,634 - INFO  - Epoch: [42][180/390] | Time 0.082 (0.083) | Loss 2.4859 | Accs(C/F/R): 99.98/56.06/58.17 | Gain +2.11%
2025-11-19 22:36:46,288 - INFO  - Epoch: [42][200/390] | Time 0.082 (0.083) | Loss 2.5077 | Accs(C/F/R): 99.98/55.62/57.72 | Gain +2.10%
2025-11-19 22:36:47,932 - INFO  - Epoch: [42][220/390] | Time 0.084 (0.083) | Loss 2.4878 | Accs(C/F/R): 99.98/55.87/57.96 | Gain +2.08%
2025-11-19 22:36:49,581 - INFO  - Epoch: [42][240/390] | Time 0.082 (0.083) | Loss 2.5179 | Accs(C/F/R): 99.98/55.28/57.43 | Gain +2.15%
2025-11-19 22:36:51,222 - INFO  - Epoch: [42][260/390] | Time 0.082 (0.083) | Loss 2.5185 | Accs(C/F/R): 99.98/55.25/57.38 | Gain +2.14%
2025-11-19 22:36:52,882 - INFO  - Epoch: [42][280/390] | Time 0.086 (0.083) | Loss 2.5169 | Accs(C/F/R): 99.98/55.19/57.33 | Gain +2.14%
2025-11-19 22:36:54,530 - INFO  - Epoch: [42][300/390] | Time 0.083 (0.083) | Loss 2.5240 | Accs(C/F/R): 99.98/55.02/57.19 | Gain +2.17%
2025-11-19 22:36:56,193 - INFO  - Epoch: [42][320/390] | Time 0.082 (0.083) | Loss 2.5238 | Accs(C/F/R): 99.98/55.09/57.30 | Gain +2.21%
2025-11-19 22:36:57,859 - INFO  - Epoch: [42][340/390] | Time 0.085 (0.083) | Loss 2.5194 | Accs(C/F/R): 99.98/55.08/57.33 | Gain +2.24%
2025-11-19 22:36:59,507 - INFO  - Epoch: [42][360/390] | Time 0.082 (0.083) | Loss 2.5194 | Accs(C/F/R): 99.98/55.07/57.27 | Gain +2.19%
2025-11-19 22:37:01,156 - INFO  - Epoch: [42][380/390] | Time 0.085 (0.083) | Loss 2.5226 | Accs(C/F/R): 99.99/55.05/57.28 | Gain +2.23%
2025-11-19 22:37:02,027 - INFO  - Epoch 42: Train Loss (scheduler metric) = 2.5172
2025-11-19 22:37:02,049 - INFO  - ([42] Epoch) Saving checkpoint to:
             Current: /root/autodl-tmp/retraining-free-quantization/training/alexnet_cifar10_sensitive_stage2/alexnet_cifar10_sensitive_stage2_restorer_checkpoint.pth.tar

2025-11-19 22:37:02,049 - INFO  - >>>>>>>> Epoch  43
2025-11-19 22:37:02,049 - INFO  - [Stage2] Using random BER sampling [1e-2, 1e-1] for each batch at epoch 43
2025-11-19 22:37:02,049 - INFO  - Entered Stage 2 Restorer Training mode for epoch 43.
2025-11-19 22:37:03,951 - INFO  - Epoch: [43][20/390] | Time 0.082 (0.095) | Loss 2.6144 | Accs(C/F/R): 100.00/52.58/55.31 | Gain +2.73%
2025-11-19 22:37:05,613 - INFO  - Epoch: [43][40/390] | Time 0.082 (0.089) | Loss 2.6872 | Accs(C/F/R): 100.00/52.60/55.00 | Gain +2.40%
2025-11-19 22:37:07,254 - INFO  - Epoch: [43][60/390] | Time 0.085 (0.087) | Loss 2.5836 | Accs(C/F/R): 100.00/54.51/56.82 | Gain +2.32%
2025-11-19 22:37:08,901 - INFO  - Epoch: [43][80/390] | Time 0.084 (0.086) | Loss 2.6314 | Accs(C/F/R): 100.00/53.54/55.58 | Gain +2.03%
2025-11-19 22:37:10,530 - INFO  - Epoch: [43][100/390] | Time 0.081 (0.085) | Loss 2.6419 | Accs(C/F/R): 100.00/53.30/55.27 | Gain +1.97%
2025-11-19 22:37:12,172 - INFO  - Epoch: [43][120/390] | Time 0.083 (0.084) | Loss 2.6447 | Accs(C/F/R): 100.00/53.56/55.57 | Gain +2.01%
2025-11-19 22:37:13,817 - INFO  - Epoch: [43][140/390] | Time 0.081 (0.084) | Loss 2.6287 | Accs(C/F/R): 99.99/53.85/55.89 | Gain +2.04%
2025-11-19 22:37:15,463 - INFO  - Epoch: [43][160/390] | Time 0.083 (0.084) | Loss 2.6023 | Accs(C/F/R): 100.00/54.25/56.31 | Gain +2.06%
2025-11-19 22:37:17,127 - INFO  - Epoch: [43][180/390] | Time 0.083 (0.084) | Loss 2.5639 | Accs(C/F/R): 100.00/54.87/56.86 | Gain +1.98%
2025-11-19 22:37:18,769 - INFO  - Epoch: [43][200/390] | Time 0.083 (0.084) | Loss 2.5533 | Accs(C/F/R): 99.99/55.04/57.04 | Gain +1.99%
2025-11-19 22:37:20,405 - INFO  - Epoch: [43][220/390] | Time 0.085 (0.083) | Loss 2.5494 | Accs(C/F/R): 99.99/55.26/57.29 | Gain +2.02%
2025-11-19 22:37:22,057 - INFO  - Epoch: [43][240/390] | Time 0.082 (0.083) | Loss 2.5600 | Accs(C/F/R): 99.99/55.20/57.24 | Gain +2.04%
2025-11-19 22:37:23,704 - INFO  - Epoch: [43][260/390] | Time 0.084 (0.083) | Loss 2.5328 | Accs(C/F/R): 99.98/55.65/57.63 | Gain +1.98%
2025-11-19 22:37:25,347 - INFO  - Epoch: [43][280/390] | Time 0.082 (0.083) | Loss 2.5186 | Accs(C/F/R): 99.99/55.81/57.76 | Gain +1.95%
2025-11-19 22:37:26,978 - INFO  - Epoch: [43][300/390] | Time 0.082 (0.083) | Loss 2.5101 | Accs(C/F/R): 99.99/55.86/57.86 | Gain +2.00%
2025-11-19 22:37:28,640 - INFO  - Epoch: [43][320/390] | Time 0.081 (0.083) | Loss 2.5046 | Accs(C/F/R): 99.99/55.98/57.98 | Gain +2.00%
2025-11-19 22:37:30,273 - INFO  - Epoch: [43][340/390] | Time 0.082 (0.083) | Loss 2.5326 | Accs(C/F/R): 99.99/55.48/57.52 | Gain +2.03%
2025-11-19 22:37:31,910 - INFO  - Epoch: [43][360/390] | Time 0.081 (0.083) | Loss 2.5268 | Accs(C/F/R): 99.99/55.54/57.59 | Gain +2.05%
2025-11-19 22:37:33,559 - INFO  - Epoch: [43][380/390] | Time 0.082 (0.083) | Loss 2.5303 | Accs(C/F/R): 99.99/55.56/57.58 | Gain +2.02%
2025-11-19 22:37:34,423 - INFO  - Epoch 43: Train Loss (scheduler metric) = 2.5136
2025-11-19 22:37:34,443 - INFO  - ([43] Epoch) Saving checkpoint to:
             Current: /root/autodl-tmp/retraining-free-quantization/training/alexnet_cifar10_sensitive_stage2/alexnet_cifar10_sensitive_stage2_restorer_checkpoint.pth.tar

2025-11-19 22:37:34,443 - INFO  - >>>>>>>> Epoch  44
2025-11-19 22:37:34,443 - INFO  - [Stage2] Using random BER sampling [1e-2, 1e-1] for each batch at epoch 44
2025-11-19 22:37:34,443 - INFO  - Entered Stage 2 Restorer Training mode for epoch 44.
2025-11-19 22:37:36,341 - INFO  - Epoch: [44][20/390] | Time 0.081 (0.095) | Loss 2.6209 | Accs(C/F/R): 100.00/54.49/56.64 | Gain +2.15%
2025-11-19 22:37:37,991 - INFO  - Epoch: [44][40/390] | Time 0.081 (0.089) | Loss 2.5026 | Accs(C/F/R): 100.00/56.41/58.38 | Gain +1.97%
2025-11-19 22:37:39,636 - INFO  - Epoch: [44][60/390] | Time 0.082 (0.087) | Loss 2.4839 | Accs(C/F/R): 100.00/56.48/58.58 | Gain +2.10%
2025-11-19 22:37:41,276 - INFO  - Epoch: [44][80/390] | Time 0.082 (0.085) | Loss 2.4802 | Accs(C/F/R): 100.00/56.51/58.68 | Gain +2.17%
2025-11-19 22:37:42,926 - INFO  - Epoch: [44][100/390] | Time 0.082 (0.085) | Loss 2.4682 | Accs(C/F/R): 99.99/56.68/58.62 | Gain +1.95%
2025-11-19 22:37:44,573 - INFO  - Epoch: [44][120/390] | Time 0.082 (0.084) | Loss 2.4893 | Accs(C/F/R): 99.99/56.19/58.17 | Gain +1.98%
2025-11-19 22:37:46,214 - INFO  - Epoch: [44][140/390] | Time 0.082 (0.084) | Loss 2.5277 | Accs(C/F/R): 99.99/55.53/57.53 | Gain +2.00%
2025-11-19 22:37:47,864 - INFO  - Epoch: [44][160/390] | Time 0.083 (0.084) | Loss 2.5234 | Accs(C/F/R): 99.99/55.62/57.55 | Gain +1.92%
2025-11-19 22:37:49,515 - INFO  - Epoch: [44][180/390] | Time 0.083 (0.084) | Loss 2.5148 | Accs(C/F/R): 99.99/55.68/57.75 | Gain +2.07%
2025-11-19 22:37:51,160 - INFO  - Epoch: [44][200/390] | Time 0.082 (0.084) | Loss 2.5223 | Accs(C/F/R): 99.99/55.62/57.64 | Gain +2.02%
2025-11-19 22:37:52,813 - INFO  - Epoch: [44][220/390] | Time 0.082 (0.083) | Loss 2.4967 | Accs(C/F/R): 99.99/55.93/57.93 | Gain +2.01%
2025-11-19 22:37:54,480 - INFO  - Epoch: [44][240/390] | Time 0.085 (0.083) | Loss 2.5141 | Accs(C/F/R): 99.99/55.53/57.58 | Gain +2.05%
2025-11-19 22:37:56,124 - INFO  - Epoch: [44][260/390] | Time 0.084 (0.083) | Loss 2.5163 | Accs(C/F/R): 99.99/55.53/57.59 | Gain +2.06%
2025-11-19 22:37:57,770 - INFO  - Epoch: [44][280/390] | Time 0.085 (0.083) | Loss 2.4852 | Accs(C/F/R): 99.99/56.05/58.12 | Gain +2.08%
2025-11-19 22:37:59,420 - INFO  - Epoch: [44][300/390] | Time 0.081 (0.083) | Loss 2.4909 | Accs(C/F/R): 99.99/55.96/57.98 | Gain +2.02%
2025-11-19 22:38:01,071 - INFO  - Epoch: [44][320/390] | Time 0.083 (0.083) | Loss 2.4931 | Accs(C/F/R): 99.99/55.98/57.98 | Gain +2.00%
2025-11-19 22:38:02,717 - INFO  - Epoch: [44][340/390] | Time 0.082 (0.083) | Loss 2.4923 | Accs(C/F/R): 99.99/55.92/57.95 | Gain +2.03%
2025-11-19 22:38:04,361 - INFO  - Epoch: [44][360/390] | Time 0.081 (0.083) | Loss 2.5005 | Accs(C/F/R): 99.98/55.71/57.76 | Gain +2.05%
2025-11-19 22:38:05,995 - INFO  - Epoch: [44][380/390] | Time 0.085 (0.083) | Loss 2.4812 | Accs(C/F/R): 99.99/56.04/58.09 | Gain +2.05%
2025-11-19 22:38:06,856 - INFO  - Epoch 44: Train Loss (scheduler metric) = 2.4833
2025-11-19 22:38:06,879 - INFO  - ([44] Epoch) Saving checkpoint to:
             Current: /root/autodl-tmp/retraining-free-quantization/training/alexnet_cifar10_sensitive_stage2/alexnet_cifar10_sensitive_stage2_restorer_checkpoint.pth.tar

2025-11-19 22:38:06,879 - INFO  - >>>>>>>> Epoch  45
2025-11-19 22:38:06,880 - INFO  - [Stage2] Using random BER sampling [1e-2, 1e-1] for each batch at epoch 45
2025-11-19 22:38:06,880 - INFO  - Entered Stage 2 Restorer Training mode for epoch 45.
2025-11-19 22:38:08,752 - INFO  - Epoch: [45][20/390] | Time 0.083 (0.094) | Loss 2.5922 | Accs(C/F/R): 100.00/55.16/57.38 | Gain +2.23%
2025-11-19 22:38:10,400 - INFO  - Epoch: [45][40/390] | Time 0.081 (0.088) | Loss 2.5498 | Accs(C/F/R): 100.00/55.21/57.32 | Gain +2.11%
2025-11-19 22:38:12,037 - INFO  - Epoch: [45][60/390] | Time 0.082 (0.086) | Loss 2.5693 | Accs(C/F/R): 100.00/54.35/56.71 | Gain +2.36%
2025-11-19 22:38:13,674 - INFO  - Epoch: [45][80/390] | Time 0.081 (0.085) | Loss 2.5451 | Accs(C/F/R): 100.00/54.99/57.33 | Gain +2.34%
2025-11-19 22:38:15,308 - INFO  - Epoch: [45][100/390] | Time 0.081 (0.084) | Loss 2.5404 | Accs(C/F/R): 100.00/55.13/57.33 | Gain +2.20%
2025-11-19 22:38:16,957 - INFO  - Epoch: [45][120/390] | Time 0.082 (0.084) | Loss 2.6046 | Accs(C/F/R): 100.00/54.33/56.52 | Gain +2.19%
2025-11-19 22:38:18,604 - INFO  - Epoch: [45][140/390] | Time 0.081 (0.084) | Loss 2.5799 | Accs(C/F/R): 100.00/54.85/56.98 | Gain +2.13%
2025-11-19 22:38:20,245 - INFO  - Epoch: [45][160/390] | Time 0.082 (0.084) | Loss 2.5694 | Accs(C/F/R): 100.00/55.11/57.24 | Gain +2.13%
2025-11-19 22:38:21,868 - INFO  - Epoch: [45][180/390] | Time 0.081 (0.083) | Loss 2.5662 | Accs(C/F/R): 100.00/55.19/57.34 | Gain +2.16%
2025-11-19 22:38:23,498 - INFO  - Epoch: [45][200/390] | Time 0.081 (0.083) | Loss 2.5666 | Accs(C/F/R): 100.00/55.02/57.13 | Gain +2.11%
2025-11-19 22:38:25,118 - INFO  - Epoch: [45][220/390] | Time 0.081 (0.083) | Loss 2.6007 | Accs(C/F/R): 100.00/54.44/56.42 | Gain +1.98%
2025-11-19 22:38:26,754 - INFO  - Epoch: [45][240/390] | Time 0.081 (0.083) | Loss 2.5585 | Accs(C/F/R): 100.00/55.19/57.19 | Gain +2.00%
2025-11-19 22:38:28,377 - INFO  - Epoch: [45][260/390] | Time 0.082 (0.083) | Loss 2.5631 | Accs(C/F/R): 100.00/55.06/57.00 | Gain +1.93%
2025-11-19 22:38:30,004 - INFO  - Epoch: [45][280/390] | Time 0.081 (0.083) | Loss 2.5559 | Accs(C/F/R): 99.99/55.02/57.02 | Gain +2.00%
2025-11-19 22:38:31,634 - INFO  - Epoch: [45][300/390] | Time 0.082 (0.083) | Loss 2.5686 | Accs(C/F/R): 99.99/54.75/56.71 | Gain +1.97%
2025-11-19 22:38:33,289 - INFO  - Epoch: [45][320/390] | Time 0.084 (0.083) | Loss 2.5511 | Accs(C/F/R): 99.99/55.03/56.99 | Gain +1.96%
2025-11-19 22:38:34,951 - INFO  - Epoch: [45][340/390] | Time 0.083 (0.083) | Loss 2.5545 | Accs(C/F/R): 99.99/54.96/56.90 | Gain +1.94%
2025-11-19 22:38:36,628 - INFO  - Epoch: [45][360/390] | Time 0.083 (0.083) | Loss 2.5630 | Accs(C/F/R): 99.99/54.87/56.86 | Gain +1.99%
2025-11-19 22:38:38,286 - INFO  - Epoch: [45][380/390] | Time 0.083 (0.083) | Loss 2.5578 | Accs(C/F/R): 99.99/54.93/56.91 | Gain +1.98%
2025-11-19 22:38:39,163 - INFO  - Epoch 45: Train Loss (scheduler metric) = 2.5545
2025-11-19 22:38:39,187 - INFO  - ([45] Epoch) Saving checkpoint to:
             Current: /root/autodl-tmp/retraining-free-quantization/training/alexnet_cifar10_sensitive_stage2/alexnet_cifar10_sensitive_stage2_restorer_checkpoint.pth.tar

2025-11-19 22:38:39,187 - INFO  - >>>>>>>> Epoch  46
2025-11-19 22:38:39,187 - INFO  - [Stage2] Using random BER sampling [1e-2, 1e-1] for each batch at epoch 46
2025-11-19 22:38:39,187 - INFO  - Entered Stage 2 Restorer Training mode for epoch 46.
2025-11-19 22:38:41,096 - INFO  - Epoch: [46][20/390] | Time 0.082 (0.095) | Loss 2.4896 | Accs(C/F/R): 99.96/55.12/57.03 | Gain +1.91%
2025-11-19 22:38:42,755 - INFO  - Epoch: [46][40/390] | Time 0.082 (0.089) | Loss 2.5179 | Accs(C/F/R): 99.98/55.90/58.05 | Gain +2.15%
2025-11-19 22:38:44,406 - INFO  - Epoch: [46][60/390] | Time 0.083 (0.087) | Loss 2.4483 | Accs(C/F/R): 99.99/56.82/59.05 | Gain +2.23%
2025-11-19 22:38:46,054 - INFO  - Epoch: [46][80/390] | Time 0.081 (0.086) | Loss 2.4381 | Accs(C/F/R): 99.99/57.18/59.30 | Gain +2.12%
2025-11-19 22:38:47,699 - INFO  - Epoch: [46][100/390] | Time 0.081 (0.085) | Loss 2.5027 | Accs(C/F/R): 99.99/55.77/57.84 | Gain +2.07%
2025-11-19 22:38:49,351 - INFO  - Epoch: [46][120/390] | Time 0.089 (0.085) | Loss 2.4892 | Accs(C/F/R): 99.99/55.68/57.88 | Gain +2.19%
2025-11-19 22:38:50,987 - INFO  - Epoch: [46][140/390] | Time 0.081 (0.084) | Loss 2.4808 | Accs(C/F/R): 99.99/56.00/58.14 | Gain +2.14%
2025-11-19 22:38:52,628 - INFO  - Epoch: [46][160/390] | Time 0.082 (0.084) | Loss 2.4661 | Accs(C/F/R): 99.99/56.43/58.54 | Gain +2.10%
2025-11-19 22:38:54,275 - INFO  - Epoch: [46][180/390] | Time 0.083 (0.084) | Loss 2.4564 | Accs(C/F/R): 99.99/56.69/58.78 | Gain +2.10%
2025-11-19 22:38:55,924 - INFO  - Epoch: [46][200/390] | Time 0.082 (0.084) | Loss 2.4441 | Accs(C/F/R): 99.99/56.92/59.00 | Gain +2.08%
2025-11-19 22:38:57,571 - INFO  - Epoch: [46][220/390] | Time 0.081 (0.084) | Loss 2.4439 | Accs(C/F/R): 99.99/56.99/59.01 | Gain +2.01%
2025-11-19 22:38:59,227 - INFO  - Epoch: [46][240/390] | Time 0.082 (0.083) | Loss 2.4653 | Accs(C/F/R): 99.99/56.67/58.65 | Gain +1.98%
2025-11-19 22:39:00,867 - INFO  - Epoch: [46][260/390] | Time 0.081 (0.083) | Loss 2.4448 | Accs(C/F/R): 99.99/57.08/59.05 | Gain +1.98%
2025-11-19 22:39:02,535 - INFO  - Epoch: [46][280/390] | Time 0.085 (0.083) | Loss 2.4548 | Accs(C/F/R): 99.99/56.86/58.86 | Gain +2.00%
2025-11-19 22:39:04,177 - INFO  - Epoch: [46][300/390] | Time 0.082 (0.083) | Loss 2.4628 | Accs(C/F/R): 99.99/56.74/58.78 | Gain +2.04%
2025-11-19 22:39:05,818 - INFO  - Epoch: [46][320/390] | Time 0.083 (0.083) | Loss 2.4692 | Accs(C/F/R): 99.99/56.74/58.76 | Gain +2.03%
2025-11-19 22:39:07,468 - INFO  - Epoch: [46][340/390] | Time 0.083 (0.083) | Loss 2.4760 | Accs(C/F/R): 99.99/56.51/58.56 | Gain +2.05%
2025-11-19 22:39:09,128 - INFO  - Epoch: [46][360/390] | Time 0.081 (0.083) | Loss 2.4805 | Accs(C/F/R): 99.99/56.41/58.46 | Gain +2.04%
2025-11-19 22:39:10,774 - INFO  - Epoch: [46][380/390] | Time 0.082 (0.083) | Loss 2.4753 | Accs(C/F/R): 99.99/56.52/58.53 | Gain +2.01%
2025-11-19 22:39:11,639 - INFO  - Epoch 46: Train Loss (scheduler metric) = 2.4805
2025-11-19 22:39:11,660 - INFO  - ([46] Epoch) Saving checkpoint to:
             Current: /root/autodl-tmp/retraining-free-quantization/training/alexnet_cifar10_sensitive_stage2/alexnet_cifar10_sensitive_stage2_restorer_checkpoint.pth.tar

2025-11-19 22:39:11,660 - INFO  - >>>>>>>> Epoch  47
2025-11-19 22:39:11,660 - INFO  - [Stage2] Using random BER sampling [1e-2, 1e-1] for each batch at epoch 47
2025-11-19 22:39:11,660 - INFO  - Entered Stage 2 Restorer Training mode for epoch 47.
2025-11-19 22:39:13,540 - INFO  - Epoch: [47][20/390] | Time 0.081 (0.094) | Loss 2.5014 | Accs(C/F/R): 99.96/55.35/56.45 | Gain +1.09%
2025-11-19 22:39:15,184 - INFO  - Epoch: [47][40/390] | Time 0.085 (0.088) | Loss 2.5228 | Accs(C/F/R): 99.98/53.71/55.62 | Gain +1.91%
2025-11-19 22:39:16,824 - INFO  - Epoch: [47][60/390] | Time 0.082 (0.086) | Loss 2.4738 | Accs(C/F/R): 99.99/54.17/56.25 | Gain +2.08%
2025-11-19 22:39:18,495 - INFO  - Epoch: [47][80/390] | Time 0.082 (0.085) | Loss 2.4479 | Accs(C/F/R): 99.99/55.40/57.45 | Gain +2.05%
2025-11-19 22:39:20,146 - INFO  - Epoch: [47][100/390] | Time 0.084 (0.085) | Loss 2.4458 | Accs(C/F/R): 99.99/55.58/57.72 | Gain +2.14%
2025-11-19 22:39:21,796 - INFO  - Epoch: [47][120/390] | Time 0.083 (0.084) | Loss 2.4855 | Accs(C/F/R): 99.99/55.06/57.16 | Gain +2.10%
2025-11-19 22:39:23,450 - INFO  - Epoch: [47][140/390] | Time 0.084 (0.084) | Loss 2.4914 | Accs(C/F/R): 99.99/54.72/56.96 | Gain +2.24%
2025-11-19 22:39:25,110 - INFO  - Epoch: [47][160/390] | Time 0.085 (0.084) | Loss 2.5238 | Accs(C/F/R): 100.00/54.51/56.76 | Gain +2.25%
2025-11-19 22:39:26,750 - INFO  - Epoch: [47][180/390] | Time 0.082 (0.084) | Loss 2.5278 | Accs(C/F/R): 100.00/54.53/56.78 | Gain +2.25%
2025-11-19 22:39:28,412 - INFO  - Epoch: [47][200/390] | Time 0.084 (0.084) | Loss 2.5073 | Accs(C/F/R): 100.00/54.88/57.10 | Gain +2.22%
2025-11-19 22:39:30,077 - INFO  - Epoch: [47][220/390] | Time 0.083 (0.084) | Loss 2.5285 | Accs(C/F/R): 100.00/54.46/56.62 | Gain +2.15%
2025-11-19 22:39:31,718 - INFO  - Epoch: [47][240/390] | Time 0.082 (0.084) | Loss 2.5383 | Accs(C/F/R): 100.00/54.15/56.35 | Gain +2.20%
2025-11-19 22:39:33,359 - INFO  - Epoch: [47][260/390] | Time 0.082 (0.083) | Loss 2.5429 | Accs(C/F/R): 99.99/54.12/56.28 | Gain +2.15%
2025-11-19 22:39:35,004 - INFO  - Epoch: [47][280/390] | Time 0.081 (0.083) | Loss 2.5442 | Accs(C/F/R): 99.99/54.17/56.38 | Gain +2.22%
2025-11-19 22:39:36,658 - INFO  - Epoch: [47][300/390] | Time 0.089 (0.083) | Loss 2.5411 | Accs(C/F/R): 99.99/54.24/56.46 | Gain +2.23%
2025-11-19 22:39:38,301 - INFO  - Epoch: [47][320/390] | Time 0.084 (0.083) | Loss 2.5262 | Accs(C/F/R): 100.00/54.56/56.81 | Gain +2.25%
2025-11-19 22:39:39,969 - INFO  - Epoch: [47][340/390] | Time 0.086 (0.083) | Loss 2.5239 | Accs(C/F/R): 100.00/54.65/56.90 | Gain +2.24%
2025-11-19 22:39:41,621 - INFO  - Epoch: [47][360/390] | Time 0.082 (0.083) | Loss 2.5377 | Accs(C/F/R): 100.00/54.44/56.72 | Gain +2.28%
2025-11-19 22:39:43,271 - INFO  - Epoch: [47][380/390] | Time 0.082 (0.083) | Loss 2.5326 | Accs(C/F/R): 100.00/54.49/56.76 | Gain +2.28%
2025-11-19 22:39:44,144 - INFO  - Epoch 47: Train Loss (scheduler metric) = 2.5291
2025-11-19 22:39:44,168 - INFO  - ([47] Epoch) Saving checkpoint to:
             Current: /root/autodl-tmp/retraining-free-quantization/training/alexnet_cifar10_sensitive_stage2/alexnet_cifar10_sensitive_stage2_restorer_checkpoint.pth.tar

2025-11-19 22:39:44,168 - INFO  - >>>>>>>> Epoch  48
2025-11-19 22:39:44,168 - INFO  - [Stage2] Using random BER sampling [1e-2, 1e-1] for each batch at epoch 48
2025-11-19 22:39:44,168 - INFO  - Entered Stage 2 Restorer Training mode for epoch 48.
2025-11-19 22:39:46,052 - INFO  - Epoch: [48][20/390] | Time 0.082 (0.094) | Loss 2.4218 | Accs(C/F/R): 100.00/58.63/60.20 | Gain +1.56%
2025-11-19 22:39:47,708 - INFO  - Epoch: [48][40/390] | Time 0.081 (0.088) | Loss 2.5197 | Accs(C/F/R): 100.00/56.37/57.77 | Gain +1.41%
2025-11-19 22:39:49,351 - INFO  - Epoch: [48][60/390] | Time 0.082 (0.086) | Loss 2.6025 | Accs(C/F/R): 100.00/54.27/55.70 | Gain +1.43%
2025-11-19 22:39:50,994 - INFO  - Epoch: [48][80/390] | Time 0.081 (0.085) | Loss 2.5539 | Accs(C/F/R): 100.00/54.70/56.23 | Gain +1.53%
2025-11-19 22:39:52,638 - INFO  - Epoch: [48][100/390] | Time 0.082 (0.085) | Loss 2.6274 | Accs(C/F/R): 99.99/53.06/55.01 | Gain +1.95%
2025-11-19 22:39:54,280 - INFO  - Epoch: [48][120/390] | Time 0.081 (0.084) | Loss 2.6038 | Accs(C/F/R): 99.99/53.34/55.27 | Gain +1.93%
2025-11-19 22:39:55,918 - INFO  - Epoch: [48][140/390] | Time 0.082 (0.084) | Loss 2.5726 | Accs(C/F/R): 99.99/54.28/56.27 | Gain +1.99%
2025-11-19 22:39:57,568 - INFO  - Epoch: [48][160/390] | Time 0.085 (0.084) | Loss 2.5928 | Accs(C/F/R): 100.00/53.99/55.97 | Gain +1.98%
2025-11-19 22:39:59,216 - INFO  - Epoch: [48][180/390] | Time 0.086 (0.084) | Loss 2.5869 | Accs(C/F/R): 99.99/54.05/56.00 | Gain +1.95%
2025-11-19 22:40:00,875 - INFO  - Epoch: [48][200/390] | Time 0.085 (0.084) | Loss 2.5669 | Accs(C/F/R): 99.99/54.25/56.22 | Gain +1.97%
2025-11-19 22:40:02,516 - INFO  - Epoch: [48][220/390] | Time 0.081 (0.083) | Loss 2.5392 | Accs(C/F/R): 99.99/54.75/56.65 | Gain +1.89%
2025-11-19 22:40:04,155 - INFO  - Epoch: [48][240/390] | Time 0.084 (0.083) | Loss 2.4919 | Accs(C/F/R): 99.99/55.69/57.58 | Gain +1.89%
2025-11-19 22:40:05,791 - INFO  - Epoch: [48][260/390] | Time 0.082 (0.083) | Loss 2.4849 | Accs(C/F/R): 99.99/55.96/57.84 | Gain +1.88%
2025-11-19 22:40:07,441 - INFO  - Epoch: [48][280/390] | Time 0.082 (0.083) | Loss 2.4895 | Accs(C/F/R): 99.99/55.90/57.73 | Gain +1.83%
2025-11-19 22:40:09,089 - INFO  - Epoch: [48][300/390] | Time 0.083 (0.083) | Loss 2.4926 | Accs(C/F/R): 99.99/55.87/57.77 | Gain +1.90%
2025-11-19 22:40:10,724 - INFO  - Epoch: [48][320/390] | Time 0.082 (0.083) | Loss 2.4940 | Accs(C/F/R): 99.99/55.82/57.69 | Gain +1.88%
2025-11-19 22:40:12,354 - INFO  - Epoch: [48][340/390] | Time 0.081 (0.083) | Loss 2.5108 | Accs(C/F/R): 99.98/55.48/57.38 | Gain +1.90%
2025-11-19 22:40:13,975 - INFO  - Epoch: [48][360/390] | Time 0.082 (0.083) | Loss 2.5283 | Accs(C/F/R): 99.98/55.16/57.05 | Gain +1.89%
2025-11-19 22:40:15,603 - INFO  - Epoch: [48][380/390] | Time 0.081 (0.083) | Loss 2.5202 | Accs(C/F/R): 99.98/55.26/57.15 | Gain +1.89%
2025-11-19 22:40:16,471 - INFO  - Epoch 48: Train Loss (scheduler metric) = 2.5238
2025-11-19 22:40:16,490 - INFO  - ([48] Epoch) Saving checkpoint to:
             Current: /root/autodl-tmp/retraining-free-quantization/training/alexnet_cifar10_sensitive_stage2/alexnet_cifar10_sensitive_stage2_restorer_checkpoint.pth.tar

2025-11-19 22:40:16,490 - INFO  - >>>>>>>> Epoch  49
2025-11-19 22:40:16,490 - INFO  - [Stage2] Using random BER sampling [1e-2, 1e-1] for each batch at epoch 49
2025-11-19 22:40:16,490 - INFO  - Entered Stage 2 Restorer Training mode for epoch 49.
2025-11-19 22:40:18,340 - INFO  - Epoch: [49][20/390] | Time 0.083 (0.092) | Loss 2.6049 | Accs(C/F/R): 100.00/54.30/55.94 | Gain +1.64%
2025-11-19 22:40:19,988 - INFO  - Epoch: [49][40/390] | Time 0.082 (0.087) | Loss 2.4497 | Accs(C/F/R): 100.00/56.82/58.73 | Gain +1.91%
2025-11-19 22:40:21,641 - INFO  - Epoch: [49][60/390] | Time 0.084 (0.086) | Loss 2.4993 | Accs(C/F/R): 100.00/55.70/57.73 | Gain +2.03%
2025-11-19 22:40:23,318 - INFO  - Epoch: [49][80/390] | Time 0.083 (0.085) | Loss 2.4360 | Accs(C/F/R): 100.00/56.76/58.70 | Gain +1.94%
2025-11-19 22:40:24,994 - INFO  - Epoch: [49][100/390] | Time 0.083 (0.085) | Loss 2.4370 | Accs(C/F/R): 100.00/56.88/58.75 | Gain +1.87%
2025-11-19 22:40:26,646 - INFO  - Epoch: [49][120/390] | Time 0.082 (0.085) | Loss 2.4377 | Accs(C/F/R): 100.00/56.88/58.81 | Gain +1.93%
2025-11-19 22:40:28,304 - INFO  - Epoch: [49][140/390] | Time 0.082 (0.084) | Loss 2.4290 | Accs(C/F/R): 100.00/57.14/59.15 | Gain +2.01%
2025-11-19 22:40:29,960 - INFO  - Epoch: [49][160/390] | Time 0.082 (0.084) | Loss 2.4430 | Accs(C/F/R): 100.00/56.76/58.85 | Gain +2.09%
2025-11-19 22:40:31,611 - INFO  - Epoch: [49][180/390] | Time 0.081 (0.084) | Loss 2.4416 | Accs(C/F/R): 100.00/56.91/59.03 | Gain +2.12%
2025-11-19 22:40:33,258 - INFO  - Epoch: [49][200/390] | Time 0.081 (0.084) | Loss 2.4392 | Accs(C/F/R): 99.99/56.93/58.99 | Gain +2.06%
2025-11-19 22:40:34,898 - INFO  - Epoch: [49][220/390] | Time 0.085 (0.084) | Loss 2.4154 | Accs(C/F/R): 99.99/57.46/59.51 | Gain +2.04%
2025-11-19 22:40:36,540 - INFO  - Epoch: [49][240/390] | Time 0.081 (0.084) | Loss 2.4389 | Accs(C/F/R): 99.99/57.20/59.15 | Gain +1.95%
2025-11-19 22:40:38,193 - INFO  - Epoch: [49][260/390] | Time 0.083 (0.083) | Loss 2.4425 | Accs(C/F/R): 99.99/57.21/59.10 | Gain +1.90%
2025-11-19 22:40:39,828 - INFO  - Epoch: [49][280/390] | Time 0.082 (0.083) | Loss 2.4358 | Accs(C/F/R): 99.99/57.27/59.18 | Gain +1.91%
2025-11-19 22:40:41,471 - INFO  - Epoch: [49][300/390] | Time 0.084 (0.083) | Loss 2.4400 | Accs(C/F/R): 99.99/57.22/59.11 | Gain +1.90%
2025-11-19 22:40:43,120 - INFO  - Epoch: [49][320/390] | Time 0.081 (0.083) | Loss 2.4605 | Accs(C/F/R): 99.99/56.72/58.64 | Gain +1.92%
2025-11-19 22:40:44,764 - INFO  - Epoch: [49][340/390] | Time 0.081 (0.083) | Loss 2.4684 | Accs(C/F/R): 99.99/56.53/58.47 | Gain +1.95%
2025-11-19 22:40:46,404 - INFO  - Epoch: [49][360/390] | Time 0.082 (0.083) | Loss 2.4645 | Accs(C/F/R): 99.99/56.56/58.52 | Gain +1.95%
2025-11-19 22:40:48,051 - INFO  - Epoch: [49][380/390] | Time 0.083 (0.083) | Loss 2.4644 | Accs(C/F/R): 99.99/56.44/58.47 | Gain +2.03%
2025-11-19 22:40:48,918 - INFO  - Epoch 49: Train Loss (scheduler metric) = 2.4690
2025-11-19 22:40:48,938 - INFO  - ([49] Epoch) Saving checkpoint to:
             Current: /root/autodl-tmp/retraining-free-quantization/training/alexnet_cifar10_sensitive_stage2/alexnet_cifar10_sensitive_stage2_restorer_checkpoint.pth.tar

2025-11-19 22:40:48,938 - INFO  - >>>>>>>> Epoch  50
2025-11-19 22:40:48,938 - INFO  - [Stage2] Using random BER sampling [1e-2, 1e-1] for each batch at epoch 50
2025-11-19 22:40:48,938 - INFO  - Entered Stage 2 Restorer Training mode for epoch 50.
2025-11-19 22:40:50,842 - INFO  - Epoch: [50][20/390] | Time 0.082 (0.095) | Loss 2.7615 | Accs(C/F/R): 100.00/52.70/53.32 | Gain +0.62%
2025-11-19 22:40:52,504 - INFO  - Epoch: [50][40/390] | Time 0.082 (0.089) | Loss 2.4736 | Accs(C/F/R): 100.00/57.17/58.54 | Gain +1.37%
2025-11-19 22:40:54,181 - INFO  - Epoch: [50][60/390] | Time 0.087 (0.087) | Loss 2.3997 | Accs(C/F/R): 100.00/58.37/59.97 | Gain +1.60%
2025-11-19 22:40:55,836 - INFO  - Epoch: [50][80/390] | Time 0.085 (0.086) | Loss 2.4873 | Accs(C/F/R): 100.00/56.72/58.53 | Gain +1.81%
2025-11-19 22:40:57,499 - INFO  - Epoch: [50][100/390] | Time 0.085 (0.086) | Loss 2.4738 | Accs(C/F/R): 100.00/56.88/58.75 | Gain +1.87%
2025-11-19 22:40:59,147 - INFO  - Epoch: [50][120/390] | Time 0.082 (0.085) | Loss 2.4935 | Accs(C/F/R): 100.00/56.45/58.17 | Gain +1.72%
2025-11-19 22:41:00,800 - INFO  - Epoch: [50][140/390] | Time 0.083 (0.085) | Loss 2.4992 | Accs(C/F/R): 100.00/56.31/58.05 | Gain +1.74%
2025-11-19 22:41:02,456 - INFO  - Epoch: [50][160/390] | Time 0.082 (0.084) | Loss 2.4886 | Accs(C/F/R): 100.00/56.41/58.20 | Gain +1.79%
2025-11-19 22:41:04,115 - INFO  - Epoch: [50][180/390] | Time 0.083 (0.084) | Loss 2.4874 | Accs(C/F/R): 99.99/56.60/58.38 | Gain +1.78%
2025-11-19 22:41:05,767 - INFO  - Epoch: [50][200/390] | Time 0.081 (0.084) | Loss 2.5080 | Accs(C/F/R): 99.99/56.16/57.92 | Gain +1.75%
2025-11-19 22:41:07,422 - INFO  - Epoch: [50][220/390] | Time 0.082 (0.084) | Loss 2.5131 | Accs(C/F/R): 99.99/55.97/57.84 | Gain +1.87%
2025-11-19 22:41:09,071 - INFO  - Epoch: [50][240/390] | Time 0.082 (0.084) | Loss 2.5167 | Accs(C/F/R): 99.99/55.82/57.78 | Gain +1.97%
2025-11-19 22:41:10,734 - INFO  - Epoch: [50][260/390] | Time 0.083 (0.084) | Loss 2.5414 | Accs(C/F/R): 99.99/55.31/57.34 | Gain +2.03%
2025-11-19 22:41:12,381 - INFO  - Epoch: [50][280/390] | Time 0.082 (0.084) | Loss 2.5355 | Accs(C/F/R): 99.99/55.41/57.51 | Gain +2.10%
2025-11-19 22:41:14,040 - INFO  - Epoch: [50][300/390] | Time 0.081 (0.084) | Loss 2.5535 | Accs(C/F/R): 99.99/54.96/57.17 | Gain +2.21%
2025-11-19 22:41:15,697 - INFO  - Epoch: [50][320/390] | Time 0.082 (0.084) | Loss 2.5506 | Accs(C/F/R): 99.99/55.05/57.23 | Gain +2.18%
2025-11-19 22:41:17,353 - INFO  - Epoch: [50][340/390] | Time 0.081 (0.084) | Loss 2.5167 | Accs(C/F/R): 99.99/55.74/57.91 | Gain +2.16%
2025-11-19 22:41:19,008 - INFO  - Epoch: [50][360/390] | Time 0.081 (0.084) | Loss 2.5325 | Accs(C/F/R): 99.99/55.43/57.55 | Gain +2.11%
2025-11-19 22:41:20,685 - INFO  - Epoch: [50][380/390] | Time 0.081 (0.084) | Loss 2.5359 | Accs(C/F/R): 99.99/55.38/57.48 | Gain +2.10%
2025-11-19 22:41:21,546 - INFO  - Epoch 50: Train Loss (scheduler metric) = 2.5410
2025-11-19 22:41:21,568 - INFO  - ([50] Epoch) Saving checkpoint to:
             Current: /root/autodl-tmp/retraining-free-quantization/training/alexnet_cifar10_sensitive_stage2/alexnet_cifar10_sensitive_stage2_restorer_checkpoint.pth.tar

2025-11-19 22:41:21,568 - INFO  - >>>>>>>> Epoch  51
2025-11-19 22:41:21,569 - INFO  - [Stage2] Using random BER sampling [1e-2, 1e-1] for each batch at epoch 51
2025-11-19 22:41:21,569 - INFO  - Entered Stage 2 Restorer Training mode for epoch 51.
2025-11-19 22:41:23,449 - INFO  - Epoch: [51][20/390] | Time 0.083 (0.094) | Loss 2.5319 | Accs(C/F/R): 100.00/55.59/56.99 | Gain +1.41%
2025-11-19 22:41:25,113 - INFO  - Epoch: [51][40/390] | Time 0.082 (0.089) | Loss 2.4811 | Accs(C/F/R): 100.00/56.68/58.26 | Gain +1.58%
2025-11-19 22:41:26,769 - INFO  - Epoch: [51][60/390] | Time 0.084 (0.087) | Loss 2.5029 | Accs(C/F/R): 100.00/56.18/58.01 | Gain +1.82%
2025-11-19 22:41:28,408 - INFO  - Epoch: [51][80/390] | Time 0.083 (0.085) | Loss 2.5228 | Accs(C/F/R): 100.00/55.49/57.34 | Gain +1.86%
2025-11-19 22:41:30,051 - INFO  - Epoch: [51][100/390] | Time 0.082 (0.085) | Loss 2.5554 | Accs(C/F/R): 99.99/54.83/56.89 | Gain +2.06%
2025-11-19 22:41:31,703 - INFO  - Epoch: [51][120/390] | Time 0.081 (0.084) | Loss 2.5182 | Accs(C/F/R): 99.99/55.67/57.64 | Gain +1.97%
2025-11-19 22:41:33,342 - INFO  - Epoch: [51][140/390] | Time 0.082 (0.084) | Loss 2.5262 | Accs(C/F/R): 99.98/55.54/57.53 | Gain +1.99%
2025-11-19 22:41:35,005 - INFO  - Epoch: [51][160/390] | Time 0.083 (0.084) | Loss 2.5320 | Accs(C/F/R): 99.99/55.41/57.40 | Gain +2.00%
2025-11-19 22:41:36,660 - INFO  - Epoch: [51][180/390] | Time 0.082 (0.084) | Loss 2.5275 | Accs(C/F/R): 99.99/55.15/57.23 | Gain +2.07%
2025-11-19 22:41:38,311 - INFO  - Epoch: [51][200/390] | Time 0.081 (0.084) | Loss 2.5299 | Accs(C/F/R): 99.99/55.06/57.14 | Gain +2.07%
2025-11-19 22:41:39,955 - INFO  - Epoch: [51][220/390] | Time 0.082 (0.084) | Loss 2.5338 | Accs(C/F/R): 99.99/55.06/57.06 | Gain +2.01%
2025-11-19 22:41:41,612 - INFO  - Epoch: [51][240/390] | Time 0.081 (0.084) | Loss 2.5127 | Accs(C/F/R): 99.99/55.45/57.49 | Gain +2.04%
2025-11-19 22:41:43,267 - INFO  - Epoch: [51][260/390] | Time 0.082 (0.083) | Loss 2.5129 | Accs(C/F/R): 99.99/55.35/57.42 | Gain +2.07%
2025-11-19 22:41:44,910 - INFO  - Epoch: [51][280/390] | Time 0.082 (0.083) | Loss 2.5071 | Accs(C/F/R): 99.99/55.39/57.49 | Gain +2.10%
2025-11-19 22:41:46,567 - INFO  - Epoch: [51][300/390] | Time 0.083 (0.083) | Loss 2.4969 | Accs(C/F/R): 99.99/55.70/57.72 | Gain +2.01%
2025-11-19 22:41:48,211 - INFO  - Epoch: [51][320/390] | Time 0.082 (0.083) | Loss 2.4785 | Accs(C/F/R): 99.99/56.07/58.05 | Gain +1.97%
2025-11-19 22:41:49,863 - INFO  - Epoch: [51][340/390] | Time 0.084 (0.083) | Loss 2.4564 | Accs(C/F/R): 99.99/56.48/58.47 | Gain +1.99%
2025-11-19 22:41:51,500 - INFO  - Epoch: [51][360/390] | Time 0.082 (0.083) | Loss 2.4505 | Accs(C/F/R): 99.99/56.61/58.57 | Gain +1.97%
2025-11-19 22:41:53,140 - INFO  - Epoch: [51][380/390] | Time 0.082 (0.083) | Loss 2.4586 | Accs(C/F/R): 99.99/56.49/58.42 | Gain +1.94%
2025-11-19 22:41:53,998 - INFO  - Epoch 51: Train Loss (scheduler metric) = 2.4668
2025-11-19 22:41:54,018 - INFO  - ([51] Epoch) Saving checkpoint to:
             Current: /root/autodl-tmp/retraining-free-quantization/training/alexnet_cifar10_sensitive_stage2/alexnet_cifar10_sensitive_stage2_restorer_checkpoint.pth.tar

2025-11-19 22:41:54,018 - INFO  - >>>>>>>> Epoch  52
2025-11-19 22:41:54,018 - INFO  - [Stage2] Using random BER sampling [1e-2, 1e-1] for each batch at epoch 52
2025-11-19 22:41:54,018 - INFO  - Entered Stage 2 Restorer Training mode for epoch 52.
2025-11-19 22:41:55,860 - INFO  - Epoch: [52][20/390] | Time 0.081 (0.092) | Loss 2.7438 | Accs(C/F/R): 100.00/51.29/53.67 | Gain +2.38%
2025-11-19 22:41:57,507 - INFO  - Epoch: [52][40/390] | Time 0.082 (0.087) | Loss 2.6057 | Accs(C/F/R): 100.00/53.77/55.64 | Gain +1.88%
2025-11-19 22:41:59,152 - INFO  - Epoch: [52][60/390] | Time 0.085 (0.086) | Loss 2.5571 | Accs(C/F/R): 99.99/54.47/56.52 | Gain +2.06%
2025-11-19 22:42:00,785 - INFO  - Epoch: [52][80/390] | Time 0.081 (0.085) | Loss 2.5042 | Accs(C/F/R): 99.99/55.22/57.45 | Gain +2.23%
2025-11-19 22:42:02,416 - INFO  - Epoch: [52][100/390] | Time 0.081 (0.084) | Loss 2.5044 | Accs(C/F/R): 99.98/55.38/57.37 | Gain +1.99%
2025-11-19 22:42:04,039 - INFO  - Epoch: [52][120/390] | Time 0.081 (0.084) | Loss 2.5873 | Accs(C/F/R): 99.98/54.02/56.00 | Gain +1.97%
2025-11-19 22:42:05,669 - INFO  - Epoch: [52][140/390] | Time 0.081 (0.083) | Loss 2.5397 | Accs(C/F/R): 99.98/55.11/57.02 | Gain +1.91%
2025-11-19 22:42:07,289 - INFO  - Epoch: [52][160/390] | Time 0.081 (0.083) | Loss 2.5171 | Accs(C/F/R): 99.99/55.42/57.32 | Gain +1.90%
2025-11-19 22:42:08,912 - INFO  - Epoch: [52][180/390] | Time 0.081 (0.083) | Loss 2.5305 | Accs(C/F/R): 99.99/55.23/57.20 | Gain +1.96%
2025-11-19 22:42:10,537 - INFO  - Epoch: [52][200/390] | Time 0.081 (0.083) | Loss 2.5392 | Accs(C/F/R): 99.98/54.96/56.96 | Gain +2.00%
2025-11-19 22:42:12,176 - INFO  - Epoch: [52][220/390] | Time 0.082 (0.083) | Loss 2.5125 | Accs(C/F/R): 99.98/55.54/57.56 | Gain +2.02%
2025-11-19 22:42:13,822 - INFO  - Epoch: [52][240/390] | Time 0.083 (0.083) | Loss 2.5005 | Accs(C/F/R): 99.98/55.74/57.83 | Gain +2.10%
2025-11-19 22:42:15,471 - INFO  - Epoch: [52][260/390] | Time 0.082 (0.083) | Loss 2.4934 | Accs(C/F/R): 99.98/55.96/58.03 | Gain +2.07%
2025-11-19 22:42:17,123 - INFO  - Epoch: [52][280/390] | Time 0.084 (0.083) | Loss 2.5012 | Accs(C/F/R): 99.98/55.95/58.05 | Gain +2.10%
2025-11-19 22:42:18,769 - INFO  - Epoch: [52][300/390] | Time 0.082 (0.082) | Loss 2.5178 | Accs(C/F/R): 99.98/55.52/57.67 | Gain +2.15%
2025-11-19 22:42:20,439 - INFO  - Epoch: [52][320/390] | Time 0.083 (0.083) | Loss 2.5146 | Accs(C/F/R): 99.98/55.50/57.61 | Gain +2.12%
2025-11-19 22:42:22,091 - INFO  - Epoch: [52][340/390] | Time 0.083 (0.083) | Loss 2.5225 | Accs(C/F/R): 99.98/55.32/57.47 | Gain +2.14%
2025-11-19 22:42:23,745 - INFO  - Epoch: [52][360/390] | Time 0.081 (0.083) | Loss 2.5187 | Accs(C/F/R): 99.98/55.26/57.47 | Gain +2.21%
2025-11-19 22:42:25,398 - INFO  - Epoch: [52][380/390] | Time 0.082 (0.083) | Loss 2.5292 | Accs(C/F/R): 99.98/55.13/57.36 | Gain +2.23%
2025-11-19 22:42:26,261 - INFO  - Epoch 52: Train Loss (scheduler metric) = 2.5460
2025-11-19 22:42:26,281 - INFO  - ([52] Epoch) Saving checkpoint to:
             Current: /root/autodl-tmp/retraining-free-quantization/training/alexnet_cifar10_sensitive_stage2/alexnet_cifar10_sensitive_stage2_restorer_checkpoint.pth.tar

2025-11-19 22:42:26,281 - INFO  - >>>>>>>> Epoch  53
2025-11-19 22:42:26,281 - INFO  - [Stage2] Using random BER sampling [1e-2, 1e-1] for each batch at epoch 53
2025-11-19 22:42:26,282 - INFO  - Entered Stage 2 Restorer Training mode for epoch 53.
2025-11-19 22:42:28,174 - INFO  - Epoch: [53][20/390] | Time 0.082 (0.095) | Loss 2.4947 | Accs(C/F/R): 100.00/54.61/56.72 | Gain +2.11%
2025-11-19 22:42:29,823 - INFO  - Epoch: [53][40/390] | Time 0.082 (0.089) | Loss 2.5168 | Accs(C/F/R): 100.00/54.63/56.48 | Gain +1.86%
2025-11-19 22:42:31,501 - INFO  - Epoch: [53][60/390] | Time 0.083 (0.087) | Loss 2.5740 | Accs(C/F/R): 100.00/54.01/56.05 | Gain +2.04%
2025-11-19 22:42:33,147 - INFO  - Epoch: [53][80/390] | Time 0.082 (0.086) | Loss 2.5011 | Accs(C/F/R): 100.00/55.41/57.31 | Gain +1.90%
2025-11-19 22:42:34,799 - INFO  - Epoch: [53][100/390] | Time 0.082 (0.085) | Loss 2.5507 | Accs(C/F/R): 100.00/54.30/56.23 | Gain +1.93%
2025-11-19 22:42:36,455 - INFO  - Epoch: [53][120/390] | Time 0.087 (0.085) | Loss 2.4936 | Accs(C/F/R): 100.00/55.26/57.14 | Gain +1.88%
2025-11-19 22:42:38,113 - INFO  - Epoch: [53][140/390] | Time 0.082 (0.085) | Loss 2.4650 | Accs(C/F/R): 100.00/55.78/57.67 | Gain +1.89%
2025-11-19 22:42:39,758 - INFO  - Epoch: [53][160/390] | Time 0.081 (0.084) | Loss 2.4658 | Accs(C/F/R): 100.00/56.27/58.13 | Gain +1.86%
2025-11-19 22:42:41,418 - INFO  - Epoch: [53][180/390] | Time 0.083 (0.084) | Loss 2.5013 | Accs(C/F/R): 100.00/55.51/57.36 | Gain +1.84%
2025-11-19 22:42:43,055 - INFO  - Epoch: [53][200/390] | Time 0.081 (0.084) | Loss 2.5013 | Accs(C/F/R): 100.00/55.28/57.19 | Gain +1.91%
2025-11-19 22:42:44,707 - INFO  - Epoch: [53][220/390] | Time 0.083 (0.084) | Loss 2.5165 | Accs(C/F/R): 100.00/55.10/57.04 | Gain +1.94%
2025-11-19 22:42:46,364 - INFO  - Epoch: [53][240/390] | Time 0.081 (0.084) | Loss 2.5388 | Accs(C/F/R): 100.00/54.66/56.69 | Gain +2.03%
2025-11-19 22:42:48,021 - INFO  - Epoch: [53][260/390] | Time 0.082 (0.084) | Loss 2.5384 | Accs(C/F/R): 100.00/54.70/56.75 | Gain +2.05%
2025-11-19 22:42:49,660 - INFO  - Epoch: [53][280/390] | Time 0.082 (0.083) | Loss 2.5348 | Accs(C/F/R): 100.00/54.97/56.95 | Gain +1.97%
2025-11-19 22:42:51,308 - INFO  - Epoch: [53][300/390] | Time 0.083 (0.083) | Loss 2.5291 | Accs(C/F/R): 100.00/55.14/57.14 | Gain +2.00%
2025-11-19 22:42:52,949 - INFO  - Epoch: [53][320/390] | Time 0.083 (0.083) | Loss 2.5091 | Accs(C/F/R): 100.00/55.61/57.59 | Gain +1.98%
2025-11-19 22:42:54,604 - INFO  - Epoch: [53][340/390] | Time 0.089 (0.083) | Loss 2.5184 | Accs(C/F/R): 100.00/55.48/57.46 | Gain +1.99%
2025-11-19 22:42:56,268 - INFO  - Epoch: [53][360/390] | Time 0.081 (0.083) | Loss 2.5308 | Accs(C/F/R): 100.00/55.23/57.18 | Gain +1.95%
2025-11-19 22:42:57,902 - INFO  - Epoch: [53][380/390] | Time 0.081 (0.083) | Loss 2.5467 | Accs(C/F/R): 100.00/55.01/56.98 | Gain +1.98%
2025-11-19 22:42:58,762 - INFO  - Epoch 53: Train Loss (scheduler metric) = 2.5558
2025-11-19 22:42:58,782 - INFO  - ([53] Epoch) Saving checkpoint to:
             Current: /root/autodl-tmp/retraining-free-quantization/training/alexnet_cifar10_sensitive_stage2/alexnet_cifar10_sensitive_stage2_restorer_checkpoint.pth.tar

2025-11-19 22:42:58,782 - INFO  - >>>>>>>> Epoch  54
2025-11-19 22:42:58,782 - INFO  - [Stage2] Using random BER sampling [1e-2, 1e-1] for each batch at epoch 54
2025-11-19 22:42:58,782 - INFO  - Entered Stage 2 Restorer Training mode for epoch 54.
2025-11-19 22:43:00,643 - INFO  - Epoch: [54][20/390] | Time 0.082 (0.093) | Loss 2.6369 | Accs(C/F/R): 100.00/52.11/54.26 | Gain +2.15%
2025-11-19 22:43:02,312 - INFO  - Epoch: [54][40/390] | Time 0.081 (0.088) | Loss 2.5427 | Accs(C/F/R): 100.00/53.85/55.92 | Gain +2.07%
2025-11-19 22:43:03,979 - INFO  - Epoch: [54][60/390] | Time 0.086 (0.087) | Loss 2.6427 | Accs(C/F/R): 100.00/53.11/55.05 | Gain +1.94%
2025-11-19 22:43:05,622 - INFO  - Epoch: [54][80/390] | Time 0.081 (0.085) | Loss 2.6775 | Accs(C/F/R): 100.00/52.82/54.85 | Gain +2.03%
2025-11-19 22:43:07,275 - INFO  - Epoch: [54][100/390] | Time 0.082 (0.085) | Loss 2.7562 | Accs(C/F/R): 100.00/51.33/53.29 | Gain +1.96%
2025-11-19 22:43:08,912 - INFO  - Epoch: [54][120/390] | Time 0.081 (0.084) | Loss 2.7198 | Accs(C/F/R): 100.00/52.03/54.01 | Gain +1.98%
2025-11-19 22:43:10,584 - INFO  - Epoch: [54][140/390] | Time 0.084 (0.084) | Loss 2.7287 | Accs(C/F/R): 100.00/51.99/53.86 | Gain +1.86%
2025-11-19 22:43:12,249 - INFO  - Epoch: [54][160/390] | Time 0.081 (0.084) | Loss 2.6768 | Accs(C/F/R): 100.00/52.89/54.75 | Gain +1.86%
2025-11-19 22:43:13,899 - INFO  - Epoch: [54][180/390] | Time 0.086 (0.084) | Loss 2.6367 | Accs(C/F/R): 100.00/53.70/55.49 | Gain +1.79%
2025-11-19 22:43:15,554 - INFO  - Epoch: [54][200/390] | Time 0.081 (0.084) | Loss 2.6040 | Accs(C/F/R): 100.00/54.41/56.17 | Gain +1.76%
2025-11-19 22:43:17,215 - INFO  - Epoch: [54][220/390] | Time 0.082 (0.084) | Loss 2.6059 | Accs(C/F/R): 100.00/54.15/55.96 | Gain +1.80%
2025-11-19 22:43:18,851 - INFO  - Epoch: [54][240/390] | Time 0.083 (0.084) | Loss 2.6123 | Accs(C/F/R): 100.00/53.99/55.77 | Gain +1.77%
2025-11-19 22:43:20,498 - INFO  - Epoch: [54][260/390] | Time 0.082 (0.084) | Loss 2.6217 | Accs(C/F/R): 100.00/53.67/55.40 | Gain +1.73%
2025-11-19 22:43:22,145 - INFO  - Epoch: [54][280/390] | Time 0.084 (0.083) | Loss 2.6032 | Accs(C/F/R): 100.00/53.98/55.77 | Gain +1.79%
2025-11-19 22:43:23,791 - INFO  - Epoch: [54][300/390] | Time 0.081 (0.083) | Loss 2.5917 | Accs(C/F/R): 100.00/54.15/55.89 | Gain +1.74%
2025-11-19 22:43:25,438 - INFO  - Epoch: [54][320/390] | Time 0.082 (0.083) | Loss 2.5733 | Accs(C/F/R): 100.00/54.44/56.24 | Gain +1.81%
2025-11-19 22:43:27,085 - INFO  - Epoch: [54][340/390] | Time 0.081 (0.083) | Loss 2.5782 | Accs(C/F/R): 100.00/54.34/56.18 | Gain +1.84%
2025-11-19 22:43:28,745 - INFO  - Epoch: [54][360/390] | Time 0.084 (0.083) | Loss 2.5654 | Accs(C/F/R): 100.00/54.61/56.44 | Gain +1.83%
2025-11-19 22:43:30,393 - INFO  - Epoch: [54][380/390] | Time 0.085 (0.083) | Loss 2.5669 | Accs(C/F/R): 100.00/54.58/56.40 | Gain +1.81%
2025-11-19 22:43:31,262 - INFO  - Epoch 54: Train Loss (scheduler metric) = 2.5626
2025-11-19 22:43:31,287 - INFO  - ([54] Epoch) Saving checkpoint to:
             Current: /root/autodl-tmp/retraining-free-quantization/training/alexnet_cifar10_sensitive_stage2/alexnet_cifar10_sensitive_stage2_restorer_checkpoint.pth.tar

2025-11-19 22:43:31,287 - INFO  - >>>>>>>> Epoch  55
2025-11-19 22:43:31,287 - INFO  - [Stage2] Using random BER sampling [1e-2, 1e-1] for each batch at epoch 55
2025-11-19 22:43:31,287 - INFO  - Entered Stage 2 Restorer Training mode for epoch 55.
2025-11-19 22:43:33,144 - INFO  - Epoch: [55][20/390] | Time 0.081 (0.093) | Loss 2.5950 | Accs(C/F/R): 100.00/52.62/55.04 | Gain +2.42%
2025-11-19 22:43:34,776 - INFO  - Epoch: [55][40/390] | Time 0.081 (0.087) | Loss 2.5535 | Accs(C/F/R): 100.00/53.87/56.33 | Gain +2.46%
2025-11-19 22:43:36,429 - INFO  - Epoch: [55][60/390] | Time 0.081 (0.086) | Loss 2.6025 | Accs(C/F/R): 99.99/52.98/55.36 | Gain +2.38%
2025-11-19 22:43:38,072 - INFO  - Epoch: [55][80/390] | Time 0.081 (0.085) | Loss 2.6939 | Accs(C/F/R): 99.99/51.41/53.81 | Gain +2.40%
2025-11-19 22:43:39,720 - INFO  - Epoch: [55][100/390] | Time 0.081 (0.084) | Loss 2.6550 | Accs(C/F/R): 99.98/52.64/55.02 | Gain +2.38%
2025-11-19 22:43:41,376 - INFO  - Epoch: [55][120/390] | Time 0.083 (0.084) | Loss 2.6367 | Accs(C/F/R): 99.99/53.26/55.53 | Gain +2.28%
2025-11-19 22:43:43,037 - INFO  - Epoch: [55][140/390] | Time 0.081 (0.084) | Loss 2.6137 | Accs(C/F/R): 99.99/53.48/55.63 | Gain +2.15%
2025-11-19 22:43:44,680 - INFO  - Epoch: [55][160/390] | Time 0.083 (0.084) | Loss 2.5886 | Accs(C/F/R): 99.99/53.94/56.06 | Gain +2.13%
2025-11-19 22:43:46,325 - INFO  - Epoch: [55][180/390] | Time 0.081 (0.084) | Loss 2.5997 | Accs(C/F/R): 99.99/53.74/55.82 | Gain +2.08%
2025-11-19 22:43:47,977 - INFO  - Epoch: [55][200/390] | Time 0.081 (0.083) | Loss 2.6098 | Accs(C/F/R): 99.99/53.45/55.50 | Gain +2.04%
2025-11-19 22:43:49,622 - INFO  - Epoch: [55][220/390] | Time 0.084 (0.083) | Loss 2.5959 | Accs(C/F/R): 99.99/53.71/55.80 | Gain +2.09%
2025-11-19 22:43:51,249 - INFO  - Epoch: [55][240/390] | Time 0.082 (0.083) | Loss 2.5757 | Accs(C/F/R): 99.99/54.12/56.17 | Gain +2.05%
2025-11-19 22:43:52,877 - INFO  - Epoch: [55][260/390] | Time 0.081 (0.083) | Loss 2.5988 | Accs(C/F/R): 99.99/53.68/55.70 | Gain +2.01%
2025-11-19 22:43:54,516 - INFO  - Epoch: [55][280/390] | Time 0.081 (0.083) | Loss 2.6089 | Accs(C/F/R): 99.99/53.58/55.64 | Gain +2.06%
2025-11-19 22:43:56,153 - INFO  - Epoch: [55][300/390] | Time 0.082 (0.083) | Loss 2.6006 | Accs(C/F/R): 99.99/53.84/55.86 | Gain +2.03%
2025-11-19 22:43:57,778 - INFO  - Epoch: [55][320/390] | Time 0.082 (0.083) | Loss 2.5827 | Accs(C/F/R): 99.99/54.32/56.28 | Gain +1.96%
2025-11-19 22:43:59,405 - INFO  - Epoch: [55][340/390] | Time 0.081 (0.083) | Loss 2.5696 | Accs(C/F/R): 99.99/54.48/56.46 | Gain +1.98%
2025-11-19 22:44:01,037 - INFO  - Epoch: [55][360/390] | Time 0.082 (0.083) | Loss 2.5589 | Accs(C/F/R): 99.99/54.77/56.72 | Gain +1.95%
2025-11-19 22:44:02,675 - INFO  - Epoch: [55][380/390] | Time 0.081 (0.083) | Loss 2.5623 | Accs(C/F/R): 99.99/54.62/56.59 | Gain +1.97%
2025-11-19 22:44:03,546 - INFO  - Epoch 55: Train Loss (scheduler metric) = 2.5643
2025-11-19 22:44:03,567 - INFO  - ([55] Epoch) Saving checkpoint to:
             Current: /root/autodl-tmp/retraining-free-quantization/training/alexnet_cifar10_sensitive_stage2/alexnet_cifar10_sensitive_stage2_restorer_checkpoint.pth.tar

2025-11-19 22:44:03,567 - INFO  - >>>>>>>> Epoch  56
2025-11-19 22:44:03,567 - INFO  - [Stage2] Using random BER sampling [1e-2, 1e-1] for each batch at epoch 56
2025-11-19 22:44:03,567 - INFO  - Entered Stage 2 Restorer Training mode for epoch 56.
2025-11-19 22:44:05,457 - INFO  - Epoch: [56][20/390] | Time 0.083 (0.094) | Loss 2.5646 | Accs(C/F/R): 100.00/54.73/57.23 | Gain +2.50%
2025-11-19 22:44:07,104 - INFO  - Epoch: [56][40/390] | Time 0.083 (0.088) | Loss 2.6647 | Accs(C/F/R): 100.00/52.60/55.20 | Gain +2.60%
2025-11-19 22:44:08,755 - INFO  - Epoch: [56][60/390] | Time 0.082 (0.086) | Loss 2.7023 | Accs(C/F/R): 100.00/52.02/54.27 | Gain +2.25%
2025-11-19 22:44:10,415 - INFO  - Epoch: [56][80/390] | Time 0.085 (0.086) | Loss 2.6201 | Accs(C/F/R): 100.00/53.72/55.95 | Gain +2.23%
2025-11-19 22:44:12,090 - INFO  - Epoch: [56][100/390] | Time 0.083 (0.085) | Loss 2.5835 | Accs(C/F/R): 100.00/54.45/56.57 | Gain +2.12%
2025-11-19 22:44:13,745 - INFO  - Epoch: [56][120/390] | Time 0.083 (0.085) | Loss 2.5539 | Accs(C/F/R): 100.00/54.82/57.02 | Gain +2.19%
2025-11-19 22:44:15,395 - INFO  - Epoch: [56][140/390] | Time 0.082 (0.084) | Loss 2.5285 | Accs(C/F/R): 100.00/55.61/57.73 | Gain +2.12%
2025-11-19 22:44:17,046 - INFO  - Epoch: [56][160/390] | Time 0.082 (0.084) | Loss 2.5340 | Accs(C/F/R): 100.00/55.68/57.71 | Gain +2.03%
2025-11-19 22:44:18,702 - INFO  - Epoch: [56][180/390] | Time 0.082 (0.084) | Loss 2.4954 | Accs(C/F/R): 100.00/56.47/58.43 | Gain +1.97%
2025-11-19 22:44:20,353 - INFO  - Epoch: [56][200/390] | Time 0.083 (0.084) | Loss 2.4874 | Accs(C/F/R): 99.99/56.52/58.39 | Gain +1.87%
2025-11-19 22:44:22,008 - INFO  - Epoch: [56][220/390] | Time 0.083 (0.084) | Loss 2.4673 | Accs(C/F/R): 99.99/56.98/58.81 | Gain +1.83%
2025-11-19 22:44:23,667 - INFO  - Epoch: [56][240/390] | Time 0.083 (0.084) | Loss 2.4585 | Accs(C/F/R): 99.99/57.06/58.87 | Gain +1.80%
2025-11-19 22:44:25,324 - INFO  - Epoch: [56][260/390] | Time 0.082 (0.084) | Loss 2.4453 | Accs(C/F/R): 99.99/57.40/59.14 | Gain +1.74%
2025-11-19 22:44:26,987 - INFO  - Epoch: [56][280/390] | Time 0.082 (0.084) | Loss 2.4393 | Accs(C/F/R): 99.99/57.44/59.23 | Gain +1.78%
2025-11-19 22:44:28,633 - INFO  - Epoch: [56][300/390] | Time 0.081 (0.084) | Loss 2.4446 | Accs(C/F/R): 99.99/57.32/59.13 | Gain +1.81%
2025-11-19 22:44:30,279 - INFO  - Epoch: [56][320/390] | Time 0.084 (0.083) | Loss 2.4421 | Accs(C/F/R): 99.99/57.41/59.21 | Gain +1.80%
2025-11-19 22:44:31,922 - INFO  - Epoch: [56][340/390] | Time 0.082 (0.083) | Loss 2.4388 | Accs(C/F/R): 99.99/57.45/59.29 | Gain +1.83%
2025-11-19 22:44:33,586 - INFO  - Epoch: [56][360/390] | Time 0.084 (0.083) | Loss 2.4362 | Accs(C/F/R): 99.99/57.44/59.30 | Gain +1.86%
2025-11-19 22:44:35,238 - INFO  - Epoch: [56][380/390] | Time 0.081 (0.083) | Loss 2.4180 | Accs(C/F/R): 99.99/57.66/59.55 | Gain +1.89%
2025-11-19 22:44:36,104 - INFO  - Epoch 56: Train Loss (scheduler metric) = 2.4183
2025-11-19 22:44:36,125 - INFO  - ([56] Epoch) Saving checkpoint to:
             Current: /root/autodl-tmp/retraining-free-quantization/training/alexnet_cifar10_sensitive_stage2/alexnet_cifar10_sensitive_stage2_restorer_checkpoint.pth.tar

2025-11-19 22:44:36,125 - INFO  - >>>>>>>> Epoch  57
2025-11-19 22:44:36,125 - INFO  - [Stage2] Using random BER sampling [1e-2, 1e-1] for each batch at epoch 57
2025-11-19 22:44:36,125 - INFO  - Entered Stage 2 Restorer Training mode for epoch 57.
2025-11-19 22:44:38,037 - INFO  - Epoch: [57][20/390] | Time 0.081 (0.096) | Loss 2.5583 | Accs(C/F/R): 100.00/55.12/57.50 | Gain +2.38%
2025-11-19 22:44:39,679 - INFO  - Epoch: [57][40/390] | Time 0.082 (0.089) | Loss 2.6525 | Accs(C/F/R): 100.00/53.03/55.64 | Gain +2.62%
2025-11-19 22:44:41,320 - INFO  - Epoch: [57][60/390] | Time 0.081 (0.087) | Loss 2.5667 | Accs(C/F/R): 100.00/54.23/56.60 | Gain +2.37%
2025-11-19 22:44:42,971 - INFO  - Epoch: [57][80/390] | Time 0.091 (0.086) | Loss 2.5670 | Accs(C/F/R): 100.00/54.34/56.99 | Gain +2.66%
2025-11-19 22:44:44,618 - INFO  - Epoch: [57][100/390] | Time 0.081 (0.085) | Loss 2.5571 | Accs(C/F/R): 100.00/54.54/57.09 | Gain +2.55%
2025-11-19 22:44:46,277 - INFO  - Epoch: [57][120/390] | Time 0.085 (0.085) | Loss 2.5961 | Accs(C/F/R): 99.99/54.17/56.61 | Gain +2.43%
2025-11-19 22:44:47,918 - INFO  - Epoch: [57][140/390] | Time 0.081 (0.084) | Loss 2.5919 | Accs(C/F/R): 99.99/54.14/56.49 | Gain +2.35%
2025-11-19 22:44:49,568 - INFO  - Epoch: [57][160/390] | Time 0.081 (0.084) | Loss 2.6081 | Accs(C/F/R): 100.00/53.99/56.26 | Gain +2.27%
2025-11-19 22:44:51,220 - INFO  - Epoch: [57][180/390] | Time 0.082 (0.084) | Loss 2.6193 | Accs(C/F/R): 99.99/53.69/55.99 | Gain +2.30%
2025-11-19 22:44:52,881 - INFO  - Epoch: [57][200/390] | Time 0.083 (0.084) | Loss 2.5762 | Accs(C/F/R): 99.99/54.55/56.84 | Gain +2.29%
2025-11-19 22:44:54,536 - INFO  - Epoch: [57][220/390] | Time 0.082 (0.084) | Loss 2.5476 | Accs(C/F/R): 99.99/55.08/57.28 | Gain +2.20%
2025-11-19 22:44:56,196 - INFO  - Epoch: [57][240/390] | Time 0.086 (0.084) | Loss 2.5608 | Accs(C/F/R): 99.99/54.71/56.84 | Gain +2.14%
2025-11-19 22:44:57,845 - INFO  - Epoch: [57][260/390] | Time 0.082 (0.084) | Loss 2.5517 | Accs(C/F/R): 99.99/54.77/56.91 | Gain +2.13%
2025-11-19 22:44:59,493 - INFO  - Epoch: [57][280/390] | Time 0.082 (0.083) | Loss 2.5390 | Accs(C/F/R): 99.99/54.96/57.10 | Gain +2.15%
2025-11-19 22:45:01,145 - INFO  - Epoch: [57][300/390] | Time 0.082 (0.083) | Loss 2.5295 | Accs(C/F/R): 99.99/55.08/57.24 | Gain +2.16%
2025-11-19 22:45:02,799 - INFO  - Epoch: [57][320/390] | Time 0.081 (0.083) | Loss 2.5513 | Accs(C/F/R): 99.99/54.66/56.77 | Gain +2.11%
2025-11-19 22:45:04,450 - INFO  - Epoch: [57][340/390] | Time 0.081 (0.083) | Loss 2.5646 | Accs(C/F/R): 99.99/54.44/56.49 | Gain +2.05%
2025-11-19 22:45:06,094 - INFO  - Epoch: [57][360/390] | Time 0.083 (0.083) | Loss 2.5716 | Accs(C/F/R): 99.99/54.30/56.33 | Gain +2.04%
2025-11-19 22:45:07,736 - INFO  - Epoch: [57][380/390] | Time 0.081 (0.083) | Loss 2.5772 | Accs(C/F/R): 99.99/54.23/56.23 | Gain +2.00%
2025-11-19 22:45:08,600 - INFO  - Epoch 57: Train Loss (scheduler metric) = 2.5810
2025-11-19 22:45:08,620 - INFO  - ([57] Epoch) Saving checkpoint to:
             Current: /root/autodl-tmp/retraining-free-quantization/training/alexnet_cifar10_sensitive_stage2/alexnet_cifar10_sensitive_stage2_restorer_checkpoint.pth.tar

2025-11-19 22:45:08,620 - INFO  - >>>>>>>> Epoch  58
2025-11-19 22:45:08,621 - INFO  - [Stage2] Using random BER sampling [1e-2, 1e-1] for each batch at epoch 58
2025-11-19 22:45:08,621 - INFO  - Entered Stage 2 Restorer Training mode for epoch 58.
2025-11-19 22:45:10,526 - INFO  - Epoch: [58][20/390] | Time 0.089 (0.095) | Loss 2.5625 | Accs(C/F/R): 100.00/53.75/55.55 | Gain +1.80%
2025-11-19 22:45:12,164 - INFO  - Epoch: [58][40/390] | Time 0.082 (0.089) | Loss 2.6540 | Accs(C/F/R): 100.00/53.42/55.29 | Gain +1.88%
2025-11-19 22:45:13,800 - INFO  - Epoch: [58][60/390] | Time 0.085 (0.086) | Loss 2.5905 | Accs(C/F/R): 100.00/54.56/56.45 | Gain +1.89%
2025-11-19 22:45:15,444 - INFO  - Epoch: [58][80/390] | Time 0.081 (0.085) | Loss 2.5256 | Accs(C/F/R): 100.00/55.39/57.25 | Gain +1.86%
2025-11-19 22:45:17,102 - INFO  - Epoch: [58][100/390] | Time 0.082 (0.085) | Loss 2.4874 | Accs(C/F/R): 99.99/55.89/57.78 | Gain +1.89%
2025-11-19 22:45:18,766 - INFO  - Epoch: [58][120/390] | Time 0.081 (0.085) | Loss 2.4883 | Accs(C/F/R): 99.99/55.99/58.00 | Gain +2.01%
2025-11-19 22:45:20,412 - INFO  - Epoch: [58][140/390] | Time 0.083 (0.084) | Loss 2.4829 | Accs(C/F/R): 99.99/55.87/57.98 | Gain +2.11%
2025-11-19 22:45:22,052 - INFO  - Epoch: [58][160/390] | Time 0.082 (0.084) | Loss 2.4601 | Accs(C/F/R): 100.00/56.38/58.42 | Gain +2.04%
2025-11-19 22:45:23,691 - INFO  - Epoch: [58][180/390] | Time 0.081 (0.084) | Loss 2.4503 | Accs(C/F/R): 100.00/56.35/58.42 | Gain +2.07%
2025-11-19 22:45:25,340 - INFO  - Epoch: [58][200/390] | Time 0.081 (0.084) | Loss 2.4524 | Accs(C/F/R): 100.00/56.48/58.57 | Gain +2.09%
2025-11-19 22:45:27,007 - INFO  - Epoch: [58][220/390] | Time 0.082 (0.084) | Loss 2.4613 | Accs(C/F/R): 100.00/56.42/58.44 | Gain +2.03%
2025-11-19 22:45:28,694 - INFO  - Epoch: [58][240/390] | Time 0.085 (0.084) | Loss 2.4869 | Accs(C/F/R): 100.00/56.05/57.99 | Gain +1.94%
2025-11-19 22:45:30,390 - INFO  - Epoch: [58][260/390] | Time 0.087 (0.084) | Loss 2.4807 | Accs(C/F/R): 100.00/56.15/58.09 | Gain +1.94%
2025-11-19 22:45:32,043 - INFO  - Epoch: [58][280/390] | Time 0.083 (0.084) | Loss 2.4813 | Accs(C/F/R): 100.00/56.06/57.98 | Gain +1.92%
2025-11-19 22:45:33,683 - INFO  - Epoch: [58][300/390] | Time 0.081 (0.084) | Loss 2.5050 | Accs(C/F/R): 100.00/55.78/57.61 | Gain +1.83%
2025-11-19 22:45:35,327 - INFO  - Epoch: [58][320/390] | Time 0.082 (0.083) | Loss 2.5096 | Accs(C/F/R): 100.00/55.58/57.40 | Gain +1.82%
2025-11-19 22:45:36,965 - INFO  - Epoch: [58][340/390] | Time 0.081 (0.083) | Loss 2.5182 | Accs(C/F/R): 100.00/55.41/57.24 | Gain +1.82%
2025-11-19 22:45:38,617 - INFO  - Epoch: [58][360/390] | Time 0.085 (0.083) | Loss 2.5060 | Accs(C/F/R): 100.00/55.61/57.43 | Gain +1.82%
2025-11-19 22:45:40,259 - INFO  - Epoch: [58][380/390] | Time 0.081 (0.083) | Loss 2.5004 | Accs(C/F/R): 100.00/55.86/57.64 | Gain +1.78%
2025-11-19 22:45:41,115 - INFO  - Epoch 58: Train Loss (scheduler metric) = 2.4994
2025-11-19 22:45:41,136 - INFO  - ([58] Epoch) Saving checkpoint to:
             Current: /root/autodl-tmp/retraining-free-quantization/training/alexnet_cifar10_sensitive_stage2/alexnet_cifar10_sensitive_stage2_restorer_checkpoint.pth.tar

2025-11-19 22:45:41,136 - INFO  - >>>>>>>> Epoch  59
2025-11-19 22:45:41,136 - INFO  - [Stage2] Using random BER sampling [1e-2, 1e-1] for each batch at epoch 59
2025-11-19 22:45:41,136 - INFO  - Entered Stage 2 Restorer Training mode for epoch 59.
2025-11-19 22:45:43,019 - INFO  - Epoch: [59][20/390] | Time 0.081 (0.094) | Loss 2.5623 | Accs(C/F/R): 100.00/54.88/57.23 | Gain +2.34%
2025-11-19 22:45:44,650 - INFO  - Epoch: [59][40/390] | Time 0.081 (0.088) | Loss 2.3653 | Accs(C/F/R): 100.00/57.60/60.18 | Gain +2.58%
2025-11-19 22:45:46,276 - INFO  - Epoch: [59][60/390] | Time 0.081 (0.086) | Loss 2.4539 | Accs(C/F/R): 100.00/55.83/58.16 | Gain +2.33%
2025-11-19 22:45:47,904 - INFO  - Epoch: [59][80/390] | Time 0.082 (0.085) | Loss 2.4837 | Accs(C/F/R): 100.00/55.79/57.77 | Gain +1.98%
2025-11-19 22:45:49,525 - INFO  - Epoch: [59][100/390] | Time 0.081 (0.084) | Loss 2.5307 | Accs(C/F/R): 99.98/55.44/57.41 | Gain +1.98%
2025-11-19 22:45:51,157 - INFO  - Epoch: [59][120/390] | Time 0.082 (0.084) | Loss 2.4876 | Accs(C/F/R): 99.97/56.08/58.18 | Gain +2.10%
2025-11-19 22:45:52,794 - INFO  - Epoch: [59][140/390] | Time 0.081 (0.083) | Loss 2.4567 | Accs(C/F/R): 99.98/56.47/58.60 | Gain +2.13%
2025-11-19 22:45:54,442 - INFO  - Epoch: [59][160/390] | Time 0.081 (0.083) | Loss 2.4569 | Accs(C/F/R): 99.98/56.69/58.75 | Gain +2.07%
2025-11-19 22:45:56,104 - INFO  - Epoch: [59][180/390] | Time 0.084 (0.083) | Loss 2.4574 | Accs(C/F/R): 99.98/56.90/58.93 | Gain +2.04%
2025-11-19 22:45:57,773 - INFO  - Epoch: [59][200/390] | Time 0.083 (0.083) | Loss 2.4620 | Accs(C/F/R): 99.98/56.82/58.78 | Gain +1.96%
2025-11-19 22:45:59,421 - INFO  - Epoch: [59][220/390] | Time 0.081 (0.083) | Loss 2.4839 | Accs(C/F/R): 99.98/56.33/58.39 | Gain +2.06%
2025-11-19 22:46:01,104 - INFO  - Epoch: [59][240/390] | Time 0.082 (0.083) | Loss 2.4583 | Accs(C/F/R): 99.98/56.72/58.79 | Gain +2.07%
2025-11-19 22:46:02,783 - INFO  - Epoch: [59][260/390] | Time 0.081 (0.083) | Loss 2.4290 | Accs(C/F/R): 99.98/57.21/59.26 | Gain +2.06%
2025-11-19 22:46:04,447 - INFO  - Epoch: [59][280/390] | Time 0.089 (0.083) | Loss 2.4367 | Accs(C/F/R): 99.98/57.01/59.06 | Gain +2.06%
2025-11-19 22:46:06,096 - INFO  - Epoch: [59][300/390] | Time 0.084 (0.083) | Loss 2.4653 | Accs(C/F/R): 99.98/56.44/58.49 | Gain +2.05%
2025-11-19 22:46:07,752 - INFO  - Epoch: [59][320/390] | Time 0.085 (0.083) | Loss 2.4611 | Accs(C/F/R): 99.99/56.37/58.42 | Gain +2.05%
2025-11-19 22:46:09,399 - INFO  - Epoch: [59][340/390] | Time 0.085 (0.083) | Loss 2.4883 | Accs(C/F/R): 99.99/55.93/58.00 | Gain +2.07%
2025-11-19 22:46:11,055 - INFO  - Epoch: [59][360/390] | Time 0.087 (0.083) | Loss 2.5069 | Accs(C/F/R): 99.99/55.59/57.71 | Gain +2.12%
2025-11-19 22:46:12,722 - INFO  - Epoch: [59][380/390] | Time 0.087 (0.083) | Loss 2.5102 | Accs(C/F/R): 99.99/55.63/57.73 | Gain +2.10%
2025-11-19 22:46:13,587 - INFO  - Epoch 59: Train Loss (scheduler metric) = 2.5183
2025-11-19 22:46:13,608 - INFO  - ([59] Epoch) Saving checkpoint to:
             Current: /root/autodl-tmp/retraining-free-quantization/training/alexnet_cifar10_sensitive_stage2/alexnet_cifar10_sensitive_stage2_restorer_checkpoint.pth.tar

2025-11-19 22:46:13,608 - INFO  - >>>>>>>> Epoch  60
2025-11-19 22:46:13,608 - INFO  - [Stage2] Using random BER sampling [1e-2, 1e-1] for each batch at epoch 60
2025-11-19 22:46:13,608 - INFO  - Entered Stage 2 Restorer Training mode for epoch 60.
2025-11-19 22:46:15,479 - INFO  - Epoch: [60][20/390] | Time 0.083 (0.094) | Loss 2.6266 | Accs(C/F/R): 100.00/53.40/54.84 | Gain +1.45%
2025-11-19 22:46:17,125 - INFO  - Epoch: [60][40/390] | Time 0.082 (0.088) | Loss 2.5443 | Accs(C/F/R): 100.00/54.90/56.68 | Gain +1.78%
2025-11-19 22:46:18,761 - INFO  - Epoch: [60][60/390] | Time 0.084 (0.086) | Loss 2.4498 | Accs(C/F/R): 100.00/56.42/58.12 | Gain +1.71%
2025-11-19 22:46:20,428 - INFO  - Epoch: [60][80/390] | Time 0.082 (0.085) | Loss 2.5364 | Accs(C/F/R): 99.99/54.82/56.69 | Gain +1.87%
2025-11-19 22:46:22,086 - INFO  - Epoch: [60][100/390] | Time 0.084 (0.085) | Loss 2.5317 | Accs(C/F/R): 99.99/54.79/56.62 | Gain +1.84%
2025-11-19 22:46:23,734 - INFO  - Epoch: [60][120/390] | Time 0.082 (0.084) | Loss 2.5399 | Accs(C/F/R): 99.99/54.74/56.50 | Gain +1.76%
2025-11-19 22:46:25,382 - INFO  - Epoch: [60][140/390] | Time 0.081 (0.084) | Loss 2.5728 | Accs(C/F/R): 99.99/54.13/56.00 | Gain +1.87%
2025-11-19 22:46:27,037 - INFO  - Epoch: [60][160/390] | Time 0.082 (0.084) | Loss 2.5322 | Accs(C/F/R): 100.00/55.01/56.98 | Gain +1.96%
2025-11-19 22:46:28,682 - INFO  - Epoch: [60][180/390] | Time 0.083 (0.084) | Loss 2.5392 | Accs(C/F/R): 99.99/54.98/56.91 | Gain +1.92%
2025-11-19 22:46:30,339 - INFO  - Epoch: [60][200/390] | Time 0.084 (0.084) | Loss 2.5752 | Accs(C/F/R): 99.99/54.46/56.36 | Gain +1.90%
2025-11-19 22:46:31,976 - INFO  - Epoch: [60][220/390] | Time 0.081 (0.083) | Loss 2.5977 | Accs(C/F/R): 99.99/54.04/55.88 | Gain +1.84%
2025-11-19 22:46:33,637 - INFO  - Epoch: [60][240/390] | Time 0.082 (0.083) | Loss 2.5910 | Accs(C/F/R): 99.99/54.18/56.10 | Gain +1.93%
2025-11-19 22:46:35,271 - INFO  - Epoch: [60][260/390] | Time 0.082 (0.083) | Loss 2.5496 | Accs(C/F/R): 99.99/54.89/56.81 | Gain +1.92%
2025-11-19 22:46:36,917 - INFO  - Epoch: [60][280/390] | Time 0.081 (0.083) | Loss 2.5597 | Accs(C/F/R): 99.99/54.68/56.58 | Gain +1.90%
2025-11-19 22:46:38,557 - INFO  - Epoch: [60][300/390] | Time 0.082 (0.083) | Loss 2.5657 | Accs(C/F/R): 99.99/54.53/56.46 | Gain +1.92%
2025-11-19 22:46:40,206 - INFO  - Epoch: [60][320/390] | Time 0.082 (0.083) | Loss 2.5592 | Accs(C/F/R): 100.00/54.55/56.48 | Gain +1.93%
2025-11-19 22:46:41,860 - INFO  - Epoch: [60][340/390] | Time 0.082 (0.083) | Loss 2.5425 | Accs(C/F/R): 99.99/54.81/56.70 | Gain +1.88%
2025-11-19 22:46:43,514 - INFO  - Epoch: [60][360/390] | Time 0.084 (0.083) | Loss 2.5351 | Accs(C/F/R): 99.99/55.05/56.93 | Gain +1.88%
2025-11-19 22:46:45,165 - INFO  - Epoch: [60][380/390] | Time 0.082 (0.083) | Loss 2.5436 | Accs(C/F/R): 99.99/54.92/56.84 | Gain +1.92%
2025-11-19 22:46:46,032 - INFO  - Epoch 60: Train Loss (scheduler metric) = 2.5622
2025-11-19 22:46:46,052 - INFO  - ([60] Epoch) Saving checkpoint to:
             Current: /root/autodl-tmp/retraining-free-quantization/training/alexnet_cifar10_sensitive_stage2/alexnet_cifar10_sensitive_stage2_restorer_checkpoint.pth.tar

2025-11-19 22:46:46,052 - INFO  - >>>>>>>> Epoch  61
2025-11-19 22:46:46,052 - INFO  - [Stage2] Using random BER sampling [1e-2, 1e-1] for each batch at epoch 61
2025-11-19 22:46:46,052 - INFO  - Entered Stage 2 Restorer Training mode for epoch 61.
2025-11-19 22:46:47,923 - INFO  - Epoch: [61][20/390] | Time 0.081 (0.093) | Loss 2.6517 | Accs(C/F/R): 100.00/52.27/55.27 | Gain +3.01%
2025-11-19 22:46:49,576 - INFO  - Epoch: [61][40/390] | Time 0.086 (0.088) | Loss 2.5395 | Accs(C/F/R): 99.98/55.84/57.95 | Gain +2.11%
2025-11-19 22:46:51,217 - INFO  - Epoch: [61][60/390] | Time 0.081 (0.086) | Loss 2.5422 | Accs(C/F/R): 99.99/55.39/56.99 | Gain +1.60%
2025-11-19 22:46:52,863 - INFO  - Epoch: [61][80/390] | Time 0.081 (0.085) | Loss 2.5242 | Accs(C/F/R): 99.98/55.80/57.49 | Gain +1.69%
2025-11-19 22:46:54,525 - INFO  - Epoch: [61][100/390] | Time 0.086 (0.085) | Loss 2.5124 | Accs(C/F/R): 99.98/56.33/57.96 | Gain +1.63%
2025-11-19 22:46:56,194 - INFO  - Epoch: [61][120/390] | Time 0.083 (0.085) | Loss 2.5632 | Accs(C/F/R): 99.99/55.49/57.32 | Gain +1.82%
2025-11-19 22:46:57,840 - INFO  - Epoch: [61][140/390] | Time 0.081 (0.084) | Loss 2.5798 | Accs(C/F/R): 99.99/55.11/56.94 | Gain +1.83%
2025-11-19 22:46:59,498 - INFO  - Epoch: [61][160/390] | Time 0.081 (0.084) | Loss 2.5842 | Accs(C/F/R): 99.99/54.91/56.83 | Gain +1.91%
2025-11-19 22:47:01,145 - INFO  - Epoch: [61][180/390] | Time 0.083 (0.084) | Loss 2.5813 | Accs(C/F/R): 99.99/55.03/56.96 | Gain +1.93%
2025-11-19 22:47:02,795 - INFO  - Epoch: [61][200/390] | Time 0.081 (0.084) | Loss 2.5807 | Accs(C/F/R): 99.99/54.93/57.03 | Gain +2.10%
2025-11-19 22:47:04,438 - INFO  - Epoch: [61][220/390] | Time 0.081 (0.084) | Loss 2.6176 | Accs(C/F/R): 99.99/54.28/56.40 | Gain +2.13%
2025-11-19 22:47:06,100 - INFO  - Epoch: [61][240/390] | Time 0.084 (0.084) | Loss 2.6118 | Accs(C/F/R): 99.99/54.30/56.41 | Gain +2.12%
2025-11-19 22:47:07,759 - INFO  - Epoch: [61][260/390] | Time 0.085 (0.083) | Loss 2.6009 | Accs(C/F/R): 99.99/54.44/56.52 | Gain +2.09%
2025-11-19 22:47:09,408 - INFO  - Epoch: [61][280/390] | Time 0.082 (0.083) | Loss 2.5850 | Accs(C/F/R): 99.99/54.75/56.88 | Gain +2.12%
2025-11-19 22:47:11,073 - INFO  - Epoch: [61][300/390] | Time 0.085 (0.083) | Loss 2.6037 | Accs(C/F/R): 99.99/54.40/56.46 | Gain +2.06%
2025-11-19 22:47:12,729 - INFO  - Epoch: [61][320/390] | Time 0.082 (0.083) | Loss 2.5829 | Accs(C/F/R): 99.99/54.71/56.75 | Gain +2.04%
2025-11-19 22:47:14,373 - INFO  - Epoch: [61][340/390] | Time 0.090 (0.083) | Loss 2.5700 | Accs(C/F/R): 99.99/54.95/56.96 | Gain +2.01%
2025-11-19 22:47:16,023 - INFO  - Epoch: [61][360/390] | Time 0.081 (0.083) | Loss 2.5606 | Accs(C/F/R): 99.99/55.25/57.19 | Gain +1.94%
2025-11-19 22:47:17,663 - INFO  - Epoch: [61][380/390] | Time 0.082 (0.083) | Loss 2.5483 | Accs(C/F/R): 99.99/55.45/57.39 | Gain +1.94%
2025-11-19 22:47:18,527 - INFO  - Epoch 61: Train Loss (scheduler metric) = 2.5407
2025-11-19 22:47:18,547 - INFO  - ([61] Epoch) Saving checkpoint to:
             Current: /root/autodl-tmp/retraining-free-quantization/training/alexnet_cifar10_sensitive_stage2/alexnet_cifar10_sensitive_stage2_restorer_checkpoint.pth.tar

2025-11-19 22:47:18,548 - INFO  - >>>>>>>> Epoch  62
2025-11-19 22:47:18,548 - INFO  - [Stage2] Using random BER sampling [1e-2, 1e-1] for each batch at epoch 62
2025-11-19 22:47:18,548 - INFO  - Entered Stage 2 Restorer Training mode for epoch 62.
2025-11-19 22:47:20,412 - INFO  - Epoch: [62][20/390] | Time 0.083 (0.093) | Loss 2.3145 | Accs(C/F/R): 100.00/59.38/61.45 | Gain +2.07%
2025-11-19 22:47:22,064 - INFO  - Epoch: [62][40/390] | Time 0.082 (0.088) | Loss 2.5651 | Accs(C/F/R): 100.00/54.94/56.89 | Gain +1.95%
2025-11-19 22:47:23,704 - INFO  - Epoch: [62][60/390] | Time 0.086 (0.086) | Loss 2.4367 | Accs(C/F/R): 100.00/56.65/58.66 | Gain +2.01%
2025-11-19 22:47:25,357 - INFO  - Epoch: [62][80/390] | Time 0.081 (0.085) | Loss 2.5270 | Accs(C/F/R): 100.00/54.52/56.57 | Gain +2.05%
2025-11-19 22:47:27,001 - INFO  - Epoch: [62][100/390] | Time 0.082 (0.085) | Loss 2.5627 | Accs(C/F/R): 100.00/54.38/56.32 | Gain +1.95%
2025-11-19 22:47:28,664 - INFO  - Epoch: [62][120/390] | Time 0.083 (0.084) | Loss 2.5899 | Accs(C/F/R): 100.00/53.95/55.91 | Gain +1.97%
2025-11-19 22:47:30,299 - INFO  - Epoch: [62][140/390] | Time 0.081 (0.084) | Loss 2.5897 | Accs(C/F/R): 99.99/53.97/55.75 | Gain +1.79%
2025-11-19 22:47:31,928 - INFO  - Epoch: [62][160/390] | Time 0.081 (0.084) | Loss 2.5886 | Accs(C/F/R): 100.00/54.11/55.87 | Gain +1.76%
2025-11-19 22:47:33,558 - INFO  - Epoch: [62][180/390] | Time 0.084 (0.083) | Loss 2.5792 | Accs(C/F/R): 100.00/54.02/55.90 | Gain +1.88%
2025-11-19 22:47:35,186 - INFO  - Epoch: [62][200/390] | Time 0.081 (0.083) | Loss 2.5991 | Accs(C/F/R): 100.00/53.54/55.32 | Gain +1.77%
2025-11-19 22:47:36,815 - INFO  - Epoch: [62][220/390] | Time 0.082 (0.083) | Loss 2.5903 | Accs(C/F/R): 100.00/53.82/55.50 | Gain +1.68%
2025-11-19 22:47:38,450 - INFO  - Epoch: [62][240/390] | Time 0.082 (0.083) | Loss 2.5858 | Accs(C/F/R): 100.00/53.95/55.64 | Gain +1.69%
2025-11-19 22:47:40,081 - INFO  - Epoch: [62][260/390] | Time 0.082 (0.083) | Loss 2.5898 | Accs(C/F/R): 100.00/54.10/55.74 | Gain +1.64%
2025-11-19 22:47:41,733 - INFO  - Epoch: [62][280/390] | Time 0.085 (0.083) | Loss 2.5972 | Accs(C/F/R): 99.99/53.96/55.61 | Gain +1.64%
2025-11-19 22:47:43,405 - INFO  - Epoch: [62][300/390] | Time 0.082 (0.083) | Loss 2.5814 | Accs(C/F/R): 99.99/54.31/55.96 | Gain +1.66%
2025-11-19 22:47:45,045 - INFO  - Epoch: [62][320/390] | Time 0.082 (0.083) | Loss 2.5750 | Accs(C/F/R): 99.99/54.42/56.12 | Gain +1.70%
2025-11-19 22:47:46,696 - INFO  - Epoch: [62][340/390] | Time 0.082 (0.083) | Loss 2.5720 | Accs(C/F/R): 99.99/54.46/56.23 | Gain +1.77%
2025-11-19 22:47:48,346 - INFO  - Epoch: [62][360/390] | Time 0.081 (0.083) | Loss 2.5731 | Accs(C/F/R): 99.99/54.38/56.18 | Gain +1.81%
2025-11-19 22:47:50,002 - INFO  - Epoch: [62][380/390] | Time 0.091 (0.083) | Loss 2.5628 | Accs(C/F/R): 99.99/54.53/56.37 | Gain +1.84%
2025-11-19 22:47:50,871 - INFO  - Epoch 62: Train Loss (scheduler metric) = 2.5691
2025-11-19 22:47:50,894 - INFO  - ([62] Epoch) Saving checkpoint to:
             Current: /root/autodl-tmp/retraining-free-quantization/training/alexnet_cifar10_sensitive_stage2/alexnet_cifar10_sensitive_stage2_restorer_checkpoint.pth.tar

2025-11-19 22:47:50,894 - INFO  - >>>>>>>> Epoch  63
2025-11-19 22:47:50,894 - INFO  - [Stage2] Using random BER sampling [1e-2, 1e-1] for each batch at epoch 63
2025-11-19 22:47:50,894 - INFO  - Entered Stage 2 Restorer Training mode for epoch 63.
2025-11-19 22:47:52,788 - INFO  - Epoch: [63][20/390] | Time 0.082 (0.095) | Loss 2.5336 | Accs(C/F/R): 100.00/54.18/56.84 | Gain +2.66%
2025-11-19 22:47:54,446 - INFO  - Epoch: [63][40/390] | Time 0.085 (0.089) | Loss 2.5073 | Accs(C/F/R): 100.00/54.88/57.71 | Gain +2.83%
2025-11-19 22:47:56,093 - INFO  - Epoch: [63][60/390] | Time 0.082 (0.087) | Loss 2.5141 | Accs(C/F/R): 100.00/54.97/57.73 | Gain +2.76%
2025-11-19 22:47:57,735 - INFO  - Epoch: [63][80/390] | Time 0.081 (0.085) | Loss 2.5616 | Accs(C/F/R): 100.00/54.92/57.45 | Gain +2.53%
2025-11-19 22:47:59,380 - INFO  - Epoch: [63][100/390] | Time 0.084 (0.085) | Loss 2.5020 | Accs(C/F/R): 99.99/55.55/58.16 | Gain +2.62%
2025-11-19 22:48:01,021 - INFO  - Epoch: [63][120/390] | Time 0.082 (0.084) | Loss 2.5268 | Accs(C/F/R): 99.99/55.12/57.71 | Gain +2.58%
2025-11-19 22:48:02,671 - INFO  - Epoch: [63][140/390] | Time 0.082 (0.084) | Loss 2.5238 | Accs(C/F/R): 99.99/55.23/57.63 | Gain +2.39%
2025-11-19 22:48:04,327 - INFO  - Epoch: [63][160/390] | Time 0.086 (0.084) | Loss 2.5354 | Accs(C/F/R): 99.99/54.92/57.23 | Gain +2.31%
2025-11-19 22:48:05,964 - INFO  - Epoch: [63][180/390] | Time 0.081 (0.084) | Loss 2.5205 | Accs(C/F/R): 99.99/55.16/57.39 | Gain +2.22%
2025-11-19 22:48:07,606 - INFO  - Epoch: [63][200/390] | Time 0.081 (0.084) | Loss 2.5108 | Accs(C/F/R): 99.99/55.39/57.57 | Gain +2.18%
2025-11-19 22:48:09,255 - INFO  - Epoch: [63][220/390] | Time 0.082 (0.083) | Loss 2.5045 | Accs(C/F/R): 99.99/55.65/57.87 | Gain +2.22%
2025-11-19 22:48:10,900 - INFO  - Epoch: [63][240/390] | Time 0.081 (0.083) | Loss 2.5081 | Accs(C/F/R): 99.99/55.70/57.82 | Gain +2.12%
2025-11-19 22:48:12,544 - INFO  - Epoch: [63][260/390] | Time 0.082 (0.083) | Loss 2.5049 | Accs(C/F/R): 99.99/55.61/57.70 | Gain +2.09%
2025-11-19 22:48:14,193 - INFO  - Epoch: [63][280/390] | Time 0.081 (0.083) | Loss 2.5119 | Accs(C/F/R): 99.99/55.44/57.50 | Gain +2.06%
2025-11-19 22:48:15,836 - INFO  - Epoch: [63][300/390] | Time 0.085 (0.083) | Loss 2.5293 | Accs(C/F/R): 99.99/55.10/57.18 | Gain +2.08%
2025-11-19 22:48:17,472 - INFO  - Epoch: [63][320/390] | Time 0.083 (0.083) | Loss 2.5229 | Accs(C/F/R): 99.99/55.23/57.34 | Gain +2.11%
2025-11-19 22:48:19,132 - INFO  - Epoch: [63][340/390] | Time 0.085 (0.083) | Loss 2.5408 | Accs(C/F/R): 99.99/54.94/57.05 | Gain +2.11%
2025-11-19 22:48:20,784 - INFO  - Epoch: [63][360/390] | Time 0.082 (0.083) | Loss 2.5330 | Accs(C/F/R): 99.99/55.25/57.32 | Gain +2.08%
2025-11-19 22:48:22,431 - INFO  - Epoch: [63][380/390] | Time 0.081 (0.083) | Loss 2.5451 | Accs(C/F/R): 99.99/55.11/57.14 | Gain +2.03%
2025-11-19 22:48:23,300 - INFO  - Epoch 63: Train Loss (scheduler metric) = 2.5402
2025-11-19 22:48:23,320 - INFO  - ([63] Epoch) Saving checkpoint to:
             Current: /root/autodl-tmp/retraining-free-quantization/training/alexnet_cifar10_sensitive_stage2/alexnet_cifar10_sensitive_stage2_restorer_checkpoint.pth.tar

2025-11-19 22:48:23,320 - INFO  - >>>>>>>> Epoch  64
2025-11-19 22:48:23,320 - INFO  - [Stage2] Using random BER sampling [1e-2, 1e-1] for each batch at epoch 64
2025-11-19 22:48:23,320 - INFO  - Entered Stage 2 Restorer Training mode for epoch 64.
2025-11-19 22:48:25,192 - INFO  - Epoch: [64][20/390] | Time 0.082 (0.094) | Loss 2.7207 | Accs(C/F/R): 100.00/52.11/53.75 | Gain +1.64%
2025-11-19 22:48:26,833 - INFO  - Epoch: [64][40/390] | Time 0.084 (0.088) | Loss 2.7707 | Accs(C/F/R): 100.00/51.72/53.54 | Gain +1.82%
2025-11-19 22:48:28,486 - INFO  - Epoch: [64][60/390] | Time 0.081 (0.086) | Loss 2.6828 | Accs(C/F/R): 100.00/53.29/55.12 | Gain +1.82%
2025-11-19 22:48:30,130 - INFO  - Epoch: [64][80/390] | Time 0.084 (0.085) | Loss 2.6460 | Accs(C/F/R): 100.00/53.99/55.84 | Gain +1.85%
2025-11-19 22:48:31,772 - INFO  - Epoch: [64][100/390] | Time 0.081 (0.085) | Loss 2.6073 | Accs(C/F/R): 100.00/54.71/56.36 | Gain +1.65%
2025-11-19 22:48:33,412 - INFO  - Epoch: [64][120/390] | Time 0.082 (0.084) | Loss 2.5876 | Accs(C/F/R): 100.00/54.79/56.36 | Gain +1.57%
2025-11-19 22:48:35,072 - INFO  - Epoch: [64][140/390] | Time 0.082 (0.084) | Loss 2.5855 | Accs(C/F/R): 100.00/54.91/56.46 | Gain +1.56%
2025-11-19 22:48:36,734 - INFO  - Epoch: [64][160/390] | Time 0.083 (0.084) | Loss 2.5518 | Accs(C/F/R): 100.00/55.21/56.86 | Gain +1.66%
2025-11-19 22:48:38,397 - INFO  - Epoch: [64][180/390] | Time 0.083 (0.084) | Loss 2.5576 | Accs(C/F/R): 100.00/54.97/56.68 | Gain +1.71%
2025-11-19 22:48:40,049 - INFO  - Epoch: [64][200/390] | Time 0.082 (0.084) | Loss 2.5375 | Accs(C/F/R): 99.99/55.35/57.04 | Gain +1.69%
2025-11-19 22:48:41,693 - INFO  - Epoch: [64][220/390] | Time 0.087 (0.084) | Loss 2.5167 | Accs(C/F/R): 99.99/55.90/57.48 | Gain +1.58%
2025-11-19 22:48:43,347 - INFO  - Epoch: [64][240/390] | Time 0.085 (0.083) | Loss 2.4969 | Accs(C/F/R): 99.99/56.23/57.85 | Gain +1.62%
2025-11-19 22:48:45,010 - INFO  - Epoch: [64][260/390] | Time 0.085 (0.083) | Loss 2.4906 | Accs(C/F/R): 99.99/56.56/58.19 | Gain +1.63%
2025-11-19 22:48:46,659 - INFO  - Epoch: [64][280/390] | Time 0.082 (0.083) | Loss 2.4659 | Accs(C/F/R): 99.99/56.91/58.62 | Gain +1.72%
2025-11-19 22:48:48,307 - INFO  - Epoch: [64][300/390] | Time 0.082 (0.083) | Loss 2.4805 | Accs(C/F/R): 99.99/56.60/58.38 | Gain +1.78%
2025-11-19 22:48:49,964 - INFO  - Epoch: [64][320/390] | Time 0.082 (0.083) | Loss 2.4802 | Accs(C/F/R): 99.99/56.70/58.44 | Gain +1.75%
2025-11-19 22:48:51,619 - INFO  - Epoch: [64][340/390] | Time 0.085 (0.083) | Loss 2.4883 | Accs(C/F/R): 99.99/56.48/58.32 | Gain +1.84%
2025-11-19 22:48:53,257 - INFO  - Epoch: [64][360/390] | Time 0.081 (0.083) | Loss 2.4640 | Accs(C/F/R): 99.99/56.82/58.70 | Gain +1.88%
2025-11-19 22:48:54,912 - INFO  - Epoch: [64][380/390] | Time 0.084 (0.083) | Loss 2.4493 | Accs(C/F/R): 99.99/57.12/58.97 | Gain +1.85%
2025-11-19 22:48:55,780 - INFO  - Epoch 64: Train Loss (scheduler metric) = 2.4491
2025-11-19 22:48:55,803 - INFO  - ([64] Epoch) Saving checkpoint to:
             Current: /root/autodl-tmp/retraining-free-quantization/training/alexnet_cifar10_sensitive_stage2/alexnet_cifar10_sensitive_stage2_restorer_checkpoint.pth.tar

2025-11-19 22:48:55,803 - INFO  - >>>>>>>> Epoch  65
2025-11-19 22:48:55,803 - INFO  - [Stage2] Using random BER sampling [1e-2, 1e-1] for each batch at epoch 65
2025-11-19 22:48:55,803 - INFO  - Entered Stage 2 Restorer Training mode for epoch 65.
2025-11-19 22:48:57,731 - INFO  - Epoch: [65][20/390] | Time 0.081 (0.096) | Loss 2.6602 | Accs(C/F/R): 100.00/52.46/54.38 | Gain +1.91%
2025-11-19 22:48:59,389 - INFO  - Epoch: [65][40/390] | Time 0.081 (0.090) | Loss 2.5056 | Accs(C/F/R): 99.98/55.33/57.44 | Gain +2.11%
2025-11-19 22:49:01,044 - INFO  - Epoch: [65][60/390] | Time 0.081 (0.087) | Loss 2.5255 | Accs(C/F/R): 99.99/55.70/57.93 | Gain +2.23%
2025-11-19 22:49:02,690 - INFO  - Epoch: [65][80/390] | Time 0.083 (0.086) | Loss 2.4853 | Accs(C/F/R): 99.99/56.18/58.46 | Gain +2.28%
2025-11-19 22:49:04,331 - INFO  - Epoch: [65][100/390] | Time 0.082 (0.085) | Loss 2.4387 | Accs(C/F/R): 99.99/56.90/59.23 | Gain +2.34%
2025-11-19 22:49:05,980 - INFO  - Epoch: [65][120/390] | Time 0.081 (0.085) | Loss 2.4742 | Accs(C/F/R): 99.99/56.13/58.46 | Gain +2.33%
2025-11-19 22:49:07,631 - INFO  - Epoch: [65][140/390] | Time 0.083 (0.084) | Loss 2.4815 | Accs(C/F/R): 99.99/55.84/58.29 | Gain +2.44%
2025-11-19 22:49:09,281 - INFO  - Epoch: [65][160/390] | Time 0.084 (0.084) | Loss 2.5384 | Accs(C/F/R): 99.99/54.76/57.12 | Gain +2.36%
2025-11-19 22:49:10,928 - INFO  - Epoch: [65][180/390] | Time 0.082 (0.084) | Loss 2.5328 | Accs(C/F/R): 99.99/54.78/57.06 | Gain +2.28%
2025-11-19 22:49:12,572 - INFO  - Epoch: [65][200/390] | Time 0.082 (0.084) | Loss 2.5436 | Accs(C/F/R): 99.99/54.49/56.71 | Gain +2.23%
2025-11-19 22:49:14,214 - INFO  - Epoch: [65][220/390] | Time 0.081 (0.084) | Loss 2.5597 | Accs(C/F/R): 99.99/54.41/56.55 | Gain +2.14%
2025-11-19 22:49:15,853 - INFO  - Epoch: [65][240/390] | Time 0.081 (0.084) | Loss 2.5743 | Accs(C/F/R): 99.99/54.18/56.35 | Gain +2.18%
2025-11-19 22:49:17,497 - INFO  - Epoch: [65][260/390] | Time 0.084 (0.083) | Loss 2.5665 | Accs(C/F/R): 99.99/54.18/56.41 | Gain +2.24%
2025-11-19 22:49:19,137 - INFO  - Epoch: [65][280/390] | Time 0.081 (0.083) | Loss 2.5549 | Accs(C/F/R): 99.99/54.31/56.48 | Gain +2.18%
2025-11-19 22:49:20,764 - INFO  - Epoch: [65][300/390] | Time 0.081 (0.083) | Loss 2.5521 | Accs(C/F/R): 99.99/54.33/56.48 | Gain +2.14%
2025-11-19 22:49:22,390 - INFO  - Epoch: [65][320/390] | Time 0.084 (0.083) | Loss 2.5614 | Accs(C/F/R): 99.99/54.21/56.32 | Gain +2.12%
2025-11-19 22:49:24,031 - INFO  - Epoch: [65][340/390] | Time 0.083 (0.083) | Loss 2.5673 | Accs(C/F/R): 99.99/54.05/56.19 | Gain +2.15%
2025-11-19 22:49:25,654 - INFO  - Epoch: [65][360/390] | Time 0.081 (0.083) | Loss 2.5553 | Accs(C/F/R): 99.99/54.33/56.44 | Gain +2.11%
2025-11-19 22:49:27,285 - INFO  - Epoch: [65][380/390] | Time 0.081 (0.083) | Loss 2.5574 | Accs(C/F/R): 99.99/54.35/56.44 | Gain +2.09%
2025-11-19 22:49:28,136 - INFO  - Epoch 65: Train Loss (scheduler metric) = 2.5600
2025-11-19 22:49:28,155 - INFO  - ([65] Epoch) Saving checkpoint to:
             Current: /root/autodl-tmp/retraining-free-quantization/training/alexnet_cifar10_sensitive_stage2/alexnet_cifar10_sensitive_stage2_restorer_checkpoint.pth.tar

2025-11-19 22:49:28,156 - INFO  - >>>>>>>> Epoch  66
2025-11-19 22:49:28,156 - INFO  - [Stage2] Using random BER sampling [1e-2, 1e-1] for each batch at epoch 66
2025-11-19 22:49:28,156 - INFO  - Entered Stage 2 Restorer Training mode for epoch 66.
2025-11-19 22:49:29,982 - INFO  - Epoch: [66][20/390] | Time 0.082 (0.091) | Loss 2.6900 | Accs(C/F/R): 100.00/53.16/54.41 | Gain +1.25%
2025-11-19 22:49:31,614 - INFO  - Epoch: [66][40/390] | Time 0.081 (0.086) | Loss 2.5605 | Accs(C/F/R): 100.00/55.41/56.39 | Gain +0.98%
2025-11-19 22:49:33,273 - INFO  - Epoch: [66][60/390] | Time 0.088 (0.085) | Loss 2.4883 | Accs(C/F/R): 99.99/56.08/57.38 | Gain +1.30%
2025-11-19 22:49:34,927 - INFO  - Epoch: [66][80/390] | Time 0.082 (0.085) | Loss 2.5310 | Accs(C/F/R): 99.99/55.58/56.82 | Gain +1.24%
2025-11-19 22:49:36,594 - INFO  - Epoch: [66][100/390] | Time 0.081 (0.084) | Loss 2.4916 | Accs(C/F/R): 99.99/56.31/57.66 | Gain +1.35%
2025-11-19 22:49:38,251 - INFO  - Epoch: [66][120/390] | Time 0.082 (0.084) | Loss 2.5417 | Accs(C/F/R): 99.99/55.18/56.65 | Gain +1.46%
2025-11-19 22:49:39,898 - INFO  - Epoch: [66][140/390] | Time 0.084 (0.084) | Loss 2.5922 | Accs(C/F/R): 99.99/54.41/55.95 | Gain +1.54%
2025-11-19 22:49:41,554 - INFO  - Epoch: [66][160/390] | Time 0.084 (0.084) | Loss 2.5986 | Accs(C/F/R): 100.00/54.22/55.81 | Gain +1.58%
2025-11-19 22:49:43,200 - INFO  - Epoch: [66][180/390] | Time 0.082 (0.084) | Loss 2.6012 | Accs(C/F/R): 99.99/54.06/55.77 | Gain +1.71%
2025-11-19 22:49:44,846 - INFO  - Epoch: [66][200/390] | Time 0.081 (0.083) | Loss 2.5597 | Accs(C/F/R): 99.99/54.82/56.57 | Gain +1.75%
2025-11-19 22:49:46,500 - INFO  - Epoch: [66][220/390] | Time 0.082 (0.083) | Loss 2.5723 | Accs(C/F/R): 99.99/54.59/56.32 | Gain +1.73%
2025-11-19 22:49:48,137 - INFO  - Epoch: [66][240/390] | Time 0.082 (0.083) | Loss 2.5999 | Accs(C/F/R): 99.99/54.19/55.98 | Gain +1.79%
2025-11-19 22:49:49,790 - INFO  - Epoch: [66][260/390] | Time 0.084 (0.083) | Loss 2.5672 | Accs(C/F/R): 99.99/54.88/56.62 | Gain +1.73%
2025-11-19 22:49:51,424 - INFO  - Epoch: [66][280/390] | Time 0.081 (0.083) | Loss 2.5540 | Accs(C/F/R): 99.99/55.23/56.97 | Gain +1.74%
2025-11-19 22:49:53,068 - INFO  - Epoch: [66][300/390] | Time 0.082 (0.083) | Loss 2.5290 | Accs(C/F/R): 99.99/55.64/57.44 | Gain +1.80%
2025-11-19 22:49:54,719 - INFO  - Epoch: [66][320/390] | Time 0.081 (0.083) | Loss 2.5323 | Accs(C/F/R): 99.99/55.67/57.39 | Gain +1.72%
2025-11-19 22:49:56,376 - INFO  - Epoch: [66][340/390] | Time 0.084 (0.083) | Loss 2.5394 | Accs(C/F/R): 99.99/55.49/57.22 | Gain +1.73%
2025-11-19 22:49:58,026 - INFO  - Epoch: [66][360/390] | Time 0.085 (0.083) | Loss 2.5411 | Accs(C/F/R): 99.99/55.53/57.29 | Gain +1.76%
2025-11-19 22:49:59,685 - INFO  - Epoch: [66][380/390] | Time 0.081 (0.083) | Loss 2.5360 | Accs(C/F/R): 99.99/55.55/57.31 | Gain +1.76%
2025-11-19 22:50:00,543 - INFO  - Epoch 66: Train Loss (scheduler metric) = 2.5272
2025-11-19 22:50:00,563 - INFO  - ([66] Epoch) Saving checkpoint to:
             Current: /root/autodl-tmp/retraining-free-quantization/training/alexnet_cifar10_sensitive_stage2/alexnet_cifar10_sensitive_stage2_restorer_checkpoint.pth.tar

2025-11-19 22:50:00,563 - INFO  - >>>>>>>> Epoch  67
2025-11-19 22:50:00,563 - INFO  - [Stage2] Using random BER sampling [1e-2, 1e-1] for each batch at epoch 67
2025-11-19 22:50:00,563 - INFO  - Entered Stage 2 Restorer Training mode for epoch 67.
2025-11-19 22:50:02,446 - INFO  - Epoch: [67][20/390] | Time 0.081 (0.094) | Loss 2.6062 | Accs(C/F/R): 100.00/52.03/54.18 | Gain +2.15%
2025-11-19 22:50:04,093 - INFO  - Epoch: [67][40/390] | Time 0.083 (0.088) | Loss 2.5523 | Accs(C/F/R): 100.00/54.39/56.43 | Gain +2.03%
2025-11-19 22:50:05,744 - INFO  - Epoch: [67][60/390] | Time 0.082 (0.086) | Loss 2.6126 | Accs(C/F/R): 100.00/53.11/55.26 | Gain +2.15%
2025-11-19 22:50:07,381 - INFO  - Epoch: [67][80/390] | Time 0.081 (0.085) | Loss 2.6375 | Accs(C/F/R): 100.00/52.41/54.56 | Gain +2.15%
2025-11-19 22:50:09,026 - INFO  - Epoch: [67][100/390] | Time 0.082 (0.085) | Loss 2.6015 | Accs(C/F/R): 99.99/53.25/55.43 | Gain +2.18%
2025-11-19 22:50:10,662 - INFO  - Epoch: [67][120/390] | Time 0.084 (0.084) | Loss 2.6332 | Accs(C/F/R): 99.99/52.62/54.99 | Gain +2.37%
2025-11-19 22:50:12,309 - INFO  - Epoch: [67][140/390] | Time 0.083 (0.084) | Loss 2.6407 | Accs(C/F/R): 99.99/52.86/55.25 | Gain +2.38%
2025-11-19 22:50:13,952 - INFO  - Epoch: [67][160/390] | Time 0.082 (0.084) | Loss 2.6397 | Accs(C/F/R): 100.00/52.83/55.23 | Gain +2.40%
2025-11-19 22:50:15,607 - INFO  - Epoch: [67][180/390] | Time 0.083 (0.084) | Loss 2.6159 | Accs(C/F/R): 100.00/53.48/55.74 | Gain +2.26%
2025-11-19 22:50:17,262 - INFO  - Epoch: [67][200/390] | Time 0.082 (0.083) | Loss 2.6434 | Accs(C/F/R): 100.00/53.01/55.25 | Gain +2.24%
2025-11-19 22:50:18,913 - INFO  - Epoch: [67][220/390] | Time 0.086 (0.083) | Loss 2.6332 | Accs(C/F/R): 100.00/53.17/55.41 | Gain +2.23%
2025-11-19 22:50:20,567 - INFO  - Epoch: [67][240/390] | Time 0.082 (0.083) | Loss 2.6122 | Accs(C/F/R): 100.00/53.55/55.81 | Gain +2.26%
2025-11-19 22:50:22,217 - INFO  - Epoch: [67][260/390] | Time 0.081 (0.083) | Loss 2.5917 | Accs(C/F/R): 100.00/54.00/56.22 | Gain +2.23%
2025-11-19 22:50:23,861 - INFO  - Epoch: [67][280/390] | Time 0.082 (0.083) | Loss 2.5797 | Accs(C/F/R): 100.00/54.32/56.58 | Gain +2.26%
2025-11-19 22:50:25,529 - INFO  - Epoch: [67][300/390] | Time 0.081 (0.083) | Loss 2.5985 | Accs(C/F/R): 100.00/53.86/56.13 | Gain +2.27%
2025-11-19 22:50:27,173 - INFO  - Epoch: [67][320/390] | Time 0.082 (0.083) | Loss 2.6120 | Accs(C/F/R): 100.00/53.68/55.95 | Gain +2.27%
2025-11-19 22:50:28,817 - INFO  - Epoch: [67][340/390] | Time 0.081 (0.083) | Loss 2.6016 | Accs(C/F/R): 100.00/53.88/56.23 | Gain +2.35%
2025-11-19 22:50:30,476 - INFO  - Epoch: [67][360/390] | Time 0.082 (0.083) | Loss 2.5937 | Accs(C/F/R): 100.00/53.93/56.22 | Gain +2.28%
2025-11-19 22:50:32,119 - INFO  - Epoch: [67][380/390] | Time 0.082 (0.083) | Loss 2.6020 | Accs(C/F/R): 100.00/53.80/56.05 | Gain +2.25%
2025-11-19 22:50:32,979 - INFO  - Epoch 67: Train Loss (scheduler metric) = 2.5940
2025-11-19 22:50:32,999 - INFO  - ([67] Epoch) Saving checkpoint to:
             Current: /root/autodl-tmp/retraining-free-quantization/training/alexnet_cifar10_sensitive_stage2/alexnet_cifar10_sensitive_stage2_restorer_checkpoint.pth.tar

2025-11-19 22:50:32,999 - INFO  - >>>>>>>> Epoch  68
2025-11-19 22:50:32,999 - INFO  - [Stage2] Using random BER sampling [1e-2, 1e-1] for each batch at epoch 68
2025-11-19 22:50:32,999 - INFO  - Entered Stage 2 Restorer Training mode for epoch 68.
2025-11-19 22:50:34,859 - INFO  - Epoch: [68][20/390] | Time 0.082 (0.093) | Loss 2.5128 | Accs(C/F/R): 100.00/55.90/59.38 | Gain +3.48%
2025-11-19 22:50:36,500 - INFO  - Epoch: [68][40/390] | Time 0.085 (0.088) | Loss 2.6853 | Accs(C/F/R): 100.00/52.87/55.68 | Gain +2.81%
2025-11-19 22:50:38,146 - INFO  - Epoch: [68][60/390] | Time 0.081 (0.086) | Loss 2.7277 | Accs(C/F/R): 99.99/52.21/54.90 | Gain +2.68%
2025-11-19 22:50:39,791 - INFO  - Epoch: [68][80/390] | Time 0.083 (0.085) | Loss 2.6778 | Accs(C/F/R): 99.99/52.74/55.26 | Gain +2.52%
2025-11-19 22:50:41,437 - INFO  - Epoch: [68][100/390] | Time 0.082 (0.084) | Loss 2.5933 | Accs(C/F/R): 99.99/54.11/56.51 | Gain +2.40%
2025-11-19 22:50:43,080 - INFO  - Epoch: [68][120/390] | Time 0.083 (0.084) | Loss 2.6161 | Accs(C/F/R): 99.99/53.83/56.17 | Gain +2.34%
2025-11-19 22:50:44,730 - INFO  - Epoch: [68][140/390] | Time 0.083 (0.084) | Loss 2.5812 | Accs(C/F/R): 99.99/54.24/56.48 | Gain +2.24%
2025-11-19 22:50:46,372 - INFO  - Epoch: [68][160/390] | Time 0.082 (0.084) | Loss 2.6003 | Accs(C/F/R): 99.99/53.56/55.86 | Gain +2.30%
2025-11-19 22:50:48,014 - INFO  - Epoch: [68][180/390] | Time 0.082 (0.083) | Loss 2.6455 | Accs(C/F/R): 99.99/52.76/55.17 | Gain +2.41%
2025-11-19 22:50:49,655 - INFO  - Epoch: [68][200/390] | Time 0.082 (0.083) | Loss 2.6121 | Accs(C/F/R): 99.99/53.36/55.71 | Gain +2.35%
2025-11-19 22:50:51,301 - INFO  - Epoch: [68][220/390] | Time 0.082 (0.083) | Loss 2.6010 | Accs(C/F/R): 99.99/53.52/55.83 | Gain +2.31%
2025-11-19 22:50:52,954 - INFO  - Epoch: [68][240/390] | Time 0.086 (0.083) | Loss 2.5807 | Accs(C/F/R): 99.99/53.94/56.27 | Gain +2.33%
2025-11-19 22:50:54,598 - INFO  - Epoch: [68][260/390] | Time 0.082 (0.083) | Loss 2.5946 | Accs(C/F/R): 99.99/53.87/56.14 | Gain +2.27%
2025-11-19 22:50:56,253 - INFO  - Epoch: [68][280/390] | Time 0.082 (0.083) | Loss 2.6064 | Accs(C/F/R): 99.99/53.78/56.02 | Gain +2.24%
2025-11-19 22:50:57,895 - INFO  - Epoch: [68][300/390] | Time 0.082 (0.083) | Loss 2.5872 | Accs(C/F/R): 99.99/54.25/56.42 | Gain +2.17%
2025-11-19 22:50:59,536 - INFO  - Epoch: [68][320/390] | Time 0.082 (0.083) | Loss 2.5681 | Accs(C/F/R): 99.99/54.72/56.83 | Gain +2.11%
2025-11-19 22:51:01,191 - INFO  - Epoch: [68][340/390] | Time 0.081 (0.083) | Loss 2.5513 | Accs(C/F/R): 99.99/54.98/57.14 | Gain +2.15%
2025-11-19 22:51:02,846 - INFO  - Epoch: [68][360/390] | Time 0.081 (0.083) | Loss 2.5389 | Accs(C/F/R): 99.99/55.25/57.41 | Gain +2.16%
2025-11-19 22:51:04,487 - INFO  - Epoch: [68][380/390] | Time 0.081 (0.083) | Loss 2.5197 | Accs(C/F/R): 99.99/55.57/57.73 | Gain +2.16%
2025-11-19 22:51:05,353 - INFO  - Epoch 68: Train Loss (scheduler metric) = 2.5136
2025-11-19 22:51:05,372 - INFO  - ([68] Epoch) Saving checkpoint to:
             Current: /root/autodl-tmp/retraining-free-quantization/training/alexnet_cifar10_sensitive_stage2/alexnet_cifar10_sensitive_stage2_restorer_checkpoint.pth.tar

2025-11-19 22:51:05,373 - INFO  - >>>>>>>> Epoch  69
2025-11-19 22:51:05,373 - INFO  - [Stage2] Using random BER sampling [1e-2, 1e-1] for each batch at epoch 69
2025-11-19 22:51:05,373 - INFO  - Entered Stage 2 Restorer Training mode for epoch 69.
2025-11-19 22:51:07,242 - INFO  - Epoch: [69][20/390] | Time 0.085 (0.093) | Loss 2.5649 | Accs(C/F/R): 100.00/54.61/57.15 | Gain +2.54%
2025-11-19 22:51:08,880 - INFO  - Epoch: [69][40/390] | Time 0.081 (0.088) | Loss 2.6136 | Accs(C/F/R): 100.00/54.18/56.33 | Gain +2.15%
2025-11-19 22:51:10,526 - INFO  - Epoch: [69][60/390] | Time 0.081 (0.086) | Loss 2.6887 | Accs(C/F/R): 100.00/52.08/54.48 | Gain +2.40%
2025-11-19 22:51:12,163 - INFO  - Epoch: [69][80/390] | Time 0.081 (0.085) | Loss 2.6842 | Accs(C/F/R): 100.00/51.93/54.18 | Gain +2.25%
2025-11-19 22:51:13,796 - INFO  - Epoch: [69][100/390] | Time 0.082 (0.084) | Loss 2.6666 | Accs(C/F/R): 100.00/52.55/54.77 | Gain +2.22%
2025-11-19 22:51:15,436 - INFO  - Epoch: [69][120/390] | Time 0.082 (0.084) | Loss 2.6573 | Accs(C/F/R): 100.00/53.05/55.15 | Gain +2.10%
2025-11-19 22:51:17,072 - INFO  - Epoch: [69][140/390] | Time 0.081 (0.084) | Loss 2.6267 | Accs(C/F/R): 100.00/53.60/55.69 | Gain +2.09%
2025-11-19 22:51:18,696 - INFO  - Epoch: [69][160/390] | Time 0.082 (0.083) | Loss 2.6430 | Accs(C/F/R): 100.00/53.35/55.41 | Gain +2.06%
2025-11-19 22:51:20,326 - INFO  - Epoch: [69][180/390] | Time 0.081 (0.083) | Loss 2.6404 | Accs(C/F/R): 100.00/53.44/55.50 | Gain +2.07%
2025-11-19 22:51:21,970 - INFO  - Epoch: [69][200/390] | Time 0.082 (0.083) | Loss 2.6359 | Accs(C/F/R): 100.00/53.56/55.54 | Gain +1.98%
2025-11-19 22:51:23,616 - INFO  - Epoch: [69][220/390] | Time 0.084 (0.083) | Loss 2.6337 | Accs(C/F/R): 100.00/53.71/55.73 | Gain +2.02%
2025-11-19 22:51:25,255 - INFO  - Epoch: [69][240/390] | Time 0.081 (0.083) | Loss 2.6257 | Accs(C/F/R): 100.00/53.83/55.81 | Gain +1.98%
2025-11-19 22:51:26,896 - INFO  - Epoch: [69][260/390] | Time 0.081 (0.083) | Loss 2.6218 | Accs(C/F/R): 100.00/54.00/55.96 | Gain +1.97%
2025-11-19 22:51:28,542 - INFO  - Epoch: [69][280/390] | Time 0.081 (0.083) | Loss 2.6276 | Accs(C/F/R): 100.00/53.91/55.83 | Gain +1.93%
2025-11-19 22:51:30,208 - INFO  - Epoch: [69][300/390] | Time 0.088 (0.083) | Loss 2.5810 | Accs(C/F/R): 100.00/54.76/56.61 | Gain +1.85%
2025-11-19 22:51:31,848 - INFO  - Epoch: [69][320/390] | Time 0.082 (0.083) | Loss 2.5639 | Accs(C/F/R): 100.00/54.91/56.78 | Gain +1.87%
2025-11-19 22:51:33,499 - INFO  - Epoch: [69][340/390] | Time 0.082 (0.083) | Loss 2.5667 | Accs(C/F/R): 100.00/54.84/56.72 | Gain +1.88%
2025-11-19 22:51:35,142 - INFO  - Epoch: [69][360/390] | Time 0.086 (0.083) | Loss 2.5641 | Accs(C/F/R): 100.00/54.89/56.73 | Gain +1.84%
2025-11-19 22:51:36,787 - INFO  - Epoch: [69][380/390] | Time 0.081 (0.083) | Loss 2.5565 | Accs(C/F/R): 100.00/55.06/56.89 | Gain +1.83%
2025-11-19 22:51:37,646 - INFO  - Epoch 69: Train Loss (scheduler metric) = 2.5470
2025-11-19 22:51:37,666 - INFO  - ([69] Epoch) Saving checkpoint to:
             Current: /root/autodl-tmp/retraining-free-quantization/training/alexnet_cifar10_sensitive_stage2/alexnet_cifar10_sensitive_stage2_restorer_checkpoint.pth.tar

2025-11-19 22:51:37,666 - INFO  - >>>>>>>> Epoch  70
2025-11-19 22:51:37,666 - INFO  - [Stage2] Using random BER sampling [1e-2, 1e-1] for each batch at epoch 70
2025-11-19 22:51:37,666 - INFO  - Entered Stage 2 Restorer Training mode for epoch 70.
2025-11-19 22:51:39,539 - INFO  - Epoch: [70][20/390] | Time 0.082 (0.094) | Loss 2.8402 | Accs(C/F/R): 100.00/49.49/52.46 | Gain +2.97%
2025-11-19 22:51:41,189 - INFO  - Epoch: [70][40/390] | Time 0.081 (0.088) | Loss 2.6040 | Accs(C/F/R): 100.00/53.07/55.94 | Gain +2.87%
2025-11-19 22:51:42,837 - INFO  - Epoch: [70][60/390] | Time 0.081 (0.086) | Loss 2.5566 | Accs(C/F/R): 100.00/53.78/56.41 | Gain +2.63%
2025-11-19 22:51:44,475 - INFO  - Epoch: [70][80/390] | Time 0.084 (0.085) | Loss 2.4659 | Accs(C/F/R): 100.00/55.92/58.21 | Gain +2.29%
2025-11-19 22:51:46,124 - INFO  - Epoch: [70][100/390] | Time 0.082 (0.085) | Loss 2.5098 | Accs(C/F/R): 100.00/55.63/57.90 | Gain +2.27%
2025-11-19 22:51:47,774 - INFO  - Epoch: [70][120/390] | Time 0.082 (0.084) | Loss 2.5287 | Accs(C/F/R): 100.00/54.94/57.36 | Gain +2.42%
2025-11-19 22:51:49,421 - INFO  - Epoch: [70][140/390] | Time 0.083 (0.084) | Loss 2.5407 | Accs(C/F/R): 100.00/54.43/56.98 | Gain +2.55%
2025-11-19 22:51:51,067 - INFO  - Epoch: [70][160/390] | Time 0.082 (0.084) | Loss 2.5571 | Accs(C/F/R): 100.00/54.19/56.69 | Gain +2.50%
2025-11-19 22:51:52,717 - INFO  - Epoch: [70][180/390] | Time 0.081 (0.084) | Loss 2.5688 | Accs(C/F/R): 100.00/54.03/56.49 | Gain +2.47%
2025-11-19 22:51:54,353 - INFO  - Epoch: [70][200/390] | Time 0.081 (0.083) | Loss 2.5881 | Accs(C/F/R): 100.00/53.94/56.33 | Gain +2.39%
2025-11-19 22:51:56,000 - INFO  - Epoch: [70][220/390] | Time 0.082 (0.083) | Loss 2.5920 | Accs(C/F/R): 99.99/53.83/56.20 | Gain +2.37%
2025-11-19 22:51:57,652 - INFO  - Epoch: [70][240/390] | Time 0.081 (0.083) | Loss 2.5937 | Accs(C/F/R): 99.99/53.81/56.09 | Gain +2.28%
2025-11-19 22:51:59,295 - INFO  - Epoch: [70][260/390] | Time 0.081 (0.083) | Loss 2.6015 | Accs(C/F/R): 99.99/53.66/55.92 | Gain +2.26%
2025-11-19 22:52:00,936 - INFO  - Epoch: [70][280/390] | Time 0.085 (0.083) | Loss 2.5996 | Accs(C/F/R): 99.99/53.64/55.94 | Gain +2.30%
2025-11-19 22:52:02,581 - INFO  - Epoch: [70][300/390] | Time 0.082 (0.083) | Loss 2.5948 | Accs(C/F/R): 99.99/53.77/56.08 | Gain +2.31%
2025-11-19 22:52:04,230 - INFO  - Epoch: [70][320/390] | Time 0.083 (0.083) | Loss 2.5863 | Accs(C/F/R): 99.99/53.94/56.29 | Gain +2.35%
2025-11-19 22:52:05,883 - INFO  - Epoch: [70][340/390] | Time 0.081 (0.083) | Loss 2.5764 | Accs(C/F/R): 99.99/54.06/56.38 | Gain +2.33%
2025-11-19 22:52:07,528 - INFO  - Epoch: [70][360/390] | Time 0.082 (0.083) | Loss 2.5659 | Accs(C/F/R): 99.99/54.21/56.53 | Gain +2.33%
2025-11-19 22:52:09,174 - INFO  - Epoch: [70][380/390] | Time 0.081 (0.083) | Loss 2.5686 | Accs(C/F/R): 99.99/54.25/56.59 | Gain +2.34%
2025-11-19 22:52:10,029 - INFO  - Epoch 70: Train Loss (scheduler metric) = 2.5709
2025-11-19 22:52:10,049 - INFO  - ([70] Epoch) Saving checkpoint to:
             Current: /root/autodl-tmp/retraining-free-quantization/training/alexnet_cifar10_sensitive_stage2/alexnet_cifar10_sensitive_stage2_restorer_checkpoint.pth.tar

2025-11-19 22:52:10,049 - INFO  - >>>>>>>> Epoch  71
2025-11-19 22:52:10,049 - INFO  - [Stage2] Using random BER sampling [1e-2, 1e-1] for each batch at epoch 71
2025-11-19 22:52:10,049 - INFO  - Entered Stage 2 Restorer Training mode for epoch 71.
2025-11-19 22:52:11,939 - INFO  - Epoch: [71][20/390] | Time 0.081 (0.094) | Loss 2.6545 | Accs(C/F/R): 100.00/53.55/55.51 | Gain +1.95%
2025-11-19 22:52:13,581 - INFO  - Epoch: [71][40/390] | Time 0.081 (0.088) | Loss 2.5634 | Accs(C/F/R): 100.00/55.37/57.32 | Gain +1.95%
2025-11-19 22:52:15,226 - INFO  - Epoch: [71][60/390] | Time 0.082 (0.086) | Loss 2.5929 | Accs(C/F/R): 99.99/54.64/56.59 | Gain +1.95%
2025-11-19 22:52:16,870 - INFO  - Epoch: [71][80/390] | Time 0.085 (0.085) | Loss 2.5506 | Accs(C/F/R): 99.98/55.59/57.65 | Gain +2.06%
2025-11-19 22:52:18,507 - INFO  - Epoch: [71][100/390] | Time 0.081 (0.085) | Loss 2.4962 | Accs(C/F/R): 99.98/56.52/58.43 | Gain +1.91%
2025-11-19 22:52:20,146 - INFO  - Epoch: [71][120/390] | Time 0.082 (0.084) | Loss 2.5137 | Accs(C/F/R): 99.99/56.10/58.05 | Gain +1.95%
2025-11-19 22:52:21,786 - INFO  - Epoch: [71][140/390] | Time 0.082 (0.084) | Loss 2.5261 | Accs(C/F/R): 99.99/56.00/57.86 | Gain +1.85%
2025-11-19 22:52:23,437 - INFO  - Epoch: [71][160/390] | Time 0.084 (0.084) | Loss 2.5498 | Accs(C/F/R): 99.99/55.39/57.19 | Gain +1.80%
2025-11-19 22:52:25,100 - INFO  - Epoch: [71][180/390] | Time 0.084 (0.084) | Loss 2.5326 | Accs(C/F/R): 99.99/55.30/57.12 | Gain +1.83%
2025-11-19 22:52:26,739 - INFO  - Epoch: [71][200/390] | Time 0.083 (0.083) | Loss 2.5311 | Accs(C/F/R): 99.99/55.33/57.20 | Gain +1.87%
2025-11-19 22:52:28,371 - INFO  - Epoch: [71][220/390] | Time 0.081 (0.083) | Loss 2.5368 | Accs(C/F/R): 99.99/55.34/57.12 | Gain +1.78%
2025-11-19 22:52:30,008 - INFO  - Epoch: [71][240/390] | Time 0.082 (0.083) | Loss 2.5479 | Accs(C/F/R): 99.99/54.95/56.81 | Gain +1.86%
2025-11-19 22:52:31,651 - INFO  - Epoch: [71][260/390] | Time 0.081 (0.083) | Loss 2.5328 | Accs(C/F/R): 99.99/55.07/57.00 | Gain +1.94%
2025-11-19 22:52:33,293 - INFO  - Epoch: [71][280/390] | Time 0.086 (0.083) | Loss 2.5104 | Accs(C/F/R): 99.99/55.54/57.49 | Gain +1.95%
2025-11-19 22:52:34,947 - INFO  - Epoch: [71][300/390] | Time 0.082 (0.083) | Loss 2.5242 | Accs(C/F/R): 99.99/55.23/57.19 | Gain +1.96%
2025-11-19 22:52:36,599 - INFO  - Epoch: [71][320/390] | Time 0.081 (0.083) | Loss 2.5353 | Accs(C/F/R): 99.99/54.98/56.95 | Gain +1.97%
2025-11-19 22:52:38,243 - INFO  - Epoch: [71][340/390] | Time 0.081 (0.083) | Loss 2.5607 | Accs(C/F/R): 99.99/54.49/56.44 | Gain +1.95%
2025-11-19 22:52:39,880 - INFO  - Epoch: [71][360/390] | Time 0.081 (0.083) | Loss 2.5619 | Accs(C/F/R): 99.99/54.37/56.39 | Gain +2.02%
2025-11-19 22:52:41,523 - INFO  - Epoch: [71][380/390] | Time 0.081 (0.083) | Loss 2.5709 | Accs(C/F/R): 99.99/54.30/56.30 | Gain +2.00%
2025-11-19 22:52:42,388 - INFO  - Epoch 71: Train Loss (scheduler metric) = 2.5736
2025-11-19 22:52:42,408 - INFO  - ([71] Epoch) Saving checkpoint to:
             Current: /root/autodl-tmp/retraining-free-quantization/training/alexnet_cifar10_sensitive_stage2/alexnet_cifar10_sensitive_stage2_restorer_checkpoint.pth.tar

2025-11-19 22:52:42,408 - INFO  - >>>>>>>> Epoch  72
2025-11-19 22:52:42,408 - INFO  - [Stage2] Using random BER sampling [1e-2, 1e-1] for each batch at epoch 72
2025-11-19 22:52:42,408 - INFO  - Entered Stage 2 Restorer Training mode for epoch 72.
2025-11-19 22:52:44,294 - INFO  - Epoch: [72][20/390] | Time 0.081 (0.094) | Loss 2.4581 | Accs(C/F/R): 100.00/55.08/57.15 | Gain +2.07%
2025-11-19 22:52:45,939 - INFO  - Epoch: [72][40/390] | Time 0.081 (0.088) | Loss 2.2971 | Accs(C/F/R): 100.00/58.69/60.27 | Gain +1.58%
2025-11-19 22:52:47,594 - INFO  - Epoch: [72][60/390] | Time 0.082 (0.086) | Loss 2.3636 | Accs(C/F/R): 100.00/57.41/59.19 | Gain +1.78%
2025-11-19 22:52:49,228 - INFO  - Epoch: [72][80/390] | Time 0.082 (0.085) | Loss 2.4723 | Accs(C/F/R): 100.00/55.36/57.32 | Gain +1.96%
2025-11-19 22:52:50,877 - INFO  - Epoch: [72][100/390] | Time 0.082 (0.085) | Loss 2.4899 | Accs(C/F/R): 99.99/55.16/57.27 | Gain +2.10%
2025-11-19 22:52:52,526 - INFO  - Epoch: [72][120/390] | Time 0.085 (0.084) | Loss 2.5304 | Accs(C/F/R): 99.99/54.60/56.63 | Gain +2.04%
2025-11-19 22:52:54,162 - INFO  - Epoch: [72][140/390] | Time 0.081 (0.084) | Loss 2.4961 | Accs(C/F/R): 99.99/55.10/57.01 | Gain +1.91%
2025-11-19 22:52:55,817 - INFO  - Epoch: [72][160/390] | Time 0.083 (0.084) | Loss 2.4788 | Accs(C/F/R): 99.99/55.58/57.48 | Gain +1.89%
2025-11-19 22:52:57,487 - INFO  - Epoch: [72][180/390] | Time 0.082 (0.084) | Loss 2.5202 | Accs(C/F/R): 99.99/54.74/56.57 | Gain +1.84%
2025-11-19 22:52:59,129 - INFO  - Epoch: [72][200/390] | Time 0.082 (0.084) | Loss 2.5356 | Accs(C/F/R): 99.99/54.57/56.45 | Gain +1.88%
2025-11-19 22:53:00,774 - INFO  - Epoch: [72][220/390] | Time 0.084 (0.083) | Loss 2.5312 | Accs(C/F/R): 99.99/54.84/56.79 | Gain +1.95%
2025-11-19 22:53:02,414 - INFO  - Epoch: [72][240/390] | Time 0.081 (0.083) | Loss 2.5073 | Accs(C/F/R): 99.99/55.31/57.27 | Gain +1.96%
2025-11-19 22:53:04,046 - INFO  - Epoch: [72][260/390] | Time 0.081 (0.083) | Loss 2.5257 | Accs(C/F/R): 99.98/55.09/57.12 | Gain +2.03%
2025-11-19 22:53:05,671 - INFO  - Epoch: [72][280/390] | Time 0.082 (0.083) | Loss 2.5566 | Accs(C/F/R): 99.99/54.69/56.69 | Gain +2.00%
2025-11-19 22:53:07,305 - INFO  - Epoch: [72][300/390] | Time 0.082 (0.083) | Loss 2.5641 | Accs(C/F/R): 99.99/54.52/56.54 | Gain +2.02%
2025-11-19 22:53:08,937 - INFO  - Epoch: [72][320/390] | Time 0.082 (0.083) | Loss 2.5669 | Accs(C/F/R): 99.99/54.44/56.52 | Gain +2.08%
2025-11-19 22:53:10,563 - INFO  - Epoch: [72][340/390] | Time 0.081 (0.083) | Loss 2.5672 | Accs(C/F/R): 99.99/54.36/56.48 | Gain +2.12%
2025-11-19 22:53:12,207 - INFO  - Epoch: [72][360/390] | Time 0.082 (0.083) | Loss 2.5608 | Accs(C/F/R): 99.99/54.52/56.63 | Gain +2.11%
2025-11-19 22:53:13,849 - INFO  - Epoch: [72][380/390] | Time 0.081 (0.083) | Loss 2.5499 | Accs(C/F/R): 99.99/54.70/56.78 | Gain +2.08%
2025-11-19 22:53:14,725 - INFO  - Epoch 72: Train Loss (scheduler metric) = 2.5583
2025-11-19 22:53:14,744 - INFO  - ([72] Epoch) Saving checkpoint to:
             Current: /root/autodl-tmp/retraining-free-quantization/training/alexnet_cifar10_sensitive_stage2/alexnet_cifar10_sensitive_stage2_restorer_checkpoint.pth.tar

2025-11-19 22:53:14,744 - INFO  - >>>>>>>> Epoch  73
2025-11-19 22:53:14,744 - INFO  - [Stage2] Using random BER sampling [1e-2, 1e-1] for each batch at epoch 73
2025-11-19 22:53:14,744 - INFO  - Entered Stage 2 Restorer Training mode for epoch 73.
2025-11-19 22:53:16,626 - INFO  - Epoch: [73][20/390] | Time 0.082 (0.094) | Loss 2.7233 | Accs(C/F/R): 100.00/51.88/53.28 | Gain +1.41%
2025-11-19 22:53:18,283 - INFO  - Epoch: [73][40/390] | Time 0.085 (0.088) | Loss 2.6634 | Accs(C/F/R): 100.00/53.36/55.00 | Gain +1.64%
2025-11-19 22:53:19,947 - INFO  - Epoch: [73][60/390] | Time 0.086 (0.087) | Loss 2.6131 | Accs(C/F/R): 99.97/54.22/55.79 | Gain +1.58%
2025-11-19 22:53:21,601 - INFO  - Epoch: [73][80/390] | Time 0.082 (0.086) | Loss 2.6511 | Accs(C/F/R): 99.98/53.63/55.16 | Gain +1.52%
2025-11-19 22:53:23,241 - INFO  - Epoch: [73][100/390] | Time 0.081 (0.085) | Loss 2.6353 | Accs(C/F/R): 99.98/53.40/55.12 | Gain +1.72%
2025-11-19 22:53:24,874 - INFO  - Epoch: [73][120/390] | Time 0.084 (0.084) | Loss 2.6819 | Accs(C/F/R): 99.99/52.64/54.38 | Gain +1.74%
2025-11-19 22:53:26,520 - INFO  - Epoch: [73][140/390] | Time 0.081 (0.084) | Loss 2.6032 | Accs(C/F/R): 99.99/53.96/55.75 | Gain +1.79%
2025-11-19 22:53:28,164 - INFO  - Epoch: [73][160/390] | Time 0.083 (0.084) | Loss 2.5592 | Accs(C/F/R): 99.99/54.74/56.47 | Gain +1.74%
2025-11-19 22:53:29,808 - INFO  - Epoch: [73][180/390] | Time 0.082 (0.084) | Loss 2.5703 | Accs(C/F/R): 99.99/54.33/56.15 | Gain +1.83%
2025-11-19 22:53:31,472 - INFO  - Epoch: [73][200/390] | Time 0.084 (0.084) | Loss 2.5541 | Accs(C/F/R): 99.99/54.50/56.36 | Gain +1.86%
2025-11-19 22:53:33,124 - INFO  - Epoch: [73][220/390] | Time 0.082 (0.084) | Loss 2.5647 | Accs(C/F/R): 99.99/54.39/56.32 | Gain +1.92%
2025-11-19 22:53:34,761 - INFO  - Epoch: [73][240/390] | Time 0.082 (0.083) | Loss 2.5616 | Accs(C/F/R): 99.99/54.48/56.50 | Gain +2.02%
2025-11-19 22:53:36,414 - INFO  - Epoch: [73][260/390] | Time 0.082 (0.083) | Loss 2.5774 | Accs(C/F/R): 99.99/54.17/56.25 | Gain +2.07%
2025-11-19 22:53:38,061 - INFO  - Epoch: [73][280/390] | Time 0.082 (0.083) | Loss 2.5851 | Accs(C/F/R): 99.99/54.00/56.09 | Gain +2.10%
2025-11-19 22:53:39,698 - INFO  - Epoch: [73][300/390] | Time 0.081 (0.083) | Loss 2.5971 | Accs(C/F/R): 99.99/53.84/55.89 | Gain +2.05%
2025-11-19 22:53:41,353 - INFO  - Epoch: [73][320/390] | Time 0.084 (0.083) | Loss 2.5994 | Accs(C/F/R): 99.99/53.84/55.85 | Gain +2.01%
2025-11-19 22:53:43,028 - INFO  - Epoch: [73][340/390] | Time 0.082 (0.083) | Loss 2.5982 | Accs(C/F/R): 99.99/53.79/55.80 | Gain +2.02%
2025-11-19 22:53:44,677 - INFO  - Epoch: [73][360/390] | Time 0.083 (0.083) | Loss 2.5971 | Accs(C/F/R): 99.99/53.83/55.87 | Gain +2.04%
2025-11-19 22:53:46,329 - INFO  - Epoch: [73][380/390] | Time 0.083 (0.083) | Loss 2.6040 | Accs(C/F/R): 99.99/53.73/55.77 | Gain +2.04%
2025-11-19 22:53:47,198 - INFO  - Epoch 73: Train Loss (scheduler metric) = 2.6042
2025-11-19 22:53:47,218 - INFO  - ([73] Epoch) Saving checkpoint to:
             Current: /root/autodl-tmp/retraining-free-quantization/training/alexnet_cifar10_sensitive_stage2/alexnet_cifar10_sensitive_stage2_restorer_checkpoint.pth.tar

2025-11-19 22:53:47,219 - INFO  - >>>>>>>> Epoch  74
2025-11-19 22:53:47,219 - INFO  - [Stage2] Using random BER sampling [1e-2, 1e-1] for each batch at epoch 74
2025-11-19 22:53:47,219 - INFO  - Entered Stage 2 Restorer Training mode for epoch 74.
2025-11-19 22:53:49,087 - INFO  - Epoch: [74][20/390] | Time 0.083 (0.093) | Loss 3.0111 | Accs(C/F/R): 100.00/46.56/48.55 | Gain +1.99%
2025-11-19 22:53:50,741 - INFO  - Epoch: [74][40/390] | Time 0.084 (0.088) | Loss 2.7776 | Accs(C/F/R): 99.98/49.98/52.17 | Gain +2.19%
2025-11-19 22:53:52,398 - INFO  - Epoch: [74][60/390] | Time 0.082 (0.086) | Loss 2.6436 | Accs(C/F/R): 99.99/53.16/55.23 | Gain +2.07%
2025-11-19 22:53:54,043 - INFO  - Epoch: [74][80/390] | Time 0.081 (0.085) | Loss 2.6186 | Accs(C/F/R): 99.98/53.98/55.85 | Gain +1.87%
2025-11-19 22:53:55,686 - INFO  - Epoch: [74][100/390] | Time 0.081 (0.085) | Loss 2.5963 | Accs(C/F/R): 99.98/54.20/56.23 | Gain +2.03%
2025-11-19 22:53:57,331 - INFO  - Epoch: [74][120/390] | Time 0.082 (0.084) | Loss 2.5395 | Accs(C/F/R): 99.97/55.33/57.33 | Gain +2.00%
2025-11-19 22:53:58,971 - INFO  - Epoch: [74][140/390] | Time 0.081 (0.084) | Loss 2.5147 | Accs(C/F/R): 99.97/55.61/57.69 | Gain +2.08%
2025-11-19 22:54:00,633 - INFO  - Epoch: [74][160/390] | Time 0.092 (0.084) | Loss 2.4818 | Accs(C/F/R): 99.98/56.21/58.20 | Gain +1.99%
2025-11-19 22:54:02,286 - INFO  - Epoch: [74][180/390] | Time 0.082 (0.084) | Loss 2.4539 | Accs(C/F/R): 99.98/56.92/58.79 | Gain +1.88%
2025-11-19 22:54:03,936 - INFO  - Epoch: [74][200/390] | Time 0.082 (0.084) | Loss 2.4747 | Accs(C/F/R): 99.98/56.62/58.52 | Gain +1.90%
2025-11-19 22:54:05,593 - INFO  - Epoch: [74][220/390] | Time 0.086 (0.084) | Loss 2.4750 | Accs(C/F/R): 99.98/56.49/58.42 | Gain +1.92%
2025-11-19 22:54:07,240 - INFO  - Epoch: [74][240/390] | Time 0.083 (0.083) | Loss 2.4829 | Accs(C/F/R): 99.98/56.24/58.21 | Gain +1.97%
2025-11-19 22:54:08,880 - INFO  - Epoch: [74][260/390] | Time 0.082 (0.083) | Loss 2.4689 | Accs(C/F/R): 99.98/56.65/58.60 | Gain +1.96%
2025-11-19 22:54:10,525 - INFO  - Epoch: [74][280/390] | Time 0.082 (0.083) | Loss 2.4541 | Accs(C/F/R): 99.98/57.00/58.86 | Gain +1.86%
2025-11-19 22:54:12,179 - INFO  - Epoch: [74][300/390] | Time 0.082 (0.083) | Loss 2.4428 | Accs(C/F/R): 99.98/57.14/59.02 | Gain +1.88%
2025-11-19 22:54:13,835 - INFO  - Epoch: [74][320/390] | Time 0.083 (0.083) | Loss 2.4611 | Accs(C/F/R): 99.98/56.81/58.68 | Gain +1.87%
2025-11-19 22:54:15,481 - INFO  - Epoch: [74][340/390] | Time 0.081 (0.083) | Loss 2.4465 | Accs(C/F/R): 99.98/57.12/58.96 | Gain +1.84%
2025-11-19 22:54:17,129 - INFO  - Epoch: [74][360/390] | Time 0.082 (0.083) | Loss 2.4444 | Accs(C/F/R): 99.98/57.11/58.96 | Gain +1.85%
2025-11-19 22:54:18,768 - INFO  - Epoch: [74][380/390] | Time 0.082 (0.083) | Loss 2.4420 | Accs(C/F/R): 99.99/57.20/59.06 | Gain +1.86%
2025-11-19 22:54:19,635 - INFO  - Epoch 74: Train Loss (scheduler metric) = 2.4553
2025-11-19 22:54:19,654 - INFO  - ([74] Epoch) Saving checkpoint to:
             Current: /root/autodl-tmp/retraining-free-quantization/training/alexnet_cifar10_sensitive_stage2/alexnet_cifar10_sensitive_stage2_restorer_checkpoint.pth.tar

2025-11-19 22:54:19,655 - INFO  - >>>>>>>> Epoch  75
2025-11-19 22:54:19,655 - INFO  - [Stage2] Using random BER sampling [1e-2, 1e-1] for each batch at epoch 75
2025-11-19 22:54:19,655 - INFO  - Entered Stage 2 Restorer Training mode for epoch 75.
2025-11-19 22:54:21,524 - INFO  - Epoch: [75][20/390] | Time 0.085 (0.093) | Loss 2.5448 | Accs(C/F/R): 99.96/53.59/56.60 | Gain +3.01%
2025-11-19 22:54:23,175 - INFO  - Epoch: [75][40/390] | Time 0.083 (0.088) | Loss 2.6859 | Accs(C/F/R): 99.96/51.27/53.83 | Gain +2.56%
2025-11-19 22:54:24,827 - INFO  - Epoch: [75][60/390] | Time 0.082 (0.086) | Loss 2.6367 | Accs(C/F/R): 99.97/52.24/54.40 | Gain +2.16%
2025-11-19 22:54:26,464 - INFO  - Epoch: [75][80/390] | Time 0.082 (0.085) | Loss 2.6150 | Accs(C/F/R): 99.98/52.72/54.67 | Gain +1.94%
2025-11-19 22:54:28,106 - INFO  - Epoch: [75][100/390] | Time 0.082 (0.085) | Loss 2.6003 | Accs(C/F/R): 99.98/53.03/55.06 | Gain +2.03%
2025-11-19 22:54:29,762 - INFO  - Epoch: [75][120/390] | Time 0.082 (0.084) | Loss 2.6415 | Accs(C/F/R): 99.99/52.52/54.53 | Gain +2.01%
2025-11-19 22:54:31,415 - INFO  - Epoch: [75][140/390] | Time 0.082 (0.084) | Loss 2.6711 | Accs(C/F/R): 99.99/52.07/54.09 | Gain +2.02%
2025-11-19 22:54:33,077 - INFO  - Epoch: [75][160/390] | Time 0.082 (0.084) | Loss 2.6767 | Accs(C/F/R): 99.99/52.35/54.21 | Gain +1.86%
2025-11-19 22:54:34,728 - INFO  - Epoch: [75][180/390] | Time 0.081 (0.084) | Loss 2.6652 | Accs(C/F/R): 99.99/52.70/54.58 | Gain +1.88%
2025-11-19 22:54:36,375 - INFO  - Epoch: [75][200/390] | Time 0.083 (0.084) | Loss 2.6409 | Accs(C/F/R): 99.99/53.22/54.96 | Gain +1.73%
2025-11-19 22:54:38,012 - INFO  - Epoch: [75][220/390] | Time 0.081 (0.083) | Loss 2.6402 | Accs(C/F/R): 99.99/53.22/54.98 | Gain +1.75%
2025-11-19 22:54:39,649 - INFO  - Epoch: [75][240/390] | Time 0.082 (0.083) | Loss 2.6621 | Accs(C/F/R): 99.99/52.69/54.49 | Gain +1.80%
2025-11-19 22:54:41,295 - INFO  - Epoch: [75][260/390] | Time 0.082 (0.083) | Loss 2.6261 | Accs(C/F/R): 99.99/53.38/55.21 | Gain +1.83%
2025-11-19 22:54:42,939 - INFO  - Epoch: [75][280/390] | Time 0.081 (0.083) | Loss 2.6225 | Accs(C/F/R): 99.99/53.42/55.30 | Gain +1.88%
2025-11-19 22:54:44,574 - INFO  - Epoch: [75][300/390] | Time 0.082 (0.083) | Loss 2.6042 | Accs(C/F/R): 99.99/53.81/55.65 | Gain +1.85%
2025-11-19 22:54:46,228 - INFO  - Epoch: [75][320/390] | Time 0.085 (0.083) | Loss 2.6011 | Accs(C/F/R): 100.00/54.06/55.86 | Gain +1.79%
2025-11-19 22:54:47,884 - INFO  - Epoch: [75][340/390] | Time 0.084 (0.083) | Loss 2.6043 | Accs(C/F/R): 99.99/54.05/55.85 | Gain +1.80%
2025-11-19 22:54:49,521 - INFO  - Epoch: [75][360/390] | Time 0.082 (0.083) | Loss 2.6079 | Accs(C/F/R): 99.99/53.95/55.77 | Gain +1.81%
2025-11-19 22:54:51,141 - INFO  - Epoch: [75][380/390] | Time 0.081 (0.083) | Loss 2.6060 | Accs(C/F/R): 99.99/54.01/55.86 | Gain +1.84%
2025-11-19 22:54:51,999 - INFO  - Epoch 75: Train Loss (scheduler metric) = 2.5787
2025-11-19 22:54:52,019 - INFO  - ([75] Epoch) Saving checkpoint to:
             Current: /root/autodl-tmp/retraining-free-quantization/training/alexnet_cifar10_sensitive_stage2/alexnet_cifar10_sensitive_stage2_restorer_checkpoint.pth.tar

2025-11-19 22:54:52,019 - INFO  - >>>>>>>> Epoch  76
2025-11-19 22:54:52,019 - INFO  - [Stage2] Using random BER sampling [1e-2, 1e-1] for each batch at epoch 76
2025-11-19 22:54:52,019 - INFO  - Entered Stage 2 Restorer Training mode for epoch 76.
2025-11-19 22:54:53,853 - INFO  - Epoch: [76][20/390] | Time 0.084 (0.092) | Loss 2.1096 | Accs(C/F/R): 100.00/64.96/66.45 | Gain +1.48%
2025-11-19 22:54:55,483 - INFO  - Epoch: [76][40/390] | Time 0.081 (0.087) | Loss 2.4102 | Accs(C/F/R): 100.00/58.65/60.59 | Gain +1.93%
2025-11-19 22:54:57,117 - INFO  - Epoch: [76][60/390] | Time 0.081 (0.085) | Loss 2.4961 | Accs(C/F/R): 100.00/56.32/58.24 | Gain +1.93%
2025-11-19 22:54:58,750 - INFO  - Epoch: [76][80/390] | Time 0.082 (0.084) | Loss 2.4105 | Accs(C/F/R): 100.00/57.45/59.29 | Gain +1.84%
2025-11-19 22:55:00,374 - INFO  - Epoch: [76][100/390] | Time 0.081 (0.084) | Loss 2.4649 | Accs(C/F/R): 99.99/56.08/58.09 | Gain +2.02%
2025-11-19 22:55:02,014 - INFO  - Epoch: [76][120/390] | Time 0.083 (0.083) | Loss 2.3751 | Accs(C/F/R): 99.99/57.54/59.51 | Gain +1.97%
2025-11-19 22:55:03,664 - INFO  - Epoch: [76][140/390] | Time 0.084 (0.083) | Loss 2.4566 | Accs(C/F/R): 99.99/56.28/58.20 | Gain +1.92%
2025-11-19 22:55:05,313 - INFO  - Epoch: [76][160/390] | Time 0.082 (0.083) | Loss 2.4610 | Accs(C/F/R): 99.99/56.30/58.22 | Gain +1.92%
2025-11-19 22:55:06,966 - INFO  - Epoch: [76][180/390] | Time 0.083 (0.083) | Loss 2.4993 | Accs(C/F/R): 99.99/55.82/57.79 | Gain +1.97%
2025-11-19 22:55:08,629 - INFO  - Epoch: [76][200/390] | Time 0.082 (0.083) | Loss 2.5040 | Accs(C/F/R): 99.99/55.69/57.82 | Gain +2.14%
2025-11-19 22:55:10,286 - INFO  - Epoch: [76][220/390] | Time 0.082 (0.083) | Loss 2.5071 | Accs(C/F/R): 99.99/55.64/57.83 | Gain +2.19%
2025-11-19 22:55:11,950 - INFO  - Epoch: [76][240/390] | Time 0.083 (0.083) | Loss 2.5246 | Accs(C/F/R): 99.99/55.25/57.43 | Gain +2.17%
2025-11-19 22:55:13,602 - INFO  - Epoch: [76][260/390] | Time 0.082 (0.083) | Loss 2.4977 | Accs(C/F/R): 99.99/55.65/57.80 | Gain +2.15%
2025-11-19 22:55:15,264 - INFO  - Epoch: [76][280/390] | Time 0.082 (0.083) | Loss 2.5249 | Accs(C/F/R): 99.99/55.11/57.34 | Gain +2.22%
2025-11-19 22:55:16,909 - INFO  - Epoch: [76][300/390] | Time 0.082 (0.083) | Loss 2.5328 | Accs(C/F/R): 99.99/55.12/57.28 | Gain +2.16%
2025-11-19 22:55:18,553 - INFO  - Epoch: [76][320/390] | Time 0.082 (0.083) | Loss 2.5453 | Accs(C/F/R): 100.00/54.93/57.11 | Gain +2.18%
2025-11-19 22:55:20,190 - INFO  - Epoch: [76][340/390] | Time 0.081 (0.083) | Loss 2.5368 | Accs(C/F/R): 100.00/55.19/57.37 | Gain +2.18%
2025-11-19 22:55:21,828 - INFO  - Epoch: [76][360/390] | Time 0.081 (0.083) | Loss 2.5454 | Accs(C/F/R): 100.00/55.19/57.33 | Gain +2.14%
2025-11-19 22:55:23,470 - INFO  - Epoch: [76][380/390] | Time 0.081 (0.083) | Loss 2.5471 | Accs(C/F/R): 100.00/55.14/57.22 | Gain +2.08%
2025-11-19 22:55:24,328 - INFO  - Epoch 76: Train Loss (scheduler metric) = 2.5488
2025-11-19 22:55:24,347 - INFO  - ([76] Epoch) Saving checkpoint to:
             Current: /root/autodl-tmp/retraining-free-quantization/training/alexnet_cifar10_sensitive_stage2/alexnet_cifar10_sensitive_stage2_restorer_checkpoint.pth.tar

2025-11-19 22:55:24,348 - INFO  - >>>>>>>> Epoch  77
2025-11-19 22:55:24,348 - INFO  - [Stage2] Using random BER sampling [1e-2, 1e-1] for each batch at epoch 77
2025-11-19 22:55:24,348 - INFO  - Entered Stage 2 Restorer Training mode for epoch 77.
2025-11-19 22:55:26,233 - INFO  - Epoch: [77][20/390] | Time 0.081 (0.094) | Loss 2.5620 | Accs(C/F/R): 99.96/53.32/56.05 | Gain +2.73%
2025-11-19 22:55:27,890 - INFO  - Epoch: [77][40/390] | Time 0.085 (0.089) | Loss 2.5301 | Accs(C/F/R): 99.98/54.90/57.62 | Gain +2.71%
2025-11-19 22:55:29,527 - INFO  - Epoch: [77][60/390] | Time 0.082 (0.086) | Loss 2.6387 | Accs(C/F/R): 99.99/53.53/56.15 | Gain +2.62%
2025-11-19 22:55:31,170 - INFO  - Epoch: [77][80/390] | Time 0.081 (0.085) | Loss 2.6133 | Accs(C/F/R): 99.99/54.13/56.47 | Gain +2.34%
2025-11-19 22:55:32,837 - INFO  - Epoch: [77][100/390] | Time 0.087 (0.085) | Loss 2.6083 | Accs(C/F/R): 99.99/54.26/56.45 | Gain +2.19%
2025-11-19 22:55:34,505 - INFO  - Epoch: [77][120/390] | Time 0.082 (0.085) | Loss 2.6130 | Accs(C/F/R): 99.99/53.91/56.16 | Gain +2.25%
2025-11-19 22:55:36,145 - INFO  - Epoch: [77][140/390] | Time 0.082 (0.084) | Loss 2.6773 | Accs(C/F/R): 99.99/52.58/54.91 | Gain +2.33%
2025-11-19 22:55:37,812 - INFO  - Epoch: [77][160/390] | Time 0.085 (0.084) | Loss 2.6844 | Accs(C/F/R): 100.00/52.65/54.94 | Gain +2.29%
2025-11-19 22:55:39,458 - INFO  - Epoch: [77][180/390] | Time 0.082 (0.084) | Loss 2.6461 | Accs(C/F/R): 100.00/53.38/55.58 | Gain +2.20%
2025-11-19 22:55:41,106 - INFO  - Epoch: [77][200/390] | Time 0.082 (0.084) | Loss 2.6555 | Accs(C/F/R): 100.00/53.21/55.38 | Gain +2.17%
2025-11-19 22:55:42,754 - INFO  - Epoch: [77][220/390] | Time 0.082 (0.084) | Loss 2.6564 | Accs(C/F/R): 100.00/53.19/55.37 | Gain +2.19%
2025-11-19 22:55:44,402 - INFO  - Epoch: [77][240/390] | Time 0.082 (0.084) | Loss 2.6591 | Accs(C/F/R): 99.99/53.05/55.31 | Gain +2.26%
2025-11-19 22:55:46,052 - INFO  - Epoch: [77][260/390] | Time 0.081 (0.083) | Loss 2.6654 | Accs(C/F/R): 99.99/52.95/55.22 | Gain +2.27%
2025-11-19 22:55:47,707 - INFO  - Epoch: [77][280/390] | Time 0.085 (0.083) | Loss 2.6746 | Accs(C/F/R): 99.99/52.83/55.17 | Gain +2.34%
2025-11-19 22:55:49,352 - INFO  - Epoch: [77][300/390] | Time 0.081 (0.083) | Loss 2.6767 | Accs(C/F/R): 99.99/52.80/55.12 | Gain +2.33%
2025-11-19 22:55:50,993 - INFO  - Epoch: [77][320/390] | Time 0.081 (0.083) | Loss 2.6416 | Accs(C/F/R): 99.99/53.40/55.72 | Gain +2.32%
2025-11-19 22:55:52,639 - INFO  - Epoch: [77][340/390] | Time 0.087 (0.083) | Loss 2.6375 | Accs(C/F/R): 99.99/53.49/55.79 | Gain +2.30%
2025-11-19 22:55:54,292 - INFO  - Epoch: [77][360/390] | Time 0.083 (0.083) | Loss 2.6312 | Accs(C/F/R): 99.99/53.43/55.78 | Gain +2.35%
2025-11-19 22:55:55,936 - INFO  - Epoch: [77][380/390] | Time 0.081 (0.083) | Loss 2.6337 | Accs(C/F/R): 99.99/53.33/55.71 | Gain +2.38%
2025-11-19 22:55:56,801 - INFO  - Epoch 77: Train Loss (scheduler metric) = 2.6262
2025-11-19 22:55:56,821 - INFO  - ([77] Epoch) Saving checkpoint to:
             Current: /root/autodl-tmp/retraining-free-quantization/training/alexnet_cifar10_sensitive_stage2/alexnet_cifar10_sensitive_stage2_restorer_checkpoint.pth.tar

2025-11-19 22:55:56,822 - INFO  - >>>>>>>> Epoch  78
2025-11-19 22:55:56,822 - INFO  - [Stage2] Using random BER sampling [1e-2, 1e-1] for each batch at epoch 78
2025-11-19 22:55:56,822 - INFO  - Entered Stage 2 Restorer Training mode for epoch 78.
2025-11-19 22:55:58,679 - INFO  - Epoch: [78][20/390] | Time 0.081 (0.093) | Loss 2.5609 | Accs(C/F/R): 100.00/53.36/55.94 | Gain +2.58%
2025-11-19 22:56:00,329 - INFO  - Epoch: [78][40/390] | Time 0.082 (0.088) | Loss 2.4963 | Accs(C/F/R): 100.00/54.53/57.30 | Gain +2.77%
2025-11-19 22:56:01,974 - INFO  - Epoch: [78][60/390] | Time 0.082 (0.086) | Loss 2.5629 | Accs(C/F/R): 100.00/54.10/56.02 | Gain +1.91%
2025-11-19 22:56:03,610 - INFO  - Epoch: [78][80/390] | Time 0.082 (0.085) | Loss 2.5125 | Accs(C/F/R): 99.99/55.76/57.46 | Gain +1.70%
2025-11-19 22:56:05,258 - INFO  - Epoch: [78][100/390] | Time 0.082 (0.084) | Loss 2.5652 | Accs(C/F/R): 99.99/54.31/56.20 | Gain +1.88%
2025-11-19 22:56:06,905 - INFO  - Epoch: [78][120/390] | Time 0.082 (0.084) | Loss 2.4900 | Accs(C/F/R): 99.99/55.64/57.50 | Gain +1.86%
2025-11-19 22:56:08,556 - INFO  - Epoch: [78][140/390] | Time 0.081 (0.084) | Loss 2.5226 | Accs(C/F/R): 99.99/55.19/57.01 | Gain +1.82%
2025-11-19 22:56:10,222 - INFO  - Epoch: [78][160/390] | Time 0.084 (0.084) | Loss 2.5144 | Accs(C/F/R): 99.99/55.54/57.37 | Gain +1.83%
2025-11-19 22:56:11,863 - INFO  - Epoch: [78][180/390] | Time 0.083 (0.084) | Loss 2.4998 | Accs(C/F/R): 99.99/55.66/57.49 | Gain +1.84%
2025-11-19 22:56:13,518 - INFO  - Epoch: [78][200/390] | Time 0.083 (0.083) | Loss 2.4841 | Accs(C/F/R): 99.99/55.85/57.62 | Gain +1.77%
2025-11-19 22:56:15,153 - INFO  - Epoch: [78][220/390] | Time 0.085 (0.083) | Loss 2.4783 | Accs(C/F/R): 99.99/56.03/57.83 | Gain +1.80%
2025-11-19 22:56:16,813 - INFO  - Epoch: [78][240/390] | Time 0.082 (0.083) | Loss 2.4981 | Accs(C/F/R): 99.99/55.69/57.47 | Gain +1.78%
2025-11-19 22:56:18,481 - INFO  - Epoch: [78][260/390] | Time 0.081 (0.083) | Loss 2.5005 | Accs(C/F/R): 99.99/55.85/57.61 | Gain +1.75%
2025-11-19 22:56:20,137 - INFO  - Epoch: [78][280/390] | Time 0.085 (0.083) | Loss 2.5077 | Accs(C/F/R): 99.99/55.67/57.52 | Gain +1.84%
2025-11-19 22:56:21,786 - INFO  - Epoch: [78][300/390] | Time 0.084 (0.083) | Loss 2.5059 | Accs(C/F/R): 99.99/55.60/57.52 | Gain +1.92%
2025-11-19 22:56:23,444 - INFO  - Epoch: [78][320/390] | Time 0.085 (0.083) | Loss 2.5056 | Accs(C/F/R): 99.99/55.57/57.51 | Gain +1.94%
2025-11-19 22:56:25,079 - INFO  - Epoch: [78][340/390] | Time 0.081 (0.083) | Loss 2.4996 | Accs(C/F/R): 99.99/55.79/57.66 | Gain +1.87%
2025-11-19 22:56:26,722 - INFO  - Epoch: [78][360/390] | Time 0.082 (0.083) | Loss 2.5153 | Accs(C/F/R): 99.99/55.45/57.36 | Gain +1.91%
2025-11-19 22:56:28,374 - INFO  - Epoch: [78][380/390] | Time 0.082 (0.083) | Loss 2.5127 | Accs(C/F/R): 99.99/55.42/57.36 | Gain +1.94%
2025-11-19 22:56:29,231 - INFO  - Epoch 78: Train Loss (scheduler metric) = 2.5064
2025-11-19 22:56:29,250 - INFO  - ([78] Epoch) Saving checkpoint to:
             Current: /root/autodl-tmp/retraining-free-quantization/training/alexnet_cifar10_sensitive_stage2/alexnet_cifar10_sensitive_stage2_restorer_checkpoint.pth.tar

2025-11-19 22:56:29,251 - INFO  - >>>>>>>> Epoch  79
2025-11-19 22:56:29,251 - INFO  - [Stage2] Using random BER sampling [1e-2, 1e-1] for each batch at epoch 79
2025-11-19 22:56:29,251 - INFO  - Entered Stage 2 Restorer Training mode for epoch 79.
2025-11-19 22:56:31,151 - INFO  - Epoch: [79][20/390] | Time 0.081 (0.095) | Loss 2.4491 | Accs(C/F/R): 100.00/57.11/58.48 | Gain +1.37%
2025-11-19 22:56:32,798 - INFO  - Epoch: [79][40/390] | Time 0.082 (0.089) | Loss 2.5890 | Accs(C/F/R): 100.00/54.47/55.70 | Gain +1.23%
2025-11-19 22:56:34,426 - INFO  - Epoch: [79][60/390] | Time 0.084 (0.086) | Loss 2.5802 | Accs(C/F/R): 100.00/54.09/55.76 | Gain +1.67%
2025-11-19 22:56:36,075 - INFO  - Epoch: [79][80/390] | Time 0.081 (0.085) | Loss 2.5673 | Accs(C/F/R): 100.00/53.98/55.66 | Gain +1.68%
2025-11-19 22:56:37,735 - INFO  - Epoch: [79][100/390] | Time 0.084 (0.085) | Loss 2.5292 | Accs(C/F/R): 100.00/54.62/56.47 | Gain +1.85%
2025-11-19 22:56:39,382 - INFO  - Epoch: [79][120/390] | Time 0.083 (0.084) | Loss 2.4601 | Accs(C/F/R): 100.00/56.03/57.87 | Gain +1.84%
2025-11-19 22:56:41,005 - INFO  - Epoch: [79][140/390] | Time 0.081 (0.084) | Loss 2.4896 | Accs(C/F/R): 99.99/55.59/57.42 | Gain +1.84%
2025-11-19 22:56:42,641 - INFO  - Epoch: [79][160/390] | Time 0.081 (0.084) | Loss 2.5294 | Accs(C/F/R): 100.00/54.84/56.72 | Gain +1.88%
2025-11-19 22:56:44,268 - INFO  - Epoch: [79][180/390] | Time 0.081 (0.083) | Loss 2.5432 | Accs(C/F/R): 100.00/54.76/56.67 | Gain +1.91%
2025-11-19 22:56:45,893 - INFO  - Epoch: [79][200/390] | Time 0.081 (0.083) | Loss 2.5585 | Accs(C/F/R): 99.99/54.65/56.54 | Gain +1.89%
2025-11-19 22:56:47,516 - INFO  - Epoch: [79][220/390] | Time 0.081 (0.083) | Loss 2.5718 | Accs(C/F/R): 99.99/54.46/56.36 | Gain +1.89%
2025-11-19 22:56:49,145 - INFO  - Epoch: [79][240/390] | Time 0.081 (0.083) | Loss 2.5976 | Accs(C/F/R): 99.99/54.03/55.93 | Gain +1.90%
2025-11-19 22:56:50,772 - INFO  - Epoch: [79][260/390] | Time 0.086 (0.083) | Loss 2.6199 | Accs(C/F/R): 99.99/53.53/55.47 | Gain +1.94%
2025-11-19 22:56:52,407 - INFO  - Epoch: [79][280/390] | Time 0.081 (0.083) | Loss 2.6308 | Accs(C/F/R): 99.99/53.26/55.20 | Gain +1.95%
2025-11-19 22:56:54,046 - INFO  - Epoch: [79][300/390] | Time 0.082 (0.083) | Loss 2.6309 | Accs(C/F/R): 99.99/53.27/55.21 | Gain +1.94%
2025-11-19 22:56:55,688 - INFO  - Epoch: [79][320/390] | Time 0.082 (0.083) | Loss 2.6355 | Accs(C/F/R): 99.99/53.23/55.17 | Gain +1.94%
2025-11-19 22:56:57,316 - INFO  - Epoch: [79][340/390] | Time 0.081 (0.083) | Loss 2.6140 | Accs(C/F/R): 99.99/53.65/55.56 | Gain +1.91%
2025-11-19 22:56:58,965 - INFO  - Epoch: [79][360/390] | Time 0.081 (0.083) | Loss 2.6082 | Accs(C/F/R): 99.99/53.76/55.66 | Gain +1.91%
2025-11-19 22:57:00,608 - INFO  - Epoch: [79][380/390] | Time 0.083 (0.083) | Loss 2.6005 | Accs(C/F/R): 99.99/53.96/55.85 | Gain +1.89%
2025-11-19 22:57:01,478 - INFO  - Epoch 79: Train Loss (scheduler metric) = 2.5971
2025-11-19 22:57:01,498 - INFO  - ([79] Epoch) Saving checkpoint to:
             Current: /root/autodl-tmp/retraining-free-quantization/training/alexnet_cifar10_sensitive_stage2/alexnet_cifar10_sensitive_stage2_restorer_checkpoint.pth.tar

2025-11-19 22:57:01,498 - INFO  - >>>>>>>> Epoch  80
2025-11-19 22:57:01,498 - INFO  - [Stage2] Using random BER sampling [1e-2, 1e-1] for each batch at epoch 80
2025-11-19 22:57:01,498 - INFO  - Entered Stage 2 Restorer Training mode for epoch 80.
2025-11-19 22:57:03,404 - INFO  - Epoch: [80][20/390] | Time 0.081 (0.095) | Loss 2.5383 | Accs(C/F/R): 99.96/55.27/56.88 | Gain +1.60%
2025-11-19 22:57:05,060 - INFO  - Epoch: [80][40/390] | Time 0.083 (0.089) | Loss 2.6221 | Accs(C/F/R): 99.98/53.91/55.06 | Gain +1.15%
2025-11-19 22:57:06,698 - INFO  - Epoch: [80][60/390] | Time 0.083 (0.087) | Loss 2.6053 | Accs(C/F/R): 99.99/53.97/55.34 | Gain +1.37%
2025-11-19 22:57:08,349 - INFO  - Epoch: [80][80/390] | Time 0.082 (0.086) | Loss 2.5230 | Accs(C/F/R): 99.98/55.55/57.03 | Gain +1.48%
2025-11-19 22:57:10,010 - INFO  - Epoch: [80][100/390] | Time 0.082 (0.085) | Loss 2.5482 | Accs(C/F/R): 99.98/54.73/56.37 | Gain +1.64%
2025-11-19 22:57:11,656 - INFO  - Epoch: [80][120/390] | Time 0.081 (0.085) | Loss 2.5492 | Accs(C/F/R): 99.99/54.64/56.40 | Gain +1.76%
2025-11-19 22:57:13,306 - INFO  - Epoch: [80][140/390] | Time 0.082 (0.084) | Loss 2.5535 | Accs(C/F/R): 99.99/54.84/56.62 | Gain +1.79%
2025-11-19 22:57:14,956 - INFO  - Epoch: [80][160/390] | Time 0.082 (0.084) | Loss 2.5310 | Accs(C/F/R): 99.99/55.22/57.09 | Gain +1.87%
2025-11-19 22:57:16,600 - INFO  - Epoch: [80][180/390] | Time 0.084 (0.084) | Loss 2.5319 | Accs(C/F/R): 99.99/55.29/57.07 | Gain +1.78%
2025-11-19 22:57:18,242 - INFO  - Epoch: [80][200/390] | Time 0.083 (0.084) | Loss 2.5454 | Accs(C/F/R): 99.99/55.04/56.84 | Gain +1.80%
2025-11-19 22:57:19,886 - INFO  - Epoch: [80][220/390] | Time 0.083 (0.084) | Loss 2.5431 | Accs(C/F/R): 99.99/55.08/56.91 | Gain +1.83%
2025-11-19 22:57:21,556 - INFO  - Epoch: [80][240/390] | Time 0.081 (0.084) | Loss 2.5731 | Accs(C/F/R): 99.99/54.38/56.19 | Gain +1.81%
2025-11-19 22:57:23,217 - INFO  - Epoch: [80][260/390] | Time 0.082 (0.084) | Loss 2.5879 | Accs(C/F/R): 99.99/54.08/55.95 | Gain +1.87%
2025-11-19 22:57:24,869 - INFO  - Epoch: [80][280/390] | Time 0.083 (0.083) | Loss 2.5888 | Accs(C/F/R): 99.99/54.06/55.98 | Gain +1.92%
2025-11-19 22:57:26,527 - INFO  - Epoch: [80][300/390] | Time 0.082 (0.083) | Loss 2.5778 | Accs(C/F/R): 99.99/54.28/56.20 | Gain +1.91%
2025-11-19 22:57:28,166 - INFO  - Epoch: [80][320/390] | Time 0.083 (0.083) | Loss 2.5615 | Accs(C/F/R): 99.99/54.59/56.44 | Gain +1.84%
2025-11-19 22:57:29,810 - INFO  - Epoch: [80][340/390] | Time 0.082 (0.083) | Loss 2.5765 | Accs(C/F/R): 99.99/54.28/56.14 | Gain +1.85%
2025-11-19 22:57:31,480 - INFO  - Epoch: [80][360/390] | Time 0.081 (0.083) | Loss 2.5646 | Accs(C/F/R): 99.99/54.51/56.33 | Gain +1.83%
2025-11-19 22:57:33,127 - INFO  - Epoch: [80][380/390] | Time 0.083 (0.083) | Loss 2.5664 | Accs(C/F/R): 99.99/54.53/56.36 | Gain +1.83%
2025-11-19 22:57:33,993 - INFO  - Epoch 80: Train Loss (scheduler metric) = 2.5631
2025-11-19 22:57:34,013 - INFO  - ([80] Epoch) Saving checkpoint to:
             Current: /root/autodl-tmp/retraining-free-quantization/training/alexnet_cifar10_sensitive_stage2/alexnet_cifar10_sensitive_stage2_restorer_checkpoint.pth.tar

2025-11-19 22:57:34,014 - INFO  - >>>>>>>> Epoch  81
2025-11-19 22:57:34,014 - INFO  - [Stage2] Using random BER sampling [1e-2, 1e-1] for each batch at epoch 81
2025-11-19 22:57:34,014 - INFO  - Entered Stage 2 Restorer Training mode for epoch 81.
2025-11-19 22:57:35,883 - INFO  - Epoch: [81][20/390] | Time 0.081 (0.093) | Loss 2.9851 | Accs(C/F/R): 100.00/45.47/47.81 | Gain +2.34%
2025-11-19 22:57:37,519 - INFO  - Epoch: [81][40/390] | Time 0.081 (0.088) | Loss 2.9179 | Accs(C/F/R): 100.00/46.43/48.55 | Gain +2.13%
2025-11-19 22:57:39,155 - INFO  - Epoch: [81][60/390] | Time 0.082 (0.086) | Loss 2.8394 | Accs(C/F/R): 100.00/48.96/51.16 | Gain +2.20%
2025-11-19 22:57:40,804 - INFO  - Epoch: [81][80/390] | Time 0.083 (0.085) | Loss 2.7187 | Accs(C/F/R): 100.00/51.48/53.76 | Gain +2.28%
2025-11-19 22:57:42,448 - INFO  - Epoch: [81][100/390] | Time 0.082 (0.084) | Loss 2.6348 | Accs(C/F/R): 99.99/53.36/55.48 | Gain +2.12%
2025-11-19 22:57:44,100 - INFO  - Epoch: [81][120/390] | Time 0.081 (0.084) | Loss 2.6758 | Accs(C/F/R): 99.99/52.75/55.03 | Gain +2.27%
2025-11-19 22:57:45,753 - INFO  - Epoch: [81][140/390] | Time 0.081 (0.084) | Loss 2.6549 | Accs(C/F/R): 99.99/53.05/55.21 | Gain +2.15%
2025-11-19 22:57:47,403 - INFO  - Epoch: [81][160/390] | Time 0.082 (0.084) | Loss 2.6485 | Accs(C/F/R): 100.00/52.98/55.04 | Gain +2.06%
2025-11-19 22:57:49,048 - INFO  - Epoch: [81][180/390] | Time 0.082 (0.084) | Loss 2.6213 | Accs(C/F/R): 100.00/53.45/55.53 | Gain +2.08%
2025-11-19 22:57:50,701 - INFO  - Epoch: [81][200/390] | Time 0.081 (0.083) | Loss 2.6101 | Accs(C/F/R): 100.00/53.50/55.64 | Gain +2.14%
2025-11-19 22:57:52,365 - INFO  - Epoch: [81][220/390] | Time 0.081 (0.083) | Loss 2.5974 | Accs(C/F/R): 100.00/53.69/55.86 | Gain +2.17%
2025-11-19 22:57:54,025 - INFO  - Epoch: [81][240/390] | Time 0.082 (0.083) | Loss 2.5651 | Accs(C/F/R): 100.00/54.14/56.28 | Gain +2.14%
2025-11-19 22:57:55,670 - INFO  - Epoch: [81][260/390] | Time 0.085 (0.083) | Loss 2.5755 | Accs(C/F/R): 99.99/54.15/56.26 | Gain +2.12%
2025-11-19 22:57:57,319 - INFO  - Epoch: [81][280/390] | Time 0.081 (0.083) | Loss 2.5652 | Accs(C/F/R): 99.99/54.22/56.30 | Gain +2.08%
2025-11-19 22:57:58,963 - INFO  - Epoch: [81][300/390] | Time 0.082 (0.083) | Loss 2.5764 | Accs(C/F/R): 99.99/54.09/56.15 | Gain +2.06%
2025-11-19 22:58:00,601 - INFO  - Epoch: [81][320/390] | Time 0.081 (0.083) | Loss 2.5859 | Accs(C/F/R): 99.99/53.94/56.03 | Gain +2.08%
2025-11-19 22:58:02,254 - INFO  - Epoch: [81][340/390] | Time 0.086 (0.083) | Loss 2.5872 | Accs(C/F/R): 99.99/54.00/56.04 | Gain +2.05%
2025-11-19 22:58:03,906 - INFO  - Epoch: [81][360/390] | Time 0.081 (0.083) | Loss 2.6011 | Accs(C/F/R): 99.99/53.80/55.80 | Gain +2.00%
2025-11-19 22:58:05,548 - INFO  - Epoch: [81][380/390] | Time 0.082 (0.083) | Loss 2.5967 | Accs(C/F/R): 99.99/53.83/55.87 | Gain +2.04%
2025-11-19 22:58:06,421 - INFO  - Epoch 81: Train Loss (scheduler metric) = 2.5903
2025-11-19 22:58:06,441 - INFO  - ([81] Epoch) Saving checkpoint to:
             Current: /root/autodl-tmp/retraining-free-quantization/training/alexnet_cifar10_sensitive_stage2/alexnet_cifar10_sensitive_stage2_restorer_checkpoint.pth.tar

2025-11-19 22:58:06,441 - INFO  - >>>>>>>> Epoch  82
2025-11-19 22:58:06,441 - INFO  - [Stage2] Using random BER sampling [1e-2, 1e-1] for each batch at epoch 82
2025-11-19 22:58:06,441 - INFO  - Entered Stage 2 Restorer Training mode for epoch 82.
2025-11-19 22:58:08,283 - INFO  - Epoch: [82][20/390] | Time 0.083 (0.092) | Loss 2.5268 | Accs(C/F/R): 100.00/54.73/56.33 | Gain +1.60%
2025-11-19 22:58:09,920 - INFO  - Epoch: [82][40/390] | Time 0.082 (0.087) | Loss 2.4899 | Accs(C/F/R): 100.00/55.90/58.52 | Gain +2.62%
2025-11-19 22:58:11,568 - INFO  - Epoch: [82][60/390] | Time 0.082 (0.085) | Loss 2.3880 | Accs(C/F/R): 99.99/57.30/59.61 | Gain +2.30%
2025-11-19 22:58:13,232 - INFO  - Epoch: [82][80/390] | Time 0.081 (0.085) | Loss 2.3888 | Accs(C/F/R): 99.99/57.39/59.67 | Gain +2.28%
2025-11-19 22:58:14,882 - INFO  - Epoch: [82][100/390] | Time 0.081 (0.084) | Loss 2.4286 | Accs(C/F/R): 99.98/57.01/59.34 | Gain +2.33%
2025-11-19 22:58:16,551 - INFO  - Epoch: [82][120/390] | Time 0.081 (0.084) | Loss 2.4936 | Accs(C/F/R): 99.98/55.74/57.96 | Gain +2.21%
2025-11-19 22:58:18,205 - INFO  - Epoch: [82][140/390] | Time 0.081 (0.084) | Loss 2.4522 | Accs(C/F/R): 99.98/56.57/58.64 | Gain +2.07%
2025-11-19 22:58:19,861 - INFO  - Epoch: [82][160/390] | Time 0.083 (0.084) | Loss 2.4863 | Accs(C/F/R): 99.98/55.78/57.95 | Gain +2.17%
2025-11-19 22:58:21,534 - INFO  - Epoch: [82][180/390] | Time 0.085 (0.084) | Loss 2.4395 | Accs(C/F/R): 99.98/56.74/58.92 | Gain +2.18%
2025-11-19 22:58:23,170 - INFO  - Epoch: [82][200/390] | Time 0.081 (0.084) | Loss 2.4598 | Accs(C/F/R): 99.98/56.42/58.62 | Gain +2.20%
2025-11-19 22:58:24,821 - INFO  - Epoch: [82][220/390] | Time 0.083 (0.084) | Loss 2.4728 | Accs(C/F/R): 99.99/56.20/58.46 | Gain +2.26%
2025-11-19 22:58:26,458 - INFO  - Epoch: [82][240/390] | Time 0.081 (0.083) | Loss 2.4814 | Accs(C/F/R): 99.99/56.01/58.25 | Gain +2.24%
2025-11-19 22:58:28,117 - INFO  - Epoch: [82][260/390] | Time 0.082 (0.083) | Loss 2.5059 | Accs(C/F/R): 99.99/55.46/57.68 | Gain +2.22%
2025-11-19 22:58:29,749 - INFO  - Epoch: [82][280/390] | Time 0.082 (0.083) | Loss 2.5018 | Accs(C/F/R): 99.99/55.53/57.78 | Gain +2.25%
2025-11-19 22:58:31,375 - INFO  - Epoch: [82][300/390] | Time 0.081 (0.083) | Loss 2.4922 | Accs(C/F/R): 99.99/55.64/57.87 | Gain +2.23%
2025-11-19 22:58:32,999 - INFO  - Epoch: [82][320/390] | Time 0.081 (0.083) | Loss 2.5014 | Accs(C/F/R): 99.99/55.46/57.72 | Gain +2.26%
2025-11-19 22:58:34,636 - INFO  - Epoch: [82][340/390] | Time 0.081 (0.083) | Loss 2.5121 | Accs(C/F/R): 99.98/55.28/57.55 | Gain +2.27%
2025-11-19 22:58:36,260 - INFO  - Epoch: [82][360/390] | Time 0.081 (0.083) | Loss 2.5254 | Accs(C/F/R): 99.98/55.05/57.35 | Gain +2.30%
2025-11-19 22:58:37,892 - INFO  - Epoch: [82][380/390] | Time 0.081 (0.083) | Loss 2.5308 | Accs(C/F/R): 99.99/55.06/57.37 | Gain +2.30%
2025-11-19 22:58:38,754 - INFO  - Epoch 82: Train Loss (scheduler metric) = 2.5221
2025-11-19 22:58:38,773 - INFO  - ([82] Epoch) Saving checkpoint to:
             Current: /root/autodl-tmp/retraining-free-quantization/training/alexnet_cifar10_sensitive_stage2/alexnet_cifar10_sensitive_stage2_restorer_checkpoint.pth.tar

2025-11-19 22:58:38,774 - INFO  - >>>>>>>> Epoch  83
2025-11-19 22:58:38,774 - INFO  - [Stage2] Using random BER sampling [1e-2, 1e-1] for each batch at epoch 83
2025-11-19 22:58:38,774 - INFO  - Entered Stage 2 Restorer Training mode for epoch 83.
2025-11-19 22:58:40,640 - INFO  - Epoch: [83][20/390] | Time 0.081 (0.093) | Loss 2.4909 | Accs(C/F/R): 100.00/54.65/56.88 | Gain +2.23%
2025-11-19 22:58:42,290 - INFO  - Epoch: [83][40/390] | Time 0.085 (0.088) | Loss 2.5686 | Accs(C/F/R): 100.00/53.11/55.10 | Gain +1.99%
2025-11-19 22:58:43,948 - INFO  - Epoch: [83][60/390] | Time 0.082 (0.086) | Loss 2.5551 | Accs(C/F/R): 99.99/53.52/55.87 | Gain +2.36%
2025-11-19 22:58:45,590 - INFO  - Epoch: [83][80/390] | Time 0.082 (0.085) | Loss 2.4217 | Accs(C/F/R): 99.99/56.71/58.89 | Gain +2.18%
2025-11-19 22:58:47,243 - INFO  - Epoch: [83][100/390] | Time 0.082 (0.085) | Loss 2.4176 | Accs(C/F/R): 99.99/56.86/59.04 | Gain +2.18%
2025-11-19 22:58:48,897 - INFO  - Epoch: [83][120/390] | Time 0.082 (0.084) | Loss 2.4122 | Accs(C/F/R): 99.99/57.08/59.19 | Gain +2.10%
2025-11-19 22:58:50,558 - INFO  - Epoch: [83][140/390] | Time 0.082 (0.084) | Loss 2.4150 | Accs(C/F/R): 99.99/56.86/58.98 | Gain +2.13%
2025-11-19 22:58:52,209 - INFO  - Epoch: [83][160/390] | Time 0.086 (0.084) | Loss 2.4379 | Accs(C/F/R): 100.00/56.54/58.59 | Gain +2.06%
2025-11-19 22:58:53,855 - INFO  - Epoch: [83][180/390] | Time 0.083 (0.084) | Loss 2.4179 | Accs(C/F/R): 100.00/56.86/58.98 | Gain +2.12%
2025-11-19 22:58:55,520 - INFO  - Epoch: [83][200/390] | Time 0.081 (0.084) | Loss 2.4595 | Accs(C/F/R): 100.00/56.21/58.20 | Gain +1.98%
2025-11-19 22:58:57,157 - INFO  - Epoch: [83][220/390] | Time 0.082 (0.084) | Loss 2.4632 | Accs(C/F/R): 100.00/56.26/58.29 | Gain +2.03%
2025-11-19 22:58:58,810 - INFO  - Epoch: [83][240/390] | Time 0.081 (0.083) | Loss 2.4793 | Accs(C/F/R): 100.00/56.10/58.13 | Gain +2.03%
2025-11-19 22:59:00,465 - INFO  - Epoch: [83][260/390] | Time 0.081 (0.083) | Loss 2.4684 | Accs(C/F/R): 100.00/56.18/58.19 | Gain +2.01%
2025-11-19 22:59:02,113 - INFO  - Epoch: [83][280/390] | Time 0.082 (0.083) | Loss 2.4648 | Accs(C/F/R): 100.00/56.37/58.40 | Gain +2.03%
2025-11-19 22:59:03,760 - INFO  - Epoch: [83][300/390] | Time 0.083 (0.083) | Loss 2.4514 | Accs(C/F/R): 99.99/56.70/58.70 | Gain +2.01%
2025-11-19 22:59:05,418 - INFO  - Epoch: [83][320/390] | Time 0.082 (0.083) | Loss 2.4508 | Accs(C/F/R): 100.00/56.73/58.72 | Gain +1.99%
2025-11-19 22:59:07,075 - INFO  - Epoch: [83][340/390] | Time 0.082 (0.083) | Loss 2.4605 | Accs(C/F/R): 99.99/56.50/58.51 | Gain +2.02%
2025-11-19 22:59:08,720 - INFO  - Epoch: [83][360/390] | Time 0.083 (0.083) | Loss 2.4357 | Accs(C/F/R): 99.99/56.87/58.90 | Gain +2.03%
2025-11-19 22:59:10,367 - INFO  - Epoch: [83][380/390] | Time 0.082 (0.083) | Loss 2.4471 | Accs(C/F/R): 99.99/56.71/58.75 | Gain +2.05%
2025-11-19 22:59:11,234 - INFO  - Epoch 83: Train Loss (scheduler metric) = 2.4493
2025-11-19 22:59:11,255 - INFO  - ([83] Epoch) Saving checkpoint to:
             Current: /root/autodl-tmp/retraining-free-quantization/training/alexnet_cifar10_sensitive_stage2/alexnet_cifar10_sensitive_stage2_restorer_checkpoint.pth.tar

2025-11-19 22:59:11,255 - INFO  - >>>>>>>> Epoch  84
2025-11-19 22:59:11,255 - INFO  - [Stage2] Using random BER sampling [1e-2, 1e-1] for each batch at epoch 84
2025-11-19 22:59:11,255 - INFO  - Entered Stage 2 Restorer Training mode for epoch 84.
2025-11-19 22:59:13,148 - INFO  - Epoch: [84][20/390] | Time 0.082 (0.095) | Loss 2.2302 | Accs(C/F/R): 99.96/60.78/61.99 | Gain +1.21%
2025-11-19 22:59:14,794 - INFO  - Epoch: [84][40/390] | Time 0.081 (0.088) | Loss 2.4218 | Accs(C/F/R): 99.98/56.68/58.50 | Gain +1.82%
2025-11-19 22:59:16,452 - INFO  - Epoch: [84][60/390] | Time 0.081 (0.087) | Loss 2.3796 | Accs(C/F/R): 99.99/57.59/59.04 | Gain +1.45%
2025-11-19 22:59:18,094 - INFO  - Epoch: [84][80/390] | Time 0.081 (0.085) | Loss 2.4698 | Accs(C/F/R): 99.99/55.88/57.57 | Gain +1.69%
2025-11-19 22:59:19,744 - INFO  - Epoch: [84][100/390] | Time 0.083 (0.085) | Loss 2.4325 | Accs(C/F/R): 99.99/56.91/58.63 | Gain +1.72%
2025-11-19 22:59:21,383 - INFO  - Epoch: [84][120/390] | Time 0.081 (0.084) | Loss 2.4975 | Accs(C/F/R): 99.99/55.80/57.53 | Gain +1.73%
2025-11-19 22:59:23,024 - INFO  - Epoch: [84][140/390] | Time 0.082 (0.084) | Loss 2.5379 | Accs(C/F/R): 99.99/54.96/56.75 | Gain +1.80%
2025-11-19 22:59:24,681 - INFO  - Epoch: [84][160/390] | Time 0.082 (0.084) | Loss 2.4785 | Accs(C/F/R): 99.99/55.94/57.72 | Gain +1.78%
2025-11-19 22:59:26,324 - INFO  - Epoch: [84][180/390] | Time 0.083 (0.084) | Loss 2.5200 | Accs(C/F/R): 99.99/55.12/56.98 | Gain +1.86%
2025-11-19 22:59:27,979 - INFO  - Epoch: [84][200/390] | Time 0.085 (0.084) | Loss 2.4886 | Accs(C/F/R): 99.99/55.81/57.62 | Gain +1.81%
2025-11-19 22:59:29,632 - INFO  - Epoch: [84][220/390] | Time 0.083 (0.084) | Loss 2.5195 | Accs(C/F/R): 99.99/55.12/57.05 | Gain +1.94%
2025-11-19 22:59:31,281 - INFO  - Epoch: [84][240/390] | Time 0.081 (0.083) | Loss 2.5484 | Accs(C/F/R): 99.99/54.75/56.68 | Gain +1.92%
2025-11-19 22:59:32,941 - INFO  - Epoch: [84][260/390] | Time 0.083 (0.083) | Loss 2.5589 | Accs(C/F/R): 99.99/54.57/56.45 | Gain +1.88%
2025-11-19 22:59:34,589 - INFO  - Epoch: [84][280/390] | Time 0.082 (0.083) | Loss 2.5699 | Accs(C/F/R): 99.99/54.47/56.32 | Gain +1.85%
2025-11-19 22:59:36,249 - INFO  - Epoch: [84][300/390] | Time 0.082 (0.083) | Loss 2.5676 | Accs(C/F/R): 99.99/54.43/56.32 | Gain +1.89%
2025-11-19 22:59:37,888 - INFO  - Epoch: [84][320/390] | Time 0.081 (0.083) | Loss 2.5829 | Accs(C/F/R): 100.00/54.21/56.12 | Gain +1.90%
2025-11-19 22:59:39,541 - INFO  - Epoch: [84][340/390] | Time 0.085 (0.083) | Loss 2.5857 | Accs(C/F/R): 100.00/54.14/56.05 | Gain +1.92%
2025-11-19 22:59:41,182 - INFO  - Epoch: [84][360/390] | Time 0.081 (0.083) | Loss 2.5829 | Accs(C/F/R): 100.00/54.13/56.00 | Gain +1.88%
2025-11-19 22:59:42,842 - INFO  - Epoch: [84][380/390] | Time 0.084 (0.083) | Loss 2.5694 | Accs(C/F/R): 100.00/54.30/56.19 | Gain +1.89%
2025-11-19 22:59:43,699 - INFO  - Epoch 84: Train Loss (scheduler metric) = 2.5634
2025-11-19 22:59:43,718 - INFO  - ([84] Epoch) Saving checkpoint to:
             Current: /root/autodl-tmp/retraining-free-quantization/training/alexnet_cifar10_sensitive_stage2/alexnet_cifar10_sensitive_stage2_restorer_checkpoint.pth.tar

2025-11-19 22:59:43,718 - INFO  - >>>>>>>> Epoch  85
2025-11-19 22:59:43,718 - INFO  - [Stage2] Using random BER sampling [1e-2, 1e-1] for each batch at epoch 85
2025-11-19 22:59:43,718 - INFO  - Entered Stage 2 Restorer Training mode for epoch 85.
2025-11-19 22:59:45,587 - INFO  - Epoch: [85][20/390] | Time 0.082 (0.093) | Loss 2.8271 | Accs(C/F/R): 100.00/50.78/53.09 | Gain +2.30%
2025-11-19 22:59:47,237 - INFO  - Epoch: [85][40/390] | Time 0.082 (0.088) | Loss 2.8009 | Accs(C/F/R): 100.00/51.17/53.59 | Gain +2.42%
2025-11-19 22:59:48,883 - INFO  - Epoch: [85][60/390] | Time 0.083 (0.086) | Loss 2.6626 | Accs(C/F/R): 100.00/53.67/55.76 | Gain +2.08%
2025-11-19 22:59:50,524 - INFO  - Epoch: [85][80/390] | Time 0.082 (0.085) | Loss 2.6124 | Accs(C/F/R): 100.00/54.45/56.31 | Gain +1.86%
2025-11-19 22:59:52,177 - INFO  - Epoch: [85][100/390] | Time 0.083 (0.085) | Loss 2.6488 | Accs(C/F/R): 100.00/53.64/55.47 | Gain +1.83%
2025-11-19 22:59:53,817 - INFO  - Epoch: [85][120/390] | Time 0.082 (0.084) | Loss 2.6405 | Accs(C/F/R): 100.00/53.68/55.76 | Gain +2.08%
2025-11-19 22:59:55,482 - INFO  - Epoch: [85][140/390] | Time 0.082 (0.084) | Loss 2.6317 | Accs(C/F/R): 99.99/53.88/55.96 | Gain +2.08%
2025-11-19 22:59:57,125 - INFO  - Epoch: [85][160/390] | Time 0.081 (0.084) | Loss 2.6194 | Accs(C/F/R): 100.00/54.03/56.13 | Gain +2.09%
2025-11-19 22:59:58,772 - INFO  - Epoch: [85][180/390] | Time 0.081 (0.084) | Loss 2.5986 | Accs(C/F/R): 100.00/54.53/56.68 | Gain +2.16%
2025-11-19 23:00:00,409 - INFO  - Epoch: [85][200/390] | Time 0.082 (0.083) | Loss 2.5849 | Accs(C/F/R): 99.99/54.66/56.72 | Gain +2.05%
2025-11-19 23:00:01,448 - INFO  - Epoch: [85][220/390] | Time 0.082 (0.081) | Loss 2.6120 | Accs(C/F/R): 99.99/54.23/56.30 | Gain +2.07%
2025-11-19 23:00:03,100 - INFO  - Epoch: [85][240/390] | Time 0.081 (0.081) | Loss 2.6070 | Accs(C/F/R): 99.99/54.18/56.21 | Gain +2.03%
2025-11-19 23:00:04,752 - INFO  - Epoch: [85][260/390] | Time 0.082 (0.081) | Loss 2.5843 | Accs(C/F/R): 99.99/54.54/56.55 | Gain +2.01%
2025-11-19 23:00:06,380 - INFO  - Epoch: [85][280/390] | Time 0.082 (0.081) | Loss 2.5574 | Accs(C/F/R): 99.99/55.12/57.06 | Gain +1.94%
2025-11-19 23:00:08,017 - INFO  - Epoch: [85][300/390] | Time 0.081 (0.081) | Loss 2.5599 | Accs(C/F/R): 99.99/54.95/56.95 | Gain +2.01%
2025-11-19 23:00:09,659 - INFO  - Epoch: [85][320/390] | Time 0.085 (0.081) | Loss 2.5631 | Accs(C/F/R): 99.99/54.94/56.91 | Gain +1.97%
2025-11-19 23:00:11,302 - INFO  - Epoch: [85][340/390] | Time 0.082 (0.081) | Loss 2.5822 | Accs(C/F/R): 99.99/54.52/56.53 | Gain +2.00%
2025-11-19 23:00:12,938 - INFO  - Epoch: [85][360/390] | Time 0.081 (0.081) | Loss 2.5768 | Accs(C/F/R): 99.99/54.62/56.63 | Gain +2.01%
2025-11-19 23:00:14,583 - INFO  - Epoch: [85][380/390] | Time 0.084 (0.081) | Loss 2.5840 | Accs(C/F/R): 99.99/54.48/56.55 | Gain +2.07%
2025-11-19 23:00:15,448 - INFO  - Epoch 85: Train Loss (scheduler metric) = 2.5909
2025-11-19 23:00:15,468 - INFO  - ([85] Epoch) Saving checkpoint to:
             Current: /root/autodl-tmp/retraining-free-quantization/training/alexnet_cifar10_sensitive_stage2/alexnet_cifar10_sensitive_stage2_restorer_checkpoint.pth.tar

2025-11-19 23:00:15,468 - INFO  - >>>>>>>> Epoch  86
2025-11-19 23:00:15,468 - INFO  - [Stage2] Using random BER sampling [1e-2, 1e-1] for each batch at epoch 86
2025-11-19 23:00:15,468 - INFO  - Entered Stage 2 Restorer Training mode for epoch 86.
2025-11-19 23:00:17,364 - INFO  - Epoch: [86][20/390] | Time 0.082 (0.095) | Loss 2.4625 | Accs(C/F/R): 100.00/57.46/58.95 | Gain +1.48%
2025-11-19 23:00:19,031 - INFO  - Epoch: [86][40/390] | Time 0.082 (0.089) | Loss 2.5624 | Accs(C/F/R): 99.96/54.45/56.25 | Gain +1.80%
2025-11-19 23:00:20,676 - INFO  - Epoch: [86][60/390] | Time 0.081 (0.087) | Loss 2.4962 | Accs(C/F/R): 99.97/56.55/58.22 | Gain +1.67%
2025-11-19 23:00:22,315 - INFO  - Epoch: [86][80/390] | Time 0.081 (0.086) | Loss 2.4793 | Accs(C/F/R): 99.98/56.54/58.28 | Gain +1.74%
2025-11-19 23:00:23,962 - INFO  - Epoch: [86][100/390] | Time 0.082 (0.085) | Loss 2.5713 | Accs(C/F/R): 99.98/54.95/56.73 | Gain +1.77%
2025-11-19 23:00:25,607 - INFO  - Epoch: [86][120/390] | Time 0.081 (0.084) | Loss 2.5765 | Accs(C/F/R): 99.99/54.85/56.78 | Gain +1.93%
2025-11-19 23:00:27,251 - INFO  - Epoch: [86][140/390] | Time 0.081 (0.084) | Loss 2.5702 | Accs(C/F/R): 99.99/54.90/56.91 | Gain +2.01%
2025-11-19 23:00:28,893 - INFO  - Epoch: [86][160/390] | Time 0.081 (0.084) | Loss 2.5338 | Accs(C/F/R): 99.99/55.53/57.64 | Gain +2.11%
2025-11-19 23:00:30,545 - INFO  - Epoch: [86][180/390] | Time 0.082 (0.084) | Loss 2.5436 | Accs(C/F/R): 99.99/55.44/57.59 | Gain +2.15%
2025-11-19 23:00:32,185 - INFO  - Epoch: [86][200/390] | Time 0.083 (0.084) | Loss 2.5084 | Accs(C/F/R): 99.99/56.05/58.17 | Gain +2.12%
2025-11-19 23:00:33,845 - INFO  - Epoch: [86][220/390] | Time 0.087 (0.084) | Loss 2.5025 | Accs(C/F/R): 99.99/56.06/58.27 | Gain +2.21%
2025-11-19 23:00:35,493 - INFO  - Epoch: [86][240/390] | Time 0.082 (0.083) | Loss 2.4961 | Accs(C/F/R): 99.99/56.04/58.24 | Gain +2.19%
2025-11-19 23:00:37,147 - INFO  - Epoch: [86][260/390] | Time 0.083 (0.083) | Loss 2.4809 | Accs(C/F/R): 99.99/56.39/58.56 | Gain +2.17%
2025-11-19 23:00:38,783 - INFO  - Epoch: [86][280/390] | Time 0.082 (0.083) | Loss 2.4524 | Accs(C/F/R): 99.99/56.88/59.00 | Gain +2.11%
2025-11-19 23:00:40,430 - INFO  - Epoch: [86][300/390] | Time 0.082 (0.083) | Loss 2.4762 | Accs(C/F/R): 99.99/56.47/58.51 | Gain +2.04%
2025-11-19 23:00:42,076 - INFO  - Epoch: [86][320/390] | Time 0.086 (0.083) | Loss 2.5003 | Accs(C/F/R): 100.00/55.98/58.03 | Gain +2.05%
2025-11-19 23:00:43,719 - INFO  - Epoch: [86][340/390] | Time 0.081 (0.083) | Loss 2.5035 | Accs(C/F/R): 100.00/55.78/57.87 | Gain +2.10%
2025-11-19 23:00:45,380 - INFO  - Epoch: [86][360/390] | Time 0.082 (0.083) | Loss 2.4997 | Accs(C/F/R): 99.99/55.78/57.90 | Gain +2.12%
2025-11-19 23:00:47,021 - INFO  - Epoch: [86][380/390] | Time 0.082 (0.083) | Loss 2.4921 | Accs(C/F/R): 99.99/55.86/57.95 | Gain +2.09%
2025-11-19 23:00:47,883 - INFO  - Epoch 86: Train Loss (scheduler metric) = 2.4974
2025-11-19 23:00:47,902 - INFO  - ([86] Epoch) Saving checkpoint to:
             Current: /root/autodl-tmp/retraining-free-quantization/training/alexnet_cifar10_sensitive_stage2/alexnet_cifar10_sensitive_stage2_restorer_checkpoint.pth.tar

2025-11-19 23:00:47,902 - INFO  - >>>>>>>> Epoch  87
2025-11-19 23:00:47,903 - INFO  - [Stage2] Using random BER sampling [1e-2, 1e-1] for each batch at epoch 87
2025-11-19 23:00:47,903 - INFO  - Entered Stage 2 Restorer Training mode for epoch 87.
2025-11-19 23:00:49,779 - INFO  - Epoch: [87][20/390] | Time 0.082 (0.094) | Loss 2.9479 | Accs(C/F/R): 99.92/47.50/50.12 | Gain +2.62%
2025-11-19 23:00:51,421 - INFO  - Epoch: [87][40/390] | Time 0.085 (0.088) | Loss 2.7211 | Accs(C/F/R): 99.96/51.35/53.36 | Gain +2.01%
2025-11-19 23:00:53,068 - INFO  - Epoch: [87][60/390] | Time 0.084 (0.086) | Loss 2.6469 | Accs(C/F/R): 99.97/52.93/54.86 | Gain +1.93%
2025-11-19 23:00:54,729 - INFO  - Epoch: [87][80/390] | Time 0.085 (0.085) | Loss 2.5917 | Accs(C/F/R): 99.97/53.66/55.48 | Gain +1.82%
2025-11-19 23:00:56,390 - INFO  - Epoch: [87][100/390] | Time 0.084 (0.085) | Loss 2.5607 | Accs(C/F/R): 99.98/54.11/55.92 | Gain +1.81%
2025-11-19 23:00:58,023 - INFO  - Epoch: [87][120/390] | Time 0.084 (0.084) | Loss 2.5604 | Accs(C/F/R): 99.98/54.19/56.06 | Gain +1.88%
2025-11-19 23:00:59,670 - INFO  - Epoch: [87][140/390] | Time 0.081 (0.084) | Loss 2.5702 | Accs(C/F/R): 99.98/54.22/56.07 | Gain +1.85%
2025-11-19 23:01:01,330 - INFO  - Epoch: [87][160/390] | Time 0.082 (0.084) | Loss 2.5693 | Accs(C/F/R): 99.99/54.19/56.12 | Gain +1.92%
2025-11-19 23:01:02,976 - INFO  - Epoch: [87][180/390] | Time 0.082 (0.084) | Loss 2.5861 | Accs(C/F/R): 99.98/53.95/55.91 | Gain +1.96%
2025-11-19 23:01:04,638 - INFO  - Epoch: [87][200/390] | Time 0.083 (0.084) | Loss 2.6010 | Accs(C/F/R): 99.98/53.69/55.65 | Gain +1.96%
2025-11-19 23:01:06,293 - INFO  - Epoch: [87][220/390] | Time 0.081 (0.084) | Loss 2.6057 | Accs(C/F/R): 99.98/53.62/55.56 | Gain +1.94%
2025-11-19 23:01:07,942 - INFO  - Epoch: [87][240/390] | Time 0.082 (0.083) | Loss 2.6123 | Accs(C/F/R): 99.98/53.54/55.49 | Gain +1.95%
2025-11-19 23:01:09,588 - INFO  - Epoch: [87][260/390] | Time 0.082 (0.083) | Loss 2.5884 | Accs(C/F/R): 99.98/54.05/55.97 | Gain +1.93%
2025-11-19 23:01:11,229 - INFO  - Epoch: [87][280/390] | Time 0.081 (0.083) | Loss 2.5881 | Accs(C/F/R): 99.98/54.12/56.02 | Gain +1.91%
2025-11-19 23:01:12,882 - INFO  - Epoch: [87][300/390] | Time 0.082 (0.083) | Loss 2.5898 | Accs(C/F/R): 99.98/54.20/56.06 | Gain +1.86%
2025-11-19 23:01:14,523 - INFO  - Epoch: [87][320/390] | Time 0.082 (0.083) | Loss 2.5933 | Accs(C/F/R): 99.99/54.11/56.03 | Gain +1.92%
2025-11-19 23:01:16,184 - INFO  - Epoch: [87][340/390] | Time 0.085 (0.083) | Loss 2.5596 | Accs(C/F/R): 99.99/54.82/56.70 | Gain +1.88%
2025-11-19 23:01:17,843 - INFO  - Epoch: [87][360/390] | Time 0.084 (0.083) | Loss 2.5600 | Accs(C/F/R): 99.99/54.86/56.71 | Gain +1.85%
2025-11-19 23:01:19,513 - INFO  - Epoch: [87][380/390] | Time 0.086 (0.083) | Loss 2.5511 | Accs(C/F/R): 99.99/55.02/56.85 | Gain +1.83%
2025-11-19 23:01:20,381 - INFO  - Epoch 87: Train Loss (scheduler metric) = 2.5434
2025-11-19 23:01:20,401 - INFO  - ([87] Epoch) Saving checkpoint to:
             Current: /root/autodl-tmp/retraining-free-quantization/training/alexnet_cifar10_sensitive_stage2/alexnet_cifar10_sensitive_stage2_restorer_checkpoint.pth.tar

2025-11-19 23:01:20,401 - INFO  - >>>>>>>> Epoch  88
2025-11-19 23:01:20,401 - INFO  - [Stage2] Using random BER sampling [1e-2, 1e-1] for each batch at epoch 88
2025-11-19 23:01:20,401 - INFO  - Entered Stage 2 Restorer Training mode for epoch 88.
2025-11-19 23:01:22,263 - INFO  - Epoch: [88][20/390] | Time 0.081 (0.093) | Loss 2.7050 | Accs(C/F/R): 99.96/49.96/53.16 | Gain +3.20%
2025-11-19 23:01:23,908 - INFO  - Epoch: [88][40/390] | Time 0.084 (0.088) | Loss 2.6576 | Accs(C/F/R): 99.96/51.91/54.36 | Gain +2.44%
2025-11-19 23:01:25,565 - INFO  - Epoch: [88][60/390] | Time 0.081 (0.086) | Loss 2.5548 | Accs(C/F/R): 99.97/54.88/57.20 | Gain +2.32%
2025-11-19 23:01:27,196 - INFO  - Epoch: [88][80/390] | Time 0.084 (0.085) | Loss 2.5142 | Accs(C/F/R): 99.98/56.19/58.20 | Gain +2.01%
2025-11-19 23:01:28,830 - INFO  - Epoch: [88][100/390] | Time 0.081 (0.084) | Loss 2.5630 | Accs(C/F/R): 99.98/55.39/57.35 | Gain +1.96%
2025-11-19 23:01:30,477 - INFO  - Epoch: [88][120/390] | Time 0.081 (0.084) | Loss 2.5493 | Accs(C/F/R): 99.99/55.69/57.79 | Gain +2.10%
2025-11-19 23:01:32,130 - INFO  - Epoch: [88][140/390] | Time 0.085 (0.084) | Loss 2.5827 | Accs(C/F/R): 99.98/55.30/57.39 | Gain +2.09%
2025-11-19 23:01:33,780 - INFO  - Epoch: [88][160/390] | Time 0.083 (0.084) | Loss 2.5953 | Accs(C/F/R): 99.99/54.95/57.22 | Gain +2.28%
2025-11-19 23:01:35,437 - INFO  - Epoch: [88][180/390] | Time 0.082 (0.084) | Loss 2.5799 | Accs(C/F/R): 99.99/55.15/57.22 | Gain +2.07%
2025-11-19 23:01:37,078 - INFO  - Epoch: [88][200/390] | Time 0.081 (0.083) | Loss 2.5812 | Accs(C/F/R): 99.99/55.12/57.10 | Gain +1.98%
2025-11-19 23:01:38,730 - INFO  - Epoch: [88][220/390] | Time 0.082 (0.083) | Loss 2.5910 | Accs(C/F/R): 99.99/54.71/56.69 | Gain +1.98%
2025-11-19 23:01:40,369 - INFO  - Epoch: [88][240/390] | Time 0.082 (0.083) | Loss 2.5838 | Accs(C/F/R): 99.99/54.76/56.75 | Gain +1.99%
2025-11-19 23:01:42,033 - INFO  - Epoch: [88][260/390] | Time 0.081 (0.083) | Loss 2.6164 | Accs(C/F/R): 99.99/54.12/56.08 | Gain +1.96%
2025-11-19 23:01:43,680 - INFO  - Epoch: [88][280/390] | Time 0.082 (0.083) | Loss 2.6184 | Accs(C/F/R): 99.99/54.26/56.22 | Gain +1.96%
2025-11-19 23:01:45,333 - INFO  - Epoch: [88][300/390] | Time 0.083 (0.083) | Loss 2.6276 | Accs(C/F/R): 99.99/54.05/56.04 | Gain +1.98%
2025-11-19 23:01:46,984 - INFO  - Epoch: [88][320/390] | Time 0.082 (0.083) | Loss 2.6261 | Accs(C/F/R): 99.99/54.14/56.12 | Gain +1.99%
2025-11-19 23:01:48,627 - INFO  - Epoch: [88][340/390] | Time 0.081 (0.083) | Loss 2.6385 | Accs(C/F/R): 99.99/53.89/55.95 | Gain +2.06%
2025-11-19 23:01:50,281 - INFO  - Epoch: [88][360/390] | Time 0.082 (0.083) | Loss 2.6351 | Accs(C/F/R): 99.99/53.95/56.01 | Gain +2.07%
2025-11-19 23:01:51,922 - INFO  - Epoch: [88][380/390] | Time 0.082 (0.083) | Loss 2.6359 | Accs(C/F/R): 99.99/53.86/55.94 | Gain +2.08%
2025-11-19 23:01:52,798 - INFO  - Epoch 88: Train Loss (scheduler metric) = 2.6271
2025-11-19 23:01:52,818 - INFO  - ([88] Epoch) Saving checkpoint to:
             Current: /root/autodl-tmp/retraining-free-quantization/training/alexnet_cifar10_sensitive_stage2/alexnet_cifar10_sensitive_stage2_restorer_checkpoint.pth.tar

2025-11-19 23:01:52,818 - INFO  - >>>>>>>> Epoch  89
2025-11-19 23:01:52,818 - INFO  - [Stage2] Using random BER sampling [1e-2, 1e-1] for each batch at epoch 89
2025-11-19 23:01:52,818 - INFO  - Entered Stage 2 Restorer Training mode for epoch 89.
2025-11-19 23:01:54,741 - INFO  - Epoch: [89][20/390] | Time 0.082 (0.096) | Loss 2.4996 | Accs(C/F/R): 100.00/55.47/57.11 | Gain +1.64%
2025-11-19 23:01:56,404 - INFO  - Epoch: [89][40/390] | Time 0.082 (0.090) | Loss 2.5464 | Accs(C/F/R): 100.00/55.55/57.60 | Gain +2.05%
2025-11-19 23:01:58,062 - INFO  - Epoch: [89][60/390] | Time 0.081 (0.087) | Loss 2.5681 | Accs(C/F/R): 100.00/54.38/56.84 | Gain +2.46%
2025-11-19 23:01:59,706 - INFO  - Epoch: [89][80/390] | Time 0.083 (0.086) | Loss 2.5122 | Accs(C/F/R): 100.00/55.29/57.29 | Gain +2.00%
2025-11-19 23:02:01,349 - INFO  - Epoch: [89][100/390] | Time 0.084 (0.085) | Loss 2.5275 | Accs(C/F/R): 99.99/54.62/56.66 | Gain +2.05%
2025-11-19 23:02:02,993 - INFO  - Epoch: [89][120/390] | Time 0.083 (0.085) | Loss 2.5755 | Accs(C/F/R): 99.99/53.52/55.82 | Gain +2.30%
2025-11-19 23:02:04,626 - INFO  - Epoch: [89][140/390] | Time 0.082 (0.084) | Loss 2.5445 | Accs(C/F/R): 99.99/54.04/56.37 | Gain +2.33%
2025-11-19 23:02:06,264 - INFO  - Epoch: [89][160/390] | Time 0.082 (0.084) | Loss 2.5279 | Accs(C/F/R): 99.99/54.56/56.77 | Gain +2.22%
2025-11-19 23:02:07,912 - INFO  - Epoch: [89][180/390] | Time 0.081 (0.084) | Loss 2.5159 | Accs(C/F/R): 99.99/54.65/56.85 | Gain +2.20%
2025-11-19 23:02:09,536 - INFO  - Epoch: [89][200/390] | Time 0.081 (0.084) | Loss 2.5121 | Accs(C/F/R): 99.99/54.90/57.01 | Gain +2.11%
2025-11-19 23:02:11,168 - INFO  - Epoch: [89][220/390] | Time 0.082 (0.083) | Loss 2.4970 | Accs(C/F/R): 99.99/55.20/57.30 | Gain +2.10%
2025-11-19 23:02:12,790 - INFO  - Epoch: [89][240/390] | Time 0.081 (0.083) | Loss 2.5142 | Accs(C/F/R): 99.99/54.83/56.92 | Gain +2.09%
2025-11-19 23:02:14,429 - INFO  - Epoch: [89][260/390] | Time 0.081 (0.083) | Loss 2.5213 | Accs(C/F/R): 99.99/54.73/56.83 | Gain +2.10%
2025-11-19 23:02:16,061 - INFO  - Epoch: [89][280/390] | Time 0.081 (0.083) | Loss 2.5327 | Accs(C/F/R): 99.99/54.55/56.66 | Gain +2.11%
2025-11-19 23:02:17,686 - INFO  - Epoch: [89][300/390] | Time 0.081 (0.083) | Loss 2.5350 | Accs(C/F/R): 99.99/54.68/56.76 | Gain +2.08%
2025-11-19 23:02:19,313 - INFO  - Epoch: [89][320/390] | Time 0.082 (0.083) | Loss 2.5580 | Accs(C/F/R): 100.00/54.34/56.43 | Gain +2.08%
2025-11-19 23:02:20,939 - INFO  - Epoch: [89][340/390] | Time 0.081 (0.083) | Loss 2.5502 | Accs(C/F/R): 100.00/54.47/56.55 | Gain +2.08%
2025-11-19 23:02:22,581 - INFO  - Epoch: [89][360/390] | Time 0.086 (0.083) | Loss 2.5707 | Accs(C/F/R): 100.00/54.26/56.32 | Gain +2.06%
2025-11-19 23:02:24,217 - INFO  - Epoch: [89][380/390] | Time 0.081 (0.083) | Loss 2.5496 | Accs(C/F/R): 100.00/54.58/56.65 | Gain +2.07%
2025-11-19 23:02:25,088 - INFO  - Epoch 89: Train Loss (scheduler metric) = 2.5531
2025-11-19 23:02:25,108 - INFO  - ([89] Epoch) Saving checkpoint to:
             Current: /root/autodl-tmp/retraining-free-quantization/training/alexnet_cifar10_sensitive_stage2/alexnet_cifar10_sensitive_stage2_restorer_checkpoint.pth.tar

2025-11-19 23:02:25,108 - INFO  - >>>>>>>> Epoch  90
2025-11-19 23:02:25,108 - INFO  - [Stage2] Using random BER sampling [1e-2, 1e-1] for each batch at epoch 90
2025-11-19 23:02:25,108 - INFO  - Entered Stage 2 Restorer Training mode for epoch 90.
2025-11-19 23:02:27,024 - INFO  - Epoch: [90][20/390] | Time 0.084 (0.096) | Loss 2.1820 | Accs(C/F/R): 100.00/62.34/63.52 | Gain +1.17%
2025-11-19 23:02:28,668 - INFO  - Epoch: [90][40/390] | Time 0.082 (0.089) | Loss 2.4110 | Accs(C/F/R): 100.00/57.44/59.49 | Gain +2.05%
2025-11-19 23:02:30,321 - INFO  - Epoch: [90][60/390] | Time 0.081 (0.087) | Loss 2.5347 | Accs(C/F/R): 100.00/55.20/57.33 | Gain +2.14%
2025-11-19 23:02:31,969 - INFO  - Epoch: [90][80/390] | Time 0.084 (0.086) | Loss 2.4923 | Accs(C/F/R): 100.00/56.20/58.10 | Gain +1.89%
2025-11-19 23:02:33,609 - INFO  - Epoch: [90][100/390] | Time 0.081 (0.085) | Loss 2.5863 | Accs(C/F/R): 99.98/54.03/55.93 | Gain +1.90%
2025-11-19 23:02:35,255 - INFO  - Epoch: [90][120/390] | Time 0.082 (0.085) | Loss 2.5816 | Accs(C/F/R): 99.98/54.10/56.17 | Gain +2.07%
2025-11-19 23:02:36,907 - INFO  - Epoch: [90][140/390] | Time 0.081 (0.084) | Loss 2.5779 | Accs(C/F/R): 99.98/54.12/56.07 | Gain +1.94%
2025-11-19 23:02:38,551 - INFO  - Epoch: [90][160/390] | Time 0.081 (0.084) | Loss 2.5898 | Accs(C/F/R): 99.99/53.93/55.95 | Gain +2.03%
2025-11-19 23:02:40,191 - INFO  - Epoch: [90][180/390] | Time 0.082 (0.084) | Loss 2.6013 | Accs(C/F/R): 99.99/53.73/55.85 | Gain +2.12%
2025-11-19 23:02:41,837 - INFO  - Epoch: [90][200/390] | Time 0.082 (0.084) | Loss 2.5782 | Accs(C/F/R): 99.99/54.11/56.21 | Gain +2.10%
2025-11-19 23:02:43,480 - INFO  - Epoch: [90][220/390] | Time 0.082 (0.084) | Loss 2.5664 | Accs(C/F/R): 99.99/54.34/56.48 | Gain +2.14%
2025-11-19 23:02:45,136 - INFO  - Epoch: [90][240/390] | Time 0.082 (0.083) | Loss 2.5703 | Accs(C/F/R): 99.99/54.23/56.31 | Gain +2.08%
2025-11-19 23:02:46,786 - INFO  - Epoch: [90][260/390] | Time 0.084 (0.083) | Loss 2.5753 | Accs(C/F/R): 99.99/54.10/56.20 | Gain +2.10%
2025-11-19 23:02:48,449 - INFO  - Epoch: [90][280/390] | Time 0.082 (0.083) | Loss 2.5623 | Accs(C/F/R): 99.99/54.52/56.57 | Gain +2.06%
2025-11-19 23:02:50,089 - INFO  - Epoch: [90][300/390] | Time 0.081 (0.083) | Loss 2.5594 | Accs(C/F/R): 99.99/54.55/56.74 | Gain +2.19%
2025-11-19 23:02:51,748 - INFO  - Epoch: [90][320/390] | Time 0.082 (0.083) | Loss 2.5654 | Accs(C/F/R): 99.99/54.32/56.54 | Gain +2.22%
2025-11-19 23:02:53,385 - INFO  - Epoch: [90][340/390] | Time 0.081 (0.083) | Loss 2.5657 | Accs(C/F/R): 99.99/54.27/56.47 | Gain +2.19%
2025-11-19 23:02:55,030 - INFO  - Epoch: [90][360/390] | Time 0.082 (0.083) | Loss 2.5608 | Accs(C/F/R): 99.99/54.31/56.46 | Gain +2.15%
2025-11-19 23:02:56,692 - INFO  - Epoch: [90][380/390] | Time 0.081 (0.083) | Loss 2.5471 | Accs(C/F/R): 99.99/54.55/56.67 | Gain +2.12%
2025-11-19 23:02:57,546 - INFO  - Epoch 90: Train Loss (scheduler metric) = 2.5354
2025-11-19 23:02:57,566 - INFO  - ([90] Epoch) Saving checkpoint to:
             Current: /root/autodl-tmp/retraining-free-quantization/training/alexnet_cifar10_sensitive_stage2/alexnet_cifar10_sensitive_stage2_restorer_checkpoint.pth.tar

2025-11-19 23:02:57,566 - INFO  - >>>>>>>> Epoch  91
2025-11-19 23:02:57,566 - INFO  - [Stage2] Using random BER sampling [1e-2, 1e-1] for each batch at epoch 91
2025-11-19 23:02:57,566 - INFO  - Entered Stage 2 Restorer Training mode for epoch 91.
2025-11-19 23:02:59,470 - INFO  - Epoch: [91][20/390] | Time 0.084 (0.095) | Loss 2.9718 | Accs(C/F/R): 100.00/44.84/46.52 | Gain +1.68%
2025-11-19 23:03:01,126 - INFO  - Epoch: [91][40/390] | Time 0.083 (0.089) | Loss 2.7038 | Accs(C/F/R): 100.00/51.05/52.56 | Gain +1.50%
2025-11-19 23:03:02,779 - INFO  - Epoch: [91][60/390] | Time 0.085 (0.087) | Loss 2.5875 | Accs(C/F/R): 99.99/53.72/55.70 | Gain +1.98%
2025-11-19 23:03:04,411 - INFO  - Epoch: [91][80/390] | Time 0.083 (0.086) | Loss 2.4630 | Accs(C/F/R): 99.99/55.74/57.51 | Gain +1.77%
2025-11-19 23:03:06,053 - INFO  - Epoch: [91][100/390] | Time 0.081 (0.085) | Loss 2.4569 | Accs(C/F/R): 99.99/55.94/57.66 | Gain +1.72%
2025-11-19 23:03:07,686 - INFO  - Epoch: [91][120/390] | Time 0.081 (0.084) | Loss 2.4378 | Accs(C/F/R): 99.99/56.25/57.99 | Gain +1.74%
2025-11-19 23:03:09,335 - INFO  - Epoch: [91][140/390] | Time 0.083 (0.084) | Loss 2.4089 | Accs(C/F/R): 99.99/57.04/58.69 | Gain +1.66%
2025-11-19 23:03:10,985 - INFO  - Epoch: [91][160/390] | Time 0.081 (0.084) | Loss 2.4661 | Accs(C/F/R): 99.99/56.06/57.65 | Gain +1.59%
2025-11-19 23:03:12,626 - INFO  - Epoch: [91][180/390] | Time 0.082 (0.084) | Loss 2.4678 | Accs(C/F/R): 99.99/56.16/57.75 | Gain +1.59%
2025-11-19 23:03:14,273 - INFO  - Epoch: [91][200/390] | Time 0.082 (0.084) | Loss 2.4857 | Accs(C/F/R): 99.99/56.04/57.62 | Gain +1.59%
2025-11-19 23:03:15,918 - INFO  - Epoch: [91][220/390] | Time 0.081 (0.083) | Loss 2.4667 | Accs(C/F/R): 99.99/56.42/57.95 | Gain +1.54%
2025-11-19 23:03:17,564 - INFO  - Epoch: [91][240/390] | Time 0.081 (0.083) | Loss 2.4565 | Accs(C/F/R): 99.99/56.55/58.15 | Gain +1.60%
2025-11-19 23:03:19,220 - INFO  - Epoch: [91][260/390] | Time 0.082 (0.083) | Loss 2.4788 | Accs(C/F/R): 99.99/56.20/57.85 | Gain +1.65%
2025-11-19 23:03:20,861 - INFO  - Epoch: [91][280/390] | Time 0.082 (0.083) | Loss 2.5066 | Accs(C/F/R): 99.99/55.75/57.44 | Gain +1.69%
2025-11-19 23:03:22,500 - INFO  - Epoch: [91][300/390] | Time 0.082 (0.083) | Loss 2.5223 | Accs(C/F/R): 99.99/55.51/57.27 | Gain +1.77%
2025-11-19 23:03:24,145 - INFO  - Epoch: [91][320/390] | Time 0.082 (0.083) | Loss 2.5319 | Accs(C/F/R): 99.99/55.32/57.12 | Gain +1.80%
2025-11-19 23:03:25,800 - INFO  - Epoch: [91][340/390] | Time 0.085 (0.083) | Loss 2.5302 | Accs(C/F/R): 99.99/55.30/57.15 | Gain +1.85%
2025-11-19 23:03:27,454 - INFO  - Epoch: [91][360/390] | Time 0.081 (0.083) | Loss 2.5206 | Accs(C/F/R): 99.99/55.42/57.30 | Gain +1.88%
2025-11-19 23:03:29,091 - INFO  - Epoch: [91][380/390] | Time 0.081 (0.083) | Loss 2.5207 | Accs(C/F/R): 99.99/55.38/57.31 | Gain +1.93%
2025-11-19 23:03:29,950 - INFO  - Epoch 91: Train Loss (scheduler metric) = 2.5131
2025-11-19 23:03:29,970 - INFO  - ([91] Epoch) Saving checkpoint to:
             Current: /root/autodl-tmp/retraining-free-quantization/training/alexnet_cifar10_sensitive_stage2/alexnet_cifar10_sensitive_stage2_restorer_checkpoint.pth.tar

2025-11-19 23:03:29,971 - INFO  - >>>>>>>> Epoch  92
2025-11-19 23:03:29,971 - INFO  - [Stage2] Using random BER sampling [1e-2, 1e-1] for each batch at epoch 92
2025-11-19 23:03:29,971 - INFO  - Entered Stage 2 Restorer Training mode for epoch 92.
2025-11-19 23:03:31,872 - INFO  - Epoch: [92][20/390] | Time 0.081 (0.095) | Loss 2.9476 | Accs(C/F/R): 100.00/45.86/48.55 | Gain +2.70%
2025-11-19 23:03:33,514 - INFO  - Epoch: [92][40/390] | Time 0.082 (0.089) | Loss 2.7479 | Accs(C/F/R): 100.00/50.64/53.16 | Gain +2.52%
2025-11-19 23:03:35,168 - INFO  - Epoch: [92][60/390] | Time 0.083 (0.087) | Loss 2.6139 | Accs(C/F/R): 100.00/53.84/56.21 | Gain +2.37%
2025-11-19 23:03:36,812 - INFO  - Epoch: [92][80/390] | Time 0.081 (0.086) | Loss 2.6309 | Accs(C/F/R): 100.00/52.93/55.12 | Gain +2.19%
2025-11-19 23:03:38,464 - INFO  - Epoch: [92][100/390] | Time 0.085 (0.085) | Loss 2.6748 | Accs(C/F/R): 99.99/51.88/54.02 | Gain +2.15%
2025-11-19 23:03:40,113 - INFO  - Epoch: [92][120/390] | Time 0.081 (0.085) | Loss 2.6333 | Accs(C/F/R): 99.99/52.87/54.92 | Gain +2.05%
2025-11-19 23:03:41,765 - INFO  - Epoch: [92][140/390] | Time 0.085 (0.084) | Loss 2.6403 | Accs(C/F/R): 99.99/52.86/54.92 | Gain +2.05%
2025-11-19 23:03:43,438 - INFO  - Epoch: [92][160/390] | Time 0.086 (0.084) | Loss 2.6495 | Accs(C/F/R): 99.99/52.75/54.80 | Gain +2.06%
2025-11-19 23:03:45,095 - INFO  - Epoch: [92][180/390] | Time 0.081 (0.084) | Loss 2.6460 | Accs(C/F/R): 99.99/52.91/55.07 | Gain +2.16%
2025-11-19 23:03:46,749 - INFO  - Epoch: [92][200/390] | Time 0.081 (0.084) | Loss 2.6306 | Accs(C/F/R): 99.99/53.06/55.21 | Gain +2.15%
2025-11-19 23:03:48,393 - INFO  - Epoch: [92][220/390] | Time 0.081 (0.084) | Loss 2.6362 | Accs(C/F/R): 99.99/53.00/55.09 | Gain +2.09%
2025-11-19 23:03:50,051 - INFO  - Epoch: [92][240/390] | Time 0.082 (0.084) | Loss 2.6084 | Accs(C/F/R): 99.99/53.47/55.53 | Gain +2.06%
2025-11-19 23:03:51,688 - INFO  - Epoch: [92][260/390] | Time 0.082 (0.084) | Loss 2.5849 | Accs(C/F/R): 99.99/53.92/55.94 | Gain +2.02%
2025-11-19 23:03:53,323 - INFO  - Epoch: [92][280/390] | Time 0.081 (0.083) | Loss 2.6011 | Accs(C/F/R): 99.99/53.51/55.59 | Gain +2.08%
2025-11-19 23:03:54,966 - INFO  - Epoch: [92][300/390] | Time 0.082 (0.083) | Loss 2.6017 | Accs(C/F/R): 99.99/53.51/55.59 | Gain +2.08%
2025-11-19 23:03:56,630 - INFO  - Epoch: [92][320/390] | Time 0.081 (0.083) | Loss 2.5906 | Accs(C/F/R): 99.99/53.74/55.78 | Gain +2.05%
2025-11-19 23:03:58,276 - INFO  - Epoch: [92][340/390] | Time 0.081 (0.083) | Loss 2.5935 | Accs(C/F/R): 99.99/53.67/55.68 | Gain +2.01%
2025-11-19 23:03:59,912 - INFO  - Epoch: [92][360/390] | Time 0.081 (0.083) | Loss 2.5804 | Accs(C/F/R): 99.99/54.02/55.97 | Gain +1.95%
2025-11-19 23:04:01,538 - INFO  - Epoch: [92][380/390] | Time 0.081 (0.083) | Loss 2.5720 | Accs(C/F/R): 99.99/54.24/56.16 | Gain +1.92%
2025-11-19 23:04:02,394 - INFO  - Epoch 92: Train Loss (scheduler metric) = 2.5686
2025-11-19 23:04:02,413 - INFO  - ([92] Epoch) Saving checkpoint to:
             Current: /root/autodl-tmp/retraining-free-quantization/training/alexnet_cifar10_sensitive_stage2/alexnet_cifar10_sensitive_stage2_restorer_checkpoint.pth.tar

2025-11-19 23:04:02,414 - INFO  - >>>>>>>> Epoch  93
2025-11-19 23:04:02,414 - INFO  - [Stage2] Using random BER sampling [1e-2, 1e-1] for each batch at epoch 93
2025-11-19 23:04:02,414 - INFO  - Entered Stage 2 Restorer Training mode for epoch 93.
2025-11-19 23:04:04,269 - INFO  - Epoch: [93][20/390] | Time 0.082 (0.093) | Loss 2.5823 | Accs(C/F/R): 100.00/53.87/55.27 | Gain +1.41%
2025-11-19 23:04:05,911 - INFO  - Epoch: [93][40/390] | Time 0.082 (0.087) | Loss 2.6620 | Accs(C/F/R): 99.98/52.62/54.39 | Gain +1.78%
2025-11-19 23:04:07,548 - INFO  - Epoch: [93][60/390] | Time 0.081 (0.086) | Loss 2.3667 | Accs(C/F/R): 99.99/58.06/59.83 | Gain +1.77%
2025-11-19 23:04:09,197 - INFO  - Epoch: [93][80/390] | Time 0.082 (0.085) | Loss 2.4864 | Accs(C/F/R): 99.99/55.45/57.26 | Gain +1.81%
2025-11-19 23:04:10,841 - INFO  - Epoch: [93][100/390] | Time 0.083 (0.084) | Loss 2.4611 | Accs(C/F/R): 99.98/56.18/58.04 | Gain +1.86%
2025-11-19 23:04:12,503 - INFO  - Epoch: [93][120/390] | Time 0.082 (0.084) | Loss 2.4698 | Accs(C/F/R): 99.99/55.94/57.77 | Gain +1.83%
2025-11-19 23:04:14,149 - INFO  - Epoch: [93][140/390] | Time 0.081 (0.084) | Loss 2.4691 | Accs(C/F/R): 99.98/56.21/57.98 | Gain +1.77%
2025-11-19 23:04:15,798 - INFO  - Epoch: [93][160/390] | Time 0.082 (0.084) | Loss 2.4944 | Accs(C/F/R): 99.98/55.62/57.46 | Gain +1.83%
2025-11-19 23:04:17,445 - INFO  - Epoch: [93][180/390] | Time 0.082 (0.083) | Loss 2.4792 | Accs(C/F/R): 99.98/55.81/57.63 | Gain +1.82%
2025-11-19 23:04:19,088 - INFO  - Epoch: [93][200/390] | Time 0.081 (0.083) | Loss 2.4965 | Accs(C/F/R): 99.98/55.52/57.44 | Gain +1.92%
2025-11-19 23:04:20,733 - INFO  - Epoch: [93][220/390] | Time 0.081 (0.083) | Loss 2.5027 | Accs(C/F/R): 99.98/55.47/57.49 | Gain +2.03%
2025-11-19 23:04:22,378 - INFO  - Epoch: [93][240/390] | Time 0.082 (0.083) | Loss 2.5133 | Accs(C/F/R): 99.98/55.19/57.30 | Gain +2.11%
2025-11-19 23:04:24,014 - INFO  - Epoch: [93][260/390] | Time 0.086 (0.083) | Loss 2.5409 | Accs(C/F/R): 99.98/54.83/56.97 | Gain +2.15%
2025-11-19 23:04:25,671 - INFO  - Epoch: [93][280/390] | Time 0.084 (0.083) | Loss 2.5222 | Accs(C/F/R): 99.98/55.33/57.47 | Gain +2.14%
2025-11-19 23:04:27,329 - INFO  - Epoch: [93][300/390] | Time 0.082 (0.083) | Loss 2.5362 | Accs(C/F/R): 99.98/55.08/57.21 | Gain +2.13%
2025-11-19 23:04:28,964 - INFO  - Epoch: [93][320/390] | Time 0.082 (0.083) | Loss 2.5350 | Accs(C/F/R): 99.98/55.15/57.29 | Gain +2.14%
2025-11-19 23:04:30,609 - INFO  - Epoch: [93][340/390] | Time 0.081 (0.083) | Loss 2.5180 | Accs(C/F/R): 99.98/55.61/57.73 | Gain +2.12%
2025-11-19 23:04:32,271 - INFO  - Epoch: [93][360/390] | Time 0.081 (0.083) | Loss 2.5069 | Accs(C/F/R): 99.98/55.81/57.96 | Gain +2.15%
2025-11-19 23:04:33,908 - INFO  - Epoch: [93][380/390] | Time 0.084 (0.083) | Loss 2.4978 | Accs(C/F/R): 99.98/56.05/58.16 | Gain +2.11%
2025-11-19 23:04:34,775 - INFO  - Epoch 93: Train Loss (scheduler metric) = 2.4913
2025-11-19 23:04:34,796 - INFO  - ([93] Epoch) Saving checkpoint to:
             Current: /root/autodl-tmp/retraining-free-quantization/training/alexnet_cifar10_sensitive_stage2/alexnet_cifar10_sensitive_stage2_restorer_checkpoint.pth.tar

2025-11-19 23:04:34,796 - INFO  - >>>>>>>> Epoch  94
2025-11-19 23:04:34,796 - INFO  - [Stage2] Using random BER sampling [1e-2, 1e-1] for each batch at epoch 94
2025-11-19 23:04:34,796 - INFO  - Entered Stage 2 Restorer Training mode for epoch 94.
2025-11-19 23:04:36,652 - INFO  - Epoch: [94][20/390] | Time 0.082 (0.093) | Loss 2.7105 | Accs(C/F/R): 100.00/51.05/53.71 | Gain +2.66%
2025-11-19 23:04:38,306 - INFO  - Epoch: [94][40/390] | Time 0.087 (0.088) | Loss 2.7320 | Accs(C/F/R): 100.00/50.84/53.16 | Gain +2.32%
2025-11-19 23:04:39,945 - INFO  - Epoch: [94][60/390] | Time 0.084 (0.086) | Loss 2.6657 | Accs(C/F/R): 100.00/52.01/54.14 | Gain +2.14%
2025-11-19 23:04:41,592 - INFO  - Epoch: [94][80/390] | Time 0.086 (0.085) | Loss 2.6175 | Accs(C/F/R): 100.00/53.36/55.42 | Gain +2.06%
2025-11-19 23:04:43,253 - INFO  - Epoch: [94][100/390] | Time 0.083 (0.085) | Loss 2.5521 | Accs(C/F/R): 100.00/54.16/56.20 | Gain +2.05%
2025-11-19 23:04:44,894 - INFO  - Epoch: [94][120/390] | Time 0.082 (0.084) | Loss 2.5446 | Accs(C/F/R): 100.00/54.40/56.29 | Gain +1.89%
2025-11-19 23:04:46,545 - INFO  - Epoch: [94][140/390] | Time 0.082 (0.084) | Loss 2.5166 | Accs(C/F/R): 100.00/54.81/56.75 | Gain +1.94%
2025-11-19 23:04:48,196 - INFO  - Epoch: [94][160/390] | Time 0.081 (0.084) | Loss 2.5673 | Accs(C/F/R): 100.00/53.83/55.78 | Gain +1.95%
2025-11-19 23:04:49,840 - INFO  - Epoch: [94][180/390] | Time 0.088 (0.084) | Loss 2.5707 | Accs(C/F/R): 100.00/53.89/55.77 | Gain +1.88%
2025-11-19 23:04:51,493 - INFO  - Epoch: [94][200/390] | Time 0.083 (0.083) | Loss 2.5659 | Accs(C/F/R): 100.00/54.18/56.06 | Gain +1.88%
2025-11-19 23:04:53,145 - INFO  - Epoch: [94][220/390] | Time 0.082 (0.083) | Loss 2.5839 | Accs(C/F/R): 100.00/53.87/55.67 | Gain +1.80%
2025-11-19 23:04:54,801 - INFO  - Epoch: [94][240/390] | Time 0.082 (0.083) | Loss 2.5496 | Accs(C/F/R): 100.00/54.41/56.27 | Gain +1.86%
2025-11-19 23:04:56,435 - INFO  - Epoch: [94][260/390] | Time 0.082 (0.083) | Loss 2.5563 | Accs(C/F/R): 100.00/54.41/56.30 | Gain +1.90%
2025-11-19 23:04:58,074 - INFO  - Epoch: [94][280/390] | Time 0.081 (0.083) | Loss 2.5375 | Accs(C/F/R): 100.00/54.68/56.60 | Gain +1.92%
2025-11-19 23:04:59,712 - INFO  - Epoch: [94][300/390] | Time 0.083 (0.083) | Loss 2.5291 | Accs(C/F/R): 100.00/54.90/56.74 | Gain +1.85%
2025-11-19 23:05:01,364 - INFO  - Epoch: [94][320/390] | Time 0.084 (0.083) | Loss 2.5145 | Accs(C/F/R): 100.00/55.31/57.14 | Gain +1.82%
2025-11-19 23:05:03,011 - INFO  - Epoch: [94][340/390] | Time 0.081 (0.083) | Loss 2.5156 | Accs(C/F/R): 100.00/55.33/57.21 | Gain +1.89%
2025-11-19 23:05:04,667 - INFO  - Epoch: [94][360/390] | Time 0.082 (0.083) | Loss 2.5289 | Accs(C/F/R): 100.00/55.02/56.90 | Gain +1.88%
2025-11-19 23:05:06,316 - INFO  - Epoch: [94][380/390] | Time 0.084 (0.083) | Loss 2.5130 | Accs(C/F/R): 100.00/55.32/57.18 | Gain +1.85%
2025-11-19 23:05:07,191 - INFO  - Epoch 94: Train Loss (scheduler metric) = 2.5143
2025-11-19 23:05:07,211 - INFO  - ([94] Epoch) Saving checkpoint to:
             Current: /root/autodl-tmp/retraining-free-quantization/training/alexnet_cifar10_sensitive_stage2/alexnet_cifar10_sensitive_stage2_restorer_checkpoint.pth.tar

2025-11-19 23:05:07,211 - INFO  - >>>>>>>> Epoch  95
2025-11-19 23:05:07,211 - INFO  - [Stage2] Using random BER sampling [1e-2, 1e-1] for each batch at epoch 95
2025-11-19 23:05:07,211 - INFO  - Entered Stage 2 Restorer Training mode for epoch 95.
2025-11-19 23:05:09,096 - INFO  - Epoch: [95][20/390] | Time 0.082 (0.094) | Loss 2.3077 | Accs(C/F/R): 100.00/59.96/61.64 | Gain +1.68%
2025-11-19 23:05:10,746 - INFO  - Epoch: [95][40/390] | Time 0.082 (0.088) | Loss 2.5405 | Accs(C/F/R): 99.98/55.16/57.01 | Gain +1.86%
2025-11-19 23:05:12,395 - INFO  - Epoch: [95][60/390] | Time 0.081 (0.086) | Loss 2.4016 | Accs(C/F/R): 99.99/57.38/59.31 | Gain +1.93%
2025-11-19 23:05:14,037 - INFO  - Epoch: [95][80/390] | Time 0.081 (0.085) | Loss 2.5074 | Accs(C/F/R): 99.99/55.19/57.22 | Gain +2.03%
2025-11-19 23:05:15,681 - INFO  - Epoch: [95][100/390] | Time 0.081 (0.085) | Loss 2.5454 | Accs(C/F/R): 99.99/54.86/56.90 | Gain +2.04%
2025-11-19 23:05:17,317 - INFO  - Epoch: [95][120/390] | Time 0.082 (0.084) | Loss 2.5069 | Accs(C/F/R): 99.99/55.44/57.57 | Gain +2.14%
2025-11-19 23:05:18,955 - INFO  - Epoch: [95][140/390] | Time 0.082 (0.084) | Loss 2.5041 | Accs(C/F/R): 99.99/55.62/57.70 | Gain +2.08%
2025-11-19 23:05:20,603 - INFO  - Epoch: [95][160/390] | Time 0.082 (0.084) | Loss 2.4787 | Accs(C/F/R): 99.99/56.62/58.58 | Gain +1.97%
2025-11-19 23:05:22,269 - INFO  - Epoch: [95][180/390] | Time 0.082 (0.084) | Loss 2.4804 | Accs(C/F/R): 99.99/56.64/58.51 | Gain +1.87%
2025-11-19 23:05:23,906 - INFO  - Epoch: [95][200/390] | Time 0.082 (0.083) | Loss 2.4902 | Accs(C/F/R): 99.99/56.48/58.29 | Gain +1.81%
2025-11-19 23:05:25,560 - INFO  - Epoch: [95][220/390] | Time 0.083 (0.083) | Loss 2.4683 | Accs(C/F/R): 99.99/56.97/58.69 | Gain +1.72%
2025-11-19 23:05:27,208 - INFO  - Epoch: [95][240/390] | Time 0.086 (0.083) | Loss 2.4882 | Accs(C/F/R): 99.99/56.55/58.31 | Gain +1.76%
2025-11-19 23:05:28,866 - INFO  - Epoch: [95][260/390] | Time 0.082 (0.083) | Loss 2.4994 | Accs(C/F/R): 99.99/56.27/58.05 | Gain +1.78%
2025-11-19 23:05:30,511 - INFO  - Epoch: [95][280/390] | Time 0.081 (0.083) | Loss 2.5072 | Accs(C/F/R): 99.99/56.08/57.79 | Gain +1.71%
2025-11-19 23:05:32,163 - INFO  - Epoch: [95][300/390] | Time 0.082 (0.083) | Loss 2.4659 | Accs(C/F/R): 99.99/56.85/58.53 | Gain +1.68%
2025-11-19 23:05:33,808 - INFO  - Epoch: [95][320/390] | Time 0.081 (0.083) | Loss 2.4562 | Accs(C/F/R): 99.99/56.96/58.62 | Gain +1.67%
2025-11-19 23:05:35,450 - INFO  - Epoch: [95][340/390] | Time 0.081 (0.083) | Loss 2.4548 | Accs(C/F/R): 99.99/56.95/58.58 | Gain +1.64%
2025-11-19 23:05:37,102 - INFO  - Epoch: [95][360/390] | Time 0.081 (0.083) | Loss 2.4532 | Accs(C/F/R): 99.99/56.92/58.56 | Gain +1.64%
2025-11-19 23:05:38,755 - INFO  - Epoch: [95][380/390] | Time 0.083 (0.083) | Loss 2.4601 | Accs(C/F/R): 99.99/56.86/58.47 | Gain +1.61%
2025-11-19 23:05:39,629 - INFO  - Epoch 95: Train Loss (scheduler metric) = 2.4592
2025-11-19 23:05:39,650 - INFO  - ([95] Epoch) Saving checkpoint to:
             Current: /root/autodl-tmp/retraining-free-quantization/training/alexnet_cifar10_sensitive_stage2/alexnet_cifar10_sensitive_stage2_restorer_checkpoint.pth.tar

2025-11-19 23:05:39,650 - INFO  - >>>>>>>> Epoch  96
2025-11-19 23:05:39,650 - INFO  - [Stage2] Using random BER sampling [1e-2, 1e-1] for each batch at epoch 96
2025-11-19 23:05:39,650 - INFO  - Entered Stage 2 Restorer Training mode for epoch 96.
2025-11-19 23:05:41,554 - INFO  - Epoch: [96][20/390] | Time 0.082 (0.095) | Loss 2.5710 | Accs(C/F/R): 100.00/56.25/57.66 | Gain +1.41%
2025-11-19 23:05:43,208 - INFO  - Epoch: [96][40/390] | Time 0.086 (0.089) | Loss 2.5251 | Accs(C/F/R): 100.00/55.72/57.87 | Gain +2.15%
2025-11-19 23:05:44,889 - INFO  - Epoch: [96][60/390] | Time 0.082 (0.087) | Loss 2.6652 | Accs(C/F/R): 100.00/52.86/55.12 | Gain +2.25%
2025-11-19 23:05:46,535 - INFO  - Epoch: [96][80/390] | Time 0.082 (0.086) | Loss 2.5750 | Accs(C/F/R): 99.99/54.38/56.43 | Gain +2.05%
2025-11-19 23:05:48,174 - INFO  - Epoch: [96][100/390] | Time 0.081 (0.085) | Loss 2.4890 | Accs(C/F/R): 99.99/55.80/57.84 | Gain +2.03%
2025-11-19 23:05:49,815 - INFO  - Epoch: [96][120/390] | Time 0.081 (0.085) | Loss 2.4707 | Accs(C/F/R): 99.99/56.27/58.20 | Gain +1.93%
2025-11-19 23:05:51,442 - INFO  - Epoch: [96][140/390] | Time 0.081 (0.084) | Loss 2.4506 | Accs(C/F/R): 99.99/56.45/58.64 | Gain +2.20%
2025-11-19 23:05:53,076 - INFO  - Epoch: [96][160/390] | Time 0.085 (0.084) | Loss 2.4425 | Accs(C/F/R): 100.00/56.63/58.64 | Gain +2.01%
2025-11-19 23:05:54,702 - INFO  - Epoch: [96][180/390] | Time 0.082 (0.084) | Loss 2.4805 | Accs(C/F/R): 99.99/56.18/58.18 | Gain +2.00%
2025-11-19 23:05:56,333 - INFO  - Epoch: [96][200/390] | Time 0.081 (0.083) | Loss 2.4810 | Accs(C/F/R): 99.99/56.18/58.20 | Gain +2.02%
2025-11-19 23:05:57,965 - INFO  - Epoch: [96][220/390] | Time 0.082 (0.083) | Loss 2.4768 | Accs(C/F/R): 99.99/56.31/58.22 | Gain +1.92%
2025-11-19 23:05:59,593 - INFO  - Epoch: [96][240/390] | Time 0.081 (0.083) | Loss 2.4880 | Accs(C/F/R): 99.99/56.06/57.95 | Gain +1.89%
2025-11-19 23:06:01,221 - INFO  - Epoch: [96][260/390] | Time 0.082 (0.083) | Loss 2.4850 | Accs(C/F/R): 99.99/56.16/58.08 | Gain +1.92%
2025-11-19 23:06:02,887 - INFO  - Epoch: [96][280/390] | Time 0.084 (0.083) | Loss 2.5017 | Accs(C/F/R): 99.99/55.73/57.65 | Gain +1.92%
2025-11-19 23:06:04,537 - INFO  - Epoch: [96][300/390] | Time 0.084 (0.083) | Loss 2.5046 | Accs(C/F/R): 99.99/55.78/57.69 | Gain +1.92%
2025-11-19 23:06:06,197 - INFO  - Epoch: [96][320/390] | Time 0.081 (0.083) | Loss 2.5092 | Accs(C/F/R): 99.99/55.70/57.68 | Gain +1.98%
2025-11-19 23:06:07,848 - INFO  - Epoch: [96][340/390] | Time 0.082 (0.083) | Loss 2.5246 | Accs(C/F/R): 99.99/55.49/57.51 | Gain +2.02%
2025-11-19 23:06:09,496 - INFO  - Epoch: [96][360/390] | Time 0.082 (0.083) | Loss 2.5479 | Accs(C/F/R): 99.99/55.10/57.10 | Gain +1.99%
2025-11-19 23:06:11,145 - INFO  - Epoch: [96][380/390] | Time 0.081 (0.083) | Loss 2.5433 | Accs(C/F/R): 99.99/55.20/57.20 | Gain +2.00%
2025-11-19 23:06:12,012 - INFO  - Epoch 96: Train Loss (scheduler metric) = 2.5421
2025-11-19 23:06:12,035 - INFO  - ([96] Epoch) Saving checkpoint to:
             Current: /root/autodl-tmp/retraining-free-quantization/training/alexnet_cifar10_sensitive_stage2/alexnet_cifar10_sensitive_stage2_restorer_checkpoint.pth.tar

2025-11-19 23:06:12,035 - INFO  - >>>>>>>> Epoch  97
2025-11-19 23:06:12,035 - INFO  - [Stage2] Using random BER sampling [1e-2, 1e-1] for each batch at epoch 97
2025-11-19 23:06:12,035 - INFO  - Entered Stage 2 Restorer Training mode for epoch 97.
2025-11-19 23:06:13,924 - INFO  - Epoch: [97][20/390] | Time 0.087 (0.094) | Loss 2.6211 | Accs(C/F/R): 100.00/53.48/55.16 | Gain +1.68%
2025-11-19 23:06:15,576 - INFO  - Epoch: [97][40/390] | Time 0.082 (0.088) | Loss 2.6951 | Accs(C/F/R): 100.00/52.36/53.96 | Gain +1.60%
2025-11-19 23:06:17,215 - INFO  - Epoch: [97][60/390] | Time 0.082 (0.086) | Loss 2.6395 | Accs(C/F/R): 99.99/53.16/54.95 | Gain +1.78%
2025-11-19 23:06:18,868 - INFO  - Epoch: [97][80/390] | Time 0.082 (0.085) | Loss 2.5338 | Accs(C/F/R): 99.98/55.33/56.95 | Gain +1.62%
2025-11-19 23:06:20,503 - INFO  - Epoch: [97][100/390] | Time 0.081 (0.085) | Loss 2.5439 | Accs(C/F/R): 99.98/55.07/56.89 | Gain +1.82%
2025-11-19 23:06:22,155 - INFO  - Epoch: [97][120/390] | Time 0.084 (0.084) | Loss 2.5356 | Accs(C/F/R): 99.99/55.20/57.04 | Gain +1.84%
2025-11-19 23:06:23,810 - INFO  - Epoch: [97][140/390] | Time 0.081 (0.084) | Loss 2.5907 | Accs(C/F/R): 99.99/54.17/56.04 | Gain +1.87%
2025-11-19 23:06:25,458 - INFO  - Epoch: [97][160/390] | Time 0.081 (0.084) | Loss 2.5442 | Accs(C/F/R): 99.99/54.98/56.85 | Gain +1.88%
2025-11-19 23:06:27,106 - INFO  - Epoch: [97][180/390] | Time 0.081 (0.084) | Loss 2.5611 | Accs(C/F/R): 99.98/54.65/56.51 | Gain +1.86%
2025-11-19 23:06:28,762 - INFO  - Epoch: [97][200/390] | Time 0.082 (0.084) | Loss 2.5919 | Accs(C/F/R): 99.98/53.94/55.79 | Gain +1.85%
2025-11-19 23:06:30,401 - INFO  - Epoch: [97][220/390] | Time 0.082 (0.083) | Loss 2.5796 | Accs(C/F/R): 99.99/54.13/55.94 | Gain +1.81%
2025-11-19 23:06:32,067 - INFO  - Epoch: [97][240/390] | Time 0.085 (0.083) | Loss 2.5748 | Accs(C/F/R): 99.98/54.31/56.09 | Gain +1.77%
2025-11-19 23:06:33,720 - INFO  - Epoch: [97][260/390] | Time 0.083 (0.083) | Loss 2.5566 | Accs(C/F/R): 99.98/54.63/56.46 | Gain +1.83%
2025-11-19 23:06:35,365 - INFO  - Epoch: [97][280/390] | Time 0.083 (0.083) | Loss 2.5574 | Accs(C/F/R): 99.98/54.61/56.43 | Gain +1.83%
2025-11-19 23:06:37,019 - INFO  - Epoch: [97][300/390] | Time 0.082 (0.083) | Loss 2.5651 | Accs(C/F/R): 99.98/54.50/56.32 | Gain +1.82%
2025-11-19 23:06:38,665 - INFO  - Epoch: [97][320/390] | Time 0.082 (0.083) | Loss 2.5728 | Accs(C/F/R): 99.98/54.33/56.21 | Gain +1.88%
2025-11-19 23:06:40,318 - INFO  - Epoch: [97][340/390] | Time 0.081 (0.083) | Loss 2.5644 | Accs(C/F/R): 99.98/54.60/56.51 | Gain +1.91%
2025-11-19 23:06:41,967 - INFO  - Epoch: [97][360/390] | Time 0.082 (0.083) | Loss 2.5453 | Accs(C/F/R): 99.98/55.00/56.88 | Gain +1.88%
2025-11-19 23:06:43,646 - INFO  - Epoch: [97][380/390] | Time 0.084 (0.083) | Loss 2.5481 | Accs(C/F/R): 99.99/54.92/56.81 | Gain +1.90%
2025-11-19 23:06:44,520 - INFO  - Epoch 97: Train Loss (scheduler metric) = 2.5538
2025-11-19 23:06:44,540 - INFO  - ([97] Epoch) Saving checkpoint to:
             Current: /root/autodl-tmp/retraining-free-quantization/training/alexnet_cifar10_sensitive_stage2/alexnet_cifar10_sensitive_stage2_restorer_checkpoint.pth.tar

2025-11-19 23:06:44,541 - INFO  - >>>>>>>> Epoch  98
2025-11-19 23:06:44,541 - INFO  - [Stage2] Using random BER sampling [1e-2, 1e-1] for each batch at epoch 98
2025-11-19 23:06:44,541 - INFO  - Entered Stage 2 Restorer Training mode for epoch 98.
2025-11-19 23:06:46,443 - INFO  - Epoch: [98][20/390] | Time 0.085 (0.095) | Loss 2.1493 | Accs(C/F/R): 100.00/63.48/64.65 | Gain +1.17%
2025-11-19 23:06:48,095 - INFO  - Epoch: [98][40/390] | Time 0.081 (0.089) | Loss 2.3574 | Accs(C/F/R): 100.00/59.20/60.82 | Gain +1.62%
2025-11-19 23:06:49,751 - INFO  - Epoch: [98][60/390] | Time 0.081 (0.087) | Loss 2.4735 | Accs(C/F/R): 100.00/56.47/57.89 | Gain +1.42%
2025-11-19 23:06:51,396 - INFO  - Epoch: [98][80/390] | Time 0.082 (0.086) | Loss 2.4598 | Accs(C/F/R): 100.00/56.68/58.52 | Gain +1.84%
2025-11-19 23:06:53,042 - INFO  - Epoch: [98][100/390] | Time 0.082 (0.085) | Loss 2.4769 | Accs(C/F/R): 100.00/56.12/58.12 | Gain +2.01%
2025-11-19 23:06:54,704 - INFO  - Epoch: [98][120/390] | Time 0.083 (0.085) | Loss 2.4661 | Accs(C/F/R): 100.00/56.48/58.45 | Gain +1.97%
2025-11-19 23:06:56,351 - INFO  - Epoch: [98][140/390] | Time 0.083 (0.084) | Loss 2.4633 | Accs(C/F/R): 99.99/56.28/58.35 | Gain +2.07%
2025-11-19 23:06:58,027 - INFO  - Epoch: [98][160/390] | Time 0.084 (0.084) | Loss 2.5157 | Accs(C/F/R): 100.00/55.46/57.64 | Gain +2.18%
2025-11-19 23:06:59,711 - INFO  - Epoch: [98][180/390] | Time 0.085 (0.084) | Loss 2.5028 | Accs(C/F/R): 100.00/55.71/57.83 | Gain +2.12%
2025-11-19 23:07:01,363 - INFO  - Epoch: [98][200/390] | Time 0.082 (0.084) | Loss 2.4865 | Accs(C/F/R): 100.00/56.24/58.27 | Gain +2.03%
2025-11-19 23:07:03,017 - INFO  - Epoch: [98][220/390] | Time 0.087 (0.084) | Loss 2.4856 | Accs(C/F/R): 100.00/56.20/58.15 | Gain +1.95%
2025-11-19 23:07:04,675 - INFO  - Epoch: [98][240/390] | Time 0.089 (0.084) | Loss 2.4920 | Accs(C/F/R): 100.00/56.04/58.05 | Gain +2.01%
2025-11-19 23:07:06,323 - INFO  - Epoch: [98][260/390] | Time 0.081 (0.084) | Loss 2.4981 | Accs(C/F/R): 100.00/55.93/57.93 | Gain +2.01%
2025-11-19 23:07:07,967 - INFO  - Epoch: [98][280/390] | Time 0.081 (0.084) | Loss 2.4927 | Accs(C/F/R): 100.00/56.07/58.11 | Gain +2.04%
2025-11-19 23:07:09,613 - INFO  - Epoch: [98][300/390] | Time 0.082 (0.084) | Loss 2.5097 | Accs(C/F/R): 100.00/55.80/57.84 | Gain +2.04%
2025-11-19 23:07:11,279 - INFO  - Epoch: [98][320/390] | Time 0.081 (0.084) | Loss 2.5265 | Accs(C/F/R): 100.00/55.51/57.56 | Gain +2.05%
2025-11-19 23:07:12,923 - INFO  - Epoch: [98][340/390] | Time 0.082 (0.083) | Loss 2.5341 | Accs(C/F/R): 100.00/55.32/57.40 | Gain +2.08%
2025-11-19 23:07:14,556 - INFO  - Epoch: [98][360/390] | Time 0.082 (0.083) | Loss 2.5222 | Accs(C/F/R): 100.00/55.44/57.53 | Gain +2.09%
2025-11-19 23:07:16,203 - INFO  - Epoch: [98][380/390] | Time 0.087 (0.083) | Loss 2.5430 | Accs(C/F/R): 100.00/55.12/57.25 | Gain +2.13%
2025-11-19 23:07:17,071 - INFO  - Epoch 98: Train Loss (scheduler metric) = 2.5366
2025-11-19 23:07:17,091 - INFO  - ([98] Epoch) Saving checkpoint to:
             Current: /root/autodl-tmp/retraining-free-quantization/training/alexnet_cifar10_sensitive_stage2/alexnet_cifar10_sensitive_stage2_restorer_checkpoint.pth.tar

2025-11-19 23:07:17,091 - INFO  - >>>>>>>> Epoch  99
2025-11-19 23:07:17,092 - INFO  - [Stage2] Using random BER sampling [1e-2, 1e-1] for each batch at epoch 99
2025-11-19 23:07:17,092 - INFO  - Entered Stage 2 Restorer Training mode for epoch 99.
2025-11-19 23:07:18,965 - INFO  - Epoch: [99][20/390] | Time 0.086 (0.094) | Loss 1.9168 | Accs(C/F/R): 99.96/66.33/69.02 | Gain +2.70%
2025-11-19 23:07:20,616 - INFO  - Epoch: [99][40/390] | Time 0.082 (0.088) | Loss 2.2472 | Accs(C/F/R): 99.98/59.55/62.09 | Gain +2.54%
2025-11-19 23:07:22,263 - INFO  - Epoch: [99][60/390] | Time 0.083 (0.086) | Loss 2.2274 | Accs(C/F/R): 99.99/60.20/62.67 | Gain +2.47%
2025-11-19 23:07:23,900 - INFO  - Epoch: [99][80/390] | Time 0.084 (0.085) | Loss 2.2182 | Accs(C/F/R): 99.99/60.32/62.68 | Gain +2.35%
2025-11-19 23:07:25,559 - INFO  - Epoch: [99][100/390] | Time 0.082 (0.085) | Loss 2.2150 | Accs(C/F/R): 99.99/60.62/62.73 | Gain +2.10%
2025-11-19 23:07:27,202 - INFO  - Epoch: [99][120/390] | Time 0.082 (0.084) | Loss 2.2643 | Accs(C/F/R): 99.99/59.82/61.88 | Gain +2.05%
2025-11-19 23:07:28,835 - INFO  - Epoch: [99][140/390] | Time 0.081 (0.084) | Loss 2.3383 | Accs(C/F/R): 99.99/58.49/60.60 | Gain +2.11%
2025-11-19 23:07:30,501 - INFO  - Epoch: [99][160/390] | Time 0.082 (0.084) | Loss 2.3636 | Accs(C/F/R): 100.00/57.95/60.15 | Gain +2.19%
2025-11-19 23:07:32,155 - INFO  - Epoch: [99][180/390] | Time 0.081 (0.084) | Loss 2.3837 | Accs(C/F/R): 100.00/57.74/59.78 | Gain +2.04%
2025-11-19 23:07:33,786 - INFO  - Epoch: [99][200/390] | Time 0.082 (0.083) | Loss 2.3993 | Accs(C/F/R): 100.00/57.30/59.43 | Gain +2.13%
2025-11-19 23:07:35,429 - INFO  - Epoch: [99][220/390] | Time 0.081 (0.083) | Loss 2.3796 | Accs(C/F/R): 100.00/57.67/59.92 | Gain +2.25%
2025-11-19 23:07:37,084 - INFO  - Epoch: [99][240/390] | Time 0.084 (0.083) | Loss 2.3663 | Accs(C/F/R): 99.99/57.93/60.20 | Gain +2.27%
2025-11-19 23:07:38,738 - INFO  - Epoch: [99][260/390] | Time 0.082 (0.083) | Loss 2.3652 | Accs(C/F/R): 99.99/57.92/60.12 | Gain +2.20%
2025-11-19 23:07:40,378 - INFO  - Epoch: [99][280/390] | Time 0.081 (0.083) | Loss 2.3734 | Accs(C/F/R): 99.99/57.96/60.11 | Gain +2.15%
2025-11-19 23:07:42,012 - INFO  - Epoch: [99][300/390] | Time 0.082 (0.083) | Loss 2.3823 | Accs(C/F/R): 99.99/57.84/59.99 | Gain +2.15%
2025-11-19 23:07:43,635 - INFO  - Epoch: [99][320/390] | Time 0.081 (0.083) | Loss 2.3700 | Accs(C/F/R): 100.00/58.05/60.14 | Gain +2.09%
2025-11-19 23:07:45,281 - INFO  - Epoch: [99][340/390] | Time 0.082 (0.083) | Loss 2.3726 | Accs(C/F/R): 100.00/57.93/60.06 | Gain +2.13%
2025-11-19 23:07:46,924 - INFO  - Epoch: [99][360/390] | Time 0.081 (0.083) | Loss 2.3761 | Accs(C/F/R): 100.00/57.81/59.95 | Gain +2.15%
2025-11-19 23:07:48,555 - INFO  - Epoch: [99][380/390] | Time 0.081 (0.083) | Loss 2.3941 | Accs(C/F/R): 100.00/57.59/59.73 | Gain +2.14%
2025-11-19 23:07:49,408 - INFO  - Epoch 99: Train Loss (scheduler metric) = 2.3921
2025-11-19 23:07:49,429 - INFO  - ([99] Epoch) Saving checkpoint to:
             Current: /root/autodl-tmp/retraining-free-quantization/training/alexnet_cifar10_sensitive_stage2/alexnet_cifar10_sensitive_stage2_restorer_checkpoint.pth.tar

2025-11-19 23:07:49,429 - INFO  - >>>>>>>> Epoch 100
2025-11-19 23:07:49,429 - INFO  - [Stage2] Using random BER sampling [1e-2, 1e-1] for each batch at epoch 100
2025-11-19 23:07:49,429 - INFO  - Entered Stage 2 Restorer Training mode for epoch 100.
2025-11-19 23:07:51,293 - INFO  - Epoch: [100][20/390] | Time 0.081 (0.093) | Loss 2.3872 | Accs(C/F/R): 100.00/57.66/59.96 | Gain +2.30%
2025-11-19 23:07:52,955 - INFO  - Epoch: [100][40/390] | Time 0.081 (0.088) | Loss 2.4958 | Accs(C/F/R): 100.00/54.84/57.36 | Gain +2.52%
2025-11-19 23:07:54,615 - INFO  - Epoch: [100][60/390] | Time 0.081 (0.086) | Loss 2.6312 | Accs(C/F/R): 100.00/52.86/55.33 | Gain +2.46%
2025-11-19 23:07:56,264 - INFO  - Epoch: [100][80/390] | Time 0.085 (0.085) | Loss 2.5431 | Accs(C/F/R): 100.00/54.75/57.11 | Gain +2.36%
2025-11-19 23:07:57,924 - INFO  - Epoch: [100][100/390] | Time 0.082 (0.085) | Loss 2.5643 | Accs(C/F/R): 99.99/54.44/56.73 | Gain +2.29%
2025-11-19 23:07:59,574 - INFO  - Epoch: [100][120/390] | Time 0.083 (0.085) | Loss 2.5764 | Accs(C/F/R): 99.99/54.09/56.49 | Gain +2.40%
2025-11-19 23:08:01,225 - INFO  - Epoch: [100][140/390] | Time 0.082 (0.084) | Loss 2.6042 | Accs(C/F/R): 99.99/53.69/56.12 | Gain +2.43%
2025-11-19 23:08:02,881 - INFO  - Epoch: [100][160/390] | Time 0.082 (0.084) | Loss 2.5940 | Accs(C/F/R): 100.00/53.83/56.20 | Gain +2.36%
2025-11-19 23:08:04,530 - INFO  - Epoch: [100][180/390] | Time 0.082 (0.084) | Loss 2.5734 | Accs(C/F/R): 99.99/54.27/56.64 | Gain +2.37%
2025-11-19 23:08:06,182 - INFO  - Epoch: [100][200/390] | Time 0.082 (0.084) | Loss 2.5938 | Accs(C/F/R): 99.99/53.77/56.19 | Gain +2.42%
2025-11-19 23:08:07,832 - INFO  - Epoch: [100][220/390] | Time 0.081 (0.084) | Loss 2.6057 | Accs(C/F/R): 99.99/53.58/55.99 | Gain +2.41%
2025-11-19 23:08:09,498 - INFO  - Epoch: [100][240/390] | Time 0.083 (0.084) | Loss 2.6092 | Accs(C/F/R): 99.99/53.58/55.97 | Gain +2.38%
2025-11-19 23:08:11,162 - INFO  - Epoch: [100][260/390] | Time 0.084 (0.084) | Loss 2.6007 | Accs(C/F/R): 99.99/53.81/56.18 | Gain +2.37%
2025-11-19 23:08:12,838 - INFO  - Epoch: [100][280/390] | Time 0.090 (0.084) | Loss 2.5766 | Accs(C/F/R): 99.99/54.15/56.49 | Gain +2.34%
2025-11-19 23:08:14,529 - INFO  - Epoch: [100][300/390] | Time 0.084 (0.084) | Loss 2.5516 | Accs(C/F/R): 99.99/54.66/56.93 | Gain +2.27%
2025-11-19 23:08:16,206 - INFO  - Epoch: [100][320/390] | Time 0.086 (0.084) | Loss 2.5643 | Accs(C/F/R): 99.99/54.56/56.77 | Gain +2.22%
2025-11-19 23:08:17,887 - INFO  - Epoch: [100][340/390] | Time 0.083 (0.084) | Loss 2.5667 | Accs(C/F/R): 99.99/54.49/56.75 | Gain +2.26%
2025-11-19 23:08:19,575 - INFO  - Epoch: [100][360/390] | Time 0.086 (0.084) | Loss 2.5760 | Accs(C/F/R): 99.99/54.19/56.45 | Gain +2.26%
2025-11-19 23:08:21,266 - INFO  - Epoch: [100][380/390] | Time 0.085 (0.084) | Loss 2.5779 | Accs(C/F/R): 99.99/54.16/56.39 | Gain +2.24%
2025-11-19 23:08:22,146 - INFO  - Epoch 100: Train Loss (scheduler metric) = 2.5828
2025-11-19 23:08:22,166 - INFO  - ([100] Epoch) Saving checkpoint to:
             Current: /root/autodl-tmp/retraining-free-quantization/training/alexnet_cifar10_sensitive_stage2/alexnet_cifar10_sensitive_stage2_restorer_checkpoint.pth.tar

2025-11-19 23:08:22,166 - INFO  - >>>>>>>> Epoch 101
2025-11-19 23:08:22,166 - INFO  - [Stage2] Using random BER sampling [1e-2, 1e-1] for each batch at epoch 101
2025-11-19 23:08:22,166 - INFO  - Entered Stage 2 Restorer Training mode for epoch 101.
2025-11-19 23:08:24,107 - INFO  - Epoch: [101][20/390] | Time 0.084 (0.097) | Loss 2.9280 | Accs(C/F/R): 100.00/49.45/51.02 | Gain +1.56%
2025-11-19 23:08:25,800 - INFO  - Epoch: [101][40/390] | Time 0.083 (0.091) | Loss 2.8277 | Accs(C/F/R): 100.00/50.04/52.09 | Gain +2.05%
2025-11-19 23:08:27,455 - INFO  - Epoch: [101][60/390] | Time 0.083 (0.088) | Loss 2.7609 | Accs(C/F/R): 99.97/50.92/53.55 | Gain +2.63%
2025-11-19 23:08:29,125 - INFO  - Epoch: [101][80/390] | Time 0.083 (0.087) | Loss 2.6886 | Accs(C/F/R): 99.98/52.00/54.90 | Gain +2.90%
2025-11-19 23:08:30,773 - INFO  - Epoch: [101][100/390] | Time 0.082 (0.086) | Loss 2.7026 | Accs(C/F/R): 99.98/51.81/54.71 | Gain +2.90%
2025-11-19 23:08:32,419 - INFO  - Epoch: [101][120/390] | Time 0.082 (0.085) | Loss 2.7030 | Accs(C/F/R): 99.99/51.89/54.66 | Gain +2.77%
2025-11-19 23:08:34,067 - INFO  - Epoch: [101][140/390] | Time 0.082 (0.085) | Loss 2.6694 | Accs(C/F/R): 99.99/52.28/55.09 | Gain +2.82%
2025-11-19 23:08:35,727 - INFO  - Epoch: [101][160/390] | Time 0.084 (0.085) | Loss 2.6561 | Accs(C/F/R): 99.99/52.65/55.40 | Gain +2.75%
2025-11-19 23:08:37,386 - INFO  - Epoch: [101][180/390] | Time 0.083 (0.085) | Loss 2.6523 | Accs(C/F/R): 99.99/52.82/55.58 | Gain +2.76%
2025-11-19 23:08:39,031 - INFO  - Epoch: [101][200/390] | Time 0.082 (0.084) | Loss 2.6642 | Accs(C/F/R): 99.99/52.46/55.25 | Gain +2.79%
2025-11-19 23:08:40,684 - INFO  - Epoch: [101][220/390] | Time 0.084 (0.084) | Loss 2.6563 | Accs(C/F/R): 99.99/52.62/55.37 | Gain +2.74%
2025-11-19 23:08:42,337 - INFO  - Epoch: [101][240/390] | Time 0.082 (0.084) | Loss 2.6450 | Accs(C/F/R): 99.99/52.93/55.66 | Gain +2.73%
2025-11-19 23:08:44,003 - INFO  - Epoch: [101][260/390] | Time 0.082 (0.084) | Loss 2.6342 | Accs(C/F/R): 99.99/53.19/55.84 | Gain +2.65%
2025-11-19 23:08:45,668 - INFO  - Epoch: [101][280/390] | Time 0.082 (0.084) | Loss 2.6247 | Accs(C/F/R): 99.99/53.28/55.90 | Gain +2.62%
2025-11-19 23:08:47,328 - INFO  - Epoch: [101][300/390] | Time 0.082 (0.084) | Loss 2.6293 | Accs(C/F/R): 99.99/53.08/55.72 | Gain +2.65%
2025-11-19 23:08:48,974 - INFO  - Epoch: [101][320/390] | Time 0.084 (0.084) | Loss 2.6108 | Accs(C/F/R): 99.99/53.44/56.06 | Gain +2.62%
2025-11-19 23:08:50,621 - INFO  - Epoch: [101][340/390] | Time 0.082 (0.084) | Loss 2.6110 | Accs(C/F/R): 99.99/53.54/56.11 | Gain +2.57%
2025-11-19 23:08:52,267 - INFO  - Epoch: [101][360/390] | Time 0.083 (0.084) | Loss 2.5894 | Accs(C/F/R): 99.99/53.89/56.41 | Gain +2.52%
2025-11-19 23:08:53,925 - INFO  - Epoch: [101][380/390] | Time 0.082 (0.084) | Loss 2.5511 | Accs(C/F/R): 99.99/54.57/57.01 | Gain +2.44%
2025-11-19 23:08:54,792 - INFO  - Epoch 101: Train Loss (scheduler metric) = 2.5565
2025-11-19 23:08:54,812 - INFO  - ([101] Epoch) Saving checkpoint to:
             Current: /root/autodl-tmp/retraining-free-quantization/training/alexnet_cifar10_sensitive_stage2/alexnet_cifar10_sensitive_stage2_restorer_checkpoint.pth.tar

2025-11-19 23:08:54,812 - INFO  - >>>>>>>> Epoch 102
2025-11-19 23:08:54,812 - INFO  - [Stage2] Using random BER sampling [1e-2, 1e-1] for each batch at epoch 102
2025-11-19 23:08:54,812 - INFO  - Entered Stage 2 Restorer Training mode for epoch 102.
2025-11-19 23:08:56,681 - INFO  - Epoch: [102][20/390] | Time 0.082 (0.093) | Loss 2.3052 | Accs(C/F/R): 100.00/61.99/63.44 | Gain +1.45%
2025-11-19 23:08:58,339 - INFO  - Epoch: [102][40/390] | Time 0.082 (0.088) | Loss 2.5116 | Accs(C/F/R): 100.00/56.56/58.38 | Gain +1.82%
2025-11-19 23:09:00,014 - INFO  - Epoch: [102][60/390] | Time 0.085 (0.087) | Loss 2.6098 | Accs(C/F/R): 100.00/54.09/56.47 | Gain +2.38%
2025-11-19 23:09:01,679 - INFO  - Epoch: [102][80/390] | Time 0.083 (0.086) | Loss 2.5365 | Accs(C/F/R): 99.99/55.04/57.33 | Gain +2.29%
2025-11-19 23:09:03,345 - INFO  - Epoch: [102][100/390] | Time 0.082 (0.085) | Loss 2.5334 | Accs(C/F/R): 99.99/55.14/57.41 | Gain +2.27%
2025-11-19 23:09:04,989 - INFO  - Epoch: [102][120/390] | Time 0.082 (0.085) | Loss 2.5963 | Accs(C/F/R): 99.99/54.17/56.39 | Gain +2.23%
2025-11-19 23:09:06,633 - INFO  - Epoch: [102][140/390] | Time 0.082 (0.084) | Loss 2.5802 | Accs(C/F/R): 99.99/54.27/56.57 | Gain +2.30%
2025-11-19 23:09:08,285 - INFO  - Epoch: [102][160/390] | Time 0.081 (0.084) | Loss 2.5860 | Accs(C/F/R): 99.99/53.97/56.25 | Gain +2.28%
2025-11-19 23:09:09,926 - INFO  - Epoch: [102][180/390] | Time 0.083 (0.084) | Loss 2.5816 | Accs(C/F/R): 99.99/54.06/56.38 | Gain +2.32%
2025-11-19 23:09:11,596 - INFO  - Epoch: [102][200/390] | Time 0.081 (0.084) | Loss 2.5732 | Accs(C/F/R): 99.99/54.31/56.61 | Gain +2.30%
2025-11-19 23:09:13,249 - INFO  - Epoch: [102][220/390] | Time 0.082 (0.084) | Loss 2.5679 | Accs(C/F/R): 99.99/54.52/56.83 | Gain +2.31%
2025-11-19 23:09:14,926 - INFO  - Epoch: [102][240/390] | Time 0.081 (0.084) | Loss 2.5503 | Accs(C/F/R): 99.99/55.02/57.27 | Gain +2.26%
2025-11-19 23:09:16,589 - INFO  - Epoch: [102][260/390] | Time 0.082 (0.084) | Loss 2.5401 | Accs(C/F/R): 99.99/55.18/57.47 | Gain +2.29%
2025-11-19 23:09:18,234 - INFO  - Epoch: [102][280/390] | Time 0.081 (0.084) | Loss 2.5552 | Accs(C/F/R): 99.99/55.13/57.36 | Gain +2.23%
2025-11-19 23:09:19,870 - INFO  - Epoch: [102][300/390] | Time 0.082 (0.084) | Loss 2.5674 | Accs(C/F/R): 99.99/55.01/57.16 | Gain +2.15%
2025-11-19 23:09:21,528 - INFO  - Epoch: [102][320/390] | Time 0.082 (0.083) | Loss 2.5451 | Accs(C/F/R): 100.00/55.38/57.51 | Gain +2.14%
2025-11-19 23:09:23,185 - INFO  - Epoch: [102][340/390] | Time 0.081 (0.083) | Loss 2.5361 | Accs(C/F/R): 100.00/55.60/57.75 | Gain +2.15%
2025-11-19 23:09:24,833 - INFO  - Epoch: [102][360/390] | Time 0.081 (0.083) | Loss 2.5423 | Accs(C/F/R): 100.00/55.40/57.55 | Gain +2.16%
2025-11-19 23:09:26,498 - INFO  - Epoch: [102][380/390] | Time 0.081 (0.083) | Loss 2.5214 | Accs(C/F/R): 100.00/55.82/57.96 | Gain +2.13%
2025-11-19 23:09:27,364 - INFO  - Epoch 102: Train Loss (scheduler metric) = 2.5161
2025-11-19 23:09:27,387 - INFO  - ([102] Epoch) Saving checkpoint to:
             Current: /root/autodl-tmp/retraining-free-quantization/training/alexnet_cifar10_sensitive_stage2/alexnet_cifar10_sensitive_stage2_restorer_checkpoint.pth.tar

2025-11-19 23:09:27,388 - INFO  - >>>>>>>> Epoch 103
2025-11-19 23:09:27,388 - INFO  - [Stage2] Using random BER sampling [1e-2, 1e-1] for each batch at epoch 103
2025-11-19 23:09:27,388 - INFO  - Entered Stage 2 Restorer Training mode for epoch 103.
2025-11-19 23:09:29,262 - INFO  - Epoch: [103][20/390] | Time 0.081 (0.094) | Loss 2.7455 | Accs(C/F/R): 100.00/50.04/52.34 | Gain +2.30%
2025-11-19 23:09:30,893 - INFO  - Epoch: [103][40/390] | Time 0.083 (0.088) | Loss 2.7516 | Accs(C/F/R): 100.00/49.98/52.58 | Gain +2.60%
2025-11-19 23:09:32,517 - INFO  - Epoch: [103][60/390] | Time 0.081 (0.085) | Loss 2.6368 | Accs(C/F/R): 100.00/52.86/55.35 | Gain +2.49%
2025-11-19 23:09:34,143 - INFO  - Epoch: [103][80/390] | Time 0.081 (0.084) | Loss 2.6586 | Accs(C/F/R): 100.00/52.76/55.27 | Gain +2.51%
2025-11-19 23:09:35,784 - INFO  - Epoch: [103][100/390] | Time 0.082 (0.084) | Loss 2.5974 | Accs(C/F/R): 99.99/53.87/56.46 | Gain +2.59%
2025-11-19 23:09:37,417 - INFO  - Epoch: [103][120/390] | Time 0.082 (0.084) | Loss 2.5387 | Accs(C/F/R): 99.99/54.90/57.35 | Gain +2.45%
2025-11-19 23:09:39,054 - INFO  - Epoch: [103][140/390] | Time 0.082 (0.083) | Loss 2.5553 | Accs(C/F/R): 99.99/54.78/57.16 | Gain +2.38%
2025-11-19 23:09:40,689 - INFO  - Epoch: [103][160/390] | Time 0.081 (0.083) | Loss 2.5376 | Accs(C/F/R): 100.00/54.95/57.32 | Gain +2.37%
2025-11-19 23:09:42,335 - INFO  - Epoch: [103][180/390] | Time 0.083 (0.083) | Loss 2.5165 | Accs(C/F/R): 100.00/55.30/57.69 | Gain +2.39%
2025-11-19 23:09:43,989 - INFO  - Epoch: [103][200/390] | Time 0.082 (0.083) | Loss 2.5135 | Accs(C/F/R): 100.00/55.54/57.83 | Gain +2.29%
2025-11-19 23:09:45,642 - INFO  - Epoch: [103][220/390] | Time 0.082 (0.083) | Loss 2.5296 | Accs(C/F/R): 100.00/55.22/57.45 | Gain +2.23%
2025-11-19 23:09:47,292 - INFO  - Epoch: [103][240/390] | Time 0.085 (0.083) | Loss 2.5208 | Accs(C/F/R): 99.99/55.39/57.59 | Gain +2.20%
2025-11-19 23:09:48,939 - INFO  - Epoch: [103][260/390] | Time 0.082 (0.083) | Loss 2.5556 | Accs(C/F/R): 99.99/54.64/56.82 | Gain +2.18%
2025-11-19 23:09:50,588 - INFO  - Epoch: [103][280/390] | Time 0.082 (0.083) | Loss 2.5413 | Accs(C/F/R): 99.99/55.00/57.17 | Gain +2.17%
2025-11-19 23:09:52,242 - INFO  - Epoch: [103][300/390] | Time 0.082 (0.083) | Loss 2.5409 | Accs(C/F/R): 99.99/55.00/57.16 | Gain +2.16%
2025-11-19 23:09:53,893 - INFO  - Epoch: [103][320/390] | Time 0.082 (0.083) | Loss 2.5461 | Accs(C/F/R): 99.99/54.86/57.00 | Gain +2.14%
2025-11-19 23:09:55,542 - INFO  - Epoch: [103][340/390] | Time 0.082 (0.083) | Loss 2.5418 | Accs(C/F/R): 99.99/54.91/56.99 | Gain +2.08%
2025-11-19 23:09:57,194 - INFO  - Epoch: [103][360/390] | Time 0.082 (0.083) | Loss 2.5490 | Accs(C/F/R): 99.99/54.83/56.95 | Gain +2.12%
2025-11-19 23:09:58,851 - INFO  - Epoch: [103][380/390] | Time 0.082 (0.083) | Loss 2.5471 | Accs(C/F/R): 99.99/54.92/57.00 | Gain +2.08%
2025-11-19 23:09:59,724 - INFO  - Epoch 103: Train Loss (scheduler metric) = 2.5455
2025-11-19 23:09:59,745 - INFO  - ([103] Epoch) Saving checkpoint to:
             Current: /root/autodl-tmp/retraining-free-quantization/training/alexnet_cifar10_sensitive_stage2/alexnet_cifar10_sensitive_stage2_restorer_checkpoint.pth.tar

2025-11-19 23:09:59,745 - INFO  - >>>>>>>> Epoch 104
2025-11-19 23:09:59,745 - INFO  - [Stage2] Using random BER sampling [1e-2, 1e-1] for each batch at epoch 104
2025-11-19 23:09:59,745 - INFO  - Entered Stage 2 Restorer Training mode for epoch 104.
2025-11-19 23:10:01,636 - INFO  - Epoch: [104][20/390] | Time 0.082 (0.095) | Loss 2.5859 | Accs(C/F/R): 100.00/55.08/56.64 | Gain +1.56%
2025-11-19 23:10:03,279 - INFO  - Epoch: [104][40/390] | Time 0.081 (0.088) | Loss 2.5901 | Accs(C/F/R): 100.00/54.53/56.45 | Gain +1.91%
2025-11-19 23:10:04,948 - INFO  - Epoch: [104][60/390] | Time 0.084 (0.087) | Loss 2.6636 | Accs(C/F/R): 100.00/53.39/55.59 | Gain +2.20%
2025-11-19 23:10:06,603 - INFO  - Epoch: [104][80/390] | Time 0.082 (0.086) | Loss 2.6682 | Accs(C/F/R): 100.00/52.99/55.25 | Gain +2.27%
2025-11-19 23:10:08,243 - INFO  - Epoch: [104][100/390] | Time 0.082 (0.085) | Loss 2.6269 | Accs(C/F/R): 100.00/53.43/55.84 | Gain +2.41%
2025-11-19 23:10:09,883 - INFO  - Epoch: [104][120/390] | Time 0.082 (0.084) | Loss 2.6556 | Accs(C/F/R): 100.00/53.02/55.49 | Gain +2.47%
2025-11-19 23:10:11,538 - INFO  - Epoch: [104][140/390] | Time 0.082 (0.084) | Loss 2.6299 | Accs(C/F/R): 100.00/53.37/55.75 | Gain +2.38%
2025-11-19 23:10:13,189 - INFO  - Epoch: [104][160/390] | Time 0.083 (0.084) | Loss 2.6336 | Accs(C/F/R): 99.99/53.29/55.68 | Gain +2.39%
2025-11-19 23:10:14,835 - INFO  - Epoch: [104][180/390] | Time 0.081 (0.084) | Loss 2.6097 | Accs(C/F/R): 99.99/53.67/56.05 | Gain +2.39%
2025-11-19 23:10:16,484 - INFO  - Epoch: [104][200/390] | Time 0.084 (0.084) | Loss 2.6299 | Accs(C/F/R): 99.99/53.29/55.73 | Gain +2.44%
2025-11-19 23:10:18,129 - INFO  - Epoch: [104][220/390] | Time 0.081 (0.084) | Loss 2.6348 | Accs(C/F/R): 99.99/53.21/55.60 | Gain +2.39%
2025-11-19 23:10:19,765 - INFO  - Epoch: [104][240/390] | Time 0.084 (0.083) | Loss 2.6159 | Accs(C/F/R): 99.99/53.59/56.01 | Gain +2.42%
2025-11-19 23:10:21,421 - INFO  - Epoch: [104][260/390] | Time 0.082 (0.083) | Loss 2.6170 | Accs(C/F/R): 99.99/53.53/55.92 | Gain +2.39%
2025-11-19 23:10:23,063 - INFO  - Epoch: [104][280/390] | Time 0.081 (0.083) | Loss 2.6073 | Accs(C/F/R): 99.99/53.73/56.10 | Gain +2.37%
2025-11-19 23:10:24,719 - INFO  - Epoch: [104][300/390] | Time 0.084 (0.083) | Loss 2.5967 | Accs(C/F/R): 99.99/53.87/56.23 | Gain +2.36%
2025-11-19 23:10:26,366 - INFO  - Epoch: [104][320/390] | Time 0.084 (0.083) | Loss 2.5840 | Accs(C/F/R): 99.99/54.25/56.58 | Gain +2.33%
2025-11-19 23:10:28,022 - INFO  - Epoch: [104][340/390] | Time 0.081 (0.083) | Loss 2.5708 | Accs(C/F/R): 99.99/54.56/56.82 | Gain +2.26%
2025-11-19 23:10:29,664 - INFO  - Epoch: [104][360/390] | Time 0.083 (0.083) | Loss 2.5808 | Accs(C/F/R): 99.99/54.40/56.60 | Gain +2.20%
2025-11-19 23:10:31,311 - INFO  - Epoch: [104][380/390] | Time 0.082 (0.083) | Loss 2.5798 | Accs(C/F/R): 99.99/54.31/56.56 | Gain +2.25%
2025-11-19 23:10:32,179 - INFO  - Epoch 104: Train Loss (scheduler metric) = 2.5815
2025-11-19 23:10:32,198 - INFO  - ([104] Epoch) Saving checkpoint to:
             Current: /root/autodl-tmp/retraining-free-quantization/training/alexnet_cifar10_sensitive_stage2/alexnet_cifar10_sensitive_stage2_restorer_checkpoint.pth.tar

2025-11-19 23:10:32,198 - INFO  - >>>>>>>> Epoch 105
2025-11-19 23:10:32,198 - INFO  - [Stage2] Using random BER sampling [1e-2, 1e-1] for each batch at epoch 105
2025-11-19 23:10:32,198 - INFO  - Entered Stage 2 Restorer Training mode for epoch 105.
2025-11-19 23:10:34,062 - INFO  - Epoch: [105][20/390] | Time 0.082 (0.093) | Loss 2.1062 | Accs(C/F/R): 99.96/63.20/65.20 | Gain +1.99%
2025-11-19 23:10:35,704 - INFO  - Epoch: [105][40/390] | Time 0.082 (0.088) | Loss 2.3644 | Accs(C/F/R): 99.98/58.38/60.53 | Gain +2.15%
2025-11-19 23:10:37,357 - INFO  - Epoch: [105][60/390] | Time 0.082 (0.086) | Loss 2.3643 | Accs(C/F/R): 99.99/58.39/60.46 | Gain +2.07%
2025-11-19 23:10:39,007 - INFO  - Epoch: [105][80/390] | Time 0.082 (0.085) | Loss 2.4602 | Accs(C/F/R): 99.99/56.97/58.84 | Gain +1.87%
2025-11-19 23:10:40,661 - INFO  - Epoch: [105][100/390] | Time 0.085 (0.085) | Loss 2.4749 | Accs(C/F/R): 99.99/56.31/58.45 | Gain +2.13%
2025-11-19 23:10:42,327 - INFO  - Epoch: [105][120/390] | Time 0.081 (0.084) | Loss 2.4728 | Accs(C/F/R): 99.99/56.23/58.33 | Gain +2.10%
2025-11-19 23:10:43,974 - INFO  - Epoch: [105][140/390] | Time 0.082 (0.084) | Loss 2.4306 | Accs(C/F/R): 99.99/56.99/59.18 | Gain +2.19%
2025-11-19 23:10:45,629 - INFO  - Epoch: [105][160/390] | Time 0.083 (0.084) | Loss 2.4671 | Accs(C/F/R): 100.00/56.54/58.59 | Gain +2.05%
2025-11-19 23:10:47,269 - INFO  - Epoch: [105][180/390] | Time 0.081 (0.084) | Loss 2.4824 | Accs(C/F/R): 100.00/56.11/58.22 | Gain +2.12%
2025-11-19 23:10:48,916 - INFO  - Epoch: [105][200/390] | Time 0.082 (0.084) | Loss 2.4678 | Accs(C/F/R): 100.00/56.43/58.52 | Gain +2.09%
2025-11-19 23:10:50,571 - INFO  - Epoch: [105][220/390] | Time 0.088 (0.084) | Loss 2.4643 | Accs(C/F/R): 100.00/56.57/58.67 | Gain +2.10%
2025-11-19 23:10:52,220 - INFO  - Epoch: [105][240/390] | Time 0.081 (0.083) | Loss 2.4578 | Accs(C/F/R): 100.00/56.75/58.83 | Gain +2.08%
2025-11-19 23:10:53,874 - INFO  - Epoch: [105][260/390] | Time 0.082 (0.083) | Loss 2.4619 | Accs(C/F/R): 100.00/56.67/58.82 | Gain +2.15%
2025-11-19 23:10:55,537 - INFO  - Epoch: [105][280/390] | Time 0.081 (0.083) | Loss 2.4800 | Accs(C/F/R): 100.00/56.36/58.47 | Gain +2.11%
2025-11-19 23:10:57,185 - INFO  - Epoch: [105][300/390] | Time 0.082 (0.083) | Loss 2.4866 | Accs(C/F/R): 100.00/56.16/58.31 | Gain +2.15%
2025-11-19 23:10:58,835 - INFO  - Epoch: [105][320/390] | Time 0.081 (0.083) | Loss 2.5057 | Accs(C/F/R): 100.00/55.88/58.05 | Gain +2.17%
2025-11-19 23:11:00,489 - INFO  - Epoch: [105][340/390] | Time 0.086 (0.083) | Loss 2.4934 | Accs(C/F/R): 100.00/56.03/58.21 | Gain +2.18%
2025-11-19 23:11:02,141 - INFO  - Epoch: [105][360/390] | Time 0.082 (0.083) | Loss 2.4949 | Accs(C/F/R): 100.00/56.08/58.26 | Gain +2.18%
2025-11-19 23:11:03,821 - INFO  - Epoch: [105][380/390] | Time 0.083 (0.083) | Loss 2.4877 | Accs(C/F/R): 100.00/56.19/58.40 | Gain +2.20%
2025-11-19 23:11:04,694 - INFO  - Epoch 105: Train Loss (scheduler metric) = 2.4855
2025-11-19 23:11:04,715 - INFO  - ([105] Epoch) Saving checkpoint to:
             Current: /root/autodl-tmp/retraining-free-quantization/training/alexnet_cifar10_sensitive_stage2/alexnet_cifar10_sensitive_stage2_restorer_checkpoint.pth.tar

2025-11-19 23:11:04,715 - INFO  - >>>>>>>> Epoch 106
2025-11-19 23:11:04,715 - INFO  - [Stage2] Using random BER sampling [1e-2, 1e-1] for each batch at epoch 106
2025-11-19 23:11:04,715 - INFO  - Entered Stage 2 Restorer Training mode for epoch 106.
2025-11-19 23:11:06,578 - INFO  - Epoch: [106][20/390] | Time 0.083 (0.093) | Loss 2.9024 | Accs(C/F/R): 100.00/48.59/51.52 | Gain +2.93%
2025-11-19 23:11:08,223 - INFO  - Epoch: [106][40/390] | Time 0.082 (0.088) | Loss 2.7018 | Accs(C/F/R): 100.00/51.35/54.30 | Gain +2.95%
2025-11-19 23:11:09,899 - INFO  - Epoch: [106][60/390] | Time 0.082 (0.086) | Loss 2.6646 | Accs(C/F/R): 100.00/51.67/54.47 | Gain +2.80%
2025-11-19 23:11:11,556 - INFO  - Epoch: [106][80/390] | Time 0.084 (0.085) | Loss 2.6897 | Accs(C/F/R): 99.99/51.94/54.77 | Gain +2.82%
2025-11-19 23:11:13,205 - INFO  - Epoch: [106][100/390] | Time 0.082 (0.085) | Loss 2.7151 | Accs(C/F/R): 99.99/51.48/54.26 | Gain +2.77%
2025-11-19 23:11:14,854 - INFO  - Epoch: [106][120/390] | Time 0.081 (0.084) | Loss 2.6557 | Accs(C/F/R): 99.99/52.88/55.59 | Gain +2.71%
2025-11-19 23:11:16,520 - INFO  - Epoch: [106][140/390] | Time 0.087 (0.084) | Loss 2.6340 | Accs(C/F/R): 99.99/53.53/56.18 | Gain +2.65%
2025-11-19 23:11:18,158 - INFO  - Epoch: [106][160/390] | Time 0.082 (0.084) | Loss 2.6053 | Accs(C/F/R): 99.99/53.84/56.52 | Gain +2.68%
2025-11-19 23:11:19,807 - INFO  - Epoch: [106][180/390] | Time 0.081 (0.084) | Loss 2.6094 | Accs(C/F/R): 99.99/53.74/56.38 | Gain +2.63%
2025-11-19 23:11:21,439 - INFO  - Epoch: [106][200/390] | Time 0.081 (0.084) | Loss 2.6572 | Accs(C/F/R): 99.98/52.89/55.50 | Gain +2.61%
2025-11-19 23:11:23,078 - INFO  - Epoch: [106][220/390] | Time 0.082 (0.083) | Loss 2.6406 | Accs(C/F/R): 99.98/53.05/55.67 | Gain +2.62%
2025-11-19 23:11:24,704 - INFO  - Epoch: [106][240/390] | Time 0.081 (0.083) | Loss 2.6354 | Accs(C/F/R): 99.98/53.29/55.86 | Gain +2.57%
2025-11-19 23:11:26,339 - INFO  - Epoch: [106][260/390] | Time 0.082 (0.083) | Loss 2.6329 | Accs(C/F/R): 99.98/53.42/55.95 | Gain +2.53%
2025-11-19 23:11:27,972 - INFO  - Epoch: [106][280/390] | Time 0.081 (0.083) | Loss 2.6215 | Accs(C/F/R): 99.98/53.79/56.25 | Gain +2.47%
2025-11-19 23:11:29,607 - INFO  - Epoch: [106][300/390] | Time 0.082 (0.083) | Loss 2.6207 | Accs(C/F/R): 99.98/53.76/56.25 | Gain +2.48%
2025-11-19 23:11:31,244 - INFO  - Epoch: [106][320/390] | Time 0.085 (0.083) | Loss 2.6202 | Accs(C/F/R): 99.99/53.76/56.26 | Gain +2.50%
2025-11-19 23:11:32,902 - INFO  - Epoch: [106][340/390] | Time 0.083 (0.083) | Loss 2.6174 | Accs(C/F/R): 99.99/53.83/56.24 | Gain +2.41%
2025-11-19 23:11:34,552 - INFO  - Epoch: [106][360/390] | Time 0.088 (0.083) | Loss 2.6002 | Accs(C/F/R): 99.99/54.19/56.55 | Gain +2.37%
2025-11-19 23:11:36,205 - INFO  - Epoch: [106][380/390] | Time 0.085 (0.083) | Loss 2.5916 | Accs(C/F/R): 99.99/54.22/56.61 | Gain +2.40%
2025-11-19 23:11:37,079 - INFO  - Epoch 106: Train Loss (scheduler metric) = 2.5912
2025-11-19 23:11:37,099 - INFO  - ([106] Epoch) Saving checkpoint to:
             Current: /root/autodl-tmp/retraining-free-quantization/training/alexnet_cifar10_sensitive_stage2/alexnet_cifar10_sensitive_stage2_restorer_checkpoint.pth.tar

2025-11-19 23:11:37,099 - INFO  - >>>>>>>> Epoch 107
2025-11-19 23:11:37,099 - INFO  - [Stage2] Using random BER sampling [1e-2, 1e-1] for each batch at epoch 107
2025-11-19 23:11:37,100 - INFO  - Entered Stage 2 Restorer Training mode for epoch 107.
2025-11-19 23:11:39,005 - INFO  - Epoch: [107][20/390] | Time 0.082 (0.095) | Loss 2.7599 | Accs(C/F/R): 100.00/50.98/53.32 | Gain +2.34%
2025-11-19 23:11:40,656 - INFO  - Epoch: [107][40/390] | Time 0.082 (0.089) | Loss 2.6920 | Accs(C/F/R): 100.00/51.86/53.83 | Gain +1.97%
2025-11-19 23:11:42,346 - INFO  - Epoch: [107][60/390] | Time 0.085 (0.087) | Loss 2.6848 | Accs(C/F/R): 100.00/52.51/54.32 | Gain +1.81%
2025-11-19 23:11:44,005 - INFO  - Epoch: [107][80/390] | Time 0.084 (0.086) | Loss 2.6844 | Accs(C/F/R): 100.00/52.47/54.36 | Gain +1.88%
2025-11-19 23:11:45,671 - INFO  - Epoch: [107][100/390] | Time 0.082 (0.086) | Loss 2.7036 | Accs(C/F/R): 100.00/52.17/54.08 | Gain +1.91%
2025-11-19 23:11:47,338 - INFO  - Epoch: [107][120/390] | Time 0.083 (0.085) | Loss 2.6712 | Accs(C/F/R): 100.00/52.39/54.30 | Gain +1.91%
2025-11-19 23:11:49,002 - INFO  - Epoch: [107][140/390] | Time 0.084 (0.085) | Loss 2.6384 | Accs(C/F/R): 100.00/52.75/54.65 | Gain +1.90%
2025-11-19 23:11:50,647 - INFO  - Epoch: [107][160/390] | Time 0.082 (0.085) | Loss 2.6408 | Accs(C/F/R): 100.00/52.58/54.50 | Gain +1.92%
2025-11-19 23:11:52,308 - INFO  - Epoch: [107][180/390] | Time 0.084 (0.084) | Loss 2.6580 | Accs(C/F/R): 100.00/52.42/54.28 | Gain +1.85%
2025-11-19 23:11:53,952 - INFO  - Epoch: [107][200/390] | Time 0.082 (0.084) | Loss 2.6464 | Accs(C/F/R): 100.00/52.73/54.52 | Gain +1.79%
2025-11-19 23:11:55,593 - INFO  - Epoch: [107][220/390] | Time 0.083 (0.084) | Loss 2.5975 | Accs(C/F/R): 100.00/53.57/55.34 | Gain +1.78%
2025-11-19 23:11:57,247 - INFO  - Epoch: [107][240/390] | Time 0.082 (0.084) | Loss 2.5641 | Accs(C/F/R): 100.00/54.23/56.07 | Gain +1.84%
2025-11-19 23:11:58,893 - INFO  - Epoch: [107][260/390] | Time 0.081 (0.084) | Loss 2.5665 | Accs(C/F/R): 99.99/54.36/56.14 | Gain +1.78%
2025-11-19 23:12:00,535 - INFO  - Epoch: [107][280/390] | Time 0.083 (0.084) | Loss 2.5803 | Accs(C/F/R): 99.99/54.10/55.88 | Gain +1.78%
2025-11-19 23:12:02,194 - INFO  - Epoch: [107][300/390] | Time 0.082 (0.084) | Loss 2.5830 | Accs(C/F/R): 99.99/54.12/55.89 | Gain +1.77%
2025-11-19 23:12:03,837 - INFO  - Epoch: [107][320/390] | Time 0.085 (0.084) | Loss 2.5798 | Accs(C/F/R): 99.99/54.15/55.98 | Gain +1.84%
2025-11-19 23:12:05,494 - INFO  - Epoch: [107][340/390] | Time 0.082 (0.084) | Loss 2.5860 | Accs(C/F/R): 99.99/54.09/55.95 | Gain +1.86%
2025-11-19 23:12:07,134 - INFO  - Epoch: [107][360/390] | Time 0.082 (0.083) | Loss 2.5747 | Accs(C/F/R): 99.99/54.28/56.14 | Gain +1.86%
2025-11-19 23:12:08,795 - INFO  - Epoch: [107][380/390] | Time 0.082 (0.083) | Loss 2.5862 | Accs(C/F/R): 99.99/54.04/55.89 | Gain +1.85%
2025-11-19 23:12:09,683 - INFO  - Epoch 107: Train Loss (scheduler metric) = 2.5900
2025-11-19 23:12:09,704 - INFO  - ([107] Epoch) Saving checkpoint to:
             Current: /root/autodl-tmp/retraining-free-quantization/training/alexnet_cifar10_sensitive_stage2/alexnet_cifar10_sensitive_stage2_restorer_checkpoint.pth.tar

2025-11-19 23:12:09,704 - INFO  - >>>>>>>> Epoch 108
2025-11-19 23:12:09,704 - INFO  - [Stage2] Using random BER sampling [1e-2, 1e-1] for each batch at epoch 108
2025-11-19 23:12:09,704 - INFO  - Entered Stage 2 Restorer Training mode for epoch 108.
2025-11-19 23:12:11,584 - INFO  - Epoch: [108][20/390] | Time 0.081 (0.094) | Loss 2.6013 | Accs(C/F/R): 100.00/52.93/56.45 | Gain +3.52%
2025-11-19 23:12:13,230 - INFO  - Epoch: [108][40/390] | Time 0.082 (0.088) | Loss 2.3780 | Accs(C/F/R): 99.98/57.75/60.72 | Gain +2.97%
2025-11-19 23:12:14,896 - INFO  - Epoch: [108][60/390] | Time 0.083 (0.087) | Loss 2.4385 | Accs(C/F/R): 99.99/56.38/59.24 | Gain +2.86%
2025-11-19 23:12:16,548 - INFO  - Epoch: [108][80/390] | Time 0.087 (0.086) | Loss 2.4510 | Accs(C/F/R): 99.99/56.15/58.90 | Gain +2.74%
2025-11-19 23:12:18,202 - INFO  - Epoch: [108][100/390] | Time 0.085 (0.085) | Loss 2.4831 | Accs(C/F/R): 99.99/55.13/57.98 | Gain +2.85%
2025-11-19 23:12:19,920 - INFO  - Epoch: [108][120/390] | Time 0.082 (0.085) | Loss 2.4461 | Accs(C/F/R): 99.99/56.23/58.85 | Gain +2.62%
2025-11-19 23:12:21,578 - INFO  - Epoch: [108][140/390] | Time 0.082 (0.085) | Loss 2.4441 | Accs(C/F/R): 99.99/56.69/59.27 | Gain +2.58%
2025-11-19 23:12:23,238 - INFO  - Epoch: [108][160/390] | Time 0.086 (0.085) | Loss 2.4896 | Accs(C/F/R): 100.00/55.73/58.31 | Gain +2.58%
2025-11-19 23:12:24,928 - INFO  - Epoch: [108][180/390] | Time 0.082 (0.085) | Loss 2.4754 | Accs(C/F/R): 99.99/55.85/58.38 | Gain +2.53%
2025-11-19 23:12:26,576 - INFO  - Epoch: [108][200/390] | Time 0.082 (0.084) | Loss 2.5396 | Accs(C/F/R): 99.99/54.76/57.28 | Gain +2.52%
2025-11-19 23:12:28,213 - INFO  - Epoch: [108][220/390] | Time 0.081 (0.084) | Loss 2.5092 | Accs(C/F/R): 99.99/55.26/57.77 | Gain +2.50%
2025-11-19 23:12:29,880 - INFO  - Epoch: [108][240/390] | Time 0.085 (0.084) | Loss 2.5070 | Accs(C/F/R): 99.99/55.43/57.95 | Gain +2.51%
2025-11-19 23:12:31,532 - INFO  - Epoch: [108][260/390] | Time 0.081 (0.084) | Loss 2.5003 | Accs(C/F/R): 99.99/55.54/58.00 | Gain +2.47%
2025-11-19 23:12:33,176 - INFO  - Epoch: [108][280/390] | Time 0.082 (0.084) | Loss 2.5177 | Accs(C/F/R): 99.99/55.14/57.60 | Gain +2.46%
2025-11-19 23:12:34,829 - INFO  - Epoch: [108][300/390] | Time 0.082 (0.084) | Loss 2.5027 | Accs(C/F/R): 99.99/55.43/57.80 | Gain +2.38%
2025-11-19 23:12:36,479 - INFO  - Epoch: [108][320/390] | Time 0.083 (0.084) | Loss 2.4810 | Accs(C/F/R): 100.00/55.88/58.22 | Gain +2.33%
2025-11-19 23:12:38,131 - INFO  - Epoch: [108][340/390] | Time 0.082 (0.084) | Loss 2.4847 | Accs(C/F/R): 100.00/55.68/57.98 | Gain +2.31%
2025-11-19 23:12:39,783 - INFO  - Epoch: [108][360/390] | Time 0.086 (0.084) | Loss 2.4943 | Accs(C/F/R): 100.00/55.53/57.86 | Gain +2.33%
2025-11-19 23:12:41,429 - INFO  - Epoch: [108][380/390] | Time 0.081 (0.083) | Loss 2.4909 | Accs(C/F/R): 100.00/55.62/57.99 | Gain +2.37%
2025-11-19 23:12:42,290 - INFO  - Epoch 108: Train Loss (scheduler metric) = 2.4921
2025-11-19 23:12:42,310 - INFO  - ([108] Epoch) Saving checkpoint to:
             Current: /root/autodl-tmp/retraining-free-quantization/training/alexnet_cifar10_sensitive_stage2/alexnet_cifar10_sensitive_stage2_restorer_checkpoint.pth.tar

2025-11-19 23:12:42,310 - INFO  - >>>>>>>> Epoch 109
2025-11-19 23:12:42,310 - INFO  - [Stage2] Using random BER sampling [1e-2, 1e-1] for each batch at epoch 109
2025-11-19 23:12:42,310 - INFO  - Entered Stage 2 Restorer Training mode for epoch 109.
2025-11-19 23:12:44,221 - INFO  - Epoch: [109][20/390] | Time 0.081 (0.096) | Loss 2.3228 | Accs(C/F/R): 100.00/59.57/60.66 | Gain +1.09%
2025-11-19 23:12:45,861 - INFO  - Epoch: [109][40/390] | Time 0.081 (0.089) | Loss 2.3117 | Accs(C/F/R): 99.98/59.38/61.05 | Gain +1.68%
2025-11-19 23:12:47,512 - INFO  - Epoch: [109][60/390] | Time 0.083 (0.087) | Loss 2.3895 | Accs(C/F/R): 99.97/58.52/60.12 | Gain +1.60%
2025-11-19 23:12:49,158 - INFO  - Epoch: [109][80/390] | Time 0.082 (0.086) | Loss 2.4318 | Accs(C/F/R): 99.98/57.70/59.72 | Gain +2.02%
2025-11-19 23:12:50,806 - INFO  - Epoch: [109][100/390] | Time 0.082 (0.085) | Loss 2.4500 | Accs(C/F/R): 99.98/57.33/59.38 | Gain +2.05%
2025-11-19 23:12:52,451 - INFO  - Epoch: [109][120/390] | Time 0.085 (0.085) | Loss 2.4544 | Accs(C/F/R): 99.99/57.14/59.19 | Gain +2.05%
2025-11-19 23:12:54,096 - INFO  - Epoch: [109][140/390] | Time 0.082 (0.084) | Loss 2.4543 | Accs(C/F/R): 99.99/57.17/59.22 | Gain +2.05%
2025-11-19 23:12:55,740 - INFO  - Epoch: [109][160/390] | Time 0.082 (0.084) | Loss 2.4519 | Accs(C/F/R): 99.99/57.05/59.14 | Gain +2.08%
2025-11-19 23:12:57,385 - INFO  - Epoch: [109][180/390] | Time 0.083 (0.084) | Loss 2.4563 | Accs(C/F/R): 99.99/56.97/59.03 | Gain +2.06%
2025-11-19 23:12:59,035 - INFO  - Epoch: [109][200/390] | Time 0.081 (0.084) | Loss 2.4843 | Accs(C/F/R): 99.99/56.63/58.76 | Gain +2.13%
2025-11-19 23:13:00,682 - INFO  - Epoch: [109][220/390] | Time 0.082 (0.084) | Loss 2.4945 | Accs(C/F/R): 99.99/56.30/58.35 | Gain +2.05%
2025-11-19 23:13:02,320 - INFO  - Epoch: [109][240/390] | Time 0.081 (0.083) | Loss 2.4957 | Accs(C/F/R): 99.99/56.26/58.25 | Gain +1.99%
2025-11-19 23:13:03,966 - INFO  - Epoch: [109][260/390] | Time 0.081 (0.083) | Loss 2.5068 | Accs(C/F/R): 99.99/55.98/58.01 | Gain +2.03%
2025-11-19 23:13:05,605 - INFO  - Epoch: [109][280/390] | Time 0.082 (0.083) | Loss 2.4951 | Accs(C/F/R): 99.99/56.08/58.08 | Gain +1.99%
2025-11-19 23:13:07,247 - INFO  - Epoch: [109][300/390] | Time 0.082 (0.083) | Loss 2.5191 | Accs(C/F/R): 99.99/55.60/57.58 | Gain +1.98%
2025-11-19 23:13:08,889 - INFO  - Epoch: [109][320/390] | Time 0.082 (0.083) | Loss 2.5022 | Accs(C/F/R): 99.99/55.94/57.89 | Gain +1.94%
2025-11-19 23:13:10,529 - INFO  - Epoch: [109][340/390] | Time 0.082 (0.083) | Loss 2.5007 | Accs(C/F/R): 99.99/56.08/57.97 | Gain +1.89%
2025-11-19 23:13:12,159 - INFO  - Epoch: [109][360/390] | Time 0.082 (0.083) | Loss 2.4888 | Accs(C/F/R): 99.99/56.22/58.13 | Gain +1.91%
2025-11-19 23:13:13,799 - INFO  - Epoch: [109][380/390] | Time 0.081 (0.083) | Loss 2.5085 | Accs(C/F/R): 99.99/55.82/57.77 | Gain +1.94%
2025-11-19 23:13:14,661 - INFO  - Epoch 109: Train Loss (scheduler metric) = 2.5186
2025-11-19 23:13:14,684 - INFO  - ([109] Epoch) Saving checkpoint to:
             Current: /root/autodl-tmp/retraining-free-quantization/training/alexnet_cifar10_sensitive_stage2/alexnet_cifar10_sensitive_stage2_restorer_checkpoint.pth.tar

2025-11-19 23:13:14,684 - INFO  - >>>>>>>> Epoch 110
2025-11-19 23:13:14,684 - INFO  - [Stage2] Using random BER sampling [1e-2, 1e-1] for each batch at epoch 110
2025-11-19 23:13:14,684 - INFO  - Entered Stage 2 Restorer Training mode for epoch 110.
2025-11-19 23:13:16,514 - INFO  - Epoch: [110][20/390] | Time 0.081 (0.091) | Loss 2.4483 | Accs(C/F/R): 99.96/55.86/57.42 | Gain +1.56%
2025-11-19 23:13:18,149 - INFO  - Epoch: [110][40/390] | Time 0.082 (0.087) | Loss 2.5875 | Accs(C/F/R): 99.98/54.26/56.04 | Gain +1.78%
2025-11-19 23:13:19,782 - INFO  - Epoch: [110][60/390] | Time 0.081 (0.085) | Loss 2.5448 | Accs(C/F/R): 99.99/55.13/56.93 | Gain +1.80%
2025-11-19 23:13:21,409 - INFO  - Epoch: [110][80/390] | Time 0.082 (0.084) | Loss 2.5331 | Accs(C/F/R): 99.99/55.19/57.05 | Gain +1.87%
2025-11-19 23:13:23,050 - INFO  - Epoch: [110][100/390] | Time 0.081 (0.084) | Loss 2.5628 | Accs(C/F/R): 99.99/54.44/56.43 | Gain +1.99%
2025-11-19 23:13:24,702 - INFO  - Epoch: [110][120/390] | Time 0.082 (0.083) | Loss 2.5452 | Accs(C/F/R): 99.99/54.75/56.82 | Gain +2.06%
2025-11-19 23:13:26,351 - INFO  - Epoch: [110][140/390] | Time 0.086 (0.083) | Loss 2.4668 | Accs(C/F/R): 99.99/56.23/58.15 | Gain +1.92%
2025-11-19 23:13:28,018 - INFO  - Epoch: [110][160/390] | Time 0.082 (0.083) | Loss 2.4521 | Accs(C/F/R): 99.99/56.70/58.52 | Gain +1.82%
2025-11-19 23:13:29,655 - INFO  - Epoch: [110][180/390] | Time 0.081 (0.083) | Loss 2.4761 | Accs(C/F/R): 99.99/56.24/58.16 | Gain +1.92%
2025-11-19 23:13:31,301 - INFO  - Epoch: [110][200/390] | Time 0.082 (0.083) | Loss 2.4903 | Accs(C/F/R): 99.99/55.76/57.69 | Gain +1.93%
2025-11-19 23:13:32,950 - INFO  - Epoch: [110][220/390] | Time 0.087 (0.083) | Loss 2.4698 | Accs(C/F/R): 99.99/56.13/58.08 | Gain +1.95%
2025-11-19 23:13:34,596 - INFO  - Epoch: [110][240/390] | Time 0.084 (0.083) | Loss 2.4581 | Accs(C/F/R): 99.99/56.34/58.31 | Gain +1.97%
2025-11-19 23:13:36,237 - INFO  - Epoch: [110][260/390] | Time 0.081 (0.083) | Loss 2.4764 | Accs(C/F/R): 99.98/56.06/58.05 | Gain +1.99%
2025-11-19 23:13:37,884 - INFO  - Epoch: [110][280/390] | Time 0.082 (0.083) | Loss 2.4820 | Accs(C/F/R): 99.99/55.88/57.90 | Gain +2.01%
2025-11-19 23:13:39,527 - INFO  - Epoch: [110][300/390] | Time 0.081 (0.083) | Loss 2.4665 | Accs(C/F/R): 99.99/56.22/58.25 | Gain +2.03%
2025-11-19 23:13:41,178 - INFO  - Epoch: [110][320/390] | Time 0.082 (0.083) | Loss 2.4637 | Accs(C/F/R): 99.99/56.36/58.37 | Gain +2.01%
2025-11-19 23:13:42,821 - INFO  - Epoch: [110][340/390] | Time 0.084 (0.083) | Loss 2.4737 | Accs(C/F/R): 99.99/56.19/58.25 | Gain +2.07%
2025-11-19 23:13:44,474 - INFO  - Epoch: [110][360/390] | Time 0.082 (0.083) | Loss 2.4710 | Accs(C/F/R): 99.99/56.24/58.31 | Gain +2.07%
2025-11-19 23:13:46,130 - INFO  - Epoch: [110][380/390] | Time 0.082 (0.083) | Loss 2.4804 | Accs(C/F/R): 99.99/56.11/58.20 | Gain +2.09%
2025-11-19 23:13:46,997 - INFO  - Epoch 110: Train Loss (scheduler metric) = 2.4872
2025-11-19 23:13:47,017 - INFO  - ([110] Epoch) Saving checkpoint to:
             Current: /root/autodl-tmp/retraining-free-quantization/training/alexnet_cifar10_sensitive_stage2/alexnet_cifar10_sensitive_stage2_restorer_checkpoint.pth.tar

2025-11-19 23:13:47,017 - INFO  - >>>>>>>> Epoch 111
2025-11-19 23:13:47,017 - INFO  - [Stage2] Using random BER sampling [1e-2, 1e-1] for each batch at epoch 111
2025-11-19 23:13:47,017 - INFO  - Entered Stage 2 Restorer Training mode for epoch 111.
2025-11-19 23:13:48,925 - INFO  - Epoch: [111][20/390] | Time 0.081 (0.095) | Loss 2.6760 | Accs(C/F/R): 100.00/52.58/55.08 | Gain +2.50%
2025-11-19 23:13:50,570 - INFO  - Epoch: [111][40/390] | Time 0.082 (0.089) | Loss 2.5791 | Accs(C/F/R): 100.00/54.41/56.82 | Gain +2.40%
2025-11-19 23:13:52,223 - INFO  - Epoch: [111][60/390] | Time 0.081 (0.087) | Loss 2.6575 | Accs(C/F/R): 100.00/52.99/55.62 | Gain +2.63%
2025-11-19 23:13:53,863 - INFO  - Epoch: [111][80/390] | Time 0.081 (0.086) | Loss 2.6389 | Accs(C/F/R): 100.00/53.67/56.16 | Gain +2.49%
2025-11-19 23:13:55,498 - INFO  - Epoch: [111][100/390] | Time 0.081 (0.085) | Loss 2.6037 | Accs(C/F/R): 100.00/54.17/56.45 | Gain +2.27%
2025-11-19 23:13:57,142 - INFO  - Epoch: [111][120/390] | Time 0.086 (0.084) | Loss 2.6366 | Accs(C/F/R): 100.00/53.62/55.76 | Gain +2.14%
2025-11-19 23:13:58,787 - INFO  - Epoch: [111][140/390] | Time 0.083 (0.084) | Loss 2.6235 | Accs(C/F/R): 100.00/53.96/56.13 | Gain +2.17%
2025-11-19 23:14:00,442 - INFO  - Epoch: [111][160/390] | Time 0.091 (0.084) | Loss 2.5913 | Accs(C/F/R): 100.00/54.40/56.54 | Gain +2.13%
2025-11-19 23:14:02,091 - INFO  - Epoch: [111][180/390] | Time 0.081 (0.084) | Loss 2.5381 | Accs(C/F/R): 100.00/55.36/57.52 | Gain +2.16%
2025-11-19 23:14:03,741 - INFO  - Epoch: [111][200/390] | Time 0.082 (0.084) | Loss 2.5333 | Accs(C/F/R): 100.00/55.35/57.52 | Gain +2.17%
2025-11-19 23:14:05,382 - INFO  - Epoch: [111][220/390] | Time 0.083 (0.083) | Loss 2.5381 | Accs(C/F/R): 100.00/55.29/57.48 | Gain +2.18%
2025-11-19 23:14:07,031 - INFO  - Epoch: [111][240/390] | Time 0.081 (0.083) | Loss 2.5287 | Accs(C/F/R): 100.00/55.38/57.57 | Gain +2.19%
2025-11-19 23:14:08,677 - INFO  - Epoch: [111][260/390] | Time 0.082 (0.083) | Loss 2.5232 | Accs(C/F/R): 100.00/55.49/57.69 | Gain +2.20%
2025-11-19 23:14:10,318 - INFO  - Epoch: [111][280/390] | Time 0.082 (0.083) | Loss 2.5336 | Accs(C/F/R): 100.00/55.33/57.46 | Gain +2.13%
2025-11-19 23:14:11,965 - INFO  - Epoch: [111][300/390] | Time 0.081 (0.083) | Loss 2.5404 | Accs(C/F/R): 100.00/55.11/57.25 | Gain +2.14%
2025-11-19 23:14:13,609 - INFO  - Epoch: [111][320/390] | Time 0.082 (0.083) | Loss 2.5273 | Accs(C/F/R): 100.00/55.45/57.58 | Gain +2.13%
2025-11-19 23:14:15,274 - INFO  - Epoch: [111][340/390] | Time 0.087 (0.083) | Loss 2.5074 | Accs(C/F/R): 100.00/55.90/58.04 | Gain +2.15%
2025-11-19 23:14:16,931 - INFO  - Epoch: [111][360/390] | Time 0.082 (0.083) | Loss 2.5174 | Accs(C/F/R): 100.00/55.59/57.79 | Gain +2.20%
2025-11-19 23:14:18,571 - INFO  - Epoch: [111][380/390] | Time 0.081 (0.083) | Loss 2.5334 | Accs(C/F/R): 100.00/55.23/57.42 | Gain +2.19%
2025-11-19 23:14:19,439 - INFO  - Epoch 111: Train Loss (scheduler metric) = 2.5256
2025-11-19 23:14:19,459 - INFO  - ([111] Epoch) Saving checkpoint to:
             Current: /root/autodl-tmp/retraining-free-quantization/training/alexnet_cifar10_sensitive_stage2/alexnet_cifar10_sensitive_stage2_restorer_checkpoint.pth.tar

2025-11-19 23:14:19,459 - INFO  - >>>>>>>> Epoch 112
2025-11-19 23:14:19,459 - INFO  - [Stage2] Using random BER sampling [1e-2, 1e-1] for each batch at epoch 112
2025-11-19 23:14:19,459 - INFO  - Entered Stage 2 Restorer Training mode for epoch 112.
2025-11-19 23:14:21,320 - INFO  - Epoch: [112][20/390] | Time 0.081 (0.093) | Loss 2.4007 | Accs(C/F/R): 100.00/55.59/57.34 | Gain +1.76%
2025-11-19 23:14:22,968 - INFO  - Epoch: [112][40/390] | Time 0.082 (0.088) | Loss 2.4046 | Accs(C/F/R): 100.00/57.75/59.63 | Gain +1.88%
2025-11-19 23:14:24,620 - INFO  - Epoch: [112][60/390] | Time 0.082 (0.086) | Loss 2.4403 | Accs(C/F/R): 100.00/57.17/59.04 | Gain +1.86%
2025-11-19 23:14:26,284 - INFO  - Epoch: [112][80/390] | Time 0.085 (0.085) | Loss 2.4368 | Accs(C/F/R): 100.00/57.07/59.03 | Gain +1.96%
2025-11-19 23:14:27,928 - INFO  - Epoch: [112][100/390] | Time 0.084 (0.085) | Loss 2.3644 | Accs(C/F/R): 100.00/58.42/60.37 | Gain +1.95%
2025-11-19 23:14:29,583 - INFO  - Epoch: [112][120/390] | Time 0.082 (0.084) | Loss 2.3370 | Accs(C/F/R): 100.00/58.86/60.79 | Gain +1.93%
2025-11-19 23:14:31,220 - INFO  - Epoch: [112][140/390] | Time 0.082 (0.084) | Loss 2.3843 | Accs(C/F/R): 99.99/58.11/60.17 | Gain +2.06%
2025-11-19 23:14:32,865 - INFO  - Epoch: [112][160/390] | Time 0.085 (0.084) | Loss 2.4242 | Accs(C/F/R): 99.99/57.04/59.23 | Gain +2.19%
2025-11-19 23:14:34,511 - INFO  - Epoch: [112][180/390] | Time 0.081 (0.084) | Loss 2.4520 | Accs(C/F/R): 99.99/56.39/58.47 | Gain +2.08%
2025-11-19 23:14:36,158 - INFO  - Epoch: [112][200/390] | Time 0.086 (0.083) | Loss 2.4673 | Accs(C/F/R): 99.99/56.22/58.35 | Gain +2.12%
2025-11-19 23:14:37,802 - INFO  - Epoch: [112][220/390] | Time 0.082 (0.083) | Loss 2.4911 | Accs(C/F/R): 99.99/55.95/58.17 | Gain +2.22%
2025-11-19 23:14:39,452 - INFO  - Epoch: [112][240/390] | Time 0.082 (0.083) | Loss 2.5183 | Accs(C/F/R): 99.99/55.67/57.85 | Gain +2.18%
2025-11-19 23:14:41,114 - INFO  - Epoch: [112][260/390] | Time 0.084 (0.083) | Loss 2.5373 | Accs(C/F/R): 99.99/55.34/57.56 | Gain +2.22%
2025-11-19 23:14:42,760 - INFO  - Epoch: [112][280/390] | Time 0.081 (0.083) | Loss 2.5461 | Accs(C/F/R): 99.99/55.26/57.43 | Gain +2.17%
2025-11-19 23:14:44,401 - INFO  - Epoch: [112][300/390] | Time 0.082 (0.083) | Loss 2.5235 | Accs(C/F/R): 99.99/55.60/57.78 | Gain +2.18%
2025-11-19 23:14:46,040 - INFO  - Epoch: [112][320/390] | Time 0.083 (0.083) | Loss 2.5133 | Accs(C/F/R): 99.99/55.73/57.90 | Gain +2.17%
2025-11-19 23:14:47,678 - INFO  - Epoch: [112][340/390] | Time 0.081 (0.083) | Loss 2.5053 | Accs(C/F/R): 99.99/55.76/57.95 | Gain +2.20%
2025-11-19 23:14:49,333 - INFO  - Epoch: [112][360/390] | Time 0.082 (0.083) | Loss 2.5084 | Accs(C/F/R): 99.99/55.77/57.96 | Gain +2.19%
2025-11-19 23:14:50,968 - INFO  - Epoch: [112][380/390] | Time 0.081 (0.083) | Loss 2.5042 | Accs(C/F/R): 99.99/55.83/58.03 | Gain +2.20%
2025-11-19 23:14:51,828 - INFO  - Epoch 112: Train Loss (scheduler metric) = 2.5026
2025-11-19 23:14:51,848 - INFO  - ([112] Epoch) Saving checkpoint to:
             Current: /root/autodl-tmp/retraining-free-quantization/training/alexnet_cifar10_sensitive_stage2/alexnet_cifar10_sensitive_stage2_restorer_checkpoint.pth.tar

2025-11-19 23:14:51,848 - INFO  - >>>>>>>> Epoch 113
2025-11-19 23:14:51,849 - INFO  - [Stage2] Using random BER sampling [1e-2, 1e-1] for each batch at epoch 113
2025-11-19 23:14:51,849 - INFO  - Entered Stage 2 Restorer Training mode for epoch 113.
2025-11-19 23:14:53,732 - INFO  - Epoch: [113][20/390] | Time 0.081 (0.094) | Loss 2.4413 | Accs(C/F/R): 100.00/56.64/59.30 | Gain +2.66%
2025-11-19 23:14:55,376 - INFO  - Epoch: [113][40/390] | Time 0.082 (0.088) | Loss 2.4573 | Accs(C/F/R): 100.00/56.15/58.20 | Gain +2.05%
2025-11-19 23:14:57,018 - INFO  - Epoch: [113][60/390] | Time 0.082 (0.086) | Loss 2.5480 | Accs(C/F/R): 99.99/54.39/56.64 | Gain +2.25%
2025-11-19 23:14:58,666 - INFO  - Epoch: [113][80/390] | Time 0.082 (0.085) | Loss 2.5761 | Accs(C/F/R): 99.98/54.34/56.78 | Gain +2.44%
2025-11-19 23:15:00,310 - INFO  - Epoch: [113][100/390] | Time 0.081 (0.085) | Loss 2.5466 | Accs(C/F/R): 99.98/55.15/57.47 | Gain +2.32%
2025-11-19 23:15:01,949 - INFO  - Epoch: [113][120/390] | Time 0.084 (0.084) | Loss 2.5426 | Accs(C/F/R): 99.99/55.33/57.53 | Gain +2.21%
2025-11-19 23:15:03,590 - INFO  - Epoch: [113][140/390] | Time 0.082 (0.084) | Loss 2.4874 | Accs(C/F/R): 99.99/56.08/58.20 | Gain +2.13%
2025-11-19 23:15:05,227 - INFO  - Epoch: [113][160/390] | Time 0.081 (0.084) | Loss 2.5268 | Accs(C/F/R): 99.99/55.44/57.75 | Gain +2.31%
2025-11-19 23:15:06,852 - INFO  - Epoch: [113][180/390] | Time 0.081 (0.083) | Loss 2.4753 | Accs(C/F/R): 99.99/56.38/58.59 | Gain +2.21%
2025-11-19 23:15:08,477 - INFO  - Epoch: [113][200/390] | Time 0.081 (0.083) | Loss 2.4904 | Accs(C/F/R): 99.99/56.29/58.29 | Gain +2.00%
2025-11-19 23:15:10,105 - INFO  - Epoch: [113][220/390] | Time 0.081 (0.083) | Loss 2.4956 | Accs(C/F/R): 99.99/56.27/58.32 | Gain +2.05%
2025-11-19 23:15:11,733 - INFO  - Epoch: [113][240/390] | Time 0.081 (0.083) | Loss 2.4995 | Accs(C/F/R): 99.99/56.04/58.13 | Gain +2.09%
2025-11-19 23:15:13,386 - INFO  - Epoch: [113][260/390] | Time 0.084 (0.083) | Loss 2.5071 | Accs(C/F/R): 99.99/55.73/57.81 | Gain +2.08%
2025-11-19 23:15:15,041 - INFO  - Epoch: [113][280/390] | Time 0.082 (0.083) | Loss 2.5032 | Accs(C/F/R): 99.99/55.72/57.79 | Gain +2.07%
2025-11-19 23:15:16,680 - INFO  - Epoch: [113][300/390] | Time 0.081 (0.083) | Loss 2.5110 | Accs(C/F/R): 99.99/55.71/57.77 | Gain +2.06%
2025-11-19 23:15:18,316 - INFO  - Epoch: [113][320/390] | Time 0.081 (0.083) | Loss 2.5220 | Accs(C/F/R): 99.99/55.42/57.53 | Gain +2.11%
2025-11-19 23:15:19,961 - INFO  - Epoch: [113][340/390] | Time 0.081 (0.083) | Loss 2.5094 | Accs(C/F/R): 99.99/55.56/57.76 | Gain +2.20%
2025-11-19 23:15:21,640 - INFO  - Epoch: [113][360/390] | Time 0.081 (0.083) | Loss 2.5102 | Accs(C/F/R): 99.99/55.69/57.85 | Gain +2.16%
2025-11-19 23:15:23,319 - INFO  - Epoch: [113][380/390] | Time 0.082 (0.083) | Loss 2.5019 | Accs(C/F/R): 99.99/55.93/58.02 | Gain +2.09%
2025-11-19 23:15:24,189 - INFO  - Epoch 113: Train Loss (scheduler metric) = 2.5062
2025-11-19 23:15:24,213 - INFO  - ([113] Epoch) Saving checkpoint to:
             Current: /root/autodl-tmp/retraining-free-quantization/training/alexnet_cifar10_sensitive_stage2/alexnet_cifar10_sensitive_stage2_restorer_checkpoint.pth.tar

2025-11-19 23:15:24,213 - INFO  - >>>>>>>> Epoch 114
2025-11-19 23:15:24,213 - INFO  - [Stage2] Using random BER sampling [1e-2, 1e-1] for each batch at epoch 114
2025-11-19 23:15:24,213 - INFO  - Entered Stage 2 Restorer Training mode for epoch 114.
2025-11-19 23:15:26,086 - INFO  - Epoch: [114][20/390] | Time 0.082 (0.094) | Loss 2.5357 | Accs(C/F/R): 100.00/55.59/56.95 | Gain +1.37%
2025-11-19 23:15:27,751 - INFO  - Epoch: [114][40/390] | Time 0.087 (0.088) | Loss 2.4944 | Accs(C/F/R): 100.00/55.80/57.64 | Gain +1.84%
2025-11-19 23:15:29,402 - INFO  - Epoch: [114][60/390] | Time 0.083 (0.086) | Loss 2.4382 | Accs(C/F/R): 100.00/56.76/58.68 | Gain +1.93%
2025-11-19 23:15:31,068 - INFO  - Epoch: [114][80/390] | Time 0.084 (0.086) | Loss 2.4872 | Accs(C/F/R): 99.99/55.81/57.83 | Gain +2.02%
2025-11-19 23:15:32,721 - INFO  - Epoch: [114][100/390] | Time 0.082 (0.085) | Loss 2.4817 | Accs(C/F/R): 99.99/55.91/57.96 | Gain +2.05%
2025-11-19 23:15:34,377 - INFO  - Epoch: [114][120/390] | Time 0.082 (0.085) | Loss 2.5248 | Accs(C/F/R): 99.99/55.05/57.28 | Gain +2.23%
2025-11-19 23:15:36,019 - INFO  - Epoch: [114][140/390] | Time 0.081 (0.084) | Loss 2.5605 | Accs(C/F/R): 99.99/54.29/56.72 | Gain +2.43%
2025-11-19 23:15:37,668 - INFO  - Epoch: [114][160/390] | Time 0.081 (0.084) | Loss 2.5924 | Accs(C/F/R): 99.99/53.34/55.73 | Gain +2.39%
2025-11-19 23:15:39,320 - INFO  - Epoch: [114][180/390] | Time 0.083 (0.084) | Loss 2.6091 | Accs(C/F/R): 99.99/53.20/55.46 | Gain +2.26%
2025-11-19 23:15:40,982 - INFO  - Epoch: [114][200/390] | Time 0.081 (0.084) | Loss 2.5931 | Accs(C/F/R): 99.99/53.72/55.87 | Gain +2.14%
2025-11-19 23:15:42,625 - INFO  - Epoch: [114][220/390] | Time 0.084 (0.084) | Loss 2.6177 | Accs(C/F/R): 99.99/53.32/55.51 | Gain +2.19%
2025-11-19 23:15:44,280 - INFO  - Epoch: [114][240/390] | Time 0.082 (0.084) | Loss 2.5847 | Accs(C/F/R): 99.99/54.04/56.24 | Gain +2.20%
2025-11-19 23:15:45,925 - INFO  - Epoch: [114][260/390] | Time 0.084 (0.084) | Loss 2.5857 | Accs(C/F/R): 99.99/53.97/56.11 | Gain +2.15%
2025-11-19 23:15:47,590 - INFO  - Epoch: [114][280/390] | Time 0.085 (0.083) | Loss 2.5892 | Accs(C/F/R): 99.99/53.88/56.02 | Gain +2.14%
2025-11-19 23:15:49,236 - INFO  - Epoch: [114][300/390] | Time 0.082 (0.083) | Loss 2.5947 | Accs(C/F/R): 99.99/53.79/55.98 | Gain +2.20%
2025-11-19 23:15:50,886 - INFO  - Epoch: [114][320/390] | Time 0.084 (0.083) | Loss 2.5835 | Accs(C/F/R): 99.99/53.98/56.20 | Gain +2.22%
2025-11-19 23:15:52,534 - INFO  - Epoch: [114][340/390] | Time 0.081 (0.083) | Loss 2.5592 | Accs(C/F/R): 99.99/54.44/56.62 | Gain +2.18%
2025-11-19 23:15:54,178 - INFO  - Epoch: [114][360/390] | Time 0.083 (0.083) | Loss 2.5544 | Accs(C/F/R): 99.99/54.63/56.78 | Gain +2.15%
2025-11-19 23:15:55,818 - INFO  - Epoch: [114][380/390] | Time 0.083 (0.083) | Loss 2.5737 | Accs(C/F/R): 99.99/54.26/56.46 | Gain +2.21%
2025-11-19 23:15:56,687 - INFO  - Epoch 114: Train Loss (scheduler metric) = 2.5780
2025-11-19 23:15:56,708 - INFO  - ([114] Epoch) Saving checkpoint to:
             Current: /root/autodl-tmp/retraining-free-quantization/training/alexnet_cifar10_sensitive_stage2/alexnet_cifar10_sensitive_stage2_restorer_checkpoint.pth.tar

2025-11-19 23:15:56,708 - INFO  - >>>>>>>> Epoch 115
2025-11-19 23:15:56,708 - INFO  - [Stage2] Using random BER sampling [1e-2, 1e-1] for each batch at epoch 115
2025-11-19 23:15:56,708 - INFO  - Entered Stage 2 Restorer Training mode for epoch 115.
2025-11-19 23:15:58,561 - INFO  - Epoch: [115][20/390] | Time 0.081 (0.093) | Loss 2.3169 | Accs(C/F/R): 99.96/58.83/61.68 | Gain +2.85%
2025-11-19 23:16:00,208 - INFO  - Epoch: [115][40/390] | Time 0.085 (0.087) | Loss 2.4590 | Accs(C/F/R): 99.96/55.80/58.44 | Gain +2.64%
2025-11-19 23:16:01,851 - INFO  - Epoch: [115][60/390] | Time 0.081 (0.086) | Loss 2.5394 | Accs(C/F/R): 99.97/53.75/56.47 | Gain +2.72%
2025-11-19 23:16:03,507 - INFO  - Epoch: [115][80/390] | Time 0.081 (0.085) | Loss 2.5539 | Accs(C/F/R): 99.98/54.09/56.53 | Gain +2.44%
2025-11-19 23:16:05,139 - INFO  - Epoch: [115][100/390] | Time 0.081 (0.084) | Loss 2.5762 | Accs(C/F/R): 99.98/53.74/56.12 | Gain +2.38%
2025-11-19 23:16:06,778 - INFO  - Epoch: [115][120/390] | Time 0.084 (0.084) | Loss 2.6009 | Accs(C/F/R): 99.99/53.54/55.76 | Gain +2.22%
2025-11-19 23:16:08,414 - INFO  - Epoch: [115][140/390] | Time 0.083 (0.084) | Loss 2.5985 | Accs(C/F/R): 99.99/53.44/55.80 | Gain +2.36%
2025-11-19 23:16:10,058 - INFO  - Epoch: [115][160/390] | Time 0.083 (0.083) | Loss 2.6182 | Accs(C/F/R): 99.99/53.03/55.50 | Gain +2.48%
2025-11-19 23:16:11,691 - INFO  - Epoch: [115][180/390] | Time 0.081 (0.083) | Loss 2.6171 | Accs(C/F/R): 99.99/53.19/55.67 | Gain +2.49%
2025-11-19 23:16:13,336 - INFO  - Epoch: [115][200/390] | Time 0.081 (0.083) | Loss 2.6233 | Accs(C/F/R): 99.99/53.35/55.69 | Gain +2.34%
2025-11-19 23:16:14,994 - INFO  - Epoch: [115][220/390] | Time 0.081 (0.083) | Loss 2.6699 | Accs(C/F/R): 99.99/52.60/54.87 | Gain +2.27%
2025-11-19 23:16:16,631 - INFO  - Epoch: [115][240/390] | Time 0.081 (0.083) | Loss 2.6644 | Accs(C/F/R): 99.99/52.71/54.94 | Gain +2.23%
2025-11-19 23:16:18,287 - INFO  - Epoch: [115][260/390] | Time 0.085 (0.083) | Loss 2.6609 | Accs(C/F/R): 99.99/52.67/54.85 | Gain +2.18%
2025-11-19 23:16:19,938 - INFO  - Epoch: [115][280/390] | Time 0.082 (0.083) | Loss 2.6587 | Accs(C/F/R): 99.99/52.86/55.11 | Gain +2.25%
2025-11-19 23:16:21,574 - INFO  - Epoch: [115][300/390] | Time 0.082 (0.083) | Loss 2.6513 | Accs(C/F/R): 99.99/52.96/55.26 | Gain +2.31%
2025-11-19 23:16:23,214 - INFO  - Epoch: [115][320/390] | Time 0.082 (0.083) | Loss 2.6400 | Accs(C/F/R): 99.99/53.13/55.37 | Gain +2.23%
2025-11-19 23:16:24,859 - INFO  - Epoch: [115][340/390] | Time 0.082 (0.083) | Loss 2.6441 | Accs(C/F/R): 99.99/52.96/55.23 | Gain +2.27%
2025-11-19 23:16:26,512 - INFO  - Epoch: [115][360/390] | Time 0.083 (0.083) | Loss 2.6287 | Accs(C/F/R): 99.99/53.27/55.51 | Gain +2.24%
2025-11-19 23:16:28,172 - INFO  - Epoch: [115][380/390] | Time 0.091 (0.083) | Loss 2.6289 | Accs(C/F/R): 99.99/53.18/55.43 | Gain +2.25%
2025-11-19 23:16:29,059 - INFO  - Epoch 115: Train Loss (scheduler metric) = 2.6286
2025-11-19 23:16:29,079 - INFO  - ([115] Epoch) Saving checkpoint to:
             Current: /root/autodl-tmp/retraining-free-quantization/training/alexnet_cifar10_sensitive_stage2/alexnet_cifar10_sensitive_stage2_restorer_checkpoint.pth.tar

2025-11-19 23:16:29,080 - INFO  - >>>>>>>> Epoch 116
2025-11-19 23:16:29,080 - INFO  - [Stage2] Using random BER sampling [1e-2, 1e-1] for each batch at epoch 116
2025-11-19 23:16:29,080 - INFO  - Entered Stage 2 Restorer Training mode for epoch 116.
2025-11-19 23:16:30,960 - INFO  - Epoch: [116][20/390] | Time 0.085 (0.094) | Loss 2.6633 | Accs(C/F/R): 100.00/52.03/55.27 | Gain +3.24%
2025-11-19 23:16:32,615 - INFO  - Epoch: [116][40/390] | Time 0.081 (0.088) | Loss 2.6284 | Accs(C/F/R): 99.98/53.20/55.61 | Gain +2.40%
2025-11-19 23:16:34,254 - INFO  - Epoch: [116][60/390] | Time 0.082 (0.086) | Loss 2.5765 | Accs(C/F/R): 99.99/54.18/56.52 | Gain +2.34%
2025-11-19 23:16:35,910 - INFO  - Epoch: [116][80/390] | Time 0.082 (0.085) | Loss 2.5816 | Accs(C/F/R): 99.99/54.58/56.80 | Gain +2.22%
2025-11-19 23:16:37,544 - INFO  - Epoch: [116][100/390] | Time 0.081 (0.085) | Loss 2.5715 | Accs(C/F/R): 99.99/54.93/57.12 | Gain +2.20%
2025-11-19 23:16:39,183 - INFO  - Epoch: [116][120/390] | Time 0.081 (0.084) | Loss 2.5847 | Accs(C/F/R): 99.99/54.58/56.76 | Gain +2.19%
2025-11-19 23:16:40,853 - INFO  - Epoch: [116][140/390] | Time 0.082 (0.084) | Loss 2.6038 | Accs(C/F/R): 99.99/54.34/56.42 | Gain +2.08%
2025-11-19 23:16:42,503 - INFO  - Epoch: [116][160/390] | Time 0.081 (0.084) | Loss 2.6021 | Accs(C/F/R): 100.00/54.25/56.40 | Gain +2.15%
2025-11-19 23:16:44,144 - INFO  - Epoch: [116][180/390] | Time 0.082 (0.084) | Loss 2.6054 | Accs(C/F/R): 100.00/54.24/56.36 | Gain +2.11%
2025-11-19 23:16:45,792 - INFO  - Epoch: [116][200/390] | Time 0.082 (0.084) | Loss 2.6104 | Accs(C/F/R): 100.00/54.11/56.28 | Gain +2.17%
2025-11-19 23:16:47,426 - INFO  - Epoch: [116][220/390] | Time 0.082 (0.083) | Loss 2.5851 | Accs(C/F/R): 100.00/54.60/56.84 | Gain +2.24%
2025-11-19 23:16:49,071 - INFO  - Epoch: [116][240/390] | Time 0.082 (0.083) | Loss 2.5602 | Accs(C/F/R): 100.00/55.00/57.18 | Gain +2.19%
2025-11-19 23:16:50,709 - INFO  - Epoch: [116][260/390] | Time 0.081 (0.083) | Loss 2.5632 | Accs(C/F/R): 100.00/55.00/57.15 | Gain +2.15%
2025-11-19 23:16:52,334 - INFO  - Epoch: [116][280/390] | Time 0.081 (0.083) | Loss 2.5692 | Accs(C/F/R): 100.00/54.86/57.02 | Gain +2.16%
2025-11-19 23:16:53,963 - INFO  - Epoch: [116][300/390] | Time 0.081 (0.083) | Loss 2.5520 | Accs(C/F/R): 100.00/55.10/57.27 | Gain +2.17%
2025-11-19 23:16:55,594 - INFO  - Epoch: [116][320/390] | Time 0.081 (0.083) | Loss 2.5617 | Accs(C/F/R): 100.00/54.88/56.98 | Gain +2.09%
2025-11-19 23:16:57,223 - INFO  - Epoch: [116][340/390] | Time 0.084 (0.083) | Loss 2.5527 | Accs(C/F/R): 100.00/55.03/57.06 | Gain +2.03%
2025-11-19 23:16:58,844 - INFO  - Epoch: [116][360/390] | Time 0.081 (0.083) | Loss 2.5412 | Accs(C/F/R): 100.00/55.20/57.26 | Gain +2.07%
2025-11-19 23:17:00,476 - INFO  - Epoch: [116][380/390] | Time 0.082 (0.083) | Loss 2.5418 | Accs(C/F/R): 100.00/55.22/57.27 | Gain +2.04%
2025-11-19 23:17:01,334 - INFO  - Epoch 116: Train Loss (scheduler metric) = 2.5319
2025-11-19 23:17:01,354 - INFO  - ([116] Epoch) Saving checkpoint to:
             Current: /root/autodl-tmp/retraining-free-quantization/training/alexnet_cifar10_sensitive_stage2/alexnet_cifar10_sensitive_stage2_restorer_checkpoint.pth.tar

2025-11-19 23:17:01,354 - INFO  - >>>>>>>> Epoch 117
2025-11-19 23:17:01,354 - INFO  - [Stage2] Using random BER sampling [1e-2, 1e-1] for each batch at epoch 117
2025-11-19 23:17:01,354 - INFO  - Entered Stage 2 Restorer Training mode for epoch 117.
2025-11-19 23:17:03,227 - INFO  - Epoch: [117][20/390] | Time 0.081 (0.094) | Loss 2.7471 | Accs(C/F/R): 100.00/52.34/54.73 | Gain +2.38%
2025-11-19 23:17:04,885 - INFO  - Epoch: [117][40/390] | Time 0.082 (0.088) | Loss 2.8727 | Accs(C/F/R): 100.00/48.69/51.17 | Gain +2.48%
2025-11-19 23:17:06,536 - INFO  - Epoch: [117][60/390] | Time 0.081 (0.086) | Loss 2.8566 | Accs(C/F/R): 100.00/49.14/51.51 | Gain +2.37%
2025-11-19 23:17:08,180 - INFO  - Epoch: [117][80/390] | Time 0.081 (0.085) | Loss 2.7095 | Accs(C/F/R): 100.00/51.94/54.13 | Gain +2.19%
2025-11-19 23:17:09,836 - INFO  - Epoch: [117][100/390] | Time 0.084 (0.085) | Loss 2.7281 | Accs(C/F/R): 100.00/51.95/54.07 | Gain +2.12%
2025-11-19 23:17:11,497 - INFO  - Epoch: [117][120/390] | Time 0.082 (0.085) | Loss 2.6689 | Accs(C/F/R): 100.00/52.88/55.06 | Gain +2.17%
2025-11-19 23:17:13,139 - INFO  - Epoch: [117][140/390] | Time 0.085 (0.084) | Loss 2.6071 | Accs(C/F/R): 100.00/53.96/56.28 | Gain +2.32%
2025-11-19 23:17:14,800 - INFO  - Epoch: [117][160/390] | Time 0.086 (0.084) | Loss 2.5345 | Accs(C/F/R): 100.00/55.26/57.48 | Gain +2.22%
2025-11-19 23:17:16,455 - INFO  - Epoch: [117][180/390] | Time 0.082 (0.084) | Loss 2.5586 | Accs(C/F/R): 100.00/54.86/57.10 | Gain +2.24%
2025-11-19 23:17:18,106 - INFO  - Epoch: [117][200/390] | Time 0.084 (0.084) | Loss 2.5165 | Accs(C/F/R): 100.00/55.44/57.67 | Gain +2.23%
2025-11-19 23:17:19,747 - INFO  - Epoch: [117][220/390] | Time 0.082 (0.084) | Loss 2.5078 | Accs(C/F/R): 99.99/55.56/57.77 | Gain +2.21%
2025-11-19 23:17:21,418 - INFO  - Epoch: [117][240/390] | Time 0.086 (0.084) | Loss 2.4941 | Accs(C/F/R): 99.99/55.76/57.94 | Gain +2.17%
2025-11-19 23:17:23,085 - INFO  - Epoch: [117][260/390] | Time 0.082 (0.084) | Loss 2.5238 | Accs(C/F/R): 99.99/55.35/57.51 | Gain +2.16%
2025-11-19 23:17:24,746 - INFO  - Epoch: [117][280/390] | Time 0.083 (0.084) | Loss 2.5221 | Accs(C/F/R): 99.99/55.41/57.61 | Gain +2.20%
2025-11-19 23:17:26,412 - INFO  - Epoch: [117][300/390] | Time 0.083 (0.084) | Loss 2.5336 | Accs(C/F/R): 99.99/55.11/57.33 | Gain +2.22%
2025-11-19 23:17:28,062 - INFO  - Epoch: [117][320/390] | Time 0.081 (0.083) | Loss 2.5556 | Accs(C/F/R): 99.99/54.72/56.97 | Gain +2.25%
2025-11-19 23:17:29,711 - INFO  - Epoch: [117][340/390] | Time 0.083 (0.083) | Loss 2.5487 | Accs(C/F/R): 99.99/54.82/57.05 | Gain +2.23%
2025-11-19 23:17:31,354 - INFO  - Epoch: [117][360/390] | Time 0.081 (0.083) | Loss 2.5431 | Accs(C/F/R): 99.99/54.93/57.15 | Gain +2.22%
2025-11-19 23:17:33,011 - INFO  - Epoch: [117][380/390] | Time 0.082 (0.083) | Loss 2.5447 | Accs(C/F/R): 99.99/54.87/57.15 | Gain +2.28%
2025-11-19 23:17:33,880 - INFO  - Epoch 117: Train Loss (scheduler metric) = 2.5476
2025-11-19 23:17:33,900 - INFO  - ([117] Epoch) Saving checkpoint to:
             Current: /root/autodl-tmp/retraining-free-quantization/training/alexnet_cifar10_sensitive_stage2/alexnet_cifar10_sensitive_stage2_restorer_checkpoint.pth.tar

2025-11-19 23:17:33,900 - INFO  - >>>>>>>> Epoch 118
2025-11-19 23:17:33,900 - INFO  - [Stage2] Using random BER sampling [1e-2, 1e-1] for each batch at epoch 118
2025-11-19 23:17:33,900 - INFO  - Entered Stage 2 Restorer Training mode for epoch 118.
2025-11-19 23:17:35,778 - INFO  - Epoch: [118][20/390] | Time 0.082 (0.094) | Loss 2.4002 | Accs(C/F/R): 100.00/57.46/59.77 | Gain +2.30%
2025-11-19 23:17:37,435 - INFO  - Epoch: [118][40/390] | Time 0.081 (0.088) | Loss 2.5430 | Accs(C/F/R): 99.98/55.68/58.09 | Gain +2.40%
2025-11-19 23:17:39,082 - INFO  - Epoch: [118][60/390] | Time 0.082 (0.086) | Loss 2.6426 | Accs(C/F/R): 99.99/54.04/55.83 | Gain +1.80%
2025-11-19 23:17:40,724 - INFO  - Epoch: [118][80/390] | Time 0.081 (0.085) | Loss 2.6572 | Accs(C/F/R): 99.98/53.52/55.35 | Gain +1.84%
2025-11-19 23:17:42,385 - INFO  - Epoch: [118][100/390] | Time 0.082 (0.085) | Loss 2.6658 | Accs(C/F/R): 99.98/53.49/55.30 | Gain +1.81%
2025-11-19 23:17:44,043 - INFO  - Epoch: [118][120/390] | Time 0.085 (0.085) | Loss 2.6273 | Accs(C/F/R): 99.97/54.02/55.91 | Gain +1.89%
2025-11-19 23:17:45,680 - INFO  - Epoch: [118][140/390] | Time 0.083 (0.084) | Loss 2.6618 | Accs(C/F/R): 99.98/53.09/54.98 | Gain +1.89%
2025-11-19 23:17:47,320 - INFO  - Epoch: [118][160/390] | Time 0.083 (0.084) | Loss 2.6947 | Accs(C/F/R): 99.98/52.32/54.41 | Gain +2.09%
2025-11-19 23:17:48,960 - INFO  - Epoch: [118][180/390] | Time 0.083 (0.084) | Loss 2.6769 | Accs(C/F/R): 99.98/52.61/54.75 | Gain +2.14%
2025-11-19 23:17:50,615 - INFO  - Epoch: [118][200/390] | Time 0.082 (0.084) | Loss 2.6623 | Accs(C/F/R): 99.98/52.77/54.89 | Gain +2.12%
2025-11-19 23:17:52,256 - INFO  - Epoch: [118][220/390] | Time 0.084 (0.083) | Loss 2.6310 | Accs(C/F/R): 99.98/53.19/55.28 | Gain +2.09%
2025-11-19 23:17:53,911 - INFO  - Epoch: [118][240/390] | Time 0.087 (0.083) | Loss 2.6339 | Accs(C/F/R): 99.98/53.21/55.32 | Gain +2.11%
2025-11-19 23:17:55,572 - INFO  - Epoch: [118][260/390] | Time 0.083 (0.083) | Loss 2.6299 | Accs(C/F/R): 99.98/53.15/55.26 | Gain +2.11%
2025-11-19 23:17:57,219 - INFO  - Epoch: [118][280/390] | Time 0.082 (0.083) | Loss 2.6271 | Accs(C/F/R): 99.99/53.19/55.32 | Gain +2.13%
2025-11-19 23:17:58,871 - INFO  - Epoch: [118][300/390] | Time 0.082 (0.083) | Loss 2.6202 | Accs(C/F/R): 99.99/53.26/55.49 | Gain +2.22%
2025-11-19 23:18:00,524 - INFO  - Epoch: [118][320/390] | Time 0.083 (0.083) | Loss 2.6179 | Accs(C/F/R): 99.99/53.32/55.50 | Gain +2.18%
2025-11-19 23:18:02,173 - INFO  - Epoch: [118][340/390] | Time 0.082 (0.083) | Loss 2.6417 | Accs(C/F/R): 99.99/52.84/55.05 | Gain +2.22%
2025-11-19 23:18:03,839 - INFO  - Epoch: [118][360/390] | Time 0.082 (0.083) | Loss 2.6392 | Accs(C/F/R): 99.99/52.91/55.12 | Gain +2.21%
2025-11-19 23:18:05,499 - INFO  - Epoch: [118][380/390] | Time 0.082 (0.083) | Loss 2.6176 | Accs(C/F/R): 99.99/53.24/55.40 | Gain +2.16%
2025-11-19 23:18:06,365 - INFO  - Epoch 118: Train Loss (scheduler metric) = 2.6230
2025-11-19 23:18:06,385 - INFO  - ([118] Epoch) Saving checkpoint to:
             Current: /root/autodl-tmp/retraining-free-quantization/training/alexnet_cifar10_sensitive_stage2/alexnet_cifar10_sensitive_stage2_restorer_checkpoint.pth.tar

2025-11-19 23:18:06,385 - INFO  - >>>>>>>> Epoch 119
2025-11-19 23:18:06,385 - INFO  - [Stage2] Using random BER sampling [1e-2, 1e-1] for each batch at epoch 119
2025-11-19 23:18:06,386 - INFO  - Entered Stage 2 Restorer Training mode for epoch 119.
2025-11-19 23:18:08,268 - INFO  - Epoch: [119][20/390] | Time 0.081 (0.094) | Loss 2.6072 | Accs(C/F/R): 100.00/52.93/54.92 | Gain +1.99%
2025-11-19 23:18:09,917 - INFO  - Epoch: [119][40/390] | Time 0.082 (0.088) | Loss 2.5609 | Accs(C/F/R): 99.96/53.71/55.70 | Gain +1.99%
2025-11-19 23:18:11,557 - INFO  - Epoch: [119][60/390] | Time 0.083 (0.086) | Loss 2.4652 | Accs(C/F/R): 99.97/55.98/57.85 | Gain +1.88%
2025-11-19 23:18:13,197 - INFO  - Epoch: [119][80/390] | Time 0.082 (0.085) | Loss 2.4136 | Accs(C/F/R): 99.98/57.69/59.47 | Gain +1.79%
2025-11-19 23:18:14,844 - INFO  - Epoch: [119][100/390] | Time 0.082 (0.085) | Loss 2.5089 | Accs(C/F/R): 99.98/56.70/58.48 | Gain +1.78%
2025-11-19 23:18:16,490 - INFO  - Epoch: [119][120/390] | Time 0.085 (0.084) | Loss 2.5238 | Accs(C/F/R): 99.99/56.26/58.11 | Gain +1.85%
2025-11-19 23:18:18,147 - INFO  - Epoch: [119][140/390] | Time 0.084 (0.084) | Loss 2.4952 | Accs(C/F/R): 99.98/56.75/58.60 | Gain +1.85%
2025-11-19 23:18:19,809 - INFO  - Epoch: [119][160/390] | Time 0.081 (0.084) | Loss 2.5198 | Accs(C/F/R): 99.99/56.12/57.96 | Gain +1.84%
2025-11-19 23:18:21,457 - INFO  - Epoch: [119][180/390] | Time 0.083 (0.084) | Loss 2.5774 | Accs(C/F/R): 99.99/54.94/56.77 | Gain +1.82%
2025-11-19 23:18:23,111 - INFO  - Epoch: [119][200/390] | Time 0.081 (0.084) | Loss 2.5791 | Accs(C/F/R): 99.99/54.68/56.50 | Gain +1.82%
2025-11-19 23:18:24,770 - INFO  - Epoch: [119][220/390] | Time 0.082 (0.084) | Loss 2.5627 | Accs(C/F/R): 99.99/54.90/56.73 | Gain +1.83%
2025-11-19 23:18:26,424 - INFO  - Epoch: [119][240/390] | Time 0.083 (0.083) | Loss 2.5438 | Accs(C/F/R): 99.99/55.33/57.16 | Gain +1.83%
2025-11-19 23:18:28,058 - INFO  - Epoch: [119][260/390] | Time 0.081 (0.083) | Loss 2.5340 | Accs(C/F/R): 99.99/55.42/57.30 | Gain +1.87%
2025-11-19 23:18:29,712 - INFO  - Epoch: [119][280/390] | Time 0.083 (0.083) | Loss 2.5482 | Accs(C/F/R): 99.99/55.19/57.12 | Gain +1.93%
2025-11-19 23:18:31,373 - INFO  - Epoch: [119][300/390] | Time 0.084 (0.083) | Loss 2.5298 | Accs(C/F/R): 99.99/55.47/57.38 | Gain +1.92%
2025-11-19 23:18:33,032 - INFO  - Epoch: [119][320/390] | Time 0.083 (0.083) | Loss 2.5272 | Accs(C/F/R): 99.99/55.48/57.42 | Gain +1.95%
2025-11-19 23:18:34,688 - INFO  - Epoch: [119][340/390] | Time 0.082 (0.083) | Loss 2.5283 | Accs(C/F/R): 99.99/55.41/57.39 | Gain +1.97%
2025-11-19 23:18:36,352 - INFO  - Epoch: [119][360/390] | Time 0.081 (0.083) | Loss 2.5181 | Accs(C/F/R): 99.99/55.48/57.46 | Gain +1.97%
2025-11-19 23:18:38,015 - INFO  - Epoch: [119][380/390] | Time 0.086 (0.083) | Loss 2.5053 | Accs(C/F/R): 99.99/55.78/57.76 | Gain +1.98%
2025-11-19 23:18:38,880 - INFO  - Epoch 119: Train Loss (scheduler metric) = 2.4969
2025-11-19 23:18:38,900 - INFO  - ([119] Epoch) Saving checkpoint to:
             Current: /root/autodl-tmp/retraining-free-quantization/training/alexnet_cifar10_sensitive_stage2/alexnet_cifar10_sensitive_stage2_restorer_checkpoint.pth.tar

2025-11-19 23:18:38,900 - INFO  - >>>>>>>> Epoch 120
2025-11-19 23:18:38,900 - INFO  - [Stage2] Using random BER sampling [1e-2, 1e-1] for each batch at epoch 120
2025-11-19 23:18:38,900 - INFO  - Entered Stage 2 Restorer Training mode for epoch 120.
2025-11-19 23:18:40,811 - INFO  - Epoch: [120][20/390] | Time 0.082 (0.095) | Loss 2.6990 | Accs(C/F/R): 100.00/52.73/54.73 | Gain +1.99%
2025-11-19 23:18:42,450 - INFO  - Epoch: [120][40/390] | Time 0.081 (0.089) | Loss 2.6847 | Accs(C/F/R): 100.00/53.16/55.29 | Gain +2.13%
2025-11-19 23:18:44,079 - INFO  - Epoch: [120][60/390] | Time 0.081 (0.086) | Loss 2.5925 | Accs(C/F/R): 99.99/54.18/56.32 | Gain +2.14%
2025-11-19 23:18:45,715 - INFO  - Epoch: [120][80/390] | Time 0.081 (0.085) | Loss 2.6617 | Accs(C/F/R): 99.99/53.09/54.92 | Gain +1.84%
2025-11-19 23:18:47,346 - INFO  - Epoch: [120][100/390] | Time 0.081 (0.084) | Loss 2.6429 | Accs(C/F/R): 99.99/53.39/55.28 | Gain +1.89%
2025-11-19 23:18:48,966 - INFO  - Epoch: [120][120/390] | Time 0.081 (0.084) | Loss 2.6318 | Accs(C/F/R): 99.99/53.76/55.61 | Gain +1.85%
2025-11-19 23:18:50,600 - INFO  - Epoch: [120][140/390] | Time 0.082 (0.084) | Loss 2.6127 | Accs(C/F/R): 99.99/54.16/56.10 | Gain +1.95%
2025-11-19 23:18:52,228 - INFO  - Epoch: [120][160/390] | Time 0.081 (0.083) | Loss 2.6102 | Accs(C/F/R): 100.00/53.84/55.98 | Gain +2.13%
2025-11-19 23:18:53,856 - INFO  - Epoch: [120][180/390] | Time 0.081 (0.083) | Loss 2.6669 | Accs(C/F/R): 100.00/52.89/55.13 | Gain +2.24%
2025-11-19 23:18:55,508 - INFO  - Epoch: [120][200/390] | Time 0.082 (0.083) | Loss 2.6410 | Accs(C/F/R): 100.00/53.30/55.45 | Gain +2.15%
2025-11-19 23:18:57,153 - INFO  - Epoch: [120][220/390] | Time 0.082 (0.083) | Loss 2.6356 | Accs(C/F/R): 100.00/53.39/55.46 | Gain +2.06%
2025-11-19 23:18:58,792 - INFO  - Epoch: [120][240/390] | Time 0.082 (0.083) | Loss 2.6620 | Accs(C/F/R): 100.00/52.83/54.90 | Gain +2.07%
2025-11-19 23:19:00,472 - INFO  - Epoch: [120][260/390] | Time 0.086 (0.083) | Loss 2.6468 | Accs(C/F/R): 100.00/52.97/55.09 | Gain +2.12%
2025-11-19 23:19:02,146 - INFO  - Epoch: [120][280/390] | Time 0.084 (0.083) | Loss 2.6446 | Accs(C/F/R): 100.00/53.02/55.16 | Gain +2.14%
2025-11-19 23:19:03,793 - INFO  - Epoch: [120][300/390] | Time 0.081 (0.083) | Loss 2.6445 | Accs(C/F/R): 99.99/52.93/55.14 | Gain +2.21%
2025-11-19 23:19:05,424 - INFO  - Epoch: [120][320/390] | Time 0.081 (0.083) | Loss 2.6473 | Accs(C/F/R): 100.00/52.93/55.18 | Gain +2.25%
2025-11-19 23:19:07,079 - INFO  - Epoch: [120][340/390] | Time 0.084 (0.083) | Loss 2.6398 | Accs(C/F/R): 100.00/53.01/55.23 | Gain +2.23%
2025-11-19 23:19:08,730 - INFO  - Epoch: [120][360/390] | Time 0.081 (0.083) | Loss 2.6349 | Accs(C/F/R): 100.00/53.18/55.43 | Gain +2.25%
2025-11-19 23:19:10,367 - INFO  - Epoch: [120][380/390] | Time 0.083 (0.083) | Loss 2.6253 | Accs(C/F/R): 100.00/53.38/55.62 | Gain +2.24%
2025-11-19 23:19:11,240 - INFO  - Epoch 120: Train Loss (scheduler metric) = 2.6255
2025-11-19 23:19:11,263 - INFO  - ([120] Epoch) Saving checkpoint to:
             Current: /root/autodl-tmp/retraining-free-quantization/training/alexnet_cifar10_sensitive_stage2/alexnet_cifar10_sensitive_stage2_restorer_checkpoint.pth.tar

2025-11-19 23:19:11,264 - INFO  - >>>>>>>> Epoch 121
2025-11-19 23:19:11,264 - INFO  - [Stage2] Using random BER sampling [1e-2, 1e-1] for each batch at epoch 121
2025-11-19 23:19:11,264 - INFO  - Entered Stage 2 Restorer Training mode for epoch 121.
2025-11-19 23:19:13,126 - INFO  - Epoch: [121][20/390] | Time 0.082 (0.093) | Loss 2.3751 | Accs(C/F/R): 100.00/58.05/60.04 | Gain +1.99%
2025-11-19 23:19:14,755 - INFO  - Epoch: [121][40/390] | Time 0.081 (0.087) | Loss 2.4639 | Accs(C/F/R): 99.98/56.76/58.54 | Gain +1.78%
2025-11-19 23:19:16,401 - INFO  - Epoch: [121][60/390] | Time 0.082 (0.086) | Loss 2.4163 | Accs(C/F/R): 99.99/57.81/59.44 | Gain +1.63%
2025-11-19 23:19:18,041 - INFO  - Epoch: [121][80/390] | Time 0.081 (0.085) | Loss 2.5555 | Accs(C/F/R): 99.98/55.37/57.11 | Gain +1.74%
2025-11-19 23:19:19,683 - INFO  - Epoch: [121][100/390] | Time 0.082 (0.084) | Loss 2.5858 | Accs(C/F/R): 99.98/54.55/56.33 | Gain +1.78%
2025-11-19 23:19:21,331 - INFO  - Epoch: [121][120/390] | Time 0.082 (0.084) | Loss 2.5915 | Accs(C/F/R): 99.99/54.59/56.48 | Gain +1.89%
2025-11-19 23:19:22,985 - INFO  - Epoch: [121][140/390] | Time 0.082 (0.084) | Loss 2.5963 | Accs(C/F/R): 99.98/54.26/56.21 | Gain +1.94%
2025-11-19 23:19:24,621 - INFO  - Epoch: [121][160/390] | Time 0.082 (0.083) | Loss 2.6220 | Accs(C/F/R): 99.99/53.65/55.56 | Gain +1.91%
2025-11-19 23:19:26,259 - INFO  - Epoch: [121][180/390] | Time 0.082 (0.083) | Loss 2.6043 | Accs(C/F/R): 99.99/53.98/55.95 | Gain +1.97%
2025-11-19 23:19:27,897 - INFO  - Epoch: [121][200/390] | Time 0.081 (0.083) | Loss 2.6138 | Accs(C/F/R): 99.99/53.62/55.64 | Gain +2.02%
2025-11-19 23:19:29,555 - INFO  - Epoch: [121][220/390] | Time 0.081 (0.083) | Loss 2.6059 | Accs(C/F/R): 99.99/53.82/55.89 | Gain +2.07%
2025-11-19 23:19:31,199 - INFO  - Epoch: [121][240/390] | Time 0.082 (0.083) | Loss 2.6201 | Accs(C/F/R): 99.99/53.51/55.66 | Gain +2.15%
2025-11-19 23:19:32,837 - INFO  - Epoch: [121][260/390] | Time 0.081 (0.083) | Loss 2.5920 | Accs(C/F/R): 99.99/53.95/56.13 | Gain +2.18%
2025-11-19 23:19:34,470 - INFO  - Epoch: [121][280/390] | Time 0.081 (0.083) | Loss 2.5758 | Accs(C/F/R): 99.99/54.26/56.42 | Gain +2.17%
2025-11-19 23:19:36,132 - INFO  - Epoch: [121][300/390] | Time 0.084 (0.083) | Loss 2.5682 | Accs(C/F/R): 99.99/54.38/56.52 | Gain +2.15%
2025-11-19 23:19:37,777 - INFO  - Epoch: [121][320/390] | Time 0.081 (0.083) | Loss 2.5542 | Accs(C/F/R): 99.99/54.67/56.77 | Gain +2.10%
2025-11-19 23:19:39,439 - INFO  - Epoch: [121][340/390] | Time 0.082 (0.083) | Loss 2.5310 | Accs(C/F/R): 99.99/55.09/57.16 | Gain +2.07%
2025-11-19 23:19:41,097 - INFO  - Epoch: [121][360/390] | Time 0.085 (0.083) | Loss 2.5224 | Accs(C/F/R): 99.99/55.29/57.30 | Gain +2.01%
2025-11-19 23:19:42,741 - INFO  - Epoch: [121][380/390] | Time 0.082 (0.083) | Loss 2.5215 | Accs(C/F/R): 99.99/55.32/57.36 | Gain +2.04%
2025-11-19 23:19:43,607 - INFO  - Epoch 121: Train Loss (scheduler metric) = 2.5230
2025-11-19 23:19:43,627 - INFO  - ([121] Epoch) Saving checkpoint to:
             Current: /root/autodl-tmp/retraining-free-quantization/training/alexnet_cifar10_sensitive_stage2/alexnet_cifar10_sensitive_stage2_restorer_checkpoint.pth.tar

2025-11-19 23:19:43,628 - INFO  - >>>>>>>> Epoch 122
2025-11-19 23:19:43,628 - INFO  - [Stage2] Using random BER sampling [1e-2, 1e-1] for each batch at epoch 122
2025-11-19 23:19:43,628 - INFO  - Entered Stage 2 Restorer Training mode for epoch 122.
2025-11-19 23:19:45,484 - INFO  - Epoch: [122][20/390] | Time 0.085 (0.093) | Loss 2.6563 | Accs(C/F/R): 100.00/53.67/55.43 | Gain +1.76%
2025-11-19 23:19:47,127 - INFO  - Epoch: [122][40/390] | Time 0.081 (0.087) | Loss 2.5892 | Accs(C/F/R): 100.00/54.80/56.68 | Gain +1.88%
2025-11-19 23:19:48,765 - INFO  - Epoch: [122][60/390] | Time 0.086 (0.086) | Loss 2.6083 | Accs(C/F/R): 100.00/54.28/56.28 | Gain +1.99%
2025-11-19 23:19:50,404 - INFO  - Epoch: [122][80/390] | Time 0.081 (0.085) | Loss 2.5855 | Accs(C/F/R): 99.99/54.15/56.09 | Gain +1.94%
2025-11-19 23:19:52,042 - INFO  - Epoch: [122][100/390] | Time 0.082 (0.084) | Loss 2.5943 | Accs(C/F/R): 99.99/54.08/56.13 | Gain +2.05%
2025-11-19 23:19:53,675 - INFO  - Epoch: [122][120/390] | Time 0.083 (0.084) | Loss 2.5654 | Accs(C/F/R): 99.99/54.67/56.71 | Gain +2.04%
2025-11-19 23:19:55,324 - INFO  - Epoch: [122][140/390] | Time 0.081 (0.084) | Loss 2.5685 | Accs(C/F/R): 99.98/54.60/56.73 | Gain +2.13%
2025-11-19 23:19:56,983 - INFO  - Epoch: [122][160/390] | Time 0.081 (0.083) | Loss 2.5365 | Accs(C/F/R): 99.98/55.41/57.43 | Gain +2.02%
2025-11-19 23:19:58,634 - INFO  - Epoch: [122][180/390] | Time 0.081 (0.083) | Loss 2.5395 | Accs(C/F/R): 99.98/55.40/57.42 | Gain +2.02%
2025-11-19 23:20:00,283 - INFO  - Epoch: [122][200/390] | Time 0.081 (0.083) | Loss 2.5423 | Accs(C/F/R): 99.98/55.32/57.38 | Gain +2.05%
2025-11-19 23:20:01,935 - INFO  - Epoch: [122][220/390] | Time 0.082 (0.083) | Loss 2.5294 | Accs(C/F/R): 99.98/55.47/57.56 | Gain +2.09%
2025-11-19 23:20:03,579 - INFO  - Epoch: [122][240/390] | Time 0.081 (0.083) | Loss 2.5481 | Accs(C/F/R): 99.98/54.95/57.09 | Gain +2.14%
2025-11-19 23:20:05,252 - INFO  - Epoch: [122][260/390] | Time 0.082 (0.083) | Loss 2.5523 | Accs(C/F/R): 99.98/54.78/56.94 | Gain +2.16%
2025-11-19 23:20:06,909 - INFO  - Epoch: [122][280/390] | Time 0.081 (0.083) | Loss 2.5507 | Accs(C/F/R): 99.99/54.84/57.00 | Gain +2.16%
2025-11-19 23:20:08,555 - INFO  - Epoch: [122][300/390] | Time 0.085 (0.083) | Loss 2.5516 | Accs(C/F/R): 99.99/54.76/56.93 | Gain +2.17%
2025-11-19 23:20:10,200 - INFO  - Epoch: [122][320/390] | Time 0.082 (0.083) | Loss 2.5309 | Accs(C/F/R): 99.99/55.23/57.33 | Gain +2.10%
2025-11-19 23:20:11,855 - INFO  - Epoch: [122][340/390] | Time 0.082 (0.083) | Loss 2.5399 | Accs(C/F/R): 99.99/55.03/57.16 | Gain +2.13%
2025-11-19 23:20:13,502 - INFO  - Epoch: [122][360/390] | Time 0.085 (0.083) | Loss 2.5506 | Accs(C/F/R): 99.99/54.74/56.84 | Gain +2.10%
2025-11-19 23:20:15,161 - INFO  - Epoch: [122][380/390] | Time 0.085 (0.083) | Loss 2.5720 | Accs(C/F/R): 99.99/54.35/56.50 | Gain +2.15%
2025-11-19 23:20:16,024 - INFO  - Epoch 122: Train Loss (scheduler metric) = 2.5730
2025-11-19 23:20:16,047 - INFO  - ([122] Epoch) Saving checkpoint to:
             Current: /root/autodl-tmp/retraining-free-quantization/training/alexnet_cifar10_sensitive_stage2/alexnet_cifar10_sensitive_stage2_restorer_checkpoint.pth.tar

2025-11-19 23:20:16,048 - INFO  - >>>>>>>> Epoch 123
2025-11-19 23:20:16,048 - INFO  - [Stage2] Using random BER sampling [1e-2, 1e-1] for each batch at epoch 123
2025-11-19 23:20:16,048 - INFO  - Entered Stage 2 Restorer Training mode for epoch 123.
2025-11-19 23:20:17,924 - INFO  - Epoch: [123][20/390] | Time 0.081 (0.094) | Loss 2.3778 | Accs(C/F/R): 99.96/58.40/61.13 | Gain +2.73%
2025-11-19 23:20:19,558 - INFO  - Epoch: [123][40/390] | Time 0.081 (0.088) | Loss 2.4747 | Accs(C/F/R): 99.98/55.94/58.75 | Gain +2.81%
2025-11-19 23:20:21,205 - INFO  - Epoch: [123][60/390] | Time 0.082 (0.086) | Loss 2.3707 | Accs(C/F/R): 99.99/58.62/60.91 | Gain +2.29%
2025-11-19 23:20:22,864 - INFO  - Epoch: [123][80/390] | Time 0.084 (0.085) | Loss 2.3438 | Accs(C/F/R): 99.99/58.98/61.30 | Gain +2.31%
2025-11-19 23:20:24,522 - INFO  - Epoch: [123][100/390] | Time 0.082 (0.085) | Loss 2.3783 | Accs(C/F/R): 99.98/58.52/60.58 | Gain +2.05%
2025-11-19 23:20:26,177 - INFO  - Epoch: [123][120/390] | Time 0.082 (0.084) | Loss 2.4538 | Accs(C/F/R): 99.99/57.29/59.48 | Gain +2.19%
2025-11-19 23:20:27,817 - INFO  - Epoch: [123][140/390] | Time 0.082 (0.084) | Loss 2.4724 | Accs(C/F/R): 99.99/56.96/59.05 | Gain +2.09%
2025-11-19 23:20:29,459 - INFO  - Epoch: [123][160/390] | Time 0.082 (0.084) | Loss 2.4878 | Accs(C/F/R): 99.99/56.79/58.86 | Gain +2.07%
2025-11-19 23:20:31,100 - INFO  - Epoch: [123][180/390] | Time 0.082 (0.084) | Loss 2.4755 | Accs(C/F/R): 99.99/56.74/58.88 | Gain +2.14%
2025-11-19 23:20:32,750 - INFO  - Epoch: [123][200/390] | Time 0.084 (0.084) | Loss 2.4956 | Accs(C/F/R): 99.99/56.27/58.41 | Gain +2.14%
2025-11-19 23:20:34,377 - INFO  - Epoch: [123][220/390] | Time 0.083 (0.083) | Loss 2.4856 | Accs(C/F/R): 99.99/56.42/58.49 | Gain +2.07%
2025-11-19 23:20:36,014 - INFO  - Epoch: [123][240/390] | Time 0.081 (0.083) | Loss 2.4859 | Accs(C/F/R): 99.99/56.38/58.38 | Gain +2.00%
2025-11-19 23:20:37,646 - INFO  - Epoch: [123][260/390] | Time 0.081 (0.083) | Loss 2.4961 | Accs(C/F/R): 99.99/56.22/58.20 | Gain +1.98%
2025-11-19 23:20:39,272 - INFO  - Epoch: [123][280/390] | Time 0.084 (0.083) | Loss 2.5118 | Accs(C/F/R): 99.99/55.97/57.98 | Gain +2.01%
2025-11-19 23:20:40,903 - INFO  - Epoch: [123][300/390] | Time 0.081 (0.083) | Loss 2.5225 | Accs(C/F/R): 99.99/55.76/57.78 | Gain +2.02%
2025-11-19 23:20:42,527 - INFO  - Epoch: [123][320/390] | Time 0.081 (0.083) | Loss 2.5458 | Accs(C/F/R): 100.00/55.25/57.36 | Gain +2.11%
2025-11-19 23:20:44,159 - INFO  - Epoch: [123][340/390] | Time 0.085 (0.083) | Loss 2.5296 | Accs(C/F/R): 100.00/55.54/57.62 | Gain +2.08%
2025-11-19 23:20:45,806 - INFO  - Epoch: [123][360/390] | Time 0.081 (0.083) | Loss 2.5327 | Accs(C/F/R): 100.00/55.49/57.57 | Gain +2.08%
2025-11-19 23:20:47,459 - INFO  - Epoch: [123][380/390] | Time 0.081 (0.083) | Loss 2.5325 | Accs(C/F/R): 100.00/55.46/57.56 | Gain +2.10%
2025-11-19 23:20:48,338 - INFO  - Epoch 123: Train Loss (scheduler metric) = 2.5366
2025-11-19 23:20:48,357 - INFO  - ([123] Epoch) Saving checkpoint to:
             Current: /root/autodl-tmp/retraining-free-quantization/training/alexnet_cifar10_sensitive_stage2/alexnet_cifar10_sensitive_stage2_restorer_checkpoint.pth.tar

2025-11-19 23:20:48,357 - INFO  - >>>>>>>> Epoch 124
2025-11-19 23:20:48,357 - INFO  - [Stage2] Using random BER sampling [1e-2, 1e-1] for each batch at epoch 124
2025-11-19 23:20:48,357 - INFO  - Entered Stage 2 Restorer Training mode for epoch 124.
2025-11-19 23:20:50,264 - INFO  - Epoch: [124][20/390] | Time 0.081 (0.095) | Loss 2.4315 | Accs(C/F/R): 100.00/56.13/59.06 | Gain +2.93%
2025-11-19 23:20:51,917 - INFO  - Epoch: [124][40/390] | Time 0.082 (0.089) | Loss 2.4357 | Accs(C/F/R): 100.00/55.96/58.81 | Gain +2.85%
2025-11-19 23:20:53,575 - INFO  - Epoch: [124][60/390] | Time 0.089 (0.087) | Loss 2.5440 | Accs(C/F/R): 99.99/53.61/55.87 | Gain +2.27%
2025-11-19 23:20:55,225 - INFO  - Epoch: [124][80/390] | Time 0.085 (0.086) | Loss 2.6015 | Accs(C/F/R): 99.97/52.92/55.23 | Gain +2.31%
2025-11-19 23:20:56,892 - INFO  - Epoch: [124][100/390] | Time 0.085 (0.085) | Loss 2.5850 | Accs(C/F/R): 99.98/53.51/55.78 | Gain +2.27%
2025-11-19 23:20:58,543 - INFO  - Epoch: [124][120/390] | Time 0.081 (0.085) | Loss 2.6061 | Accs(C/F/R): 99.98/53.14/55.30 | Gain +2.16%
2025-11-19 23:21:00,190 - INFO  - Epoch: [124][140/390] | Time 0.083 (0.085) | Loss 2.6279 | Accs(C/F/R): 99.98/52.63/54.85 | Gain +2.22%
2025-11-19 23:21:01,842 - INFO  - Epoch: [124][160/390] | Time 0.082 (0.084) | Loss 2.6357 | Accs(C/F/R): 99.98/52.77/54.84 | Gain +2.07%
2025-11-19 23:21:03,492 - INFO  - Epoch: [124][180/390] | Time 0.082 (0.084) | Loss 2.6266 | Accs(C/F/R): 99.98/52.86/55.00 | Gain +2.14%
2025-11-19 23:21:05,155 - INFO  - Epoch: [124][200/390] | Time 0.083 (0.084) | Loss 2.6047 | Accs(C/F/R): 99.98/53.37/55.57 | Gain +2.20%
2025-11-19 23:21:06,797 - INFO  - Epoch: [124][220/390] | Time 0.082 (0.084) | Loss 2.5662 | Accs(C/F/R): 99.98/54.12/56.24 | Gain +2.12%
2025-11-19 23:21:08,442 - INFO  - Epoch: [124][240/390] | Time 0.081 (0.084) | Loss 2.5685 | Accs(C/F/R): 99.98/54.05/56.22 | Gain +2.17%
2025-11-19 23:21:10,091 - INFO  - Epoch: [124][260/390] | Time 0.082 (0.084) | Loss 2.5415 | Accs(C/F/R): 99.98/54.65/56.75 | Gain +2.10%
2025-11-19 23:21:11,728 - INFO  - Epoch: [124][280/390] | Time 0.082 (0.083) | Loss 2.5509 | Accs(C/F/R): 99.98/54.53/56.62 | Gain +2.10%
2025-11-19 23:21:13,371 - INFO  - Epoch: [124][300/390] | Time 0.081 (0.083) | Loss 2.5516 | Accs(C/F/R): 99.98/54.57/56.62 | Gain +2.04%
2025-11-19 23:21:15,018 - INFO  - Epoch: [124][320/390] | Time 0.086 (0.083) | Loss 2.5563 | Accs(C/F/R): 99.98/54.46/56.53 | Gain +2.07%
2025-11-19 23:21:16,664 - INFO  - Epoch: [124][340/390] | Time 0.083 (0.083) | Loss 2.5648 | Accs(C/F/R): 99.98/54.28/56.32 | Gain +2.04%
2025-11-19 23:21:18,311 - INFO  - Epoch: [124][360/390] | Time 0.085 (0.083) | Loss 2.5613 | Accs(C/F/R): 99.98/54.33/56.36 | Gain +2.03%
2025-11-19 23:21:19,954 - INFO  - Epoch: [124][380/390] | Time 0.082 (0.083) | Loss 2.5518 | Accs(C/F/R): 99.99/54.50/56.53 | Gain +2.03%
2025-11-19 23:21:20,811 - INFO  - Epoch 124: Train Loss (scheduler metric) = 2.5557
2025-11-19 23:21:20,830 - INFO  - ([124] Epoch) Saving checkpoint to:
             Current: /root/autodl-tmp/retraining-free-quantization/training/alexnet_cifar10_sensitive_stage2/alexnet_cifar10_sensitive_stage2_restorer_checkpoint.pth.tar

2025-11-19 23:21:20,831 - INFO  - >>>>>>>> Epoch 125
2025-11-19 23:21:20,831 - INFO  - [Stage2] Using random BER sampling [1e-2, 1e-1] for each batch at epoch 125
2025-11-19 23:21:20,831 - INFO  - Entered Stage 2 Restorer Training mode for epoch 125.
2025-11-19 23:21:22,701 - INFO  - Epoch: [125][20/390] | Time 0.081 (0.093) | Loss 2.6384 | Accs(C/F/R): 100.00/54.49/56.91 | Gain +2.42%
2025-11-19 23:21:24,354 - INFO  - Epoch: [125][40/390] | Time 0.081 (0.088) | Loss 2.4856 | Accs(C/F/R): 100.00/56.58/58.98 | Gain +2.40%
2025-11-19 23:21:25,993 - INFO  - Epoch: [125][60/390] | Time 0.081 (0.086) | Loss 2.4329 | Accs(C/F/R): 100.00/56.91/59.15 | Gain +2.24%
2025-11-19 23:21:27,641 - INFO  - Epoch: [125][80/390] | Time 0.085 (0.085) | Loss 2.3824 | Accs(C/F/R): 100.00/57.96/60.27 | Gain +2.31%
2025-11-19 23:21:29,289 - INFO  - Epoch: [125][100/390] | Time 0.081 (0.085) | Loss 2.4218 | Accs(C/F/R): 100.00/57.15/59.48 | Gain +2.33%
2025-11-19 23:21:30,938 - INFO  - Epoch: [125][120/390] | Time 0.082 (0.084) | Loss 2.4545 | Accs(C/F/R): 100.00/56.82/59.15 | Gain +2.33%
2025-11-19 23:21:32,581 - INFO  - Epoch: [125][140/390] | Time 0.081 (0.084) | Loss 2.4687 | Accs(C/F/R): 100.00/56.38/58.74 | Gain +2.37%
2025-11-19 23:21:34,221 - INFO  - Epoch: [125][160/390] | Time 0.082 (0.084) | Loss 2.5322 | Accs(C/F/R): 100.00/55.50/57.87 | Gain +2.36%
2025-11-19 23:21:35,869 - INFO  - Epoch: [125][180/390] | Time 0.085 (0.084) | Loss 2.5242 | Accs(C/F/R): 100.00/55.51/57.76 | Gain +2.26%
2025-11-19 23:21:37,509 - INFO  - Epoch: [125][200/390] | Time 0.084 (0.083) | Loss 2.5079 | Accs(C/F/R): 100.00/55.89/58.18 | Gain +2.29%
2025-11-19 23:21:39,160 - INFO  - Epoch: [125][220/390] | Time 0.085 (0.083) | Loss 2.4934 | Accs(C/F/R): 100.00/56.27/58.50 | Gain +2.23%
2025-11-19 23:21:40,795 - INFO  - Epoch: [125][240/390] | Time 0.082 (0.083) | Loss 2.5353 | Accs(C/F/R): 100.00/55.55/57.78 | Gain +2.23%
2025-11-19 23:21:42,440 - INFO  - Epoch: [125][260/390] | Time 0.083 (0.083) | Loss 2.5463 | Accs(C/F/R): 100.00/55.26/57.44 | Gain +2.17%
2025-11-19 23:21:44,088 - INFO  - Epoch: [125][280/390] | Time 0.082 (0.083) | Loss 2.5293 | Accs(C/F/R): 100.00/55.66/57.75 | Gain +2.09%
2025-11-19 23:21:45,748 - INFO  - Epoch: [125][300/390] | Time 0.081 (0.083) | Loss 2.5419 | Accs(C/F/R): 99.99/55.54/57.59 | Gain +2.05%
2025-11-19 23:21:47,405 - INFO  - Epoch: [125][320/390] | Time 0.084 (0.083) | Loss 2.5385 | Accs(C/F/R): 100.00/55.62/57.65 | Gain +2.03%
2025-11-19 23:21:49,048 - INFO  - Epoch: [125][340/390] | Time 0.085 (0.083) | Loss 2.5421 | Accs(C/F/R): 100.00/55.52/57.60 | Gain +2.08%
2025-11-19 23:21:50,699 - INFO  - Epoch: [125][360/390] | Time 0.084 (0.083) | Loss 2.5361 | Accs(C/F/R): 100.00/55.70/57.73 | Gain +2.03%
2025-11-19 23:21:52,359 - INFO  - Epoch: [125][380/390] | Time 0.082 (0.083) | Loss 2.5360 | Accs(C/F/R): 100.00/55.66/57.71 | Gain +2.04%
2025-11-19 23:21:53,221 - INFO  - Epoch 125: Train Loss (scheduler metric) = 2.5335
2025-11-19 23:21:53,241 - INFO  - ([125] Epoch) Saving checkpoint to:
             Current: /root/autodl-tmp/retraining-free-quantization/training/alexnet_cifar10_sensitive_stage2/alexnet_cifar10_sensitive_stage2_restorer_checkpoint.pth.tar

2025-11-19 23:21:53,241 - INFO  - >>>>>>>> Epoch 126
2025-11-19 23:21:53,241 - INFO  - [Stage2] Using random BER sampling [1e-2, 1e-1] for each batch at epoch 126
2025-11-19 23:21:53,241 - INFO  - Entered Stage 2 Restorer Training mode for epoch 126.
2025-11-19 23:21:55,099 - INFO  - Epoch: [126][20/390] | Time 0.087 (0.093) | Loss 2.4117 | Accs(C/F/R): 99.96/57.19/59.06 | Gain +1.88%
2025-11-19 23:21:56,754 - INFO  - Epoch: [126][40/390] | Time 0.083 (0.088) | Loss 2.5900 | Accs(C/F/R): 99.98/53.61/55.51 | Gain +1.89%
2025-11-19 23:21:58,396 - INFO  - Epoch: [126][60/390] | Time 0.081 (0.086) | Loss 2.5842 | Accs(C/F/R): 99.97/53.93/55.65 | Gain +1.72%
2025-11-19 23:22:00,046 - INFO  - Epoch: [126][80/390] | Time 0.085 (0.085) | Loss 2.6922 | Accs(C/F/R): 99.98/51.98/53.78 | Gain +1.80%
2025-11-19 23:22:01,708 - INFO  - Epoch: [126][100/390] | Time 0.084 (0.085) | Loss 2.7107 | Accs(C/F/R): 99.98/51.49/53.44 | Gain +1.95%
2025-11-19 23:22:03,351 - INFO  - Epoch: [126][120/390] | Time 0.082 (0.084) | Loss 2.6928 | Accs(C/F/R): 99.99/51.91/53.94 | Gain +2.03%
2025-11-19 23:22:05,005 - INFO  - Epoch: [126][140/390] | Time 0.081 (0.084) | Loss 2.6886 | Accs(C/F/R): 99.99/51.80/53.92 | Gain +2.12%
2025-11-19 23:22:06,655 - INFO  - Epoch: [126][160/390] | Time 0.084 (0.084) | Loss 2.6318 | Accs(C/F/R): 99.99/52.96/54.97 | Gain +2.00%
2025-11-19 23:22:08,300 - INFO  - Epoch: [126][180/390] | Time 0.082 (0.084) | Loss 2.6063 | Accs(C/F/R): 99.99/53.37/55.40 | Gain +2.03%
2025-11-19 23:22:09,947 - INFO  - Epoch: [126][200/390] | Time 0.082 (0.084) | Loss 2.5684 | Accs(C/F/R): 99.99/54.21/56.23 | Gain +2.02%
2025-11-19 23:22:11,602 - INFO  - Epoch: [126][220/390] | Time 0.083 (0.083) | Loss 2.5879 | Accs(C/F/R): 99.99/53.81/55.83 | Gain +2.02%
2025-11-19 23:22:13,276 - INFO  - Epoch: [126][240/390] | Time 0.082 (0.083) | Loss 2.5871 | Accs(C/F/R): 99.99/53.79/55.83 | Gain +2.04%
2025-11-19 23:22:14,931 - INFO  - Epoch: [126][260/390] | Time 0.081 (0.083) | Loss 2.5845 | Accs(C/F/R): 99.99/53.68/55.77 | Gain +2.09%
2025-11-19 23:22:16,580 - INFO  - Epoch: [126][280/390] | Time 0.082 (0.083) | Loss 2.5749 | Accs(C/F/R): 99.99/53.84/55.94 | Gain +2.10%
2025-11-19 23:22:18,224 - INFO  - Epoch: [126][300/390] | Time 0.081 (0.083) | Loss 2.5981 | Accs(C/F/R): 99.99/53.42/55.60 | Gain +2.18%
2025-11-19 23:22:19,863 - INFO  - Epoch: [126][320/390] | Time 0.083 (0.083) | Loss 2.5872 | Accs(C/F/R): 99.99/53.67/55.86 | Gain +2.19%
2025-11-19 23:22:21,512 - INFO  - Epoch: [126][340/390] | Time 0.083 (0.083) | Loss 2.5773 | Accs(C/F/R): 99.99/53.94/56.11 | Gain +2.16%
2025-11-19 23:22:23,166 - INFO  - Epoch: [126][360/390] | Time 0.082 (0.083) | Loss 2.5660 | Accs(C/F/R): 99.99/54.08/56.26 | Gain +2.18%
2025-11-19 23:22:24,800 - INFO  - Epoch: [126][380/390] | Time 0.081 (0.083) | Loss 2.5729 | Accs(C/F/R): 99.99/53.88/56.10 | Gain +2.22%
2025-11-19 23:22:25,658 - INFO  - Epoch 126: Train Loss (scheduler metric) = 2.5761
2025-11-19 23:22:25,679 - INFO  - ([126] Epoch) Saving checkpoint to:
             Current: /root/autodl-tmp/retraining-free-quantization/training/alexnet_cifar10_sensitive_stage2/alexnet_cifar10_sensitive_stage2_restorer_checkpoint.pth.tar

2025-11-19 23:22:25,679 - INFO  - >>>>>>>> Epoch 127
2025-11-19 23:22:25,679 - INFO  - [Stage2] Using random BER sampling [1e-2, 1e-1] for each batch at epoch 127
2025-11-19 23:22:25,679 - INFO  - Entered Stage 2 Restorer Training mode for epoch 127.
2025-11-19 23:22:27,534 - INFO  - Epoch: [127][20/390] | Time 0.081 (0.093) | Loss 2.8428 | Accs(C/F/R): 99.96/48.16/50.47 | Gain +2.30%
2025-11-19 23:22:29,173 - INFO  - Epoch: [127][40/390] | Time 0.081 (0.087) | Loss 2.6844 | Accs(C/F/R): 99.96/50.88/52.81 | Gain +1.93%
2025-11-19 23:22:30,833 - INFO  - Epoch: [127][60/390] | Time 0.083 (0.086) | Loss 2.6287 | Accs(C/F/R): 99.97/52.45/54.34 | Gain +1.89%
2025-11-19 23:22:32,481 - INFO  - Epoch: [127][80/390] | Time 0.082 (0.085) | Loss 2.5507 | Accs(C/F/R): 99.97/54.22/56.17 | Gain +1.95%
2025-11-19 23:22:34,124 - INFO  - Epoch: [127][100/390] | Time 0.081 (0.084) | Loss 2.5865 | Accs(C/F/R): 99.98/53.65/55.64 | Gain +1.99%
2025-11-19 23:22:35,780 - INFO  - Epoch: [127][120/390] | Time 0.082 (0.084) | Loss 2.5549 | Accs(C/F/R): 99.98/54.32/56.58 | Gain +2.26%
2025-11-19 23:22:37,446 - INFO  - Epoch: [127][140/390] | Time 0.085 (0.084) | Loss 2.5314 | Accs(C/F/R): 99.98/54.77/56.98 | Gain +2.22%
2025-11-19 23:22:39,091 - INFO  - Epoch: [127][160/390] | Time 0.082 (0.084) | Loss 2.5373 | Accs(C/F/R): 99.98/54.78/57.01 | Gain +2.23%
2025-11-19 23:22:40,753 - INFO  - Epoch: [127][180/390] | Time 0.086 (0.084) | Loss 2.5518 | Accs(C/F/R): 99.98/54.69/56.90 | Gain +2.21%
2025-11-19 23:22:42,427 - INFO  - Epoch: [127][200/390] | Time 0.090 (0.084) | Loss 2.5378 | Accs(C/F/R): 99.98/54.65/56.82 | Gain +2.17%
2025-11-19 23:22:44,079 - INFO  - Epoch: [127][220/390] | Time 0.083 (0.084) | Loss 2.5746 | Accs(C/F/R): 99.99/54.06/56.24 | Gain +2.18%
2025-11-19 23:22:45,727 - INFO  - Epoch: [127][240/390] | Time 0.086 (0.084) | Loss 2.5764 | Accs(C/F/R): 99.99/54.17/56.34 | Gain +2.17%
2025-11-19 23:22:47,381 - INFO  - Epoch: [127][260/390] | Time 0.085 (0.083) | Loss 2.5725 | Accs(C/F/R): 99.99/54.21/56.37 | Gain +2.16%
2025-11-19 23:22:49,023 - INFO  - Epoch: [127][280/390] | Time 0.082 (0.083) | Loss 2.5765 | Accs(C/F/R): 99.99/54.20/56.36 | Gain +2.17%
2025-11-19 23:22:50,682 - INFO  - Epoch: [127][300/390] | Time 0.083 (0.083) | Loss 2.5871 | Accs(C/F/R): 99.99/53.98/56.23 | Gain +2.25%
2025-11-19 23:22:52,342 - INFO  - Epoch: [127][320/390] | Time 0.086 (0.083) | Loss 2.5942 | Accs(C/F/R): 99.99/53.87/56.15 | Gain +2.27%
2025-11-19 23:22:54,022 - INFO  - Epoch: [127][340/390] | Time 0.084 (0.083) | Loss 2.5809 | Accs(C/F/R): 99.99/54.12/56.38 | Gain +2.26%
2025-11-19 23:22:55,681 - INFO  - Epoch: [127][360/390] | Time 0.084 (0.083) | Loss 2.5815 | Accs(C/F/R): 99.99/54.10/56.37 | Gain +2.27%
2025-11-19 23:22:57,345 - INFO  - Epoch: [127][380/390] | Time 0.085 (0.083) | Loss 2.5745 | Accs(C/F/R): 99.99/54.19/56.48 | Gain +2.29%
2025-11-19 23:22:58,218 - INFO  - Epoch 127: Train Loss (scheduler metric) = 2.5651
2025-11-19 23:22:58,238 - INFO  - ([127] Epoch) Saving checkpoint to:
             Current: /root/autodl-tmp/retraining-free-quantization/training/alexnet_cifar10_sensitive_stage2/alexnet_cifar10_sensitive_stage2_restorer_checkpoint.pth.tar

2025-11-19 23:22:58,238 - INFO  - >>>>>>>> Epoch 128
2025-11-19 23:22:58,238 - INFO  - [Stage2] Using random BER sampling [1e-2, 1e-1] for each batch at epoch 128
2025-11-19 23:22:58,238 - INFO  - Entered Stage 2 Restorer Training mode for epoch 128.
2025-11-19 23:23:00,151 - INFO  - Epoch: [128][20/390] | Time 0.082 (0.096) | Loss 3.0583 | Accs(C/F/R): 100.00/44.92/47.70 | Gain +2.77%
2025-11-19 23:23:01,799 - INFO  - Epoch: [128][40/390] | Time 0.083 (0.089) | Loss 2.9764 | Accs(C/F/R): 100.00/45.72/48.22 | Gain +2.50%
2025-11-19 23:23:03,449 - INFO  - Epoch: [128][60/390] | Time 0.082 (0.087) | Loss 2.8228 | Accs(C/F/R): 100.00/49.41/51.60 | Gain +2.19%
2025-11-19 23:23:05,102 - INFO  - Epoch: [128][80/390] | Time 0.083 (0.086) | Loss 2.6790 | Accs(C/F/R): 100.00/52.04/54.22 | Gain +2.18%
2025-11-19 23:23:06,749 - INFO  - Epoch: [128][100/390] | Time 0.083 (0.085) | Loss 2.6493 | Accs(C/F/R): 100.00/53.00/55.09 | Gain +2.09%
2025-11-19 23:23:08,404 - INFO  - Epoch: [128][120/390] | Time 0.082 (0.085) | Loss 2.6694 | Accs(C/F/R): 100.00/52.47/54.58 | Gain +2.10%
2025-11-19 23:23:10,063 - INFO  - Epoch: [128][140/390] | Time 0.082 (0.084) | Loss 2.5999 | Accs(C/F/R): 100.00/53.82/55.94 | Gain +2.11%
2025-11-19 23:23:11,711 - INFO  - Epoch: [128][160/390] | Time 0.082 (0.084) | Loss 2.5949 | Accs(C/F/R): 100.00/53.96/56.08 | Gain +2.11%
2025-11-19 23:23:13,364 - INFO  - Epoch: [128][180/390] | Time 0.082 (0.084) | Loss 2.6018 | Accs(C/F/R): 100.00/53.95/55.94 | Gain +1.98%
2025-11-19 23:23:15,022 - INFO  - Epoch: [128][200/390] | Time 0.086 (0.084) | Loss 2.6021 | Accs(C/F/R): 99.99/54.07/56.01 | Gain +1.94%
2025-11-19 23:23:16,676 - INFO  - Epoch: [128][220/390] | Time 0.083 (0.084) | Loss 2.6075 | Accs(C/F/R): 99.99/53.98/55.91 | Gain +1.94%
2025-11-19 23:23:18,332 - INFO  - Epoch: [128][240/390] | Time 0.083 (0.084) | Loss 2.6100 | Accs(C/F/R): 99.99/53.71/55.59 | Gain +1.88%
2025-11-19 23:23:19,985 - INFO  - Epoch: [128][260/390] | Time 0.082 (0.084) | Loss 2.6395 | Accs(C/F/R): 99.99/53.19/55.16 | Gain +1.97%
2025-11-19 23:23:21,632 - INFO  - Epoch: [128][280/390] | Time 0.082 (0.084) | Loss 2.6284 | Accs(C/F/R): 99.99/53.42/55.42 | Gain +2.00%
2025-11-19 23:23:23,281 - INFO  - Epoch: [128][300/390] | Time 0.082 (0.083) | Loss 2.6309 | Accs(C/F/R): 99.99/53.27/55.27 | Gain +2.01%
2025-11-19 23:23:24,932 - INFO  - Epoch: [128][320/390] | Time 0.082 (0.083) | Loss 2.6120 | Accs(C/F/R): 99.99/53.67/55.67 | Gain +2.00%
2025-11-19 23:23:26,591 - INFO  - Epoch: [128][340/390] | Time 0.081 (0.083) | Loss 2.6260 | Accs(C/F/R): 99.99/53.40/55.47 | Gain +2.07%
2025-11-19 23:23:28,249 - INFO  - Epoch: [128][360/390] | Time 0.083 (0.083) | Loss 2.6194 | Accs(C/F/R): 99.99/53.43/55.51 | Gain +2.08%
2025-11-19 23:23:29,889 - INFO  - Epoch: [128][380/390] | Time 0.081 (0.083) | Loss 2.6176 | Accs(C/F/R): 99.99/53.37/55.45 | Gain +2.09%
2025-11-19 23:23:30,759 - INFO  - Epoch 128: Train Loss (scheduler metric) = 2.6078
2025-11-19 23:23:30,780 - INFO  - ([128] Epoch) Saving checkpoint to:
             Current: /root/autodl-tmp/retraining-free-quantization/training/alexnet_cifar10_sensitive_stage2/alexnet_cifar10_sensitive_stage2_restorer_checkpoint.pth.tar

2025-11-19 23:23:30,780 - INFO  - >>>>>>>> Epoch 129
2025-11-19 23:23:30,780 - INFO  - [Stage2] Using random BER sampling [1e-2, 1e-1] for each batch at epoch 129
2025-11-19 23:23:30,780 - INFO  - Entered Stage 2 Restorer Training mode for epoch 129.
2025-11-19 23:23:32,679 - INFO  - Epoch: [129][20/390] | Time 0.083 (0.095) | Loss 2.7364 | Accs(C/F/R): 99.92/52.38/54.45 | Gain +2.07%
2025-11-19 23:23:34,338 - INFO  - Epoch: [129][40/390] | Time 0.086 (0.089) | Loss 2.6252 | Accs(C/F/R): 99.94/53.46/55.76 | Gain +2.30%
2025-11-19 23:23:36,012 - INFO  - Epoch: [129][60/390] | Time 0.082 (0.087) | Loss 2.4905 | Accs(C/F/R): 99.96/56.33/58.23 | Gain +1.90%
2025-11-19 23:23:37,667 - INFO  - Epoch: [129][80/390] | Time 0.082 (0.086) | Loss 2.4932 | Accs(C/F/R): 99.97/56.41/58.11 | Gain +1.70%
2025-11-19 23:23:39,310 - INFO  - Epoch: [129][100/390] | Time 0.082 (0.085) | Loss 2.5157 | Accs(C/F/R): 99.98/56.10/57.98 | Gain +1.88%
2025-11-19 23:23:40,956 - INFO  - Epoch: [129][120/390] | Time 0.081 (0.085) | Loss 2.5365 | Accs(C/F/R): 99.97/55.63/57.61 | Gain +1.98%
2025-11-19 23:23:42,602 - INFO  - Epoch: [129][140/390] | Time 0.084 (0.084) | Loss 2.5328 | Accs(C/F/R): 99.97/55.52/57.62 | Gain +2.10%
2025-11-19 23:23:44,248 - INFO  - Epoch: [129][160/390] | Time 0.083 (0.084) | Loss 2.5246 | Accs(C/F/R): 99.98/55.47/57.72 | Gain +2.26%
2025-11-19 23:23:45,899 - INFO  - Epoch: [129][180/390] | Time 0.081 (0.084) | Loss 2.5510 | Accs(C/F/R): 99.98/54.96/57.23 | Gain +2.27%
2025-11-19 23:23:47,554 - INFO  - Epoch: [129][200/390] | Time 0.082 (0.084) | Loss 2.5915 | Accs(C/F/R): 99.98/54.24/56.51 | Gain +2.27%
2025-11-19 23:23:49,205 - INFO  - Epoch: [129][220/390] | Time 0.083 (0.084) | Loss 2.5896 | Accs(C/F/R): 99.98/54.23/56.35 | Gain +2.13%
2025-11-19 23:23:50,863 - INFO  - Epoch: [129][240/390] | Time 0.082 (0.084) | Loss 2.5693 | Accs(C/F/R): 99.98/54.66/56.77 | Gain +2.11%
2025-11-19 23:23:52,503 - INFO  - Epoch: [129][260/390] | Time 0.081 (0.084) | Loss 2.5802 | Accs(C/F/R): 99.98/54.52/56.58 | Gain +2.07%
2025-11-19 23:23:54,170 - INFO  - Epoch: [129][280/390] | Time 0.085 (0.084) | Loss 2.5567 | Accs(C/F/R): 99.98/54.94/56.99 | Gain +2.05%
2025-11-19 23:23:55,817 - INFO  - Epoch: [129][300/390] | Time 0.081 (0.083) | Loss 2.5598 | Accs(C/F/R): 99.98/54.95/57.06 | Gain +2.11%
2025-11-19 23:23:57,482 - INFO  - Epoch: [129][320/390] | Time 0.082 (0.083) | Loss 2.5603 | Accs(C/F/R): 99.98/55.00/57.07 | Gain +2.06%
2025-11-19 23:23:59,132 - INFO  - Epoch: [129][340/390] | Time 0.084 (0.083) | Loss 2.5682 | Accs(C/F/R): 99.98/54.86/56.90 | Gain +2.04%
2025-11-19 23:24:00,792 - INFO  - Epoch: [129][360/390] | Time 0.082 (0.083) | Loss 2.5509 | Accs(C/F/R): 99.98/55.11/57.16 | Gain +2.05%
2025-11-19 23:24:02,465 - INFO  - Epoch: [129][380/390] | Time 0.083 (0.083) | Loss 2.5427 | Accs(C/F/R): 99.99/55.23/57.29 | Gain +2.06%
2025-11-19 23:24:03,356 - INFO  - Epoch 129: Train Loss (scheduler metric) = 2.5334
2025-11-19 23:24:03,377 - INFO  - ([129] Epoch) Saving checkpoint to:
             Current: /root/autodl-tmp/retraining-free-quantization/training/alexnet_cifar10_sensitive_stage2/alexnet_cifar10_sensitive_stage2_restorer_checkpoint.pth.tar

2025-11-19 23:24:03,377 - INFO  - >>>>>>>> Epoch 130
2025-11-19 23:24:03,377 - INFO  - [Stage2] Using random BER sampling [1e-2, 1e-1] for each batch at epoch 130
2025-11-19 23:24:03,377 - INFO  - Entered Stage 2 Restorer Training mode for epoch 130.
2025-11-19 23:24:05,296 - INFO  - Epoch: [130][20/390] | Time 0.082 (0.096) | Loss 2.3176 | Accs(C/F/R): 100.00/58.52/59.96 | Gain +1.45%
2025-11-19 23:24:06,948 - INFO  - Epoch: [130][40/390] | Time 0.081 (0.089) | Loss 2.4622 | Accs(C/F/R): 100.00/56.86/58.36 | Gain +1.50%
2025-11-19 23:24:08,601 - INFO  - Epoch: [130][60/390] | Time 0.082 (0.087) | Loss 2.4616 | Accs(C/F/R): 100.00/57.04/58.62 | Gain +1.58%
2025-11-19 23:24:10,253 - INFO  - Epoch: [130][80/390] | Time 0.083 (0.086) | Loss 2.4871 | Accs(C/F/R): 99.99/56.41/58.11 | Gain +1.70%
2025-11-19 23:24:11,911 - INFO  - Epoch: [130][100/390] | Time 0.087 (0.085) | Loss 2.4542 | Accs(C/F/R): 99.98/57.10/58.73 | Gain +1.62%
2025-11-19 23:24:13,572 - INFO  - Epoch: [130][120/390] | Time 0.081 (0.085) | Loss 2.4435 | Accs(C/F/R): 99.99/57.33/58.96 | Gain +1.63%
2025-11-19 23:24:15,207 - INFO  - Epoch: [130][140/390] | Time 0.084 (0.084) | Loss 2.5021 | Accs(C/F/R): 99.99/55.89/57.43 | Gain +1.55%
2025-11-19 23:24:16,874 - INFO  - Epoch: [130][160/390] | Time 0.083 (0.084) | Loss 2.5319 | Accs(C/F/R): 99.99/55.38/56.93 | Gain +1.56%
2025-11-19 23:24:18,523 - INFO  - Epoch: [130][180/390] | Time 0.081 (0.084) | Loss 2.5127 | Accs(C/F/R): 99.99/55.66/57.37 | Gain +1.71%
2025-11-19 23:24:20,183 - INFO  - Epoch: [130][200/390] | Time 0.085 (0.084) | Loss 2.4997 | Accs(C/F/R): 99.99/55.79/57.59 | Gain +1.80%
2025-11-19 23:24:21,830 - INFO  - Epoch: [130][220/390] | Time 0.084 (0.084) | Loss 2.5217 | Accs(C/F/R): 99.99/55.34/57.15 | Gain +1.81%
2025-11-19 23:24:23,490 - INFO  - Epoch: [130][240/390] | Time 0.085 (0.084) | Loss 2.5614 | Accs(C/F/R): 99.98/54.69/56.52 | Gain +1.84%
2025-11-19 23:24:25,146 - INFO  - Epoch: [130][260/390] | Time 0.085 (0.084) | Loss 2.5546 | Accs(C/F/R): 99.98/54.83/56.65 | Gain +1.82%
2025-11-19 23:24:26,813 - INFO  - Epoch: [130][280/390] | Time 0.089 (0.084) | Loss 2.5405 | Accs(C/F/R): 99.98/54.94/56.84 | Gain +1.89%
2025-11-19 23:24:28,471 - INFO  - Epoch: [130][300/390] | Time 0.083 (0.084) | Loss 2.5503 | Accs(C/F/R): 99.98/54.63/56.57 | Gain +1.93%
2025-11-19 23:24:30,129 - INFO  - Epoch: [130][320/390] | Time 0.083 (0.084) | Loss 2.5429 | Accs(C/F/R): 99.98/54.84/56.79 | Gain +1.96%
2025-11-19 23:24:31,780 - INFO  - Epoch: [130][340/390] | Time 0.082 (0.084) | Loss 2.5280 | Accs(C/F/R): 99.98/55.21/57.14 | Gain +1.94%
2025-11-19 23:24:33,425 - INFO  - Epoch: [130][360/390] | Time 0.082 (0.083) | Loss 2.5426 | Accs(C/F/R): 99.98/54.97/56.89 | Gain +1.92%
2025-11-19 23:24:35,083 - INFO  - Epoch: [130][380/390] | Time 0.082 (0.083) | Loss 2.5420 | Accs(C/F/R): 99.98/54.98/56.93 | Gain +1.95%
2025-11-19 23:24:35,948 - INFO  - Epoch 130: Train Loss (scheduler metric) = 2.5347
2025-11-19 23:24:35,968 - INFO  - ([130] Epoch) Saving checkpoint to:
             Current: /root/autodl-tmp/retraining-free-quantization/training/alexnet_cifar10_sensitive_stage2/alexnet_cifar10_sensitive_stage2_restorer_checkpoint.pth.tar

2025-11-19 23:24:35,968 - INFO  - >>>>>>>> Epoch 131
2025-11-19 23:24:35,968 - INFO  - [Stage2] Using random BER sampling [1e-2, 1e-1] for each batch at epoch 131
2025-11-19 23:24:35,968 - INFO  - Entered Stage 2 Restorer Training mode for epoch 131.
2025-11-19 23:24:37,860 - INFO  - Epoch: [131][20/390] | Time 0.081 (0.095) | Loss 2.5108 | Accs(C/F/R): 100.00/56.37/59.14 | Gain +2.77%
2025-11-19 23:24:39,509 - INFO  - Epoch: [131][40/390] | Time 0.082 (0.088) | Loss 2.6370 | Accs(C/F/R): 100.00/54.67/56.78 | Gain +2.11%
2025-11-19 23:24:41,152 - INFO  - Epoch: [131][60/390] | Time 0.081 (0.086) | Loss 2.7473 | Accs(C/F/R): 100.00/51.77/54.04 | Gain +2.27%
2025-11-19 23:24:42,811 - INFO  - Epoch: [131][80/390] | Time 0.083 (0.086) | Loss 2.7573 | Accs(C/F/R): 100.00/51.67/53.87 | Gain +2.20%
2025-11-19 23:24:44,456 - INFO  - Epoch: [131][100/390] | Time 0.082 (0.085) | Loss 2.6870 | Accs(C/F/R): 100.00/52.53/54.74 | Gain +2.21%
2025-11-19 23:24:46,129 - INFO  - Epoch: [131][120/390] | Time 0.086 (0.085) | Loss 2.6949 | Accs(C/F/R): 100.00/52.34/54.64 | Gain +2.30%
2025-11-19 23:24:47,773 - INFO  - Epoch: [131][140/390] | Time 0.081 (0.084) | Loss 2.6747 | Accs(C/F/R): 100.00/52.66/54.90 | Gain +2.24%
2025-11-19 23:24:49,436 - INFO  - Epoch: [131][160/390] | Time 0.085 (0.084) | Loss 2.7060 | Accs(C/F/R): 100.00/52.00/54.20 | Gain +2.20%
2025-11-19 23:24:51,104 - INFO  - Epoch: [131][180/390] | Time 0.084 (0.084) | Loss 2.7014 | Accs(C/F/R): 100.00/52.28/54.39 | Gain +2.11%
2025-11-19 23:24:52,772 - INFO  - Epoch: [131][200/390] | Time 0.082 (0.084) | Loss 2.6613 | Accs(C/F/R): 100.00/53.05/55.06 | Gain +2.02%
2025-11-19 23:24:54,426 - INFO  - Epoch: [131][220/390] | Time 0.082 (0.084) | Loss 2.6615 | Accs(C/F/R): 100.00/53.11/55.00 | Gain +1.89%
2025-11-19 23:24:56,100 - INFO  - Epoch: [131][240/390] | Time 0.082 (0.084) | Loss 2.6352 | Accs(C/F/R): 100.00/53.54/55.44 | Gain +1.90%
2025-11-19 23:24:57,755 - INFO  - Epoch: [131][260/390] | Time 0.082 (0.084) | Loss 2.6273 | Accs(C/F/R): 100.00/53.71/55.62 | Gain +1.91%
2025-11-19 23:24:59,417 - INFO  - Epoch: [131][280/390] | Time 0.084 (0.084) | Loss 2.6115 | Accs(C/F/R): 100.00/53.98/55.88 | Gain +1.90%
2025-11-19 23:25:01,068 - INFO  - Epoch: [131][300/390] | Time 0.085 (0.084) | Loss 2.6381 | Accs(C/F/R): 100.00/53.58/55.49 | Gain +1.91%
2025-11-19 23:25:02,740 - INFO  - Epoch: [131][320/390] | Time 0.082 (0.084) | Loss 2.6077 | Accs(C/F/R): 100.00/54.17/56.01 | Gain +1.84%
2025-11-19 23:25:04,383 - INFO  - Epoch: [131][340/390] | Time 0.083 (0.084) | Loss 2.6070 | Accs(C/F/R): 100.00/54.11/55.97 | Gain +1.86%
2025-11-19 23:25:06,036 - INFO  - Epoch: [131][360/390] | Time 0.082 (0.084) | Loss 2.5919 | Accs(C/F/R): 100.00/54.31/56.18 | Gain +1.87%
2025-11-19 23:25:07,690 - INFO  - Epoch: [131][380/390] | Time 0.085 (0.083) | Loss 2.5971 | Accs(C/F/R): 100.00/54.22/56.19 | Gain +1.97%
2025-11-19 23:25:08,556 - INFO  - Epoch 131: Train Loss (scheduler metric) = 2.5795
2025-11-19 23:25:08,576 - INFO  - ([131] Epoch) Saving checkpoint to:
             Current: /root/autodl-tmp/retraining-free-quantization/training/alexnet_cifar10_sensitive_stage2/alexnet_cifar10_sensitive_stage2_restorer_checkpoint.pth.tar

2025-11-19 23:25:08,577 - INFO  - >>>>>>>> Epoch 132
2025-11-19 23:25:08,577 - INFO  - [Stage2] Using random BER sampling [1e-2, 1e-1] for each batch at epoch 132
2025-11-19 23:25:08,577 - INFO  - Entered Stage 2 Restorer Training mode for epoch 132.
2025-11-19 23:25:10,474 - INFO  - Epoch: [132][20/390] | Time 0.082 (0.095) | Loss 1.9595 | Accs(C/F/R): 100.00/66.02/67.54 | Gain +1.52%
2025-11-19 23:25:12,132 - INFO  - Epoch: [132][40/390] | Time 0.082 (0.089) | Loss 2.4228 | Accs(C/F/R): 99.98/58.52/60.06 | Gain +1.54%
2025-11-19 23:25:13,782 - INFO  - Epoch: [132][60/390] | Time 0.085 (0.087) | Loss 2.4583 | Accs(C/F/R): 99.99/57.66/59.11 | Gain +1.46%
2025-11-19 23:25:15,442 - INFO  - Epoch: [132][80/390] | Time 0.081 (0.086) | Loss 2.4030 | Accs(C/F/R): 99.99/58.25/59.82 | Gain +1.57%
2025-11-19 23:25:17,099 - INFO  - Epoch: [132][100/390] | Time 0.082 (0.085) | Loss 2.4061 | Accs(C/F/R): 99.99/58.12/59.79 | Gain +1.66%
2025-11-19 23:25:18,757 - INFO  - Epoch: [132][120/390] | Time 0.082 (0.085) | Loss 2.4295 | Accs(C/F/R): 99.99/57.57/59.18 | Gain +1.61%
2025-11-19 23:25:20,405 - INFO  - Epoch: [132][140/390] | Time 0.082 (0.084) | Loss 2.4557 | Accs(C/F/R): 99.98/56.80/58.50 | Gain +1.71%
2025-11-19 23:25:22,051 - INFO  - Epoch: [132][160/390] | Time 0.081 (0.084) | Loss 2.4909 | Accs(C/F/R): 99.98/56.05/57.91 | Gain +1.86%
2025-11-19 23:25:23,711 - INFO  - Epoch: [132][180/390] | Time 0.085 (0.084) | Loss 2.4811 | Accs(C/F/R): 99.98/56.22/57.93 | Gain +1.71%
2025-11-19 23:25:25,360 - INFO  - Epoch: [132][200/390] | Time 0.084 (0.084) | Loss 2.4888 | Accs(C/F/R): 99.98/56.22/57.94 | Gain +1.72%
2025-11-19 23:25:27,013 - INFO  - Epoch: [132][220/390] | Time 0.083 (0.084) | Loss 2.4979 | Accs(C/F/R): 99.98/56.10/57.81 | Gain +1.71%
2025-11-19 23:25:28,659 - INFO  - Epoch: [132][240/390] | Time 0.082 (0.084) | Loss 2.4916 | Accs(C/F/R): 99.98/56.27/58.12 | Gain +1.85%
2025-11-19 23:25:30,327 - INFO  - Epoch: [132][260/390] | Time 0.084 (0.084) | Loss 2.4913 | Accs(C/F/R): 99.98/56.32/58.19 | Gain +1.87%
2025-11-19 23:25:31,994 - INFO  - Epoch: [132][280/390] | Time 0.085 (0.084) | Loss 2.5217 | Accs(C/F/R): 99.98/55.86/57.72 | Gain +1.86%
2025-11-19 23:25:33,658 - INFO  - Epoch: [132][300/390] | Time 0.083 (0.084) | Loss 2.5028 | Accs(C/F/R): 99.98/56.15/58.06 | Gain +1.91%
2025-11-19 23:25:35,332 - INFO  - Epoch: [132][320/390] | Time 0.083 (0.084) | Loss 2.5211 | Accs(C/F/R): 99.98/55.85/57.71 | Gain +1.86%
2025-11-19 23:25:37,015 - INFO  - Epoch: [132][340/390] | Time 0.085 (0.084) | Loss 2.5156 | Accs(C/F/R): 99.98/56.00/57.86 | Gain +1.86%
2025-11-19 23:25:38,689 - INFO  - Epoch: [132][360/390] | Time 0.084 (0.084) | Loss 2.5266 | Accs(C/F/R): 99.98/55.73/57.67 | Gain +1.94%
2025-11-19 23:25:40,355 - INFO  - Epoch: [132][380/390] | Time 0.082 (0.084) | Loss 2.5029 | Accs(C/F/R): 99.99/56.11/58.08 | Gain +1.97%
2025-11-19 23:25:41,221 - INFO  - Epoch 132: Train Loss (scheduler metric) = 2.5022
2025-11-19 23:25:41,241 - INFO  - ([132] Epoch) Saving checkpoint to:
             Current: /root/autodl-tmp/retraining-free-quantization/training/alexnet_cifar10_sensitive_stage2/alexnet_cifar10_sensitive_stage2_restorer_checkpoint.pth.tar

2025-11-19 23:25:41,241 - INFO  - >>>>>>>> Epoch 133
2025-11-19 23:25:41,241 - INFO  - [Stage2] Using random BER sampling [1e-2, 1e-1] for each batch at epoch 133
2025-11-19 23:25:41,241 - INFO  - Entered Stage 2 Restorer Training mode for epoch 133.
2025-11-19 23:25:43,147 - INFO  - Epoch: [133][20/390] | Time 0.085 (0.095) | Loss 2.2875 | Accs(C/F/R): 100.00/60.62/62.50 | Gain +1.88%
2025-11-19 23:25:44,805 - INFO  - Epoch: [133][40/390] | Time 0.082 (0.089) | Loss 2.4909 | Accs(C/F/R): 100.00/56.45/58.67 | Gain +2.23%
2025-11-19 23:25:46,461 - INFO  - Epoch: [133][60/390] | Time 0.081 (0.087) | Loss 2.5285 | Accs(C/F/R): 100.00/55.76/57.99 | Gain +2.24%
2025-11-19 23:25:48,125 - INFO  - Epoch: [133][80/390] | Time 0.082 (0.086) | Loss 2.5444 | Accs(C/F/R): 100.00/54.81/57.29 | Gain +2.48%
2025-11-19 23:25:49,769 - INFO  - Epoch: [133][100/390] | Time 0.084 (0.085) | Loss 2.5544 | Accs(C/F/R): 100.00/54.93/57.04 | Gain +2.11%
2025-11-19 23:25:51,430 - INFO  - Epoch: [133][120/390] | Time 0.083 (0.085) | Loss 2.5925 | Accs(C/F/R): 100.00/54.16/56.31 | Gain +2.15%
2025-11-19 23:25:53,083 - INFO  - Epoch: [133][140/390] | Time 0.081 (0.085) | Loss 2.5711 | Accs(C/F/R): 100.00/54.29/56.67 | Gain +2.38%
2025-11-19 23:25:54,753 - INFO  - Epoch: [133][160/390] | Time 0.085 (0.084) | Loss 2.6020 | Accs(C/F/R): 100.00/53.71/56.20 | Gain +2.49%
2025-11-19 23:25:56,410 - INFO  - Epoch: [133][180/390] | Time 0.082 (0.084) | Loss 2.5758 | Accs(C/F/R): 100.00/54.14/56.60 | Gain +2.46%
2025-11-19 23:25:58,053 - INFO  - Epoch: [133][200/390] | Time 0.082 (0.084) | Loss 2.5693 | Accs(C/F/R): 100.00/54.22/56.67 | Gain +2.45%
2025-11-19 23:25:59,699 - INFO  - Epoch: [133][220/390] | Time 0.081 (0.084) | Loss 2.5733 | Accs(C/F/R): 99.99/54.04/56.38 | Gain +2.35%
2025-11-19 23:26:01,348 - INFO  - Epoch: [133][240/390] | Time 0.084 (0.084) | Loss 2.5727 | Accs(C/F/R): 99.99/54.20/56.48 | Gain +2.28%
2025-11-19 23:26:03,009 - INFO  - Epoch: [133][260/390] | Time 0.084 (0.084) | Loss 2.5814 | Accs(C/F/R): 99.99/54.16/56.39 | Gain +2.24%
2025-11-19 23:26:04,658 - INFO  - Epoch: [133][280/390] | Time 0.081 (0.084) | Loss 2.5694 | Accs(C/F/R): 99.99/54.32/56.46 | Gain +2.14%
2025-11-19 23:26:06,294 - INFO  - Epoch: [133][300/390] | Time 0.081 (0.084) | Loss 2.5723 | Accs(C/F/R): 99.99/54.43/56.54 | Gain +2.11%
2025-11-19 23:26:07,945 - INFO  - Epoch: [133][320/390] | Time 0.082 (0.083) | Loss 2.5474 | Accs(C/F/R): 99.99/54.99/57.02 | Gain +2.03%
2025-11-19 23:26:09,573 - INFO  - Epoch: [133][340/390] | Time 0.082 (0.083) | Loss 2.5567 | Accs(C/F/R): 99.99/54.87/56.92 | Gain +2.05%
2025-11-19 23:26:11,207 - INFO  - Epoch: [133][360/390] | Time 0.081 (0.083) | Loss 2.5590 | Accs(C/F/R): 99.99/54.85/56.83 | Gain +1.99%
2025-11-19 23:26:12,846 - INFO  - Epoch: [133][380/390] | Time 0.081 (0.083) | Loss 2.5456 | Accs(C/F/R): 99.99/55.06/57.04 | Gain +1.99%
2025-11-19 23:26:13,712 - INFO  - Epoch 133: Train Loss (scheduler metric) = 2.5489
2025-11-19 23:26:13,731 - INFO  - ([133] Epoch) Saving checkpoint to:
             Current: /root/autodl-tmp/retraining-free-quantization/training/alexnet_cifar10_sensitive_stage2/alexnet_cifar10_sensitive_stage2_restorer_checkpoint.pth.tar

2025-11-19 23:26:13,731 - INFO  - >>>>>>>> Epoch 134
2025-11-19 23:26:13,731 - INFO  - [Stage2] Using random BER sampling [1e-2, 1e-1] for each batch at epoch 134
2025-11-19 23:26:13,731 - INFO  - Entered Stage 2 Restorer Training mode for epoch 134.
2025-11-19 23:26:15,611 - INFO  - Epoch: [134][20/390] | Time 0.082 (0.094) | Loss 2.3417 | Accs(C/F/R): 100.00/56.45/59.06 | Gain +2.62%
2025-11-19 23:26:17,281 - INFO  - Epoch: [134][40/390] | Time 0.083 (0.089) | Loss 2.2017 | Accs(C/F/R): 100.00/59.84/61.74 | Gain +1.89%
2025-11-19 23:26:18,954 - INFO  - Epoch: [134][60/390] | Time 0.083 (0.087) | Loss 2.3007 | Accs(C/F/R): 100.00/58.61/60.69 | Gain +2.08%
2025-11-19 23:26:20,647 - INFO  - Epoch: [134][80/390] | Time 0.084 (0.086) | Loss 2.3559 | Accs(C/F/R): 100.00/57.64/59.68 | Gain +2.04%
2025-11-19 23:26:22,309 - INFO  - Epoch: [134][100/390] | Time 0.084 (0.086) | Loss 2.3475 | Accs(C/F/R): 100.00/58.15/59.95 | Gain +1.80%
2025-11-19 23:26:23,955 - INFO  - Epoch: [134][120/390] | Time 0.082 (0.085) | Loss 2.3845 | Accs(C/F/R): 100.00/57.55/59.46 | Gain +1.91%
2025-11-19 23:26:25,607 - INFO  - Epoch: [134][140/390] | Time 0.083 (0.085) | Loss 2.4446 | Accs(C/F/R): 100.00/56.55/58.57 | Gain +2.02%
2025-11-19 23:26:27,269 - INFO  - Epoch: [134][160/390] | Time 0.082 (0.085) | Loss 2.4458 | Accs(C/F/R): 99.99/56.58/58.52 | Gain +1.93%
2025-11-19 23:26:28,927 - INFO  - Epoch: [134][180/390] | Time 0.086 (0.084) | Loss 2.4305 | Accs(C/F/R): 99.99/56.96/58.79 | Gain +1.83%
2025-11-19 23:26:30,585 - INFO  - Epoch: [134][200/390] | Time 0.085 (0.084) | Loss 2.4102 | Accs(C/F/R): 99.99/57.29/59.15 | Gain +1.86%
2025-11-19 23:26:32,241 - INFO  - Epoch: [134][220/390] | Time 0.082 (0.084) | Loss 2.4235 | Accs(C/F/R): 99.99/56.85/58.81 | Gain +1.96%
2025-11-19 23:26:33,901 - INFO  - Epoch: [134][240/390] | Time 0.082 (0.084) | Loss 2.4255 | Accs(C/F/R): 99.99/56.73/58.76 | Gain +2.03%
2025-11-19 23:26:35,561 - INFO  - Epoch: [134][260/390] | Time 0.087 (0.084) | Loss 2.4399 | Accs(C/F/R): 99.99/56.48/58.47 | Gain +1.99%
2025-11-19 23:26:37,221 - INFO  - Epoch: [134][280/390] | Time 0.083 (0.084) | Loss 2.4518 | Accs(C/F/R): 99.99/56.45/58.41 | Gain +1.96%
2025-11-19 23:26:38,884 - INFO  - Epoch: [134][300/390] | Time 0.082 (0.084) | Loss 2.4703 | Accs(C/F/R): 99.99/56.24/58.22 | Gain +1.99%
2025-11-19 23:26:40,530 - INFO  - Epoch: [134][320/390] | Time 0.081 (0.084) | Loss 2.4756 | Accs(C/F/R): 99.99/56.12/58.11 | Gain +1.99%
2025-11-19 23:26:42,183 - INFO  - Epoch: [134][340/390] | Time 0.084 (0.084) | Loss 2.4876 | Accs(C/F/R): 99.99/55.84/57.85 | Gain +2.01%
2025-11-19 23:26:43,835 - INFO  - Epoch: [134][360/390] | Time 0.082 (0.084) | Loss 2.4960 | Accs(C/F/R): 99.99/55.84/57.85 | Gain +2.02%
2025-11-19 23:26:45,505 - INFO  - Epoch: [134][380/390] | Time 0.084 (0.084) | Loss 2.5038 | Accs(C/F/R): 99.99/55.78/57.77 | Gain +1.99%
2025-11-19 23:26:46,389 - INFO  - Epoch 134: Train Loss (scheduler metric) = 2.5026
2025-11-19 23:26:46,409 - INFO  - ([134] Epoch) Saving checkpoint to:
             Current: /root/autodl-tmp/retraining-free-quantization/training/alexnet_cifar10_sensitive_stage2/alexnet_cifar10_sensitive_stage2_restorer_checkpoint.pth.tar

2025-11-19 23:26:46,409 - INFO  - >>>>>>>> Epoch 135
2025-11-19 23:26:46,409 - INFO  - [Stage2] Using random BER sampling [1e-2, 1e-1] for each batch at epoch 135
2025-11-19 23:26:46,409 - INFO  - Entered Stage 2 Restorer Training mode for epoch 135.
2025-11-19 23:26:48,299 - INFO  - Epoch: [135][20/390] | Time 0.082 (0.094) | Loss 2.3947 | Accs(C/F/R): 100.00/58.20/59.02 | Gain +0.82%
2025-11-19 23:26:49,964 - INFO  - Epoch: [135][40/390] | Time 0.083 (0.089) | Loss 2.5412 | Accs(C/F/R): 100.00/55.04/56.68 | Gain +1.64%
2025-11-19 23:26:51,628 - INFO  - Epoch: [135][60/390] | Time 0.082 (0.087) | Loss 2.5680 | Accs(C/F/R): 99.99/54.75/56.29 | Gain +1.54%
2025-11-19 23:26:53,298 - INFO  - Epoch: [135][80/390] | Time 0.086 (0.086) | Loss 2.4759 | Accs(C/F/R): 99.99/56.47/58.12 | Gain +1.65%
2025-11-19 23:26:54,960 - INFO  - Epoch: [135][100/390] | Time 0.086 (0.085) | Loss 2.5118 | Accs(C/F/R): 99.99/56.17/57.84 | Gain +1.67%
2025-11-19 23:26:56,615 - INFO  - Epoch: [135][120/390] | Time 0.085 (0.085) | Loss 2.5171 | Accs(C/F/R): 99.99/55.90/57.66 | Gain +1.76%
2025-11-19 23:26:58,259 - INFO  - Epoch: [135][140/390] | Time 0.081 (0.085) | Loss 2.5323 | Accs(C/F/R): 99.99/55.60/57.50 | Gain +1.90%
2025-11-19 23:26:59,914 - INFO  - Epoch: [135][160/390] | Time 0.083 (0.084) | Loss 2.5462 | Accs(C/F/R): 100.00/55.19/57.06 | Gain +1.87%
2025-11-19 23:27:01,592 - INFO  - Epoch: [135][180/390] | Time 0.085 (0.084) | Loss 2.5364 | Accs(C/F/R): 100.00/55.51/57.42 | Gain +1.91%
2025-11-19 23:27:03,256 - INFO  - Epoch: [135][200/390] | Time 0.082 (0.084) | Loss 2.5524 | Accs(C/F/R): 100.00/55.02/56.95 | Gain +1.93%
2025-11-19 23:27:04,916 - INFO  - Epoch: [135][220/390] | Time 0.082 (0.084) | Loss 2.5638 | Accs(C/F/R): 100.00/54.78/56.72 | Gain +1.93%
2025-11-19 23:27:06,572 - INFO  - Epoch: [135][240/390] | Time 0.087 (0.084) | Loss 2.5433 | Accs(C/F/R): 100.00/55.13/57.05 | Gain +1.92%
2025-11-19 23:27:08,215 - INFO  - Epoch: [135][260/390] | Time 0.082 (0.084) | Loss 2.5233 | Accs(C/F/R): 100.00/55.41/57.38 | Gain +1.97%
2025-11-19 23:27:09,867 - INFO  - Epoch: [135][280/390] | Time 0.082 (0.084) | Loss 2.5173 | Accs(C/F/R): 100.00/55.51/57.46 | Gain +1.95%
2025-11-19 23:27:11,521 - INFO  - Epoch: [135][300/390] | Time 0.082 (0.084) | Loss 2.4862 | Accs(C/F/R): 100.00/56.03/57.95 | Gain +1.91%
2025-11-19 23:27:13,194 - INFO  - Epoch: [135][320/390] | Time 0.081 (0.084) | Loss 2.4841 | Accs(C/F/R): 100.00/56.14/58.11 | Gain +1.97%
2025-11-19 23:27:14,856 - INFO  - Epoch: [135][340/390] | Time 0.082 (0.084) | Loss 2.4759 | Accs(C/F/R): 100.00/56.15/58.10 | Gain +1.95%
2025-11-19 23:27:16,505 - INFO  - Epoch: [135][360/390] | Time 0.083 (0.084) | Loss 2.4773 | Accs(C/F/R): 100.00/56.20/58.12 | Gain +1.92%
2025-11-19 23:27:18,151 - INFO  - Epoch: [135][380/390] | Time 0.082 (0.084) | Loss 2.4801 | Accs(C/F/R): 100.00/56.17/58.15 | Gain +1.97%
2025-11-19 23:27:19,021 - INFO  - Epoch 135: Train Loss (scheduler metric) = 2.4849
2025-11-19 23:27:19,043 - INFO  - ([135] Epoch) Saving checkpoint to:
             Current: /root/autodl-tmp/retraining-free-quantization/training/alexnet_cifar10_sensitive_stage2/alexnet_cifar10_sensitive_stage2_restorer_checkpoint.pth.tar

2025-11-19 23:27:19,044 - INFO  - >>>>>>>> Epoch 136
2025-11-19 23:27:19,044 - INFO  - [Stage2] Using random BER sampling [1e-2, 1e-1] for each batch at epoch 136
2025-11-19 23:27:19,044 - INFO  - Entered Stage 2 Restorer Training mode for epoch 136.
2025-11-19 23:27:20,944 - INFO  - Epoch: [136][20/390] | Time 0.085 (0.095) | Loss 2.6954 | Accs(C/F/R): 100.00/52.19/54.57 | Gain +2.38%
2025-11-19 23:27:22,601 - INFO  - Epoch: [136][40/390] | Time 0.082 (0.089) | Loss 2.6792 | Accs(C/F/R): 100.00/52.46/54.80 | Gain +2.34%
2025-11-19 23:27:24,269 - INFO  - Epoch: [136][60/390] | Time 0.084 (0.087) | Loss 2.5796 | Accs(C/F/R): 100.00/54.19/56.59 | Gain +2.40%
2025-11-19 23:27:25,929 - INFO  - Epoch: [136][80/390] | Time 0.084 (0.086) | Loss 2.6776 | Accs(C/F/R): 100.00/52.61/54.97 | Gain +2.36%
2025-11-19 23:27:27,577 - INFO  - Epoch: [136][100/390] | Time 0.083 (0.085) | Loss 2.4971 | Accs(C/F/R): 99.99/56.14/58.19 | Gain +2.05%
2025-11-19 23:27:29,228 - INFO  - Epoch: [136][120/390] | Time 0.082 (0.085) | Loss 2.5057 | Accs(C/F/R): 99.99/56.13/58.09 | Gain +1.95%
2025-11-19 23:27:30,891 - INFO  - Epoch: [136][140/390] | Time 0.083 (0.085) | Loss 2.4796 | Accs(C/F/R): 99.98/56.41/58.42 | Gain +2.01%
2025-11-19 23:27:32,556 - INFO  - Epoch: [136][160/390] | Time 0.085 (0.084) | Loss 2.4920 | Accs(C/F/R): 99.99/56.13/58.20 | Gain +2.07%
2025-11-19 23:27:34,218 - INFO  - Epoch: [136][180/390] | Time 0.084 (0.084) | Loss 2.4564 | Accs(C/F/R): 99.99/56.80/58.84 | Gain +2.04%
2025-11-19 23:27:35,876 - INFO  - Epoch: [136][200/390] | Time 0.082 (0.084) | Loss 2.4638 | Accs(C/F/R): 99.98/56.59/58.73 | Gain +2.14%
2025-11-19 23:27:37,534 - INFO  - Epoch: [136][220/390] | Time 0.083 (0.084) | Loss 2.4568 | Accs(C/F/R): 99.99/56.72/58.93 | Gain +2.21%
2025-11-19 23:27:39,212 - INFO  - Epoch: [136][240/390] | Time 0.082 (0.084) | Loss 2.4531 | Accs(C/F/R): 99.99/56.69/58.96 | Gain +2.28%
2025-11-19 23:27:40,869 - INFO  - Epoch: [136][260/390] | Time 0.082 (0.084) | Loss 2.4400 | Accs(C/F/R): 99.99/56.90/59.18 | Gain +2.28%
2025-11-19 23:27:42,519 - INFO  - Epoch: [136][280/390] | Time 0.082 (0.084) | Loss 2.4519 | Accs(C/F/R): 99.99/56.62/58.83 | Gain +2.20%
2025-11-19 23:27:44,174 - INFO  - Epoch: [136][300/390] | Time 0.082 (0.084) | Loss 2.4817 | Accs(C/F/R): 99.99/56.11/58.33 | Gain +2.22%
2025-11-19 23:27:45,823 - INFO  - Epoch: [136][320/390] | Time 0.082 (0.084) | Loss 2.4853 | Accs(C/F/R): 99.99/56.02/58.23 | Gain +2.21%
2025-11-19 23:27:47,469 - INFO  - Epoch: [136][340/390] | Time 0.081 (0.084) | Loss 2.4938 | Accs(C/F/R): 99.99/55.89/58.10 | Gain +2.21%
2025-11-19 23:27:49,122 - INFO  - Epoch: [136][360/390] | Time 0.082 (0.084) | Loss 2.4926 | Accs(C/F/R): 99.98/55.86/58.08 | Gain +2.22%
2025-11-19 23:27:50,773 - INFO  - Epoch: [136][380/390] | Time 0.081 (0.083) | Loss 2.4890 | Accs(C/F/R): 99.98/55.95/58.18 | Gain +2.23%
2025-11-19 23:27:51,649 - INFO  - Epoch 136: Train Loss (scheduler metric) = 2.4967
2025-11-19 23:27:51,669 - INFO  - ([136] Epoch) Saving checkpoint to:
             Current: /root/autodl-tmp/retraining-free-quantization/training/alexnet_cifar10_sensitive_stage2/alexnet_cifar10_sensitive_stage2_restorer_checkpoint.pth.tar

2025-11-19 23:27:51,669 - INFO  - >>>>>>>> Epoch 137
2025-11-19 23:27:51,669 - INFO  - [Stage2] Using random BER sampling [1e-2, 1e-1] for each batch at epoch 137
2025-11-19 23:27:51,669 - INFO  - Entered Stage 2 Restorer Training mode for epoch 137.
2025-11-19 23:27:53,556 - INFO  - Epoch: [137][20/390] | Time 0.083 (0.094) | Loss 2.4820 | Accs(C/F/R): 99.96/54.61/56.33 | Gain +1.72%
2025-11-19 23:27:55,224 - INFO  - Epoch: [137][40/390] | Time 0.082 (0.089) | Loss 2.4371 | Accs(C/F/R): 99.98/55.80/57.58 | Gain +1.78%
2025-11-19 23:27:56,874 - INFO  - Epoch: [137][60/390] | Time 0.082 (0.087) | Loss 2.5443 | Accs(C/F/R): 99.99/54.30/56.48 | Gain +2.19%
2025-11-19 23:27:58,518 - INFO  - Epoch: [137][80/390] | Time 0.082 (0.086) | Loss 2.5306 | Accs(C/F/R): 99.99/54.48/56.65 | Gain +2.17%
2025-11-19 23:28:00,171 - INFO  - Epoch: [137][100/390] | Time 0.086 (0.085) | Loss 2.5101 | Accs(C/F/R): 99.99/55.04/57.14 | Gain +2.10%
2025-11-19 23:28:01,819 - INFO  - Epoch: [137][120/390] | Time 0.082 (0.085) | Loss 2.5028 | Accs(C/F/R): 99.99/55.10/57.22 | Gain +2.12%
2025-11-19 23:28:03,472 - INFO  - Epoch: [137][140/390] | Time 0.082 (0.084) | Loss 2.4814 | Accs(C/F/R): 99.99/55.68/57.70 | Gain +2.01%
2025-11-19 23:28:05,116 - INFO  - Epoch: [137][160/390] | Time 0.082 (0.084) | Loss 2.5295 | Accs(C/F/R): 100.00/54.93/56.99 | Gain +2.06%
2025-11-19 23:28:06,755 - INFO  - Epoch: [137][180/390] | Time 0.082 (0.084) | Loss 2.5203 | Accs(C/F/R): 100.00/54.97/57.13 | Gain +2.16%
2025-11-19 23:28:08,402 - INFO  - Epoch: [137][200/390] | Time 0.085 (0.084) | Loss 2.5403 | Accs(C/F/R): 100.00/54.55/56.70 | Gain +2.15%
2025-11-19 23:28:10,066 - INFO  - Epoch: [137][220/390] | Time 0.085 (0.084) | Loss 2.5350 | Accs(C/F/R): 100.00/54.82/56.89 | Gain +2.08%
2025-11-19 23:28:11,712 - INFO  - Epoch: [137][240/390] | Time 0.084 (0.084) | Loss 2.5366 | Accs(C/F/R): 100.00/54.88/56.99 | Gain +2.11%
2025-11-19 23:28:13,366 - INFO  - Epoch: [137][260/390] | Time 0.082 (0.083) | Loss 2.5363 | Accs(C/F/R): 100.00/54.75/56.89 | Gain +2.14%
2025-11-19 23:28:15,017 - INFO  - Epoch: [137][280/390] | Time 0.083 (0.083) | Loss 2.5240 | Accs(C/F/R): 100.00/54.93/57.03 | Gain +2.10%
2025-11-19 23:28:16,661 - INFO  - Epoch: [137][300/390] | Time 0.082 (0.083) | Loss 2.5239 | Accs(C/F/R): 100.00/55.06/57.10 | Gain +2.05%
2025-11-19 23:28:18,302 - INFO  - Epoch: [137][320/390] | Time 0.082 (0.083) | Loss 2.5322 | Accs(C/F/R): 100.00/54.88/56.94 | Gain +2.07%
2025-11-19 23:28:19,949 - INFO  - Epoch: [137][340/390] | Time 0.082 (0.083) | Loss 2.5509 | Accs(C/F/R): 100.00/54.57/56.61 | Gain +2.03%
2025-11-19 23:28:21,596 - INFO  - Epoch: [137][360/390] | Time 0.081 (0.083) | Loss 2.5524 | Accs(C/F/R): 100.00/54.61/56.65 | Gain +2.04%
2025-11-19 23:28:23,259 - INFO  - Epoch: [137][380/390] | Time 0.082 (0.083) | Loss 2.5650 | Accs(C/F/R): 100.00/54.38/56.46 | Gain +2.08%
2025-11-19 23:28:24,130 - INFO  - Epoch 137: Train Loss (scheduler metric) = 2.5667
2025-11-19 23:28:24,153 - INFO  - ([137] Epoch) Saving checkpoint to:
             Current: /root/autodl-tmp/retraining-free-quantization/training/alexnet_cifar10_sensitive_stage2/alexnet_cifar10_sensitive_stage2_restorer_checkpoint.pth.tar

2025-11-19 23:28:24,154 - INFO  - >>>>>>>> Epoch 138
2025-11-19 23:28:24,154 - INFO  - [Stage2] Using random BER sampling [1e-2, 1e-1] for each batch at epoch 138
2025-11-19 23:28:24,154 - INFO  - Entered Stage 2 Restorer Training mode for epoch 138.
2025-11-19 23:28:26,079 - INFO  - Epoch: [138][20/390] | Time 0.084 (0.096) | Loss 2.6138 | Accs(C/F/R): 100.00/51.60/54.10 | Gain +2.50%
2025-11-19 23:28:27,744 - INFO  - Epoch: [138][40/390] | Time 0.082 (0.090) | Loss 2.5760 | Accs(C/F/R): 100.00/53.16/55.41 | Gain +2.25%
2025-11-19 23:28:29,406 - INFO  - Epoch: [138][60/390] | Time 0.085 (0.088) | Loss 2.4204 | Accs(C/F/R): 100.00/56.84/58.87 | Gain +2.03%
2025-11-19 23:28:31,055 - INFO  - Epoch: [138][80/390] | Time 0.084 (0.086) | Loss 2.5040 | Accs(C/F/R): 100.00/55.09/57.20 | Gain +2.11%
2025-11-19 23:28:32,714 - INFO  - Epoch: [138][100/390] | Time 0.083 (0.086) | Loss 2.5132 | Accs(C/F/R): 100.00/54.83/57.12 | Gain +2.29%
2025-11-19 23:28:34,370 - INFO  - Epoch: [138][120/390] | Time 0.086 (0.085) | Loss 2.5730 | Accs(C/F/R): 100.00/53.75/55.94 | Gain +2.19%
2025-11-19 23:28:36,025 - INFO  - Epoch: [138][140/390] | Time 0.083 (0.085) | Loss 2.5670 | Accs(C/F/R): 100.00/54.22/56.38 | Gain +2.15%
2025-11-19 23:28:37,682 - INFO  - Epoch: [138][160/390] | Time 0.083 (0.085) | Loss 2.5264 | Accs(C/F/R): 100.00/54.88/57.02 | Gain +2.14%
2025-11-19 23:28:39,340 - INFO  - Epoch: [138][180/390] | Time 0.083 (0.084) | Loss 2.5569 | Accs(C/F/R): 100.00/54.31/56.53 | Gain +2.22%
2025-11-19 23:28:41,008 - INFO  - Epoch: [138][200/390] | Time 0.085 (0.084) | Loss 2.5459 | Accs(C/F/R): 100.00/54.44/56.59 | Gain +2.15%
2025-11-19 23:28:42,661 - INFO  - Epoch: [138][220/390] | Time 0.082 (0.084) | Loss 2.5372 | Accs(C/F/R): 100.00/54.58/56.72 | Gain +2.13%
2025-11-19 23:28:44,317 - INFO  - Epoch: [138][240/390] | Time 0.089 (0.084) | Loss 2.5409 | Accs(C/F/R): 100.00/54.57/56.72 | Gain +2.15%
2025-11-19 23:28:45,977 - INFO  - Epoch: [138][260/390] | Time 0.082 (0.084) | Loss 2.5339 | Accs(C/F/R): 100.00/54.83/56.86 | Gain +2.03%
2025-11-19 23:28:47,613 - INFO  - Epoch: [138][280/390] | Time 0.081 (0.084) | Loss 2.5379 | Accs(C/F/R): 100.00/54.65/56.57 | Gain +1.92%
2025-11-19 23:28:49,256 - INFO  - Epoch: [138][300/390] | Time 0.082 (0.084) | Loss 2.5349 | Accs(C/F/R): 100.00/54.75/56.70 | Gain +1.95%
2025-11-19 23:28:50,906 - INFO  - Epoch: [138][320/390] | Time 0.082 (0.084) | Loss 2.5347 | Accs(C/F/R): 100.00/54.63/56.66 | Gain +2.02%
2025-11-19 23:28:52,557 - INFO  - Epoch: [138][340/390] | Time 0.084 (0.084) | Loss 2.5369 | Accs(C/F/R): 100.00/54.57/56.60 | Gain +2.03%
2025-11-19 23:28:54,202 - INFO  - Epoch: [138][360/390] | Time 0.081 (0.083) | Loss 2.5691 | Accs(C/F/R): 100.00/54.12/56.11 | Gain +1.99%
2025-11-19 23:28:55,857 - INFO  - Epoch: [138][380/390] | Time 0.082 (0.083) | Loss 2.5573 | Accs(C/F/R): 100.00/54.37/56.34 | Gain +1.97%
2025-11-19 23:28:56,727 - INFO  - Epoch 138: Train Loss (scheduler metric) = 2.5562
2025-11-19 23:28:56,747 - INFO  - ([138] Epoch) Saving checkpoint to:
             Current: /root/autodl-tmp/retraining-free-quantization/training/alexnet_cifar10_sensitive_stage2/alexnet_cifar10_sensitive_stage2_restorer_checkpoint.pth.tar

2025-11-19 23:28:56,747 - INFO  - >>>>>>>> Epoch 139
2025-11-19 23:28:56,747 - INFO  - [Stage2] Using random BER sampling [1e-2, 1e-1] for each batch at epoch 139
2025-11-19 23:28:56,747 - INFO  - Entered Stage 2 Restorer Training mode for epoch 139.
2025-11-19 23:28:58,628 - INFO  - Epoch: [139][20/390] | Time 0.083 (0.094) | Loss 2.3697 | Accs(C/F/R): 99.96/58.09/60.00 | Gain +1.91%
2025-11-19 23:29:00,291 - INFO  - Epoch: [139][40/390] | Time 0.082 (0.089) | Loss 2.3944 | Accs(C/F/R): 99.98/58.30/60.47 | Gain +2.17%
2025-11-19 23:29:01,950 - INFO  - Epoch: [139][60/390] | Time 0.083 (0.087) | Loss 2.4829 | Accs(C/F/R): 99.97/56.03/58.55 | Gain +2.53%
2025-11-19 23:29:03,623 - INFO  - Epoch: [139][80/390] | Time 0.081 (0.086) | Loss 2.4905 | Accs(C/F/R): 99.98/55.89/58.28 | Gain +2.39%
2025-11-19 23:29:05,290 - INFO  - Epoch: [139][100/390] | Time 0.082 (0.085) | Loss 2.5010 | Accs(C/F/R): 99.98/55.72/57.98 | Gain +2.27%
2025-11-19 23:29:06,935 - INFO  - Epoch: [139][120/390] | Time 0.082 (0.085) | Loss 2.4887 | Accs(C/F/R): 99.98/55.92/58.11 | Gain +2.18%
2025-11-19 23:29:08,585 - INFO  - Epoch: [139][140/390] | Time 0.084 (0.085) | Loss 2.4894 | Accs(C/F/R): 99.98/55.90/58.12 | Gain +2.22%
2025-11-19 23:29:10,233 - INFO  - Epoch: [139][160/390] | Time 0.083 (0.084) | Loss 2.4913 | Accs(C/F/R): 99.99/55.74/57.96 | Gain +2.22%
2025-11-19 23:29:11,895 - INFO  - Epoch: [139][180/390] | Time 0.082 (0.084) | Loss 2.4879 | Accs(C/F/R): 99.99/55.64/57.88 | Gain +2.24%
2025-11-19 23:29:13,536 - INFO  - Epoch: [139][200/390] | Time 0.082 (0.084) | Loss 2.5028 | Accs(C/F/R): 99.99/55.25/57.50 | Gain +2.25%
2025-11-19 23:29:15,196 - INFO  - Epoch: [139][220/390] | Time 0.082 (0.084) | Loss 2.5003 | Accs(C/F/R): 99.99/55.28/57.52 | Gain +2.23%
2025-11-19 23:29:16,852 - INFO  - Epoch: [139][240/390] | Time 0.082 (0.084) | Loss 2.4964 | Accs(C/F/R): 99.99/55.35/57.57 | Gain +2.23%
2025-11-19 23:29:18,500 - INFO  - Epoch: [139][260/390] | Time 0.081 (0.084) | Loss 2.4841 | Accs(C/F/R): 99.99/55.59/57.88 | Gain +2.29%
2025-11-19 23:29:20,144 - INFO  - Epoch: [139][280/390] | Time 0.082 (0.084) | Loss 2.4955 | Accs(C/F/R): 99.99/55.49/57.78 | Gain +2.29%
2025-11-19 23:29:21,799 - INFO  - Epoch: [139][300/390] | Time 0.083 (0.084) | Loss 2.4946 | Accs(C/F/R): 99.99/55.56/57.79 | Gain +2.23%
2025-11-19 23:29:23,453 - INFO  - Epoch: [139][320/390] | Time 0.082 (0.083) | Loss 2.4682 | Accs(C/F/R): 99.99/56.13/58.30 | Gain +2.17%
2025-11-19 23:29:25,107 - INFO  - Epoch: [139][340/390] | Time 0.085 (0.083) | Loss 2.4626 | Accs(C/F/R): 99.99/56.40/58.55 | Gain +2.15%
2025-11-19 23:29:26,759 - INFO  - Epoch: [139][360/390] | Time 0.082 (0.083) | Loss 2.4697 | Accs(C/F/R): 99.99/56.23/58.38 | Gain +2.14%
2025-11-19 23:29:28,415 - INFO  - Epoch: [139][380/390] | Time 0.086 (0.083) | Loss 2.4841 | Accs(C/F/R): 99.99/56.00/58.22 | Gain +2.22%
2025-11-19 23:29:29,279 - INFO  - Epoch 139: Train Loss (scheduler metric) = 2.4996
2025-11-19 23:29:29,299 - INFO  - ([139] Epoch) Saving checkpoint to:
             Current: /root/autodl-tmp/retraining-free-quantization/training/alexnet_cifar10_sensitive_stage2/alexnet_cifar10_sensitive_stage2_restorer_checkpoint.pth.tar

2025-11-19 23:29:29,299 - INFO  - >>>>>>>> Epoch 140
2025-11-19 23:29:29,299 - INFO  - [Stage2] Using random BER sampling [1e-2, 1e-1] for each batch at epoch 140
2025-11-19 23:29:29,299 - INFO  - Entered Stage 2 Restorer Training mode for epoch 140.
2025-11-19 23:29:31,190 - INFO  - Epoch: [140][20/390] | Time 0.082 (0.094) | Loss 2.4537 | Accs(C/F/R): 100.00/57.11/58.95 | Gain +1.84%
2025-11-19 23:29:32,840 - INFO  - Epoch: [140][40/390] | Time 0.081 (0.088) | Loss 2.4719 | Accs(C/F/R): 100.00/55.49/58.03 | Gain +2.54%
2025-11-19 23:29:34,487 - INFO  - Epoch: [140][60/390] | Time 0.082 (0.086) | Loss 2.5201 | Accs(C/F/R): 100.00/54.71/57.10 | Gain +2.38%
2025-11-19 23:29:36,157 - INFO  - Epoch: [140][80/390] | Time 0.083 (0.086) | Loss 2.6018 | Accs(C/F/R): 100.00/53.20/55.64 | Gain +2.44%
2025-11-19 23:29:37,804 - INFO  - Epoch: [140][100/390] | Time 0.082 (0.085) | Loss 2.5507 | Accs(C/F/R): 100.00/54.04/56.37 | Gain +2.33%
2025-11-19 23:29:39,447 - INFO  - Epoch: [140][120/390] | Time 0.085 (0.085) | Loss 2.5739 | Accs(C/F/R): 99.99/53.86/56.18 | Gain +2.32%
2025-11-19 23:29:41,102 - INFO  - Epoch: [140][140/390] | Time 0.083 (0.084) | Loss 2.5952 | Accs(C/F/R): 99.99/53.60/55.88 | Gain +2.27%
2025-11-19 23:29:42,753 - INFO  - Epoch: [140][160/390] | Time 0.082 (0.084) | Loss 2.5626 | Accs(C/F/R): 99.99/54.27/56.49 | Gain +2.22%
2025-11-19 23:29:44,401 - INFO  - Epoch: [140][180/390] | Time 0.083 (0.084) | Loss 2.5468 | Accs(C/F/R): 99.99/54.42/56.61 | Gain +2.19%
2025-11-19 23:29:46,041 - INFO  - Epoch: [140][200/390] | Time 0.090 (0.084) | Loss 2.5703 | Accs(C/F/R): 99.99/54.18/56.41 | Gain +2.23%
2025-11-19 23:29:47,689 - INFO  - Epoch: [140][220/390] | Time 0.081 (0.084) | Loss 2.5590 | Accs(C/F/R): 99.99/54.28/56.45 | Gain +2.17%
2025-11-19 23:29:49,322 - INFO  - Epoch: [140][240/390] | Time 0.081 (0.083) | Loss 2.5710 | Accs(C/F/R): 99.99/54.04/56.09 | Gain +2.05%
2025-11-19 23:29:50,954 - INFO  - Epoch: [140][260/390] | Time 0.084 (0.083) | Loss 2.5480 | Accs(C/F/R): 99.99/54.64/56.62 | Gain +1.98%
2025-11-19 23:29:52,585 - INFO  - Epoch: [140][280/390] | Time 0.082 (0.083) | Loss 2.5693 | Accs(C/F/R): 99.99/54.17/56.23 | Gain +2.05%
2025-11-19 23:29:54,219 - INFO  - Epoch: [140][300/390] | Time 0.081 (0.083) | Loss 2.5677 | Accs(C/F/R): 99.99/54.18/56.29 | Gain +2.10%
2025-11-19 23:29:55,853 - INFO  - Epoch: [140][320/390] | Time 0.081 (0.083) | Loss 2.5662 | Accs(C/F/R): 99.99/54.36/56.45 | Gain +2.09%
2025-11-19 23:29:57,490 - INFO  - Epoch: [140][340/390] | Time 0.082 (0.083) | Loss 2.5740 | Accs(C/F/R): 99.99/54.19/56.31 | Gain +2.12%
2025-11-19 23:29:59,138 - INFO  - Epoch: [140][360/390] | Time 0.087 (0.083) | Loss 2.5463 | Accs(C/F/R): 99.99/54.69/56.79 | Gain +2.11%
2025-11-19 23:30:00,824 - INFO  - Epoch: [140][380/390] | Time 0.090 (0.083) | Loss 2.5569 | Accs(C/F/R): 99.99/54.42/56.61 | Gain +2.18%
2025-11-19 23:30:01,693 - INFO  - Epoch 140: Train Loss (scheduler metric) = 2.5616
2025-11-19 23:30:01,715 - INFO  - ([140] Epoch) Saving checkpoint to:
             Current: /root/autodl-tmp/retraining-free-quantization/training/alexnet_cifar10_sensitive_stage2/alexnet_cifar10_sensitive_stage2_restorer_checkpoint.pth.tar

2025-11-19 23:30:01,716 - INFO  - >>>>>>>> Epoch 141
2025-11-19 23:30:01,716 - INFO  - [Stage2] Using random BER sampling [1e-2, 1e-1] for each batch at epoch 141
2025-11-19 23:30:01,716 - INFO  - Entered Stage 2 Restorer Training mode for epoch 141.
2025-11-19 23:30:03,592 - INFO  - Epoch: [141][20/390] | Time 0.082 (0.094) | Loss 2.2385 | Accs(C/F/R): 100.00/60.04/62.19 | Gain +2.15%
2025-11-19 23:30:05,246 - INFO  - Epoch: [141][40/390] | Time 0.082 (0.088) | Loss 2.2691 | Accs(C/F/R): 99.98/60.51/61.50 | Gain +1.00%
2025-11-19 23:30:06,897 - INFO  - Epoch: [141][60/390] | Time 0.083 (0.086) | Loss 2.3938 | Accs(C/F/R): 99.97/58.24/59.19 | Gain +0.95%
2025-11-19 23:30:08,543 - INFO  - Epoch: [141][80/390] | Time 0.083 (0.085) | Loss 2.4328 | Accs(C/F/R): 99.98/57.34/58.61 | Gain +1.27%
2025-11-19 23:30:10,200 - INFO  - Epoch: [141][100/390] | Time 0.081 (0.085) | Loss 2.4256 | Accs(C/F/R): 99.98/57.20/58.52 | Gain +1.32%
2025-11-19 23:30:11,860 - INFO  - Epoch: [141][120/390] | Time 0.084 (0.085) | Loss 2.4045 | Accs(C/F/R): 99.99/57.71/59.00 | Gain +1.29%
2025-11-19 23:30:13,522 - INFO  - Epoch: [141][140/390] | Time 0.083 (0.084) | Loss 2.4124 | Accs(C/F/R): 99.98/57.39/58.90 | Gain +1.50%
2025-11-19 23:30:15,168 - INFO  - Epoch: [141][160/390] | Time 0.082 (0.084) | Loss 2.4596 | Accs(C/F/R): 99.98/56.37/57.91 | Gain +1.53%
2025-11-19 23:30:16,825 - INFO  - Epoch: [141][180/390] | Time 0.082 (0.084) | Loss 2.5187 | Accs(C/F/R): 99.98/55.35/56.94 | Gain +1.59%
2025-11-19 23:30:18,485 - INFO  - Epoch: [141][200/390] | Time 0.082 (0.084) | Loss 2.5060 | Accs(C/F/R): 99.98/55.63/57.23 | Gain +1.60%
2025-11-19 23:30:20,143 - INFO  - Epoch: [141][220/390] | Time 0.082 (0.084) | Loss 2.5084 | Accs(C/F/R): 99.99/55.69/57.29 | Gain +1.60%
2025-11-19 23:30:21,804 - INFO  - Epoch: [141][240/390] | Time 0.083 (0.084) | Loss 2.4989 | Accs(C/F/R): 99.99/55.83/57.52 | Gain +1.69%
2025-11-19 23:30:23,449 - INFO  - Epoch: [141][260/390] | Time 0.081 (0.084) | Loss 2.5054 | Accs(C/F/R): 99.99/55.65/57.36 | Gain +1.72%
2025-11-19 23:30:25,121 - INFO  - Epoch: [141][280/390] | Time 0.082 (0.084) | Loss 2.5084 | Accs(C/F/R): 99.99/55.52/57.20 | Gain +1.68%
2025-11-19 23:30:26,771 - INFO  - Epoch: [141][300/390] | Time 0.082 (0.084) | Loss 2.5254 | Accs(C/F/R): 99.99/55.20/56.94 | Gain +1.74%
2025-11-19 23:30:28,418 - INFO  - Epoch: [141][320/390] | Time 0.082 (0.083) | Loss 2.5395 | Accs(C/F/R): 99.99/54.92/56.70 | Gain +1.78%
2025-11-19 23:30:30,069 - INFO  - Epoch: [141][340/390] | Time 0.085 (0.083) | Loss 2.5591 | Accs(C/F/R): 99.99/54.57/56.42 | Gain +1.85%
2025-11-19 23:30:31,730 - INFO  - Epoch: [141][360/390] | Time 0.082 (0.083) | Loss 2.5762 | Accs(C/F/R): 99.99/54.29/56.10 | Gain +1.82%
2025-11-19 23:30:33,381 - INFO  - Epoch: [141][380/390] | Time 0.082 (0.083) | Loss 2.5724 | Accs(C/F/R): 99.99/54.28/56.17 | Gain +1.88%
2025-11-19 23:30:34,246 - INFO  - Epoch 141: Train Loss (scheduler metric) = 2.5672
2025-11-19 23:30:34,265 - INFO  - ([141] Epoch) Saving checkpoint to:
             Current: /root/autodl-tmp/retraining-free-quantization/training/alexnet_cifar10_sensitive_stage2/alexnet_cifar10_sensitive_stage2_restorer_checkpoint.pth.tar

2025-11-19 23:30:34,266 - INFO  - >>>>>>>> Epoch 142
2025-11-19 23:30:34,266 - INFO  - [Stage2] Using random BER sampling [1e-2, 1e-1] for each batch at epoch 142
2025-11-19 23:30:34,266 - INFO  - Entered Stage 2 Restorer Training mode for epoch 142.
2025-11-19 23:30:36,157 - INFO  - Epoch: [142][20/390] | Time 0.082 (0.095) | Loss 2.6608 | Accs(C/F/R): 100.00/53.24/55.86 | Gain +2.62%
2025-11-19 23:30:37,804 - INFO  - Epoch: [142][40/390] | Time 0.083 (0.088) | Loss 2.7446 | Accs(C/F/R): 100.00/49.36/51.64 | Gain +2.29%
2025-11-19 23:30:39,456 - INFO  - Epoch: [142][60/390] | Time 0.081 (0.086) | Loss 2.8019 | Accs(C/F/R): 99.99/48.45/50.70 | Gain +2.25%
2025-11-19 23:30:41,114 - INFO  - Epoch: [142][80/390] | Time 0.087 (0.086) | Loss 2.7660 | Accs(C/F/R): 99.98/49.54/51.81 | Gain +2.27%
2025-11-19 23:30:42,804 - INFO  - Epoch: [142][100/390] | Time 0.086 (0.085) | Loss 2.7059 | Accs(C/F/R): 99.98/50.76/53.16 | Gain +2.40%
2025-11-19 23:30:44,449 - INFO  - Epoch: [142][120/390] | Time 0.083 (0.085) | Loss 2.7091 | Accs(C/F/R): 99.97/50.64/52.88 | Gain +2.23%
2025-11-19 23:30:46,116 - INFO  - Epoch: [142][140/390] | Time 0.086 (0.085) | Loss 2.6812 | Accs(C/F/R): 99.98/51.43/53.49 | Gain +2.05%
2025-11-19 23:30:47,770 - INFO  - Epoch: [142][160/390] | Time 0.083 (0.084) | Loss 2.6040 | Accs(C/F/R): 99.98/52.99/54.99 | Gain +2.00%
2025-11-19 23:30:49,423 - INFO  - Epoch: [142][180/390] | Time 0.081 (0.084) | Loss 2.6336 | Accs(C/F/R): 99.98/52.69/54.69 | Gain +2.00%
2025-11-19 23:30:51,079 - INFO  - Epoch: [142][200/390] | Time 0.082 (0.084) | Loss 2.6392 | Accs(C/F/R): 99.98/52.46/54.48 | Gain +2.02%
2025-11-19 23:30:52,739 - INFO  - Epoch: [142][220/390] | Time 0.083 (0.084) | Loss 2.6331 | Accs(C/F/R): 99.98/52.52/54.53 | Gain +2.01%
2025-11-19 23:30:54,396 - INFO  - Epoch: [142][240/390] | Time 0.083 (0.084) | Loss 2.6601 | Accs(C/F/R): 99.97/52.10/54.11 | Gain +2.01%
2025-11-19 23:30:56,041 - INFO  - Epoch: [142][260/390] | Time 0.081 (0.084) | Loss 2.6353 | Accs(C/F/R): 99.97/52.65/54.68 | Gain +2.03%
2025-11-19 23:30:57,697 - INFO  - Epoch: [142][280/390] | Time 0.085 (0.084) | Loss 2.6367 | Accs(C/F/R): 99.97/52.64/54.67 | Gain +2.03%
2025-11-19 23:30:59,352 - INFO  - Epoch: [142][300/390] | Time 0.086 (0.084) | Loss 2.6110 | Accs(C/F/R): 99.97/53.13/55.14 | Gain +2.01%
2025-11-19 23:31:01,000 - INFO  - Epoch: [142][320/390] | Time 0.082 (0.084) | Loss 2.6099 | Accs(C/F/R): 99.98/53.16/55.21 | Gain +2.05%
2025-11-19 23:31:02,663 - INFO  - Epoch: [142][340/390] | Time 0.082 (0.084) | Loss 2.5842 | Accs(C/F/R): 99.98/53.80/55.84 | Gain +2.04%
2025-11-19 23:31:04,318 - INFO  - Epoch: [142][360/390] | Time 0.083 (0.083) | Loss 2.5907 | Accs(C/F/R): 99.98/53.74/55.81 | Gain +2.07%
2025-11-19 23:31:05,959 - INFO  - Epoch: [142][380/390] | Time 0.082 (0.083) | Loss 2.5807 | Accs(C/F/R): 99.98/53.99/56.02 | Gain +2.03%
2025-11-19 23:31:06,826 - INFO  - Epoch 142: Train Loss (scheduler metric) = 2.5778
2025-11-19 23:31:06,848 - INFO  - ([142] Epoch) Saving checkpoint to:
             Current: /root/autodl-tmp/retraining-free-quantization/training/alexnet_cifar10_sensitive_stage2/alexnet_cifar10_sensitive_stage2_restorer_checkpoint.pth.tar

2025-11-19 23:31:06,849 - INFO  - >>>>>>>> Epoch 143
2025-11-19 23:31:06,849 - INFO  - [Stage2] Using random BER sampling [1e-2, 1e-1] for each batch at epoch 143
2025-11-19 23:31:06,849 - INFO  - Entered Stage 2 Restorer Training mode for epoch 143.
2025-11-19 23:31:08,740 - INFO  - Epoch: [143][20/390] | Time 0.085 (0.094) | Loss 2.3273 | Accs(C/F/R): 100.00/58.36/61.25 | Gain +2.89%
2025-11-19 23:31:10,406 - INFO  - Epoch: [143][40/390] | Time 0.088 (0.089) | Loss 2.4695 | Accs(C/F/R): 100.00/56.91/59.55 | Gain +2.64%
2025-11-19 23:31:12,070 - INFO  - Epoch: [143][60/390] | Time 0.083 (0.087) | Loss 2.4374 | Accs(C/F/R): 100.00/56.78/59.31 | Gain +2.53%
2025-11-19 23:31:13,728 - INFO  - Epoch: [143][80/390] | Time 0.088 (0.086) | Loss 2.4133 | Accs(C/F/R): 100.00/56.79/59.24 | Gain +2.45%
2025-11-19 23:31:15,387 - INFO  - Epoch: [143][100/390] | Time 0.087 (0.085) | Loss 2.3742 | Accs(C/F/R): 100.00/57.53/59.66 | Gain +2.13%
2025-11-19 23:31:17,039 - INFO  - Epoch: [143][120/390] | Time 0.082 (0.085) | Loss 2.3437 | Accs(C/F/R): 100.00/58.42/60.53 | Gain +2.12%
2025-11-19 23:31:18,682 - INFO  - Epoch: [143][140/390] | Time 0.082 (0.085) | Loss 2.3425 | Accs(C/F/R): 100.00/58.52/60.59 | Gain +2.08%
2025-11-19 23:31:20,347 - INFO  - Epoch: [143][160/390] | Time 0.082 (0.084) | Loss 2.3503 | Accs(C/F/R): 100.00/58.54/60.62 | Gain +2.08%
2025-11-19 23:31:21,997 - INFO  - Epoch: [143][180/390] | Time 0.082 (0.084) | Loss 2.3917 | Accs(C/F/R): 100.00/57.86/59.93 | Gain +2.07%
2025-11-19 23:31:23,658 - INFO  - Epoch: [143][200/390] | Time 0.082 (0.084) | Loss 2.4142 | Accs(C/F/R): 100.00/57.34/59.42 | Gain +2.08%
2025-11-19 23:31:25,311 - INFO  - Epoch: [143][220/390] | Time 0.082 (0.084) | Loss 2.4514 | Accs(C/F/R): 100.00/56.62/58.72 | Gain +2.10%
2025-11-19 23:31:26,958 - INFO  - Epoch: [143][240/390] | Time 0.083 (0.084) | Loss 2.4660 | Accs(C/F/R): 100.00/56.43/58.56 | Gain +2.13%
2025-11-19 23:31:28,624 - INFO  - Epoch: [143][260/390] | Time 0.082 (0.084) | Loss 2.4925 | Accs(C/F/R): 100.00/56.22/58.31 | Gain +2.10%
2025-11-19 23:31:30,278 - INFO  - Epoch: [143][280/390] | Time 0.082 (0.084) | Loss 2.5113 | Accs(C/F/R): 100.00/55.75/57.86 | Gain +2.10%
2025-11-19 23:31:31,926 - INFO  - Epoch: [143][300/390] | Time 0.084 (0.084) | Loss 2.5086 | Accs(C/F/R): 100.00/55.79/57.92 | Gain +2.14%
2025-11-19 23:31:33,571 - INFO  - Epoch: [143][320/390] | Time 0.082 (0.083) | Loss 2.5072 | Accs(C/F/R): 100.00/55.83/58.01 | Gain +2.18%
2025-11-19 23:31:35,218 - INFO  - Epoch: [143][340/390] | Time 0.081 (0.083) | Loss 2.5225 | Accs(C/F/R): 100.00/55.62/57.80 | Gain +2.17%
2025-11-19 23:31:36,854 - INFO  - Epoch: [143][360/390] | Time 0.082 (0.083) | Loss 2.5259 | Accs(C/F/R): 100.00/55.50/57.66 | Gain +2.17%
2025-11-19 23:31:38,482 - INFO  - Epoch: [143][380/390] | Time 0.081 (0.083) | Loss 2.5175 | Accs(C/F/R): 100.00/55.71/57.86 | Gain +2.15%
2025-11-19 23:31:39,345 - INFO  - Epoch 143: Train Loss (scheduler metric) = 2.5085
2025-11-19 23:31:39,366 - INFO  - ([143] Epoch) Saving checkpoint to:
             Current: /root/autodl-tmp/retraining-free-quantization/training/alexnet_cifar10_sensitive_stage2/alexnet_cifar10_sensitive_stage2_restorer_checkpoint.pth.tar

2025-11-19 23:31:39,366 - INFO  - >>>>>>>> Epoch 144
2025-11-19 23:31:39,366 - INFO  - [Stage2] Using random BER sampling [1e-2, 1e-1] for each batch at epoch 144
2025-11-19 23:31:39,366 - INFO  - Entered Stage 2 Restorer Training mode for epoch 144.
2025-11-19 23:31:41,204 - INFO  - Epoch: [144][20/390] | Time 0.081 (0.092) | Loss 2.2844 | Accs(C/F/R): 100.00/61.17/61.48 | Gain +0.31%
2025-11-19 23:31:42,840 - INFO  - Epoch: [144][40/390] | Time 0.081 (0.087) | Loss 2.4218 | Accs(C/F/R): 100.00/58.44/59.20 | Gain +0.76%
2025-11-19 23:31:44,471 - INFO  - Epoch: [144][60/390] | Time 0.081 (0.085) | Loss 2.4693 | Accs(C/F/R): 100.00/57.27/58.74 | Gain +1.47%
2025-11-19 23:31:46,102 - INFO  - Epoch: [144][80/390] | Time 0.082 (0.084) | Loss 2.5315 | Accs(C/F/R): 99.99/55.89/57.47 | Gain +1.58%
2025-11-19 23:31:47,749 - INFO  - Epoch: [144][100/390] | Time 0.083 (0.084) | Loss 2.5199 | Accs(C/F/R): 99.98/55.92/57.60 | Gain +1.68%
2025-11-19 23:31:49,400 - INFO  - Epoch: [144][120/390] | Time 0.086 (0.084) | Loss 2.5528 | Accs(C/F/R): 99.98/55.40/57.21 | Gain +1.81%
2025-11-19 23:31:51,053 - INFO  - Epoch: [144][140/390] | Time 0.083 (0.083) | Loss 2.5621 | Accs(C/F/R): 99.98/55.08/56.86 | Gain +1.79%
2025-11-19 23:31:52,708 - INFO  - Epoch: [144][160/390] | Time 0.081 (0.083) | Loss 2.5734 | Accs(C/F/R): 99.98/54.88/56.66 | Gain +1.77%
2025-11-19 23:31:54,363 - INFO  - Epoch: [144][180/390] | Time 0.082 (0.083) | Loss 2.5699 | Accs(C/F/R): 99.98/55.05/56.78 | Gain +1.74%
2025-11-19 23:31:56,020 - INFO  - Epoch: [144][200/390] | Time 0.081 (0.083) | Loss 2.5875 | Accs(C/F/R): 99.98/54.54/56.32 | Gain +1.78%
2025-11-19 23:31:57,663 - INFO  - Epoch: [144][220/390] | Time 0.084 (0.083) | Loss 2.5816 | Accs(C/F/R): 99.98/54.75/56.54 | Gain +1.80%
2025-11-19 23:31:59,316 - INFO  - Epoch: [144][240/390] | Time 0.085 (0.083) | Loss 2.5995 | Accs(C/F/R): 99.98/54.40/56.08 | Gain +1.68%
2025-11-19 23:32:00,980 - INFO  - Epoch: [144][260/390] | Time 0.083 (0.083) | Loss 2.6266 | Accs(C/F/R): 99.98/53.81/55.49 | Gain +1.68%
2025-11-19 23:32:02,634 - INFO  - Epoch: [144][280/390] | Time 0.083 (0.083) | Loss 2.6161 | Accs(C/F/R): 99.98/54.02/55.73 | Gain +1.71%
2025-11-19 23:32:04,276 - INFO  - Epoch: [144][300/390] | Time 0.082 (0.083) | Loss 2.6188 | Accs(C/F/R): 99.98/54.11/55.77 | Gain +1.66%
2025-11-19 23:32:05,937 - INFO  - Epoch: [144][320/390] | Time 0.086 (0.083) | Loss 2.5896 | Accs(C/F/R): 99.98/54.58/56.23 | Gain +1.64%
2025-11-19 23:32:07,590 - INFO  - Epoch: [144][340/390] | Time 0.082 (0.083) | Loss 2.5791 | Accs(C/F/R): 99.98/54.80/56.45 | Gain +1.65%
2025-11-19 23:32:09,230 - INFO  - Epoch: [144][360/390] | Time 0.083 (0.083) | Loss 2.5840 | Accs(C/F/R): 99.98/54.77/56.45 | Gain +1.67%
2025-11-19 23:32:10,877 - INFO  - Epoch: [144][380/390] | Time 0.082 (0.083) | Loss 2.5948 | Accs(C/F/R): 99.98/54.60/56.27 | Gain +1.67%
2025-11-19 23:32:11,742 - INFO  - Epoch 144: Train Loss (scheduler metric) = 2.5986
2025-11-19 23:32:11,762 - INFO  - ([144] Epoch) Saving checkpoint to:
             Current: /root/autodl-tmp/retraining-free-quantization/training/alexnet_cifar10_sensitive_stage2/alexnet_cifar10_sensitive_stage2_restorer_checkpoint.pth.tar

2025-11-19 23:32:11,763 - INFO  - >>>>>>>> Epoch 145
2025-11-19 23:32:11,763 - INFO  - [Stage2] Using random BER sampling [1e-2, 1e-1] for each batch at epoch 145
2025-11-19 23:32:11,763 - INFO  - Entered Stage 2 Restorer Training mode for epoch 145.
2025-11-19 23:32:13,654 - INFO  - Epoch: [145][20/390] | Time 0.081 (0.095) | Loss 2.7438 | Accs(C/F/R): 100.00/51.84/53.36 | Gain +1.52%
2025-11-19 23:32:15,310 - INFO  - Epoch: [145][40/390] | Time 0.083 (0.089) | Loss 2.7232 | Accs(C/F/R): 99.98/51.66/53.18 | Gain +1.52%
2025-11-19 23:32:16,963 - INFO  - Epoch: [145][60/390] | Time 0.081 (0.087) | Loss 2.6491 | Accs(C/F/R): 99.99/53.31/54.87 | Gain +1.56%
2025-11-19 23:32:18,607 - INFO  - Epoch: [145][80/390] | Time 0.082 (0.086) | Loss 2.6616 | Accs(C/F/R): 99.98/53.39/55.03 | Gain +1.64%
2025-11-19 23:32:20,263 - INFO  - Epoch: [145][100/390] | Time 0.081 (0.085) | Loss 2.6279 | Accs(C/F/R): 99.98/53.57/55.32 | Gain +1.75%
2025-11-19 23:32:21,910 - INFO  - Epoch: [145][120/390] | Time 0.083 (0.085) | Loss 2.5795 | Accs(C/F/R): 99.98/54.41/56.24 | Gain +1.84%
2025-11-19 23:32:23,571 - INFO  - Epoch: [145][140/390] | Time 0.092 (0.084) | Loss 2.5871 | Accs(C/F/R): 99.97/54.36/56.19 | Gain +1.83%
2025-11-19 23:32:25,227 - INFO  - Epoch: [145][160/390] | Time 0.082 (0.084) | Loss 2.5856 | Accs(C/F/R): 99.98/54.48/56.14 | Gain +1.66%
2025-11-19 23:32:26,877 - INFO  - Epoch: [145][180/390] | Time 0.081 (0.084) | Loss 2.5433 | Accs(C/F/R): 99.97/55.23/56.92 | Gain +1.70%
2025-11-19 23:32:28,540 - INFO  - Epoch: [145][200/390] | Time 0.082 (0.084) | Loss 2.5353 | Accs(C/F/R): 99.98/55.20/56.93 | Gain +1.73%
2025-11-19 23:32:30,189 - INFO  - Epoch: [145][220/390] | Time 0.082 (0.084) | Loss 2.5523 | Accs(C/F/R): 99.98/55.14/56.86 | Gain +1.73%
2025-11-19 23:32:31,848 - INFO  - Epoch: [145][240/390] | Time 0.082 (0.084) | Loss 2.5727 | Accs(C/F/R): 99.98/54.78/56.50 | Gain +1.72%
2025-11-19 23:32:33,492 - INFO  - Epoch: [145][260/390] | Time 0.081 (0.084) | Loss 2.5722 | Accs(C/F/R): 99.98/54.78/56.58 | Gain +1.80%
2025-11-19 23:32:35,143 - INFO  - Epoch: [145][280/390] | Time 0.084 (0.083) | Loss 2.5724 | Accs(C/F/R): 99.98/54.68/56.52 | Gain +1.84%
2025-11-19 23:32:36,786 - INFO  - Epoch: [145][300/390] | Time 0.081 (0.083) | Loss 2.5569 | Accs(C/F/R): 99.98/55.13/56.97 | Gain +1.84%
2025-11-19 23:32:38,451 - INFO  - Epoch: [145][320/390] | Time 0.082 (0.083) | Loss 2.5447 | Accs(C/F/R): 99.99/55.38/57.18 | Gain +1.80%
2025-11-19 23:32:40,095 - INFO  - Epoch: [145][340/390] | Time 0.084 (0.083) | Loss 2.5366 | Accs(C/F/R): 99.99/55.49/57.32 | Gain +1.82%
2025-11-19 23:32:41,739 - INFO  - Epoch: [145][360/390] | Time 0.082 (0.083) | Loss 2.5300 | Accs(C/F/R): 99.99/55.49/57.33 | Gain +1.84%
2025-11-19 23:32:43,395 - INFO  - Epoch: [145][380/390] | Time 0.082 (0.083) | Loss 2.5348 | Accs(C/F/R): 99.99/55.37/57.24 | Gain +1.87%
2025-11-19 23:32:44,266 - INFO  - Epoch 145: Train Loss (scheduler metric) = 2.5398
2025-11-19 23:32:44,285 - INFO  - ([145] Epoch) Saving checkpoint to:
             Current: /root/autodl-tmp/retraining-free-quantization/training/alexnet_cifar10_sensitive_stage2/alexnet_cifar10_sensitive_stage2_restorer_checkpoint.pth.tar

2025-11-19 23:32:44,285 - INFO  - >>>>>>>> Epoch 146
2025-11-19 23:32:44,285 - INFO  - [Stage2] Using random BER sampling [1e-2, 1e-1] for each batch at epoch 146
2025-11-19 23:32:44,285 - INFO  - Entered Stage 2 Restorer Training mode for epoch 146.
2025-11-19 23:32:46,161 - INFO  - Epoch: [146][20/390] | Time 0.083 (0.094) | Loss 2.4669 | Accs(C/F/R): 100.00/58.52/59.22 | Gain +0.70%
2025-11-19 23:32:47,808 - INFO  - Epoch: [146][40/390] | Time 0.082 (0.088) | Loss 2.4605 | Accs(C/F/R): 100.00/58.26/59.65 | Gain +1.39%
2025-11-19 23:32:49,456 - INFO  - Epoch: [146][60/390] | Time 0.084 (0.086) | Loss 2.5035 | Accs(C/F/R): 100.00/56.58/58.66 | Gain +2.08%
2025-11-19 23:32:51,112 - INFO  - Epoch: [146][80/390] | Time 0.082 (0.085) | Loss 2.5636 | Accs(C/F/R): 100.00/55.04/57.27 | Gain +2.23%
2025-11-19 23:32:52,762 - INFO  - Epoch: [146][100/390] | Time 0.084 (0.085) | Loss 2.6096 | Accs(C/F/R): 100.00/53.91/56.17 | Gain +2.27%
2025-11-19 23:32:54,415 - INFO  - Epoch: [146][120/390] | Time 0.082 (0.084) | Loss 2.6063 | Accs(C/F/R): 100.00/54.19/56.32 | Gain +2.14%
2025-11-19 23:32:56,071 - INFO  - Epoch: [146][140/390] | Time 0.082 (0.084) | Loss 2.5595 | Accs(C/F/R): 99.99/55.05/57.13 | Gain +2.08%
2025-11-19 23:32:57,722 - INFO  - Epoch: [146][160/390] | Time 0.083 (0.084) | Loss 2.5710 | Accs(C/F/R): 99.99/54.57/56.75 | Gain +2.18%
2025-11-19 23:32:59,366 - INFO  - Epoch: [146][180/390] | Time 0.082 (0.084) | Loss 2.5462 | Accs(C/F/R): 99.99/54.74/56.83 | Gain +2.08%
2025-11-19 23:33:01,030 - INFO  - Epoch: [146][200/390] | Time 0.083 (0.084) | Loss 2.5766 | Accs(C/F/R): 99.99/54.27/56.39 | Gain +2.12%
2025-11-19 23:33:02,682 - INFO  - Epoch: [146][220/390] | Time 0.084 (0.084) | Loss 2.5731 | Accs(C/F/R): 99.99/54.33/56.45 | Gain +2.12%
2025-11-19 23:33:04,342 - INFO  - Epoch: [146][240/390] | Time 0.084 (0.084) | Loss 2.5791 | Accs(C/F/R): 99.98/54.41/56.55 | Gain +2.13%
2025-11-19 23:33:06,009 - INFO  - Epoch: [146][260/390] | Time 0.086 (0.084) | Loss 2.5728 | Accs(C/F/R): 99.98/54.42/56.54 | Gain +2.12%
2025-11-19 23:33:07,663 - INFO  - Epoch: [146][280/390] | Time 0.083 (0.083) | Loss 2.5894 | Accs(C/F/R): 99.99/54.00/56.13 | Gain +2.13%
2025-11-19 23:33:09,311 - INFO  - Epoch: [146][300/390] | Time 0.082 (0.083) | Loss 2.5886 | Accs(C/F/R): 99.99/54.12/56.28 | Gain +2.16%
2025-11-19 23:33:10,969 - INFO  - Epoch: [146][320/390] | Time 0.087 (0.083) | Loss 2.5721 | Accs(C/F/R): 99.99/54.48/56.62 | Gain +2.13%
2025-11-19 23:33:12,654 - INFO  - Epoch: [146][340/390] | Time 0.082 (0.083) | Loss 2.5570 | Accs(C/F/R): 99.99/54.86/57.02 | Gain +2.16%
2025-11-19 23:33:14,320 - INFO  - Epoch: [146][360/390] | Time 0.083 (0.083) | Loss 2.5501 | Accs(C/F/R): 99.99/54.99/57.14 | Gain +2.15%
2025-11-19 23:33:15,969 - INFO  - Epoch: [146][380/390] | Time 0.082 (0.083) | Loss 2.5355 | Accs(C/F/R): 99.99/55.27/57.39 | Gain +2.13%
2025-11-19 23:33:16,840 - INFO  - Epoch 146: Train Loss (scheduler metric) = 2.5409
2025-11-19 23:33:16,860 - INFO  - ([146] Epoch) Saving checkpoint to:
             Current: /root/autodl-tmp/retraining-free-quantization/training/alexnet_cifar10_sensitive_stage2/alexnet_cifar10_sensitive_stage2_restorer_checkpoint.pth.tar

2025-11-19 23:33:16,860 - INFO  - >>>>>>>> Epoch 147
2025-11-19 23:33:16,860 - INFO  - [Stage2] Using random BER sampling [1e-2, 1e-1] for each batch at epoch 147
2025-11-19 23:33:16,861 - INFO  - Entered Stage 2 Restorer Training mode for epoch 147.
2025-11-19 23:33:18,771 - INFO  - Epoch: [147][20/390] | Time 0.081 (0.095) | Loss 2.6302 | Accs(C/F/R): 100.00/53.36/55.35 | Gain +1.99%
2025-11-19 23:33:20,428 - INFO  - Epoch: [147][40/390] | Time 0.082 (0.089) | Loss 2.5460 | Accs(C/F/R): 100.00/56.02/57.81 | Gain +1.80%
2025-11-19 23:33:22,068 - INFO  - Epoch: [147][60/390] | Time 0.081 (0.087) | Loss 2.4867 | Accs(C/F/R): 100.00/56.76/58.28 | Gain +1.52%
2025-11-19 23:33:23,715 - INFO  - Epoch: [147][80/390] | Time 0.082 (0.086) | Loss 2.5230 | Accs(C/F/R): 99.99/56.55/58.06 | Gain +1.50%
2025-11-19 23:33:25,355 - INFO  - Epoch: [147][100/390] | Time 0.082 (0.085) | Loss 2.5506 | Accs(C/F/R): 99.99/56.01/57.75 | Gain +1.74%
2025-11-19 23:33:26,992 - INFO  - Epoch: [147][120/390] | Time 0.083 (0.084) | Loss 2.5381 | Accs(C/F/R): 99.99/56.07/57.75 | Gain +1.68%
2025-11-19 23:33:28,626 - INFO  - Epoch: [147][140/390] | Time 0.081 (0.084) | Loss 2.5339 | Accs(C/F/R): 99.99/56.31/58.00 | Gain +1.70%
2025-11-19 23:33:30,266 - INFO  - Epoch: [147][160/390] | Time 0.081 (0.084) | Loss 2.4972 | Accs(C/F/R): 100.00/57.03/58.77 | Gain +1.74%
2025-11-19 23:33:31,899 - INFO  - Epoch: [147][180/390] | Time 0.081 (0.084) | Loss 2.4711 | Accs(C/F/R): 100.00/57.20/59.11 | Gain +1.90%
2025-11-19 23:33:33,531 - INFO  - Epoch: [147][200/390] | Time 0.081 (0.083) | Loss 2.4549 | Accs(C/F/R): 100.00/57.25/59.20 | Gain +1.95%
2025-11-19 23:33:35,167 - INFO  - Epoch: [147][220/390] | Time 0.082 (0.083) | Loss 2.4982 | Accs(C/F/R): 100.00/56.56/58.44 | Gain +1.89%
2025-11-19 23:33:36,802 - INFO  - Epoch: [147][240/390] | Time 0.081 (0.083) | Loss 2.5082 | Accs(C/F/R): 99.99/56.43/58.28 | Gain +1.86%
2025-11-19 23:33:38,453 - INFO  - Epoch: [147][260/390] | Time 0.086 (0.083) | Loss 2.5070 | Accs(C/F/R): 99.99/56.40/58.33 | Gain +1.93%
2025-11-19 23:33:40,104 - INFO  - Epoch: [147][280/390] | Time 0.082 (0.083) | Loss 2.4951 | Accs(C/F/R): 99.99/56.52/58.54 | Gain +2.02%
2025-11-19 23:33:41,771 - INFO  - Epoch: [147][300/390] | Time 0.084 (0.083) | Loss 2.4699 | Accs(C/F/R): 99.99/56.92/58.90 | Gain +1.98%
2025-11-19 23:33:43,434 - INFO  - Epoch: [147][320/390] | Time 0.083 (0.083) | Loss 2.4825 | Accs(C/F/R): 99.99/56.72/58.76 | Gain +2.04%
2025-11-19 23:33:45,083 - INFO  - Epoch: [147][340/390] | Time 0.083 (0.083) | Loss 2.4676 | Accs(C/F/R): 99.99/56.89/58.88 | Gain +1.99%
2025-11-19 23:33:46,751 - INFO  - Epoch: [147][360/390] | Time 0.082 (0.083) | Loss 2.4622 | Accs(C/F/R): 99.99/57.07/59.05 | Gain +1.97%
2025-11-19 23:33:48,407 - INFO  - Epoch: [147][380/390] | Time 0.084 (0.083) | Loss 2.4797 | Accs(C/F/R): 99.99/56.68/58.70 | Gain +2.03%
2025-11-19 23:33:49,270 - INFO  - Epoch 147: Train Loss (scheduler metric) = 2.4775
2025-11-19 23:33:49,290 - INFO  - ([147] Epoch) Saving checkpoint to:
             Current: /root/autodl-tmp/retraining-free-quantization/training/alexnet_cifar10_sensitive_stage2/alexnet_cifar10_sensitive_stage2_restorer_checkpoint.pth.tar

2025-11-19 23:33:49,291 - INFO  - >>>>>>>> Epoch 148
2025-11-19 23:33:49,291 - INFO  - [Stage2] Using random BER sampling [1e-2, 1e-1] for each batch at epoch 148
2025-11-19 23:33:49,291 - INFO  - Entered Stage 2 Restorer Training mode for epoch 148.
2025-11-19 23:33:51,188 - INFO  - Epoch: [148][20/390] | Time 0.082 (0.095) | Loss 2.4045 | Accs(C/F/R): 100.00/56.76/58.05 | Gain +1.29%
2025-11-19 23:33:52,849 - INFO  - Epoch: [148][40/390] | Time 0.082 (0.089) | Loss 2.5844 | Accs(C/F/R): 100.00/54.65/55.94 | Gain +1.29%
2025-11-19 23:33:54,505 - INFO  - Epoch: [148][60/390] | Time 0.082 (0.087) | Loss 2.5463 | Accs(C/F/R): 99.99/55.60/56.95 | Gain +1.35%
2025-11-19 23:33:56,151 - INFO  - Epoch: [148][80/390] | Time 0.082 (0.086) | Loss 2.5864 | Accs(C/F/R): 99.99/54.40/56.39 | Gain +1.98%
2025-11-19 23:33:57,795 - INFO  - Epoch: [148][100/390] | Time 0.082 (0.085) | Loss 2.5550 | Accs(C/F/R): 99.99/54.88/56.74 | Gain +1.86%
2025-11-19 23:33:59,447 - INFO  - Epoch: [148][120/390] | Time 0.081 (0.085) | Loss 2.5488 | Accs(C/F/R): 99.99/55.08/56.88 | Gain +1.80%
2025-11-19 23:34:01,123 - INFO  - Epoch: [148][140/390] | Time 0.093 (0.085) | Loss 2.5351 | Accs(C/F/R): 99.99/55.14/57.01 | Gain +1.87%
2025-11-19 23:34:02,802 - INFO  - Epoch: [148][160/390] | Time 0.081 (0.084) | Loss 2.5061 | Accs(C/F/R): 100.00/55.53/57.35 | Gain +1.82%
2025-11-19 23:34:04,448 - INFO  - Epoch: [148][180/390] | Time 0.083 (0.084) | Loss 2.4968 | Accs(C/F/R): 100.00/55.58/57.40 | Gain +1.83%
2025-11-19 23:34:06,099 - INFO  - Epoch: [148][200/390] | Time 0.082 (0.084) | Loss 2.4891 | Accs(C/F/R): 100.00/55.66/57.48 | Gain +1.82%
2025-11-19 23:34:07,747 - INFO  - Epoch: [148][220/390] | Time 0.082 (0.084) | Loss 2.4688 | Accs(C/F/R): 100.00/56.04/57.86 | Gain +1.82%
2025-11-19 23:34:09,404 - INFO  - Epoch: [148][240/390] | Time 0.082 (0.084) | Loss 2.4572 | Accs(C/F/R): 100.00/56.37/58.13 | Gain +1.76%
2025-11-19 23:34:11,071 - INFO  - Epoch: [148][260/390] | Time 0.085 (0.084) | Loss 2.4541 | Accs(C/F/R): 100.00/56.43/58.08 | Gain +1.65%
2025-11-19 23:34:12,719 - INFO  - Epoch: [148][280/390] | Time 0.082 (0.084) | Loss 2.4565 | Accs(C/F/R): 100.00/56.42/58.09 | Gain +1.67%
2025-11-19 23:34:14,374 - INFO  - Epoch: [148][300/390] | Time 0.083 (0.084) | Loss 2.4808 | Accs(C/F/R): 100.00/55.95/57.68 | Gain +1.74%
2025-11-19 23:34:16,016 - INFO  - Epoch: [148][320/390] | Time 0.082 (0.084) | Loss 2.4830 | Accs(C/F/R): 100.00/55.93/57.66 | Gain +1.73%
2025-11-19 23:34:17,657 - INFO  - Epoch: [148][340/390] | Time 0.082 (0.083) | Loss 2.4990 | Accs(C/F/R): 100.00/55.69/57.52 | Gain +1.83%
2025-11-19 23:34:19,322 - INFO  - Epoch: [148][360/390] | Time 0.082 (0.083) | Loss 2.4918 | Accs(C/F/R): 100.00/55.74/57.65 | Gain +1.90%
2025-11-19 23:34:20,966 - INFO  - Epoch: [148][380/390] | Time 0.082 (0.083) | Loss 2.4929 | Accs(C/F/R): 100.00/55.77/57.64 | Gain +1.86%
2025-11-19 23:34:21,850 - INFO  - Epoch 148: Train Loss (scheduler metric) = 2.4905
2025-11-19 23:34:21,872 - INFO  - ([148] Epoch) Saving checkpoint to:
             Current: /root/autodl-tmp/retraining-free-quantization/training/alexnet_cifar10_sensitive_stage2/alexnet_cifar10_sensitive_stage2_restorer_checkpoint.pth.tar

2025-11-19 23:34:21,872 - INFO  - >>>>>>>> Epoch 149
2025-11-19 23:34:21,872 - INFO  - [Stage2] Using random BER sampling [1e-2, 1e-1] for each batch at epoch 149
2025-11-19 23:34:21,872 - INFO  - Entered Stage 2 Restorer Training mode for epoch 149.
2025-11-19 23:34:23,792 - INFO  - Epoch: [149][20/390] | Time 0.082 (0.096) | Loss 2.8184 | Accs(C/F/R): 100.00/52.27/53.91 | Gain +1.64%
2025-11-19 23:34:25,451 - INFO  - Epoch: [149][40/390] | Time 0.085 (0.089) | Loss 2.6155 | Accs(C/F/R): 100.00/54.36/56.43 | Gain +2.07%
2025-11-19 23:34:27,107 - INFO  - Epoch: [149][60/390] | Time 0.082 (0.087) | Loss 2.5252 | Accs(C/F/R): 100.00/55.40/57.16 | Gain +1.76%
2025-11-19 23:34:28,762 - INFO  - Epoch: [149][80/390] | Time 0.082 (0.086) | Loss 2.4484 | Accs(C/F/R): 99.98/57.10/58.91 | Gain +1.81%
2025-11-19 23:34:30,419 - INFO  - Epoch: [149][100/390] | Time 0.082 (0.085) | Loss 2.4002 | Accs(C/F/R): 99.98/57.83/59.75 | Gain +1.92%
2025-11-19 23:34:32,072 - INFO  - Epoch: [149][120/390] | Time 0.082 (0.085) | Loss 2.4627 | Accs(C/F/R): 99.99/57.11/58.90 | Gain +1.79%
2025-11-19 23:34:33,723 - INFO  - Epoch: [149][140/390] | Time 0.082 (0.085) | Loss 2.4712 | Accs(C/F/R): 99.99/56.86/58.67 | Gain +1.81%
2025-11-19 23:34:35,379 - INFO  - Epoch: [149][160/390] | Time 0.082 (0.084) | Loss 2.4845 | Accs(C/F/R): 99.99/56.60/58.49 | Gain +1.89%
2025-11-19 23:34:37,040 - INFO  - Epoch: [149][180/390] | Time 0.085 (0.084) | Loss 2.4878 | Accs(C/F/R): 99.99/56.50/58.32 | Gain +1.83%
2025-11-19 23:34:38,726 - INFO  - Epoch: [149][200/390] | Time 0.085 (0.084) | Loss 2.4872 | Accs(C/F/R): 99.99/56.42/58.23 | Gain +1.81%
2025-11-19 23:34:40,413 - INFO  - Epoch: [149][220/390] | Time 0.082 (0.084) | Loss 2.5040 | Accs(C/F/R): 99.99/55.95/57.82 | Gain +1.88%
2025-11-19 23:34:42,063 - INFO  - Epoch: [149][240/390] | Time 0.085 (0.084) | Loss 2.5110 | Accs(C/F/R): 99.99/55.91/57.85 | Gain +1.95%
2025-11-19 23:34:43,705 - INFO  - Epoch: [149][260/390] | Time 0.082 (0.084) | Loss 2.5208 | Accs(C/F/R): 99.99/55.81/57.73 | Gain +1.92%
2025-11-19 23:34:45,351 - INFO  - Epoch: [149][280/390] | Time 0.081 (0.084) | Loss 2.5060 | Accs(C/F/R): 99.99/55.93/57.83 | Gain +1.91%
2025-11-19 23:34:46,995 - INFO  - Epoch: [149][300/390] | Time 0.082 (0.084) | Loss 2.5116 | Accs(C/F/R): 99.99/55.87/57.76 | Gain +1.89%
2025-11-19 23:34:48,640 - INFO  - Epoch: [149][320/390] | Time 0.082 (0.084) | Loss 2.5397 | Accs(C/F/R): 99.99/55.38/57.30 | Gain +1.93%
2025-11-19 23:34:50,290 - INFO  - Epoch: [149][340/390] | Time 0.082 (0.084) | Loss 2.5348 | Accs(C/F/R): 99.99/55.45/57.41 | Gain +1.96%
2025-11-19 23:34:51,946 - INFO  - Epoch: [149][360/390] | Time 0.082 (0.084) | Loss 2.5461 | Accs(C/F/R): 99.99/55.08/57.10 | Gain +2.02%
2025-11-19 23:34:53,599 - INFO  - Epoch: [149][380/390] | Time 0.083 (0.083) | Loss 2.5473 | Accs(C/F/R): 99.99/55.12/57.12 | Gain +2.01%
2025-11-19 23:34:54,479 - INFO  - Epoch 149: Train Loss (scheduler metric) = 2.5364
2025-11-19 23:34:54,502 - INFO  - ([149] Epoch) Saving checkpoint to:
             Current: /root/autodl-tmp/retraining-free-quantization/training/alexnet_cifar10_sensitive_stage2/alexnet_cifar10_sensitive_stage2_restorer_checkpoint.pth.tar

2025-11-19 23:34:54,502 - INFO  - >>>>>>>> Epoch 150
2025-11-19 23:34:54,502 - INFO  - [Stage2] Using random BER sampling [1e-2, 1e-1] for each batch at epoch 150
2025-11-19 23:34:54,502 - INFO  - Entered Stage 2 Restorer Training mode for epoch 150.
2025-11-19 23:34:56,415 - INFO  - Epoch: [150][20/390] | Time 0.082 (0.096) | Loss 2.3720 | Accs(C/F/R): 100.00/58.55/60.39 | Gain +1.84%
2025-11-19 23:34:58,054 - INFO  - Epoch: [150][40/390] | Time 0.081 (0.089) | Loss 2.2715 | Accs(C/F/R): 100.00/60.53/62.42 | Gain +1.89%
2025-11-19 23:34:59,710 - INFO  - Epoch: [150][60/390] | Time 0.083 (0.087) | Loss 2.3716 | Accs(C/F/R): 99.99/58.46/60.29 | Gain +1.82%
2025-11-19 23:35:01,354 - INFO  - Epoch: [150][80/390] | Time 0.082 (0.086) | Loss 2.3442 | Accs(C/F/R): 99.98/59.01/60.92 | Gain +1.90%
2025-11-19 23:35:03,010 - INFO  - Epoch: [150][100/390] | Time 0.083 (0.085) | Loss 2.3778 | Accs(C/F/R): 99.98/58.32/60.29 | Gain +1.97%
2025-11-19 23:35:04,679 - INFO  - Epoch: [150][120/390] | Time 0.089 (0.085) | Loss 2.4030 | Accs(C/F/R): 99.98/58.08/60.05 | Gain +1.97%
2025-11-19 23:35:06,342 - INFO  - Epoch: [150][140/390] | Time 0.082 (0.085) | Loss 2.3514 | Accs(C/F/R): 99.98/58.96/60.83 | Gain +1.86%
2025-11-19 23:35:07,993 - INFO  - Epoch: [150][160/390] | Time 0.081 (0.084) | Loss 2.3406 | Accs(C/F/R): 99.98/58.88/60.76 | Gain +1.88%
2025-11-19 23:35:09,650 - INFO  - Epoch: [150][180/390] | Time 0.083 (0.084) | Loss 2.3877 | Accs(C/F/R): 99.98/58.08/59.91 | Gain +1.84%
2025-11-19 23:35:11,291 - INFO  - Epoch: [150][200/390] | Time 0.081 (0.084) | Loss 2.3811 | Accs(C/F/R): 99.98/58.20/60.11 | Gain +1.91%
2025-11-19 23:35:12,943 - INFO  - Epoch: [150][220/390] | Time 0.086 (0.084) | Loss 2.3849 | Accs(C/F/R): 99.99/58.05/60.04 | Gain +1.98%
2025-11-19 23:35:14,600 - INFO  - Epoch: [150][240/390] | Time 0.087 (0.084) | Loss 2.3910 | Accs(C/F/R): 99.99/57.83/59.79 | Gain +1.96%
2025-11-19 23:35:16,250 - INFO  - Epoch: [150][260/390] | Time 0.082 (0.084) | Loss 2.3840 | Accs(C/F/R): 99.98/58.02/60.04 | Gain +2.02%
2025-11-19 23:35:17,880 - INFO  - Epoch: [150][280/390] | Time 0.081 (0.083) | Loss 2.4094 | Accs(C/F/R): 99.99/57.52/59.56 | Gain +2.03%
2025-11-19 23:35:19,518 - INFO  - Epoch: [150][300/390] | Time 0.084 (0.083) | Loss 2.4292 | Accs(C/F/R): 99.99/57.18/59.22 | Gain +2.04%
2025-11-19 23:35:21,149 - INFO  - Epoch: [150][320/390] | Time 0.083 (0.083) | Loss 2.4347 | Accs(C/F/R): 99.99/57.10/59.11 | Gain +2.01%
2025-11-19 23:35:22,800 - INFO  - Epoch: [150][340/390] | Time 0.081 (0.083) | Loss 2.4393 | Accs(C/F/R): 99.99/57.09/59.11 | Gain +2.02%
2025-11-19 23:35:24,440 - INFO  - Epoch: [150][360/390] | Time 0.081 (0.083) | Loss 2.4529 | Accs(C/F/R): 99.99/56.81/58.84 | Gain +2.03%
2025-11-19 23:35:26,071 - INFO  - Epoch: [150][380/390] | Time 0.081 (0.083) | Loss 2.4684 | Accs(C/F/R): 99.99/56.53/58.55 | Gain +2.02%
2025-11-19 23:35:26,952 - INFO  - Epoch 150: Train Loss (scheduler metric) = 2.4615
2025-11-19 23:35:26,976 - INFO  - ([150] Epoch) Saving checkpoint to:
             Current: /root/autodl-tmp/retraining-free-quantization/training/alexnet_cifar10_sensitive_stage2/alexnet_cifar10_sensitive_stage2_restorer_checkpoint.pth.tar

2025-11-19 23:35:26,976 - INFO  - >>>>>>>> Epoch 151
2025-11-19 23:35:26,976 - INFO  - [Stage2] Using random BER sampling [1e-2, 1e-1] for each batch at epoch 151
2025-11-19 23:35:26,976 - INFO  - Entered Stage 2 Restorer Training mode for epoch 151.
2025-11-19 23:35:28,867 - INFO  - Epoch: [151][20/390] | Time 0.083 (0.095) | Loss 2.1154 | Accs(C/F/R): 99.96/62.03/64.65 | Gain +2.62%
2025-11-19 23:35:30,522 - INFO  - Epoch: [151][40/390] | Time 0.082 (0.089) | Loss 2.2530 | Accs(C/F/R): 99.98/60.70/62.73 | Gain +2.03%
2025-11-19 23:35:32,169 - INFO  - Epoch: [151][60/390] | Time 0.083 (0.087) | Loss 2.3214 | Accs(C/F/R): 99.99/59.43/61.50 | Gain +2.07%
2025-11-19 23:35:33,836 - INFO  - Epoch: [151][80/390] | Time 0.084 (0.086) | Loss 2.3593 | Accs(C/F/R): 99.99/59.14/61.08 | Gain +1.94%
2025-11-19 23:35:35,507 - INFO  - Epoch: [151][100/390] | Time 0.085 (0.085) | Loss 2.3948 | Accs(C/F/R): 99.99/58.21/60.17 | Gain +1.96%
2025-11-19 23:35:37,171 - INFO  - Epoch: [151][120/390] | Time 0.082 (0.085) | Loss 2.4252 | Accs(C/F/R): 99.99/57.51/59.49 | Gain +1.99%
2025-11-19 23:35:38,845 - INFO  - Epoch: [151][140/390] | Time 0.087 (0.085) | Loss 2.4687 | Accs(C/F/R): 99.99/56.62/58.63 | Gain +2.00%
2025-11-19 23:35:40,501 - INFO  - Epoch: [151][160/390] | Time 0.085 (0.085) | Loss 2.4725 | Accs(C/F/R): 100.00/56.37/58.37 | Gain +2.01%
2025-11-19 23:35:42,161 - INFO  - Epoch: [151][180/390] | Time 0.083 (0.084) | Loss 2.4713 | Accs(C/F/R): 100.00/56.44/58.42 | Gain +1.97%
2025-11-19 23:35:43,823 - INFO  - Epoch: [151][200/390] | Time 0.081 (0.084) | Loss 2.4779 | Accs(C/F/R): 100.00/56.39/58.39 | Gain +2.00%
2025-11-19 23:35:45,485 - INFO  - Epoch: [151][220/390] | Time 0.085 (0.084) | Loss 2.4470 | Accs(C/F/R): 100.00/56.76/58.80 | Gain +2.03%
2025-11-19 23:35:47,130 - INFO  - Epoch: [151][240/390] | Time 0.084 (0.084) | Loss 2.4357 | Accs(C/F/R): 100.00/56.84/58.88 | Gain +2.04%
2025-11-19 23:35:48,802 - INFO  - Epoch: [151][260/390] | Time 0.082 (0.084) | Loss 2.4087 | Accs(C/F/R): 100.00/57.37/59.40 | Gain +2.03%
2025-11-19 23:35:50,455 - INFO  - Epoch: [151][280/390] | Time 0.084 (0.084) | Loss 2.4272 | Accs(C/F/R): 100.00/57.05/59.14 | Gain +2.09%
2025-11-19 23:35:52,102 - INFO  - Epoch: [151][300/390] | Time 0.083 (0.084) | Loss 2.4230 | Accs(C/F/R): 100.00/57.03/59.08 | Gain +2.05%
2025-11-19 23:35:53,751 - INFO  - Epoch: [151][320/390] | Time 0.081 (0.084) | Loss 2.4328 | Accs(C/F/R): 100.00/56.92/58.99 | Gain +2.08%
2025-11-19 23:35:55,419 - INFO  - Epoch: [151][340/390] | Time 0.085 (0.084) | Loss 2.4333 | Accs(C/F/R): 100.00/56.91/59.01 | Gain +2.10%
2025-11-19 23:35:57,083 - INFO  - Epoch: [151][360/390] | Time 0.085 (0.084) | Loss 2.4369 | Accs(C/F/R): 100.00/56.85/58.95 | Gain +2.10%
2025-11-19 23:35:58,762 - INFO  - Epoch: [151][380/390] | Time 0.084 (0.084) | Loss 2.4302 | Accs(C/F/R): 100.00/57.02/59.10 | Gain +2.08%
2025-11-19 23:35:59,642 - INFO  - Epoch 151: Train Loss (scheduler metric) = 2.4348
2025-11-19 23:35:59,662 - INFO  - ([151] Epoch) Saving checkpoint to:
             Current: /root/autodl-tmp/retraining-free-quantization/training/alexnet_cifar10_sensitive_stage2/alexnet_cifar10_sensitive_stage2_restorer_checkpoint.pth.tar

2025-11-19 23:35:59,662 - INFO  - >>>>>>>> Epoch 152
2025-11-19 23:35:59,662 - INFO  - [Stage2] Using random BER sampling [1e-2, 1e-1] for each batch at epoch 152
2025-11-19 23:35:59,662 - INFO  - Entered Stage 2 Restorer Training mode for epoch 152.
2025-11-19 23:36:01,530 - INFO  - Epoch: [152][20/390] | Time 0.082 (0.093) | Loss 2.5692 | Accs(C/F/R): 99.96/55.51/58.12 | Gain +2.62%
2025-11-19 23:36:03,172 - INFO  - Epoch: [152][40/390] | Time 0.081 (0.088) | Loss 2.6158 | Accs(C/F/R): 99.98/53.30/56.19 | Gain +2.89%
2025-11-19 23:36:04,814 - INFO  - Epoch: [152][60/390] | Time 0.082 (0.086) | Loss 2.5486 | Accs(C/F/R): 99.99/54.01/56.42 | Gain +2.41%
2025-11-19 23:36:06,466 - INFO  - Epoch: [152][80/390] | Time 0.083 (0.085) | Loss 2.5289 | Accs(C/F/R): 99.99/55.00/57.18 | Gain +2.18%
2025-11-19 23:36:08,120 - INFO  - Epoch: [152][100/390] | Time 0.082 (0.085) | Loss 2.5501 | Accs(C/F/R): 99.99/54.66/57.02 | Gain +2.36%
2025-11-19 23:36:09,773 - INFO  - Epoch: [152][120/390] | Time 0.082 (0.084) | Loss 2.5621 | Accs(C/F/R): 99.99/54.52/56.73 | Gain +2.20%
2025-11-19 23:36:11,428 - INFO  - Epoch: [152][140/390] | Time 0.083 (0.084) | Loss 2.5860 | Accs(C/F/R): 99.99/54.12/56.41 | Gain +2.28%
2025-11-19 23:36:13,069 - INFO  - Epoch: [152][160/390] | Time 0.081 (0.084) | Loss 2.5190 | Accs(C/F/R): 99.99/55.51/57.66 | Gain +2.15%
2025-11-19 23:36:14,731 - INFO  - Epoch: [152][180/390] | Time 0.082 (0.084) | Loss 2.5237 | Accs(C/F/R): 99.99/55.33/57.59 | Gain +2.25%
2025-11-19 23:36:16,376 - INFO  - Epoch: [152][200/390] | Time 0.083 (0.084) | Loss 2.4885 | Accs(C/F/R): 99.99/55.91/58.14 | Gain +2.23%
2025-11-19 23:36:18,031 - INFO  - Epoch: [152][220/390] | Time 0.084 (0.083) | Loss 2.4625 | Accs(C/F/R): 99.99/56.41/58.68 | Gain +2.27%
2025-11-19 23:36:19,682 - INFO  - Epoch: [152][240/390] | Time 0.081 (0.083) | Loss 2.4791 | Accs(C/F/R): 99.99/56.17/58.42 | Gain +2.25%
2025-11-19 23:36:21,338 - INFO  - Epoch: [152][260/390] | Time 0.082 (0.083) | Loss 2.4930 | Accs(C/F/R): 99.99/55.99/58.23 | Gain +2.25%
2025-11-19 23:36:23,028 - INFO  - Epoch: [152][280/390] | Time 0.085 (0.083) | Loss 2.4755 | Accs(C/F/R): 99.99/56.30/58.48 | Gain +2.18%
2025-11-19 23:36:24,671 - INFO  - Epoch: [152][300/390] | Time 0.082 (0.083) | Loss 2.4821 | Accs(C/F/R): 99.99/56.05/58.26 | Gain +2.21%
2025-11-19 23:36:26,329 - INFO  - Epoch: [152][320/390] | Time 0.082 (0.083) | Loss 2.4988 | Accs(C/F/R): 99.99/55.80/58.09 | Gain +2.29%
2025-11-19 23:36:27,978 - INFO  - Epoch: [152][340/390] | Time 0.082 (0.083) | Loss 2.4998 | Accs(C/F/R): 99.99/55.81/58.14 | Gain +2.33%
2025-11-19 23:36:29,632 - INFO  - Epoch: [152][360/390] | Time 0.088 (0.083) | Loss 2.5074 | Accs(C/F/R): 99.99/55.67/57.94 | Gain +2.27%
2025-11-19 23:36:31,296 - INFO  - Epoch: [152][380/390] | Time 0.082 (0.083) | Loss 2.5113 | Accs(C/F/R): 99.99/55.59/57.85 | Gain +2.26%
2025-11-19 23:36:32,160 - INFO  - Epoch 152: Train Loss (scheduler metric) = 2.5084
2025-11-19 23:36:32,180 - INFO  - ([152] Epoch) Saving checkpoint to:
             Current: /root/autodl-tmp/retraining-free-quantization/training/alexnet_cifar10_sensitive_stage2/alexnet_cifar10_sensitive_stage2_restorer_checkpoint.pth.tar

2025-11-19 23:36:32,180 - INFO  - >>>>>>>> Epoch 153
2025-11-19 23:36:32,180 - INFO  - [Stage2] Using random BER sampling [1e-2, 1e-1] for each batch at epoch 153
2025-11-19 23:36:32,181 - INFO  - Entered Stage 2 Restorer Training mode for epoch 153.
2025-11-19 23:36:34,109 - INFO  - Epoch: [153][20/390] | Time 0.082 (0.096) | Loss 2.3754 | Accs(C/F/R): 100.00/58.83/61.56 | Gain +2.73%
2025-11-19 23:36:35,764 - INFO  - Epoch: [153][40/390] | Time 0.081 (0.090) | Loss 2.4150 | Accs(C/F/R): 100.00/58.30/60.70 | Gain +2.40%
2025-11-19 23:36:37,405 - INFO  - Epoch: [153][60/390] | Time 0.082 (0.087) | Loss 2.5255 | Accs(C/F/R): 99.99/55.94/58.07 | Gain +2.14%
2025-11-19 23:36:39,052 - INFO  - Epoch: [153][80/390] | Time 0.082 (0.086) | Loss 2.4986 | Accs(C/F/R): 99.99/56.68/58.59 | Gain +1.91%
2025-11-19 23:36:40,709 - INFO  - Epoch: [153][100/390] | Time 0.082 (0.085) | Loss 2.4959 | Accs(C/F/R): 99.99/56.66/58.73 | Gain +2.06%
2025-11-19 23:36:42,355 - INFO  - Epoch: [153][120/390] | Time 0.082 (0.085) | Loss 2.4928 | Accs(C/F/R): 99.99/56.44/58.74 | Gain +2.30%
2025-11-19 23:36:44,005 - INFO  - Epoch: [153][140/390] | Time 0.082 (0.084) | Loss 2.5071 | Accs(C/F/R): 99.99/56.21/58.56 | Gain +2.35%
2025-11-19 23:36:45,676 - INFO  - Epoch: [153][160/390] | Time 0.085 (0.084) | Loss 2.5257 | Accs(C/F/R): 99.99/55.98/58.37 | Gain +2.40%
2025-11-19 23:36:47,337 - INFO  - Epoch: [153][180/390] | Time 0.084 (0.084) | Loss 2.5686 | Accs(C/F/R): 99.99/55.13/57.47 | Gain +2.34%
2025-11-19 23:36:48,983 - INFO  - Epoch: [153][200/390] | Time 0.082 (0.084) | Loss 2.5925 | Accs(C/F/R): 99.99/54.53/56.96 | Gain +2.44%
2025-11-19 23:36:50,639 - INFO  - Epoch: [153][220/390] | Time 0.084 (0.084) | Loss 2.6199 | Accs(C/F/R): 99.99/53.88/56.36 | Gain +2.48%
2025-11-19 23:36:52,302 - INFO  - Epoch: [153][240/390] | Time 0.083 (0.084) | Loss 2.6186 | Accs(C/F/R): 99.99/53.79/56.24 | Gain +2.45%
2025-11-19 23:36:53,954 - INFO  - Epoch: [153][260/390] | Time 0.087 (0.084) | Loss 2.6276 | Accs(C/F/R): 99.99/53.66/56.10 | Gain +2.44%
2025-11-19 23:36:55,623 - INFO  - Epoch: [153][280/390] | Time 0.083 (0.084) | Loss 2.6180 | Accs(C/F/R): 99.99/53.80/56.27 | Gain +2.47%
2025-11-19 23:36:57,282 - INFO  - Epoch: [153][300/390] | Time 0.082 (0.084) | Loss 2.5901 | Accs(C/F/R): 99.99/54.27/56.70 | Gain +2.43%
2025-11-19 23:36:58,942 - INFO  - Epoch: [153][320/390] | Time 0.083 (0.084) | Loss 2.5800 | Accs(C/F/R): 99.99/54.37/56.86 | Gain +2.49%
2025-11-19 23:37:00,596 - INFO  - Epoch: [153][340/390] | Time 0.082 (0.084) | Loss 2.5890 | Accs(C/F/R): 99.99/54.29/56.76 | Gain +2.46%
2025-11-19 23:37:02,243 - INFO  - Epoch: [153][360/390] | Time 0.085 (0.084) | Loss 2.5705 | Accs(C/F/R): 99.99/54.74/57.11 | Gain +2.38%
2025-11-19 23:37:03,906 - INFO  - Epoch: [153][380/390] | Time 0.084 (0.083) | Loss 2.5631 | Accs(C/F/R): 99.99/54.91/57.25 | Gain +2.34%
2025-11-19 23:37:04,781 - INFO  - Epoch 153: Train Loss (scheduler metric) = 2.5713
2025-11-19 23:37:04,801 - INFO  - ([153] Epoch) Saving checkpoint to:
             Current: /root/autodl-tmp/retraining-free-quantization/training/alexnet_cifar10_sensitive_stage2/alexnet_cifar10_sensitive_stage2_restorer_checkpoint.pth.tar

2025-11-19 23:37:04,801 - INFO  - >>>>>>>> Epoch 154
2025-11-19 23:37:04,801 - INFO  - [Stage2] Using random BER sampling [1e-2, 1e-1] for each batch at epoch 154
2025-11-19 23:37:04,801 - INFO  - Entered Stage 2 Restorer Training mode for epoch 154.
2025-11-19 23:37:06,708 - INFO  - Epoch: [154][20/390] | Time 0.084 (0.095) | Loss 2.8394 | Accs(C/F/R): 100.00/50.12/51.72 | Gain +1.60%
2025-11-19 23:37:08,352 - INFO  - Epoch: [154][40/390] | Time 0.081 (0.089) | Loss 2.7371 | Accs(C/F/R): 100.00/51.62/53.81 | Gain +2.19%
2025-11-19 23:37:09,993 - INFO  - Epoch: [154][60/390] | Time 0.081 (0.087) | Loss 2.6709 | Accs(C/F/R): 100.00/52.64/55.36 | Gain +2.72%
2025-11-19 23:37:11,620 - INFO  - Epoch: [154][80/390] | Time 0.082 (0.085) | Loss 2.6603 | Accs(C/F/R): 99.99/52.60/55.40 | Gain +2.80%
2025-11-19 23:37:13,251 - INFO  - Epoch: [154][100/390] | Time 0.081 (0.084) | Loss 2.6692 | Accs(C/F/R): 99.99/52.46/55.27 | Gain +2.81%
2025-11-19 23:37:14,882 - INFO  - Epoch: [154][120/390] | Time 0.082 (0.084) | Loss 2.5744 | Accs(C/F/R): 99.99/54.19/56.78 | Gain +2.60%
2025-11-19 23:37:16,514 - INFO  - Epoch: [154][140/390] | Time 0.083 (0.084) | Loss 2.5923 | Accs(C/F/R): 99.99/53.88/56.48 | Gain +2.60%
2025-11-19 23:37:18,143 - INFO  - Epoch: [154][160/390] | Time 0.081 (0.083) | Loss 2.5712 | Accs(C/F/R): 99.99/54.41/56.87 | Gain +2.45%
2025-11-19 23:37:19,783 - INFO  - Epoch: [154][180/390] | Time 0.083 (0.083) | Loss 2.5496 | Accs(C/F/R): 99.99/54.78/57.09 | Gain +2.30%
2025-11-19 23:37:21,426 - INFO  - Epoch: [154][200/390] | Time 0.082 (0.083) | Loss 2.5506 | Accs(C/F/R): 99.99/54.62/57.03 | Gain +2.41%
2025-11-19 23:37:23,067 - INFO  - Epoch: [154][220/390] | Time 0.082 (0.083) | Loss 2.5962 | Accs(C/F/R): 99.99/53.76/56.20 | Gain +2.44%
2025-11-19 23:37:24,719 - INFO  - Epoch: [154][240/390] | Time 0.082 (0.083) | Loss 2.6068 | Accs(C/F/R): 99.99/53.69/56.16 | Gain +2.47%
2025-11-19 23:37:26,385 - INFO  - Epoch: [154][260/390] | Time 0.082 (0.083) | Loss 2.6007 | Accs(C/F/R): 99.99/53.90/56.30 | Gain +2.39%
2025-11-19 23:37:28,026 - INFO  - Epoch: [154][280/390] | Time 0.082 (0.083) | Loss 2.5928 | Accs(C/F/R): 99.99/54.14/56.50 | Gain +2.35%
2025-11-19 23:37:29,678 - INFO  - Epoch: [154][300/390] | Time 0.081 (0.083) | Loss 2.5922 | Accs(C/F/R): 99.99/54.13/56.43 | Gain +2.30%
2025-11-19 23:37:31,334 - INFO  - Epoch: [154][320/390] | Time 0.082 (0.083) | Loss 2.5676 | Accs(C/F/R): 99.99/54.56/56.85 | Gain +2.29%
2025-11-19 23:37:32,983 - INFO  - Epoch: [154][340/390] | Time 0.083 (0.083) | Loss 2.5621 | Accs(C/F/R): 99.99/54.72/56.99 | Gain +2.27%
2025-11-19 23:37:34,629 - INFO  - Epoch: [154][360/390] | Time 0.083 (0.083) | Loss 2.5590 | Accs(C/F/R): 99.99/54.83/57.13 | Gain +2.29%
2025-11-19 23:37:36,291 - INFO  - Epoch: [154][380/390] | Time 0.083 (0.083) | Loss 2.5620 | Accs(C/F/R): 99.99/54.73/57.00 | Gain +2.27%
2025-11-19 23:37:37,149 - INFO  - Epoch 154: Train Loss (scheduler metric) = 2.5707
2025-11-19 23:37:37,168 - INFO  - ([154] Epoch) Saving checkpoint to:
             Current: /root/autodl-tmp/retraining-free-quantization/training/alexnet_cifar10_sensitive_stage2/alexnet_cifar10_sensitive_stage2_restorer_checkpoint.pth.tar

2025-11-19 23:37:37,168 - INFO  - >>>>>>>> Epoch 155
2025-11-19 23:37:37,168 - INFO  - [Stage2] Using random BER sampling [1e-2, 1e-1] for each batch at epoch 155
2025-11-19 23:37:37,168 - INFO  - Entered Stage 2 Restorer Training mode for epoch 155.
2025-11-19 23:37:39,120 - INFO  - Epoch: [155][20/390] | Time 0.089 (0.098) | Loss 2.4225 | Accs(C/F/R): 100.00/55.51/58.12 | Gain +2.62%
2025-11-19 23:37:40,790 - INFO  - Epoch: [155][40/390] | Time 0.084 (0.091) | Loss 2.4601 | Accs(C/F/R): 100.00/56.02/58.32 | Gain +2.30%
2025-11-19 23:37:42,482 - INFO  - Epoch: [155][60/390] | Time 0.082 (0.089) | Loss 2.5611 | Accs(C/F/R): 100.00/54.09/56.34 | Gain +2.25%
2025-11-19 23:37:44,135 - INFO  - Epoch: [155][80/390] | Time 0.082 (0.087) | Loss 2.4522 | Accs(C/F/R): 100.00/56.28/58.39 | Gain +2.11%
2025-11-19 23:37:45,790 - INFO  - Epoch: [155][100/390] | Time 0.085 (0.086) | Loss 2.4976 | Accs(C/F/R): 100.00/55.59/57.51 | Gain +1.91%
2025-11-19 23:37:47,479 - INFO  - Epoch: [155][120/390] | Time 0.082 (0.086) | Loss 2.5081 | Accs(C/F/R): 100.00/55.39/57.31 | Gain +1.92%
2025-11-19 23:37:49,119 - INFO  - Epoch: [155][140/390] | Time 0.081 (0.085) | Loss 2.5213 | Accs(C/F/R): 100.00/55.18/57.13 | Gain +1.94%
2025-11-19 23:37:50,768 - INFO  - Epoch: [155][160/390] | Time 0.083 (0.085) | Loss 2.5157 | Accs(C/F/R): 100.00/55.15/57.17 | Gain +2.02%
2025-11-19 23:37:52,456 - INFO  - Epoch: [155][180/390] | Time 0.082 (0.085) | Loss 2.5634 | Accs(C/F/R): 100.00/54.38/56.44 | Gain +2.07%
2025-11-19 23:37:54,109 - INFO  - Epoch: [155][200/390] | Time 0.082 (0.085) | Loss 2.5526 | Accs(C/F/R): 100.00/54.61/56.64 | Gain +2.03%
2025-11-19 23:37:55,771 - INFO  - Epoch: [155][220/390] | Time 0.082 (0.085) | Loss 2.5543 | Accs(C/F/R): 100.00/54.55/56.59 | Gain +2.05%
2025-11-19 23:37:57,426 - INFO  - Epoch: [155][240/390] | Time 0.083 (0.084) | Loss 2.5777 | Accs(C/F/R): 100.00/54.27/56.27 | Gain +2.00%
2025-11-19 23:37:59,096 - INFO  - Epoch: [155][260/390] | Time 0.081 (0.084) | Loss 2.5756 | Accs(C/F/R): 100.00/54.38/56.36 | Gain +1.99%
2025-11-19 23:38:00,751 - INFO  - Epoch: [155][280/390] | Time 0.085 (0.084) | Loss 2.5975 | Accs(C/F/R): 100.00/53.82/55.85 | Gain +2.03%
2025-11-19 23:38:02,407 - INFO  - Epoch: [155][300/390] | Time 0.082 (0.084) | Loss 2.5801 | Accs(C/F/R): 100.00/54.18/56.22 | Gain +2.04%
2025-11-19 23:38:04,072 - INFO  - Epoch: [155][320/390] | Time 0.082 (0.084) | Loss 2.5695 | Accs(C/F/R): 100.00/54.47/56.52 | Gain +2.06%
2025-11-19 23:38:05,757 - INFO  - Epoch: [155][340/390] | Time 0.086 (0.084) | Loss 2.5745 | Accs(C/F/R): 100.00/54.40/56.48 | Gain +2.07%
2025-11-19 23:38:07,423 - INFO  - Epoch: [155][360/390] | Time 0.083 (0.084) | Loss 2.5874 | Accs(C/F/R): 99.99/54.14/56.20 | Gain +2.07%
2025-11-19 23:38:09,071 - INFO  - Epoch: [155][380/390] | Time 0.083 (0.084) | Loss 2.5957 | Accs(C/F/R): 99.99/53.96/55.96 | Gain +2.00%
2025-11-19 23:38:09,934 - INFO  - Epoch 155: Train Loss (scheduler metric) = 2.6045
2025-11-19 23:38:09,955 - INFO  - ([155] Epoch) Saving checkpoint to:
             Current: /root/autodl-tmp/retraining-free-quantization/training/alexnet_cifar10_sensitive_stage2/alexnet_cifar10_sensitive_stage2_restorer_checkpoint.pth.tar

2025-11-19 23:38:09,956 - INFO  - >>>>>>>> Epoch 156
2025-11-19 23:38:09,956 - INFO  - [Stage2] Using random BER sampling [1e-2, 1e-1] for each batch at epoch 156
2025-11-19 23:38:09,956 - INFO  - Entered Stage 2 Restorer Training mode for epoch 156.
2025-11-19 23:38:11,874 - INFO  - Epoch: [156][20/390] | Time 0.082 (0.096) | Loss 2.6760 | Accs(C/F/R): 100.00/52.46/55.00 | Gain +2.54%
2025-11-19 23:38:13,516 - INFO  - Epoch: [156][40/390] | Time 0.082 (0.089) | Loss 2.6538 | Accs(C/F/R): 100.00/52.97/55.37 | Gain +2.40%
2025-11-19 23:38:15,172 - INFO  - Epoch: [156][60/390] | Time 0.083 (0.087) | Loss 2.5148 | Accs(C/F/R): 99.99/55.36/57.59 | Gain +2.23%
2025-11-19 23:38:16,812 - INFO  - Epoch: [156][80/390] | Time 0.082 (0.086) | Loss 2.5344 | Accs(C/F/R): 99.99/54.87/57.28 | Gain +2.40%
2025-11-19 23:38:18,459 - INFO  - Epoch: [156][100/390] | Time 0.082 (0.085) | Loss 2.4290 | Accs(C/F/R): 99.99/56.67/58.90 | Gain +2.23%
2025-11-19 23:38:20,102 - INFO  - Epoch: [156][120/390] | Time 0.083 (0.085) | Loss 2.4453 | Accs(C/F/R): 99.99/56.67/58.72 | Gain +2.04%
2025-11-19 23:38:21,763 - INFO  - Epoch: [156][140/390] | Time 0.082 (0.084) | Loss 2.4749 | Accs(C/F/R): 99.98/56.10/58.21 | Gain +2.10%
2025-11-19 23:38:23,422 - INFO  - Epoch: [156][160/390] | Time 0.082 (0.084) | Loss 2.4773 | Accs(C/F/R): 99.98/56.22/58.27 | Gain +2.06%
2025-11-19 23:38:25,072 - INFO  - Epoch: [156][180/390] | Time 0.082 (0.084) | Loss 2.4722 | Accs(C/F/R): 99.98/56.17/58.32 | Gain +2.15%
2025-11-19 23:38:26,721 - INFO  - Epoch: [156][200/390] | Time 0.082 (0.084) | Loss 2.4743 | Accs(C/F/R): 99.98/56.05/58.14 | Gain +2.08%
2025-11-19 23:38:28,368 - INFO  - Epoch: [156][220/390] | Time 0.082 (0.084) | Loss 2.4833 | Accs(C/F/R): 99.99/55.87/57.91 | Gain +2.04%
2025-11-19 23:38:30,014 - INFO  - Epoch: [156][240/390] | Time 0.085 (0.084) | Loss 2.5063 | Accs(C/F/R): 99.99/55.42/57.41 | Gain +1.99%
2025-11-19 23:38:31,691 - INFO  - Epoch: [156][260/390] | Time 0.082 (0.084) | Loss 2.5156 | Accs(C/F/R): 99.99/55.41/57.33 | Gain +1.91%
2025-11-19 23:38:33,368 - INFO  - Epoch: [156][280/390] | Time 0.083 (0.084) | Loss 2.5135 | Accs(C/F/R): 99.99/55.37/57.35 | Gain +1.98%
2025-11-19 23:38:35,031 - INFO  - Epoch: [156][300/390] | Time 0.083 (0.084) | Loss 2.5059 | Accs(C/F/R): 99.99/55.38/57.38 | Gain +1.99%
2025-11-19 23:38:36,699 - INFO  - Epoch: [156][320/390] | Time 0.082 (0.084) | Loss 2.5210 | Accs(C/F/R): 99.99/55.37/57.32 | Gain +1.95%
2025-11-19 23:38:38,348 - INFO  - Epoch: [156][340/390] | Time 0.085 (0.084) | Loss 2.5132 | Accs(C/F/R): 99.99/55.55/57.53 | Gain +1.98%
2025-11-19 23:38:40,008 - INFO  - Epoch: [156][360/390] | Time 0.083 (0.083) | Loss 2.5258 | Accs(C/F/R): 99.99/55.34/57.35 | Gain +2.01%
2025-11-19 23:38:41,666 - INFO  - Epoch: [156][380/390] | Time 0.083 (0.083) | Loss 2.5217 | Accs(C/F/R): 99.99/55.48/57.44 | Gain +1.95%
2025-11-19 23:38:42,535 - INFO  - Epoch 156: Train Loss (scheduler metric) = 2.5197
2025-11-19 23:38:42,556 - INFO  - ([156] Epoch) Saving checkpoint to:
             Current: /root/autodl-tmp/retraining-free-quantization/training/alexnet_cifar10_sensitive_stage2/alexnet_cifar10_sensitive_stage2_restorer_checkpoint.pth.tar

2025-11-19 23:38:42,556 - INFO  - >>>>>>>> Epoch 157
2025-11-19 23:38:42,556 - INFO  - [Stage2] Using random BER sampling [1e-2, 1e-1] for each batch at epoch 157
2025-11-19 23:38:42,556 - INFO  - Entered Stage 2 Restorer Training mode for epoch 157.
2025-11-19 23:38:44,452 - INFO  - Epoch: [157][20/390] | Time 0.082 (0.095) | Loss 2.7824 | Accs(C/F/R): 100.00/53.05/55.74 | Gain +2.70%
2025-11-19 23:38:46,108 - INFO  - Epoch: [157][40/390] | Time 0.085 (0.089) | Loss 2.5833 | Accs(C/F/R): 100.00/55.10/57.71 | Gain +2.62%
2025-11-19 23:38:47,759 - INFO  - Epoch: [157][60/390] | Time 0.085 (0.087) | Loss 2.6229 | Accs(C/F/R): 99.99/54.74/57.01 | Gain +2.27%
2025-11-19 23:38:49,410 - INFO  - Epoch: [157][80/390] | Time 0.082 (0.086) | Loss 2.6257 | Accs(C/F/R): 99.98/54.37/56.57 | Gain +2.21%
2025-11-19 23:38:51,058 - INFO  - Epoch: [157][100/390] | Time 0.082 (0.085) | Loss 2.6473 | Accs(C/F/R): 99.98/53.88/55.97 | Gain +2.09%
2025-11-19 23:38:52,712 - INFO  - Epoch: [157][120/390] | Time 0.083 (0.085) | Loss 2.6115 | Accs(C/F/R): 99.99/54.24/56.33 | Gain +2.09%
2025-11-19 23:38:54,363 - INFO  - Epoch: [157][140/390] | Time 0.082 (0.084) | Loss 2.5386 | Accs(C/F/R): 99.99/55.64/57.63 | Gain +1.99%
2025-11-19 23:38:56,009 - INFO  - Epoch: [157][160/390] | Time 0.082 (0.084) | Loss 2.5247 | Accs(C/F/R): 99.99/56.04/57.99 | Gain +1.95%
2025-11-19 23:38:57,656 - INFO  - Epoch: [157][180/390] | Time 0.081 (0.084) | Loss 2.5210 | Accs(C/F/R): 99.99/56.12/58.04 | Gain +1.92%
2025-11-19 23:38:59,287 - INFO  - Epoch: [157][200/390] | Time 0.082 (0.084) | Loss 2.5419 | Accs(C/F/R): 99.99/55.87/57.71 | Gain +1.84%
2025-11-19 23:39:00,929 - INFO  - Epoch: [157][220/390] | Time 0.082 (0.084) | Loss 2.5594 | Accs(C/F/R): 99.99/55.48/57.32 | Gain +1.85%
2025-11-19 23:39:02,566 - INFO  - Epoch: [157][240/390] | Time 0.082 (0.083) | Loss 2.5725 | Accs(C/F/R): 99.99/55.23/57.10 | Gain +1.87%
2025-11-19 23:39:04,191 - INFO  - Epoch: [157][260/390] | Time 0.082 (0.083) | Loss 2.5880 | Accs(C/F/R): 99.99/54.90/56.81 | Gain +1.92%
2025-11-19 23:39:05,826 - INFO  - Epoch: [157][280/390] | Time 0.082 (0.083) | Loss 2.6105 | Accs(C/F/R): 99.99/54.50/56.41 | Gain +1.92%
2025-11-19 23:39:07,463 - INFO  - Epoch: [157][300/390] | Time 0.081 (0.083) | Loss 2.5966 | Accs(C/F/R): 99.99/54.83/56.76 | Gain +1.93%
2025-11-19 23:39:09,103 - INFO  - Epoch: [157][320/390] | Time 0.082 (0.083) | Loss 2.5610 | Accs(C/F/R): 99.99/55.38/57.30 | Gain +1.92%
2025-11-19 23:39:10,752 - INFO  - Epoch: [157][340/390] | Time 0.082 (0.083) | Loss 2.5667 | Accs(C/F/R): 99.99/55.31/57.21 | Gain +1.90%
2025-11-19 23:39:12,400 - INFO  - Epoch: [157][360/390] | Time 0.082 (0.083) | Loss 2.5636 | Accs(C/F/R): 99.99/55.29/57.17 | Gain +1.89%
2025-11-19 23:39:14,048 - INFO  - Epoch: [157][380/390] | Time 0.088 (0.083) | Loss 2.5589 | Accs(C/F/R): 99.99/55.16/57.09 | Gain +1.93%
2025-11-19 23:39:14,911 - INFO  - Epoch 157: Train Loss (scheduler metric) = 2.5618
2025-11-19 23:39:14,933 - INFO  - ([157] Epoch) Saving checkpoint to:
             Current: /root/autodl-tmp/retraining-free-quantization/training/alexnet_cifar10_sensitive_stage2/alexnet_cifar10_sensitive_stage2_restorer_checkpoint.pth.tar

2025-11-19 23:39:14,933 - INFO  - >>>>>>>> Epoch 158
2025-11-19 23:39:14,933 - INFO  - [Stage2] Using random BER sampling [1e-2, 1e-1] for each batch at epoch 158
2025-11-19 23:39:14,933 - INFO  - Entered Stage 2 Restorer Training mode for epoch 158.
2025-11-19 23:39:16,849 - INFO  - Epoch: [158][20/390] | Time 0.082 (0.096) | Loss 2.5229 | Accs(C/F/R): 100.00/56.60/58.12 | Gain +1.52%
2025-11-19 23:39:18,498 - INFO  - Epoch: [158][40/390] | Time 0.082 (0.089) | Loss 2.5264 | Accs(C/F/R): 99.98/56.25/57.64 | Gain +1.39%
2025-11-19 23:39:20,162 - INFO  - Epoch: [158][60/390] | Time 0.082 (0.087) | Loss 2.5035 | Accs(C/F/R): 99.96/56.71/58.36 | Gain +1.65%
2025-11-19 23:39:21,816 - INFO  - Epoch: [158][80/390] | Time 0.081 (0.086) | Loss 2.4816 | Accs(C/F/R): 99.97/56.66/58.17 | Gain +1.51%
2025-11-19 23:39:23,479 - INFO  - Epoch: [158][100/390] | Time 0.083 (0.085) | Loss 2.4854 | Accs(C/F/R): 99.98/56.64/58.23 | Gain +1.59%
2025-11-19 23:39:25,123 - INFO  - Epoch: [158][120/390] | Time 0.082 (0.085) | Loss 2.5208 | Accs(C/F/R): 99.98/55.85/57.55 | Gain +1.70%
2025-11-19 23:39:26,792 - INFO  - Epoch: [158][140/390] | Time 0.085 (0.085) | Loss 2.5377 | Accs(C/F/R): 99.98/55.54/57.27 | Gain +1.73%
2025-11-19 23:39:28,460 - INFO  - Epoch: [158][160/390] | Time 0.081 (0.085) | Loss 2.5122 | Accs(C/F/R): 99.99/56.04/57.74 | Gain +1.70%
2025-11-19 23:39:30,122 - INFO  - Epoch: [158][180/390] | Time 0.082 (0.084) | Loss 2.5135 | Accs(C/F/R): 99.98/56.02/57.79 | Gain +1.78%
2025-11-19 23:39:31,777 - INFO  - Epoch: [158][200/390] | Time 0.081 (0.084) | Loss 2.5449 | Accs(C/F/R): 99.98/55.27/57.10 | Gain +1.84%
2025-11-19 23:39:33,434 - INFO  - Epoch: [158][220/390] | Time 0.084 (0.084) | Loss 2.5450 | Accs(C/F/R): 99.98/55.28/57.14 | Gain +1.86%
2025-11-19 23:39:35,088 - INFO  - Epoch: [158][240/390] | Time 0.082 (0.084) | Loss 2.5470 | Accs(C/F/R): 99.98/55.11/57.03 | Gain +1.92%
2025-11-19 23:39:36,729 - INFO  - Epoch: [158][260/390] | Time 0.082 (0.084) | Loss 2.5411 | Accs(C/F/R): 99.98/55.26/57.17 | Gain +1.90%
2025-11-19 23:39:38,391 - INFO  - Epoch: [158][280/390] | Time 0.083 (0.084) | Loss 2.5569 | Accs(C/F/R): 99.98/55.03/56.96 | Gain +1.93%
2025-11-19 23:39:40,054 - INFO  - Epoch: [158][300/390] | Time 0.082 (0.084) | Loss 2.5556 | Accs(C/F/R): 99.98/55.00/56.93 | Gain +1.94%
2025-11-19 23:39:41,723 - INFO  - Epoch: [158][320/390] | Time 0.086 (0.084) | Loss 2.5555 | Accs(C/F/R): 99.98/55.03/56.99 | Gain +1.97%
2025-11-19 23:39:43,383 - INFO  - Epoch: [158][340/390] | Time 0.084 (0.084) | Loss 2.5584 | Accs(C/F/R): 99.98/55.04/56.93 | Gain +1.89%
2025-11-19 23:39:45,045 - INFO  - Epoch: [158][360/390] | Time 0.087 (0.084) | Loss 2.5449 | Accs(C/F/R): 99.98/55.29/57.21 | Gain +1.93%
2025-11-19 23:39:46,702 - INFO  - Epoch: [158][380/390] | Time 0.083 (0.084) | Loss 2.5279 | Accs(C/F/R): 99.98/55.69/57.60 | Gain +1.91%
2025-11-19 23:39:47,568 - INFO  - Epoch 158: Train Loss (scheduler metric) = 2.5318
2025-11-19 23:39:47,588 - INFO  - ([158] Epoch) Saving checkpoint to:
             Current: /root/autodl-tmp/retraining-free-quantization/training/alexnet_cifar10_sensitive_stage2/alexnet_cifar10_sensitive_stage2_restorer_checkpoint.pth.tar

2025-11-19 23:39:47,588 - INFO  - >>>>>>>> Epoch 159
2025-11-19 23:39:47,588 - INFO  - [Stage2] Using random BER sampling [1e-2, 1e-1] for each batch at epoch 159
2025-11-19 23:39:47,588 - INFO  - Entered Stage 2 Restorer Training mode for epoch 159.
2025-11-19 23:39:49,493 - INFO  - Epoch: [159][20/390] | Time 0.085 (0.095) | Loss 2.5227 | Accs(C/F/R): 100.00/55.86/56.88 | Gain +1.02%
2025-11-19 23:39:51,174 - INFO  - Epoch: [159][40/390] | Time 0.085 (0.090) | Loss 2.6413 | Accs(C/F/R): 100.00/53.18/55.06 | Gain +1.88%
2025-11-19 23:39:52,834 - INFO  - Epoch: [159][60/390] | Time 0.081 (0.087) | Loss 2.5719 | Accs(C/F/R): 100.00/54.71/56.39 | Gain +1.68%
2025-11-19 23:39:54,512 - INFO  - Epoch: [159][80/390] | Time 0.083 (0.087) | Loss 2.5714 | Accs(C/F/R): 100.00/54.75/56.60 | Gain +1.86%
2025-11-19 23:39:56,170 - INFO  - Epoch: [159][100/390] | Time 0.082 (0.086) | Loss 2.5532 | Accs(C/F/R): 100.00/54.78/56.79 | Gain +2.01%
2025-11-19 23:39:57,841 - INFO  - Epoch: [159][120/390] | Time 0.083 (0.085) | Loss 2.5451 | Accs(C/F/R): 100.00/55.01/56.97 | Gain +1.96%
2025-11-19 23:39:59,492 - INFO  - Epoch: [159][140/390] | Time 0.082 (0.085) | Loss 2.5215 | Accs(C/F/R): 100.00/55.42/57.47 | Gain +2.04%
2025-11-19 23:40:01,165 - INFO  - Epoch: [159][160/390] | Time 0.083 (0.085) | Loss 2.5153 | Accs(C/F/R): 100.00/55.56/57.59 | Gain +2.04%
2025-11-19 23:40:02,811 - INFO  - Epoch: [159][180/390] | Time 0.082 (0.085) | Loss 2.5222 | Accs(C/F/R): 99.99/55.29/57.45 | Gain +2.16%
2025-11-19 23:40:04,474 - INFO  - Epoch: [159][200/390] | Time 0.084 (0.084) | Loss 2.5131 | Accs(C/F/R): 99.99/55.50/57.60 | Gain +2.10%
2025-11-19 23:40:06,119 - INFO  - Epoch: [159][220/390] | Time 0.083 (0.084) | Loss 2.5193 | Accs(C/F/R): 99.99/55.44/57.49 | Gain +2.04%
2025-11-19 23:40:07,778 - INFO  - Epoch: [159][240/390] | Time 0.082 (0.084) | Loss 2.5451 | Accs(C/F/R): 99.99/55.05/56.99 | Gain +1.93%
2025-11-19 23:40:09,439 - INFO  - Epoch: [159][260/390] | Time 0.082 (0.084) | Loss 2.5565 | Accs(C/F/R): 99.99/54.79/56.65 | Gain +1.86%
2025-11-19 23:40:11,101 - INFO  - Epoch: [159][280/390] | Time 0.082 (0.084) | Loss 2.5380 | Accs(C/F/R): 99.99/55.17/57.05 | Gain +1.88%
2025-11-19 23:40:12,747 - INFO  - Epoch: [159][300/390] | Time 0.082 (0.084) | Loss 2.5491 | Accs(C/F/R): 99.99/54.94/56.82 | Gain +1.88%
2025-11-19 23:40:14,407 - INFO  - Epoch: [159][320/390] | Time 0.083 (0.084) | Loss 2.5664 | Accs(C/F/R): 100.00/54.49/56.45 | Gain +1.97%
2025-11-19 23:40:16,056 - INFO  - Epoch: [159][340/390] | Time 0.082 (0.084) | Loss 2.5630 | Accs(C/F/R): 100.00/54.49/56.49 | Gain +2.00%
2025-11-19 23:40:17,709 - INFO  - Epoch: [159][360/390] | Time 0.082 (0.084) | Loss 2.5540 | Accs(C/F/R): 100.00/54.66/56.74 | Gain +2.08%
2025-11-19 23:40:19,354 - INFO  - Epoch: [159][380/390] | Time 0.085 (0.084) | Loss 2.5458 | Accs(C/F/R): 100.00/54.82/56.90 | Gain +2.08%
2025-11-19 23:40:20,220 - INFO  - Epoch 159: Train Loss (scheduler metric) = 2.5354
2025-11-19 23:40:20,240 - INFO  - ([159] Epoch) Saving checkpoint to:
             Current: /root/autodl-tmp/retraining-free-quantization/training/alexnet_cifar10_sensitive_stage2/alexnet_cifar10_sensitive_stage2_restorer_checkpoint.pth.tar

2025-11-19 23:40:20,240 - INFO  - >>>>>>>> Epoch 160
2025-11-19 23:40:20,240 - INFO  - [Stage2] Using random BER sampling [1e-2, 1e-1] for each batch at epoch 160
2025-11-19 23:40:20,240 - INFO  - Entered Stage 2 Restorer Training mode for epoch 160.
2025-11-19 23:40:22,146 - INFO  - Epoch: [160][20/390] | Time 0.083 (0.095) | Loss 2.2682 | Accs(C/F/R): 100.00/60.00/61.72 | Gain +1.72%
2025-11-19 23:40:23,791 - INFO  - Epoch: [160][40/390] | Time 0.083 (0.089) | Loss 2.5255 | Accs(C/F/R): 100.00/55.04/57.50 | Gain +2.46%
2025-11-19 23:40:25,444 - INFO  - Epoch: [160][60/390] | Time 0.081 (0.087) | Loss 2.5867 | Accs(C/F/R): 100.00/54.58/56.97 | Gain +2.38%
2025-11-19 23:40:27,103 - INFO  - Epoch: [160][80/390] | Time 0.082 (0.086) | Loss 2.5524 | Accs(C/F/R): 100.00/54.95/57.22 | Gain +2.27%
2025-11-19 23:40:28,738 - INFO  - Epoch: [160][100/390] | Time 0.082 (0.085) | Loss 2.5811 | Accs(C/F/R): 100.00/54.41/56.60 | Gain +2.20%
2025-11-19 23:40:30,399 - INFO  - Epoch: [160][120/390] | Time 0.083 (0.085) | Loss 2.6057 | Accs(C/F/R): 100.00/53.76/55.92 | Gain +2.17%
2025-11-19 23:40:32,063 - INFO  - Epoch: [160][140/390] | Time 0.081 (0.084) | Loss 2.6115 | Accs(C/F/R): 100.00/53.56/55.73 | Gain +2.17%
2025-11-19 23:40:33,710 - INFO  - Epoch: [160][160/390] | Time 0.083 (0.084) | Loss 2.5405 | Accs(C/F/R): 100.00/55.12/57.18 | Gain +2.06%
2025-11-19 23:40:35,354 - INFO  - Epoch: [160][180/390] | Time 0.084 (0.084) | Loss 2.5562 | Accs(C/F/R): 100.00/54.93/56.91 | Gain +1.97%
2025-11-19 23:40:37,016 - INFO  - Epoch: [160][200/390] | Time 0.083 (0.084) | Loss 2.5493 | Accs(C/F/R): 100.00/55.21/57.07 | Gain +1.86%
2025-11-19 23:40:38,667 - INFO  - Epoch: [160][220/390] | Time 0.082 (0.084) | Loss 2.5479 | Accs(C/F/R): 99.99/55.28/57.13 | Gain +1.85%
2025-11-19 23:40:40,321 - INFO  - Epoch: [160][240/390] | Time 0.083 (0.084) | Loss 2.5569 | Accs(C/F/R): 99.99/55.00/56.87 | Gain +1.87%
2025-11-19 23:40:41,960 - INFO  - Epoch: [160][260/390] | Time 0.082 (0.084) | Loss 2.5536 | Accs(C/F/R): 99.99/55.16/56.94 | Gain +1.78%
2025-11-19 23:40:43,603 - INFO  - Epoch: [160][280/390] | Time 0.083 (0.083) | Loss 2.5473 | Accs(C/F/R): 99.99/55.29/57.08 | Gain +1.79%
2025-11-19 23:40:45,258 - INFO  - Epoch: [160][300/390] | Time 0.083 (0.083) | Loss 2.5379 | Accs(C/F/R): 99.99/55.49/57.32 | Gain +1.83%
2025-11-19 23:40:46,919 - INFO  - Epoch: [160][320/390] | Time 0.089 (0.083) | Loss 2.5377 | Accs(C/F/R): 100.00/55.44/57.23 | Gain +1.80%
2025-11-19 23:40:48,579 - INFO  - Epoch: [160][340/390] | Time 0.082 (0.083) | Loss 2.5227 | Accs(C/F/R): 100.00/55.71/57.50 | Gain +1.79%
2025-11-19 23:40:50,220 - INFO  - Epoch: [160][360/390] | Time 0.082 (0.083) | Loss 2.5169 | Accs(C/F/R): 99.99/55.77/57.58 | Gain +1.81%
2025-11-19 23:40:51,852 - INFO  - Epoch: [160][380/390] | Time 0.082 (0.083) | Loss 2.5182 | Accs(C/F/R): 99.99/55.78/57.58 | Gain +1.81%
2025-11-19 23:40:52,718 - INFO  - Epoch 160: Train Loss (scheduler metric) = 2.5276
2025-11-19 23:40:52,739 - INFO  - ([160] Epoch) Saving checkpoint to:
             Current: /root/autodl-tmp/retraining-free-quantization/training/alexnet_cifar10_sensitive_stage2/alexnet_cifar10_sensitive_stage2_restorer_checkpoint.pth.tar

2025-11-19 23:40:52,739 - INFO  - >>>>>>>> Epoch 161
2025-11-19 23:40:52,739 - INFO  - [Stage2] Using random BER sampling [1e-2, 1e-1] for each batch at epoch 161
2025-11-19 23:40:52,739 - INFO  - Entered Stage 2 Restorer Training mode for epoch 161.
2025-11-19 23:40:54,607 - INFO  - Epoch: [161][20/390] | Time 0.083 (0.093) | Loss 2.6286 | Accs(C/F/R): 100.00/55.39/57.15 | Gain +1.76%
2025-11-19 23:40:56,242 - INFO  - Epoch: [161][40/390] | Time 0.081 (0.088) | Loss 2.6815 | Accs(C/F/R): 100.00/52.66/55.00 | Gain +2.34%
2025-11-19 23:40:57,876 - INFO  - Epoch: [161][60/390] | Time 0.081 (0.086) | Loss 2.5822 | Accs(C/F/R): 99.99/54.70/56.88 | Gain +2.17%
2025-11-19 23:40:59,525 - INFO  - Epoch: [161][80/390] | Time 0.082 (0.085) | Loss 2.5455 | Accs(C/F/R): 99.98/55.01/57.17 | Gain +2.16%
2025-11-19 23:41:01,173 - INFO  - Epoch: [161][100/390] | Time 0.081 (0.084) | Loss 2.5904 | Accs(C/F/R): 99.98/54.70/56.84 | Gain +2.13%
2025-11-19 23:41:02,821 - INFO  - Epoch: [161][120/390] | Time 0.082 (0.084) | Loss 2.5645 | Accs(C/F/R): 99.99/55.09/57.19 | Gain +2.10%
2025-11-19 23:41:04,471 - INFO  - Epoch: [161][140/390] | Time 0.081 (0.084) | Loss 2.6162 | Accs(C/F/R): 99.99/54.05/56.14 | Gain +2.09%
2025-11-19 23:41:06,113 - INFO  - Epoch: [161][160/390] | Time 0.083 (0.084) | Loss 2.5576 | Accs(C/F/R): 99.99/55.14/57.15 | Gain +2.01%
2025-11-19 23:41:07,768 - INFO  - Epoch: [161][180/390] | Time 0.082 (0.083) | Loss 2.5838 | Accs(C/F/R): 99.99/54.69/56.69 | Gain +2.00%
2025-11-19 23:41:09,416 - INFO  - Epoch: [161][200/390] | Time 0.082 (0.083) | Loss 2.5623 | Accs(C/F/R): 99.98/55.20/57.23 | Gain +2.04%
2025-11-19 23:41:11,069 - INFO  - Epoch: [161][220/390] | Time 0.082 (0.083) | Loss 2.5534 | Accs(C/F/R): 99.99/55.28/57.37 | Gain +2.09%
2025-11-19 23:41:12,722 - INFO  - Epoch: [161][240/390] | Time 0.081 (0.083) | Loss 2.5471 | Accs(C/F/R): 99.99/55.33/57.38 | Gain +2.05%
2025-11-19 23:41:14,378 - INFO  - Epoch: [161][260/390] | Time 0.082 (0.083) | Loss 2.5677 | Accs(C/F/R): 99.98/54.74/56.75 | Gain +2.02%
2025-11-19 23:41:16,029 - INFO  - Epoch: [161][280/390] | Time 0.083 (0.083) | Loss 2.5769 | Accs(C/F/R): 99.98/54.72/56.74 | Gain +2.03%
2025-11-19 23:41:17,681 - INFO  - Epoch: [161][300/390] | Time 0.088 (0.083) | Loss 2.5929 | Accs(C/F/R): 99.98/54.32/56.35 | Gain +2.03%
2025-11-19 23:41:19,343 - INFO  - Epoch: [161][320/390] | Time 0.085 (0.083) | Loss 2.5790 | Accs(C/F/R): 99.98/54.59/56.59 | Gain +2.00%
2025-11-19 23:41:21,005 - INFO  - Epoch: [161][340/390] | Time 0.082 (0.083) | Loss 2.5856 | Accs(C/F/R): 99.98/54.35/56.35 | Gain +2.00%
2025-11-19 23:41:22,667 - INFO  - Epoch: [161][360/390] | Time 0.082 (0.083) | Loss 2.5833 | Accs(C/F/R): 99.98/54.34/56.31 | Gain +1.97%
2025-11-19 23:41:24,332 - INFO  - Epoch: [161][380/390] | Time 0.083 (0.083) | Loss 2.5877 | Accs(C/F/R): 99.98/54.10/56.11 | Gain +2.01%
2025-11-19 23:41:25,201 - INFO  - Epoch 161: Train Loss (scheduler metric) = 2.5910
2025-11-19 23:41:25,224 - INFO  - ([161] Epoch) Saving checkpoint to:
             Current: /root/autodl-tmp/retraining-free-quantization/training/alexnet_cifar10_sensitive_stage2/alexnet_cifar10_sensitive_stage2_restorer_checkpoint.pth.tar

2025-11-19 23:41:25,224 - INFO  - >>>>>>>> Epoch 162
2025-11-19 23:41:25,224 - INFO  - [Stage2] Using random BER sampling [1e-2, 1e-1] for each batch at epoch 162
2025-11-19 23:41:25,224 - INFO  - Entered Stage 2 Restorer Training mode for epoch 162.
2025-11-19 23:41:27,140 - INFO  - Epoch: [162][20/390] | Time 0.083 (0.096) | Loss 2.4980 | Accs(C/F/R): 100.00/55.31/57.93 | Gain +2.62%
2025-11-19 23:41:28,795 - INFO  - Epoch: [162][40/390] | Time 0.082 (0.089) | Loss 2.4716 | Accs(C/F/R): 99.96/55.92/57.97 | Gain +2.05%
2025-11-19 23:41:30,461 - INFO  - Epoch: [162][60/390] | Time 0.082 (0.087) | Loss 2.5067 | Accs(C/F/R): 99.97/55.36/57.45 | Gain +2.08%
2025-11-19 23:41:32,113 - INFO  - Epoch: [162][80/390] | Time 0.082 (0.086) | Loss 2.4441 | Accs(C/F/R): 99.98/56.07/58.14 | Gain +2.07%
2025-11-19 23:41:33,758 - INFO  - Epoch: [162][100/390] | Time 0.082 (0.085) | Loss 2.4606 | Accs(C/F/R): 99.98/55.70/57.74 | Gain +2.04%
2025-11-19 23:41:35,419 - INFO  - Epoch: [162][120/390] | Time 0.082 (0.085) | Loss 2.5351 | Accs(C/F/R): 99.98/54.36/56.40 | Gain +2.04%
2025-11-19 23:41:37,080 - INFO  - Epoch: [162][140/390] | Time 0.082 (0.085) | Loss 2.5315 | Accs(C/F/R): 99.98/54.47/56.57 | Gain +2.10%
2025-11-19 23:41:38,722 - INFO  - Epoch: [162][160/390] | Time 0.082 (0.084) | Loss 2.5187 | Accs(C/F/R): 99.99/54.99/57.02 | Gain +2.03%
2025-11-19 23:41:40,368 - INFO  - Epoch: [162][180/390] | Time 0.082 (0.084) | Loss 2.5401 | Accs(C/F/R): 99.99/54.75/56.79 | Gain +2.04%
2025-11-19 23:41:42,015 - INFO  - Epoch: [162][200/390] | Time 0.082 (0.084) | Loss 2.6047 | Accs(C/F/R): 99.99/53.71/55.76 | Gain +2.05%
2025-11-19 23:41:43,667 - INFO  - Epoch: [162][220/390] | Time 0.082 (0.084) | Loss 2.6224 | Accs(C/F/R): 99.99/53.46/55.51 | Gain +2.06%
2025-11-19 23:41:45,309 - INFO  - Epoch: [162][240/390] | Time 0.083 (0.084) | Loss 2.6137 | Accs(C/F/R): 99.99/53.76/55.73 | Gain +1.97%
2025-11-19 23:41:46,952 - INFO  - Epoch: [162][260/390] | Time 0.082 (0.084) | Loss 2.6023 | Accs(C/F/R): 99.99/53.94/55.89 | Gain +1.95%
2025-11-19 23:41:48,605 - INFO  - Epoch: [162][280/390] | Time 0.081 (0.083) | Loss 2.5825 | Accs(C/F/R): 99.99/54.36/56.33 | Gain +1.97%
2025-11-19 23:41:50,256 - INFO  - Epoch: [162][300/390] | Time 0.084 (0.083) | Loss 2.5870 | Accs(C/F/R): 99.99/54.26/56.21 | Gain +1.95%
2025-11-19 23:41:51,906 - INFO  - Epoch: [162][320/390] | Time 0.081 (0.083) | Loss 2.5885 | Accs(C/F/R): 99.99/54.27/56.22 | Gain +1.95%
2025-11-19 23:41:53,554 - INFO  - Epoch: [162][340/390] | Time 0.082 (0.083) | Loss 2.5799 | Accs(C/F/R): 99.99/54.43/56.35 | Gain +1.92%
2025-11-19 23:41:55,202 - INFO  - Epoch: [162][360/390] | Time 0.082 (0.083) | Loss 2.5789 | Accs(C/F/R): 99.99/54.45/56.35 | Gain +1.90%
2025-11-19 23:41:56,856 - INFO  - Epoch: [162][380/390] | Time 0.082 (0.083) | Loss 2.5724 | Accs(C/F/R): 99.99/54.41/56.41 | Gain +1.99%
2025-11-19 23:41:57,727 - INFO  - Epoch 162: Train Loss (scheduler metric) = 2.5728
2025-11-19 23:41:57,746 - INFO  - ([162] Epoch) Saving checkpoint to:
             Current: /root/autodl-tmp/retraining-free-quantization/training/alexnet_cifar10_sensitive_stage2/alexnet_cifar10_sensitive_stage2_restorer_checkpoint.pth.tar

2025-11-19 23:41:57,747 - INFO  - >>>>>>>> Epoch 163
2025-11-19 23:41:57,747 - INFO  - [Stage2] Using random BER sampling [1e-2, 1e-1] for each batch at epoch 163
2025-11-19 23:41:57,747 - INFO  - Entered Stage 2 Restorer Training mode for epoch 163.
2025-11-19 23:41:59,638 - INFO  - Epoch: [163][20/390] | Time 0.082 (0.095) | Loss 2.5679 | Accs(C/F/R): 100.00/53.98/56.64 | Gain +2.66%
2025-11-19 23:42:01,296 - INFO  - Epoch: [163][40/390] | Time 0.082 (0.089) | Loss 2.4504 | Accs(C/F/R): 100.00/56.13/58.71 | Gain +2.58%
2025-11-19 23:42:02,945 - INFO  - Epoch: [163][60/390] | Time 0.082 (0.087) | Loss 2.3189 | Accs(C/F/R): 100.00/58.71/60.61 | Gain +1.90%
2025-11-19 23:42:04,597 - INFO  - Epoch: [163][80/390] | Time 0.085 (0.086) | Loss 2.3319 | Accs(C/F/R): 100.00/58.27/60.27 | Gain +2.00%
2025-11-19 23:42:06,247 - INFO  - Epoch: [163][100/390] | Time 0.083 (0.085) | Loss 2.3840 | Accs(C/F/R): 100.00/57.71/59.57 | Gain +1.86%
2025-11-19 23:42:07,889 - INFO  - Epoch: [163][120/390] | Time 0.082 (0.085) | Loss 2.4492 | Accs(C/F/R): 100.00/56.51/58.54 | Gain +2.03%
2025-11-19 23:42:09,530 - INFO  - Epoch: [163][140/390] | Time 0.082 (0.084) | Loss 2.3979 | Accs(C/F/R): 100.00/57.26/59.13 | Gain +1.87%
2025-11-19 23:42:11,178 - INFO  - Epoch: [163][160/390] | Time 0.082 (0.084) | Loss 2.4559 | Accs(C/F/R): 100.00/56.37/58.25 | Gain +1.88%
2025-11-19 23:42:12,821 - INFO  - Epoch: [163][180/390] | Time 0.082 (0.084) | Loss 2.4381 | Accs(C/F/R): 100.00/56.67/58.56 | Gain +1.89%
2025-11-19 23:42:14,489 - INFO  - Epoch: [163][200/390] | Time 0.085 (0.084) | Loss 2.4369 | Accs(C/F/R): 100.00/56.82/58.70 | Gain +1.87%
2025-11-19 23:42:16,131 - INFO  - Epoch: [163][220/390] | Time 0.086 (0.084) | Loss 2.5026 | Accs(C/F/R): 100.00/55.90/57.69 | Gain +1.79%
2025-11-19 23:42:17,789 - INFO  - Epoch: [163][240/390] | Time 0.086 (0.084) | Loss 2.5225 | Accs(C/F/R): 99.99/55.36/57.15 | Gain +1.78%
2025-11-19 23:42:19,466 - INFO  - Epoch: [163][260/390] | Time 0.089 (0.084) | Loss 2.5325 | Accs(C/F/R): 99.99/55.20/57.04 | Gain +1.84%
2025-11-19 23:42:21,152 - INFO  - Epoch: [163][280/390] | Time 0.084 (0.084) | Loss 2.5564 | Accs(C/F/R): 99.99/54.75/56.67 | Gain +1.92%
2025-11-19 23:42:22,822 - INFO  - Epoch: [163][300/390] | Time 0.083 (0.084) | Loss 2.5281 | Accs(C/F/R): 99.99/55.34/57.21 | Gain +1.86%
2025-11-19 23:42:24,480 - INFO  - Epoch: [163][320/390] | Time 0.084 (0.084) | Loss 2.5087 | Accs(C/F/R): 99.99/55.71/57.59 | Gain +1.88%
2025-11-19 23:42:26,138 - INFO  - Epoch: [163][340/390] | Time 0.082 (0.083) | Loss 2.5322 | Accs(C/F/R): 99.99/55.31/57.22 | Gain +1.92%
2025-11-19 23:42:27,805 - INFO  - Epoch: [163][360/390] | Time 0.085 (0.083) | Loss 2.5234 | Accs(C/F/R): 99.99/55.54/57.42 | Gain +1.88%
2025-11-19 23:42:29,455 - INFO  - Epoch: [163][380/390] | Time 0.083 (0.083) | Loss 2.5266 | Accs(C/F/R): 99.99/55.45/57.29 | Gain +1.84%
2025-11-19 23:42:30,332 - INFO  - Epoch 163: Train Loss (scheduler metric) = 2.5291
2025-11-19 23:42:30,352 - INFO  - ([163] Epoch) Saving checkpoint to:
             Current: /root/autodl-tmp/retraining-free-quantization/training/alexnet_cifar10_sensitive_stage2/alexnet_cifar10_sensitive_stage2_restorer_checkpoint.pth.tar

2025-11-19 23:42:30,352 - INFO  - >>>>>>>> Epoch 164
2025-11-19 23:42:30,352 - INFO  - [Stage2] Using random BER sampling [1e-2, 1e-1] for each batch at epoch 164
2025-11-19 23:42:30,352 - INFO  - Entered Stage 2 Restorer Training mode for epoch 164.
2025-11-19 23:42:32,228 - INFO  - Epoch: [164][20/390] | Time 0.082 (0.094) | Loss 2.4799 | Accs(C/F/R): 100.00/56.41/58.71 | Gain +2.30%
2025-11-19 23:42:33,882 - INFO  - Epoch: [164][40/390] | Time 0.084 (0.088) | Loss 2.6827 | Accs(C/F/R): 100.00/52.03/53.98 | Gain +1.95%
2025-11-19 23:42:35,532 - INFO  - Epoch: [164][60/390] | Time 0.081 (0.086) | Loss 2.6199 | Accs(C/F/R): 100.00/53.02/55.13 | Gain +2.11%
2025-11-19 23:42:37,191 - INFO  - Epoch: [164][80/390] | Time 0.086 (0.085) | Loss 2.6452 | Accs(C/F/R): 100.00/53.07/55.21 | Gain +2.15%
2025-11-19 23:42:38,835 - INFO  - Epoch: [164][100/390] | Time 0.081 (0.085) | Loss 2.7070 | Accs(C/F/R): 100.00/51.77/54.06 | Gain +2.30%
2025-11-19 23:42:40,472 - INFO  - Epoch: [164][120/390] | Time 0.082 (0.084) | Loss 2.6523 | Accs(C/F/R): 100.00/52.75/54.86 | Gain +2.10%
2025-11-19 23:42:42,104 - INFO  - Epoch: [164][140/390] | Time 0.082 (0.084) | Loss 2.5913 | Accs(C/F/R): 100.00/53.92/56.16 | Gain +2.24%
2025-11-19 23:42:43,738 - INFO  - Epoch: [164][160/390] | Time 0.081 (0.084) | Loss 2.5701 | Accs(C/F/R): 100.00/54.23/56.48 | Gain +2.25%
2025-11-19 23:42:45,383 - INFO  - Epoch: [164][180/390] | Time 0.081 (0.083) | Loss 2.5751 | Accs(C/F/R): 100.00/54.08/56.35 | Gain +2.27%
2025-11-19 23:42:47,025 - INFO  - Epoch: [164][200/390] | Time 0.082 (0.083) | Loss 2.5531 | Accs(C/F/R): 100.00/54.43/56.76 | Gain +2.33%
2025-11-19 23:42:48,664 - INFO  - Epoch: [164][220/390] | Time 0.082 (0.083) | Loss 2.5589 | Accs(C/F/R): 100.00/54.53/56.76 | Gain +2.23%
2025-11-19 23:42:50,300 - INFO  - Epoch: [164][240/390] | Time 0.083 (0.083) | Loss 2.5675 | Accs(C/F/R): 100.00/54.36/56.60 | Gain +2.25%
2025-11-19 23:42:51,950 - INFO  - Epoch: [164][260/390] | Time 0.082 (0.083) | Loss 2.5609 | Accs(C/F/R): 100.00/54.53/56.75 | Gain +2.21%
2025-11-19 23:42:53,591 - INFO  - Epoch: [164][280/390] | Time 0.083 (0.083) | Loss 2.5601 | Accs(C/F/R): 100.00/54.46/56.69 | Gain +2.23%
2025-11-19 23:42:55,248 - INFO  - Epoch: [164][300/390] | Time 0.082 (0.083) | Loss 2.5555 | Accs(C/F/R): 100.00/54.47/56.69 | Gain +2.23%
2025-11-19 23:42:56,901 - INFO  - Epoch: [164][320/390] | Time 0.083 (0.083) | Loss 2.5393 | Accs(C/F/R): 100.00/54.92/57.10 | Gain +2.18%
2025-11-19 23:42:58,565 - INFO  - Epoch: [164][340/390] | Time 0.084 (0.083) | Loss 2.5426 | Accs(C/F/R): 100.00/54.82/57.02 | Gain +2.19%
2025-11-19 23:43:00,221 - INFO  - Epoch: [164][360/390] | Time 0.083 (0.083) | Loss 2.5205 | Accs(C/F/R): 100.00/55.29/57.42 | Gain +2.14%
2025-11-19 23:43:01,886 - INFO  - Epoch: [164][380/390] | Time 0.082 (0.083) | Loss 2.5057 | Accs(C/F/R): 100.00/55.68/57.77 | Gain +2.09%
2025-11-19 23:43:02,755 - INFO  - Epoch 164: Train Loss (scheduler metric) = 2.5050
2025-11-19 23:43:02,776 - INFO  - ([164] Epoch) Saving checkpoint to:
             Current: /root/autodl-tmp/retraining-free-quantization/training/alexnet_cifar10_sensitive_stage2/alexnet_cifar10_sensitive_stage2_restorer_checkpoint.pth.tar

2025-11-19 23:43:02,776 - INFO  - >>>>>>>> Epoch 165
2025-11-19 23:43:02,776 - INFO  - [Stage2] Using random BER sampling [1e-2, 1e-1] for each batch at epoch 165
2025-11-19 23:43:02,776 - INFO  - Entered Stage 2 Restorer Training mode for epoch 165.
2025-11-19 23:43:04,662 - INFO  - Epoch: [165][20/390] | Time 0.082 (0.094) | Loss 2.5017 | Accs(C/F/R): 100.00/54.26/55.86 | Gain +1.60%
2025-11-19 23:43:06,327 - INFO  - Epoch: [165][40/390] | Time 0.082 (0.089) | Loss 2.4764 | Accs(C/F/R): 100.00/55.37/56.88 | Gain +1.50%
2025-11-19 23:43:07,986 - INFO  - Epoch: [165][60/390] | Time 0.083 (0.087) | Loss 2.6537 | Accs(C/F/R): 100.00/52.33/54.17 | Gain +1.84%
2025-11-19 23:43:09,641 - INFO  - Epoch: [165][80/390] | Time 0.082 (0.086) | Loss 2.5873 | Accs(C/F/R): 99.98/53.36/55.35 | Gain +1.99%
2025-11-19 23:43:11,304 - INFO  - Epoch: [165][100/390] | Time 0.083 (0.085) | Loss 2.5802 | Accs(C/F/R): 99.98/53.59/55.59 | Gain +2.01%
2025-11-19 23:43:12,969 - INFO  - Epoch: [165][120/390] | Time 0.083 (0.085) | Loss 2.6300 | Accs(C/F/R): 99.99/52.71/54.82 | Gain +2.11%
2025-11-19 23:43:14,625 - INFO  - Epoch: [165][140/390] | Time 0.083 (0.085) | Loss 2.6316 | Accs(C/F/R): 99.99/53.07/55.24 | Gain +2.17%
2025-11-19 23:43:16,273 - INFO  - Epoch: [165][160/390] | Time 0.082 (0.084) | Loss 2.6348 | Accs(C/F/R): 99.99/52.81/55.11 | Gain +2.30%
2025-11-19 23:43:17,933 - INFO  - Epoch: [165][180/390] | Time 0.086 (0.084) | Loss 2.6462 | Accs(C/F/R): 99.99/52.68/54.96 | Gain +2.28%
2025-11-19 23:43:19,594 - INFO  - Epoch: [165][200/390] | Time 0.086 (0.084) | Loss 2.6115 | Accs(C/F/R): 99.99/53.25/55.60 | Gain +2.35%
2025-11-19 23:43:21,250 - INFO  - Epoch: [165][220/390] | Time 0.083 (0.084) | Loss 2.6218 | Accs(C/F/R): 99.99/53.10/55.50 | Gain +2.39%
2025-11-19 23:43:22,904 - INFO  - Epoch: [165][240/390] | Time 0.083 (0.084) | Loss 2.6026 | Accs(C/F/R): 99.98/53.44/55.80 | Gain +2.35%
2025-11-19 23:43:24,559 - INFO  - Epoch: [165][260/390] | Time 0.085 (0.084) | Loss 2.5938 | Accs(C/F/R): 99.98/53.65/56.00 | Gain +2.35%
2025-11-19 23:43:26,208 - INFO  - Epoch: [165][280/390] | Time 0.081 (0.084) | Loss 2.5956 | Accs(C/F/R): 99.99/53.59/55.93 | Gain +2.35%
2025-11-19 23:43:27,865 - INFO  - Epoch: [165][300/390] | Time 0.083 (0.084) | Loss 2.5695 | Accs(C/F/R): 99.99/54.12/56.43 | Gain +2.31%
2025-11-19 23:43:29,512 - INFO  - Epoch: [165][320/390] | Time 0.082 (0.084) | Loss 2.5626 | Accs(C/F/R): 99.99/54.29/56.58 | Gain +2.29%
2025-11-19 23:43:31,165 - INFO  - Epoch: [165][340/390] | Time 0.082 (0.083) | Loss 2.5755 | Accs(C/F/R): 99.99/54.22/56.43 | Gain +2.21%
2025-11-19 23:43:32,820 - INFO  - Epoch: [165][360/390] | Time 0.081 (0.083) | Loss 2.5720 | Accs(C/F/R): 99.99/54.28/56.47 | Gain +2.19%
2025-11-19 23:43:34,485 - INFO  - Epoch: [165][380/390] | Time 0.082 (0.083) | Loss 2.5592 | Accs(C/F/R): 99.99/54.63/56.79 | Gain +2.16%
2025-11-19 23:43:35,346 - INFO  - Epoch 165: Train Loss (scheduler metric) = 2.5632
2025-11-19 23:43:35,369 - INFO  - ([165] Epoch) Saving checkpoint to:
             Current: /root/autodl-tmp/retraining-free-quantization/training/alexnet_cifar10_sensitive_stage2/alexnet_cifar10_sensitive_stage2_restorer_checkpoint.pth.tar

2025-11-19 23:43:35,369 - INFO  - >>>>>>>> Epoch 166
2025-11-19 23:43:35,370 - INFO  - [Stage2] Using random BER sampling [1e-2, 1e-1] for each batch at epoch 166
2025-11-19 23:43:35,370 - INFO  - Entered Stage 2 Restorer Training mode for epoch 166.
2025-11-19 23:43:37,265 - INFO  - Epoch: [166][20/390] | Time 0.082 (0.095) | Loss 2.3565 | Accs(C/F/R): 100.00/58.28/60.16 | Gain +1.88%
2025-11-19 23:43:38,912 - INFO  - Epoch: [166][40/390] | Time 0.082 (0.089) | Loss 2.3705 | Accs(C/F/R): 100.00/57.71/60.04 | Gain +2.32%
2025-11-19 23:43:40,550 - INFO  - Epoch: [166][60/390] | Time 0.082 (0.086) | Loss 2.4691 | Accs(C/F/R): 100.00/56.25/58.14 | Gain +1.89%
2025-11-19 23:43:42,200 - INFO  - Epoch: [166][80/390] | Time 0.082 (0.085) | Loss 2.4893 | Accs(C/F/R): 100.00/55.80/57.71 | Gain +1.91%
2025-11-19 23:43:43,848 - INFO  - Epoch: [166][100/390] | Time 0.082 (0.085) | Loss 2.4353 | Accs(C/F/R): 100.00/57.05/58.96 | Gain +1.91%
2025-11-19 23:43:45,500 - INFO  - Epoch: [166][120/390] | Time 0.085 (0.084) | Loss 2.4804 | Accs(C/F/R): 99.99/56.17/58.05 | Gain +1.88%
2025-11-19 23:43:47,147 - INFO  - Epoch: [166][140/390] | Time 0.083 (0.084) | Loss 2.4542 | Accs(C/F/R): 99.99/56.45/58.40 | Gain +1.96%
2025-11-19 23:43:48,798 - INFO  - Epoch: [166][160/390] | Time 0.083 (0.084) | Loss 2.4091 | Accs(C/F/R): 100.00/57.43/59.33 | Gain +1.90%
2025-11-19 23:43:50,450 - INFO  - Epoch: [166][180/390] | Time 0.082 (0.084) | Loss 2.4619 | Accs(C/F/R): 100.00/56.42/58.43 | Gain +2.01%
2025-11-19 23:43:52,102 - INFO  - Epoch: [166][200/390] | Time 0.081 (0.084) | Loss 2.4914 | Accs(C/F/R): 100.00/55.85/57.95 | Gain +2.10%
2025-11-19 23:43:53,771 - INFO  - Epoch: [166][220/390] | Time 0.082 (0.084) | Loss 2.4983 | Accs(C/F/R): 99.99/55.64/57.74 | Gain +2.10%
2025-11-19 23:43:55,439 - INFO  - Epoch: [166][240/390] | Time 0.081 (0.084) | Loss 2.4899 | Accs(C/F/R): 99.99/55.97/58.05 | Gain +2.08%
2025-11-19 23:43:57,097 - INFO  - Epoch: [166][260/390] | Time 0.082 (0.084) | Loss 2.4727 | Accs(C/F/R): 99.99/56.27/58.37 | Gain +2.10%
2025-11-19 23:43:58,758 - INFO  - Epoch: [166][280/390] | Time 0.081 (0.084) | Loss 2.4863 | Accs(C/F/R): 99.99/56.00/58.07 | Gain +2.07%
2025-11-19 23:44:00,407 - INFO  - Epoch: [166][300/390] | Time 0.082 (0.083) | Loss 2.4995 | Accs(C/F/R): 99.99/55.76/57.76 | Gain +2.00%
2025-11-19 23:44:02,055 - INFO  - Epoch: [166][320/390] | Time 0.085 (0.083) | Loss 2.5119 | Accs(C/F/R): 99.99/55.62/57.62 | Gain +2.00%
2025-11-19 23:44:03,711 - INFO  - Epoch: [166][340/390] | Time 0.082 (0.083) | Loss 2.5024 | Accs(C/F/R): 99.99/55.74/57.72 | Gain +1.98%
2025-11-19 23:44:05,365 - INFO  - Epoch: [166][360/390] | Time 0.081 (0.083) | Loss 2.5164 | Accs(C/F/R): 99.99/55.39/57.38 | Gain +2.00%
2025-11-19 23:44:07,066 - INFO  - Epoch: [166][380/390] | Time 0.084 (0.083) | Loss 2.5282 | Accs(C/F/R): 99.99/55.21/57.23 | Gain +2.02%
2025-11-19 23:44:07,941 - INFO  - Epoch 166: Train Loss (scheduler metric) = 2.5336
2025-11-19 23:44:07,961 - INFO  - ([166] Epoch) Saving checkpoint to:
             Current: /root/autodl-tmp/retraining-free-quantization/training/alexnet_cifar10_sensitive_stage2/alexnet_cifar10_sensitive_stage2_restorer_checkpoint.pth.tar

2025-11-19 23:44:07,961 - INFO  - >>>>>>>> Epoch 167
2025-11-19 23:44:07,961 - INFO  - [Stage2] Using random BER sampling [1e-2, 1e-1] for each batch at epoch 167
2025-11-19 23:44:07,961 - INFO  - Entered Stage 2 Restorer Training mode for epoch 167.
2025-11-19 23:44:09,843 - INFO  - Epoch: [167][20/390] | Time 0.082 (0.094) | Loss 2.5074 | Accs(C/F/R): 100.00/54.10/56.80 | Gain +2.70%
2025-11-19 23:44:11,505 - INFO  - Epoch: [167][40/390] | Time 0.082 (0.089) | Loss 2.4847 | Accs(C/F/R): 99.98/54.90/57.54 | Gain +2.64%
2025-11-19 23:44:13,150 - INFO  - Epoch: [167][60/390] | Time 0.082 (0.086) | Loss 2.4340 | Accs(C/F/R): 99.97/55.76/58.45 | Gain +2.70%
2025-11-19 23:44:14,803 - INFO  - Epoch: [167][80/390] | Time 0.081 (0.086) | Loss 2.4562 | Accs(C/F/R): 99.98/55.91/58.38 | Gain +2.47%
2025-11-19 23:44:16,454 - INFO  - Epoch: [167][100/390] | Time 0.086 (0.085) | Loss 2.4557 | Accs(C/F/R): 99.98/56.57/58.79 | Gain +2.22%
2025-11-19 23:44:18,098 - INFO  - Epoch: [167][120/390] | Time 0.082 (0.084) | Loss 2.3816 | Accs(C/F/R): 99.99/58.18/60.31 | Gain +2.13%
2025-11-19 23:44:19,752 - INFO  - Epoch: [167][140/390] | Time 0.083 (0.084) | Loss 2.3894 | Accs(C/F/R): 99.99/57.99/60.17 | Gain +2.18%
2025-11-19 23:44:21,396 - INFO  - Epoch: [167][160/390] | Time 0.082 (0.084) | Loss 2.4018 | Accs(C/F/R): 99.99/57.71/59.89 | Gain +2.19%
2025-11-19 23:44:23,049 - INFO  - Epoch: [167][180/390] | Time 0.082 (0.084) | Loss 2.3812 | Accs(C/F/R): 99.99/57.89/59.97 | Gain +2.07%
2025-11-19 23:44:24,693 - INFO  - Epoch: [167][200/390] | Time 0.085 (0.084) | Loss 2.4163 | Accs(C/F/R): 99.99/57.23/59.38 | Gain +2.14%
2025-11-19 23:44:26,355 - INFO  - Epoch: [167][220/390] | Time 0.086 (0.084) | Loss 2.4172 | Accs(C/F/R): 99.99/57.12/59.23 | Gain +2.11%
2025-11-19 23:44:28,006 - INFO  - Epoch: [167][240/390] | Time 0.081 (0.084) | Loss 2.4430 | Accs(C/F/R): 99.99/56.73/58.78 | Gain +2.05%
2025-11-19 23:44:29,644 - INFO  - Epoch: [167][260/390] | Time 0.082 (0.083) | Loss 2.4482 | Accs(C/F/R): 99.99/56.72/58.76 | Gain +2.04%
2025-11-19 23:44:31,277 - INFO  - Epoch: [167][280/390] | Time 0.081 (0.083) | Loss 2.4343 | Accs(C/F/R): 99.99/56.86/58.89 | Gain +2.03%
2025-11-19 23:44:32,919 - INFO  - Epoch: [167][300/390] | Time 0.082 (0.083) | Loss 2.4476 | Accs(C/F/R): 99.99/56.64/58.67 | Gain +2.03%
2025-11-19 23:44:34,545 - INFO  - Epoch: [167][320/390] | Time 0.084 (0.083) | Loss 2.4687 | Accs(C/F/R): 100.00/56.40/58.46 | Gain +2.06%
2025-11-19 23:44:36,194 - INFO  - Epoch: [167][340/390] | Time 0.083 (0.083) | Loss 2.4522 | Accs(C/F/R): 100.00/56.68/58.65 | Gain +1.97%
2025-11-19 23:44:37,834 - INFO  - Epoch: [167][360/390] | Time 0.082 (0.083) | Loss 2.4594 | Accs(C/F/R): 100.00/56.62/58.60 | Gain +1.98%
2025-11-19 23:44:39,496 - INFO  - Epoch: [167][380/390] | Time 0.083 (0.083) | Loss 2.4693 | Accs(C/F/R): 99.99/56.40/58.39 | Gain +1.99%
2025-11-19 23:44:40,375 - INFO  - Epoch 167: Train Loss (scheduler metric) = 2.4650
2025-11-19 23:44:40,394 - INFO  - ([167] Epoch) Saving checkpoint to:
             Current: /root/autodl-tmp/retraining-free-quantization/training/alexnet_cifar10_sensitive_stage2/alexnet_cifar10_sensitive_stage2_restorer_checkpoint.pth.tar

2025-11-19 23:44:40,394 - INFO  - >>>>>>>> Epoch 168
2025-11-19 23:44:40,394 - INFO  - [Stage2] Using random BER sampling [1e-2, 1e-1] for each batch at epoch 168
2025-11-19 23:44:40,394 - INFO  - Entered Stage 2 Restorer Training mode for epoch 168.
2025-11-19 23:44:42,292 - INFO  - Epoch: [168][20/390] | Time 0.082 (0.095) | Loss 2.5793 | Accs(C/F/R): 99.96/54.34/55.35 | Gain +1.02%
2025-11-19 23:44:43,965 - INFO  - Epoch: [168][40/390] | Time 0.084 (0.089) | Loss 2.4814 | Accs(C/F/R): 99.98/56.72/58.05 | Gain +1.33%
2025-11-19 23:44:45,626 - INFO  - Epoch: [168][60/390] | Time 0.082 (0.087) | Loss 2.4923 | Accs(C/F/R): 99.99/56.76/58.35 | Gain +1.59%
2025-11-19 23:44:47,284 - INFO  - Epoch: [168][80/390] | Time 0.081 (0.086) | Loss 2.5204 | Accs(C/F/R): 99.99/56.67/58.44 | Gain +1.77%
2025-11-19 23:44:48,929 - INFO  - Epoch: [168][100/390] | Time 0.082 (0.085) | Loss 2.4937 | Accs(C/F/R): 99.99/57.25/59.02 | Gain +1.77%
2025-11-19 23:44:50,586 - INFO  - Epoch: [168][120/390] | Time 0.081 (0.085) | Loss 2.5172 | Accs(C/F/R): 99.99/56.69/58.63 | Gain +1.93%
2025-11-19 23:44:52,246 - INFO  - Epoch: [168][140/390] | Time 0.082 (0.085) | Loss 2.4744 | Accs(C/F/R): 99.99/57.35/59.18 | Gain +1.83%
2025-11-19 23:44:53,898 - INFO  - Epoch: [168][160/390] | Time 0.084 (0.084) | Loss 2.4909 | Accs(C/F/R): 99.99/56.95/58.79 | Gain +1.84%
2025-11-19 23:44:55,546 - INFO  - Epoch: [168][180/390] | Time 0.082 (0.084) | Loss 2.4881 | Accs(C/F/R): 99.99/56.85/58.80 | Gain +1.95%
2025-11-19 23:44:57,186 - INFO  - Epoch: [168][200/390] | Time 0.082 (0.084) | Loss 2.4804 | Accs(C/F/R): 99.99/56.90/58.89 | Gain +1.99%
2025-11-19 23:44:58,845 - INFO  - Epoch: [168][220/390] | Time 0.082 (0.084) | Loss 2.5050 | Accs(C/F/R): 99.99/56.41/58.40 | Gain +1.99%
2025-11-19 23:45:00,490 - INFO  - Epoch: [168][240/390] | Time 0.083 (0.084) | Loss 2.5039 | Accs(C/F/R): 99.99/56.47/58.42 | Gain +1.96%
2025-11-19 23:45:02,148 - INFO  - Epoch: [168][260/390] | Time 0.082 (0.084) | Loss 2.5048 | Accs(C/F/R): 99.99/56.52/58.41 | Gain +1.89%
2025-11-19 23:45:03,802 - INFO  - Epoch: [168][280/390] | Time 0.083 (0.084) | Loss 2.5059 | Accs(C/F/R): 99.99/56.47/58.29 | Gain +1.82%
2025-11-19 23:45:05,482 - INFO  - Epoch: [168][300/390] | Time 0.082 (0.084) | Loss 2.5020 | Accs(C/F/R): 99.99/56.41/58.31 | Gain +1.90%
2025-11-19 23:45:07,137 - INFO  - Epoch: [168][320/390] | Time 0.083 (0.084) | Loss 2.4970 | Accs(C/F/R): 99.99/56.35/58.31 | Gain +1.96%
2025-11-19 23:45:08,790 - INFO  - Epoch: [168][340/390] | Time 0.086 (0.084) | Loss 2.4855 | Accs(C/F/R): 99.99/56.56/58.52 | Gain +1.96%
2025-11-19 23:45:10,443 - INFO  - Epoch: [168][360/390] | Time 0.082 (0.083) | Loss 2.4955 | Accs(C/F/R): 99.99/56.23/58.19 | Gain +1.96%
2025-11-19 23:45:12,093 - INFO  - Epoch: [168][380/390] | Time 0.083 (0.083) | Loss 2.4996 | Accs(C/F/R): 99.99/56.17/58.11 | Gain +1.94%
2025-11-19 23:45:12,970 - INFO  - Epoch 168: Train Loss (scheduler metric) = 2.5043
2025-11-19 23:45:12,990 - INFO  - ([168] Epoch) Saving checkpoint to:
             Current: /root/autodl-tmp/retraining-free-quantization/training/alexnet_cifar10_sensitive_stage2/alexnet_cifar10_sensitive_stage2_restorer_checkpoint.pth.tar

2025-11-19 23:45:12,990 - INFO  - >>>>>>>> Epoch 169
2025-11-19 23:45:12,991 - INFO  - [Stage2] Using random BER sampling [1e-2, 1e-1] for each batch at epoch 169
2025-11-19 23:45:12,991 - INFO  - Entered Stage 2 Restorer Training mode for epoch 169.
2025-11-19 23:45:14,894 - INFO  - Epoch: [169][20/390] | Time 0.082 (0.095) | Loss 2.3079 | Accs(C/F/R): 99.96/58.63/60.16 | Gain +1.52%
2025-11-19 23:45:16,552 - INFO  - Epoch: [169][40/390] | Time 0.082 (0.089) | Loss 2.4768 | Accs(C/F/R): 99.98/55.16/57.03 | Gain +1.88%
2025-11-19 23:45:18,203 - INFO  - Epoch: [169][60/390] | Time 0.082 (0.087) | Loss 2.5930 | Accs(C/F/R): 99.99/53.41/55.39 | Gain +1.98%
2025-11-19 23:45:19,846 - INFO  - Epoch: [169][80/390] | Time 0.081 (0.086) | Loss 2.5349 | Accs(C/F/R): 99.98/54.79/56.66 | Gain +1.87%
2025-11-19 23:45:21,497 - INFO  - Epoch: [169][100/390] | Time 0.083 (0.085) | Loss 2.4820 | Accs(C/F/R): 99.98/55.54/57.55 | Gain +2.01%
2025-11-19 23:45:23,144 - INFO  - Epoch: [169][120/390] | Time 0.082 (0.085) | Loss 2.4586 | Accs(C/F/R): 99.99/55.79/57.88 | Gain +2.08%
2025-11-19 23:45:24,817 - INFO  - Epoch: [169][140/390] | Time 0.082 (0.084) | Loss 2.4322 | Accs(C/F/R): 99.99/56.12/58.39 | Gain +2.28%
2025-11-19 23:45:26,464 - INFO  - Epoch: [169][160/390] | Time 0.082 (0.084) | Loss 2.4719 | Accs(C/F/R): 99.99/55.44/57.78 | Gain +2.34%
2025-11-19 23:45:28,108 - INFO  - Epoch: [169][180/390] | Time 0.082 (0.084) | Loss 2.4761 | Accs(C/F/R): 99.98/55.50/57.80 | Gain +2.30%
2025-11-19 23:45:29,760 - INFO  - Epoch: [169][200/390] | Time 0.082 (0.084) | Loss 2.5034 | Accs(C/F/R): 99.98/55.07/57.39 | Gain +2.32%
2025-11-19 23:45:31,414 - INFO  - Epoch: [169][220/390] | Time 0.084 (0.084) | Loss 2.5223 | Accs(C/F/R): 99.98/54.62/56.88 | Gain +2.25%
2025-11-19 23:45:33,062 - INFO  - Epoch: [169][240/390] | Time 0.085 (0.084) | Loss 2.5357 | Accs(C/F/R): 99.98/54.45/56.78 | Gain +2.32%
2025-11-19 23:45:34,716 - INFO  - Epoch: [169][260/390] | Time 0.082 (0.084) | Loss 2.5093 | Accs(C/F/R): 99.98/55.00/57.26 | Gain +2.25%
2025-11-19 23:45:36,379 - INFO  - Epoch: [169][280/390] | Time 0.086 (0.084) | Loss 2.5065 | Accs(C/F/R): 99.98/54.94/57.27 | Gain +2.32%
2025-11-19 23:45:38,054 - INFO  - Epoch: [169][300/390] | Time 0.083 (0.084) | Loss 2.4890 | Accs(C/F/R): 99.98/55.29/57.52 | Gain +2.23%
2025-11-19 23:45:39,699 - INFO  - Epoch: [169][320/390] | Time 0.081 (0.083) | Loss 2.4942 | Accs(C/F/R): 99.98/55.24/57.48 | Gain +2.24%
2025-11-19 23:45:41,366 - INFO  - Epoch: [169][340/390] | Time 0.082 (0.083) | Loss 2.5088 | Accs(C/F/R): 99.98/54.97/57.17 | Gain +2.20%
2025-11-19 23:45:43,033 - INFO  - Epoch: [169][360/390] | Time 0.082 (0.083) | Loss 2.5260 | Accs(C/F/R): 99.98/54.71/56.95 | Gain +2.24%
2025-11-19 23:45:44,689 - INFO  - Epoch: [169][380/390] | Time 0.082 (0.083) | Loss 2.5208 | Accs(C/F/R): 99.98/54.77/56.99 | Gain +2.22%
2025-11-19 23:45:45,558 - INFO  - Epoch 169: Train Loss (scheduler metric) = 2.5203
2025-11-19 23:45:45,577 - INFO  - ([169] Epoch) Saving checkpoint to:
             Current: /root/autodl-tmp/retraining-free-quantization/training/alexnet_cifar10_sensitive_stage2/alexnet_cifar10_sensitive_stage2_restorer_checkpoint.pth.tar

2025-11-19 23:45:45,577 - INFO  - >>>>>>>> Epoch 170
2025-11-19 23:45:45,578 - INFO  - [Stage2] Using random BER sampling [1e-2, 1e-1] for each batch at epoch 170
2025-11-19 23:45:45,578 - INFO  - Entered Stage 2 Restorer Training mode for epoch 170.
2025-11-19 23:45:47,464 - INFO  - Epoch: [170][20/390] | Time 0.083 (0.094) | Loss 2.4097 | Accs(C/F/R): 100.00/56.95/60.12 | Gain +3.16%
2025-11-19 23:45:49,107 - INFO  - Epoch: [170][40/390] | Time 0.082 (0.088) | Loss 2.3512 | Accs(C/F/R): 100.00/57.89/60.88 | Gain +2.99%
2025-11-19 23:45:50,767 - INFO  - Epoch: [170][60/390] | Time 0.082 (0.086) | Loss 2.3867 | Accs(C/F/R): 100.00/56.91/59.39 | Gain +2.47%
2025-11-19 23:45:52,423 - INFO  - Epoch: [170][80/390] | Time 0.082 (0.086) | Loss 2.4845 | Accs(C/F/R): 100.00/55.08/57.57 | Gain +2.49%
2025-11-19 23:45:54,074 - INFO  - Epoch: [170][100/390] | Time 0.082 (0.085) | Loss 2.4969 | Accs(C/F/R): 100.00/55.23/57.36 | Gain +2.13%
2025-11-19 23:45:55,728 - INFO  - Epoch: [170][120/390] | Time 0.081 (0.085) | Loss 2.5334 | Accs(C/F/R): 100.00/54.65/56.71 | Gain +2.06%
2025-11-19 23:45:57,387 - INFO  - Epoch: [170][140/390] | Time 0.082 (0.084) | Loss 2.5226 | Accs(C/F/R): 100.00/54.92/56.96 | Gain +2.05%
2025-11-19 23:45:59,030 - INFO  - Epoch: [170][160/390] | Time 0.083 (0.084) | Loss 2.5077 | Accs(C/F/R): 100.00/55.05/57.17 | Gain +2.12%
2025-11-19 23:46:00,693 - INFO  - Epoch: [170][180/390] | Time 0.082 (0.084) | Loss 2.5066 | Accs(C/F/R): 100.00/54.84/56.88 | Gain +2.04%
2025-11-19 23:46:02,341 - INFO  - Epoch: [170][200/390] | Time 0.081 (0.084) | Loss 2.5357 | Accs(C/F/R): 100.00/54.52/56.52 | Gain +2.00%
2025-11-19 23:46:04,003 - INFO  - Epoch: [170][220/390] | Time 0.082 (0.084) | Loss 2.5673 | Accs(C/F/R): 100.00/54.13/56.16 | Gain +2.03%
2025-11-19 23:46:05,644 - INFO  - Epoch: [170][240/390] | Time 0.081 (0.084) | Loss 2.5783 | Accs(C/F/R): 100.00/53.95/55.99 | Gain +2.04%
2025-11-19 23:46:07,301 - INFO  - Epoch: [170][260/390] | Time 0.082 (0.084) | Loss 2.5790 | Accs(C/F/R): 100.00/53.93/56.00 | Gain +2.07%
2025-11-19 23:46:08,948 - INFO  - Epoch: [170][280/390] | Time 0.083 (0.083) | Loss 2.5633 | Accs(C/F/R): 100.00/54.22/56.25 | Gain +2.03%
2025-11-19 23:46:10,606 - INFO  - Epoch: [170][300/390] | Time 0.083 (0.083) | Loss 2.5349 | Accs(C/F/R): 100.00/54.78/56.77 | Gain +1.99%
2025-11-19 23:46:12,264 - INFO  - Epoch: [170][320/390] | Time 0.083 (0.083) | Loss 2.5241 | Accs(C/F/R): 100.00/55.03/56.96 | Gain +1.93%
2025-11-19 23:46:13,910 - INFO  - Epoch: [170][340/390] | Time 0.085 (0.083) | Loss 2.5187 | Accs(C/F/R): 100.00/55.16/57.05 | Gain +1.89%
2025-11-19 23:46:15,560 - INFO  - Epoch: [170][360/390] | Time 0.082 (0.083) | Loss 2.4983 | Accs(C/F/R): 100.00/55.50/57.42 | Gain +1.91%
2025-11-19 23:46:17,207 - INFO  - Epoch: [170][380/390] | Time 0.082 (0.083) | Loss 2.5086 | Accs(C/F/R): 100.00/55.41/57.35 | Gain +1.95%
2025-11-19 23:46:18,075 - INFO  - Epoch 170: Train Loss (scheduler metric) = 2.5006
2025-11-19 23:46:18,095 - INFO  - ([170] Epoch) Saving checkpoint to:
             Current: /root/autodl-tmp/retraining-free-quantization/training/alexnet_cifar10_sensitive_stage2/alexnet_cifar10_sensitive_stage2_restorer_checkpoint.pth.tar

2025-11-19 23:46:18,095 - INFO  - >>>>>>>> Epoch 171
2025-11-19 23:46:18,095 - INFO  - [Stage2] Using random BER sampling [1e-2, 1e-1] for each batch at epoch 171
2025-11-19 23:46:18,095 - INFO  - Entered Stage 2 Restorer Training mode for epoch 171.
2025-11-19 23:46:19,968 - INFO  - Epoch: [171][20/390] | Time 0.082 (0.094) | Loss 2.5197 | Accs(C/F/R): 100.00/54.41/56.45 | Gain +2.03%
2025-11-19 23:46:21,602 - INFO  - Epoch: [171][40/390] | Time 0.081 (0.088) | Loss 2.6392 | Accs(C/F/R): 100.00/52.71/54.71 | Gain +1.99%
2025-11-19 23:46:23,239 - INFO  - Epoch: [171][60/390] | Time 0.082 (0.086) | Loss 2.6128 | Accs(C/F/R): 100.00/53.50/55.60 | Gain +2.10%
2025-11-19 23:46:24,872 - INFO  - Epoch: [171][80/390] | Time 0.082 (0.085) | Loss 2.6122 | Accs(C/F/R): 100.00/53.31/55.53 | Gain +2.22%
2025-11-19 23:46:26,510 - INFO  - Epoch: [171][100/390] | Time 0.082 (0.084) | Loss 2.5641 | Accs(C/F/R): 100.00/53.99/56.26 | Gain +2.27%
2025-11-19 23:46:28,143 - INFO  - Epoch: [171][120/390] | Time 0.081 (0.084) | Loss 2.5903 | Accs(C/F/R): 100.00/53.41/55.87 | Gain +2.45%
2025-11-19 23:46:29,784 - INFO  - Epoch: [171][140/390] | Time 0.082 (0.083) | Loss 2.6059 | Accs(C/F/R): 100.00/53.31/55.52 | Gain +2.21%
2025-11-19 23:46:31,424 - INFO  - Epoch: [171][160/390] | Time 0.082 (0.083) | Loss 2.5784 | Accs(C/F/R): 100.00/53.82/55.91 | Gain +2.09%
2025-11-19 23:46:33,088 - INFO  - Epoch: [171][180/390] | Time 0.086 (0.083) | Loss 2.5708 | Accs(C/F/R): 100.00/54.10/56.15 | Gain +2.05%
2025-11-19 23:46:34,739 - INFO  - Epoch: [171][200/390] | Time 0.082 (0.083) | Loss 2.5404 | Accs(C/F/R): 100.00/54.78/56.73 | Gain +1.95%
2025-11-19 23:46:36,389 - INFO  - Epoch: [171][220/390] | Time 0.083 (0.083) | Loss 2.5532 | Accs(C/F/R): 100.00/54.55/56.54 | Gain +1.99%
2025-11-19 23:46:38,041 - INFO  - Epoch: [171][240/390] | Time 0.082 (0.083) | Loss 2.5275 | Accs(C/F/R): 99.99/54.91/56.91 | Gain +2.00%
2025-11-19 23:46:39,695 - INFO  - Epoch: [171][260/390] | Time 0.082 (0.083) | Loss 2.5263 | Accs(C/F/R): 99.99/54.90/56.95 | Gain +2.05%
2025-11-19 23:46:41,341 - INFO  - Epoch: [171][280/390] | Time 0.083 (0.083) | Loss 2.5257 | Accs(C/F/R): 99.99/54.94/57.00 | Gain +2.06%
2025-11-19 23:46:42,993 - INFO  - Epoch: [171][300/390] | Time 0.082 (0.083) | Loss 2.5497 | Accs(C/F/R): 99.99/54.58/56.66 | Gain +2.09%
2025-11-19 23:46:44,638 - INFO  - Epoch: [171][320/390] | Time 0.083 (0.083) | Loss 2.5539 | Accs(C/F/R): 99.99/54.56/56.63 | Gain +2.08%
2025-11-19 23:46:46,305 - INFO  - Epoch: [171][340/390] | Time 0.083 (0.083) | Loss 2.5438 | Accs(C/F/R): 99.99/54.77/56.85 | Gain +2.08%
2025-11-19 23:46:47,946 - INFO  - Epoch: [171][360/390] | Time 0.082 (0.083) | Loss 2.5361 | Accs(C/F/R): 99.99/55.03/57.12 | Gain +2.09%
2025-11-19 23:46:49,604 - INFO  - Epoch: [171][380/390] | Time 0.082 (0.083) | Loss 2.5340 | Accs(C/F/R): 99.99/55.07/57.15 | Gain +2.08%
2025-11-19 23:46:50,476 - INFO  - Epoch 171: Train Loss (scheduler metric) = 2.5293
2025-11-19 23:46:50,496 - INFO  - ([171] Epoch) Saving checkpoint to:
             Current: /root/autodl-tmp/retraining-free-quantization/training/alexnet_cifar10_sensitive_stage2/alexnet_cifar10_sensitive_stage2_restorer_checkpoint.pth.tar

2025-11-19 23:46:50,496 - INFO  - >>>>>>>> Epoch 172
2025-11-19 23:46:50,496 - INFO  - [Stage2] Using random BER sampling [1e-2, 1e-1] for each batch at epoch 172
2025-11-19 23:46:50,496 - INFO  - Entered Stage 2 Restorer Training mode for epoch 172.
2025-11-19 23:46:52,400 - INFO  - Epoch: [172][20/390] | Time 0.082 (0.095) | Loss 2.3167 | Accs(C/F/R): 100.00/59.49/61.17 | Gain +1.68%
2025-11-19 23:46:54,064 - INFO  - Epoch: [172][40/390] | Time 0.085 (0.089) | Loss 2.4480 | Accs(C/F/R): 100.00/56.78/58.50 | Gain +1.72%
2025-11-19 23:46:55,741 - INFO  - Epoch: [172][60/390] | Time 0.081 (0.087) | Loss 2.5743 | Accs(C/F/R): 100.00/54.44/56.30 | Gain +1.86%
2025-11-19 23:46:57,394 - INFO  - Epoch: [172][80/390] | Time 0.083 (0.086) | Loss 2.5861 | Accs(C/F/R): 100.00/53.92/55.85 | Gain +1.93%
2025-11-19 23:46:59,059 - INFO  - Epoch: [172][100/390] | Time 0.084 (0.086) | Loss 2.5342 | Accs(C/F/R): 100.00/55.23/57.07 | Gain +1.84%
2025-11-19 23:47:00,735 - INFO  - Epoch: [172][120/390] | Time 0.085 (0.085) | Loss 2.5716 | Accs(C/F/R): 100.00/54.30/56.38 | Gain +2.08%
2025-11-19 23:47:02,384 - INFO  - Epoch: [172][140/390] | Time 0.082 (0.085) | Loss 2.5224 | Accs(C/F/R): 99.99/55.59/57.67 | Gain +2.08%
2025-11-19 23:47:04,033 - INFO  - Epoch: [172][160/390] | Time 0.083 (0.085) | Loss 2.5226 | Accs(C/F/R): 100.00/55.31/57.33 | Gain +2.02%
2025-11-19 23:47:05,688 - INFO  - Epoch: [172][180/390] | Time 0.081 (0.084) | Loss 2.5427 | Accs(C/F/R): 100.00/55.02/57.01 | Gain +1.99%
2025-11-19 23:47:07,344 - INFO  - Epoch: [172][200/390] | Time 0.084 (0.084) | Loss 2.5185 | Accs(C/F/R): 100.00/55.49/57.47 | Gain +1.98%
2025-11-19 23:47:08,986 - INFO  - Epoch: [172][220/390] | Time 0.082 (0.084) | Loss 2.5405 | Accs(C/F/R): 100.00/55.36/57.30 | Gain +1.94%
2025-11-19 23:47:10,647 - INFO  - Epoch: [172][240/390] | Time 0.084 (0.084) | Loss 2.5390 | Accs(C/F/R): 100.00/55.52/57.43 | Gain +1.91%
2025-11-19 23:47:12,299 - INFO  - Epoch: [172][260/390] | Time 0.082 (0.084) | Loss 2.5280 | Accs(C/F/R): 100.00/55.75/57.61 | Gain +1.87%
2025-11-19 23:47:13,950 - INFO  - Epoch: [172][280/390] | Time 0.085 (0.084) | Loss 2.5515 | Accs(C/F/R): 100.00/55.40/57.29 | Gain +1.89%
2025-11-19 23:47:15,614 - INFO  - Epoch: [172][300/390] | Time 0.082 (0.084) | Loss 2.5419 | Accs(C/F/R): 100.00/55.65/57.54 | Gain +1.89%
2025-11-19 23:47:17,261 - INFO  - Epoch: [172][320/390] | Time 0.082 (0.084) | Loss 2.5363 | Accs(C/F/R): 100.00/55.74/57.61 | Gain +1.87%
2025-11-19 23:47:18,893 - INFO  - Epoch: [172][340/390] | Time 0.082 (0.084) | Loss 2.5316 | Accs(C/F/R): 100.00/55.85/57.76 | Gain +1.91%
2025-11-19 23:47:20,538 - INFO  - Epoch: [172][360/390] | Time 0.082 (0.083) | Loss 2.5342 | Accs(C/F/R): 100.00/55.71/57.62 | Gain +1.91%
2025-11-19 23:47:22,183 - INFO  - Epoch: [172][380/390] | Time 0.081 (0.083) | Loss 2.5359 | Accs(C/F/R): 100.00/55.53/57.50 | Gain +1.97%
2025-11-19 23:47:23,055 - INFO  - Epoch 172: Train Loss (scheduler metric) = 2.5318
2025-11-19 23:47:23,074 - INFO  - ([172] Epoch) Saving checkpoint to:
             Current: /root/autodl-tmp/retraining-free-quantization/training/alexnet_cifar10_sensitive_stage2/alexnet_cifar10_sensitive_stage2_restorer_checkpoint.pth.tar

2025-11-19 23:47:23,075 - INFO  - >>>>>>>> Epoch 173
2025-11-19 23:47:23,075 - INFO  - [Stage2] Using random BER sampling [1e-2, 1e-1] for each batch at epoch 173
2025-11-19 23:47:23,075 - INFO  - Entered Stage 2 Restorer Training mode for epoch 173.
2025-11-19 23:47:24,963 - INFO  - Epoch: [173][20/390] | Time 0.082 (0.094) | Loss 3.1606 | Accs(C/F/R): 100.00/42.42/45.70 | Gain +3.28%
2025-11-19 23:47:26,615 - INFO  - Epoch: [173][40/390] | Time 0.082 (0.088) | Loss 2.8292 | Accs(C/F/R): 100.00/49.22/51.39 | Gain +2.17%
2025-11-19 23:47:28,266 - INFO  - Epoch: [173][60/390] | Time 0.083 (0.087) | Loss 2.7608 | Accs(C/F/R): 99.99/50.94/52.81 | Gain +1.88%
2025-11-19 23:47:29,928 - INFO  - Epoch: [173][80/390] | Time 0.082 (0.086) | Loss 2.6511 | Accs(C/F/R): 99.99/53.11/54.96 | Gain +1.86%
2025-11-19 23:47:31,582 - INFO  - Epoch: [173][100/390] | Time 0.083 (0.085) | Loss 2.6178 | Accs(C/F/R): 99.99/53.59/55.53 | Gain +1.94%
2025-11-19 23:47:33,230 - INFO  - Epoch: [173][120/390] | Time 0.083 (0.085) | Loss 2.5893 | Accs(C/F/R): 99.99/53.90/55.75 | Gain +1.85%
2025-11-19 23:47:34,870 - INFO  - Epoch: [173][140/390] | Time 0.084 (0.084) | Loss 2.5266 | Accs(C/F/R): 99.99/55.08/56.88 | Gain +1.79%
2025-11-19 23:47:36,528 - INFO  - Epoch: [173][160/390] | Time 0.081 (0.084) | Loss 2.5234 | Accs(C/F/R): 100.00/55.22/57.10 | Gain +1.88%
2025-11-19 23:47:38,193 - INFO  - Epoch: [173][180/390] | Time 0.082 (0.084) | Loss 2.4689 | Accs(C/F/R): 100.00/56.30/58.14 | Gain +1.84%
2025-11-19 23:47:39,848 - INFO  - Epoch: [173][200/390] | Time 0.082 (0.084) | Loss 2.4966 | Accs(C/F/R): 100.00/55.67/57.45 | Gain +1.78%
2025-11-19 23:47:41,512 - INFO  - Epoch: [173][220/390] | Time 0.083 (0.084) | Loss 2.5068 | Accs(C/F/R): 99.99/55.56/57.28 | Gain +1.72%
2025-11-19 23:47:43,181 - INFO  - Epoch: [173][240/390] | Time 0.082 (0.084) | Loss 2.5105 | Accs(C/F/R): 99.99/55.33/57.14 | Gain +1.81%
2025-11-19 23:47:44,832 - INFO  - Epoch: [173][260/390] | Time 0.082 (0.084) | Loss 2.5356 | Accs(C/F/R): 99.99/54.96/56.83 | Gain +1.87%
2025-11-19 23:47:46,517 - INFO  - Epoch: [173][280/390] | Time 0.084 (0.084) | Loss 2.5316 | Accs(C/F/R): 99.99/54.96/56.91 | Gain +1.95%
2025-11-19 23:47:48,165 - INFO  - Epoch: [173][300/390] | Time 0.081 (0.084) | Loss 2.5472 | Accs(C/F/R): 99.99/54.62/56.62 | Gain +2.01%
2025-11-19 23:47:49,819 - INFO  - Epoch: [173][320/390] | Time 0.082 (0.084) | Loss 2.5247 | Accs(C/F/R): 99.99/55.06/57.07 | Gain +2.01%
2025-11-19 23:47:51,484 - INFO  - Epoch: [173][340/390] | Time 0.082 (0.084) | Loss 2.5305 | Accs(C/F/R): 99.99/54.98/56.96 | Gain +1.99%
2025-11-19 23:47:53,161 - INFO  - Epoch: [173][360/390] | Time 0.082 (0.084) | Loss 2.5328 | Accs(C/F/R): 99.98/54.93/56.94 | Gain +2.01%
2025-11-19 23:47:54,832 - INFO  - Epoch: [173][380/390] | Time 0.082 (0.084) | Loss 2.5373 | Accs(C/F/R): 99.99/54.86/56.89 | Gain +2.03%
2025-11-19 23:47:55,712 - INFO  - Epoch 173: Train Loss (scheduler metric) = 2.5417
2025-11-19 23:47:55,732 - INFO  - ([173] Epoch) Saving checkpoint to:
             Current: /root/autodl-tmp/retraining-free-quantization/training/alexnet_cifar10_sensitive_stage2/alexnet_cifar10_sensitive_stage2_restorer_checkpoint.pth.tar

2025-11-19 23:47:55,733 - INFO  - >>>>>>>> Epoch 174
2025-11-19 23:47:55,733 - INFO  - [Stage2] Using random BER sampling [1e-2, 1e-1] for each batch at epoch 174
2025-11-19 23:47:55,733 - INFO  - Entered Stage 2 Restorer Training mode for epoch 174.
2025-11-19 23:47:57,634 - INFO  - Epoch: [174][20/390] | Time 0.082 (0.095) | Loss 2.9395 | Accs(C/F/R): 99.96/47.27/49.53 | Gain +2.27%
2025-11-19 23:47:59,287 - INFO  - Epoch: [174][40/390] | Time 0.086 (0.089) | Loss 2.7540 | Accs(C/F/R): 99.98/51.19/53.55 | Gain +2.36%
2025-11-19 23:48:00,937 - INFO  - Epoch: [174][60/390] | Time 0.085 (0.087) | Loss 2.7659 | Accs(C/F/R): 99.97/51.41/53.93 | Gain +2.53%
2025-11-19 23:48:02,621 - INFO  - Epoch: [174][80/390] | Time 0.082 (0.086) | Loss 2.6838 | Accs(C/F/R): 99.98/52.87/55.52 | Gain +2.65%
2025-11-19 23:48:04,286 - INFO  - Epoch: [174][100/390] | Time 0.086 (0.086) | Loss 2.6205 | Accs(C/F/R): 99.98/53.90/56.52 | Gain +2.62%
2025-11-19 23:48:05,939 - INFO  - Epoch: [174][120/390] | Time 0.085 (0.085) | Loss 2.6188 | Accs(C/F/R): 99.99/53.49/56.13 | Gain +2.64%
2025-11-19 23:48:07,607 - INFO  - Epoch: [174][140/390] | Time 0.085 (0.085) | Loss 2.5929 | Accs(C/F/R): 99.99/54.09/56.55 | Gain +2.46%
2025-11-19 23:48:09,275 - INFO  - Epoch: [174][160/390] | Time 0.083 (0.085) | Loss 2.5682 | Accs(C/F/R): 99.99/54.51/56.92 | Gain +2.41%
2025-11-19 23:48:10,918 - INFO  - Epoch: [174][180/390] | Time 0.082 (0.084) | Loss 2.5842 | Accs(C/F/R): 99.99/54.14/56.60 | Gain +2.45%
2025-11-19 23:48:12,553 - INFO  - Epoch: [174][200/390] | Time 0.082 (0.084) | Loss 2.5799 | Accs(C/F/R): 99.99/54.22/56.51 | Gain +2.29%
2025-11-19 23:48:14,199 - INFO  - Epoch: [174][220/390] | Time 0.084 (0.084) | Loss 2.5778 | Accs(C/F/R): 99.99/54.41/56.70 | Gain +2.29%
2025-11-19 23:48:15,851 - INFO  - Epoch: [174][240/390] | Time 0.085 (0.084) | Loss 2.5387 | Accs(C/F/R): 99.99/55.09/57.36 | Gain +2.26%
2025-11-19 23:48:17,491 - INFO  - Epoch: [174][260/390] | Time 0.085 (0.084) | Loss 2.5702 | Accs(C/F/R): 99.99/54.38/56.69 | Gain +2.31%
2025-11-19 23:48:19,138 - INFO  - Epoch: [174][280/390] | Time 0.085 (0.084) | Loss 2.5599 | Accs(C/F/R): 99.99/54.59/56.83 | Gain +2.24%
2025-11-19 23:48:20,784 - INFO  - Epoch: [174][300/390] | Time 0.086 (0.084) | Loss 2.5604 | Accs(C/F/R): 99.99/54.65/56.88 | Gain +2.22%
2025-11-19 23:48:22,446 - INFO  - Epoch: [174][320/390] | Time 0.087 (0.083) | Loss 2.5470 | Accs(C/F/R): 99.99/54.82/56.96 | Gain +2.14%
2025-11-19 23:48:24,109 - INFO  - Epoch: [174][340/390] | Time 0.084 (0.083) | Loss 2.5641 | Accs(C/F/R): 99.99/54.58/56.68 | Gain +2.10%
2025-11-19 23:48:25,780 - INFO  - Epoch: [174][360/390] | Time 0.086 (0.083) | Loss 2.5475 | Accs(C/F/R): 99.99/54.90/56.99 | Gain +2.09%
2025-11-19 23:48:27,443 - INFO  - Epoch: [174][380/390] | Time 0.084 (0.083) | Loss 2.5644 | Accs(C/F/R): 99.99/54.67/56.71 | Gain +2.04%
2025-11-19 23:48:28,306 - INFO  - Epoch 174: Train Loss (scheduler metric) = 2.5552
2025-11-19 23:48:28,326 - INFO  - ([174] Epoch) Saving checkpoint to:
             Current: /root/autodl-tmp/retraining-free-quantization/training/alexnet_cifar10_sensitive_stage2/alexnet_cifar10_sensitive_stage2_restorer_checkpoint.pth.tar

2025-11-19 23:48:28,326 - INFO  - >>>>>>>> Epoch 175
2025-11-19 23:48:28,326 - INFO  - [Stage2] Using random BER sampling [1e-2, 1e-1] for each batch at epoch 175
2025-11-19 23:48:28,326 - INFO  - Entered Stage 2 Restorer Training mode for epoch 175.
2025-11-19 23:48:30,243 - INFO  - Epoch: [175][20/390] | Time 0.081 (0.096) | Loss 2.3851 | Accs(C/F/R): 100.00/58.67/60.82 | Gain +2.15%
2025-11-19 23:48:31,890 - INFO  - Epoch: [175][40/390] | Time 0.084 (0.089) | Loss 2.5395 | Accs(C/F/R): 100.00/56.60/58.18 | Gain +1.58%
2025-11-19 23:48:33,565 - INFO  - Epoch: [175][60/390] | Time 0.081 (0.087) | Loss 2.6323 | Accs(C/F/R): 99.99/54.28/56.08 | Gain +1.80%
2025-11-19 23:48:35,213 - INFO  - Epoch: [175][80/390] | Time 0.083 (0.086) | Loss 2.5634 | Accs(C/F/R): 99.99/55.14/57.02 | Gain +1.88%
2025-11-19 23:48:36,878 - INFO  - Epoch: [175][100/390] | Time 0.082 (0.086) | Loss 2.5024 | Accs(C/F/R): 99.99/56.21/58.12 | Gain +1.91%
2025-11-19 23:48:38,525 - INFO  - Epoch: [175][120/390] | Time 0.082 (0.085) | Loss 2.5237 | Accs(C/F/R): 99.99/55.84/57.73 | Gain +1.89%
2025-11-19 23:48:40,178 - INFO  - Epoch: [175][140/390] | Time 0.082 (0.085) | Loss 2.5318 | Accs(C/F/R): 99.99/55.42/57.38 | Gain +1.96%
2025-11-19 23:48:41,832 - INFO  - Epoch: [175][160/390] | Time 0.082 (0.084) | Loss 2.5455 | Accs(C/F/R): 100.00/55.05/57.03 | Gain +1.98%
2025-11-19 23:48:43,473 - INFO  - Epoch: [175][180/390] | Time 0.082 (0.084) | Loss 2.5419 | Accs(C/F/R): 100.00/55.11/57.04 | Gain +1.93%
2025-11-19 23:48:45,117 - INFO  - Epoch: [175][200/390] | Time 0.081 (0.084) | Loss 2.5525 | Accs(C/F/R): 100.00/54.88/56.80 | Gain +1.92%
2025-11-19 23:48:46,771 - INFO  - Epoch: [175][220/390] | Time 0.083 (0.084) | Loss 2.5129 | Accs(C/F/R): 100.00/55.67/57.59 | Gain +1.92%
2025-11-19 23:48:48,441 - INFO  - Epoch: [175][240/390] | Time 0.082 (0.084) | Loss 2.5285 | Accs(C/F/R): 100.00/55.41/57.37 | Gain +1.96%
2025-11-19 23:48:50,103 - INFO  - Epoch: [175][260/390] | Time 0.086 (0.084) | Loss 2.5635 | Accs(C/F/R): 100.00/54.76/56.75 | Gain +2.00%
2025-11-19 23:48:51,757 - INFO  - Epoch: [175][280/390] | Time 0.082 (0.084) | Loss 2.5599 | Accs(C/F/R): 99.99/54.69/56.70 | Gain +2.00%
2025-11-19 23:48:53,401 - INFO  - Epoch: [175][300/390] | Time 0.081 (0.084) | Loss 2.5445 | Accs(C/F/R): 99.99/55.11/57.06 | Gain +1.95%
2025-11-19 23:48:55,061 - INFO  - Epoch: [175][320/390] | Time 0.082 (0.084) | Loss 2.5275 | Accs(C/F/R): 99.99/55.37/57.37 | Gain +1.99%
2025-11-19 23:48:56,725 - INFO  - Epoch: [175][340/390] | Time 0.082 (0.084) | Loss 2.5260 | Accs(C/F/R): 99.99/55.50/57.48 | Gain +1.97%
2025-11-19 23:48:58,381 - INFO  - Epoch: [175][360/390] | Time 0.084 (0.083) | Loss 2.5245 | Accs(C/F/R): 99.99/55.54/57.52 | Gain +1.98%
2025-11-19 23:49:00,039 - INFO  - Epoch: [175][380/390] | Time 0.083 (0.083) | Loss 2.5169 | Accs(C/F/R): 99.99/55.74/57.69 | Gain +1.95%
2025-11-19 23:49:00,919 - INFO  - Epoch 175: Train Loss (scheduler metric) = 2.5181
2025-11-19 23:49:00,939 - INFO  - ([175] Epoch) Saving checkpoint to:
             Current: /root/autodl-tmp/retraining-free-quantization/training/alexnet_cifar10_sensitive_stage2/alexnet_cifar10_sensitive_stage2_restorer_checkpoint.pth.tar

2025-11-19 23:49:00,940 - INFO  - >>>>>>>> Epoch 176
2025-11-19 23:49:00,940 - INFO  - [Stage2] Using random BER sampling [1e-2, 1e-1] for each batch at epoch 176
2025-11-19 23:49:00,940 - INFO  - Entered Stage 2 Restorer Training mode for epoch 176.
2025-11-19 23:49:02,846 - INFO  - Epoch: [176][20/390] | Time 0.084 (0.095) | Loss 2.7217 | Accs(C/F/R): 100.00/51.52/53.79 | Gain +2.27%
2025-11-19 23:49:04,506 - INFO  - Epoch: [176][40/390] | Time 0.089 (0.089) | Loss 2.6625 | Accs(C/F/R): 100.00/52.95/55.27 | Gain +2.32%
2025-11-19 23:49:06,150 - INFO  - Epoch: [176][60/390] | Time 0.083 (0.087) | Loss 2.5862 | Accs(C/F/R): 100.00/54.17/56.58 | Gain +2.41%
2025-11-19 23:49:07,819 - INFO  - Epoch: [176][80/390] | Time 0.085 (0.086) | Loss 2.6403 | Accs(C/F/R): 99.99/53.13/55.27 | Gain +2.14%
2025-11-19 23:49:09,455 - INFO  - Epoch: [176][100/390] | Time 0.083 (0.085) | Loss 2.6570 | Accs(C/F/R): 99.99/52.24/54.42 | Gain +2.18%
2025-11-19 23:49:11,115 - INFO  - Epoch: [176][120/390] | Time 0.083 (0.085) | Loss 2.6274 | Accs(C/F/R): 99.99/52.91/55.07 | Gain +2.15%
2025-11-19 23:49:12,771 - INFO  - Epoch: [176][140/390] | Time 0.085 (0.085) | Loss 2.6072 | Accs(C/F/R): 99.99/53.12/55.32 | Gain +2.19%
2025-11-19 23:49:14,445 - INFO  - Epoch: [176][160/390] | Time 0.083 (0.084) | Loss 2.5748 | Accs(C/F/R): 100.00/53.98/56.03 | Gain +2.04%
2025-11-19 23:49:16,112 - INFO  - Epoch: [176][180/390] | Time 0.083 (0.084) | Loss 2.5492 | Accs(C/F/R): 99.99/54.65/56.78 | Gain +2.12%
2025-11-19 23:49:17,779 - INFO  - Epoch: [176][200/390] | Time 0.083 (0.084) | Loss 2.5457 | Accs(C/F/R): 99.99/54.58/56.74 | Gain +2.16%
2025-11-19 23:49:19,438 - INFO  - Epoch: [176][220/390] | Time 0.085 (0.084) | Loss 2.5304 | Accs(C/F/R): 99.99/54.57/56.74 | Gain +2.16%
2025-11-19 23:49:21,113 - INFO  - Epoch: [176][240/390] | Time 0.094 (0.084) | Loss 2.5253 | Accs(C/F/R): 99.99/54.82/56.85 | Gain +2.02%
2025-11-19 23:49:22,764 - INFO  - Epoch: [176][260/390] | Time 0.082 (0.084) | Loss 2.5159 | Accs(C/F/R): 99.99/55.07/57.01 | Gain +1.95%
2025-11-19 23:49:24,424 - INFO  - Epoch: [176][280/390] | Time 0.082 (0.084) | Loss 2.5159 | Accs(C/F/R): 99.99/55.09/57.01 | Gain +1.92%
2025-11-19 23:49:26,080 - INFO  - Epoch: [176][300/390] | Time 0.085 (0.084) | Loss 2.5281 | Accs(C/F/R): 99.99/54.99/56.91 | Gain +1.92%
2025-11-19 23:49:27,738 - INFO  - Epoch: [176][320/390] | Time 0.082 (0.084) | Loss 2.5426 | Accs(C/F/R): 100.00/54.75/56.68 | Gain +1.94%
2025-11-19 23:49:29,385 - INFO  - Epoch: [176][340/390] | Time 0.082 (0.084) | Loss 2.5551 | Accs(C/F/R): 100.00/54.70/56.67 | Gain +1.97%
2025-11-19 23:49:31,056 - INFO  - Epoch: [176][360/390] | Time 0.091 (0.084) | Loss 2.5518 | Accs(C/F/R): 100.00/54.92/56.86 | Gain +1.94%
2025-11-19 23:49:32,709 - INFO  - Epoch: [176][380/390] | Time 0.083 (0.084) | Loss 2.5536 | Accs(C/F/R): 100.00/54.93/56.87 | Gain +1.94%
2025-11-19 23:49:33,583 - INFO  - Epoch 176: Train Loss (scheduler metric) = 2.5601
2025-11-19 23:49:33,605 - INFO  - ([176] Epoch) Saving checkpoint to:
             Current: /root/autodl-tmp/retraining-free-quantization/training/alexnet_cifar10_sensitive_stage2/alexnet_cifar10_sensitive_stage2_restorer_checkpoint.pth.tar

2025-11-19 23:49:33,606 - INFO  - >>>>>>>> Epoch 177
2025-11-19 23:49:33,606 - INFO  - [Stage2] Using random BER sampling [1e-2, 1e-1] for each batch at epoch 177
2025-11-19 23:49:33,606 - INFO  - Entered Stage 2 Restorer Training mode for epoch 177.
2025-11-19 23:49:35,504 - INFO  - Epoch: [177][20/390] | Time 0.082 (0.095) | Loss 2.6458 | Accs(C/F/R): 100.00/52.73/54.53 | Gain +1.80%
2025-11-19 23:49:37,148 - INFO  - Epoch: [177][40/390] | Time 0.082 (0.089) | Loss 2.5060 | Accs(C/F/R): 100.00/54.22/56.56 | Gain +2.34%
2025-11-19 23:49:38,804 - INFO  - Epoch: [177][60/390] | Time 0.081 (0.087) | Loss 2.5095 | Accs(C/F/R): 100.00/55.34/57.36 | Gain +2.02%
2025-11-19 23:49:40,455 - INFO  - Epoch: [177][80/390] | Time 0.084 (0.086) | Loss 2.5360 | Accs(C/F/R): 100.00/55.64/57.41 | Gain +1.77%
2025-11-19 23:49:42,105 - INFO  - Epoch: [177][100/390] | Time 0.081 (0.085) | Loss 2.5252 | Accs(C/F/R): 100.00/55.84/57.80 | Gain +1.97%
2025-11-19 23:49:43,762 - INFO  - Epoch: [177][120/390] | Time 0.082 (0.085) | Loss 2.5358 | Accs(C/F/R): 99.99/55.74/57.58 | Gain +1.84%
2025-11-19 23:49:45,418 - INFO  - Epoch: [177][140/390] | Time 0.082 (0.084) | Loss 2.5661 | Accs(C/F/R): 99.99/54.88/56.72 | Gain +1.85%
2025-11-19 23:49:47,080 - INFO  - Epoch: [177][160/390] | Time 0.087 (0.084) | Loss 2.5911 | Accs(C/F/R): 99.99/54.26/56.13 | Gain +1.87%
2025-11-19 23:49:48,740 - INFO  - Epoch: [177][180/390] | Time 0.082 (0.084) | Loss 2.5785 | Accs(C/F/R): 99.99/54.60/56.45 | Gain +1.85%
2025-11-19 23:49:50,396 - INFO  - Epoch: [177][200/390] | Time 0.085 (0.084) | Loss 2.5939 | Accs(C/F/R): 99.99/54.18/56.12 | Gain +1.94%
2025-11-19 23:49:52,044 - INFO  - Epoch: [177][220/390] | Time 0.082 (0.084) | Loss 2.5875 | Accs(C/F/R): 99.99/54.12/56.11 | Gain +1.99%
2025-11-19 23:49:53,695 - INFO  - Epoch: [177][240/390] | Time 0.083 (0.084) | Loss 2.5770 | Accs(C/F/R): 99.99/54.45/56.28 | Gain +1.83%
2025-11-19 23:49:55,345 - INFO  - Epoch: [177][260/390] | Time 0.082 (0.084) | Loss 2.5726 | Accs(C/F/R): 99.99/54.46/56.36 | Gain +1.90%
2025-11-19 23:49:57,019 - INFO  - Epoch: [177][280/390] | Time 0.082 (0.084) | Loss 2.5676 | Accs(C/F/R): 99.98/54.53/56.32 | Gain +1.79%
2025-11-19 23:49:58,674 - INFO  - Epoch: [177][300/390] | Time 0.082 (0.084) | Loss 2.5810 | Accs(C/F/R): 99.98/54.25/56.06 | Gain +1.81%
2025-11-19 23:50:00,330 - INFO  - Epoch: [177][320/390] | Time 0.081 (0.084) | Loss 2.5486 | Accs(C/F/R): 99.99/54.94/56.74 | Gain +1.79%
2025-11-19 23:50:01,969 - INFO  - Epoch: [177][340/390] | Time 0.082 (0.083) | Loss 2.5345 | Accs(C/F/R): 99.99/55.25/56.95 | Gain +1.70%
2025-11-19 23:50:03,606 - INFO  - Epoch: [177][360/390] | Time 0.081 (0.083) | Loss 2.5446 | Accs(C/F/R): 99.99/55.02/56.76 | Gain +1.74%
2025-11-19 23:50:05,236 - INFO  - Epoch: [177][380/390] | Time 0.081 (0.083) | Loss 2.5449 | Accs(C/F/R): 99.99/55.10/56.81 | Gain +1.71%
2025-11-19 23:50:06,102 - INFO  - Epoch 177: Train Loss (scheduler metric) = 2.5511
2025-11-19 23:50:06,123 - INFO  - ([177] Epoch) Saving checkpoint to:
             Current: /root/autodl-tmp/retraining-free-quantization/training/alexnet_cifar10_sensitive_stage2/alexnet_cifar10_sensitive_stage2_restorer_checkpoint.pth.tar

2025-11-19 23:50:06,123 - INFO  - >>>>>>>> Epoch 178
2025-11-19 23:50:06,123 - INFO  - [Stage2] Using random BER sampling [1e-2, 1e-1] for each batch at epoch 178
2025-11-19 23:50:06,123 - INFO  - Entered Stage 2 Restorer Training mode for epoch 178.
2025-11-19 23:50:07,956 - INFO  - Epoch: [178][20/390] | Time 0.082 (0.092) | Loss 2.5178 | Accs(C/F/R): 100.00/55.62/57.19 | Gain +1.56%
2025-11-19 23:50:09,588 - INFO  - Epoch: [178][40/390] | Time 0.082 (0.087) | Loss 2.6824 | Accs(C/F/R): 100.00/52.34/53.79 | Gain +1.45%
2025-11-19 23:50:11,218 - INFO  - Epoch: [178][60/390] | Time 0.082 (0.085) | Loss 2.6518 | Accs(C/F/R): 99.99/52.89/54.82 | Gain +1.93%
2025-11-19 23:50:12,873 - INFO  - Epoch: [178][80/390] | Time 0.082 (0.084) | Loss 2.5498 | Accs(C/F/R): 99.99/54.57/56.52 | Gain +1.95%
2025-11-19 23:50:14,521 - INFO  - Epoch: [178][100/390] | Time 0.083 (0.084) | Loss 2.5848 | Accs(C/F/R): 99.99/53.97/55.99 | Gain +2.02%
2025-11-19 23:50:16,193 - INFO  - Epoch: [178][120/390] | Time 0.082 (0.084) | Loss 2.6111 | Accs(C/F/R): 99.99/53.46/55.48 | Gain +2.02%
2025-11-19 23:50:17,848 - INFO  - Epoch: [178][140/390] | Time 0.083 (0.084) | Loss 2.6020 | Accs(C/F/R): 99.99/53.98/55.93 | Gain +1.94%
2025-11-19 23:50:19,502 - INFO  - Epoch: [178][160/390] | Time 0.085 (0.084) | Loss 2.5776 | Accs(C/F/R): 100.00/54.37/56.18 | Gain +1.82%
2025-11-19 23:50:21,169 - INFO  - Epoch: [178][180/390] | Time 0.082 (0.084) | Loss 2.6061 | Accs(C/F/R): 99.99/53.90/55.79 | Gain +1.88%
2025-11-19 23:50:22,834 - INFO  - Epoch: [178][200/390] | Time 0.082 (0.084) | Loss 2.6064 | Accs(C/F/R): 99.99/53.81/55.78 | Gain +1.96%
2025-11-19 23:50:24,515 - INFO  - Epoch: [178][220/390] | Time 0.083 (0.084) | Loss 2.5627 | Accs(C/F/R): 99.99/54.41/56.34 | Gain +1.93%
2025-11-19 23:50:26,158 - INFO  - Epoch: [178][240/390] | Time 0.082 (0.083) | Loss 2.5710 | Accs(C/F/R): 99.99/54.11/56.07 | Gain +1.96%
2025-11-19 23:50:27,808 - INFO  - Epoch: [178][260/390] | Time 0.083 (0.083) | Loss 2.5556 | Accs(C/F/R): 99.99/54.44/56.37 | Gain +1.93%
2025-11-19 23:50:29,458 - INFO  - Epoch: [178][280/390] | Time 0.081 (0.083) | Loss 2.5667 | Accs(C/F/R): 99.99/54.32/56.25 | Gain +1.93%
2025-11-19 23:50:31,106 - INFO  - Epoch: [178][300/390] | Time 0.083 (0.083) | Loss 2.5606 | Accs(C/F/R): 99.99/54.58/56.51 | Gain +1.92%
2025-11-19 23:50:32,756 - INFO  - Epoch: [178][320/390] | Time 0.082 (0.083) | Loss 2.5636 | Accs(C/F/R): 99.99/54.49/56.49 | Gain +1.99%
2025-11-19 23:50:34,403 - INFO  - Epoch: [178][340/390] | Time 0.082 (0.083) | Loss 2.5717 | Accs(C/F/R): 99.99/54.52/56.46 | Gain +1.94%
2025-11-19 23:50:36,045 - INFO  - Epoch: [178][360/390] | Time 0.083 (0.083) | Loss 2.5606 | Accs(C/F/R): 99.99/54.60/56.50 | Gain +1.89%
2025-11-19 23:50:37,704 - INFO  - Epoch: [178][380/390] | Time 0.082 (0.083) | Loss 2.5559 | Accs(C/F/R): 99.99/54.61/56.49 | Gain +1.88%
2025-11-19 23:50:38,574 - INFO  - Epoch 178: Train Loss (scheduler metric) = 2.5567
2025-11-19 23:50:38,595 - INFO  - ([178] Epoch) Saving checkpoint to:
             Current: /root/autodl-tmp/retraining-free-quantization/training/alexnet_cifar10_sensitive_stage2/alexnet_cifar10_sensitive_stage2_restorer_checkpoint.pth.tar

2025-11-19 23:50:38,595 - INFO  - >>>>>>>> Epoch 179
2025-11-19 23:50:38,595 - INFO  - [Stage2] Using random BER sampling [1e-2, 1e-1] for each batch at epoch 179
2025-11-19 23:50:38,595 - INFO  - Entered Stage 2 Restorer Training mode for epoch 179.
2025-11-19 23:50:40,464 - INFO  - Epoch: [179][20/390] | Time 0.083 (0.093) | Loss 2.1670 | Accs(C/F/R): 100.00/62.58/64.18 | Gain +1.60%
2025-11-19 23:50:42,134 - INFO  - Epoch: [179][40/390] | Time 0.082 (0.088) | Loss 2.3413 | Accs(C/F/R): 100.00/59.02/60.45 | Gain +1.43%
2025-11-19 23:50:43,797 - INFO  - Epoch: [179][60/390] | Time 0.083 (0.087) | Loss 2.3737 | Accs(C/F/R): 100.00/59.08/60.72 | Gain +1.64%
2025-11-19 23:50:45,461 - INFO  - Epoch: [179][80/390] | Time 0.083 (0.086) | Loss 2.3978 | Accs(C/F/R): 100.00/58.87/60.69 | Gain +1.83%
2025-11-19 23:50:47,127 - INFO  - Epoch: [179][100/390] | Time 0.082 (0.085) | Loss 2.4037 | Accs(C/F/R): 100.00/58.62/60.57 | Gain +1.95%
2025-11-19 23:50:48,775 - INFO  - Epoch: [179][120/390] | Time 0.083 (0.085) | Loss 2.4050 | Accs(C/F/R): 100.00/58.33/60.42 | Gain +2.09%
2025-11-19 23:50:50,436 - INFO  - Epoch: [179][140/390] | Time 0.082 (0.085) | Loss 2.4310 | Accs(C/F/R): 100.00/57.91/60.02 | Gain +2.10%
2025-11-19 23:50:52,108 - INFO  - Epoch: [179][160/390] | Time 0.083 (0.084) | Loss 2.4236 | Accs(C/F/R): 100.00/57.99/60.00 | Gain +2.01%
2025-11-19 23:50:53,768 - INFO  - Epoch: [179][180/390] | Time 0.086 (0.084) | Loss 2.4224 | Accs(C/F/R): 100.00/57.94/59.98 | Gain +2.04%
2025-11-19 23:50:55,425 - INFO  - Epoch: [179][200/390] | Time 0.084 (0.084) | Loss 2.4091 | Accs(C/F/R): 100.00/58.04/60.14 | Gain +2.11%
2025-11-19 23:50:57,081 - INFO  - Epoch: [179][220/390] | Time 0.082 (0.084) | Loss 2.4228 | Accs(C/F/R): 100.00/57.71/59.79 | Gain +2.09%
2025-11-19 23:50:58,744 - INFO  - Epoch: [179][240/390] | Time 0.085 (0.084) | Loss 2.4425 | Accs(C/F/R): 100.00/57.27/59.42 | Gain +2.15%
2025-11-19 23:51:00,398 - INFO  - Epoch: [179][260/390] | Time 0.083 (0.084) | Loss 2.4355 | Accs(C/F/R): 100.00/57.37/59.51 | Gain +2.14%
2025-11-19 23:51:02,046 - INFO  - Epoch: [179][280/390] | Time 0.083 (0.084) | Loss 2.4468 | Accs(C/F/R): 99.99/57.02/59.28 | Gain +2.26%
2025-11-19 23:51:03,705 - INFO  - Epoch: [179][300/390] | Time 0.082 (0.084) | Loss 2.4549 | Accs(C/F/R): 99.99/56.87/59.10 | Gain +2.23%
2025-11-19 23:51:05,367 - INFO  - Epoch: [179][320/390] | Time 0.082 (0.084) | Loss 2.4683 | Accs(C/F/R): 99.99/56.54/58.77 | Gain +2.23%
2025-11-19 23:51:07,021 - INFO  - Epoch: [179][340/390] | Time 0.082 (0.084) | Loss 2.4774 | Accs(C/F/R): 99.99/56.27/58.55 | Gain +2.28%
2025-11-19 23:51:08,667 - INFO  - Epoch: [179][360/390] | Time 0.082 (0.084) | Loss 2.4757 | Accs(C/F/R): 99.99/56.26/58.50 | Gain +2.24%
2025-11-19 23:51:10,329 - INFO  - Epoch: [179][380/390] | Time 0.083 (0.084) | Loss 2.4844 | Accs(C/F/R): 99.99/56.12/58.39 | Gain +2.27%
2025-11-19 23:51:11,212 - INFO  - Epoch 179: Train Loss (scheduler metric) = 2.4871
2025-11-19 23:51:11,232 - INFO  - ([179] Epoch) Saving checkpoint to:
             Current: /root/autodl-tmp/retraining-free-quantization/training/alexnet_cifar10_sensitive_stage2/alexnet_cifar10_sensitive_stage2_restorer_checkpoint.pth.tar

2025-11-19 23:51:11,232 - INFO  - >>>>>>>> Epoch 180
2025-11-19 23:51:11,232 - INFO  - [Stage2] Using random BER sampling [1e-2, 1e-1] for each batch at epoch 180
2025-11-19 23:51:11,232 - INFO  - Entered Stage 2 Restorer Training mode for epoch 180.
2025-11-19 23:51:13,142 - INFO  - Epoch: [180][20/390] | Time 0.086 (0.095) | Loss 2.5504 | Accs(C/F/R): 100.00/55.04/56.88 | Gain +1.84%
2025-11-19 23:51:14,798 - INFO  - Epoch: [180][40/390] | Time 0.082 (0.089) | Loss 2.4058 | Accs(C/F/R): 100.00/57.44/59.36 | Gain +1.91%
2025-11-19 23:51:16,466 - INFO  - Epoch: [180][60/390] | Time 0.083 (0.087) | Loss 2.5170 | Accs(C/F/R): 100.00/55.48/57.16 | Gain +1.68%
2025-11-19 23:51:18,119 - INFO  - Epoch: [180][80/390] | Time 0.084 (0.086) | Loss 2.5571 | Accs(C/F/R): 100.00/54.82/56.48 | Gain +1.66%
2025-11-19 23:51:19,777 - INFO  - Epoch: [180][100/390] | Time 0.082 (0.085) | Loss 2.5238 | Accs(C/F/R): 99.99/55.36/57.04 | Gain +1.68%
2025-11-19 23:51:21,440 - INFO  - Epoch: [180][120/390] | Time 0.086 (0.085) | Loss 2.5773 | Accs(C/F/R): 99.99/54.80/56.53 | Gain +1.73%
2025-11-19 23:51:23,101 - INFO  - Epoch: [180][140/390] | Time 0.083 (0.085) | Loss 2.5441 | Accs(C/F/R): 99.99/55.29/57.11 | Gain +1.82%
2025-11-19 23:51:24,752 - INFO  - Epoch: [180][160/390] | Time 0.082 (0.084) | Loss 2.5059 | Accs(C/F/R): 100.00/56.03/57.83 | Gain +1.81%
2025-11-19 23:51:26,423 - INFO  - Epoch: [180][180/390] | Time 0.082 (0.084) | Loss 2.4811 | Accs(C/F/R): 100.00/56.58/58.34 | Gain +1.76%
2025-11-19 23:51:28,071 - INFO  - Epoch: [180][200/390] | Time 0.082 (0.084) | Loss 2.5033 | Accs(C/F/R): 99.99/56.19/57.91 | Gain +1.72%
2025-11-19 23:51:29,721 - INFO  - Epoch: [180][220/390] | Time 0.082 (0.084) | Loss 2.4968 | Accs(C/F/R): 99.99/56.24/57.98 | Gain +1.74%
2025-11-19 23:51:31,355 - INFO  - Epoch: [180][240/390] | Time 0.083 (0.084) | Loss 2.4810 | Accs(C/F/R): 99.99/56.52/58.28 | Gain +1.76%
2025-11-19 23:51:33,009 - INFO  - Epoch: [180][260/390] | Time 0.084 (0.084) | Loss 2.4856 | Accs(C/F/R): 99.99/56.42/58.25 | Gain +1.83%
2025-11-19 23:51:34,686 - INFO  - Epoch: [180][280/390] | Time 0.090 (0.084) | Loss 2.5035 | Accs(C/F/R): 99.99/56.12/57.95 | Gain +1.83%
2025-11-19 23:51:36,356 - INFO  - Epoch: [180][300/390] | Time 0.082 (0.084) | Loss 2.4651 | Accs(C/F/R): 99.99/56.76/58.59 | Gain +1.83%
2025-11-19 23:51:38,004 - INFO  - Epoch: [180][320/390] | Time 0.081 (0.084) | Loss 2.4691 | Accs(C/F/R): 99.99/56.62/58.42 | Gain +1.80%
2025-11-19 23:51:39,661 - INFO  - Epoch: [180][340/390] | Time 0.085 (0.084) | Loss 2.4663 | Accs(C/F/R): 99.99/56.71/58.50 | Gain +1.79%
2025-11-19 23:51:41,305 - INFO  - Epoch: [180][360/390] | Time 0.082 (0.084) | Loss 2.4639 | Accs(C/F/R): 99.99/56.75/58.53 | Gain +1.78%
2025-11-19 23:51:42,963 - INFO  - Epoch: [180][380/390] | Time 0.082 (0.083) | Loss 2.4700 | Accs(C/F/R): 99.99/56.70/58.48 | Gain +1.78%
2025-11-19 23:51:43,822 - INFO  - Epoch 180: Train Loss (scheduler metric) = 2.4746
2025-11-19 23:51:43,843 - INFO  - ([180] Epoch) Saving checkpoint to:
             Current: /root/autodl-tmp/retraining-free-quantization/training/alexnet_cifar10_sensitive_stage2/alexnet_cifar10_sensitive_stage2_restorer_checkpoint.pth.tar

2025-11-19 23:51:43,843 - INFO  - >>>>>>>> Epoch 181
2025-11-19 23:51:43,843 - INFO  - [Stage2] Using random BER sampling [1e-2, 1e-1] for each batch at epoch 181
2025-11-19 23:51:43,843 - INFO  - Entered Stage 2 Restorer Training mode for epoch 181.
2025-11-19 23:51:45,701 - INFO  - Epoch: [181][20/390] | Time 0.082 (0.093) | Loss 2.7868 | Accs(C/F/R): 100.00/50.90/52.07 | Gain +1.17%
2025-11-19 23:51:47,367 - INFO  - Epoch: [181][40/390] | Time 0.082 (0.088) | Loss 2.8211 | Accs(C/F/R): 100.00/51.45/52.70 | Gain +1.25%
2025-11-19 23:51:49,026 - INFO  - Epoch: [181][60/390] | Time 0.086 (0.086) | Loss 2.7917 | Accs(C/F/R): 100.00/51.77/53.53 | Gain +1.76%
2025-11-19 23:51:50,659 - INFO  - Epoch: [181][80/390] | Time 0.081 (0.085) | Loss 2.7221 | Accs(C/F/R): 100.00/52.63/54.57 | Gain +1.94%
2025-11-19 23:51:52,295 - INFO  - Epoch: [181][100/390] | Time 0.083 (0.085) | Loss 2.6704 | Accs(C/F/R): 100.00/53.18/55.11 | Gain +1.93%
2025-11-19 23:51:53,937 - INFO  - Epoch: [181][120/390] | Time 0.082 (0.084) | Loss 2.6586 | Accs(C/F/R): 100.00/53.09/54.99 | Gain +1.90%
2025-11-19 23:51:55,575 - INFO  - Epoch: [181][140/390] | Time 0.081 (0.084) | Loss 2.5853 | Accs(C/F/R): 99.99/54.75/56.47 | Gain +1.72%
2025-11-19 23:51:57,208 - INFO  - Epoch: [181][160/390] | Time 0.081 (0.084) | Loss 2.5605 | Accs(C/F/R): 100.00/55.15/57.05 | Gain +1.89%
2025-11-19 23:51:58,858 - INFO  - Epoch: [181][180/390] | Time 0.081 (0.083) | Loss 2.5535 | Accs(C/F/R): 100.00/55.02/56.94 | Gain +1.92%
2025-11-19 23:52:00,504 - INFO  - Epoch: [181][200/390] | Time 0.083 (0.083) | Loss 2.5269 | Accs(C/F/R): 100.00/55.42/57.32 | Gain +1.90%
2025-11-19 23:52:02,170 - INFO  - Epoch: [181][220/390] | Time 0.082 (0.083) | Loss 2.5570 | Accs(C/F/R): 100.00/54.90/56.78 | Gain +1.88%
2025-11-19 23:52:03,822 - INFO  - Epoch: [181][240/390] | Time 0.082 (0.083) | Loss 2.5644 | Accs(C/F/R): 99.99/54.74/56.58 | Gain +1.84%
2025-11-19 23:52:05,497 - INFO  - Epoch: [181][260/390] | Time 0.083 (0.083) | Loss 2.5535 | Accs(C/F/R): 99.99/55.06/56.94 | Gain +1.87%
2025-11-19 23:52:07,149 - INFO  - Epoch: [181][280/390] | Time 0.082 (0.083) | Loss 2.5514 | Accs(C/F/R): 99.99/55.09/57.02 | Gain +1.93%
2025-11-19 23:52:08,814 - INFO  - Epoch: [181][300/390] | Time 0.088 (0.083) | Loss 2.5559 | Accs(C/F/R): 99.99/54.93/56.83 | Gain +1.90%
2025-11-19 23:52:10,465 - INFO  - Epoch: [181][320/390] | Time 0.083 (0.083) | Loss 2.5624 | Accs(C/F/R): 99.99/54.84/56.70 | Gain +1.86%
2025-11-19 23:52:12,118 - INFO  - Epoch: [181][340/390] | Time 0.086 (0.083) | Loss 2.5768 | Accs(C/F/R): 99.99/54.58/56.44 | Gain +1.86%
2025-11-19 23:52:13,777 - INFO  - Epoch: [181][360/390] | Time 0.082 (0.083) | Loss 2.5639 | Accs(C/F/R): 99.99/54.88/56.76 | Gain +1.88%
2025-11-19 23:52:15,445 - INFO  - Epoch: [181][380/390] | Time 0.086 (0.083) | Loss 2.5632 | Accs(C/F/R): 99.99/54.84/56.79 | Gain +1.96%
2025-11-19 23:52:16,308 - INFO  - Epoch 181: Train Loss (scheduler metric) = 2.5736
2025-11-19 23:52:16,328 - INFO  - ([181] Epoch) Saving checkpoint to:
             Current: /root/autodl-tmp/retraining-free-quantization/training/alexnet_cifar10_sensitive_stage2/alexnet_cifar10_sensitive_stage2_restorer_checkpoint.pth.tar

2025-11-19 23:52:16,328 - INFO  - >>>>>>>> Epoch 182
2025-11-19 23:52:16,328 - INFO  - [Stage2] Using random BER sampling [1e-2, 1e-1] for each batch at epoch 182
2025-11-19 23:52:16,328 - INFO  - Entered Stage 2 Restorer Training mode for epoch 182.
2025-11-19 23:52:18,229 - INFO  - Epoch: [182][20/390] | Time 0.085 (0.095) | Loss 2.7017 | Accs(C/F/R): 99.96/52.89/55.23 | Gain +2.34%
2025-11-19 23:52:19,931 - INFO  - Epoch: [182][40/390] | Time 0.082 (0.090) | Loss 2.5815 | Accs(C/F/R): 99.96/54.55/57.07 | Gain +2.52%
2025-11-19 23:52:21,598 - INFO  - Epoch: [182][60/390] | Time 0.083 (0.088) | Loss 2.5205 | Accs(C/F/R): 99.96/55.55/58.03 | Gain +2.49%
2025-11-19 23:52:23,263 - INFO  - Epoch: [182][80/390] | Time 0.081 (0.087) | Loss 2.4284 | Accs(C/F/R): 99.96/57.41/59.54 | Gain +2.13%
2025-11-19 23:52:24,924 - INFO  - Epoch: [182][100/390] | Time 0.082 (0.086) | Loss 2.3640 | Accs(C/F/R): 99.97/58.84/60.86 | Gain +2.02%
2025-11-19 23:52:26,578 - INFO  - Epoch: [182][120/390] | Time 0.083 (0.085) | Loss 2.3278 | Accs(C/F/R): 99.97/59.14/61.26 | Gain +2.12%
2025-11-19 23:52:28,234 - INFO  - Epoch: [182][140/390] | Time 0.086 (0.085) | Loss 2.4150 | Accs(C/F/R): 99.97/57.98/60.18 | Gain +2.20%
2025-11-19 23:52:29,894 - INFO  - Epoch: [182][160/390] | Time 0.083 (0.085) | Loss 2.4777 | Accs(C/F/R): 99.98/56.75/58.99 | Gain +2.24%
2025-11-19 23:52:31,567 - INFO  - Epoch: [182][180/390] | Time 0.086 (0.085) | Loss 2.4789 | Accs(C/F/R): 99.98/56.78/59.01 | Gain +2.23%
2025-11-19 23:52:33,229 - INFO  - Epoch: [182][200/390] | Time 0.083 (0.084) | Loss 2.5047 | Accs(C/F/R): 99.98/56.34/58.53 | Gain +2.19%
2025-11-19 23:52:34,896 - INFO  - Epoch: [182][220/390] | Time 0.082 (0.084) | Loss 2.4818 | Accs(C/F/R): 99.98/56.62/58.79 | Gain +2.18%
2025-11-19 23:52:36,544 - INFO  - Epoch: [182][240/390] | Time 0.082 (0.084) | Loss 2.4952 | Accs(C/F/R): 99.97/56.19/58.41 | Gain +2.22%
2025-11-19 23:52:38,203 - INFO  - Epoch: [182][260/390] | Time 0.083 (0.084) | Loss 2.4874 | Accs(C/F/R): 99.98/56.37/58.63 | Gain +2.25%
2025-11-19 23:52:39,850 - INFO  - Epoch: [182][280/390] | Time 0.082 (0.084) | Loss 2.4960 | Accs(C/F/R): 99.98/56.26/58.47 | Gain +2.20%
2025-11-19 23:52:41,502 - INFO  - Epoch: [182][300/390] | Time 0.081 (0.084) | Loss 2.5146 | Accs(C/F/R): 99.98/55.92/58.10 | Gain +2.18%
2025-11-19 23:52:43,151 - INFO  - Epoch: [182][320/390] | Time 0.082 (0.084) | Loss 2.5270 | Accs(C/F/R): 99.98/55.71/57.90 | Gain +2.19%
2025-11-19 23:52:44,802 - INFO  - Epoch: [182][340/390] | Time 0.081 (0.084) | Loss 2.5469 | Accs(C/F/R): 99.98/55.43/57.64 | Gain +2.21%
2025-11-19 23:52:46,462 - INFO  - Epoch: [182][360/390] | Time 0.086 (0.084) | Loss 2.5359 | Accs(C/F/R): 99.98/55.52/57.77 | Gain +2.25%
2025-11-19 23:52:48,123 - INFO  - Epoch: [182][380/390] | Time 0.083 (0.084) | Loss 2.5425 | Accs(C/F/R): 99.98/55.43/57.65 | Gain +2.22%
2025-11-19 23:52:48,992 - INFO  - Epoch 182: Train Loss (scheduler metric) = 2.5381
2025-11-19 23:52:49,016 - INFO  - ([182] Epoch) Saving checkpoint to:
             Current: /root/autodl-tmp/retraining-free-quantization/training/alexnet_cifar10_sensitive_stage2/alexnet_cifar10_sensitive_stage2_restorer_checkpoint.pth.tar

2025-11-19 23:52:49,016 - INFO  - >>>>>>>> Epoch 183
2025-11-19 23:52:49,016 - INFO  - [Stage2] Using random BER sampling [1e-2, 1e-1] for each batch at epoch 183
2025-11-19 23:52:49,017 - INFO  - Entered Stage 2 Restorer Training mode for epoch 183.
2025-11-19 23:52:50,907 - INFO  - Epoch: [183][20/390] | Time 0.082 (0.094) | Loss 2.3709 | Accs(C/F/R): 100.00/58.12/60.35 | Gain +2.23%
2025-11-19 23:52:52,565 - INFO  - Epoch: [183][40/390] | Time 0.083 (0.089) | Loss 2.4257 | Accs(C/F/R): 100.00/56.97/59.32 | Gain +2.34%
2025-11-19 23:52:54,225 - INFO  - Epoch: [183][60/390] | Time 0.085 (0.087) | Loss 2.4112 | Accs(C/F/R): 99.99/57.41/59.51 | Gain +2.10%
2025-11-19 23:52:55,877 - INFO  - Epoch: [183][80/390] | Time 0.086 (0.086) | Loss 2.4359 | Accs(C/F/R): 99.99/57.21/59.08 | Gain +1.88%
2025-11-19 23:52:57,535 - INFO  - Epoch: [183][100/390] | Time 0.085 (0.085) | Loss 2.3964 | Accs(C/F/R): 99.98/57.91/59.70 | Gain +1.79%
2025-11-19 23:52:59,184 - INFO  - Epoch: [183][120/390] | Time 0.085 (0.085) | Loss 2.3897 | Accs(C/F/R): 99.99/57.89/59.65 | Gain +1.76%
2025-11-19 23:53:00,837 - INFO  - Epoch: [183][140/390] | Time 0.081 (0.084) | Loss 2.4072 | Accs(C/F/R): 99.99/57.76/59.54 | Gain +1.78%
2025-11-19 23:53:02,487 - INFO  - Epoch: [183][160/390] | Time 0.082 (0.084) | Loss 2.4497 | Accs(C/F/R): 99.99/56.83/58.60 | Gain +1.78%
2025-11-19 23:53:04,145 - INFO  - Epoch: [183][180/390] | Time 0.082 (0.084) | Loss 2.4550 | Accs(C/F/R): 99.99/56.64/58.37 | Gain +1.74%
2025-11-19 23:53:05,789 - INFO  - Epoch: [183][200/390] | Time 0.082 (0.084) | Loss 2.4636 | Accs(C/F/R): 99.99/56.32/58.10 | Gain +1.78%
2025-11-19 23:53:07,457 - INFO  - Epoch: [183][220/390] | Time 0.082 (0.084) | Loss 2.4513 | Accs(C/F/R): 99.99/56.52/58.38 | Gain +1.86%
2025-11-19 23:53:09,117 - INFO  - Epoch: [183][240/390] | Time 0.083 (0.084) | Loss 2.4633 | Accs(C/F/R): 99.98/56.29/58.21 | Gain +1.91%
2025-11-19 23:53:10,774 - INFO  - Epoch: [183][260/390] | Time 0.085 (0.084) | Loss 2.4597 | Accs(C/F/R): 99.98/56.43/58.27 | Gain +1.84%
2025-11-19 23:53:12,429 - INFO  - Epoch: [183][280/390] | Time 0.082 (0.084) | Loss 2.4359 | Accs(C/F/R): 99.98/56.93/58.82 | Gain +1.89%
2025-11-19 23:53:14,086 - INFO  - Epoch: [183][300/390] | Time 0.082 (0.084) | Loss 2.4651 | Accs(C/F/R): 99.98/56.39/58.28 | Gain +1.89%
2025-11-19 23:53:15,734 - INFO  - Epoch: [183][320/390] | Time 0.082 (0.083) | Loss 2.4564 | Accs(C/F/R): 99.99/56.57/58.51 | Gain +1.95%
2025-11-19 23:53:17,383 - INFO  - Epoch: [183][340/390] | Time 0.083 (0.083) | Loss 2.4505 | Accs(C/F/R): 99.99/56.76/58.67 | Gain +1.92%
2025-11-19 23:53:19,038 - INFO  - Epoch: [183][360/390] | Time 0.085 (0.083) | Loss 2.4485 | Accs(C/F/R): 99.99/56.77/58.67 | Gain +1.90%
2025-11-19 23:53:20,692 - INFO  - Epoch: [183][380/390] | Time 0.083 (0.083) | Loss 2.4360 | Accs(C/F/R): 99.99/57.05/58.95 | Gain +1.90%
2025-11-19 23:53:21,578 - INFO  - Epoch 183: Train Loss (scheduler metric) = 2.4441
2025-11-19 23:53:21,598 - INFO  - ([183] Epoch) Saving checkpoint to:
             Current: /root/autodl-tmp/retraining-free-quantization/training/alexnet_cifar10_sensitive_stage2/alexnet_cifar10_sensitive_stage2_restorer_checkpoint.pth.tar

2025-11-19 23:53:21,598 - INFO  - >>>>>>>> Epoch 184
2025-11-19 23:53:21,598 - INFO  - [Stage2] Using random BER sampling [1e-2, 1e-1] for each batch at epoch 184
2025-11-19 23:53:21,598 - INFO  - Entered Stage 2 Restorer Training mode for epoch 184.
2025-11-19 23:53:23,505 - INFO  - Epoch: [184][20/390] | Time 0.082 (0.095) | Loss 2.3450 | Accs(C/F/R): 100.00/56.80/58.87 | Gain +2.07%
2025-11-19 23:53:25,153 - INFO  - Epoch: [184][40/390] | Time 0.082 (0.089) | Loss 2.4102 | Accs(C/F/R): 100.00/57.19/59.06 | Gain +1.88%
2025-11-19 23:53:26,807 - INFO  - Epoch: [184][60/390] | Time 0.081 (0.087) | Loss 2.4253 | Accs(C/F/R): 100.00/57.23/58.96 | Gain +1.73%
2025-11-19 23:53:28,451 - INFO  - Epoch: [184][80/390] | Time 0.082 (0.086) | Loss 2.4787 | Accs(C/F/R): 100.00/56.04/57.96 | Gain +1.91%
2025-11-19 23:53:30,104 - INFO  - Epoch: [184][100/390] | Time 0.082 (0.085) | Loss 2.4626 | Accs(C/F/R): 100.00/56.38/58.31 | Gain +1.94%
2025-11-19 23:53:31,779 - INFO  - Epoch: [184][120/390] | Time 0.090 (0.085) | Loss 2.4781 | Accs(C/F/R): 100.00/56.09/58.00 | Gain +1.91%
2025-11-19 23:53:33,438 - INFO  - Epoch: [184][140/390] | Time 0.082 (0.085) | Loss 2.4497 | Accs(C/F/R): 99.99/56.73/58.55 | Gain +1.82%
2025-11-19 23:53:35,080 - INFO  - Epoch: [184][160/390] | Time 0.082 (0.084) | Loss 2.4401 | Accs(C/F/R): 100.00/56.87/58.65 | Gain +1.78%
2025-11-19 23:53:36,737 - INFO  - Epoch: [184][180/390] | Time 0.085 (0.084) | Loss 2.4444 | Accs(C/F/R): 100.00/56.97/58.72 | Gain +1.74%
2025-11-19 23:53:38,388 - INFO  - Epoch: [184][200/390] | Time 0.082 (0.084) | Loss 2.4677 | Accs(C/F/R): 99.99/56.28/58.12 | Gain +1.84%
2025-11-19 23:53:40,042 - INFO  - Epoch: [184][220/390] | Time 0.082 (0.084) | Loss 2.4879 | Accs(C/F/R): 99.99/56.07/58.03 | Gain +1.96%
2025-11-19 23:53:41,673 - INFO  - Epoch: [184][240/390] | Time 0.081 (0.084) | Loss 2.5129 | Accs(C/F/R): 99.99/55.61/57.61 | Gain +2.01%
2025-11-19 23:53:43,311 - INFO  - Epoch: [184][260/390] | Time 0.082 (0.084) | Loss 2.5410 | Accs(C/F/R): 99.99/55.10/57.12 | Gain +2.02%
2025-11-19 23:53:44,951 - INFO  - Epoch: [184][280/390] | Time 0.082 (0.083) | Loss 2.5565 | Accs(C/F/R): 99.99/54.70/56.80 | Gain +2.11%
2025-11-19 23:53:46,592 - INFO  - Epoch: [184][300/390] | Time 0.081 (0.083) | Loss 2.5340 | Accs(C/F/R): 99.99/55.05/57.16 | Gain +2.11%
2025-11-19 23:53:48,230 - INFO  - Epoch: [184][320/390] | Time 0.083 (0.083) | Loss 2.5456 | Accs(C/F/R): 99.99/54.85/56.92 | Gain +2.08%
2025-11-19 23:53:49,864 - INFO  - Epoch: [184][340/390] | Time 0.081 (0.083) | Loss 2.5505 | Accs(C/F/R): 99.99/54.77/56.83 | Gain +2.06%
2025-11-19 23:53:51,512 - INFO  - Epoch: [184][360/390] | Time 0.083 (0.083) | Loss 2.5498 | Accs(C/F/R): 99.99/54.83/56.86 | Gain +2.03%
2025-11-19 23:53:53,172 - INFO  - Epoch: [184][380/390] | Time 0.082 (0.083) | Loss 2.5458 | Accs(C/F/R): 99.99/54.96/56.98 | Gain +2.02%
2025-11-19 23:53:54,053 - INFO  - Epoch 184: Train Loss (scheduler metric) = 2.5263
2025-11-19 23:53:54,073 - INFO  - ([184] Epoch) Saving checkpoint to:
             Current: /root/autodl-tmp/retraining-free-quantization/training/alexnet_cifar10_sensitive_stage2/alexnet_cifar10_sensitive_stage2_restorer_checkpoint.pth.tar

2025-11-19 23:53:54,074 - INFO  - >>>>>>>> Epoch 185
2025-11-19 23:53:54,074 - INFO  - [Stage2] Using random BER sampling [1e-2, 1e-1] for each batch at epoch 185
2025-11-19 23:53:54,074 - INFO  - Entered Stage 2 Restorer Training mode for epoch 185.
2025-11-19 23:53:56,003 - INFO  - Epoch: [185][20/390] | Time 0.082 (0.096) | Loss 2.3405 | Accs(C/F/R): 99.96/58.36/60.66 | Gain +2.30%
2025-11-19 23:53:57,649 - INFO  - Epoch: [185][40/390] | Time 0.082 (0.089) | Loss 2.4438 | Accs(C/F/R): 99.98/57.81/60.10 | Gain +2.29%
2025-11-19 23:53:59,335 - INFO  - Epoch: [185][60/390] | Time 0.084 (0.088) | Loss 2.5283 | Accs(C/F/R): 99.99/55.70/58.06 | Gain +2.36%
2025-11-19 23:54:01,000 - INFO  - Epoch: [185][80/390] | Time 0.086 (0.087) | Loss 2.4196 | Accs(C/F/R): 99.99/58.04/60.17 | Gain +2.13%
2025-11-19 23:54:02,679 - INFO  - Epoch: [185][100/390] | Time 0.083 (0.086) | Loss 2.4755 | Accs(C/F/R): 99.99/56.71/58.77 | Gain +2.06%
2025-11-19 23:54:04,335 - INFO  - Epoch: [185][120/390] | Time 0.082 (0.086) | Loss 2.4774 | Accs(C/F/R): 99.99/56.55/58.80 | Gain +2.25%
2025-11-19 23:54:06,005 - INFO  - Epoch: [185][140/390] | Time 0.084 (0.085) | Loss 2.5124 | Accs(C/F/R): 99.99/56.02/58.09 | Gain +2.06%
2025-11-19 23:54:07,688 - INFO  - Epoch: [185][160/390] | Time 0.083 (0.085) | Loss 2.5110 | Accs(C/F/R): 100.00/56.02/58.02 | Gain +2.00%
2025-11-19 23:54:09,354 - INFO  - Epoch: [185][180/390] | Time 0.085 (0.085) | Loss 2.4748 | Accs(C/F/R): 100.00/56.51/58.49 | Gain +1.98%
2025-11-19 23:54:11,024 - INFO  - Epoch: [185][200/390] | Time 0.084 (0.085) | Loss 2.4918 | Accs(C/F/R): 100.00/56.31/58.41 | Gain +2.10%
2025-11-19 23:54:12,680 - INFO  - Epoch: [185][220/390] | Time 0.082 (0.085) | Loss 2.5072 | Accs(C/F/R): 100.00/56.03/58.19 | Gain +2.16%
2025-11-19 23:54:14,344 - INFO  - Epoch: [185][240/390] | Time 0.083 (0.084) | Loss 2.5053 | Accs(C/F/R): 100.00/56.10/58.16 | Gain +2.07%
2025-11-19 23:54:15,989 - INFO  - Epoch: [185][260/390] | Time 0.082 (0.084) | Loss 2.5064 | Accs(C/F/R): 100.00/56.20/58.26 | Gain +2.06%
2025-11-19 23:54:17,656 - INFO  - Epoch: [185][280/390] | Time 0.083 (0.084) | Loss 2.5230 | Accs(C/F/R): 100.00/55.73/57.78 | Gain +2.06%
2025-11-19 23:54:19,329 - INFO  - Epoch: [185][300/390] | Time 0.083 (0.084) | Loss 2.5236 | Accs(C/F/R): 100.00/55.72/57.75 | Gain +2.02%
2025-11-19 23:54:21,012 - INFO  - Epoch: [185][320/390] | Time 0.094 (0.084) | Loss 2.5205 | Accs(C/F/R): 100.00/55.64/57.66 | Gain +2.02%
2025-11-19 23:54:22,656 - INFO  - Epoch: [185][340/390] | Time 0.081 (0.084) | Loss 2.5255 | Accs(C/F/R): 100.00/55.38/57.43 | Gain +2.05%
2025-11-19 23:54:24,311 - INFO  - Epoch: [185][360/390] | Time 0.085 (0.084) | Loss 2.5297 | Accs(C/F/R): 99.99/55.29/57.36 | Gain +2.07%
2025-11-19 23:54:25,965 - INFO  - Epoch: [185][380/390] | Time 0.083 (0.084) | Loss 2.5405 | Accs(C/F/R): 99.99/55.09/57.14 | Gain +2.05%
2025-11-19 23:54:26,831 - INFO  - Epoch 185: Train Loss (scheduler metric) = 2.5462
2025-11-19 23:54:26,852 - INFO  - ([185] Epoch) Saving checkpoint to:
             Current: /root/autodl-tmp/retraining-free-quantization/training/alexnet_cifar10_sensitive_stage2/alexnet_cifar10_sensitive_stage2_restorer_checkpoint.pth.tar

2025-11-19 23:54:26,852 - INFO  - >>>>>>>> Epoch 186
2025-11-19 23:54:26,852 - INFO  - [Stage2] Using random BER sampling [1e-2, 1e-1] for each batch at epoch 186
2025-11-19 23:54:26,852 - INFO  - Entered Stage 2 Restorer Training mode for epoch 186.
2025-11-19 23:54:28,747 - INFO  - Epoch: [186][20/390] | Time 0.082 (0.095) | Loss 2.7853 | Accs(C/F/R): 100.00/50.47/52.19 | Gain +1.72%
2025-11-19 23:54:30,410 - INFO  - Epoch: [186][40/390] | Time 0.084 (0.089) | Loss 2.5924 | Accs(C/F/R): 100.00/53.73/55.84 | Gain +2.11%
2025-11-19 23:54:32,060 - INFO  - Epoch: [186][60/390] | Time 0.084 (0.087) | Loss 2.5489 | Accs(C/F/R): 100.00/54.66/56.55 | Gain +1.89%
2025-11-19 23:54:33,714 - INFO  - Epoch: [186][80/390] | Time 0.082 (0.086) | Loss 2.6417 | Accs(C/F/R): 100.00/52.77/54.65 | Gain +1.88%
2025-11-19 23:54:35,373 - INFO  - Epoch: [186][100/390] | Time 0.083 (0.085) | Loss 2.5255 | Accs(C/F/R): 100.00/55.29/56.99 | Gain +1.70%
2025-11-19 23:54:37,024 - INFO  - Epoch: [186][120/390] | Time 0.084 (0.085) | Loss 2.5397 | Accs(C/F/R): 100.00/54.97/56.56 | Gain +1.59%
2025-11-19 23:54:38,682 - INFO  - Epoch: [186][140/390] | Time 0.084 (0.084) | Loss 2.5434 | Accs(C/F/R): 100.00/54.85/56.61 | Gain +1.76%
2025-11-19 23:54:40,345 - INFO  - Epoch: [186][160/390] | Time 0.085 (0.084) | Loss 2.5862 | Accs(C/F/R): 100.00/54.13/55.88 | Gain +1.75%
2025-11-19 23:54:42,051 - INFO  - Epoch: [186][180/390] | Time 0.085 (0.084) | Loss 2.6038 | Accs(C/F/R): 100.00/53.65/55.42 | Gain +1.78%
2025-11-19 23:54:43,741 - INFO  - Epoch: [186][200/390] | Time 0.084 (0.084) | Loss 2.5774 | Accs(C/F/R): 100.00/54.02/55.94 | Gain +1.92%
2025-11-19 23:54:45,413 - INFO  - Epoch: [186][220/390] | Time 0.082 (0.084) | Loss 2.5575 | Accs(C/F/R): 100.00/54.44/56.37 | Gain +1.93%
2025-11-19 23:54:47,082 - INFO  - Epoch: [186][240/390] | Time 0.082 (0.084) | Loss 2.5447 | Accs(C/F/R): 100.00/54.75/56.66 | Gain +1.92%
2025-11-19 23:54:48,721 - INFO  - Epoch: [186][260/390] | Time 0.082 (0.084) | Loss 2.5695 | Accs(C/F/R): 100.00/54.50/56.49 | Gain +1.99%
2025-11-19 23:54:50,367 - INFO  - Epoch: [186][280/390] | Time 0.082 (0.084) | Loss 2.5705 | Accs(C/F/R): 100.00/54.50/56.45 | Gain +1.95%
2025-11-19 23:54:52,009 - INFO  - Epoch: [186][300/390] | Time 0.081 (0.084) | Loss 2.5687 | Accs(C/F/R): 100.00/54.60/56.49 | Gain +1.89%
2025-11-19 23:54:53,657 - INFO  - Epoch: [186][320/390] | Time 0.082 (0.084) | Loss 2.5534 | Accs(C/F/R): 100.00/54.82/56.75 | Gain +1.92%
2025-11-19 23:54:55,325 - INFO  - Epoch: [186][340/390] | Time 0.086 (0.084) | Loss 2.5535 | Accs(C/F/R): 100.00/54.78/56.78 | Gain +2.00%
2025-11-19 23:54:56,985 - INFO  - Epoch: [186][360/390] | Time 0.082 (0.084) | Loss 2.5494 | Accs(C/F/R): 100.00/54.87/56.83 | Gain +1.96%
2025-11-19 23:54:58,636 - INFO  - Epoch: [186][380/390] | Time 0.083 (0.084) | Loss 2.5552 | Accs(C/F/R): 100.00/54.80/56.73 | Gain +1.94%
2025-11-19 23:54:59,513 - INFO  - Epoch 186: Train Loss (scheduler metric) = 2.5466
2025-11-19 23:54:59,535 - INFO  - ([186] Epoch) Saving checkpoint to:
             Current: /root/autodl-tmp/retraining-free-quantization/training/alexnet_cifar10_sensitive_stage2/alexnet_cifar10_sensitive_stage2_restorer_checkpoint.pth.tar

2025-11-19 23:54:59,535 - INFO  - >>>>>>>> Epoch 187
2025-11-19 23:54:59,536 - INFO  - [Stage2] Using random BER sampling [1e-2, 1e-1] for each batch at epoch 187
2025-11-19 23:54:59,536 - INFO  - Entered Stage 2 Restorer Training mode for epoch 187.
2025-11-19 23:55:01,473 - INFO  - Epoch: [187][20/390] | Time 0.083 (0.097) | Loss 2.7585 | Accs(C/F/R): 100.00/50.35/52.62 | Gain +2.27%
2025-11-19 23:55:03,125 - INFO  - Epoch: [187][40/390] | Time 0.083 (0.090) | Loss 2.5735 | Accs(C/F/R): 100.00/53.98/56.46 | Gain +2.48%
2025-11-19 23:55:04,776 - INFO  - Epoch: [187][60/390] | Time 0.083 (0.087) | Loss 2.4843 | Accs(C/F/R): 100.00/55.83/57.81 | Gain +1.98%
2025-11-19 23:55:06,428 - INFO  - Epoch: [187][80/390] | Time 0.082 (0.086) | Loss 2.5738 | Accs(C/F/R): 99.99/54.30/56.37 | Gain +2.07%
2025-11-19 23:55:08,075 - INFO  - Epoch: [187][100/390] | Time 0.083 (0.085) | Loss 2.5340 | Accs(C/F/R): 99.99/54.88/57.07 | Gain +2.20%
2025-11-19 23:55:09,728 - INFO  - Epoch: [187][120/390] | Time 0.082 (0.085) | Loss 2.4893 | Accs(C/F/R): 99.99/55.58/57.79 | Gain +2.21%
2025-11-19 23:55:11,390 - INFO  - Epoch: [187][140/390] | Time 0.082 (0.085) | Loss 2.5271 | Accs(C/F/R): 99.99/54.73/56.87 | Gain +2.14%
2025-11-19 23:55:13,053 - INFO  - Epoch: [187][160/390] | Time 0.082 (0.084) | Loss 2.5123 | Accs(C/F/R): 99.99/55.01/57.01 | Gain +2.00%
2025-11-19 23:55:14,699 - INFO  - Epoch: [187][180/390] | Time 0.082 (0.084) | Loss 2.4942 | Accs(C/F/R): 99.99/55.38/57.32 | Gain +1.94%
2025-11-19 23:55:16,355 - INFO  - Epoch: [187][200/390] | Time 0.082 (0.084) | Loss 2.5402 | Accs(C/F/R): 99.99/54.64/56.59 | Gain +1.95%
2025-11-19 23:55:18,017 - INFO  - Epoch: [187][220/390] | Time 0.083 (0.084) | Loss 2.5246 | Accs(C/F/R): 99.99/54.90/56.91 | Gain +2.01%
2025-11-19 23:55:19,680 - INFO  - Epoch: [187][240/390] | Time 0.082 (0.084) | Loss 2.5087 | Accs(C/F/R): 99.99/55.24/57.28 | Gain +2.03%
2025-11-19 23:55:21,336 - INFO  - Epoch: [187][260/390] | Time 0.082 (0.084) | Loss 2.4970 | Accs(C/F/R): 99.99/55.47/57.55 | Gain +2.08%
2025-11-19 23:55:22,997 - INFO  - Epoch: [187][280/390] | Time 0.082 (0.084) | Loss 2.4950 | Accs(C/F/R): 99.99/55.51/57.51 | Gain +2.00%
2025-11-19 23:55:24,646 - INFO  - Epoch: [187][300/390] | Time 0.082 (0.084) | Loss 2.4967 | Accs(C/F/R): 99.99/55.56/57.54 | Gain +1.98%
2025-11-19 23:55:26,295 - INFO  - Epoch: [187][320/390] | Time 0.084 (0.084) | Loss 2.5065 | Accs(C/F/R): 100.00/55.44/57.40 | Gain +1.97%
2025-11-19 23:55:27,947 - INFO  - Epoch: [187][340/390] | Time 0.082 (0.084) | Loss 2.5168 | Accs(C/F/R): 100.00/55.25/57.24 | Gain +1.99%
2025-11-19 23:55:29,612 - INFO  - Epoch: [187][360/390] | Time 0.082 (0.084) | Loss 2.5277 | Accs(C/F/R): 100.00/54.94/56.92 | Gain +1.98%
2025-11-19 23:55:31,255 - INFO  - Epoch: [187][380/390] | Time 0.082 (0.083) | Loss 2.5287 | Accs(C/F/R): 99.99/54.97/56.90 | Gain +1.93%
2025-11-19 23:55:32,119 - INFO  - Epoch 187: Train Loss (scheduler metric) = 2.5298
2025-11-19 23:55:32,141 - INFO  - ([187] Epoch) Saving checkpoint to:
             Current: /root/autodl-tmp/retraining-free-quantization/training/alexnet_cifar10_sensitive_stage2/alexnet_cifar10_sensitive_stage2_restorer_checkpoint.pth.tar

2025-11-19 23:55:32,142 - INFO  - >>>>>>>> Epoch 188
2025-11-19 23:55:32,142 - INFO  - [Stage2] Using random BER sampling [1e-2, 1e-1] for each batch at epoch 188
2025-11-19 23:55:32,142 - INFO  - Entered Stage 2 Restorer Training mode for epoch 188.
2025-11-19 23:55:34,002 - INFO  - Epoch: [188][20/390] | Time 0.082 (0.093) | Loss 2.2418 | Accs(C/F/R): 100.00/60.51/62.62 | Gain +2.11%
2025-11-19 23:55:35,635 - INFO  - Epoch: [188][40/390] | Time 0.081 (0.087) | Loss 2.4694 | Accs(C/F/R): 100.00/55.92/58.30 | Gain +2.38%
2025-11-19 23:55:37,260 - INFO  - Epoch: [188][60/390] | Time 0.081 (0.085) | Loss 2.4672 | Accs(C/F/R): 100.00/55.96/58.09 | Gain +2.12%
2025-11-19 23:55:38,896 - INFO  - Epoch: [188][80/390] | Time 0.081 (0.084) | Loss 2.4013 | Accs(C/F/R): 100.00/57.14/59.16 | Gain +2.02%
2025-11-19 23:55:40,523 - INFO  - Epoch: [188][100/390] | Time 0.082 (0.084) | Loss 2.4000 | Accs(C/F/R): 99.98/57.13/59.14 | Gain +2.01%
2025-11-19 23:55:42,178 - INFO  - Epoch: [188][120/390] | Time 0.081 (0.084) | Loss 2.4455 | Accs(C/F/R): 99.99/56.44/58.44 | Gain +2.00%
2025-11-19 23:55:43,821 - INFO  - Epoch: [188][140/390] | Time 0.082 (0.083) | Loss 2.4859 | Accs(C/F/R): 99.99/55.81/57.89 | Gain +2.08%
2025-11-19 23:55:45,483 - INFO  - Epoch: [188][160/390] | Time 0.082 (0.083) | Loss 2.4882 | Accs(C/F/R): 99.99/55.72/57.77 | Gain +2.05%
2025-11-19 23:55:47,132 - INFO  - Epoch: [188][180/390] | Time 0.083 (0.083) | Loss 2.4746 | Accs(C/F/R): 99.99/55.89/57.96 | Gain +2.07%
2025-11-19 23:55:48,789 - INFO  - Epoch: [188][200/390] | Time 0.083 (0.083) | Loss 2.4717 | Accs(C/F/R): 99.99/55.98/58.13 | Gain +2.15%
2025-11-19 23:55:50,455 - INFO  - Epoch: [188][220/390] | Time 0.082 (0.083) | Loss 2.4643 | Accs(C/F/R): 99.99/56.16/58.29 | Gain +2.13%
2025-11-19 23:55:52,107 - INFO  - Epoch: [188][240/390] | Time 0.082 (0.083) | Loss 2.4491 | Accs(C/F/R): 99.99/56.54/58.65 | Gain +2.10%
2025-11-19 23:55:53,755 - INFO  - Epoch: [188][260/390] | Time 0.082 (0.083) | Loss 2.4563 | Accs(C/F/R): 99.99/56.37/58.52 | Gain +2.15%
2025-11-19 23:55:55,417 - INFO  - Epoch: [188][280/390] | Time 0.082 (0.083) | Loss 2.4814 | Accs(C/F/R): 99.99/55.96/58.09 | Gain +2.13%
2025-11-19 23:55:57,070 - INFO  - Epoch: [188][300/390] | Time 0.088 (0.083) | Loss 2.4761 | Accs(C/F/R): 99.99/56.05/58.17 | Gain +2.12%
2025-11-19 23:55:58,732 - INFO  - Epoch: [188][320/390] | Time 0.082 (0.083) | Loss 2.4840 | Accs(C/F/R): 100.00/55.99/58.03 | Gain +2.04%
2025-11-19 23:56:00,395 - INFO  - Epoch: [188][340/390] | Time 0.082 (0.083) | Loss 2.4776 | Accs(C/F/R): 100.00/56.12/58.12 | Gain +2.01%
2025-11-19 23:56:02,054 - INFO  - Epoch: [188][360/390] | Time 0.085 (0.083) | Loss 2.4835 | Accs(C/F/R): 100.00/56.02/58.03 | Gain +2.01%
2025-11-19 23:56:03,701 - INFO  - Epoch: [188][380/390] | Time 0.082 (0.083) | Loss 2.5012 | Accs(C/F/R): 100.00/55.72/57.72 | Gain +2.01%
2025-11-19 23:56:04,587 - INFO  - Epoch 188: Train Loss (scheduler metric) = 2.4962
2025-11-19 23:56:04,607 - INFO  - ([188] Epoch) Saving checkpoint to:
             Current: /root/autodl-tmp/retraining-free-quantization/training/alexnet_cifar10_sensitive_stage2/alexnet_cifar10_sensitive_stage2_restorer_checkpoint.pth.tar

2025-11-19 23:56:04,607 - INFO  - >>>>>>>> Epoch 189
2025-11-19 23:56:04,607 - INFO  - [Stage2] Using random BER sampling [1e-2, 1e-1] for each batch at epoch 189
2025-11-19 23:56:04,607 - INFO  - Entered Stage 2 Restorer Training mode for epoch 189.
2025-11-19 23:56:06,472 - INFO  - Epoch: [189][20/390] | Time 0.083 (0.093) | Loss 2.5413 | Accs(C/F/R): 100.00/54.14/55.82 | Gain +1.68%
2025-11-19 23:56:08,132 - INFO  - Epoch: [189][40/390] | Time 0.086 (0.088) | Loss 2.4845 | Accs(C/F/R): 100.00/55.62/57.70 | Gain +2.07%
2025-11-19 23:56:09,784 - INFO  - Epoch: [189][60/390] | Time 0.081 (0.086) | Loss 2.4826 | Accs(C/F/R): 100.00/55.08/57.14 | Gain +2.06%
2025-11-19 23:56:11,449 - INFO  - Epoch: [189][80/390] | Time 0.086 (0.086) | Loss 2.4606 | Accs(C/F/R): 100.00/56.18/58.12 | Gain +1.93%
2025-11-19 23:56:13,109 - INFO  - Epoch: [189][100/390] | Time 0.083 (0.085) | Loss 2.4722 | Accs(C/F/R): 99.99/56.03/57.90 | Gain +1.87%
2025-11-19 23:56:14,778 - INFO  - Epoch: [189][120/390] | Time 0.082 (0.085) | Loss 2.4772 | Accs(C/F/R): 99.99/55.91/57.93 | Gain +2.02%
2025-11-19 23:56:16,460 - INFO  - Epoch: [189][140/390] | Time 0.091 (0.085) | Loss 2.4630 | Accs(C/F/R): 99.99/56.17/58.15 | Gain +1.98%
2025-11-19 23:56:18,111 - INFO  - Epoch: [189][160/390] | Time 0.084 (0.084) | Loss 2.4913 | Accs(C/F/R): 100.00/55.53/57.74 | Gain +2.22%
2025-11-19 23:56:19,765 - INFO  - Epoch: [189][180/390] | Time 0.082 (0.084) | Loss 2.4905 | Accs(C/F/R): 100.00/55.62/57.82 | Gain +2.20%
2025-11-19 23:56:21,459 - INFO  - Epoch: [189][200/390] | Time 0.084 (0.084) | Loss 2.5099 | Accs(C/F/R): 100.00/55.51/57.72 | Gain +2.21%
2025-11-19 23:56:23,114 - INFO  - Epoch: [189][220/390] | Time 0.082 (0.084) | Loss 2.5133 | Accs(C/F/R): 100.00/55.44/57.62 | Gain +2.18%
2025-11-19 23:56:24,771 - INFO  - Epoch: [189][240/390] | Time 0.086 (0.084) | Loss 2.5325 | Accs(C/F/R): 100.00/55.23/57.45 | Gain +2.21%
2025-11-19 23:56:26,432 - INFO  - Epoch: [189][260/390] | Time 0.082 (0.084) | Loss 2.5305 | Accs(C/F/R): 99.99/55.29/57.47 | Gain +2.18%
2025-11-19 23:56:28,092 - INFO  - Epoch: [189][280/390] | Time 0.082 (0.084) | Loss 2.5319 | Accs(C/F/R): 99.99/55.36/57.47 | Gain +2.11%
2025-11-19 23:56:29,746 - INFO  - Epoch: [189][300/390] | Time 0.085 (0.084) | Loss 2.5372 | Accs(C/F/R): 99.99/55.34/57.44 | Gain +2.10%
2025-11-19 23:56:31,416 - INFO  - Epoch: [189][320/390] | Time 0.082 (0.084) | Loss 2.5382 | Accs(C/F/R): 100.00/55.35/57.46 | Gain +2.12%
2025-11-19 23:56:33,084 - INFO  - Epoch: [189][340/390] | Time 0.082 (0.084) | Loss 2.5216 | Accs(C/F/R): 100.00/55.69/57.77 | Gain +2.08%
2025-11-19 23:56:34,755 - INFO  - Epoch: [189][360/390] | Time 0.083 (0.084) | Loss 2.5160 | Accs(C/F/R): 100.00/55.77/57.89 | Gain +2.12%
2025-11-19 23:56:36,427 - INFO  - Epoch: [189][380/390] | Time 0.082 (0.084) | Loss 2.5277 | Accs(C/F/R): 100.00/55.60/57.70 | Gain +2.10%
2025-11-19 23:56:37,292 - INFO  - Epoch 189: Train Loss (scheduler metric) = 2.5327
2025-11-19 23:56:37,312 - INFO  - ([189] Epoch) Saving checkpoint to:
             Current: /root/autodl-tmp/retraining-free-quantization/training/alexnet_cifar10_sensitive_stage2/alexnet_cifar10_sensitive_stage2_restorer_checkpoint.pth.tar

2025-11-19 23:56:37,312 - INFO  - >>>>>>>> Epoch 190
2025-11-19 23:56:37,312 - INFO  - [Stage2] Using random BER sampling [1e-2, 1e-1] for each batch at epoch 190
2025-11-19 23:56:37,312 - INFO  - Entered Stage 2 Restorer Training mode for epoch 190.
2025-11-19 23:56:39,218 - INFO  - Epoch: [190][20/390] | Time 0.082 (0.095) | Loss 2.8667 | Accs(C/F/R): 99.96/49.02/50.39 | Gain +1.37%
2025-11-19 23:56:40,869 - INFO  - Epoch: [190][40/390] | Time 0.082 (0.089) | Loss 2.8186 | Accs(C/F/R): 99.98/48.95/50.57 | Gain +1.62%
2025-11-19 23:56:42,525 - INFO  - Epoch: [190][60/390] | Time 0.082 (0.087) | Loss 2.6572 | Accs(C/F/R): 99.97/52.06/53.76 | Gain +1.71%
2025-11-19 23:56:44,188 - INFO  - Epoch: [190][80/390] | Time 0.085 (0.086) | Loss 2.5905 | Accs(C/F/R): 99.98/53.64/55.40 | Gain +1.76%
2025-11-19 23:56:45,833 - INFO  - Epoch: [190][100/390] | Time 0.082 (0.085) | Loss 2.5114 | Accs(C/F/R): 99.98/55.16/56.87 | Gain +1.70%
2025-11-19 23:56:47,494 - INFO  - Epoch: [190][120/390] | Time 0.082 (0.085) | Loss 2.5013 | Accs(C/F/R): 99.98/55.42/57.10 | Gain +1.67%
2025-11-19 23:56:49,154 - INFO  - Epoch: [190][140/390] | Time 0.083 (0.085) | Loss 2.5025 | Accs(C/F/R): 99.98/55.51/57.19 | Gain +1.68%
2025-11-19 23:56:50,801 - INFO  - Epoch: [190][160/390] | Time 0.086 (0.084) | Loss 2.5337 | Accs(C/F/R): 99.98/54.76/56.49 | Gain +1.73%
2025-11-19 23:56:52,449 - INFO  - Epoch: [190][180/390] | Time 0.082 (0.084) | Loss 2.5747 | Accs(C/F/R): 99.98/53.97/55.73 | Gain +1.76%
2025-11-19 23:56:54,093 - INFO  - Epoch: [190][200/390] | Time 0.084 (0.084) | Loss 2.5443 | Accs(C/F/R): 99.98/54.58/56.36 | Gain +1.78%
2025-11-19 23:56:55,746 - INFO  - Epoch: [190][220/390] | Time 0.082 (0.084) | Loss 2.5266 | Accs(C/F/R): 99.98/54.83/56.65 | Gain +1.82%
2025-11-19 23:56:57,402 - INFO  - Epoch: [190][240/390] | Time 0.084 (0.084) | Loss 2.5425 | Accs(C/F/R): 99.98/54.75/56.49 | Gain +1.74%
2025-11-19 23:56:59,055 - INFO  - Epoch: [190][260/390] | Time 0.085 (0.084) | Loss 2.5263 | Accs(C/F/R): 99.98/55.03/56.74 | Gain +1.71%
2025-11-19 23:57:00,708 - INFO  - Epoch: [190][280/390] | Time 0.082 (0.084) | Loss 2.5147 | Accs(C/F/R): 99.98/55.23/57.02 | Gain +1.78%
2025-11-19 23:57:02,350 - INFO  - Epoch: [190][300/390] | Time 0.082 (0.083) | Loss 2.4824 | Accs(C/F/R): 99.98/55.79/57.60 | Gain +1.80%
2025-11-19 23:57:04,004 - INFO  - Epoch: [190][320/390] | Time 0.084 (0.083) | Loss 2.4960 | Accs(C/F/R): 99.98/55.57/57.39 | Gain +1.82%
2025-11-19 23:57:05,673 - INFO  - Epoch: [190][340/390] | Time 0.084 (0.083) | Loss 2.5234 | Accs(C/F/R): 99.98/55.13/56.97 | Gain +1.85%
2025-11-19 23:57:07,334 - INFO  - Epoch: [190][360/390] | Time 0.086 (0.083) | Loss 2.5205 | Accs(C/F/R): 99.98/55.22/57.03 | Gain +1.81%
2025-11-19 23:57:08,978 - INFO  - Epoch: [190][380/390] | Time 0.082 (0.083) | Loss 2.5179 | Accs(C/F/R): 99.98/55.25/57.06 | Gain +1.81%
2025-11-19 23:57:09,843 - INFO  - Epoch 190: Train Loss (scheduler metric) = 2.5223
2025-11-19 23:57:09,867 - INFO  - ([190] Epoch) Saving checkpoint to:
             Current: /root/autodl-tmp/retraining-free-quantization/training/alexnet_cifar10_sensitive_stage2/alexnet_cifar10_sensitive_stage2_restorer_checkpoint.pth.tar

2025-11-19 23:57:09,867 - INFO  - >>>>>>>> Epoch 191
2025-11-19 23:57:09,867 - INFO  - [Stage2] Using random BER sampling [1e-2, 1e-1] for each batch at epoch 191
2025-11-19 23:57:09,867 - INFO  - Entered Stage 2 Restorer Training mode for epoch 191.
2025-11-19 23:57:11,774 - INFO  - Epoch: [191][20/390] | Time 0.085 (0.095) | Loss 2.7934 | Accs(C/F/R): 99.96/51.45/53.63 | Gain +2.19%
2025-11-19 23:57:13,437 - INFO  - Epoch: [191][40/390] | Time 0.085 (0.089) | Loss 2.6388 | Accs(C/F/R): 99.98/54.34/56.25 | Gain +1.91%
2025-11-19 23:57:15,099 - INFO  - Epoch: [191][60/390] | Time 0.082 (0.087) | Loss 2.8166 | Accs(C/F/R): 99.99/50.70/52.96 | Gain +2.25%
2025-11-19 23:57:16,752 - INFO  - Epoch: [191][80/390] | Time 0.082 (0.086) | Loss 2.7457 | Accs(C/F/R): 99.98/51.54/53.75 | Gain +2.21%
2025-11-19 23:57:18,393 - INFO  - Epoch: [191][100/390] | Time 0.082 (0.085) | Loss 2.6963 | Accs(C/F/R): 99.98/52.17/54.38 | Gain +2.20%
2025-11-19 23:57:20,051 - INFO  - Epoch: [191][120/390] | Time 0.082 (0.085) | Loss 2.6448 | Accs(C/F/R): 99.97/53.13/55.25 | Gain +2.12%
2025-11-19 23:57:21,704 - INFO  - Epoch: [191][140/390] | Time 0.081 (0.085) | Loss 2.6298 | Accs(C/F/R): 99.98/53.15/55.30 | Gain +2.15%
2025-11-19 23:57:23,334 - INFO  - Epoch: [191][160/390] | Time 0.081 (0.084) | Loss 2.5580 | Accs(C/F/R): 99.98/54.38/56.41 | Gain +2.02%
2025-11-19 23:57:24,970 - INFO  - Epoch: [191][180/390] | Time 0.082 (0.084) | Loss 2.5880 | Accs(C/F/R): 99.98/53.88/55.90 | Gain +2.03%
2025-11-19 23:57:26,603 - INFO  - Epoch: [191][200/390] | Time 0.081 (0.084) | Loss 2.6094 | Accs(C/F/R): 99.98/53.54/55.62 | Gain +2.08%
2025-11-19 23:57:28,237 - INFO  - Epoch: [191][220/390] | Time 0.085 (0.083) | Loss 2.5572 | Accs(C/F/R): 99.98/54.53/56.58 | Gain +2.05%
2025-11-19 23:57:29,865 - INFO  - Epoch: [191][240/390] | Time 0.081 (0.083) | Loss 2.5309 | Accs(C/F/R): 99.98/55.03/57.15 | Gain +2.12%
2025-11-19 23:57:31,500 - INFO  - Epoch: [191][260/390] | Time 0.081 (0.083) | Loss 2.5288 | Accs(C/F/R): 99.98/55.06/57.11 | Gain +2.05%
2025-11-19 23:57:33,133 - INFO  - Epoch: [191][280/390] | Time 0.084 (0.083) | Loss 2.5435 | Accs(C/F/R): 99.98/54.65/56.75 | Gain +2.11%
2025-11-19 23:57:34,777 - INFO  - Epoch: [191][300/390] | Time 0.082 (0.083) | Loss 2.5439 | Accs(C/F/R): 99.98/54.59/56.66 | Gain +2.07%
2025-11-19 23:57:36,442 - INFO  - Epoch: [191][320/390] | Time 0.083 (0.083) | Loss 2.5554 | Accs(C/F/R): 99.99/54.20/56.35 | Gain +2.15%
2025-11-19 23:57:38,107 - INFO  - Epoch: [191][340/390] | Time 0.085 (0.083) | Loss 2.5413 | Accs(C/F/R): 99.98/54.46/56.61 | Gain +2.14%
2025-11-19 23:57:39,755 - INFO  - Epoch: [191][360/390] | Time 0.082 (0.083) | Loss 2.5487 | Accs(C/F/R): 99.98/54.37/56.53 | Gain +2.16%
2025-11-19 23:57:41,409 - INFO  - Epoch: [191][380/390] | Time 0.082 (0.083) | Loss 2.5274 | Accs(C/F/R): 99.98/54.72/56.89 | Gain +2.16%
2025-11-19 23:57:42,274 - INFO  - Epoch 191: Train Loss (scheduler metric) = 2.5214
2025-11-19 23:57:42,294 - INFO  - ([191] Epoch) Saving checkpoint to:
             Current: /root/autodl-tmp/retraining-free-quantization/training/alexnet_cifar10_sensitive_stage2/alexnet_cifar10_sensitive_stage2_restorer_checkpoint.pth.tar

2025-11-19 23:57:42,294 - INFO  - >>>>>>>> Epoch 192
2025-11-19 23:57:42,294 - INFO  - [Stage2] Using random BER sampling [1e-2, 1e-1] for each batch at epoch 192
2025-11-19 23:57:42,294 - INFO  - Entered Stage 2 Restorer Training mode for epoch 192.
2025-11-19 23:57:44,209 - INFO  - Epoch: [192][20/390] | Time 0.081 (0.096) | Loss 2.7841 | Accs(C/F/R): 100.00/49.41/52.73 | Gain +3.32%
2025-11-19 23:57:45,874 - INFO  - Epoch: [192][40/390] | Time 0.083 (0.089) | Loss 2.8219 | Accs(C/F/R): 100.00/48.59/51.60 | Gain +3.01%
2025-11-19 23:57:47,529 - INFO  - Epoch: [192][60/390] | Time 0.082 (0.087) | Loss 2.7868 | Accs(C/F/R): 100.00/49.48/52.10 | Gain +2.62%
2025-11-19 23:57:49,175 - INFO  - Epoch: [192][80/390] | Time 0.082 (0.086) | Loss 2.7007 | Accs(C/F/R): 100.00/51.42/53.79 | Gain +2.37%
2025-11-19 23:57:50,866 - INFO  - Epoch: [192][100/390] | Time 0.082 (0.086) | Loss 2.6772 | Accs(C/F/R): 100.00/51.96/54.12 | Gain +2.16%
2025-11-19 23:57:52,528 - INFO  - Epoch: [192][120/390] | Time 0.082 (0.085) | Loss 2.6312 | Accs(C/F/R): 100.00/52.74/54.98 | Gain +2.24%
2025-11-19 23:57:54,202 - INFO  - Epoch: [192][140/390] | Time 0.082 (0.085) | Loss 2.6537 | Accs(C/F/R): 100.00/52.22/54.45 | Gain +2.24%
2025-11-19 23:57:55,857 - INFO  - Epoch: [192][160/390] | Time 0.083 (0.085) | Loss 2.6452 | Accs(C/F/R): 100.00/52.60/54.80 | Gain +2.20%
2025-11-19 23:57:57,503 - INFO  - Epoch: [192][180/390] | Time 0.082 (0.084) | Loss 2.5928 | Accs(C/F/R): 100.00/53.65/55.90 | Gain +2.25%
2025-11-19 23:57:59,154 - INFO  - Epoch: [192][200/390] | Time 0.086 (0.084) | Loss 2.5640 | Accs(C/F/R): 100.00/54.33/56.45 | Gain +2.12%
2025-11-19 23:58:00,822 - INFO  - Epoch: [192][220/390] | Time 0.090 (0.084) | Loss 2.5729 | Accs(C/F/R): 100.00/54.38/56.51 | Gain +2.14%
2025-11-19 23:58:02,479 - INFO  - Epoch: [192][240/390] | Time 0.084 (0.084) | Loss 2.5461 | Accs(C/F/R): 100.00/54.93/57.05 | Gain +2.11%
2025-11-19 23:58:04,141 - INFO  - Epoch: [192][260/390] | Time 0.082 (0.084) | Loss 2.5344 | Accs(C/F/R): 100.00/55.04/57.16 | Gain +2.12%
2025-11-19 23:58:05,790 - INFO  - Epoch: [192][280/390] | Time 0.086 (0.084) | Loss 2.5657 | Accs(C/F/R): 100.00/54.63/56.76 | Gain +2.13%
2025-11-19 23:58:07,446 - INFO  - Epoch: [192][300/390] | Time 0.082 (0.084) | Loss 2.5496 | Accs(C/F/R): 100.00/54.96/56.97 | Gain +2.02%
2025-11-19 23:58:09,110 - INFO  - Epoch: [192][320/390] | Time 0.082 (0.084) | Loss 2.5458 | Accs(C/F/R): 100.00/54.97/57.00 | Gain +2.03%
2025-11-19 23:58:10,781 - INFO  - Epoch: [192][340/390] | Time 0.082 (0.084) | Loss 2.5544 | Accs(C/F/R): 100.00/54.86/56.90 | Gain +2.04%
2025-11-19 23:58:12,432 - INFO  - Epoch: [192][360/390] | Time 0.086 (0.084) | Loss 2.5564 | Accs(C/F/R): 100.00/54.69/56.72 | Gain +2.03%
2025-11-19 23:58:14,086 - INFO  - Epoch: [192][380/390] | Time 0.084 (0.084) | Loss 2.5406 | Accs(C/F/R): 100.00/55.10/57.09 | Gain +1.99%
2025-11-19 23:58:14,956 - INFO  - Epoch 192: Train Loss (scheduler metric) = 2.5315
2025-11-19 23:58:14,976 - INFO  - ([192] Epoch) Saving checkpoint to:
             Current: /root/autodl-tmp/retraining-free-quantization/training/alexnet_cifar10_sensitive_stage2/alexnet_cifar10_sensitive_stage2_restorer_checkpoint.pth.tar

2025-11-19 23:58:14,976 - INFO  - >>>>>>>> Epoch 193
2025-11-19 23:58:14,976 - INFO  - [Stage2] Using random BER sampling [1e-2, 1e-1] for each batch at epoch 193
2025-11-19 23:58:14,976 - INFO  - Entered Stage 2 Restorer Training mode for epoch 193.
2025-11-19 23:58:16,905 - INFO  - Epoch: [193][20/390] | Time 0.082 (0.096) | Loss 2.4920 | Accs(C/F/R): 100.00/56.52/58.59 | Gain +2.07%
2025-11-19 23:58:18,552 - INFO  - Epoch: [193][40/390] | Time 0.081 (0.089) | Loss 2.5498 | Accs(C/F/R): 100.00/55.82/57.83 | Gain +2.01%
2025-11-19 23:58:20,194 - INFO  - Epoch: [193][60/390] | Time 0.082 (0.087) | Loss 2.5683 | Accs(C/F/R): 100.00/55.55/57.40 | Gain +1.85%
2025-11-19 23:58:21,847 - INFO  - Epoch: [193][80/390] | Time 0.082 (0.086) | Loss 2.6146 | Accs(C/F/R): 100.00/54.38/56.16 | Gain +1.79%
2025-11-19 23:58:23,504 - INFO  - Epoch: [193][100/390] | Time 0.082 (0.085) | Loss 2.5728 | Accs(C/F/R): 100.00/54.91/56.75 | Gain +1.84%
2025-11-19 23:58:25,164 - INFO  - Epoch: [193][120/390] | Time 0.082 (0.085) | Loss 2.5260 | Accs(C/F/R): 100.00/55.64/57.68 | Gain +2.03%
2025-11-19 23:58:26,813 - INFO  - Epoch: [193][140/390] | Time 0.084 (0.085) | Loss 2.5282 | Accs(C/F/R): 100.00/55.56/57.58 | Gain +2.02%
2025-11-19 23:58:28,465 - INFO  - Epoch: [193][160/390] | Time 0.081 (0.084) | Loss 2.5155 | Accs(C/F/R): 100.00/55.63/57.70 | Gain +2.06%
2025-11-19 23:58:30,114 - INFO  - Epoch: [193][180/390] | Time 0.082 (0.084) | Loss 2.5020 | Accs(C/F/R): 100.00/56.03/57.98 | Gain +1.95%
2025-11-19 23:58:31,782 - INFO  - Epoch: [193][200/390] | Time 0.082 (0.084) | Loss 2.5392 | Accs(C/F/R): 100.00/55.52/57.59 | Gain +2.07%
2025-11-19 23:58:33,441 - INFO  - Epoch: [193][220/390] | Time 0.084 (0.084) | Loss 2.5420 | Accs(C/F/R): 100.00/55.33/57.40 | Gain +2.07%
2025-11-19 23:58:35,096 - INFO  - Epoch: [193][240/390] | Time 0.082 (0.084) | Loss 2.5254 | Accs(C/F/R): 100.00/55.60/57.55 | Gain +1.95%
2025-11-19 23:58:36,754 - INFO  - Epoch: [193][260/390] | Time 0.081 (0.084) | Loss 2.5580 | Accs(C/F/R): 100.00/55.11/57.02 | Gain +1.91%
2025-11-19 23:58:38,398 - INFO  - Epoch: [193][280/390] | Time 0.082 (0.084) | Loss 2.5749 | Accs(C/F/R): 100.00/54.64/56.57 | Gain +1.93%
2025-11-19 23:58:40,053 - INFO  - Epoch: [193][300/390] | Time 0.085 (0.084) | Loss 2.5592 | Accs(C/F/R): 100.00/54.94/56.86 | Gain +1.92%
2025-11-19 23:58:41,721 - INFO  - Epoch: [193][320/390] | Time 0.085 (0.084) | Loss 2.5378 | Accs(C/F/R): 100.00/55.40/57.30 | Gain +1.91%
2025-11-19 23:58:43,377 - INFO  - Epoch: [193][340/390] | Time 0.084 (0.084) | Loss 2.5389 | Accs(C/F/R): 100.00/55.39/57.29 | Gain +1.91%
2025-11-19 23:58:45,030 - INFO  - Epoch: [193][360/390] | Time 0.082 (0.083) | Loss 2.5464 | Accs(C/F/R): 100.00/55.20/57.08 | Gain +1.88%
2025-11-19 23:58:46,702 - INFO  - Epoch: [193][380/390] | Time 0.082 (0.083) | Loss 2.5428 | Accs(C/F/R): 100.00/55.39/57.27 | Gain +1.88%
2025-11-19 23:58:47,566 - INFO  - Epoch 193: Train Loss (scheduler metric) = 2.5421
2025-11-19 23:58:47,586 - INFO  - ([193] Epoch) Saving checkpoint to:
             Current: /root/autodl-tmp/retraining-free-quantization/training/alexnet_cifar10_sensitive_stage2/alexnet_cifar10_sensitive_stage2_restorer_checkpoint.pth.tar

2025-11-19 23:58:47,586 - INFO  - >>>>>>>> Epoch 194
2025-11-19 23:58:47,586 - INFO  - [Stage2] Using random BER sampling [1e-2, 1e-1] for each batch at epoch 194
2025-11-19 23:58:47,586 - INFO  - Entered Stage 2 Restorer Training mode for epoch 194.
2025-11-19 23:58:49,495 - INFO  - Epoch: [194][20/390] | Time 0.083 (0.095) | Loss 2.7719 | Accs(C/F/R): 100.00/50.98/53.36 | Gain +2.38%
2025-11-19 23:58:51,159 - INFO  - Epoch: [194][40/390] | Time 0.084 (0.089) | Loss 2.8134 | Accs(C/F/R): 100.00/49.28/51.64 | Gain +2.36%
2025-11-19 23:58:52,837 - INFO  - Epoch: [194][60/390] | Time 0.085 (0.087) | Loss 2.7375 | Accs(C/F/R): 100.00/50.92/52.98 | Gain +2.06%
2025-11-19 23:58:54,526 - INFO  - Epoch: [194][80/390] | Time 0.084 (0.087) | Loss 2.6171 | Accs(C/F/R): 100.00/53.78/55.55 | Gain +1.77%
2025-11-19 23:58:56,209 - INFO  - Epoch: [194][100/390] | Time 0.083 (0.086) | Loss 2.5988 | Accs(C/F/R): 100.00/53.95/55.63 | Gain +1.68%
2025-11-19 23:58:57,873 - INFO  - Epoch: [194][120/390] | Time 0.083 (0.086) | Loss 2.5341 | Accs(C/F/R): 100.00/55.21/57.10 | Gain +1.89%
2025-11-19 23:58:59,543 - INFO  - Epoch: [194][140/390] | Time 0.083 (0.085) | Loss 2.5378 | Accs(C/F/R): 100.00/55.22/57.18 | Gain +1.95%
2025-11-19 23:59:01,207 - INFO  - Epoch: [194][160/390] | Time 0.083 (0.085) | Loss 2.5099 | Accs(C/F/R): 100.00/55.81/57.79 | Gain +1.98%
2025-11-19 23:59:02,885 - INFO  - Epoch: [194][180/390] | Time 0.086 (0.085) | Loss 2.5237 | Accs(C/F/R): 100.00/55.74/57.70 | Gain +1.96%
2025-11-19 23:59:04,582 - INFO  - Epoch: [194][200/390] | Time 0.089 (0.085) | Loss 2.5251 | Accs(C/F/R): 100.00/55.73/57.71 | Gain +1.98%
2025-11-19 23:59:06,261 - INFO  - Epoch: [194][220/390] | Time 0.082 (0.085) | Loss 2.5307 | Accs(C/F/R): 100.00/55.58/57.59 | Gain +2.01%
2025-11-19 23:59:07,932 - INFO  - Epoch: [194][240/390] | Time 0.082 (0.085) | Loss 2.5552 | Accs(C/F/R): 100.00/55.12/57.12 | Gain +2.00%
2025-11-19 23:59:09,592 - INFO  - Epoch: [194][260/390] | Time 0.082 (0.085) | Loss 2.5340 | Accs(C/F/R): 100.00/55.45/57.48 | Gain +2.03%
2025-11-19 23:59:11,283 - INFO  - Epoch: [194][280/390] | Time 0.088 (0.085) | Loss 2.5296 | Accs(C/F/R): 100.00/55.43/57.51 | Gain +2.09%
2025-11-19 23:59:12,969 - INFO  - Epoch: [194][300/390] | Time 0.082 (0.085) | Loss 2.5317 | Accs(C/F/R): 100.00/55.44/57.45 | Gain +2.02%
2025-11-19 23:59:14,612 - INFO  - Epoch: [194][320/390] | Time 0.082 (0.084) | Loss 2.5319 | Accs(C/F/R): 100.00/55.37/57.40 | Gain +2.03%
2025-11-19 23:59:16,290 - INFO  - Epoch: [194][340/390] | Time 0.085 (0.084) | Loss 2.5325 | Accs(C/F/R): 100.00/55.30/57.36 | Gain +2.07%
2025-11-19 23:59:17,967 - INFO  - Epoch: [194][360/390] | Time 0.083 (0.084) | Loss 2.5275 | Accs(C/F/R): 100.00/55.36/57.45 | Gain +2.09%
2025-11-19 23:59:19,626 - INFO  - Epoch: [194][380/390] | Time 0.082 (0.084) | Loss 2.5424 | Accs(C/F/R): 100.00/55.10/57.18 | Gain +2.08%
2025-11-19 23:59:20,493 - INFO  - Epoch 194: Train Loss (scheduler metric) = 2.5356
2025-11-19 23:59:20,512 - INFO  - ([194] Epoch) Saving checkpoint to:
             Current: /root/autodl-tmp/retraining-free-quantization/training/alexnet_cifar10_sensitive_stage2/alexnet_cifar10_sensitive_stage2_restorer_checkpoint.pth.tar

2025-11-19 23:59:20,513 - INFO  - >>>>>>>> Epoch 195
2025-11-19 23:59:20,513 - INFO  - [Stage2] Using random BER sampling [1e-2, 1e-1] for each batch at epoch 195
2025-11-19 23:59:20,513 - INFO  - Entered Stage 2 Restorer Training mode for epoch 195.
2025-11-19 23:59:22,419 - INFO  - Epoch: [195][20/390] | Time 0.082 (0.095) | Loss 2.6082 | Accs(C/F/R): 100.00/53.40/55.94 | Gain +2.54%
2025-11-19 23:59:24,066 - INFO  - Epoch: [195][40/390] | Time 0.083 (0.089) | Loss 2.5860 | Accs(C/F/R): 99.98/53.26/55.94 | Gain +2.68%
2025-11-19 23:59:25,713 - INFO  - Epoch: [195][60/390] | Time 0.084 (0.087) | Loss 2.5140 | Accs(C/F/R): 99.99/55.20/57.40 | Gain +2.20%
2025-11-19 23:59:27,372 - INFO  - Epoch: [195][80/390] | Time 0.084 (0.086) | Loss 2.5171 | Accs(C/F/R): 99.99/55.76/57.88 | Gain +2.12%
2025-11-19 23:59:29,033 - INFO  - Epoch: [195][100/390] | Time 0.083 (0.085) | Loss 2.5308 | Accs(C/F/R): 99.99/55.56/57.51 | Gain +1.95%
2025-11-19 23:59:30,690 - INFO  - Epoch: [195][120/390] | Time 0.083 (0.085) | Loss 2.5033 | Accs(C/F/R): 99.99/56.07/57.84 | Gain +1.76%
2025-11-19 23:59:32,364 - INFO  - Epoch: [195][140/390] | Time 0.086 (0.085) | Loss 2.5054 | Accs(C/F/R): 99.99/55.84/57.70 | Gain +1.86%
2025-11-19 23:59:34,018 - INFO  - Epoch: [195][160/390] | Time 0.082 (0.084) | Loss 2.4829 | Accs(C/F/R): 100.00/55.98/57.87 | Gain +1.89%
2025-11-19 23:59:35,698 - INFO  - Epoch: [195][180/390] | Time 0.083 (0.084) | Loss 2.4519 | Accs(C/F/R): 100.00/56.57/58.42 | Gain +1.86%
2025-11-19 23:59:37,379 - INFO  - Epoch: [195][200/390] | Time 0.084 (0.084) | Loss 2.5022 | Accs(C/F/R): 100.00/55.90/57.79 | Gain +1.88%
2025-11-19 23:59:39,043 - INFO  - Epoch: [195][220/390] | Time 0.083 (0.084) | Loss 2.5019 | Accs(C/F/R): 100.00/55.85/57.83 | Gain +1.98%
2025-11-19 23:59:40,718 - INFO  - Epoch: [195][240/390] | Time 0.084 (0.084) | Loss 2.4932 | Accs(C/F/R): 100.00/56.12/58.07 | Gain +1.95%
2025-11-19 23:59:42,393 - INFO  - Epoch: [195][260/390] | Time 0.083 (0.084) | Loss 2.5147 | Accs(C/F/R): 100.00/55.74/57.69 | Gain +1.95%
2025-11-19 23:59:44,066 - INFO  - Epoch: [195][280/390] | Time 0.083 (0.084) | Loss 2.5408 | Accs(C/F/R): 100.00/55.20/57.14 | Gain +1.94%
2025-11-19 23:59:45,716 - INFO  - Epoch: [195][300/390] | Time 0.083 (0.084) | Loss 2.5382 | Accs(C/F/R): 100.00/55.22/57.20 | Gain +1.98%
2025-11-19 23:59:47,394 - INFO  - Epoch: [195][320/390] | Time 0.084 (0.084) | Loss 2.5582 | Accs(C/F/R): 100.00/54.85/56.88 | Gain +2.03%
2025-11-19 23:59:49,065 - INFO  - Epoch: [195][340/390] | Time 0.082 (0.084) | Loss 2.5540 | Accs(C/F/R): 100.00/54.97/56.98 | Gain +2.01%
2025-11-19 23:59:50,779 - INFO  - Epoch: [195][360/390] | Time 0.083 (0.084) | Loss 2.5308 | Accs(C/F/R): 100.00/55.33/57.32 | Gain +1.98%
2025-11-19 23:59:52,460 - INFO  - Epoch: [195][380/390] | Time 0.083 (0.084) | Loss 2.5265 | Accs(C/F/R): 100.00/55.49/57.47 | Gain +1.98%
2025-11-19 23:59:53,337 - INFO  - Epoch 195: Train Loss (scheduler metric) = 2.5145
2025-11-19 23:59:53,358 - INFO  - ([195] Epoch) Saving checkpoint to:
             Current: /root/autodl-tmp/retraining-free-quantization/training/alexnet_cifar10_sensitive_stage2/alexnet_cifar10_sensitive_stage2_restorer_checkpoint.pth.tar

2025-11-19 23:59:53,358 - INFO  - >>>>>>>> Epoch 196
2025-11-19 23:59:53,358 - INFO  - [Stage2] Using random BER sampling [1e-2, 1e-1] for each batch at epoch 196
2025-11-19 23:59:53,358 - INFO  - Entered Stage 2 Restorer Training mode for epoch 196.
2025-11-19 23:59:55,289 - INFO  - Epoch: [196][20/390] | Time 0.082 (0.096) | Loss 2.5156 | Accs(C/F/R): 100.00/55.74/57.73 | Gain +1.99%
2025-11-19 23:59:56,960 - INFO  - Epoch: [196][40/390] | Time 0.082 (0.090) | Loss 2.5842 | Accs(C/F/R): 100.00/53.11/55.29 | Gain +2.19%
2025-11-19 23:59:58,619 - INFO  - Epoch: [196][60/390] | Time 0.082 (0.088) | Loss 2.6268 | Accs(C/F/R): 100.00/52.37/54.21 | Gain +1.84%
2025-11-20 00:00:00,274 - INFO  - Epoch: [196][80/390] | Time 0.082 (0.086) | Loss 2.5884 | Accs(C/F/R): 100.00/53.94/55.91 | Gain +1.97%
2025-11-20 00:00:02,448 - INFO  - Epoch: [196][100/390] | Time 0.082 (0.091) | Loss 2.4791 | Accs(C/F/R): 100.00/55.99/57.84 | Gain +1.84%
2025-11-20 00:00:04,087 - INFO  - Epoch: [196][120/390] | Time 0.082 (0.089) | Loss 2.4442 | Accs(C/F/R): 99.99/56.71/58.48 | Gain +1.77%
2025-11-20 00:00:05,735 - INFO  - Epoch: [196][140/390] | Time 0.082 (0.088) | Loss 2.4865 | Accs(C/F/R): 99.99/55.71/57.45 | Gain +1.74%
2025-11-20 00:00:07,382 - INFO  - Epoch: [196][160/390] | Time 0.082 (0.088) | Loss 2.5009 | Accs(C/F/R): 100.00/55.41/57.25 | Gain +1.85%
2025-11-20 00:00:09,028 - INFO  - Epoch: [196][180/390] | Time 0.083 (0.087) | Loss 2.5241 | Accs(C/F/R): 100.00/54.86/56.74 | Gain +1.88%
2025-11-20 00:00:10,680 - INFO  - Epoch: [196][200/390] | Time 0.083 (0.087) | Loss 2.4895 | Accs(C/F/R): 100.00/55.57/57.46 | Gain +1.89%
2025-11-20 00:00:12,329 - INFO  - Epoch: [196][220/390] | Time 0.082 (0.086) | Loss 2.4572 | Accs(C/F/R): 100.00/56.18/58.11 | Gain +1.93%
2025-11-20 00:00:13,977 - INFO  - Epoch: [196][240/390] | Time 0.082 (0.086) | Loss 2.4737 | Accs(C/F/R): 100.00/55.67/57.69 | Gain +2.01%
2025-11-20 00:00:15,634 - INFO  - Epoch: [196][260/390] | Time 0.085 (0.086) | Loss 2.4771 | Accs(C/F/R): 100.00/55.59/57.60 | Gain +2.01%
2025-11-20 00:00:17,290 - INFO  - Epoch: [196][280/390] | Time 0.082 (0.085) | Loss 2.4862 | Accs(C/F/R): 100.00/55.47/57.47 | Gain +2.00%
2025-11-20 00:00:18,955 - INFO  - Epoch: [196][300/390] | Time 0.082 (0.085) | Loss 2.4966 | Accs(C/F/R): 99.99/55.26/57.20 | Gain +1.94%
2025-11-20 00:00:20,614 - INFO  - Epoch: [196][320/390] | Time 0.082 (0.085) | Loss 2.4951 | Accs(C/F/R): 100.00/55.23/57.09 | Gain +1.86%
2025-11-20 00:00:22,275 - INFO  - Epoch: [196][340/390] | Time 0.082 (0.085) | Loss 2.4793 | Accs(C/F/R): 99.99/55.50/57.43 | Gain +1.93%
2025-11-20 00:00:23,926 - INFO  - Epoch: [196][360/390] | Time 0.082 (0.085) | Loss 2.4669 | Accs(C/F/R): 99.99/55.71/57.62 | Gain +1.91%
2025-11-20 00:00:25,582 - INFO  - Epoch: [196][380/390] | Time 0.084 (0.085) | Loss 2.4598 | Accs(C/F/R): 99.99/55.83/57.76 | Gain +1.93%
2025-11-20 00:00:26,451 - INFO  - Epoch 196: Train Loss (scheduler metric) = 2.4498
2025-11-20 00:00:26,470 - INFO  - ([196] Epoch) Saving checkpoint to:
             Current: /root/autodl-tmp/retraining-free-quantization/training/alexnet_cifar10_sensitive_stage2/alexnet_cifar10_sensitive_stage2_restorer_checkpoint.pth.tar

2025-11-20 00:00:26,471 - INFO  - >>>>>>>> Epoch 197
2025-11-20 00:00:26,471 - INFO  - [Stage2] Using random BER sampling [1e-2, 1e-1] for each batch at epoch 197
2025-11-20 00:00:26,471 - INFO  - Entered Stage 2 Restorer Training mode for epoch 197.
2025-11-20 00:00:28,361 - INFO  - Epoch: [197][20/390] | Time 0.082 (0.094) | Loss 2.5362 | Accs(C/F/R): 99.92/54.77/57.11 | Gain +2.34%
2025-11-20 00:00:30,019 - INFO  - Epoch: [197][40/390] | Time 0.082 (0.089) | Loss 2.5864 | Accs(C/F/R): 99.96/54.41/56.66 | Gain +2.25%
2025-11-20 00:00:31,688 - INFO  - Epoch: [197][60/390] | Time 0.083 (0.087) | Loss 2.6373 | Accs(C/F/R): 99.97/53.18/55.43 | Gain +2.25%
2025-11-20 00:00:33,355 - INFO  - Epoch: [197][80/390] | Time 0.082 (0.086) | Loss 2.6464 | Accs(C/F/R): 99.98/52.89/54.98 | Gain +2.09%
2025-11-20 00:00:35,024 - INFO  - Epoch: [197][100/390] | Time 0.082 (0.086) | Loss 2.6345 | Accs(C/F/R): 99.98/53.30/55.37 | Gain +2.06%
2025-11-20 00:00:36,680 - INFO  - Epoch: [197][120/390] | Time 0.083 (0.085) | Loss 2.6641 | Accs(C/F/R): 99.98/52.98/54.95 | Gain +1.97%
2025-11-20 00:00:38,334 - INFO  - Epoch: [197][140/390] | Time 0.082 (0.085) | Loss 2.6520 | Accs(C/F/R): 99.98/53.17/55.18 | Gain +2.01%
2025-11-20 00:00:39,991 - INFO  - Epoch: [197][160/390] | Time 0.083 (0.084) | Loss 2.6110 | Accs(C/F/R): 99.98/53.85/55.80 | Gain +1.95%
2025-11-20 00:00:41,643 - INFO  - Epoch: [197][180/390] | Time 0.082 (0.084) | Loss 2.6057 | Accs(C/F/R): 99.98/53.92/55.87 | Gain +1.95%
2025-11-20 00:00:43,293 - INFO  - Epoch: [197][200/390] | Time 0.084 (0.084) | Loss 2.6211 | Accs(C/F/R): 99.98/53.66/55.70 | Gain +2.04%
2025-11-20 00:00:44,953 - INFO  - Epoch: [197][220/390] | Time 0.084 (0.084) | Loss 2.6232 | Accs(C/F/R): 99.99/53.70/55.74 | Gain +2.03%
2025-11-20 00:00:46,594 - INFO  - Epoch: [197][240/390] | Time 0.082 (0.084) | Loss 2.6326 | Accs(C/F/R): 99.98/53.47/55.66 | Gain +2.19%
2025-11-20 00:00:48,263 - INFO  - Epoch: [197][260/390] | Time 0.086 (0.084) | Loss 2.6436 | Accs(C/F/R): 99.98/53.33/55.44 | Gain +2.10%
2025-11-20 00:00:49,918 - INFO  - Epoch: [197][280/390] | Time 0.084 (0.084) | Loss 2.6566 | Accs(C/F/R): 99.99/53.10/55.23 | Gain +2.14%
2025-11-20 00:00:51,592 - INFO  - Epoch: [197][300/390] | Time 0.083 (0.084) | Loss 2.6792 | Accs(C/F/R): 99.99/52.75/54.91 | Gain +2.16%
2025-11-20 00:00:53,249 - INFO  - Epoch: [197][320/390] | Time 0.082 (0.084) | Loss 2.6803 | Accs(C/F/R): 99.99/52.69/54.90 | Gain +2.21%
2025-11-20 00:00:54,914 - INFO  - Epoch: [197][340/390] | Time 0.087 (0.084) | Loss 2.6818 | Accs(C/F/R): 99.99/52.57/54.80 | Gain +2.24%
2025-11-20 00:00:56,574 - INFO  - Epoch: [197][360/390] | Time 0.082 (0.084) | Loss 2.6796 | Accs(C/F/R): 99.99/52.63/54.87 | Gain +2.24%
2025-11-20 00:00:58,232 - INFO  - Epoch: [197][380/390] | Time 0.085 (0.084) | Loss 2.6734 | Accs(C/F/R): 99.99/52.74/54.95 | Gain +2.21%
2025-11-20 00:00:59,104 - INFO  - Epoch 197: Train Loss (scheduler metric) = 2.6698
2025-11-20 00:00:59,124 - INFO  - ([197] Epoch) Saving checkpoint to:
             Current: /root/autodl-tmp/retraining-free-quantization/training/alexnet_cifar10_sensitive_stage2/alexnet_cifar10_sensitive_stage2_restorer_checkpoint.pth.tar

2025-11-20 00:00:59,124 - INFO  - >>>>>>>> Epoch 198
2025-11-20 00:00:59,124 - INFO  - [Stage2] Using random BER sampling [1e-2, 1e-1] for each batch at epoch 198
2025-11-20 00:00:59,124 - INFO  - Entered Stage 2 Restorer Training mode for epoch 198.
2025-11-20 00:01:01,034 - INFO  - Epoch: [198][20/390] | Time 0.084 (0.095) | Loss 2.4590 | Accs(C/F/R): 100.00/54.18/56.80 | Gain +2.62%
2025-11-20 00:01:02,708 - INFO  - Epoch: [198][40/390] | Time 0.082 (0.090) | Loss 2.6811 | Accs(C/F/R): 100.00/50.68/53.01 | Gain +2.32%
2025-11-20 00:01:04,369 - INFO  - Epoch: [198][60/390] | Time 0.085 (0.087) | Loss 2.6253 | Accs(C/F/R): 100.00/52.19/54.61 | Gain +2.42%
2025-11-20 00:01:06,005 - INFO  - Epoch: [198][80/390] | Time 0.082 (0.086) | Loss 2.7097 | Accs(C/F/R): 100.00/51.19/53.36 | Gain +2.17%
2025-11-20 00:01:07,642 - INFO  - Epoch: [198][100/390] | Time 0.082 (0.085) | Loss 2.6044 | Accs(C/F/R): 100.00/53.36/55.56 | Gain +2.20%
2025-11-20 00:01:09,277 - INFO  - Epoch: [198][120/390] | Time 0.081 (0.085) | Loss 2.5240 | Accs(C/F/R): 100.00/55.07/57.10 | Gain +2.03%
2025-11-20 00:01:10,907 - INFO  - Epoch: [198][140/390] | Time 0.081 (0.084) | Loss 2.5391 | Accs(C/F/R): 100.00/54.74/56.95 | Gain +2.22%
2025-11-20 00:01:12,543 - INFO  - Epoch: [198][160/390] | Time 0.082 (0.084) | Loss 2.5408 | Accs(C/F/R): 100.00/54.61/56.87 | Gain +2.26%
2025-11-20 00:01:14,182 - INFO  - Epoch: [198][180/390] | Time 0.082 (0.084) | Loss 2.5923 | Accs(C/F/R): 100.00/53.62/55.97 | Gain +2.35%
2025-11-20 00:01:15,826 - INFO  - Epoch: [198][200/390] | Time 0.085 (0.084) | Loss 2.6279 | Accs(C/F/R): 100.00/53.03/55.32 | Gain +2.30%
2025-11-20 00:01:17,483 - INFO  - Epoch: [198][220/390] | Time 0.082 (0.083) | Loss 2.6497 | Accs(C/F/R): 100.00/52.59/54.92 | Gain +2.33%
2025-11-20 00:01:19,157 - INFO  - Epoch: [198][240/390] | Time 0.082 (0.083) | Loss 2.6289 | Accs(C/F/R): 100.00/52.99/55.30 | Gain +2.31%
2025-11-20 00:01:20,821 - INFO  - Epoch: [198][260/390] | Time 0.083 (0.083) | Loss 2.6216 | Accs(C/F/R): 100.00/53.22/55.54 | Gain +2.33%
2025-11-20 00:01:22,485 - INFO  - Epoch: [198][280/390] | Time 0.083 (0.083) | Loss 2.6097 | Accs(C/F/R): 100.00/53.57/55.91 | Gain +2.34%
2025-11-20 00:01:24,146 - INFO  - Epoch: [198][300/390] | Time 0.084 (0.083) | Loss 2.6051 | Accs(C/F/R): 100.00/53.60/55.93 | Gain +2.34%
2025-11-20 00:01:25,811 - INFO  - Epoch: [198][320/390] | Time 0.083 (0.083) | Loss 2.6113 | Accs(C/F/R): 100.00/53.44/55.74 | Gain +2.31%
2025-11-20 00:01:27,469 - INFO  - Epoch: [198][340/390] | Time 0.083 (0.083) | Loss 2.5871 | Accs(C/F/R): 100.00/53.90/56.18 | Gain +2.28%
2025-11-20 00:01:29,135 - INFO  - Epoch: [198][360/390] | Time 0.082 (0.083) | Loss 2.5679 | Accs(C/F/R): 100.00/54.26/56.48 | Gain +2.23%
2025-11-20 00:01:30,792 - INFO  - Epoch: [198][380/390] | Time 0.084 (0.083) | Loss 2.5522 | Accs(C/F/R): 100.00/54.51/56.73 | Gain +2.22%
2025-11-20 00:01:31,666 - INFO  - Epoch 198: Train Loss (scheduler metric) = 2.5592
2025-11-20 00:01:31,686 - INFO  - ([198] Epoch) Saving checkpoint to:
             Current: /root/autodl-tmp/retraining-free-quantization/training/alexnet_cifar10_sensitive_stage2/alexnet_cifar10_sensitive_stage2_restorer_checkpoint.pth.tar

2025-11-20 00:01:31,686 - INFO  - >>>>>>>> Epoch 199
2025-11-20 00:01:31,686 - INFO  - [Stage2] Using random BER sampling [1e-2, 1e-1] for each batch at epoch 199
2025-11-20 00:01:31,686 - INFO  - Entered Stage 2 Restorer Training mode for epoch 199.
2025-11-20 00:01:33,580 - INFO  - Epoch: [199][20/390] | Time 0.082 (0.095) | Loss 2.3756 | Accs(C/F/R): 100.00/58.20/60.66 | Gain +2.46%
2025-11-20 00:01:35,237 - INFO  - Epoch: [199][40/390] | Time 0.083 (0.089) | Loss 2.4046 | Accs(C/F/R): 100.00/57.42/59.49 | Gain +2.07%
2025-11-20 00:01:36,889 - INFO  - Epoch: [199][60/390] | Time 0.084 (0.087) | Loss 2.3670 | Accs(C/F/R): 100.00/57.89/60.10 | Gain +2.21%
2025-11-20 00:01:38,552 - INFO  - Epoch: [199][80/390] | Time 0.084 (0.086) | Loss 2.4655 | Accs(C/F/R): 100.00/55.63/58.02 | Gain +2.38%
2025-11-20 00:01:40,214 - INFO  - Epoch: [199][100/390] | Time 0.081 (0.085) | Loss 2.4813 | Accs(C/F/R): 99.98/55.40/57.74 | Gain +2.34%
2025-11-20 00:01:41,860 - INFO  - Epoch: [199][120/390] | Time 0.082 (0.085) | Loss 2.4628 | Accs(C/F/R): 99.99/55.77/58.13 | Gain +2.36%
2025-11-20 00:01:43,522 - INFO  - Epoch: [199][140/390] | Time 0.082 (0.085) | Loss 2.5025 | Accs(C/F/R): 99.99/55.00/57.41 | Gain +2.41%
2025-11-20 00:01:45,177 - INFO  - Epoch: [199][160/390] | Time 0.082 (0.084) | Loss 2.5373 | Accs(C/F/R): 99.99/54.61/57.11 | Gain +2.50%
2025-11-20 00:01:46,835 - INFO  - Epoch: [199][180/390] | Time 0.083 (0.084) | Loss 2.5427 | Accs(C/F/R): 99.99/54.62/57.04 | Gain +2.42%
2025-11-20 00:01:48,491 - INFO  - Epoch: [199][200/390] | Time 0.085 (0.084) | Loss 2.5271 | Accs(C/F/R): 99.99/54.99/57.41 | Gain +2.42%
2025-11-20 00:01:50,159 - INFO  - Epoch: [199][220/390] | Time 0.082 (0.084) | Loss 2.5096 | Accs(C/F/R): 99.99/55.42/57.76 | Gain +2.34%
2025-11-20 00:01:51,818 - INFO  - Epoch: [199][240/390] | Time 0.082 (0.084) | Loss 2.4942 | Accs(C/F/R): 99.99/55.72/58.05 | Gain +2.33%
2025-11-20 00:01:53,477 - INFO  - Epoch: [199][260/390] | Time 0.085 (0.084) | Loss 2.4952 | Accs(C/F/R): 99.99/55.64/58.04 | Gain +2.40%
2025-11-20 00:01:55,125 - INFO  - Epoch: [199][280/390] | Time 0.082 (0.084) | Loss 2.4953 | Accs(C/F/R): 99.99/55.56/58.00 | Gain +2.44%
2025-11-20 00:01:56,785 - INFO  - Epoch: [199][300/390] | Time 0.084 (0.084) | Loss 2.4969 | Accs(C/F/R): 99.99/55.40/57.79 | Gain +2.39%
2025-11-20 00:01:58,457 - INFO  - Epoch: [199][320/390] | Time 0.085 (0.084) | Loss 2.4933 | Accs(C/F/R): 99.99/55.51/57.91 | Gain +2.40%
2025-11-20 00:02:00,117 - INFO  - Epoch: [199][340/390] | Time 0.082 (0.084) | Loss 2.4703 | Accs(C/F/R): 99.99/55.95/58.32 | Gain +2.37%
2025-11-20 00:02:01,787 - INFO  - Epoch: [199][360/390] | Time 0.087 (0.084) | Loss 2.4680 | Accs(C/F/R): 99.99/56.14/58.48 | Gain +2.34%
2025-11-20 00:02:03,457 - INFO  - Epoch: [199][380/390] | Time 0.084 (0.084) | Loss 2.4682 | Accs(C/F/R): 99.99/56.18/58.51 | Gain +2.32%
2025-11-20 00:02:04,333 - INFO  - Epoch 199: Train Loss (scheduler metric) = 2.4709
2025-11-20 00:02:04,353 - INFO  - ([199] Epoch) Saving checkpoint to:
             Current: /root/autodl-tmp/retraining-free-quantization/training/alexnet_cifar10_sensitive_stage2/alexnet_cifar10_sensitive_stage2_restorer_checkpoint.pth.tar

