2025-12-19 05:45:58,308 - INFO  - Log file for this run: /root/autodl-tmp/retraining-free-quantization/training/resnet18_cifar10_nude_srqat_ls1em05/resnet18_cifar10_nude_srqat_ls1em05.log
2025-12-19 05:45:58,313 - INFO  - TensorBoard data directory: /root/autodl-tmp/retraining-free-quantization/training/resnet18_cifar10_nude_srqat_ls1em05/tb_runs
2025-12-19 05:45:58,313 - INFO  - Code backup completed. Code saved to: /root/autodl-tmp/retraining-free-quantization/training/resnet18_cifar10_nude_srqat_ls1em05/code/.cursor
2025-12-19 05:45:58,313 - INFO  - Code backup completed. Code saved to: /root/autodl-tmp/retraining-free-quantization/training/resnet18_cifar10_nude_srqat_ls1em05/code/.vscode
2025-12-19 05:45:58,313 - INFO  - Code backup completed. Code saved to: /root/autodl-tmp/retraining-free-quantization/training/resnet18_cifar10_nude_srqat_ls1em05/code/activation_dumps/denoise_restorer/clean/clean
2025-12-19 05:45:58,313 - INFO  - Code backup completed. Code saved to: /root/autodl-tmp/retraining-free-quantization/training/resnet18_cifar10_nude_srqat_ls1em05/code/activation_dumps/denoise_restorer/clean
2025-12-19 05:45:58,313 - INFO  - Code backup completed. Code saved to: /root/autodl-tmp/retraining-free-quantization/training/resnet18_cifar10_nude_srqat_ls1em05/code/activation_dumps/denoise_restorer/fault/fault
2025-12-19 05:45:58,313 - INFO  - Code backup completed. Code saved to: /root/autodl-tmp/retraining-free-quantization/training/resnet18_cifar10_nude_srqat_ls1em05/code/activation_dumps/denoise_restorer/fault
2025-12-19 05:45:58,313 - INFO  - Code backup completed. Code saved to: /root/autodl-tmp/retraining-free-quantization/training/resnet18_cifar10_nude_srqat_ls1em05/code/activation_dumps/denoise_restorer
2025-12-19 05:45:58,313 - INFO  - Code backup completed. Code saved to: /root/autodl-tmp/retraining-free-quantization/training/resnet18_cifar10_nude_srqat_ls1em05/code/activation_dumps
2025-12-19 05:45:58,313 - INFO  - Code backup completed. Code saved to: /root/autodl-tmp/retraining-free-quantization/training/resnet18_cifar10_nude_srqat_ls1em05/code/checkpoints
2025-12-19 05:45:58,314 - INFO  - Code backup completed. Code saved to: /root/autodl-tmp/retraining-free-quantization/training/resnet18_cifar10_nude_srqat_ls1em05/code/configs/restorer
2025-12-19 05:45:58,314 - INFO  - Code backup completed. Code saved to: /root/autodl-tmp/retraining-free-quantization/training/resnet18_cifar10_nude_srqat_ls1em05/code/configs
2025-12-19 05:45:58,314 - INFO  - Code backup completed. Code saved to: /root/autodl-tmp/retraining-free-quantization/training/resnet18_cifar10_nude_srqat_ls1em05/code/docs
2025-12-19 05:45:58,314 - INFO  - Code backup completed. Code saved to: /root/autodl-tmp/retraining-free-quantization/training/resnet18_cifar10_nude_srqat_ls1em05/code/layer_profiles
2025-12-19 05:45:58,314 - INFO  - Code backup completed. Code saved to: /root/autodl-tmp/retraining-free-quantization/training/resnet18_cifar10_nude_srqat_ls1em05/code/learning_heads
2025-12-19 05:45:58,314 - INFO  - Code backup completed. Code saved to: /root/autodl-tmp/retraining-free-quantization/training/resnet18_cifar10_nude_srqat_ls1em05/code/logs/restorer_pipeline
2025-12-19 05:45:58,314 - INFO  - Code backup completed. Code saved to: /root/autodl-tmp/retraining-free-quantization/training/resnet18_cifar10_nude_srqat_ls1em05/code/logs/sensitive_layer_sets
2025-12-19 05:45:58,314 - INFO  - Code backup completed. Code saved to: /root/autodl-tmp/retraining-free-quantization/training/resnet18_cifar10_nude_srqat_ls1em05/code/logs
2025-12-19 05:45:58,315 - INFO  - Copied code file: __init__.py
2025-12-19 05:45:58,315 - INFO  - Copied code file: alexnet_cifar.py
2025-12-19 05:45:58,315 - INFO  - Copied code file: mobilenetv2.py
2025-12-19 05:45:58,315 - INFO  - Copied code file: model.py
2025-12-19 05:45:58,315 - INFO  - Copied code file: resnet_cifar.py
2025-12-19 05:45:58,315 - INFO  - Code backup completed. Code saved to: /root/autodl-tmp/retraining-free-quantization/training/resnet18_cifar10_nude_srqat_ls1em05/code/model
2025-12-19 05:45:58,316 - INFO  - Copied code file: __init__.py
2025-12-19 05:45:58,316 - INFO  - Copied code file: lsq.py
2025-12-19 05:45:58,316 - INFO  - Copied code file: quantizer.py
2025-12-19 05:45:58,316 - INFO  - Code backup completed. Code saved to: /root/autodl-tmp/retraining-free-quantization/training/resnet18_cifar10_nude_srqat_ls1em05/code/quan/quantizer
2025-12-19 05:45:58,316 - INFO  - Copied code file: __init__.py
2025-12-19 05:45:58,316 - INFO  - Copied code file: func.py
2025-12-19 05:45:58,316 - INFO  - Copied code file: utils.py
2025-12-19 05:45:58,316 - INFO  - Code backup completed. Code saved to: /root/autodl-tmp/retraining-free-quantization/training/resnet18_cifar10_nude_srqat_ls1em05/code/quan
2025-12-19 05:45:58,316 - INFO  - Code backup completed. Code saved to: /root/autodl-tmp/retraining-free-quantization/training/resnet18_cifar10_nude_srqat_ls1em05/code/sensitive_training/alexnet_cifar10_sensitive_stage2/tb_runs
2025-12-19 05:45:58,317 - INFO  - Code backup completed. Code saved to: /root/autodl-tmp/retraining-free-quantization/training/resnet18_cifar10_nude_srqat_ls1em05/code/sensitive_training/alexnet_cifar10_sensitive_stage2
2025-12-19 05:45:58,317 - INFO  - Code backup completed. Code saved to: /root/autodl-tmp/retraining-free-quantization/training/resnet18_cifar10_nude_srqat_ls1em05/code/sensitive_training/alexnet_cifar10_sensitive_stage2_transformer/tb_runs
2025-12-19 05:45:58,317 - INFO  - Code backup completed. Code saved to: /root/autodl-tmp/retraining-free-quantization/training/resnet18_cifar10_nude_srqat_ls1em05/code/sensitive_training/alexnet_cifar10_sensitive_stage2_transformer
2025-12-19 05:45:58,317 - INFO  - Code backup completed. Code saved to: /root/autodl-tmp/retraining-free-quantization/training/resnet18_cifar10_nude_srqat_ls1em05/code/sensitive_training
2025-12-19 05:45:58,317 - INFO  - Copied code file: analyze_corrector_logits.py
2025-12-19 05:45:58,317 - INFO  - Copied code file: analyze_fault_propagation.py
2025-12-19 05:45:58,317 - INFO  - Copied code file: analyze_layer_sensitivity.py
2025-12-19 05:45:58,318 - INFO  - Copied code file: test_fault_injection_baseline_resnet18.py
2025-12-19 05:45:58,318 - INFO  - Copied code file: analyze_multi_bit_sensitivity.py
2025-12-19 05:45:58,318 - INFO  - Copied code file: analyze_single_layer_fault_impact.py
2025-12-19 05:45:58,318 - INFO  - Copied code file: calculate_weight_flip_probability.py
2025-12-19 05:45:58,318 - INFO  - Copied code file: collect_layer_statistics.py
2025-12-19 05:45:58,318 - INFO  - Copied code file: diagnose_corrector_gap.py
2025-12-19 05:45:58,318 - INFO  - Copied code file: sweep_srqat.py
2025-12-19 05:45:58,319 - INFO  - Copied code file: eval_gradient_statistics_restorer.py
2025-12-19 05:45:58,319 - INFO  - Copied code file: eval_sensitive_layer_sets.py
2025-12-19 05:45:58,319 - INFO  - Copied code file: eval_sensitive_restorer.py
2025-12-19 05:45:58,319 - INFO  - Copied code file: eval_with_fault_injection.py
2025-12-19 05:45:58,319 - INFO  - Copied code file: compare_lsq_scales_with_checkpoint.py
2025-12-19 05:45:58,319 - INFO  - Copied code file: test_fault_injector.py
2025-12-19 05:45:58,320 - INFO  - Copied code file: analyze_srqat_scale_weight_norms.py
2025-12-19 05:45:58,320 - INFO  - Copied code file: test_gray_code_fault_injection.py
2025-12-19 05:45:58,320 - INFO  - Copied code file: test_olm_fault_injection.py
2025-12-19 05:45:58,320 - INFO  - Copied code file: export_srqat_penalty_stats.py
2025-12-19 05:45:58,320 - INFO  - Copied code file: train_learning_repair_head.py
2025-12-19 05:45:58,320 - INFO  - Copied code file: train_olm_encoder.py
2025-12-19 05:45:58,320 - INFO  - Copied code file: plot_weight_distribution_violin.py
2025-12-19 05:45:58,321 - INFO  - Copied code file: train_sensitive_repair_head.py
2025-12-19 05:45:58,321 - INFO  - Copied code file: visualize_fault_activation.py
2025-12-19 05:45:58,321 - INFO  - Copied code file: test_learnable_olm_vs_traditional_olm.py
2025-12-19 05:45:58,321 - INFO  - Copied code file: test_fault_injection_baseline.py
2025-12-19 05:45:58,321 - INFO  - Copied code file: analyze_olm_differences.py
2025-12-19 05:45:58,321 - INFO  - Copied code file: test_learnable_olm_consistency.py
2025-12-19 05:45:58,321 - INFO  - Copied code file: test_search_olm_from_checkpoint.py
2025-12-19 05:45:58,322 - INFO  - Copied code file: test_olm_layer_name_check.py
2025-12-19 05:45:58,322 - INFO  - Copied code file: compare_old_new_fault_injector.py
2025-12-19 05:45:58,322 - INFO  - Copied code file: verify_dec2_fault_injector.py
2025-12-19 05:45:58,322 - INFO  - Copied code file: verify_dec2_olm_fault_injection.py
2025-12-19 05:45:58,322 - INFO  - Copied code file: train_olm_encoder_improved.py
2025-12-19 05:45:58,322 - INFO  - Copied code file: train_olm_encoder_improved_v2.py
2025-12-19 05:45:58,323 - INFO  - Copied code file: train_olm_encoder_enhanced.py
2025-12-19 05:45:58,323 - INFO  - Copied code file: compare_olm_vs_gray_code.py
2025-12-19 05:45:58,323 - INFO  - Copied code file: test_bit_range_fault_injection.py
2025-12-19 05:45:58,323 - INFO  - Copied code file: train_olm_encoder_partial_bits.py
2025-12-19 05:45:58,323 - INFO  - Copied code file: test_bit7_flip_direction.py
2025-12-19 05:45:58,323 - INFO  - Copied code file: train_olm_encoder_hybrid.py
2025-12-19 05:45:58,323 - INFO  - Copied code file: train_olm_encoder_hybrid_v2.py
2025-12-19 05:45:58,324 - INFO  - Copied code file: test_hybrid_olm_fault_injection.py
2025-12-19 05:45:58,324 - INFO  - Copied code file: analyze_layerwise_activation_drift.py
2025-12-19 05:45:58,324 - INFO  - Copied code file: compare_models_activation_drift.py
2025-12-19 05:45:58,324 - INFO  - Copied code file: sweep_resnet18_srqat.py
2025-12-19 05:45:58,324 - INFO  - Copied code file: plot_activation_drift_paper.py
2025-12-19 05:45:58,324 - INFO  - Code backup completed. Code saved to: /root/autodl-tmp/retraining-free-quantization/training/resnet18_cifar10_nude_srqat_ls1em05/code/tools
2025-12-19 05:45:58,324 - INFO  - Copied code file: __init__.py
2025-12-19 05:45:58,325 - INFO  - Copied code file: bsam.py
2025-12-19 05:45:58,325 - INFO  - Copied code file: checkpoint.py
2025-12-19 05:45:58,325 - INFO  - Copied code file: config.py
2025-12-19 05:45:58,325 - INFO  - Copied code file: data_loader.py
2025-12-19 05:45:58,325 - INFO  - Copied code file: dist.py
2025-12-19 05:45:58,325 - INFO  - Copied code file: enhanced_feature_extractor.py
2025-12-19 05:45:58,325 - INFO  - Copied code file: olm_encoder_enhanced.py
2025-12-19 05:45:58,326 - INFO  - Copied code file: gradient_statistics_restorer.py
2025-12-19 05:45:58,326 - INFO  - Copied code file: greedy_search.py
2025-12-19 05:45:58,326 - INFO  - Copied code file: intermediate_layer_restorer.py
2025-12-19 05:45:58,326 - INFO  - Copied code file: intermediate_restorer_integration.py
2025-12-19 05:45:58,326 - INFO  - Copied code file: intermediate_restorer_trainer.py
2025-12-19 05:45:58,326 - INFO  - Copied code file: layerwise_rl_restorer.py
2025-12-19 05:45:58,326 - INFO  - Copied code file: loss_ops.py
2025-12-19 05:45:58,327 - INFO  - Copied code file: lsq_sam.py
2025-12-19 05:45:58,327 - INFO  - Copied code file: model_ema.py
2025-12-19 05:45:58,327 - INFO  - Copied code file: monitor.py
2025-12-19 05:45:58,327 - INFO  - Copied code file: mpq.py
2025-12-19 05:45:58,327 - INFO  - Copied code file: olm_encoder.py
2025-12-19 05:45:58,327 - INFO  - Copied code file: output_corrector.py
2025-12-19 05:45:58,327 - INFO  - Copied code file: progressive_ber_scheduler.py
2025-12-19 05:45:58,328 - INFO  - Copied code file: qat.py
2025-12-19 05:45:58,328 - INFO  - Copied code file: random_search.py
2025-12-19 05:45:58,328 - INFO  - Copied code file: rl_intermediate_layer_restorer.py
2025-12-19 05:45:58,328 - INFO  - Copied code file: rl_intermediate_restorer_integration.py
2025-12-19 05:45:58,328 - INFO  - Copied code file: rl_restorer.py
2025-12-19 05:45:58,328 - INFO  - Copied code file: rl_restorer_integration.py
2025-12-19 05:45:58,328 - INFO  - Copied code file: rl_restorer_lightweight.py
2025-12-19 05:45:58,329 - INFO  - Copied code file: rl_restorer_trainer.py
2025-12-19 05:45:58,329 - INFO  - Copied code file: searcher.py
2025-12-19 05:45:58,329 - INFO  - Copied code file: sensitive_features.py
2025-12-19 05:45:58,329 - INFO  - Copied code file: sensitive_layer_restorer.py
2025-12-19 05:45:58,329 - INFO  - Copied code file: sensitive_restorer.py
2025-12-19 05:45:58,329 - INFO  - Copied code file: sensitive_restorer_transformer.py
2025-12-19 05:45:58,329 - INFO  - Copied code file: sensitive_restorer_v2.py
2025-12-19 05:45:58,330 - INFO  - Copied code file: utils.py
2025-12-19 05:45:58,330 - INFO  - Copied code file: weight_schd.py
2025-12-19 05:45:58,330 - INFO  - Copied code file: learnable_olm.py
2025-12-19 05:45:58,330 - INFO  - Copied code file: integer_inn_encoder.py
2025-12-19 05:45:58,330 - INFO  - Copied code file: search_olm_manager.py
2025-12-19 05:45:58,330 - INFO  - Copied code file: hybrid_olm_optimizer.py
2025-12-19 05:45:58,330 - INFO  - Copied code file: efficient_hybrid_olm_optimizer.py
2025-12-19 05:45:58,331 - INFO  - Copied code file: fault_injector_question.py
2025-12-19 05:45:58,331 - INFO  - Copied code file: fault_injector.py
2025-12-19 05:45:58,331 - INFO  - Copied code file: improved_olm_encoder.py
2025-12-19 05:45:58,331 - INFO  - Copied code file: improved_olm_encoder_v2.py
2025-12-19 05:45:58,331 - INFO  - Copied code file: improved_olm_encoder_genetic.py
2025-12-19 05:45:58,331 - INFO  - Code backup completed. Code saved to: /root/autodl-tmp/retraining-free-quantization/training/resnet18_cifar10_nude_srqat_ls1em05/code/util
2025-12-19 05:45:58,331 - INFO  - Code backup completed. Code saved to: /root/autodl-tmp/retraining-free-quantization/training/resnet18_cifar10_nude_srqat_ls1em05/code/visualizations/fault_activation_features_0
2025-12-19 05:45:58,332 - INFO  - Code backup completed. Code saved to: /root/autodl-tmp/retraining-free-quantization/training/resnet18_cifar10_nude_srqat_ls1em05/code/visualizations/fault_activation_features_0_ber1e1
2025-12-19 05:45:58,332 - INFO  - Code backup completed. Code saved to: /root/autodl-tmp/retraining-free-quantization/training/resnet18_cifar10_nude_srqat_ls1em05/code/visualizations
2025-12-19 05:45:58,332 - INFO  - Copied code file: main.py
2025-12-19 05:45:58,332 - INFO  - Copied code file: policy.py
2025-12-19 05:45:58,332 - INFO  - Copied code file: compare_scripts.py
2025-12-19 05:45:58,332 - INFO  - Code backup completed. Code saved to: /root/autodl-tmp/retraining-free-quantization/training/resnet18_cifar10_nude_srqat_ls1em05/code/chat
2025-12-19 05:45:58,332 - INFO  - Copied code file: process_sam.py
2025-12-19 05:45:58,333 - INFO  - Copied code file: process.py
2025-12-19 05:45:58,333 - INFO  - Copied code file: FAULT_INJECTION_SIMPLE_EXAMPLE.py
2025-12-19 05:45:58,333 - INFO  - Copied code file: analyze_bit_width_impact.py
2025-12-19 05:45:58,333 - INFO  - Copied code file: evolution_search.py
2025-12-19 05:45:58,333 - INFO  - Copied code file: analyze_w2a6_real_reason.py
2025-12-19 05:45:58,334 - INFO  - Copied code file: analyze_w2a6_slowdown.py
2025-12-19 05:45:58,334 - INFO  - Copied code file: debug_fault_injection_detailed.py
2025-12-19 05:45:58,334 - INFO  - Copied code file: example_enhanced_features.py
2025-12-19 05:45:58,334 - INFO  - Copied code file: example_rl_restorer.py
2025-12-19 05:45:58,334 - INFO  - Copied code file: example_rl_restorer_integration.py
2025-12-19 05:45:58,334 - INFO  - Copied code file: quick_test_gradient_restorer.py
2025-12-19 05:45:58,335 - INFO  - Copied code file: process_olm_fat.py
2025-12-19 05:45:58,335 - INFO  - Copied code file: process_normal.py
2025-12-19 05:45:58,335 - INFO  - Copied code file: main_normal.py
2025-12-19 05:45:58,335 - INFO  - Copied code file: test_ber_verification.py
2025-12-19 05:45:58,335 - INFO  - Copied code file: test_fault_injection_debug.py
2025-12-19 05:45:58,335 - INFO  - Copied code file: test_fault_injection_seed_logic.py
2025-12-19 05:45:58,336 - INFO  - Copied code file: test_fault_injection_verbose.py
2025-12-19 05:45:58,336 - INFO  - Copied code file: test_gradient_preservation.py
2025-12-19 05:45:58,336 - INFO  - Copied code file: test_json_config_loading.py
2025-12-19 05:45:58,336 - INFO  - Copied code file: main_olm_fat.py
2025-12-19 05:45:58,336 - INFO  - Copied code file: train_rl_restorer_with_enhanced_features.py
2025-12-19 05:45:58,336 - INFO  - Copied code file: train_sensitive_restorer.py
2025-12-19 05:45:58,337 - INFO  - Copied code file: train_sensitive_restorer_distill.py
2025-12-19 05:45:58,337 - INFO  - Copied code file: process_nude.py
2025-12-19 05:45:58,337 - INFO  - Copied code file: main_nude.py
2025-12-19 05:45:58,337 - INFO  - Code backup completed. Code saved to: /root/autodl-tmp/retraining-free-quantization/training/resnet18_cifar10_nude_srqat_ls1em05/code/analysis/clean120_drift
2025-12-19 05:45:58,337 - INFO  - Code backup completed. Code saved to: /root/autodl-tmp/retraining-free-quantization/training/resnet18_cifar10_nude_srqat_ls1em05/code/analysis/srqat_drift
2025-12-19 05:45:58,337 - INFO  - Code backup completed. Code saved to: /root/autodl-tmp/retraining-free-quantization/training/resnet18_cifar10_nude_srqat_ls1em05/code/analysis/comparison
2025-12-19 05:45:58,337 - INFO  - Code backup completed. Code saved to: /root/autodl-tmp/retraining-free-quantization/training/resnet18_cifar10_nude_srqat_ls1em05/code/analysis/srqat_ls0_drift
2025-12-19 05:45:58,337 - INFO  - Code backup completed. Code saved to: /root/autodl-tmp/retraining-free-quantization/training/resnet18_cifar10_nude_srqat_ls1em05/code/analysis/comparison_srqat
2025-12-19 05:45:58,338 - INFO  - Code backup completed. Code saved to: /root/autodl-tmp/retraining-free-quantization/training/resnet18_cifar10_nude_srqat_ls1em05/code/analysis/paper_figs
2025-12-19 05:45:58,338 - INFO  - Code backup completed. Code saved to: /root/autodl-tmp/retraining-free-quantization/training/resnet18_cifar10_nude_srqat_ls1em05/code/analysis
2025-12-19 05:45:58,338 - INFO  - Code backup completed. Code saved to: /root/autodl-tmp/retraining-free-quantization/training/resnet18_cifar10_nude_srqat_ls1em05/code
2025-12-19 05:45:58,339 - INFO  - [NUDE+SRQAT] SR-QAT enabled with lambda_scale=1e-05
2025-12-19 05:45:58,526 - INFO  - Created `resnet18` model for `cifar10` dataset (num_classes=10)
          Use pre-trained model = False
2025-12-19 05:46:01,091 - INFO  - [NUDE] Force training only max(target_bits)=6 (no nr_random_sample)
2025-12-19 05:46:01,102 - INFO  - [NUDE] Epoch 0: force max bit-width W/A = 6
2025-12-19 05:46:05,577 - INFO  - [NUDE][TRAIN] Epoch 0/120 Iter 20/390 Loss 5.2526 Top1 11.17 Top5 52.62
2025-12-19 05:46:09,026 - INFO  - [NUDE][TRAIN] Epoch 0/120 Iter 40/390 Loss 3.7579 Top1 13.95 Top5 58.09
2025-12-19 05:46:12,577 - INFO  - [NUDE][TRAIN] Epoch 0/120 Iter 60/390 Loss 3.2166 Top1 15.51 Top5 63.88
2025-12-19 05:46:16,032 - INFO  - [NUDE][TRAIN] Epoch 0/120 Iter 80/390 Loss 2.9234 Top1 17.33 Top5 67.53
2025-12-19 05:46:19,609 - INFO  - [NUDE][TRAIN] Epoch 0/120 Iter 100/390 Loss 2.7400 Top1 18.83 Top5 69.85
2025-12-19 05:46:23,134 - INFO  - [NUDE][TRAIN] Epoch 0/120 Iter 120/390 Loss 2.6028 Top1 20.08 Top5 72.17
2025-12-19 05:46:26,595 - INFO  - [NUDE][TRAIN] Epoch 0/120 Iter 140/390 Loss 2.5001 Top1 21.19 Top5 73.91
2025-12-19 05:46:30,125 - INFO  - [NUDE][TRAIN] Epoch 0/120 Iter 160/390 Loss 2.4131 Top1 22.39 Top5 75.39
2025-12-19 05:46:33,579 - INFO  - [NUDE][TRAIN] Epoch 0/120 Iter 180/390 Loss 2.3423 Top1 23.45 Top5 76.54
2025-12-19 05:46:37,111 - INFO  - [NUDE][TRAIN] Epoch 0/120 Iter 200/390 Loss 2.2860 Top1 24.45 Top5 77.56
2025-12-19 05:46:40,621 - INFO  - [NUDE][TRAIN] Epoch 0/120 Iter 220/390 Loss 2.2390 Top1 25.13 Top5 78.36
2025-12-19 05:46:43,996 - INFO  - [NUDE][TRAIN] Epoch 0/120 Iter 240/390 Loss 2.1951 Top1 25.99 Top5 79.14
2025-12-19 05:46:47,372 - INFO  - [NUDE][TRAIN] Epoch 0/120 Iter 260/390 Loss 2.1580 Top1 26.62 Top5 79.86
2025-12-19 05:46:50,889 - INFO  - [NUDE][TRAIN] Epoch 0/120 Iter 280/390 Loss 2.1260 Top1 27.14 Top5 80.51
2025-12-19 05:46:54,393 - INFO  - [NUDE][TRAIN] Epoch 0/120 Iter 300/390 Loss 2.0942 Top1 27.86 Top5 81.08
2025-12-19 05:46:57,872 - INFO  - [NUDE][TRAIN] Epoch 0/120 Iter 320/390 Loss 2.0631 Top1 28.57 Top5 81.64
2025-12-19 05:47:01,445 - INFO  - [NUDE][TRAIN] Epoch 0/120 Iter 340/390 Loss 2.0385 Top1 29.10 Top5 82.11
2025-12-19 05:47:04,929 - INFO  - [NUDE][TRAIN] Epoch 0/120 Iter 360/390 Loss 2.0141 Top1 29.70 Top5 82.58
2025-12-19 05:47:08,529 - INFO  - [NUDE][TRAIN] Epoch 0/120 Iter 380/390 Loss 1.9921 Top1 30.24 Top5 82.97
2025-12-19 05:47:10,276 - INFO  - [NUDE] Validate: force max bit-width W/A = 6
2025-12-19 05:47:12,544 - INFO  - [NUDE][EPOCH] 0/120 Train: Top1=30.44 Top5=83.17 Loss=1.9827 | Val(EMA): Top1=9.99
2025-12-19 05:47:13,009 - INFO  - ([1] Epoch) Saving checkpoint to:
             Current: /root/autodl-tmp/retraining-free-quantization/training/resnet18_cifar10_nude_srqat_ls1em05/resnet18_cifar10_nude_srqat_ls1em05_checkpoint.pth.tar

2025-12-19 05:47:13,019 - INFO  - [NUDE] Epoch 1: force max bit-width W/A = 6
2025-12-19 05:47:16,831 - INFO  - [NUDE][TRAIN] Epoch 1/120 Iter 20/390 Loss 1.5667 Top1 42.34 Top5 90.39
2025-12-19 05:47:20,369 - INFO  - [NUDE][TRAIN] Epoch 1/120 Iter 40/390 Loss 1.5480 Top1 42.07 Top5 90.90
2025-12-19 05:47:23,827 - INFO  - [NUDE][TRAIN] Epoch 1/120 Iter 60/390 Loss 1.5405 Top1 42.53 Top5 90.91
2025-12-19 05:47:27,390 - INFO  - [NUDE][TRAIN] Epoch 1/120 Iter 80/390 Loss 1.5356 Top1 42.92 Top5 91.11
2025-12-19 05:47:30,840 - INFO  - [NUDE][TRAIN] Epoch 1/120 Iter 100/390 Loss 1.5371 Top1 42.76 Top5 90.98
2025-12-19 05:47:34,348 - INFO  - [NUDE][TRAIN] Epoch 1/120 Iter 120/390 Loss 1.5325 Top1 43.03 Top5 91.11
2025-12-19 05:47:37,771 - INFO  - [NUDE][TRAIN] Epoch 1/120 Iter 140/390 Loss 1.5262 Top1 43.31 Top5 91.19
2025-12-19 05:47:41,319 - INFO  - [NUDE][TRAIN] Epoch 1/120 Iter 160/390 Loss 1.5215 Top1 43.61 Top5 91.29
2025-12-19 05:47:44,761 - INFO  - [NUDE][TRAIN] Epoch 1/120 Iter 180/390 Loss 1.5142 Top1 43.80 Top5 91.42
2025-12-19 05:47:48,265 - INFO  - [NUDE][TRAIN] Epoch 1/120 Iter 200/390 Loss 1.5082 Top1 44.13 Top5 91.55
2025-12-19 05:47:51,724 - INFO  - [NUDE][TRAIN] Epoch 1/120 Iter 220/390 Loss 1.4996 Top1 44.57 Top5 91.63
2025-12-19 05:47:55,265 - INFO  - [NUDE][TRAIN] Epoch 1/120 Iter 240/390 Loss 1.4924 Top1 44.84 Top5 91.71
2025-12-19 05:47:58,788 - INFO  - [NUDE][TRAIN] Epoch 1/120 Iter 260/390 Loss 1.4846 Top1 45.15 Top5 91.86
2025-12-19 05:48:02,220 - INFO  - [NUDE][TRAIN] Epoch 1/120 Iter 280/390 Loss 1.4790 Top1 45.37 Top5 91.96
2025-12-19 05:48:05,796 - INFO  - [NUDE][TRAIN] Epoch 1/120 Iter 300/390 Loss 1.4730 Top1 45.65 Top5 92.02
2025-12-19 05:48:09,222 - INFO  - [NUDE][TRAIN] Epoch 1/120 Iter 320/390 Loss 1.4666 Top1 45.88 Top5 92.11
2025-12-19 05:48:12,779 - INFO  - [NUDE][TRAIN] Epoch 1/120 Iter 340/390 Loss 1.4598 Top1 46.21 Top5 92.19
2025-12-19 05:48:16,203 - INFO  - [NUDE][TRAIN] Epoch 1/120 Iter 360/390 Loss 1.4531 Top1 46.48 Top5 92.26
2025-12-19 05:48:19,711 - INFO  - [NUDE][TRAIN] Epoch 1/120 Iter 380/390 Loss 1.4462 Top1 46.82 Top5 92.33
2025-12-19 05:48:21,457 - INFO  - [NUDE] Validate: force max bit-width W/A = 6
2025-12-19 05:48:23,721 - INFO  - [NUDE][EPOCH] 1/120 Train: Top1=47.00 Top5=92.39 Loss=1.4416 | Val(EMA): Top1=10.00
2025-12-19 05:48:24,298 - INFO  - ([2] Epoch) Saving checkpoint to:
             Current: /root/autodl-tmp/retraining-free-quantization/training/resnet18_cifar10_nude_srqat_ls1em05/resnet18_cifar10_nude_srqat_ls1em05_checkpoint.pth.tar

2025-12-19 05:48:24,309 - INFO  - [NUDE] Epoch 2: force max bit-width W/A = 6
2025-12-19 05:48:28,038 - INFO  - [NUDE][TRAIN] Epoch 2/120 Iter 20/390 Loss 1.2868 Top1 53.20 Top5 94.06
2025-12-19 05:48:31,508 - INFO  - [NUDE][TRAIN] Epoch 2/120 Iter 40/390 Loss 1.2806 Top1 53.63 Top5 94.04
2025-12-19 05:48:34,865 - INFO  - [NUDE][TRAIN] Epoch 2/120 Iter 60/390 Loss 1.2745 Top1 53.89 Top5 94.23
2025-12-19 05:48:38,327 - INFO  - [NUDE][TRAIN] Epoch 2/120 Iter 80/390 Loss 1.2683 Top1 54.02 Top5 94.17
2025-12-19 05:48:41,711 - INFO  - [NUDE][TRAIN] Epoch 2/120 Iter 100/390 Loss 1.2658 Top1 54.25 Top5 94.19
2025-12-19 05:48:45,230 - INFO  - [NUDE][TRAIN] Epoch 2/120 Iter 120/390 Loss 1.2553 Top1 54.52 Top5 94.40
2025-12-19 05:48:48,690 - INFO  - [NUDE][TRAIN] Epoch 2/120 Iter 140/390 Loss 1.2488 Top1 54.74 Top5 94.56
2025-12-19 05:48:52,304 - INFO  - [NUDE][TRAIN] Epoch 2/120 Iter 160/390 Loss 1.2374 Top1 55.20 Top5 94.64
2025-12-19 05:48:55,740 - INFO  - [NUDE][TRAIN] Epoch 2/120 Iter 180/390 Loss 1.2271 Top1 55.49 Top5 94.75
2025-12-19 05:48:59,272 - INFO  - [NUDE][TRAIN] Epoch 2/120 Iter 200/390 Loss 1.2194 Top1 55.70 Top5 94.87
2025-12-19 05:49:02,718 - INFO  - [NUDE][TRAIN] Epoch 2/120 Iter 220/390 Loss 1.2122 Top1 56.19 Top5 94.95
2025-12-19 05:49:06,265 - INFO  - [NUDE][TRAIN] Epoch 2/120 Iter 240/390 Loss 1.2029 Top1 56.54 Top5 95.05
2025-12-19 05:49:09,779 - INFO  - [NUDE][TRAIN] Epoch 2/120 Iter 260/390 Loss 1.1938 Top1 56.84 Top5 95.17
2025-12-19 05:49:13,195 - INFO  - [NUDE][TRAIN] Epoch 2/120 Iter 280/390 Loss 1.1889 Top1 56.99 Top5 95.21
2025-12-19 05:49:16,802 - INFO  - [NUDE][TRAIN] Epoch 2/120 Iter 300/390 Loss 1.1829 Top1 57.17 Top5 95.26
2025-12-19 05:49:20,223 - INFO  - [NUDE][TRAIN] Epoch 2/120 Iter 320/390 Loss 1.1778 Top1 57.36 Top5 95.30
2025-12-19 05:49:23,785 - INFO  - [NUDE][TRAIN] Epoch 2/120 Iter 340/390 Loss 1.1730 Top1 57.53 Top5 95.33
2025-12-19 05:49:27,208 - INFO  - [NUDE][TRAIN] Epoch 2/120 Iter 360/390 Loss 1.1675 Top1 57.76 Top5 95.37
2025-12-19 05:49:30,725 - INFO  - [NUDE][TRAIN] Epoch 2/120 Iter 380/390 Loss 1.1613 Top1 58.00 Top5 95.43
2025-12-19 05:49:32,485 - INFO  - [NUDE] Validate: force max bit-width W/A = 6
2025-12-19 05:49:34,752 - INFO  - [NUDE][EPOCH] 2/120 Train: Top1=58.10 Top5=95.48 Loss=1.1584 | Val(EMA): Top1=10.00
2025-12-19 05:49:35,329 - INFO  - ([3] Epoch) Saving checkpoint to:
             Current: /root/autodl-tmp/retraining-free-quantization/training/resnet18_cifar10_nude_srqat_ls1em05/resnet18_cifar10_nude_srqat_ls1em05_checkpoint.pth.tar

2025-12-19 05:49:35,339 - INFO  - [NUDE] Epoch 3: force max bit-width W/A = 6
2025-12-19 05:49:39,096 - INFO  - [NUDE][TRAIN] Epoch 3/120 Iter 20/390 Loss 1.0144 Top1 64.65 Top5 96.91
2025-12-19 05:49:42,604 - INFO  - [NUDE][TRAIN] Epoch 3/120 Iter 40/390 Loss 1.0282 Top1 63.28 Top5 96.86
2025-12-19 05:49:46,089 - INFO  - [NUDE][TRAIN] Epoch 3/120 Iter 60/390 Loss 1.0211 Top1 63.61 Top5 96.61
2025-12-19 05:49:49,587 - INFO  - [NUDE][TRAIN] Epoch 3/120 Iter 80/390 Loss 1.0193 Top1 63.76 Top5 96.60
2025-12-19 05:49:53,157 - INFO  - [NUDE][TRAIN] Epoch 3/120 Iter 100/390 Loss 1.0166 Top1 63.99 Top5 96.70
2025-12-19 05:49:56,701 - INFO  - [NUDE][TRAIN] Epoch 3/120 Iter 120/390 Loss 1.0077 Top1 64.23 Top5 96.78
2025-12-19 05:50:00,157 - INFO  - [NUDE][TRAIN] Epoch 3/120 Iter 140/390 Loss 1.0010 Top1 64.49 Top5 96.77
2025-12-19 05:50:03,725 - INFO  - [NUDE][TRAIN] Epoch 3/120 Iter 160/390 Loss 0.9936 Top1 64.71 Top5 96.82
2025-12-19 05:50:07,221 - INFO  - [NUDE][TRAIN] Epoch 3/120 Iter 180/390 Loss 0.9876 Top1 64.79 Top5 96.88
2025-12-19 05:50:10,776 - INFO  - [NUDE][TRAIN] Epoch 3/120 Iter 200/390 Loss 0.9855 Top1 65.04 Top5 96.82
2025-12-19 05:50:14,216 - INFO  - [NUDE][TRAIN] Epoch 3/120 Iter 220/390 Loss 0.9800 Top1 65.21 Top5 96.89
2025-12-19 05:50:17,720 - INFO  - [NUDE][TRAIN] Epoch 3/120 Iter 240/390 Loss 0.9786 Top1 65.29 Top5 96.90
2025-12-19 05:50:21,173 - INFO  - [NUDE][TRAIN] Epoch 3/120 Iter 260/390 Loss 0.9761 Top1 65.38 Top5 96.91
2025-12-19 05:50:24,548 - INFO  - [NUDE][TRAIN] Epoch 3/120 Iter 280/390 Loss 0.9719 Top1 65.58 Top5 96.97
2025-12-19 05:50:27,919 - INFO  - [NUDE][TRAIN] Epoch 3/120 Iter 300/390 Loss 0.9652 Top1 65.80 Top5 96.99
2025-12-19 05:50:31,430 - INFO  - [NUDE][TRAIN] Epoch 3/120 Iter 320/390 Loss 0.9612 Top1 65.90 Top5 97.03
2025-12-19 05:50:34,932 - INFO  - [NUDE][TRAIN] Epoch 3/120 Iter 340/390 Loss 0.9575 Top1 66.03 Top5 97.04
2025-12-19 05:50:38,386 - INFO  - [NUDE][TRAIN] Epoch 3/120 Iter 360/390 Loss 0.9534 Top1 66.23 Top5 97.05
2025-12-19 05:50:41,890 - INFO  - [NUDE][TRAIN] Epoch 3/120 Iter 380/390 Loss 0.9493 Top1 66.43 Top5 97.05
2025-12-19 05:50:43,663 - INFO  - [NUDE] Validate: force max bit-width W/A = 6
2025-12-19 05:50:46,000 - INFO  - [NUDE][EPOCH] 3/120 Train: Top1=66.52 Top5=97.06 Loss=0.9480 | Val(EMA): Top1=10.00
2025-12-19 05:50:46,670 - INFO  - ([4] Epoch) Saving checkpoint to:
             Current: /root/autodl-tmp/retraining-free-quantization/training/resnet18_cifar10_nude_srqat_ls1em05/resnet18_cifar10_nude_srqat_ls1em05_checkpoint.pth.tar

2025-12-19 05:50:46,680 - INFO  - [NUDE] Epoch 4: force max bit-width W/A = 6
2025-12-19 05:50:50,453 - INFO  - [NUDE][TRAIN] Epoch 4/120 Iter 20/390 Loss 0.8479 Top1 69.38 Top5 97.89
2025-12-19 05:50:54,005 - INFO  - [NUDE][TRAIN] Epoch 4/120 Iter 40/390 Loss 0.8527 Top1 69.26 Top5 97.75
2025-12-19 05:50:57,527 - INFO  - [NUDE][TRAIN] Epoch 4/120 Iter 60/390 Loss 0.8370 Top1 70.09 Top5 97.79
2025-12-19 05:51:01,087 - INFO  - [NUDE][TRAIN] Epoch 4/120 Iter 80/390 Loss 0.8336 Top1 70.72 Top5 97.72
2025-12-19 05:51:04,567 - INFO  - [NUDE][TRAIN] Epoch 4/120 Iter 100/390 Loss 0.8282 Top1 70.77 Top5 97.81
2025-12-19 05:51:08,103 - INFO  - [NUDE][TRAIN] Epoch 4/120 Iter 120/390 Loss 0.8263 Top1 71.02 Top5 97.87
2025-12-19 05:51:11,546 - INFO  - [NUDE][TRAIN] Epoch 4/120 Iter 140/390 Loss 0.8271 Top1 70.93 Top5 97.91
2025-12-19 05:51:15,093 - INFO  - [NUDE][TRAIN] Epoch 4/120 Iter 160/390 Loss 0.8250 Top1 71.00 Top5 97.90
2025-12-19 05:51:18,511 - INFO  - [NUDE][TRAIN] Epoch 4/120 Iter 180/390 Loss 0.8224 Top1 71.15 Top5 97.92
2025-12-19 05:51:22,029 - INFO  - [NUDE][TRAIN] Epoch 4/120 Iter 200/390 Loss 0.8231 Top1 71.15 Top5 97.88
2025-12-19 05:51:25,469 - INFO  - [NUDE][TRAIN] Epoch 4/120 Iter 220/390 Loss 0.8204 Top1 71.21 Top5 97.91
2025-12-19 05:51:29,004 - INFO  - [NUDE][TRAIN] Epoch 4/120 Iter 240/390 Loss 0.8183 Top1 71.31 Top5 97.95
2025-12-19 05:51:32,543 - INFO  - [NUDE][TRAIN] Epoch 4/120 Iter 260/390 Loss 0.8162 Top1 71.33 Top5 97.97
2025-12-19 05:51:35,984 - INFO  - [NUDE][TRAIN] Epoch 4/120 Iter 280/390 Loss 0.8119 Top1 71.55 Top5 98.00
2025-12-19 05:51:39,420 - INFO  - [NUDE][TRAIN] Epoch 4/120 Iter 300/390 Loss 0.8066 Top1 71.77 Top5 97.99
2025-12-19 05:51:42,946 - INFO  - [NUDE][TRAIN] Epoch 4/120 Iter 320/390 Loss 0.8043 Top1 71.85 Top5 97.98
2025-12-19 05:51:46,486 - INFO  - [NUDE][TRAIN] Epoch 4/120 Iter 340/390 Loss 0.8019 Top1 71.93 Top5 97.99
2025-12-19 05:51:49,918 - INFO  - [NUDE][TRAIN] Epoch 4/120 Iter 360/390 Loss 0.7976 Top1 72.09 Top5 97.97
2025-12-19 05:51:53,447 - INFO  - [NUDE][TRAIN] Epoch 4/120 Iter 380/390 Loss 0.7934 Top1 72.28 Top5 98.01
2025-12-19 05:51:55,200 - INFO  - [NUDE] Validate: force max bit-width W/A = 6
2025-12-19 05:51:57,456 - INFO  - [NUDE][EPOCH] 4/120 Train: Top1=72.32 Top5=98.02 Loss=0.7924 | Val(EMA): Top1=10.01
2025-12-19 05:51:58,111 - INFO  - ([5] Epoch) Saving checkpoint to:
             Current: /root/autodl-tmp/retraining-free-quantization/training/resnet18_cifar10_nude_srqat_ls1em05/resnet18_cifar10_nude_srqat_ls1em05_checkpoint.pth.tar

2025-12-19 05:51:58,121 - INFO  - [NUDE] Epoch 5: force max bit-width W/A = 6
2025-12-19 05:52:01,867 - INFO  - [NUDE][TRAIN] Epoch 5/120 Iter 20/390 Loss 0.6717 Top1 76.33 Top5 98.87
2025-12-19 05:52:05,371 - INFO  - [NUDE][TRAIN] Epoch 5/120 Iter 40/390 Loss 0.6981 Top1 75.82 Top5 98.75
2025-12-19 05:52:08,733 - INFO  - [NUDE][TRAIN] Epoch 5/120 Iter 60/390 Loss 0.7000 Top1 76.02 Top5 98.67
2025-12-19 05:52:12,121 - INFO  - [NUDE][TRAIN] Epoch 5/120 Iter 80/390 Loss 0.6942 Top1 76.14 Top5 98.68
2025-12-19 05:52:15,570 - INFO  - [NUDE][TRAIN] Epoch 5/120 Iter 100/390 Loss 0.6874 Top1 76.17 Top5 98.67
2025-12-19 05:52:19,081 - INFO  - [NUDE][TRAIN] Epoch 5/120 Iter 120/390 Loss 0.6909 Top1 76.05 Top5 98.55
2025-12-19 05:52:22,555 - INFO  - [NUDE][TRAIN] Epoch 5/120 Iter 140/390 Loss 0.6916 Top1 76.01 Top5 98.55
2025-12-19 05:52:26,103 - INFO  - [NUDE][TRAIN] Epoch 5/120 Iter 160/390 Loss 0.6896 Top1 76.07 Top5 98.52
2025-12-19 05:52:29,580 - INFO  - [NUDE][TRAIN] Epoch 5/120 Iter 180/390 Loss 0.6870 Top1 76.11 Top5 98.57
2025-12-19 05:52:33,136 - INFO  - [NUDE][TRAIN] Epoch 5/120 Iter 200/390 Loss 0.6829 Top1 76.18 Top5 98.59
2025-12-19 05:52:36,567 - INFO  - [NUDE][TRAIN] Epoch 5/120 Iter 220/390 Loss 0.6870 Top1 76.04 Top5 98.54
2025-12-19 05:52:40,119 - INFO  - [NUDE][TRAIN] Epoch 5/120 Iter 240/390 Loss 0.6846 Top1 76.05 Top5 98.56
2025-12-19 05:52:43,540 - INFO  - [NUDE][TRAIN] Epoch 5/120 Iter 260/390 Loss 0.6820 Top1 76.17 Top5 98.58
2025-12-19 05:52:47,091 - INFO  - [NUDE][TRAIN] Epoch 5/120 Iter 280/390 Loss 0.6807 Top1 76.28 Top5 98.58
2025-12-19 05:52:50,543 - INFO  - [NUDE][TRAIN] Epoch 5/120 Iter 300/390 Loss 0.6772 Top1 76.41 Top5 98.59
2025-12-19 05:52:54,076 - INFO  - [NUDE][TRAIN] Epoch 5/120 Iter 320/390 Loss 0.6766 Top1 76.44 Top5 98.59
2025-12-19 05:52:57,502 - INFO  - [NUDE][TRAIN] Epoch 5/120 Iter 340/390 Loss 0.6758 Top1 76.46 Top5 98.58
2025-12-19 05:53:01,037 - INFO  - [NUDE][TRAIN] Epoch 5/120 Iter 360/390 Loss 0.6730 Top1 76.58 Top5 98.59
2025-12-19 05:53:04,531 - INFO  - [NUDE][TRAIN] Epoch 5/120 Iter 380/390 Loss 0.6707 Top1 76.66 Top5 98.58
2025-12-19 05:53:06,292 - INFO  - [NUDE] Validate: force max bit-width W/A = 6
2025-12-19 05:53:08,560 - INFO  - [NUDE][EPOCH] 5/120 Train: Top1=76.68 Top5=98.58 Loss=0.6701 | Val(EMA): Top1=10.47
2025-12-19 05:53:09,282 - INFO  - ([6] Epoch) Saving checkpoint to:
             Current: /root/autodl-tmp/retraining-free-quantization/training/resnet18_cifar10_nude_srqat_ls1em05/resnet18_cifar10_nude_srqat_ls1em05_checkpoint.pth.tar

2025-12-19 05:53:09,293 - INFO  - [NUDE] Epoch 6: force max bit-width W/A = 6
2025-12-19 05:53:13,091 - INFO  - [NUDE][TRAIN] Epoch 6/120 Iter 20/390 Loss 0.6323 Top1 78.75 Top5 98.67
2025-12-19 05:53:16,552 - INFO  - [NUDE][TRAIN] Epoch 6/120 Iter 40/390 Loss 0.6289 Top1 78.93 Top5 98.52
2025-12-19 05:53:20,107 - INFO  - [NUDE][TRAIN] Epoch 6/120 Iter 60/390 Loss 0.6149 Top1 79.19 Top5 98.72
2025-12-19 05:53:23,510 - INFO  - [NUDE][TRAIN] Epoch 6/120 Iter 80/390 Loss 0.5988 Top1 79.62 Top5 98.84
2025-12-19 05:53:27,041 - INFO  - [NUDE][TRAIN] Epoch 6/120 Iter 100/390 Loss 0.6026 Top1 79.27 Top5 98.91
2025-12-19 05:53:30,450 - INFO  - [NUDE][TRAIN] Epoch 6/120 Iter 120/390 Loss 0.6009 Top1 79.24 Top5 98.87
2025-12-19 05:53:34,014 - INFO  - [NUDE][TRAIN] Epoch 6/120 Iter 140/390 Loss 0.5961 Top1 79.37 Top5 98.86
2025-12-19 05:53:37,527 - INFO  - [NUDE][TRAIN] Epoch 6/120 Iter 160/390 Loss 0.5925 Top1 79.49 Top5 98.91
2025-12-19 05:53:41,027 - INFO  - [NUDE][TRAIN] Epoch 6/120 Iter 180/390 Loss 0.5929 Top1 79.57 Top5 98.89
2025-12-19 05:53:44,575 - INFO  - [NUDE][TRAIN] Epoch 6/120 Iter 200/390 Loss 0.5912 Top1 79.62 Top5 98.93
2025-12-19 05:53:48,074 - INFO  - [NUDE][TRAIN] Epoch 6/120 Iter 220/390 Loss 0.5922 Top1 79.57 Top5 98.92
2025-12-19 05:53:51,616 - INFO  - [NUDE][TRAIN] Epoch 6/120 Iter 240/390 Loss 0.5926 Top1 79.52 Top5 98.89
2025-12-19 05:53:55,058 - INFO  - [NUDE][TRAIN] Epoch 6/120 Iter 260/390 Loss 0.5915 Top1 79.59 Top5 98.90
2025-12-19 05:53:58,507 - INFO  - [NUDE][TRAIN] Epoch 6/120 Iter 280/390 Loss 0.5914 Top1 79.58 Top5 98.90
2025-12-19 05:54:01,930 - INFO  - [NUDE][TRAIN] Epoch 6/120 Iter 300/390 Loss 0.5906 Top1 79.57 Top5 98.90
2025-12-19 05:54:05,373 - INFO  - [NUDE][TRAIN] Epoch 6/120 Iter 320/390 Loss 0.5889 Top1 79.66 Top5 98.91
2025-12-19 05:54:08,768 - INFO  - [NUDE][TRAIN] Epoch 6/120 Iter 340/390 Loss 0.5878 Top1 79.69 Top5 98.91
2025-12-19 05:54:12,307 - INFO  - [NUDE][TRAIN] Epoch 6/120 Iter 360/390 Loss 0.5861 Top1 79.74 Top5 98.93
2025-12-19 05:54:15,825 - INFO  - [NUDE][TRAIN] Epoch 6/120 Iter 380/390 Loss 0.5850 Top1 79.77 Top5 98.94
2025-12-19 05:54:17,569 - INFO  - [NUDE] Validate: force max bit-width W/A = 6
2025-12-19 05:54:19,829 - INFO  - [NUDE][EPOCH] 6/120 Train: Top1=79.80 Top5=98.94 Loss=0.5844 | Val(EMA): Top1=13.05
2025-12-19 05:54:20,538 - INFO  - ([7] Epoch) Saving checkpoint to:
             Current: /root/autodl-tmp/retraining-free-quantization/training/resnet18_cifar10_nude_srqat_ls1em05/resnet18_cifar10_nude_srqat_ls1em05_checkpoint.pth.tar

2025-12-19 05:54:20,549 - INFO  - [NUDE] Epoch 7: force max bit-width W/A = 6
2025-12-19 05:54:24,282 - INFO  - [NUDE][TRAIN] Epoch 7/120 Iter 20/390 Loss 0.5517 Top1 81.37 Top5 98.59
2025-12-19 05:54:27,722 - INFO  - [NUDE][TRAIN] Epoch 7/120 Iter 40/390 Loss 0.5517 Top1 81.33 Top5 98.77
2025-12-19 05:54:31,239 - INFO  - [NUDE][TRAIN] Epoch 7/120 Iter 60/390 Loss 0.5372 Top1 81.69 Top5 98.97
2025-12-19 05:54:34,688 - INFO  - [NUDE][TRAIN] Epoch 7/120 Iter 80/390 Loss 0.5314 Top1 81.67 Top5 99.14
2025-12-19 05:54:38,244 - INFO  - [NUDE][TRAIN] Epoch 7/120 Iter 100/390 Loss 0.5340 Top1 81.64 Top5 99.16
2025-12-19 05:54:41,661 - INFO  - [NUDE][TRAIN] Epoch 7/120 Iter 120/390 Loss 0.5386 Top1 81.43 Top5 99.15
2025-12-19 05:54:45,177 - INFO  - [NUDE][TRAIN] Epoch 7/120 Iter 140/390 Loss 0.5362 Top1 81.50 Top5 99.18
2025-12-19 05:54:48,714 - INFO  - [NUDE][TRAIN] Epoch 7/120 Iter 160/390 Loss 0.5349 Top1 81.57 Top5 99.17
2025-12-19 05:54:52,170 - INFO  - [NUDE][TRAIN] Epoch 7/120 Iter 180/390 Loss 0.5343 Top1 81.58 Top5 99.18
2025-12-19 05:54:55,692 - INFO  - [NUDE][TRAIN] Epoch 7/120 Iter 200/390 Loss 0.5307 Top1 81.75 Top5 99.19
2025-12-19 05:54:59,206 - INFO  - [NUDE][TRAIN] Epoch 7/120 Iter 220/390 Loss 0.5276 Top1 81.79 Top5 99.21
2025-12-19 05:55:02,722 - INFO  - [NUDE][TRAIN] Epoch 7/120 Iter 240/390 Loss 0.5233 Top1 81.97 Top5 99.21
2025-12-19 05:55:06,135 - INFO  - [NUDE][TRAIN] Epoch 7/120 Iter 260/390 Loss 0.5257 Top1 81.99 Top5 99.20
2025-12-19 05:55:09,719 - INFO  - [NUDE][TRAIN] Epoch 7/120 Iter 280/390 Loss 0.5261 Top1 82.03 Top5 99.16
2025-12-19 05:55:13,160 - INFO  - [NUDE][TRAIN] Epoch 7/120 Iter 300/390 Loss 0.5252 Top1 82.07 Top5 99.17
2025-12-19 05:55:16,712 - INFO  - [NUDE][TRAIN] Epoch 7/120 Iter 320/390 Loss 0.5253 Top1 82.04 Top5 99.17
2025-12-19 05:55:20,137 - INFO  - [NUDE][TRAIN] Epoch 7/120 Iter 340/390 Loss 0.5261 Top1 81.99 Top5 99.17
2025-12-19 05:55:23,703 - INFO  - [NUDE][TRAIN] Epoch 7/120 Iter 360/390 Loss 0.5255 Top1 82.05 Top5 99.15
2025-12-19 05:55:27,235 - INFO  - [NUDE][TRAIN] Epoch 7/120 Iter 380/390 Loss 0.5252 Top1 82.04 Top5 99.14
2025-12-19 05:55:29,034 - INFO  - [NUDE] Validate: force max bit-width W/A = 6
2025-12-19 05:55:31,299 - INFO  - [NUDE][EPOCH] 7/120 Train: Top1=82.07 Top5=99.15 Loss=0.5237 | Val(EMA): Top1=17.26
2025-12-19 05:55:31,904 - INFO  - ([8] Epoch) Saving checkpoint to:
             Current: /root/autodl-tmp/retraining-free-quantization/training/resnet18_cifar10_nude_srqat_ls1em05/resnet18_cifar10_nude_srqat_ls1em05_checkpoint.pth.tar

2025-12-19 05:55:31,914 - INFO  - [NUDE] Epoch 8: force max bit-width W/A = 6
2025-12-19 05:55:35,753 - INFO  - [NUDE][TRAIN] Epoch 8/120 Iter 20/390 Loss 0.4885 Top1 84.14 Top5 99.38
2025-12-19 05:55:39,361 - INFO  - [NUDE][TRAIN] Epoch 8/120 Iter 40/390 Loss 0.4819 Top1 83.89 Top5 99.16
2025-12-19 05:55:42,796 - INFO  - [NUDE][TRAIN] Epoch 8/120 Iter 60/390 Loss 0.4824 Top1 83.68 Top5 99.26
2025-12-19 05:55:46,200 - INFO  - [NUDE][TRAIN] Epoch 8/120 Iter 80/390 Loss 0.4815 Top1 83.61 Top5 99.35
2025-12-19 05:55:49,664 - INFO  - [NUDE][TRAIN] Epoch 8/120 Iter 100/390 Loss 0.4802 Top1 83.65 Top5 99.31
2025-12-19 05:55:53,124 - INFO  - [NUDE][TRAIN] Epoch 8/120 Iter 120/390 Loss 0.4789 Top1 83.83 Top5 99.31
2025-12-19 05:55:56,576 - INFO  - [NUDE][TRAIN] Epoch 8/120 Iter 140/390 Loss 0.4819 Top1 83.76 Top5 99.29
2025-12-19 05:56:00,097 - INFO  - [NUDE][TRAIN] Epoch 8/120 Iter 160/390 Loss 0.4812 Top1 83.63 Top5 99.30
2025-12-19 05:56:03,559 - INFO  - [NUDE][TRAIN] Epoch 8/120 Iter 180/390 Loss 0.4815 Top1 83.57 Top5 99.27
2025-12-19 05:56:07,080 - INFO  - [NUDE][TRAIN] Epoch 8/120 Iter 200/390 Loss 0.4810 Top1 83.58 Top5 99.29
2025-12-19 05:56:10,502 - INFO  - [NUDE][TRAIN] Epoch 8/120 Iter 220/390 Loss 0.4814 Top1 83.54 Top5 99.29
2025-12-19 05:56:14,039 - INFO  - [NUDE][TRAIN] Epoch 8/120 Iter 240/390 Loss 0.4823 Top1 83.52 Top5 99.28
2025-12-19 05:56:17,482 - INFO  - [NUDE][TRAIN] Epoch 8/120 Iter 260/390 Loss 0.4794 Top1 83.56 Top5 99.30
2025-12-19 05:56:21,024 - INFO  - [NUDE][TRAIN] Epoch 8/120 Iter 280/390 Loss 0.4776 Top1 83.57 Top5 99.30
2025-12-19 05:56:24,482 - INFO  - [NUDE][TRAIN] Epoch 8/120 Iter 300/390 Loss 0.4765 Top1 83.61 Top5 99.30
2025-12-19 05:56:28,034 - INFO  - [NUDE][TRAIN] Epoch 8/120 Iter 320/390 Loss 0.4753 Top1 83.65 Top5 99.29
2025-12-19 05:56:31,523 - INFO  - [NUDE][TRAIN] Epoch 8/120 Iter 340/390 Loss 0.4744 Top1 83.60 Top5 99.29
2025-12-19 05:56:35,067 - INFO  - [NUDE][TRAIN] Epoch 8/120 Iter 360/390 Loss 0.4752 Top1 83.56 Top5 99.27
2025-12-19 05:56:38,629 - INFO  - [NUDE][TRAIN] Epoch 8/120 Iter 380/390 Loss 0.4754 Top1 83.54 Top5 99.27
2025-12-19 05:56:40,410 - INFO  - [NUDE] Validate: force max bit-width W/A = 6
2025-12-19 05:56:42,675 - INFO  - [NUDE][EPOCH] 8/120 Train: Top1=83.49 Top5=99.26 Loss=0.4761 | Val(EMA): Top1=22.21
2025-12-19 05:56:43,357 - INFO  - ([9] Epoch) Saving checkpoint to:
             Current: /root/autodl-tmp/retraining-free-quantization/training/resnet18_cifar10_nude_srqat_ls1em05/resnet18_cifar10_nude_srqat_ls1em05_checkpoint.pth.tar

2025-12-19 05:56:43,368 - INFO  - [NUDE] Epoch 9: force max bit-width W/A = 6
2025-12-19 05:56:47,158 - INFO  - [NUDE][TRAIN] Epoch 9/120 Iter 20/390 Loss 0.4508 Top1 83.83 Top5 99.61
2025-12-19 05:56:50,587 - INFO  - [NUDE][TRAIN] Epoch 9/120 Iter 40/390 Loss 0.4237 Top1 84.80 Top5 99.61
2025-12-19 05:56:54,104 - INFO  - [NUDE][TRAIN] Epoch 9/120 Iter 60/390 Loss 0.4237 Top1 84.90 Top5 99.56
2025-12-19 05:56:57,544 - INFO  - [NUDE][TRAIN] Epoch 9/120 Iter 80/390 Loss 0.4252 Top1 85.01 Top5 99.52
2025-12-19 05:57:01,109 - INFO  - [NUDE][TRAIN] Epoch 9/120 Iter 100/390 Loss 0.4318 Top1 84.86 Top5 99.53
2025-12-19 05:57:04,638 - INFO  - [NUDE][TRAIN] Epoch 9/120 Iter 120/390 Loss 0.4375 Top1 84.71 Top5 99.49
2025-12-19 05:57:08,094 - INFO  - [NUDE][TRAIN] Epoch 9/120 Iter 140/390 Loss 0.4372 Top1 84.70 Top5 99.45
2025-12-19 05:57:11,645 - INFO  - [NUDE][TRAIN] Epoch 9/120 Iter 160/390 Loss 0.4365 Top1 84.62 Top5 99.43
2025-12-19 05:57:15,052 - INFO  - [NUDE][TRAIN] Epoch 9/120 Iter 180/390 Loss 0.4383 Top1 84.61 Top5 99.40
2025-12-19 05:57:18,619 - INFO  - [NUDE][TRAIN] Epoch 9/120 Iter 200/390 Loss 0.4388 Top1 84.57 Top5 99.39
2025-12-19 05:57:22,040 - INFO  - [NUDE][TRAIN] Epoch 9/120 Iter 220/390 Loss 0.4400 Top1 84.54 Top5 99.40
2025-12-19 05:57:25,567 - INFO  - [NUDE][TRAIN] Epoch 9/120 Iter 240/390 Loss 0.4403 Top1 84.52 Top5 99.38
2025-12-19 05:57:28,994 - INFO  - [NUDE][TRAIN] Epoch 9/120 Iter 260/390 Loss 0.4414 Top1 84.47 Top5 99.39
2025-12-19 05:57:32,581 - INFO  - [NUDE][TRAIN] Epoch 9/120 Iter 280/390 Loss 0.4416 Top1 84.48 Top5 99.39
2025-12-19 05:57:35,978 - INFO  - [NUDE][TRAIN] Epoch 9/120 Iter 300/390 Loss 0.4429 Top1 84.45 Top5 99.37
2025-12-19 05:57:39,446 - INFO  - [NUDE][TRAIN] Epoch 9/120 Iter 320/390 Loss 0.4423 Top1 84.49 Top5 99.36
2025-12-19 05:57:42,831 - INFO  - [NUDE][TRAIN] Epoch 9/120 Iter 340/390 Loss 0.4416 Top1 84.56 Top5 99.34
2025-12-19 05:57:46,403 - INFO  - [NUDE][TRAIN] Epoch 9/120 Iter 360/390 Loss 0.4402 Top1 84.65 Top5 99.33
2025-12-19 05:57:49,998 - INFO  - [NUDE][TRAIN] Epoch 9/120 Iter 380/390 Loss 0.4381 Top1 84.75 Top5 99.35
2025-12-19 05:57:51,780 - INFO  - [NUDE] Validate: force max bit-width W/A = 6
2025-12-19 05:57:54,047 - INFO  - [NUDE][EPOCH] 9/120 Train: Top1=84.81 Top5=99.35 Loss=0.4376 | Val(EMA): Top1=27.82
2025-12-19 05:57:54,742 - INFO  - ([10] Epoch) Saving checkpoint to:
             Current: /root/autodl-tmp/retraining-free-quantization/training/resnet18_cifar10_nude_srqat_ls1em05/resnet18_cifar10_nude_srqat_ls1em05_checkpoint.pth.tar

2025-12-19 05:57:54,752 - INFO  - [NUDE] Epoch 10: force max bit-width W/A = 6
2025-12-19 05:57:58,520 - INFO  - [NUDE][TRAIN] Epoch 10/120 Iter 20/390 Loss 0.4095 Top1 85.78 Top5 99.41
2025-12-19 05:58:01,981 - INFO  - [NUDE][TRAIN] Epoch 10/120 Iter 40/390 Loss 0.3886 Top1 86.80 Top5 99.47
2025-12-19 05:58:05,525 - INFO  - [NUDE][TRAIN] Epoch 10/120 Iter 60/390 Loss 0.3873 Top1 86.97 Top5 99.49
2025-12-19 05:58:08,967 - INFO  - [NUDE][TRAIN] Epoch 10/120 Iter 80/390 Loss 0.3912 Top1 86.84 Top5 99.53
2025-12-19 05:58:12,507 - INFO  - [NUDE][TRAIN] Epoch 10/120 Iter 100/390 Loss 0.3935 Top1 86.48 Top5 99.53
2025-12-19 05:58:15,941 - INFO  - [NUDE][TRAIN] Epoch 10/120 Iter 120/390 Loss 0.3915 Top1 86.45 Top5 99.55
2025-12-19 05:58:19,476 - INFO  - [NUDE][TRAIN] Epoch 10/120 Iter 140/390 Loss 0.3947 Top1 86.26 Top5 99.54
2025-12-19 05:58:22,996 - INFO  - [NUDE][TRAIN] Epoch 10/120 Iter 160/390 Loss 0.3948 Top1 86.31 Top5 99.52
2025-12-19 05:58:26,435 - INFO  - [NUDE][TRAIN] Epoch 10/120 Iter 180/390 Loss 0.3953 Top1 86.29 Top5 99.53
2025-12-19 05:58:30,005 - INFO  - [NUDE][TRAIN] Epoch 10/120 Iter 200/390 Loss 0.3957 Top1 86.28 Top5 99.53
2025-12-19 05:58:33,482 - INFO  - [NUDE][TRAIN] Epoch 10/120 Iter 220/390 Loss 0.3992 Top1 86.14 Top5 99.51
2025-12-19 05:58:37,058 - INFO  - [NUDE][TRAIN] Epoch 10/120 Iter 240/390 Loss 0.4005 Top1 86.09 Top5 99.51
2025-12-19 05:58:40,498 - INFO  - [NUDE][TRAIN] Epoch 10/120 Iter 260/390 Loss 0.3998 Top1 86.06 Top5 99.50
2025-12-19 05:58:44,026 - INFO  - [NUDE][TRAIN] Epoch 10/120 Iter 280/390 Loss 0.4008 Top1 86.05 Top5 99.49
2025-12-19 05:58:47,490 - INFO  - [NUDE][TRAIN] Epoch 10/120 Iter 300/390 Loss 0.4009 Top1 86.04 Top5 99.48
2025-12-19 05:58:51,104 - INFO  - [NUDE][TRAIN] Epoch 10/120 Iter 320/390 Loss 0.4028 Top1 86.07 Top5 99.47
2025-12-19 05:58:54,539 - INFO  - [NUDE][TRAIN] Epoch 10/120 Iter 340/390 Loss 0.4028 Top1 86.05 Top5 99.47
2025-12-19 05:58:58,090 - INFO  - [NUDE][TRAIN] Epoch 10/120 Iter 360/390 Loss 0.4036 Top1 86.06 Top5 99.47
2025-12-19 05:59:01,627 - INFO  - [NUDE][TRAIN] Epoch 10/120 Iter 380/390 Loss 0.4043 Top1 86.04 Top5 99.47
2025-12-19 05:59:03,388 - INFO  - [NUDE] Validate: force max bit-width W/A = 6
2025-12-19 05:59:05,681 - INFO  - [NUDE][EPOCH] 10/120 Train: Top1=86.10 Top5=99.47 Loss=0.4032 | Val(EMA): Top1=32.23
2025-12-19 05:59:06,323 - INFO  - ([11] Epoch) Saving checkpoint to:
             Current: /root/autodl-tmp/retraining-free-quantization/training/resnet18_cifar10_nude_srqat_ls1em05/resnet18_cifar10_nude_srqat_ls1em05_checkpoint.pth.tar

2025-12-19 05:59:06,333 - INFO  - [NUDE] Epoch 11: force max bit-width W/A = 6
2025-12-19 05:59:10,110 - INFO  - [NUDE][TRAIN] Epoch 11/120 Iter 20/390 Loss 0.3512 Top1 88.01 Top5 99.73
2025-12-19 05:59:13,545 - INFO  - [NUDE][TRAIN] Epoch 11/120 Iter 40/390 Loss 0.3561 Top1 87.66 Top5 99.75
2025-12-19 05:59:17,073 - INFO  - [NUDE][TRAIN] Epoch 11/120 Iter 60/390 Loss 0.3672 Top1 87.36 Top5 99.64
2025-12-19 05:59:20,539 - INFO  - [NUDE][TRAIN] Epoch 11/120 Iter 80/390 Loss 0.3710 Top1 86.99 Top5 99.62
2025-12-19 05:59:24,079 - INFO  - [NUDE][TRAIN] Epoch 11/120 Iter 100/390 Loss 0.3722 Top1 87.01 Top5 99.63
2025-12-19 05:59:27,578 - INFO  - [NUDE][TRAIN] Epoch 11/120 Iter 120/390 Loss 0.3715 Top1 87.01 Top5 99.61
2025-12-19 05:59:31,170 - INFO  - [NUDE][TRAIN] Epoch 11/120 Iter 140/390 Loss 0.3724 Top1 87.06 Top5 99.59
2025-12-19 05:59:34,674 - INFO  - [NUDE][TRAIN] Epoch 11/120 Iter 160/390 Loss 0.3710 Top1 87.05 Top5 99.60
2025-12-19 05:59:38,173 - INFO  - [NUDE][TRAIN] Epoch 11/120 Iter 180/390 Loss 0.3711 Top1 87.08 Top5 99.57
2025-12-19 05:59:41,747 - INFO  - [NUDE][TRAIN] Epoch 11/120 Iter 200/390 Loss 0.3728 Top1 87.04 Top5 99.56
2025-12-19 05:59:45,225 - INFO  - [NUDE][TRAIN] Epoch 11/120 Iter 220/390 Loss 0.3754 Top1 86.89 Top5 99.56
2025-12-19 05:59:48,876 - INFO  - [NUDE][TRAIN] Epoch 11/120 Iter 240/390 Loss 0.3741 Top1 86.96 Top5 99.56
2025-12-19 05:59:52,394 - INFO  - [NUDE][TRAIN] Epoch 11/120 Iter 260/390 Loss 0.3755 Top1 87.00 Top5 99.54
2025-12-19 05:59:56,008 - INFO  - [NUDE][TRAIN] Epoch 11/120 Iter 280/390 Loss 0.3783 Top1 86.95 Top5 99.51
2025-12-19 05:59:59,444 - INFO  - [NUDE][TRAIN] Epoch 11/120 Iter 300/390 Loss 0.3771 Top1 86.98 Top5 99.53
2025-12-19 06:00:02,201 - INFO  - [NUDE][TRAIN] Epoch 11/120 Iter 320/390 Loss 0.3761 Top1 87.01 Top5 99.55
2025-12-19 06:00:05,649 - INFO  - [NUDE][TRAIN] Epoch 11/120 Iter 340/390 Loss 0.3764 Top1 87.04 Top5 99.55
2025-12-19 06:00:09,203 - INFO  - [NUDE][TRAIN] Epoch 11/120 Iter 360/390 Loss 0.3747 Top1 87.07 Top5 99.56
2025-12-19 06:00:12,769 - INFO  - [NUDE][TRAIN] Epoch 11/120 Iter 380/390 Loss 0.3746 Top1 87.09 Top5 99.56
2025-12-19 06:00:14,536 - INFO  - [NUDE] Validate: force max bit-width W/A = 6
2025-12-19 06:00:16,863 - INFO  - [NUDE][EPOCH] 11/120 Train: Top1=87.06 Top5=99.55 Loss=0.3755 | Val(EMA): Top1=36.04
2025-12-19 06:00:17,477 - INFO  - ([12] Epoch) Saving checkpoint to:
             Current: /root/autodl-tmp/retraining-free-quantization/training/resnet18_cifar10_nude_srqat_ls1em05/resnet18_cifar10_nude_srqat_ls1em05_checkpoint.pth.tar

2025-12-19 06:00:17,488 - INFO  - [NUDE] Epoch 12: force max bit-width W/A = 6
2025-12-19 06:00:21,261 - INFO  - [NUDE][TRAIN] Epoch 12/120 Iter 20/390 Loss 0.3476 Top1 87.93 Top5 99.80
2025-12-19 06:00:24,807 - INFO  - [NUDE][TRAIN] Epoch 12/120 Iter 40/390 Loss 0.3427 Top1 88.07 Top5 99.79
2025-12-19 06:00:28,247 - INFO  - [NUDE][TRAIN] Epoch 12/120 Iter 60/390 Loss 0.3410 Top1 88.33 Top5 99.77
2025-12-19 06:00:31,695 - INFO  - [NUDE][TRAIN] Epoch 12/120 Iter 80/390 Loss 0.3413 Top1 88.34 Top5 99.71
2025-12-19 06:00:35,249 - INFO  - [NUDE][TRAIN] Epoch 12/120 Iter 100/390 Loss 0.3440 Top1 88.20 Top5 99.70
2025-12-19 06:00:38,794 - INFO  - [NUDE][TRAIN] Epoch 12/120 Iter 120/390 Loss 0.3479 Top1 88.03 Top5 99.62
2025-12-19 06:00:42,221 - INFO  - [NUDE][TRAIN] Epoch 12/120 Iter 140/390 Loss 0.3482 Top1 87.99 Top5 99.64
2025-12-19 06:00:45,758 - INFO  - [NUDE][TRAIN] Epoch 12/120 Iter 160/390 Loss 0.3497 Top1 87.94 Top5 99.60
2025-12-19 06:00:49,161 - INFO  - [NUDE][TRAIN] Epoch 12/120 Iter 180/390 Loss 0.3508 Top1 87.90 Top5 99.60
2025-12-19 06:00:52,718 - INFO  - [NUDE][TRAIN] Epoch 12/120 Iter 200/390 Loss 0.3484 Top1 88.00 Top5 99.61
2025-12-19 06:00:56,131 - INFO  - [NUDE][TRAIN] Epoch 12/120 Iter 220/390 Loss 0.3474 Top1 88.07 Top5 99.62
2025-12-19 06:00:59,668 - INFO  - [NUDE][TRAIN] Epoch 12/120 Iter 240/390 Loss 0.3480 Top1 88.03 Top5 99.59
2025-12-19 06:01:03,113 - INFO  - [NUDE][TRAIN] Epoch 12/120 Iter 260/390 Loss 0.3483 Top1 88.03 Top5 99.57
2025-12-19 06:01:06,623 - INFO  - [NUDE][TRAIN] Epoch 12/120 Iter 280/390 Loss 0.3504 Top1 87.97 Top5 99.58
2025-12-19 06:01:10,028 - INFO  - [NUDE][TRAIN] Epoch 12/120 Iter 300/390 Loss 0.3497 Top1 88.01 Top5 99.58
2025-12-19 06:01:13,495 - INFO  - [NUDE][TRAIN] Epoch 12/120 Iter 320/390 Loss 0.3492 Top1 88.01 Top5 99.60
2025-12-19 06:01:16,854 - INFO  - [NUDE][TRAIN] Epoch 12/120 Iter 340/390 Loss 0.3489 Top1 88.03 Top5 99.61
2025-12-19 06:01:20,303 - INFO  - [NUDE][TRAIN] Epoch 12/120 Iter 360/390 Loss 0.3493 Top1 87.98 Top5 99.61
2025-12-19 06:01:23,806 - INFO  - [NUDE][TRAIN] Epoch 12/120 Iter 380/390 Loss 0.3499 Top1 87.95 Top5 99.61
2025-12-19 06:01:25,608 - INFO  - [NUDE] Validate: force max bit-width W/A = 6
2025-12-19 06:01:27,873 - INFO  - [NUDE][EPOCH] 12/120 Train: Top1=87.99 Top5=99.61 Loss=0.3491 | Val(EMA): Top1=40.11
2025-12-19 06:01:28,526 - INFO  - ([13] Epoch) Saving checkpoint to:
             Current: /root/autodl-tmp/retraining-free-quantization/training/resnet18_cifar10_nude_srqat_ls1em05/resnet18_cifar10_nude_srqat_ls1em05_checkpoint.pth.tar

2025-12-19 06:01:28,537 - INFO  - [NUDE] Epoch 13: force max bit-width W/A = 6
2025-12-19 06:01:32,380 - INFO  - [NUDE][TRAIN] Epoch 13/120 Iter 20/390 Loss 0.3202 Top1 89.02 Top5 99.73
2025-12-19 06:01:35,840 - INFO  - [NUDE][TRAIN] Epoch 13/120 Iter 40/390 Loss 0.3198 Top1 88.93 Top5 99.79
2025-12-19 06:01:39,365 - INFO  - [NUDE][TRAIN] Epoch 13/120 Iter 60/390 Loss 0.3255 Top1 88.41 Top5 99.75
2025-12-19 06:01:42,773 - INFO  - [NUDE][TRAIN] Epoch 13/120 Iter 80/390 Loss 0.3211 Top1 88.69 Top5 99.73
2025-12-19 06:01:46,335 - INFO  - [NUDE][TRAIN] Epoch 13/120 Iter 100/390 Loss 0.3216 Top1 88.72 Top5 99.69
2025-12-19 06:01:49,924 - INFO  - [NUDE][TRAIN] Epoch 13/120 Iter 120/390 Loss 0.3245 Top1 88.61 Top5 99.68
2025-12-19 06:01:53,360 - INFO  - [NUDE][TRAIN] Epoch 13/120 Iter 140/390 Loss 0.3296 Top1 88.49 Top5 99.67
2025-12-19 06:01:56,872 - INFO  - [NUDE][TRAIN] Epoch 13/120 Iter 160/390 Loss 0.3283 Top1 88.54 Top5 99.67
2025-12-19 06:02:00,317 - INFO  - [NUDE][TRAIN] Epoch 13/120 Iter 180/390 Loss 0.3313 Top1 88.44 Top5 99.67
2025-12-19 06:02:03,836 - INFO  - [NUDE][TRAIN] Epoch 13/120 Iter 200/390 Loss 0.3310 Top1 88.43 Top5 99.68
2025-12-19 06:02:07,286 - INFO  - [NUDE][TRAIN] Epoch 13/120 Iter 220/390 Loss 0.3312 Top1 88.44 Top5 99.67
2025-12-19 06:02:10,825 - INFO  - [NUDE][TRAIN] Epoch 13/120 Iter 240/390 Loss 0.3293 Top1 88.50 Top5 99.67
2025-12-19 06:02:14,341 - INFO  - [NUDE][TRAIN] Epoch 13/120 Iter 260/390 Loss 0.3311 Top1 88.45 Top5 99.66
2025-12-19 06:02:17,897 - INFO  - [NUDE][TRAIN] Epoch 13/120 Iter 280/390 Loss 0.3328 Top1 88.44 Top5 99.66
2025-12-19 06:02:21,368 - INFO  - [NUDE][TRAIN] Epoch 13/120 Iter 300/390 Loss 0.3323 Top1 88.46 Top5 99.66
2025-12-19 06:02:24,888 - INFO  - [NUDE][TRAIN] Epoch 13/120 Iter 320/390 Loss 0.3331 Top1 88.42 Top5 99.66
2025-12-19 06:02:28,317 - INFO  - [NUDE][TRAIN] Epoch 13/120 Iter 340/390 Loss 0.3324 Top1 88.44 Top5 99.65
2025-12-19 06:02:31,841 - INFO  - [NUDE][TRAIN] Epoch 13/120 Iter 360/390 Loss 0.3323 Top1 88.44 Top5 99.66
2025-12-19 06:02:35,364 - INFO  - [NUDE][TRAIN] Epoch 13/120 Iter 380/390 Loss 0.3315 Top1 88.46 Top5 99.66
2025-12-19 06:02:37,125 - INFO  - [NUDE] Validate: force max bit-width W/A = 6
2025-12-19 06:02:39,363 - INFO  - [NUDE][EPOCH] 13/120 Train: Top1=88.44 Top5=99.66 Loss=0.3323 | Val(EMA): Top1=44.88
2025-12-19 06:02:39,959 - INFO  - ([14] Epoch) Saving checkpoint to:
             Current: /root/autodl-tmp/retraining-free-quantization/training/resnet18_cifar10_nude_srqat_ls1em05/resnet18_cifar10_nude_srqat_ls1em05_checkpoint.pth.tar

2025-12-19 06:02:39,969 - INFO  - [NUDE] Epoch 14: force max bit-width W/A = 6
2025-12-19 06:02:43,731 - INFO  - [NUDE][TRAIN] Epoch 14/120 Iter 20/390 Loss 0.2669 Top1 90.66 Top5 99.69
2025-12-19 06:02:47,159 - INFO  - [NUDE][TRAIN] Epoch 14/120 Iter 40/390 Loss 0.2874 Top1 90.12 Top5 99.73
2025-12-19 06:02:50,683 - INFO  - [NUDE][TRAIN] Epoch 14/120 Iter 60/390 Loss 0.2911 Top1 89.90 Top5 99.65
2025-12-19 06:02:54,152 - INFO  - [NUDE][TRAIN] Epoch 14/120 Iter 80/390 Loss 0.2919 Top1 89.85 Top5 99.66
2025-12-19 06:02:57,657 - INFO  - [NUDE][TRAIN] Epoch 14/120 Iter 100/390 Loss 0.2908 Top1 89.95 Top5 99.65
2025-12-19 06:03:01,013 - INFO  - [NUDE][TRAIN] Epoch 14/120 Iter 120/390 Loss 0.2903 Top1 89.96 Top5 99.68
2025-12-19 06:03:04,477 - INFO  - [NUDE][TRAIN] Epoch 14/120 Iter 140/390 Loss 0.2878 Top1 90.13 Top5 99.70
2025-12-19 06:03:07,928 - INFO  - [NUDE][TRAIN] Epoch 14/120 Iter 160/390 Loss 0.2903 Top1 89.91 Top5 99.71
2025-12-19 06:03:11,322 - INFO  - [NUDE][TRAIN] Epoch 14/120 Iter 180/390 Loss 0.2929 Top1 89.90 Top5 99.71
2025-12-19 06:03:14,834 - INFO  - [NUDE][TRAIN] Epoch 14/120 Iter 200/390 Loss 0.2939 Top1 89.86 Top5 99.71
2025-12-19 06:03:18,261 - INFO  - [NUDE][TRAIN] Epoch 14/120 Iter 220/390 Loss 0.2954 Top1 89.73 Top5 99.72
2025-12-19 06:03:21,832 - INFO  - [NUDE][TRAIN] Epoch 14/120 Iter 240/390 Loss 0.2999 Top1 89.63 Top5 99.70
2025-12-19 06:03:25,256 - INFO  - [NUDE][TRAIN] Epoch 14/120 Iter 260/390 Loss 0.3023 Top1 89.59 Top5 99.71
2025-12-19 06:03:28,780 - INFO  - [NUDE][TRAIN] Epoch 14/120 Iter 280/390 Loss 0.3014 Top1 89.57 Top5 99.70
2025-12-19 06:03:32,200 - INFO  - [NUDE][TRAIN] Epoch 14/120 Iter 300/390 Loss 0.3009 Top1 89.60 Top5 99.71
2025-12-19 06:03:35,706 - INFO  - [NUDE][TRAIN] Epoch 14/120 Iter 320/390 Loss 0.3025 Top1 89.56 Top5 99.70
2025-12-19 06:03:39,140 - INFO  - [NUDE][TRAIN] Epoch 14/120 Iter 340/390 Loss 0.3041 Top1 89.55 Top5 99.69
2025-12-19 06:03:42,636 - INFO  - [NUDE][TRAIN] Epoch 14/120 Iter 360/390 Loss 0.3050 Top1 89.50 Top5 99.71
2025-12-19 06:03:46,181 - INFO  - [NUDE][TRAIN] Epoch 14/120 Iter 380/390 Loss 0.3056 Top1 89.46 Top5 99.70
2025-12-19 06:03:48,002 - INFO  - [NUDE] Validate: force max bit-width W/A = 6
2025-12-19 06:03:50,314 - INFO  - [NUDE][EPOCH] 14/120 Train: Top1=89.47 Top5=99.70 Loss=0.3051 | Val(EMA): Top1=51.29
2025-12-19 06:03:50,907 - INFO  - ([15] Epoch) Saving checkpoint to:
             Current: /root/autodl-tmp/retraining-free-quantization/training/resnet18_cifar10_nude_srqat_ls1em05/resnet18_cifar10_nude_srqat_ls1em05_checkpoint.pth.tar

2025-12-19 06:03:50,917 - INFO  - [NUDE] Epoch 15: force max bit-width W/A = 6
2025-12-19 06:03:54,682 - INFO  - [NUDE][TRAIN] Epoch 15/120 Iter 20/390 Loss 0.2537 Top1 91.21 Top5 99.80
2025-12-19 06:03:58,105 - INFO  - [NUDE][TRAIN] Epoch 15/120 Iter 40/390 Loss 0.2800 Top1 90.51 Top5 99.79
2025-12-19 06:04:01,651 - INFO  - [NUDE][TRAIN] Epoch 15/120 Iter 60/390 Loss 0.2841 Top1 90.27 Top5 99.82
2025-12-19 06:04:05,110 - INFO  - [NUDE][TRAIN] Epoch 15/120 Iter 80/390 Loss 0.2903 Top1 89.96 Top5 99.78
2025-12-19 06:04:08,648 - INFO  - [NUDE][TRAIN] Epoch 15/120 Iter 100/390 Loss 0.2910 Top1 89.92 Top5 99.79
2025-12-19 06:04:12,103 - INFO  - [NUDE][TRAIN] Epoch 15/120 Iter 120/390 Loss 0.2929 Top1 89.88 Top5 99.77
2025-12-19 06:04:15,624 - INFO  - [NUDE][TRAIN] Epoch 15/120 Iter 140/390 Loss 0.2902 Top1 89.89 Top5 99.77
2025-12-19 06:04:19,142 - INFO  - [NUDE][TRAIN] Epoch 15/120 Iter 160/390 Loss 0.2913 Top1 89.85 Top5 99.77
2025-12-19 06:04:22,569 - INFO  - [NUDE][TRAIN] Epoch 15/120 Iter 180/390 Loss 0.2882 Top1 90.00 Top5 99.76
2025-12-19 06:04:26,148 - INFO  - [NUDE][TRAIN] Epoch 15/120 Iter 200/390 Loss 0.2888 Top1 89.95 Top5 99.74
2025-12-19 06:04:29,600 - INFO  - [NUDE][TRAIN] Epoch 15/120 Iter 220/390 Loss 0.2898 Top1 89.92 Top5 99.75
2025-12-19 06:04:33,154 - INFO  - [NUDE][TRAIN] Epoch 15/120 Iter 240/390 Loss 0.2892 Top1 89.96 Top5 99.76
2025-12-19 06:04:36,606 - INFO  - [NUDE][TRAIN] Epoch 15/120 Iter 260/390 Loss 0.2893 Top1 89.97 Top5 99.77
2025-12-19 06:04:40,189 - INFO  - [NUDE][TRAIN] Epoch 15/120 Iter 280/390 Loss 0.2899 Top1 89.96 Top5 99.77
2025-12-19 06:04:43,651 - INFO  - [NUDE][TRAIN] Epoch 15/120 Iter 300/390 Loss 0.2902 Top1 89.96 Top5 99.77
2025-12-19 06:04:47,222 - INFO  - [NUDE][TRAIN] Epoch 15/120 Iter 320/390 Loss 0.2917 Top1 89.94 Top5 99.78
2025-12-19 06:04:50,615 - INFO  - [NUDE][TRAIN] Epoch 15/120 Iter 340/390 Loss 0.2918 Top1 89.93 Top5 99.78
2025-12-19 06:04:54,213 - INFO  - [NUDE][TRAIN] Epoch 15/120 Iter 360/390 Loss 0.2912 Top1 89.94 Top5 99.78
2025-12-19 06:04:57,740 - INFO  - [NUDE][TRAIN] Epoch 15/120 Iter 380/390 Loss 0.2919 Top1 89.93 Top5 99.79
2025-12-19 06:04:59,544 - INFO  - [NUDE] Validate: force max bit-width W/A = 6
2025-12-19 06:05:01,802 - INFO  - [NUDE][EPOCH] 15/120 Train: Top1=89.93 Top5=99.78 Loss=0.2916 | Val(EMA): Top1=59.62
2025-12-19 06:05:02,425 - INFO  - ([16] Epoch) Saving checkpoint to:
             Current: /root/autodl-tmp/retraining-free-quantization/training/resnet18_cifar10_nude_srqat_ls1em05/resnet18_cifar10_nude_srqat_ls1em05_checkpoint.pth.tar

2025-12-19 06:05:02,435 - INFO  - [NUDE] Epoch 16: force max bit-width W/A = 6
2025-12-19 06:05:06,235 - INFO  - [NUDE][TRAIN] Epoch 16/120 Iter 20/390 Loss 0.2537 Top1 91.02 Top5 99.88
2025-12-19 06:05:09,762 - INFO  - [NUDE][TRAIN] Epoch 16/120 Iter 40/390 Loss 0.2523 Top1 91.15 Top5 99.82
2025-12-19 06:05:13,269 - INFO  - [NUDE][TRAIN] Epoch 16/120 Iter 60/390 Loss 0.2550 Top1 91.08 Top5 99.84
2025-12-19 06:05:16,790 - INFO  - [NUDE][TRAIN] Epoch 16/120 Iter 80/390 Loss 0.2540 Top1 91.16 Top5 99.82
2025-12-19 06:05:20,361 - INFO  - [NUDE][TRAIN] Epoch 16/120 Iter 100/390 Loss 0.2559 Top1 91.12 Top5 99.81
2025-12-19 06:05:23,911 - INFO  - [NUDE][TRAIN] Epoch 16/120 Iter 120/390 Loss 0.2622 Top1 90.86 Top5 99.82
2025-12-19 06:05:27,430 - INFO  - [NUDE][TRAIN] Epoch 16/120 Iter 140/390 Loss 0.2656 Top1 90.80 Top5 99.80
2025-12-19 06:05:30,958 - INFO  - [NUDE][TRAIN] Epoch 16/120 Iter 160/390 Loss 0.2660 Top1 90.81 Top5 99.81
2025-12-19 06:05:34,376 - INFO  - [NUDE][TRAIN] Epoch 16/120 Iter 180/390 Loss 0.2680 Top1 90.80 Top5 99.79
2025-12-19 06:05:37,938 - INFO  - [NUDE][TRAIN] Epoch 16/120 Iter 200/390 Loss 0.2666 Top1 90.87 Top5 99.80
2025-12-19 06:05:41,370 - INFO  - [NUDE][TRAIN] Epoch 16/120 Iter 220/390 Loss 0.2662 Top1 90.88 Top5 99.80
2025-12-19 06:05:44,912 - INFO  - [NUDE][TRAIN] Epoch 16/120 Iter 240/390 Loss 0.2684 Top1 90.81 Top5 99.79
2025-12-19 06:05:48,364 - INFO  - [NUDE][TRAIN] Epoch 16/120 Iter 260/390 Loss 0.2676 Top1 90.89 Top5 99.80
2025-12-19 06:05:51,952 - INFO  - [NUDE][TRAIN] Epoch 16/120 Iter 280/390 Loss 0.2695 Top1 90.80 Top5 99.79
2025-12-19 06:05:55,456 - INFO  - [NUDE][TRAIN] Epoch 16/120 Iter 300/390 Loss 0.2697 Top1 90.78 Top5 99.79
2025-12-19 06:05:59,035 - INFO  - [NUDE][TRAIN] Epoch 16/120 Iter 320/390 Loss 0.2715 Top1 90.69 Top5 99.78
2025-12-19 06:06:02,523 - INFO  - [NUDE][TRAIN] Epoch 16/120 Iter 340/390 Loss 0.2734 Top1 90.60 Top5 99.77
2025-12-19 06:06:06,033 - INFO  - [NUDE][TRAIN] Epoch 16/120 Iter 360/390 Loss 0.2741 Top1 90.57 Top5 99.78
2025-12-19 06:06:09,556 - INFO  - [NUDE][TRAIN] Epoch 16/120 Iter 380/390 Loss 0.2737 Top1 90.59 Top5 99.78
2025-12-19 06:06:11,326 - INFO  - [NUDE] Validate: force max bit-width W/A = 6
2025-12-19 06:06:13,576 - INFO  - [NUDE][EPOCH] 16/120 Train: Top1=90.56 Top5=99.78 Loss=0.2740 | Val(EMA): Top1=66.04
2025-12-19 06:06:14,186 - INFO  - ([17] Epoch) Saving checkpoint to:
             Current: /root/autodl-tmp/retraining-free-quantization/training/resnet18_cifar10_nude_srqat_ls1em05/resnet18_cifar10_nude_srqat_ls1em05_checkpoint.pth.tar

2025-12-19 06:06:14,196 - INFO  - [NUDE] Epoch 17: force max bit-width W/A = 6
2025-12-19 06:06:18,038 - INFO  - [NUDE][TRAIN] Epoch 17/120 Iter 20/390 Loss 0.2331 Top1 91.72 Top5 99.69
2025-12-19 06:06:21,457 - INFO  - [NUDE][TRAIN] Epoch 17/120 Iter 40/390 Loss 0.2343 Top1 91.62 Top5 99.80
2025-12-19 06:06:24,984 - INFO  - [NUDE][TRAIN] Epoch 17/120 Iter 60/390 Loss 0.2351 Top1 91.80 Top5 99.84
2025-12-19 06:06:28,426 - INFO  - [NUDE][TRAIN] Epoch 17/120 Iter 80/390 Loss 0.2421 Top1 91.51 Top5 99.86
2025-12-19 06:06:31,953 - INFO  - [NUDE][TRAIN] Epoch 17/120 Iter 100/390 Loss 0.2476 Top1 91.31 Top5 99.88
2025-12-19 06:06:35,467 - INFO  - [NUDE][TRAIN] Epoch 17/120 Iter 120/390 Loss 0.2495 Top1 91.26 Top5 99.84
2025-12-19 06:06:38,869 - INFO  - [NUDE][TRAIN] Epoch 17/120 Iter 140/390 Loss 0.2528 Top1 91.14 Top5 99.84
2025-12-19 06:06:42,336 - INFO  - [NUDE][TRAIN] Epoch 17/120 Iter 160/390 Loss 0.2529 Top1 91.10 Top5 99.82
2025-12-19 06:06:45,704 - INFO  - [NUDE][TRAIN] Epoch 17/120 Iter 180/390 Loss 0.2534 Top1 91.13 Top5 99.80
2025-12-19 06:06:49,207 - INFO  - [NUDE][TRAIN] Epoch 17/120 Iter 200/390 Loss 0.2550 Top1 91.02 Top5 99.80
2025-12-19 06:06:52,622 - INFO  - [NUDE][TRAIN] Epoch 17/120 Iter 220/390 Loss 0.2547 Top1 91.02 Top5 99.80
2025-12-19 06:06:56,157 - INFO  - [NUDE][TRAIN] Epoch 17/120 Iter 240/390 Loss 0.2560 Top1 90.98 Top5 99.80
2025-12-19 06:06:59,572 - INFO  - [NUDE][TRAIN] Epoch 17/120 Iter 260/390 Loss 0.2563 Top1 90.98 Top5 99.80
2025-12-19 06:07:03,111 - INFO  - [NUDE][TRAIN] Epoch 17/120 Iter 280/390 Loss 0.2584 Top1 90.87 Top5 99.80
2025-12-19 06:07:06,557 - INFO  - [NUDE][TRAIN] Epoch 17/120 Iter 300/390 Loss 0.2583 Top1 90.89 Top5 99.79
2025-12-19 06:07:10,076 - INFO  - [NUDE][TRAIN] Epoch 17/120 Iter 320/390 Loss 0.2582 Top1 90.91 Top5 99.80
2025-12-19 06:07:13,479 - INFO  - [NUDE][TRAIN] Epoch 17/120 Iter 340/390 Loss 0.2591 Top1 90.87 Top5 99.79
2025-12-19 06:07:17,002 - INFO  - [NUDE][TRAIN] Epoch 17/120 Iter 360/390 Loss 0.2597 Top1 90.87 Top5 99.78
2025-12-19 06:07:20,538 - INFO  - [NUDE][TRAIN] Epoch 17/120 Iter 380/390 Loss 0.2598 Top1 90.89 Top5 99.78
2025-12-19 06:07:22,292 - INFO  - [NUDE] Validate: force max bit-width W/A = 6
2025-12-19 06:07:24,549 - INFO  - [NUDE][EPOCH] 17/120 Train: Top1=90.88 Top5=99.78 Loss=0.2602 | Val(EMA): Top1=72.52
2025-12-19 06:07:25,017 - INFO  - ([18] Epoch) Saving checkpoint to:
             Current: /root/autodl-tmp/retraining-free-quantization/training/resnet18_cifar10_nude_srqat_ls1em05/resnet18_cifar10_nude_srqat_ls1em05_checkpoint.pth.tar

2025-12-19 06:07:25,027 - INFO  - [NUDE] Epoch 18: force max bit-width W/A = 6
2025-12-19 06:07:28,777 - INFO  - [NUDE][TRAIN] Epoch 18/120 Iter 20/390 Loss 0.2247 Top1 91.60 Top5 99.96
2025-12-19 06:07:32,196 - INFO  - [NUDE][TRAIN] Epoch 18/120 Iter 40/390 Loss 0.2255 Top1 91.41 Top5 99.92
2025-12-19 06:07:35,712 - INFO  - [NUDE][TRAIN] Epoch 18/120 Iter 60/390 Loss 0.2399 Top1 91.34 Top5 99.88
2025-12-19 06:07:39,222 - INFO  - [NUDE][TRAIN] Epoch 18/120 Iter 80/390 Loss 0.2350 Top1 91.77 Top5 99.88
2025-12-19 06:07:42,786 - INFO  - [NUDE][TRAIN] Epoch 18/120 Iter 100/390 Loss 0.2329 Top1 91.77 Top5 99.88
2025-12-19 06:07:46,290 - INFO  - [NUDE][TRAIN] Epoch 18/120 Iter 120/390 Loss 0.2328 Top1 91.84 Top5 99.88
2025-12-19 06:07:49,863 - INFO  - [NUDE][TRAIN] Epoch 18/120 Iter 140/390 Loss 0.2349 Top1 91.78 Top5 99.86
2025-12-19 06:07:53,470 - INFO  - [NUDE][TRAIN] Epoch 18/120 Iter 160/390 Loss 0.2377 Top1 91.66 Top5 99.85
2025-12-19 06:07:56,913 - INFO  - [NUDE][TRAIN] Epoch 18/120 Iter 180/390 Loss 0.2374 Top1 91.73 Top5 99.84
2025-12-19 06:08:00,479 - INFO  - [NUDE][TRAIN] Epoch 18/120 Iter 200/390 Loss 0.2399 Top1 91.62 Top5 99.83
2025-12-19 06:08:03,942 - INFO  - [NUDE][TRAIN] Epoch 18/120 Iter 220/390 Loss 0.2407 Top1 91.58 Top5 99.84
2025-12-19 06:08:07,460 - INFO  - [NUDE][TRAIN] Epoch 18/120 Iter 240/390 Loss 0.2420 Top1 91.57 Top5 99.83
2025-12-19 06:08:10,908 - INFO  - [NUDE][TRAIN] Epoch 18/120 Iter 260/390 Loss 0.2396 Top1 91.65 Top5 99.83
2025-12-19 06:08:14,426 - INFO  - [NUDE][TRAIN] Epoch 18/120 Iter 280/390 Loss 0.2398 Top1 91.62 Top5 99.84
2025-12-19 06:08:17,847 - INFO  - [NUDE][TRAIN] Epoch 18/120 Iter 300/390 Loss 0.2406 Top1 91.59 Top5 99.84
2025-12-19 06:08:21,364 - INFO  - [NUDE][TRAIN] Epoch 18/120 Iter 320/390 Loss 0.2433 Top1 91.54 Top5 99.83
2025-12-19 06:08:24,814 - INFO  - [NUDE][TRAIN] Epoch 18/120 Iter 340/390 Loss 0.2436 Top1 91.51 Top5 99.83
2025-12-19 06:08:28,316 - INFO  - [NUDE][TRAIN] Epoch 18/120 Iter 360/390 Loss 0.2441 Top1 91.47 Top5 99.84
2025-12-19 06:08:31,774 - INFO  - [NUDE][TRAIN] Epoch 18/120 Iter 380/390 Loss 0.2448 Top1 91.43 Top5 99.84
2025-12-19 06:08:33,491 - INFO  - [NUDE] Validate: force max bit-width W/A = 6
2025-12-19 06:08:35,728 - INFO  - [NUDE][EPOCH] 18/120 Train: Top1=91.42 Top5=99.82 Loss=0.2458 | Val(EMA): Top1=76.59
2025-12-19 06:08:36,313 - INFO  - ([19] Epoch) Saving checkpoint to:
             Current: /root/autodl-tmp/retraining-free-quantization/training/resnet18_cifar10_nude_srqat_ls1em05/resnet18_cifar10_nude_srqat_ls1em05_checkpoint.pth.tar

2025-12-19 06:08:36,324 - INFO  - [NUDE] Epoch 19: force max bit-width W/A = 6
2025-12-19 06:08:40,023 - INFO  - [NUDE][TRAIN] Epoch 19/120 Iter 20/390 Loss 0.1974 Top1 93.24 Top5 99.96
2025-12-19 06:08:43,491 - INFO  - [NUDE][TRAIN] Epoch 19/120 Iter 40/390 Loss 0.2004 Top1 93.12 Top5 99.92
2025-12-19 06:08:47,002 - INFO  - [NUDE][TRAIN] Epoch 19/120 Iter 60/390 Loss 0.2170 Top1 92.40 Top5 99.90
2025-12-19 06:08:50,441 - INFO  - [NUDE][TRAIN] Epoch 19/120 Iter 80/390 Loss 0.2205 Top1 92.18 Top5 99.87
2025-12-19 06:08:53,976 - INFO  - [NUDE][TRAIN] Epoch 19/120 Iter 100/390 Loss 0.2194 Top1 92.20 Top5 99.86
2025-12-19 06:08:57,471 - INFO  - [NUDE][TRAIN] Epoch 19/120 Iter 120/390 Loss 0.2194 Top1 92.25 Top5 99.82
2025-12-19 06:09:01,033 - INFO  - [NUDE][TRAIN] Epoch 19/120 Iter 140/390 Loss 0.2223 Top1 92.23 Top5 99.82
2025-12-19 06:09:04,576 - INFO  - [NUDE][TRAIN] Epoch 19/120 Iter 160/390 Loss 0.2222 Top1 92.24 Top5 99.82
2025-12-19 06:09:07,997 - INFO  - [NUDE][TRAIN] Epoch 19/120 Iter 180/390 Loss 0.2206 Top1 92.28 Top5 99.82
2025-12-19 06:09:11,575 - INFO  - [NUDE][TRAIN] Epoch 19/120 Iter 200/390 Loss 0.2224 Top1 92.25 Top5 99.83
2025-12-19 06:09:15,037 - INFO  - [NUDE][TRAIN] Epoch 19/120 Iter 220/390 Loss 0.2240 Top1 92.16 Top5 99.82
2025-12-19 06:09:18,565 - INFO  - [NUDE][TRAIN] Epoch 19/120 Iter 240/390 Loss 0.2242 Top1 92.15 Top5 99.83
2025-12-19 06:09:21,978 - INFO  - [NUDE][TRAIN] Epoch 19/120 Iter 260/390 Loss 0.2265 Top1 92.05 Top5 99.83
2025-12-19 06:09:25,505 - INFO  - [NUDE][TRAIN] Epoch 19/120 Iter 280/390 Loss 0.2282 Top1 92.03 Top5 99.83
2025-12-19 06:09:28,945 - INFO  - [NUDE][TRAIN] Epoch 19/120 Iter 300/390 Loss 0.2307 Top1 91.92 Top5 99.82
2025-12-19 06:09:32,538 - INFO  - [NUDE][TRAIN] Epoch 19/120 Iter 320/390 Loss 0.2305 Top1 91.93 Top5 99.82
2025-12-19 06:09:35,989 - INFO  - [NUDE][TRAIN] Epoch 19/120 Iter 340/390 Loss 0.2299 Top1 91.95 Top5 99.83
2025-12-19 06:09:39,529 - INFO  - [NUDE][TRAIN] Epoch 19/120 Iter 360/390 Loss 0.2303 Top1 91.93 Top5 99.83
2025-12-19 06:09:43,043 - INFO  - [NUDE][TRAIN] Epoch 19/120 Iter 380/390 Loss 0.2309 Top1 91.89 Top5 99.83
2025-12-19 06:09:44,815 - INFO  - [NUDE] Validate: force max bit-width W/A = 6
2025-12-19 06:09:47,109 - INFO  - [NUDE][EPOCH] 19/120 Train: Top1=91.89 Top5=99.83 Loss=0.2312 | Val(EMA): Top1=79.98
2025-12-19 06:09:47,692 - INFO  - ([20] Epoch) Saving checkpoint to:
             Current: /root/autodl-tmp/retraining-free-quantization/training/resnet18_cifar10_nude_srqat_ls1em05/resnet18_cifar10_nude_srqat_ls1em05_checkpoint.pth.tar

2025-12-19 06:09:47,703 - INFO  - [NUDE] Epoch 20: force max bit-width W/A = 6
2025-12-19 06:09:51,464 - INFO  - [NUDE][TRAIN] Epoch 20/120 Iter 20/390 Loss 0.2225 Top1 92.46 Top5 99.80
2025-12-19 06:09:54,980 - INFO  - [NUDE][TRAIN] Epoch 20/120 Iter 40/390 Loss 0.2217 Top1 92.54 Top5 99.86
2025-12-19 06:09:58,418 - INFO  - [NUDE][TRAIN] Epoch 20/120 Iter 60/390 Loss 0.2141 Top1 92.70 Top5 99.87
2025-12-19 06:10:01,858 - INFO  - [NUDE][TRAIN] Epoch 20/120 Iter 80/390 Loss 0.2162 Top1 92.52 Top5 99.88
2025-12-19 06:10:05,389 - INFO  - [NUDE][TRAIN] Epoch 20/120 Iter 100/390 Loss 0.2181 Top1 92.39 Top5 99.86
2025-12-19 06:10:08,926 - INFO  - [NUDE][TRAIN] Epoch 20/120 Iter 120/390 Loss 0.2165 Top1 92.45 Top5 99.86
2025-12-19 06:10:12,359 - INFO  - [NUDE][TRAIN] Epoch 20/120 Iter 140/390 Loss 0.2145 Top1 92.47 Top5 99.88
2025-12-19 06:10:15,861 - INFO  - [NUDE][TRAIN] Epoch 20/120 Iter 160/390 Loss 0.2140 Top1 92.53 Top5 99.86
2025-12-19 06:10:19,256 - INFO  - [NUDE][TRAIN] Epoch 20/120 Iter 180/390 Loss 0.2143 Top1 92.53 Top5 99.86
2025-12-19 06:10:22,729 - INFO  - [NUDE][TRAIN] Epoch 20/120 Iter 200/390 Loss 0.2151 Top1 92.46 Top5 99.87
2025-12-19 06:10:26,100 - INFO  - [NUDE][TRAIN] Epoch 20/120 Iter 220/390 Loss 0.2142 Top1 92.51 Top5 99.87
2025-12-19 06:10:29,615 - INFO  - [NUDE][TRAIN] Epoch 20/120 Iter 240/390 Loss 0.2160 Top1 92.48 Top5 99.88
2025-12-19 06:10:33,048 - INFO  - [NUDE][TRAIN] Epoch 20/120 Iter 260/390 Loss 0.2184 Top1 92.40 Top5 99.88
2025-12-19 06:10:36,566 - INFO  - [NUDE][TRAIN] Epoch 20/120 Iter 280/390 Loss 0.2188 Top1 92.38 Top5 99.88
2025-12-19 06:10:40,059 - INFO  - [NUDE][TRAIN] Epoch 20/120 Iter 300/390 Loss 0.2197 Top1 92.35 Top5 99.88
2025-12-19 06:10:43,617 - INFO  - [NUDE][TRAIN] Epoch 20/120 Iter 320/390 Loss 0.2207 Top1 92.32 Top5 99.87
2025-12-19 06:10:47,051 - INFO  - [NUDE][TRAIN] Epoch 20/120 Iter 340/390 Loss 0.2222 Top1 92.29 Top5 99.87
2025-12-19 06:10:50,578 - INFO  - [NUDE][TRAIN] Epoch 20/120 Iter 360/390 Loss 0.2237 Top1 92.19 Top5 99.87
2025-12-19 06:10:54,103 - INFO  - [NUDE][TRAIN] Epoch 20/120 Iter 380/390 Loss 0.2249 Top1 92.12 Top5 99.86
2025-12-19 06:10:55,871 - INFO  - [NUDE] Validate: force max bit-width W/A = 6
2025-12-19 06:10:58,117 - INFO  - [NUDE][EPOCH] 20/120 Train: Top1=92.13 Top5=99.86 Loss=0.2249 | Val(EMA): Top1=82.57
2025-12-19 06:10:58,697 - INFO  - ([21] Epoch) Saving checkpoint to:
             Current: /root/autodl-tmp/retraining-free-quantization/training/resnet18_cifar10_nude_srqat_ls1em05/resnet18_cifar10_nude_srqat_ls1em05_checkpoint.pth.tar

2025-12-19 06:10:58,707 - INFO  - [NUDE] Epoch 21: force max bit-width W/A = 6
2025-12-19 06:11:02,484 - INFO  - [NUDE][TRAIN] Epoch 21/120 Iter 20/390 Loss 0.2151 Top1 92.81 Top5 99.92
2025-12-19 06:11:05,907 - INFO  - [NUDE][TRAIN] Epoch 21/120 Iter 40/390 Loss 0.2064 Top1 92.66 Top5 99.92
2025-12-19 06:11:09,433 - INFO  - [NUDE][TRAIN] Epoch 21/120 Iter 60/390 Loss 0.2048 Top1 92.80 Top5 99.91
2025-12-19 06:11:12,921 - INFO  - [NUDE][TRAIN] Epoch 21/120 Iter 80/390 Loss 0.2095 Top1 92.66 Top5 99.90
2025-12-19 06:11:16,434 - INFO  - [NUDE][TRAIN] Epoch 21/120 Iter 100/390 Loss 0.2113 Top1 92.56 Top5 99.88
2025-12-19 06:11:19,957 - INFO  - [NUDE][TRAIN] Epoch 21/120 Iter 120/390 Loss 0.2071 Top1 92.71 Top5 99.88
2025-12-19 06:11:23,385 - INFO  - [NUDE][TRAIN] Epoch 21/120 Iter 140/390 Loss 0.2086 Top1 92.67 Top5 99.89
2025-12-19 06:11:26,920 - INFO  - [NUDE][TRAIN] Epoch 21/120 Iter 160/390 Loss 0.2091 Top1 92.68 Top5 99.89
2025-12-19 06:11:30,401 - INFO  - [NUDE][TRAIN] Epoch 21/120 Iter 180/390 Loss 0.2089 Top1 92.72 Top5 99.87
2025-12-19 06:11:33,977 - INFO  - [NUDE][TRAIN] Epoch 21/120 Iter 200/390 Loss 0.2082 Top1 92.79 Top5 99.86
2025-12-19 06:11:37,410 - INFO  - [NUDE][TRAIN] Epoch 21/120 Iter 220/390 Loss 0.2069 Top1 92.84 Top5 99.87
2025-12-19 06:11:40,935 - INFO  - [NUDE][TRAIN] Epoch 21/120 Iter 240/390 Loss 0.2095 Top1 92.71 Top5 99.87
2025-12-19 06:11:44,397 - INFO  - [NUDE][TRAIN] Epoch 21/120 Iter 260/390 Loss 0.2096 Top1 92.69 Top5 99.87
2025-12-19 06:11:47,961 - INFO  - [NUDE][TRAIN] Epoch 21/120 Iter 280/390 Loss 0.2121 Top1 92.61 Top5 99.87
2025-12-19 06:11:51,446 - INFO  - [NUDE][TRAIN] Epoch 21/120 Iter 300/390 Loss 0.2129 Top1 92.56 Top5 99.87
2025-12-19 06:11:54,991 - INFO  - [NUDE][TRAIN] Epoch 21/120 Iter 320/390 Loss 0.2133 Top1 92.54 Top5 99.86
2025-12-19 06:11:58,441 - INFO  - [NUDE][TRAIN] Epoch 21/120 Iter 340/390 Loss 0.2130 Top1 92.56 Top5 99.87
2025-12-19 06:12:01,995 - INFO  - [NUDE][TRAIN] Epoch 21/120 Iter 360/390 Loss 0.2133 Top1 92.55 Top5 99.87
2025-12-19 06:12:05,593 - INFO  - [NUDE][TRAIN] Epoch 21/120 Iter 380/390 Loss 0.2141 Top1 92.52 Top5 99.87
2025-12-19 06:12:07,364 - INFO  - [NUDE] Validate: force max bit-width W/A = 6
2025-12-19 06:12:09,596 - INFO  - [NUDE][EPOCH] 21/120 Train: Top1=92.54 Top5=99.87 Loss=0.2138 | Val(EMA): Top1=84.25
2025-12-19 06:12:10,182 - INFO  - ([22] Epoch) Saving checkpoint to:
             Current: /root/autodl-tmp/retraining-free-quantization/training/resnet18_cifar10_nude_srqat_ls1em05/resnet18_cifar10_nude_srqat_ls1em05_checkpoint.pth.tar

2025-12-19 06:12:10,192 - INFO  - [NUDE] Epoch 22: force max bit-width W/A = 6
2025-12-19 06:12:13,968 - INFO  - [NUDE][TRAIN] Epoch 22/120 Iter 20/390 Loss 0.1951 Top1 93.48 Top5 99.92
2025-12-19 06:12:17,369 - INFO  - [NUDE][TRAIN] Epoch 22/120 Iter 40/390 Loss 0.1859 Top1 93.75 Top5 99.92
2025-12-19 06:12:20,873 - INFO  - [NUDE][TRAIN] Epoch 22/120 Iter 60/390 Loss 0.1897 Top1 93.63 Top5 99.95
2025-12-19 06:12:24,289 - INFO  - [NUDE][TRAIN] Epoch 22/120 Iter 80/390 Loss 0.1916 Top1 93.56 Top5 99.90
2025-12-19 06:12:27,845 - INFO  - [NUDE][TRAIN] Epoch 22/120 Iter 100/390 Loss 0.1916 Top1 93.43 Top5 99.89
2025-12-19 06:12:31,289 - INFO  - [NUDE][TRAIN] Epoch 22/120 Iter 120/390 Loss 0.1913 Top1 93.39 Top5 99.88
2025-12-19 06:12:34,837 - INFO  - [NUDE][TRAIN] Epoch 22/120 Iter 140/390 Loss 0.1930 Top1 93.29 Top5 99.89
2025-12-19 06:12:38,386 - INFO  - [NUDE][TRAIN] Epoch 22/120 Iter 160/390 Loss 0.1957 Top1 93.22 Top5 99.87
2025-12-19 06:12:41,823 - INFO  - [NUDE][TRAIN] Epoch 22/120 Iter 180/390 Loss 0.1990 Top1 93.14 Top5 99.87
2025-12-19 06:12:45,375 - INFO  - [NUDE][TRAIN] Epoch 22/120 Iter 200/390 Loss 0.1992 Top1 93.17 Top5 99.87
2025-12-19 06:12:48,786 - INFO  - [NUDE][TRAIN] Epoch 22/120 Iter 220/390 Loss 0.1999 Top1 93.15 Top5 99.88
2025-12-19 06:12:52,305 - INFO  - [NUDE][TRAIN] Epoch 22/120 Iter 240/390 Loss 0.2030 Top1 93.07 Top5 99.87
2025-12-19 06:12:55,788 - INFO  - [NUDE][TRAIN] Epoch 22/120 Iter 260/390 Loss 0.2033 Top1 93.10 Top5 99.87
2025-12-19 06:12:59,291 - INFO  - [NUDE][TRAIN] Epoch 22/120 Iter 280/390 Loss 0.2044 Top1 93.06 Top5 99.87
2025-12-19 06:13:02,697 - INFO  - [NUDE][TRAIN] Epoch 22/120 Iter 300/390 Loss 0.2046 Top1 93.03 Top5 99.88
2025-12-19 06:13:06,218 - INFO  - [NUDE][TRAIN] Epoch 22/120 Iter 320/390 Loss 0.2047 Top1 92.99 Top5 99.88
2025-12-19 06:13:09,661 - INFO  - [NUDE][TRAIN] Epoch 22/120 Iter 340/390 Loss 0.2048 Top1 92.98 Top5 99.88
2025-12-19 06:13:13,247 - INFO  - [NUDE][TRAIN] Epoch 22/120 Iter 360/390 Loss 0.2057 Top1 92.93 Top5 99.88
2025-12-19 06:13:16,790 - INFO  - [NUDE][TRAIN] Epoch 22/120 Iter 380/390 Loss 0.2067 Top1 92.87 Top5 99.88
2025-12-19 06:13:18,534 - INFO  - [NUDE] Validate: force max bit-width W/A = 6
2025-12-19 06:13:20,793 - INFO  - [NUDE][EPOCH] 22/120 Train: Top1=92.84 Top5=99.88 Loss=0.2074 | Val(EMA): Top1=85.93
2025-12-19 06:13:21,397 - INFO  - ([23] Epoch) Saving checkpoint to:
             Current: /root/autodl-tmp/retraining-free-quantization/training/resnet18_cifar10_nude_srqat_ls1em05/resnet18_cifar10_nude_srqat_ls1em05_checkpoint.pth.tar

2025-12-19 06:13:21,411 - INFO  - [NUDE] Epoch 23: force max bit-width W/A = 6
2025-12-19 06:13:25,152 - INFO  - [NUDE][TRAIN] Epoch 23/120 Iter 20/390 Loss 0.1771 Top1 93.52 Top5 99.96
2025-12-19 06:13:28,587 - INFO  - [NUDE][TRAIN] Epoch 23/120 Iter 40/390 Loss 0.1774 Top1 93.46 Top5 99.94
2025-12-19 06:13:32,079 - INFO  - [NUDE][TRAIN] Epoch 23/120 Iter 60/390 Loss 0.1762 Top1 93.61 Top5 99.96
2025-12-19 06:13:35,548 - INFO  - [NUDE][TRAIN] Epoch 23/120 Iter 80/390 Loss 0.1746 Top1 93.79 Top5 99.97
2025-12-19 06:13:39,103 - INFO  - [NUDE][TRAIN] Epoch 23/120 Iter 100/390 Loss 0.1746 Top1 93.86 Top5 99.96
2025-12-19 06:13:42,523 - INFO  - [NUDE][TRAIN] Epoch 23/120 Iter 120/390 Loss 0.1748 Top1 93.81 Top5 99.97
2025-12-19 06:13:46,073 - INFO  - [NUDE][TRAIN] Epoch 23/120 Iter 140/390 Loss 0.1757 Top1 93.76 Top5 99.96
2025-12-19 06:13:49,582 - INFO  - [NUDE][TRAIN] Epoch 23/120 Iter 160/390 Loss 0.1794 Top1 93.70 Top5 99.95
2025-12-19 06:13:53,042 - INFO  - [NUDE][TRAIN] Epoch 23/120 Iter 180/390 Loss 0.1837 Top1 93.58 Top5 99.92
2025-12-19 06:13:56,488 - INFO  - [NUDE][TRAIN] Epoch 23/120 Iter 200/390 Loss 0.1849 Top1 93.55 Top5 99.91
2025-12-19 06:13:59,852 - INFO  - [NUDE][TRAIN] Epoch 23/120 Iter 220/390 Loss 0.1842 Top1 93.60 Top5 99.91
2025-12-19 06:14:03,311 - INFO  - [NUDE][TRAIN] Epoch 23/120 Iter 240/390 Loss 0.1848 Top1 93.53 Top5 99.92
2025-12-19 06:14:06,748 - INFO  - [NUDE][TRAIN] Epoch 23/120 Iter 260/390 Loss 0.1857 Top1 93.50 Top5 99.92
2025-12-19 06:14:10,307 - INFO  - [NUDE][TRAIN] Epoch 23/120 Iter 280/390 Loss 0.1860 Top1 93.50 Top5 99.92
2025-12-19 06:14:13,741 - INFO  - [NUDE][TRAIN] Epoch 23/120 Iter 300/390 Loss 0.1872 Top1 93.44 Top5 99.91
2025-12-19 06:14:17,254 - INFO  - [NUDE][TRAIN] Epoch 23/120 Iter 320/390 Loss 0.1883 Top1 93.44 Top5 99.90
2025-12-19 06:14:20,714 - INFO  - [NUDE][TRAIN] Epoch 23/120 Iter 340/390 Loss 0.1891 Top1 93.43 Top5 99.90
2025-12-19 06:14:24,259 - INFO  - [NUDE][TRAIN] Epoch 23/120 Iter 360/390 Loss 0.1909 Top1 93.35 Top5 99.90
2025-12-19 06:14:27,783 - INFO  - [NUDE][TRAIN] Epoch 23/120 Iter 380/390 Loss 0.1918 Top1 93.33 Top5 99.90
2025-12-19 06:14:29,536 - INFO  - [NUDE] Validate: force max bit-width W/A = 6
2025-12-19 06:14:31,809 - INFO  - [NUDE][EPOCH] 23/120 Train: Top1=93.29 Top5=99.90 Loss=0.1928 | Val(EMA): Top1=87.18
2025-12-19 06:14:32,384 - INFO  - ([24] Epoch) Saving checkpoint to:
             Current: /root/autodl-tmp/retraining-free-quantization/training/resnet18_cifar10_nude_srqat_ls1em05/resnet18_cifar10_nude_srqat_ls1em05_checkpoint.pth.tar

2025-12-19 06:14:32,395 - INFO  - [NUDE] Epoch 24: force max bit-width W/A = 6
2025-12-19 06:14:36,123 - INFO  - [NUDE][TRAIN] Epoch 24/120 Iter 20/390 Loss 0.1772 Top1 93.75 Top5 99.84
2025-12-19 06:14:39,637 - INFO  - [NUDE][TRAIN] Epoch 24/120 Iter 40/390 Loss 0.1591 Top1 94.24 Top5 99.86
2025-12-19 06:14:43,070 - INFO  - [NUDE][TRAIN] Epoch 24/120 Iter 60/390 Loss 0.1680 Top1 94.05 Top5 99.88
2025-12-19 06:14:46,532 - INFO  - [NUDE][TRAIN] Epoch 24/120 Iter 80/390 Loss 0.1739 Top1 93.82 Top5 99.88
2025-12-19 06:14:50,051 - INFO  - [NUDE][TRAIN] Epoch 24/120 Iter 100/390 Loss 0.1792 Top1 93.59 Top5 99.88
2025-12-19 06:14:53,596 - INFO  - [NUDE][TRAIN] Epoch 24/120 Iter 120/390 Loss 0.1793 Top1 93.63 Top5 99.88
2025-12-19 06:14:57,019 - INFO  - [NUDE][TRAIN] Epoch 24/120 Iter 140/390 Loss 0.1823 Top1 93.47 Top5 99.89
2025-12-19 06:15:00,551 - INFO  - [NUDE][TRAIN] Epoch 24/120 Iter 160/390 Loss 0.1828 Top1 93.51 Top5 99.90
2025-12-19 06:15:04,019 - INFO  - [NUDE][TRAIN] Epoch 24/120 Iter 180/390 Loss 0.1832 Top1 93.48 Top5 99.91
2025-12-19 06:15:07,550 - INFO  - [NUDE][TRAIN] Epoch 24/120 Iter 200/390 Loss 0.1828 Top1 93.54 Top5 99.91
2025-12-19 06:15:10,970 - INFO  - [NUDE][TRAIN] Epoch 24/120 Iter 220/390 Loss 0.1840 Top1 93.50 Top5 99.91
2025-12-19 06:15:14,524 - INFO  - [NUDE][TRAIN] Epoch 24/120 Iter 240/390 Loss 0.1841 Top1 93.49 Top5 99.92
2025-12-19 06:15:17,942 - INFO  - [NUDE][TRAIN] Epoch 24/120 Iter 260/390 Loss 0.1848 Top1 93.43 Top5 99.92
2025-12-19 06:15:21,517 - INFO  - [NUDE][TRAIN] Epoch 24/120 Iter 280/390 Loss 0.1849 Top1 93.42 Top5 99.92
2025-12-19 06:15:24,966 - INFO  - [NUDE][TRAIN] Epoch 24/120 Iter 300/390 Loss 0.1848 Top1 93.44 Top5 99.92
2025-12-19 06:15:28,499 - INFO  - [NUDE][TRAIN] Epoch 24/120 Iter 320/390 Loss 0.1852 Top1 93.42 Top5 99.92
2025-12-19 06:15:31,936 - INFO  - [NUDE][TRAIN] Epoch 24/120 Iter 340/390 Loss 0.1844 Top1 93.47 Top5 99.92
2025-12-19 06:15:35,490 - INFO  - [NUDE][TRAIN] Epoch 24/120 Iter 360/390 Loss 0.1858 Top1 93.44 Top5 99.92
2025-12-19 06:15:39,101 - INFO  - [NUDE][TRAIN] Epoch 24/120 Iter 380/390 Loss 0.1868 Top1 93.40 Top5 99.92
2025-12-19 06:15:40,905 - INFO  - [NUDE] Validate: force max bit-width W/A = 6
2025-12-19 06:15:43,163 - INFO  - [NUDE][EPOCH] 24/120 Train: Top1=93.39 Top5=99.92 Loss=0.1872 | Val(EMA): Top1=88.18
2025-12-19 06:15:43,796 - INFO  - ([25] Epoch) Saving checkpoint to:
             Current: /root/autodl-tmp/retraining-free-quantization/training/resnet18_cifar10_nude_srqat_ls1em05/resnet18_cifar10_nude_srqat_ls1em05_checkpoint.pth.tar

2025-12-19 06:15:43,806 - INFO  - [NUDE] Epoch 25: force max bit-width W/A = 6
2025-12-19 06:15:47,522 - INFO  - [NUDE][TRAIN] Epoch 25/120 Iter 20/390 Loss 0.1688 Top1 93.95 Top5 100.00
2025-12-19 06:15:50,896 - INFO  - [NUDE][TRAIN] Epoch 25/120 Iter 40/390 Loss 0.1710 Top1 93.81 Top5 99.96
2025-12-19 06:15:54,365 - INFO  - [NUDE][TRAIN] Epoch 25/120 Iter 60/390 Loss 0.1700 Top1 94.01 Top5 99.96
2025-12-19 06:15:57,785 - INFO  - [NUDE][TRAIN] Epoch 25/120 Iter 80/390 Loss 0.1676 Top1 94.14 Top5 99.97
2025-12-19 06:16:01,373 - INFO  - [NUDE][TRAIN] Epoch 25/120 Iter 100/390 Loss 0.1713 Top1 94.02 Top5 99.95
2025-12-19 06:16:04,928 - INFO  - [NUDE][TRAIN] Epoch 25/120 Iter 120/390 Loss 0.1738 Top1 93.87 Top5 99.95
2025-12-19 06:16:08,377 - INFO  - [NUDE][TRAIN] Epoch 25/120 Iter 140/390 Loss 0.1748 Top1 93.85 Top5 99.94
2025-12-19 06:16:12,046 - INFO  - [NUDE][TRAIN] Epoch 25/120 Iter 160/390 Loss 0.1747 Top1 93.87 Top5 99.93
2025-12-19 06:16:15,653 - INFO  - [NUDE][TRAIN] Epoch 25/120 Iter 180/390 Loss 0.1729 Top1 93.94 Top5 99.93
2025-12-19 06:16:19,202 - INFO  - [NUDE][TRAIN] Epoch 25/120 Iter 200/390 Loss 0.1730 Top1 93.97 Top5 99.93
2025-12-19 06:16:22,643 - INFO  - [NUDE][TRAIN] Epoch 25/120 Iter 220/390 Loss 0.1764 Top1 93.83 Top5 99.92
2025-12-19 06:16:26,186 - INFO  - [NUDE][TRAIN] Epoch 25/120 Iter 240/390 Loss 0.1776 Top1 93.77 Top5 99.92
2025-12-19 06:16:29,613 - INFO  - [NUDE][TRAIN] Epoch 25/120 Iter 260/390 Loss 0.1780 Top1 93.75 Top5 99.91
2025-12-19 06:16:33,144 - INFO  - [NUDE][TRAIN] Epoch 25/120 Iter 280/390 Loss 0.1776 Top1 93.79 Top5 99.91
2025-12-19 06:16:36,643 - INFO  - [NUDE][TRAIN] Epoch 25/120 Iter 300/390 Loss 0.1788 Top1 93.75 Top5 99.91
2025-12-19 06:16:40,142 - INFO  - [NUDE][TRAIN] Epoch 25/120 Iter 320/390 Loss 0.1800 Top1 93.71 Top5 99.91
2025-12-19 06:16:43,552 - INFO  - [NUDE][TRAIN] Epoch 25/120 Iter 340/390 Loss 0.1800 Top1 93.72 Top5 99.91
2025-12-19 06:16:47,096 - INFO  - [NUDE][TRAIN] Epoch 25/120 Iter 360/390 Loss 0.1802 Top1 93.70 Top5 99.92
2025-12-19 06:16:50,603 - INFO  - [NUDE][TRAIN] Epoch 25/120 Iter 380/390 Loss 0.1801 Top1 93.71 Top5 99.92
2025-12-19 06:16:52,383 - INFO  - [NUDE] Validate: force max bit-width W/A = 6
2025-12-19 06:16:54,678 - INFO  - [NUDE][EPOCH] 25/120 Train: Top1=93.68 Top5=99.92 Loss=0.1810 | Val(EMA): Top1=88.63
2025-12-19 06:16:55,354 - INFO  - ([26] Epoch) Saving checkpoint to:
             Current: /root/autodl-tmp/retraining-free-quantization/training/resnet18_cifar10_nude_srqat_ls1em05/resnet18_cifar10_nude_srqat_ls1em05_checkpoint.pth.tar

2025-12-19 06:16:55,365 - INFO  - [NUDE] Epoch 26: force max bit-width W/A = 6
2025-12-19 06:16:59,175 - INFO  - [NUDE][TRAIN] Epoch 26/120 Iter 20/390 Loss 0.1446 Top1 95.20 Top5 99.96
2025-12-19 06:17:02,650 - INFO  - [NUDE][TRAIN] Epoch 26/120 Iter 40/390 Loss 0.1568 Top1 94.57 Top5 99.96
2025-12-19 06:17:06,196 - INFO  - [NUDE][TRAIN] Epoch 26/120 Iter 60/390 Loss 0.1670 Top1 94.34 Top5 99.95
2025-12-19 06:17:09,639 - INFO  - [NUDE][TRAIN] Epoch 26/120 Iter 80/390 Loss 0.1670 Top1 94.26 Top5 99.93
2025-12-19 06:17:13,164 - INFO  - [NUDE][TRAIN] Epoch 26/120 Iter 100/390 Loss 0.1672 Top1 94.19 Top5 99.93
2025-12-19 06:17:16,635 - INFO  - [NUDE][TRAIN] Epoch 26/120 Iter 120/390 Loss 0.1683 Top1 94.20 Top5 99.94
2025-12-19 06:17:20,149 - INFO  - [NUDE][TRAIN] Epoch 26/120 Iter 140/390 Loss 0.1690 Top1 94.19 Top5 99.94
2025-12-19 06:17:23,718 - INFO  - [NUDE][TRAIN] Epoch 26/120 Iter 160/390 Loss 0.1696 Top1 94.12 Top5 99.94
2025-12-19 06:17:27,177 - INFO  - [NUDE][TRAIN] Epoch 26/120 Iter 180/390 Loss 0.1674 Top1 94.18 Top5 99.94
2025-12-19 06:17:30,767 - INFO  - [NUDE][TRAIN] Epoch 26/120 Iter 200/390 Loss 0.1688 Top1 94.10 Top5 99.94
2025-12-19 06:17:34,196 - INFO  - [NUDE][TRAIN] Epoch 26/120 Iter 220/390 Loss 0.1690 Top1 94.06 Top5 99.94
2025-12-19 06:17:37,694 - INFO  - [NUDE][TRAIN] Epoch 26/120 Iter 240/390 Loss 0.1703 Top1 94.05 Top5 99.94
2025-12-19 06:17:41,104 - INFO  - [NUDE][TRAIN] Epoch 26/120 Iter 260/390 Loss 0.1707 Top1 94.04 Top5 99.93
2025-12-19 06:17:44,639 - INFO  - [NUDE][TRAIN] Epoch 26/120 Iter 280/390 Loss 0.1710 Top1 94.02 Top5 99.93
2025-12-19 06:17:48,126 - INFO  - [NUDE][TRAIN] Epoch 26/120 Iter 300/390 Loss 0.1717 Top1 94.01 Top5 99.93
2025-12-19 06:17:51,701 - INFO  - [NUDE][TRAIN] Epoch 26/120 Iter 320/390 Loss 0.1722 Top1 94.00 Top5 99.93
2025-12-19 06:17:55,248 - INFO  - [NUDE][TRAIN] Epoch 26/120 Iter 340/390 Loss 0.1717 Top1 94.03 Top5 99.92
2025-12-19 06:17:58,849 - INFO  - [NUDE][TRAIN] Epoch 26/120 Iter 360/390 Loss 0.1726 Top1 94.04 Top5 99.92
2025-12-19 06:18:02,371 - INFO  - [NUDE][TRAIN] Epoch 26/120 Iter 380/390 Loss 0.1732 Top1 94.02 Top5 99.92
2025-12-19 06:18:04,117 - INFO  - [NUDE] Validate: force max bit-width W/A = 6
2025-12-19 06:18:06,387 - INFO  - [NUDE][EPOCH] 26/120 Train: Top1=94.02 Top5=99.92 Loss=0.1728 | Val(EMA): Top1=89.31
2025-12-19 06:18:07,063 - INFO  - ([27] Epoch) Saving checkpoint to:
             Current: /root/autodl-tmp/retraining-free-quantization/training/resnet18_cifar10_nude_srqat_ls1em05/resnet18_cifar10_nude_srqat_ls1em05_checkpoint.pth.tar

2025-12-19 06:18:07,076 - INFO  - [NUDE] Epoch 27: force max bit-width W/A = 6
2025-12-19 06:18:10,841 - INFO  - [NUDE][TRAIN] Epoch 27/120 Iter 20/390 Loss 0.1386 Top1 94.84 Top5 100.00
2025-12-19 06:18:14,271 - INFO  - [NUDE][TRAIN] Epoch 27/120 Iter 40/390 Loss 0.1519 Top1 94.51 Top5 100.00
2025-12-19 06:18:17,794 - INFO  - [NUDE][TRAIN] Epoch 27/120 Iter 60/390 Loss 0.1487 Top1 94.75 Top5 99.97
2025-12-19 06:18:21,269 - INFO  - [NUDE][TRAIN] Epoch 27/120 Iter 80/390 Loss 0.1490 Top1 94.79 Top5 99.96
2025-12-19 06:18:24,775 - INFO  - [NUDE][TRAIN] Epoch 27/120 Iter 100/390 Loss 0.1508 Top1 94.67 Top5 99.95
2025-12-19 06:18:28,205 - INFO  - [NUDE][TRAIN] Epoch 27/120 Iter 120/390 Loss 0.1524 Top1 94.60 Top5 99.95
2025-12-19 06:18:31,742 - INFO  - [NUDE][TRAIN] Epoch 27/120 Iter 140/390 Loss 0.1521 Top1 94.64 Top5 99.95
2025-12-19 06:18:35,254 - INFO  - [NUDE][TRAIN] Epoch 27/120 Iter 160/390 Loss 0.1522 Top1 94.60 Top5 99.94
2025-12-19 06:18:38,677 - INFO  - [NUDE][TRAIN] Epoch 27/120 Iter 180/390 Loss 0.1562 Top1 94.51 Top5 99.94
2025-12-19 06:18:42,182 - INFO  - [NUDE][TRAIN] Epoch 27/120 Iter 200/390 Loss 0.1580 Top1 94.47 Top5 99.94
2025-12-19 06:18:45,645 - INFO  - [NUDE][TRAIN] Epoch 27/120 Iter 220/390 Loss 0.1596 Top1 94.46 Top5 99.93
2025-12-19 06:18:49,151 - INFO  - [NUDE][TRAIN] Epoch 27/120 Iter 240/390 Loss 0.1604 Top1 94.40 Top5 99.93
2025-12-19 06:18:52,634 - INFO  - [NUDE][TRAIN] Epoch 27/120 Iter 260/390 Loss 0.1601 Top1 94.41 Top5 99.94
2025-12-19 06:18:56,167 - INFO  - [NUDE][TRAIN] Epoch 27/120 Iter 280/390 Loss 0.1602 Top1 94.40 Top5 99.94
2025-12-19 06:18:59,588 - INFO  - [NUDE][TRAIN] Epoch 27/120 Iter 300/390 Loss 0.1609 Top1 94.41 Top5 99.94
2025-12-19 06:19:03,126 - INFO  - [NUDE][TRAIN] Epoch 27/120 Iter 320/390 Loss 0.1616 Top1 94.38 Top5 99.94
2025-12-19 06:19:06,548 - INFO  - [NUDE][TRAIN] Epoch 27/120 Iter 340/390 Loss 0.1622 Top1 94.35 Top5 99.94
2025-12-19 06:19:10,095 - INFO  - [NUDE][TRAIN] Epoch 27/120 Iter 360/390 Loss 0.1630 Top1 94.31 Top5 99.93
2025-12-19 06:19:13,615 - INFO  - [NUDE][TRAIN] Epoch 27/120 Iter 380/390 Loss 0.1638 Top1 94.28 Top5 99.94
2025-12-19 06:19:15,377 - INFO  - [NUDE] Validate: force max bit-width W/A = 6
2025-12-19 06:19:17,648 - INFO  - [NUDE][EPOCH] 27/120 Train: Top1=94.27 Top5=99.94 Loss=0.1641 | Val(EMA): Top1=89.81
2025-12-19 06:19:18,401 - INFO  - ([28] Epoch) Saving checkpoint to:
             Current: /root/autodl-tmp/retraining-free-quantization/training/resnet18_cifar10_nude_srqat_ls1em05/resnet18_cifar10_nude_srqat_ls1em05_checkpoint.pth.tar

2025-12-19 06:19:18,412 - INFO  - [NUDE] Epoch 28: force max bit-width W/A = 6
2025-12-19 06:19:22,141 - INFO  - [NUDE][TRAIN] Epoch 28/120 Iter 20/390 Loss 0.1646 Top1 94.10 Top5 99.96
2025-12-19 06:19:25,590 - INFO  - [NUDE][TRAIN] Epoch 28/120 Iter 40/390 Loss 0.1576 Top1 94.34 Top5 99.98
2025-12-19 06:19:28,955 - INFO  - [NUDE][TRAIN] Epoch 28/120 Iter 60/390 Loss 0.1547 Top1 94.66 Top5 99.97
2025-12-19 06:19:32,334 - INFO  - [NUDE][TRAIN] Epoch 28/120 Iter 80/390 Loss 0.1547 Top1 94.65 Top5 99.97
2025-12-19 06:19:35,842 - INFO  - [NUDE][TRAIN] Epoch 28/120 Iter 100/390 Loss 0.1554 Top1 94.66 Top5 99.95
2025-12-19 06:19:39,374 - INFO  - [NUDE][TRAIN] Epoch 28/120 Iter 120/390 Loss 0.1557 Top1 94.72 Top5 99.95
2025-12-19 06:19:42,792 - INFO  - [NUDE][TRAIN] Epoch 28/120 Iter 140/390 Loss 0.1560 Top1 94.72 Top5 99.96
2025-12-19 06:19:46,325 - INFO  - [NUDE][TRAIN] Epoch 28/120 Iter 160/390 Loss 0.1582 Top1 94.52 Top5 99.96
2025-12-19 06:19:49,796 - INFO  - [NUDE][TRAIN] Epoch 28/120 Iter 180/390 Loss 0.1572 Top1 94.52 Top5 99.95
2025-12-19 06:19:53,307 - INFO  - [NUDE][TRAIN] Epoch 28/120 Iter 200/390 Loss 0.1584 Top1 94.50 Top5 99.95
2025-12-19 06:19:56,794 - INFO  - [NUDE][TRAIN] Epoch 28/120 Iter 220/390 Loss 0.1587 Top1 94.49 Top5 99.94
2025-12-19 06:20:00,383 - INFO  - [NUDE][TRAIN] Epoch 28/120 Iter 240/390 Loss 0.1576 Top1 94.53 Top5 99.94
2025-12-19 06:20:03,825 - INFO  - [NUDE][TRAIN] Epoch 28/120 Iter 260/390 Loss 0.1573 Top1 94.52 Top5 99.95
2025-12-19 06:20:07,357 - INFO  - [NUDE][TRAIN] Epoch 28/120 Iter 280/390 Loss 0.1586 Top1 94.49 Top5 99.94
2025-12-19 06:20:10,861 - INFO  - [NUDE][TRAIN] Epoch 28/120 Iter 300/390 Loss 0.1603 Top1 94.42 Top5 99.95
2025-12-19 06:20:14,448 - INFO  - [NUDE][TRAIN] Epoch 28/120 Iter 320/390 Loss 0.1611 Top1 94.43 Top5 99.94
2025-12-19 06:20:17,873 - INFO  - [NUDE][TRAIN] Epoch 28/120 Iter 340/390 Loss 0.1604 Top1 94.46 Top5 99.94
2025-12-19 06:20:21,405 - INFO  - [NUDE][TRAIN] Epoch 28/120 Iter 360/390 Loss 0.1605 Top1 94.44 Top5 99.95
2025-12-19 06:20:24,939 - INFO  - [NUDE][TRAIN] Epoch 28/120 Iter 380/390 Loss 0.1595 Top1 94.46 Top5 99.95
2025-12-19 06:20:26,698 - INFO  - [NUDE] Validate: force max bit-width W/A = 6
2025-12-19 06:20:28,965 - INFO  - [NUDE][EPOCH] 28/120 Train: Top1=94.47 Top5=99.95 Loss=0.1595 | Val(EMA): Top1=90.28
2025-12-19 06:20:29,638 - INFO  - ([29] Epoch) Saving checkpoint to:
             Current: /root/autodl-tmp/retraining-free-quantization/training/resnet18_cifar10_nude_srqat_ls1em05/resnet18_cifar10_nude_srqat_ls1em05_checkpoint.pth.tar

2025-12-19 06:20:29,649 - INFO  - [NUDE] Epoch 29: force max bit-width W/A = 6
2025-12-19 06:20:33,441 - INFO  - [NUDE][TRAIN] Epoch 29/120 Iter 20/390 Loss 0.1269 Top1 95.59 Top5 100.00
2025-12-19 06:20:36,914 - INFO  - [NUDE][TRAIN] Epoch 29/120 Iter 40/390 Loss 0.1320 Top1 95.35 Top5 99.96
2025-12-19 06:20:40,477 - INFO  - [NUDE][TRAIN] Epoch 29/120 Iter 60/390 Loss 0.1410 Top1 95.00 Top5 99.96
2025-12-19 06:20:43,940 - INFO  - [NUDE][TRAIN] Epoch 29/120 Iter 80/390 Loss 0.1452 Top1 95.03 Top5 99.96
2025-12-19 06:20:47,488 - INFO  - [NUDE][TRAIN] Epoch 29/120 Iter 100/390 Loss 0.1436 Top1 95.12 Top5 99.95
2025-12-19 06:20:51,021 - INFO  - [NUDE][TRAIN] Epoch 29/120 Iter 120/390 Loss 0.1439 Top1 95.01 Top5 99.95
2025-12-19 06:20:54,469 - INFO  - [NUDE][TRAIN] Epoch 29/120 Iter 140/390 Loss 0.1449 Top1 94.92 Top5 99.95
2025-12-19 06:20:57,982 - INFO  - [NUDE][TRAIN] Epoch 29/120 Iter 160/390 Loss 0.1504 Top1 94.77 Top5 99.95
2025-12-19 06:21:01,408 - INFO  - [NUDE][TRAIN] Epoch 29/120 Iter 180/390 Loss 0.1504 Top1 94.78 Top5 99.94
2025-12-19 06:21:04,945 - INFO  - [NUDE][TRAIN] Epoch 29/120 Iter 200/390 Loss 0.1510 Top1 94.74 Top5 99.95
2025-12-19 06:21:08,372 - INFO  - [NUDE][TRAIN] Epoch 29/120 Iter 220/390 Loss 0.1493 Top1 94.82 Top5 99.95
2025-12-19 06:21:11,849 - INFO  - [NUDE][TRAIN] Epoch 29/120 Iter 240/390 Loss 0.1510 Top1 94.73 Top5 99.94
2025-12-19 06:21:15,234 - INFO  - [NUDE][TRAIN] Epoch 29/120 Iter 260/390 Loss 0.1512 Top1 94.70 Top5 99.94
2025-12-19 06:21:18,692 - INFO  - [NUDE][TRAIN] Epoch 29/120 Iter 280/390 Loss 0.1516 Top1 94.68 Top5 99.94
2025-12-19 06:21:22,075 - INFO  - [NUDE][TRAIN] Epoch 29/120 Iter 300/390 Loss 0.1503 Top1 94.74 Top5 99.94
2025-12-19 06:21:25,602 - INFO  - [NUDE][TRAIN] Epoch 29/120 Iter 320/390 Loss 0.1499 Top1 94.76 Top5 99.94
2025-12-19 06:21:29,036 - INFO  - [NUDE][TRAIN] Epoch 29/120 Iter 340/390 Loss 0.1498 Top1 94.76 Top5 99.94
2025-12-19 06:21:32,562 - INFO  - [NUDE][TRAIN] Epoch 29/120 Iter 360/390 Loss 0.1506 Top1 94.73 Top5 99.94
2025-12-19 06:21:36,116 - INFO  - [NUDE][TRAIN] Epoch 29/120 Iter 380/390 Loss 0.1505 Top1 94.73 Top5 99.94
2025-12-19 06:21:37,872 - INFO  - [NUDE] Validate: force max bit-width W/A = 6
2025-12-19 06:21:40,132 - INFO  - [NUDE][EPOCH] 29/120 Train: Top1=94.76 Top5=99.94 Loss=0.1502 | Val(EMA): Top1=90.74
2025-12-19 06:21:40,733 - INFO  - ([30] Epoch) Saving checkpoint to:
             Current: /root/autodl-tmp/retraining-free-quantization/training/resnet18_cifar10_nude_srqat_ls1em05/resnet18_cifar10_nude_srqat_ls1em05_checkpoint.pth.tar

2025-12-19 06:21:40,744 - INFO  - [NUDE] Epoch 30: force max bit-width W/A = 6
2025-12-19 06:21:44,495 - INFO  - [NUDE][TRAIN] Epoch 30/120 Iter 20/390 Loss 0.1265 Top1 95.31 Top5 99.92
2025-12-19 06:21:47,956 - INFO  - [NUDE][TRAIN] Epoch 30/120 Iter 40/390 Loss 0.1367 Top1 94.84 Top5 99.94
2025-12-19 06:21:51,491 - INFO  - [NUDE][TRAIN] Epoch 30/120 Iter 60/390 Loss 0.1397 Top1 94.79 Top5 99.95
2025-12-19 06:21:54,959 - INFO  - [NUDE][TRAIN] Epoch 30/120 Iter 80/390 Loss 0.1400 Top1 94.86 Top5 99.95
2025-12-19 06:21:58,499 - INFO  - [NUDE][TRAIN] Epoch 30/120 Iter 100/390 Loss 0.1371 Top1 95.06 Top5 99.95
2025-12-19 06:22:01,931 - INFO  - [NUDE][TRAIN] Epoch 30/120 Iter 120/390 Loss 0.1341 Top1 95.18 Top5 99.95
2025-12-19 06:22:05,477 - INFO  - [NUDE][TRAIN] Epoch 30/120 Iter 140/390 Loss 0.1359 Top1 95.18 Top5 99.94
2025-12-19 06:22:08,979 - INFO  - [NUDE][TRAIN] Epoch 30/120 Iter 160/390 Loss 0.1383 Top1 95.07 Top5 99.95
2025-12-19 06:22:12,411 - INFO  - [NUDE][TRAIN] Epoch 30/120 Iter 180/390 Loss 0.1406 Top1 95.04 Top5 99.94
2025-12-19 06:22:15,947 - INFO  - [NUDE][TRAIN] Epoch 30/120 Iter 200/390 Loss 0.1424 Top1 94.97 Top5 99.95
2025-12-19 06:22:19,392 - INFO  - [NUDE][TRAIN] Epoch 30/120 Iter 220/390 Loss 0.1445 Top1 94.87 Top5 99.95
2025-12-19 06:22:22,923 - INFO  - [NUDE][TRAIN] Epoch 30/120 Iter 240/390 Loss 0.1473 Top1 94.74 Top5 99.95
2025-12-19 06:22:26,394 - INFO  - [NUDE][TRAIN] Epoch 30/120 Iter 260/390 Loss 0.1504 Top1 94.62 Top5 99.94
2025-12-19 06:22:29,917 - INFO  - [NUDE][TRAIN] Epoch 30/120 Iter 280/390 Loss 0.1504 Top1 94.60 Top5 99.94
2025-12-19 06:22:33,344 - INFO  - [NUDE][TRAIN] Epoch 30/120 Iter 300/390 Loss 0.1509 Top1 94.60 Top5 99.94
2025-12-19 06:22:36,874 - INFO  - [NUDE][TRAIN] Epoch 30/120 Iter 320/390 Loss 0.1505 Top1 94.62 Top5 99.94
2025-12-19 06:22:40,305 - INFO  - [NUDE][TRAIN] Epoch 30/120 Iter 340/390 Loss 0.1501 Top1 94.62 Top5 99.95
2025-12-19 06:22:43,859 - INFO  - [NUDE][TRAIN] Epoch 30/120 Iter 360/390 Loss 0.1518 Top1 94.55 Top5 99.94
2025-12-19 06:22:47,365 - INFO  - [NUDE][TRAIN] Epoch 30/120 Iter 380/390 Loss 0.1536 Top1 94.50 Top5 99.93
2025-12-19 06:22:49,127 - INFO  - [NUDE] Validate: force max bit-width W/A = 6
2025-12-19 06:22:51,375 - INFO  - [NUDE][EPOCH] 30/120 Train: Top1=94.49 Top5=99.93 Loss=0.1539 | Val(EMA): Top1=91.13
2025-12-19 06:22:51,983 - INFO  - ([31] Epoch) Saving checkpoint to:
             Current: /root/autodl-tmp/retraining-free-quantization/training/resnet18_cifar10_nude_srqat_ls1em05/resnet18_cifar10_nude_srqat_ls1em05_checkpoint.pth.tar

2025-12-19 06:22:51,993 - INFO  - [NUDE] Epoch 31: force max bit-width W/A = 6
2025-12-19 06:22:55,756 - INFO  - [NUDE][TRAIN] Epoch 31/120 Iter 20/390 Loss 0.1256 Top1 95.39 Top5 99.92
2025-12-19 06:22:59,178 - INFO  - [NUDE][TRAIN] Epoch 31/120 Iter 40/390 Loss 0.1275 Top1 95.45 Top5 99.94
2025-12-19 06:23:02,650 - INFO  - [NUDE][TRAIN] Epoch 31/120 Iter 60/390 Loss 0.1376 Top1 95.17 Top5 99.92
2025-12-19 06:23:06,035 - INFO  - [NUDE][TRAIN] Epoch 31/120 Iter 80/390 Loss 0.1340 Top1 95.26 Top5 99.94
2025-12-19 06:23:09,535 - INFO  - [NUDE][TRAIN] Epoch 31/120 Iter 100/390 Loss 0.1329 Top1 95.34 Top5 99.95
2025-12-19 06:23:12,931 - INFO  - [NUDE][TRAIN] Epoch 31/120 Iter 120/390 Loss 0.1326 Top1 95.27 Top5 99.95
2025-12-19 06:23:16,469 - INFO  - [NUDE][TRAIN] Epoch 31/120 Iter 140/390 Loss 0.1322 Top1 95.28 Top5 99.95
2025-12-19 06:23:19,990 - INFO  - [NUDE][TRAIN] Epoch 31/120 Iter 160/390 Loss 0.1289 Top1 95.40 Top5 99.96
2025-12-19 06:23:23,401 - INFO  - [NUDE][TRAIN] Epoch 31/120 Iter 180/390 Loss 0.1304 Top1 95.39 Top5 99.96
2025-12-19 06:23:26,959 - INFO  - [NUDE][TRAIN] Epoch 31/120 Iter 200/390 Loss 0.1324 Top1 95.34 Top5 99.95
2025-12-19 06:23:30,388 - INFO  - [NUDE][TRAIN] Epoch 31/120 Iter 220/390 Loss 0.1349 Top1 95.25 Top5 99.95
2025-12-19 06:23:33,908 - INFO  - [NUDE][TRAIN] Epoch 31/120 Iter 240/390 Loss 0.1359 Top1 95.21 Top5 99.95
2025-12-19 06:23:37,381 - INFO  - [NUDE][TRAIN] Epoch 31/120 Iter 260/390 Loss 0.1358 Top1 95.23 Top5 99.95
2025-12-19 06:23:40,951 - INFO  - [NUDE][TRAIN] Epoch 31/120 Iter 280/390 Loss 0.1374 Top1 95.20 Top5 99.95
2025-12-19 06:23:44,368 - INFO  - [NUDE][TRAIN] Epoch 31/120 Iter 300/390 Loss 0.1381 Top1 95.15 Top5 99.95
2025-12-19 06:23:47,894 - INFO  - [NUDE][TRAIN] Epoch 31/120 Iter 320/390 Loss 0.1392 Top1 95.13 Top5 99.95
2025-12-19 06:23:51,312 - INFO  - [NUDE][TRAIN] Epoch 31/120 Iter 340/390 Loss 0.1393 Top1 95.14 Top5 99.94
2025-12-19 06:23:54,852 - INFO  - [NUDE][TRAIN] Epoch 31/120 Iter 360/390 Loss 0.1395 Top1 95.13 Top5 99.95
2025-12-19 06:23:58,414 - INFO  - [NUDE][TRAIN] Epoch 31/120 Iter 380/390 Loss 0.1405 Top1 95.09 Top5 99.95
2025-12-19 06:24:00,236 - INFO  - [NUDE] Validate: force max bit-width W/A = 6
2025-12-19 06:24:02,490 - INFO  - [NUDE][EPOCH] 31/120 Train: Top1=95.05 Top5=99.94 Loss=0.1416 | Val(EMA): Top1=91.45
2025-12-19 06:24:03,096 - INFO  - ([32] Epoch) Saving checkpoint to:
             Current: /root/autodl-tmp/retraining-free-quantization/training/resnet18_cifar10_nude_srqat_ls1em05/resnet18_cifar10_nude_srqat_ls1em05_checkpoint.pth.tar

2025-12-19 06:24:03,106 - INFO  - [NUDE] Epoch 32: force max bit-width W/A = 6
2025-12-19 06:24:06,898 - INFO  - [NUDE][TRAIN] Epoch 32/120 Iter 20/390 Loss 0.1250 Top1 95.82 Top5 99.92
2025-12-19 06:24:10,416 - INFO  - [NUDE][TRAIN] Epoch 32/120 Iter 40/390 Loss 0.1242 Top1 95.76 Top5 99.94
2025-12-19 06:24:13,843 - INFO  - [NUDE][TRAIN] Epoch 32/120 Iter 60/390 Loss 0.1234 Top1 95.76 Top5 99.95
2025-12-19 06:24:17,275 - INFO  - [NUDE][TRAIN] Epoch 32/120 Iter 80/390 Loss 0.1220 Top1 95.85 Top5 99.95
2025-12-19 06:24:20,783 - INFO  - [NUDE][TRAIN] Epoch 32/120 Iter 100/390 Loss 0.1202 Top1 95.78 Top5 99.96
2025-12-19 06:24:24,312 - INFO  - [NUDE][TRAIN] Epoch 32/120 Iter 120/390 Loss 0.1213 Top1 95.75 Top5 99.96
2025-12-19 06:24:27,786 - INFO  - [NUDE][TRAIN] Epoch 32/120 Iter 140/390 Loss 0.1218 Top1 95.75 Top5 99.96
2025-12-19 06:24:31,391 - INFO  - [NUDE][TRAIN] Epoch 32/120 Iter 160/390 Loss 0.1257 Top1 95.63 Top5 99.97
2025-12-19 06:24:34,815 - INFO  - [NUDE][TRAIN] Epoch 32/120 Iter 180/390 Loss 0.1289 Top1 95.61 Top5 99.96
2025-12-19 06:24:38,390 - INFO  - [NUDE][TRAIN] Epoch 32/120 Iter 200/390 Loss 0.1308 Top1 95.52 Top5 99.96
2025-12-19 06:24:41,860 - INFO  - [NUDE][TRAIN] Epoch 32/120 Iter 220/390 Loss 0.1335 Top1 95.46 Top5 99.96
2025-12-19 06:24:45,452 - INFO  - [NUDE][TRAIN] Epoch 32/120 Iter 240/390 Loss 0.1336 Top1 95.43 Top5 99.97
2025-12-19 06:24:48,862 - INFO  - [NUDE][TRAIN] Epoch 32/120 Iter 260/390 Loss 0.1333 Top1 95.44 Top5 99.97
2025-12-19 06:24:52,310 - INFO  - [NUDE][TRAIN] Epoch 32/120 Iter 280/390 Loss 0.1341 Top1 95.45 Top5 99.97
2025-12-19 06:24:55,671 - INFO  - [NUDE][TRAIN] Epoch 32/120 Iter 300/390 Loss 0.1343 Top1 95.43 Top5 99.97
2025-12-19 06:24:59,132 - INFO  - [NUDE][TRAIN] Epoch 32/120 Iter 320/390 Loss 0.1347 Top1 95.42 Top5 99.97
2025-12-19 06:25:02,562 - INFO  - [NUDE][TRAIN] Epoch 32/120 Iter 340/390 Loss 0.1363 Top1 95.35 Top5 99.97
2025-12-19 06:25:06,137 - INFO  - [NUDE][TRAIN] Epoch 32/120 Iter 360/390 Loss 0.1369 Top1 95.32 Top5 99.97
2025-12-19 06:25:09,682 - INFO  - [NUDE][TRAIN] Epoch 32/120 Iter 380/390 Loss 0.1364 Top1 95.32 Top5 99.97
2025-12-19 06:25:11,447 - INFO  - [NUDE] Validate: force max bit-width W/A = 6
2025-12-19 06:25:13,713 - INFO  - [NUDE][EPOCH] 32/120 Train: Top1=95.28 Top5=99.97 Loss=0.1368 | Val(EMA): Top1=91.57
2025-12-19 06:25:14,298 - INFO  - ([33] Epoch) Saving checkpoint to:
             Current: /root/autodl-tmp/retraining-free-quantization/training/resnet18_cifar10_nude_srqat_ls1em05/resnet18_cifar10_nude_srqat_ls1em05_checkpoint.pth.tar

2025-12-19 06:25:14,309 - INFO  - [NUDE] Epoch 33: force max bit-width W/A = 6
2025-12-19 06:25:18,063 - INFO  - [NUDE][TRAIN] Epoch 33/120 Iter 20/390 Loss 0.0973 Top1 96.56 Top5 99.96
2025-12-19 06:25:21,521 - INFO  - [NUDE][TRAIN] Epoch 33/120 Iter 40/390 Loss 0.1078 Top1 96.31 Top5 99.96
2025-12-19 06:25:25,108 - INFO  - [NUDE][TRAIN] Epoch 33/120 Iter 60/390 Loss 0.1131 Top1 96.21 Top5 99.96
2025-12-19 06:25:28,589 - INFO  - [NUDE][TRAIN] Epoch 33/120 Iter 80/390 Loss 0.1216 Top1 95.70 Top5 99.95
2025-12-19 06:25:32,178 - INFO  - [NUDE][TRAIN] Epoch 33/120 Iter 100/390 Loss 0.1208 Top1 95.71 Top5 99.95
2025-12-19 06:25:35,698 - INFO  - [NUDE][TRAIN] Epoch 33/120 Iter 120/390 Loss 0.1188 Top1 95.76 Top5 99.95
2025-12-19 06:25:39,123 - INFO  - [NUDE][TRAIN] Epoch 33/120 Iter 140/390 Loss 0.1191 Top1 95.70 Top5 99.94
2025-12-19 06:25:42,691 - INFO  - [NUDE][TRAIN] Epoch 33/120 Iter 160/390 Loss 0.1175 Top1 95.81 Top5 99.95
2025-12-19 06:25:46,126 - INFO  - [NUDE][TRAIN] Epoch 33/120 Iter 180/390 Loss 0.1186 Top1 95.79 Top5 99.96
2025-12-19 06:25:49,664 - INFO  - [NUDE][TRAIN] Epoch 33/120 Iter 200/390 Loss 0.1187 Top1 95.79 Top5 99.96
2025-12-19 06:25:53,100 - INFO  - [NUDE][TRAIN] Epoch 33/120 Iter 220/390 Loss 0.1198 Top1 95.77 Top5 99.95
2025-12-19 06:25:56,654 - INFO  - [NUDE][TRAIN] Epoch 33/120 Iter 240/390 Loss 0.1225 Top1 95.65 Top5 99.94
2025-12-19 06:26:00,081 - INFO  - [NUDE][TRAIN] Epoch 33/120 Iter 260/390 Loss 0.1244 Top1 95.56 Top5 99.95
2025-12-19 06:26:03,627 - INFO  - [NUDE][TRAIN] Epoch 33/120 Iter 280/390 Loss 0.1254 Top1 95.52 Top5 99.95
2025-12-19 06:26:07,068 - INFO  - [NUDE][TRAIN] Epoch 33/120 Iter 300/390 Loss 0.1251 Top1 95.55 Top5 99.95
2025-12-19 06:26:10,597 - INFO  - [NUDE][TRAIN] Epoch 33/120 Iter 320/390 Loss 0.1254 Top1 95.53 Top5 99.95
2025-12-19 06:26:14,084 - INFO  - [NUDE][TRAIN] Epoch 33/120 Iter 340/390 Loss 0.1264 Top1 95.51 Top5 99.96
2025-12-19 06:26:17,591 - INFO  - [NUDE][TRAIN] Epoch 33/120 Iter 360/390 Loss 0.1274 Top1 95.49 Top5 99.95
2025-12-19 06:26:21,122 - INFO  - [NUDE][TRAIN] Epoch 33/120 Iter 380/390 Loss 0.1278 Top1 95.48 Top5 99.95
2025-12-19 06:26:22,873 - INFO  - [NUDE] Validate: force max bit-width W/A = 6
2025-12-19 06:26:25,134 - INFO  - [NUDE][EPOCH] 33/120 Train: Top1=95.49 Top5=99.95 Loss=0.1276 | Val(EMA): Top1=91.82
2025-12-19 06:26:25,749 - INFO  - ([34] Epoch) Saving checkpoint to:
             Current: /root/autodl-tmp/retraining-free-quantization/training/resnet18_cifar10_nude_srqat_ls1em05/resnet18_cifar10_nude_srqat_ls1em05_checkpoint.pth.tar

2025-12-19 06:26:25,760 - INFO  - [NUDE] Epoch 34: force max bit-width W/A = 6
2025-12-19 06:26:29,552 - INFO  - [NUDE][TRAIN] Epoch 34/120 Iter 20/390 Loss 0.1242 Top1 95.94 Top5 99.88
2025-12-19 06:26:33,048 - INFO  - [NUDE][TRAIN] Epoch 34/120 Iter 40/390 Loss 0.1150 Top1 96.13 Top5 99.90
2025-12-19 06:26:36,598 - INFO  - [NUDE][TRAIN] Epoch 34/120 Iter 60/390 Loss 0.1157 Top1 96.03 Top5 99.92
2025-12-19 06:26:39,957 - INFO  - [NUDE][TRAIN] Epoch 34/120 Iter 80/390 Loss 0.1151 Top1 96.01 Top5 99.93
2025-12-19 06:26:43,502 - INFO  - [NUDE][TRAIN] Epoch 34/120 Iter 100/390 Loss 0.1137 Top1 96.10 Top5 99.94
2025-12-19 06:26:46,865 - INFO  - [NUDE][TRAIN] Epoch 34/120 Iter 120/390 Loss 0.1141 Top1 96.15 Top5 99.94
2025-12-19 06:26:50,397 - INFO  - [NUDE][TRAIN] Epoch 34/120 Iter 140/390 Loss 0.1143 Top1 96.09 Top5 99.95
2025-12-19 06:26:54,009 - INFO  - [NUDE][TRAIN] Epoch 34/120 Iter 160/390 Loss 0.1181 Top1 95.94 Top5 99.96
2025-12-19 06:26:57,473 - INFO  - [NUDE][TRAIN] Epoch 34/120 Iter 180/390 Loss 0.1196 Top1 95.87 Top5 99.94
2025-12-19 06:27:01,012 - INFO  - [NUDE][TRAIN] Epoch 34/120 Iter 200/390 Loss 0.1199 Top1 95.81 Top5 99.95
2025-12-19 06:27:04,484 - INFO  - [NUDE][TRAIN] Epoch 34/120 Iter 220/390 Loss 0.1212 Top1 95.77 Top5 99.94
2025-12-19 06:27:08,036 - INFO  - [NUDE][TRAIN] Epoch 34/120 Iter 240/390 Loss 0.1230 Top1 95.72 Top5 99.94
2025-12-19 06:27:11,464 - INFO  - [NUDE][TRAIN] Epoch 34/120 Iter 260/390 Loss 0.1226 Top1 95.75 Top5 99.95
2025-12-19 06:27:15,026 - INFO  - [NUDE][TRAIN] Epoch 34/120 Iter 280/390 Loss 0.1232 Top1 95.75 Top5 99.95
2025-12-19 06:27:18,553 - INFO  - [NUDE][TRAIN] Epoch 34/120 Iter 300/390 Loss 0.1239 Top1 95.71 Top5 99.95
2025-12-19 06:27:22,161 - INFO  - [NUDE][TRAIN] Epoch 34/120 Iter 320/390 Loss 0.1234 Top1 95.71 Top5 99.96
2025-12-19 06:27:25,602 - INFO  - [NUDE][TRAIN] Epoch 34/120 Iter 340/390 Loss 0.1232 Top1 95.70 Top5 99.96
2025-12-19 06:27:29,112 - INFO  - [NUDE][TRAIN] Epoch 34/120 Iter 360/390 Loss 0.1237 Top1 95.67 Top5 99.96
2025-12-19 06:27:32,638 - INFO  - [NUDE][TRAIN] Epoch 34/120 Iter 380/390 Loss 0.1237 Top1 95.70 Top5 99.95
2025-12-19 06:27:34,397 - INFO  - [NUDE] Validate: force max bit-width W/A = 6
2025-12-19 06:27:36,651 - INFO  - [NUDE][EPOCH] 34/120 Train: Top1=95.69 Top5=99.96 Loss=0.1239 | Val(EMA): Top1=92.03
2025-12-19 06:27:37,294 - INFO  - ([35] Epoch) Saving checkpoint to:
             Current: /root/autodl-tmp/retraining-free-quantization/training/resnet18_cifar10_nude_srqat_ls1em05/resnet18_cifar10_nude_srqat_ls1em05_checkpoint.pth.tar

2025-12-19 06:27:37,304 - INFO  - [NUDE] Epoch 35: force max bit-width W/A = 6
2025-12-19 06:27:41,080 - INFO  - [NUDE][TRAIN] Epoch 35/120 Iter 20/390 Loss 0.1153 Top1 96.17 Top5 99.88
2025-12-19 06:27:44,495 - INFO  - [NUDE][TRAIN] Epoch 35/120 Iter 40/390 Loss 0.1171 Top1 96.00 Top5 99.94
2025-12-19 06:27:48,033 - INFO  - [NUDE][TRAIN] Epoch 35/120 Iter 60/390 Loss 0.1133 Top1 96.00 Top5 99.96
2025-12-19 06:27:51,477 - INFO  - [NUDE][TRAIN] Epoch 35/120 Iter 80/390 Loss 0.1107 Top1 96.09 Top5 99.96
2025-12-19 06:27:55,011 - INFO  - [NUDE][TRAIN] Epoch 35/120 Iter 100/390 Loss 0.1107 Top1 96.09 Top5 99.95
2025-12-19 06:27:58,445 - INFO  - [NUDE][TRAIN] Epoch 35/120 Iter 120/390 Loss 0.1129 Top1 96.04 Top5 99.96
2025-12-19 06:28:01,969 - INFO  - [NUDE][TRAIN] Epoch 35/120 Iter 140/390 Loss 0.1139 Top1 95.99 Top5 99.97
2025-12-19 06:28:05,552 - INFO  - [NUDE][TRAIN] Epoch 35/120 Iter 160/390 Loss 0.1115 Top1 96.10 Top5 99.97
2025-12-19 06:28:08,972 - INFO  - [NUDE][TRAIN] Epoch 35/120 Iter 180/390 Loss 0.1115 Top1 96.06 Top5 99.97
2025-12-19 06:28:12,516 - INFO  - [NUDE][TRAIN] Epoch 35/120 Iter 200/390 Loss 0.1110 Top1 96.09 Top5 99.97
2025-12-19 06:28:15,946 - INFO  - [NUDE][TRAIN] Epoch 35/120 Iter 220/390 Loss 0.1124 Top1 96.05 Top5 99.97
2025-12-19 06:28:19,505 - INFO  - [NUDE][TRAIN] Epoch 35/120 Iter 240/390 Loss 0.1143 Top1 95.97 Top5 99.97
2025-12-19 06:28:22,919 - INFO  - [NUDE][TRAIN] Epoch 35/120 Iter 260/390 Loss 0.1172 Top1 95.88 Top5 99.97
2025-12-19 06:28:26,435 - INFO  - [NUDE][TRAIN] Epoch 35/120 Iter 280/390 Loss 0.1190 Top1 95.80 Top5 99.96
2025-12-19 06:28:29,812 - INFO  - [NUDE][TRAIN] Epoch 35/120 Iter 300/390 Loss 0.1198 Top1 95.77 Top5 99.97
2025-12-19 06:28:33,299 - INFO  - [NUDE][TRAIN] Epoch 35/120 Iter 320/390 Loss 0.1207 Top1 95.73 Top5 99.97
2025-12-19 06:28:36,698 - INFO  - [NUDE][TRAIN] Epoch 35/120 Iter 340/390 Loss 0.1209 Top1 95.71 Top5 99.97
2025-12-19 06:28:40,215 - INFO  - [NUDE][TRAIN] Epoch 35/120 Iter 360/390 Loss 0.1210 Top1 95.70 Top5 99.97
2025-12-19 06:28:43,782 - INFO  - [NUDE][TRAIN] Epoch 35/120 Iter 380/390 Loss 0.1226 Top1 95.65 Top5 99.97
2025-12-19 06:28:45,581 - INFO  - [NUDE] Validate: force max bit-width W/A = 6
2025-12-19 06:28:47,857 - INFO  - [NUDE][EPOCH] 35/120 Train: Top1=95.64 Top5=99.96 Loss=0.1227 | Val(EMA): Top1=92.13
2025-12-19 06:28:48,434 - INFO  - ([36] Epoch) Saving checkpoint to:
             Current: /root/autodl-tmp/retraining-free-quantization/training/resnet18_cifar10_nude_srqat_ls1em05/resnet18_cifar10_nude_srqat_ls1em05_checkpoint.pth.tar

2025-12-19 06:28:48,445 - INFO  - [NUDE] Epoch 36: force max bit-width W/A = 6
2025-12-19 06:28:52,219 - INFO  - [NUDE][TRAIN] Epoch 36/120 Iter 20/390 Loss 0.1150 Top1 95.94 Top5 100.00
2025-12-19 06:28:55,766 - INFO  - [NUDE][TRAIN] Epoch 36/120 Iter 40/390 Loss 0.1080 Top1 96.21 Top5 100.00
2025-12-19 06:28:59,207 - INFO  - [NUDE][TRAIN] Epoch 36/120 Iter 60/390 Loss 0.1118 Top1 96.21 Top5 99.99
2025-12-19 06:29:02,664 - INFO  - [NUDE][TRAIN] Epoch 36/120 Iter 80/390 Loss 0.1116 Top1 96.22 Top5 99.98
2025-12-19 06:29:06,239 - INFO  - [NUDE][TRAIN] Epoch 36/120 Iter 100/390 Loss 0.1141 Top1 96.03 Top5 99.97
2025-12-19 06:29:09,802 - INFO  - [NUDE][TRAIN] Epoch 36/120 Iter 120/390 Loss 0.1124 Top1 96.07 Top5 99.96
2025-12-19 06:29:13,255 - INFO  - [NUDE][TRAIN] Epoch 36/120 Iter 140/390 Loss 0.1120 Top1 96.09 Top5 99.97
2025-12-19 06:29:16,814 - INFO  - [NUDE][TRAIN] Epoch 36/120 Iter 160/390 Loss 0.1120 Top1 96.07 Top5 99.97
2025-12-19 06:29:20,284 - INFO  - [NUDE][TRAIN] Epoch 36/120 Iter 180/390 Loss 0.1113 Top1 96.09 Top5 99.97
2025-12-19 06:29:23,812 - INFO  - [NUDE][TRAIN] Epoch 36/120 Iter 200/390 Loss 0.1115 Top1 96.07 Top5 99.97
2025-12-19 06:29:27,253 - INFO  - [NUDE][TRAIN] Epoch 36/120 Iter 220/390 Loss 0.1121 Top1 95.99 Top5 99.98
2025-12-19 06:29:30,784 - INFO  - [NUDE][TRAIN] Epoch 36/120 Iter 240/390 Loss 0.1133 Top1 95.95 Top5 99.97
2025-12-19 06:29:34,221 - INFO  - [NUDE][TRAIN] Epoch 36/120 Iter 260/390 Loss 0.1134 Top1 95.94 Top5 99.98
2025-12-19 06:29:37,742 - INFO  - [NUDE][TRAIN] Epoch 36/120 Iter 280/390 Loss 0.1144 Top1 95.89 Top5 99.98
2025-12-19 06:29:41,191 - INFO  - [NUDE][TRAIN] Epoch 36/120 Iter 300/390 Loss 0.1160 Top1 95.83 Top5 99.98
2025-12-19 06:29:44,732 - INFO  - [NUDE][TRAIN] Epoch 36/120 Iter 320/390 Loss 0.1158 Top1 95.84 Top5 99.97
2025-12-19 06:29:48,210 - INFO  - [NUDE][TRAIN] Epoch 36/120 Iter 340/390 Loss 0.1161 Top1 95.85 Top5 99.97
2025-12-19 06:29:51,742 - INFO  - [NUDE][TRAIN] Epoch 36/120 Iter 360/390 Loss 0.1179 Top1 95.80 Top5 99.97
2025-12-19 06:29:55,297 - INFO  - [NUDE][TRAIN] Epoch 36/120 Iter 380/390 Loss 0.1198 Top1 95.76 Top5 99.98
2025-12-19 06:29:57,070 - INFO  - [NUDE] Validate: force max bit-width W/A = 6
2025-12-19 06:29:59,482 - INFO  - [NUDE][EPOCH] 36/120 Train: Top1=95.76 Top5=99.97 Loss=0.1203 | Val(EMA): Top1=92.30
2025-12-19 06:30:00,051 - INFO  - ([37] Epoch) Saving checkpoint to:
             Current: /root/autodl-tmp/retraining-free-quantization/training/resnet18_cifar10_nude_srqat_ls1em05/resnet18_cifar10_nude_srqat_ls1em05_checkpoint.pth.tar

2025-12-19 06:30:00,062 - INFO  - [NUDE] Epoch 37: force max bit-width W/A = 6
2025-12-19 06:30:03,829 - INFO  - [NUDE][TRAIN] Epoch 37/120 Iter 20/390 Loss 0.0958 Top1 96.64 Top5 100.00
2025-12-19 06:30:07,307 - INFO  - [NUDE][TRAIN] Epoch 37/120 Iter 40/390 Loss 0.1012 Top1 96.33 Top5 100.00
2025-12-19 06:30:10,861 - INFO  - [NUDE][TRAIN] Epoch 37/120 Iter 60/390 Loss 0.1059 Top1 96.22 Top5 100.00
2025-12-19 06:30:14,292 - INFO  - [NUDE][TRAIN] Epoch 37/120 Iter 80/390 Loss 0.1050 Top1 96.32 Top5 99.99
2025-12-19 06:30:17,749 - INFO  - [NUDE][TRAIN] Epoch 37/120 Iter 100/390 Loss 0.1074 Top1 96.20 Top5 99.99
2025-12-19 06:30:21,207 - INFO  - [NUDE][TRAIN] Epoch 37/120 Iter 120/390 Loss 0.1072 Top1 96.22 Top5 99.99
2025-12-19 06:30:24,589 - INFO  - [NUDE][TRAIN] Epoch 37/120 Iter 140/390 Loss 0.1056 Top1 96.23 Top5 99.99
2025-12-19 06:30:28,116 - INFO  - [NUDE][TRAIN] Epoch 37/120 Iter 160/390 Loss 0.1052 Top1 96.18 Top5 100.00
2025-12-19 06:30:31,549 - INFO  - [NUDE][TRAIN] Epoch 37/120 Iter 180/390 Loss 0.1055 Top1 96.22 Top5 99.99
2025-12-19 06:30:35,140 - INFO  - [NUDE][TRAIN] Epoch 37/120 Iter 200/390 Loss 0.1063 Top1 96.21 Top5 99.99
2025-12-19 06:30:38,617 - INFO  - [NUDE][TRAIN] Epoch 37/120 Iter 220/390 Loss 0.1071 Top1 96.15 Top5 99.99
2025-12-19 06:30:42,183 - INFO  - [NUDE][TRAIN] Epoch 37/120 Iter 240/390 Loss 0.1091 Top1 96.07 Top5 99.98
2025-12-19 06:30:45,601 - INFO  - [NUDE][TRAIN] Epoch 37/120 Iter 260/390 Loss 0.1090 Top1 96.08 Top5 99.98
2025-12-19 06:30:49,185 - INFO  - [NUDE][TRAIN] Epoch 37/120 Iter 280/390 Loss 0.1099 Top1 96.05 Top5 99.98
2025-12-19 06:30:52,608 - INFO  - [NUDE][TRAIN] Epoch 37/120 Iter 300/390 Loss 0.1117 Top1 95.97 Top5 99.98
2025-12-19 06:30:56,119 - INFO  - [NUDE][TRAIN] Epoch 37/120 Iter 320/390 Loss 0.1125 Top1 95.94 Top5 99.98
2025-12-19 06:30:59,518 - INFO  - [NUDE][TRAIN] Epoch 37/120 Iter 340/390 Loss 0.1130 Top1 95.95 Top5 99.98
2025-12-19 06:31:03,049 - INFO  - [NUDE][TRAIN] Epoch 37/120 Iter 360/390 Loss 0.1134 Top1 95.95 Top5 99.98
2025-12-19 06:31:06,595 - INFO  - [NUDE][TRAIN] Epoch 37/120 Iter 380/390 Loss 0.1145 Top1 95.92 Top5 99.98
2025-12-19 06:31:08,345 - INFO  - [NUDE] Validate: force max bit-width W/A = 6
2025-12-19 06:31:10,596 - INFO  - [NUDE][EPOCH] 37/120 Train: Top1=95.91 Top5=99.98 Loss=0.1150 | Val(EMA): Top1=92.47
2025-12-19 06:31:11,174 - INFO  - ([38] Epoch) Saving checkpoint to:
             Current: /root/autodl-tmp/retraining-free-quantization/training/resnet18_cifar10_nude_srqat_ls1em05/resnet18_cifar10_nude_srqat_ls1em05_checkpoint.pth.tar

2025-12-19 06:31:11,184 - INFO  - [NUDE] Epoch 38: force max bit-width W/A = 6
2025-12-19 06:31:14,965 - INFO  - [NUDE][TRAIN] Epoch 38/120 Iter 20/390 Loss 0.1015 Top1 96.64 Top5 99.96
2025-12-19 06:31:18,417 - INFO  - [NUDE][TRAIN] Epoch 38/120 Iter 40/390 Loss 0.0984 Top1 96.66 Top5 99.98
2025-12-19 06:31:21,945 - INFO  - [NUDE][TRAIN] Epoch 38/120 Iter 60/390 Loss 0.0949 Top1 96.65 Top5 99.97
2025-12-19 06:31:25,399 - INFO  - [NUDE][TRAIN] Epoch 38/120 Iter 80/390 Loss 0.0945 Top1 96.67 Top5 99.98
2025-12-19 06:31:28,928 - INFO  - [NUDE][TRAIN] Epoch 38/120 Iter 100/390 Loss 0.0940 Top1 96.57 Top5 99.98
2025-12-19 06:31:32,363 - INFO  - [NUDE][TRAIN] Epoch 38/120 Iter 120/390 Loss 0.0955 Top1 96.56 Top5 99.97
2025-12-19 06:31:35,879 - INFO  - [NUDE][TRAIN] Epoch 38/120 Iter 140/390 Loss 0.0975 Top1 96.47 Top5 99.97
2025-12-19 06:31:39,414 - INFO  - [NUDE][TRAIN] Epoch 38/120 Iter 160/390 Loss 0.0999 Top1 96.41 Top5 99.97
2025-12-19 06:31:42,826 - INFO  - [NUDE][TRAIN] Epoch 38/120 Iter 180/390 Loss 0.1016 Top1 96.37 Top5 99.97
2025-12-19 06:31:46,365 - INFO  - [NUDE][TRAIN] Epoch 38/120 Iter 200/390 Loss 0.1031 Top1 96.30 Top5 99.97
2025-12-19 06:31:49,811 - INFO  - [NUDE][TRAIN] Epoch 38/120 Iter 220/390 Loss 0.1048 Top1 96.27 Top5 99.98
2025-12-19 06:31:53,358 - INFO  - [NUDE][TRAIN] Epoch 38/120 Iter 240/390 Loss 0.1040 Top1 96.32 Top5 99.97
2025-12-19 06:31:56,818 - INFO  - [NUDE][TRAIN] Epoch 38/120 Iter 260/390 Loss 0.1041 Top1 96.32 Top5 99.97
2025-12-19 06:32:00,365 - INFO  - [NUDE][TRAIN] Epoch 38/120 Iter 280/390 Loss 0.1044 Top1 96.32 Top5 99.97
2025-12-19 06:32:03,780 - INFO  - [NUDE][TRAIN] Epoch 38/120 Iter 300/390 Loss 0.1047 Top1 96.31 Top5 99.97
2025-12-19 06:32:07,234 - INFO  - [NUDE][TRAIN] Epoch 38/120 Iter 320/390 Loss 0.1053 Top1 96.30 Top5 99.97
2025-12-19 06:32:10,633 - INFO  - [NUDE][TRAIN] Epoch 38/120 Iter 340/390 Loss 0.1058 Top1 96.27 Top5 99.97
2025-12-19 06:32:14,093 - INFO  - [NUDE][TRAIN] Epoch 38/120 Iter 360/390 Loss 0.1068 Top1 96.24 Top5 99.97
2025-12-19 06:32:17,615 - INFO  - [NUDE][TRAIN] Epoch 38/120 Iter 380/390 Loss 0.1075 Top1 96.21 Top5 99.97
2025-12-19 06:32:19,368 - INFO  - [NUDE] Validate: force max bit-width W/A = 6
2025-12-19 06:32:21,615 - INFO  - [NUDE][EPOCH] 38/120 Train: Top1=96.20 Top5=99.97 Loss=0.1081 | Val(EMA): Top1=92.56
2025-12-19 06:32:22,231 - INFO  - ([39] Epoch) Saving checkpoint to:
             Current: /root/autodl-tmp/retraining-free-quantization/training/resnet18_cifar10_nude_srqat_ls1em05/resnet18_cifar10_nude_srqat_ls1em05_checkpoint.pth.tar

2025-12-19 06:32:22,241 - INFO  - [NUDE] Epoch 39: force max bit-width W/A = 6
2025-12-19 06:32:26,054 - INFO  - [NUDE][TRAIN] Epoch 39/120 Iter 20/390 Loss 0.1000 Top1 96.56 Top5 100.00
2025-12-19 06:32:29,508 - INFO  - [NUDE][TRAIN] Epoch 39/120 Iter 40/390 Loss 0.0936 Top1 96.78 Top5 100.00
2025-12-19 06:32:33,053 - INFO  - [NUDE][TRAIN] Epoch 39/120 Iter 60/390 Loss 0.0918 Top1 96.86 Top5 100.00
2025-12-19 06:32:36,480 - INFO  - [NUDE][TRAIN] Epoch 39/120 Iter 80/390 Loss 0.0948 Top1 96.65 Top5 99.99
2025-12-19 06:32:40,002 - INFO  - [NUDE][TRAIN] Epoch 39/120 Iter 100/390 Loss 0.0980 Top1 96.48 Top5 99.98
2025-12-19 06:32:43,434 - INFO  - [NUDE][TRAIN] Epoch 39/120 Iter 120/390 Loss 0.0996 Top1 96.45 Top5 99.99
2025-12-19 06:32:46,960 - INFO  - [NUDE][TRAIN] Epoch 39/120 Iter 140/390 Loss 0.0993 Top1 96.45 Top5 99.99
2025-12-19 06:32:50,477 - INFO  - [NUDE][TRAIN] Epoch 39/120 Iter 160/390 Loss 0.1009 Top1 96.41 Top5 99.98
2025-12-19 06:32:53,904 - INFO  - [NUDE][TRAIN] Epoch 39/120 Iter 180/390 Loss 0.1011 Top1 96.37 Top5 99.98
2025-12-19 06:32:57,422 - INFO  - [NUDE][TRAIN] Epoch 39/120 Iter 200/390 Loss 0.1018 Top1 96.38 Top5 99.98
2025-12-19 06:33:00,850 - INFO  - [NUDE][TRAIN] Epoch 39/120 Iter 220/390 Loss 0.1019 Top1 96.37 Top5 99.98
2025-12-19 06:33:04,402 - INFO  - [NUDE][TRAIN] Epoch 39/120 Iter 240/390 Loss 0.1026 Top1 96.36 Top5 99.98
2025-12-19 06:33:07,844 - INFO  - [NUDE][TRAIN] Epoch 39/120 Iter 260/390 Loss 0.1035 Top1 96.36 Top5 99.98
2025-12-19 06:33:11,347 - INFO  - [NUDE][TRAIN] Epoch 39/120 Iter 280/390 Loss 0.1038 Top1 96.39 Top5 99.98
2025-12-19 06:33:14,809 - INFO  - [NUDE][TRAIN] Epoch 39/120 Iter 300/390 Loss 0.1039 Top1 96.38 Top5 99.98
2025-12-19 06:33:18,330 - INFO  - [NUDE][TRAIN] Epoch 39/120 Iter 320/390 Loss 0.1036 Top1 96.38 Top5 99.98
2025-12-19 06:33:21,759 - INFO  - [NUDE][TRAIN] Epoch 39/120 Iter 340/390 Loss 0.1039 Top1 96.36 Top5 99.98
2025-12-19 06:33:25,276 - INFO  - [NUDE][TRAIN] Epoch 39/120 Iter 360/390 Loss 0.1039 Top1 96.35 Top5 99.98
2025-12-19 06:33:28,838 - INFO  - [NUDE][TRAIN] Epoch 39/120 Iter 380/390 Loss 0.1049 Top1 96.33 Top5 99.98
2025-12-19 06:33:30,595 - INFO  - [NUDE] Validate: force max bit-width W/A = 6
2025-12-19 06:33:32,837 - INFO  - [NUDE][EPOCH] 39/120 Train: Top1=96.32 Top5=99.98 Loss=0.1058 | Val(EMA): Top1=92.56
2025-12-19 06:33:33,410 - INFO  - ([40] Epoch) Saving checkpoint to:
             Current: /root/autodl-tmp/retraining-free-quantization/training/resnet18_cifar10_nude_srqat_ls1em05/resnet18_cifar10_nude_srqat_ls1em05_checkpoint.pth.tar

2025-12-19 06:33:33,421 - INFO  - [NUDE] Epoch 40: force max bit-width W/A = 6
2025-12-19 06:33:37,252 - INFO  - [NUDE][TRAIN] Epoch 40/120 Iter 20/390 Loss 0.0912 Top1 96.72 Top5 100.00
2025-12-19 06:33:40,787 - INFO  - [NUDE][TRAIN] Epoch 40/120 Iter 40/390 Loss 0.0905 Top1 96.64 Top5 100.00
2025-12-19 06:33:44,247 - INFO  - [NUDE][TRAIN] Epoch 40/120 Iter 60/390 Loss 0.0925 Top1 96.65 Top5 100.00
2025-12-19 06:33:47,686 - INFO  - [NUDE][TRAIN] Epoch 40/120 Iter 80/390 Loss 0.0945 Top1 96.54 Top5 99.99
2025-12-19 06:33:51,193 - INFO  - [NUDE][TRAIN] Epoch 40/120 Iter 100/390 Loss 0.0935 Top1 96.59 Top5 99.99
2025-12-19 06:33:54,663 - INFO  - [NUDE][TRAIN] Epoch 40/120 Iter 120/390 Loss 0.0902 Top1 96.74 Top5 99.99
2025-12-19 06:33:58,033 - INFO  - [NUDE][TRAIN] Epoch 40/120 Iter 140/390 Loss 0.0896 Top1 96.76 Top5 99.99
2025-12-19 06:34:01,518 - INFO  - [NUDE][TRAIN] Epoch 40/120 Iter 160/390 Loss 0.0895 Top1 96.76 Top5 99.98
2025-12-19 06:34:04,896 - INFO  - [NUDE][TRAIN] Epoch 40/120 Iter 180/390 Loss 0.0917 Top1 96.67 Top5 99.98
2025-12-19 06:34:08,428 - INFO  - [NUDE][TRAIN] Epoch 40/120 Iter 200/390 Loss 0.0919 Top1 96.68 Top5 99.98
2025-12-19 06:34:11,970 - INFO  - [NUDE][TRAIN] Epoch 40/120 Iter 220/390 Loss 0.0928 Top1 96.66 Top5 99.98
2025-12-19 06:34:15,542 - INFO  - [NUDE][TRAIN] Epoch 40/120 Iter 240/390 Loss 0.0938 Top1 96.62 Top5 99.98
2025-12-19 06:34:19,017 - INFO  - [NUDE][TRAIN] Epoch 40/120 Iter 260/390 Loss 0.0933 Top1 96.65 Top5 99.98
2025-12-19 06:34:22,531 - INFO  - [NUDE][TRAIN] Epoch 40/120 Iter 280/390 Loss 0.0940 Top1 96.61 Top5 99.98
2025-12-19 06:34:26,007 - INFO  - [NUDE][TRAIN] Epoch 40/120 Iter 300/390 Loss 0.0955 Top1 96.57 Top5 99.98
2025-12-19 06:34:29,541 - INFO  - [NUDE][TRAIN] Epoch 40/120 Iter 320/390 Loss 0.0965 Top1 96.55 Top5 99.98
2025-12-19 06:34:33,024 - INFO  - [NUDE][TRAIN] Epoch 40/120 Iter 340/390 Loss 0.0973 Top1 96.53 Top5 99.98
2025-12-19 06:34:36,557 - INFO  - [NUDE][TRAIN] Epoch 40/120 Iter 360/390 Loss 0.0972 Top1 96.53 Top5 99.98
2025-12-19 06:34:40,066 - INFO  - [NUDE][TRAIN] Epoch 40/120 Iter 380/390 Loss 0.0978 Top1 96.49 Top5 99.98
2025-12-19 06:34:41,817 - INFO  - [NUDE] Validate: force max bit-width W/A = 6
2025-12-19 06:34:44,070 - INFO  - [NUDE][EPOCH] 40/120 Train: Top1=96.50 Top5=99.98 Loss=0.0974 | Val(EMA): Top1=92.72
2025-12-19 06:34:44,641 - INFO  - ([41] Epoch) Saving checkpoint to:
             Current: /root/autodl-tmp/retraining-free-quantization/training/resnet18_cifar10_nude_srqat_ls1em05/resnet18_cifar10_nude_srqat_ls1em05_checkpoint.pth.tar

2025-12-19 06:34:44,652 - INFO  - [NUDE] Epoch 41: force max bit-width W/A = 6
2025-12-19 06:34:48,393 - INFO  - [NUDE][TRAIN] Epoch 41/120 Iter 20/390 Loss 0.0832 Top1 96.95 Top5 99.96
2025-12-19 06:34:51,833 - INFO  - [NUDE][TRAIN] Epoch 41/120 Iter 40/390 Loss 0.0866 Top1 96.93 Top5 99.98
2025-12-19 06:34:55,450 - INFO  - [NUDE][TRAIN] Epoch 41/120 Iter 60/390 Loss 0.0833 Top1 97.02 Top5 99.99
2025-12-19 06:34:58,886 - INFO  - [NUDE][TRAIN] Epoch 41/120 Iter 80/390 Loss 0.0866 Top1 96.94 Top5 99.99
2025-12-19 06:35:02,424 - INFO  - [NUDE][TRAIN] Epoch 41/120 Iter 100/390 Loss 0.0908 Top1 96.90 Top5 99.98
2025-12-19 06:35:06,142 - INFO  - [NUDE][TRAIN] Epoch 41/120 Iter 120/390 Loss 0.0927 Top1 96.82 Top5 99.99
2025-12-19 06:35:09,721 - INFO  - [NUDE][TRAIN] Epoch 41/120 Iter 140/390 Loss 0.0941 Top1 96.75 Top5 99.99
2025-12-19 06:35:13,352 - INFO  - [NUDE][TRAIN] Epoch 41/120 Iter 160/390 Loss 0.0944 Top1 96.74 Top5 99.99
2025-12-19 06:35:16,787 - INFO  - [NUDE][TRAIN] Epoch 41/120 Iter 180/390 Loss 0.0934 Top1 96.75 Top5 99.99
2025-12-19 06:35:20,320 - INFO  - [NUDE][TRAIN] Epoch 41/120 Iter 200/390 Loss 0.0937 Top1 96.73 Top5 99.99
2025-12-19 06:35:23,805 - INFO  - [NUDE][TRAIN] Epoch 41/120 Iter 220/390 Loss 0.0940 Top1 96.69 Top5 99.99
2025-12-19 06:35:27,436 - INFO  - [NUDE][TRAIN] Epoch 41/120 Iter 240/390 Loss 0.0941 Top1 96.70 Top5 99.99
2025-12-19 06:35:30,935 - INFO  - [NUDE][TRAIN] Epoch 41/120 Iter 260/390 Loss 0.0931 Top1 96.73 Top5 99.98
2025-12-19 06:35:34,546 - INFO  - [NUDE][TRAIN] Epoch 41/120 Iter 280/390 Loss 0.0936 Top1 96.70 Top5 99.99
2025-12-19 06:35:37,996 - INFO  - [NUDE][TRAIN] Epoch 41/120 Iter 300/390 Loss 0.0936 Top1 96.70 Top5 99.99
2025-12-19 06:35:41,566 - INFO  - [NUDE][TRAIN] Epoch 41/120 Iter 320/390 Loss 0.0939 Top1 96.68 Top5 99.99
2025-12-19 06:35:44,937 - INFO  - [NUDE][TRAIN] Epoch 41/120 Iter 340/390 Loss 0.0939 Top1 96.68 Top5 99.99
2025-12-19 06:35:48,415 - INFO  - [NUDE][TRAIN] Epoch 41/120 Iter 360/390 Loss 0.0949 Top1 96.63 Top5 99.98
2025-12-19 06:35:51,884 - INFO  - [NUDE][TRAIN] Epoch 41/120 Iter 380/390 Loss 0.0950 Top1 96.61 Top5 99.99
2025-12-19 06:35:53,620 - INFO  - [NUDE] Validate: force max bit-width W/A = 6
2025-12-19 06:35:55,871 - INFO  - [NUDE][EPOCH] 41/120 Train: Top1=96.60 Top5=99.99 Loss=0.0951 | Val(EMA): Top1=93.01
2025-12-19 06:35:56,447 - INFO  - ([42] Epoch) Saving checkpoint to:
             Current: /root/autodl-tmp/retraining-free-quantization/training/resnet18_cifar10_nude_srqat_ls1em05/resnet18_cifar10_nude_srqat_ls1em05_checkpoint.pth.tar

2025-12-19 06:35:56,460 - INFO  - [NUDE] Epoch 42: force max bit-width W/A = 6
2025-12-19 06:36:00,232 - INFO  - [NUDE][TRAIN] Epoch 42/120 Iter 20/390 Loss 0.0968 Top1 96.29 Top5 100.00
2025-12-19 06:36:03,685 - INFO  - [NUDE][TRAIN] Epoch 42/120 Iter 40/390 Loss 0.0935 Top1 96.68 Top5 99.98
2025-12-19 06:36:07,267 - INFO  - [NUDE][TRAIN] Epoch 42/120 Iter 60/390 Loss 0.0954 Top1 96.73 Top5 99.99
2025-12-19 06:36:10,681 - INFO  - [NUDE][TRAIN] Epoch 42/120 Iter 80/390 Loss 0.0958 Top1 96.70 Top5 99.99
2025-12-19 06:36:14,213 - INFO  - [NUDE][TRAIN] Epoch 42/120 Iter 100/390 Loss 0.0965 Top1 96.70 Top5 99.99
2025-12-19 06:36:17,655 - INFO  - [NUDE][TRAIN] Epoch 42/120 Iter 120/390 Loss 0.0972 Top1 96.63 Top5 99.99
2025-12-19 06:36:21,206 - INFO  - [NUDE][TRAIN] Epoch 42/120 Iter 140/390 Loss 0.0966 Top1 96.62 Top5 99.98
2025-12-19 06:36:24,739 - INFO  - [NUDE][TRAIN] Epoch 42/120 Iter 160/390 Loss 0.0959 Top1 96.67 Top5 99.98
2025-12-19 06:36:28,190 - INFO  - [NUDE][TRAIN] Epoch 42/120 Iter 180/390 Loss 0.0967 Top1 96.63 Top5 99.97
2025-12-19 06:36:31,728 - INFO  - [NUDE][TRAIN] Epoch 42/120 Iter 200/390 Loss 0.0967 Top1 96.60 Top5 99.98
2025-12-19 06:36:35,259 - INFO  - [NUDE][TRAIN] Epoch 42/120 Iter 220/390 Loss 0.0992 Top1 96.53 Top5 99.97
2025-12-19 06:36:38,805 - INFO  - [NUDE][TRAIN] Epoch 42/120 Iter 240/390 Loss 0.0993 Top1 96.48 Top5 99.97
2025-12-19 06:36:42,248 - INFO  - [NUDE][TRAIN] Epoch 42/120 Iter 260/390 Loss 0.1002 Top1 96.44 Top5 99.97
2025-12-19 06:36:45,767 - INFO  - [NUDE][TRAIN] Epoch 42/120 Iter 280/390 Loss 0.1005 Top1 96.43 Top5 99.97
2025-12-19 06:36:49,230 - INFO  - [NUDE][TRAIN] Epoch 42/120 Iter 300/390 Loss 0.1009 Top1 96.42 Top5 99.97
2025-12-19 06:36:52,736 - INFO  - [NUDE][TRAIN] Epoch 42/120 Iter 320/390 Loss 0.1008 Top1 96.43 Top5 99.98
2025-12-19 06:36:56,179 - INFO  - [NUDE][TRAIN] Epoch 42/120 Iter 340/390 Loss 0.1021 Top1 96.37 Top5 99.97
2025-12-19 06:36:59,749 - INFO  - [NUDE][TRAIN] Epoch 42/120 Iter 360/390 Loss 0.1027 Top1 96.37 Top5 99.98
2025-12-19 06:37:03,298 - INFO  - [NUDE][TRAIN] Epoch 42/120 Iter 380/390 Loss 0.1028 Top1 96.38 Top5 99.98
2025-12-19 06:37:05,059 - INFO  - [NUDE] Validate: force max bit-width W/A = 6
2025-12-19 06:37:07,328 - INFO  - [NUDE][EPOCH] 42/120 Train: Top1=96.39 Top5=99.98 Loss=0.1024 | Val(EMA): Top1=92.99
2025-12-19 06:37:07,936 - INFO  - ([43] Epoch) Saving checkpoint to:
             Current: /root/autodl-tmp/retraining-free-quantization/training/resnet18_cifar10_nude_srqat_ls1em05/resnet18_cifar10_nude_srqat_ls1em05_checkpoint.pth.tar

2025-12-19 06:37:07,946 - INFO  - [NUDE] Epoch 43: force max bit-width W/A = 6
2025-12-19 06:37:11,751 - INFO  - [NUDE][TRAIN] Epoch 43/120 Iter 20/390 Loss 0.0715 Top1 97.38 Top5 100.00
2025-12-19 06:37:15,225 - INFO  - [NUDE][TRAIN] Epoch 43/120 Iter 40/390 Loss 0.0773 Top1 97.25 Top5 100.00
2025-12-19 06:37:18,790 - INFO  - [NUDE][TRAIN] Epoch 43/120 Iter 60/390 Loss 0.0819 Top1 97.04 Top5 99.97
2025-12-19 06:37:22,259 - INFO  - [NUDE][TRAIN] Epoch 43/120 Iter 80/390 Loss 0.0821 Top1 97.09 Top5 99.98
2025-12-19 06:37:25,795 - INFO  - [NUDE][TRAIN] Epoch 43/120 Iter 100/390 Loss 0.0837 Top1 96.99 Top5 99.98
2025-12-19 06:37:29,262 - INFO  - [NUDE][TRAIN] Epoch 43/120 Iter 120/390 Loss 0.0841 Top1 96.95 Top5 99.98
2025-12-19 06:37:32,715 - INFO  - [NUDE][TRAIN] Epoch 43/120 Iter 140/390 Loss 0.0854 Top1 96.91 Top5 99.98
2025-12-19 06:37:36,170 - INFO  - [NUDE][TRAIN] Epoch 43/120 Iter 160/390 Loss 0.0870 Top1 96.87 Top5 99.99
2025-12-19 06:37:39,535 - INFO  - [NUDE][TRAIN] Epoch 43/120 Iter 180/390 Loss 0.0861 Top1 96.91 Top5 99.98
2025-12-19 06:37:43,026 - INFO  - [NUDE][TRAIN] Epoch 43/120 Iter 200/390 Loss 0.0871 Top1 96.86 Top5 99.98
2025-12-19 06:37:46,455 - INFO  - [NUDE][TRAIN] Epoch 43/120 Iter 220/390 Loss 0.0869 Top1 96.90 Top5 99.98
2025-12-19 06:37:50,006 - INFO  - [NUDE][TRAIN] Epoch 43/120 Iter 240/390 Loss 0.0861 Top1 96.93 Top5 99.98
2025-12-19 06:37:53,441 - INFO  - [NUDE][TRAIN] Epoch 43/120 Iter 260/390 Loss 0.0867 Top1 96.90 Top5 99.98
2025-12-19 06:37:56,983 - INFO  - [NUDE][TRAIN] Epoch 43/120 Iter 280/390 Loss 0.0874 Top1 96.88 Top5 99.98
2025-12-19 06:38:00,432 - INFO  - [NUDE][TRAIN] Epoch 43/120 Iter 300/390 Loss 0.0887 Top1 96.86 Top5 99.98
2025-12-19 06:38:04,004 - INFO  - [NUDE][TRAIN] Epoch 43/120 Iter 320/390 Loss 0.0892 Top1 96.85 Top5 99.98
2025-12-19 06:38:07,516 - INFO  - [NUDE][TRAIN] Epoch 43/120 Iter 340/390 Loss 0.0902 Top1 96.80 Top5 99.98
2025-12-19 06:38:11,068 - INFO  - [NUDE][TRAIN] Epoch 43/120 Iter 360/390 Loss 0.0911 Top1 96.77 Top5 99.98
2025-12-19 06:38:14,609 - INFO  - [NUDE][TRAIN] Epoch 43/120 Iter 380/390 Loss 0.0908 Top1 96.78 Top5 99.98
2025-12-19 06:38:16,374 - INFO  - [NUDE] Validate: force max bit-width W/A = 6
2025-12-19 06:38:18,701 - INFO  - [NUDE][EPOCH] 43/120 Train: Top1=96.78 Top5=99.98 Loss=0.0905 | Val(EMA): Top1=93.11
2025-12-19 06:38:19,309 - INFO  - ([44] Epoch) Saving checkpoint to:
             Current: /root/autodl-tmp/retraining-free-quantization/training/resnet18_cifar10_nude_srqat_ls1em05/resnet18_cifar10_nude_srqat_ls1em05_checkpoint.pth.tar

2025-12-19 06:38:19,319 - INFO  - [NUDE] Epoch 44: force max bit-width W/A = 6
2025-12-19 06:38:23,076 - INFO  - [NUDE][TRAIN] Epoch 44/120 Iter 20/390 Loss 0.0830 Top1 97.19 Top5 100.00
2025-12-19 06:38:26,599 - INFO  - [NUDE][TRAIN] Epoch 44/120 Iter 40/390 Loss 0.0884 Top1 97.01 Top5 99.96
2025-12-19 06:38:30,050 - INFO  - [NUDE][TRAIN] Epoch 44/120 Iter 60/390 Loss 0.0822 Top1 97.20 Top5 99.97
2025-12-19 06:38:33,480 - INFO  - [NUDE][TRAIN] Epoch 44/120 Iter 80/390 Loss 0.0828 Top1 97.11 Top5 99.98
2025-12-19 06:38:37,085 - INFO  - [NUDE][TRAIN] Epoch 44/120 Iter 100/390 Loss 0.0831 Top1 97.14 Top5 99.98
2025-12-19 06:38:40,621 - INFO  - [NUDE][TRAIN] Epoch 44/120 Iter 120/390 Loss 0.0831 Top1 97.17 Top5 99.97
2025-12-19 06:38:44,049 - INFO  - [NUDE][TRAIN] Epoch 44/120 Iter 140/390 Loss 0.0831 Top1 97.16 Top5 99.98
2025-12-19 06:38:47,581 - INFO  - [NUDE][TRAIN] Epoch 44/120 Iter 160/390 Loss 0.0834 Top1 97.08 Top5 99.98
2025-12-19 06:38:51,026 - INFO  - [NUDE][TRAIN] Epoch 44/120 Iter 180/390 Loss 0.0831 Top1 97.10 Top5 99.97
2025-12-19 06:38:54,560 - INFO  - [NUDE][TRAIN] Epoch 44/120 Iter 200/390 Loss 0.0835 Top1 97.08 Top5 99.97
2025-12-19 06:38:58,047 - INFO  - [NUDE][TRAIN] Epoch 44/120 Iter 220/390 Loss 0.0845 Top1 97.00 Top5 99.97
2025-12-19 06:39:01,579 - INFO  - [NUDE][TRAIN] Epoch 44/120 Iter 240/390 Loss 0.0853 Top1 96.99 Top5 99.97
2025-12-19 06:39:05,076 - INFO  - [NUDE][TRAIN] Epoch 44/120 Iter 260/390 Loss 0.0849 Top1 96.98 Top5 99.98
2025-12-19 06:39:08,634 - INFO  - [NUDE][TRAIN] Epoch 44/120 Iter 280/390 Loss 0.0855 Top1 96.98 Top5 99.98
2025-12-19 06:39:12,093 - INFO  - [NUDE][TRAIN] Epoch 44/120 Iter 300/390 Loss 0.0861 Top1 96.95 Top5 99.98
2025-12-19 06:39:15,618 - INFO  - [NUDE][TRAIN] Epoch 44/120 Iter 320/390 Loss 0.0880 Top1 96.87 Top5 99.97
2025-12-19 06:39:19,074 - INFO  - [NUDE][TRAIN] Epoch 44/120 Iter 340/390 Loss 0.0897 Top1 96.80 Top5 99.97
2025-12-19 06:39:22,536 - INFO  - [NUDE][TRAIN] Epoch 44/120 Iter 360/390 Loss 0.0909 Top1 96.74 Top5 99.97
2025-12-19 06:39:26,007 - INFO  - [NUDE][TRAIN] Epoch 44/120 Iter 380/390 Loss 0.0926 Top1 96.68 Top5 99.98
2025-12-19 06:39:27,725 - INFO  - [NUDE] Validate: force max bit-width W/A = 6
2025-12-19 06:39:29,978 - INFO  - [NUDE][EPOCH] 44/120 Train: Top1=96.69 Top5=99.98 Loss=0.0923 | Val(EMA): Top1=93.18
2025-12-19 06:39:30,581 - INFO  - ([45] Epoch) Saving checkpoint to:
             Current: /root/autodl-tmp/retraining-free-quantization/training/resnet18_cifar10_nude_srqat_ls1em05/resnet18_cifar10_nude_srqat_ls1em05_checkpoint.pth.tar

2025-12-19 06:39:30,591 - INFO  - [NUDE] Epoch 45: force max bit-width W/A = 6
2025-12-19 06:39:34,319 - INFO  - [NUDE][TRAIN] Epoch 45/120 Iter 20/390 Loss 0.0665 Top1 98.16 Top5 100.00
2025-12-19 06:39:37,751 - INFO  - [NUDE][TRAIN] Epoch 45/120 Iter 40/390 Loss 0.0697 Top1 97.81 Top5 100.00
2025-12-19 06:39:41,315 - INFO  - [NUDE][TRAIN] Epoch 45/120 Iter 60/390 Loss 0.0707 Top1 97.70 Top5 100.00
2025-12-19 06:39:44,802 - INFO  - [NUDE][TRAIN] Epoch 45/120 Iter 80/390 Loss 0.0721 Top1 97.57 Top5 100.00
2025-12-19 06:39:48,367 - INFO  - [NUDE][TRAIN] Epoch 45/120 Iter 100/390 Loss 0.0749 Top1 97.48 Top5 99.99
2025-12-19 06:39:51,910 - INFO  - [NUDE][TRAIN] Epoch 45/120 Iter 120/390 Loss 0.0765 Top1 97.36 Top5 99.99
2025-12-19 06:39:55,337 - INFO  - [NUDE][TRAIN] Epoch 45/120 Iter 140/390 Loss 0.0746 Top1 97.42 Top5 99.99
2025-12-19 06:39:58,866 - INFO  - [NUDE][TRAIN] Epoch 45/120 Iter 160/390 Loss 0.0737 Top1 97.41 Top5 100.00
2025-12-19 06:40:02,303 - INFO  - [NUDE][TRAIN] Epoch 45/120 Iter 180/390 Loss 0.0745 Top1 97.41 Top5 100.00
2025-12-19 06:40:05,907 - INFO  - [NUDE][TRAIN] Epoch 45/120 Iter 200/390 Loss 0.0759 Top1 97.37 Top5 100.00
2025-12-19 06:40:09,343 - INFO  - [NUDE][TRAIN] Epoch 45/120 Iter 220/390 Loss 0.0772 Top1 97.32 Top5 100.00
2025-12-19 06:40:12,943 - INFO  - [NUDE][TRAIN] Epoch 45/120 Iter 240/390 Loss 0.0780 Top1 97.27 Top5 100.00
2025-12-19 06:40:16,419 - INFO  - [NUDE][TRAIN] Epoch 45/120 Iter 260/390 Loss 0.0789 Top1 97.24 Top5 99.99
2025-12-19 06:40:19,992 - INFO  - [NUDE][TRAIN] Epoch 45/120 Iter 280/390 Loss 0.0793 Top1 97.23 Top5 99.99
2025-12-19 06:40:23,444 - INFO  - [NUDE][TRAIN] Epoch 45/120 Iter 300/390 Loss 0.0800 Top1 97.20 Top5 99.99
2025-12-19 06:40:27,009 - INFO  - [NUDE][TRAIN] Epoch 45/120 Iter 320/390 Loss 0.0803 Top1 97.20 Top5 99.99
2025-12-19 06:40:30,424 - INFO  - [NUDE][TRAIN] Epoch 45/120 Iter 340/390 Loss 0.0811 Top1 97.17 Top5 99.99
2025-12-19 06:40:33,965 - INFO  - [NUDE][TRAIN] Epoch 45/120 Iter 360/390 Loss 0.0811 Top1 97.17 Top5 99.99
2025-12-19 06:40:37,470 - INFO  - [NUDE][TRAIN] Epoch 45/120 Iter 380/390 Loss 0.0825 Top1 97.12 Top5 99.99
2025-12-19 06:40:39,233 - INFO  - [NUDE] Validate: force max bit-width W/A = 6
2025-12-19 06:40:41,501 - INFO  - [NUDE][EPOCH] 45/120 Train: Top1=97.13 Top5=99.99 Loss=0.0825 | Val(EMA): Top1=93.33
2025-12-19 06:40:42,191 - INFO  - ([46] Epoch) Saving checkpoint to:
             Current: /root/autodl-tmp/retraining-free-quantization/training/resnet18_cifar10_nude_srqat_ls1em05/resnet18_cifar10_nude_srqat_ls1em05_checkpoint.pth.tar

2025-12-19 06:40:42,202 - INFO  - [NUDE] Epoch 46: force max bit-width W/A = 6
2025-12-19 06:40:46,014 - INFO  - [NUDE][TRAIN] Epoch 46/120 Iter 20/390 Loss 0.0757 Top1 97.38 Top5 100.00
2025-12-19 06:40:49,479 - INFO  - [NUDE][TRAIN] Epoch 46/120 Iter 40/390 Loss 0.0699 Top1 97.52 Top5 100.00
2025-12-19 06:40:53,042 - INFO  - [NUDE][TRAIN] Epoch 46/120 Iter 60/390 Loss 0.0714 Top1 97.43 Top5 100.00
2025-12-19 06:40:56,490 - INFO  - [NUDE][TRAIN] Epoch 46/120 Iter 80/390 Loss 0.0699 Top1 97.49 Top5 100.00
2025-12-19 06:41:00,018 - INFO  - [NUDE][TRAIN] Epoch 46/120 Iter 100/390 Loss 0.0711 Top1 97.48 Top5 100.00
2025-12-19 06:41:03,470 - INFO  - [NUDE][TRAIN] Epoch 46/120 Iter 120/390 Loss 0.0740 Top1 97.38 Top5 100.00
2025-12-19 06:41:07,013 - INFO  - [NUDE][TRAIN] Epoch 46/120 Iter 140/390 Loss 0.0755 Top1 97.33 Top5 100.00
2025-12-19 06:41:10,486 - INFO  - [NUDE][TRAIN] Epoch 46/120 Iter 160/390 Loss 0.0762 Top1 97.31 Top5 100.00
2025-12-19 06:41:13,870 - INFO  - [NUDE][TRAIN] Epoch 46/120 Iter 180/390 Loss 0.0773 Top1 97.26 Top5 100.00
2025-12-19 06:41:17,353 - INFO  - [NUDE][TRAIN] Epoch 46/120 Iter 200/390 Loss 0.0772 Top1 97.26 Top5 99.99
2025-12-19 06:41:20,784 - INFO  - [NUDE][TRAIN] Epoch 46/120 Iter 220/390 Loss 0.0778 Top1 97.23 Top5 99.99
2025-12-19 06:41:24,372 - INFO  - [NUDE][TRAIN] Epoch 46/120 Iter 240/390 Loss 0.0776 Top1 97.25 Top5 99.99
2025-12-19 06:41:27,837 - INFO  - [NUDE][TRAIN] Epoch 46/120 Iter 260/390 Loss 0.0784 Top1 97.23 Top5 99.99
2025-12-19 06:41:31,371 - INFO  - [NUDE][TRAIN] Epoch 46/120 Iter 280/390 Loss 0.0811 Top1 97.15 Top5 99.99
2025-12-19 06:41:34,829 - INFO  - [NUDE][TRAIN] Epoch 46/120 Iter 300/390 Loss 0.0831 Top1 97.09 Top5 99.99
2025-12-19 06:41:38,374 - INFO  - [NUDE][TRAIN] Epoch 46/120 Iter 320/390 Loss 0.0840 Top1 97.06 Top5 99.99
2025-12-19 06:41:41,843 - INFO  - [NUDE][TRAIN] Epoch 46/120 Iter 340/390 Loss 0.0848 Top1 97.04 Top5 99.98
2025-12-19 06:41:45,371 - INFO  - [NUDE][TRAIN] Epoch 46/120 Iter 360/390 Loss 0.0851 Top1 97.02 Top5 99.98
2025-12-19 06:41:48,930 - INFO  - [NUDE][TRAIN] Epoch 46/120 Iter 380/390 Loss 0.0853 Top1 97.01 Top5 99.99
2025-12-19 06:41:50,682 - INFO  - [NUDE] Validate: force max bit-width W/A = 6
2025-12-19 06:41:52,938 - INFO  - [NUDE][EPOCH] 46/120 Train: Top1=97.02 Top5=99.99 Loss=0.0851 | Val(EMA): Top1=93.44
2025-12-19 06:41:53,562 - INFO  - ([47] Epoch) Saving checkpoint to:
             Current: /root/autodl-tmp/retraining-free-quantization/training/resnet18_cifar10_nude_srqat_ls1em05/resnet18_cifar10_nude_srqat_ls1em05_checkpoint.pth.tar

2025-12-19 06:41:53,572 - INFO  - [NUDE] Epoch 47: force max bit-width W/A = 6
2025-12-19 06:41:57,389 - INFO  - [NUDE][TRAIN] Epoch 47/120 Iter 20/390 Loss 0.0615 Top1 97.81 Top5 100.00
2025-12-19 06:42:00,868 - INFO  - [NUDE][TRAIN] Epoch 47/120 Iter 40/390 Loss 0.0683 Top1 97.60 Top5 100.00
2025-12-19 06:42:04,430 - INFO  - [NUDE][TRAIN] Epoch 47/120 Iter 60/390 Loss 0.0729 Top1 97.33 Top5 100.00
2025-12-19 06:42:07,923 - INFO  - [NUDE][TRAIN] Epoch 47/120 Iter 80/390 Loss 0.0707 Top1 97.56 Top5 99.98
2025-12-19 06:42:11,450 - INFO  - [NUDE][TRAIN] Epoch 47/120 Iter 100/390 Loss 0.0713 Top1 97.50 Top5 99.98
2025-12-19 06:42:14,985 - INFO  - [NUDE][TRAIN] Epoch 47/120 Iter 120/390 Loss 0.0692 Top1 97.57 Top5 99.99
2025-12-19 06:42:18,509 - INFO  - [NUDE][TRAIN] Epoch 47/120 Iter 140/390 Loss 0.0688 Top1 97.61 Top5 99.98
2025-12-19 06:42:22,038 - INFO  - [NUDE][TRAIN] Epoch 47/120 Iter 160/390 Loss 0.0678 Top1 97.63 Top5 99.98
2025-12-19 06:42:25,538 - INFO  - [NUDE][TRAIN] Epoch 47/120 Iter 180/390 Loss 0.0683 Top1 97.61 Top5 99.98
2025-12-19 06:42:29,124 - INFO  - [NUDE][TRAIN] Epoch 47/120 Iter 200/390 Loss 0.0700 Top1 97.55 Top5 99.98
2025-12-19 06:42:32,585 - INFO  - [NUDE][TRAIN] Epoch 47/120 Iter 220/390 Loss 0.0704 Top1 97.54 Top5 99.98
2025-12-19 06:42:36,225 - INFO  - [NUDE][TRAIN] Epoch 47/120 Iter 240/390 Loss 0.0707 Top1 97.55 Top5 99.98
2025-12-19 06:42:39,653 - INFO  - [NUDE][TRAIN] Epoch 47/120 Iter 260/390 Loss 0.0723 Top1 97.45 Top5 99.98
2025-12-19 06:42:43,275 - INFO  - [NUDE][TRAIN] Epoch 47/120 Iter 280/390 Loss 0.0729 Top1 97.44 Top5 99.98
2025-12-19 06:42:46,717 - INFO  - [NUDE][TRAIN] Epoch 47/120 Iter 300/390 Loss 0.0743 Top1 97.38 Top5 99.98
2025-12-19 06:42:50,284 - INFO  - [NUDE][TRAIN] Epoch 47/120 Iter 320/390 Loss 0.0757 Top1 97.34 Top5 99.98
2025-12-19 06:42:53,717 - INFO  - [NUDE][TRAIN] Epoch 47/120 Iter 340/390 Loss 0.0767 Top1 97.30 Top5 99.98
2025-12-19 06:42:57,216 - INFO  - [NUDE][TRAIN] Epoch 47/120 Iter 360/390 Loss 0.0777 Top1 97.26 Top5 99.98
2025-12-19 06:43:00,668 - INFO  - [NUDE][TRAIN] Epoch 47/120 Iter 380/390 Loss 0.0791 Top1 97.20 Top5 99.98
2025-12-19 06:43:02,433 - INFO  - [NUDE] Validate: force max bit-width W/A = 6
2025-12-19 06:43:04,689 - INFO  - [NUDE][EPOCH] 47/120 Train: Top1=97.15 Top5=99.98 Loss=0.0800 | Val(EMA): Top1=93.45
2025-12-19 06:43:05,250 - INFO  - ([48] Epoch) Saving checkpoint to:
             Current: /root/autodl-tmp/retraining-free-quantization/training/resnet18_cifar10_nude_srqat_ls1em05/resnet18_cifar10_nude_srqat_ls1em05_checkpoint.pth.tar

2025-12-19 06:43:05,261 - INFO  - [NUDE] Epoch 48: force max bit-width W/A = 6
2025-12-19 06:43:08,985 - INFO  - [NUDE][TRAIN] Epoch 48/120 Iter 20/390 Loss 0.0757 Top1 97.58 Top5 99.96
2025-12-19 06:43:12,490 - INFO  - [NUDE][TRAIN] Epoch 48/120 Iter 40/390 Loss 0.0760 Top1 97.32 Top5 99.98
2025-12-19 06:43:15,926 - INFO  - [NUDE][TRAIN] Epoch 48/120 Iter 60/390 Loss 0.0722 Top1 97.46 Top5 99.99
2025-12-19 06:43:19,396 - INFO  - [NUDE][TRAIN] Epoch 48/120 Iter 80/390 Loss 0.0707 Top1 97.44 Top5 99.99
2025-12-19 06:43:22,932 - INFO  - [NUDE][TRAIN] Epoch 48/120 Iter 100/390 Loss 0.0716 Top1 97.41 Top5 99.99
2025-12-19 06:43:26,536 - INFO  - [NUDE][TRAIN] Epoch 48/120 Iter 120/390 Loss 0.0721 Top1 97.43 Top5 99.99
2025-12-19 06:43:29,968 - INFO  - [NUDE][TRAIN] Epoch 48/120 Iter 140/390 Loss 0.0712 Top1 97.44 Top5 99.99
2025-12-19 06:43:33,490 - INFO  - [NUDE][TRAIN] Epoch 48/120 Iter 160/390 Loss 0.0715 Top1 97.46 Top5 100.00
2025-12-19 06:43:36,930 - INFO  - [NUDE][TRAIN] Epoch 48/120 Iter 180/390 Loss 0.0718 Top1 97.46 Top5 99.99
2025-12-19 06:43:40,455 - INFO  - [NUDE][TRAIN] Epoch 48/120 Iter 200/390 Loss 0.0714 Top1 97.48 Top5 99.99
2025-12-19 06:43:43,906 - INFO  - [NUDE][TRAIN] Epoch 48/120 Iter 220/390 Loss 0.0725 Top1 97.43 Top5 99.99
2025-12-19 06:43:47,431 - INFO  - [NUDE][TRAIN] Epoch 48/120 Iter 240/390 Loss 0.0733 Top1 97.42 Top5 99.99
2025-12-19 06:43:50,913 - INFO  - [NUDE][TRAIN] Epoch 48/120 Iter 260/390 Loss 0.0734 Top1 97.42 Top5 99.99
2025-12-19 06:43:54,459 - INFO  - [NUDE][TRAIN] Epoch 48/120 Iter 280/390 Loss 0.0738 Top1 97.40 Top5 99.99
2025-12-19 06:43:57,933 - INFO  - [NUDE][TRAIN] Epoch 48/120 Iter 300/390 Loss 0.0734 Top1 97.40 Top5 99.99
2025-12-19 06:44:01,538 - INFO  - [NUDE][TRAIN] Epoch 48/120 Iter 320/390 Loss 0.0731 Top1 97.40 Top5 99.99
2025-12-19 06:44:04,984 - INFO  - [NUDE][TRAIN] Epoch 48/120 Iter 340/390 Loss 0.0734 Top1 97.38 Top5 99.99
2025-12-19 06:44:08,534 - INFO  - [NUDE][TRAIN] Epoch 48/120 Iter 360/390 Loss 0.0737 Top1 97.36 Top5 99.99
2025-12-19 06:44:12,090 - INFO  - [NUDE][TRAIN] Epoch 48/120 Iter 380/390 Loss 0.0751 Top1 97.33 Top5 99.99
2025-12-19 06:44:13,865 - INFO  - [NUDE] Validate: force max bit-width W/A = 6
2025-12-19 06:44:16,126 - INFO  - [NUDE][EPOCH] 48/120 Train: Top1=97.32 Top5=99.99 Loss=0.0752 | Val(EMA): Top1=93.51
2025-12-19 06:44:16,715 - INFO  - ([49] Epoch) Saving checkpoint to:
             Current: /root/autodl-tmp/retraining-free-quantization/training/resnet18_cifar10_nude_srqat_ls1em05/resnet18_cifar10_nude_srqat_ls1em05_checkpoint.pth.tar

2025-12-19 06:44:16,726 - INFO  - [NUDE] Epoch 49: force max bit-width W/A = 6
2025-12-19 06:44:20,478 - INFO  - [NUDE][TRAIN] Epoch 49/120 Iter 20/390 Loss 0.0715 Top1 97.38 Top5 100.00
2025-12-19 06:44:23,911 - INFO  - [NUDE][TRAIN] Epoch 49/120 Iter 40/390 Loss 0.0651 Top1 97.64 Top5 100.00
2025-12-19 06:44:27,461 - INFO  - [NUDE][TRAIN] Epoch 49/120 Iter 60/390 Loss 0.0648 Top1 97.77 Top5 100.00
2025-12-19 06:44:30,913 - INFO  - [NUDE][TRAIN] Epoch 49/120 Iter 80/390 Loss 0.0644 Top1 97.77 Top5 100.00
2025-12-19 06:44:34,441 - INFO  - [NUDE][TRAIN] Epoch 49/120 Iter 100/390 Loss 0.0667 Top1 97.69 Top5 100.00
2025-12-19 06:44:37,979 - INFO  - [NUDE][TRAIN] Epoch 49/120 Iter 120/390 Loss 0.0698 Top1 97.53 Top5 99.99
2025-12-19 06:44:41,411 - INFO  - [NUDE][TRAIN] Epoch 49/120 Iter 140/390 Loss 0.0691 Top1 97.57 Top5 99.99
2025-12-19 06:44:44,986 - INFO  - [NUDE][TRAIN] Epoch 49/120 Iter 160/390 Loss 0.0705 Top1 97.56 Top5 100.00
2025-12-19 06:44:48,360 - INFO  - [NUDE][TRAIN] Epoch 49/120 Iter 180/390 Loss 0.0706 Top1 97.54 Top5 100.00
2025-12-19 06:44:51,894 - INFO  - [NUDE][TRAIN] Epoch 49/120 Iter 200/390 Loss 0.0716 Top1 97.51 Top5 99.99
2025-12-19 06:44:55,303 - INFO  - [NUDE][TRAIN] Epoch 49/120 Iter 220/390 Loss 0.0719 Top1 97.48 Top5 99.99
2025-12-19 06:44:58,867 - INFO  - [NUDE][TRAIN] Epoch 49/120 Iter 240/390 Loss 0.0722 Top1 97.45 Top5 99.99
2025-12-19 06:45:02,354 - INFO  - [NUDE][TRAIN] Epoch 49/120 Iter 260/390 Loss 0.0718 Top1 97.48 Top5 99.99
2025-12-19 06:45:05,910 - INFO  - [NUDE][TRAIN] Epoch 49/120 Iter 280/390 Loss 0.0708 Top1 97.51 Top5 99.99
2025-12-19 06:45:09,364 - INFO  - [NUDE][TRAIN] Epoch 49/120 Iter 300/390 Loss 0.0716 Top1 97.48 Top5 99.99
2025-12-19 06:45:12,915 - INFO  - [NUDE][TRAIN] Epoch 49/120 Iter 320/390 Loss 0.0709 Top1 97.50 Top5 99.99
2025-12-19 06:45:16,368 - INFO  - [NUDE][TRAIN] Epoch 49/120 Iter 340/390 Loss 0.0706 Top1 97.49 Top5 99.99
2025-12-19 06:45:19,920 - INFO  - [NUDE][TRAIN] Epoch 49/120 Iter 360/390 Loss 0.0715 Top1 97.45 Top5 99.99
2025-12-19 06:45:23,439 - INFO  - [NUDE][TRAIN] Epoch 49/120 Iter 380/390 Loss 0.0713 Top1 97.47 Top5 99.99
2025-12-19 06:45:25,194 - INFO  - [NUDE] Validate: force max bit-width W/A = 6
2025-12-19 06:45:27,463 - INFO  - [NUDE][EPOCH] 49/120 Train: Top1=97.45 Top5=99.99 Loss=0.0719 | Val(EMA): Top1=93.53
2025-12-19 06:45:28,069 - INFO  - ([50] Epoch) Saving checkpoint to:
             Current: /root/autodl-tmp/retraining-free-quantization/training/resnet18_cifar10_nude_srqat_ls1em05/resnet18_cifar10_nude_srqat_ls1em05_checkpoint.pth.tar

2025-12-19 06:45:28,080 - INFO  - [NUDE] Epoch 50: force max bit-width W/A = 6
2025-12-19 06:45:31,848 - INFO  - [NUDE][TRAIN] Epoch 50/120 Iter 20/390 Loss 0.0690 Top1 97.34 Top5 100.00
2025-12-19 06:45:35,284 - INFO  - [NUDE][TRAIN] Epoch 50/120 Iter 40/390 Loss 0.0654 Top1 97.62 Top5 100.00
2025-12-19 06:45:38,854 - INFO  - [NUDE][TRAIN] Epoch 50/120 Iter 60/390 Loss 0.0650 Top1 97.53 Top5 100.00
2025-12-19 06:45:42,318 - INFO  - [NUDE][TRAIN] Epoch 50/120 Iter 80/390 Loss 0.0624 Top1 97.66 Top5 100.00
2025-12-19 06:45:45,914 - INFO  - [NUDE][TRAIN] Epoch 50/120 Iter 100/390 Loss 0.0620 Top1 97.71 Top5 100.00
2025-12-19 06:45:49,353 - INFO  - [NUDE][TRAIN] Epoch 50/120 Iter 120/390 Loss 0.0615 Top1 97.72 Top5 100.00
2025-12-19 06:45:52,894 - INFO  - [NUDE][TRAIN] Epoch 50/120 Iter 140/390 Loss 0.0604 Top1 97.77 Top5 100.00
2025-12-19 06:45:56,421 - INFO  - [NUDE][TRAIN] Epoch 50/120 Iter 160/390 Loss 0.0610 Top1 97.74 Top5 100.00
2025-12-19 06:45:59,866 - INFO  - [NUDE][TRAIN] Epoch 50/120 Iter 180/390 Loss 0.0619 Top1 97.72 Top5 100.00
2025-12-19 06:46:03,406 - INFO  - [NUDE][TRAIN] Epoch 50/120 Iter 200/390 Loss 0.0620 Top1 97.75 Top5 100.00
2025-12-19 06:46:06,852 - INFO  - [NUDE][TRAIN] Epoch 50/120 Iter 220/390 Loss 0.0630 Top1 97.70 Top5 100.00
2025-12-19 06:46:10,363 - INFO  - [NUDE][TRAIN] Epoch 50/120 Iter 240/390 Loss 0.0640 Top1 97.68 Top5 100.00
2025-12-19 06:46:13,843 - INFO  - [NUDE][TRAIN] Epoch 50/120 Iter 260/390 Loss 0.0658 Top1 97.64 Top5 100.00
2025-12-19 06:46:17,441 - INFO  - [NUDE][TRAIN] Epoch 50/120 Iter 280/390 Loss 0.0675 Top1 97.59 Top5 99.99
2025-12-19 06:46:20,931 - INFO  - [NUDE][TRAIN] Epoch 50/120 Iter 300/390 Loss 0.0696 Top1 97.53 Top5 99.99
2025-12-19 06:46:24,481 - INFO  - [NUDE][TRAIN] Epoch 50/120 Iter 320/390 Loss 0.0706 Top1 97.48 Top5 100.00
2025-12-19 06:46:28,041 - INFO  - [NUDE][TRAIN] Epoch 50/120 Iter 340/390 Loss 0.0699 Top1 97.49 Top5 100.00
2025-12-19 06:46:31,631 - INFO  - [NUDE][TRAIN] Epoch 50/120 Iter 360/390 Loss 0.0701 Top1 97.49 Top5 100.00
2025-12-19 06:46:35,177 - INFO  - [NUDE][TRAIN] Epoch 50/120 Iter 380/390 Loss 0.0706 Top1 97.47 Top5 100.00
2025-12-19 06:46:36,916 - INFO  - [NUDE] Validate: force max bit-width W/A = 6
2025-12-19 06:46:39,135 - INFO  - [NUDE][EPOCH] 50/120 Train: Top1=97.47 Top5=100.00 Loss=0.0707 | Val(EMA): Top1=93.59
2025-12-19 06:46:39,700 - INFO  - ([51] Epoch) Saving checkpoint to:
             Current: /root/autodl-tmp/retraining-free-quantization/training/resnet18_cifar10_nude_srqat_ls1em05/resnet18_cifar10_nude_srqat_ls1em05_checkpoint.pth.tar

2025-12-19 06:46:39,711 - INFO  - [NUDE] Epoch 51: force max bit-width W/A = 6
2025-12-19 06:46:43,427 - INFO  - [NUDE][TRAIN] Epoch 51/120 Iter 20/390 Loss 0.0501 Top1 98.44 Top5 100.00
2025-12-19 06:46:46,837 - INFO  - [NUDE][TRAIN] Epoch 51/120 Iter 40/390 Loss 0.0619 Top1 97.95 Top5 99.98
2025-12-19 06:46:50,360 - INFO  - [NUDE][TRAIN] Epoch 51/120 Iter 60/390 Loss 0.0598 Top1 97.84 Top5 99.99
2025-12-19 06:46:53,821 - INFO  - [NUDE][TRAIN] Epoch 51/120 Iter 80/390 Loss 0.0610 Top1 97.89 Top5 99.98
2025-12-19 06:46:57,360 - INFO  - [NUDE][TRAIN] Epoch 51/120 Iter 100/390 Loss 0.0589 Top1 97.97 Top5 99.98
2025-12-19 06:47:00,821 - INFO  - [NUDE][TRAIN] Epoch 51/120 Iter 120/390 Loss 0.0581 Top1 97.97 Top5 99.99
2025-12-19 06:47:04,353 - INFO  - [NUDE][TRAIN] Epoch 51/120 Iter 140/390 Loss 0.0574 Top1 97.98 Top5 99.99
2025-12-19 06:47:07,877 - INFO  - [NUDE][TRAIN] Epoch 51/120 Iter 160/390 Loss 0.0591 Top1 97.95 Top5 99.99
2025-12-19 06:47:11,308 - INFO  - [NUDE][TRAIN] Epoch 51/120 Iter 180/390 Loss 0.0593 Top1 97.97 Top5 99.99
2025-12-19 06:47:14,836 - INFO  - [NUDE][TRAIN] Epoch 51/120 Iter 200/390 Loss 0.0607 Top1 97.92 Top5 99.99
2025-12-19 06:47:18,238 - INFO  - [NUDE][TRAIN] Epoch 51/120 Iter 220/390 Loss 0.0615 Top1 97.87 Top5 99.99
2025-12-19 06:47:21,746 - INFO  - [NUDE][TRAIN] Epoch 51/120 Iter 240/390 Loss 0.0634 Top1 97.82 Top5 99.99
2025-12-19 06:47:25,171 - INFO  - [NUDE][TRAIN] Epoch 51/120 Iter 260/390 Loss 0.0637 Top1 97.80 Top5 99.99
2025-12-19 06:47:28,697 - INFO  - [NUDE][TRAIN] Epoch 51/120 Iter 280/390 Loss 0.0638 Top1 97.79 Top5 99.99
2025-12-19 06:47:32,164 - INFO  - [NUDE][TRAIN] Epoch 51/120 Iter 300/390 Loss 0.0642 Top1 97.77 Top5 99.99
2025-12-19 06:47:35,739 - INFO  - [NUDE][TRAIN] Epoch 51/120 Iter 320/390 Loss 0.0641 Top1 97.76 Top5 99.99
2025-12-19 06:47:39,219 - INFO  - [NUDE][TRAIN] Epoch 51/120 Iter 340/390 Loss 0.0644 Top1 97.74 Top5 99.98
2025-12-19 06:47:42,783 - INFO  - [NUDE][TRAIN] Epoch 51/120 Iter 360/390 Loss 0.0640 Top1 97.73 Top5 99.98
2025-12-19 06:47:46,325 - INFO  - [NUDE][TRAIN] Epoch 51/120 Iter 380/390 Loss 0.0638 Top1 97.74 Top5 99.99
2025-12-19 06:47:48,127 - INFO  - [NUDE] Validate: force max bit-width W/A = 6
2025-12-19 06:47:50,390 - INFO  - [NUDE][EPOCH] 51/120 Train: Top1=97.74 Top5=99.98 Loss=0.0638 | Val(EMA): Top1=93.67
2025-12-19 06:47:51,050 - INFO  - ([52] Epoch) Saving checkpoint to:
             Current: /root/autodl-tmp/retraining-free-quantization/training/resnet18_cifar10_nude_srqat_ls1em05/resnet18_cifar10_nude_srqat_ls1em05_checkpoint.pth.tar

2025-12-19 06:47:51,061 - INFO  - [NUDE] Epoch 52: force max bit-width W/A = 6
2025-12-19 06:47:54,872 - INFO  - [NUDE][TRAIN] Epoch 52/120 Iter 20/390 Loss 0.0453 Top1 98.28 Top5 100.00
2025-12-19 06:47:58,434 - INFO  - [NUDE][TRAIN] Epoch 52/120 Iter 40/390 Loss 0.0454 Top1 98.34 Top5 100.00
2025-12-19 06:48:01,849 - INFO  - [NUDE][TRAIN] Epoch 52/120 Iter 60/390 Loss 0.0472 Top1 98.33 Top5 100.00
2025-12-19 06:48:05,274 - INFO  - [NUDE][TRAIN] Epoch 52/120 Iter 80/390 Loss 0.0509 Top1 98.20 Top5 100.00
2025-12-19 06:48:08,801 - INFO  - [NUDE][TRAIN] Epoch 52/120 Iter 100/390 Loss 0.0516 Top1 98.20 Top5 100.00
2025-12-19 06:48:12,330 - INFO  - [NUDE][TRAIN] Epoch 52/120 Iter 120/390 Loss 0.0517 Top1 98.15 Top5 100.00
2025-12-19 06:48:15,747 - INFO  - [NUDE][TRAIN] Epoch 52/120 Iter 140/390 Loss 0.0538 Top1 98.10 Top5 100.00
2025-12-19 06:48:19,312 - INFO  - [NUDE][TRAIN] Epoch 52/120 Iter 160/390 Loss 0.0557 Top1 98.04 Top5 100.00
2025-12-19 06:48:22,748 - INFO  - [NUDE][TRAIN] Epoch 52/120 Iter 180/390 Loss 0.0582 Top1 97.92 Top5 100.00
2025-12-19 06:48:26,197 - INFO  - [NUDE][TRAIN] Epoch 52/120 Iter 200/390 Loss 0.0589 Top1 97.90 Top5 100.00
2025-12-19 06:48:29,561 - INFO  - [NUDE][TRAIN] Epoch 52/120 Iter 220/390 Loss 0.0591 Top1 97.88 Top5 100.00
2025-12-19 06:48:33,006 - INFO  - [NUDE][TRAIN] Epoch 52/120 Iter 240/390 Loss 0.0599 Top1 97.86 Top5 100.00
2025-12-19 06:48:36,406 - INFO  - [NUDE][TRAIN] Epoch 52/120 Iter 260/390 Loss 0.0608 Top1 97.84 Top5 100.00
2025-12-19 06:48:39,947 - INFO  - [NUDE][TRAIN] Epoch 52/120 Iter 280/390 Loss 0.0618 Top1 97.81 Top5 100.00
2025-12-19 06:48:43,380 - INFO  - [NUDE][TRAIN] Epoch 52/120 Iter 300/390 Loss 0.0619 Top1 97.81 Top5 100.00
2025-12-19 06:48:46,925 - INFO  - [NUDE][TRAIN] Epoch 52/120 Iter 320/390 Loss 0.0623 Top1 97.79 Top5 100.00
2025-12-19 06:48:50,343 - INFO  - [NUDE][TRAIN] Epoch 52/120 Iter 340/390 Loss 0.0638 Top1 97.76 Top5 100.00
2025-12-19 06:48:53,890 - INFO  - [NUDE][TRAIN] Epoch 52/120 Iter 360/390 Loss 0.0640 Top1 97.75 Top5 100.00
2025-12-19 06:48:57,426 - INFO  - [NUDE][TRAIN] Epoch 52/120 Iter 380/390 Loss 0.0652 Top1 97.70 Top5 100.00
2025-12-19 06:48:59,199 - INFO  - [NUDE] Validate: force max bit-width W/A = 6
2025-12-19 06:49:01,499 - INFO  - [NUDE][EPOCH] 52/120 Train: Top1=97.69 Top5=100.00 Loss=0.0654 | Val(EMA): Top1=93.74
2025-12-19 06:49:02,205 - INFO  - ([53] Epoch) Saving checkpoint to:
             Current: /root/autodl-tmp/retraining-free-quantization/training/resnet18_cifar10_nude_srqat_ls1em05/resnet18_cifar10_nude_srqat_ls1em05_checkpoint.pth.tar

2025-12-19 06:49:02,216 - INFO  - [NUDE] Epoch 53: force max bit-width W/A = 6
2025-12-19 06:49:06,091 - INFO  - [NUDE][TRAIN] Epoch 53/120 Iter 20/390 Loss 0.0532 Top1 98.20 Top5 100.00
2025-12-19 06:49:09,577 - INFO  - [NUDE][TRAIN] Epoch 53/120 Iter 40/390 Loss 0.0539 Top1 98.12 Top5 100.00
2025-12-19 06:49:13,121 - INFO  - [NUDE][TRAIN] Epoch 53/120 Iter 60/390 Loss 0.0596 Top1 97.88 Top5 100.00
2025-12-19 06:49:16,570 - INFO  - [NUDE][TRAIN] Epoch 53/120 Iter 80/390 Loss 0.0606 Top1 97.96 Top5 99.99
2025-12-19 06:49:20,080 - INFO  - [NUDE][TRAIN] Epoch 53/120 Iter 100/390 Loss 0.0593 Top1 98.03 Top5 99.99
2025-12-19 06:49:23,612 - INFO  - [NUDE][TRAIN] Epoch 53/120 Iter 120/390 Loss 0.0594 Top1 98.03 Top5 99.99
2025-12-19 06:49:27,051 - INFO  - [NUDE][TRAIN] Epoch 53/120 Iter 140/390 Loss 0.0596 Top1 98.01 Top5 99.99
2025-12-19 06:49:30,576 - INFO  - [NUDE][TRAIN] Epoch 53/120 Iter 160/390 Loss 0.0585 Top1 98.01 Top5 100.00
2025-12-19 06:49:34,034 - INFO  - [NUDE][TRAIN] Epoch 53/120 Iter 180/390 Loss 0.0591 Top1 97.99 Top5 100.00
2025-12-19 06:49:37,650 - INFO  - [NUDE][TRAIN] Epoch 53/120 Iter 200/390 Loss 0.0590 Top1 97.98 Top5 100.00
2025-12-19 06:49:41,089 - INFO  - [NUDE][TRAIN] Epoch 53/120 Iter 220/390 Loss 0.0589 Top1 97.96 Top5 100.00
2025-12-19 06:49:44,663 - INFO  - [NUDE][TRAIN] Epoch 53/120 Iter 240/390 Loss 0.0581 Top1 97.97 Top5 100.00
2025-12-19 06:49:48,090 - INFO  - [NUDE][TRAIN] Epoch 53/120 Iter 260/390 Loss 0.0588 Top1 97.96 Top5 100.00
2025-12-19 06:49:51,624 - INFO  - [NUDE][TRAIN] Epoch 53/120 Iter 280/390 Loss 0.0600 Top1 97.92 Top5 100.00
2025-12-19 06:49:55,049 - INFO  - [NUDE][TRAIN] Epoch 53/120 Iter 300/390 Loss 0.0613 Top1 97.86 Top5 100.00
2025-12-19 06:49:58,577 - INFO  - [NUDE][TRAIN] Epoch 53/120 Iter 320/390 Loss 0.0620 Top1 97.81 Top5 100.00
2025-12-19 06:50:02,116 - INFO  - [NUDE][TRAIN] Epoch 53/120 Iter 340/390 Loss 0.0634 Top1 97.75 Top5 100.00
2025-12-19 06:50:05,659 - INFO  - [NUDE][TRAIN] Epoch 53/120 Iter 360/390 Loss 0.0635 Top1 97.74 Top5 100.00
2025-12-19 06:50:09,163 - INFO  - [NUDE][TRAIN] Epoch 53/120 Iter 380/390 Loss 0.0631 Top1 97.75 Top5 100.00
2025-12-19 06:50:10,936 - INFO  - [NUDE] Validate: force max bit-width W/A = 6
2025-12-19 06:50:13,181 - INFO  - [NUDE][EPOCH] 53/120 Train: Top1=97.75 Top5=100.00 Loss=0.0630 | Val(EMA): Top1=93.71
2025-12-19 06:50:13,743 - INFO  - ([54] Epoch) Saving checkpoint to:
             Current: /root/autodl-tmp/retraining-free-quantization/training/resnet18_cifar10_nude_srqat_ls1em05/resnet18_cifar10_nude_srqat_ls1em05_checkpoint.pth.tar

2025-12-19 06:50:13,754 - INFO  - [NUDE] Epoch 54: force max bit-width W/A = 6
2025-12-19 06:50:17,438 - INFO  - [NUDE][TRAIN] Epoch 54/120 Iter 20/390 Loss 0.0600 Top1 97.62 Top5 100.00
2025-12-19 06:50:20,797 - INFO  - [NUDE][TRAIN] Epoch 54/120 Iter 40/390 Loss 0.0568 Top1 97.89 Top5 100.00
2025-12-19 06:50:24,279 - INFO  - [NUDE][TRAIN] Epoch 54/120 Iter 60/390 Loss 0.0572 Top1 97.89 Top5 99.99
2025-12-19 06:50:27,682 - INFO  - [NUDE][TRAIN] Epoch 54/120 Iter 80/390 Loss 0.0567 Top1 97.87 Top5 99.99
2025-12-19 06:50:31,235 - INFO  - [NUDE][TRAIN] Epoch 54/120 Iter 100/390 Loss 0.0589 Top1 97.85 Top5 99.99
2025-12-19 06:50:34,673 - INFO  - [NUDE][TRAIN] Epoch 54/120 Iter 120/390 Loss 0.0587 Top1 97.88 Top5 99.99
2025-12-19 06:50:38,234 - INFO  - [NUDE][TRAIN] Epoch 54/120 Iter 140/390 Loss 0.0581 Top1 97.92 Top5 99.99
2025-12-19 06:50:41,787 - INFO  - [NUDE][TRAIN] Epoch 54/120 Iter 160/390 Loss 0.0583 Top1 97.92 Top5 100.00
2025-12-19 06:50:45,223 - INFO  - [NUDE][TRAIN] Epoch 54/120 Iter 180/390 Loss 0.0583 Top1 97.91 Top5 99.99
2025-12-19 06:50:48,760 - INFO  - [NUDE][TRAIN] Epoch 54/120 Iter 200/390 Loss 0.0588 Top1 97.89 Top5 99.99
2025-12-19 06:50:52,185 - INFO  - [NUDE][TRAIN] Epoch 54/120 Iter 220/390 Loss 0.0583 Top1 97.91 Top5 99.99
2025-12-19 06:50:55,694 - INFO  - [NUDE][TRAIN] Epoch 54/120 Iter 240/390 Loss 0.0601 Top1 97.85 Top5 99.99
2025-12-19 06:50:59,127 - INFO  - [NUDE][TRAIN] Epoch 54/120 Iter 260/390 Loss 0.0610 Top1 97.82 Top5 99.99
2025-12-19 06:51:02,678 - INFO  - [NUDE][TRAIN] Epoch 54/120 Iter 280/390 Loss 0.0632 Top1 97.75 Top5 99.99
2025-12-19 06:51:06,127 - INFO  - [NUDE][TRAIN] Epoch 54/120 Iter 300/390 Loss 0.0635 Top1 97.77 Top5 99.99
2025-12-19 06:51:09,642 - INFO  - [NUDE][TRAIN] Epoch 54/120 Iter 320/390 Loss 0.0635 Top1 97.78 Top5 99.99
2025-12-19 06:51:13,071 - INFO  - [NUDE][TRAIN] Epoch 54/120 Iter 340/390 Loss 0.0640 Top1 97.77 Top5 99.99
2025-12-19 06:51:16,583 - INFO  - [NUDE][TRAIN] Epoch 54/120 Iter 360/390 Loss 0.0642 Top1 97.76 Top5 99.99
2025-12-19 06:51:20,135 - INFO  - [NUDE][TRAIN] Epoch 54/120 Iter 380/390 Loss 0.0647 Top1 97.75 Top5 99.99
2025-12-19 06:51:21,938 - INFO  - [NUDE] Validate: force max bit-width W/A = 6
2025-12-19 06:51:24,194 - INFO  - [NUDE][EPOCH] 54/120 Train: Top1=97.75 Top5=99.99 Loss=0.0646 | Val(EMA): Top1=93.76
2025-12-19 06:51:24,858 - INFO  - ([55] Epoch) Saving checkpoint to:
             Current: /root/autodl-tmp/retraining-free-quantization/training/resnet18_cifar10_nude_srqat_ls1em05/resnet18_cifar10_nude_srqat_ls1em05_checkpoint.pth.tar

2025-12-19 06:51:24,868 - INFO  - [NUDE] Epoch 55: force max bit-width W/A = 6
2025-12-19 06:51:28,611 - INFO  - [NUDE][TRAIN] Epoch 55/120 Iter 20/390 Loss 0.0531 Top1 98.01 Top5 100.00
2025-12-19 06:51:32,088 - INFO  - [NUDE][TRAIN] Epoch 55/120 Iter 40/390 Loss 0.0568 Top1 97.99 Top5 100.00
2025-12-19 06:51:35,620 - INFO  - [NUDE][TRAIN] Epoch 55/120 Iter 60/390 Loss 0.0555 Top1 98.06 Top5 100.00
2025-12-19 06:51:39,077 - INFO  - [NUDE][TRAIN] Epoch 55/120 Iter 80/390 Loss 0.0518 Top1 98.19 Top5 100.00
2025-12-19 06:51:42,590 - INFO  - [NUDE][TRAIN] Epoch 55/120 Iter 100/390 Loss 0.0529 Top1 98.08 Top5 99.99
2025-12-19 06:51:46,014 - INFO  - [NUDE][TRAIN] Epoch 55/120 Iter 120/390 Loss 0.0536 Top1 98.10 Top5 99.99
2025-12-19 06:51:49,552 - INFO  - [NUDE][TRAIN] Epoch 55/120 Iter 140/390 Loss 0.0535 Top1 98.11 Top5 99.99
2025-12-19 06:51:53,088 - INFO  - [NUDE][TRAIN] Epoch 55/120 Iter 160/390 Loss 0.0539 Top1 98.10 Top5 100.00
2025-12-19 06:51:56,494 - INFO  - [NUDE][TRAIN] Epoch 55/120 Iter 180/390 Loss 0.0544 Top1 98.09 Top5 100.00
2025-12-19 06:52:00,044 - INFO  - [NUDE][TRAIN] Epoch 55/120 Iter 200/390 Loss 0.0547 Top1 98.09 Top5 100.00
2025-12-19 06:52:03,431 - INFO  - [NUDE][TRAIN] Epoch 55/120 Iter 220/390 Loss 0.0549 Top1 98.06 Top5 100.00
2025-12-19 06:52:06,903 - INFO  - [NUDE][TRAIN] Epoch 55/120 Iter 240/390 Loss 0.0558 Top1 98.05 Top5 100.00
2025-12-19 06:52:10,276 - INFO  - [NUDE][TRAIN] Epoch 55/120 Iter 260/390 Loss 0.0556 Top1 98.06 Top5 100.00
2025-12-19 06:52:13,754 - INFO  - [NUDE][TRAIN] Epoch 55/120 Iter 280/390 Loss 0.0556 Top1 98.04 Top5 100.00
2025-12-19 06:52:17,179 - INFO  - [NUDE][TRAIN] Epoch 55/120 Iter 300/390 Loss 0.0553 Top1 98.06 Top5 100.00
2025-12-19 06:52:20,708 - INFO  - [NUDE][TRAIN] Epoch 55/120 Iter 320/390 Loss 0.0568 Top1 98.02 Top5 100.00
2025-12-19 06:52:24,192 - INFO  - [NUDE][TRAIN] Epoch 55/120 Iter 340/390 Loss 0.0568 Top1 98.03 Top5 100.00
2025-12-19 06:52:27,755 - INFO  - [NUDE][TRAIN] Epoch 55/120 Iter 360/390 Loss 0.0574 Top1 98.00 Top5 100.00
2025-12-19 06:52:31,302 - INFO  - [NUDE][TRAIN] Epoch 55/120 Iter 380/390 Loss 0.0589 Top1 97.96 Top5 100.00
2025-12-19 06:52:33,051 - INFO  - [NUDE] Validate: force max bit-width W/A = 6
2025-12-19 06:52:35,306 - INFO  - [NUDE][EPOCH] 55/120 Train: Top1=97.96 Top5=100.00 Loss=0.0589 | Val(EMA): Top1=93.71
2025-12-19 06:52:35,908 - INFO  - ([56] Epoch) Saving checkpoint to:
             Current: /root/autodl-tmp/retraining-free-quantization/training/resnet18_cifar10_nude_srqat_ls1em05/resnet18_cifar10_nude_srqat_ls1em05_checkpoint.pth.tar

2025-12-19 06:52:35,919 - INFO  - [NUDE] Epoch 56: force max bit-width W/A = 6
2025-12-19 06:52:39,671 - INFO  - [NUDE][TRAIN] Epoch 56/120 Iter 20/390 Loss 0.0544 Top1 97.97 Top5 100.00
2025-12-19 06:52:43,194 - INFO  - [NUDE][TRAIN] Epoch 56/120 Iter 40/390 Loss 0.0479 Top1 98.22 Top5 100.00
2025-12-19 06:52:46,660 - INFO  - [NUDE][TRAIN] Epoch 56/120 Iter 60/390 Loss 0.0450 Top1 98.37 Top5 100.00
2025-12-19 06:52:50,098 - INFO  - [NUDE][TRAIN] Epoch 56/120 Iter 80/390 Loss 0.0443 Top1 98.38 Top5 100.00
2025-12-19 06:52:53,670 - INFO  - [NUDE][TRAIN] Epoch 56/120 Iter 100/390 Loss 0.0458 Top1 98.33 Top5 100.00
2025-12-19 06:52:57,209 - INFO  - [NUDE][TRAIN] Epoch 56/120 Iter 120/390 Loss 0.0451 Top1 98.36 Top5 100.00
2025-12-19 06:53:00,630 - INFO  - [NUDE][TRAIN] Epoch 56/120 Iter 140/390 Loss 0.0451 Top1 98.33 Top5 100.00
2025-12-19 06:53:04,190 - INFO  - [NUDE][TRAIN] Epoch 56/120 Iter 160/390 Loss 0.0469 Top1 98.26 Top5 100.00
2025-12-19 06:53:07,618 - INFO  - [NUDE][TRAIN] Epoch 56/120 Iter 180/390 Loss 0.0473 Top1 98.24 Top5 100.00
2025-12-19 06:53:11,130 - INFO  - [NUDE][TRAIN] Epoch 56/120 Iter 200/390 Loss 0.0489 Top1 98.20 Top5 100.00
2025-12-19 06:53:14,557 - INFO  - [NUDE][TRAIN] Epoch 56/120 Iter 220/390 Loss 0.0498 Top1 98.20 Top5 100.00
2025-12-19 06:53:18,056 - INFO  - [NUDE][TRAIN] Epoch 56/120 Iter 240/390 Loss 0.0509 Top1 98.17 Top5 100.00
2025-12-19 06:53:21,456 - INFO  - [NUDE][TRAIN] Epoch 56/120 Iter 260/390 Loss 0.0511 Top1 98.17 Top5 100.00
2025-12-19 06:53:24,997 - INFO  - [NUDE][TRAIN] Epoch 56/120 Iter 280/390 Loss 0.0511 Top1 98.16 Top5 100.00
2025-12-19 06:53:28,423 - INFO  - [NUDE][TRAIN] Epoch 56/120 Iter 300/390 Loss 0.0515 Top1 98.14 Top5 100.00
2025-12-19 06:53:31,955 - INFO  - [NUDE][TRAIN] Epoch 56/120 Iter 320/390 Loss 0.0517 Top1 98.13 Top5 100.00
2025-12-19 06:53:35,394 - INFO  - [NUDE][TRAIN] Epoch 56/120 Iter 340/390 Loss 0.0525 Top1 98.11 Top5 100.00
2025-12-19 06:53:38,906 - INFO  - [NUDE][TRAIN] Epoch 56/120 Iter 360/390 Loss 0.0529 Top1 98.10 Top5 100.00
2025-12-19 06:53:42,406 - INFO  - [NUDE][TRAIN] Epoch 56/120 Iter 380/390 Loss 0.0540 Top1 98.05 Top5 100.00
2025-12-19 06:53:44,155 - INFO  - [NUDE] Validate: force max bit-width W/A = 6
2025-12-19 06:53:46,406 - INFO  - [NUDE][EPOCH] 56/120 Train: Top1=98.06 Top5=100.00 Loss=0.0539 | Val(EMA): Top1=93.80
2025-12-19 06:53:46,995 - INFO  - ([57] Epoch) Saving checkpoint to:
             Current: /root/autodl-tmp/retraining-free-quantization/training/resnet18_cifar10_nude_srqat_ls1em05/resnet18_cifar10_nude_srqat_ls1em05_checkpoint.pth.tar

2025-12-19 06:53:47,006 - INFO  - [NUDE] Epoch 57: force max bit-width W/A = 6
2025-12-19 06:53:50,798 - INFO  - [NUDE][TRAIN] Epoch 57/120 Iter 20/390 Loss 0.0584 Top1 98.24 Top5 100.00
2025-12-19 06:53:54,157 - INFO  - [NUDE][TRAIN] Epoch 57/120 Iter 40/390 Loss 0.0526 Top1 98.40 Top5 99.98
2025-12-19 06:53:57,601 - INFO  - [NUDE][TRAIN] Epoch 57/120 Iter 60/390 Loss 0.0518 Top1 98.24 Top5 99.99
2025-12-19 06:54:00,965 - INFO  - [NUDE][TRAIN] Epoch 57/120 Iter 80/390 Loss 0.0509 Top1 98.23 Top5 99.99
2025-12-19 06:54:04,446 - INFO  - [NUDE][TRAIN] Epoch 57/120 Iter 100/390 Loss 0.0495 Top1 98.24 Top5 99.99
2025-12-19 06:54:08,011 - INFO  - [NUDE][TRAIN] Epoch 57/120 Iter 120/390 Loss 0.0505 Top1 98.27 Top5 99.99
2025-12-19 06:54:11,445 - INFO  - [NUDE][TRAIN] Epoch 57/120 Iter 140/390 Loss 0.0494 Top1 98.33 Top5 99.99
2025-12-19 06:54:14,974 - INFO  - [NUDE][TRAIN] Epoch 57/120 Iter 160/390 Loss 0.0498 Top1 98.28 Top5 100.00
2025-12-19 06:54:18,411 - INFO  - [NUDE][TRAIN] Epoch 57/120 Iter 180/390 Loss 0.0505 Top1 98.29 Top5 100.00
2025-12-19 06:54:21,995 - INFO  - [NUDE][TRAIN] Epoch 57/120 Iter 200/390 Loss 0.0507 Top1 98.30 Top5 100.00
2025-12-19 06:54:25,489 - INFO  - [NUDE][TRAIN] Epoch 57/120 Iter 220/390 Loss 0.0503 Top1 98.30 Top5 100.00
2025-12-19 06:54:29,050 - INFO  - [NUDE][TRAIN] Epoch 57/120 Iter 240/390 Loss 0.0495 Top1 98.32 Top5 100.00
2025-12-19 06:54:32,534 - INFO  - [NUDE][TRAIN] Epoch 57/120 Iter 260/390 Loss 0.0495 Top1 98.31 Top5 100.00
2025-12-19 06:54:36,085 - INFO  - [NUDE][TRAIN] Epoch 57/120 Iter 280/390 Loss 0.0504 Top1 98.29 Top5 100.00
2025-12-19 06:54:39,556 - INFO  - [NUDE][TRAIN] Epoch 57/120 Iter 300/390 Loss 0.0511 Top1 98.27 Top5 100.00
2025-12-19 06:54:43,099 - INFO  - [NUDE][TRAIN] Epoch 57/120 Iter 320/390 Loss 0.0522 Top1 98.24 Top5 100.00
2025-12-19 06:54:46,603 - INFO  - [NUDE][TRAIN] Epoch 57/120 Iter 340/390 Loss 0.0517 Top1 98.26 Top5 99.99
2025-12-19 06:54:50,120 - INFO  - [NUDE][TRAIN] Epoch 57/120 Iter 360/390 Loss 0.0520 Top1 98.24 Top5 99.99
2025-12-19 06:54:53,622 - INFO  - [NUDE][TRAIN] Epoch 57/120 Iter 380/390 Loss 0.0527 Top1 98.22 Top5 99.99
2025-12-19 06:54:55,369 - INFO  - [NUDE] Validate: force max bit-width W/A = 6
2025-12-19 06:54:57,636 - INFO  - [NUDE][EPOCH] 57/120 Train: Top1=98.22 Top5=99.99 Loss=0.0530 | Val(EMA): Top1=93.99
2025-12-19 06:54:58,224 - INFO  - ([58] Epoch) Saving checkpoint to:
             Current: /root/autodl-tmp/retraining-free-quantization/training/resnet18_cifar10_nude_srqat_ls1em05/resnet18_cifar10_nude_srqat_ls1em05_checkpoint.pth.tar

2025-12-19 06:54:58,234 - INFO  - [NUDE] Epoch 58: force max bit-width W/A = 6
2025-12-19 06:55:02,040 - INFO  - [NUDE][TRAIN] Epoch 58/120 Iter 20/390 Loss 0.0596 Top1 97.93 Top5 100.00
2025-12-19 06:55:05,520 - INFO  - [NUDE][TRAIN] Epoch 58/120 Iter 40/390 Loss 0.0562 Top1 98.12 Top5 100.00
2025-12-19 06:55:09,049 - INFO  - [NUDE][TRAIN] Epoch 58/120 Iter 60/390 Loss 0.0538 Top1 98.10 Top5 100.00
2025-12-19 06:55:12,503 - INFO  - [NUDE][TRAIN] Epoch 58/120 Iter 80/390 Loss 0.0510 Top1 98.19 Top5 100.00
2025-12-19 06:55:16,054 - INFO  - [NUDE][TRAIN] Epoch 58/120 Iter 100/390 Loss 0.0486 Top1 98.27 Top5 100.00
2025-12-19 06:55:19,489 - INFO  - [NUDE][TRAIN] Epoch 58/120 Iter 120/390 Loss 0.0475 Top1 98.35 Top5 99.99
2025-12-19 06:55:23,004 - INFO  - [NUDE][TRAIN] Epoch 58/120 Iter 140/390 Loss 0.0466 Top1 98.41 Top5 99.99
2025-12-19 06:55:26,542 - INFO  - [NUDE][TRAIN] Epoch 58/120 Iter 160/390 Loss 0.0461 Top1 98.43 Top5 100.00
2025-12-19 06:55:29,960 - INFO  - [NUDE][TRAIN] Epoch 58/120 Iter 180/390 Loss 0.0458 Top1 98.42 Top5 100.00
2025-12-19 06:55:33,510 - INFO  - [NUDE][TRAIN] Epoch 58/120 Iter 200/390 Loss 0.0455 Top1 98.44 Top5 100.00
2025-12-19 06:55:36,969 - INFO  - [NUDE][TRAIN] Epoch 58/120 Iter 220/390 Loss 0.0449 Top1 98.45 Top5 100.00
2025-12-19 06:55:40,514 - INFO  - [NUDE][TRAIN] Epoch 58/120 Iter 240/390 Loss 0.0441 Top1 98.47 Top5 100.00
2025-12-19 06:55:43,904 - INFO  - [NUDE][TRAIN] Epoch 58/120 Iter 260/390 Loss 0.0446 Top1 98.44 Top5 100.00
2025-12-19 06:55:47,384 - INFO  - [NUDE][TRAIN] Epoch 58/120 Iter 280/390 Loss 0.0451 Top1 98.44 Top5 100.00
2025-12-19 06:55:50,758 - INFO  - [NUDE][TRAIN] Epoch 58/120 Iter 300/390 Loss 0.0454 Top1 98.43 Top5 100.00
2025-12-19 06:55:54,290 - INFO  - [NUDE][TRAIN] Epoch 58/120 Iter 320/390 Loss 0.0457 Top1 98.42 Top5 100.00
2025-12-19 06:55:57,754 - INFO  - [NUDE][TRAIN] Epoch 58/120 Iter 340/390 Loss 0.0458 Top1 98.42 Top5 100.00
2025-12-19 06:56:01,299 - INFO  - [NUDE][TRAIN] Epoch 58/120 Iter 360/390 Loss 0.0462 Top1 98.40 Top5 100.00
2025-12-19 06:56:04,832 - INFO  - [NUDE][TRAIN] Epoch 58/120 Iter 380/390 Loss 0.0465 Top1 98.39 Top5 100.00
2025-12-19 06:56:06,607 - INFO  - [NUDE] Validate: force max bit-width W/A = 6
2025-12-19 06:56:09,028 - INFO  - [NUDE][EPOCH] 58/120 Train: Top1=98.37 Top5=100.00 Loss=0.0468 | Val(EMA): Top1=93.92
2025-12-19 06:56:09,618 - INFO  - ([59] Epoch) Saving checkpoint to:
             Current: /root/autodl-tmp/retraining-free-quantization/training/resnet18_cifar10_nude_srqat_ls1em05/resnet18_cifar10_nude_srqat_ls1em05_checkpoint.pth.tar

2025-12-19 06:56:09,629 - INFO  - [NUDE] Epoch 59: force max bit-width W/A = 6
2025-12-19 06:56:13,390 - INFO  - [NUDE][TRAIN] Epoch 59/120 Iter 20/390 Loss 0.0403 Top1 98.63 Top5 100.00
2025-12-19 06:56:16,821 - INFO  - [NUDE][TRAIN] Epoch 59/120 Iter 40/390 Loss 0.0401 Top1 98.75 Top5 100.00
2025-12-19 06:56:20,363 - INFO  - [NUDE][TRAIN] Epoch 59/120 Iter 60/390 Loss 0.0421 Top1 98.67 Top5 100.00
2025-12-19 06:56:23,843 - INFO  - [NUDE][TRAIN] Epoch 59/120 Iter 80/390 Loss 0.0421 Top1 98.62 Top5 99.99
2025-12-19 06:56:27,369 - INFO  - [NUDE][TRAIN] Epoch 59/120 Iter 100/390 Loss 0.0412 Top1 98.66 Top5 99.99
2025-12-19 06:56:30,793 - INFO  - [NUDE][TRAIN] Epoch 59/120 Iter 120/390 Loss 0.0409 Top1 98.63 Top5 99.99
2025-12-19 06:56:34,311 - INFO  - [NUDE][TRAIN] Epoch 59/120 Iter 140/390 Loss 0.0423 Top1 98.58 Top5 99.99
2025-12-19 06:56:37,839 - INFO  - [NUDE][TRAIN] Epoch 59/120 Iter 160/390 Loss 0.0426 Top1 98.58 Top5 100.00
2025-12-19 06:56:41,259 - INFO  - [NUDE][TRAIN] Epoch 59/120 Iter 180/390 Loss 0.0437 Top1 98.52 Top5 99.99
2025-12-19 06:56:44,825 - INFO  - [NUDE][TRAIN] Epoch 59/120 Iter 200/390 Loss 0.0438 Top1 98.52 Top5 99.99
2025-12-19 06:56:48,290 - INFO  - [NUDE][TRAIN] Epoch 59/120 Iter 220/390 Loss 0.0439 Top1 98.50 Top5 99.99
2025-12-19 06:56:51,884 - INFO  - [NUDE][TRAIN] Epoch 59/120 Iter 240/390 Loss 0.0443 Top1 98.45 Top5 99.99
2025-12-19 06:56:55,367 - INFO  - [NUDE][TRAIN] Epoch 59/120 Iter 260/390 Loss 0.0446 Top1 98.46 Top5 99.99
2025-12-19 06:56:58,895 - INFO  - [NUDE][TRAIN] Epoch 59/120 Iter 280/390 Loss 0.0448 Top1 98.46 Top5 99.99
2025-12-19 06:57:02,368 - INFO  - [NUDE][TRAIN] Epoch 59/120 Iter 300/390 Loss 0.0459 Top1 98.42 Top5 99.99
2025-12-19 06:57:05,881 - INFO  - [NUDE][TRAIN] Epoch 59/120 Iter 320/390 Loss 0.0460 Top1 98.41 Top5 100.00
2025-12-19 06:57:09,344 - INFO  - [NUDE][TRAIN] Epoch 59/120 Iter 340/390 Loss 0.0471 Top1 98.36 Top5 100.00
2025-12-19 06:57:12,897 - INFO  - [NUDE][TRAIN] Epoch 59/120 Iter 360/390 Loss 0.0473 Top1 98.35 Top5 100.00
2025-12-19 06:57:16,486 - INFO  - [NUDE][TRAIN] Epoch 59/120 Iter 380/390 Loss 0.0475 Top1 98.35 Top5 100.00
2025-12-19 06:57:18,240 - INFO  - [NUDE] Validate: force max bit-width W/A = 6
2025-12-19 06:57:20,510 - INFO  - [NUDE][EPOCH] 59/120 Train: Top1=98.34 Top5=100.00 Loss=0.0477 | Val(EMA): Top1=93.96
2025-12-19 06:57:21,140 - INFO  - ([60] Epoch) Saving checkpoint to:
             Current: /root/autodl-tmp/retraining-free-quantization/training/resnet18_cifar10_nude_srqat_ls1em05/resnet18_cifar10_nude_srqat_ls1em05_checkpoint.pth.tar

2025-12-19 06:57:21,150 - INFO  - [NUDE] Epoch 60: force max bit-width W/A = 6
2025-12-19 06:57:24,910 - INFO  - [NUDE][TRAIN] Epoch 60/120 Iter 20/390 Loss 0.0453 Top1 98.44 Top5 100.00
2025-12-19 06:57:28,398 - INFO  - [NUDE][TRAIN] Epoch 60/120 Iter 40/390 Loss 0.0469 Top1 98.34 Top5 100.00
2025-12-19 06:57:31,768 - INFO  - [NUDE][TRAIN] Epoch 60/120 Iter 60/390 Loss 0.0491 Top1 98.29 Top5 100.00
2025-12-19 06:57:35,150 - INFO  - [NUDE][TRAIN] Epoch 60/120 Iter 80/390 Loss 0.0469 Top1 98.36 Top5 100.00
2025-12-19 06:57:38,617 - INFO  - [NUDE][TRAIN] Epoch 60/120 Iter 100/390 Loss 0.0490 Top1 98.30 Top5 99.99
2025-12-19 06:57:42,132 - INFO  - [NUDE][TRAIN] Epoch 60/120 Iter 120/390 Loss 0.0473 Top1 98.33 Top5 99.99
2025-12-19 06:57:45,570 - INFO  - [NUDE][TRAIN] Epoch 60/120 Iter 140/390 Loss 0.0462 Top1 98.31 Top5 99.99
2025-12-19 06:57:49,151 - INFO  - [NUDE][TRAIN] Epoch 60/120 Iter 160/390 Loss 0.0468 Top1 98.28 Top5 99.99
2025-12-19 06:57:52,592 - INFO  - [NUDE][TRAIN] Epoch 60/120 Iter 180/390 Loss 0.0461 Top1 98.30 Top5 99.99
2025-12-19 06:57:56,249 - INFO  - [NUDE][TRAIN] Epoch 60/120 Iter 200/390 Loss 0.0457 Top1 98.33 Top5 99.99
2025-12-19 06:57:59,690 - INFO  - [NUDE][TRAIN] Epoch 60/120 Iter 220/390 Loss 0.0457 Top1 98.33 Top5 99.99
2025-12-19 06:58:03,237 - INFO  - [NUDE][TRAIN] Epoch 60/120 Iter 240/390 Loss 0.0457 Top1 98.35 Top5 99.99
2025-12-19 06:58:06,684 - INFO  - [NUDE][TRAIN] Epoch 60/120 Iter 260/390 Loss 0.0463 Top1 98.32 Top5 99.99
2025-12-19 06:58:10,260 - INFO  - [NUDE][TRAIN] Epoch 60/120 Iter 280/390 Loss 0.0463 Top1 98.32 Top5 99.99
2025-12-19 06:58:13,746 - INFO  - [NUDE][TRAIN] Epoch 60/120 Iter 300/390 Loss 0.0467 Top1 98.31 Top5 99.99
2025-12-19 06:58:17,301 - INFO  - [NUDE][TRAIN] Epoch 60/120 Iter 320/390 Loss 0.0475 Top1 98.27 Top5 100.00
2025-12-19 06:58:20,792 - INFO  - [NUDE][TRAIN] Epoch 60/120 Iter 340/390 Loss 0.0474 Top1 98.30 Top5 100.00
2025-12-19 06:58:24,367 - INFO  - [NUDE][TRAIN] Epoch 60/120 Iter 360/390 Loss 0.0473 Top1 98.31 Top5 100.00
2025-12-19 06:58:27,927 - INFO  - [NUDE][TRAIN] Epoch 60/120 Iter 380/390 Loss 0.0472 Top1 98.31 Top5 100.00
2025-12-19 06:58:29,697 - INFO  - [NUDE] Validate: force max bit-width W/A = 6
2025-12-19 06:58:31,976 - INFO  - [NUDE][EPOCH] 60/120 Train: Top1=98.30 Top5=100.00 Loss=0.0473 | Val(EMA): Top1=94.01
2025-12-19 06:58:32,666 - INFO  - ([61] Epoch) Saving checkpoint to:
             Current: /root/autodl-tmp/retraining-free-quantization/training/resnet18_cifar10_nude_srqat_ls1em05/resnet18_cifar10_nude_srqat_ls1em05_checkpoint.pth.tar

2025-12-19 06:58:32,676 - INFO  - [NUDE] Epoch 61: force max bit-width W/A = 6
2025-12-19 06:58:36,493 - INFO  - [NUDE][TRAIN] Epoch 61/120 Iter 20/390 Loss 0.0495 Top1 98.55 Top5 99.96
2025-12-19 06:58:39,915 - INFO  - [NUDE][TRAIN] Epoch 61/120 Iter 40/390 Loss 0.0461 Top1 98.57 Top5 99.98
2025-12-19 06:58:43,509 - INFO  - [NUDE][TRAIN] Epoch 61/120 Iter 60/390 Loss 0.0468 Top1 98.55 Top5 99.99
2025-12-19 06:58:46,929 - INFO  - [NUDE][TRAIN] Epoch 61/120 Iter 80/390 Loss 0.0441 Top1 98.66 Top5 99.99
2025-12-19 06:58:50,463 - INFO  - [NUDE][TRAIN] Epoch 61/120 Iter 100/390 Loss 0.0420 Top1 98.69 Top5 99.99
2025-12-19 06:58:54,053 - INFO  - [NUDE][TRAIN] Epoch 61/120 Iter 120/390 Loss 0.0402 Top1 98.71 Top5 99.99
2025-12-19 06:58:57,507 - INFO  - [NUDE][TRAIN] Epoch 61/120 Iter 140/390 Loss 0.0395 Top1 98.72 Top5 99.99
2025-12-19 06:59:01,075 - INFO  - [NUDE][TRAIN] Epoch 61/120 Iter 160/390 Loss 0.0394 Top1 98.72 Top5 100.00
2025-12-19 06:59:04,529 - INFO  - [NUDE][TRAIN] Epoch 61/120 Iter 180/390 Loss 0.0385 Top1 98.76 Top5 100.00
2025-12-19 06:59:08,067 - INFO  - [NUDE][TRAIN] Epoch 61/120 Iter 200/390 Loss 0.0389 Top1 98.73 Top5 100.00
2025-12-19 06:59:11,532 - INFO  - [NUDE][TRAIN] Epoch 61/120 Iter 220/390 Loss 0.0386 Top1 98.72 Top5 100.00
2025-12-19 06:59:15,048 - INFO  - [NUDE][TRAIN] Epoch 61/120 Iter 240/390 Loss 0.0388 Top1 98.71 Top5 100.00
2025-12-19 06:59:18,447 - INFO  - [NUDE][TRAIN] Epoch 61/120 Iter 260/390 Loss 0.0397 Top1 98.67 Top5 100.00
2025-12-19 06:59:21,912 - INFO  - [NUDE][TRAIN] Epoch 61/120 Iter 280/390 Loss 0.0401 Top1 98.64 Top5 100.00
2025-12-19 06:59:25,322 - INFO  - [NUDE][TRAIN] Epoch 61/120 Iter 300/390 Loss 0.0411 Top1 98.60 Top5 100.00
2025-12-19 06:59:28,824 - INFO  - [NUDE][TRAIN] Epoch 61/120 Iter 320/390 Loss 0.0414 Top1 98.60 Top5 100.00
2025-12-19 06:59:32,292 - INFO  - [NUDE][TRAIN] Epoch 61/120 Iter 340/390 Loss 0.0423 Top1 98.56 Top5 100.00
2025-12-19 06:59:35,850 - INFO  - [NUDE][TRAIN] Epoch 61/120 Iter 360/390 Loss 0.0427 Top1 98.57 Top5 100.00
2025-12-19 06:59:39,385 - INFO  - [NUDE][TRAIN] Epoch 61/120 Iter 380/390 Loss 0.0429 Top1 98.56 Top5 100.00
2025-12-19 06:59:41,176 - INFO  - [NUDE] Validate: force max bit-width W/A = 6
2025-12-19 06:59:43,457 - INFO  - [NUDE][EPOCH] 61/120 Train: Top1=98.57 Top5=100.00 Loss=0.0428 | Val(EMA): Top1=94.10
2025-12-19 06:59:44,047 - INFO  - ([62] Epoch) Saving checkpoint to:
             Current: /root/autodl-tmp/retraining-free-quantization/training/resnet18_cifar10_nude_srqat_ls1em05/resnet18_cifar10_nude_srqat_ls1em05_checkpoint.pth.tar

2025-12-19 06:59:44,058 - INFO  - [NUDE] Epoch 62: force max bit-width W/A = 6
2025-12-19 06:59:47,807 - INFO  - [NUDE][TRAIN] Epoch 62/120 Iter 20/390 Loss 0.0409 Top1 98.59 Top5 100.00
2025-12-19 06:59:51,280 - INFO  - [NUDE][TRAIN] Epoch 62/120 Iter 40/390 Loss 0.0367 Top1 98.73 Top5 100.00
2025-12-19 06:59:54,836 - INFO  - [NUDE][TRAIN] Epoch 62/120 Iter 60/390 Loss 0.0410 Top1 98.57 Top5 100.00
2025-12-19 06:59:58,287 - INFO  - [NUDE][TRAIN] Epoch 62/120 Iter 80/390 Loss 0.0406 Top1 98.58 Top5 100.00
2025-12-19 07:00:02,259 - INFO  - [NUDE][TRAIN] Epoch 62/120 Iter 100/390 Loss 0.0402 Top1 98.58 Top5 100.00
2025-12-19 07:00:05,693 - INFO  - [NUDE][TRAIN] Epoch 62/120 Iter 120/390 Loss 0.0392 Top1 98.60 Top5 100.00
2025-12-19 07:00:09,219 - INFO  - [NUDE][TRAIN] Epoch 62/120 Iter 140/390 Loss 0.0390 Top1 98.61 Top5 100.00
2025-12-19 07:00:12,752 - INFO  - [NUDE][TRAIN] Epoch 62/120 Iter 160/390 Loss 0.0382 Top1 98.61 Top5 100.00
2025-12-19 07:00:16,197 - INFO  - [NUDE][TRAIN] Epoch 62/120 Iter 180/390 Loss 0.0382 Top1 98.61 Top5 100.00
2025-12-19 07:00:19,776 - INFO  - [NUDE][TRAIN] Epoch 62/120 Iter 200/390 Loss 0.0380 Top1 98.60 Top5 100.00
2025-12-19 07:00:23,229 - INFO  - [NUDE][TRAIN] Epoch 62/120 Iter 220/390 Loss 0.0380 Top1 98.60 Top5 100.00
2025-12-19 07:00:26,745 - INFO  - [NUDE][TRAIN] Epoch 62/120 Iter 240/390 Loss 0.0378 Top1 98.60 Top5 100.00
2025-12-19 07:00:30,177 - INFO  - [NUDE][TRAIN] Epoch 62/120 Iter 260/390 Loss 0.0379 Top1 98.61 Top5 100.00
2025-12-19 07:00:33,701 - INFO  - [NUDE][TRAIN] Epoch 62/120 Iter 280/390 Loss 0.0380 Top1 98.61 Top5 100.00
2025-12-19 07:00:37,135 - INFO  - [NUDE][TRAIN] Epoch 62/120 Iter 300/390 Loss 0.0382 Top1 98.62 Top5 100.00
2025-12-19 07:00:40,657 - INFO  - [NUDE][TRAIN] Epoch 62/120 Iter 320/390 Loss 0.0381 Top1 98.63 Top5 100.00
2025-12-19 07:00:44,116 - INFO  - [NUDE][TRAIN] Epoch 62/120 Iter 340/390 Loss 0.0384 Top1 98.61 Top5 100.00
2025-12-19 07:00:47,640 - INFO  - [NUDE][TRAIN] Epoch 62/120 Iter 360/390 Loss 0.0386 Top1 98.61 Top5 100.00
2025-12-19 07:00:51,241 - INFO  - [NUDE][TRAIN] Epoch 62/120 Iter 380/390 Loss 0.0388 Top1 98.60 Top5 100.00
2025-12-19 07:00:53,007 - INFO  - [NUDE] Validate: force max bit-width W/A = 6
2025-12-19 07:00:55,269 - INFO  - [NUDE][EPOCH] 62/120 Train: Top1=98.59 Top5=100.00 Loss=0.0391 | Val(EMA): Top1=94.02
2025-12-19 07:00:55,845 - INFO  - ([63] Epoch) Saving checkpoint to:
             Current: /root/autodl-tmp/retraining-free-quantization/training/resnet18_cifar10_nude_srqat_ls1em05/resnet18_cifar10_nude_srqat_ls1em05_checkpoint.pth.tar

2025-12-19 07:00:55,856 - INFO  - [NUDE] Epoch 63: force max bit-width W/A = 6
2025-12-19 07:00:59,614 - INFO  - [NUDE][TRAIN] Epoch 63/120 Iter 20/390 Loss 0.0384 Top1 98.75 Top5 100.00
2025-12-19 07:01:03,049 - INFO  - [NUDE][TRAIN] Epoch 63/120 Iter 40/390 Loss 0.0360 Top1 98.73 Top5 100.00
2025-12-19 07:01:06,571 - INFO  - [NUDE][TRAIN] Epoch 63/120 Iter 60/390 Loss 0.0356 Top1 98.74 Top5 100.00
2025-12-19 07:01:09,934 - INFO  - [NUDE][TRAIN] Epoch 63/120 Iter 80/390 Loss 0.0342 Top1 98.77 Top5 100.00
2025-12-19 07:01:13,399 - INFO  - [NUDE][TRAIN] Epoch 63/120 Iter 100/390 Loss 0.0344 Top1 98.81 Top5 100.00
2025-12-19 07:01:16,762 - INFO  - [NUDE][TRAIN] Epoch 63/120 Iter 120/390 Loss 0.0341 Top1 98.81 Top5 100.00
2025-12-19 07:01:20,249 - INFO  - [NUDE][TRAIN] Epoch 63/120 Iter 140/390 Loss 0.0337 Top1 98.82 Top5 100.00
2025-12-19 07:01:23,769 - INFO  - [NUDE][TRAIN] Epoch 63/120 Iter 160/390 Loss 0.0342 Top1 98.81 Top5 100.00
2025-12-19 07:01:27,202 - INFO  - [NUDE][TRAIN] Epoch 63/120 Iter 180/390 Loss 0.0345 Top1 98.81 Top5 100.00
2025-12-19 07:01:30,719 - INFO  - [NUDE][TRAIN] Epoch 63/120 Iter 200/390 Loss 0.0351 Top1 98.79 Top5 100.00
2025-12-19 07:01:34,202 - INFO  - [NUDE][TRAIN] Epoch 63/120 Iter 220/390 Loss 0.0364 Top1 98.76 Top5 100.00
2025-12-19 07:01:37,760 - INFO  - [NUDE][TRAIN] Epoch 63/120 Iter 240/390 Loss 0.0364 Top1 98.75 Top5 100.00
2025-12-19 07:01:41,223 - INFO  - [NUDE][TRAIN] Epoch 63/120 Iter 260/390 Loss 0.0364 Top1 98.74 Top5 100.00
2025-12-19 07:01:44,828 - INFO  - [NUDE][TRAIN] Epoch 63/120 Iter 280/390 Loss 0.0364 Top1 98.75 Top5 100.00
2025-12-19 07:01:48,295 - INFO  - [NUDE][TRAIN] Epoch 63/120 Iter 300/390 Loss 0.0367 Top1 98.74 Top5 100.00
2025-12-19 07:01:51,830 - INFO  - [NUDE][TRAIN] Epoch 63/120 Iter 320/390 Loss 0.0371 Top1 98.72 Top5 100.00
2025-12-19 07:01:55,248 - INFO  - [NUDE][TRAIN] Epoch 63/120 Iter 340/390 Loss 0.0371 Top1 98.70 Top5 100.00
2025-12-19 07:01:58,764 - INFO  - [NUDE][TRAIN] Epoch 63/120 Iter 360/390 Loss 0.0374 Top1 98.69 Top5 100.00
2025-12-19 07:02:02,269 - INFO  - [NUDE][TRAIN] Epoch 63/120 Iter 380/390 Loss 0.0377 Top1 98.68 Top5 100.00
2025-12-19 07:02:04,053 - INFO  - [NUDE] Validate: force max bit-width W/A = 6
2025-12-19 07:02:06,345 - INFO  - [NUDE][EPOCH] 63/120 Train: Top1=98.67 Top5=100.00 Loss=0.0382 | Val(EMA): Top1=93.98
2025-12-19 07:02:06,925 - INFO  - ([64] Epoch) Saving checkpoint to:
             Current: /root/autodl-tmp/retraining-free-quantization/training/resnet18_cifar10_nude_srqat_ls1em05/resnet18_cifar10_nude_srqat_ls1em05_checkpoint.pth.tar

2025-12-19 07:02:06,936 - INFO  - [NUDE] Epoch 64: force max bit-width W/A = 6
2025-12-19 07:02:10,725 - INFO  - [NUDE][TRAIN] Epoch 64/120 Iter 20/390 Loss 0.0447 Top1 98.44 Top5 100.00
2025-12-19 07:02:14,331 - INFO  - [NUDE][TRAIN] Epoch 64/120 Iter 40/390 Loss 0.0430 Top1 98.52 Top5 100.00
2025-12-19 07:02:17,775 - INFO  - [NUDE][TRAIN] Epoch 64/120 Iter 60/390 Loss 0.0400 Top1 98.59 Top5 100.00
2025-12-19 07:02:21,221 - INFO  - [NUDE][TRAIN] Epoch 64/120 Iter 80/390 Loss 0.0370 Top1 98.68 Top5 100.00
2025-12-19 07:02:24,745 - INFO  - [NUDE][TRAIN] Epoch 64/120 Iter 100/390 Loss 0.0384 Top1 98.61 Top5 100.00
2025-12-19 07:02:28,292 - INFO  - [NUDE][TRAIN] Epoch 64/120 Iter 120/390 Loss 0.0379 Top1 98.63 Top5 100.00
2025-12-19 07:02:31,710 - INFO  - [NUDE][TRAIN] Epoch 64/120 Iter 140/390 Loss 0.0395 Top1 98.60 Top5 100.00
2025-12-19 07:02:35,211 - INFO  - [NUDE][TRAIN] Epoch 64/120 Iter 160/390 Loss 0.0396 Top1 98.58 Top5 100.00
2025-12-19 07:02:38,646 - INFO  - [NUDE][TRAIN] Epoch 64/120 Iter 180/390 Loss 0.0400 Top1 98.57 Top5 100.00
2025-12-19 07:02:42,198 - INFO  - [NUDE][TRAIN] Epoch 64/120 Iter 200/390 Loss 0.0401 Top1 98.56 Top5 100.00
2025-12-19 07:02:45,666 - INFO  - [NUDE][TRAIN] Epoch 64/120 Iter 220/390 Loss 0.0395 Top1 98.57 Top5 100.00
2025-12-19 07:02:49,188 - INFO  - [NUDE][TRAIN] Epoch 64/120 Iter 240/390 Loss 0.0405 Top1 98.57 Top5 100.00
2025-12-19 07:02:52,628 - INFO  - [NUDE][TRAIN] Epoch 64/120 Iter 260/390 Loss 0.0404 Top1 98.55 Top5 100.00
2025-12-19 07:02:56,106 - INFO  - [NUDE][TRAIN] Epoch 64/120 Iter 280/390 Loss 0.0412 Top1 98.52 Top5 100.00
2025-12-19 07:02:59,470 - INFO  - [NUDE][TRAIN] Epoch 64/120 Iter 300/390 Loss 0.0410 Top1 98.52 Top5 100.00
2025-12-19 07:03:02,942 - INFO  - [NUDE][TRAIN] Epoch 64/120 Iter 320/390 Loss 0.0415 Top1 98.50 Top5 100.00
2025-12-19 07:03:06,308 - INFO  - [NUDE][TRAIN] Epoch 64/120 Iter 340/390 Loss 0.0421 Top1 98.47 Top5 100.00
2025-12-19 07:03:09,913 - INFO  - [NUDE][TRAIN] Epoch 64/120 Iter 360/390 Loss 0.0425 Top1 98.47 Top5 100.00
2025-12-19 07:03:13,488 - INFO  - [NUDE][TRAIN] Epoch 64/120 Iter 380/390 Loss 0.0423 Top1 98.48 Top5 100.00
2025-12-19 07:03:15,272 - INFO  - [NUDE] Validate: force max bit-width W/A = 6
2025-12-19 07:03:17,529 - INFO  - [NUDE][EPOCH] 64/120 Train: Top1=98.48 Top5=100.00 Loss=0.0423 | Val(EMA): Top1=94.00
2025-12-19 07:03:18,138 - INFO  - ([65] Epoch) Saving checkpoint to:
             Current: /root/autodl-tmp/retraining-free-quantization/training/resnet18_cifar10_nude_srqat_ls1em05/resnet18_cifar10_nude_srqat_ls1em05_checkpoint.pth.tar

2025-12-19 07:03:18,148 - INFO  - [NUDE] Epoch 65: force max bit-width W/A = 6
2025-12-19 07:03:21,907 - INFO  - [NUDE][TRAIN] Epoch 65/120 Iter 20/390 Loss 0.0358 Top1 98.59 Top5 100.00
2025-12-19 07:03:25,372 - INFO  - [NUDE][TRAIN] Epoch 65/120 Iter 40/390 Loss 0.0365 Top1 98.63 Top5 100.00
2025-12-19 07:03:28,897 - INFO  - [NUDE][TRAIN] Epoch 65/120 Iter 60/390 Loss 0.0337 Top1 98.78 Top5 100.00
2025-12-19 07:03:32,335 - INFO  - [NUDE][TRAIN] Epoch 65/120 Iter 80/390 Loss 0.0333 Top1 98.82 Top5 100.00
2025-12-19 07:03:35,876 - INFO  - [NUDE][TRAIN] Epoch 65/120 Iter 100/390 Loss 0.0334 Top1 98.82 Top5 100.00
2025-12-19 07:03:39,441 - INFO  - [NUDE][TRAIN] Epoch 65/120 Iter 120/390 Loss 0.0332 Top1 98.80 Top5 100.00
2025-12-19 07:03:42,881 - INFO  - [NUDE][TRAIN] Epoch 65/120 Iter 140/390 Loss 0.0328 Top1 98.82 Top5 100.00
2025-12-19 07:03:46,459 - INFO  - [NUDE][TRAIN] Epoch 65/120 Iter 160/390 Loss 0.0341 Top1 98.80 Top5 100.00
2025-12-19 07:03:49,903 - INFO  - [NUDE][TRAIN] Epoch 65/120 Iter 180/390 Loss 0.0339 Top1 98.83 Top5 100.00
2025-12-19 07:03:53,414 - INFO  - [NUDE][TRAIN] Epoch 65/120 Iter 200/390 Loss 0.0338 Top1 98.82 Top5 100.00
2025-12-19 07:03:56,830 - INFO  - [NUDE][TRAIN] Epoch 65/120 Iter 220/390 Loss 0.0342 Top1 98.79 Top5 100.00
2025-12-19 07:04:00,363 - INFO  - [NUDE][TRAIN] Epoch 65/120 Iter 240/390 Loss 0.0343 Top1 98.78 Top5 100.00
2025-12-19 07:04:03,791 - INFO  - [NUDE][TRAIN] Epoch 65/120 Iter 260/390 Loss 0.0349 Top1 98.76 Top5 100.00
2025-12-19 07:04:07,331 - INFO  - [NUDE][TRAIN] Epoch 65/120 Iter 280/390 Loss 0.0352 Top1 98.77 Top5 100.00
2025-12-19 07:04:10,756 - INFO  - [NUDE][TRAIN] Epoch 65/120 Iter 300/390 Loss 0.0353 Top1 98.78 Top5 100.00
2025-12-19 07:04:14,294 - INFO  - [NUDE][TRAIN] Epoch 65/120 Iter 320/390 Loss 0.0351 Top1 98.78 Top5 100.00
2025-12-19 07:04:17,695 - INFO  - [NUDE][TRAIN] Epoch 65/120 Iter 340/390 Loss 0.0356 Top1 98.76 Top5 100.00
2025-12-19 07:04:21,251 - INFO  - [NUDE][TRAIN] Epoch 65/120 Iter 360/390 Loss 0.0354 Top1 98.77 Top5 100.00
2025-12-19 07:04:24,786 - INFO  - [NUDE][TRAIN] Epoch 65/120 Iter 380/390 Loss 0.0363 Top1 98.76 Top5 100.00
2025-12-19 07:04:26,524 - INFO  - [NUDE] Validate: force max bit-width W/A = 6
2025-12-19 07:04:28,775 - INFO  - [NUDE][EPOCH] 65/120 Train: Top1=98.74 Top5=100.00 Loss=0.0365 | Val(EMA): Top1=93.95
2025-12-19 07:04:29,393 - INFO  - ([66] Epoch) Saving checkpoint to:
             Current: /root/autodl-tmp/retraining-free-quantization/training/resnet18_cifar10_nude_srqat_ls1em05/resnet18_cifar10_nude_srqat_ls1em05_checkpoint.pth.tar

2025-12-19 07:04:29,403 - INFO  - [NUDE] Epoch 66: force max bit-width W/A = 6
2025-12-19 07:04:33,204 - INFO  - [NUDE][TRAIN] Epoch 66/120 Iter 20/390 Loss 0.0414 Top1 98.75 Top5 100.00
2025-12-19 07:04:36,678 - INFO  - [NUDE][TRAIN] Epoch 66/120 Iter 40/390 Loss 0.0345 Top1 98.85 Top5 100.00
2025-12-19 07:04:40,191 - INFO  - [NUDE][TRAIN] Epoch 66/120 Iter 60/390 Loss 0.0338 Top1 98.89 Top5 100.00
2025-12-19 07:04:43,592 - INFO  - [NUDE][TRAIN] Epoch 66/120 Iter 80/390 Loss 0.0350 Top1 98.86 Top5 100.00
2025-12-19 07:04:47,071 - INFO  - [NUDE][TRAIN] Epoch 66/120 Iter 100/390 Loss 0.0358 Top1 98.77 Top5 100.00
2025-12-19 07:04:50,431 - INFO  - [NUDE][TRAIN] Epoch 66/120 Iter 120/390 Loss 0.0356 Top1 98.73 Top5 100.00
2025-12-19 07:04:53,886 - INFO  - [NUDE][TRAIN] Epoch 66/120 Iter 140/390 Loss 0.0350 Top1 98.75 Top5 100.00
2025-12-19 07:04:57,367 - INFO  - [NUDE][TRAIN] Epoch 66/120 Iter 160/390 Loss 0.0355 Top1 98.76 Top5 100.00
2025-12-19 07:05:00,812 - INFO  - [NUDE][TRAIN] Epoch 66/120 Iter 180/390 Loss 0.0365 Top1 98.71 Top5 100.00
2025-12-19 07:05:04,356 - INFO  - [NUDE][TRAIN] Epoch 66/120 Iter 200/390 Loss 0.0367 Top1 98.73 Top5 100.00
2025-12-19 07:05:07,801 - INFO  - [NUDE][TRAIN] Epoch 66/120 Iter 220/390 Loss 0.0370 Top1 98.74 Top5 100.00
2025-12-19 07:05:11,344 - INFO  - [NUDE][TRAIN] Epoch 66/120 Iter 240/390 Loss 0.0369 Top1 98.74 Top5 100.00
2025-12-19 07:05:14,785 - INFO  - [NUDE][TRAIN] Epoch 66/120 Iter 260/390 Loss 0.0364 Top1 98.75 Top5 100.00
2025-12-19 07:05:18,310 - INFO  - [NUDE][TRAIN] Epoch 66/120 Iter 280/390 Loss 0.0368 Top1 98.74 Top5 100.00
2025-12-19 07:05:21,722 - INFO  - [NUDE][TRAIN] Epoch 66/120 Iter 300/390 Loss 0.0369 Top1 98.74 Top5 100.00
2025-12-19 07:05:25,269 - INFO  - [NUDE][TRAIN] Epoch 66/120 Iter 320/390 Loss 0.0363 Top1 98.75 Top5 100.00
2025-12-19 07:05:28,726 - INFO  - [NUDE][TRAIN] Epoch 66/120 Iter 340/390 Loss 0.0361 Top1 98.75 Top5 100.00
2025-12-19 07:05:32,262 - INFO  - [NUDE][TRAIN] Epoch 66/120 Iter 360/390 Loss 0.0360 Top1 98.76 Top5 100.00
2025-12-19 07:05:35,859 - INFO  - [NUDE][TRAIN] Epoch 66/120 Iter 380/390 Loss 0.0354 Top1 98.78 Top5 100.00
2025-12-19 07:05:37,640 - INFO  - [NUDE] Validate: force max bit-width W/A = 6
2025-12-19 07:05:39,887 - INFO  - [NUDE][EPOCH] 66/120 Train: Top1=98.78 Top5=100.00 Loss=0.0356 | Val(EMA): Top1=93.87
2025-12-19 07:05:40,497 - INFO  - ([67] Epoch) Saving checkpoint to:
             Current: /root/autodl-tmp/retraining-free-quantization/training/resnet18_cifar10_nude_srqat_ls1em05/resnet18_cifar10_nude_srqat_ls1em05_checkpoint.pth.tar

2025-12-19 07:05:40,507 - INFO  - [NUDE] Epoch 67: force max bit-width W/A = 6
2025-12-19 07:05:44,276 - INFO  - [NUDE][TRAIN] Epoch 67/120 Iter 20/390 Loss 0.0251 Top1 99.14 Top5 100.00
2025-12-19 07:05:47,705 - INFO  - [NUDE][TRAIN] Epoch 67/120 Iter 40/390 Loss 0.0250 Top1 99.10 Top5 100.00
2025-12-19 07:05:51,238 - INFO  - [NUDE][TRAIN] Epoch 67/120 Iter 60/390 Loss 0.0263 Top1 99.04 Top5 100.00
2025-12-19 07:05:54,698 - INFO  - [NUDE][TRAIN] Epoch 67/120 Iter 80/390 Loss 0.0269 Top1 99.02 Top5 100.00
2025-12-19 07:05:58,231 - INFO  - [NUDE][TRAIN] Epoch 67/120 Iter 100/390 Loss 0.0276 Top1 99.01 Top5 100.00
2025-12-19 07:06:01,664 - INFO  - [NUDE][TRAIN] Epoch 67/120 Iter 120/390 Loss 0.0279 Top1 99.04 Top5 100.00
2025-12-19 07:06:05,190 - INFO  - [NUDE][TRAIN] Epoch 67/120 Iter 140/390 Loss 0.0273 Top1 99.06 Top5 100.00
2025-12-19 07:06:08,696 - INFO  - [NUDE][TRAIN] Epoch 67/120 Iter 160/390 Loss 0.0274 Top1 99.03 Top5 100.00
2025-12-19 07:06:12,105 - INFO  - [NUDE][TRAIN] Epoch 67/120 Iter 180/390 Loss 0.0273 Top1 99.03 Top5 100.00
2025-12-19 07:06:15,614 - INFO  - [NUDE][TRAIN] Epoch 67/120 Iter 200/390 Loss 0.0272 Top1 99.04 Top5 100.00
2025-12-19 07:06:19,024 - INFO  - [NUDE][TRAIN] Epoch 67/120 Iter 220/390 Loss 0.0271 Top1 99.04 Top5 100.00
2025-12-19 07:06:22,540 - INFO  - [NUDE][TRAIN] Epoch 67/120 Iter 240/390 Loss 0.0267 Top1 99.06 Top5 100.00
2025-12-19 07:06:25,994 - INFO  - [NUDE][TRAIN] Epoch 67/120 Iter 260/390 Loss 0.0266 Top1 99.07 Top5 100.00
2025-12-19 07:06:29,518 - INFO  - [NUDE][TRAIN] Epoch 67/120 Iter 280/390 Loss 0.0270 Top1 99.05 Top5 100.00
2025-12-19 07:06:32,965 - INFO  - [NUDE][TRAIN] Epoch 67/120 Iter 300/390 Loss 0.0274 Top1 99.05 Top5 100.00
2025-12-19 07:06:36,455 - INFO  - [NUDE][TRAIN] Epoch 67/120 Iter 320/390 Loss 0.0283 Top1 99.03 Top5 100.00
2025-12-19 07:06:39,838 - INFO  - [NUDE][TRAIN] Epoch 67/120 Iter 340/390 Loss 0.0281 Top1 99.04 Top5 100.00
2025-12-19 07:06:43,284 - INFO  - [NUDE][TRAIN] Epoch 67/120 Iter 360/390 Loss 0.0280 Top1 99.05 Top5 100.00
2025-12-19 07:06:46,783 - INFO  - [NUDE][TRAIN] Epoch 67/120 Iter 380/390 Loss 0.0280 Top1 99.05 Top5 100.00
2025-12-19 07:06:48,531 - INFO  - [NUDE] Validate: force max bit-width W/A = 6
2025-12-19 07:06:50,798 - INFO  - [NUDE][EPOCH] 67/120 Train: Top1=99.05 Top5=100.00 Loss=0.0280 | Val(EMA): Top1=93.93
2025-12-19 07:06:51,480 - INFO  - ([68] Epoch) Saving checkpoint to:
             Current: /root/autodl-tmp/retraining-free-quantization/training/resnet18_cifar10_nude_srqat_ls1em05/resnet18_cifar10_nude_srqat_ls1em05_checkpoint.pth.tar

2025-12-19 07:06:51,491 - INFO  - [NUDE] Epoch 68: force max bit-width W/A = 6
2025-12-19 07:06:55,253 - INFO  - [NUDE][TRAIN] Epoch 68/120 Iter 20/390 Loss 0.0223 Top1 99.22 Top5 100.00
2025-12-19 07:06:58,787 - INFO  - [NUDE][TRAIN] Epoch 68/120 Iter 40/390 Loss 0.0225 Top1 99.24 Top5 100.00
2025-12-19 07:07:02,241 - INFO  - [NUDE][TRAIN] Epoch 68/120 Iter 60/390 Loss 0.0217 Top1 99.27 Top5 100.00
2025-12-19 07:07:05,678 - INFO  - [NUDE][TRAIN] Epoch 68/120 Iter 80/390 Loss 0.0217 Top1 99.24 Top5 100.00
2025-12-19 07:07:09,216 - INFO  - [NUDE][TRAIN] Epoch 68/120 Iter 100/390 Loss 0.0227 Top1 99.18 Top5 100.00
2025-12-19 07:07:12,797 - INFO  - [NUDE][TRAIN] Epoch 68/120 Iter 120/390 Loss 0.0221 Top1 99.19 Top5 100.00
2025-12-19 07:07:16,245 - INFO  - [NUDE][TRAIN] Epoch 68/120 Iter 140/390 Loss 0.0222 Top1 99.19 Top5 100.00
2025-12-19 07:07:19,801 - INFO  - [NUDE][TRAIN] Epoch 68/120 Iter 160/390 Loss 0.0230 Top1 99.15 Top5 100.00
2025-12-19 07:07:23,305 - INFO  - [NUDE][TRAIN] Epoch 68/120 Iter 180/390 Loss 0.0243 Top1 99.14 Top5 100.00
2025-12-19 07:07:26,838 - INFO  - [NUDE][TRAIN] Epoch 68/120 Iter 200/390 Loss 0.0249 Top1 99.14 Top5 100.00
2025-12-19 07:07:30,249 - INFO  - [NUDE][TRAIN] Epoch 68/120 Iter 220/390 Loss 0.0256 Top1 99.12 Top5 100.00
2025-12-19 07:07:33,774 - INFO  - [NUDE][TRAIN] Epoch 68/120 Iter 240/390 Loss 0.0257 Top1 99.11 Top5 100.00
2025-12-19 07:07:37,239 - INFO  - [NUDE][TRAIN] Epoch 68/120 Iter 260/390 Loss 0.0259 Top1 99.10 Top5 100.00
2025-12-19 07:07:40,763 - INFO  - [NUDE][TRAIN] Epoch 68/120 Iter 280/390 Loss 0.0262 Top1 99.09 Top5 100.00
2025-12-19 07:07:44,197 - INFO  - [NUDE][TRAIN] Epoch 68/120 Iter 300/390 Loss 0.0264 Top1 99.08 Top5 100.00
2025-12-19 07:07:47,722 - INFO  - [NUDE][TRAIN] Epoch 68/120 Iter 320/390 Loss 0.0271 Top1 99.06 Top5 100.00
2025-12-19 07:07:51,147 - INFO  - [NUDE][TRAIN] Epoch 68/120 Iter 340/390 Loss 0.0276 Top1 99.03 Top5 100.00
2025-12-19 07:07:54,675 - INFO  - [NUDE][TRAIN] Epoch 68/120 Iter 360/390 Loss 0.0279 Top1 99.02 Top5 100.00
2025-12-19 07:07:58,245 - INFO  - [NUDE][TRAIN] Epoch 68/120 Iter 380/390 Loss 0.0279 Top1 99.02 Top5 100.00
2025-12-19 07:08:00,061 - INFO  - [NUDE] Validate: force max bit-width W/A = 6
2025-12-19 07:08:02,343 - INFO  - [NUDE][EPOCH] 68/120 Train: Top1=99.03 Top5=100.00 Loss=0.0277 | Val(EMA): Top1=93.96
2025-12-19 07:08:02,999 - INFO  - ([69] Epoch) Saving checkpoint to:
             Current: /root/autodl-tmp/retraining-free-quantization/training/resnet18_cifar10_nude_srqat_ls1em05/resnet18_cifar10_nude_srqat_ls1em05_checkpoint.pth.tar

2025-12-19 07:08:03,015 - INFO  - [NUDE] Epoch 69: force max bit-width W/A = 6
2025-12-19 07:08:06,813 - INFO  - [NUDE][TRAIN] Epoch 69/120 Iter 20/390 Loss 0.0181 Top1 99.38 Top5 100.00
2025-12-19 07:08:10,228 - INFO  - [NUDE][TRAIN] Epoch 69/120 Iter 40/390 Loss 0.0186 Top1 99.38 Top5 100.00
2025-12-19 07:08:13,845 - INFO  - [NUDE][TRAIN] Epoch 69/120 Iter 60/390 Loss 0.0199 Top1 99.34 Top5 100.00
2025-12-19 07:08:17,317 - INFO  - [NUDE][TRAIN] Epoch 69/120 Iter 80/390 Loss 0.0200 Top1 99.32 Top5 100.00
2025-12-19 07:08:20,834 - INFO  - [NUDE][TRAIN] Epoch 69/120 Iter 100/390 Loss 0.0213 Top1 99.29 Top5 100.00
2025-12-19 07:08:24,318 - INFO  - [NUDE][TRAIN] Epoch 69/120 Iter 120/390 Loss 0.0222 Top1 99.23 Top5 100.00
2025-12-19 07:08:27,690 - INFO  - [NUDE][TRAIN] Epoch 69/120 Iter 140/390 Loss 0.0234 Top1 99.17 Top5 100.00
2025-12-19 07:08:31,162 - INFO  - [NUDE][TRAIN] Epoch 69/120 Iter 160/390 Loss 0.0235 Top1 99.18 Top5 100.00
2025-12-19 07:08:34,544 - INFO  - [NUDE][TRAIN] Epoch 69/120 Iter 180/390 Loss 0.0233 Top1 99.18 Top5 100.00
2025-12-19 07:08:38,038 - INFO  - [NUDE][TRAIN] Epoch 69/120 Iter 200/390 Loss 0.0237 Top1 99.17 Top5 100.00
2025-12-19 07:08:41,483 - INFO  - [NUDE][TRAIN] Epoch 69/120 Iter 220/390 Loss 0.0241 Top1 99.15 Top5 100.00
2025-12-19 07:08:45,000 - INFO  - [NUDE][TRAIN] Epoch 69/120 Iter 240/390 Loss 0.0238 Top1 99.17 Top5 100.00
2025-12-19 07:08:48,463 - INFO  - [NUDE][TRAIN] Epoch 69/120 Iter 260/390 Loss 0.0242 Top1 99.16 Top5 100.00
2025-12-19 07:08:51,976 - INFO  - [NUDE][TRAIN] Epoch 69/120 Iter 280/390 Loss 0.0242 Top1 99.14 Top5 100.00
2025-12-19 07:08:55,403 - INFO  - [NUDE][TRAIN] Epoch 69/120 Iter 300/390 Loss 0.0241 Top1 99.14 Top5 100.00
2025-12-19 07:08:58,944 - INFO  - [NUDE][TRAIN] Epoch 69/120 Iter 320/390 Loss 0.0240 Top1 99.14 Top5 100.00
2025-12-19 07:09:02,370 - INFO  - [NUDE][TRAIN] Epoch 69/120 Iter 340/390 Loss 0.0243 Top1 99.14 Top5 100.00
2025-12-19 07:09:05,862 - INFO  - [NUDE][TRAIN] Epoch 69/120 Iter 360/390 Loss 0.0246 Top1 99.14 Top5 100.00
2025-12-19 07:09:09,385 - INFO  - [NUDE][TRAIN] Epoch 69/120 Iter 380/390 Loss 0.0248 Top1 99.12 Top5 100.00
2025-12-19 07:09:11,174 - INFO  - [NUDE] Validate: force max bit-width W/A = 6
2025-12-19 07:09:13,530 - INFO  - [NUDE][EPOCH] 69/120 Train: Top1=99.11 Top5=100.00 Loss=0.0251 | Val(EMA): Top1=94.06
2025-12-19 07:09:14,113 - INFO  - ([70] Epoch) Saving checkpoint to:
             Current: /root/autodl-tmp/retraining-free-quantization/training/resnet18_cifar10_nude_srqat_ls1em05/resnet18_cifar10_nude_srqat_ls1em05_checkpoint.pth.tar

2025-12-19 07:09:14,124 - INFO  - [NUDE] Epoch 70: force max bit-width W/A = 6
2025-12-19 07:09:17,891 - INFO  - [NUDE][TRAIN] Epoch 70/120 Iter 20/390 Loss 0.0315 Top1 98.75 Top5 100.00
2025-12-19 07:09:21,352 - INFO  - [NUDE][TRAIN] Epoch 70/120 Iter 40/390 Loss 0.0325 Top1 98.83 Top5 100.00
2025-12-19 07:09:24,997 - INFO  - [NUDE][TRAIN] Epoch 70/120 Iter 60/390 Loss 0.0283 Top1 98.97 Top5 100.00
2025-12-19 07:09:28,460 - INFO  - [NUDE][TRAIN] Epoch 70/120 Iter 80/390 Loss 0.0257 Top1 99.05 Top5 100.00
2025-12-19 07:09:32,005 - INFO  - [NUDE][TRAIN] Epoch 70/120 Iter 100/390 Loss 0.0259 Top1 99.02 Top5 100.00
2025-12-19 07:09:35,444 - INFO  - [NUDE][TRAIN] Epoch 70/120 Iter 120/390 Loss 0.0266 Top1 99.00 Top5 100.00
2025-12-19 07:09:38,995 - INFO  - [NUDE][TRAIN] Epoch 70/120 Iter 140/390 Loss 0.0257 Top1 99.03 Top5 100.00
2025-12-19 07:09:42,607 - INFO  - [NUDE][TRAIN] Epoch 70/120 Iter 160/390 Loss 0.0255 Top1 99.05 Top5 100.00
2025-12-19 07:09:46,033 - INFO  - [NUDE][TRAIN] Epoch 70/120 Iter 180/390 Loss 0.0254 Top1 99.07 Top5 100.00
2025-12-19 07:09:49,571 - INFO  - [NUDE][TRAIN] Epoch 70/120 Iter 200/390 Loss 0.0252 Top1 99.07 Top5 100.00
2025-12-19 07:09:52,994 - INFO  - [NUDE][TRAIN] Epoch 70/120 Iter 220/390 Loss 0.0255 Top1 99.08 Top5 100.00
2025-12-19 07:09:56,553 - INFO  - [NUDE][TRAIN] Epoch 70/120 Iter 240/390 Loss 0.0261 Top1 99.06 Top5 100.00
2025-12-19 07:09:59,999 - INFO  - [NUDE][TRAIN] Epoch 70/120 Iter 260/390 Loss 0.0262 Top1 99.05 Top5 100.00
2025-12-19 07:10:03,579 - INFO  - [NUDE][TRAIN] Epoch 70/120 Iter 280/390 Loss 0.0260 Top1 99.05 Top5 100.00
2025-12-19 07:10:07,020 - INFO  - [NUDE][TRAIN] Epoch 70/120 Iter 300/390 Loss 0.0262 Top1 99.06 Top5 100.00
2025-12-19 07:10:10,565 - INFO  - [NUDE][TRAIN] Epoch 70/120 Iter 320/390 Loss 0.0262 Top1 99.06 Top5 100.00
2025-12-19 07:10:13,957 - INFO  - [NUDE][TRAIN] Epoch 70/120 Iter 340/390 Loss 0.0260 Top1 99.06 Top5 100.00
2025-12-19 07:10:17,426 - INFO  - [NUDE][TRAIN] Epoch 70/120 Iter 360/390 Loss 0.0262 Top1 99.07 Top5 100.00
2025-12-19 07:10:20,877 - INFO  - [NUDE][TRAIN] Epoch 70/120 Iter 380/390 Loss 0.0258 Top1 99.08 Top5 100.00
2025-12-19 07:10:22,595 - INFO  - [NUDE] Validate: force max bit-width W/A = 6
2025-12-19 07:10:24,897 - INFO  - [NUDE][EPOCH] 70/120 Train: Top1=99.06 Top5=100.00 Loss=0.0260 | Val(EMA): Top1=94.08
2025-12-19 07:10:25,468 - INFO  - ([71] Epoch) Saving checkpoint to:
             Current: /root/autodl-tmp/retraining-free-quantization/training/resnet18_cifar10_nude_srqat_ls1em05/resnet18_cifar10_nude_srqat_ls1em05_checkpoint.pth.tar

2025-12-19 07:10:25,479 - INFO  - [NUDE] Epoch 71: force max bit-width W/A = 6
2025-12-19 07:10:29,245 - INFO  - [NUDE][TRAIN] Epoch 71/120 Iter 20/390 Loss 0.0212 Top1 99.18 Top5 100.00
2025-12-19 07:10:32,706 - INFO  - [NUDE][TRAIN] Epoch 71/120 Iter 40/390 Loss 0.0195 Top1 99.28 Top5 100.00
2025-12-19 07:10:36,286 - INFO  - [NUDE][TRAIN] Epoch 71/120 Iter 60/390 Loss 0.0186 Top1 99.35 Top5 99.99
2025-12-19 07:10:39,709 - INFO  - [NUDE][TRAIN] Epoch 71/120 Iter 80/390 Loss 0.0185 Top1 99.34 Top5 99.99
2025-12-19 07:10:43,210 - INFO  - [NUDE][TRAIN] Epoch 71/120 Iter 100/390 Loss 0.0185 Top1 99.37 Top5 99.99
2025-12-19 07:10:46,643 - INFO  - [NUDE][TRAIN] Epoch 71/120 Iter 120/390 Loss 0.0180 Top1 99.40 Top5 99.99
2025-12-19 07:10:50,253 - INFO  - [NUDE][TRAIN] Epoch 71/120 Iter 140/390 Loss 0.0186 Top1 99.36 Top5 99.99
2025-12-19 07:10:53,796 - INFO  - [NUDE][TRAIN] Epoch 71/120 Iter 160/390 Loss 0.0206 Top1 99.29 Top5 100.00
2025-12-19 07:10:57,227 - INFO  - [NUDE][TRAIN] Epoch 71/120 Iter 180/390 Loss 0.0210 Top1 99.28 Top5 100.00
2025-12-19 07:11:00,783 - INFO  - [NUDE][TRAIN] Epoch 71/120 Iter 200/390 Loss 0.0211 Top1 99.27 Top5 100.00
2025-12-19 07:11:04,225 - INFO  - [NUDE][TRAIN] Epoch 71/120 Iter 220/390 Loss 0.0210 Top1 99.28 Top5 100.00
2025-12-19 07:11:07,774 - INFO  - [NUDE][TRAIN] Epoch 71/120 Iter 240/390 Loss 0.0211 Top1 99.26 Top5 100.00
2025-12-19 07:11:11,292 - INFO  - [NUDE][TRAIN] Epoch 71/120 Iter 260/390 Loss 0.0216 Top1 99.26 Top5 100.00
2025-12-19 07:11:14,861 - INFO  - [NUDE][TRAIN] Epoch 71/120 Iter 280/390 Loss 0.0221 Top1 99.23 Top5 100.00
2025-12-19 07:11:18,278 - INFO  - [NUDE][TRAIN] Epoch 71/120 Iter 300/390 Loss 0.0225 Top1 99.21 Top5 100.00
2025-12-19 07:11:21,808 - INFO  - [NUDE][TRAIN] Epoch 71/120 Iter 320/390 Loss 0.0226 Top1 99.21 Top5 100.00
2025-12-19 07:11:25,303 - INFO  - [NUDE][TRAIN] Epoch 71/120 Iter 340/390 Loss 0.0231 Top1 99.20 Top5 100.00
2025-12-19 07:11:28,801 - INFO  - [NUDE][TRAIN] Epoch 71/120 Iter 360/390 Loss 0.0234 Top1 99.18 Top5 100.00
2025-12-19 07:11:32,344 - INFO  - [NUDE][TRAIN] Epoch 71/120 Iter 380/390 Loss 0.0236 Top1 99.17 Top5 100.00
2025-12-19 07:11:34,103 - INFO  - [NUDE] Validate: force max bit-width W/A = 6
2025-12-19 07:11:36,368 - INFO  - [NUDE][EPOCH] 71/120 Train: Top1=99.18 Top5=100.00 Loss=0.0236 | Val(EMA): Top1=94.04
2025-12-19 07:11:36,987 - INFO  - ([72] Epoch) Saving checkpoint to:
             Current: /root/autodl-tmp/retraining-free-quantization/training/resnet18_cifar10_nude_srqat_ls1em05/resnet18_cifar10_nude_srqat_ls1em05_checkpoint.pth.tar

2025-12-19 07:11:36,997 - INFO  - [NUDE] Epoch 72: force max bit-width W/A = 6
2025-12-19 07:11:40,781 - INFO  - [NUDE][TRAIN] Epoch 72/120 Iter 20/390 Loss 0.0223 Top1 99.14 Top5 100.00
2025-12-19 07:11:44,366 - INFO  - [NUDE][TRAIN] Epoch 72/120 Iter 40/390 Loss 0.0265 Top1 98.93 Top5 100.00
2025-12-19 07:11:47,778 - INFO  - [NUDE][TRAIN] Epoch 72/120 Iter 60/390 Loss 0.0244 Top1 99.06 Top5 100.00
2025-12-19 07:11:51,229 - INFO  - [NUDE][TRAIN] Epoch 72/120 Iter 80/390 Loss 0.0233 Top1 99.11 Top5 100.00
2025-12-19 07:11:54,737 - INFO  - [NUDE][TRAIN] Epoch 72/120 Iter 100/390 Loss 0.0221 Top1 99.19 Top5 100.00
2025-12-19 07:11:58,257 - INFO  - [NUDE][TRAIN] Epoch 72/120 Iter 120/390 Loss 0.0221 Top1 99.21 Top5 100.00
2025-12-19 07:12:01,727 - INFO  - [NUDE][TRAIN] Epoch 72/120 Iter 140/390 Loss 0.0224 Top1 99.20 Top5 100.00
2025-12-19 07:12:05,198 - INFO  - [NUDE][TRAIN] Epoch 72/120 Iter 160/390 Loss 0.0226 Top1 99.22 Top5 100.00
2025-12-19 07:12:08,566 - INFO  - [NUDE][TRAIN] Epoch 72/120 Iter 180/390 Loss 0.0224 Top1 99.21 Top5 100.00
2025-12-19 07:12:12,043 - INFO  - [NUDE][TRAIN] Epoch 72/120 Iter 200/390 Loss 0.0224 Top1 99.20 Top5 100.00
2025-12-19 07:12:15,465 - INFO  - [NUDE][TRAIN] Epoch 72/120 Iter 220/390 Loss 0.0217 Top1 99.24 Top5 100.00
2025-12-19 07:12:19,023 - INFO  - [NUDE][TRAIN] Epoch 72/120 Iter 240/390 Loss 0.0211 Top1 99.26 Top5 100.00
2025-12-19 07:12:22,456 - INFO  - [NUDE][TRAIN] Epoch 72/120 Iter 260/390 Loss 0.0210 Top1 99.26 Top5 100.00
2025-12-19 07:12:25,969 - INFO  - [NUDE][TRAIN] Epoch 72/120 Iter 280/390 Loss 0.0209 Top1 99.27 Top5 100.00
2025-12-19 07:12:29,451 - INFO  - [NUDE][TRAIN] Epoch 72/120 Iter 300/390 Loss 0.0208 Top1 99.28 Top5 100.00
2025-12-19 07:12:32,982 - INFO  - [NUDE][TRAIN] Epoch 72/120 Iter 320/390 Loss 0.0207 Top1 99.29 Top5 100.00
2025-12-19 07:12:36,424 - INFO  - [NUDE][TRAIN] Epoch 72/120 Iter 340/390 Loss 0.0205 Top1 99.29 Top5 100.00
2025-12-19 07:12:39,962 - INFO  - [NUDE][TRAIN] Epoch 72/120 Iter 360/390 Loss 0.0203 Top1 99.30 Top5 100.00
2025-12-19 07:12:43,619 - INFO  - [NUDE][TRAIN] Epoch 72/120 Iter 380/390 Loss 0.0204 Top1 99.30 Top5 100.00
2025-12-19 07:12:45,406 - INFO  - [NUDE] Validate: force max bit-width W/A = 6
2025-12-19 07:12:47,693 - INFO  - [NUDE][EPOCH] 72/120 Train: Top1=99.30 Top5=100.00 Loss=0.0204 | Val(EMA): Top1=94.15
2025-12-19 07:12:48,338 - INFO  - ([73] Epoch) Saving checkpoint to:
             Current: /root/autodl-tmp/retraining-free-quantization/training/resnet18_cifar10_nude_srqat_ls1em05/resnet18_cifar10_nude_srqat_ls1em05_checkpoint.pth.tar

2025-12-19 07:12:48,348 - INFO  - [NUDE] Epoch 73: force max bit-width W/A = 6
2025-12-19 07:12:52,170 - INFO  - [NUDE][TRAIN] Epoch 73/120 Iter 20/390 Loss 0.0205 Top1 99.22 Top5 100.00
2025-12-19 07:12:55,617 - INFO  - [NUDE][TRAIN] Epoch 73/120 Iter 40/390 Loss 0.0258 Top1 99.10 Top5 100.00
2025-12-19 07:12:59,133 - INFO  - [NUDE][TRAIN] Epoch 73/120 Iter 60/390 Loss 0.0236 Top1 99.22 Top5 100.00
2025-12-19 07:13:02,582 - INFO  - [NUDE][TRAIN] Epoch 73/120 Iter 80/390 Loss 0.0238 Top1 99.18 Top5 100.00
2025-12-19 07:13:06,111 - INFO  - [NUDE][TRAIN] Epoch 73/120 Iter 100/390 Loss 0.0230 Top1 99.21 Top5 100.00
2025-12-19 07:13:09,664 - INFO  - [NUDE][TRAIN] Epoch 73/120 Iter 120/390 Loss 0.0227 Top1 99.24 Top5 100.00
2025-12-19 07:13:13,152 - INFO  - [NUDE][TRAIN] Epoch 73/120 Iter 140/390 Loss 0.0216 Top1 99.29 Top5 100.00
2025-12-19 07:13:16,699 - INFO  - [NUDE][TRAIN] Epoch 73/120 Iter 160/390 Loss 0.0218 Top1 99.26 Top5 100.00
2025-12-19 07:13:20,188 - INFO  - [NUDE][TRAIN] Epoch 73/120 Iter 180/390 Loss 0.0214 Top1 99.28 Top5 100.00
2025-12-19 07:13:23,761 - INFO  - [NUDE][TRAIN] Epoch 73/120 Iter 200/390 Loss 0.0216 Top1 99.26 Top5 100.00
2025-12-19 07:13:27,217 - INFO  - [NUDE][TRAIN] Epoch 73/120 Iter 220/390 Loss 0.0212 Top1 99.27 Top5 100.00
2025-12-19 07:13:30,752 - INFO  - [NUDE][TRAIN] Epoch 73/120 Iter 240/390 Loss 0.0219 Top1 99.25 Top5 100.00
2025-12-19 07:13:34,258 - INFO  - [NUDE][TRAIN] Epoch 73/120 Iter 260/390 Loss 0.0224 Top1 99.23 Top5 100.00
2025-12-19 07:13:37,820 - INFO  - [NUDE][TRAIN] Epoch 73/120 Iter 280/390 Loss 0.0227 Top1 99.20 Top5 100.00
2025-12-19 07:13:41,247 - INFO  - [NUDE][TRAIN] Epoch 73/120 Iter 300/390 Loss 0.0234 Top1 99.18 Top5 100.00
2025-12-19 07:13:44,751 - INFO  - [NUDE][TRAIN] Epoch 73/120 Iter 320/390 Loss 0.0239 Top1 99.17 Top5 100.00
2025-12-19 07:13:48,209 - INFO  - [NUDE][TRAIN] Epoch 73/120 Iter 340/390 Loss 0.0243 Top1 99.16 Top5 100.00
2025-12-19 07:13:51,740 - INFO  - [NUDE][TRAIN] Epoch 73/120 Iter 360/390 Loss 0.0244 Top1 99.15 Top5 100.00
2025-12-19 07:13:55,212 - INFO  - [NUDE][TRAIN] Epoch 73/120 Iter 380/390 Loss 0.0245 Top1 99.15 Top5 100.00
2025-12-19 07:13:56,930 - INFO  - [NUDE] Validate: force max bit-width W/A = 6
2025-12-19 07:13:59,145 - INFO  - [NUDE][EPOCH] 73/120 Train: Top1=99.15 Top5=100.00 Loss=0.0245 | Val(EMA): Top1=94.27
2025-12-19 07:13:59,786 - INFO  - ([74] Epoch) Saving checkpoint to:
             Current: /root/autodl-tmp/retraining-free-quantization/training/resnet18_cifar10_nude_srqat_ls1em05/resnet18_cifar10_nude_srqat_ls1em05_checkpoint.pth.tar

2025-12-19 07:13:59,796 - INFO  - [NUDE] Epoch 74: force max bit-width W/A = 6
2025-12-19 07:14:03,532 - INFO  - [NUDE][TRAIN] Epoch 74/120 Iter 20/390 Loss 0.0217 Top1 99.22 Top5 100.00
2025-12-19 07:14:06,967 - INFO  - [NUDE][TRAIN] Epoch 74/120 Iter 40/390 Loss 0.0222 Top1 99.12 Top5 100.00
2025-12-19 07:14:10,501 - INFO  - [NUDE][TRAIN] Epoch 74/120 Iter 60/390 Loss 0.0187 Top1 99.30 Top5 100.00
2025-12-19 07:14:13,942 - INFO  - [NUDE][TRAIN] Epoch 74/120 Iter 80/390 Loss 0.0178 Top1 99.37 Top5 100.00
2025-12-19 07:14:17,504 - INFO  - [NUDE][TRAIN] Epoch 74/120 Iter 100/390 Loss 0.0183 Top1 99.34 Top5 100.00
2025-12-19 07:14:20,974 - INFO  - [NUDE][TRAIN] Epoch 74/120 Iter 120/390 Loss 0.0177 Top1 99.36 Top5 100.00
2025-12-19 07:14:24,514 - INFO  - [NUDE][TRAIN] Epoch 74/120 Iter 140/390 Loss 0.0181 Top1 99.37 Top5 100.00
2025-12-19 07:14:28,036 - INFO  - [NUDE][TRAIN] Epoch 74/120 Iter 160/390 Loss 0.0176 Top1 99.40 Top5 100.00
2025-12-19 07:14:31,505 - INFO  - [NUDE][TRAIN] Epoch 74/120 Iter 180/390 Loss 0.0187 Top1 99.37 Top5 100.00
2025-12-19 07:14:35,028 - INFO  - [NUDE][TRAIN] Epoch 74/120 Iter 200/390 Loss 0.0187 Top1 99.36 Top5 100.00
2025-12-19 07:14:38,458 - INFO  - [NUDE][TRAIN] Epoch 74/120 Iter 220/390 Loss 0.0183 Top1 99.38 Top5 100.00
2025-12-19 07:14:42,031 - INFO  - [NUDE][TRAIN] Epoch 74/120 Iter 240/390 Loss 0.0188 Top1 99.36 Top5 100.00
2025-12-19 07:14:45,467 - INFO  - [NUDE][TRAIN] Epoch 74/120 Iter 260/390 Loss 0.0194 Top1 99.33 Top5 100.00
2025-12-19 07:14:49,008 - INFO  - [NUDE][TRAIN] Epoch 74/120 Iter 280/390 Loss 0.0194 Top1 99.32 Top5 100.00
2025-12-19 07:14:52,481 - INFO  - [NUDE][TRAIN] Epoch 74/120 Iter 300/390 Loss 0.0202 Top1 99.30 Top5 100.00
2025-12-19 07:14:56,056 - INFO  - [NUDE][TRAIN] Epoch 74/120 Iter 320/390 Loss 0.0207 Top1 99.29 Top5 100.00
2025-12-19 07:14:59,493 - INFO  - [NUDE][TRAIN] Epoch 74/120 Iter 340/390 Loss 0.0209 Top1 99.29 Top5 100.00
2025-12-19 07:15:03,030 - INFO  - [NUDE][TRAIN] Epoch 74/120 Iter 360/390 Loss 0.0208 Top1 99.29 Top5 100.00
2025-12-19 07:15:06,541 - INFO  - [NUDE][TRAIN] Epoch 74/120 Iter 380/390 Loss 0.0207 Top1 99.30 Top5 100.00
2025-12-19 07:15:08,335 - INFO  - [NUDE] Validate: force max bit-width W/A = 6
2025-12-19 07:15:10,581 - INFO  - [NUDE][EPOCH] 74/120 Train: Top1=99.29 Top5=100.00 Loss=0.0208 | Val(EMA): Top1=94.39
2025-12-19 07:15:11,232 - INFO  - ([75] Epoch) Saving checkpoint to:
             Current: /root/autodl-tmp/retraining-free-quantization/training/resnet18_cifar10_nude_srqat_ls1em05/resnet18_cifar10_nude_srqat_ls1em05_checkpoint.pth.tar

2025-12-19 07:15:11,243 - INFO  - [NUDE] Epoch 75: force max bit-width W/A = 6
2025-12-19 07:15:15,072 - INFO  - [NUDE][TRAIN] Epoch 75/120 Iter 20/390 Loss 0.0212 Top1 99.14 Top5 100.00
2025-12-19 07:15:18,529 - INFO  - [NUDE][TRAIN] Epoch 75/120 Iter 40/390 Loss 0.0170 Top1 99.38 Top5 100.00
2025-12-19 07:15:22,081 - INFO  - [NUDE][TRAIN] Epoch 75/120 Iter 60/390 Loss 0.0169 Top1 99.39 Top5 100.00
2025-12-19 07:15:25,518 - INFO  - [NUDE][TRAIN] Epoch 75/120 Iter 80/390 Loss 0.0182 Top1 99.34 Top5 100.00
2025-12-19 07:15:29,060 - INFO  - [NUDE][TRAIN] Epoch 75/120 Iter 100/390 Loss 0.0178 Top1 99.35 Top5 100.00
2025-12-19 07:15:32,500 - INFO  - [NUDE][TRAIN] Epoch 75/120 Iter 120/390 Loss 0.0182 Top1 99.33 Top5 100.00
2025-12-19 07:15:36,032 - INFO  - [NUDE][TRAIN] Epoch 75/120 Iter 140/390 Loss 0.0178 Top1 99.35 Top5 100.00
2025-12-19 07:15:39,586 - INFO  - [NUDE][TRAIN] Epoch 75/120 Iter 160/390 Loss 0.0173 Top1 99.36 Top5 100.00
2025-12-19 07:15:42,987 - INFO  - [NUDE][TRAIN] Epoch 75/120 Iter 180/390 Loss 0.0168 Top1 99.38 Top5 100.00
2025-12-19 07:15:46,471 - INFO  - [NUDE][TRAIN] Epoch 75/120 Iter 200/390 Loss 0.0166 Top1 99.40 Top5 100.00
2025-12-19 07:15:49,849 - INFO  - [NUDE][TRAIN] Epoch 75/120 Iter 220/390 Loss 0.0168 Top1 99.39 Top5 100.00
2025-12-19 07:15:53,386 - INFO  - [NUDE][TRAIN] Epoch 75/120 Iter 240/390 Loss 0.0166 Top1 99.39 Top5 100.00
2025-12-19 07:15:56,836 - INFO  - [NUDE][TRAIN] Epoch 75/120 Iter 260/390 Loss 0.0167 Top1 99.40 Top5 100.00
2025-12-19 07:16:00,447 - INFO  - [NUDE][TRAIN] Epoch 75/120 Iter 280/390 Loss 0.0172 Top1 99.38 Top5 100.00
2025-12-19 07:16:03,883 - INFO  - [NUDE][TRAIN] Epoch 75/120 Iter 300/390 Loss 0.0169 Top1 99.40 Top5 100.00
2025-12-19 07:16:07,392 - INFO  - [NUDE][TRAIN] Epoch 75/120 Iter 320/390 Loss 0.0167 Top1 99.40 Top5 100.00
2025-12-19 07:16:10,841 - INFO  - [NUDE][TRAIN] Epoch 75/120 Iter 340/390 Loss 0.0163 Top1 99.42 Top5 100.00
2025-12-19 07:16:14,390 - INFO  - [NUDE][TRAIN] Epoch 75/120 Iter 360/390 Loss 0.0162 Top1 99.42 Top5 100.00
2025-12-19 07:16:17,934 - INFO  - [NUDE][TRAIN] Epoch 75/120 Iter 380/390 Loss 0.0162 Top1 99.42 Top5 100.00
2025-12-19 07:16:19,688 - INFO  - [NUDE] Validate: force max bit-width W/A = 6
2025-12-19 07:16:22,043 - INFO  - [NUDE][EPOCH] 75/120 Train: Top1=99.42 Top5=100.00 Loss=0.0162 | Val(EMA): Top1=94.29
2025-12-19 07:16:22,634 - INFO  - ([76] Epoch) Saving checkpoint to:
             Current: /root/autodl-tmp/retraining-free-quantization/training/resnet18_cifar10_nude_srqat_ls1em05/resnet18_cifar10_nude_srqat_ls1em05_checkpoint.pth.tar

2025-12-19 07:16:22,645 - INFO  - [NUDE] Epoch 76: force max bit-width W/A = 6
2025-12-19 07:16:26,410 - INFO  - [NUDE][TRAIN] Epoch 76/120 Iter 20/390 Loss 0.0093 Top1 99.73 Top5 100.00
2025-12-19 07:16:29,939 - INFO  - [NUDE][TRAIN] Epoch 76/120 Iter 40/390 Loss 0.0115 Top1 99.67 Top5 100.00
2025-12-19 07:16:33,453 - INFO  - [NUDE][TRAIN] Epoch 76/120 Iter 60/390 Loss 0.0106 Top1 99.67 Top5 100.00
2025-12-19 07:16:36,934 - INFO  - [NUDE][TRAIN] Epoch 76/120 Iter 80/390 Loss 0.0115 Top1 99.61 Top5 100.00
2025-12-19 07:16:40,486 - INFO  - [NUDE][TRAIN] Epoch 76/120 Iter 100/390 Loss 0.0122 Top1 99.62 Top5 100.00
2025-12-19 07:16:44,052 - INFO  - [NUDE][TRAIN] Epoch 76/120 Iter 120/390 Loss 0.0116 Top1 99.65 Top5 100.00
2025-12-19 07:16:47,486 - INFO  - [NUDE][TRAIN] Epoch 76/120 Iter 140/390 Loss 0.0126 Top1 99.63 Top5 100.00
2025-12-19 07:16:51,028 - INFO  - [NUDE][TRAIN] Epoch 76/120 Iter 160/390 Loss 0.0127 Top1 99.62 Top5 100.00
2025-12-19 07:16:54,512 - INFO  - [NUDE][TRAIN] Epoch 76/120 Iter 180/390 Loss 0.0132 Top1 99.57 Top5 100.00
2025-12-19 07:16:58,045 - INFO  - [NUDE][TRAIN] Epoch 76/120 Iter 200/390 Loss 0.0132 Top1 99.57 Top5 100.00
2025-12-19 07:17:01,493 - INFO  - [NUDE][TRAIN] Epoch 76/120 Iter 220/390 Loss 0.0142 Top1 99.56 Top5 100.00
2025-12-19 07:17:05,020 - INFO  - [NUDE][TRAIN] Epoch 76/120 Iter 240/390 Loss 0.0139 Top1 99.57 Top5 100.00
2025-12-19 07:17:08,451 - INFO  - [NUDE][TRAIN] Epoch 76/120 Iter 260/390 Loss 0.0144 Top1 99.56 Top5 100.00
2025-12-19 07:17:12,047 - INFO  - [NUDE][TRAIN] Epoch 76/120 Iter 280/390 Loss 0.0152 Top1 99.52 Top5 100.00
2025-12-19 07:17:15,470 - INFO  - [NUDE][TRAIN] Epoch 76/120 Iter 300/390 Loss 0.0155 Top1 99.51 Top5 100.00
2025-12-19 07:17:19,029 - INFO  - [NUDE][TRAIN] Epoch 76/120 Iter 320/390 Loss 0.0158 Top1 99.50 Top5 100.00
2025-12-19 07:17:22,487 - INFO  - [NUDE][TRAIN] Epoch 76/120 Iter 340/390 Loss 0.0158 Top1 99.49 Top5 100.00
2025-12-19 07:17:26,067 - INFO  - [NUDE][TRAIN] Epoch 76/120 Iter 360/390 Loss 0.0159 Top1 99.49 Top5 100.00
2025-12-19 07:17:29,636 - INFO  - [NUDE][TRAIN] Epoch 76/120 Iter 380/390 Loss 0.0161 Top1 99.49 Top5 100.00
2025-12-19 07:17:31,384 - INFO  - [NUDE] Validate: force max bit-width W/A = 6
2025-12-19 07:17:33,608 - INFO  - [NUDE][EPOCH] 76/120 Train: Top1=99.49 Top5=100.00 Loss=0.0160 | Val(EMA): Top1=94.24
2025-12-19 07:17:34,248 - INFO  - ([77] Epoch) Saving checkpoint to:
             Current: /root/autodl-tmp/retraining-free-quantization/training/resnet18_cifar10_nude_srqat_ls1em05/resnet18_cifar10_nude_srqat_ls1em05_checkpoint.pth.tar

2025-12-19 07:17:34,258 - INFO  - [NUDE] Epoch 77: force max bit-width W/A = 6
2025-12-19 07:17:37,959 - INFO  - [NUDE][TRAIN] Epoch 77/120 Iter 20/390 Loss 0.0164 Top1 99.61 Top5 100.00
2025-12-19 07:17:41,343 - INFO  - [NUDE][TRAIN] Epoch 77/120 Iter 40/390 Loss 0.0138 Top1 99.61 Top5 100.00
2025-12-19 07:17:44,870 - INFO  - [NUDE][TRAIN] Epoch 77/120 Iter 60/390 Loss 0.0153 Top1 99.51 Top5 100.00
2025-12-19 07:17:48,304 - INFO  - [NUDE][TRAIN] Epoch 77/120 Iter 80/390 Loss 0.0156 Top1 99.48 Top5 100.00
2025-12-19 07:17:51,859 - INFO  - [NUDE][TRAIN] Epoch 77/120 Iter 100/390 Loss 0.0154 Top1 99.48 Top5 100.00
2025-12-19 07:17:55,392 - INFO  - [NUDE][TRAIN] Epoch 77/120 Iter 120/390 Loss 0.0156 Top1 99.47 Top5 100.00
2025-12-19 07:17:58,827 - INFO  - [NUDE][TRAIN] Epoch 77/120 Iter 140/390 Loss 0.0158 Top1 99.46 Top5 100.00
2025-12-19 07:18:02,360 - INFO  - [NUDE][TRAIN] Epoch 77/120 Iter 160/390 Loss 0.0159 Top1 99.44 Top5 100.00
2025-12-19 07:18:05,829 - INFO  - [NUDE][TRAIN] Epoch 77/120 Iter 180/390 Loss 0.0162 Top1 99.43 Top5 100.00
2025-12-19 07:18:09,404 - INFO  - [NUDE][TRAIN] Epoch 77/120 Iter 200/390 Loss 0.0164 Top1 99.42 Top5 100.00
2025-12-19 07:18:12,866 - INFO  - [NUDE][TRAIN] Epoch 77/120 Iter 220/390 Loss 0.0167 Top1 99.41 Top5 100.00
2025-12-19 07:18:16,432 - INFO  - [NUDE][TRAIN] Epoch 77/120 Iter 240/390 Loss 0.0168 Top1 99.41 Top5 100.00
2025-12-19 07:18:19,853 - INFO  - [NUDE][TRAIN] Epoch 77/120 Iter 260/390 Loss 0.0166 Top1 99.44 Top5 100.00
2025-12-19 07:18:23,361 - INFO  - [NUDE][TRAIN] Epoch 77/120 Iter 280/390 Loss 0.0165 Top1 99.44 Top5 100.00
2025-12-19 07:18:26,807 - INFO  - [NUDE][TRAIN] Epoch 77/120 Iter 300/390 Loss 0.0162 Top1 99.44 Top5 100.00
2025-12-19 07:18:30,354 - INFO  - [NUDE][TRAIN] Epoch 77/120 Iter 320/390 Loss 0.0163 Top1 99.42 Top5 100.00
2025-12-19 07:18:33,828 - INFO  - [NUDE][TRAIN] Epoch 77/120 Iter 340/390 Loss 0.0164 Top1 99.42 Top5 100.00
2025-12-19 07:18:37,382 - INFO  - [NUDE][TRAIN] Epoch 77/120 Iter 360/390 Loss 0.0167 Top1 99.42 Top5 100.00
2025-12-19 07:18:40,901 - INFO  - [NUDE][TRAIN] Epoch 77/120 Iter 380/390 Loss 0.0171 Top1 99.42 Top5 100.00
2025-12-19 07:18:42,646 - INFO  - [NUDE] Validate: force max bit-width W/A = 6
2025-12-19 07:18:44,916 - INFO  - [NUDE][EPOCH] 77/120 Train: Top1=99.42 Top5=100.00 Loss=0.0170 | Val(EMA): Top1=94.31
2025-12-19 07:18:45,504 - INFO  - ([78] Epoch) Saving checkpoint to:
             Current: /root/autodl-tmp/retraining-free-quantization/training/resnet18_cifar10_nude_srqat_ls1em05/resnet18_cifar10_nude_srqat_ls1em05_checkpoint.pth.tar

2025-12-19 07:18:45,515 - INFO  - [NUDE] Epoch 78: force max bit-width W/A = 6
2025-12-19 07:18:49,289 - INFO  - [NUDE][TRAIN] Epoch 78/120 Iter 20/390 Loss 0.0206 Top1 99.14 Top5 100.00
2025-12-19 07:18:52,705 - INFO  - [NUDE][TRAIN] Epoch 78/120 Iter 40/390 Loss 0.0178 Top1 99.24 Top5 100.00
2025-12-19 07:18:56,207 - INFO  - [NUDE][TRAIN] Epoch 78/120 Iter 60/390 Loss 0.0179 Top1 99.34 Top5 100.00
2025-12-19 07:18:59,662 - INFO  - [NUDE][TRAIN] Epoch 78/120 Iter 80/390 Loss 0.0194 Top1 99.29 Top5 100.00
2025-12-19 07:19:03,196 - INFO  - [NUDE][TRAIN] Epoch 78/120 Iter 100/390 Loss 0.0200 Top1 99.26 Top5 100.00
2025-12-19 07:19:06,626 - INFO  - [NUDE][TRAIN] Epoch 78/120 Iter 120/390 Loss 0.0189 Top1 99.32 Top5 100.00
2025-12-19 07:19:10,125 - INFO  - [NUDE][TRAIN] Epoch 78/120 Iter 140/390 Loss 0.0185 Top1 99.33 Top5 100.00
2025-12-19 07:19:13,643 - INFO  - [NUDE][TRAIN] Epoch 78/120 Iter 160/390 Loss 0.0177 Top1 99.35 Top5 100.00
2025-12-19 07:19:17,054 - INFO  - [NUDE][TRAIN] Epoch 78/120 Iter 180/390 Loss 0.0173 Top1 99.37 Top5 100.00
2025-12-19 07:19:20,505 - INFO  - [NUDE][TRAIN] Epoch 78/120 Iter 200/390 Loss 0.0170 Top1 99.38 Top5 100.00
2025-12-19 07:19:23,869 - INFO  - [NUDE][TRAIN] Epoch 78/120 Iter 220/390 Loss 0.0169 Top1 99.38 Top5 100.00
2025-12-19 07:19:27,352 - INFO  - [NUDE][TRAIN] Epoch 78/120 Iter 240/390 Loss 0.0167 Top1 99.38 Top5 100.00
2025-12-19 07:19:30,748 - INFO  - [NUDE][TRAIN] Epoch 78/120 Iter 260/390 Loss 0.0163 Top1 99.40 Top5 100.00
2025-12-19 07:19:34,270 - INFO  - [NUDE][TRAIN] Epoch 78/120 Iter 280/390 Loss 0.0162 Top1 99.41 Top5 100.00
2025-12-19 07:19:37,693 - INFO  - [NUDE][TRAIN] Epoch 78/120 Iter 300/390 Loss 0.0163 Top1 99.40 Top5 100.00
2025-12-19 07:19:41,312 - INFO  - [NUDE][TRAIN] Epoch 78/120 Iter 320/390 Loss 0.0164 Top1 99.40 Top5 100.00
2025-12-19 07:19:44,732 - INFO  - [NUDE][TRAIN] Epoch 78/120 Iter 340/390 Loss 0.0162 Top1 99.41 Top5 100.00
2025-12-19 07:19:48,316 - INFO  - [NUDE][TRAIN] Epoch 78/120 Iter 360/390 Loss 0.0161 Top1 99.42 Top5 100.00
2025-12-19 07:19:51,832 - INFO  - [NUDE][TRAIN] Epoch 78/120 Iter 380/390 Loss 0.0159 Top1 99.43 Top5 100.00
2025-12-19 07:19:53,596 - INFO  - [NUDE] Validate: force max bit-width W/A = 6
2025-12-19 07:19:55,881 - INFO  - [NUDE][EPOCH] 78/120 Train: Top1=99.44 Top5=100.00 Loss=0.0159 | Val(EMA): Top1=94.36
2025-12-19 07:19:56,454 - INFO  - ([79] Epoch) Saving checkpoint to:
             Current: /root/autodl-tmp/retraining-free-quantization/training/resnet18_cifar10_nude_srqat_ls1em05/resnet18_cifar10_nude_srqat_ls1em05_checkpoint.pth.tar

2025-12-19 07:19:56,465 - INFO  - [NUDE] Epoch 79: force max bit-width W/A = 6
2025-12-19 07:20:00,256 - INFO  - [NUDE][TRAIN] Epoch 79/120 Iter 20/390 Loss 0.0133 Top1 99.73 Top5 100.00
2025-12-19 07:20:03,698 - INFO  - [NUDE][TRAIN] Epoch 79/120 Iter 40/390 Loss 0.0120 Top1 99.65 Top5 100.00
2025-12-19 07:20:07,214 - INFO  - [NUDE][TRAIN] Epoch 79/120 Iter 60/390 Loss 0.0110 Top1 99.67 Top5 100.00
2025-12-19 07:20:10,677 - INFO  - [NUDE][TRAIN] Epoch 79/120 Iter 80/390 Loss 0.0105 Top1 99.70 Top5 100.00
2025-12-19 07:20:14,240 - INFO  - [NUDE][TRAIN] Epoch 79/120 Iter 100/390 Loss 0.0101 Top1 99.72 Top5 100.00
2025-12-19 07:20:17,755 - INFO  - [NUDE][TRAIN] Epoch 79/120 Iter 120/390 Loss 0.0114 Top1 99.63 Top5 100.00
2025-12-19 07:20:21,339 - INFO  - [NUDE][TRAIN] Epoch 79/120 Iter 140/390 Loss 0.0120 Top1 99.60 Top5 100.00
2025-12-19 07:20:24,931 - INFO  - [NUDE][TRAIN] Epoch 79/120 Iter 160/390 Loss 0.0121 Top1 99.59 Top5 100.00
2025-12-19 07:20:28,409 - INFO  - [NUDE][TRAIN] Epoch 79/120 Iter 180/390 Loss 0.0122 Top1 99.58 Top5 100.00
2025-12-19 07:20:31,996 - INFO  - [NUDE][TRAIN] Epoch 79/120 Iter 200/390 Loss 0.0124 Top1 99.58 Top5 100.00
2025-12-19 07:20:35,476 - INFO  - [NUDE][TRAIN] Epoch 79/120 Iter 220/390 Loss 0.0122 Top1 99.59 Top5 100.00
2025-12-19 07:20:38,988 - INFO  - [NUDE][TRAIN] Epoch 79/120 Iter 240/390 Loss 0.0124 Top1 99.58 Top5 100.00
2025-12-19 07:20:42,429 - INFO  - [NUDE][TRAIN] Epoch 79/120 Iter 260/390 Loss 0.0127 Top1 99.58 Top5 100.00
2025-12-19 07:20:45,945 - INFO  - [NUDE][TRAIN] Epoch 79/120 Iter 280/390 Loss 0.0125 Top1 99.58 Top5 100.00
2025-12-19 07:20:49,434 - INFO  - [NUDE][TRAIN] Epoch 79/120 Iter 300/390 Loss 0.0123 Top1 99.59 Top5 100.00
2025-12-19 07:20:52,944 - INFO  - [NUDE][TRAIN] Epoch 79/120 Iter 320/390 Loss 0.0123 Top1 99.59 Top5 100.00
2025-12-19 07:20:56,457 - INFO  - [NUDE][TRAIN] Epoch 79/120 Iter 340/390 Loss 0.0123 Top1 99.59 Top5 100.00
2025-12-19 07:21:00,013 - INFO  - [NUDE][TRAIN] Epoch 79/120 Iter 360/390 Loss 0.0122 Top1 99.59 Top5 100.00
2025-12-19 07:21:03,530 - INFO  - [NUDE][TRAIN] Epoch 79/120 Iter 380/390 Loss 0.0122 Top1 99.59 Top5 100.00
2025-12-19 07:21:05,270 - INFO  - [NUDE] Validate: force max bit-width W/A = 6
2025-12-19 07:21:07,497 - INFO  - [NUDE][EPOCH] 79/120 Train: Top1=99.59 Top5=100.00 Loss=0.0123 | Val(EMA): Top1=94.32
2025-12-19 07:21:08,068 - INFO  - ([80] Epoch) Saving checkpoint to:
             Current: /root/autodl-tmp/retraining-free-quantization/training/resnet18_cifar10_nude_srqat_ls1em05/resnet18_cifar10_nude_srqat_ls1em05_checkpoint.pth.tar

2025-12-19 07:21:08,079 - INFO  - [NUDE] Epoch 80: force max bit-width W/A = 6
2025-12-19 07:21:11,768 - INFO  - [NUDE][TRAIN] Epoch 80/120 Iter 20/390 Loss 0.0125 Top1 99.61 Top5 100.00
2025-12-19 07:21:15,220 - INFO  - [NUDE][TRAIN] Epoch 80/120 Iter 40/390 Loss 0.0107 Top1 99.63 Top5 100.00
2025-12-19 07:21:18,603 - INFO  - [NUDE][TRAIN] Epoch 80/120 Iter 60/390 Loss 0.0097 Top1 99.67 Top5 100.00
2025-12-19 07:21:22,031 - INFO  - [NUDE][TRAIN] Epoch 80/120 Iter 80/390 Loss 0.0092 Top1 99.69 Top5 100.00
2025-12-19 07:21:25,564 - INFO  - [NUDE][TRAIN] Epoch 80/120 Iter 100/390 Loss 0.0084 Top1 99.70 Top5 100.00
2025-12-19 07:21:29,152 - INFO  - [NUDE][TRAIN] Epoch 80/120 Iter 120/390 Loss 0.0087 Top1 99.69 Top5 100.00
2025-12-19 07:21:32,602 - INFO  - [NUDE][TRAIN] Epoch 80/120 Iter 140/390 Loss 0.0086 Top1 99.69 Top5 100.00
2025-12-19 07:21:36,214 - INFO  - [NUDE][TRAIN] Epoch 80/120 Iter 160/390 Loss 0.0087 Top1 99.69 Top5 100.00
2025-12-19 07:21:39,772 - INFO  - [NUDE][TRAIN] Epoch 80/120 Iter 180/390 Loss 0.0087 Top1 99.70 Top5 100.00
2025-12-19 07:21:43,300 - INFO  - [NUDE][TRAIN] Epoch 80/120 Iter 200/390 Loss 0.0089 Top1 99.70 Top5 100.00
2025-12-19 07:21:46,796 - INFO  - [NUDE][TRAIN] Epoch 80/120 Iter 220/390 Loss 0.0092 Top1 99.68 Top5 100.00
2025-12-19 07:21:50,317 - INFO  - [NUDE][TRAIN] Epoch 80/120 Iter 240/390 Loss 0.0094 Top1 99.67 Top5 100.00
2025-12-19 07:21:53,753 - INFO  - [NUDE][TRAIN] Epoch 80/120 Iter 260/390 Loss 0.0095 Top1 99.67 Top5 100.00
2025-12-19 07:21:57,322 - INFO  - [NUDE][TRAIN] Epoch 80/120 Iter 280/390 Loss 0.0096 Top1 99.67 Top5 100.00
2025-12-19 07:22:00,762 - INFO  - [NUDE][TRAIN] Epoch 80/120 Iter 300/390 Loss 0.0094 Top1 99.68 Top5 100.00
2025-12-19 07:22:04,279 - INFO  - [NUDE][TRAIN] Epoch 80/120 Iter 320/390 Loss 0.0092 Top1 99.69 Top5 100.00
2025-12-19 07:22:07,749 - INFO  - [NUDE][TRAIN] Epoch 80/120 Iter 340/390 Loss 0.0092 Top1 99.69 Top5 100.00
2025-12-19 07:22:11,361 - INFO  - [NUDE][TRAIN] Epoch 80/120 Iter 360/390 Loss 0.0090 Top1 99.70 Top5 100.00
2025-12-19 07:22:14,889 - INFO  - [NUDE][TRAIN] Epoch 80/120 Iter 380/390 Loss 0.0090 Top1 99.69 Top5 100.00
2025-12-19 07:22:16,670 - INFO  - [NUDE] Validate: force max bit-width W/A = 6
2025-12-19 07:22:18,946 - INFO  - [NUDE][EPOCH] 80/120 Train: Top1=99.68 Top5=100.00 Loss=0.0094 | Val(EMA): Top1=94.34
2025-12-19 07:22:19,521 - INFO  - ([81] Epoch) Saving checkpoint to:
             Current: /root/autodl-tmp/retraining-free-quantization/training/resnet18_cifar10_nude_srqat_ls1em05/resnet18_cifar10_nude_srqat_ls1em05_checkpoint.pth.tar

2025-12-19 07:22:19,532 - INFO  - [NUDE] Epoch 81: force max bit-width W/A = 6
2025-12-19 07:22:23,304 - INFO  - [NUDE][TRAIN] Epoch 81/120 Iter 20/390 Loss 0.0107 Top1 99.61 Top5 100.00
2025-12-19 07:22:26,738 - INFO  - [NUDE][TRAIN] Epoch 81/120 Iter 40/390 Loss 0.0090 Top1 99.67 Top5 100.00
2025-12-19 07:22:30,302 - INFO  - [NUDE][TRAIN] Epoch 81/120 Iter 60/390 Loss 0.0103 Top1 99.66 Top5 100.00
2025-12-19 07:22:33,712 - INFO  - [NUDE][TRAIN] Epoch 81/120 Iter 80/390 Loss 0.0110 Top1 99.66 Top5 100.00
2025-12-19 07:22:37,239 - INFO  - [NUDE][TRAIN] Epoch 81/120 Iter 100/390 Loss 0.0105 Top1 99.67 Top5 100.00
2025-12-19 07:22:40,752 - INFO  - [NUDE][TRAIN] Epoch 81/120 Iter 120/390 Loss 0.0109 Top1 99.65 Top5 100.00
2025-12-19 07:22:44,184 - INFO  - [NUDE][TRAIN] Epoch 81/120 Iter 140/390 Loss 0.0111 Top1 99.64 Top5 100.00
2025-12-19 07:22:47,693 - INFO  - [NUDE][TRAIN] Epoch 81/120 Iter 160/390 Loss 0.0111 Top1 99.62 Top5 100.00
2025-12-19 07:22:51,138 - INFO  - [NUDE][TRAIN] Epoch 81/120 Iter 180/390 Loss 0.0113 Top1 99.62 Top5 100.00
2025-12-19 07:22:54,654 - INFO  - [NUDE][TRAIN] Epoch 81/120 Iter 200/390 Loss 0.0114 Top1 99.62 Top5 100.00
2025-12-19 07:22:58,074 - INFO  - [NUDE][TRAIN] Epoch 81/120 Iter 220/390 Loss 0.0113 Top1 99.62 Top5 100.00
2025-12-19 07:23:01,518 - INFO  - [NUDE][TRAIN] Epoch 81/120 Iter 240/390 Loss 0.0112 Top1 99.62 Top5 100.00
2025-12-19 07:23:04,894 - INFO  - [NUDE][TRAIN] Epoch 81/120 Iter 260/390 Loss 0.0110 Top1 99.63 Top5 100.00
2025-12-19 07:23:08,381 - INFO  - [NUDE][TRAIN] Epoch 81/120 Iter 280/390 Loss 0.0108 Top1 99.64 Top5 100.00
2025-12-19 07:23:11,795 - INFO  - [NUDE][TRAIN] Epoch 81/120 Iter 300/390 Loss 0.0107 Top1 99.65 Top5 100.00
2025-12-19 07:23:15,348 - INFO  - [NUDE][TRAIN] Epoch 81/120 Iter 320/390 Loss 0.0106 Top1 99.65 Top5 100.00
2025-12-19 07:23:18,775 - INFO  - [NUDE][TRAIN] Epoch 81/120 Iter 340/390 Loss 0.0106 Top1 99.65 Top5 100.00
2025-12-19 07:23:22,393 - INFO  - [NUDE][TRAIN] Epoch 81/120 Iter 360/390 Loss 0.0104 Top1 99.66 Top5 100.00
2025-12-19 07:23:25,944 - INFO  - [NUDE][TRAIN] Epoch 81/120 Iter 380/390 Loss 0.0102 Top1 99.66 Top5 100.00
2025-12-19 07:23:27,698 - INFO  - [NUDE] Validate: force max bit-width W/A = 6
2025-12-19 07:23:29,962 - INFO  - [NUDE][EPOCH] 81/120 Train: Top1=99.66 Top5=100.00 Loss=0.0103 | Val(EMA): Top1=94.24
2025-12-19 07:23:30,557 - INFO  - ([82] Epoch) Saving checkpoint to:
             Current: /root/autodl-tmp/retraining-free-quantization/training/resnet18_cifar10_nude_srqat_ls1em05/resnet18_cifar10_nude_srqat_ls1em05_checkpoint.pth.tar

2025-12-19 07:23:30,568 - INFO  - [NUDE] Epoch 82: force max bit-width W/A = 6
2025-12-19 07:23:34,385 - INFO  - [NUDE][TRAIN] Epoch 82/120 Iter 20/390 Loss 0.0046 Top1 99.92 Top5 100.00
2025-12-19 07:23:37,826 - INFO  - [NUDE][TRAIN] Epoch 82/120 Iter 40/390 Loss 0.0047 Top1 99.88 Top5 100.00
2025-12-19 07:23:41,338 - INFO  - [NUDE][TRAIN] Epoch 82/120 Iter 60/390 Loss 0.0047 Top1 99.87 Top5 100.00
2025-12-19 07:23:44,777 - INFO  - [NUDE][TRAIN] Epoch 82/120 Iter 80/390 Loss 0.0052 Top1 99.85 Top5 100.00
2025-12-19 07:23:48,385 - INFO  - [NUDE][TRAIN] Epoch 82/120 Iter 100/390 Loss 0.0052 Top1 99.85 Top5 100.00
2025-12-19 07:23:51,808 - INFO  - [NUDE][TRAIN] Epoch 82/120 Iter 120/390 Loss 0.0055 Top1 99.84 Top5 100.00
2025-12-19 07:23:55,366 - INFO  - [NUDE][TRAIN] Epoch 82/120 Iter 140/390 Loss 0.0060 Top1 99.82 Top5 100.00
2025-12-19 07:23:58,884 - INFO  - [NUDE][TRAIN] Epoch 82/120 Iter 160/390 Loss 0.0064 Top1 99.81 Top5 100.00
2025-12-19 07:24:02,325 - INFO  - [NUDE][TRAIN] Epoch 82/120 Iter 180/390 Loss 0.0066 Top1 99.80 Top5 100.00
2025-12-19 07:24:05,860 - INFO  - [NUDE][TRAIN] Epoch 82/120 Iter 200/390 Loss 0.0066 Top1 99.79 Top5 100.00
2025-12-19 07:24:09,313 - INFO  - [NUDE][TRAIN] Epoch 82/120 Iter 220/390 Loss 0.0073 Top1 99.78 Top5 100.00
2025-12-19 07:24:12,835 - INFO  - [NUDE][TRAIN] Epoch 82/120 Iter 240/390 Loss 0.0072 Top1 99.78 Top5 100.00
2025-12-19 07:24:16,263 - INFO  - [NUDE][TRAIN] Epoch 82/120 Iter 260/390 Loss 0.0078 Top1 99.76 Top5 100.00
2025-12-19 07:24:19,826 - INFO  - [NUDE][TRAIN] Epoch 82/120 Iter 280/390 Loss 0.0079 Top1 99.75 Top5 100.00
2025-12-19 07:24:23,402 - INFO  - [NUDE][TRAIN] Epoch 82/120 Iter 300/390 Loss 0.0079 Top1 99.75 Top5 100.00
2025-12-19 07:24:26,924 - INFO  - [NUDE][TRAIN] Epoch 82/120 Iter 320/390 Loss 0.0079 Top1 99.75 Top5 100.00
2025-12-19 07:24:30,339 - INFO  - [NUDE][TRAIN] Epoch 82/120 Iter 340/390 Loss 0.0079 Top1 99.76 Top5 100.00
2025-12-19 07:24:33,848 - INFO  - [NUDE][TRAIN] Epoch 82/120 Iter 360/390 Loss 0.0080 Top1 99.75 Top5 100.00
2025-12-19 07:24:37,363 - INFO  - [NUDE][TRAIN] Epoch 82/120 Iter 380/390 Loss 0.0081 Top1 99.74 Top5 100.00
2025-12-19 07:24:39,154 - INFO  - [NUDE] Validate: force max bit-width W/A = 6
2025-12-19 07:24:41,429 - INFO  - [NUDE][EPOCH] 82/120 Train: Top1=99.74 Top5=100.00 Loss=0.0082 | Val(EMA): Top1=94.35
2025-12-19 07:24:42,033 - INFO  - ([83] Epoch) Saving checkpoint to:
             Current: /root/autodl-tmp/retraining-free-quantization/training/resnet18_cifar10_nude_srqat_ls1em05/resnet18_cifar10_nude_srqat_ls1em05_checkpoint.pth.tar

2025-12-19 07:24:42,044 - INFO  - [NUDE] Epoch 83: force max bit-width W/A = 6
2025-12-19 07:24:45,784 - INFO  - [NUDE][TRAIN] Epoch 83/120 Iter 20/390 Loss 0.0102 Top1 99.69 Top5 100.00
2025-12-19 07:24:49,146 - INFO  - [NUDE][TRAIN] Epoch 83/120 Iter 40/390 Loss 0.0092 Top1 99.71 Top5 100.00
2025-12-19 07:24:52,622 - INFO  - [NUDE][TRAIN] Epoch 83/120 Iter 60/390 Loss 0.0084 Top1 99.70 Top5 100.00
2025-12-19 07:24:56,044 - INFO  - [NUDE][TRAIN] Epoch 83/120 Iter 80/390 Loss 0.0075 Top1 99.74 Top5 100.00
2025-12-19 07:24:59,574 - INFO  - [NUDE][TRAIN] Epoch 83/120 Iter 100/390 Loss 0.0070 Top1 99.77 Top5 100.00
2025-12-19 07:25:03,041 - INFO  - [NUDE][TRAIN] Epoch 83/120 Iter 120/390 Loss 0.0068 Top1 99.79 Top5 100.00
2025-12-19 07:25:06,633 - INFO  - [NUDE][TRAIN] Epoch 83/120 Iter 140/390 Loss 0.0065 Top1 99.80 Top5 100.00
2025-12-19 07:25:10,137 - INFO  - [NUDE][TRAIN] Epoch 83/120 Iter 160/390 Loss 0.0066 Top1 99.80 Top5 100.00
2025-12-19 07:25:13,600 - INFO  - [NUDE][TRAIN] Epoch 83/120 Iter 180/390 Loss 0.0070 Top1 99.80 Top5 100.00
2025-12-19 07:25:17,134 - INFO  - [NUDE][TRAIN] Epoch 83/120 Iter 200/390 Loss 0.0073 Top1 99.79 Top5 100.00
2025-12-19 07:25:20,593 - INFO  - [NUDE][TRAIN] Epoch 83/120 Iter 220/390 Loss 0.0072 Top1 99.79 Top5 100.00
2025-12-19 07:25:24,125 - INFO  - [NUDE][TRAIN] Epoch 83/120 Iter 240/390 Loss 0.0072 Top1 99.79 Top5 100.00
2025-12-19 07:25:27,599 - INFO  - [NUDE][TRAIN] Epoch 83/120 Iter 260/390 Loss 0.0072 Top1 99.78 Top5 100.00
2025-12-19 07:25:31,164 - INFO  - [NUDE][TRAIN] Epoch 83/120 Iter 280/390 Loss 0.0070 Top1 99.79 Top5 100.00
2025-12-19 07:25:34,643 - INFO  - [NUDE][TRAIN] Epoch 83/120 Iter 300/390 Loss 0.0071 Top1 99.78 Top5 100.00
2025-12-19 07:25:38,262 - INFO  - [NUDE][TRAIN] Epoch 83/120 Iter 320/390 Loss 0.0071 Top1 99.78 Top5 100.00
2025-12-19 07:25:41,706 - INFO  - [NUDE][TRAIN] Epoch 83/120 Iter 340/390 Loss 0.0071 Top1 99.78 Top5 100.00
2025-12-19 07:25:45,237 - INFO  - [NUDE][TRAIN] Epoch 83/120 Iter 360/390 Loss 0.0071 Top1 99.78 Top5 100.00
2025-12-19 07:25:48,773 - INFO  - [NUDE][TRAIN] Epoch 83/120 Iter 380/390 Loss 0.0071 Top1 99.77 Top5 100.00
2025-12-19 07:25:50,527 - INFO  - [NUDE] Validate: force max bit-width W/A = 6
2025-12-19 07:25:52,759 - INFO  - [NUDE][EPOCH] 83/120 Train: Top1=99.78 Top5=100.00 Loss=0.0070 | Val(EMA): Top1=94.39
2025-12-19 07:25:53,355 - INFO  - ([84] Epoch) Saving checkpoint to:
             Current: /root/autodl-tmp/retraining-free-quantization/training/resnet18_cifar10_nude_srqat_ls1em05/resnet18_cifar10_nude_srqat_ls1em05_checkpoint.pth.tar

2025-12-19 07:25:53,365 - INFO  - [NUDE] Epoch 84: force max bit-width W/A = 6
2025-12-19 07:25:57,123 - INFO  - [NUDE][TRAIN] Epoch 84/120 Iter 20/390 Loss 0.0050 Top1 99.92 Top5 100.00
2025-12-19 07:26:00,648 - INFO  - [NUDE][TRAIN] Epoch 84/120 Iter 40/390 Loss 0.0058 Top1 99.84 Top5 100.00
2025-12-19 07:26:04,117 - INFO  - [NUDE][TRAIN] Epoch 84/120 Iter 60/390 Loss 0.0058 Top1 99.83 Top5 100.00
2025-12-19 07:26:07,556 - INFO  - [NUDE][TRAIN] Epoch 84/120 Iter 80/390 Loss 0.0064 Top1 99.80 Top5 100.00
2025-12-19 07:26:11,065 - INFO  - [NUDE][TRAIN] Epoch 84/120 Iter 100/390 Loss 0.0060 Top1 99.82 Top5 100.00
2025-12-19 07:26:14,595 - INFO  - [NUDE][TRAIN] Epoch 84/120 Iter 120/390 Loss 0.0059 Top1 99.82 Top5 100.00
2025-12-19 07:26:18,014 - INFO  - [NUDE][TRAIN] Epoch 84/120 Iter 140/390 Loss 0.0064 Top1 99.80 Top5 100.00
2025-12-19 07:26:21,546 - INFO  - [NUDE][TRAIN] Epoch 84/120 Iter 160/390 Loss 0.0063 Top1 99.81 Top5 100.00
2025-12-19 07:26:24,982 - INFO  - [NUDE][TRAIN] Epoch 84/120 Iter 180/390 Loss 0.0060 Top1 99.82 Top5 100.00
2025-12-19 07:26:28,488 - INFO  - [NUDE][TRAIN] Epoch 84/120 Iter 200/390 Loss 0.0057 Top1 99.82 Top5 100.00
2025-12-19 07:26:31,937 - INFO  - [NUDE][TRAIN] Epoch 84/120 Iter 220/390 Loss 0.0057 Top1 99.82 Top5 100.00
2025-12-19 07:26:35,440 - INFO  - [NUDE][TRAIN] Epoch 84/120 Iter 240/390 Loss 0.0055 Top1 99.83 Top5 100.00
2025-12-19 07:26:38,867 - INFO  - [NUDE][TRAIN] Epoch 84/120 Iter 260/390 Loss 0.0054 Top1 99.83 Top5 100.00
2025-12-19 07:26:42,382 - INFO  - [NUDE][TRAIN] Epoch 84/120 Iter 280/390 Loss 0.0052 Top1 99.84 Top5 100.00
2025-12-19 07:26:45,798 - INFO  - [NUDE][TRAIN] Epoch 84/120 Iter 300/390 Loss 0.0050 Top1 99.85 Top5 100.00
2025-12-19 07:26:49,330 - INFO  - [NUDE][TRAIN] Epoch 84/120 Iter 320/390 Loss 0.0049 Top1 99.85 Top5 100.00
2025-12-19 07:26:52,816 - INFO  - [NUDE][TRAIN] Epoch 84/120 Iter 340/390 Loss 0.0048 Top1 99.85 Top5 100.00
2025-12-19 07:26:56,320 - INFO  - [NUDE][TRAIN] Epoch 84/120 Iter 360/390 Loss 0.0048 Top1 99.85 Top5 100.00
2025-12-19 07:26:59,914 - INFO  - [NUDE][TRAIN] Epoch 84/120 Iter 380/390 Loss 0.0049 Top1 99.85 Top5 100.00
2025-12-19 07:27:01,664 - INFO  - [NUDE] Validate: force max bit-width W/A = 6
2025-12-19 07:27:03,950 - INFO  - [NUDE][EPOCH] 84/120 Train: Top1=99.85 Top5=100.00 Loss=0.0048 | Val(EMA): Top1=94.28
2025-12-19 07:27:04,627 - INFO  - ([85] Epoch) Saving checkpoint to:
             Current: /root/autodl-tmp/retraining-free-quantization/training/resnet18_cifar10_nude_srqat_ls1em05/resnet18_cifar10_nude_srqat_ls1em05_checkpoint.pth.tar

2025-12-19 07:27:04,642 - INFO  - [NUDE] Epoch 85: force max bit-width W/A = 6
2025-12-19 07:27:08,432 - INFO  - [NUDE][TRAIN] Epoch 85/120 Iter 20/390 Loss 0.0045 Top1 99.88 Top5 100.00
2025-12-19 07:27:11,853 - INFO  - [NUDE][TRAIN] Epoch 85/120 Iter 40/390 Loss 0.0050 Top1 99.86 Top5 100.00
2025-12-19 07:27:15,394 - INFO  - [NUDE][TRAIN] Epoch 85/120 Iter 60/390 Loss 0.0047 Top1 99.88 Top5 100.00
2025-12-19 07:27:18,833 - INFO  - [NUDE][TRAIN] Epoch 85/120 Iter 80/390 Loss 0.0046 Top1 99.88 Top5 100.00
2025-12-19 07:27:22,358 - INFO  - [NUDE][TRAIN] Epoch 85/120 Iter 100/390 Loss 0.0041 Top1 99.91 Top5 100.00
2025-12-19 07:27:25,906 - INFO  - [NUDE][TRAIN] Epoch 85/120 Iter 120/390 Loss 0.0040 Top1 99.90 Top5 100.00
2025-12-19 07:27:29,410 - INFO  - [NUDE][TRAIN] Epoch 85/120 Iter 140/390 Loss 0.0038 Top1 99.90 Top5 100.00
2025-12-19 07:27:32,912 - INFO  - [NUDE][TRAIN] Epoch 85/120 Iter 160/390 Loss 0.0040 Top1 99.89 Top5 100.00
2025-12-19 07:27:36,338 - INFO  - [NUDE][TRAIN] Epoch 85/120 Iter 180/390 Loss 0.0044 Top1 99.87 Top5 100.00
2025-12-19 07:27:39,849 - INFO  - [NUDE][TRAIN] Epoch 85/120 Iter 200/390 Loss 0.0046 Top1 99.87 Top5 100.00
2025-12-19 07:27:43,257 - INFO  - [NUDE][TRAIN] Epoch 85/120 Iter 220/390 Loss 0.0046 Top1 99.86 Top5 100.00
2025-12-19 07:27:46,779 - INFO  - [NUDE][TRAIN] Epoch 85/120 Iter 240/390 Loss 0.0047 Top1 99.86 Top5 100.00
2025-12-19 07:27:50,186 - INFO  - [NUDE][TRAIN] Epoch 85/120 Iter 260/390 Loss 0.0046 Top1 99.86 Top5 100.00
2025-12-19 07:27:53,711 - INFO  - [NUDE][TRAIN] Epoch 85/120 Iter 280/390 Loss 0.0046 Top1 99.86 Top5 100.00
2025-12-19 07:27:57,125 - INFO  - [NUDE][TRAIN] Epoch 85/120 Iter 300/390 Loss 0.0045 Top1 99.86 Top5 100.00
2025-12-19 07:28:00,647 - INFO  - [NUDE][TRAIN] Epoch 85/120 Iter 320/390 Loss 0.0045 Top1 99.86 Top5 100.00
2025-12-19 07:28:04,122 - INFO  - [NUDE][TRAIN] Epoch 85/120 Iter 340/390 Loss 0.0044 Top1 99.86 Top5 100.00
2025-12-19 07:28:07,641 - INFO  - [NUDE][TRAIN] Epoch 85/120 Iter 360/390 Loss 0.0045 Top1 99.86 Top5 100.00
2025-12-19 07:28:11,167 - INFO  - [NUDE][TRAIN] Epoch 85/120 Iter 380/390 Loss 0.0044 Top1 99.86 Top5 100.00
2025-12-19 07:28:12,925 - INFO  - [NUDE] Validate: force max bit-width W/A = 6
2025-12-19 07:28:15,176 - INFO  - [NUDE][EPOCH] 85/120 Train: Top1=99.86 Top5=100.00 Loss=0.0045 | Val(EMA): Top1=94.30
2025-12-19 07:28:15,644 - INFO  - ([86] Epoch) Saving checkpoint to:
             Current: /root/autodl-tmp/retraining-free-quantization/training/resnet18_cifar10_nude_srqat_ls1em05/resnet18_cifar10_nude_srqat_ls1em05_checkpoint.pth.tar

2025-12-19 07:28:15,654 - INFO  - [NUDE] Epoch 86: force max bit-width W/A = 6
2025-12-19 07:28:19,404 - INFO  - [NUDE][TRAIN] Epoch 86/120 Iter 20/390 Loss 0.0053 Top1 99.84 Top5 100.00
2025-12-19 07:28:22,805 - INFO  - [NUDE][TRAIN] Epoch 86/120 Iter 40/390 Loss 0.0041 Top1 99.88 Top5 100.00
2025-12-19 07:28:26,274 - INFO  - [NUDE][TRAIN] Epoch 86/120 Iter 60/390 Loss 0.0037 Top1 99.88 Top5 100.00
2025-12-19 07:28:29,650 - INFO  - [NUDE][TRAIN] Epoch 86/120 Iter 80/390 Loss 0.0035 Top1 99.90 Top5 100.00
2025-12-19 07:28:33,138 - INFO  - [NUDE][TRAIN] Epoch 86/120 Iter 100/390 Loss 0.0035 Top1 99.89 Top5 100.00
2025-12-19 07:28:36,554 - INFO  - [NUDE][TRAIN] Epoch 86/120 Iter 120/390 Loss 0.0034 Top1 99.88 Top5 100.00
2025-12-19 07:28:40,088 - INFO  - [NUDE][TRAIN] Epoch 86/120 Iter 140/390 Loss 0.0035 Top1 99.89 Top5 100.00
2025-12-19 07:28:43,664 - INFO  - [NUDE][TRAIN] Epoch 86/120 Iter 160/390 Loss 0.0034 Top1 99.90 Top5 100.00
2025-12-19 07:28:47,140 - INFO  - [NUDE][TRAIN] Epoch 86/120 Iter 180/390 Loss 0.0033 Top1 99.90 Top5 100.00
2025-12-19 07:28:50,753 - INFO  - [NUDE][TRAIN] Epoch 86/120 Iter 200/390 Loss 0.0033 Top1 99.90 Top5 100.00
2025-12-19 07:28:54,179 - INFO  - [NUDE][TRAIN] Epoch 86/120 Iter 220/390 Loss 0.0032 Top1 99.90 Top5 100.00
2025-12-19 07:28:57,668 - INFO  - [NUDE][TRAIN] Epoch 86/120 Iter 240/390 Loss 0.0033 Top1 99.90 Top5 100.00
2025-12-19 07:29:01,109 - INFO  - [NUDE][TRAIN] Epoch 86/120 Iter 260/390 Loss 0.0033 Top1 99.89 Top5 100.00
2025-12-19 07:29:04,658 - INFO  - [NUDE][TRAIN] Epoch 86/120 Iter 280/390 Loss 0.0032 Top1 99.90 Top5 100.00
2025-12-19 07:29:08,079 - INFO  - [NUDE][TRAIN] Epoch 86/120 Iter 300/390 Loss 0.0031 Top1 99.91 Top5 100.00
2025-12-19 07:29:11,586 - INFO  - [NUDE][TRAIN] Epoch 86/120 Iter 320/390 Loss 0.0030 Top1 99.91 Top5 100.00
2025-12-19 07:29:15,034 - INFO  - [NUDE][TRAIN] Epoch 86/120 Iter 340/390 Loss 0.0029 Top1 99.91 Top5 100.00
2025-12-19 07:29:18,540 - INFO  - [NUDE][TRAIN] Epoch 86/120 Iter 360/390 Loss 0.0030 Top1 99.91 Top5 100.00
2025-12-19 07:29:22,071 - INFO  - [NUDE][TRAIN] Epoch 86/120 Iter 380/390 Loss 0.0031 Top1 99.90 Top5 100.00
2025-12-19 07:29:23,811 - INFO  - [NUDE] Validate: force max bit-width W/A = 6
2025-12-19 07:29:26,062 - INFO  - [NUDE][EPOCH] 86/120 Train: Top1=99.90 Top5=100.00 Loss=0.0032 | Val(EMA): Top1=94.27
2025-12-19 07:29:26,655 - INFO  - ([87] Epoch) Saving checkpoint to:
             Current: /root/autodl-tmp/retraining-free-quantization/training/resnet18_cifar10_nude_srqat_ls1em05/resnet18_cifar10_nude_srqat_ls1em05_checkpoint.pth.tar

2025-12-19 07:29:26,668 - INFO  - [NUDE] Epoch 87: force max bit-width W/A = 6
2025-12-19 07:29:30,537 - INFO  - [NUDE][TRAIN] Epoch 87/120 Iter 20/390 Loss 0.0026 Top1 99.92 Top5 100.00
2025-12-19 07:29:33,985 - INFO  - [NUDE][TRAIN] Epoch 87/120 Iter 40/390 Loss 0.0025 Top1 99.92 Top5 100.00
2025-12-19 07:29:37,534 - INFO  - [NUDE][TRAIN] Epoch 87/120 Iter 60/390 Loss 0.0031 Top1 99.93 Top5 100.00
2025-12-19 07:29:40,954 - INFO  - [NUDE][TRAIN] Epoch 87/120 Iter 80/390 Loss 0.0029 Top1 99.93 Top5 100.00
2025-12-19 07:29:44,475 - INFO  - [NUDE][TRAIN] Epoch 87/120 Iter 100/390 Loss 0.0028 Top1 99.92 Top5 100.00
2025-12-19 07:29:47,910 - INFO  - [NUDE][TRAIN] Epoch 87/120 Iter 120/390 Loss 0.0029 Top1 99.92 Top5 100.00
2025-12-19 07:29:51,501 - INFO  - [NUDE][TRAIN] Epoch 87/120 Iter 140/390 Loss 0.0029 Top1 99.92 Top5 100.00
2025-12-19 07:29:55,023 - INFO  - [NUDE][TRAIN] Epoch 87/120 Iter 160/390 Loss 0.0027 Top1 99.92 Top5 100.00
2025-12-19 07:29:58,427 - INFO  - [NUDE][TRAIN] Epoch 87/120 Iter 180/390 Loss 0.0029 Top1 99.92 Top5 100.00
2025-12-19 07:30:01,962 - INFO  - [NUDE][TRAIN] Epoch 87/120 Iter 200/390 Loss 0.0028 Top1 99.93 Top5 100.00
2025-12-19 07:30:05,401 - INFO  - [NUDE][TRAIN] Epoch 87/120 Iter 220/390 Loss 0.0029 Top1 99.92 Top5 100.00
2025-12-19 07:30:08,910 - INFO  - [NUDE][TRAIN] Epoch 87/120 Iter 240/390 Loss 0.0029 Top1 99.92 Top5 100.00
2025-12-19 07:30:12,334 - INFO  - [NUDE][TRAIN] Epoch 87/120 Iter 260/390 Loss 0.0029 Top1 99.92 Top5 100.00
2025-12-19 07:30:15,795 - INFO  - [NUDE][TRAIN] Epoch 87/120 Iter 280/390 Loss 0.0030 Top1 99.92 Top5 100.00
2025-12-19 07:30:19,176 - INFO  - [NUDE][TRAIN] Epoch 87/120 Iter 300/390 Loss 0.0030 Top1 99.92 Top5 100.00
2025-12-19 07:30:22,636 - INFO  - [NUDE][TRAIN] Epoch 87/120 Iter 320/390 Loss 0.0031 Top1 99.92 Top5 100.00
2025-12-19 07:30:26,075 - INFO  - [NUDE][TRAIN] Epoch 87/120 Iter 340/390 Loss 0.0031 Top1 99.92 Top5 100.00
2025-12-19 07:30:29,644 - INFO  - [NUDE][TRAIN] Epoch 87/120 Iter 360/390 Loss 0.0030 Top1 99.92 Top5 100.00
2025-12-19 07:30:33,200 - INFO  - [NUDE][TRAIN] Epoch 87/120 Iter 380/390 Loss 0.0030 Top1 99.92 Top5 100.00
2025-12-19 07:30:34,964 - INFO  - [NUDE] Validate: force max bit-width W/A = 6
2025-12-19 07:30:37,205 - INFO  - [NUDE][EPOCH] 87/120 Train: Top1=99.92 Top5=100.00 Loss=0.0030 | Val(EMA): Top1=94.31
2025-12-19 07:30:37,824 - INFO  - ([88] Epoch) Saving checkpoint to:
             Current: /root/autodl-tmp/retraining-free-quantization/training/resnet18_cifar10_nude_srqat_ls1em05/resnet18_cifar10_nude_srqat_ls1em05_checkpoint.pth.tar

2025-12-19 07:30:37,834 - INFO  - [NUDE] Epoch 88: force max bit-width W/A = 6
2025-12-19 07:30:41,624 - INFO  - [NUDE][TRAIN] Epoch 88/120 Iter 20/390 Loss 0.0021 Top1 99.92 Top5 100.00
2025-12-19 07:30:45,177 - INFO  - [NUDE][TRAIN] Epoch 88/120 Iter 40/390 Loss 0.0017 Top1 99.94 Top5 100.00
2025-12-19 07:30:48,607 - INFO  - [NUDE][TRAIN] Epoch 88/120 Iter 60/390 Loss 0.0017 Top1 99.95 Top5 100.00
2025-12-19 07:30:52,032 - INFO  - [NUDE][TRAIN] Epoch 88/120 Iter 80/390 Loss 0.0020 Top1 99.93 Top5 100.00
2025-12-19 07:30:55,618 - INFO  - [NUDE][TRAIN] Epoch 88/120 Iter 100/390 Loss 0.0021 Top1 99.93 Top5 100.00
2025-12-19 07:30:59,165 - INFO  - [NUDE][TRAIN] Epoch 88/120 Iter 120/390 Loss 0.0022 Top1 99.93 Top5 100.00
2025-12-19 07:31:02,655 - INFO  - [NUDE][TRAIN] Epoch 88/120 Iter 140/390 Loss 0.0024 Top1 99.92 Top5 100.00
2025-12-19 07:31:06,212 - INFO  - [NUDE][TRAIN] Epoch 88/120 Iter 160/390 Loss 0.0023 Top1 99.93 Top5 100.00
2025-12-19 07:31:09,647 - INFO  - [NUDE][TRAIN] Epoch 88/120 Iter 180/390 Loss 0.0025 Top1 99.93 Top5 100.00
2025-12-19 07:31:13,262 - INFO  - [NUDE][TRAIN] Epoch 88/120 Iter 200/390 Loss 0.0028 Top1 99.92 Top5 100.00
2025-12-19 07:31:16,761 - INFO  - [NUDE][TRAIN] Epoch 88/120 Iter 220/390 Loss 0.0027 Top1 99.92 Top5 100.00
2025-12-19 07:31:20,350 - INFO  - [NUDE][TRAIN] Epoch 88/120 Iter 240/390 Loss 0.0028 Top1 99.92 Top5 100.00
2025-12-19 07:31:23,834 - INFO  - [NUDE][TRAIN] Epoch 88/120 Iter 260/390 Loss 0.0030 Top1 99.91 Top5 100.00
2025-12-19 07:31:27,366 - INFO  - [NUDE][TRAIN] Epoch 88/120 Iter 280/390 Loss 0.0030 Top1 99.91 Top5 100.00
2025-12-19 07:31:30,795 - INFO  - [NUDE][TRAIN] Epoch 88/120 Iter 300/390 Loss 0.0032 Top1 99.91 Top5 100.00
2025-12-19 07:31:34,391 - INFO  - [NUDE][TRAIN] Epoch 88/120 Iter 320/390 Loss 0.0031 Top1 99.91 Top5 100.00
2025-12-19 07:31:37,862 - INFO  - [NUDE][TRAIN] Epoch 88/120 Iter 340/390 Loss 0.0031 Top1 99.91 Top5 100.00
2025-12-19 07:31:41,406 - INFO  - [NUDE][TRAIN] Epoch 88/120 Iter 360/390 Loss 0.0033 Top1 99.91 Top5 100.00
2025-12-19 07:31:44,943 - INFO  - [NUDE][TRAIN] Epoch 88/120 Iter 380/390 Loss 0.0033 Top1 99.91 Top5 100.00
2025-12-19 07:31:46,700 - INFO  - [NUDE] Validate: force max bit-width W/A = 6
2025-12-19 07:31:49,017 - INFO  - [NUDE][EPOCH] 88/120 Train: Top1=99.90 Top5=100.00 Loss=0.0033 | Val(EMA): Top1=94.25
2025-12-19 07:31:49,603 - INFO  - ([89] Epoch) Saving checkpoint to:
             Current: /root/autodl-tmp/retraining-free-quantization/training/resnet18_cifar10_nude_srqat_ls1em05/resnet18_cifar10_nude_srqat_ls1em05_checkpoint.pth.tar

2025-12-19 07:31:49,614 - INFO  - [NUDE] Epoch 89: force max bit-width W/A = 6
2025-12-19 07:31:53,396 - INFO  - [NUDE][TRAIN] Epoch 89/120 Iter 20/390 Loss 0.0042 Top1 99.84 Top5 100.00
2025-12-19 07:31:56,822 - INFO  - [NUDE][TRAIN] Epoch 89/120 Iter 40/390 Loss 0.0036 Top1 99.88 Top5 100.00
2025-12-19 07:32:00,323 - INFO  - [NUDE][TRAIN] Epoch 89/120 Iter 60/390 Loss 0.0032 Top1 99.91 Top5 100.00
2025-12-19 07:32:03,729 - INFO  - [NUDE][TRAIN] Epoch 89/120 Iter 80/390 Loss 0.0029 Top1 99.91 Top5 100.00
2025-12-19 07:32:07,214 - INFO  - [NUDE][TRAIN] Epoch 89/120 Iter 100/390 Loss 0.0028 Top1 99.93 Top5 100.00
2025-12-19 07:32:10,670 - INFO  - [NUDE][TRAIN] Epoch 89/120 Iter 120/390 Loss 0.0027 Top1 99.92 Top5 100.00
2025-12-19 07:32:14,078 - INFO  - [NUDE][TRAIN] Epoch 89/120 Iter 140/390 Loss 0.0028 Top1 99.92 Top5 100.00
2025-12-19 07:32:17,614 - INFO  - [NUDE][TRAIN] Epoch 89/120 Iter 160/390 Loss 0.0028 Top1 99.93 Top5 100.00
2025-12-19 07:32:21,053 - INFO  - [NUDE][TRAIN] Epoch 89/120 Iter 180/390 Loss 0.0027 Top1 99.93 Top5 100.00
2025-12-19 07:32:24,577 - INFO  - [NUDE][TRAIN] Epoch 89/120 Iter 200/390 Loss 0.0027 Top1 99.93 Top5 100.00
2025-12-19 07:32:28,039 - INFO  - [NUDE][TRAIN] Epoch 89/120 Iter 220/390 Loss 0.0026 Top1 99.93 Top5 100.00
2025-12-19 07:32:31,572 - INFO  - [NUDE][TRAIN] Epoch 89/120 Iter 240/390 Loss 0.0028 Top1 99.93 Top5 100.00
2025-12-19 07:32:35,043 - INFO  - [NUDE][TRAIN] Epoch 89/120 Iter 260/390 Loss 0.0027 Top1 99.94 Top5 100.00
2025-12-19 07:32:38,586 - INFO  - [NUDE][TRAIN] Epoch 89/120 Iter 280/390 Loss 0.0026 Top1 99.94 Top5 100.00
2025-12-19 07:32:42,042 - INFO  - [NUDE][TRAIN] Epoch 89/120 Iter 300/390 Loss 0.0026 Top1 99.94 Top5 100.00
2025-12-19 07:32:45,648 - INFO  - [NUDE][TRAIN] Epoch 89/120 Iter 320/390 Loss 0.0027 Top1 99.94 Top5 100.00
2025-12-19 07:32:49,141 - INFO  - [NUDE][TRAIN] Epoch 89/120 Iter 340/390 Loss 0.0026 Top1 99.94 Top5 100.00
2025-12-19 07:32:52,702 - INFO  - [NUDE][TRAIN] Epoch 89/120 Iter 360/390 Loss 0.0026 Top1 99.93 Top5 100.00
2025-12-19 07:32:56,285 - INFO  - [NUDE][TRAIN] Epoch 89/120 Iter 380/390 Loss 0.0026 Top1 99.93 Top5 100.00
2025-12-19 07:32:58,047 - INFO  - [NUDE] Validate: force max bit-width W/A = 6
2025-12-19 07:33:00,359 - INFO  - [NUDE][EPOCH] 89/120 Train: Top1=99.93 Top5=100.00 Loss=0.0026 | Val(EMA): Top1=94.26
2025-12-19 07:33:00,962 - INFO  - ([90] Epoch) Saving checkpoint to:
             Current: /root/autodl-tmp/retraining-free-quantization/training/resnet18_cifar10_nude_srqat_ls1em05/resnet18_cifar10_nude_srqat_ls1em05_checkpoint.pth.tar

2025-12-19 07:33:00,975 - INFO  - [NUDE] Epoch 90: force max bit-width W/A = 6
2025-12-19 07:33:04,937 - INFO  - [NUDE][TRAIN] Epoch 90/120 Iter 20/390 Loss 0.0026 Top1 99.88 Top5 100.00
2025-12-19 07:33:08,380 - INFO  - [NUDE][TRAIN] Epoch 90/120 Iter 40/390 Loss 0.0028 Top1 99.88 Top5 100.00
2025-12-19 07:33:11,897 - INFO  - [NUDE][TRAIN] Epoch 90/120 Iter 60/390 Loss 0.0029 Top1 99.90 Top5 100.00
2025-12-19 07:33:15,328 - INFO  - [NUDE][TRAIN] Epoch 90/120 Iter 80/390 Loss 0.0032 Top1 99.91 Top5 100.00
2025-12-19 07:33:18,912 - INFO  - [NUDE][TRAIN] Epoch 90/120 Iter 100/390 Loss 0.0031 Top1 99.92 Top5 100.00
2025-12-19 07:33:22,344 - INFO  - [NUDE][TRAIN] Epoch 90/120 Iter 120/390 Loss 0.0029 Top1 99.92 Top5 100.00
2025-12-19 07:33:25,872 - INFO  - [NUDE][TRAIN] Epoch 90/120 Iter 140/390 Loss 0.0027 Top1 99.93 Top5 100.00
2025-12-19 07:33:29,476 - INFO  - [NUDE][TRAIN] Epoch 90/120 Iter 160/390 Loss 0.0027 Top1 99.93 Top5 100.00
2025-12-19 07:33:32,898 - INFO  - [NUDE][TRAIN] Epoch 90/120 Iter 180/390 Loss 0.0026 Top1 99.93 Top5 100.00
2025-12-19 07:33:36,466 - INFO  - [NUDE][TRAIN] Epoch 90/120 Iter 200/390 Loss 0.0025 Top1 99.93 Top5 100.00
2025-12-19 07:33:39,903 - INFO  - [NUDE][TRAIN] Epoch 90/120 Iter 220/390 Loss 0.0024 Top1 99.94 Top5 100.00
2025-12-19 07:33:43,425 - INFO  - [NUDE][TRAIN] Epoch 90/120 Iter 240/390 Loss 0.0024 Top1 99.94 Top5 100.00
2025-12-19 07:33:46,942 - INFO  - [NUDE][TRAIN] Epoch 90/120 Iter 260/390 Loss 0.0023 Top1 99.94 Top5 100.00
2025-12-19 07:33:50,437 - INFO  - [NUDE][TRAIN] Epoch 90/120 Iter 280/390 Loss 0.0023 Top1 99.94 Top5 100.00
2025-12-19 07:33:53,797 - INFO  - [NUDE][TRAIN] Epoch 90/120 Iter 300/390 Loss 0.0023 Top1 99.94 Top5 100.00
2025-12-19 07:33:57,266 - INFO  - [NUDE][TRAIN] Epoch 90/120 Iter 320/390 Loss 0.0024 Top1 99.93 Top5 100.00
2025-12-19 07:34:00,629 - INFO  - [NUDE][TRAIN] Epoch 90/120 Iter 340/390 Loss 0.0025 Top1 99.92 Top5 100.00
2025-12-19 07:34:04,174 - INFO  - [NUDE][TRAIN] Epoch 90/120 Iter 360/390 Loss 0.0024 Top1 99.93 Top5 100.00
2025-12-19 07:34:07,757 - INFO  - [NUDE][TRAIN] Epoch 90/120 Iter 380/390 Loss 0.0024 Top1 99.93 Top5 100.00
2025-12-19 07:34:09,512 - INFO  - [NUDE] Validate: force max bit-width W/A = 6
2025-12-19 07:34:11,760 - INFO  - [NUDE][EPOCH] 90/120 Train: Top1=99.93 Top5=100.00 Loss=0.0024 | Val(EMA): Top1=94.20
2025-12-19 07:34:12,367 - INFO  - ([91] Epoch) Saving checkpoint to:
             Current: /root/autodl-tmp/retraining-free-quantization/training/resnet18_cifar10_nude_srqat_ls1em05/resnet18_cifar10_nude_srqat_ls1em05_checkpoint.pth.tar

2025-12-19 07:34:12,378 - INFO  - [NUDE] Epoch 91: force max bit-width W/A = 6
2025-12-19 07:34:16,272 - INFO  - [NUDE][TRAIN] Epoch 91/120 Iter 20/390 Loss 0.0018 Top1 99.96 Top5 100.00
2025-12-19 07:34:19,718 - INFO  - [NUDE][TRAIN] Epoch 91/120 Iter 40/390 Loss 0.0025 Top1 99.88 Top5 100.00
2025-12-19 07:34:23,258 - INFO  - [NUDE][TRAIN] Epoch 91/120 Iter 60/390 Loss 0.0020 Top1 99.92 Top5 100.00
2025-12-19 07:34:26,704 - INFO  - [NUDE][TRAIN] Epoch 91/120 Iter 80/390 Loss 0.0019 Top1 99.92 Top5 100.00
2025-12-19 07:34:30,220 - INFO  - [NUDE][TRAIN] Epoch 91/120 Iter 100/390 Loss 0.0018 Top1 99.94 Top5 100.00
2025-12-19 07:34:33,657 - INFO  - [NUDE][TRAIN] Epoch 91/120 Iter 120/390 Loss 0.0017 Top1 99.94 Top5 100.00
2025-12-19 07:34:37,180 - INFO  - [NUDE][TRAIN] Epoch 91/120 Iter 140/390 Loss 0.0019 Top1 99.94 Top5 100.00
2025-12-19 07:34:40,697 - INFO  - [NUDE][TRAIN] Epoch 91/120 Iter 160/390 Loss 0.0019 Top1 99.93 Top5 100.00
2025-12-19 07:34:44,223 - INFO  - [NUDE][TRAIN] Epoch 91/120 Iter 180/390 Loss 0.0020 Top1 99.93 Top5 100.00
2025-12-19 07:34:47,780 - INFO  - [NUDE][TRAIN] Epoch 91/120 Iter 200/390 Loss 0.0022 Top1 99.92 Top5 100.00
2025-12-19 07:34:51,255 - INFO  - [NUDE][TRAIN] Epoch 91/120 Iter 220/390 Loss 0.0022 Top1 99.91 Top5 100.00
2025-12-19 07:34:54,773 - INFO  - [NUDE][TRAIN] Epoch 91/120 Iter 240/390 Loss 0.0023 Top1 99.92 Top5 100.00
2025-12-19 07:34:58,186 - INFO  - [NUDE][TRAIN] Epoch 91/120 Iter 260/390 Loss 0.0024 Top1 99.92 Top5 100.00
2025-12-19 07:35:01,693 - INFO  - [NUDE][TRAIN] Epoch 91/120 Iter 280/390 Loss 0.0024 Top1 99.92 Top5 100.00
2025-12-19 07:35:05,121 - INFO  - [NUDE][TRAIN] Epoch 91/120 Iter 300/390 Loss 0.0024 Top1 99.92 Top5 100.00
2025-12-19 07:35:08,638 - INFO  - [NUDE][TRAIN] Epoch 91/120 Iter 320/390 Loss 0.0023 Top1 99.92 Top5 100.00
2025-12-19 07:35:12,061 - INFO  - [NUDE][TRAIN] Epoch 91/120 Iter 340/390 Loss 0.0024 Top1 99.92 Top5 100.00
2025-12-19 07:35:15,568 - INFO  - [NUDE][TRAIN] Epoch 91/120 Iter 360/390 Loss 0.0023 Top1 99.93 Top5 100.00
2025-12-19 07:35:19,121 - INFO  - [NUDE][TRAIN] Epoch 91/120 Iter 380/390 Loss 0.0023 Top1 99.93 Top5 100.00
2025-12-19 07:35:20,885 - INFO  - [NUDE] Validate: force max bit-width W/A = 6
2025-12-19 07:35:23,132 - INFO  - [NUDE][EPOCH] 91/120 Train: Top1=99.93 Top5=100.00 Loss=0.0023 | Val(EMA): Top1=94.16
2025-12-19 07:35:23,768 - INFO  - ([92] Epoch) Saving checkpoint to:
             Current: /root/autodl-tmp/retraining-free-quantization/training/resnet18_cifar10_nude_srqat_ls1em05/resnet18_cifar10_nude_srqat_ls1em05_checkpoint.pth.tar

2025-12-19 07:35:23,779 - INFO  - [NUDE] Epoch 92: force max bit-width W/A = 6
2025-12-19 07:35:27,550 - INFO  - [NUDE][TRAIN] Epoch 92/120 Iter 20/390 Loss 0.0017 Top1 99.96 Top5 100.00
2025-12-19 07:35:31,121 - INFO  - [NUDE][TRAIN] Epoch 92/120 Iter 40/390 Loss 0.0014 Top1 99.98 Top5 100.00
2025-12-19 07:35:34,584 - INFO  - [NUDE][TRAIN] Epoch 92/120 Iter 60/390 Loss 0.0020 Top1 99.95 Top5 100.00
2025-12-19 07:35:38,038 - INFO  - [NUDE][TRAIN] Epoch 92/120 Iter 80/390 Loss 0.0019 Top1 99.95 Top5 100.00
2025-12-19 07:35:41,500 - INFO  - [NUDE][TRAIN] Epoch 92/120 Iter 100/390 Loss 0.0018 Top1 99.96 Top5 100.00
2025-12-19 07:35:44,967 - INFO  - [NUDE][TRAIN] Epoch 92/120 Iter 120/390 Loss 0.0018 Top1 99.95 Top5 100.00
2025-12-19 07:35:48,345 - INFO  - [NUDE][TRAIN] Epoch 92/120 Iter 140/390 Loss 0.0017 Top1 99.96 Top5 100.00
2025-12-19 07:35:51,852 - INFO  - [NUDE][TRAIN] Epoch 92/120 Iter 160/390 Loss 0.0016 Top1 99.97 Top5 100.00
2025-12-19 07:35:55,286 - INFO  - [NUDE][TRAIN] Epoch 92/120 Iter 180/390 Loss 0.0016 Top1 99.97 Top5 100.00
2025-12-19 07:35:58,802 - INFO  - [NUDE][TRAIN] Epoch 92/120 Iter 200/390 Loss 0.0015 Top1 99.97 Top5 100.00
2025-12-19 07:36:02,270 - INFO  - [NUDE][TRAIN] Epoch 92/120 Iter 220/390 Loss 0.0015 Top1 99.96 Top5 100.00
2025-12-19 07:36:05,790 - INFO  - [NUDE][TRAIN] Epoch 92/120 Iter 240/390 Loss 0.0016 Top1 99.96 Top5 100.00
2025-12-19 07:36:09,241 - INFO  - [NUDE][TRAIN] Epoch 92/120 Iter 260/390 Loss 0.0017 Top1 99.96 Top5 100.00
2025-12-19 07:36:12,780 - INFO  - [NUDE][TRAIN] Epoch 92/120 Iter 280/390 Loss 0.0017 Top1 99.96 Top5 100.00
2025-12-19 07:36:16,214 - INFO  - [NUDE][TRAIN] Epoch 92/120 Iter 300/390 Loss 0.0016 Top1 99.96 Top5 100.00
2025-12-19 07:36:19,799 - INFO  - [NUDE][TRAIN] Epoch 92/120 Iter 320/390 Loss 0.0017 Top1 99.95 Top5 100.00
2025-12-19 07:36:23,219 - INFO  - [NUDE][TRAIN] Epoch 92/120 Iter 340/390 Loss 0.0018 Top1 99.94 Top5 100.00
2025-12-19 07:36:26,729 - INFO  - [NUDE][TRAIN] Epoch 92/120 Iter 360/390 Loss 0.0019 Top1 99.94 Top5 100.00
2025-12-19 07:36:30,262 - INFO  - [NUDE][TRAIN] Epoch 92/120 Iter 380/390 Loss 0.0018 Top1 99.95 Top5 100.00
2025-12-19 07:36:32,017 - INFO  - [NUDE] Validate: force max bit-width W/A = 6
2025-12-19 07:36:34,283 - INFO  - [NUDE][EPOCH] 92/120 Train: Top1=99.95 Top5=100.00 Loss=0.0018 | Val(EMA): Top1=94.15
2025-12-19 07:36:34,863 - INFO  - ([93] Epoch) Saving checkpoint to:
             Current: /root/autodl-tmp/retraining-free-quantization/training/resnet18_cifar10_nude_srqat_ls1em05/resnet18_cifar10_nude_srqat_ls1em05_checkpoint.pth.tar

2025-12-19 07:36:34,874 - INFO  - [NUDE] Epoch 93: force max bit-width W/A = 6
2025-12-19 07:36:38,634 - INFO  - [NUDE][TRAIN] Epoch 93/120 Iter 20/390 Loss 0.0028 Top1 99.84 Top5 100.00
2025-12-19 07:36:42,100 - INFO  - [NUDE][TRAIN] Epoch 93/120 Iter 40/390 Loss 0.0023 Top1 99.90 Top5 100.00
2025-12-19 07:36:45,651 - INFO  - [NUDE][TRAIN] Epoch 93/120 Iter 60/390 Loss 0.0020 Top1 99.92 Top5 100.00
2025-12-19 07:36:49,074 - INFO  - [NUDE][TRAIN] Epoch 93/120 Iter 80/390 Loss 0.0022 Top1 99.92 Top5 100.00
2025-12-19 07:36:52,634 - INFO  - [NUDE][TRAIN] Epoch 93/120 Iter 100/390 Loss 0.0020 Top1 99.94 Top5 100.00
2025-12-19 07:36:56,185 - INFO  - [NUDE][TRAIN] Epoch 93/120 Iter 120/390 Loss 0.0019 Top1 99.94 Top5 100.00
2025-12-19 07:36:59,609 - INFO  - [NUDE][TRAIN] Epoch 93/120 Iter 140/390 Loss 0.0017 Top1 99.95 Top5 100.00
2025-12-19 07:37:03,137 - INFO  - [NUDE][TRAIN] Epoch 93/120 Iter 160/390 Loss 0.0017 Top1 99.95 Top5 100.00
2025-12-19 07:37:06,560 - INFO  - [NUDE][TRAIN] Epoch 93/120 Iter 180/390 Loss 0.0016 Top1 99.95 Top5 100.00
2025-12-19 07:37:10,093 - INFO  - [NUDE][TRAIN] Epoch 93/120 Iter 200/390 Loss 0.0015 Top1 99.96 Top5 100.00
2025-12-19 07:37:13,573 - INFO  - [NUDE][TRAIN] Epoch 93/120 Iter 220/390 Loss 0.0017 Top1 99.95 Top5 100.00
2025-12-19 07:37:17,118 - INFO  - [NUDE][TRAIN] Epoch 93/120 Iter 240/390 Loss 0.0016 Top1 99.95 Top5 100.00
2025-12-19 07:37:20,533 - INFO  - [NUDE][TRAIN] Epoch 93/120 Iter 260/390 Loss 0.0016 Top1 99.95 Top5 100.00
2025-12-19 07:37:24,037 - INFO  - [NUDE][TRAIN] Epoch 93/120 Iter 280/390 Loss 0.0015 Top1 99.96 Top5 100.00
2025-12-19 07:37:27,476 - INFO  - [NUDE][TRAIN] Epoch 93/120 Iter 300/390 Loss 0.0015 Top1 99.96 Top5 100.00
2025-12-19 07:37:30,943 - INFO  - [NUDE][TRAIN] Epoch 93/120 Iter 320/390 Loss 0.0015 Top1 99.96 Top5 100.00
2025-12-19 07:37:34,306 - INFO  - [NUDE][TRAIN] Epoch 93/120 Iter 340/390 Loss 0.0015 Top1 99.96 Top5 100.00
2025-12-19 07:37:37,754 - INFO  - [NUDE][TRAIN] Epoch 93/120 Iter 360/390 Loss 0.0015 Top1 99.96 Top5 100.00
2025-12-19 07:37:41,247 - INFO  - [NUDE][TRAIN] Epoch 93/120 Iter 380/390 Loss 0.0015 Top1 99.96 Top5 100.00
2025-12-19 07:37:42,990 - INFO  - [NUDE] Validate: force max bit-width W/A = 6
2025-12-19 07:37:45,265 - INFO  - [NUDE][EPOCH] 93/120 Train: Top1=99.96 Top5=100.00 Loss=0.0015 | Val(EMA): Top1=94.09
2025-12-19 07:37:45,870 - INFO  - ([94] Epoch) Saving checkpoint to:
             Current: /root/autodl-tmp/retraining-free-quantization/training/resnet18_cifar10_nude_srqat_ls1em05/resnet18_cifar10_nude_srqat_ls1em05_checkpoint.pth.tar

2025-12-19 07:37:45,881 - INFO  - [NUDE] Epoch 94: force max bit-width W/A = 6
2025-12-19 07:37:49,726 - INFO  - [NUDE][TRAIN] Epoch 94/120 Iter 20/390 Loss 0.0023 Top1 99.92 Top5 100.00
2025-12-19 07:37:53,178 - INFO  - [NUDE][TRAIN] Epoch 94/120 Iter 40/390 Loss 0.0021 Top1 99.92 Top5 100.00
2025-12-19 07:37:56,712 - INFO  - [NUDE][TRAIN] Epoch 94/120 Iter 60/390 Loss 0.0020 Top1 99.92 Top5 100.00
2025-12-19 07:38:00,170 - INFO  - [NUDE][TRAIN] Epoch 94/120 Iter 80/390 Loss 0.0018 Top1 99.94 Top5 100.00
2025-12-19 07:38:03,688 - INFO  - [NUDE][TRAIN] Epoch 94/120 Iter 100/390 Loss 0.0016 Top1 99.95 Top5 100.00
2025-12-19 07:38:07,149 - INFO  - [NUDE][TRAIN] Epoch 94/120 Iter 120/390 Loss 0.0017 Top1 99.94 Top5 100.00
2025-12-19 07:38:10,647 - INFO  - [NUDE][TRAIN] Epoch 94/120 Iter 140/390 Loss 0.0018 Top1 99.93 Top5 100.00
2025-12-19 07:38:14,198 - INFO  - [NUDE][TRAIN] Epoch 94/120 Iter 160/390 Loss 0.0018 Top1 99.94 Top5 100.00
2025-12-19 07:38:17,618 - INFO  - [NUDE][TRAIN] Epoch 94/120 Iter 180/390 Loss 0.0018 Top1 99.94 Top5 100.00
2025-12-19 07:38:21,145 - INFO  - [NUDE][TRAIN] Epoch 94/120 Iter 200/390 Loss 0.0017 Top1 99.95 Top5 100.00
2025-12-19 07:38:24,611 - INFO  - [NUDE][TRAIN] Epoch 94/120 Iter 220/390 Loss 0.0016 Top1 99.95 Top5 100.00
2025-12-19 07:38:28,155 - INFO  - [NUDE][TRAIN] Epoch 94/120 Iter 240/390 Loss 0.0015 Top1 99.95 Top5 100.00
2025-12-19 07:38:31,600 - INFO  - [NUDE][TRAIN] Epoch 94/120 Iter 260/390 Loss 0.0016 Top1 99.95 Top5 100.00
2025-12-19 07:38:35,212 - INFO  - [NUDE][TRAIN] Epoch 94/120 Iter 280/390 Loss 0.0016 Top1 99.95 Top5 100.00
2025-12-19 07:38:38,646 - INFO  - [NUDE][TRAIN] Epoch 94/120 Iter 300/390 Loss 0.0016 Top1 99.95 Top5 100.00
2025-12-19 07:38:42,200 - INFO  - [NUDE][TRAIN] Epoch 94/120 Iter 320/390 Loss 0.0016 Top1 99.95 Top5 100.00
2025-12-19 07:38:45,653 - INFO  - [NUDE][TRAIN] Epoch 94/120 Iter 340/390 Loss 0.0015 Top1 99.95 Top5 100.00
2025-12-19 07:38:49,172 - INFO  - [NUDE][TRAIN] Epoch 94/120 Iter 360/390 Loss 0.0015 Top1 99.95 Top5 100.00
2025-12-19 07:38:52,696 - INFO  - [NUDE][TRAIN] Epoch 94/120 Iter 380/390 Loss 0.0015 Top1 99.95 Top5 100.00
2025-12-19 07:38:54,463 - INFO  - [NUDE] Validate: force max bit-width W/A = 6
2025-12-19 07:38:56,759 - INFO  - [NUDE][EPOCH] 94/120 Train: Top1=99.95 Top5=100.00 Loss=0.0015 | Val(EMA): Top1=94.04
2025-12-19 07:38:57,337 - INFO  - ([95] Epoch) Saving checkpoint to:
             Current: /root/autodl-tmp/retraining-free-quantization/training/resnet18_cifar10_nude_srqat_ls1em05/resnet18_cifar10_nude_srqat_ls1em05_checkpoint.pth.tar

2025-12-19 07:38:57,348 - INFO  - [NUDE] Epoch 95: force max bit-width W/A = 6
2025-12-19 07:39:01,183 - INFO  - [NUDE][TRAIN] Epoch 95/120 Iter 20/390 Loss 0.0025 Top1 99.92 Top5 100.00
2025-12-19 07:39:04,644 - INFO  - [NUDE][TRAIN] Epoch 95/120 Iter 40/390 Loss 0.0018 Top1 99.94 Top5 100.00
2025-12-19 07:39:08,260 - INFO  - [NUDE][TRAIN] Epoch 95/120 Iter 60/390 Loss 0.0015 Top1 99.95 Top5 100.00
2025-12-19 07:39:11,712 - INFO  - [NUDE][TRAIN] Epoch 95/120 Iter 80/390 Loss 0.0013 Top1 99.96 Top5 100.00
2025-12-19 07:39:15,337 - INFO  - [NUDE][TRAIN] Epoch 95/120 Iter 100/390 Loss 0.0012 Top1 99.97 Top5 100.00
2025-12-19 07:39:18,750 - INFO  - [NUDE][TRAIN] Epoch 95/120 Iter 120/390 Loss 0.0011 Top1 99.97 Top5 100.00
2025-12-19 07:39:22,236 - INFO  - [NUDE][TRAIN] Epoch 95/120 Iter 140/390 Loss 0.0011 Top1 99.98 Top5 100.00
2025-12-19 07:39:25,712 - INFO  - [NUDE][TRAIN] Epoch 95/120 Iter 160/390 Loss 0.0011 Top1 99.98 Top5 100.00
2025-12-19 07:39:29,103 - INFO  - [NUDE][TRAIN] Epoch 95/120 Iter 180/390 Loss 0.0011 Top1 99.98 Top5 100.00
2025-12-19 07:39:32,621 - INFO  - [NUDE][TRAIN] Epoch 95/120 Iter 200/390 Loss 0.0011 Top1 99.98 Top5 100.00
2025-12-19 07:39:36,092 - INFO  - [NUDE][TRAIN] Epoch 95/120 Iter 220/390 Loss 0.0012 Top1 99.97 Top5 100.00
2025-12-19 07:39:39,606 - INFO  - [NUDE][TRAIN] Epoch 95/120 Iter 240/390 Loss 0.0012 Top1 99.97 Top5 100.00
2025-12-19 07:39:43,020 - INFO  - [NUDE][TRAIN] Epoch 95/120 Iter 260/390 Loss 0.0012 Top1 99.97 Top5 100.00
2025-12-19 07:39:46,567 - INFO  - [NUDE][TRAIN] Epoch 95/120 Iter 280/390 Loss 0.0011 Top1 99.97 Top5 100.00
2025-12-19 07:39:50,014 - INFO  - [NUDE][TRAIN] Epoch 95/120 Iter 300/390 Loss 0.0012 Top1 99.97 Top5 100.00
2025-12-19 07:39:53,542 - INFO  - [NUDE][TRAIN] Epoch 95/120 Iter 320/390 Loss 0.0012 Top1 99.97 Top5 100.00
2025-12-19 07:39:56,992 - INFO  - [NUDE][TRAIN] Epoch 95/120 Iter 340/390 Loss 0.0012 Top1 99.97 Top5 100.00
2025-12-19 07:40:00,529 - INFO  - [NUDE][TRAIN] Epoch 95/120 Iter 360/390 Loss 0.0011 Top1 99.97 Top5 100.00
2025-12-19 07:40:04,048 - INFO  - [NUDE][TRAIN] Epoch 95/120 Iter 380/390 Loss 0.0011 Top1 99.97 Top5 100.00
2025-12-19 07:40:05,797 - INFO  - [NUDE] Validate: force max bit-width W/A = 6
2025-12-19 07:40:08,055 - INFO  - [NUDE][EPOCH] 95/120 Train: Top1=99.97 Top5=100.00 Loss=0.0012 | Val(EMA): Top1=93.97
2025-12-19 07:40:08,521 - INFO  - ([96] Epoch) Saving checkpoint to:
             Current: /root/autodl-tmp/retraining-free-quantization/training/resnet18_cifar10_nude_srqat_ls1em05/resnet18_cifar10_nude_srqat_ls1em05_checkpoint.pth.tar

2025-12-19 07:40:08,530 - INFO  - [NUDE] Epoch 96: force max bit-width W/A = 6
2025-12-19 07:40:12,338 - INFO  - [NUDE][TRAIN] Epoch 96/120 Iter 20/390 Loss 0.0031 Top1 99.92 Top5 100.00
2025-12-19 07:40:15,907 - INFO  - [NUDE][TRAIN] Epoch 96/120 Iter 40/390 Loss 0.0025 Top1 99.94 Top5 100.00
2025-12-19 07:40:19,358 - INFO  - [NUDE][TRAIN] Epoch 96/120 Iter 60/390 Loss 0.0029 Top1 99.92 Top5 100.00
2025-12-19 07:40:22,826 - INFO  - [NUDE][TRAIN] Epoch 96/120 Iter 80/390 Loss 0.0027 Top1 99.92 Top5 100.00
2025-12-19 07:40:26,392 - INFO  - [NUDE][TRAIN] Epoch 96/120 Iter 100/390 Loss 0.0024 Top1 99.93 Top5 100.00
2025-12-19 07:40:29,940 - INFO  - [NUDE][TRAIN] Epoch 96/120 Iter 120/390 Loss 0.0022 Top1 99.93 Top5 100.00
2025-12-19 07:40:33,398 - INFO  - [NUDE][TRAIN] Epoch 96/120 Iter 140/390 Loss 0.0021 Top1 99.94 Top5 100.00
2025-12-19 07:40:36,908 - INFO  - [NUDE][TRAIN] Epoch 96/120 Iter 160/390 Loss 0.0021 Top1 99.94 Top5 100.00
2025-12-19 07:40:40,344 - INFO  - [NUDE][TRAIN] Epoch 96/120 Iter 180/390 Loss 0.0020 Top1 99.94 Top5 100.00
2025-12-19 07:40:43,923 - INFO  - [NUDE][TRAIN] Epoch 96/120 Iter 200/390 Loss 0.0019 Top1 99.94 Top5 100.00
2025-12-19 07:40:47,437 - INFO  - [NUDE][TRAIN] Epoch 96/120 Iter 220/390 Loss 0.0018 Top1 99.95 Top5 100.00
2025-12-19 07:40:51,023 - INFO  - [NUDE][TRAIN] Epoch 96/120 Iter 240/390 Loss 0.0019 Top1 99.94 Top5 100.00
2025-12-19 07:40:54,491 - INFO  - [NUDE][TRAIN] Epoch 96/120 Iter 260/390 Loss 0.0018 Top1 99.94 Top5 100.00
2025-12-19 07:40:58,025 - INFO  - [NUDE][TRAIN] Epoch 96/120 Iter 280/390 Loss 0.0018 Top1 99.94 Top5 100.00
2025-12-19 07:41:01,474 - INFO  - [NUDE][TRAIN] Epoch 96/120 Iter 300/390 Loss 0.0018 Top1 99.95 Top5 100.00
2025-12-19 07:41:05,060 - INFO  - [NUDE][TRAIN] Epoch 96/120 Iter 320/390 Loss 0.0018 Top1 99.95 Top5 100.00
2025-12-19 07:41:08,475 - INFO  - [NUDE][TRAIN] Epoch 96/120 Iter 340/390 Loss 0.0017 Top1 99.95 Top5 100.00
2025-12-19 07:41:11,945 - INFO  - [NUDE][TRAIN] Epoch 96/120 Iter 360/390 Loss 0.0016 Top1 99.95 Top5 100.00
2025-12-19 07:41:15,407 - INFO  - [NUDE][TRAIN] Epoch 96/120 Iter 380/390 Loss 0.0016 Top1 99.95 Top5 100.00
2025-12-19 07:41:17,138 - INFO  - [NUDE] Validate: force max bit-width W/A = 6
2025-12-19 07:41:19,406 - INFO  - [NUDE][EPOCH] 96/120 Train: Top1=99.95 Top5=100.00 Loss=0.0016 | Val(EMA): Top1=93.97
2025-12-19 07:41:20,052 - INFO  - ([97] Epoch) Saving checkpoint to:
             Current: /root/autodl-tmp/retraining-free-quantization/training/resnet18_cifar10_nude_srqat_ls1em05/resnet18_cifar10_nude_srqat_ls1em05_checkpoint.pth.tar

2025-12-19 07:41:20,063 - INFO  - [NUDE] Epoch 97: force max bit-width W/A = 6
2025-12-19 07:41:23,879 - INFO  - [NUDE][TRAIN] Epoch 97/120 Iter 20/390 Loss 0.0018 Top1 99.92 Top5 100.00
2025-12-19 07:41:27,322 - INFO  - [NUDE][TRAIN] Epoch 97/120 Iter 40/390 Loss 0.0011 Top1 99.96 Top5 100.00
2025-12-19 07:41:30,847 - INFO  - [NUDE][TRAIN] Epoch 97/120 Iter 60/390 Loss 0.0009 Top1 99.97 Top5 100.00
2025-12-19 07:41:34,274 - INFO  - [NUDE][TRAIN] Epoch 97/120 Iter 80/390 Loss 0.0010 Top1 99.97 Top5 100.00
2025-12-19 07:41:37,839 - INFO  - [NUDE][TRAIN] Epoch 97/120 Iter 100/390 Loss 0.0010 Top1 99.97 Top5 100.00
2025-12-19 07:41:41,393 - INFO  - [NUDE][TRAIN] Epoch 97/120 Iter 120/390 Loss 0.0010 Top1 99.97 Top5 100.00
2025-12-19 07:41:44,836 - INFO  - [NUDE][TRAIN] Epoch 97/120 Iter 140/390 Loss 0.0011 Top1 99.96 Top5 100.00
2025-12-19 07:41:48,342 - INFO  - [NUDE][TRAIN] Epoch 97/120 Iter 160/390 Loss 0.0011 Top1 99.96 Top5 100.00
2025-12-19 07:41:51,797 - INFO  - [NUDE][TRAIN] Epoch 97/120 Iter 180/390 Loss 0.0011 Top1 99.97 Top5 100.00
2025-12-19 07:41:55,384 - INFO  - [NUDE][TRAIN] Epoch 97/120 Iter 200/390 Loss 0.0011 Top1 99.97 Top5 100.00
2025-12-19 07:41:58,811 - INFO  - [NUDE][TRAIN] Epoch 97/120 Iter 220/390 Loss 0.0011 Top1 99.97 Top5 100.00
2025-12-19 07:42:02,344 - INFO  - [NUDE][TRAIN] Epoch 97/120 Iter 240/390 Loss 0.0011 Top1 99.97 Top5 100.00
2025-12-19 07:42:05,776 - INFO  - [NUDE][TRAIN] Epoch 97/120 Iter 260/390 Loss 0.0012 Top1 99.97 Top5 100.00
2025-12-19 07:42:09,335 - INFO  - [NUDE][TRAIN] Epoch 97/120 Iter 280/390 Loss 0.0013 Top1 99.97 Top5 100.00
2025-12-19 07:42:12,811 - INFO  - [NUDE][TRAIN] Epoch 97/120 Iter 300/390 Loss 0.0013 Top1 99.96 Top5 100.00
2025-12-19 07:42:16,346 - INFO  - [NUDE][TRAIN] Epoch 97/120 Iter 320/390 Loss 0.0013 Top1 99.96 Top5 100.00
2025-12-19 07:42:19,789 - INFO  - [NUDE][TRAIN] Epoch 97/120 Iter 340/390 Loss 0.0013 Top1 99.96 Top5 100.00
2025-12-19 07:42:23,313 - INFO  - [NUDE][TRAIN] Epoch 97/120 Iter 360/390 Loss 0.0012 Top1 99.97 Top5 100.00
2025-12-19 07:42:26,910 - INFO  - [NUDE][TRAIN] Epoch 97/120 Iter 380/390 Loss 0.0012 Top1 99.97 Top5 100.00
2025-12-19 07:42:28,668 - INFO  - [NUDE] Validate: force max bit-width W/A = 6
2025-12-19 07:42:30,953 - INFO  - [NUDE][EPOCH] 97/120 Train: Top1=99.97 Top5=100.00 Loss=0.0012 | Val(EMA): Top1=93.96
2025-12-19 07:42:31,528 - INFO  - ([98] Epoch) Saving checkpoint to:
             Current: /root/autodl-tmp/retraining-free-quantization/training/resnet18_cifar10_nude_srqat_ls1em05/resnet18_cifar10_nude_srqat_ls1em05_checkpoint.pth.tar

2025-12-19 07:42:31,539 - INFO  - [NUDE] Epoch 98: force max bit-width W/A = 6
2025-12-19 07:42:35,359 - INFO  - [NUDE][TRAIN] Epoch 98/120 Iter 20/390 Loss 0.0011 Top1 99.92 Top5 100.00
2025-12-19 07:42:38,809 - INFO  - [NUDE][TRAIN] Epoch 98/120 Iter 40/390 Loss 0.0015 Top1 99.94 Top5 100.00
2025-12-19 07:42:42,385 - INFO  - [NUDE][TRAIN] Epoch 98/120 Iter 60/390 Loss 0.0011 Top1 99.96 Top5 100.00
2025-12-19 07:42:45,828 - INFO  - [NUDE][TRAIN] Epoch 98/120 Iter 80/390 Loss 0.0011 Top1 99.96 Top5 100.00
2025-12-19 07:42:49,359 - INFO  - [NUDE][TRAIN] Epoch 98/120 Iter 100/390 Loss 0.0011 Top1 99.95 Top5 100.00
2025-12-19 07:42:52,806 - INFO  - [NUDE][TRAIN] Epoch 98/120 Iter 120/390 Loss 0.0010 Top1 99.96 Top5 100.00
2025-12-19 07:42:56,322 - INFO  - [NUDE][TRAIN] Epoch 98/120 Iter 140/390 Loss 0.0010 Top1 99.97 Top5 100.00
2025-12-19 07:42:59,828 - INFO  - [NUDE][TRAIN] Epoch 98/120 Iter 160/390 Loss 0.0011 Top1 99.97 Top5 100.00
2025-12-19 07:43:03,215 - INFO  - [NUDE][TRAIN] Epoch 98/120 Iter 180/390 Loss 0.0011 Top1 99.97 Top5 100.00
2025-12-19 07:43:06,686 - INFO  - [NUDE][TRAIN] Epoch 98/120 Iter 200/390 Loss 0.0014 Top1 99.96 Top5 100.00
2025-12-19 07:43:10,174 - INFO  - [NUDE][TRAIN] Epoch 98/120 Iter 220/390 Loss 0.0013 Top1 99.96 Top5 100.00
2025-12-19 07:43:13,697 - INFO  - [NUDE][TRAIN] Epoch 98/120 Iter 240/390 Loss 0.0013 Top1 99.96 Top5 100.00
2025-12-19 07:43:17,152 - INFO  - [NUDE][TRAIN] Epoch 98/120 Iter 260/390 Loss 0.0013 Top1 99.96 Top5 100.00
2025-12-19 07:43:20,682 - INFO  - [NUDE][TRAIN] Epoch 98/120 Iter 280/390 Loss 0.0012 Top1 99.96 Top5 100.00
2025-12-19 07:43:24,133 - INFO  - [NUDE][TRAIN] Epoch 98/120 Iter 300/390 Loss 0.0012 Top1 99.96 Top5 100.00
2025-12-19 07:43:27,708 - INFO  - [NUDE][TRAIN] Epoch 98/120 Iter 320/390 Loss 0.0012 Top1 99.96 Top5 100.00
2025-12-19 07:43:31,219 - INFO  - [NUDE][TRAIN] Epoch 98/120 Iter 340/390 Loss 0.0012 Top1 99.97 Top5 100.00
2025-12-19 07:43:34,742 - INFO  - [NUDE][TRAIN] Epoch 98/120 Iter 360/390 Loss 0.0012 Top1 99.97 Top5 100.00
2025-12-19 07:43:38,246 - INFO  - [NUDE][TRAIN] Epoch 98/120 Iter 380/390 Loss 0.0011 Top1 99.97 Top5 100.00
2025-12-19 07:43:40,017 - INFO  - [NUDE] Validate: force max bit-width W/A = 6
2025-12-19 07:43:42,274 - INFO  - [NUDE][EPOCH] 98/120 Train: Top1=99.97 Top5=100.00 Loss=0.0011 | Val(EMA): Top1=94.08
2025-12-19 07:43:42,857 - INFO  - ([99] Epoch) Saving checkpoint to:
             Current: /root/autodl-tmp/retraining-free-quantization/training/resnet18_cifar10_nude_srqat_ls1em05/resnet18_cifar10_nude_srqat_ls1em05_checkpoint.pth.tar

2025-12-19 07:43:42,867 - INFO  - [NUDE] Epoch 99: force max bit-width W/A = 6
2025-12-19 07:43:46,654 - INFO  - [NUDE][TRAIN] Epoch 99/120 Iter 20/390 Loss 0.0005 Top1 100.00 Top5 100.00
2025-12-19 07:43:50,118 - INFO  - [NUDE][TRAIN] Epoch 99/120 Iter 40/390 Loss 0.0010 Top1 99.98 Top5 100.00
2025-12-19 07:43:53,671 - INFO  - [NUDE][TRAIN] Epoch 99/120 Iter 60/390 Loss 0.0009 Top1 99.99 Top5 100.00
2025-12-19 07:43:57,104 - INFO  - [NUDE][TRAIN] Epoch 99/120 Iter 80/390 Loss 0.0009 Top1 99.98 Top5 100.00
2025-12-19 07:44:00,647 - INFO  - [NUDE][TRAIN] Epoch 99/120 Iter 100/390 Loss 0.0008 Top1 99.98 Top5 100.00
2025-12-19 07:44:04,142 - INFO  - [NUDE][TRAIN] Epoch 99/120 Iter 120/390 Loss 0.0011 Top1 99.98 Top5 100.00
2025-12-19 07:44:07,754 - INFO  - [NUDE][TRAIN] Epoch 99/120 Iter 140/390 Loss 0.0010 Top1 99.98 Top5 100.00
2025-12-19 07:44:11,364 - INFO  - [NUDE][TRAIN] Epoch 99/120 Iter 160/390 Loss 0.0010 Top1 99.98 Top5 100.00
2025-12-19 07:44:14,797 - INFO  - [NUDE][TRAIN] Epoch 99/120 Iter 180/390 Loss 0.0010 Top1 99.97 Top5 100.00
2025-12-19 07:44:18,343 - INFO  - [NUDE][TRAIN] Epoch 99/120 Iter 200/390 Loss 0.0011 Top1 99.97 Top5 100.00
2025-12-19 07:44:21,875 - INFO  - [NUDE][TRAIN] Epoch 99/120 Iter 220/390 Loss 0.0011 Top1 99.97 Top5 100.00
2025-12-19 07:44:25,405 - INFO  - [NUDE][TRAIN] Epoch 99/120 Iter 240/390 Loss 0.0011 Top1 99.96 Top5 100.00
2025-12-19 07:44:28,843 - INFO  - [NUDE][TRAIN] Epoch 99/120 Iter 260/390 Loss 0.0011 Top1 99.97 Top5 100.00
2025-12-19 07:44:32,399 - INFO  - [NUDE][TRAIN] Epoch 99/120 Iter 280/390 Loss 0.0011 Top1 99.97 Top5 100.00
2025-12-19 07:44:35,840 - INFO  - [NUDE][TRAIN] Epoch 99/120 Iter 300/390 Loss 0.0011 Top1 99.97 Top5 100.00
2025-12-19 07:44:39,375 - INFO  - [NUDE][TRAIN] Epoch 99/120 Iter 320/390 Loss 0.0011 Top1 99.97 Top5 100.00
2025-12-19 07:44:42,812 - INFO  - [NUDE][TRAIN] Epoch 99/120 Iter 340/390 Loss 0.0011 Top1 99.97 Top5 100.00
2025-12-19 07:44:46,328 - INFO  - [NUDE][TRAIN] Epoch 99/120 Iter 360/390 Loss 0.0011 Top1 99.97 Top5 100.00
2025-12-19 07:44:49,813 - INFO  - [NUDE][TRAIN] Epoch 99/120 Iter 380/390 Loss 0.0011 Top1 99.97 Top5 100.00
2025-12-19 07:44:51,559 - INFO  - [NUDE] Validate: force max bit-width W/A = 6
2025-12-19 07:44:53,780 - INFO  - [NUDE][EPOCH] 99/120 Train: Top1=99.97 Top5=100.00 Loss=0.0011 | Val(EMA): Top1=94.03
2025-12-19 07:44:54,369 - INFO  - ([100] Epoch) Saving checkpoint to:
             Current: /root/autodl-tmp/retraining-free-quantization/training/resnet18_cifar10_nude_srqat_ls1em05/resnet18_cifar10_nude_srqat_ls1em05_checkpoint.pth.tar

2025-12-19 07:44:54,380 - INFO  - [NUDE] Epoch 100: force max bit-width W/A = 6
2025-12-19 07:44:58,160 - INFO  - [NUDE][TRAIN] Epoch 100/120 Iter 20/390 Loss 0.0003 Top1 100.00 Top5 100.00
2025-12-19 07:45:01,683 - INFO  - [NUDE][TRAIN] Epoch 100/120 Iter 40/390 Loss 0.0004 Top1 100.00 Top5 100.00
2025-12-19 07:45:05,150 - INFO  - [NUDE][TRAIN] Epoch 100/120 Iter 60/390 Loss 0.0004 Top1 100.00 Top5 100.00
2025-12-19 07:45:08,637 - INFO  - [NUDE][TRAIN] Epoch 100/120 Iter 80/390 Loss 0.0004 Top1 100.00 Top5 100.00
2025-12-19 07:45:12,190 - INFO  - [NUDE][TRAIN] Epoch 100/120 Iter 100/390 Loss 0.0005 Top1 100.00 Top5 100.00
2025-12-19 07:45:15,738 - INFO  - [NUDE][TRAIN] Epoch 100/120 Iter 120/390 Loss 0.0005 Top1 100.00 Top5 100.00
2025-12-19 07:45:19,182 - INFO  - [NUDE][TRAIN] Epoch 100/120 Iter 140/390 Loss 0.0005 Top1 99.99 Top5 100.00
2025-12-19 07:45:22,715 - INFO  - [NUDE][TRAIN] Epoch 100/120 Iter 160/390 Loss 0.0005 Top1 100.00 Top5 100.00
2025-12-19 07:45:26,185 - INFO  - [NUDE][TRAIN] Epoch 100/120 Iter 180/390 Loss 0.0005 Top1 100.00 Top5 100.00
2025-12-19 07:45:29,729 - INFO  - [NUDE][TRAIN] Epoch 100/120 Iter 200/390 Loss 0.0005 Top1 100.00 Top5 100.00
2025-12-19 07:45:33,169 - INFO  - [NUDE][TRAIN] Epoch 100/120 Iter 220/390 Loss 0.0005 Top1 100.00 Top5 100.00
2025-12-19 07:45:36,709 - INFO  - [NUDE][TRAIN] Epoch 100/120 Iter 240/390 Loss 0.0005 Top1 100.00 Top5 100.00
2025-12-19 07:45:40,277 - INFO  - [NUDE][TRAIN] Epoch 100/120 Iter 260/390 Loss 0.0006 Top1 99.99 Top5 100.00
2025-12-19 07:45:43,805 - INFO  - [NUDE][TRAIN] Epoch 100/120 Iter 280/390 Loss 0.0006 Top1 99.99 Top5 100.00
2025-12-19 07:45:47,261 - INFO  - [NUDE][TRAIN] Epoch 100/120 Iter 300/390 Loss 0.0006 Top1 99.99 Top5 100.00
2025-12-19 07:45:50,850 - INFO  - [NUDE][TRAIN] Epoch 100/120 Iter 320/390 Loss 0.0006 Top1 99.99 Top5 100.00
2025-12-19 07:45:54,325 - INFO  - [NUDE][TRAIN] Epoch 100/120 Iter 340/390 Loss 0.0007 Top1 99.99 Top5 100.00
2025-12-19 07:45:57,909 - INFO  - [NUDE][TRAIN] Epoch 100/120 Iter 360/390 Loss 0.0006 Top1 99.99 Top5 100.00
2025-12-19 07:46:01,481 - INFO  - [NUDE][TRAIN] Epoch 100/120 Iter 380/390 Loss 0.0006 Top1 99.99 Top5 100.00
2025-12-19 07:46:03,252 - INFO  - [NUDE] Validate: force max bit-width W/A = 6
2025-12-19 07:46:05,513 - INFO  - [NUDE][EPOCH] 100/120 Train: Top1=99.99 Top5=100.00 Loss=0.0006 | Val(EMA): Top1=93.99
2025-12-19 07:46:06,173 - INFO  - ([101] Epoch) Saving checkpoint to:
             Current: /root/autodl-tmp/retraining-free-quantization/training/resnet18_cifar10_nude_srqat_ls1em05/resnet18_cifar10_nude_srqat_ls1em05_checkpoint.pth.tar

2025-12-19 07:46:06,184 - INFO  - [NUDE] Epoch 101: force max bit-width W/A = 6
2025-12-19 07:46:09,975 - INFO  - [NUDE][TRAIN] Epoch 101/120 Iter 20/390 Loss 0.0004 Top1 100.00 Top5 100.00
2025-12-19 07:46:13,427 - INFO  - [NUDE][TRAIN] Epoch 101/120 Iter 40/390 Loss 0.0011 Top1 99.96 Top5 100.00
2025-12-19 07:46:17,022 - INFO  - [NUDE][TRAIN] Epoch 101/120 Iter 60/390 Loss 0.0010 Top1 99.96 Top5 100.00
2025-12-19 07:46:20,506 - INFO  - [NUDE][TRAIN] Epoch 101/120 Iter 80/390 Loss 0.0010 Top1 99.97 Top5 100.00
2025-12-19 07:46:24,059 - INFO  - [NUDE][TRAIN] Epoch 101/120 Iter 100/390 Loss 0.0011 Top1 99.97 Top5 100.00
2025-12-19 07:46:27,616 - INFO  - [NUDE][TRAIN] Epoch 101/120 Iter 120/390 Loss 0.0009 Top1 99.97 Top5 100.00
2025-12-19 07:46:31,057 - INFO  - [NUDE][TRAIN] Epoch 101/120 Iter 140/390 Loss 0.0009 Top1 99.98 Top5 100.00
2025-12-19 07:46:34,599 - INFO  - [NUDE][TRAIN] Epoch 101/120 Iter 160/390 Loss 0.0008 Top1 99.98 Top5 100.00
2025-12-19 07:46:37,991 - INFO  - [NUDE][TRAIN] Epoch 101/120 Iter 180/390 Loss 0.0008 Top1 99.98 Top5 100.00
2025-12-19 07:46:41,484 - INFO  - [NUDE][TRAIN] Epoch 101/120 Iter 200/390 Loss 0.0007 Top1 99.98 Top5 100.00
2025-12-19 07:46:44,888 - INFO  - [NUDE][TRAIN] Epoch 101/120 Iter 220/390 Loss 0.0008 Top1 99.98 Top5 100.00
2025-12-19 07:46:48,414 - INFO  - [NUDE][TRAIN] Epoch 101/120 Iter 240/390 Loss 0.0008 Top1 99.98 Top5 100.00
2025-12-19 07:46:51,880 - INFO  - [NUDE][TRAIN] Epoch 101/120 Iter 260/390 Loss 0.0007 Top1 99.98 Top5 100.00
2025-12-19 07:46:55,444 - INFO  - [NUDE][TRAIN] Epoch 101/120 Iter 280/390 Loss 0.0007 Top1 99.98 Top5 100.00
2025-12-19 07:46:58,913 - INFO  - [NUDE][TRAIN] Epoch 101/120 Iter 300/390 Loss 0.0007 Top1 99.98 Top5 100.00
2025-12-19 07:47:02,509 - INFO  - [NUDE][TRAIN] Epoch 101/120 Iter 320/390 Loss 0.0007 Top1 99.99 Top5 100.00
2025-12-19 07:47:06,013 - INFO  - [NUDE][TRAIN] Epoch 101/120 Iter 340/390 Loss 0.0007 Top1 99.98 Top5 100.00
2025-12-19 07:47:09,597 - INFO  - [NUDE][TRAIN] Epoch 101/120 Iter 360/390 Loss 0.0007 Top1 99.98 Top5 100.00
2025-12-19 07:47:13,151 - INFO  - [NUDE][TRAIN] Epoch 101/120 Iter 380/390 Loss 0.0007 Top1 99.98 Top5 100.00
2025-12-19 07:47:14,964 - INFO  - [NUDE] Validate: force max bit-width W/A = 6
2025-12-19 07:47:17,202 - INFO  - [NUDE][EPOCH] 101/120 Train: Top1=99.98 Top5=100.00 Loss=0.0007 | Val(EMA): Top1=94.03
2025-12-19 07:47:17,779 - INFO  - ([102] Epoch) Saving checkpoint to:
             Current: /root/autodl-tmp/retraining-free-quantization/training/resnet18_cifar10_nude_srqat_ls1em05/resnet18_cifar10_nude_srqat_ls1em05_checkpoint.pth.tar

2025-12-19 07:47:17,790 - INFO  - [NUDE] Epoch 102: force max bit-width W/A = 6
2025-12-19 07:47:21,597 - INFO  - [NUDE][TRAIN] Epoch 102/120 Iter 20/390 Loss 0.0003 Top1 100.00 Top5 100.00
2025-12-19 07:47:25,048 - INFO  - [NUDE][TRAIN] Epoch 102/120 Iter 40/390 Loss 0.0005 Top1 100.00 Top5 100.00
2025-12-19 07:47:28,579 - INFO  - [NUDE][TRAIN] Epoch 102/120 Iter 60/390 Loss 0.0006 Top1 99.99 Top5 100.00
2025-12-19 07:47:32,020 - INFO  - [NUDE][TRAIN] Epoch 102/120 Iter 80/390 Loss 0.0006 Top1 99.99 Top5 100.00
2025-12-19 07:47:35,566 - INFO  - [NUDE][TRAIN] Epoch 102/120 Iter 100/390 Loss 0.0005 Top1 99.99 Top5 100.00
2025-12-19 07:47:39,064 - INFO  - [NUDE][TRAIN] Epoch 102/120 Iter 120/390 Loss 0.0004 Top1 99.99 Top5 100.00
2025-12-19 07:47:42,650 - INFO  - [NUDE][TRAIN] Epoch 102/120 Iter 140/390 Loss 0.0005 Top1 99.99 Top5 100.00
2025-12-19 07:47:46,221 - INFO  - [NUDE][TRAIN] Epoch 102/120 Iter 160/390 Loss 0.0004 Top1 100.00 Top5 100.00
2025-12-19 07:47:49,655 - INFO  - [NUDE][TRAIN] Epoch 102/120 Iter 180/390 Loss 0.0011 Top1 99.98 Top5 100.00
2025-12-19 07:47:53,172 - INFO  - [NUDE][TRAIN] Epoch 102/120 Iter 200/390 Loss 0.0010 Top1 99.98 Top5 100.00
2025-12-19 07:47:56,616 - INFO  - [NUDE][TRAIN] Epoch 102/120 Iter 220/390 Loss 0.0010 Top1 99.99 Top5 100.00
2025-12-19 07:48:00,195 - INFO  - [NUDE][TRAIN] Epoch 102/120 Iter 240/390 Loss 0.0009 Top1 99.99 Top5 100.00
2025-12-19 07:48:03,631 - INFO  - [NUDE][TRAIN] Epoch 102/120 Iter 260/390 Loss 0.0009 Top1 99.98 Top5 100.00
2025-12-19 07:48:07,229 - INFO  - [NUDE][TRAIN] Epoch 102/120 Iter 280/390 Loss 0.0009 Top1 99.98 Top5 100.00
2025-12-19 07:48:10,792 - INFO  - [NUDE][TRAIN] Epoch 102/120 Iter 300/390 Loss 0.0009 Top1 99.98 Top5 100.00
2025-12-19 07:48:14,360 - INFO  - [NUDE][TRAIN] Epoch 102/120 Iter 320/390 Loss 0.0009 Top1 99.98 Top5 100.00
2025-12-19 07:48:17,806 - INFO  - [NUDE][TRAIN] Epoch 102/120 Iter 340/390 Loss 0.0009 Top1 99.98 Top5 100.00
2025-12-19 07:48:21,363 - INFO  - [NUDE][TRAIN] Epoch 102/120 Iter 360/390 Loss 0.0009 Top1 99.98 Top5 100.00
2025-12-19 07:48:24,915 - INFO  - [NUDE][TRAIN] Epoch 102/120 Iter 380/390 Loss 0.0008 Top1 99.99 Top5 100.00
2025-12-19 07:48:26,643 - INFO  - [NUDE] Validate: force max bit-width W/A = 6
2025-12-19 07:48:28,874 - INFO  - [NUDE][EPOCH] 102/120 Train: Top1=99.99 Top5=100.00 Loss=0.0008 | Val(EMA): Top1=94.00
2025-12-19 07:48:29,429 - INFO  - ([103] Epoch) Saving checkpoint to:
             Current: /root/autodl-tmp/retraining-free-quantization/training/resnet18_cifar10_nude_srqat_ls1em05/resnet18_cifar10_nude_srqat_ls1em05_checkpoint.pth.tar

2025-12-19 07:48:29,440 - INFO  - [NUDE] Epoch 103: force max bit-width W/A = 6
2025-12-19 07:48:33,139 - INFO  - [NUDE][TRAIN] Epoch 103/120 Iter 20/390 Loss 0.0008 Top1 100.00 Top5 100.00
2025-12-19 07:48:36,546 - INFO  - [NUDE][TRAIN] Epoch 103/120 Iter 40/390 Loss 0.0009 Top1 99.98 Top5 100.00
2025-12-19 07:48:40,062 - INFO  - [NUDE][TRAIN] Epoch 103/120 Iter 60/390 Loss 0.0008 Top1 99.99 Top5 100.00
2025-12-19 07:48:43,537 - INFO  - [NUDE][TRAIN] Epoch 103/120 Iter 80/390 Loss 0.0008 Top1 99.99 Top5 100.00
2025-12-19 07:48:47,165 - INFO  - [NUDE][TRAIN] Epoch 103/120 Iter 100/390 Loss 0.0007 Top1 99.99 Top5 100.00
2025-12-19 07:48:50,620 - INFO  - [NUDE][TRAIN] Epoch 103/120 Iter 120/390 Loss 0.0006 Top1 99.99 Top5 100.00
2025-12-19 07:48:54,232 - INFO  - [NUDE][TRAIN] Epoch 103/120 Iter 140/390 Loss 0.0006 Top1 99.99 Top5 100.00
2025-12-19 07:48:57,760 - INFO  - [NUDE][TRAIN] Epoch 103/120 Iter 160/390 Loss 0.0006 Top1 99.99 Top5 100.00
2025-12-19 07:49:01,217 - INFO  - [NUDE][TRAIN] Epoch 103/120 Iter 180/390 Loss 0.0006 Top1 99.99 Top5 100.00
2025-12-19 07:49:04,740 - INFO  - [NUDE][TRAIN] Epoch 103/120 Iter 200/390 Loss 0.0006 Top1 99.99 Top5 100.00
2025-12-19 07:49:08,174 - INFO  - [NUDE][TRAIN] Epoch 103/120 Iter 220/390 Loss 0.0006 Top1 99.99 Top5 100.00
2025-12-19 07:49:11,724 - INFO  - [NUDE][TRAIN] Epoch 103/120 Iter 240/390 Loss 0.0006 Top1 99.99 Top5 100.00
2025-12-19 07:49:15,198 - INFO  - [NUDE][TRAIN] Epoch 103/120 Iter 260/390 Loss 0.0005 Top1 99.99 Top5 100.00
2025-12-19 07:49:18,762 - INFO  - [NUDE][TRAIN] Epoch 103/120 Iter 280/390 Loss 0.0005 Top1 99.99 Top5 100.00
2025-12-19 07:49:22,258 - INFO  - [NUDE][TRAIN] Epoch 103/120 Iter 300/390 Loss 0.0005 Top1 99.99 Top5 100.00
2025-12-19 07:49:25,818 - INFO  - [NUDE][TRAIN] Epoch 103/120 Iter 320/390 Loss 0.0005 Top1 99.99 Top5 100.00
2025-12-19 07:49:29,293 - INFO  - [NUDE][TRAIN] Epoch 103/120 Iter 340/390 Loss 0.0005 Top1 99.99 Top5 100.00
2025-12-19 07:49:32,863 - INFO  - [NUDE][TRAIN] Epoch 103/120 Iter 360/390 Loss 0.0005 Top1 99.99 Top5 100.00
2025-12-19 07:49:36,435 - INFO  - [NUDE][TRAIN] Epoch 103/120 Iter 380/390 Loss 0.0005 Top1 99.99 Top5 100.00
2025-12-19 07:49:38,218 - INFO  - [NUDE] Validate: force max bit-width W/A = 6
2025-12-19 07:49:40,517 - INFO  - [NUDE][EPOCH] 103/120 Train: Top1=99.99 Top5=100.00 Loss=0.0005 | Val(EMA): Top1=94.08
2025-12-19 07:49:41,128 - INFO  - ([104] Epoch) Saving checkpoint to:
             Current: /root/autodl-tmp/retraining-free-quantization/training/resnet18_cifar10_nude_srqat_ls1em05/resnet18_cifar10_nude_srqat_ls1em05_checkpoint.pth.tar

2025-12-19 07:49:41,139 - INFO  - [NUDE] Epoch 104: force max bit-width W/A = 6
2025-12-19 07:49:44,898 - INFO  - [NUDE][TRAIN] Epoch 104/120 Iter 20/390 Loss 0.0006 Top1 100.00 Top5 100.00
2025-12-19 07:49:48,425 - INFO  - [NUDE][TRAIN] Epoch 104/120 Iter 40/390 Loss 0.0006 Top1 100.00 Top5 100.00
2025-12-19 07:49:51,873 - INFO  - [NUDE][TRAIN] Epoch 104/120 Iter 60/390 Loss 0.0009 Top1 99.99 Top5 100.00
2025-12-19 07:49:55,353 - INFO  - [NUDE][TRAIN] Epoch 104/120 Iter 80/390 Loss 0.0007 Top1 99.99 Top5 100.00
2025-12-19 07:49:58,870 - INFO  - [NUDE][TRAIN] Epoch 104/120 Iter 100/390 Loss 0.0007 Top1 99.99 Top5 100.00
2025-12-19 07:50:02,407 - INFO  - [NUDE][TRAIN] Epoch 104/120 Iter 120/390 Loss 0.0007 Top1 99.99 Top5 100.00
2025-12-19 07:50:05,874 - INFO  - [NUDE][TRAIN] Epoch 104/120 Iter 140/390 Loss 0.0008 Top1 99.99 Top5 100.00
2025-12-19 07:50:09,416 - INFO  - [NUDE][TRAIN] Epoch 104/120 Iter 160/390 Loss 0.0007 Top1 99.99 Top5 100.00
2025-12-19 07:50:12,844 - INFO  - [NUDE][TRAIN] Epoch 104/120 Iter 180/390 Loss 0.0007 Top1 99.99 Top5 100.00
2025-12-19 07:50:16,322 - INFO  - [NUDE][TRAIN] Epoch 104/120 Iter 200/390 Loss 0.0007 Top1 99.99 Top5 100.00
2025-12-19 07:50:19,703 - INFO  - [NUDE][TRAIN] Epoch 104/120 Iter 220/390 Loss 0.0007 Top1 99.99 Top5 100.00
2025-12-19 07:50:23,180 - INFO  - [NUDE][TRAIN] Epoch 104/120 Iter 240/390 Loss 0.0007 Top1 99.99 Top5 100.00
2025-12-19 07:50:26,592 - INFO  - [NUDE][TRAIN] Epoch 104/120 Iter 260/390 Loss 0.0007 Top1 99.99 Top5 100.00
2025-12-19 07:50:30,120 - INFO  - [NUDE][TRAIN] Epoch 104/120 Iter 280/390 Loss 0.0007 Top1 99.99 Top5 100.00
2025-12-19 07:50:33,576 - INFO  - [NUDE][TRAIN] Epoch 104/120 Iter 300/390 Loss 0.0007 Top1 99.99 Top5 100.00
2025-12-19 07:50:37,109 - INFO  - [NUDE][TRAIN] Epoch 104/120 Iter 320/390 Loss 0.0007 Top1 99.98 Top5 100.00
2025-12-19 07:50:40,536 - INFO  - [NUDE][TRAIN] Epoch 104/120 Iter 340/390 Loss 0.0007 Top1 99.98 Top5 100.00
2025-12-19 07:50:44,053 - INFO  - [NUDE][TRAIN] Epoch 104/120 Iter 360/390 Loss 0.0006 Top1 99.98 Top5 100.00
2025-12-19 07:50:47,559 - INFO  - [NUDE][TRAIN] Epoch 104/120 Iter 380/390 Loss 0.0006 Top1 99.99 Top5 100.00
2025-12-19 07:50:49,332 - INFO  - [NUDE] Validate: force max bit-width W/A = 6
2025-12-19 07:50:51,581 - INFO  - [NUDE][EPOCH] 104/120 Train: Top1=99.98 Top5=100.00 Loss=0.0007 | Val(EMA): Top1=94.05
2025-12-19 07:50:52,158 - INFO  - ([105] Epoch) Saving checkpoint to:
             Current: /root/autodl-tmp/retraining-free-quantization/training/resnet18_cifar10_nude_srqat_ls1em05/resnet18_cifar10_nude_srqat_ls1em05_checkpoint.pth.tar

2025-12-19 07:50:52,169 - INFO  - [NUDE] Epoch 105: force max bit-width W/A = 6
2025-12-19 07:50:55,943 - INFO  - [NUDE][TRAIN] Epoch 105/120 Iter 20/390 Loss 0.0004 Top1 100.00 Top5 100.00
2025-12-19 07:50:59,405 - INFO  - [NUDE][TRAIN] Epoch 105/120 Iter 40/390 Loss 0.0004 Top1 100.00 Top5 100.00
2025-12-19 07:51:02,926 - INFO  - [NUDE][TRAIN] Epoch 105/120 Iter 60/390 Loss 0.0004 Top1 100.00 Top5 100.00
2025-12-19 07:51:06,409 - INFO  - [NUDE][TRAIN] Epoch 105/120 Iter 80/390 Loss 0.0003 Top1 100.00 Top5 100.00
2025-12-19 07:51:09,970 - INFO  - [NUDE][TRAIN] Epoch 105/120 Iter 100/390 Loss 0.0003 Top1 100.00 Top5 100.00
2025-12-19 07:51:13,541 - INFO  - [NUDE][TRAIN] Epoch 105/120 Iter 120/390 Loss 0.0004 Top1 100.00 Top5 100.00
2025-12-19 07:51:16,975 - INFO  - [NUDE][TRAIN] Epoch 105/120 Iter 140/390 Loss 0.0004 Top1 100.00 Top5 100.00
2025-12-19 07:51:20,523 - INFO  - [NUDE][TRAIN] Epoch 105/120 Iter 160/390 Loss 0.0004 Top1 100.00 Top5 100.00
2025-12-19 07:51:23,937 - INFO  - [NUDE][TRAIN] Epoch 105/120 Iter 180/390 Loss 0.0004 Top1 100.00 Top5 100.00
2025-12-19 07:51:27,459 - INFO  - [NUDE][TRAIN] Epoch 105/120 Iter 200/390 Loss 0.0003 Top1 100.00 Top5 100.00
2025-12-19 07:51:30,885 - INFO  - [NUDE][TRAIN] Epoch 105/120 Iter 220/390 Loss 0.0004 Top1 100.00 Top5 100.00
2025-12-19 07:51:34,444 - INFO  - [NUDE][TRAIN] Epoch 105/120 Iter 240/390 Loss 0.0004 Top1 100.00 Top5 100.00
2025-12-19 07:51:37,918 - INFO  - [NUDE][TRAIN] Epoch 105/120 Iter 260/390 Loss 0.0004 Top1 99.99 Top5 100.00
2025-12-19 07:51:41,509 - INFO  - [NUDE][TRAIN] Epoch 105/120 Iter 280/390 Loss 0.0006 Top1 99.99 Top5 100.00
2025-12-19 07:51:45,055 - INFO  - [NUDE][TRAIN] Epoch 105/120 Iter 300/390 Loss 0.0006 Top1 99.99 Top5 100.00
2025-12-19 07:51:48,598 - INFO  - [NUDE][TRAIN] Epoch 105/120 Iter 320/390 Loss 0.0006 Top1 99.99 Top5 100.00
2025-12-19 07:51:52,018 - INFO  - [NUDE][TRAIN] Epoch 105/120 Iter 340/390 Loss 0.0006 Top1 99.99 Top5 100.00
2025-12-19 07:51:55,558 - INFO  - [NUDE][TRAIN] Epoch 105/120 Iter 360/390 Loss 0.0006 Top1 99.99 Top5 100.00
2025-12-19 07:51:59,094 - INFO  - [NUDE][TRAIN] Epoch 105/120 Iter 380/390 Loss 0.0005 Top1 99.99 Top5 100.00
2025-12-19 07:52:00,852 - INFO  - [NUDE] Validate: force max bit-width W/A = 6
2025-12-19 07:52:03,083 - INFO  - [NUDE][EPOCH] 105/120 Train: Top1=99.99 Top5=100.00 Loss=0.0006 | Val(EMA): Top1=94.08
2025-12-19 07:52:03,646 - INFO  - ([106] Epoch) Saving checkpoint to:
             Current: /root/autodl-tmp/retraining-free-quantization/training/resnet18_cifar10_nude_srqat_ls1em05/resnet18_cifar10_nude_srqat_ls1em05_checkpoint.pth.tar

2025-12-19 07:52:03,657 - INFO  - [NUDE] Epoch 106: force max bit-width W/A = 6
2025-12-19 07:52:07,341 - INFO  - [NUDE][TRAIN] Epoch 106/120 Iter 20/390 Loss 0.0004 Top1 100.00 Top5 100.00
2025-12-19 07:52:10,710 - INFO  - [NUDE][TRAIN] Epoch 106/120 Iter 40/390 Loss 0.0003 Top1 100.00 Top5 100.00
2025-12-19 07:52:14,235 - INFO  - [NUDE][TRAIN] Epoch 106/120 Iter 60/390 Loss 0.0005 Top1 100.00 Top5 100.00
2025-12-19 07:52:17,654 - INFO  - [NUDE][TRAIN] Epoch 106/120 Iter 80/390 Loss 0.0006 Top1 99.99 Top5 100.00
2025-12-19 07:52:21,184 - INFO  - [NUDE][TRAIN] Epoch 106/120 Iter 100/390 Loss 0.0005 Top1 99.99 Top5 100.00
2025-12-19 07:52:24,630 - INFO  - [NUDE][TRAIN] Epoch 106/120 Iter 120/390 Loss 0.0005 Top1 99.99 Top5 100.00
2025-12-19 07:52:28,190 - INFO  - [NUDE][TRAIN] Epoch 106/120 Iter 140/390 Loss 0.0005 Top1 99.99 Top5 100.00
2025-12-19 07:52:31,725 - INFO  - [NUDE][TRAIN] Epoch 106/120 Iter 160/390 Loss 0.0004 Top1 100.00 Top5 100.00
2025-12-19 07:52:35,146 - INFO  - [NUDE][TRAIN] Epoch 106/120 Iter 180/390 Loss 0.0005 Top1 100.00 Top5 100.00
2025-12-19 07:52:38,677 - INFO  - [NUDE][TRAIN] Epoch 106/120 Iter 200/390 Loss 0.0004 Top1 100.00 Top5 100.00
2025-12-19 07:52:42,170 - INFO  - [NUDE][TRAIN] Epoch 106/120 Iter 220/390 Loss 0.0004 Top1 100.00 Top5 100.00
2025-12-19 07:52:45,706 - INFO  - [NUDE][TRAIN] Epoch 106/120 Iter 240/390 Loss 0.0004 Top1 99.99 Top5 100.00
2025-12-19 07:52:49,124 - INFO  - [NUDE][TRAIN] Epoch 106/120 Iter 260/390 Loss 0.0004 Top1 99.99 Top5 100.00
2025-12-19 07:52:52,667 - INFO  - [NUDE][TRAIN] Epoch 106/120 Iter 280/390 Loss 0.0004 Top1 99.99 Top5 100.00
2025-12-19 07:52:56,118 - INFO  - [NUDE][TRAIN] Epoch 106/120 Iter 300/390 Loss 0.0005 Top1 99.99 Top5 100.00
2025-12-19 07:52:59,642 - INFO  - [NUDE][TRAIN] Epoch 106/120 Iter 320/390 Loss 0.0005 Top1 99.99 Top5 100.00
2025-12-19 07:53:03,070 - INFO  - [NUDE][TRAIN] Epoch 106/120 Iter 340/390 Loss 0.0004 Top1 99.99 Top5 100.00
2025-12-19 07:53:06,616 - INFO  - [NUDE][TRAIN] Epoch 106/120 Iter 360/390 Loss 0.0004 Top1 99.99 Top5 100.00
2025-12-19 07:53:10,160 - INFO  - [NUDE][TRAIN] Epoch 106/120 Iter 380/390 Loss 0.0005 Top1 99.99 Top5 100.00
2025-12-19 07:53:11,945 - INFO  - [NUDE] Validate: force max bit-width W/A = 6
2025-12-19 07:53:14,220 - INFO  - [NUDE][EPOCH] 106/120 Train: Top1=99.99 Top5=100.00 Loss=0.0005 | Val(EMA): Top1=94.03
2025-12-19 07:53:14,721 - INFO  - ([107] Epoch) Saving checkpoint to:
             Current: /root/autodl-tmp/retraining-free-quantization/training/resnet18_cifar10_nude_srqat_ls1em05/resnet18_cifar10_nude_srqat_ls1em05_checkpoint.pth.tar

2025-12-19 07:53:14,731 - INFO  - [NUDE] Epoch 107: force max bit-width W/A = 6
2025-12-19 07:53:18,473 - INFO  - [NUDE][TRAIN] Epoch 107/120 Iter 20/390 Loss 0.0005 Top1 100.00 Top5 100.00
2025-12-19 07:53:21,885 - INFO  - [NUDE][TRAIN] Epoch 107/120 Iter 40/390 Loss 0.0005 Top1 100.00 Top5 100.00
2025-12-19 07:53:25,407 - INFO  - [NUDE][TRAIN] Epoch 107/120 Iter 60/390 Loss 0.0005 Top1 100.00 Top5 100.00
2025-12-19 07:53:28,839 - INFO  - [NUDE][TRAIN] Epoch 107/120 Iter 80/390 Loss 0.0005 Top1 100.00 Top5 100.00
2025-12-19 07:53:32,360 - INFO  - [NUDE][TRAIN] Epoch 107/120 Iter 100/390 Loss 0.0005 Top1 100.00 Top5 100.00
2025-12-19 07:53:35,787 - INFO  - [NUDE][TRAIN] Epoch 107/120 Iter 120/390 Loss 0.0004 Top1 100.00 Top5 100.00
2025-12-19 07:53:39,319 - INFO  - [NUDE][TRAIN] Epoch 107/120 Iter 140/390 Loss 0.0004 Top1 100.00 Top5 100.00
2025-12-19 07:53:42,876 - INFO  - [NUDE][TRAIN] Epoch 107/120 Iter 160/390 Loss 0.0004 Top1 100.00 Top5 100.00
2025-12-19 07:53:46,295 - INFO  - [NUDE][TRAIN] Epoch 107/120 Iter 180/390 Loss 0.0005 Top1 100.00 Top5 100.00
2025-12-19 07:53:49,823 - INFO  - [NUDE][TRAIN] Epoch 107/120 Iter 200/390 Loss 0.0005 Top1 100.00 Top5 100.00
2025-12-19 07:53:53,219 - INFO  - [NUDE][TRAIN] Epoch 107/120 Iter 220/390 Loss 0.0005 Top1 99.99 Top5 100.00
2025-12-19 07:53:56,681 - INFO  - [NUDE][TRAIN] Epoch 107/120 Iter 240/390 Loss 0.0005 Top1 99.99 Top5 100.00
2025-12-19 07:54:00,047 - INFO  - [NUDE][TRAIN] Epoch 107/120 Iter 260/390 Loss 0.0005 Top1 99.99 Top5 100.00
2025-12-19 07:54:03,531 - INFO  - [NUDE][TRAIN] Epoch 107/120 Iter 280/390 Loss 0.0005 Top1 99.99 Top5 100.00
2025-12-19 07:54:07,056 - INFO  - [NUDE][TRAIN] Epoch 107/120 Iter 300/390 Loss 0.0006 Top1 99.99 Top5 100.00
2025-12-19 07:54:10,600 - INFO  - [NUDE][TRAIN] Epoch 107/120 Iter 320/390 Loss 0.0006 Top1 99.99 Top5 100.00
2025-12-19 07:54:14,019 - INFO  - [NUDE][TRAIN] Epoch 107/120 Iter 340/390 Loss 0.0006 Top1 99.99 Top5 100.00
2025-12-19 07:54:17,557 - INFO  - [NUDE][TRAIN] Epoch 107/120 Iter 360/390 Loss 0.0006 Top1 99.99 Top5 100.00
2025-12-19 07:54:21,141 - INFO  - [NUDE][TRAIN] Epoch 107/120 Iter 380/390 Loss 0.0006 Top1 99.99 Top5 100.00
2025-12-19 07:54:22,886 - INFO  - [NUDE] Validate: force max bit-width W/A = 6
2025-12-19 07:54:25,153 - INFO  - [NUDE][EPOCH] 107/120 Train: Top1=99.99 Top5=100.00 Loss=0.0006 | Val(EMA): Top1=94.08
2025-12-19 07:54:25,726 - INFO  - ([108] Epoch) Saving checkpoint to:
             Current: /root/autodl-tmp/retraining-free-quantization/training/resnet18_cifar10_nude_srqat_ls1em05/resnet18_cifar10_nude_srqat_ls1em05_checkpoint.pth.tar

2025-12-19 07:54:25,736 - INFO  - [NUDE] Epoch 108: force max bit-width W/A = 6
2025-12-19 07:54:29,536 - INFO  - [NUDE][TRAIN] Epoch 108/120 Iter 20/390 Loss 0.0003 Top1 100.00 Top5 100.00
2025-12-19 07:54:33,059 - INFO  - [NUDE][TRAIN] Epoch 108/120 Iter 40/390 Loss 0.0010 Top1 99.98 Top5 100.00
2025-12-19 07:54:36,503 - INFO  - [NUDE][TRAIN] Epoch 108/120 Iter 60/390 Loss 0.0007 Top1 99.99 Top5 100.00
2025-12-19 07:54:39,927 - INFO  - [NUDE][TRAIN] Epoch 108/120 Iter 80/390 Loss 0.0006 Top1 99.99 Top5 100.00
2025-12-19 07:54:43,485 - INFO  - [NUDE][TRAIN] Epoch 108/120 Iter 100/390 Loss 0.0005 Top1 99.99 Top5 100.00
2025-12-19 07:54:46,997 - INFO  - [NUDE][TRAIN] Epoch 108/120 Iter 120/390 Loss 0.0005 Top1 99.99 Top5 100.00
2025-12-19 07:54:50,520 - INFO  - [NUDE][TRAIN] Epoch 108/120 Iter 140/390 Loss 0.0005 Top1 99.99 Top5 100.00
2025-12-19 07:54:54,037 - INFO  - [NUDE][TRAIN] Epoch 108/120 Iter 160/390 Loss 0.0006 Top1 99.99 Top5 100.00
2025-12-19 07:54:57,488 - INFO  - [NUDE][TRAIN] Epoch 108/120 Iter 180/390 Loss 0.0006 Top1 99.99 Top5 100.00
2025-12-19 07:55:01,015 - INFO  - [NUDE][TRAIN] Epoch 108/120 Iter 200/390 Loss 0.0005 Top1 99.99 Top5 100.00
2025-12-19 07:55:04,527 - INFO  - [NUDE][TRAIN] Epoch 108/120 Iter 220/390 Loss 0.0006 Top1 99.99 Top5 100.00
2025-12-19 07:55:08,054 - INFO  - [NUDE][TRAIN] Epoch 108/120 Iter 240/390 Loss 0.0006 Top1 99.99 Top5 100.00
2025-12-19 07:55:11,515 - INFO  - [NUDE][TRAIN] Epoch 108/120 Iter 260/390 Loss 0.0006 Top1 99.99 Top5 100.00
2025-12-19 07:55:15,017 - INFO  - [NUDE][TRAIN] Epoch 108/120 Iter 280/390 Loss 0.0006 Top1 99.99 Top5 100.00
2025-12-19 07:55:18,463 - INFO  - [NUDE][TRAIN] Epoch 108/120 Iter 300/390 Loss 0.0006 Top1 99.99 Top5 100.00
2025-12-19 07:55:21,997 - INFO  - [NUDE][TRAIN] Epoch 108/120 Iter 320/390 Loss 0.0006 Top1 99.99 Top5 100.00
2025-12-19 07:55:25,430 - INFO  - [NUDE][TRAIN] Epoch 108/120 Iter 340/390 Loss 0.0005 Top1 99.99 Top5 100.00
2025-12-19 07:55:28,983 - INFO  - [NUDE][TRAIN] Epoch 108/120 Iter 360/390 Loss 0.0005 Top1 99.99 Top5 100.00
2025-12-19 07:55:32,501 - INFO  - [NUDE][TRAIN] Epoch 108/120 Iter 380/390 Loss 0.0005 Top1 99.99 Top5 100.00
2025-12-19 07:55:34,263 - INFO  - [NUDE] Validate: force max bit-width W/A = 6
2025-12-19 07:55:36,518 - INFO  - [NUDE][EPOCH] 108/120 Train: Top1=99.99 Top5=100.00 Loss=0.0005 | Val(EMA): Top1=94.02
2025-12-19 07:55:37,204 - INFO  - ([109] Epoch) Saving checkpoint to:
             Current: /root/autodl-tmp/retraining-free-quantization/training/resnet18_cifar10_nude_srqat_ls1em05/resnet18_cifar10_nude_srqat_ls1em05_checkpoint.pth.tar

2025-12-19 07:55:37,218 - INFO  - [NUDE] Epoch 109: force max bit-width W/A = 6
2025-12-19 07:55:41,001 - INFO  - [NUDE][TRAIN] Epoch 109/120 Iter 20/390 Loss 0.0003 Top1 100.00 Top5 100.00
2025-12-19 07:55:44,382 - INFO  - [NUDE][TRAIN] Epoch 109/120 Iter 40/390 Loss 0.0003 Top1 100.00 Top5 100.00
2025-12-19 07:55:47,835 - INFO  - [NUDE][TRAIN] Epoch 109/120 Iter 60/390 Loss 0.0003 Top1 100.00 Top5 100.00
2025-12-19 07:55:51,196 - INFO  - [NUDE][TRAIN] Epoch 109/120 Iter 80/390 Loss 0.0004 Top1 99.99 Top5 100.00
2025-12-19 07:55:54,673 - INFO  - [NUDE][TRAIN] Epoch 109/120 Iter 100/390 Loss 0.0004 Top1 99.99 Top5 100.00
2025-12-19 07:55:58,224 - INFO  - [NUDE][TRAIN] Epoch 109/120 Iter 120/390 Loss 0.0004 Top1 99.99 Top5 100.00
2025-12-19 07:56:01,660 - INFO  - [NUDE][TRAIN] Epoch 109/120 Iter 140/390 Loss 0.0004 Top1 99.99 Top5 100.00
2025-12-19 07:56:05,190 - INFO  - [NUDE][TRAIN] Epoch 109/120 Iter 160/390 Loss 0.0004 Top1 100.00 Top5 100.00
2025-12-19 07:56:08,614 - INFO  - [NUDE][TRAIN] Epoch 109/120 Iter 180/390 Loss 0.0004 Top1 99.99 Top5 100.00
2025-12-19 07:56:12,119 - INFO  - [NUDE][TRAIN] Epoch 109/120 Iter 200/390 Loss 0.0004 Top1 99.99 Top5 100.00
2025-12-19 07:56:15,607 - INFO  - [NUDE][TRAIN] Epoch 109/120 Iter 220/390 Loss 0.0004 Top1 99.99 Top5 100.00
2025-12-19 07:56:19,131 - INFO  - [NUDE][TRAIN] Epoch 109/120 Iter 240/390 Loss 0.0004 Top1 99.99 Top5 100.00
2025-12-19 07:56:22,605 - INFO  - [NUDE][TRAIN] Epoch 109/120 Iter 260/390 Loss 0.0004 Top1 99.99 Top5 100.00
2025-12-19 07:56:26,133 - INFO  - [NUDE][TRAIN] Epoch 109/120 Iter 280/390 Loss 0.0004 Top1 99.99 Top5 100.00
2025-12-19 07:56:29,588 - INFO  - [NUDE][TRAIN] Epoch 109/120 Iter 300/390 Loss 0.0004 Top1 99.99 Top5 100.00
2025-12-19 07:56:33,149 - INFO  - [NUDE][TRAIN] Epoch 109/120 Iter 320/390 Loss 0.0004 Top1 99.99 Top5 100.00
2025-12-19 07:56:36,596 - INFO  - [NUDE][TRAIN] Epoch 109/120 Iter 340/390 Loss 0.0004 Top1 99.99 Top5 100.00
2025-12-19 07:56:40,107 - INFO  - [NUDE][TRAIN] Epoch 109/120 Iter 360/390 Loss 0.0004 Top1 99.99 Top5 100.00
2025-12-19 07:56:43,629 - INFO  - [NUDE][TRAIN] Epoch 109/120 Iter 380/390 Loss 0.0004 Top1 99.99 Top5 100.00
2025-12-19 07:56:45,438 - INFO  - [NUDE] Validate: force max bit-width W/A = 6
2025-12-19 07:56:47,694 - INFO  - [NUDE][EPOCH] 109/120 Train: Top1=99.99 Top5=100.00 Loss=0.0004 | Val(EMA): Top1=94.01
2025-12-19 07:56:48,450 - INFO  - ([110] Epoch) Saving checkpoint to:
             Current: /root/autodl-tmp/retraining-free-quantization/training/resnet18_cifar10_nude_srqat_ls1em05/resnet18_cifar10_nude_srqat_ls1em05_checkpoint.pth.tar

2025-12-19 07:56:48,461 - INFO  - [NUDE] Epoch 110: force max bit-width W/A = 6
2025-12-19 07:56:52,253 - INFO  - [NUDE][TRAIN] Epoch 110/120 Iter 20/390 Loss 0.0004 Top1 100.00 Top5 100.00
2025-12-19 07:56:55,695 - INFO  - [NUDE][TRAIN] Epoch 110/120 Iter 40/390 Loss 0.0003 Top1 100.00 Top5 100.00
2025-12-19 07:56:59,313 - INFO  - [NUDE][TRAIN] Epoch 110/120 Iter 60/390 Loss 0.0004 Top1 99.99 Top5 100.00
2025-12-19 07:57:02,792 - INFO  - [NUDE][TRAIN] Epoch 110/120 Iter 80/390 Loss 0.0004 Top1 99.99 Top5 100.00
2025-12-19 07:57:06,323 - INFO  - [NUDE][TRAIN] Epoch 110/120 Iter 100/390 Loss 0.0004 Top1 99.99 Top5 100.00
2025-12-19 07:57:09,760 - INFO  - [NUDE][TRAIN] Epoch 110/120 Iter 120/390 Loss 0.0005 Top1 99.98 Top5 100.00
2025-12-19 07:57:13,340 - INFO  - [NUDE][TRAIN] Epoch 110/120 Iter 140/390 Loss 0.0005 Top1 99.98 Top5 100.00
2025-12-19 07:57:16,860 - INFO  - [NUDE][TRAIN] Epoch 110/120 Iter 160/390 Loss 0.0004 Top1 99.99 Top5 100.00
2025-12-19 07:57:20,302 - INFO  - [NUDE][TRAIN] Epoch 110/120 Iter 180/390 Loss 0.0004 Top1 99.99 Top5 100.00
2025-12-19 07:57:23,860 - INFO  - [NUDE][TRAIN] Epoch 110/120 Iter 200/390 Loss 0.0004 Top1 99.99 Top5 100.00
2025-12-19 07:57:27,284 - INFO  - [NUDE][TRAIN] Epoch 110/120 Iter 220/390 Loss 0.0004 Top1 99.99 Top5 100.00
2025-12-19 07:57:30,793 - INFO  - [NUDE][TRAIN] Epoch 110/120 Iter 240/390 Loss 0.0004 Top1 99.99 Top5 100.00
2025-12-19 07:57:34,182 - INFO  - [NUDE][TRAIN] Epoch 110/120 Iter 260/390 Loss 0.0004 Top1 99.99 Top5 100.00
2025-12-19 07:57:37,673 - INFO  - [NUDE][TRAIN] Epoch 110/120 Iter 280/390 Loss 0.0004 Top1 99.99 Top5 100.00
2025-12-19 07:57:41,065 - INFO  - [NUDE][TRAIN] Epoch 110/120 Iter 300/390 Loss 0.0004 Top1 99.99 Top5 100.00
2025-12-19 07:57:44,594 - INFO  - [NUDE][TRAIN] Epoch 110/120 Iter 320/390 Loss 0.0004 Top1 99.99 Top5 100.00
2025-12-19 07:57:48,081 - INFO  - [NUDE][TRAIN] Epoch 110/120 Iter 340/390 Loss 0.0004 Top1 99.99 Top5 100.00
2025-12-19 07:57:51,652 - INFO  - [NUDE][TRAIN] Epoch 110/120 Iter 360/390 Loss 0.0004 Top1 99.99 Top5 100.00
2025-12-19 07:57:55,161 - INFO  - [NUDE][TRAIN] Epoch 110/120 Iter 380/390 Loss 0.0004 Top1 99.99 Top5 100.00
2025-12-19 07:57:56,908 - INFO  - [NUDE] Validate: force max bit-width W/A = 6
2025-12-19 07:57:59,173 - INFO  - [NUDE][EPOCH] 110/120 Train: Top1=99.99 Top5=100.00 Loss=0.0004 | Val(EMA): Top1=93.98
2025-12-19 07:57:59,847 - INFO  - ([111] Epoch) Saving checkpoint to:
             Current: /root/autodl-tmp/retraining-free-quantization/training/resnet18_cifar10_nude_srqat_ls1em05/resnet18_cifar10_nude_srqat_ls1em05_checkpoint.pth.tar

2025-12-19 07:57:59,857 - INFO  - [NUDE] Epoch 111: force max bit-width W/A = 6
2025-12-19 07:58:03,630 - INFO  - [NUDE][TRAIN] Epoch 111/120 Iter 20/390 Loss 0.0005 Top1 100.00 Top5 100.00
2025-12-19 07:58:07,071 - INFO  - [NUDE][TRAIN] Epoch 111/120 Iter 40/390 Loss 0.0004 Top1 100.00 Top5 100.00
2025-12-19 07:58:10,620 - INFO  - [NUDE][TRAIN] Epoch 111/120 Iter 60/390 Loss 0.0003 Top1 100.00 Top5 100.00
2025-12-19 07:58:14,104 - INFO  - [NUDE][TRAIN] Epoch 111/120 Iter 80/390 Loss 0.0003 Top1 100.00 Top5 100.00
2025-12-19 07:58:17,663 - INFO  - [NUDE][TRAIN] Epoch 111/120 Iter 100/390 Loss 0.0005 Top1 99.99 Top5 100.00
2025-12-19 07:58:21,117 - INFO  - [NUDE][TRAIN] Epoch 111/120 Iter 120/390 Loss 0.0005 Top1 99.99 Top5 100.00
2025-12-19 07:58:24,667 - INFO  - [NUDE][TRAIN] Epoch 111/120 Iter 140/390 Loss 0.0004 Top1 99.99 Top5 100.00
2025-12-19 07:58:28,191 - INFO  - [NUDE][TRAIN] Epoch 111/120 Iter 160/390 Loss 0.0004 Top1 100.00 Top5 100.00
2025-12-19 07:58:31,633 - INFO  - [NUDE][TRAIN] Epoch 111/120 Iter 180/390 Loss 0.0004 Top1 100.00 Top5 100.00
2025-12-19 07:58:35,161 - INFO  - [NUDE][TRAIN] Epoch 111/120 Iter 200/390 Loss 0.0004 Top1 100.00 Top5 100.00
2025-12-19 07:58:38,576 - INFO  - [NUDE][TRAIN] Epoch 111/120 Iter 220/390 Loss 0.0004 Top1 100.00 Top5 100.00
2025-12-19 07:58:42,097 - INFO  - [NUDE][TRAIN] Epoch 111/120 Iter 240/390 Loss 0.0005 Top1 99.99 Top5 100.00
2025-12-19 07:58:45,556 - INFO  - [NUDE][TRAIN] Epoch 111/120 Iter 260/390 Loss 0.0004 Top1 99.99 Top5 100.00
2025-12-19 07:58:49,086 - INFO  - [NUDE][TRAIN] Epoch 111/120 Iter 280/390 Loss 0.0004 Top1 99.99 Top5 100.00
2025-12-19 07:58:52,520 - INFO  - [NUDE][TRAIN] Epoch 111/120 Iter 300/390 Loss 0.0004 Top1 99.99 Top5 100.00
2025-12-19 07:58:56,064 - INFO  - [NUDE][TRAIN] Epoch 111/120 Iter 320/390 Loss 0.0004 Top1 100.00 Top5 100.00
2025-12-19 07:58:59,502 - INFO  - [NUDE][TRAIN] Epoch 111/120 Iter 340/390 Loss 0.0004 Top1 100.00 Top5 100.00
2025-12-19 07:59:03,045 - INFO  - [NUDE][TRAIN] Epoch 111/120 Iter 360/390 Loss 0.0005 Top1 99.99 Top5 100.00
2025-12-19 07:59:06,590 - INFO  - [NUDE][TRAIN] Epoch 111/120 Iter 380/390 Loss 0.0005 Top1 99.99 Top5 100.00
2025-12-19 07:59:08,348 - INFO  - [NUDE] Validate: force max bit-width W/A = 6
2025-12-19 07:59:10,592 - INFO  - [NUDE][EPOCH] 111/120 Train: Top1=99.99 Top5=100.00 Loss=0.0005 | Val(EMA): Top1=93.96
2025-12-19 07:59:11,204 - INFO  - ([112] Epoch) Saving checkpoint to:
             Current: /root/autodl-tmp/retraining-free-quantization/training/resnet18_cifar10_nude_srqat_ls1em05/resnet18_cifar10_nude_srqat_ls1em05_checkpoint.pth.tar

2025-12-19 07:59:11,215 - INFO  - [NUDE] Epoch 112: force max bit-width W/A = 6
2025-12-19 07:59:14,977 - INFO  - [NUDE][TRAIN] Epoch 112/120 Iter 20/390 Loss 0.0004 Top1 100.00 Top5 100.00
2025-12-19 07:59:18,544 - INFO  - [NUDE][TRAIN] Epoch 112/120 Iter 40/390 Loss 0.0003 Top1 100.00 Top5 100.00
2025-12-19 07:59:21,924 - INFO  - [NUDE][TRAIN] Epoch 112/120 Iter 60/390 Loss 0.0004 Top1 100.00 Top5 100.00
2025-12-19 07:59:25,340 - INFO  - [NUDE][TRAIN] Epoch 112/120 Iter 80/390 Loss 0.0004 Top1 99.99 Top5 100.00
2025-12-19 07:59:28,833 - INFO  - [NUDE][TRAIN] Epoch 112/120 Iter 100/390 Loss 0.0004 Top1 99.99 Top5 100.00
2025-12-19 07:59:32,383 - INFO  - [NUDE][TRAIN] Epoch 112/120 Iter 120/390 Loss 0.0004 Top1 99.99 Top5 100.00
2025-12-19 07:59:35,808 - INFO  - [NUDE][TRAIN] Epoch 112/120 Iter 140/390 Loss 0.0003 Top1 99.99 Top5 100.00
2025-12-19 07:59:39,314 - INFO  - [NUDE][TRAIN] Epoch 112/120 Iter 160/390 Loss 0.0005 Top1 99.99 Top5 100.00
2025-12-19 07:59:42,748 - INFO  - [NUDE][TRAIN] Epoch 112/120 Iter 180/390 Loss 0.0005 Top1 99.99 Top5 100.00
2025-12-19 07:59:46,314 - INFO  - [NUDE][TRAIN] Epoch 112/120 Iter 200/390 Loss 0.0005 Top1 99.99 Top5 100.00
2025-12-19 07:59:49,761 - INFO  - [NUDE][TRAIN] Epoch 112/120 Iter 220/390 Loss 0.0005 Top1 99.99 Top5 100.00
2025-12-19 07:59:53,282 - INFO  - [NUDE][TRAIN] Epoch 112/120 Iter 240/390 Loss 0.0004 Top1 99.99 Top5 100.00
2025-12-19 07:59:56,697 - INFO  - [NUDE][TRAIN] Epoch 112/120 Iter 260/390 Loss 0.0004 Top1 99.99 Top5 100.00
2025-12-19 08:00:00,264 - INFO  - [NUDE][TRAIN] Epoch 112/120 Iter 280/390 Loss 0.0004 Top1 99.99 Top5 100.00
2025-12-19 08:00:03,678 - INFO  - [NUDE][TRAIN] Epoch 112/120 Iter 300/390 Loss 0.0004 Top1 99.99 Top5 100.00
2025-12-19 08:00:07,199 - INFO  - [NUDE][TRAIN] Epoch 112/120 Iter 320/390 Loss 0.0004 Top1 100.00 Top5 100.00
2025-12-19 08:00:10,623 - INFO  - [NUDE][TRAIN] Epoch 112/120 Iter 340/390 Loss 0.0004 Top1 100.00 Top5 100.00
2025-12-19 08:00:14,193 - INFO  - [NUDE][TRAIN] Epoch 112/120 Iter 360/390 Loss 0.0004 Top1 100.00 Top5 100.00
2025-12-19 08:00:17,755 - INFO  - [NUDE][TRAIN] Epoch 112/120 Iter 380/390 Loss 0.0004 Top1 100.00 Top5 100.00
2025-12-19 08:00:19,520 - INFO  - [NUDE] Validate: force max bit-width W/A = 6
2025-12-19 08:00:21,774 - INFO  - [NUDE][EPOCH] 112/120 Train: Top1=100.00 Top5=100.00 Loss=0.0004 | Val(EMA): Top1=94.02
2025-12-19 08:00:22,372 - INFO  - ([113] Epoch) Saving checkpoint to:
             Current: /root/autodl-tmp/retraining-free-quantization/training/resnet18_cifar10_nude_srqat_ls1em05/resnet18_cifar10_nude_srqat_ls1em05_checkpoint.pth.tar

2025-12-19 08:00:22,383 - INFO  - [NUDE] Epoch 113: force max bit-width W/A = 6
2025-12-19 08:00:26,124 - INFO  - [NUDE][TRAIN] Epoch 113/120 Iter 20/390 Loss 0.0003 Top1 100.00 Top5 100.00
2025-12-19 08:00:29,549 - INFO  - [NUDE][TRAIN] Epoch 113/120 Iter 40/390 Loss 0.0004 Top1 100.00 Top5 100.00
2025-12-19 08:00:33,115 - INFO  - [NUDE][TRAIN] Epoch 113/120 Iter 60/390 Loss 0.0005 Top1 99.99 Top5 100.00
2025-12-19 08:00:36,544 - INFO  - [NUDE][TRAIN] Epoch 113/120 Iter 80/390 Loss 0.0005 Top1 99.99 Top5 100.00
2025-12-19 08:00:40,098 - INFO  - [NUDE][TRAIN] Epoch 113/120 Iter 100/390 Loss 0.0004 Top1 99.99 Top5 100.00
2025-12-19 08:00:43,674 - INFO  - [NUDE][TRAIN] Epoch 113/120 Iter 120/390 Loss 0.0004 Top1 99.99 Top5 100.00
2025-12-19 08:00:47,186 - INFO  - [NUDE][TRAIN] Epoch 113/120 Iter 140/390 Loss 0.0004 Top1 99.99 Top5 100.00
2025-12-19 08:00:50,701 - INFO  - [NUDE][TRAIN] Epoch 113/120 Iter 160/390 Loss 0.0004 Top1 100.00 Top5 100.00
2025-12-19 08:00:54,192 - INFO  - [NUDE][TRAIN] Epoch 113/120 Iter 180/390 Loss 0.0004 Top1 100.00 Top5 100.00
2025-12-19 08:00:57,753 - INFO  - [NUDE][TRAIN] Epoch 113/120 Iter 200/390 Loss 0.0004 Top1 100.00 Top5 100.00
2025-12-19 08:01:01,195 - INFO  - [NUDE][TRAIN] Epoch 113/120 Iter 220/390 Loss 0.0004 Top1 100.00 Top5 100.00
2025-12-19 08:01:04,753 - INFO  - [NUDE][TRAIN] Epoch 113/120 Iter 240/390 Loss 0.0004 Top1 99.99 Top5 100.00
2025-12-19 08:01:08,203 - INFO  - [NUDE][TRAIN] Epoch 113/120 Iter 260/390 Loss 0.0004 Top1 99.99 Top5 100.00
2025-12-19 08:01:11,702 - INFO  - [NUDE][TRAIN] Epoch 113/120 Iter 280/390 Loss 0.0004 Top1 99.99 Top5 100.00
2025-12-19 08:01:15,115 - INFO  - [NUDE][TRAIN] Epoch 113/120 Iter 300/390 Loss 0.0004 Top1 99.99 Top5 100.00
2025-12-19 08:01:18,601 - INFO  - [NUDE][TRAIN] Epoch 113/120 Iter 320/390 Loss 0.0004 Top1 100.00 Top5 100.00
2025-12-19 08:01:22,072 - INFO  - [NUDE][TRAIN] Epoch 113/120 Iter 340/390 Loss 0.0004 Top1 100.00 Top5 100.00
2025-12-19 08:01:25,556 - INFO  - [NUDE][TRAIN] Epoch 113/120 Iter 360/390 Loss 0.0004 Top1 100.00 Top5 100.00
2025-12-19 08:01:29,128 - INFO  - [NUDE][TRAIN] Epoch 113/120 Iter 380/390 Loss 0.0004 Top1 100.00 Top5 100.00
2025-12-19 08:01:30,911 - INFO  - [NUDE] Validate: force max bit-width W/A = 6
2025-12-19 08:01:33,170 - INFO  - [NUDE][EPOCH] 113/120 Train: Top1=99.99 Top5=100.00 Loss=0.0004 | Val(EMA): Top1=93.98
2025-12-19 08:01:33,767 - INFO  - ([114] Epoch) Saving checkpoint to:
             Current: /root/autodl-tmp/retraining-free-quantization/training/resnet18_cifar10_nude_srqat_ls1em05/resnet18_cifar10_nude_srqat_ls1em05_checkpoint.pth.tar

2025-12-19 08:01:33,777 - INFO  - [NUDE] Epoch 114: force max bit-width W/A = 6
2025-12-19 08:01:37,579 - INFO  - [NUDE][TRAIN] Epoch 114/120 Iter 20/390 Loss 0.0002 Top1 100.00 Top5 100.00
2025-12-19 08:01:41,017 - INFO  - [NUDE][TRAIN] Epoch 114/120 Iter 40/390 Loss 0.0003 Top1 100.00 Top5 100.00
2025-12-19 08:01:44,557 - INFO  - [NUDE][TRAIN] Epoch 114/120 Iter 60/390 Loss 0.0004 Top1 100.00 Top5 100.00
2025-12-19 08:01:47,986 - INFO  - [NUDE][TRAIN] Epoch 114/120 Iter 80/390 Loss 0.0006 Top1 99.99 Top5 100.00
2025-12-19 08:01:51,516 - INFO  - [NUDE][TRAIN] Epoch 114/120 Iter 100/390 Loss 0.0006 Top1 99.99 Top5 100.00
2025-12-19 08:01:54,946 - INFO  - [NUDE][TRAIN] Epoch 114/120 Iter 120/390 Loss 0.0005 Top1 99.99 Top5 100.00
2025-12-19 08:01:58,467 - INFO  - [NUDE][TRAIN] Epoch 114/120 Iter 140/390 Loss 0.0007 Top1 99.98 Top5 100.00
2025-12-19 08:02:01,987 - INFO  - [NUDE][TRAIN] Epoch 114/120 Iter 160/390 Loss 0.0006 Top1 99.99 Top5 100.00
2025-12-19 08:02:05,420 - INFO  - [NUDE][TRAIN] Epoch 114/120 Iter 180/390 Loss 0.0006 Top1 99.99 Top5 100.00
2025-12-19 08:02:08,956 - INFO  - [NUDE][TRAIN] Epoch 114/120 Iter 200/390 Loss 0.0006 Top1 99.99 Top5 100.00
2025-12-19 08:02:12,405 - INFO  - [NUDE][TRAIN] Epoch 114/120 Iter 220/390 Loss 0.0005 Top1 99.99 Top5 100.00
2025-12-19 08:02:15,926 - INFO  - [NUDE][TRAIN] Epoch 114/120 Iter 240/390 Loss 0.0005 Top1 99.99 Top5 100.00
2025-12-19 08:02:19,386 - INFO  - [NUDE][TRAIN] Epoch 114/120 Iter 260/390 Loss 0.0005 Top1 99.99 Top5 100.00
2025-12-19 08:02:22,953 - INFO  - [NUDE][TRAIN] Epoch 114/120 Iter 280/390 Loss 0.0005 Top1 99.99 Top5 100.00
2025-12-19 08:02:26,377 - INFO  - [NUDE][TRAIN] Epoch 114/120 Iter 300/390 Loss 0.0005 Top1 99.99 Top5 100.00
2025-12-19 08:02:29,922 - INFO  - [NUDE][TRAIN] Epoch 114/120 Iter 320/390 Loss 0.0005 Top1 99.99 Top5 100.00
2025-12-19 08:02:33,357 - INFO  - [NUDE][TRAIN] Epoch 114/120 Iter 340/390 Loss 0.0005 Top1 99.99 Top5 100.00
2025-12-19 08:02:36,870 - INFO  - [NUDE][TRAIN] Epoch 114/120 Iter 360/390 Loss 0.0005 Top1 99.99 Top5 100.00
2025-12-19 08:02:40,395 - INFO  - [NUDE][TRAIN] Epoch 114/120 Iter 380/390 Loss 0.0004 Top1 99.99 Top5 100.00
2025-12-19 08:02:42,143 - INFO  - [NUDE] Validate: force max bit-width W/A = 6
2025-12-19 08:02:44,405 - INFO  - [NUDE][EPOCH] 114/120 Train: Top1=99.99 Top5=100.00 Loss=0.0004 | Val(EMA): Top1=93.97
2025-12-19 08:02:45,029 - INFO  - ([115] Epoch) Saving checkpoint to:
             Current: /root/autodl-tmp/retraining-free-quantization/training/resnet18_cifar10_nude_srqat_ls1em05/resnet18_cifar10_nude_srqat_ls1em05_checkpoint.pth.tar

2025-12-19 08:02:45,040 - INFO  - [NUDE] Epoch 115: force max bit-width W/A = 6
2025-12-19 08:02:48,790 - INFO  - [NUDE][TRAIN] Epoch 115/120 Iter 20/390 Loss 0.0002 Top1 100.00 Top5 100.00
2025-12-19 08:02:52,216 - INFO  - [NUDE][TRAIN] Epoch 115/120 Iter 40/390 Loss 0.0006 Top1 100.00 Top5 100.00
2025-12-19 08:02:55,791 - INFO  - [NUDE][TRAIN] Epoch 115/120 Iter 60/390 Loss 0.0006 Top1 99.99 Top5 100.00
2025-12-19 08:02:59,191 - INFO  - [NUDE][TRAIN] Epoch 115/120 Iter 80/390 Loss 0.0006 Top1 99.99 Top5 100.00
2025-12-19 08:03:02,665 - INFO  - [NUDE][TRAIN] Epoch 115/120 Iter 100/390 Loss 0.0005 Top1 99.99 Top5 100.00
2025-12-19 08:03:06,040 - INFO  - [NUDE][TRAIN] Epoch 115/120 Iter 120/390 Loss 0.0006 Top1 99.99 Top5 100.00
2025-12-19 08:03:09,515 - INFO  - [NUDE][TRAIN] Epoch 115/120 Iter 140/390 Loss 0.0006 Top1 99.99 Top5 100.00
2025-12-19 08:03:13,025 - INFO  - [NUDE][TRAIN] Epoch 115/120 Iter 160/390 Loss 0.0005 Top1 99.99 Top5 100.00
2025-12-19 08:03:16,455 - INFO  - [NUDE][TRAIN] Epoch 115/120 Iter 180/390 Loss 0.0006 Top1 99.99 Top5 100.00
2025-12-19 08:03:19,991 - INFO  - [NUDE][TRAIN] Epoch 115/120 Iter 200/390 Loss 0.0005 Top1 99.99 Top5 100.00
2025-12-19 08:03:23,409 - INFO  - [NUDE][TRAIN] Epoch 115/120 Iter 220/390 Loss 0.0005 Top1 99.99 Top5 100.00
2025-12-19 08:03:26,972 - INFO  - [NUDE][TRAIN] Epoch 115/120 Iter 240/390 Loss 0.0005 Top1 99.99 Top5 100.00
2025-12-19 08:03:30,411 - INFO  - [NUDE][TRAIN] Epoch 115/120 Iter 260/390 Loss 0.0005 Top1 99.99 Top5 100.00
2025-12-19 08:03:33,921 - INFO  - [NUDE][TRAIN] Epoch 115/120 Iter 280/390 Loss 0.0005 Top1 99.99 Top5 100.00
2025-12-19 08:03:37,346 - INFO  - [NUDE][TRAIN] Epoch 115/120 Iter 300/390 Loss 0.0005 Top1 99.99 Top5 100.00
2025-12-19 08:03:40,874 - INFO  - [NUDE][TRAIN] Epoch 115/120 Iter 320/390 Loss 0.0005 Top1 99.99 Top5 100.00
2025-12-19 08:03:44,315 - INFO  - [NUDE][TRAIN] Epoch 115/120 Iter 340/390 Loss 0.0005 Top1 99.99 Top5 100.00
2025-12-19 08:03:47,872 - INFO  - [NUDE][TRAIN] Epoch 115/120 Iter 360/390 Loss 0.0005 Top1 99.99 Top5 100.00
2025-12-19 08:03:51,437 - INFO  - [NUDE][TRAIN] Epoch 115/120 Iter 380/390 Loss 0.0005 Top1 99.99 Top5 100.00
2025-12-19 08:03:53,223 - INFO  - [NUDE] Validate: force max bit-width W/A = 6
2025-12-19 08:03:55,501 - INFO  - [NUDE][EPOCH] 115/120 Train: Top1=99.99 Top5=100.00 Loss=0.0005 | Val(EMA): Top1=94.01
2025-12-19 08:03:55,978 - INFO  - ([116] Epoch) Saving checkpoint to:
             Current: /root/autodl-tmp/retraining-free-quantization/training/resnet18_cifar10_nude_srqat_ls1em05/resnet18_cifar10_nude_srqat_ls1em05_checkpoint.pth.tar

2025-12-19 08:03:55,988 - INFO  - [NUDE] Epoch 116: force max bit-width W/A = 6
2025-12-19 08:03:59,768 - INFO  - [NUDE][TRAIN] Epoch 116/120 Iter 20/390 Loss 0.0010 Top1 99.96 Top5 100.00
2025-12-19 08:04:03,301 - INFO  - [NUDE][TRAIN] Epoch 116/120 Iter 40/390 Loss 0.0006 Top1 99.98 Top5 100.00
2025-12-19 08:04:06,742 - INFO  - [NUDE][TRAIN] Epoch 116/120 Iter 60/390 Loss 0.0005 Top1 99.99 Top5 100.00
2025-12-19 08:04:10,157 - INFO  - [NUDE][TRAIN] Epoch 116/120 Iter 80/390 Loss 0.0004 Top1 99.99 Top5 100.00
2025-12-19 08:04:13,678 - INFO  - [NUDE][TRAIN] Epoch 116/120 Iter 100/390 Loss 0.0004 Top1 99.99 Top5 100.00
2025-12-19 08:04:17,254 - INFO  - [NUDE][TRAIN] Epoch 116/120 Iter 120/390 Loss 0.0004 Top1 99.99 Top5 100.00
2025-12-19 08:04:20,686 - INFO  - [NUDE][TRAIN] Epoch 116/120 Iter 140/390 Loss 0.0004 Top1 99.99 Top5 100.00
2025-12-19 08:04:24,205 - INFO  - [NUDE][TRAIN] Epoch 116/120 Iter 160/390 Loss 0.0004 Top1 99.99 Top5 100.00
2025-12-19 08:04:27,644 - INFO  - [NUDE][TRAIN] Epoch 116/120 Iter 180/390 Loss 0.0004 Top1 99.99 Top5 100.00
2025-12-19 08:04:31,165 - INFO  - [NUDE][TRAIN] Epoch 116/120 Iter 200/390 Loss 0.0004 Top1 99.99 Top5 100.00
2025-12-19 08:04:34,611 - INFO  - [NUDE][TRAIN] Epoch 116/120 Iter 220/390 Loss 0.0004 Top1 99.99 Top5 100.00
2025-12-19 08:04:38,110 - INFO  - [NUDE][TRAIN] Epoch 116/120 Iter 240/390 Loss 0.0004 Top1 99.99 Top5 100.00
2025-12-19 08:04:41,549 - INFO  - [NUDE][TRAIN] Epoch 116/120 Iter 260/390 Loss 0.0004 Top1 99.99 Top5 100.00
2025-12-19 08:04:45,099 - INFO  - [NUDE][TRAIN] Epoch 116/120 Iter 280/390 Loss 0.0004 Top1 99.99 Top5 100.00
2025-12-19 08:04:48,517 - INFO  - [NUDE][TRAIN] Epoch 116/120 Iter 300/390 Loss 0.0004 Top1 99.99 Top5 100.00
2025-12-19 08:04:51,981 - INFO  - [NUDE][TRAIN] Epoch 116/120 Iter 320/390 Loss 0.0004 Top1 100.00 Top5 100.00
2025-12-19 08:04:55,365 - INFO  - [NUDE][TRAIN] Epoch 116/120 Iter 340/390 Loss 0.0004 Top1 100.00 Top5 100.00
2025-12-19 08:04:58,845 - INFO  - [NUDE][TRAIN] Epoch 116/120 Iter 360/390 Loss 0.0004 Top1 99.99 Top5 100.00
2025-12-19 08:05:02,351 - INFO  - [NUDE][TRAIN] Epoch 116/120 Iter 380/390 Loss 0.0004 Top1 99.99 Top5 100.00
2025-12-19 08:05:04,104 - INFO  - [NUDE] Validate: force max bit-width W/A = 6
2025-12-19 08:05:06,370 - INFO  - [NUDE][EPOCH] 116/120 Train: Top1=99.99 Top5=100.00 Loss=0.0004 | Val(EMA): Top1=93.83
2025-12-19 08:05:06,940 - INFO  - ([117] Epoch) Saving checkpoint to:
             Current: /root/autodl-tmp/retraining-free-quantization/training/resnet18_cifar10_nude_srqat_ls1em05/resnet18_cifar10_nude_srqat_ls1em05_checkpoint.pth.tar

2025-12-19 08:05:06,955 - INFO  - [NUDE] Epoch 117: force max bit-width W/A = 6
2025-12-19 08:05:10,718 - INFO  - [NUDE][TRAIN] Epoch 117/120 Iter 20/390 Loss 0.0002 Top1 100.00 Top5 100.00
2025-12-19 08:05:14,154 - INFO  - [NUDE][TRAIN] Epoch 117/120 Iter 40/390 Loss 0.0003 Top1 100.00 Top5 100.00
2025-12-19 08:05:17,685 - INFO  - [NUDE][TRAIN] Epoch 117/120 Iter 60/390 Loss 0.0003 Top1 100.00 Top5 100.00
2025-12-19 08:05:21,148 - INFO  - [NUDE][TRAIN] Epoch 117/120 Iter 80/390 Loss 0.0003 Top1 100.00 Top5 100.00
2025-12-19 08:05:24,655 - INFO  - [NUDE][TRAIN] Epoch 117/120 Iter 100/390 Loss 0.0003 Top1 100.00 Top5 100.00
2025-12-19 08:05:28,215 - INFO  - [NUDE][TRAIN] Epoch 117/120 Iter 120/390 Loss 0.0003 Top1 100.00 Top5 100.00
2025-12-19 08:05:31,687 - INFO  - [NUDE][TRAIN] Epoch 117/120 Iter 140/390 Loss 0.0003 Top1 100.00 Top5 100.00
2025-12-19 08:05:35,280 - INFO  - [NUDE][TRAIN] Epoch 117/120 Iter 160/390 Loss 0.0003 Top1 100.00 Top5 100.00
2025-12-19 08:05:38,712 - INFO  - [NUDE][TRAIN] Epoch 117/120 Iter 180/390 Loss 0.0003 Top1 100.00 Top5 100.00
2025-12-19 08:05:42,289 - INFO  - [NUDE][TRAIN] Epoch 117/120 Iter 200/390 Loss 0.0003 Top1 100.00 Top5 100.00
2025-12-19 08:05:45,738 - INFO  - [NUDE][TRAIN] Epoch 117/120 Iter 220/390 Loss 0.0003 Top1 100.00 Top5 100.00
2025-12-19 08:05:49,313 - INFO  - [NUDE][TRAIN] Epoch 117/120 Iter 240/390 Loss 0.0003 Top1 100.00 Top5 100.00
2025-12-19 08:05:52,752 - INFO  - [NUDE][TRAIN] Epoch 117/120 Iter 260/390 Loss 0.0003 Top1 100.00 Top5 100.00
2025-12-19 08:05:56,282 - INFO  - [NUDE][TRAIN] Epoch 117/120 Iter 280/390 Loss 0.0003 Top1 100.00 Top5 100.00
2025-12-19 08:05:59,750 - INFO  - [NUDE][TRAIN] Epoch 117/120 Iter 300/390 Loss 0.0003 Top1 100.00 Top5 100.00
2025-12-19 08:06:03,286 - INFO  - [NUDE][TRAIN] Epoch 117/120 Iter 320/390 Loss 0.0004 Top1 100.00 Top5 100.00
2025-12-19 08:06:06,708 - INFO  - [NUDE][TRAIN] Epoch 117/120 Iter 340/390 Loss 0.0004 Top1 99.99 Top5 100.00
2025-12-19 08:06:10,219 - INFO  - [NUDE][TRAIN] Epoch 117/120 Iter 360/390 Loss 0.0004 Top1 99.99 Top5 100.00
2025-12-19 08:06:13,789 - INFO  - [NUDE][TRAIN] Epoch 117/120 Iter 380/390 Loss 0.0004 Top1 99.99 Top5 100.00
2025-12-19 08:06:15,548 - INFO  - [NUDE] Validate: force max bit-width W/A = 6
2025-12-19 08:06:17,785 - INFO  - [NUDE][EPOCH] 117/120 Train: Top1=99.99 Top5=100.00 Loss=0.0004 | Val(EMA): Top1=93.91
2025-12-19 08:06:18,381 - INFO  - ([118] Epoch) Saving checkpoint to:
             Current: /root/autodl-tmp/retraining-free-quantization/training/resnet18_cifar10_nude_srqat_ls1em05/resnet18_cifar10_nude_srqat_ls1em05_checkpoint.pth.tar

2025-12-19 08:06:18,392 - INFO  - [NUDE] Epoch 118: force max bit-width W/A = 6
2025-12-19 08:06:22,185 - INFO  - [NUDE][TRAIN] Epoch 118/120 Iter 20/390 Loss 0.0003 Top1 100.00 Top5 100.00
2025-12-19 08:06:25,652 - INFO  - [NUDE][TRAIN] Epoch 118/120 Iter 40/390 Loss 0.0004 Top1 100.00 Top5 100.00
2025-12-19 08:06:29,154 - INFO  - [NUDE][TRAIN] Epoch 118/120 Iter 60/390 Loss 0.0005 Top1 100.00 Top5 100.00
2025-12-19 08:06:32,575 - INFO  - [NUDE][TRAIN] Epoch 118/120 Iter 80/390 Loss 0.0005 Top1 100.00 Top5 100.00
2025-12-19 08:06:36,094 - INFO  - [NUDE][TRAIN] Epoch 118/120 Iter 100/390 Loss 0.0005 Top1 99.99 Top5 100.00
2025-12-19 08:06:39,453 - INFO  - [NUDE][TRAIN] Epoch 118/120 Iter 120/390 Loss 0.0005 Top1 99.99 Top5 100.00
2025-12-19 08:06:42,906 - INFO  - [NUDE][TRAIN] Epoch 118/120 Iter 140/390 Loss 0.0006 Top1 99.98 Top5 100.00
2025-12-19 08:06:46,374 - INFO  - [NUDE][TRAIN] Epoch 118/120 Iter 160/390 Loss 0.0005 Top1 99.99 Top5 100.00
2025-12-19 08:06:49,786 - INFO  - [NUDE][TRAIN] Epoch 118/120 Iter 180/390 Loss 0.0005 Top1 99.99 Top5 100.00
2025-12-19 08:06:53,328 - INFO  - [NUDE][TRAIN] Epoch 118/120 Iter 200/390 Loss 0.0005 Top1 99.99 Top5 100.00
2025-12-19 08:06:56,768 - INFO  - [NUDE][TRAIN] Epoch 118/120 Iter 220/390 Loss 0.0005 Top1 99.99 Top5 100.00
2025-12-19 08:07:00,329 - INFO  - [NUDE][TRAIN] Epoch 118/120 Iter 240/390 Loss 0.0005 Top1 99.99 Top5 100.00
2025-12-19 08:07:03,824 - INFO  - [NUDE][TRAIN] Epoch 118/120 Iter 260/390 Loss 0.0004 Top1 99.99 Top5 100.00
2025-12-19 08:07:07,376 - INFO  - [NUDE][TRAIN] Epoch 118/120 Iter 280/390 Loss 0.0004 Top1 99.99 Top5 100.00
2025-12-19 08:07:10,850 - INFO  - [NUDE][TRAIN] Epoch 118/120 Iter 300/390 Loss 0.0004 Top1 99.99 Top5 100.00
2025-12-19 08:07:14,386 - INFO  - [NUDE][TRAIN] Epoch 118/120 Iter 320/390 Loss 0.0004 Top1 99.99 Top5 100.00
2025-12-19 08:07:17,835 - INFO  - [NUDE][TRAIN] Epoch 118/120 Iter 340/390 Loss 0.0004 Top1 99.99 Top5 100.00
2025-12-19 08:07:21,421 - INFO  - [NUDE][TRAIN] Epoch 118/120 Iter 360/390 Loss 0.0004 Top1 99.99 Top5 100.00
2025-12-19 08:07:24,970 - INFO  - [NUDE][TRAIN] Epoch 118/120 Iter 380/390 Loss 0.0004 Top1 99.99 Top5 100.00
2025-12-19 08:07:26,730 - INFO  - [NUDE] Validate: force max bit-width W/A = 6
2025-12-19 08:07:28,983 - INFO  - [NUDE][EPOCH] 118/120 Train: Top1=99.99 Top5=100.00 Loss=0.0004 | Val(EMA): Top1=93.98
2025-12-19 08:07:29,563 - INFO  - ([119] Epoch) Saving checkpoint to:
             Current: /root/autodl-tmp/retraining-free-quantization/training/resnet18_cifar10_nude_srqat_ls1em05/resnet18_cifar10_nude_srqat_ls1em05_checkpoint.pth.tar

2025-12-19 08:07:29,574 - INFO  - [NUDE] Epoch 119: force max bit-width W/A = 6
2025-12-19 08:07:33,348 - INFO  - [NUDE][TRAIN] Epoch 119/120 Iter 20/390 Loss 0.0004 Top1 100.00 Top5 100.00
2025-12-19 08:07:36,780 - INFO  - [NUDE][TRAIN] Epoch 119/120 Iter 40/390 Loss 0.0003 Top1 100.00 Top5 100.00
2025-12-19 08:07:40,319 - INFO  - [NUDE][TRAIN] Epoch 119/120 Iter 60/390 Loss 0.0003 Top1 100.00 Top5 100.00
2025-12-19 08:07:43,734 - INFO  - [NUDE][TRAIN] Epoch 119/120 Iter 80/390 Loss 0.0004 Top1 99.99 Top5 100.00
2025-12-19 08:07:47,261 - INFO  - [NUDE][TRAIN] Epoch 119/120 Iter 100/390 Loss 0.0004 Top1 99.99 Top5 100.00
2025-12-19 08:07:50,668 - INFO  - [NUDE][TRAIN] Epoch 119/120 Iter 120/390 Loss 0.0004 Top1 99.99 Top5 100.00
2025-12-19 08:07:54,199 - INFO  - [NUDE][TRAIN] Epoch 119/120 Iter 140/390 Loss 0.0004 Top1 99.99 Top5 100.00
2025-12-19 08:07:57,720 - INFO  - [NUDE][TRAIN] Epoch 119/120 Iter 160/390 Loss 0.0004 Top1 100.00 Top5 100.00
2025-12-19 08:08:01,197 - INFO  - [NUDE][TRAIN] Epoch 119/120 Iter 180/390 Loss 0.0003 Top1 100.00 Top5 100.00
2025-12-19 08:08:04,723 - INFO  - [NUDE][TRAIN] Epoch 119/120 Iter 200/390 Loss 0.0003 Top1 100.00 Top5 100.00
2025-12-19 08:08:08,167 - INFO  - [NUDE][TRAIN] Epoch 119/120 Iter 220/390 Loss 0.0003 Top1 100.00 Top5 100.00
2025-12-19 08:08:11,700 - INFO  - [NUDE][TRAIN] Epoch 119/120 Iter 240/390 Loss 0.0003 Top1 100.00 Top5 100.00
2025-12-19 08:08:15,127 - INFO  - [NUDE][TRAIN] Epoch 119/120 Iter 260/390 Loss 0.0003 Top1 100.00 Top5 100.00
2025-12-19 08:08:18,640 - INFO  - [NUDE][TRAIN] Epoch 119/120 Iter 280/390 Loss 0.0003 Top1 99.99 Top5 100.00
2025-12-19 08:08:22,109 - INFO  - [NUDE][TRAIN] Epoch 119/120 Iter 300/390 Loss 0.0004 Top1 99.99 Top5 100.00
2025-12-19 08:08:25,593 - INFO  - [NUDE][TRAIN] Epoch 119/120 Iter 320/390 Loss 0.0004 Top1 99.99 Top5 100.00
2025-12-19 08:08:28,955 - INFO  - [NUDE][TRAIN] Epoch 119/120 Iter 340/390 Loss 0.0004 Top1 99.99 Top5 100.00
2025-12-19 08:08:32,423 - INFO  - [NUDE][TRAIN] Epoch 119/120 Iter 360/390 Loss 0.0004 Top1 99.99 Top5 100.00
2025-12-19 08:08:35,879 - INFO  - [NUDE][TRAIN] Epoch 119/120 Iter 380/390 Loss 0.0004 Top1 99.99 Top5 100.00
2025-12-19 08:08:37,643 - INFO  - [NUDE] Validate: force max bit-width W/A = 6
2025-12-19 08:08:39,887 - INFO  - [NUDE][EPOCH] 119/120 Train: Top1=99.99 Top5=100.00 Loss=0.0004 | Val(EMA): Top1=93.96
2025-12-19 08:08:40,488 - INFO  - ([120] Epoch) Saving checkpoint to:
             Current: /root/autodl-tmp/retraining-free-quantization/training/resnet18_cifar10_nude_srqat_ls1em05/resnet18_cifar10_nude_srqat_ls1em05_checkpoint.pth.tar

